country,city,facilities,network_presences,networks_at_exchanges,source
NL,Amsterdam,37,2383,2399,"PeeringDB, peeringdb.com/api"
DE,Frankfurt,36,2246,2125,"PeeringDB, peeringdb.com/api"
GB,London,45,2037,1686,"PeeringDB, peeringdb.com/api"
ID,Jakarta Selatan,31,1879,86,"PeeringDB, peeringdb.com/api"
FR,Paris,37,1252,830,"PeeringDB, peeringdb.com/api"
SG,Singapore,47,1131,1172,"PeeringDB, peeringdb.com/api"
IN,Mumbai,38,897,994,"PeeringDB, peeringdb.com/api"
JP,Tokyo,47,890,1186,"PeeringDB, peeringdb.com/api"
US,Los Angeles,36,859,170,"PeeringDB, peeringdb.com/api"
AU,Sydney,15,851,782,"PeeringDB, peeringdb.com/api"
BR,Barueri,13,850,0,"PeeringDB, peeringdb.com/api"
PL,Warsaw,21,811,1146,"PeeringDB, peeringdb.com/api"
US,Dallas,28,804,453,"PeeringDB, peeringdb.com/api"
US,Ashburn,36,698,469,"PeeringDB, peeringdb.com/api"
US,New York,41,688,633,"PeeringDB, peeringdb.com/api"
US,Chicago,26,672,475,"PeeringDB, peeringdb.com/api"
RU,Moscow,47,635,832,"PeeringDB, peeringdb.com/api"
IT,Milan,18,590,550,"PeeringDB, peeringdb.com/api"
ID,Jakarta,26,587,2851,"PeeringDB, peeringdb.com/api"
BR,Rio de Janeiro,27,560,55,"PeeringDB, peeringdb.com/api"
US,Atlanta,28,544,322,"PeeringDB, peeringdb.com/api"
HK,Hong Kong,35,540,977,"PeeringDB, peeringdb.com/api"
UA,Kyiv,34,534,11,"PeeringDB, peeringdb.com/api"
US,Miami,23,525,436,"PeeringDB, peeringdb.com/api"
CA,Toronto,24,476,470,"PeeringDB, peeringdb.com/api"
SE,Stockholm,21,469,777,"PeeringDB, peeringdb.com/api"
ES,Madrid,21,468,500,"PeeringDB, peeringdb.com/api"
ZA,Johannesburg,6,458,798,"PeeringDB, peeringdb.com/api"
GB,Slough,20,439,0,"PeeringDB, peeringdb.com/api"
US,Seattle,18,436,503,"PeeringDB, peeringdb.com/api"
BG,Sofia,14,436,396,"PeeringDB, peeringdb.com/api"
BR,São Paulo,43,397,164,"PeeringDB, peeringdb.com/api"
US,San Jose,12,374,200,"PeeringDB, peeringdb.com/api"
AT,Vienna,29,374,186,"PeeringDB, peeringdb.com/api"
NZ,Auckland,22,373,273,"PeeringDB, peeringdb.com/api"
IN,Chennai,19,367,230,"PeeringDB, peeringdb.com/api"
AR,Buenos Aires,21,346,45,"PeeringDB, peeringdb.com/api"
DE,Berlin,18,343,230,"PeeringDB, peeringdb.com/api"
US,Fremont,2,343,518,"PeeringDB, peeringdb.com/api"
PL,Katowice,6,343,0,"PeeringDB, peeringdb.com/api"
GB,Manchester,17,329,158,"PeeringDB, peeringdb.com/api"
CZ,Prague,20,325,189,"PeeringDB, peeringdb.com/api"
AU,Melbourne,6,324,386,"PeeringDB, peeringdb.com/api"
DE,Düsseldorf,14,321,211,"PeeringDB, peeringdb.com/api"
ID,Surabaya,14,320,349,"PeeringDB, peeringdb.com/api"
RU,St. Petersburg,18,308,25,"PeeringDB, peeringdb.com/api"
BR,Osasco,4,305,0,"PeeringDB, peeringdb.com/api"
TH,Bangkok,21,303,272,"PeeringDB, peeringdb.com/api"
BR,Fortaleza,14,295,16,"PeeringDB, peeringdb.com/api"
TR,Istanbul,19,286,87,"PeeringDB, peeringdb.com/api"
RO,Bucharest,20,277,204,"PeeringDB, peeringdb.com/api"
IE,Dublin,20,276,192,"PeeringDB, peeringdb.com/api"
ZA,Cape Town,6,264,406,"PeeringDB, peeringdb.com/api"
IN,Noida,11,257,0,"PeeringDB, peeringdb.com/api"
CH,Zurich,8,256,702,"PeeringDB, peeringdb.com/api"
FR,Marseille,5,256,217,"PeeringDB, peeringdb.com/api"
TW,Taipei,13,245,38,"PeeringDB, peeringdb.com/api"
HK,Tsuen Wan,3,239,0,"PeeringDB, peeringdb.com/api"
CA,Montreal,22,229,87,"PeeringDB, peeringdb.com/api"
CL,Santiago,30,225,190,"PeeringDB, peeringdb.com/api"
PH,Makati,5,225,0,"PeeringDB, peeringdb.com/api"
US,Denver,8,217,176,"PeeringDB, peeringdb.com/api"
HK,Kwai Chung,6,217,0,"PeeringDB, peeringdb.com/api"
DE,Hamburg,22,214,223,"PeeringDB, peeringdb.com/api"
US,Santa Clara,33,210,0,"PeeringDB, peeringdb.com/api"
CA,Vancouver,11,210,159,"PeeringDB, peeringdb.com/api"
KE,Nairobi,6,209,204,"PeeringDB, peeringdb.com/api"
US,Secaucus,10,207,0,"PeeringDB, peeringdb.com/api"
IT,Rome,10,200,254,"PeeringDB, peeringdb.com/api"
JP,Osaka,16,198,371,"PeeringDB, peeringdb.com/api"
US,Phoenix,15,194,110,"PeeringDB, peeringdb.com/api"
DE,Munich,12,190,217,"PeeringDB, peeringdb.com/api"
BE,Brussels,7,182,78,"PeeringDB, peeringdb.com/api"
NO,Oslo,16,178,134,"PeeringDB, peeringdb.com/api"
US,North Kansas City,3,174,28,"PeeringDB, peeringdb.com/api"
US,Newark,7,171,0,"PeeringDB, peeringdb.com/api"
BR,Santana de Parnaiba,5,170,0,"PeeringDB, peeringdb.com/api"
CO,Bogota,14,167,130,"PeeringDB, peeringdb.com/api"
AU,Brisbane,13,164,232,"PeeringDB, peeringdb.com/api"
IN,Kolkata,11,151,116,"PeeringDB, peeringdb.com/api"
MY,Cyberjaya,19,147,1,"PeeringDB, peeringdb.com/api"
IN,New Delhi,7,146,4,"PeeringDB, peeringdb.com/api"
DE,Nuremberg,11,145,21,"PeeringDB, peeringdb.com/api"
HU,Budapest,6,145,103,"PeeringDB, peeringdb.com/api"
BR,Cotia,2,145,0,"PeeringDB, peeringdb.com/api"
KR,Seoul,16,144,135,"PeeringDB, peeringdb.com/api"
FI,Helsinki,12,142,268,"PeeringDB, peeringdb.com/api"
US,Minneapolis,13,142,0,"PeeringDB, peeringdb.com/api"
US,Houston,17,141,82,"PeeringDB, peeringdb.com/api"
ZA,Durban,3,138,238,"PeeringDB, peeringdb.com/api"
CH,Glattbrugg,2,135,0,"PeeringDB, peeringdb.com/api"
AE,Dubai,6,133,106,"PeeringDB, peeringdb.com/api"
US,Reston,7,129,4,"PeeringDB, peeringdb.com/api"
PT,Lisbon,7,124,155,"PeeringDB, peeringdb.com/api"
DK,Copenhagen,7,123,73,"PeeringDB, peeringdb.com/api"
ID,Greater Jakarta  Bekasi  Cibitung,5,123,0,"PeeringDB, peeringdb.com/api"
CA,Calgary,14,121,93,"PeeringDB, peeringdb.com/api"
IN,Hyderabad,14,121,66,"PeeringDB, peeringdb.com/api"
AU,Adelaide,12,117,103,"PeeringDB, peeringdb.com/api"
US,Kansas City,12,116,259,"PeeringDB, peeringdb.com/api"
BR,Porto Alegre,16,116,0,"PeeringDB, peeringdb.com/api"
US,Philadelphia,15,115,34,"PeeringDB, peeringdb.com/api"
US,Salt Lake City,12,115,48,"PeeringDB, peeringdb.com/api"
US,Indianapolis,7,111,13,"PeeringDB, peeringdb.com/api"
MY,Kuala Lumpur,5,111,159,"PeeringDB, peeringdb.com/api"
NL,Rotterdam,10,110,10,"PeeringDB, peeringdb.com/api"
US,Columbus,17,109,60,"PeeringDB, peeringdb.com/api"
US,Southfield,9,109,0,"PeeringDB, peeringdb.com/api"
NG,Lagos,9,108,218,"PeeringDB, peeringdb.com/api"
IN,Bangalore,15,107,50,"PeeringDB, peeringdb.com/api"
ID,Jakarta Pusat,1,106,0,"PeeringDB, peeringdb.com/api"
MX,El Marques,3,105,0,"PeeringDB, peeringdb.com/api"
BR,Brasília,13,105,0,"PeeringDB, peeringdb.com/api"
US,Portland,12,104,106,"PeeringDB, peeringdb.com/api"
AU,Málaga,2,104,0,"PeeringDB, peeringdb.com/api"
US,Hillsboro,13,104,0,"PeeringDB, peeringdb.com/api"
ID,Kota Bandung,3,104,0,"PeeringDB, peeringdb.com/api"
US,St. Louis,7,100,0,"PeeringDB, peeringdb.com/api"
GR,Thessaloniki,4,100,47,"PeeringDB, peeringdb.com/api"
IN,Delhi,6,100,442,"PeeringDB, peeringdb.com/api"
SK,Bratislava,4,98,132,"PeeringDB, peeringdb.com/api"
ES,Alcobendas,3,96,0,"PeeringDB, peeringdb.com/api"
AU,Perth,7,96,242,"PeeringDB, peeringdb.com/api"
US,Las Vegas,6,96,22,"PeeringDB, peeringdb.com/api"
KE,Miritini,1,94,0,"PeeringDB, peeringdb.com/api"
IN,Navi Mumbai,15,93,0,"PeeringDB, peeringdb.com/api"
ES,Barcelona,7,90,190,"PeeringDB, peeringdb.com/api"
US,Boston,4,90,74,"PeeringDB, peeringdb.com/api"
PL,Poznan,10,90,52,"PeeringDB, peeringdb.com/api"
PE,Santiago de Surco,2,88,0,"PeeringDB, peeringdb.com/api"
BD,Dhaka,27,86,414,"PeeringDB, peeringdb.com/api"
AU,Fortitude Valley,2,86,0,"PeeringDB, peeringdb.com/api"
US,San Francisco,11,85,110,"PeeringDB, peeringdb.com/api"
FR,Vénissieux,1,84,0,"PeeringDB, peeringdb.com/api"
NZ,Wellington,12,81,42,"PeeringDB, peeringdb.com/api"
EE,Tallinn,7,80,122,"PeeringDB, peeringdb.com/api"
BR,Curitiba,11,79,178,"PeeringDB, peeringdb.com/api"
NG,Ikeja,1,78,0,"PeeringDB, peeringdb.com/api"
US,Jacksonville,9,77,13,"PeeringDB, peeringdb.com/api"
GH,Accra,7,77,55,"PeeringDB, peeringdb.com/api"
NG,Lekki,1,77,0,"PeeringDB, peeringdb.com/api"
ID,Bali,2,75,0,"PeeringDB, peeringdb.com/api"
US,Pittsburgh,13,72,35,"PeeringDB, peeringdb.com/api"
US,Tampa,11,72,28,"PeeringDB, peeringdb.com/api"
FR,Vitry-sur-Seine,2,72,0,"PeeringDB, peeringdb.com/api"
LU,Bettembourg,6,72,0,"PeeringDB, peeringdb.com/api"
US,Elk Grove Village,10,71,0,"PeeringDB, peeringdb.com/api"
NZ,Christchurch,11,71,17,"PeeringDB, peeringdb.com/api"
US,Tukwila,8,69,0,"PeeringDB, peeringdb.com/api"
NL,Eindhoven,6,69,0,"PeeringDB, peeringdb.com/api"
US,El Segundo,3,68,0,"PeeringDB, peeringdb.com/api"
ID,Batam,5,67,3,"PeeringDB, peeringdb.com/api"
US,Palo Alto,1,66,69,"PeeringDB, peeringdb.com/api"
NZ,Hamilton,5,66,0,"PeeringDB, peeringdb.com/api"
FI,Espoo,8,65,42,"PeeringDB, peeringdb.com/api"
LV,Riga,7,64,105,"PeeringDB, peeringdb.com/api"
KE,Karen,2,64,0,"PeeringDB, peeringdb.com/api"
TZ,Dar es Salaam,9,63,37,"PeeringDB, peeringdb.com/api"
CH,Geneva,2,62,45,"PeeringDB, peeringdb.com/api"
CH,Rümlang,1,62,0,"PeeringDB, peeringdb.com/api"
ID,East Jakarta,1,62,0,"PeeringDB, peeringdb.com/api"
DK,Taastrup,2,61,0,"PeeringDB, peeringdb.com/api"
IT,Padova,4,60,75,"PeeringDB, peeringdb.com/api"
US,Somerville,4,59,0,"PeeringDB, peeringdb.com/api"
HR,Zagreb,6,59,41,"PeeringDB, peeringdb.com/api"
BR,Vinhedo,3,58,0,"PeeringDB, peeringdb.com/api"
FR,Vélizy-Villacoublay,6,57,0,"PeeringDB, peeringdb.com/api"
ID,Yogyakarta,6,57,123,"PeeringDB, peeringdb.com/api"
NL,Naaldwijk,3,57,0,"PeeringDB, peeringdb.com/api"
NL,Dronten,3,55,290,"PeeringDB, peeringdb.com/api"
BR,Maracanaú,1,55,0,"PeeringDB, peeringdb.com/api"
NL,Ede,3,54,0,"PeeringDB, peeringdb.com/api"
SE,Malmö,7,53,8,"PeeringDB, peeringdb.com/api"
US,Charlotte,16,53,13,"PeeringDB, peeringdb.com/api"
US,Omaha,3,53,52,"PeeringDB, peeringdb.com/api"
DE,Stuttgart,10,52,35,"PeeringDB, peeringdb.com/api"
FR,Magny-les-Hameaux,1,51,0,"PeeringDB, peeringdb.com/api"
FR,Lyon,3,51,31,"PeeringDB, peeringdb.com/api"
LT,Vilnius,11,51,101,"PeeringDB, peeringdb.com/api"
CA,Winnipeg,10,51,0,"PeeringDB, peeringdb.com/api"
AE,Fujairah,1,51,44,"PeeringDB, peeringdb.com/api"
NL,Meppel,1,51,48,"PeeringDB, peeringdb.com/api"
BE,Zaventem,5,50,0,"PeeringDB, peeringdb.com/api"
ES,L'Hospitalet de Llobregat,1,50,0,"PeeringDB, peeringdb.com/api"
RS,Belgrade,7,49,0,"PeeringDB, peeringdb.com/api"
DE,Frankfurt am Main,3,49,222,"PeeringDB, peeringdb.com/api"
ID,South Jakarta,5,49,0,"PeeringDB, peeringdb.com/api"
NL,Enschede,3,48,14,"PeeringDB, peeringdb.com/api"
FR,Sainghin-en-Mélantois,1,48,0,"PeeringDB, peeringdb.com/api"
RU,Ekaterinburg,6,48,39,"PeeringDB, peeringdb.com/api"
NL,Schiphol Rijk,3,48,0,"PeeringDB, peeringdb.com/api"
FR,Toulouse,4,47,13,"PeeringDB, peeringdb.com/api"
US,Sterling,10,47,0,"PeeringDB, peeringdb.com/api"
NL,Groningen,5,46,9,"PeeringDB, peeringdb.com/api"
ID,Medan,6,46,7,"PeeringDB, peeringdb.com/api"
IT,Turin,7,45,103,"PeeringDB, peeringdb.com/api"
US,Staten Island,2,45,0,"PeeringDB, peeringdb.com/api"
US,Piscataway,7,45,0,"PeeringDB, peeringdb.com/api"
US,Austin,14,45,5,"PeeringDB, peeringdb.com/api"
US,Tempe,2,45,0,"PeeringDB, peeringdb.com/api"
GR,Koropi,1,45,0,"PeeringDB, peeringdb.com/api"
US,Bluffdale,4,45,0,"PeeringDB, peeringdb.com/api"
FR,Bordeaux,3,43,3,"PeeringDB, peeringdb.com/api"
FR,Strasbourg,3,43,12,"PeeringDB, peeringdb.com/api"
ZA,Centurion,4,43,0,"PeeringDB, peeringdb.com/api"
UA,Lviv,3,43,45,"PeeringDB, peeringdb.com/api"
US,Sunnyvale,5,42,0,"PeeringDB, peeringdb.com/api"
US,Nashville,9,42,10,"PeeringDB, peeringdb.com/api"
IT,Cornaredo (MI),1,42,0,"PeeringDB, peeringdb.com/api"
ID,Semarang,3,42,32,"PeeringDB, peeringdb.com/api"
AU,Shenton Park,1,42,0,"PeeringDB, peeringdb.com/api"
US,Plano,8,41,0,"PeeringDB, peeringdb.com/api"
DE,Offenbach,2,41,0,"PeeringDB, peeringdb.com/api"
TH,Pakkret,3,41,0,"PeeringDB, peeringdb.com/api"
GB,Edinburgh,3,40,0,"PeeringDB, peeringdb.com/api"
FR,Grenoble,4,40,0,"PeeringDB, peeringdb.com/api"
KE,Mombasa,2,40,93,"PeeringDB, peeringdb.com/api"
KE,Nyali,1,40,0,"PeeringDB, peeringdb.com/api"
BE,Antwerp,6,39,0,"PeeringDB, peeringdb.com/api"
US,Cleveland,11,39,0,"PeeringDB, peeringdb.com/api"
PH,Carmona,2,39,0,"PeeringDB, peeringdb.com/api"
GB,Leeds,6,38,0,"PeeringDB, peeringdb.com/api"
US,Sacramento,4,38,7,"PeeringDB, peeringdb.com/api"
US,Manassas,7,38,0,"PeeringDB, peeringdb.com/api"
ES,Paterna,3,38,0,"PeeringDB, peeringdb.com/api"
US,Orlando,5,38,4,"PeeringDB, peeringdb.com/api"
PL,Krakow,7,37,8,"PeeringDB, peeringdb.com/api"
BR,Campinas,5,37,0,"PeeringDB, peeringdb.com/api"
CO,Barranquilla,3,37,11,"PeeringDB, peeringdb.com/api"
FR,Montpellier,4,36,2,"PeeringDB, peeringdb.com/api"
FR,Villeurbanne,4,36,0,"PeeringDB, peeringdb.com/api"
GR,Metamorfosi,1,36,0,"PeeringDB, peeringdb.com/api"
MX,Cuajimalpa de Morelos,2,36,0,"PeeringDB, peeringdb.com/api"
ID,Makassar,4,36,2,"PeeringDB, peeringdb.com/api"
NL,Eygelshoven,1,36,1,"PeeringDB, peeringdb.com/api"
PL,Wroclaw,4,35,0,"PeeringDB, peeringdb.com/api"
PE,Lima,8,35,152,"PeeringDB, peeringdb.com/api"
US,San Diego,11,34,0,"PeeringDB, peeringdb.com/api"
IL,Petah Tikva,4,34,0,"PeeringDB, peeringdb.com/api"
AU,Tullamarine,1,34,0,"PeeringDB, peeringdb.com/api"
MX,Queretaro,7,34,46,"PeeringDB, peeringdb.com/api"
IN,Patna,3,34,0,"PeeringDB, peeringdb.com/api"
CH,Meyrin,3,33,0,"PeeringDB, peeringdb.com/api"
DE,Bremen,16,33,9,"PeeringDB, peeringdb.com/api"
AU,Macquarie Park,4,33,0,"PeeringDB, peeringdb.com/api"
US,Albuquerque,7,32,12,"PeeringDB, peeringdb.com/api"
US,Madison,6,32,17,"PeeringDB, peeringdb.com/api"
FI,Tampere,3,32,25,"PeeringDB, peeringdb.com/api"
US,Aurora,7,32,0,"PeeringDB, peeringdb.com/api"
FR,Saint-Herblain,3,32,0,"PeeringDB, peeringdb.com/api"
TH,Nonthaburi,2,32,12,"PeeringDB, peeringdb.com/api"
ZA,Samrand,2,32,0,"PeeringDB, peeringdb.com/api"
ID,Pekanbaru,4,32,27,"PeeringDB, peeringdb.com/api"
NL,Hilversum,3,31,0,"PeeringDB, peeringdb.com/api"
LU,Bissen,2,31,0,"PeeringDB, peeringdb.com/api"
US,Richardson,6,31,0,"PeeringDB, peeringdb.com/api"
BR,Belo Horizonte,11,31,0,"PeeringDB, peeringdb.com/api"
US,Englewood,6,31,0,"PeeringDB, peeringdb.com/api"
US,McAllen,4,31,19,"PeeringDB, peeringdb.com/api"
IT,Siziano,1,31,0,"PeeringDB, peeringdb.com/api"
SE,Kista,2,31,0,"PeeringDB, peeringdb.com/api"
LU,Luxembourg,3,30,85,"PeeringDB, peeringdb.com/api"
NL,Oude Meer,1,30,0,"PeeringDB, peeringdb.com/api"
SI,Ljubljana,6,30,29,"PeeringDB, peeringdb.com/api"
US,Clifton,3,30,0,"PeeringDB, peeringdb.com/api"
UA,Odesa,1,30,0,"PeeringDB, peeringdb.com/api"
BR,Recife,6,30,0,"PeeringDB, peeringdb.com/api"
ID,Bandung,5,30,44,"PeeringDB, peeringdb.com/api"
US,Spokane,2,29,12,"PeeringDB, peeringdb.com/api"
US,Baltimore,6,29,3,"PeeringDB, peeringdb.com/api"
NL,Hengelo,3,29,0,"PeeringDB, peeringdb.com/api"
NL,Delft,1,29,0,"PeeringDB, peeringdb.com/api"
US,San Antonio,5,29,0,"PeeringDB, peeringdb.com/api"
JP,Osaka-Shi Kita-Ku,2,29,0,"PeeringDB, peeringdb.com/api"
AU,Edinburgh Parks,1,29,0,"PeeringDB, peeringdb.com/api"
MX,Tultitlan,1,29,0,"PeeringDB, peeringdb.com/api"
PH,Pasig City,1,29,14,"PeeringDB, peeringdb.com/api"
SA,Riyadh,8,29,47,"PeeringDB, peeringdb.com/api"
AR,Córdoba,2,29,0,"PeeringDB, peeringdb.com/api"
US,Boca Raton,4,28,0,"PeeringDB, peeringdb.com/api"
DE,Dresden,8,28,12,"PeeringDB, peeringdb.com/api"
AT,Salzburg,4,28,17,"PeeringDB, peeringdb.com/api"
NL,The Hague,2,28,0,"PeeringDB, peeringdb.com/api"
US,Oklahoma City,3,28,16,"PeeringDB, peeringdb.com/api"
IT,Bari,1,28,27,"PeeringDB, peeringdb.com/api"
DE,Langen,1,28,0,"PeeringDB, peeringdb.com/api"
SE,Gothenburg,3,27,48,"PeeringDB, peeringdb.com/api"
FR,Rennes,1,27,20,"PeeringDB, peeringdb.com/api"
DE,Karlsruhe,7,27,14,"PeeringDB, peeringdb.com/api"
CN,Shanghai,11,27,6,"PeeringDB, peeringdb.com/api"
RU,Санкт-Петербург,1,27,0,"PeeringDB, peeringdb.com/api"
US,Honolulu,3,27,34,"PeeringDB, peeringdb.com/api"
US,Irvine,4,27,0,"PeeringDB, peeringdb.com/api"
OM,Muscat,2,27,17,"PeeringDB, peeringdb.com/api"
PR,Guaynabo,3,27,0,"PeeringDB, peeringdb.com/api"
QA,Doha,6,27,38,"PeeringDB, peeringdb.com/api"
HK,New Territories,2,27,0,"PeeringDB, peeringdb.com/api"
PH,Binan Laguna,1,27,0,"PeeringDB, peeringdb.com/api"
ID,West Jakarta,1,27,0,"PeeringDB, peeringdb.com/api"
ID,Denpasar,3,27,101,"PeeringDB, peeringdb.com/api"
NL,Alblasserdam,1,26,0,"PeeringDB, peeringdb.com/api"
AO,Luanda,7,26,36,"PeeringDB, peeringdb.com/api"
BR,Salvador,11,26,0,"PeeringDB, peeringdb.com/api"
ZA,Midrand,2,26,0,"PeeringDB, peeringdb.com/api"
IS,Reykjavik,7,26,29,"PeeringDB, peeringdb.com/api"
TH,Chon Buri,4,26,0,"PeeringDB, peeringdb.com/api"
GR,Athens,3,25,94,"PeeringDB, peeringdb.com/api"
TR,Ankara,7,25,5,"PeeringDB, peeringdb.com/api"
IT,Carini,1,25,0,"PeeringDB, peeringdb.com/api"
VN,Ho Chi Minh,4,25,2,"PeeringDB, peeringdb.com/api"
SA,Jeddah,5,25,45,"PeeringDB, peeringdb.com/api"
ID,Depok,1,25,14,"PeeringDB, peeringdb.com/api"
FR,Cesson-Sévigné,4,24,0,"PeeringDB, peeringdb.com/api"
US,Tulsa,7,24,0,"PeeringDB, peeringdb.com/api"
US,Laredo,2,24,0,"PeeringDB, peeringdb.com/api"
DE,Falkenstein,1,24,0,"PeeringDB, peeringdb.com/api"
FR,Marcoussis,2,24,0,"PeeringDB, peeringdb.com/api"
PA,Panama,5,24,26,"PeeringDB, peeringdb.com/api"
AR,Mendoza,3,24,0,"PeeringDB, peeringdb.com/api"
MY,Iskandar Puteri,2,24,0,"PeeringDB, peeringdb.com/api"
CA,Pointe-Claire,4,24,0,"PeeringDB, peeringdb.com/api"
GB,Coventry,1,24,0,"PeeringDB, peeringdb.com/api"
IT,5 Settimo Milanese,1,24,0,"PeeringDB, peeringdb.com/api"
US,Draper,1,24,0,"PeeringDB, peeringdb.com/api"
US,Washington,4,23,7,"PeeringDB, peeringdb.com/api"
US,Buffalo,7,23,2,"PeeringDB, peeringdb.com/api"
CH,Lupfig,1,23,39,"PeeringDB, peeringdb.com/api"
HK,Tseung Kwan O,3,23,0,"PeeringDB, peeringdb.com/api"
RU,Novosibirsk,4,23,44,"PeeringDB, peeringdb.com/api"
US,Minnetonka,2,23,0,"PeeringDB, peeringdb.com/api"
DE,Aschheim,2,23,0,"PeeringDB, peeringdb.com/api"
NL,Groenekan,1,23,0,"PeeringDB, peeringdb.com/api"
CH,Basel,1,22,0,"PeeringDB, peeringdb.com/api"
NL,Rijen,2,22,0,"PeeringDB, peeringdb.com/api"
IN,Pune,8,22,11,"PeeringDB, peeringdb.com/api"
NL,Arnhem,2,22,0,"PeeringDB, peeringdb.com/api"
GB,Wolverhampton,7,22,4,"PeeringDB, peeringdb.com/api"
BR,Goiânia,4,22,0,"PeeringDB, peeringdb.com/api"
ID,DKI Jakarta,1,22,0,"PeeringDB, peeringdb.com/api"
US,Sandston,2,22,0,"PeeringDB, peeringdb.com/api"
NZ,Tauranga,4,22,0,"PeeringDB, peeringdb.com/api"
AU,Artarmon,4,22,0,"PeeringDB, peeringdb.com/api"
IT,Ponte San Pietro,1,22,0,"PeeringDB, peeringdb.com/api"
IN,Lucknow,3,22,0,"PeeringDB, peeringdb.com/api"
NL,Doetinchem,2,21,0,"PeeringDB, peeringdb.com/api"
IT,Palermo,2,21,37,"PeeringDB, peeringdb.com/api"
CH,Crissier,1,21,0,"PeeringDB, peeringdb.com/api"
US,Edison,1,21,0,"PeeringDB, peeringdb.com/api"
US,Springfield,5,21,0,"PeeringDB, peeringdb.com/api"
MX,Guadalajara,3,21,1,"PeeringDB, peeringdb.com/api"
NL,Leeuwarden,2,21,3,"PeeringDB, peeringdb.com/api"
ID,Jakarta  Cibitung,2,21,0,"PeeringDB, peeringdb.com/api"
IN,Panvel  Raigad ,1,21,0,"PeeringDB, peeringdb.com/api"
CO,Cota,1,21,0,"PeeringDB, peeringdb.com/api"
ID,Serang,2,21,26,"PeeringDB, peeringdb.com/api"
ID,Kota Yogyakarta,1,21,0,"PeeringDB, peeringdb.com/api"
FR,Antibes,3,20,0,"PeeringDB, peeringdb.com/api"
AT,Klagenfurt am Wörthersee,1,20,0,"PeeringDB, peeringdb.com/api"
US,Brooklyn,1,20,0,"PeeringDB, peeringdb.com/api"
NG,Abuja,3,20,17,"PeeringDB, peeringdb.com/api"
CA,Ottawa,5,20,0,"PeeringDB, peeringdb.com/api"
MY,Johor Bahru,2,20,0,"PeeringDB, peeringdb.com/api"
FR,Anzin - Valenciennes,1,20,0,"PeeringDB, peeringdb.com/api"
EG,Giza,2,20,0,"PeeringDB, peeringdb.com/api"
US,Des Moines,3,20,8,"PeeringDB, peeringdb.com/api"
TR,Bursa,1,20,0,"PeeringDB, peeringdb.com/api"
GB,Maidenhead,2,19,0,"PeeringDB, peeringdb.com/api"
US,Cambridge,1,19,0,"PeeringDB, peeringdb.com/api"
GB,Reading,4,19,0,"PeeringDB, peeringdb.com/api"
CA,Halifax,3,19,20,"PeeringDB, peeringdb.com/api"
DJ,Djibouti,3,19,20,"PeeringDB, peeringdb.com/api"
TW,New Taipei City,1,19,0,"PeeringDB, peeringdb.com/api"
US,Chandler,3,19,0,"PeeringDB, peeringdb.com/api"
KH,Phnom Penh,9,19,52,"PeeringDB, peeringdb.com/api"
DE,Taucha,1,19,0,"PeeringDB, peeringdb.com/api"
CN,Shenzhen,2,19,10,"PeeringDB, peeringdb.com/api"
US,Davenport,1,19,63,"PeeringDB, peeringdb.com/api"
NL,Apeldoorn,2,19,0,"PeeringDB, peeringdb.com/api"
SE,Älvsjö,1,19,0,"PeeringDB, peeringdb.com/api"
NL,Steenbergen,1,18,0,"PeeringDB, peeringdb.com/api"
US,North Bergen,1,18,0,"PeeringDB, peeringdb.com/api"
GU,Piti,2,18,5,"PeeringDB, peeringdb.com/api"
US,Boise,5,18,4,"PeeringDB, peeringdb.com/api"
AL,Tirana,5,18,24,"PeeringDB, peeringdb.com/api"
BR,Joao Pessoa,4,18,0,"PeeringDB, peeringdb.com/api"
CA,Saskatoon,4,18,25,"PeeringDB, peeringdb.com/api"
VN,Hanoi,7,18,7,"PeeringDB, peeringdb.com/api"
US,Spring,1,18,0,"PeeringDB, peeringdb.com/api"
NO,Sandefjord,1,18,0,"PeeringDB, peeringdb.com/api"
ID,Bogor,5,18,4,"PeeringDB, peeringdb.com/api"
GB,Swinton,1,18,0,"PeeringDB, peeringdb.com/api"
IN,Greater Noida,2,18,0,"PeeringDB, peeringdb.com/api"
GB,West Drayton,2,17,0,"PeeringDB, peeringdb.com/api"
CH,Bern,2,17,0,"PeeringDB, peeringdb.com/api"
US,Cincinnati,7,17,0,"PeeringDB, peeringdb.com/api"
FR,Nantes,1,17,9,"PeeringDB, peeringdb.com/api"
AT,Klagenfurt,1,17,22,"PeeringDB, peeringdb.com/api"
FR,Reims,4,17,0,"PeeringDB, peeringdb.com/api"
FR,Limonest,1,17,0,"PeeringDB, peeringdb.com/api"
GT,Guatemala City,5,17,25,"PeeringDB, peeringdb.com/api"
NL,Zoetermeer,1,17,0,"PeeringDB, peeringdb.com/api"
IT,Bologna,2,17,20,"PeeringDB, peeringdb.com/api"
CO,Medellin,2,17,11,"PeeringDB, peeringdb.com/api"
BR,Vitória,4,17,0,"PeeringDB, peeringdb.com/api"
US,Greenwood Village,1,17,0,"PeeringDB, peeringdb.com/api"
PS,Ramallah,2,17,24,"PeeringDB, peeringdb.com/api"
ES,Seville,2,17,0,"PeeringDB, peeringdb.com/api"
US,Irving,1,17,0,"PeeringDB, peeringdb.com/api"
BR,Florianópolis,3,17,0,"PeeringDB, peeringdb.com/api"
PY,Ciudad del Este,4,17,18,"PeeringDB, peeringdb.com/api"
FR,Nanterre,4,17,0,"PeeringDB, peeringdb.com/api"
TH,Pathum Thani,1,17,0,"PeeringDB, peeringdb.com/api"
BR,Hortolandia,7,17,0,"PeeringDB, peeringdb.com/api"
NL,Halfweg,2,17,0,"PeeringDB, peeringdb.com/api"
PE,Lurin,1,17,0,"PeeringDB, peeringdb.com/api"
US,Bend,3,17,14,"PeeringDB, peeringdb.com/api"
ID,Bekasi,5,17,57,"PeeringDB, peeringdb.com/api"
VE,La Urbina,1,17,0,"PeeringDB, peeringdb.com/api"
TR,Esenyurt,1,17,0,"PeeringDB, peeringdb.com/api"
US,Weehawken,3,16,0,"PeeringDB, peeringdb.com/api"
GB,Newcastle upon Tyne,2,16,0,"PeeringDB, peeringdb.com/api"
GB,Glasgow,3,16,0,"PeeringDB, peeringdb.com/api"
DE,Leipzig,5,16,16,"PeeringDB, peeringdb.com/api"
PR,San Juan,6,16,30,"PeeringDB, peeringdb.com/api"
AU,Bruce,1,16,0,"PeeringDB, peeringdb.com/api"
GB,Farnborough,2,16,0,"PeeringDB, peeringdb.com/api"
US,Montgomery,2,16,20,"PeeringDB, peeringdb.com/api"
AU,Silverwater,1,16,0,"PeeringDB, peeringdb.com/api"
ID,Palembang,2,16,7,"PeeringDB, peeringdb.com/api"
US,Byron Center,3,16,0,"PeeringDB, peeringdb.com/api"
US,El Paso,1,16,7,"PeeringDB, peeringdb.com/api"
BR,Salvador de Bahia,1,16,0,"PeeringDB, peeringdb.com/api"
VN,Ho Chi Minh City,3,16,6,"PeeringDB, peeringdb.com/api"
JP,Inzai-City,1,16,0,"PeeringDB, peeringdb.com/api"
FI,Oulu,4,16,13,"PeeringDB, peeringdb.com/api"
AR,Neuquén,1,16,0,"PeeringDB, peeringdb.com/api"
AR,La Plata,1,16,0,"PeeringDB, peeringdb.com/api"
ID,Balikpapan,2,16,0,"PeeringDB, peeringdb.com/api"
ID,Batam City,1,16,0,"PeeringDB, peeringdb.com/api"
TR,Gayrettepe,1,16,0,"PeeringDB, peeringdb.com/api"
US,Vienna,4,15,0,"PeeringDB, peeringdb.com/api"
US,Milwaukee,5,15,9,"PeeringDB, peeringdb.com/api"
IE,Cork City,1,15,0,"PeeringDB, peeringdb.com/api"
BE,Villers-le-Bouillet,2,15,0,"PeeringDB, peeringdb.com/api"
AZ,Baku,7,15,0,"PeeringDB, peeringdb.com/api"
US,Tucson,3,15,4,"PeeringDB, peeringdb.com/api"
US,Memphis,4,15,0,"PeeringDB, peeringdb.com/api"
EC,Quito,9,15,32,"PeeringDB, peeringdb.com/api"
ID,Kota Pekanbaru,1,15,0,"PeeringDB, peeringdb.com/api"
IS,Reykjanesbær,2,15,0,"PeeringDB, peeringdb.com/api"
CN,Beijing,10,15,27,"PeeringDB, peeringdb.com/api"
US,Reno,3,15,12,"PeeringDB, peeringdb.com/api"
PK,Karachi,7,15,9,"PeeringDB, peeringdb.com/api"
CA,Moncton,1,15,10,"PeeringDB, peeringdb.com/api"
US,Eugene,3,15,13,"PeeringDB, peeringdb.com/api"
NL,Almere,3,15,0,"PeeringDB, peeringdb.com/api"
GE,Tbilisi,4,15,14,"PeeringDB, peeringdb.com/api"
PR,Carolina,2,15,1,"PeeringDB, peeringdb.com/api"
AR,Rosario,3,15,0,"PeeringDB, peeringdb.com/api"
IN,Ahmedabad,4,15,0,"PeeringDB, peeringdb.com/api"
KR,Seongnam,4,15,0,"PeeringDB, peeringdb.com/api"
CD,Kinshasa,4,15,29,"PeeringDB, peeringdb.com/api"
DE,Mutterstadt,2,15,0,"PeeringDB, peeringdb.com/api"
TR,Denizli,2,15,0,"PeeringDB, peeringdb.com/api"
US,Doral,2,15,0,"PeeringDB, peeringdb.com/api"
IN,Nanakaramguda,1,15,0,"PeeringDB, peeringdb.com/api"
FR,Besançon,2,15,0,"PeeringDB, peeringdb.com/api"
FR,Tourcoing,1,15,0,"PeeringDB, peeringdb.com/api"
NL,Zwolle,2,14,0,"PeeringDB, peeringdb.com/api"
US,South Bend,2,14,0,"PeeringDB, peeringdb.com/api"
DK,Kolding,2,14,0,"PeeringDB, peeringdb.com/api"
FR,Tours,3,14,0,"PeeringDB, peeringdb.com/api"
DE,Hannover,9,14,0,"PeeringDB, peeringdb.com/api"
US,Carrollton,3,14,0,"PeeringDB, peeringdb.com/api"
CA,Saint-Laurent,3,14,0,"PeeringDB, peeringdb.com/api"
EC,Guayaquil,2,14,8,"PeeringDB, peeringdb.com/api"
FR,Lognes,2,14,0,"PeeringDB, peeringdb.com/api"
AU,Darwin,2,14,8,"PeeringDB, peeringdb.com/api"
PL,Gdansk,2,14,0,"PeeringDB, peeringdb.com/api"
FR,Courbevoie,2,14,0,"PeeringDB, peeringdb.com/api"
ID,Batu Besar,1,14,0,"PeeringDB, peeringdb.com/api"
DE,Rüsselsheim,1,14,0,"PeeringDB, peeringdb.com/api"
FI,Tuusula,1,14,0,"PeeringDB, peeringdb.com/api"
UG,Kampala,2,14,28,"PeeringDB, peeringdb.com/api"
CL,La Florida,1,14,0,"PeeringDB, peeringdb.com/api"
BR,Dourados,1,14,0,"PeeringDB, peeringdb.com/api"
MX,Apodaca,3,14,0,"PeeringDB, peeringdb.com/api"
CM,Douala,3,14,18,"PeeringDB, peeringdb.com/api"
JP,Fukuoka,2,14,54,"PeeringDB, peeringdb.com/api"
BR,Manaus,7,14,5,"PeeringDB, peeringdb.com/api"
AU,Eastern Creek,4,14,0,"PeeringDB, peeringdb.com/api"
AU,Canberra,4,13,7,"PeeringDB, peeringdb.com/api"
US,Liberty Lake,1,13,0,"PeeringDB, peeringdb.com/api"
US,Suwanee,2,13,0,"PeeringDB, peeringdb.com/api"
HK,Tai Po,1,13,0,"PeeringDB, peeringdb.com/api"
GB,Milton Keynes,3,13,0,"PeeringDB, peeringdb.com/api"
CZ,Brno,4,13,8,"PeeringDB, peeringdb.com/api"
LU,Windhof,2,13,0,"PeeringDB, peeringdb.com/api"
LU,Kayl,1,13,0,"PeeringDB, peeringdb.com/api"
CH,Plan-les-Ouates,1,13,0,"PeeringDB, peeringdb.com/api"
ES,Málaga,2,13,0,"PeeringDB, peeringdb.com/api"
US,Cheyenne,4,13,0,"PeeringDB, peeringdb.com/api"
GB,Maidstone,2,13,0,"PeeringDB, peeringdb.com/api"
US,Oak Brook,5,13,0,"PeeringDB, peeringdb.com/api"
BR,Campina Grande,4,13,0,"PeeringDB, peeringdb.com/api"
US,Silver Spring,4,13,0,"PeeringDB, peeringdb.com/api"
US,Fargo,3,13,0,"PeeringDB, peeringdb.com/api"
ID,Denpasar Barat,1,13,0,"PeeringDB, peeringdb.com/api"
US,Little Rock,2,13,0,"PeeringDB, peeringdb.com/api"
DE,Eschborn,2,13,0,"PeeringDB, peeringdb.com/api"
NZ,Silverdale  Auckland,1,13,0,"PeeringDB, peeringdb.com/api"
ID,Jakarta Timur,2,13,0,"PeeringDB, peeringdb.com/api"
ID,Karawang,2,13,0,"PeeringDB, peeringdb.com/api"
MD,Chisinau,5,12,33,"PeeringDB, peeringdb.com/api"
AT,Graz,3,12,4,"PeeringDB, peeringdb.com/api"
FR,Balma,2,12,0,"PeeringDB, peeringdb.com/api"
US,Albany,5,12,2,"PeeringDB, peeringdb.com/api"
UA,Kharkiv,3,12,13,"PeeringDB, peeringdb.com/api"
RU,Rostov-on-Don,2,12,19,"PeeringDB, peeringdb.com/api"
MZ,Maputo,6,12,18,"PeeringDB, peeringdb.com/api"
US,Ashland,1,12,28,"PeeringDB, peeringdb.com/api"
US,Durham,4,12,0,"PeeringDB, peeringdb.com/api"
UA,Dnipropetrovsk,2,12,0,"PeeringDB, peeringdb.com/api"
AT,Innsbruck,4,12,0,"PeeringDB, peeringdb.com/api"
US,Fort Worth,4,12,0,"PeeringDB, peeringdb.com/api"
FR,Carquefou,2,12,0,"PeeringDB, peeringdb.com/api"
US,Sioux Falls,5,12,0,"PeeringDB, peeringdb.com/api"
US,Franklin Park,4,12,0,"PeeringDB, peeringdb.com/api"
MX,Huixquilucan,1,12,0,"PeeringDB, peeringdb.com/api"
NL,Hoofddorp,3,12,0,"PeeringDB, peeringdb.com/api"
PE,San Isidro Lima,1,12,0,"PeeringDB, peeringdb.com/api"
BR,Jundiai,4,12,0,"PeeringDB, peeringdb.com/api"
NL,Waalwijk,1,12,0,"PeeringDB, peeringdb.com/api"
NO,Rasta,1,12,0,"PeeringDB, peeringdb.com/api"
GB,Newcastle,2,12,6,"PeeringDB, peeringdb.com/api"
PL,Wyszków,1,12,0,"PeeringDB, peeringdb.com/api"
MX,Mérida,4,12,15,"PeeringDB, peeringdb.com/api"
IT,Pomezia,1,12,11,"PeeringDB, peeringdb.com/api"
US,Auburn,1,12,6,"PeeringDB, peeringdb.com/api"
AR,Posadas,1,12,0,"PeeringDB, peeringdb.com/api"
AR,San Juan,1,12,0,"PeeringDB, peeringdb.com/api"
CO,Santiago de Cali,1,12,0,"PeeringDB, peeringdb.com/api"
NZ,Hobsonville  Auckland,1,12,0,"PeeringDB, peeringdb.com/api"
BR,Serra,1,12,0,"PeeringDB, peeringdb.com/api"
TR,Edirne,1,12,0,"PeeringDB, peeringdb.com/api"
FR,Nice,3,11,0,"PeeringDB, peeringdb.com/api"
US,Jersey City,4,11,0,"PeeringDB, peeringdb.com/api"
US,Scottsdale,2,11,0,"PeeringDB, peeringdb.com/api"
FR,Schiltigheim,1,11,0,"PeeringDB, peeringdb.com/api"
FR,Rouen,2,11,0,"PeeringDB, peeringdb.com/api"
FR,Poitiers,2,11,0,"PeeringDB, peeringdb.com/api"
CH,Winterthur,5,11,8,"PeeringDB, peeringdb.com/api"
US,Asheville,3,11,0,"PeeringDB, peeringdb.com/api"
US,Duluth,3,11,2,"PeeringDB, peeringdb.com/api"
GB,Newport,2,11,0,"PeeringDB, peeringdb.com/api"
US,McLean,2,11,0,"PeeringDB, peeringdb.com/api"
GB,Woking,1,11,0,"PeeringDB, peeringdb.com/api"
CA,Markham,6,11,0,"PeeringDB, peeringdb.com/api"
IT,Piacenza,1,11,29,"PeeringDB, peeringdb.com/api"
US,Troy,2,11,0,"PeeringDB, peeringdb.com/api"
US,Lithia Springs,3,11,0,"PeeringDB, peeringdb.com/api"
US,Eagan,1,11,0,"PeeringDB, peeringdb.com/api"
US,Altoona,2,11,0,"PeeringDB, peeringdb.com/api"
GA,Libreville,4,11,8,"PeeringDB, peeringdb.com/api"
MX,Monterrey,2,11,9,"PeeringDB, peeringdb.com/api"
BE,Gembloux,1,11,0,"PeeringDB, peeringdb.com/api"
NL,Maastricht,1,11,0,"PeeringDB, peeringdb.com/api"
CH,Gais,1,11,0,"PeeringDB, peeringdb.com/api"
US,Wall,1,11,0,"PeeringDB, peeringdb.com/api"
TH,Samut Prakan,1,11,0,"PeeringDB, peeringdb.com/api"
IL,Tel Aviv,3,11,0,"PeeringDB, peeringdb.com/api"
ID,Bintaro,1,11,0,"PeeringDB, peeringdb.com/api"
US,San Juan Puerto Rico,1,11,0,"PeeringDB, peeringdb.com/api"
MX,Mexico City,3,11,48,"PeeringDB, peeringdb.com/api"
US,Lincoln,2,11,0,"PeeringDB, peeringdb.com/api"
PH,Quezon City,3,11,3,"PeeringDB, peeringdb.com/api"
NZ,Dunedin City,3,11,0,"PeeringDB, peeringdb.com/api"
CI,Grand Bassam,2,11,0,"PeeringDB, peeringdb.com/api"
IN,Bhubaneswar,3,11,0,"PeeringDB, peeringdb.com/api"
KR,Geumcheon-gu,3,11,0,"PeeringDB, peeringdb.com/api"
ID,Cimanggis,1,11,0,"PeeringDB, peeringdb.com/api"
DO,Santiago,1,11,76,"PeeringDB, peeringdb.com/api"
US,Culpeper,1,10,0,"PeeringDB, peeringdb.com/api"
FR,Dijon,1,10,0,"PeeringDB, peeringdb.com/api"
DK,Skanderborg,2,10,0,"PeeringDB, peeringdb.com/api"
DE,Dortmund,3,10,9,"PeeringDB, peeringdb.com/api"
AT,Linz,3,10,0,"PeeringDB, peeringdb.com/api"
US,Louisville,6,10,0,"PeeringDB, peeringdb.com/api"
IN,Mangalore,2,10,0,"PeeringDB, peeringdb.com/api"
IT,Ferrara,1,10,0,"PeeringDB, peeringdb.com/api"
NO,Trollåsen  Oslo,1,10,0,"PeeringDB, peeringdb.com/api"
RU,St.Petersburg,2,10,68,"PeeringDB, peeringdb.com/api"
PL,Lublin,3,10,0,"PeeringDB, peeringdb.com/api"
PL,Łódź,2,10,10,"PeeringDB, peeringdb.com/api"
US,Centennial,3,10,0,"PeeringDB, peeringdb.com/api"
US,North Las Vegas,1,10,0,"PeeringDB, peeringdb.com/api"
US,Eden Prairie,2,10,0,"PeeringDB, peeringdb.com/api"
US,Providence,5,10,0,"PeeringDB, peeringdb.com/api"
US,Beaverton,3,10,0,"PeeringDB, peeringdb.com/api"
US,Allen,4,10,0,"PeeringDB, peeringdb.com/api"
ES,Murcia,2,10,0,"PeeringDB, peeringdb.com/api"
NO,Rennesøy,1,10,0,"PeeringDB, peeringdb.com/api"
HK,Tsing Yi,1,10,0,"PeeringDB, peeringdb.com/api"
CH,Münchenstein,2,10,0,"PeeringDB, peeringdb.com/api"
FR,Aubervilliers,1,10,0,"PeeringDB, peeringdb.com/api"
CL,Huechuraba,1,10,0,"PeeringDB, peeringdb.com/api"
DE,Hilden,4,10,0,"PeeringDB, peeringdb.com/api"
CH,Luzern,3,10,0,"PeeringDB, peeringdb.com/api"
IT,Bolzano,1,10,0,"PeeringDB, peeringdb.com/api"
US,Lenexa,3,10,0,"PeeringDB, peeringdb.com/api"
KR,Mapo-gu,2,10,0,"PeeringDB, peeringdb.com/api"
ID,Bogor  Greater Jakarta,1,10,0,"PeeringDB, peeringdb.com/api"
PH,Davao,3,10,6,"PeeringDB, peeringdb.com/api"
AR,Mar del Tuyú,1,10,0,"PeeringDB, peeringdb.com/api"
AR,Río Cuarto,2,10,0,"PeeringDB, peeringdb.com/api"
FR,Couëron,1,10,0,"PeeringDB, peeringdb.com/api"
PH,Mandaue City,1,10,0,"PeeringDB, peeringdb.com/api"
PL,Jawczyce,1,10,0,"PeeringDB, peeringdb.com/api"
TR,Osmangazi,1,10,0,"PeeringDB, peeringdb.com/api"
PH,Parañaque,1,10,0,"PeeringDB, peeringdb.com/api"
DO,LA VEGA,1,10,0,"PeeringDB, peeringdb.com/api"
US,CLACKAMAS,1,10,0,"PeeringDB, peeringdb.com/api"
FR,Lille,2,9,67,"PeeringDB, peeringdb.com/api"
US,Waltham,4,9,0,"PeeringDB, peeringdb.com/api"
US,Billings,4,9,0,"PeeringDB, peeringdb.com/api"
DK,København S,1,9,0,"PeeringDB, peeringdb.com/api"
CH,Pratteln,1,9,0,"PeeringDB, peeringdb.com/api"
US,Saint George,1,9,18,"PeeringDB, peeringdb.com/api"
FI,Vantaa,2,9,0,"PeeringDB, peeringdb.com/api"
US,Katy,2,9,0,"PeeringDB, peeringdb.com/api"
CA,Mississauga,7,9,0,"PeeringDB, peeringdb.com/api"
BR,Foz do Iguacu,3,9,0,"PeeringDB, peeringdb.com/api"
US,South Burlington,2,9,0,"PeeringDB, peeringdb.com/api"
RO,Cluj Napoca,7,9,0,"PeeringDB, peeringdb.com/api"
NO,Trondheim,4,9,10,"PeeringDB, peeringdb.com/api"
AU,Unanderra,1,9,0,"PeeringDB, peeringdb.com/api"
IL,Rosh HaaYin,2,9,0,"PeeringDB, peeringdb.com/api"
US,Franklin,4,9,0,"PeeringDB, peeringdb.com/api"
AU,Eagle Farm,2,9,0,"PeeringDB, peeringdb.com/api"
US,Fayetteville,2,9,0,"PeeringDB, peeringdb.com/api"
IL,Tirat Carmel,1,9,0,"PeeringDB, peeringdb.com/api"
AR,Pilar,1,9,0,"PeeringDB, peeringdb.com/api"
US,Dublin,2,9,2,"PeeringDB, peeringdb.com/api"
AU,Pyrmont,1,9,0,"PeeringDB, peeringdb.com/api"
US,Bettendorf,1,9,0,"PeeringDB, peeringdb.com/api"
CH,Dielsdorf,1,9,0,"PeeringDB, peeringdb.com/api"
IN,Indore,2,9,0,"PeeringDB, peeringdb.com/api"
NL,Nieuwegein,1,9,0,"PeeringDB, peeringdb.com/api"
FR,Bruges,1,9,0,"PeeringDB, peeringdb.com/api"
GB,Hoddesdon,1,9,0,"PeeringDB, peeringdb.com/api"
AR,San Salvador de Jujuy,1,9,0,"PeeringDB, peeringdb.com/api"
EE,Saue vald,1,9,0,"PeeringDB, peeringdb.com/api"
ID,Kota Palembang,1,9,0,"PeeringDB, peeringdb.com/api"
ID,Kota Bandar Lampung,1,9,0,"PeeringDB, peeringdb.com/api"
ID,Kota Batam,1,9,0,"PeeringDB, peeringdb.com/api"
US,Paducah,1,9,10,"PeeringDB, peeringdb.com/api"
DE,Regensburg,4,8,0,"PeeringDB, peeringdb.com/api"
TH,Sathorn  Bangkok,1,8,0,"PeeringDB, peeringdb.com/api"
DK,Lyngby,2,8,0,"PeeringDB, peeringdb.com/api"
CA,Edmonton,4,8,9,"PeeringDB, peeringdb.com/api"
US,Westbury,1,8,0,"PeeringDB, peeringdb.com/api"
BE,Merelbeke,1,8,0,"PeeringDB, peeringdb.com/api"
CW,Willemstad,2,8,0,"PeeringDB, peeringdb.com/api"
DE,Bielefeld,3,8,0,"PeeringDB, peeringdb.com/api"
US,Rochester,4,8,0,"PeeringDB, peeringdb.com/api"
US,Syracuse,3,8,0,"PeeringDB, peeringdb.com/api"
SE,Sundsvall,2,8,3,"PeeringDB, peeringdb.com/api"
US,Bellevue,3,8,0,"PeeringDB, peeringdb.com/api"
US,Rancho Cordova,3,8,0,"PeeringDB, peeringdb.com/api"
GB,Chessington,1,8,0,"PeeringDB, peeringdb.com/api"
PL,Białystok,1,8,0,"PeeringDB, peeringdb.com/api"
US,Hawthorne,3,8,0,"PeeringDB, peeringdb.com/api"
RW,Kigali,4,8,17,"PeeringDB, peeringdb.com/api"
GB,Telford,3,8,0,"PeeringDB, peeringdb.com/api"
US,Needham,2,8,0,"PeeringDB, peeringdb.com/api"
IN,Gurgaon,2,8,0,"PeeringDB, peeringdb.com/api"
US,Highlands Ranch,1,8,0,"PeeringDB, peeringdb.com/api"
ES,Alcantarilla,2,8,0,"PeeringDB, peeringdb.com/api"
US,Sioux City,2,8,1,"PeeringDB, peeringdb.com/api"
BF,Ouagadougou,3,8,16,"PeeringDB, peeringdb.com/api"
KZ,Almaty,4,8,9,"PeeringDB, peeringdb.com/api"
BR,Maringá,4,8,0,"PeeringDB, peeringdb.com/api"
MM,Hlaing,4,8,0,"PeeringDB, peeringdb.com/api"
MK,Skopje,4,8,17,"PeeringDB, peeringdb.com/api"
US,Marietta,2,8,0,"PeeringDB, peeringdb.com/api"
US,Kent,1,8,0,"PeeringDB, peeringdb.com/api"
KR,Anyang-si,2,8,0,"PeeringDB, peeringdb.com/api"
PK,Lahore,6,8,0,"PeeringDB, peeringdb.com/api"
DE,Wolfsburg,1,8,10,"PeeringDB, peeringdb.com/api"
ES,Sant Adrià de Besòs,1,8,0,"PeeringDB, peeringdb.com/api"
AU,West Footscray,1,8,0,"PeeringDB, peeringdb.com/api"
AU,Kidman Park,1,8,0,"PeeringDB, peeringdb.com/api"
VE,La Guaira,1,8,0,"PeeringDB, peeringdb.com/api"
US,Lynnwood,1,8,0,"PeeringDB, peeringdb.com/api"
IL,Tirat Hacarmel,1,8,0,"PeeringDB, peeringdb.com/api"
FR,Illkirch-Graffenstaden,1,8,0,"PeeringDB, peeringdb.com/api"
US,Baton Rouge,3,8,2,"PeeringDB, peeringdb.com/api"
PA,Distrito de Panamá,1,8,0,"PeeringDB, peeringdb.com/api"
IT,Naples,1,8,0,"PeeringDB, peeringdb.com/api"
DE,Ahrensburg,2,8,0,"PeeringDB, peeringdb.com/api"
IT,Caserta,1,8,6,"PeeringDB, peeringdb.com/api"
SL,Freetown,1,8,5,"PeeringDB, peeringdb.com/api"
DE,Velbert,2,8,0,"PeeringDB, peeringdb.com/api"
BE,Ghent,2,7,0,"PeeringDB, peeringdb.com/api"
FR,Roissy-en-France,1,7,0,"PeeringDB, peeringdb.com/api"
US,Missoula,1,7,0,"PeeringDB, peeringdb.com/api"
NL,Eemshaven,2,7,0,"PeeringDB, peeringdb.com/api"
BE,Hasselt,2,7,0,"PeeringDB, peeringdb.com/api"
BE,Aalst,1,7,0,"PeeringDB, peeringdb.com/api"
EG,Cairo,2,7,40,"PeeringDB, peeringdb.com/api"
CA,Waterloo,4,7,0,"PeeringDB, peeringdb.com/api"
US,Herndon,3,7,0,"PeeringDB, peeringdb.com/api"
GB,Bradford,2,7,20,"PeeringDB, peeringdb.com/api"
GB,Sheffield,3,7,0,"PeeringDB, peeringdb.com/api"
FR,Bouliac,1,7,0,"PeeringDB, peeringdb.com/api"
US,Norfolk,2,7,3,"PeeringDB, peeringdb.com/api"
CH,Lausanne,2,7,20,"PeeringDB, peeringdb.com/api"
PL,Bydgoszcz,1,7,0,"PeeringDB, peeringdb.com/api"
US,Billerica,2,7,0,"PeeringDB, peeringdb.com/api"
GB,Fareham,3,7,0,"PeeringDB, peeringdb.com/api"
CO,Cartagena,2,7,0,"PeeringDB, peeringdb.com/api"
DE,Darmstadt,1,7,0,"PeeringDB, peeringdb.com/api"
GB,Corsham,1,7,0,"PeeringDB, peeringdb.com/api"
KR,Yangcheon-gu,2,7,0,"PeeringDB, peeringdb.com/api"
US,Parsippany,1,7,0,"PeeringDB, peeringdb.com/api"
TT,Princes Town,1,7,8,"PeeringDB, peeringdb.com/api"
US,Beltsville,2,7,0,"PeeringDB, peeringdb.com/api"
NL,Rosendaal,1,7,0,"PeeringDB, peeringdb.com/api"
US,McCarran,2,7,0,"PeeringDB, peeringdb.com/api"
DK,Albertslund,2,7,0,"PeeringDB, peeringdb.com/api"
CH,Schlieren,1,7,0,"PeeringDB, peeringdb.com/api"
FR,Civrieux,1,7,0,"PeeringDB, peeringdb.com/api"
NO,Øvrebø,1,7,0,"PeeringDB, peeringdb.com/api"
US,Quincy,3,7,0,"PeeringDB, peeringdb.com/api"
US,Albert Lea,1,7,0,"PeeringDB, peeringdb.com/api"
BR,Joinville,2,7,0,"PeeringDB, peeringdb.com/api"
LU,Betzdorf,1,7,0,"PeeringDB, peeringdb.com/api"
US,Garland,2,7,0,"PeeringDB, peeringdb.com/api"
BR,Belém,3,7,0,"PeeringDB, peeringdb.com/api"
US,Chattanooga,2,7,0,"PeeringDB, peeringdb.com/api"
NZ,Napier,1,7,0,"PeeringDB, peeringdb.com/api"
NZ,Masterton,1,7,0,"PeeringDB, peeringdb.com/api"
ID,Sleman,1,7,0,"PeeringDB, peeringdb.com/api"
US,Waterloo,1,7,0,"PeeringDB, peeringdb.com/api"
US,Carmel,1,7,0,"PeeringDB, peeringdb.com/api"
ES,Derio,1,7,0,"PeeringDB, peeringdb.com/api"
US,Coeur d'Alene,2,7,0,"PeeringDB, peeringdb.com/api"
AU,Mayfield West,1,7,0,"PeeringDB, peeringdb.com/api"
US,South Charleston,2,7,0,"PeeringDB, peeringdb.com/api"
AU,Maroochydore,2,7,0,"PeeringDB, peeringdb.com/api"
TR,Şişli,2,7,0,"PeeringDB, peeringdb.com/api"
MX,Santiago de Querétaro,1,7,0,"PeeringDB, peeringdb.com/api"
BE,Oostkamp,1,7,0,"PeeringDB, peeringdb.com/api"
NZ,New Plymouth District,2,7,0,"PeeringDB, peeringdb.com/api"
AR,Bahía Blanca,1,7,0,"PeeringDB, peeringdb.com/api"
IL,Rosh Ha'Ayin,2,7,0,"PeeringDB, peeringdb.com/api"
IL,Modiin  Macabim- Reut,1,7,0,"PeeringDB, peeringdb.com/api"
SA,Dammam,5,7,0,"PeeringDB, peeringdb.com/api"
BR,Sao Joao de Meriti,3,7,0,"PeeringDB, peeringdb.com/api"
ZA,Gqeberha,1,7,12,"PeeringDB, peeringdb.com/api"
DK,Frederiksberg C,1,7,0,"PeeringDB, peeringdb.com/api"
AR,Moreno,1,7,0,"PeeringDB, peeringdb.com/api"
AR,Wilde,2,7,0,"PeeringDB, peeringdb.com/api"
BD,Gazipur,1,7,0,"PeeringDB, peeringdb.com/api"
DE,Kirchheim,1,7,0,"PeeringDB, peeringdb.com/api"
NL,Aalsmeer,1,6,0,"PeeringDB, peeringdb.com/api"
US,Bellingham,1,6,0,"PeeringDB, peeringdb.com/api"
US,Oakland,1,6,0,"PeeringDB, peeringdb.com/api"
IN,Cochin,2,6,0,"PeeringDB, peeringdb.com/api"
US,Ft. Lauderdale,1,6,0,"PeeringDB, peeringdb.com/api"
GB,Thatcham,1,6,0,"PeeringDB, peeringdb.com/api"
US,Milpitas,1,6,0,"PeeringDB, peeringdb.com/api"
BG,Ruse,1,6,0,"PeeringDB, peeringdb.com/api"
BG,Varna,2,6,17,"PeeringDB, peeringdb.com/api"
GB,Nottingham,4,6,0,"PeeringDB, peeringdb.com/api"
DE,Norderstedt,2,6,0,"PeeringDB, peeringdb.com/api"
DE,Erfurt,3,6,0,"PeeringDB, peeringdb.com/api"
GB,Liverpool,5,6,6,"PeeringDB, peeringdb.com/api"
NL,IJsselstein,1,6,0,"PeeringDB, peeringdb.com/api"
NL,Zuidbroek,1,6,0,"PeeringDB, peeringdb.com/api"
CM,Yaounde,3,6,0,"PeeringDB, peeringdb.com/api"
US,Mount Prospect,4,6,0,"PeeringDB, peeringdb.com/api"
DO,La Caleta,1,6,0,"PeeringDB, peeringdb.com/api"
FR,Les Milles,1,6,0,"PeeringDB, peeringdb.com/api"
GF,Cayenne,1,6,3,"PeeringDB, peeringdb.com/api"
US,Chaska,2,6,0,"PeeringDB, peeringdb.com/api"
AU,Derrimut,2,6,0,"PeeringDB, peeringdb.com/api"
AU,St Leonards,3,6,0,"PeeringDB, peeringdb.com/api"
US,Tacoma,2,6,0,"PeeringDB, peeringdb.com/api"
GB,Birmingham,3,6,0,"PeeringDB, peeringdb.com/api"
BR,Londrina,3,6,0,"PeeringDB, peeringdb.com/api"
US,Worcester,1,6,0,"PeeringDB, peeringdb.com/api"
IS,Hafnarfjörður,1,6,0,"PeeringDB, peeringdb.com/api"
US,Norristown,1,6,0,"PeeringDB, peeringdb.com/api"
US,Greenville,2,6,0,"PeeringDB, peeringdb.com/api"
IT,Latina,1,6,0,"PeeringDB, peeringdb.com/api"
NL,Wormer,1,6,0,"PeeringDB, peeringdb.com/api"
BE,Leuven,1,6,0,"PeeringDB, peeringdb.com/api"
GB,Hayes,2,6,0,"PeeringDB, peeringdb.com/api"
MX,Santa Fe,1,6,0,"PeeringDB, peeringdb.com/api"
CH,Gland,1,6,0,"PeeringDB, peeringdb.com/api"
UA,Dnipro,1,6,3,"PeeringDB, peeringdb.com/api"
US,Morrisville,1,6,0,"PeeringDB, peeringdb.com/api"
BR,São Luis,1,6,0,"PeeringDB, peeringdb.com/api"
DE,Leverkusen,2,6,0,"PeeringDB, peeringdb.com/api"
GU,Tamuning,2,6,12,"PeeringDB, peeringdb.com/api"
AU,Gold Coast,1,6,0,"PeeringDB, peeringdb.com/api"
KZ,Semey,1,6,16,"PeeringDB, peeringdb.com/api"
US,Stamford,6,6,0,"PeeringDB, peeringdb.com/api"
AU,Eight Mile Plains,1,6,0,"PeeringDB, peeringdb.com/api"
US,Mason City,2,6,0,"PeeringDB, peeringdb.com/api"
IT,Perugia,1,6,0,"PeeringDB, peeringdb.com/api"
US,Raleigh,3,6,0,"PeeringDB, peeringdb.com/api"
JO,Aqaba,2,6,19,"PeeringDB, peeringdb.com/api"
BY,Minsk,2,6,7,"PeeringDB, peeringdb.com/api"
BH,Askar,3,6,0,"PeeringDB, peeringdb.com/api"
US,South West Jordan,2,6,0,"PeeringDB, peeringdb.com/api"
BR,Cascavel,4,6,0,"PeeringDB, peeringdb.com/api"
US,Akron,2,6,0,"PeeringDB, peeringdb.com/api"
BR,Boa Vista,3,6,7,"PeeringDB, peeringdb.com/api"
JP,Minoo-shi,2,6,0,"PeeringDB, peeringdb.com/api"
TR,Antalya,1,6,0,"PeeringDB, peeringdb.com/api"
IT,Aversa,1,6,0,"PeeringDB, peeringdb.com/api"
DE,Mörfelden-Walldorf,1,6,0,"PeeringDB, peeringdb.com/api"
RS,Kragujevac,2,6,0,"PeeringDB, peeringdb.com/api"
VE,Caracas,3,6,16,"PeeringDB, peeringdb.com/api"
GB,Peterborough,2,6,0,"PeeringDB, peeringdb.com/api"
IN,Thane,1,6,0,"PeeringDB, peeringdb.com/api"
AU,Wellcamp,2,6,0,"PeeringDB, peeringdb.com/api"
AT,Sattledt,1,6,0,"PeeringDB, peeringdb.com/api"
BR,Palmas,3,6,0,"PeeringDB, peeringdb.com/api"
NZ,Whanganui District,1,6,0,"PeeringDB, peeringdb.com/api"
AR,Puerto Madryn,1,6,0,"PeeringDB, peeringdb.com/api"
AU,Hume,5,6,0,"PeeringDB, peeringdb.com/api"
KR,Gangnam-gu,2,6,0,"PeeringDB, peeringdb.com/api"
JP,Bunkyo-Ku,1,6,0,"PeeringDB, peeringdb.com/api"
ID,Jawa Barat,1,6,0,"PeeringDB, peeringdb.com/api"
ID,Sukoharjo,1,6,0,"PeeringDB, peeringdb.com/api"
GB,Redditch,1,6,0,"PeeringDB, peeringdb.com/api"
US,Peoria,1,6,0,"PeeringDB, peeringdb.com/api"
NL,Deventer,1,6,0,"PeeringDB, peeringdb.com/api"
IT,Genoa,4,6,0,"PeeringDB, peeringdb.com/api"
BR,Contagem,1,6,0,"PeeringDB, peeringdb.com/api"
BR,Araguaína,2,6,0,"PeeringDB, peeringdb.com/api"
ES,Cerdanyola del Vallès,2,6,0,"PeeringDB, peeringdb.com/api"
FR,La Courneuve,1,6,0,"PeeringDB, peeringdb.com/api"
ID,Banjarmasin,1,6,0,"PeeringDB, peeringdb.com/api"
DE,Böblingen,2,6,0,"PeeringDB, peeringdb.com/api"
ID,Manado,1,6,0,"PeeringDB, peeringdb.com/api"
PH,Santa Rosa,1,6,0,"PeeringDB, peeringdb.com/api"
PY,Hernandarias,1,6,0,"PeeringDB, peeringdb.com/api"
HR,Varaždin,1,6,0,"PeeringDB, peeringdb.com/api"
NG,Ibeju-Lekki,1,6,0,"PeeringDB, peeringdb.com/api"
UA,Львів,1,6,0,"PeeringDB, peeringdb.com/api"
US,Knoxville,1,5,0,"PeeringDB, peeringdb.com/api"
BE,Nossegem,1,5,0,"PeeringDB, peeringdb.com/api"
BE,Machelen,4,5,0,"PeeringDB, peeringdb.com/api"
US,Helena,1,5,0,"PeeringDB, peeringdb.com/api"
FR,Saint-Etienne,1,5,0,"PeeringDB, peeringdb.com/api"
US,Emeryville,2,5,0,"PeeringDB, peeringdb.com/api"
US,Garden City,2,5,0,"PeeringDB, peeringdb.com/api"
DE,Jena,2,5,0,"PeeringDB, peeringdb.com/api"
DE,Cologne,3,5,0,"PeeringDB, peeringdb.com/api"
DE,Würzburg,2,5,0,"PeeringDB, peeringdb.com/api"
GB,Byfleet,1,5,0,"PeeringDB, peeringdb.com/api"
LI,Eschen,1,5,37,"PeeringDB, peeringdb.com/api"
AT,Voesendorf,1,5,0,"PeeringDB, peeringdb.com/api"
AT,Feldkirch,1,5,0,"PeeringDB, peeringdb.com/api"
GB,Bournemouth,2,5,0,"PeeringDB, peeringdb.com/api"
CR,San Jose,4,5,44,"PeeringDB, peeringdb.com/api"
FR,Alixan,1,5,0,"PeeringDB, peeringdb.com/api"
DE,Bamberg,1,5,0,"PeeringDB, peeringdb.com/api"
GB,Studley,2,5,0,"PeeringDB, peeringdb.com/api"
US,Worthington,1,5,0,"PeeringDB, peeringdb.com/api"
GB,Hampshire,3,5,0,"PeeringDB, peeringdb.com/api"
US,Lewisville,1,5,0,"PeeringDB, peeringdb.com/api"
US,Lombard,1,5,0,"PeeringDB, peeringdb.com/api"
OM,Barka,1,5,0,"PeeringDB, peeringdb.com/api"
GB,Cardiff,3,5,10,"PeeringDB, peeringdb.com/api"
CZ,Prague 6,1,5,0,"PeeringDB, peeringdb.com/api"
PL,Olsztyn,2,5,0,"PeeringDB, peeringdb.com/api"
PL,Rzeszów,2,5,0,"PeeringDB, peeringdb.com/api"
US,Papillion,2,5,0,"PeeringDB, peeringdb.com/api"
MQ,Le Lamentin,1,5,0,"PeeringDB, peeringdb.com/api"
GB,Aberdeen,2,5,0,"PeeringDB, peeringdb.com/api"
US,Casper,2,5,0,"PeeringDB, peeringdb.com/api"
US,Lewis Center,1,5,0,"PeeringDB, peeringdb.com/api"
GB,Wokingham,1,5,0,"PeeringDB, peeringdb.com/api"
HK,Sha Tin,2,5,0,"PeeringDB, peeringdb.com/api"
RO,Brasov,2,5,0,"PeeringDB, peeringdb.com/api"
US,Breinigsville,2,5,0,"PeeringDB, peeringdb.com/api"
AU,Erskine Park,2,5,0,"PeeringDB, peeringdb.com/api"
US,Edina,1,5,0,"PeeringDB, peeringdb.com/api"
PY,Asuncion,2,5,0,"PeeringDB, peeringdb.com/api"
BG,Montana,1,5,0,"PeeringDB, peeringdb.com/api"
GN,Conakry,1,5,4,"PeeringDB, peeringdb.com/api"
BR,Cuiabá,4,5,0,"PeeringDB, peeringdb.com/api"
US,Medford,2,5,3,"PeeringDB, peeringdb.com/api"
CA,Boucherville,1,5,0,"PeeringDB, peeringdb.com/api"
IT,Arezzo,2,5,0,"PeeringDB, peeringdb.com/api"
CA,Quebec,1,5,0,"PeeringDB, peeringdb.com/api"
BR,Maceió,1,5,0,"PeeringDB, peeringdb.com/api"
GB,Gloucester,1,5,0,"PeeringDB, peeringdb.com/api"
US,Wood Dale,2,5,0,"PeeringDB, peeringdb.com/api"
BE,Sint-Lambrechts-Woluwe,1,5,0,"PeeringDB, peeringdb.com/api"
US,Lisle,1,5,0,"PeeringDB, peeringdb.com/api"
US,Royal Oak,1,5,0,"PeeringDB, peeringdb.com/api"
ID,Tangerang,2,5,0,"PeeringDB, peeringdb.com/api"
FR,Saint-Ouen-l'Aumône,1,5,0,"PeeringDB, peeringdb.com/api"
GB,Hounslow,2,5,0,"PeeringDB, peeringdb.com/api"
JO,Amman,2,5,0,"PeeringDB, peeringdb.com/api"
US,The Woodlands,1,5,0,"PeeringDB, peeringdb.com/api"
US,Colorado Springs,3,5,0,"PeeringDB, peeringdb.com/api"
US,Bryan,1,5,0,"PeeringDB, peeringdb.com/api"
NL,Haarlem,2,5,0,"PeeringDB, peeringdb.com/api"
FI,Turku,2,5,6,"PeeringDB, peeringdb.com/api"
DE,Alsbach-Hähnlein,1,5,0,"PeeringDB, peeringdb.com/api"
GB,Hemel Hempstead,4,5,0,"PeeringDB, peeringdb.com/api"
TH,Saraburi,1,5,0,"PeeringDB, peeringdb.com/api"
US,Canton,3,5,0,"PeeringDB, peeringdb.com/api"
US,Amarillo,1,5,4,"PeeringDB, peeringdb.com/api"
US,Orangeburg,3,5,0,"PeeringDB, peeringdb.com/api"
PH,Cebu,1,5,10,"PeeringDB, peeringdb.com/api"
US,Carlstadt,2,5,0,"PeeringDB, peeringdb.com/api"
MU,Ebene,1,5,22,"PeeringDB, peeringdb.com/api"
UA,Zaporizhzhia,1,5,0,"PeeringDB, peeringdb.com/api"
DE,Hürth,1,5,0,"PeeringDB, peeringdb.com/api"
AU,Port Melbourne,1,5,0,"PeeringDB, peeringdb.com/api"
AR,Manuel Alberti,1,5,0,"PeeringDB, peeringdb.com/api"
US,New Orleans,1,5,0,"PeeringDB, peeringdb.com/api"
AU,Fyshwick,2,5,0,"PeeringDB, peeringdb.com/api"
DE,Meerbusch,1,5,0,"PeeringDB, peeringdb.com/api"
AU,Dubbo,1,5,0,"PeeringDB, peeringdb.com/api"
AU,Albury,2,5,0,"PeeringDB, peeringdb.com/api"
IT,Settimo Milanese (MI),1,5,0,"PeeringDB, peeringdb.com/api"
TZ,Arusha,1,5,16,"PeeringDB, peeringdb.com/api"
CH,Yverdon-les-Bains,1,5,0,"PeeringDB, peeringdb.com/api"
TW,Tainan City,1,5,0,"PeeringDB, peeringdb.com/api"
NL,'s-Hertogenbosch,1,5,0,"PeeringDB, peeringdb.com/api"
MY,Penang,1,5,15,"PeeringDB, peeringdb.com/api"
AT,Raaba-Grambach,1,5,0,"PeeringDB, peeringdb.com/api"
BE,Asse,1,5,0,"PeeringDB, peeringdb.com/api"
ID,Jakarta Selatan  Daerah Khusus Ibukota Jakarta  12710,1,5,0,"PeeringDB, peeringdb.com/api"
IS,Reykjanesbæ,1,5,0,"PeeringDB, peeringdb.com/api"
BR,Palhoça,1,5,0,"PeeringDB, peeringdb.com/api"
SE,Solna,2,4,0,"PeeringDB, peeringdb.com/api"
NL,Alphen aan den Rijn,2,4,0,"PeeringDB, peeringdb.com/api"
DE,Bochum,2,4,0,"PeeringDB, peeringdb.com/api"
US,Mesa,2,4,0,"PeeringDB, peeringdb.com/api"
HK,Quarry Bay,1,4,0,"PeeringDB, peeringdb.com/api"
DE,Kiel,5,4,0,"PeeringDB, peeringdb.com/api"
NL,Alkmaar,1,4,0,"PeeringDB, peeringdb.com/api"
FR,Labege Innopole,1,4,0,"PeeringDB, peeringdb.com/api"
DK,Glostrup,1,4,0,"PeeringDB, peeringdb.com/api"
IT,Ancona,2,4,0,"PeeringDB, peeringdb.com/api"
OM,Ruwi,2,4,0,"PeeringDB, peeringdb.com/api"
CH,Solothurn,1,4,0,"PeeringDB, peeringdb.com/api"
GB,Dundee,1,4,0,"PeeringDB, peeringdb.com/api"
GB,Stevenage,2,4,0,"PeeringDB, peeringdb.com/api"
US,Evansville,1,4,0,"PeeringDB, peeringdb.com/api"
EG,Alexandria,1,4,0,"PeeringDB, peeringdb.com/api"
GB,Redhill,1,4,0,"PeeringDB, peeringdb.com/api"
FR,Val de Reuil,1,4,0,"PeeringDB, peeringdb.com/api"
UA,Kharkov,1,4,0,"PeeringDB, peeringdb.com/api"
FR,Lambersart,1,4,0,"PeeringDB, peeringdb.com/api"
AU,Mitchell,2,4,0,"PeeringDB, peeringdb.com/api"
PL,Kielce,1,4,0,"PeeringDB, peeringdb.com/api"
PL,Szczecin,2,4,0,"PeeringDB, peeringdb.com/api"
US,Richmond,3,4,8,"PeeringDB, peeringdb.com/api"
US,Lakeland,2,4,0,"PeeringDB, peeringdb.com/api"
US,Lindon,1,4,0,"PeeringDB, peeringdb.com/api"
UA,Lvov,1,4,0,"PeeringDB, peeringdb.com/api"
US,West Valley City,1,4,0,"PeeringDB, peeringdb.com/api"
CA,Brampton,2,4,0,"PeeringDB, peeringdb.com/api"
BR,Feira De Santana,5,4,0,"PeeringDB, peeringdb.com/api"
US,Belle Plaine,1,4,0,"PeeringDB, peeringdb.com/api"
RU,Vladivostok,2,4,10,"PeeringDB, peeringdb.com/api"
FR,Saint Trivier sur Moignans,1,4,0,"PeeringDB, peeringdb.com/api"
CH,Hünenberg,2,4,0,"PeeringDB, peeringdb.com/api"
DE,Herne,1,4,0,"PeeringDB, peeringdb.com/api"
CY,Limassol,1,4,4,"PeeringDB, peeringdb.com/api"
AU,Dowsing Point,1,4,0,"PeeringDB, peeringdb.com/api"
US,Kapolei,3,4,0,"PeeringDB, peeringdb.com/api"
US,Overland Park,3,4,0,"PeeringDB, peeringdb.com/api"
US,Marlborough,3,4,0,"PeeringDB, peeringdb.com/api"
US,Bethlehem,3,4,0,"PeeringDB, peeringdb.com/api"
FR,Rezé,2,4,0,"PeeringDB, peeringdb.com/api"
DE,Unterschleißheim,1,4,0,"PeeringDB, peeringdb.com/api"
IT,Capaccio-Paestum,1,4,0,"PeeringDB, peeringdb.com/api"
RS,Nis,1,4,0,"PeeringDB, peeringdb.com/api"
GB,Crawley,2,4,0,"PeeringDB, peeringdb.com/api"
AR,Las Toninas,3,4,0,"PeeringDB, peeringdb.com/api"
US,Chantilly,5,4,0,"PeeringDB, peeringdb.com/api"
BR,São José do Rio Preto,2,4,0,"PeeringDB, peeringdb.com/api"
DE,Eggenstein-Leopoldshafen,1,4,0,"PeeringDB, peeringdb.com/api"
AU,Huntingwood,1,4,0,"PeeringDB, peeringdb.com/api"
AT,Pötschach,1,4,0,"PeeringDB, peeringdb.com/api"
US,Huntsville,3,4,0,"PeeringDB, peeringdb.com/api"
CH,Steinhausen,2,4,0,"PeeringDB, peeringdb.com/api"
MF,Marigot,1,4,4,"PeeringDB, peeringdb.com/api"
GP,Baillif,1,4,0,"PeeringDB, peeringdb.com/api"
RO,Arad,2,4,0,"PeeringDB, peeringdb.com/api"
RO,Timisoara,3,4,0,"PeeringDB, peeringdb.com/api"
US,Bridgewater,1,4,0,"PeeringDB, peeringdb.com/api"
US,Boyers,1,4,0,"PeeringDB, peeringdb.com/api"
GB,Croydon,2,4,0,"PeeringDB, peeringdb.com/api"
IN,Nashik,2,4,0,"PeeringDB, peeringdb.com/api"
BR,Xaxim,1,4,0,"PeeringDB, peeringdb.com/api"
IN,Amaravati,1,4,12,"PeeringDB, peeringdb.com/api"
US,Virginia Beach,2,4,0,"PeeringDB, peeringdb.com/api"
US,Birmingham,1,4,0,"PeeringDB, peeringdb.com/api"
GB,Dagenham,1,4,0,"PeeringDB, peeringdb.com/api"
NL,Rozenburg,1,4,0,"PeeringDB, peeringdb.com/api"
ID,Tangerang Selatan,1,4,0,"PeeringDB, peeringdb.com/api"
US,Spartanburg,1,4,0,"PeeringDB, peeringdb.com/api"
ID,Jakarta Utara,3,4,0,"PeeringDB, peeringdb.com/api"
IT,Pisa,2,4,0,"PeeringDB, peeringdb.com/api"
PK,Islamabad,3,4,0,"PeeringDB, peeringdb.com/api"
US,Marion,1,4,0,"PeeringDB, peeringdb.com/api"
US,Fairlawn,1,4,0,"PeeringDB, peeringdb.com/api"
AU,Noble Park North,1,4,0,"PeeringDB, peeringdb.com/api"
CA,Regina,2,4,0,"PeeringDB, peeringdb.com/api"
GB,Canning Town,1,4,0,"PeeringDB, peeringdb.com/api"
US,Gretna,1,4,0,"PeeringDB, peeringdb.com/api"
IT,Frosinone,1,4,0,"PeeringDB, peeringdb.com/api"
IN,Gurugram,2,4,0,"PeeringDB, peeringdb.com/api"
IN,Kalyan,1,4,0,"PeeringDB, peeringdb.com/api"
NZ,Hastings,1,4,0,"PeeringDB, peeringdb.com/api"
NZ,Invercargill City,2,4,0,"PeeringDB, peeringdb.com/api"
ID,Kota Bogor,1,4,0,"PeeringDB, peeringdb.com/api"
AR,Mar del Plata,1,4,0,"PeeringDB, peeringdb.com/api"
AR,Junín,1,4,0,"PeeringDB, peeringdb.com/api"
AR,Sáenz Peña,1,4,0,"PeeringDB, peeringdb.com/api"
AR,Tandil,1,4,0,"PeeringDB, peeringdb.com/api"
PH,Mabalacat,1,4,0,"PeeringDB, peeringdb.com/api"
BL,Saint-Barthelemy,1,4,0,"PeeringDB, peeringdb.com/api"
BG,Stolnik,1,4,0,"PeeringDB, peeringdb.com/api"
TG,Lome,1,4,0,"PeeringDB, peeringdb.com/api"
CA,Barrie,1,4,0,"PeeringDB, peeringdb.com/api"
AU,Tamworth,1,4,0,"PeeringDB, peeringdb.com/api"
ID,Kota Jambi,1,4,0,"PeeringDB, peeringdb.com/api"
IN,Raipur,2,4,0,"PeeringDB, peeringdb.com/api"
IN,Navi Mumbai ,1,4,0,"PeeringDB, peeringdb.com/api"
IN,SALEM,1,4,0,"PeeringDB, peeringdb.com/api"
TZ,Mwanza,1,4,6,"PeeringDB, peeringdb.com/api"
TZ,Dodoma,1,4,8,"PeeringDB, peeringdb.com/api"
PT,Sines,3,4,0,"PeeringDB, peeringdb.com/api"
US,Hopkinsville,1,4,0,"PeeringDB, peeringdb.com/api"
TW,Hsinchu,1,4,0,"PeeringDB, peeringdb.com/api"
ID,Surabaya  East Java,1,4,12,"PeeringDB, peeringdb.com/api"
ID,Kalimantan Timur,1,4,0,"PeeringDB, peeringdb.com/api"
IL,Netanya,1,4,0,"PeeringDB, peeringdb.com/api"
IL,Haifa,1,4,0,"PeeringDB, peeringdb.com/api"
ID,Blitar,1,4,0,"PeeringDB, peeringdb.com/api"
CZ,Praha 9 – Střížkov,1,4,0,"PeeringDB, peeringdb.com/api"
RU,Donetsk,1,4,0,"PeeringDB, peeringdb.com/api"
ID,Pontianak,1,4,0,"PeeringDB, peeringdb.com/api"
BR,Porto Velho,3,4,14,"PeeringDB, peeringdb.com/api"
MZ,Boane District,1,4,0,"PeeringDB, peeringdb.com/api"
US,Rockville,1,4,0,"PeeringDB, peeringdb.com/api"
IS,Akureyri,2,4,0,"PeeringDB, peeringdb.com/api"
CN,Ningbo,1,4,11,"PeeringDB, peeringdb.com/api"
BR,Goiania,1,4,0,"PeeringDB, peeringdb.com/api"
ID,Jambi,1,4,10,"PeeringDB, peeringdb.com/api"
CH,Biel/Bienne,2,3,0,"PeeringDB, peeringdb.com/api"
GB,Sandwich,1,3,0,"PeeringDB, peeringdb.com/api"
NL,Capelle aan den IJssel,3,3,0,"PeeringDB, peeringdb.com/api"
BG,Plovdiv,1,3,0,"PeeringDB, peeringdb.com/api"
GB,Leicester,1,3,0,"PeeringDB, peeringdb.com/api"
AM,Yerevan,5,3,33,"PeeringDB, peeringdb.com/api"
FR,La Garenne Colombes,1,3,0,"PeeringDB, peeringdb.com/api"
DE,Magdeburg,1,3,0,"PeeringDB, peeringdb.com/api"
AM,Abovyan,1,3,0,"PeeringDB, peeringdb.com/api"
AT,Wels,1,3,0,"PeeringDB, peeringdb.com/api"
US,Modesto,2,3,0,"PeeringDB, peeringdb.com/api"
US,Deerfield,1,3,0,"PeeringDB, peeringdb.com/api"
RU,Rostov-na-Donu,1,3,0,"PeeringDB, peeringdb.com/api"
NO,Bergen,2,3,6,"PeeringDB, peeringdb.com/api"
US,Watertown,2,3,0,"PeeringDB, peeringdb.com/api"
AU,Mile End South,1,3,0,"PeeringDB, peeringdb.com/api"
RU,Krasnoyarsk,1,3,28,"PeeringDB, peeringdb.com/api"
UA,Khmelnitskiy,2,3,0,"PeeringDB, peeringdb.com/api"
CA,Kitchener,3,3,0,"PeeringDB, peeringdb.com/api"
FR,Amiens,3,3,0,"PeeringDB, peeringdb.com/api"
JP,Emi,1,3,0,"PeeringDB, peeringdb.com/api"
JP,Chikura,1,3,0,"PeeringDB, peeringdb.com/api"
GB,York,1,3,0,"PeeringDB, peeringdb.com/api"
NL,Hardenberg,1,3,0,"PeeringDB, peeringdb.com/api"
US,Tallahassee,1,3,0,"PeeringDB, peeringdb.com/api"
US,Melbourne,1,3,0,"PeeringDB, peeringdb.com/api"
SK,Košice,1,3,3,"PeeringDB, peeringdb.com/api"
US,Somerset,1,3,0,"PeeringDB, peeringdb.com/api"
BR,Aracaju,4,3,0,"PeeringDB, peeringdb.com/api"
AT,Hall in Tirol,1,3,0,"PeeringDB, peeringdb.com/api"
NL,Heerlen,1,3,0,"PeeringDB, peeringdb.com/api"
US,Totowa,1,3,0,"PeeringDB, peeringdb.com/api"
US,Norwalk,1,3,0,"PeeringDB, peeringdb.com/api"
US,West Jordan,1,3,0,"PeeringDB, peeringdb.com/api"
US,Cedar Knolls,1,3,0,"PeeringDB, peeringdb.com/api"
CH,Manno,1,3,0,"PeeringDB, peeringdb.com/api"
CN,Guangzhou,3,3,20,"PeeringDB, peeringdb.com/api"
CH,Duedingen,1,3,0,"PeeringDB, peeringdb.com/api"
US,Hiawatha,1,3,0,"PeeringDB, peeringdb.com/api"
JP,Urasoe,2,3,0,"PeeringDB, peeringdb.com/api"
FR,Vesoul,1,3,0,"PeeringDB, peeringdb.com/api"
US,Ladson,1,3,0,"PeeringDB, peeringdb.com/api"
US,Hackensack,1,3,0,"PeeringDB, peeringdb.com/api"
PL,Gliwice,1,3,0,"PeeringDB, peeringdb.com/api"
US,St. Paul,1,3,0,"PeeringDB, peeringdb.com/api"
GU,Mangilao,1,3,9,"PeeringDB, peeringdb.com/api"
NL,Woerden,2,3,0,"PeeringDB, peeringdb.com/api"
CA,Longueuil,2,3,0,"PeeringDB, peeringdb.com/api"
TH,Chatuchak,1,3,0,"PeeringDB, peeringdb.com/api"
DO,Santo Domingo Este,1,3,0,"PeeringDB, peeringdb.com/api"
AU,Kenmore,1,3,0,"PeeringDB, peeringdb.com/api"
BR,Campo Grande,3,3,0,"PeeringDB, peeringdb.com/api"
PL,Gdynia,2,3,0,"PeeringDB, peeringdb.com/api"
US,Federal Way,1,3,0,"PeeringDB, peeringdb.com/api"
US,Alpharetta,2,3,0,"PeeringDB, peeringdb.com/api"
US,Orono,1,3,0,"PeeringDB, peeringdb.com/api"
FR,Croissy Beaubourg,1,3,0,"PeeringDB, peeringdb.com/api"
KG,Bishkek,2,3,27,"PeeringDB, peeringdb.com/api"
FR,Annecy,1,3,0,"PeeringDB, peeringdb.com/api"
BR,Novo Hamburgo,2,3,0,"PeeringDB, peeringdb.com/api"
BR,Natal,1,3,0,"PeeringDB, peeringdb.com/api"
KZ,Astana,2,3,15,"PeeringDB, peeringdb.com/api"
MY,Brickfields,1,3,0,"PeeringDB, peeringdb.com/api"
BR,Blumenau,1,3,3,"PeeringDB, peeringdb.com/api"
HK,Kowloon Bay,1,3,0,"PeeringDB, peeringdb.com/api"
CA,Saint John,2,3,1,"PeeringDB, peeringdb.com/api"
ES,Valencia,2,3,10,"PeeringDB, peeringdb.com/api"
NZ,Palmerston North,1,3,0,"PeeringDB, peeringdb.com/api"
MY,Kuching,3,3,2,"PeeringDB, peeringdb.com/api"
CN,Tianjin,3,3,0,"PeeringDB, peeringdb.com/api"
US,Laurel,1,3,0,"PeeringDB, peeringdb.com/api"
FR,Lezennes,1,3,0,"PeeringDB, peeringdb.com/api"
US,Puyallup,2,3,0,"PeeringDB, peeringdb.com/api"
FI,Harjunpää,1,3,0,"PeeringDB, peeringdb.com/api"
FR,La Ciotat,1,3,0,"PeeringDB, peeringdb.com/api"
ES,Alcalá de Henares,2,3,0,"PeeringDB, peeringdb.com/api"
US,Iowa Falls,1,3,0,"PeeringDB, peeringdb.com/api"
BR,Ponta Grossa,1,3,0,"PeeringDB, peeringdb.com/api"
IT,Trento,1,3,0,"PeeringDB, peeringdb.com/api"
DE,Hattersheim am Main,1,3,0,"PeeringDB, peeringdb.com/api"
UZ,Tashkent,6,3,23,"PeeringDB, peeringdb.com/api"
UA,Rivne,2,3,6,"PeeringDB, peeringdb.com/api"
NO,Måløy,1,3,0,"PeeringDB, peeringdb.com/api"
ZM,Lusaka,4,3,12,"PeeringDB, peeringdb.com/api"
NO,Stavanger,1,3,10,"PeeringDB, peeringdb.com/api"
US,Andover,2,3,0,"PeeringDB, peeringdb.com/api"
NO,Fetsund,1,3,0,"PeeringDB, peeringdb.com/api"
EC,Manta,1,3,0,"PeeringDB, peeringdb.com/api"
DE,Münster,2,3,0,"PeeringDB, peeringdb.com/api"
SE,Gävle,1,3,0,"PeeringDB, peeringdb.com/api"
SE,Falkenberg,1,3,0,"PeeringDB, peeringdb.com/api"
JP,Ibaraki-city,1,3,0,"PeeringDB, peeringdb.com/api"
KR,Guro-gu,3,3,0,"PeeringDB, peeringdb.com/api"
CA,Burnaby,2,3,0,"PeeringDB, peeringdb.com/api"
JP,Inzai-shi,2,3,0,"PeeringDB, peeringdb.com/api"
JP,Minamiboso-shi,1,3,0,"PeeringDB, peeringdb.com/api"
BR,Eunapolis,1,3,0,"PeeringDB, peeringdb.com/api"
DK,Ballerup,1,3,0,"PeeringDB, peeringdb.com/api"
US,Bridgewater Township,1,3,0,"PeeringDB, peeringdb.com/api"
PL,Skawina,1,3,0,"PeeringDB, peeringdb.com/api"
FR,Ivry-sur-Seine,1,3,0,"PeeringDB, peeringdb.com/api"
FR,Peltre,1,3,0,"PeeringDB, peeringdb.com/api"
DE,Saarbrücken,1,3,1,"PeeringDB, peeringdb.com/api"
DK,Copenhagen N,1,3,0,"PeeringDB, peeringdb.com/api"
JP,Ibaraki-shi,1,3,0,"PeeringDB, peeringdb.com/api"
BR,Caxias Do Sul,2,3,0,"PeeringDB, peeringdb.com/api"
US,Rapid City,1,3,0,"PeeringDB, peeringdb.com/api"
US,Westmont,1,3,0,"PeeringDB, peeringdb.com/api"
DE,Kleinmachnow,2,3,0,"PeeringDB, peeringdb.com/api"
HK,Tai Po Industrial Estate,1,3,0,"PeeringDB, peeringdb.com/api"
IN,Kanpur,1,3,0,"PeeringDB, peeringdb.com/api"
MX,Azcapotzalco,1,3,0,"PeeringDB, peeringdb.com/api"
US,Nogales,1,3,0,"PeeringDB, peeringdb.com/api"
NZ,Marlborough District,1,3,0,"PeeringDB, peeringdb.com/api"
NZ,Nelson City,2,3,0,"PeeringDB, peeringdb.com/api"
DE,Haar,1,3,0,"PeeringDB, peeringdb.com/api"
AR,Santa Fe,1,3,0,"PeeringDB, peeringdb.com/api"
AR,San Carlos de Bariloche,1,3,0,"PeeringDB, peeringdb.com/api"
AR,Resistencia,1,3,0,"PeeringDB, peeringdb.com/api"
AR,Salta,1,3,0,"PeeringDB, peeringdb.com/api"
US,Youngstown,1,3,0,"PeeringDB, peeringdb.com/api"
US,Freeport,1,3,0,"PeeringDB, peeringdb.com/api"
US,Fitchburg,1,3,0,"PeeringDB, peeringdb.com/api"
US,Gilbert,1,3,0,"PeeringDB, peeringdb.com/api"
BN,Bandar Seri Begawan,3,3,11,"PeeringDB, peeringdb.com/api"
ET,Addis Ababa,2,3,3,"PeeringDB, peeringdb.com/api"
DK,Glostrup  Copenhagen,1,3,0,"PeeringDB, peeringdb.com/api"
NL,Geleen,1,3,0,"PeeringDB, peeringdb.com/api"
DE,Rheine,1,3,0,"PeeringDB, peeringdb.com/api"
CL,Santiado,1,3,0,"PeeringDB, peeringdb.com/api"
IN,Baroda,2,3,0,"PeeringDB, peeringdb.com/api"
IN,Guwahati,1,3,1,"PeeringDB, peeringdb.com/api"
PL,Jaworzno,1,3,0,"PeeringDB, peeringdb.com/api"
AU,Cambridge,1,3,0,"PeeringDB, peeringdb.com/api"
ID,Kampar,1,3,0,"PeeringDB, peeringdb.com/api"
US,Brooklyn Park,1,3,0,"PeeringDB, peeringdb.com/api"
BR,Caucaia,1,3,0,"PeeringDB, peeringdb.com/api"
CM,Kribi,1,3,0,"PeeringDB, peeringdb.com/api"
IT,Settimo Milanese,1,3,0,"PeeringDB, peeringdb.com/api"
IN,Serilingampally Hyderabad,1,3,0,"PeeringDB, peeringdb.com/api"
ID,Malang  East Java,1,3,6,"PeeringDB, peeringdb.com/api"
TR,Cekmekoy,1,3,0,"PeeringDB, peeringdb.com/api"
PT,Vila Nova de Famalicao,1,3,0,"PeeringDB, peeringdb.com/api"
CA,Rocky View,1,3,0,"PeeringDB, peeringdb.com/api"
RU,Kazan,1,3,6,"PeeringDB, peeringdb.com/api"
BR,Camaçari,1,3,0,"PeeringDB, peeringdb.com/api"
NL,Markelo,1,3,0,"PeeringDB, peeringdb.com/api"
US,Detroit,2,3,80,"PeeringDB, peeringdb.com/api"
ID,Kabupaten Bekasi,1,3,0,"PeeringDB, peeringdb.com/api"
FR,Limoges,1,3,0,"PeeringDB, peeringdb.com/api"
FR,Bidart,1,3,0,"PeeringDB, peeringdb.com/api"
FR,Choisy-le-Roi,1,3,0,"PeeringDB, peeringdb.com/api"
AU,Coffs Harbour,1,3,0,"PeeringDB, peeringdb.com/api"
AU,Turvey Park,1,3,0,"PeeringDB, peeringdb.com/api"
ID,Malang,1,3,0,"PeeringDB, peeringdb.com/api"
IN,Mumbai ,1,3,0,"PeeringDB, peeringdb.com/api"
SN,Dakar,2,3,6,"PeeringDB, peeringdb.com/api"
US,Shreveport,1,3,0,"PeeringDB, peeringdb.com/api"
FR,Saint-Gaudens,1,3,0,"PeeringDB, peeringdb.com/api"
IT,BARI,1,3,0,"PeeringDB, peeringdb.com/api"
TJ,Dushanbe,1,3,17,"PeeringDB, peeringdb.com/api"
US,Ft Wayne,1,3,0,"PeeringDB, peeringdb.com/api"
AU,Hobart,1,2,12,"PeeringDB, peeringdb.com/api"
DE,Coburg,3,2,0,"PeeringDB, peeringdb.com/api"
DE,Dueren,1,2,0,"PeeringDB, peeringdb.com/api"
AU,Varsity Lakes,1,2,0,"PeeringDB, peeringdb.com/api"
GB,Kent,1,2,0,"PeeringDB, peeringdb.com/api"
CA,Herring Cove,1,2,0,"PeeringDB, peeringdb.com/api"
IE,Galway,1,2,2,"PeeringDB, peeringdb.com/api"
CH,Baar,1,2,0,"PeeringDB, peeringdb.com/api"
SX,Sint Maarten,1,2,0,"PeeringDB, peeringdb.com/api"
BG,Burgas,2,2,0,"PeeringDB, peeringdb.com/api"
AU,Woolloongabba,1,2,0,"PeeringDB, peeringdb.com/api"
FR,Saint Etienne du Rouvray,1,2,0,"PeeringDB, peeringdb.com/api"
NP,Kathmandu,5,2,30,"PeeringDB, peeringdb.com/api"
US,Bothell,2,2,0,"PeeringDB, peeringdb.com/api"
DK,Aarhus,1,2,0,"PeeringDB, peeringdb.com/api"
FR,Saint-Denis,1,2,0,"PeeringDB, peeringdb.com/api"
MP,Susupe,2,2,0,"PeeringDB, peeringdb.com/api"
AT,Perg,1,2,0,"PeeringDB, peeringdb.com/api"
FR,Les Lilas,1,2,0,"PeeringDB, peeringdb.com/api"
NL,Spijkenisse,2,2,0,"PeeringDB, peeringdb.com/api"
US,Fort Wayne,1,2,0,"PeeringDB, peeringdb.com/api"
IR,Tehran,2,2,3,"PeeringDB, peeringdb.com/api"
ES,San Cristóbal de La Laguna,1,2,0,"PeeringDB, peeringdb.com/api"
US,Wilmington,2,2,0,"PeeringDB, peeringdb.com/api"
NO,Gjøvik,1,2,0,"PeeringDB, peeringdb.com/api"
US,Florence,1,2,0,"PeeringDB, peeringdb.com/api"
AU,Baulkham Hills,2,2,0,"PeeringDB, peeringdb.com/api"
US,Hope,1,2,0,"PeeringDB, peeringdb.com/api"
GB,Cheltenham,3,2,0,"PeeringDB, peeringdb.com/api"
US,Rock Hill,1,2,0,"PeeringDB, peeringdb.com/api"
GB,Gosport,1,2,0,"PeeringDB, peeringdb.com/api"
CN,Beijin,1,2,0,"PeeringDB, peeringdb.com/api"
JP,Toyohashi City,1,2,0,"PeeringDB, peeringdb.com/api"
JP,Ajigaura,1,2,0,"PeeringDB, peeringdb.com/api"
FR,Marly,1,2,0,"PeeringDB, peeringdb.com/api"
ES,San Sebastián,1,2,0,"PeeringDB, peeringdb.com/api"
AM,Bagratashen,1,2,0,"PeeringDB, peeringdb.com/api"
GB,Brighton,2,2,0,"PeeringDB, peeringdb.com/api"
US,Miamisburg,2,2,0,"PeeringDB, peeringdb.com/api"
ZA,Mtunzini,1,2,0,"PeeringDB, peeringdb.com/api"
VU,Port Vila,1,2,6,"PeeringDB, peeringdb.com/api"
FR,Cébazat,1,2,0,"PeeringDB, peeringdb.com/api"
CL,Santiago de Chile,1,2,0,"PeeringDB, peeringdb.com/api"
US,Burlington,2,2,0,"PeeringDB, peeringdb.com/api"
AU,Artamon,1,2,0,"PeeringDB, peeringdb.com/api"
MO,Macau,1,2,0,"PeeringDB, peeringdb.com/api"
US,West Chester,1,2,0,"PeeringDB, peeringdb.com/api"
NZ,Gisborne,1,2,0,"PeeringDB, peeringdb.com/api"
CA,Windsor,1,2,0,"PeeringDB, peeringdb.com/api"
IN,Tirunelveli,1,2,0,"PeeringDB, peeringdb.com/api"
FR,Saint Aunes,1,2,0,"PeeringDB, peeringdb.com/api"
AU,Milton,1,2,0,"PeeringDB, peeringdb.com/api"
US,Chugwater,1,2,0,"PeeringDB, peeringdb.com/api"
US,Douglas,1,2,0,"PeeringDB, peeringdb.com/api"
SE,Karlskrona,1,2,0,"PeeringDB, peeringdb.com/api"
US,Evans,1,2,0,"PeeringDB, peeringdb.com/api"
MA,Casablanca,2,2,3,"PeeringDB, peeringdb.com/api"
US,Shakopee,1,2,0,"PeeringDB, peeringdb.com/api"
MA,Fez,1,2,3,"PeeringDB, peeringdb.com/api"
US,Amherst,1,2,0,"PeeringDB, peeringdb.com/api"
IQ,Baghdad,3,2,32,"PeeringDB, peeringdb.com/api"
US,Northlake,4,2,0,"PeeringDB, peeringdb.com/api"
MU,Arsenal,1,2,0,"PeeringDB, peeringdb.com/api"
US,Chelmsford,1,2,0,"PeeringDB, peeringdb.com/api"
US,Bedford,1,2,0,"PeeringDB, peeringdb.com/api"
PY,San Lorenzo,1,2,24,"PeeringDB, peeringdb.com/api"
US,Houghton,1,2,0,"PeeringDB, peeringdb.com/api"
PL,Toruń,2,2,0,"PeeringDB, peeringdb.com/api"
US,Columbia,1,2,0,"PeeringDB, peeringdb.com/api"
IT,Nola,1,2,0,"PeeringDB, peeringdb.com/api"
BR,Ribeirão Preto,6,2,12,"PeeringDB, peeringdb.com/api"
CD,Gombe,1,2,0,"PeeringDB, peeringdb.com/api"
DE,Hallstadt,1,2,0,"PeeringDB, peeringdb.com/api"
GB,Bermondsey,1,2,0,"PeeringDB, peeringdb.com/api"
PY,Villa Elisa,1,2,0,"PeeringDB, peeringdb.com/api"
KE,Gateway Business Park,1,2,0,"PeeringDB, peeringdb.com/api"
UA,Ivano-Frankivsk,1,2,8,"PeeringDB, peeringdb.com/api"
BT,Thimphu,3,2,15,"PeeringDB, peeringdb.com/api"
US,Collegeville,1,2,0,"PeeringDB, peeringdb.com/api"
FI,Jyväskylä,2,2,0,"PeeringDB, peeringdb.com/api"
US,Moorhead,1,2,0,"PeeringDB, peeringdb.com/api"
CA,North York,2,2,0,"PeeringDB, peeringdb.com/api"
SI,Trzin,1,2,0,"PeeringDB, peeringdb.com/api"
AL,Kashar,1,2,0,"PeeringDB, peeringdb.com/api"
US,Moses Lake,1,2,0,"PeeringDB, peeringdb.com/api"
GB,Feltham,2,2,0,"PeeringDB, peeringdb.com/api"
BA,Sarajevo,1,2,9,"PeeringDB, peeringdb.com/api"
IE,Carlow,1,2,0,"PeeringDB, peeringdb.com/api"
IN,Guntur,2,2,1,"PeeringDB, peeringdb.com/api"
DE,Schweinfurt,1,2,0,"PeeringDB, peeringdb.com/api"
AU,East Perth,1,2,0,"PeeringDB, peeringdb.com/api"
KE,Thika,1,2,0,"PeeringDB, peeringdb.com/api"
US,Urbandale,1,2,0,"PeeringDB, peeringdb.com/api"
RU,Barnaul,1,2,0,"PeeringDB, peeringdb.com/api"
CG,Pointe-Noire,1,2,0,"PeeringDB, peeringdb.com/api"
BR,Santa Maria,2,2,0,"PeeringDB, peeringdb.com/api"
NG,Lagos Island,1,2,0,"PeeringDB, peeringdb.com/api"
US,Redmond,1,2,0,"PeeringDB, peeringdb.com/api"
FR,Saint-Saturnin,1,2,0,"PeeringDB, peeringdb.com/api"
IT,Cagliari,1,2,0,"PeeringDB, peeringdb.com/api"
GB,Harlow,1,2,0,"PeeringDB, peeringdb.com/api"
DE,Balingen,1,2,0,"PeeringDB, peeringdb.com/api"
FR,Seyssinet-Pariset,1,2,0,"PeeringDB, peeringdb.com/api"
UY,Pando,1,2,0,"PeeringDB, peeringdb.com/api"
NO,Nedre Vats,2,2,0,"PeeringDB, peeringdb.com/api"
US,Westerville,1,2,0,"PeeringDB, peeringdb.com/api"
NG,Nassarawa,1,2,0,"PeeringDB, peeringdb.com/api"
DE,Gelsenkirchen,2,2,0,"PeeringDB, peeringdb.com/api"
IT,Verona,1,2,0,"PeeringDB, peeringdb.com/api"
CA,Baie-D'Urfe,1,2,0,"PeeringDB, peeringdb.com/api"
BR,Gravataí,1,2,0,"PeeringDB, peeringdb.com/api"
BR,Sumaré,2,2,0,"PeeringDB, peeringdb.com/api"
BR,Paulínia,1,2,0,"PeeringDB, peeringdb.com/api"
DE,Baden-Baden,1,2,0,"PeeringDB, peeringdb.com/api"
US,Charleston,1,2,3,"PeeringDB, peeringdb.com/api"
AU,Bundaberg,1,2,0,"PeeringDB, peeringdb.com/api"
US,Fairbanks,1,2,0,"PeeringDB, peeringdb.com/api"
US,Anchorage,2,2,2,"PeeringDB, peeringdb.com/api"
DE,Lüdenscheid,1,2,0,"PeeringDB, peeringdb.com/api"
IT,Lamezia Terme,1,2,0,"PeeringDB, peeringdb.com/api"
NO,Ytre Enebakk,1,2,0,"PeeringDB, peeringdb.com/api"
IT,La Spezia,1,2,0,"PeeringDB, peeringdb.com/api"
US,Upper Arlington,1,2,0,"PeeringDB, peeringdb.com/api"
IT,Pasian di Prato,1,2,0,"PeeringDB, peeringdb.com/api"
FR,Champs-sur-Marne,1,2,0,"PeeringDB, peeringdb.com/api"
CL,Valparaiso,1,2,0,"PeeringDB, peeringdb.com/api"
US,Linthicum Heights,2,2,0,"PeeringDB, peeringdb.com/api"
BG,Haskovo,3,2,0,"PeeringDB, peeringdb.com/api"
MX,Hermosillo,1,2,0,"PeeringDB, peeringdb.com/api"
CH,Frauenfeld,1,2,69,"PeeringDB, peeringdb.com/api"
CH,La Chaux-de-Fonds,2,2,0,"PeeringDB, peeringdb.com/api"
SE,Växjö,1,2,0,"PeeringDB, peeringdb.com/api"
MX,Nogales,1,2,0,"PeeringDB, peeringdb.com/api"
DK,Hørning,1,2,0,"PeeringDB, peeringdb.com/api"
AU,Moonah,1,2,0,"PeeringDB, peeringdb.com/api"
DK,Højbjerg,1,2,0,"PeeringDB, peeringdb.com/api"
US,Lackawanna,1,2,0,"PeeringDB, peeringdb.com/api"
CH,Düdingen,1,2,0,"PeeringDB, peeringdb.com/api"
IL,Rehovot,1,2,0,"PeeringDB, peeringdb.com/api"
US,Hammond,1,2,0,"PeeringDB, peeringdb.com/api"
BS,Nassau,1,2,0,"PeeringDB, peeringdb.com/api"
AU,Mitcham,1,2,0,"PeeringDB, peeringdb.com/api"
ID,Bancar Kembar  Purwokerto Utara  Banyumas,1,2,0,"PeeringDB, peeringdb.com/api"
CN,Hohhot City,1,2,0,"PeeringDB, peeringdb.com/api"
DE,Appenweier,1,2,0,"PeeringDB, peeringdb.com/api"
CN,Chengde city,1,2,0,"PeeringDB, peeringdb.com/api"
EC,Salinas,1,2,0,"PeeringDB, peeringdb.com/api"
ES,Las Rozas de Madrid,1,2,0,"PeeringDB, peeringdb.com/api"
BR,Sorocaba,2,2,0,"PeeringDB, peeringdb.com/api"
DE,Limburg an der Lahn,1,2,0,"PeeringDB, peeringdb.com/api"
US,Maryland Heights,1,2,0,"PeeringDB, peeringdb.com/api"
KR,Busan,1,2,0,"PeeringDB, peeringdb.com/api"
IN,JAMMU,1,2,0,"PeeringDB, peeringdb.com/api"
IN,Bhilai,1,2,0,"PeeringDB, peeringdb.com/api"
DE,Kirchlinteln,1,2,0,"PeeringDB, peeringdb.com/api"
BR,Lajeado,1,2,0,"PeeringDB, peeringdb.com/api"
IL,Herzliya,1,2,0,"PeeringDB, peeringdb.com/api"
NC,Noumea,2,2,0,"PeeringDB, peeringdb.com/api"
IN,Dehradun,1,2,0,"PeeringDB, peeringdb.com/api"
FR,Aubergenville,1,2,0,"PeeringDB, peeringdb.com/api"
SD,Port Sudan,1,2,0,"PeeringDB, peeringdb.com/api"
DE,Garching bei München,2,2,0,"PeeringDB, peeringdb.com/api"
GB,Durham,1,2,0,"PeeringDB, peeringdb.com/api"
BE,Zwijndrecht,1,2,0,"PeeringDB, peeringdb.com/api"
NZ,Ashburton District,1,2,0,"PeeringDB, peeringdb.com/api"
NZ,Horowhenua District,1,2,0,"PeeringDB, peeringdb.com/api"
NZ,Rotorua District,2,2,0,"PeeringDB, peeringdb.com/api"
NZ,Waitaki District,1,2,0,"PeeringDB, peeringdb.com/api"
NZ,Palmerston North City,1,2,0,"PeeringDB, peeringdb.com/api"
NZ,Queenstown-Lakes District,1,2,0,"PeeringDB, peeringdb.com/api"
NZ,Taupo District,1,2,0,"PeeringDB, peeringdb.com/api"
NZ,Timaru District,1,2,0,"PeeringDB, peeringdb.com/api"
NZ,Whakatane District,1,2,0,"PeeringDB, peeringdb.com/api"
GE,Kutaisi,1,2,0,"PeeringDB, peeringdb.com/api"
AR,San Luis,1,2,0,"PeeringDB, peeringdb.com/api"
AR,Viedma,1,2,0,"PeeringDB, peeringdb.com/api"
AR,Pergamino,1,2,0,"PeeringDB, peeringdb.com/api"
US,Itasca,1,2,0,"PeeringDB, peeringdb.com/api"
US,Independence,1,2,0,"PeeringDB, peeringdb.com/api"
ID,Gianyar,1,2,2,"PeeringDB, peeringdb.com/api"
US,Waukee,1,2,0,"PeeringDB, peeringdb.com/api"
FR,La Roche-sur-Yon,1,2,0,"PeeringDB, peeringdb.com/api"
ID,Cibatu  Cikarang Sel.,1,2,0,"PeeringDB, peeringdb.com/api"
DE,Kehrsen,1,2,2,"PeeringDB, peeringdb.com/api"
ID,Kota Semarang,1,2,0,"PeeringDB, peeringdb.com/api"
JP,Shiroi-shi,1,2,0,"PeeringDB, peeringdb.com/api"
ID,Kota Tangerang Selatan,1,2,0,"PeeringDB, peeringdb.com/api"
DE,Greven,2,2,0,"PeeringDB, peeringdb.com/api"
NA,Windhoek,1,2,6,"PeeringDB, peeringdb.com/api"
CL,San Pedro,1,2,0,"PeeringDB, peeringdb.com/api"
IN,Burdwan,1,2,0,"PeeringDB, peeringdb.com/api"
IN,Bhopal,1,2,0,"PeeringDB, peeringdb.com/api"
FR,Montigny-le-Bretonneux,1,2,0,"PeeringDB, peeringdb.com/api"
MV,Male',1,2,8,"PeeringDB, peeringdb.com/api"
SE,Lund,1,2,0,"PeeringDB, peeringdb.com/api"
KR,Yeongdeungpo-Gu,1,2,0,"PeeringDB, peeringdb.com/api"
IL,Beit Yehoshua,1,2,0,"PeeringDB, peeringdb.com/api"
US,Cedar Falls,2,2,0,"PeeringDB, peeringdb.com/api"
GB,Chester,1,2,0,"PeeringDB, peeringdb.com/api"
GB,Bristol,1,2,0,"PeeringDB, peeringdb.com/api"
IN,Surat,1,2,0,"PeeringDB, peeringdb.com/api"
IN,Ghaziabad,2,2,1,"PeeringDB, peeringdb.com/api"
MX,Toluca,1,2,0,"PeeringDB, peeringdb.com/api"
US,Yankton,1,2,0,"PeeringDB, peeringdb.com/api"
US,Grand Forks,1,2,0,"PeeringDB, peeringdb.com/api"
DE,Aachen,1,2,0,"PeeringDB, peeringdb.com/api"
IT,Rapallo,1,2,0,"PeeringDB, peeringdb.com/api"
FR,Toulon,1,2,0,"PeeringDB, peeringdb.com/api"
IT,Brindisi,1,2,0,"PeeringDB, peeringdb.com/api"
TR,B Blok,1,2,0,"PeeringDB, peeringdb.com/api"
CH,Rotkreuz,1,2,0,"PeeringDB, peeringdb.com/api"
IN,Chandigarh,1,2,0,"PeeringDB, peeringdb.com/api"
AU,Garbutt,1,2,0,"PeeringDB, peeringdb.com/api"
TZ,Tanga,1,2,0,"PeeringDB, peeringdb.com/api"
CV,Praia,1,2,5,"PeeringDB, peeringdb.com/api"
PH,Manila,1,2,345,"PeeringDB, peeringdb.com/api"
TW,Taichung City,1,2,0,"PeeringDB, peeringdb.com/api"
JP,Minoo-shi  Osaka-Fu ,1,2,0,"PeeringDB, peeringdb.com/api"
FR,Saint-Clément-de-Rivière,1,2,0,"PeeringDB, peeringdb.com/api"
DE,Gudow,1,2,1,"PeeringDB, peeringdb.com/api"
US,Ottoville,1,2,0,"PeeringDB, peeringdb.com/api"
US,Naples,1,2,0,"PeeringDB, peeringdb.com/api"
SE,Falun,1,2,0,"PeeringDB, peeringdb.com/api"
FR,Bouillargues,1,2,0,"PeeringDB, peeringdb.com/api"
DE,Fürth,1,2,0,"PeeringDB, peeringdb.com/api"
US,Lakewood,1,2,0,"PeeringDB, peeringdb.com/api"
JP,Hakata,1,2,0,"PeeringDB, peeringdb.com/api"
PL,Jawczyce ,1,2,0,"PeeringDB, peeringdb.com/api"
BD,Banani,1,2,0,"PeeringDB, peeringdb.com/api"
GB,Normanton,1,2,0,"PeeringDB, peeringdb.com/api"
AU,Sydney Olympic Park,1,2,0,"PeeringDB, peeringdb.com/api"
FR,Chevigny-Saint-Sauveur,1,2,0,"PeeringDB, peeringdb.com/api"
RU,Пермь,1,2,0,"PeeringDB, peeringdb.com/api"
BG,Pazardzhik,1,2,0,"PeeringDB, peeringdb.com/api"
BG,Razgrad,1,2,0,"PeeringDB, peeringdb.com/api"
BG,Pleven,1,2,0,"PeeringDB, peeringdb.com/api"
BG,Sliven,1,2,0,"PeeringDB, peeringdb.com/api"
CL,San Esteban,1,2,0,"PeeringDB, peeringdb.com/api"
GB,Swindon,1,2,0,"PeeringDB, peeringdb.com/api"
FR,Chasseneuil-du-Poitou,1,2,0,"PeeringDB, peeringdb.com/api"
AR,Benavídez,2,2,0,"PeeringDB, peeringdb.com/api"
AU,Brooklyn,1,2,0,"PeeringDB, peeringdb.com/api"
US,Shawnee,1,2,0,"PeeringDB, peeringdb.com/api"
US,Spencer,1,2,0,"PeeringDB, peeringdb.com/api"
VE,Valencia,1,2,15,"PeeringDB, peeringdb.com/api"
RU,Saint-Peterburg,1,2,0,"PeeringDB, peeringdb.com/api"
GB,Derby,1,2,0,"PeeringDB, peeringdb.com/api"
UA,Zhytomyr,1,2,0,"PeeringDB, peeringdb.com/api"
BR,Caruaru,2,2,6,"PeeringDB, peeringdb.com/api"
SA,Al-Khobar,1,2,0,"PeeringDB, peeringdb.com/api"
SA,Madinah,1,2,0,"PeeringDB, peeringdb.com/api"
SA,Buraydah,1,2,0,"PeeringDB, peeringdb.com/api"
US,Ivel,1,2,0,"PeeringDB, peeringdb.com/api"
CL,Punta Arenas,1,2,7,"PeeringDB, peeringdb.com/api"
US,Binghamton,1,2,0,"PeeringDB, peeringdb.com/api"
PL,Duchnice,1,2,0,"PeeringDB, peeringdb.com/api"
SL,Jui,1,2,0,"PeeringDB, peeringdb.com/api"
US,Bismarck,1,2,0,"PeeringDB, peeringdb.com/api"
DE,Mainhausen,1,2,0,"PeeringDB, peeringdb.com/api"
IN,Siruseri,1,2,0,"PeeringDB, peeringdb.com/api"
TH,Samutprakan,1,2,0,"PeeringDB, peeringdb.com/api"
KR,Gwacheon-si,1,2,0,"PeeringDB, peeringdb.com/api"
FR,Mons en Baroeul,1,2,0,"PeeringDB, peeringdb.com/api"
US,Mililani,1,2,0,"PeeringDB, peeringdb.com/api"
LR,Monrovia,1,2,0,"PeeringDB, peeringdb.com/api"
IN,Panvel,1,2,0,"PeeringDB, peeringdb.com/api"
FR,Chantelle,1,2,0,"PeeringDB, peeringdb.com/api"
NL,Schiphol-Rijk,2,2,0,"PeeringDB, peeringdb.com/api"
HK,Hong Kong SAR,1,2,0,"PeeringDB, peeringdb.com/api"
NL,Sittard,1,1,0,"PeeringDB, peeringdb.com/api"
US,Brentwood,2,1,0,"PeeringDB, peeringdb.com/api"
DE,Herford,1,1,0,"PeeringDB, peeringdb.com/api"
SE,Boras,1,1,0,"PeeringDB, peeringdb.com/api"
IT,Ascoli Piceno,1,1,0,"PeeringDB, peeringdb.com/api"
AU,Newcastle,1,1,0,"PeeringDB, peeringdb.com/api"
FR,Thillois,1,1,0,"PeeringDB, peeringdb.com/api"
GB,Oxford,1,1,0,"PeeringDB, peeringdb.com/api"
AU,Tuggerah,1,1,0,"PeeringDB, peeringdb.com/api"
US,Bozeman,2,1,0,"PeeringDB, peeringdb.com/api"
EG,Tenth of Ramadan,1,1,0,"PeeringDB, peeringdb.com/api"
US,Mountain View,1,1,0,"PeeringDB, peeringdb.com/api"
DE,Rostock,1,1,0,"PeeringDB, peeringdb.com/api"
DE,Mannheim,1,1,0,"PeeringDB, peeringdb.com/api"
GU,Dededo,1,1,0,"PeeringDB, peeringdb.com/api"
US,Lenoir,1,1,0,"PeeringDB, peeringdb.com/api"
LI,Balzers,1,1,0,"PeeringDB, peeringdb.com/api"
US,East Grand Forks,1,1,0,"PeeringDB, peeringdb.com/api"
IN,Manipal,1,1,0,"PeeringDB, peeringdb.com/api"
BJ,Cotonou,1,1,5,"PeeringDB, peeringdb.com/api"
FR,Aubière,1,1,0,"PeeringDB, peeringdb.com/api"
DE,Paderborn,1,1,0,"PeeringDB, peeringdb.com/api"
GB,Welwyn Garden City,1,1,0,"PeeringDB, peeringdb.com/api"
NL,Goes,1,1,0,"PeeringDB, peeringdb.com/api"
US,Plattsburgh,1,1,0,"PeeringDB, peeringdb.com/api"
AU,North Melbourne,1,1,0,"PeeringDB, peeringdb.com/api"
MX,Mexico,1,1,0,"PeeringDB, peeringdb.com/api"
US,Manchester,3,1,0,"PeeringDB, peeringdb.com/api"
US,Hamilton,1,1,0,"PeeringDB, peeringdb.com/api"
US,Wakefield,1,1,0,"PeeringDB, peeringdb.com/api"
AU,Waterloo,1,1,0,"PeeringDB, peeringdb.com/api"
US,Stockton,1,1,0,"PeeringDB, peeringdb.com/api"
IS,Keflavik,1,1,0,"PeeringDB, peeringdb.com/api"
IT,Salerno,1,1,0,"PeeringDB, peeringdb.com/api"
SE,Luleå,1,1,0,"PeeringDB, peeringdb.com/api"
CH,Olten,1,1,0,"PeeringDB, peeringdb.com/api"
US,Forrest City,1,1,0,"PeeringDB, peeringdb.com/api"
IT,San Benedetto del Tronto,1,1,0,"PeeringDB, peeringdb.com/api"
US,Boone,1,1,0,"PeeringDB, peeringdb.com/api"
DK,Valby,1,1,0,"PeeringDB, peeringdb.com/api"
US,Utica,1,1,0,"PeeringDB, peeringdb.com/api"
DE,Fulda,1,1,0,"PeeringDB, peeringdb.com/api"
CZ,Olomouc,1,1,0,"PeeringDB, peeringdb.com/api"
CH,Stabio,1,1,0,"PeeringDB, peeringdb.com/api"
AM,Tahir,1,1,0,"PeeringDB, peeringdb.com/api"
US,Alsip,1,1,0,"PeeringDB, peeringdb.com/api"
US,Bannockburn,1,1,0,"PeeringDB, peeringdb.com/api"
AR,Villa Gobernador Gálvez,1,1,0,"PeeringDB, peeringdb.com/api"
ES,Torrevieja,1,1,0,"PeeringDB, peeringdb.com/api"
CA,Olds,1,1,0,"PeeringDB, peeringdb.com/api"
US,San Juan,1,1,0,"PeeringDB, peeringdb.com/api"
PS,Gaza,1,1,0,"PeeringDB, peeringdb.com/api"
LU,Contern,1,1,0,"PeeringDB, peeringdb.com/api"
DE,Usingen/Neu-Anspach,1,1,0,"PeeringDB, peeringdb.com/api"
CZ,Zlin,1,1,0,"PeeringDB, peeringdb.com/api"
NO,Rjukan,1,1,0,"PeeringDB, peeringdb.com/api"
GM,Serrekunda,1,1,0,"PeeringDB, peeringdb.com/api"
CH,Dietikon,1,1,0,"PeeringDB, peeringdb.com/api"
SE,Spanga,1,1,0,"PeeringDB, peeringdb.com/api"
UA,Dnepropetrovsk,1,1,0,"PeeringDB, peeringdb.com/api"
IT,Quarrata,1,1,0,"PeeringDB, peeringdb.com/api"
US,Orem,1,1,0,"PeeringDB, peeringdb.com/api"
BO,Cochabamba,1,1,0,"PeeringDB, peeringdb.com/api"
US,Wheatland,1,1,0,"PeeringDB, peeringdb.com/api"
US,Riverton,1,1,0,"PeeringDB, peeringdb.com/api"
US,Gillette,1,1,0,"PeeringDB, peeringdb.com/api"
US,Sheridan,2,1,0,"PeeringDB, peeringdb.com/api"
US,Colstrip,1,1,0,"PeeringDB, peeringdb.com/api"
NO,Eide,1,1,0,"PeeringDB, peeringdb.com/api"
CH,Melano,1,1,0,"PeeringDB, peeringdb.com/api"
DE,Schwerin,1,1,0,"PeeringDB, peeringdb.com/api"
RU,Kaliningrad,1,1,0,"PeeringDB, peeringdb.com/api"
RU,Kizilurt,1,1,0,"PeeringDB, peeringdb.com/api"
CA,Hamilton,3,1,0,"PeeringDB, peeringdb.com/api"
US,Luckey,1,1,0,"PeeringDB, peeringdb.com/api"
BR,Praia Grande,2,1,0,"PeeringDB, peeringdb.com/api"
US,Lowell,1,1,0,"PeeringDB, peeringdb.com/api"
CG,Brazzaville,2,1,9,"PeeringDB, peeringdb.com/api"
KW,Shuwaikh,1,1,0,"PeeringDB, peeringdb.com/api"
US,East Windsor,1,1,0,"PeeringDB, peeringdb.com/api"
IN,Berhampore,1,1,0,"PeeringDB, peeringdb.com/api"
US,Parma,1,1,0,"PeeringDB, peeringdb.com/api"
NL,Den Bosch,1,1,0,"PeeringDB, peeringdb.com/api"
US,Waterbury,2,1,0,"PeeringDB, peeringdb.com/api"
US,Rockland,1,1,0,"PeeringDB, peeringdb.com/api"
US,Hartford,2,1,0,"PeeringDB, peeringdb.com/api"
TT,San Juan,1,1,0,"PeeringDB, peeringdb.com/api"
TT,San Fernando,1,1,0,"PeeringDB, peeringdb.com/api"
TT,Port of Spain,2,1,0,"PeeringDB, peeringdb.com/api"
US,Lansing,1,1,0,"PeeringDB, peeringdb.com/api"
FR,La Chapelle-sur-Erdre,1,1,0,"PeeringDB, peeringdb.com/api"
US,Anaheim,1,1,0,"PeeringDB, peeringdb.com/api"
NP,Lalitpur,1,1,18,"PeeringDB, peeringdb.com/api"
DK,Hvidovre,1,1,0,"PeeringDB, peeringdb.com/api"
DK,Aalborg,1,1,0,"PeeringDB, peeringdb.com/api"
US,Chappaqua,1,1,0,"PeeringDB, peeringdb.com/api"
AU,Deer Park,2,1,0,"PeeringDB, peeringdb.com/api"
DE,Saarwellingen,2,1,0,"PeeringDB, peeringdb.com/api"
JP,Ginoza Village,1,1,0,"PeeringDB, peeringdb.com/api"
AU,Alfredton,1,1,0,"PeeringDB, peeringdb.com/api"
JP,Nago,1,1,0,"PeeringDB, peeringdb.com/api"
NP,Thapathali,1,1,0,"PeeringDB, peeringdb.com/api"
GB,Exeter,1,1,0,"PeeringDB, peeringdb.com/api"
DE,Marburg,1,1,0,"PeeringDB, peeringdb.com/api"
PT,Prior Velho,1,1,0,"PeeringDB, peeringdb.com/api"
GB,Borehamwood,1,1,0,"PeeringDB, peeringdb.com/api"
GB,Bolton,1,1,0,"PeeringDB, peeringdb.com/api"
BR,Rio Claro,1,1,0,"PeeringDB, peeringdb.com/api"
AU,Spring Hill,1,1,0,"PeeringDB, peeringdb.com/api"
CH,Muttenz,1,1,0,"PeeringDB, peeringdb.com/api"
ES,Palma,1,1,0,"PeeringDB, peeringdb.com/api"
US,Trumbull,1,1,0,"PeeringDB, peeringdb.com/api"
LB,Beirut,3,1,53,"PeeringDB, peeringdb.com/api"
GR,Marousi,1,1,0,"PeeringDB, peeringdb.com/api"
GB,Stockley Park,1,1,0,"PeeringDB, peeringdb.com/api"
RO,Drobeta Turnu Severin,1,1,0,"PeeringDB, peeringdb.com/api"
US,Fort Lauderdale,1,1,0,"PeeringDB, peeringdb.com/api"
US,Norcross,1,1,0,"PeeringDB, peeringdb.com/api"
DE,Konstanz,1,1,0,"PeeringDB, peeringdb.com/api"
GB,Bracknell,2,1,0,"PeeringDB, peeringdb.com/api"
US,Kalamazoo,1,1,0,"PeeringDB, peeringdb.com/api"
MK,Štip,1,1,0,"PeeringDB, peeringdb.com/api"
BR,São Leopoldo,1,1,0,"PeeringDB, peeringdb.com/api"
MY,Georgetown,1,1,0,"PeeringDB, peeringdb.com/api"
US,Great Falls,1,1,0,"PeeringDB, peeringdb.com/api"
BR,Videira,1,1,0,"PeeringDB, peeringdb.com/api"
MM,Thanlyin,1,1,0,"PeeringDB, peeringdb.com/api"
SE,Sollentuna,1,1,0,"PeeringDB, peeringdb.com/api"
BR,Ribeirão das Neves,1,1,0,"PeeringDB, peeringdb.com/api"
US,Northborough,1,1,0,"PeeringDB, peeringdb.com/api"
IN,Vijayawada,2,1,0,"PeeringDB, peeringdb.com/api"
CZ,Ivančice,1,1,0,"PeeringDB, peeringdb.com/api"
GB,Rugby,2,1,0,"PeeringDB, peeringdb.com/api"
NO,Hamar,2,1,0,"PeeringDB, peeringdb.com/api"
US,Glen Burnie,1,1,0,"PeeringDB, peeringdb.com/api"
MM,Yangon,2,1,45,"PeeringDB, peeringdb.com/api"
AR,Chos Malal,1,1,0,"PeeringDB, peeringdb.com/api"
SE,Huskvarna,1,1,0,"PeeringDB, peeringdb.com/api"
IT,Padua,1,1,0,"PeeringDB, peeringdb.com/api"
CZ,Veselí nad Lužnicí,1,1,0,"PeeringDB, peeringdb.com/api"
BR,Brusque,2,1,0,"PeeringDB, peeringdb.com/api"
GB,Basildon,1,1,0,"PeeringDB, peeringdb.com/api"
ML,Bamako,2,1,5,"PeeringDB, peeringdb.com/api"
US,Latham,1,1,0,"PeeringDB, peeringdb.com/api"
US,Newton,1,1,0,"PeeringDB, peeringdb.com/api"
RU,Udomlya,1,1,0,"PeeringDB, peeringdb.com/api"
AU,Brookvale,1,1,0,"PeeringDB, peeringdb.com/api"
IN,Pondicherry,1,1,0,"PeeringDB, peeringdb.com/api"
BR,Teresina,2,1,0,"PeeringDB, peeringdb.com/api"
BH,Manama,2,1,28,"PeeringDB, peeringdb.com/api"
CH,Widnau,1,1,0,"PeeringDB, peeringdb.com/api"
BD,Khulna,2,1,0,"PeeringDB, peeringdb.com/api"
DE,Göppingen,1,1,0,"PeeringDB, peeringdb.com/api"
JP,Mitaka-shi,2,1,0,"PeeringDB, peeringdb.com/api"
AT,Ostermiething,1,1,0,"PeeringDB, peeringdb.com/api"
IN,BIJAPUR,1,1,0,"PeeringDB, peeringdb.com/api"
DE,Lehrte,1,1,0,"PeeringDB, peeringdb.com/api"
US,Fresno,1,1,0,"PeeringDB, peeringdb.com/api"
US,Bridgeport,1,1,0,"PeeringDB, peeringdb.com/api"
DK,Tønder,1,1,0,"PeeringDB, peeringdb.com/api"
KW,Kuwait City,2,1,15,"PeeringDB, peeringdb.com/api"
FR,Trappes,1,1,0,"PeeringDB, peeringdb.com/api"
IT,Prato,1,1,0,"PeeringDB, peeringdb.com/api"
IT,Nuoro,1,1,0,"PeeringDB, peeringdb.com/api"
GB,Aylesbury,1,1,0,"PeeringDB, peeringdb.com/api"
BD,Noahkali,1,1,0,"PeeringDB, peeringdb.com/api"
US,Goodyear,1,1,0,"PeeringDB, peeringdb.com/api"
US,Butler,1,1,0,"PeeringDB, peeringdb.com/api"
SI,Maribor,1,1,0,"PeeringDB, peeringdb.com/api"
ID,Bandung Barat,1,1,0,"PeeringDB, peeringdb.com/api"
BH,Hamala,1,1,0,"PeeringDB, peeringdb.com/api"
US,College Station,1,1,0,"PeeringDB, peeringdb.com/api"
SI,Koper,1,1,0,"PeeringDB, peeringdb.com/api"
RO,Voluntari,1,1,0,"PeeringDB, peeringdb.com/api"
US,Noblesville,1,1,0,"PeeringDB, peeringdb.com/api"
IT,Pordenone,1,1,0,"PeeringDB, peeringdb.com/api"
US,Commack,2,1,0,"PeeringDB, peeringdb.com/api"
DK,Esbjerg,1,1,6,"PeeringDB, peeringdb.com/api"
DE,Hof,1,1,0,"PeeringDB, peeringdb.com/api"
TR,Adana,1,1,0,"PeeringDB, peeringdb.com/api"
AT,Bregenz,1,1,0,"PeeringDB, peeringdb.com/api"
DE,Remscheid,1,1,0,"PeeringDB, peeringdb.com/api"
PE,Trujillo,1,1,6,"PeeringDB, peeringdb.com/api"
TR,Isparta Merkez,1,1,0,"PeeringDB, peeringdb.com/api"
CN,Nanjing,2,1,0,"PeeringDB, peeringdb.com/api"
GQ,Malabo,1,1,0,"PeeringDB, peeringdb.com/api"
CL,Arica,1,1,0,"PeeringDB, peeringdb.com/api"
GT,Puerto Barrios,1,1,0,"PeeringDB, peeringdb.com/api"
FR,Pontarlier,1,1,0,"PeeringDB, peeringdb.com/api"
NZ,Albany,1,1,0,"PeeringDB, peeringdb.com/api"
RO,Rotunda,2,1,0,"PeeringDB, peeringdb.com/api"
GB,Coleraine,1,1,0,"PeeringDB, peeringdb.com/api"
GB,Greenwich,1,1,0,"PeeringDB, peeringdb.com/api"
RU,Korolev,1,1,0,"PeeringDB, peeringdb.com/api"
BO,La Paz,1,1,18,"PeeringDB, peeringdb.com/api"
CL,Viña del Mar,2,1,2,"PeeringDB, peeringdb.com/api"
CA,Kamloops,1,1,0,"PeeringDB, peeringdb.com/api"
JP,Sanda-shi,1,1,0,"PeeringDB, peeringdb.com/api"
PE,Arequipa,2,1,14,"PeeringDB, peeringdb.com/api"
IN,Sarjapura,1,1,0,"PeeringDB, peeringdb.com/api"
SE,Karlshamn,1,1,0,"PeeringDB, peeringdb.com/api"
KR,Yongin,2,1,0,"PeeringDB, peeringdb.com/api"
BR,Muriaé,1,1,0,"PeeringDB, peeringdb.com/api"
PL,Opole,1,1,0,"PeeringDB, peeringdb.com/api"
CN,Huizhou,1,1,0,"PeeringDB, peeringdb.com/api"
US,Romoland,1,1,0,"PeeringDB, peeringdb.com/api"
NG,Port Harcourt,1,1,2,"PeeringDB, peeringdb.com/api"
GB,Elland,2,1,0,"PeeringDB, peeringdb.com/api"
US,Reading,2,1,0,"PeeringDB, peeringdb.com/api"
IT,Rende,1,1,0,"PeeringDB, peeringdb.com/api"
MX,San Luis Potosi,2,1,0,"PeeringDB, peeringdb.com/api"
MX,León,4,1,0,"PeeringDB, peeringdb.com/api"
BE,Evere,1,1,0,"PeeringDB, peeringdb.com/api"
PL,Grojec,1,1,0,"PeeringDB, peeringdb.com/api"
RO,Chiajna,1,1,0,"PeeringDB, peeringdb.com/api"
JP,Mitaka,5,1,0,"PeeringDB, peeringdb.com/api"
SE,Hisings Kärra,1,1,0,"PeeringDB, peeringdb.com/api"
SE,Järfälla,1,1,0,"PeeringDB, peeringdb.com/api"
FR,Chavanod,1,1,0,"PeeringDB, peeringdb.com/api"
US,Westminster,1,1,0,"PeeringDB, peeringdb.com/api"
US,Waco,1,1,0,"PeeringDB, peeringdb.com/api"
BE,Beersel,1,1,0,"PeeringDB, peeringdb.com/api"
LA,Chanthabouly,1,1,0,"PeeringDB, peeringdb.com/api"
BR,Ponta Porã,1,1,0,"PeeringDB, peeringdb.com/api"
DE,Augsburg,1,1,0,"PeeringDB, peeringdb.com/api"
AT,Hallein,1,1,0,"PeeringDB, peeringdb.com/api"
MM,Mandalay,1,1,23,"PeeringDB, peeringdb.com/api"
AE,Abu Dhabi,2,1,0,"PeeringDB, peeringdb.com/api"
US,Fort Walton Beach,1,1,0,"PeeringDB, peeringdb.com/api"
AR,Villa Gesell,1,1,0,"PeeringDB, peeringdb.com/api"
MA,Rabat,1,1,0,"PeeringDB, peeringdb.com/api"
DE,Bad Oeynhausen,1,1,0,"PeeringDB, peeringdb.com/api"
FR,Belfort,1,1,0,"PeeringDB, peeringdb.com/api"
FR,Canteleu,1,1,0,"PeeringDB, peeringdb.com/api"
RO,Ploiesti,1,1,0,"PeeringDB, peeringdb.com/api"
MX,Hermosillo Centro,1,1,0,"PeeringDB, peeringdb.com/api"
ES,Arrecife,1,1,0,"PeeringDB, peeringdb.com/api"
CA,Drummondville,1,1,0,"PeeringDB, peeringdb.com/api"
ES,Sant Boi de Llobregat,1,1,0,"PeeringDB, peeringdb.com/api"
FR,Albi,1,1,0,"PeeringDB, peeringdb.com/api"
FR,Châteaubourg,1,1,0,"PeeringDB, peeringdb.com/api"
FR,Sequedin,1,1,0,"PeeringDB, peeringdb.com/api"
FR,Nancy,1,1,0,"PeeringDB, peeringdb.com/api"
US,Thornton,1,1,0,"PeeringDB, peeringdb.com/api"
NZ,Manawatu District,1,1,0,"PeeringDB, peeringdb.com/api"
NZ,Gisborne District,1,1,0,"PeeringDB, peeringdb.com/api"
NZ,Grey District,1,1,0,"PeeringDB, peeringdb.com/api"
NZ,Whangarei District,2,1,0,"PeeringDB, peeringdb.com/api"
NZ,Kapiti Coast District,1,1,0,"PeeringDB, peeringdb.com/api"
TR,Ataşehir,1,1,0,"PeeringDB, peeringdb.com/api"
AR,Rio Gallegos,1,1,0,"PeeringDB, peeringdb.com/api"
US,Kannapolis,1,1,0,"PeeringDB, peeringdb.com/api"
IT,Venice,1,1,0,"PeeringDB, peeringdb.com/api"
GB,Poole,1,1,0,"PeeringDB, peeringdb.com/api"
NL,Tjerkgaast,1,1,0,"PeeringDB, peeringdb.com/api"
BR,Marechal Cândido Rondon,1,1,0,"PeeringDB, peeringdb.com/api"
AU,Rosebery,1,1,0,"PeeringDB, peeringdb.com/api"
DE,Lappersdorf,1,1,0,"PeeringDB, peeringdb.com/api"
JP,Toshima-ku,1,1,0,"PeeringDB, peeringdb.com/api"
CH,Zug,1,1,0,"PeeringDB, peeringdb.com/api"
IT,Brunello,1,1,0,"PeeringDB, peeringdb.com/api"
DE,Emsdetten,1,1,0,"PeeringDB, peeringdb.com/api"
DE,Nordhorn,1,1,0,"PeeringDB, peeringdb.com/api"
US,Southbury,1,1,0,"PeeringDB, peeringdb.com/api"
US,Santa Paula,1,1,0,"PeeringDB, peeringdb.com/api"
DE,Lindau,1,1,0,"PeeringDB, peeringdb.com/api"
IN,Panaji,1,1,0,"PeeringDB, peeringdb.com/api"
PL,Grodzisk Mazowiecki,1,1,0,"PeeringDB, peeringdb.com/api"
AO,Morro Bento,1,1,0,"PeeringDB, peeringdb.com/api"
DE,Ellhofen,1,1,0,"PeeringDB, peeringdb.com/api"
GB,Dartford,1,1,0,"PeeringDB, peeringdb.com/api"
DE,Wiesbaden,1,1,0,"PeeringDB, peeringdb.com/api"
NL,Kloetinge,1,1,0,"PeeringDB, peeringdb.com/api"
US,West Des Moines,1,1,0,"PeeringDB, peeringdb.com/api"
IN,Coimbatore,2,1,0,"PeeringDB, peeringdb.com/api"
IN,Rajkot,1,1,0,"PeeringDB, peeringdb.com/api"
IN,Nagpur,1,1,0,"PeeringDB, peeringdb.com/api"
IN,Jabalpur,1,1,0,"PeeringDB, peeringdb.com/api"
IN,Cuttack,1,1,0,"PeeringDB, peeringdb.com/api"
IT,Boissano,1,1,0,"PeeringDB, peeringdb.com/api"
ID,Kota Kediri,1,1,0,"PeeringDB, peeringdb.com/api"
US,Germantown,1,1,0,"PeeringDB, peeringdb.com/api"
US,Urbana,1,1,0,"PeeringDB, peeringdb.com/api"
US,Brookings,1,1,2,"PeeringDB, peeringdb.com/api"
US,Vernal,1,1,0,"PeeringDB, peeringdb.com/api"
US,Westland,1,1,0,"PeeringDB, peeringdb.com/api"
US,Mount Pleasant,1,1,5,"PeeringDB, peeringdb.com/api"
SO,Berbera,1,1,0,"PeeringDB, peeringdb.com/api"
US,De Pere,1,1,0,"PeeringDB, peeringdb.com/api"
FR,Eppes,1,1,0,"PeeringDB, peeringdb.com/api"
IN,Vijaywada,1,1,0,"PeeringDB, peeringdb.com/api"
IN,Siliguri,1,1,0,"PeeringDB, peeringdb.com/api"
IN,Madurai,1,1,0,"PeeringDB, peeringdb.com/api"
IN,Tuticorin,1,1,0,"PeeringDB, peeringdb.com/api"
TZ,Mbeya,1,1,2,"PeeringDB, peeringdb.com/api"
FR,Chauray,1,1,0,"PeeringDB, peeringdb.com/api"
US,Rutland,1,1,0,"PeeringDB, peeringdb.com/api"
US,Bowling Green,1,1,0,"PeeringDB, peeringdb.com/api"
US,Russellville,1,1,0,"PeeringDB, peeringdb.com/api"
GB,Runcorn,1,1,0,"PeeringDB, peeringdb.com/api"
US,West Haven,1,1,0,"PeeringDB, peeringdb.com/api"
US,New Haven,1,1,0,"PeeringDB, peeringdb.com/api"
US,New London,1,1,0,"PeeringDB, peeringdb.com/api"
BR,Alvorada,1,1,0,"PeeringDB, peeringdb.com/api"
IN,Puri,1,1,0,"PeeringDB, peeringdb.com/api"
IN,Belgaum,1,1,0,"PeeringDB, peeringdb.com/api"
CL,Las Lumas,1,1,0,"PeeringDB, peeringdb.com/api"
IN,Mohali,2,1,0,"PeeringDB, peeringdb.com/api"
US,Gresham,1,1,0,"PeeringDB, peeringdb.com/api"
US,Tigard,1,1,0,"PeeringDB, peeringdb.com/api"
US,Kennewick,1,1,0,"PeeringDB, peeringdb.com/api"
US,Everett,1,1,0,"PeeringDB, peeringdb.com/api"
AR,Lomas del Mirador,1,1,0,"PeeringDB, peeringdb.com/api"
MX,Tepotzotlán,1,1,0,"PeeringDB, peeringdb.com/api"
US,Myrtle Beach,1,1,0,"PeeringDB, peeringdb.com/api"
US,Arlington Heights,1,1,0,"PeeringDB, peeringdb.com/api"
CN,Shangai,1,1,0,"PeeringDB, peeringdb.com/api"
FR,Larcay,1,1,0,"PeeringDB, peeringdb.com/api"
CZ,Praha  10,1,1,0,"PeeringDB, peeringdb.com/api"
MU,3rd,1,1,0,"PeeringDB, peeringdb.com/api"
AU,Port Hedland,1,1,0,"PeeringDB, peeringdb.com/api"
AU,Newman,1,1,0,"PeeringDB, peeringdb.com/api"
GB,Wirral,1,1,0,"PeeringDB, peeringdb.com/api"
DE,Oldenburg,1,1,0,"PeeringDB, peeringdb.com/api"
IT,Trieste,1,1,0,"PeeringDB, peeringdb.com/api"
US,Bayamon,1,1,0,"PeeringDB, peeringdb.com/api"
FR,Auch,1,1,0,"PeeringDB, peeringdb.com/api"
BR,Tramandaí,1,1,0,"PeeringDB, peeringdb.com/api"
JP,Yokohama  Kanagawa ,1,1,0,"PeeringDB, peeringdb.com/api"
FR,Amilly,1,1,0,"PeeringDB, peeringdb.com/api"
AR,Zárate,1,1,0,"PeeringDB, peeringdb.com/api"
CL,Temuco,1,1,4,"PeeringDB, peeringdb.com/api"
US,Lynn,1,1,0,"PeeringDB, peeringdb.com/api"
KR,Gyeonggi-do,1,1,0,"PeeringDB, peeringdb.com/api"
GB,Tyne & Wear,1,1,0,"PeeringDB, peeringdb.com/api"
GB,Rotherham,1,1,0,"PeeringDB, peeringdb.com/api"
BR,Cariacica,1,1,0,"PeeringDB, peeringdb.com/api"
PH,General Trias,2,1,0,"PeeringDB, peeringdb.com/api"
KR,Yongin-si,1,1,0,"PeeringDB, peeringdb.com/api"
US,Hulbert,1,1,0,"PeeringDB, peeringdb.com/api"
AE,Jebel Ali,2,1,0,"PeeringDB, peeringdb.com/api"
US,Menasha,1,1,0,"PeeringDB, peeringdb.com/api"
ES,Getafe,1,1,0,"PeeringDB, peeringdb.com/api"
ES,Rivabellosa,1,1,0,"PeeringDB, peeringdb.com/api"
DE,Oberhausen,1,1,0,"PeeringDB, peeringdb.com/api"
ID,Tulungagung,1,1,0,"PeeringDB, peeringdb.com/api"
FR,Meudon,1,1,0,"PeeringDB, peeringdb.com/api"
ID,Kota Banda Aceh,1,1,0,"PeeringDB, peeringdb.com/api"
ID,Bandar Lampung,1,1,16,"PeeringDB, peeringdb.com/api"
BR,São Bernardo do Campo,1,1,0,"PeeringDB, peeringdb.com/api"
FR,Ferrières-en-Brie,1,1,0,"PeeringDB, peeringdb.com/api"
DE,Heidelberg,1,1,0,"PeeringDB, peeringdb.com/api"
KR,Incheon,1,1,0,"PeeringDB, peeringdb.com/api"
US,St Louis,1,1,0,"PeeringDB, peeringdb.com/api"
SA,Mecca,1,1,0,"PeeringDB, peeringdb.com/api"
RO,Juc-Herghelie,1,1,0,"PeeringDB, peeringdb.com/api"
SI,Črnuče,1,1,0,"PeeringDB, peeringdb.com/api"
ES,Arganda del Rey,1,1,0,"PeeringDB, peeringdb.com/api"
TZ,Iringa,1,1,0,"PeeringDB, peeringdb.com/api"
AU,Clayton,1,1,0,"PeeringDB, peeringdb.com/api"
CA,Victoria,1,1,0,"PeeringDB, peeringdb.com/api"
BQ,Oranjestad,1,1,0,"PeeringDB, peeringdb.com/api"
BD,Jessore,1,1,0,"PeeringDB, peeringdb.com/api"
IN,Ambala,1,1,0,"PeeringDB, peeringdb.com/api"
IN,YamunaNagar,1,1,0,"PeeringDB, peeringdb.com/api"
TR,Izmir,2,1,0,"PeeringDB, peeringdb.com/api"
NL,Venlo,1,1,0,"PeeringDB, peeringdb.com/api"
US,Monticello,1,1,0,"PeeringDB, peeringdb.com/api"
FR,Châtenoy-le-Royal,1,1,0,"PeeringDB, peeringdb.com/api"
US,Marlboro,1,1,0,"PeeringDB, peeringdb.com/api"
DE,Bethenhausen,1,1,0,"PeeringDB, peeringdb.com/api"
DE,Menden,1,1,0,"PeeringDB, peeringdb.com/api"
DE,Friedrichshafen,1,1,0,"PeeringDB, peeringdb.com/api"
US,Pittsford,1,1,0,"PeeringDB, peeringdb.com/api"
TR,Gaziantep,1,1,0,"PeeringDB, peeringdb.com/api"
US,Fairfax,1,1,0,"PeeringDB, peeringdb.com/api"
MX,El Marqués,1,1,0,"PeeringDB, peeringdb.com/api"
IS,Reykjanesbaer,1,1,0,"PeeringDB, peeringdb.com/api"
DE,Ludwigshafen am Rhein,1,1,0,"PeeringDB, peeringdb.com/api"
US,Metropolis,1,1,0,"PeeringDB, peeringdb.com/api"
CH,Chiasso,1,1,0,"PeeringDB, peeringdb.com/api"
PT,Lisbon    2685,1,1,0,"PeeringDB, peeringdb.com/api"
US,Rochelle,1,1,0,"PeeringDB, peeringdb.com/api"
GB,Havant,1,1,0,"PeeringDB, peeringdb.com/api"
MA,Temara Rabat,1,1,0,"PeeringDB, peeringdb.com/api"
PY,Caaguazú,1,1,0,"PeeringDB, peeringdb.com/api"
SI,LJubljana,1,1,0,"PeeringDB, peeringdb.com/api"
ID,Central Cikarang ,1,1,0,"PeeringDB, peeringdb.com/api"
BR,Brasilia,1,1,0,"PeeringDB, peeringdb.com/api"
IN,Kancheepuram,1,1,0,"PeeringDB, peeringdb.com/api"
BW,Gaborone,1,1,1,"PeeringDB, peeringdb.com/api"
FR,Fretin,1,1,0,"PeeringDB, peeringdb.com/api"
ID,Pandeglang,1,1,0,"PeeringDB, peeringdb.com/api"
MM,Tachileik,1,1,7,"PeeringDB, peeringdb.com/api"
US,Santa Ana,1,0,0,"PeeringDB, peeringdb.com/api"
LI,Vaduz,1,0,10,"PeeringDB, peeringdb.com/api"
NL,Nijmegen,1,0,0,"PeeringDB, peeringdb.com/api"
CZ,Peague 3,1,0,0,"PeeringDB, peeringdb.com/api"
DE,Mahlow,1,0,0,"PeeringDB, peeringdb.com/api"
FR,Caen,1,0,0,"PeeringDB, peeringdb.com/api"
FR,Villebon-sur-Yvette,1,0,0,"PeeringDB, peeringdb.com/api"
SE,Västra Frölunda,1,0,0,"PeeringDB, peeringdb.com/api"
NL,Utrecht,1,0,0,"PeeringDB, peeringdb.com/api"
GB,Penzance,1,0,0,"PeeringDB, peeringdb.com/api"
FR,Plérin,1,0,0,"PeeringDB, peeringdb.com/api"
BE,Vilvoorde,1,0,0,"PeeringDB, peeringdb.com/api"
PL,Mogilno,1,0,1,"PeeringDB, peeringdb.com/api"
FR,Toulouse Balma,1,0,0,"PeeringDB, peeringdb.com/api"
BR,Niteroi,2,0,0,"PeeringDB, peeringdb.com/api"
FR,Roubaix,1,0,0,"PeeringDB, peeringdb.com/api"
AU,Jamisontown,1,0,0,"PeeringDB, peeringdb.com/api"
ES,San Javier,1,0,0,"PeeringDB, peeringdb.com/api"
US,Grapevine,1,0,0,"PeeringDB, peeringdb.com/api"
US,Lebanon,1,0,0,"PeeringDB, peeringdb.com/api"
US,Mason,1,0,0,"PeeringDB, peeringdb.com/api"
RU,Yaroslavl,2,0,2,"PeeringDB, peeringdb.com/api"
MW,Blantyre 3,1,0,0,"PeeringDB, peeringdb.com/api"
AU,Richmond,1,0,0,"PeeringDB, peeringdb.com/api"
GB,Newbury,2,0,0,"PeeringDB, peeringdb.com/api"
US,Hayward,1,0,0,"PeeringDB, peeringdb.com/api"
CH,Zuerich,1,0,0,"PeeringDB, peeringdb.com/api"
RU,Nizhny Novgorod,1,0,1,"PeeringDB, peeringdb.com/api"
US,Tustin,1,0,0,"PeeringDB, peeringdb.com/api"
RU,Ulyanovsk,1,0,4,"PeeringDB, peeringdb.com/api"
JP,Shima,1,0,0,"PeeringDB, peeringdb.com/api"
TN,Tunis,2,0,4,"PeeringDB, peeringdb.com/api"
BN,Gadong,1,0,0,"PeeringDB, peeringdb.com/api"
US,Farmers Branch,1,0,0,"PeeringDB, peeringdb.com/api"
FR,Bievres,1,0,0,"PeeringDB, peeringdb.com/api"
AU,Geraldton,1,0,0,"PeeringDB, peeringdb.com/api"
US,Malone,1,0,0,"PeeringDB, peeringdb.com/api"
US,Lafayette,1,0,0,"PeeringDB, peeringdb.com/api"
CH,Dietlikon,2,0,0,"PeeringDB, peeringdb.com/api"
UA,Dniepropetrovsk,1,0,0,"PeeringDB, peeringdb.com/api"
ZW,Harare,1,0,2,"PeeringDB, peeringdb.com/api"
GB,Telford  Shropshire,1,0,0,"PeeringDB, peeringdb.com/api"
US,Wappingers Falls,1,0,0,"PeeringDB, peeringdb.com/api"
MX,Puebla,1,0,0,"PeeringDB, peeringdb.com/api"
FR,Valenciennes,1,0,0,"PeeringDB, peeringdb.com/api"
JP,Kanazawa City,1,0,0,"PeeringDB, peeringdb.com/api"
GB,Braintree,1,0,0,"PeeringDB, peeringdb.com/api"
FR,Gellainville Cedex,1,0,0,"PeeringDB, peeringdb.com/api"
CH,Buchs SG,1,0,0,"PeeringDB, peeringdb.com/api"
RU,Pskov,1,0,0,"PeeringDB, peeringdb.com/api"
BR,Taquarituba,1,0,0,"PeeringDB, peeringdb.com/api"
FR,Sartrouville,1,0,0,"PeeringDB, peeringdb.com/api"
MG,Antananarivo,1,0,5,"PeeringDB, peeringdb.com/api"
US,Conshohocken,1,0,0,"PeeringDB, peeringdb.com/api"
NL,Helmond,1,0,0,"PeeringDB, peeringdb.com/api"
ES,León,1,0,0,"PeeringDB, peeringdb.com/api"
SE,Ljusterö,1,0,0,"PeeringDB, peeringdb.com/api"
FR,Pau,1,0,9,"PeeringDB, peeringdb.com/api"
PL,Zabrze,1,0,0,"PeeringDB, peeringdb.com/api"
ZA,Groot Drakenstein,1,0,0,"PeeringDB, peeringdb.com/api"
US,Audubon,1,0,0,"PeeringDB, peeringdb.com/api"
FR,St Jean De Maurienne,1,0,0,"PeeringDB, peeringdb.com/api"
CH,Schaffhausen,1,0,0,"PeeringDB, peeringdb.com/api"
DE,Gütersloh,1,0,0,"PeeringDB, peeringdb.com/api"
DE,Eschbach,1,0,0,"PeeringDB, peeringdb.com/api"
IT,Treviolo,1,0,0,"PeeringDB, peeringdb.com/api"
IN,Visakhapatnam,1,0,0,"PeeringDB, peeringdb.com/api"
SE,HUDIKSVALL,1,0,0,"PeeringDB, peeringdb.com/api"
BD,Chittagong,1,0,0,"PeeringDB, peeringdb.com/api"
BR,Duque de Caxias,1,0,0,"PeeringDB, peeringdb.com/api"
HR,Sisak,1,0,0,"PeeringDB, peeringdb.com/api"
HR,Dubovac,1,0,0,"PeeringDB, peeringdb.com/api"
HR,Slobodnica,1,0,0,"PeeringDB, peeringdb.com/api"
HR,Mirkovci,1,0,0,"PeeringDB, peeringdb.com/api"
HR,Ilok,1,0,0,"PeeringDB, peeringdb.com/api"
ES,Pozuelo de Alarcón,2,0,0,"PeeringDB, peeringdb.com/api"
AR,Totoras,1,0,0,"PeeringDB, peeringdb.com/api"
US,Coon Rapids,1,0,0,"PeeringDB, peeringdb.com/api"
US,Delta Junction,1,0,0,"PeeringDB, peeringdb.com/api"
TW,Taoyuan City,1,0,0,"PeeringDB, peeringdb.com/api"
IN,Secundrabad,1,0,0,"PeeringDB, peeringdb.com/api"
IN,Egmore  Chennai,1,0,0,"PeeringDB, peeringdb.com/api"
AR,San Nicolas,1,0,0,"PeeringDB, peeringdb.com/api"
DE,Bonn,3,0,0,"PeeringDB, peeringdb.com/api"
IN,Calicut,1,0,0,"PeeringDB, peeringdb.com/api"
DE,Reutlingen,3,0,0,"PeeringDB, peeringdb.com/api"
US,Santa Fe Springs,1,0,0,"PeeringDB, peeringdb.com/api"
US,Roseville,1,0,0,"PeeringDB, peeringdb.com/api"
CZ,Uherske Hradiste,1,0,0,"PeeringDB, peeringdb.com/api"
IT,Brescia,2,0,0,"PeeringDB, peeringdb.com/api"
BR,Santa Rosa,1,0,0,"PeeringDB, peeringdb.com/api"
US,Gainesville,1,0,0,"PeeringDB, peeringdb.com/api"
CA,Vaughan,2,0,0,"PeeringDB, peeringdb.com/api"
US,Owatonna,1,0,0,"PeeringDB, peeringdb.com/api"
US,Burbank,1,0,0,"PeeringDB, peeringdb.com/api"
DK,Odense,1,0,0,"PeeringDB, peeringdb.com/api"
DK,Nørre Nebel,1,0,0,"PeeringDB, peeringdb.com/api"
JP,Kurashiki,1,0,0,"PeeringDB, peeringdb.com/api"
BR,Valinhos,1,0,0,"PeeringDB, peeringdb.com/api"
FR,Eslettes,1,0,0,"PeeringDB, peeringdb.com/api"
ZA,Strand,1,0,0,"PeeringDB, peeringdb.com/api"
US,Petaluma,1,0,0,"PeeringDB, peeringdb.com/api"
BR,Linhares,1,0,0,"PeeringDB, peeringdb.com/api"
MU,Port Louis,2,0,0,"PeeringDB, peeringdb.com/api"
SD,Khartoum,2,0,4,"PeeringDB, peeringdb.com/api"
IN,Parbhani,1,0,0,"PeeringDB, peeringdb.com/api"
CR,Alajuela,1,0,0,"PeeringDB, peeringdb.com/api"
RU,Zelenograd,1,0,0,"PeeringDB, peeringdb.com/api"
BR,Coronel Fabriciano,1,0,0,"PeeringDB, peeringdb.com/api"
US,Bloomington,1,0,0,"PeeringDB, peeringdb.com/api"
BR,Taquara,2,0,0,"PeeringDB, peeringdb.com/api"
AU,Winnellie,1,0,0,"PeeringDB, peeringdb.com/api"
US,Lexington,1,0,0,"PeeringDB, peeringdb.com/api"
CH,St. Gallen,1,0,0,"PeeringDB, peeringdb.com/api"
RO,Craiova,1,0,0,"PeeringDB, peeringdb.com/api"
BR,Santos,1,0,0,"PeeringDB, peeringdb.com/api"
RO,Iași,1,0,0,"PeeringDB, peeringdb.com/api"
IR,Qom,1,0,0,"PeeringDB, peeringdb.com/api"
MY,Kajang,1,0,0,"PeeringDB, peeringdb.com/api"
SE,Skärholmen,1,0,0,"PeeringDB, peeringdb.com/api"
BD,Uttara,1,0,0,"PeeringDB, peeringdb.com/api"
RU,Tomsk,1,0,0,"PeeringDB, peeringdb.com/api"
IN,Mangalagiri,1,0,0,"PeeringDB, peeringdb.com/api"
VN,Danang,1,0,0,"PeeringDB, peeringdb.com/api"
CI,Abidjan,2,0,14,"PeeringDB, peeringdb.com/api"
BR,Cabreúva,1,0,0,"PeeringDB, peeringdb.com/api"
IN,Viskhapatnam,1,0,0,"PeeringDB, peeringdb.com/api"
IT,Merate,1,0,0,"PeeringDB, peeringdb.com/api"
BG,Kapitan Andreevo,1,0,0,"PeeringDB, peeringdb.com/api"
NO,Elverum,2,0,0,"PeeringDB, peeringdb.com/api"
NO,Kirkenær,1,0,0,"PeeringDB, peeringdb.com/api"
NO,Lena,1,0,0,"PeeringDB, peeringdb.com/api"
NO,Lalm,1,0,0,"PeeringDB, peeringdb.com/api"
NO,Alvdal,1,0,0,"PeeringDB, peeringdb.com/api"
NO,Rudshøgda,1,0,0,"PeeringDB, peeringdb.com/api"
NO,Skarnes,2,0,0,"PeeringDB, peeringdb.com/api"
NO,Tynset,1,0,0,"PeeringDB, peeringdb.com/api"
NO,Åkrestrømmen,1,0,0,"PeeringDB, peeringdb.com/api"
BI,Bujumbura,2,0,9,"PeeringDB, peeringdb.com/api"
FR,Villeneuve d'Ascq,1,0,0,"PeeringDB, peeringdb.com/api"
PG,Port Moresby,2,0,13,"PeeringDB, peeringdb.com/api"
IN,Srinagar,1,0,0,"PeeringDB, peeringdb.com/api"
RU,Yekaterinburg,1,0,0,"PeeringDB, peeringdb.com/api"
FR,Montreuil,2,0,0,"PeeringDB, peeringdb.com/api"
CN,Chengdu,1,0,0,"PeeringDB, peeringdb.com/api"
IT,Santa Lucia di Piave (TV),1,0,0,"PeeringDB, peeringdb.com/api"
DE,Aerzen,1,0,0,"PeeringDB, peeringdb.com/api"
ID,Purwakarta,1,0,0,"PeeringDB, peeringdb.com/api"
TW,Tainan,1,0,21,"PeeringDB, peeringdb.com/api"
BR,Cacoal,1,0,0,"PeeringDB, peeringdb.com/api"
CY,Kofinou,1,0,0,"PeeringDB, peeringdb.com/api"
CA,Sudbury,1,0,0,"PeeringDB, peeringdb.com/api"
AU,Carrum Downs,1,0,0,"PeeringDB, peeringdb.com/api"
DE,Vreden,1,0,0,"PeeringDB, peeringdb.com/api"
DE,Stadtlohn,1,0,0,"PeeringDB, peeringdb.com/api"
CA,Charlottetown,1,0,1,"PeeringDB, peeringdb.com/api"
JP,Kawasaki-shi,1,0,0,"PeeringDB, peeringdb.com/api"
DE,Tübingen,1,0,0,"PeeringDB, peeringdb.com/api"
ES,Alfafar,1,0,0,"PeeringDB, peeringdb.com/api"
ES,Benahavis,1,0,0,"PeeringDB, peeringdb.com/api"
TW,Chiayi,1,0,0,"PeeringDB, peeringdb.com/api"
CR,Sabana Sur,1,0,0,"PeeringDB, peeringdb.com/api"
CR,Guachipelin,1,0,0,"PeeringDB, peeringdb.com/api"
PA,Panama City,2,0,10,"PeeringDB, peeringdb.com/api"
NI,Masaya,1,0,0,"PeeringDB, peeringdb.com/api"
SV,San Salvador,1,0,0,"PeeringDB, peeringdb.com/api"
HN,Tegucigalpa,1,0,4,"PeeringDB, peeringdb.com/api"
CH,Linthal,1,0,0,"PeeringDB, peeringdb.com/api"
CH,Les Acacias,1,0,0,"PeeringDB, peeringdb.com/api"
IT,Vernole,1,0,0,"PeeringDB, peeringdb.com/api"
BH,Amwaj Island,1,0,0,"PeeringDB, peeringdb.com/api"
AU,Doncaster,1,0,0,"PeeringDB, peeringdb.com/api"
GB,Winfrith Newburgh,1,0,0,"PeeringDB, peeringdb.com/api"
DE,Hofheim am Taunus,1,0,0,"PeeringDB, peeringdb.com/api"
BR,Sete Lagoas,1,0,0,"PeeringDB, peeringdb.com/api"
US,Mayfield Heights,1,0,0,"PeeringDB, peeringdb.com/api"
BR,Suzano,1,0,0,"PeeringDB, peeringdb.com/api"
IT,Fidenza,1,0,0,"PeeringDB, peeringdb.com/api"
FR,Auxerre,1,0,0,"PeeringDB, peeringdb.com/api"
US,Ann Arbor,1,0,0,"PeeringDB, peeringdb.com/api"
US,Elk Grove,2,0,0,"PeeringDB, peeringdb.com/api"
IM,Ballasalla,1,0,0,"PeeringDB, peeringdb.com/api"
CR,Santa Ana,1,0,0,"PeeringDB, peeringdb.com/api"
CA,Kirkland,1,0,0,"PeeringDB, peeringdb.com/api"
BR,Raposa,1,0,0,"PeeringDB, peeringdb.com/api"
BR,Sapucaia do Sul,1,0,0,"PeeringDB, peeringdb.com/api"
CL,Las Condes,2,0,0,"PeeringDB, peeringdb.com/api"
BR,Taquaritinga,1,0,0,"PeeringDB, peeringdb.com/api"
LA,Vientiane,2,0,0,"PeeringDB, peeringdb.com/api"
BR,Frederico Westphalen,1,0,0,"PeeringDB, peeringdb.com/api"
SB,Honiara,1,0,0,"PeeringDB, peeringdb.com/api"
DE,Gruenwald,1,0,0,"PeeringDB, peeringdb.com/api"
ZM,Kitwe,1,0,0,"PeeringDB, peeringdb.com/api"
JP,Iwamizawa,1,0,0,"PeeringDB, peeringdb.com/api"
NL,Roermond,1,0,0,"PeeringDB, peeringdb.com/api"
TH,Laksi,1,0,0,"PeeringDB, peeringdb.com/api"
DE,Verden,1,0,0,"PeeringDB, peeringdb.com/api"
FR,Aimargues,1,0,0,"PeeringDB, peeringdb.com/api"
ID,Daerah Khusus Ibukota,1,0,0,"PeeringDB, peeringdb.com/api"
CA,Gatineau,1,0,0,"PeeringDB, peeringdb.com/api"
DE,Lübeck,1,0,0,"PeeringDB, peeringdb.com/api"
SS,Juba,1,0,0,"PeeringDB, peeringdb.com/api"
MY,Johor,2,0,0,"PeeringDB, peeringdb.com/api"
DE,Kelsterbach,1,0,0,"PeeringDB, peeringdb.com/api"
PL,Zduńska Wola,1,0,0,"PeeringDB, peeringdb.com/api"
NL,Den Helder,1,0,0,"PeeringDB, peeringdb.com/api"
DE,Bensheim,2,0,0,"PeeringDB, peeringdb.com/api"
EC,Riobamba,1,0,0,"PeeringDB, peeringdb.com/api"
LK,Colombo,1,0,7,"PeeringDB, peeringdb.com/api"
PK,Multan,1,0,0,"PeeringDB, peeringdb.com/api"
PK,Bhalwal,1,0,0,"PeeringDB, peeringdb.com/api"
US,Dunwoody,1,0,0,"PeeringDB, peeringdb.com/api"
GB,Camberley,1,0,0,"PeeringDB, peeringdb.com/api"
CA,Lethbridge,1,0,0,"PeeringDB, peeringdb.com/api"
MX,Córdoba,1,0,0,"PeeringDB, peeringdb.com/api"
US,Jesup,1,0,0,"PeeringDB, peeringdb.com/api"
MX,Tijuana,2,0,0,"PeeringDB, peeringdb.com/api"
MX,San Mateo Atenco,1,0,0,"PeeringDB, peeringdb.com/api"
MX,Aguascalientes,2,0,0,"PeeringDB, peeringdb.com/api"
MX,Las Pintas,1,0,0,"PeeringDB, peeringdb.com/api"
US,Beloit,1,0,0,"PeeringDB, peeringdb.com/api"
LI,Schaan,1,0,0,"PeeringDB, peeringdb.com/api"
RU,Perm,1,0,1,"PeeringDB, peeringdb.com/api"
GB,Colchester,2,0,0,"PeeringDB, peeringdb.com/api"
FM,Colonia,1,0,0,"PeeringDB, peeringdb.com/api"
JP,Sendai-shi,2,0,0,"PeeringDB, peeringdb.com/api"
ID,Tanggerang,1,0,0,"PeeringDB, peeringdb.com/api"
US,North Liberty,1,0,0,"PeeringDB, peeringdb.com/api"
CA,Sherbrooke,1,0,0,"PeeringDB, peeringdb.com/api"
GB,Woking Surrey,1,0,0,"PeeringDB, peeringdb.com/api"
GB,Redhill  Surrey,1,0,0,"PeeringDB, peeringdb.com/api"
TW,Zhubei,1,0,0,"PeeringDB, peeringdb.com/api"
FR,Pamiers,1,0,0,"PeeringDB, peeringdb.com/api"
US,Winter Haven,1,0,0,"PeeringDB, peeringdb.com/api"
RO,Sibiu,1,0,0,"PeeringDB, peeringdb.com/api"
RO,Brăila,1,0,0,"PeeringDB, peeringdb.com/api"
DE,Walsrode,1,0,0,"PeeringDB, peeringdb.com/api"
CH,Schenkon,1,0,0,"PeeringDB, peeringdb.com/api"
CH,Emmen,1,0,0,"PeeringDB, peeringdb.com/api"
IE,Blanchardstown,1,0,0,"PeeringDB, peeringdb.com/api"
SO,Mogadishu,1,0,0,"PeeringDB, peeringdb.com/api"
NL,Breda,1,0,0,"PeeringDB, peeringdb.com/api"
US,Corvallis,1,0,0,"PeeringDB, peeringdb.com/api"
BR,São José,1,0,0,"PeeringDB, peeringdb.com/api"
HU,Szombathely,1,0,0,"PeeringDB, peeringdb.com/api"
AG,Antigua,1,0,0,"PeeringDB, peeringdb.com/api"
MX,Benito Juárez,1,0,0,"PeeringDB, peeringdb.com/api"
US,Slidell,1,0,0,"PeeringDB, peeringdb.com/api"
DE,Barleben,1,0,0,"PeeringDB, peeringdb.com/api"
DE,Hirschbach,1,0,0,"PeeringDB, peeringdb.com/api"
DE,Gladbeck,1,0,0,"PeeringDB, peeringdb.com/api"
DE,Kehl,1,0,0,"PeeringDB, peeringdb.com/api"
DE,Schkeuditz,1,0,0,"PeeringDB, peeringdb.com/api"
DE,Velten,1,0,0,"PeeringDB, peeringdb.com/api"
BE,Zedelgem,1,0,0,"PeeringDB, peeringdb.com/api"
BE,Liege,1,0,0,"PeeringDB, peeringdb.com/api"
TR,Ümraniye,1,0,0,"PeeringDB, peeringdb.com/api"
FR,Vauchelles,1,0,0,"PeeringDB, peeringdb.com/api"
FR,Willerval,1,0,0,"PeeringDB, peeringdb.com/api"
FR,Ychoux,1,0,0,"PeeringDB, peeringdb.com/api"
PK,Gujranwala,1,0,0,"PeeringDB, peeringdb.com/api"
US,Kings Mountain,1,0,0,"PeeringDB, peeringdb.com/api"
US,Augusta,1,0,0,"PeeringDB, peeringdb.com/api"
NL,Soesterberg,1,0,0,"PeeringDB, peeringdb.com/api"
ES,Basauri,1,0,0,"PeeringDB, peeringdb.com/api"
ES,Hereña,1,0,0,"PeeringDB, peeringdb.com/api"
CH,Villars-Ste-Croix,1,0,0,"PeeringDB, peeringdb.com/api"
GB,Wherstead,1,0,0,"PeeringDB, peeringdb.com/api"
GB,Wickford,1,0,0,"PeeringDB, peeringdb.com/api"
NZ,Manukau City,1,0,0,"PeeringDB, peeringdb.com/api"
NZ,Napier City,1,0,0,"PeeringDB, peeringdb.com/api"
NZ,Waitakere City,1,0,0,"PeeringDB, peeringdb.com/api"
NZ,Porirua City,1,0,0,"PeeringDB, peeringdb.com/api"
CH,Leuk Stadt,1,0,0,"PeeringDB, peeringdb.com/api"
TH,Ratchathewi,1,0,0,"PeeringDB, peeringdb.com/api"
US,Corpus Christi,1,0,0,"PeeringDB, peeringdb.com/api"
US,Harlingen,1,0,0,"PeeringDB, peeringdb.com/api"
MY,Selangor,1,0,0,"PeeringDB, peeringdb.com/api"
VE,Maracaibo,1,0,20,"PeeringDB, peeringdb.com/api"
SR,Paramaribo,2,0,8,"PeeringDB, peeringdb.com/api"
AE,Zayed Military City,1,0,0,"PeeringDB, peeringdb.com/api"
AE,Masdar City,1,0,0,"PeeringDB, peeringdb.com/api"
AE,Kizad,1,0,0,"PeeringDB, peeringdb.com/api"
ID,Mampang Prapatan,1,0,0,"PeeringDB, peeringdb.com/api"
KR,Haeundae-gu,2,0,0,"PeeringDB, peeringdb.com/api"
GB,Kettering,1,0,0,"PeeringDB, peeringdb.com/api"
MY,Mont' Kiara,1,0,0,"PeeringDB, peeringdb.com/api"
IN,Gorakhpur,1,0,0,"PeeringDB, peeringdb.com/api"
IN,Durgapur,1,0,0,"PeeringDB, peeringdb.com/api"
CA,Etobicoke,1,0,0,"PeeringDB, peeringdb.com/api"
AU,Golden Square,1,0,0,"PeeringDB, peeringdb.com/api"
AU,Grafton,1,0,0,"PeeringDB, peeringdb.com/api"
KR,Yongsan-gu,1,0,0,"PeeringDB, peeringdb.com/api"
KR,Seo-gu,1,0,0,"PeeringDB, peeringdb.com/api"
IL,Bnei Zion,1,0,0,"PeeringDB, peeringdb.com/api"
IL,Petach Tikva,1,0,15,"PeeringDB, peeringdb.com/api"
FR,Valbonne,1,0,0,"PeeringDB, peeringdb.com/api"
US,La Mirada,1,0,0,"PeeringDB, peeringdb.com/api"
TD,N'Djamena,1,0,9,"PeeringDB, peeringdb.com/api"
NL,Culemborg,1,0,0,"PeeringDB, peeringdb.com/api"
NL,Dodewaard,1,0,0,"PeeringDB, peeringdb.com/api"
NL,Ens,1,0,0,"PeeringDB, peeringdb.com/api"
DK,Fanø,1,0,0,"PeeringDB, peeringdb.com/api"
NL,Hooghalen,1,0,0,"PeeringDB, peeringdb.com/api"
NL,Krimpen aan den IJssel,1,0,0,"PeeringDB, peeringdb.com/api"
NL,Lelystad,1,0,0,"PeeringDB, peeringdb.com/api"
NL,Maasbracht,1,0,0,"PeeringDB, peeringdb.com/api"
NL,Middenmeer,1,0,0,"PeeringDB, peeringdb.com/api"
AQ,Example Town,2,0,2,"PeeringDB, peeringdb.com/api"
ID,Bantul,1,0,0,"PeeringDB, peeringdb.com/api"
CL,Lampa,1,0,0,"PeeringDB, peeringdb.com/api"
US,Douglasville,1,0,0,"PeeringDB, peeringdb.com/api"
GB,Harrogate,1,0,0,"PeeringDB, peeringdb.com/api"
US,Starkville,1,0,0,"PeeringDB, peeringdb.com/api"
US,White Plains,1,0,0,"PeeringDB, peeringdb.com/api"
YE,Sana'a,1,0,0,"PeeringDB, peeringdb.com/api"
CH,Ruswil,1,0,0,"PeeringDB, peeringdb.com/api"
CH,Urswil,1,0,0,"PeeringDB, peeringdb.com/api"
US,Friendship,1,0,0,"PeeringDB, peeringdb.com/api"
CH,Rafz,1,0,0,"PeeringDB, peeringdb.com/api"
US,Marshfield,1,0,0,"PeeringDB, peeringdb.com/api"
BH,Seef,1,0,0,"PeeringDB, peeringdb.com/api"
IN,Vishakhapatam,1,0,0,"PeeringDB, peeringdb.com/api"
IN,Thiruvananthapuram,1,0,0,"PeeringDB, peeringdb.com/api"
IN,Ludhiana,1,0,0,"PeeringDB, peeringdb.com/api"
IN,Ranchi,1,0,0,"PeeringDB, peeringdb.com/api"
IN,Jalandhar,1,0,0,"PeeringDB, peeringdb.com/api"
IN,AMRITSAR,1,0,0,"PeeringDB, peeringdb.com/api"
ES,San Fernando de Henares,1,0,0,"PeeringDB, peeringdb.com/api"
IN,Bareilly,1,0,0,"PeeringDB, peeringdb.com/api"
US,San Luis Obispo,1,0,0,"PeeringDB, peeringdb.com/api"
IT,Aviano,1,0,0,"PeeringDB, peeringdb.com/api"
ZA,Ballito,1,0,0,"PeeringDB, peeringdb.com/api"
ID,Kab. Mojokerto,1,0,0,"PeeringDB, peeringdb.com/api"
AR,Corrientes,1,0,0,"PeeringDB, peeringdb.com/api"
MU,Rose Belle,1,0,0,"PeeringDB, peeringdb.com/api"
MU,Rose Hill,1,0,0,"PeeringDB, peeringdb.com/api"
FR,Le Creusot,1,0,0,"PeeringDB, peeringdb.com/api"
ES,Elche,1,0,0,"PeeringDB, peeringdb.com/api"
CA,Milton,2,0,0,"PeeringDB, peeringdb.com/api"
CA,Vaudreuil-Dorion,1,0,0,"PeeringDB, peeringdb.com/api"
CL,Concepción,1,0,0,"PeeringDB, peeringdb.com/api"
CL,Puerto Montt,1,0,0,"PeeringDB, peeringdb.com/api"
US,Suzano,1,0,0,"PeeringDB, peeringdb.com/api"
BR,São José dos Campos,1,0,0,"PeeringDB, peeringdb.com/api"
JP,Sapporo,2,0,3,"PeeringDB, peeringdb.com/api"
US,Cassopolics,1,0,0,"PeeringDB, peeringdb.com/api"
US,Mill Spring,1,0,0,"PeeringDB, peeringdb.com/api"
IN,Airoli,1,0,0,"PeeringDB, peeringdb.com/api"
TR,Cankaya,1,0,0,"PeeringDB, peeringdb.com/api"
CL,Placilla,1,0,0,"PeeringDB, peeringdb.com/api"
US,Sylva,1,0,0,"PeeringDB, peeringdb.com/api"
PT,Barreiro,1,0,0,"PeeringDB, peeringdb.com/api"
JP,Sapporo-shi,1,0,0,"PeeringDB, peeringdb.com/api"
JP,Chuo-ku,1,0,0,"PeeringDB, peeringdb.com/api"
GB,Salford,1,0,0,"PeeringDB, peeringdb.com/api"
CA,Kelowna,3,0,0,"PeeringDB, peeringdb.com/api"
DE,Stutensee,1,0,0,"PeeringDB, peeringdb.com/api"
AR,Godoy Cruz,1,0,0,"PeeringDB, peeringdb.com/api"
TR,BAYRAKLI,1,0,0,"PeeringDB, peeringdb.com/api"
IN,Jetpur,1,0,0,"PeeringDB, peeringdb.com/api"
UZ,Chirchiq,1,0,0,"PeeringDB, peeringdb.com/api"
SK,Piestany,1,0,0,"PeeringDB, peeringdb.com/api"
BR,Tamboré,1,0,0,"PeeringDB, peeringdb.com/api"
EC,Puerto Ayora,1,0,0,"PeeringDB, peeringdb.com/api"
VE,Petare,1,0,0,"PeeringDB, peeringdb.com/api"
US,Norwood,1,0,0,"PeeringDB, peeringdb.com/api"
US,Blueash,1,0,0,"PeeringDB, peeringdb.com/api"
MY,Gelang Patah,1,0,0,"PeeringDB, peeringdb.com/api"
US,Ellendale,1,0,0,"PeeringDB, peeringdb.com/api"
AM,Getazat,1,0,0,"PeeringDB, peeringdb.com/api"
AU,Rutherford,1,0,0,"PeeringDB, peeringdb.com/api"
DK,Hinnerup,1,0,0,"PeeringDB, peeringdb.com/api"
TR,Maltepe,1,0,0,"PeeringDB, peeringdb.com/api"
TR,Kartal,1,0,0,"PeeringDB, peeringdb.com/api"
FR,Marssac sur Tarn,1,0,0,"PeeringDB, peeringdb.com/api"
JP,Inzai,2,0,0,"PeeringDB, peeringdb.com/api"
DE,Garching,1,0,0,"PeeringDB, peeringdb.com/api"
PH,Mandaluyong,1,0,0,"PeeringDB, peeringdb.com/api"
AE,Al Ain,1,0,0,"PeeringDB, peeringdb.com/api"
RU,Tyumen,1,0,0,"PeeringDB, peeringdb.com/api"
FR,Boulogne-Billancourt,1,0,0,"PeeringDB, peeringdb.com/api"
FR,Les Ulis,1,0,0,"PeeringDB, peeringdb.com/api"
DE,Wuppertal,1,0,3,"PeeringDB, peeringdb.com/api"
US,Medina,1,0,0,"PeeringDB, peeringdb.com/api"
CI,Zone Franche  VITIB ,1,0,0,"PeeringDB, peeringdb.com/api"
MY,Kulai,1,0,0,"PeeringDB, peeringdb.com/api"
TH,Bang Phli,1,0,0,"PeeringDB, peeringdb.com/api"
JP,Tama,1,0,0,"PeeringDB, peeringdb.com/api"
GB,Cambridge,1,0,0,"PeeringDB, peeringdb.com/api"
JP,Kobe,1,0,0,"PeeringDB, peeringdb.com/api"
LV,Valmiera,1,0,0,"PeeringDB, peeringdb.com/api"
LV,Daugavpils,1,0,0,"PeeringDB, peeringdb.com/api"
LV,Liepaja,1,0,0,"PeeringDB, peeringdb.com/api"
LV,Ventspils,1,0,0,"PeeringDB, peeringdb.com/api"
ID,Jombang,1,0,0,"PeeringDB, peeringdb.com/api"
US,La Vista,1,0,0,"PeeringDB, peeringdb.com/api"
US,Lockport,2,0,0,"PeeringDB, peeringdb.com/api"
US,Boulder,1,0,0,"PeeringDB, peeringdb.com/api"
DE,Sehnde,1,0,0,"PeeringDB, peeringdb.com/api"
US,Smyrna,1,0,0,"PeeringDB, peeringdb.com/api"
DK,Fredericia,1,0,0,"PeeringDB, peeringdb.com/api"
US,Tokyo,1,0,0,"PeeringDB, peeringdb.com/api"
MY,Bukit Kayu Hitam,1,0,0,"PeeringDB, peeringdb.com/api"
KR,Hanam-si,1,0,0,"PeeringDB, peeringdb.com/api"
US,Yakima,1,0,0,"PeeringDB, peeringdb.com/api"
US,Elkridge,1,0,0,"PeeringDB, peeringdb.com/api"
PA,Ciudad de Panama,1,0,0,"PeeringDB, peeringdb.com/api"
NL,Veghel,1,0,0,"PeeringDB, peeringdb.com/api"
US,York,1,0,0,"PeeringDB, peeringdb.com/api"
IS,Reykjavík,2,0,0,"PeeringDB, peeringdb.com/api"
FI,Myllykoski,1,0,0,"PeeringDB, peeringdb.com/api"
SE,Långsele,1,0,0,"PeeringDB, peeringdb.com/api"
DK,Skovlunde,1,0,0,"PeeringDB, peeringdb.com/api"
IS,Hafnafjörður,1,0,0,"PeeringDB, peeringdb.com/api"
AU,Bentley,1,0,0,"PeeringDB, peeringdb.com/api"
MY,Petaling Jaya,1,0,0,"PeeringDB, peeringdb.com/api"
IS,Blönduós,1,0,0,"PeeringDB, peeringdb.com/api"
IS,Kajaani,1,0,0,"PeeringDB, peeringdb.com/api"
IN,Gautam Buddha Nagar,1,0,0,"PeeringDB, peeringdb.com/api"
IN,Manesar,1,0,0,"PeeringDB, peeringdb.com/api"
TH,Chonburi,2,0,0,"PeeringDB, peeringdb.com/api"
BD,Dinajpur,1,0,0,"PeeringDB, peeringdb.com/api"
ID,Salatiga,1,0,0,"PeeringDB, peeringdb.com/api"
BR,Santa Maria da Vitória,1,0,0,"PeeringDB, peeringdb.com/api"
NP,KATHMANDU,1,0,0,"PeeringDB, peeringdb.com/api"
JP,Inzai City,1,0,0,"PeeringDB, peeringdb.com/api"
US,Lenoir City,1,0,0,"PeeringDB, peeringdb.com/api"
FR,Saint Maurice la Souterraine,1,0,0,"PeeringDB, peeringdb.com/api"
AU,Belmont,1,0,0,"PeeringDB, peeringdb.com/api"
CO,Bogotá,1,0,0,"PeeringDB, peeringdb.com/api"
IT,Genova,1,0,7,"PeeringDB, peeringdb.com/api"
IT,Roma,1,0,0,"PeeringDB, peeringdb.com/api"
BR,Cravinhos,1,0,0,"PeeringDB, peeringdb.com/api"
NL,Amsterdam  Rotterdam  Brussels  Luxembourg  Frankfurt  Düsseldorf  Berlin  Dublin  London  Copenhagen  Paris  Marseille,0,0,530,"PeeringDB, peeringdb.com/api"
FR,Lyon and Grenoble,0,0,74,"PeeringDB, peeringdb.com/api"
US,West Coast,0,0,103,"PeeringDB, peeringdb.com/api"
NL,Enschede / Münster,0,0,15,"PeeringDB, peeringdb.com/api"
DE,Dusseldorf,0,0,433,"PeeringDB, peeringdb.com/api"
US,Eugene  Oregon,0,0,1,"PeeringDB, peeringdb.com/api"
DE,Nürnberg,0,0,26,"PeeringDB, peeringdb.com/api"
US,Los Angeles and Silicon Valley,0,0,264,"PeeringDB, peeringdb.com/api"
DE,Duesseldorf,0,0,8,"PeeringDB, peeringdb.com/api"
BR,São Paulo/SP,0,0,1860,"PeeringDB, peeringdb.com/api"
BR,Porto Alegre/RS,0,0,246,"PeeringDB, peeringdb.com/api"
BR,Florianópolis/SC,0,0,101,"PeeringDB, peeringdb.com/api"
BR,Belo Horizonte/MG,0,0,81,"PeeringDB, peeringdb.com/api"
BR,Rio de Janeiro/RJ,0,0,530,"PeeringDB, peeringdb.com/api"
BR,Brasília/DF,0,0,193,"PeeringDB, peeringdb.com/api"
UA,Kiev,0,0,453,"PeeringDB, peeringdb.com/api"
DK,Malmo / Copenhagen,0,0,132,"PeeringDB, peeringdb.com/api"
SE,Sundsvall / Gavle,0,0,30,"PeeringDB, peeringdb.com/api"
US,Billings  MT,0,0,1,"PeeringDB, peeringdb.com/api"
US,Washington DC  Reston  Boston  New York  Atlanta,0,0,50,"PeeringDB, peeringdb.com/api"
US,Miami/Orlando,0,0,0,"PeeringDB, peeringdb.com/api"
TW,Taipei/Taiwan,0,0,166,"PeeringDB, peeringdb.com/api"
EC,Quito/UIO,0,0,19,"PeeringDB, peeringdb.com/api"
SE,Lulea,0,0,9,"PeeringDB, peeringdb.com/api"
SE,Umea,0,0,1,"PeeringDB, peeringdb.com/api"
SX,Philipsburg,0,0,5,"PeeringDB, peeringdb.com/api"
SZ,Swaziland,0,0,0,"PeeringDB, peeringdb.com/api"
IT,Florence,0,0,17,"PeeringDB, peeringdb.com/api"
RU,Simferopol,0,0,14,"PeeringDB, peeringdb.com/api"
AU,Canberra  ACT,0,0,2,"PeeringDB, peeringdb.com/api"
BR,Londrina/PR,0,0,37,"PeeringDB, peeringdb.com/api"
PH,Makati City,0,0,15,"PeeringDB, peeringdb.com/api"
US,New York/New Jersey,0,0,53,"PeeringDB, peeringdb.com/api"
KZ,Karaganda,0,0,6,"PeeringDB, peeringdb.com/api"
CW,Curacao,0,0,8,"PeeringDB, peeringdb.com/api"
ID,Indonesia,0,0,620,"PeeringDB, peeringdb.com/api"
RU,Samara,0,0,13,"PeeringDB, peeringdb.com/api"
RE,Saint-Denis  La Reunion,0,0,7,"PeeringDB, peeringdb.com/api"
BR,Campinas/SP,0,0,40,"PeeringDB, peeringdb.com/api"
RS,Belgrade/Serbia,0,0,43,"PeeringDB, peeringdb.com/api"
US,Mountain View  CA,0,0,1,"PeeringDB, peeringdb.com/api"
GB,Leeds / Western Yorkshire,0,0,19,"PeeringDB, peeringdb.com/api"
US,Minneapolis  MN,0,0,147,"PeeringDB, peeringdb.com/api"
GU,Guam,0,0,1,"PeeringDB, peeringdb.com/api"
CY,Nicosia / Cyprus,0,0,3,"PeeringDB, peeringdb.com/api"
PL,Katowice/Silesia,0,0,390,"PeeringDB, peeringdb.com/api"
BR,Salvador/BA,0,0,120,"PeeringDB, peeringdb.com/api"
BR,Caxias do Sul/RS,0,0,13,"PeeringDB, peeringdb.com/api"
US,Boston  Massachusetts,0,0,58,"PeeringDB, peeringdb.com/api"
HT,Port-au-Prince,0,0,4,"PeeringDB, peeringdb.com/api"
BR,Goiânia/GO,0,0,58,"PeeringDB, peeringdb.com/api"
RU,Stavropol,0,0,1,"PeeringDB, peeringdb.com/api"
JP,Niigata,0,0,2,"PeeringDB, peeringdb.com/api"
BR,Campina Grande/PB,0,0,33,"PeeringDB, peeringdb.com/api"
MN,Ulaanbaatar,0,0,21,"PeeringDB, peeringdb.com/api"
RU,Krasnodar,0,0,19,"PeeringDB, peeringdb.com/api"
RU,Omsk,0,0,3,"PeeringDB, peeringdb.com/api"
UA,Amsterdam  Frankfurt am Main  Kharkiv  Kyiv  Lviv  Odesa  Warsaw  Zaporizhzhia  Zhytomyr,0,0,267,"PeeringDB, peeringdb.com/api"
CA,Winnipeg  Manitoba,0,0,32,"PeeringDB, peeringdb.com/api"
BR,Recife/PE,0,0,121,"PeeringDB, peeringdb.com/api"
BR,Vitória/ES,0,0,73,"PeeringDB, peeringdb.com/api"
BR,Manaus/AM,0,0,30,"PeeringDB, peeringdb.com/api"
BR,Natal/RN,0,0,31,"PeeringDB, peeringdb.com/api"
BR,São José do Rio Preto/SP,0,0,21,"PeeringDB, peeringdb.com/api"
BR,Fortaleza/CE,0,0,606,"PeeringDB, peeringdb.com/api"
BR,Belém/PA,0,0,43,"PeeringDB, peeringdb.com/api"
CZ,Prague  Bratislava  Vienna  Frankfurt,0,0,190,"PeeringDB, peeringdb.com/api"
MW,Blantyre,0,0,10,"PeeringDB, peeringdb.com/api"
GB,Scotland,0,0,32,"PeeringDB, peeringdb.com/api"
UA,Donetsk,0,0,2,"PeeringDB, peeringdb.com/api"
US,Ashburn  Reston  Manassas,0,0,56,"PeeringDB, peeringdb.com/api"
BR,Lajeado/RS,0,0,19,"PeeringDB, peeringdb.com/api"
BR,Maringá/PR,0,0,46,"PeeringDB, peeringdb.com/api"
PL,Rzeszow,0,0,14,"PeeringDB, peeringdb.com/api"
BO,LA PAZ,0,0,5,"PeeringDB, peeringdb.com/api"
BR,Cuiabá/MT,0,0,39,"PeeringDB, peeringdb.com/api"
TT,Barataria,0,0,11,"PeeringDB, peeringdb.com/api"
US,Miami  Florida,0,0,4,"PeeringDB, peeringdb.com/api"
US,Indianapolis  Indiana,0,0,44,"PeeringDB, peeringdb.com/api"
AT,Innsbruck/Tirol,0,0,14,"PeeringDB, peeringdb.com/api"
FR,Clermont-Ferrand,0,0,13,"PeeringDB, peeringdb.com/api"
FR,Normandy,0,0,0,"PeeringDB, peeringdb.com/api"
EC,Guayaquil/GYE,0,0,13,"PeeringDB, peeringdb.com/api"
MQ,Fort-de-France,0,0,2,"PeeringDB, peeringdb.com/api"
RU,Barnaul  Novosibirsk,0,0,30,"PeeringDB, peeringdb.com/api"
UA,Kherson,0,0,3,"PeeringDB, peeringdb.com/api"
IE,Cork,0,0,11,"PeeringDB, peeringdb.com/api"
BR,Foz do Iguaçu/PR,0,0,29,"PeeringDB, peeringdb.com/api"
NL,Amsterdam  The Hague  Rotterdam  Naaldwijk,0,0,105,"PeeringDB, peeringdb.com/api"
FR,Paris  Lyon  Marseille  Geneva  Zurich  Amsterdam  Frankfurt,0,0,33,"PeeringDB, peeringdb.com/api"
DE,Berlin  Frankfurt,0,0,25,"PeeringDB, peeringdb.com/api"
NO,Tromsø,0,0,8,"PeeringDB, peeringdb.com/api"
PL,Wrocław,0,0,38,"PeeringDB, peeringdb.com/api"
US,St. Louis  MO,0,0,18,"PeeringDB, peeringdb.com/api"
RU,Mowsow  St.Petersburg  Novosibirsk  Ekaterinburg,0,0,6,"PeeringDB, peeringdb.com/api"
EC,Santo Domingo,0,0,2,"PeeringDB, peeringdb.com/api"
JP,Urasoe   Naha  Ginoza  Nago  Uruma  Okinawa,0,0,6,"PeeringDB, peeringdb.com/api"
RU,Irkutsk,0,0,10,"PeeringDB, peeringdb.com/api"
BR,Aracaju/SE,0,0,35,"PeeringDB, peeringdb.com/api"
ME,Podgorica,0,0,2,"PeeringDB, peeringdb.com/api"
VN,Da Nang,0,0,5,"PeeringDB, peeringdb.com/api"
GD,St. George's,0,0,12,"PeeringDB, peeringdb.com/api"
NZ,Dunedin,0,0,0,"PeeringDB, peeringdb.com/api"
BR,Santa Maria/RS,0,0,9,"PeeringDB, peeringdb.com/api"
CN,ShangHai,0,0,4,"PeeringDB, peeringdb.com/api"
CN,BeiJing,0,0,2,"PeeringDB, peeringdb.com/api"
CN,GuangZhou,0,0,2,"PeeringDB, peeringdb.com/api"
CL,Concepcion,0,0,7,"PeeringDB, peeringdb.com/api"
BR,João Pessoa/PB,0,0,28,"PeeringDB, peeringdb.com/api"
MX,Ciudad de México,0,0,6,"PeeringDB, peeringdb.com/api"
BR,Teresina/PI,0,0,36,"PeeringDB, peeringdb.com/api"
BR,São Luís/MA,0,0,55,"PeeringDB, peeringdb.com/api"
RU,Saint-Petersburg,0,0,247,"PeeringDB, peeringdb.com/api"
RU,Chita,0,0,1,"PeeringDB, peeringdb.com/api"
TZ,Zanzibar,0,0,6,"PeeringDB, peeringdb.com/api"
AF,Kabul,0,0,16,"PeeringDB, peeringdb.com/api"
US,Cleveland  Ohio,0,0,5,"PeeringDB, peeringdb.com/api"
BR,Maceió/AL,0,0,31,"PeeringDB, peeringdb.com/api"
TG,Lomé,0,0,9,"PeeringDB, peeringdb.com/api"
NG,Kano,0,0,6,"PeeringDB, peeringdb.com/api"
BE,Brussels  Ghent  Leuven  Antwerp  Hasselt,0,0,31,"PeeringDB, peeringdb.com/api"
IT,Bozen/Bolzano,0,0,11,"PeeringDB, peeringdb.com/api"
CM,Yaoundé,0,0,4,"PeeringDB, peeringdb.com/api"
CA,Ottawa / Gatineau,0,0,15,"PeeringDB, peeringdb.com/api"
US,Saint Louis  MO,0,0,84,"PeeringDB, peeringdb.com/api"
UA,Хмельницький,0,0,2,"PeeringDB, peeringdb.com/api"
US,San Antonio  TX,0,0,5,"PeeringDB, peeringdb.com/api"
US,Washington DC,0,0,15,"PeeringDB, peeringdb.com/api"
GM,Serekunda,0,0,2,"PeeringDB, peeringdb.com/api"
BR,Ponta Grossa/PR,0,0,11,"PeeringDB, peeringdb.com/api"
CD,Lubumbashi,0,0,12,"PeeringDB, peeringdb.com/api"
FR,Brest,0,0,2,"PeeringDB, peeringdb.com/api"
DE,Rottweil,0,0,3,"PeeringDB, peeringdb.com/api"
BD,Noakhali,0,0,0,"PeeringDB, peeringdb.com/api"
SE,Umeå,0,0,3,"PeeringDB, peeringdb.com/api"
CA,Beauharnois,0,0,0,"PeeringDB, peeringdb.com/api"
RO,Braila,0,0,4,"PeeringDB, peeringdb.com/api"
BR,Cascavel/PR,0,0,35,"PeeringDB, peeringdb.com/api"
US,Dallas  TX,0,0,11,"PeeringDB, peeringdb.com/api"
UA,Odessa,0,0,22,"PeeringDB, peeringdb.com/api"
US,Fremont  Portland  Flagstaff,0,0,19,"PeeringDB, peeringdb.com/api"
FJ,Suva,0,0,3,"PeeringDB, peeringdb.com/api"
BR,Campo Grande/MS,0,0,31,"PeeringDB, peeringdb.com/api"
US,Silicon Valley,0,0,10,"PeeringDB, peeringdb.com/api"
PL,Białystok  Poznań  Wrocław  Szczecin  Opole  Częstochowa,0,0,5,"PeeringDB, peeringdb.com/api"
US,honolulu,0,0,1,"PeeringDB, peeringdb.com/api"
US,Akron  Ohio,0,0,7,"PeeringDB, peeringdb.com/api"
CN,Hangzhou,0,0,43,"PeeringDB, peeringdb.com/api"
IM,Douglas,0,0,0,"PeeringDB, peeringdb.com/api"
US,Springfield  MO,0,0,16,"PeeringDB, peeringdb.com/api"
VG,Road Town,0,0,8,"PeeringDB, peeringdb.com/api"
CR,San José,0,0,1,"PeeringDB, peeringdb.com/api"
MX,Querétaro,0,0,0,"PeeringDB, peeringdb.com/api"
TW,Taoyuan,0,0,11,"PeeringDB, peeringdb.com/api"
US,Fremont / Neuheim,0,0,10,"PeeringDB, peeringdb.com/api"
TH,Chiang Mai,0,0,8,"PeeringDB, peeringdb.com/api"
ID,Semarang  Central Java,0,0,3,"PeeringDB, peeringdb.com/api"
ID,Denpasar  Bali,0,0,8,"PeeringDB, peeringdb.com/api"
DO,Santo Domingo,0,0,0,"PeeringDB, peeringdb.com/api"
TW,Taipei City,0,0,222,"PeeringDB, peeringdb.com/api"
BF,Bobo-Dioulasso,0,0,6,"PeeringDB, peeringdb.com/api"
DE,Ruhr Region,0,0,9,"PeeringDB, peeringdb.com/api"
UA,Киев,0,0,26,"PeeringDB, peeringdb.com/api"
PG,Lae,0,0,4,"PeeringDB, peeringdb.com/api"
UA,Kremenchuk,0,0,9,"PeeringDB, peeringdb.com/api"
US,Raleigh  NC,0,0,2,"PeeringDB, peeringdb.com/api"
US,New York City,0,0,0,"PeeringDB, peeringdb.com/api"
MY,Kuala Lumpur  Cyberjaya  Johor Bahru,0,0,13,"PeeringDB, peeringdb.com/api"
AU,Global,0,0,2,"PeeringDB, peeringdb.com/api"
NL,Fryslân,0,0,312,"PeeringDB, peeringdb.com/api"
MF,SAINT-MARTIN,0,0,5,"PeeringDB, peeringdb.com/api"
EC,PASAJE,0,0,4,"PeeringDB, peeringdb.com/api"
UA,Kyiv  Odesa  Kharkiv  Dnipro  Poltava  Lviv  Uzhgorod  Uman,0,0,111,"PeeringDB, peeringdb.com/api"
CH,Geneva  Zurich  Lugano,0,0,20,"PeeringDB, peeringdb.com/api"
US,Fargo  ND,0,0,4,"PeeringDB, peeringdb.com/api"
CN,/,0,0,1,"PeeringDB, peeringdb.com/api"
CN,Wuhan,0,0,3,"PeeringDB, peeringdb.com/api"
BR,Lages,0,0,1,"PeeringDB, peeringdb.com/api"
BR,Boa Vista/RR,0,0,11,"PeeringDB, peeringdb.com/api"
CD,Goma,0,0,11,"PeeringDB, peeringdb.com/api"
TR,İstanbul,0,0,20,"PeeringDB, peeringdb.com/api"
BR,Palmas/TO,0,0,24,"PeeringDB, peeringdb.com/api"
SK,Presov,0,0,5,"PeeringDB, peeringdb.com/api"
NC,NOUMEA,0,0,5,"PeeringDB, peeringdb.com/api"
RU,Rostov,0,0,30,"PeeringDB, peeringdb.com/api"
CH,Avers,0,0,433,"PeeringDB, peeringdb.com/api"
AR,Argentina,0,0,373,"PeeringDB, peeringdb.com/api"
PG,Mt Hagen,0,0,2,"PeeringDB, peeringdb.com/api"
US,Kansas,0,0,79,"PeeringDB, peeringdb.com/api"
IL,Tel-Aviv,0,0,7,"PeeringDB, peeringdb.com/api"
CL,Valdivia,0,0,8,"PeeringDB, peeringdb.com/api"
KN,Basseterre,0,0,12,"PeeringDB, peeringdb.com/api"
UA,Zaporizhia,0,0,5,"PeeringDB, peeringdb.com/api"
BL,Saint-Barthélemy,0,0,11,"PeeringDB, peeringdb.com/api"
BR,São João de Meriti,0,0,7,"PeeringDB, peeringdb.com/api"
DM,Roseau,0,0,3,"PeeringDB, peeringdb.com/api"
BR,Sao Paulo,0,0,64,"PeeringDB, peeringdb.com/api"
CO,Bogata,0,0,22,"PeeringDB, peeringdb.com/api"
ID,Banyumas  Jawa Tengah  Indonesia,0,0,2,"PeeringDB, peeringdb.com/api"
PL,New-York  London  Paris  Madrid  Frankfurt  Amsterdam  Warsaw  Bratislava  Lviv  Kyiv  Hong Kong,0,0,185,"PeeringDB, peeringdb.com/api"
US,Northern California,0,0,4,"PeeringDB, peeringdb.com/api"
US,Fremont  CA,0,0,2,"PeeringDB, peeringdb.com/api"
PE,Chiclayo,0,0,13,"PeeringDB, peeringdb.com/api"
PE,Cuzco,0,0,0,"PeeringDB, peeringdb.com/api"
ID,Pekanbaru - Jakarta,0,0,35,"PeeringDB, peeringdb.com/api"
NO,Kristiansand,0,0,7,"PeeringDB, peeringdb.com/api"
IT,Napoli,0,0,14,"PeeringDB, peeringdb.com/api"
IS,Capital Region,0,0,0,"PeeringDB, peeringdb.com/api"
ID,Surakarta,0,0,18,"PeeringDB, peeringdb.com/api"
HR,Rijeka,0,0,0,"PeeringDB, peeringdb.com/api"
CO,Cali,0,0,13,"PeeringDB, peeringdb.com/api"
UA,Khmelnitsky,0,0,6,"PeeringDB, peeringdb.com/api"
PH,Metro Manila,0,0,6,"PeeringDB, peeringdb.com/api"
PE,Piura,0,0,2,"PeeringDB, peeringdb.com/api"
BR,Rio Branco/AC,0,0,11,"PeeringDB, peeringdb.com/api"
CN,ZhongWei,0,0,0,"PeeringDB, peeringdb.com/api"
CN,上海市,0,0,19,"PeeringDB, peeringdb.com/api"
HN,San Pedro Sula,0,0,36,"PeeringDB, peeringdb.com/api"
ID,Lampung Timur,0,0,12,"PeeringDB, peeringdb.com/api"
US,Grand Rapids  MI,0,0,14,"PeeringDB, peeringdb.com/api"
ID,Mojokerto,0,0,0,"PeeringDB, peeringdb.com/api"
JP,Japan,0,0,48,"PeeringDB, peeringdb.com/api"
GR,Thessaloniki / Athens,0,0,37,"PeeringDB, peeringdb.com/api"
PH,Pasig,0,0,19,"PeeringDB, peeringdb.com/api"
JP,Sendai/Sapporo,0,0,6,"PeeringDB, peeringdb.com/api"
US,Boston Springfield Syracuse Burlington Worcester,0,0,4,"PeeringDB, peeringdb.com/api"
US,Burlington White River Junction Hanover  NH Montpelier,0,0,4,"PeeringDB, peeringdb.com/api"
SG,新加坡,0,0,0,"PeeringDB, peeringdb.com/api"
HK,香港,0,0,0,"PeeringDB, peeringdb.com/api"
US,Houston  Texas,0,0,0,"PeeringDB, peeringdb.com/api"
SE,Stockholm  Gothenburg  Malmö  Amsterdam,0,0,10,"PeeringDB, peeringdb.com/api"
BH,RIFFA,0,0,0,"PeeringDB, peeringdb.com/api"
MW,Lilongwe,0,0,5,"PeeringDB, peeringdb.com/api"
PE,Lima - Huancayo - Huanuco,0,0,6,"PeeringDB, peeringdb.com/api"
ID,Tapos  Depok,0,0,320,"PeeringDB, peeringdb.com/api"
LY,Tripoli,0,0,0,"PeeringDB, peeringdb.com/api"
PY,Ciudad Del  Este,0,0,30,"PeeringDB, peeringdb.com/api"
PL,Gdańsk,0,0,11,"PeeringDB, peeringdb.com/api"
US,Cleveland  OH,0,0,4,"PeeringDB, peeringdb.com/api"
GR,Thessaloniki & Athens,0,0,11,"PeeringDB, peeringdb.com/api"
ID,Brebes,0,0,0,"PeeringDB, peeringdb.com/api"
AM,Artashat,0,0,0,"PeeringDB, peeringdb.com/api"
JP,shibuya,0,0,10,"PeeringDB, peeringdb.com/api"
ES,Eirenia,0,0,1,"PeeringDB, peeringdb.com/api"
GT,Guatemala,0,0,18,"PeeringDB, peeringdb.com/api"
CA,Bradford,0,0,0,"PeeringDB, peeringdb.com/api"
ID,JAKARTA,0,0,3,"PeeringDB, peeringdb.com/api"
VC,kingstown,0,0,4,"PeeringDB, peeringdb.com/api"
BR,Feira de Santana,0,0,27,"PeeringDB, peeringdb.com/api"
CA,Quebec City,0,0,5,"PeeringDB, peeringdb.com/api"
US,Salt Lake City  UT,0,0,22,"PeeringDB, peeringdb.com/api"
IR,Arak,0,0,0,"PeeringDB, peeringdb.com/api"
FR,Amsterdam  Bordeaux  Frankfurt  Genève  Lille  London  Lyon  Marseille  Milano  Montpellier  Paris  Zurich,0,0,143,"PeeringDB, peeringdb.com/api"
BQ,Sint Eustatius,0,0,7,"PeeringDB, peeringdb.com/api"
US,NewYork,0,0,40,"PeeringDB, peeringdb.com/api"
RU,Vladikavkaz,0,0,1,"PeeringDB, peeringdb.com/api"
ID,Batam  Jakarta,0,0,56,"PeeringDB, peeringdb.com/api"
CN,ChengDu,0,0,7,"PeeringDB, peeringdb.com/api"
ID,Jakarta & Sidoarjo,0,0,4,"PeeringDB, peeringdb.com/api"
IL,Multiple,0,0,22,"PeeringDB, peeringdb.com/api"
NL,Geesterambacht,0,0,2,"PeeringDB, peeringdb.com/api"
US,Ashburn  Reston  Washington DC,0,0,28,"PeeringDB, peeringdb.com/api"
HK,HongKong,0,0,4,"PeeringDB, peeringdb.com/api"
US,Saint Louis,0,0,3,"PeeringDB, peeringdb.com/api"
IQ,erbil,0,0,3,"PeeringDB, peeringdb.com/api"
AU,Edinburgh,0,0,0,"PeeringDB, peeringdb.com/api"
ID,Palembang  South Sumatra,0,0,2,"PeeringDB, peeringdb.com/api"
JM,Kingston,0,0,7,"PeeringDB, peeringdb.com/api"
US,Syracuse Rochester Buffalo Albany Toronto Binghamton,0,0,1,"PeeringDB, peeringdb.com/api"
KE,NAIROBI,0,0,0,"PeeringDB, peeringdb.com/api"
ID,JAMBI,0,0,3,"PeeringDB, peeringdb.com/api"
PL,Warsaw  Wroclaw  Katowice,0,0,26,"PeeringDB, peeringdb.com/api"
KZ,Qaraganda,0,0,4,"PeeringDB, peeringdb.com/api"
KZ,Shymkent,0,0,4,"PeeringDB, peeringdb.com/api"
KZ,Pavlodar,0,0,6,"PeeringDB, peeringdb.com/api"
KZ,Aqtobe,0,0,4,"PeeringDB, peeringdb.com/api"
KZ,Aqtau,0,0,3,"PeeringDB, peeringdb.com/api"
US,Ligonier,0,0,0,"PeeringDB, peeringdb.com/api"
KZ,Atyrau,0,0,4,"PeeringDB, peeringdb.com/api"
KZ,Kokshetau,0,0,4,"PeeringDB, peeringdb.com/api"
KZ,Qostanay,0,0,3,"PeeringDB, peeringdb.com/api"
KZ,Qyzylorda,0,0,4,"PeeringDB, peeringdb.com/api"
KZ,Taldyqorgan,0,0,1,"PeeringDB, peeringdb.com/api"
US,McAllen  TX  78501,0,0,1,"PeeringDB, peeringdb.com/api"
PK,karachi,0,0,0,"PeeringDB, peeringdb.com/api"
HN,Tegucicgalpa,0,0,0,"PeeringDB, peeringdb.com/api"
ID,Batu,0,0,1,"PeeringDB, peeringdb.com/api"
IT,Olbia,0,0,4,"PeeringDB, peeringdb.com/api"
ID,Selong,0,0,0,"PeeringDB, peeringdb.com/api"
VE,Oriente,0,0,6,"PeeringDB, peeringdb.com/api"
IT,Casano Madeno,0,0,0,"PeeringDB, peeringdb.com/api"
LS,Maseru,0,0,3,"PeeringDB, peeringdb.com/api"
BD,Pabna,0,0,0,"PeeringDB, peeringdb.com/api"
XK,Pristine,0,0,6,"PeeringDB, peeringdb.com/api"
CN,上海,0,0,21,"PeeringDB, peeringdb.com/api"
IN,Bengaluru,0,0,2,"PeeringDB, peeringdb.com/api"
PH,general santos city,0,0,5,"PeeringDB, peeringdb.com/api"
CO,Cucuta,0,0,1,"PeeringDB, peeringdb.com/api"
CO,Pasto,0,0,0,"PeeringDB, peeringdb.com/api"
