fac_id,name,city,country,continent,net_count,ix_count,carrier_count,latitude,longitude,source
1,Equinix DC1-DC15 DC21-DC22 - Ashburn,Ashburn,US,North America,516,8,14,39.016363,-77.459023,"PeeringDB, peeringdb.com/api"
2,Digital Realty SFO (200 Paul),San Francisco,US,North America,44,2,2,37.723407,-122.397923,"PeeringDB, peeringdb.com/api"
4,Equinix DA1 - Dallas,Dallas,US,North America,168,5,8,32.800955,-96.81955,"PeeringDB, peeringdb.com/api"
5,Equinix SV8 - Silicon Valley  Palo Alto,Palo Alto,US,North America,66,4,2,37.445896,-122.160775,"PeeringDB, peeringdb.com/api"
6,Equinix SV1/SV5/SV10 - Silicon Valley  San Jose,San Jose,US,North America,282,8,7,37.241767,-121.782967,"PeeringDB, peeringdb.com/api"
7,Equinix CH1/CH2/CH4 - Chicago,Chicago,US,North America,333,10,13,41.85365,-87.618342,"PeeringDB, peeringdb.com/api"
8,Equinix LA1 - Los Angeles,Los Angeles,US,North America,137,6,9,34.047501,-118.2573,"PeeringDB, peeringdb.com/api"
9,Equinix NY1 - New York  Newark,Newark,US,North America,39,2,5,40.736844,-74.173402,"PeeringDB, peeringdb.com/api"
10,Digital Realty NYC (60 Hudson),New York,US,North America,160,7,8,40.717723,-74.008299,"PeeringDB, peeringdb.com/api"
11,Equinix AT2/AT3 - Atlanta,Atlanta,US,North America,23,1,3,33.755456,-84.39153,"PeeringDB, peeringdb.com/api"
12,Equinix TR1 - Toronto,Toronto,CA,North America,45,5,1,43.644672,-79.384128,"PeeringDB, peeringdb.com/api"
15,Equinix MI1 - Miami  NOTA,Miami,US,North America,332,9,16,25.782648,-80.193157,"PeeringDB, peeringdb.com/api"
16,Digital Realty NYC (111 8th Ave),New York,US,North America,130,6,3,40.741469,-74.003387,"PeeringDB, peeringdb.com/api"
18,NIKHEF Amsterdam,Amsterdam,NL,Europe,485,29,41,52.356394,4.950837,"PeeringDB, peeringdb.com/api"
19,CoreSite - Los Angeles (LA1) One Wilshire,Los Angeles,US,North America,334,5,9,34.047942,-118.255564,"PeeringDB, peeringdb.com/api"
20,CoreSite - San Jose (SV1),San Jose,US,North America,55,3,4,37.334147,-121.891649,"PeeringDB, peeringdb.com/api"
21,FedConnect San Francisco,San Francisco,US,North America,0,0,0,37.783322,-122.392048,"PeeringDB, peeringdb.com/api"
22,JMA NAC Los Angeles,Los Angeles,US,North America,0,1,0,34.048428,-118.255186,"PeeringDB, peeringdb.com/api"
23,Digital Realty SFO (365 Main),San Francisco,US,North America,35,2,2,37.788669,-122.390509,"PeeringDB, peeringdb.com/api"
24,The Mission Street Center,San Francisco,US,North America,0,0,0,37.780351,-122.408954,"PeeringDB, peeringdb.com/api"
33,SVTIX San Jose,San Jose,US,North America,3,0,0,37.333765,-121.904828,"PeeringDB, peeringdb.com/api"
34,Telehouse - London (Docklands North),London,GB,Europe,495,13,19,,,"PeeringDB, peeringdb.com/api"
35,Digital Realty London LHR17,West Drayton,GB,Europe,15,0,1,51.482248,-0.460224,"PeeringDB, peeringdb.com/api"
36,Equinix NY2/NY4/NY5/NY6 - New York  Secaucus,Secaucus,US,North America,130,10,7,40.778534,-74.072237,"PeeringDB, peeringdb.com/api"
38,Equinix NY9 - New York  111 8th Avenue,New York,US,North America,78,4,4,40.741469,-74.003387,"PeeringDB, peeringdb.com/api"
39,Telehouse - London (Docklands East),London,GB,Europe,224,9,8,,,"PeeringDB, peeringdb.com/api"
40,Digital Realty London LHR20,London,GB,Europe,92,6,5,51.499819,-0.010775,"PeeringDB, peeringdb.com/api"
43,Digital Realty London LHR19,London,GB,Europe,36,4,5,51.496902,-0.018933,"PeeringDB, peeringdb.com/api"
45,Equinix LD8 - London  Docklands,London,GB,Europe,313,10,13,51.498842,-0.014327,"PeeringDB, peeringdb.com/api"
46,Digital Realty London LON1-3,London,GB,Europe,119,6,5,51.520397,-0.073777,"PeeringDB, peeringdb.com/api"
47,Global Switch London East,London,GB,Europe,31,1,1,51.510985,-0.003494,"PeeringDB, peeringdb.com/api"
48,Global Switch London North,London,GB,Europe,32,1,2,51.511364,-0.010634,"PeeringDB, peeringdb.com/api"
51,Exchange Tower London,London,GB,Europe,1,0,2,,,"PeeringDB, peeringdb.com/api"
52,UltraEdge Velizy,Paris,FR,Europe,0,0,0,48.782499,2.208747,"PeeringDB, peeringdb.com/api"
53,Telehouse - Paris 2 (Voltaire - Léon Frot),Paris,FR,Europe,360,17,28,48.856654,2.38532,"PeeringDB, peeringdb.com/api"
54,Telehouse - Paris 1 (Jeûneurs),Paris,FR,Europe,18,2,6,48.869869,2.344236,"PeeringDB, peeringdb.com/api"
55,UltraEdge Paris - Courbevoie,Paris,FR,Europe,41,1,4,48.903746,2.257694,"PeeringDB, peeringdb.com/api"
56,Digital Realty Paris PAR1,Paris,FR,Europe,36,1,6,48.902082,2.369496,"PeeringDB, peeringdb.com/api"
57,UltraEdge Lyon-Venissieux,Vénissieux,FR,Europe,84,3,11,45.722882,4.862905,"PeeringDB, peeringdb.com/api"
58,Digital Realty Frankfurt FRA1-27,Frankfurt,DE,Europe,614,30,37,50.11925,8.735199,"PeeringDB, peeringdb.com/api"
59,ITENOS Frankfurt (FRA1),Frankfurt,DE,Europe,64,5,7,50.099697,8.631763,"PeeringDB, peeringdb.com/api"
60,Equinix FR5 - Frankfurt  KleyerStrasse,Frankfurt,DE,Europe,548,36,42,50.09885,8.632004,"PeeringDB, peeringdb.com/api"
61,Digital Realty AMS17 - Amsterdam,Amsterdam,NL,Europe,148,9,16,52.356353,4.951609,"PeeringDB, peeringdb.com/api"
62,Equinix AM7 - Amsterdam  Kuiperberweg,Amsterdam,NL,Europe,215,13,26,52.303078,4.938009,"PeeringDB, peeringdb.com/api"
63,Global Switch Amsterdam,Amsterdam,NL,Europe,98,6,12,52.343984,4.828711,"PeeringDB, peeringdb.com/api"
64,Digital Realty AMS3/5/7/8/10 - Amsterdam,Amsterdam,NL,Europe,119,4,13,52.28415,4.770855,"PeeringDB, peeringdb.com/api"
66,Vienna University Computer Center (Wien),Vienna,AT,Europe,27,1,3,48.214151,16.357784,"PeeringDB, peeringdb.com/api"
67,Digital Realty VIE1/2 - Vienna,Vienna,AT,Europe,191,13,15,48.269027,16.410613,"PeeringDB, peeringdb.com/api"
68,Digital Realty BRU1 - Brussels,Brussels,BE,Europe,103,5,8,50.870502,4.476941,"PeeringDB, peeringdb.com/api"
69,Equinix DA3 - Dallas,Dallas,US,North America,103,6,6,32.800955,-96.81955,"PeeringDB, peeringdb.com/api"
71,Digital Realty Seattle SEA10,Seattle,US,North America,232,5,9,47.614347,-122.338883,"PeeringDB, peeringdb.com/api"
72,Equinix PA7 - Paris  Energy Park,Paris,FR,Europe,54,2,7,48.904891,2.259202,"PeeringDB, peeringdb.com/api"
73,Equinix PA5 - Paris  Victor Hugo,Paris,FR,Europe,67,3,6,48.90407,2.369221,"PeeringDB, peeringdb.com/api"
74,Equinix FR7 - Frankfurt  Gutleutstrasse,Frankfurt,DE,Europe,153,13,15,50.096869,8.644169,"PeeringDB, peeringdb.com/api"
75,Digital Realty Paris PAR2,Paris,FR,Europe,54,1,6,48.906617,2.370417,"PeeringDB, peeringdb.com/api"
76,Equinix MA1 - Manchester  Williams/Kilburn,Manchester,GB,Europe,110,2,4,53.463112,-2.236869,"PeeringDB, peeringdb.com/api"
78,Reynolds House  Manchester,Manchester,GB,Europe,43,1,4,53.464393,-2.247633,"PeeringDB, peeringdb.com/api"
79,Digital Realty London LHR21 (closed),London,GB,Europe,25,2,1,51.500621,-0.011758,"PeeringDB, peeringdb.com/api"
80,Equinix AM8 - Amsterdam  Gyroscoopweg,Amsterdam,NL,Europe,27,7,7,52.396814,4.838579,"PeeringDB, peeringdb.com/api"
81,Digital Realty Zurich ZUR1,Glattbrugg,CH,Europe,129,6,11,47.432702,8.557273,"PeeringDB, peeringdb.com/api"
83,Equinix ZH2 - Zurich,Zurich,CH,Europe,50,7,5,47.387749,8.520255,"PeeringDB, peeringdb.com/api"
84,KDWEB San Jose,San Jose,US,North America,0,0,0,37.333885,-121.889302,"PeeringDB, peeringdb.com/api"
85,Equinix SV17 - Silicon Valley  Santa Clara,Santa Clara,US,North America,6,1,1,37.376348,-121.988591,"PeeringDB, peeringdb.com/api"
86,Equinix SE2/SE3 - Seattle,Seattle,US,North America,113,5,4,47.614358,-122.338864,"PeeringDB, peeringdb.com/api"
88,Equinix DC7 - Ashburn  Vienna,Vienna,US,North America,8,2,1,38.908422,-77.219692,"PeeringDB, peeringdb.com/api"
91,COLT DC London,London,GB,Europe,7,0,2,51.799899,-0.183762,"PeeringDB, peeringdb.com/api"
97,Templus DC Milan MIL01,Milan,IT,Europe,4,0,0,45.49538,9.17865,"PeeringDB, peeringdb.com/api"
101,LAN Services AG - Communication Center cc.ch,Biel/Bienne,CH,Europe,0,0,0,47.130774,7.241053,"PeeringDB, peeringdb.com/api"
102,Equinix LA2 - Los Angeles,Los Angeles,US,North America,14,5,1,34.048897,-118.259585,"PeeringDB, peeringdb.com/api"
103,Equinix LA5 - Los Angeles,Los Angeles,US,North America,4,1,0,,,"PeeringDB, peeringdb.com/api"
104,Digital Realty AMS9 - Amsterdam,Amsterdam,NL,Europe,151,12,22,52.356671,4.952501,"PeeringDB, peeringdb.com/api"
106,Digital Realty Dusseldorf DUS1-3,Düsseldorf,DE,Europe,138,4,13,51.186111,6.869937,"PeeringDB, peeringdb.com/api"
108,Telehouse - Frankfurt,Frankfurt,DE,Europe,78,5,7,50.096962,8.630057,"PeeringDB, peeringdb.com/api"
109,EdgeConneX Munich (EDCMUC01),Munich,DE,Europe,37,3,6,48.139859,11.526173,"PeeringDB, peeringdb.com/api"
110,BIT-1,Ede,NL,Europe,13,1,7,52.030762,5.624974,"PeeringDB, peeringdb.com/api"
111,ColoCenter Frankfurt,Frankfurt,DE,Europe,0,0,0,50.103483,8.636254,"PeeringDB, peeringdb.com/api"
112,Level(3) Paris (Le Capitole),Paris,FR,Europe,11,0,3,48.887694,2.21513,"PeeringDB, peeringdb.com/api"
117,TAS Sophia,Antibes,FR,Europe,1,0,0,43.628052,7.038047,"PeeringDB, peeringdb.com/api"
118,Equinix EN1 - Enschede,Enschede,NL,Europe,25,3,4,52.236979,6.84964,"PeeringDB, peeringdb.com/api"
119,Digital Realty Frankfurt FRA28 (Closed),Frankfurt,DE,Europe,20,2,4,50.081709,8.623156,"PeeringDB, peeringdb.com/api"
120,Digital Realty NYC (32 AofA),New York,US,North America,40,3,1,40.72,-74.004561,"PeeringDB, peeringdb.com/api"
121,Espanix Datacenter,Madrid,ES,Europe,43,6,4,40.466022,-3.660963,"PeeringDB, peeringdb.com/api"
122,Equinix BA1 - Barcelona,Barcelona,ES,Europe,73,3,6,41.351557,2.137457,"PeeringDB, peeringdb.com/api"
125,Digital Realty ATL13 - Atlanta,Atlanta,US,North America,189,4,7,33.755456,-84.39153,"PeeringDB, peeringdb.com/api"
126,Equinix LS1 - Lisbon,Lisbon,PT,Europe,83,5,7,38.787919,-9.123454,"PeeringDB, peeringdb.com/api"
127,Equinix MD2 - Madrid,Alcobendas,ES,Europe,83,7,11,40.536855,-3.648584,"PeeringDB, peeringdb.com/api"
129,IWB Datacenter Basel,Basel,CH,Europe,22,2,4,47.546259,7.582093,"PeeringDB, peeringdb.com/api"
130,Digital Realty Madrid MAD1-2,Madrid,ES,Europe,231,9,13,40.439323,-3.621211,"PeeringDB, peeringdb.com/api"
131,Equinix SY1/SY2 - Sydney,Sydney,AU,Australia,200,5,7,-33.921868,151.188025,"PeeringDB, peeringdb.com/api"
135,Level(3) Brussels,Brussels,BE,Europe,21,2,3,50.857721,4.412116,"PeeringDB, peeringdb.com/api"
138,CSUC Campus Nord,Barcelona,ES,Europe,9,1,0,41.387314,2.111883,"PeeringDB, peeringdb.com/api"
139,Equinix GV1 - Geneva  City,Geneva,CH,Europe,35,2,4,46.203607,6.144251,"PeeringDB, peeringdb.com/api"
142,Telehouse – TOKYO Otemachi (KDDI Otemachi),Tokyo,JP,Asia Pacific,44,2,0,35.686406,139.764809,"PeeringDB, peeringdb.com/api"
143,KINX Dogok,Seoul,KR,Asia Pacific,55,3,4,37.488139,127.051167,"PeeringDB, peeringdb.com/api"
144,Equinix DC8 - Ashburn  Vienna,Vienna,US,North America,7,2,0,38.931419,-77.238951,"PeeringDB, peeringdb.com/api"
146,Equinix PH1 - Philadelphia,Philadelphia,US,North America,24,1,0,39.959668,-75.161377,"PeeringDB, peeringdb.com/api"
147,Evocative San Jose (SV7),San Jose,US,North America,7,0,1,37.338431,-121.910133,"PeeringDB, peeringdb.com/api"
148,Digital Realty Copenhagen CPH1-3,Copenhagen,DK,Europe,98,7,13,55.728092,12.377482,"PeeringDB, peeringdb.com/api"
149,iM Critical Miami,Miami,US,North America,17,1,2,25.848356,-80.194926,"PeeringDB, peeringdb.com/api"
152,Moscow M9,Moscow,RU,Europe,275,11,4,55.652639,37.528861,"PeeringDB, peeringdb.com/api"
153,NorthC Duesseldorf,Düsseldorf,DE,Europe,12,2,2,51.18819,6.86728,"PeeringDB, peeringdb.com/api"
154,Telnet Caldera Milan,Milan,IT,Europe,10,2,3,45.476177,9.103887,"PeeringDB, peeringdb.com/api"
155,Speedbone Berlin,Berlin,DE,Europe,44,6,4,52.465779,13.369905,"PeeringDB, peeringdb.com/api"
156,Equinix SK1 - Stockholm  Bromma,Stockholm,SE,Europe,118,15,16,59.362574,17.955657,"PeeringDB, peeringdb.com/api"
157,colobern.ch Bern,Bern,CH,Europe,17,1,0,46.964845,7.478187,"PeeringDB, peeringdb.com/api"
158,GlobalConnect Taastrup 1 (CPH1),Taastrup,DK,Europe,55,7,6,55.662,12.301459,"PeeringDB, peeringdb.com/api"
159,PIPE Networks Brisbane,Brisbane,AU,Australia,7,0,0,-27.465681,153.027805,"PeeringDB, peeringdb.com/api"
160,PIPE Networks Sydney,Sydney,AU,Australia,3,0,0,-33.874077,151.20777,"PeeringDB, peeringdb.com/api"
161,PIPE Networks Melbourne,Melbourne,AU,Australia,2,0,0,-37.819171,144.956726,"PeeringDB, peeringdb.com/api"
162,PIPE Networks Adelaide,Adelaide,AU,Australia,4,0,0,-34.927233,138.594121,"PeeringDB, peeringdb.com/api"
163,PIPE Networks Hobart,Hobart,AU,Australia,2,0,0,-42.881849,147.328921,"PeeringDB, peeringdb.com/api"
164,Equinix DB1 - Dublin  CityWest,Dublin,IE,Europe,64,4,4,53.296306,-6.41897,"PeeringDB, peeringdb.com/api"
165,Equinix SP4 - São Paulo,Barueri,BR,South America,592,6,12,-23.497589,-46.814577,"PeeringDB, peeringdb.com/api"
166,Verizon Madrid,Madrid,ES,Europe,4,0,0,40.447968,-3.574684,"PeeringDB, peeringdb.com/api"
167,Harbour Centre Vancouver,Vancouver,CA,North America,62,4,2,49.284697,-123.111935,"PeeringDB, peeringdb.com/api"
168,Equinix TY1 - Tokyo,Tokyo,JP,Asia Pacific,26,2,0,35.576366,139.749055,"PeeringDB, peeringdb.com/api"
170,Equinix HK1 - Hong Kong,Tsuen Wan,HK,Asia Pacific,188,6,10,22.365581,114.11932,"PeeringDB, peeringdb.com/api"
171,Digital Realty PHX10 (120 E Van Buren),Phoenix,US,North America,35,3,2,33.452003,-112.072042,"PeeringDB, peeringdb.com/api"
176,Level(3) Sunnyvale,Sunnyvale,US,North America,8,2,0,37.373412,-121.98778,"PeeringDB, peeringdb.com/api"
177,Digital Realty Dublin DUB1-2,Dublin,IE,Europe,60,4,5,53.334251,-6.365538,"PeeringDB, peeringdb.com/api"
178,Equinix DB2 - Dublin  Kilcarbery,Dublin,IE,Europe,52,4,3,53.318647,-6.439957,"PeeringDB, peeringdb.com/api"
179,Equinix MD1 - Madrid,Madrid,ES,Europe,14,1,5,40.513497,-3.671891,"PeeringDB, peeringdb.com/api"
180,Digital Realty Dublin DUB10,Dublin,IE,Europe,7,0,1,53.412081,-6.366707,"PeeringDB, peeringdb.com/api"
181,Global Switch Paris,Paris,FR,Europe,31,0,5,48.899823,2.296095,"PeeringDB, peeringdb.com/api"
184,Printer's Square Chicago (600 S Federal),Chicago,US,North America,3,0,0,41.874302,-87.629928,"PeeringDB, peeringdb.com/api"
185,NorthC Nürnberg,Nuremberg,DE,Europe,18,2,4,49.38991,11.17706,"PeeringDB, peeringdb.com/api"
186,Netrality - Indy Telcom Center - 733 W. Henry,Indianapolis,US,North America,41,2,2,39.75988,-86.172275,"PeeringDB, peeringdb.com/api"
187,Versatel Gent (Handelsdok Center),Ghent,BE,Europe,0,0,0,51.063866,3.734616,"PeeringDB, peeringdb.com/api"
188,FiberNet Telecom Group - 60 Hudson St,New York,US,North America,6,1,0,40.717664,-74.008333,"PeeringDB, peeringdb.com/api"
189,FiberNet Telecom Group New York (111 Eighth Ave),New York,US,North America,1,1,0,40.741355,-74.003203,"PeeringDB, peeringdb.com/api"
190,LCL Antwerp,Antwerp,BE,Europe,15,2,2,51.264294,4.402951,"PeeringDB, peeringdb.com/api"
191,Versatel Antwerp,Antwerp,BE,Europe,0,0,0,51.262686,4.41733,"PeeringDB, peeringdb.com/api"
192,NorthC Munich 2,Munich,DE,Europe,19,1,4,48.135973,11.662742,"PeeringDB, peeringdb.com/api"
193,LCL Brussels (Diegem),Brussels,BE,Europe,47,3,2,50.887474,4.455068,"PeeringDB, peeringdb.com/api"
195,AAPT Glebe,Sydney,AU,Australia,1,0,0,-33.883255,151.182583,"PeeringDB, peeringdb.com/api"
196,DigiCo Sydney SYD1 (formerly Global Switch Australia),Sydney,AU,Australia,103,4,5,-33.875599,151.197691,"PeeringDB, peeringdb.com/api"
198,AAPT Brisbane,Brisbane,AU,Australia,0,0,0,-27.467146,153.030416,"PeeringDB, peeringdb.com/api"
199,AAPT Fortitude Valley,Brisbane,AU,Australia,1,0,0,-27.459649,153.03099,"PeeringDB, peeringdb.com/api"
201,AAPT Adelaide,Adelaide,AU,Australia,1,0,1,-34.926075,138.6013,"PeeringDB, peeringdb.com/api"
203,Deutschherrnkarree,Nuremberg,DE,Europe,14,1,3,49.453955,11.063356,"PeeringDB, peeringdb.com/api"
206,STOKAB KN5  Södermalm,Stockholm,SE,Europe,17,0,4,59.31535,18.045546,"PeeringDB, peeringdb.com/api"
207,STOKAB KN6  Hammarby,Stockholm,SE,Europe,9,0,3,59.298407,18.089786,"PeeringDB, peeringdb.com/api"
208,Digital Realty Stockholm STO1-6,Stockholm,SE,Europe,128,13,16,59.422226,17.916696,"PeeringDB, peeringdb.com/api"
209,Level(3) Weehawken,Weehawken,US,North America,2,0,0,40.761825,-74.025031,"PeeringDB, peeringdb.com/api"
211,Singapore Open Exchange (SOX),Singapore,SG,Asia Pacific,2,1,0,1.297541,103.772471,"PeeringDB, peeringdb.com/api"
212,Spaanse Kubus Rotterdam,Rotterdam,NL,Europe,16,2,1,51.930359,4.414322,"PeeringDB, peeringdb.com/api"
213,Unilogic Networks Datacenter Sittard,Sittard,NL,Europe,1,1,2,50.995925,5.845593,"PeeringDB, peeringdb.com/api"
214,CE Colo Prague,Prague,CZ,Europe,151,8,9,50.060164,14.482978,"PeeringDB, peeringdb.com/api"
215,DC Tower Zizkov CRa,Prague,CZ,Europe,16,2,1,50.08103,14.451122,"PeeringDB, peeringdb.com/api"
216,GTS Telehouse Prague,Prague,CZ,Europe,17,2,0,50.078094,14.475889,"PeeringDB, peeringdb.com/api"
217,Pragonet Telehouse Prague,Prague,CZ,Europe,1,0,0,50.062152,14.428607,"PeeringDB, peeringdb.com/api"
218,Arelion Dusseldorf DDF/B,Düsseldorf,DE,Europe,12,2,2,51.188,6.86608,"PeeringDB, peeringdb.com/api"
219,Markley Group One Summer Street Boston,Boston,US,North America,82,1,3,42.354692,-71.060266,"PeeringDB, peeringdb.com/api"
220,BCE Colocation Luxembourg,Luxembourg,LU,Europe,15,1,2,49.637537,6.163425,"PeeringDB, peeringdb.com/api"
222,Telia Telehouse Copenhagen,Copenhagen,DK,Europe,18,0,4,55.661921,12.377342,"PeeringDB, peeringdb.com/api"
225,MEGA-i (iAdvantage Hong Kong),Hong Kong,HK,Asia Pacific,264,4,8,22.266098,114.246512,"PeeringDB, peeringdb.com/api"
226,Digital Realty Marseille MRS1/2/3/4,Marseille,FR,Europe,221,10,22,43.310818,5.373865,"PeeringDB, peeringdb.com/api"
229,Equinix PA1 - Paris  Roissy,Roissy-en-France,FR,Europe,7,0,0,48.983691,2.507095,"PeeringDB, peeringdb.com/api"
230,Cogent Lille,Lille,FR,Europe,7,1,3,50.63768,3.090551,"PeeringDB, peeringdb.com/api"
231,Multicoms Paris (Velizy),Paris,FR,Europe,1,0,0,48.785043,2.209917,"PeeringDB, peeringdb.com/api"
232,UltraEdge Bordeaux,Bordeaux,FR,Europe,30,1,6,44.889171,-0.557446,"PeeringDB, peeringdb.com/api"
233,UltraEdge Strasbourg,Strasbourg,FR,Europe,42,1,4,48.569149,7.781145,"PeeringDB, peeringdb.com/api"
234,Peace Communications KNX1,Knoxville,US,North America,5,0,1,35.965586,-83.921438,"PeeringDB, peeringdb.com/api"
235,Mediagateway,Hilversum,NL,Europe,25,1,6,52.241526,5.169722,"PeeringDB, peeringdb.com/api"
238,NorthC Oude Meer,Oude Meer,NL,Europe,30,2,9,52.29257,4.788162,"PeeringDB, peeringdb.com/api"
239,NorthC Aalsmeer,Aalsmeer,NL,Europe,6,1,5,52.259795,4.774186,"PeeringDB, peeringdb.com/api"
241,UNITED COLO GmbH / NGZ-Server.de Coburg,Coburg,DE,Europe,0,0,0,50.254995,10.95877,"PeeringDB, peeringdb.com/api"
243,Pulsant Newcastle NE-1 (Central),Newcastle upon Tyne,GB,Europe,6,0,0,54.972886,-1.603213,"PeeringDB, peeringdb.com/api"
244,Wavenet Manchester,Manchester,GB,Europe,1,0,0,,,"PeeringDB, peeringdb.com/api"
245,InterDC Doetinchem,Doetinchem,NL,Europe,21,2,4,51.954184,6.300252,"PeeringDB, peeringdb.com/api"
246,Looking Glass Networks NYC Node,New York,US,North America,0,0,0,40.726019,-74.00536,"PeeringDB, peeringdb.com/api"
248,Level(3) London (Braham Street),London,GB,Europe,6,0,0,51.513915,-0.0725,"PeeringDB, peeringdb.com/api"
249,Level(3) Atlanta (Courtland),Atlanta,US,North America,3,0,1,33.765138,-84.383731,"PeeringDB, peeringdb.com/api"
250,Level(3) Chicago (Canal),Chicago,US,North America,3,0,0,41.880436,-87.639611,"PeeringDB, peeringdb.com/api"
252,Cogent Montpellier,Montpellier,FR,Europe,16,2,3,43.60956,3.887893,"PeeringDB, peeringdb.com/api"
254,Redcentric London Data Centre,London,GB,Europe,37,0,2,51.522955,-0.082993,"PeeringDB, peeringdb.com/api"
256,ServerCondo-219 Albuquerque,Albuquerque,US,North America,0,0,0,35.084663,-106.650102,"PeeringDB, peeringdb.com/api"
258,STOKAB KN3  Kista,Stockholm,SE,Europe,5,0,1,59.405682,17.943347,"PeeringDB, peeringdb.com/api"
259,MCI Stockholm (Kista),Stockholm,SE,Europe,0,0,0,59.406342,17.953487,"PeeringDB, peeringdb.com/api"
260,VIVI Vienna (Wien),Vienna,AT,Europe,8,0,0,48.213465,16.356475,"PeeringDB, peeringdb.com/api"
261,Lumen Duesseldorf,Düsseldorf,DE,Europe,0,0,2,51.18875,6.86597,"PeeringDB, peeringdb.com/api"
262,NorthC Amsterdam 2,Amsterdam,NL,Europe,7,0,2,52.29643,4.94859,"PeeringDB, peeringdb.com/api"
264,Cogent Nice,Nice,FR,Europe,7,0,3,43.70338,7.259722,"PeeringDB, peeringdb.com/api"
265,Cogent Antibes,Antibes,FR,Europe,5,0,1,43.609448,7.073109,"PeeringDB, peeringdb.com/api"
266,Cogent Toulouse,Toulouse,FR,Europe,18,1,6,43.620447,1.423103,"PeeringDB, peeringdb.com/api"
267,Citynet Columbus,Columbus,US,North America,3,1,0,39.968171,-82.994861,"PeeringDB, peeringdb.com/api"
268,Citynet Pittsburgh,Pittsburgh,US,North America,4,0,0,40.447383,-80.003614,"PeeringDB, peeringdb.com/api"
269,BUCH-Facility Bucharest,Bucharest,RO,Europe,0,0,0,44.419772,26.115913,"PeeringDB, peeringdb.com/api"
271,Pulsant Edinburgh SC-1 (South Gyle),Edinburgh,GB,Europe,37,1,0,55.930562,-3.295901,"PeeringDB, peeringdb.com/api"
273,Citynet Indianapolis,Indianapolis,US,North America,1,0,0,39.759534,-86.170711,"PeeringDB, peeringdb.com/api"
274,WIIT Datacenter DUS1  DUS2  DUS3  DUS4  DUS6  DUS7,Düsseldorf,DE,Europe,102,7,6,51.267301,6.81752,"PeeringDB, peeringdb.com/api"
275,PTOR1,Portland,US,North America,70,2,3,45.521366,-122.680792,"PeeringDB, peeringdb.com/api"
277,NTT Frankfurt 1 Data Center (FRA1),Frankfurt,DE,Europe,141,9,15,50.128192,8.601436,"PeeringDB, peeringdb.com/api"
278,Mobistar Nossegem fka Versatel Nossegem,Nossegem,BE,Europe,5,0,1,50.877572,4.503638,"PeeringDB, peeringdb.com/api"
279,Centersquare New Jersey (EWR5),Secaucus,US,North America,18,2,2,40.78616,-74.06912,"PeeringDB, peeringdb.com/api"
280,Eircom Dublin (Citywest),Dublin,IE,Europe,4,0,1,53.296287,-6.415382,"PeeringDB, peeringdb.com/api"
281,Equinix BO1 - Boston  Waltham,Waltham,US,North America,3,0,0,42.395346,-71.269187,"PeeringDB, peeringdb.com/api"
282,Equinix SG1 - Singapore,Singapore,SG,Asia Pacific,530,11,15,1.295229,103.789842,"PeeringDB, peeringdb.com/api"
283,365 Data Centers Chicago (CH6),Chicago,US,North America,19,2,0,41.876212,-87.631453,"PeeringDB, peeringdb.com/api"
284,MCI/Verizon Brussels (Diegem) E,Machelen,BE,Europe,2,0,1,50.885261,4.450532,"PeeringDB, peeringdb.com/api"
285,MCI/Verizon Brussels (Diegem) H,Brussels,BE,Europe,0,0,0,50.885261,4.450532,"PeeringDB, peeringdb.com/api"
286,CoreSite - Washington DC (DC1),Washington,US,North America,16,3,3,38.902918,-77.029149,"PeeringDB, peeringdb.com/api"
290,aixit Frankfurt,Frankfurt,DE,Europe,24,1,2,50.1009,8.629585,"PeeringDB, peeringdb.com/api"
291,NewColo Frankfurt,Frankfurt,DE,Europe,21,2,1,50.101713,8.63429,"PeeringDB, peeringdb.com/api"
293,Evocative SJC3,Santa Clara,US,North America,13,0,0,37.378042,-121.954136,"PeeringDB, peeringdb.com/api"
294,ITGate PdF (TRN1/TRN2),Turin,IT,Europe,25,2,1,45.090688,7.660825,"PeeringDB, peeringdb.com/api"
295,AtlasEdge DC Brussels BRU001,Brussels,BE,Europe,6,0,1,50.872026,4.503629,"PeeringDB, peeringdb.com/api"
299,Global Crossing Joop,Amsterdam,NL,Europe,3,0,3,52.33538,4.933657,"PeeringDB, peeringdb.com/api"
300,BIX Building (Victor Hugo street),Budapest,HU,Europe,61,1,4,47.51796,19.055712,"PeeringDB, peeringdb.com/api"
301,Dataplex Budapest,Budapest,HU,Europe,65,3,9,47.448989,19.107458,"PeeringDB, peeringdb.com/api"
305,iomart DC1 Glasgow,Glasgow,GB,Europe,8,0,0,55.851165,-4.283217,"PeeringDB, peeringdb.com/api"
306,Equinix PA2 - Paris  Saint-Denis,Paris,FR,Europe,151,5,16,48.927166,2.350664,"PeeringDB, peeringdb.com/api"
311,Level(3) Nashville (Sidco Drive),Nashville,US,North America,4,0,0,36.102726,-86.755786,"PeeringDB, peeringdb.com/api"
312,IRIS - Nashville,Nashville,US,North America,1,0,0,36.162621,-86.776316,"PeeringDB, peeringdb.com/api"
314,Cincinnatti Bell - West 7th Street,Cincinnati,US,North America,0,0,0,39.102789,-84.517261,"PeeringDB, peeringdb.com/api"
315,Level(3) Cincinnati,Cincinnati,US,North America,1,0,0,39.102533,-84.50313,"PeeringDB, peeringdb.com/api"
316,Neutral Data Toronto,Toronto,CA,North America,6,1,0,43.644632,-79.384228,"PeeringDB, peeringdb.com/api"
317,Telehouse - Los Angeles,Los Angeles,US,North America,5,1,0,34.048275,-118.256985,"PeeringDB, peeringdb.com/api"
328,BTC Core Network Sofia,Sofia,BG,Europe,4,0,0,42.693819,23.32401,"PeeringDB, peeringdb.com/api"
330,Newport Financial Center,Jersey City,US,North America,1,0,0,40.726597,-74.033401,"PeeringDB, peeringdb.com/api"
331,NorthC Berlin,Berlin,DE,Europe,28,2,3,52.452868,13.428412,"PeeringDB, peeringdb.com/api"
332,Netrality St. Louis - 900 Walnut,St. Louis,US,North America,44,4,2,38.625536,-90.195238,"PeeringDB, peeringdb.com/api"
333,Equinix LA3/LA4 - Los Angeles  El Segundo,El Segundo,US,North America,57,3,3,33.921239,-118.383778,"PeeringDB, peeringdb.com/api"
334,Pulsant Maidenhead SE-2,Maidenhead,GB,Europe,12,0,0,51.500351,-0.708278,"PeeringDB, peeringdb.com/api"
335,The Bunker (Ash),Sandwich,GB,Europe,3,0,0,51.271106,1.295809,"PeeringDB, peeringdb.com/api"
336,colozueri.ch Zurich,Zurich,CH,Europe,60,6,1,47.38338,8.495621,"PeeringDB, peeringdb.com/api"
340,Biznet Jakarta,Jakarta,ID,Asia Pacific,13,1,1,-6.208937,106.820607,"PeeringDB, peeringdb.com/api"
345,Vaultica Data Centers | OSL01,Oslo,NO,Europe,51,4,5,59.924726,10.810183,"PeeringDB, peeringdb.com/api"
346,Forskningsparken Oslo,Oslo,NO,Europe,8,0,1,59.942329,10.71639,"PeeringDB, peeringdb.com/api"
347,Level(3) Toronto,Toronto,CA,North America,4,0,0,43.727326,-79.332708,"PeeringDB, peeringdb.com/api"
348,Level(3) New York,New York,US,North America,4,1,0,40.743136,-74.007652,"PeeringDB, peeringdb.com/api"
349,Linxdatacenter (Moscow),Moscow,RU,Europe,25,3,1,55.805323,37.551781,"PeeringDB, peeringdb.com/api"
350,165 Halsey Meet-Me Room,Newark,US,North America,112,5,6,40.736844,-74.173402,"PeeringDB, peeringdb.com/api"
351,Equinix DU1 - Dusseldorf,Düsseldorf,DE,Europe,24,2,3,51.219632,6.80715,"PeeringDB, peeringdb.com/api"
352,London Hosting Centre,London,GB,Europe,30,1,1,51.494644,-0.018318,"PeeringDB, peeringdb.com/api"
354,Level(3) London (Goswell Road),London,GB,Europe,32,1,2,51.528721,-0.100964,"PeeringDB, peeringdb.com/api"
356,Crown Castle Brentwood (1650 Islip),Brentwood,US,North America,0,0,0,40.784184,-73.219864,"PeeringDB, peeringdb.com/api"
357,Versatel Berlin,Berlin,DE,Europe,1,0,0,52.452542,13.430493,"PeeringDB, peeringdb.com/api"
362,710 Tucker St Louis,St. Louis,US,North America,4,0,0,38.632728,-90.195813,"PeeringDB, peeringdb.com/api"
363,CoreSite - Los Angeles (LA2),Los Angeles,US,North America,199,3,7,34.058096,-118.235357,"PeeringDB, peeringdb.com/api"
365,NewTelco Kiev,Kyiv,UA,Europe,165,16,4,50.551468,30.629527,"PeeringDB, peeringdb.com/api"
367,INTERNIC Frankfurt,Frankfurt,DE,Europe,7,1,0,50.105084,8.666501,"PeeringDB, peeringdb.com/api"
368,XO Nashville,Nashville,US,North America,2,0,0,36.158837,-86.772516,"PeeringDB, peeringdb.com/api"
372,Network 222,Madison,US,North America,13,1,1,43.073336,-89.386996,"PeeringDB, peeringdb.com/api"
374,Iron Mountain Data Center - Amsterdam (AMS-1),Amsterdam,NL,Europe,162,9,17,52.391165,4.665267,"PeeringDB, peeringdb.com/api"
375,Equinix AM1/AM2 - Amsterdam  Luttenbergweg,Amsterdam,NL,Europe,145,12,18,52.299929,4.943121,"PeeringDB, peeringdb.com/api"
376,Equinix ZW1 - Zwolle,Zwolle,NL,Europe,14,2,4,52.488492,6.142697,"PeeringDB, peeringdb.com/api"
377,DTS DataCenter Herford,Herford,DE,Europe,1,0,0,52.12009,8.64637,"PeeringDB, peeringdb.com/api"
378,OCDC Orange County Datacenter Santa Ana,Santa Ana,US,North America,0,0,0,33.729872,-117.851779,"PeeringDB, peeringdb.com/api"
379,iConnect Helena,Helena,US,North America,5,0,0,,,"PeeringDB, peeringdb.com/api"
380,iConnect Billings Fiber Hotel,Billings,US,North America,7,0,0,45.781098,-108.512522,"PeeringDB, peeringdb.com/api"
381,iConnect Missoula,Missoula,US,North America,7,0,1,46.87101,-113.989835,"PeeringDB, peeringdb.com/api"
382,TransACT Telehouse,Canberra,AU,Australia,12,2,1,-35.251849,149.133934,"PeeringDB, peeringdb.com/api"
383,Berget Boras,Boras,SE,Europe,1,0,1,57.71545,12.925524,"PeeringDB, peeringdb.com/api"
386,UltraEdge Montpellier,Montpellier,FR,Europe,5,0,1,43.596863,3.868353,"PeeringDB, peeringdb.com/api"
388,Global Switch Singapore,Singapore,SG,Asia Pacific,142,7,6,1.336723,103.893828,"PeeringDB, peeringdb.com/api"
389,CoreSite - Denver (DE1),Denver,US,North America,152,3,5,39.745636,-104.995636,"PeeringDB, peeringdb.com/api"
390,CSS MPS Moscow,Moscow,RU,Europe,11,1,0,55.770625,37.652576,"PeeringDB, peeringdb.com/api"
392,Telehouse Toronto (151 Front St West),Toronto,CA,North America,143,5,3,43.644672,-79.384128,"PeeringDB, peeringdb.com/api"
393,HKCOLO - Sino Favour Centre,Hong Kong,HK,Asia Pacific,16,1,0,22.266947,114.246038,"PeeringDB, peeringdb.com/api"
394,740 Notre-Dame West Montreal,Montreal,CA,North America,2,0,0,45.499333,-73.560097,"PeeringDB, peeringdb.com/api"
397,WOW! Business (Tampa Datacenter),Tampa,US,North America,16,2,2,27.947729,-82.459331,"PeeringDB, peeringdb.com/api"
398,Equinix LD3 - London  Park Royal,London,GB,Europe,16,1,1,51.528788,-0.27746,"PeeringDB, peeringdb.com/api"
399,Equinix LD4 - London  Slough,Slough,GB,Europe,80,6,4,51.523805,-0.635545,"PeeringDB, peeringdb.com/api"
402,Digital Realty DFW (2323 Bryan St),Dallas,US,North America,65,4,3,32.787212,-96.794219,"PeeringDB, peeringdb.com/api"
403,Digital Realty LAX (600 W 7th),Los Angeles,US,North America,50,1,1,34.047335,-118.25745,"PeeringDB, peeringdb.com/api"
405,Axione Lotim Telecom,Saint-Etienne,FR,Europe,5,0,0,,,"PeeringDB, peeringdb.com/api"
406,euNetworks Amsterdam,Amsterdam,NL,Europe,55,4,7,52.333407,4.919422,"PeeringDB, peeringdb.com/api"
408,Digital Realty IAD (44480 Hastings),Ashburn,US,North America,9,2,1,39.017808,-77.462489,"PeeringDB, peeringdb.com/api"
409,Netrality Houston - 1301 Fannin,Houston,US,North America,31,6,2,29.753242,-95.365882,"PeeringDB, peeringdb.com/api"
410,KOMO Plaza Seattle (Formerly Fisher Plaza),Seattle,US,North America,23,2,1,47.619238,-122.348278,"PeeringDB, peeringdb.com/api"
411,University of Wisconsin-Madison,Madison,US,North America,5,1,0,43.071309,-89.406318,"PeeringDB, peeringdb.com/api"
412,MCI/Verizon Paris St Denis,Paris,FR,Europe,3,0,0,48.911058,2.363056,"PeeringDB, peeringdb.com/api"
413,Verizon HMG9 Oslo,Oslo,NO,Europe,9,0,1,59.938433,10.834971,"PeeringDB, peeringdb.com/api"
414,190 Park Center Plaza San Jose,San Jose,US,North America,0,0,0,37.332218,-121.892948,"PeeringDB, peeringdb.com/api"
417,Telia Copenhagen (Ørestad/OSD),København S,DK,Europe,9,0,2,55.625745,12.578517,"PeeringDB, peeringdb.com/api"
418,TATA Communications Stratford,London,GB,Europe,2,0,1,51.542392,0.002415,"PeeringDB, peeringdb.com/api"
419,Malmö/B,Malmö,SE,Europe,3,2,0,55.571236,12.935775,"PeeringDB, peeringdb.com/api"
420,The Franklin Exchange Tampa,Tampa,US,North America,4,1,3,27.949606,-82.458393,"PeeringDB, peeringdb.com/api"
421,BIT-2,Ede,NL,Europe,40,3,10,52.027212,5.623903,"PeeringDB, peeringdb.com/api"
424,TTC TELEPORT DC1,Prague,CZ,Europe,80,3,2,50.082018,14.53335,"PeeringDB, peeringdb.com/api"
425,Academia Sinica Department of Information Technology Services (ITS) Taipei,Taipei,TW,Asia Pacific,3,1,0,25.042185,121.614548,"PeeringDB, peeringdb.com/api"
426,QTS Groningen (GRO1),Groningen,NL,Europe,28,3,6,53.246048,6.52852,"PeeringDB, peeringdb.com/api"
427,NorthC Hamburg,Hamburg,DE,Europe,18,1,2,53.54799,10.04365,"PeeringDB, peeringdb.com/api"
428,iomart DC2 London,London,GB,Europe,5,0,1,,,"PeeringDB, peeringdb.com/api"
429,Pixelpark GmbH Colo II Berlin,Berlin,DE,Europe,1,0,0,52.50192,13.36945,"PeeringDB, peeringdb.com/api"
430,Level(3) Oakland,Emeryville,US,North America,2,0,0,37.834675,-122.286597,"PeeringDB, peeringdb.com/api"
434,Gothnet DC Marieholm,Gothenburg,SE,Europe,23,6,4,57.731137,12.002845,"PeeringDB, peeringdb.com/api"
435,Netrality Kansas City - 1102 Grand,Kansas City,US,North America,83,2,5,39.100941,-94.581036,"PeeringDB, peeringdb.com/api"
436,Equinix SV3 - Silicon Valley  San Jose,San Jose,US,North America,22,2,1,37.388235,-121.888457,"PeeringDB, peeringdb.com/api"
437,Equinix SV2 - Silicon Valley  Santa Clara,Santa Clara,US,North America,24,2,2,37.378463,-121.954945,"PeeringDB, peeringdb.com/api"
438,Synergy House Manchester,Manchester,GB,Europe,3,0,0,,,"PeeringDB, peeringdb.com/api"
439,NXDATA-1 Bucharest (BUH1),Bucharest,RO,Europe,115,11,13,44.481916,26.120789,"PeeringDB, peeringdb.com/api"
440,CoreSite - Chicago (CH1),Chicago,US,North America,74,6,3,41.876212,-87.631453,"PeeringDB, peeringdb.com/api"
441,Databarn Amsterdam,Amsterdam,NL,Europe,21,0,6,52.396443,4.851132,"PeeringDB, peeringdb.com/api"
442,GrafiX Internet B.V. - Capelle,Capelle aan den IJssel,NL,Europe,0,0,0,51.953828,4.585041,"PeeringDB, peeringdb.com/api"
444,noris network datacenter.de NBG3 / NBG4,Nuremberg,DE,Europe,19,2,7,49.45341,11.06364,"PeeringDB, peeringdb.com/api"
445,CarrierColo Berlin Luetzow (I/P/B/ site B),Berlin,DE,Europe,104,5,12,52.50192,13.36945,"PeeringDB, peeringdb.com/api"
448,CSSNW Bellingham,Bellingham,US,North America,6,0,0,48.757306,-122.4805,"PeeringDB, peeringdb.com/api"
449,CERN Geneva,Meyrin,CH,Europe,25,2,2,46.232973,6.055572,"PeeringDB, peeringdb.com/api"
452,Equinix TY2 - Tokyo,Tokyo,JP,Asia Pacific,115,6,9,35.617432,139.748106,"PeeringDB, peeringdb.com/api"
454,DNS:NET Colo I Berlin,Berlin,DE,Europe,10,2,1,52.502036,13.369303,"PeeringDB, peeringdb.com/api"
455,R-KOM Datacenter,Regensburg,DE,Europe,6,0,1,49.013454,12.148083,"PeeringDB, peeringdb.com/api"
456,Chief LY Building Taipei,Taipei,TW,Asia Pacific,147,5,3,25.073467,121.577519,"PeeringDB, peeringdb.com/api"
457,Equinix FR2 - Frankfurt  North,Frankfurt,DE,Europe,71,6,8,50.141895,8.741764,"PeeringDB, peeringdb.com/api"
458,FCCN Lisbon - SE03,Lisbon,PT,Europe,10,2,0,38.756444,-9.146581,"PeeringDB, peeringdb.com/api"
460,AIMS Kuala Lumpur,Kuala Lumpur,MY,Asia Pacific,102,6,1,3.14969,101.70634,"PeeringDB, peeringdb.com/api"
462,LIM Warsaw,Warsaw,PL,Europe,256,11,8,52.227718,21.005015,"PeeringDB, peeringdb.com/api"
463,Telia Stockholm STK2,Solna,SE,Europe,2,0,0,59.362546,17.998905,"PeeringDB, peeringdb.com/api"
464,euNetworks Colocation Berlin,Berlin,DE,Europe,25,2,2,52.46566,13.36937,"PeeringDB, peeringdb.com/api"
465,Sitel Bratislava,Bratislava,SK,Europe,53,9,6,48.118746,17.095572,"PeeringDB, peeringdb.com/api"
466,Digital Realty CHI (350 E Cermak),Chicago,US,North America,100,7,5,41.85365,-87.618342,"PeeringDB, peeringdb.com/api"
468,Digital Realty OAK (720 2nd St),Oakland,US,North America,6,1,1,37.799021,-122.282507,"PeeringDB, peeringdb.com/api"
469,Digital Realty SJC (2820 NW Pkwy),Santa Clara,US,North America,13,1,2,37.372818,-121.973377,"PeeringDB, peeringdb.com/api"
472,Hanover Building Calgary,Calgary,CA,North America,1,0,0,51.04716,-114.063506,"PeeringDB, peeringdb.com/api"
473,Core-Backbone NBG1,Nuremberg,DE,Europe,7,1,2,49.45341,11.06364,"PeeringDB, peeringdb.com/api"
474,GAP Union Station,South Bend,US,North America,11,1,1,41.669526,-86.255805,"PeeringDB, peeringdb.com/api"
475,Singapore - Science Park II,Singapore,SG,Asia Pacific,1,0,0,1.287528,103.783168,"PeeringDB, peeringdb.com/api"
476,360 Spear,San Francisco,US,North America,3,0,0,37.788931,-122.390267,"PeeringDB, peeringdb.com/api"
477,Nepustil Stuttgart Zettachring 10a,Stuttgart,DE,Europe,18,1,6,48.70899,9.17098,"PeeringDB, peeringdb.com/api"
478,NTT Berlin 1 Data Center (BER1),Berlin,DE,Europe,61,4,6,52.538479,13.237136,"PeeringDB, peeringdb.com/api"
480,Equinix MU1/MU3 - Munich,Munich,DE,Europe,65,2,9,48.143056,11.55584,"PeeringDB, peeringdb.com/api"
483,ICT Center Vaduz,Vaduz,LI,Europe,0,0,0,47.129934,9.524799,"PeeringDB, peeringdb.com/api"
484,Malmö Västergatan 4 / Stortorget,Malmö,SE,Europe,27,5,4,55.606818,12.998449,"PeeringDB, peeringdb.com/api"
485,Carolina Internet / CaroNet,Charlotte,US,North America,0,0,0,35.173324,-80.925975,"PeeringDB, peeringdb.com/api"
488,Ucomline Kiev,Kyiv,UA,Europe,75,8,1,50.445102,30.510193,"PeeringDB, peeringdb.com/api"
489,Moscow M10,Moscow,RU,Europe,37,1,1,55.792351,37.607766,"PeeringDB, peeringdb.com/api"
490,Moscow CSS MPS,Moscow,RU,Europe,8,1,0,55.771098,37.652226,"PeeringDB, peeringdb.com/api"
493,Datagroup Kiev,Kyiv,UA,Europe,13,1,0,50.45131,30.44867,"PeeringDB, peeringdb.com/api"
494,Digital Realty AMS18 - Amsterdam,Amsterdam,NL,Europe,36,2,6,52.332165,4.923265,"PeeringDB, peeringdb.com/api"
495,euNetworks (Global Voice),Dublin,IE,Europe,4,0,0,53.291549,-6.416232,"PeeringDB, peeringdb.com/api"
496,SOCO Datacenter,Dueren,DE,Europe,2,0,0,50.82885,6.457331,"PeeringDB, peeringdb.com/api"
497,GrafiX Internet B.V. - Alphen,Alphen aan den Rijn,NL,Europe,1,0,1,52.131092,4.640164,"PeeringDB, peeringdb.com/api"
498,Digital Realty Paris PAR3,Paris,FR,Europe,19,0,3,48.914726,2.362398,"PeeringDB, peeringdb.com/api"
499,Digital Realty Paris PAR4,Paris,FR,Europe,5,0,1,,,"PeeringDB, peeringdb.com/api"
500,TierPoint Spokane,Liberty Lake,US,North America,13,2,1,47.671879,-117.09123,"PeeringDB, peeringdb.com/api"
501,US Bank Building,Spokane,US,North America,18,1,1,47.658139,-117.4193,"PeeringDB, peeringdb.com/api"
505,Equinix DA - Dallas (previously Infomart Dallas),Dallas,US,North America,60,3,4,32.800748,-96.819412,"PeeringDB, peeringdb.com/api"
506,Piceno Datacenter,Ascoli Piceno,IT,Europe,1,0,0,,,"PeeringDB, peeringdb.com/api"
507,324 E Wisconsin,Milwaukee,US,North America,7,0,2,43.039016,-87.906937,"PeeringDB, peeringdb.com/api"
508,TSUA,Kyiv,UA,Europe,24,4,0,50.445241,30.509689,"PeeringDB, peeringdb.com/api"
509,Equinix WA1 - Warsaw  Centrum LIM,Warsaw,PL,Europe,248,13,13,52.227354,21.003357,"PeeringDB, peeringdb.com/api"
510,Equinix SV6 - Silicon Valley  Sunnyvale,Sunnyvale,US,North America,8,2,0,37.399589,-122.014572,"PeeringDB, peeringdb.com/api"
511,Raiffeisen Diana Haus (RDH),Vienna,AT,Europe,6,0,2,48.214174,16.377515,"PeeringDB, peeringdb.com/api"
517,Core-Backbone NBG2,Nuremberg,DE,Europe,9,1,2,49.45341,11.06364,"PeeringDB, peeringdb.com/api"
518,Core-Backbone NBG3,Nuremberg,DE,Europe,7,1,2,49.45341,11.06364,"PeeringDB, peeringdb.com/api"
519,Lumen Boston,Cambridge,US,North America,19,1,2,42.367691,-71.086779,"PeeringDB, peeringdb.com/api"
520,1101 Stewart Ave  Garden City,Garden City,US,North America,0,0,0,40.73616,-73.594195,"PeeringDB, peeringdb.com/api"
524,Eurofiber Datacenter NL Zuid-West 2,Steenbergen,NL,Europe,18,2,5,51.587535,4.305055,"PeeringDB, peeringdb.com/api"
525,180 E Broad St.,Columbus,US,North America,5,1,0,39.963183,-82.995994,"PeeringDB, peeringdb.com/api"
527,TCC Technology Data Center - Bangkok Thailand (TCC ETDC   TCCtech),Sathorn  Bangkok,TH,Asia Pacific,8,0,0,13.720794,100.53019,"PeeringDB, peeringdb.com/api"
529,UPL TELECOM s.r.o.,Prague,CZ,Europe,0,0,0,50.078067,14.472131,"PeeringDB, peeringdb.com/api"
531,Iron Mountain Data Center - Scottsdale (AZS-1),Scottsdale,US,North America,9,1,0,33.64465,-111.895495,"PeeringDB, peeringdb.com/api"
532,QTS Eemshaven (EEM1),Eemshaven,NL,Europe,7,0,2,53.437293,6.858243,"PeeringDB, peeringdb.com/api"
534,Equinix LD9 - London  Powergate,London,GB,Europe,32,4,1,51.530547,-0.257425,"PeeringDB, peeringdb.com/api"
535,Arelion Oslo OKR/C,Oslo,NO,Europe,9,0,2,59.928212,10.812054,"PeeringDB, peeringdb.com/api"
536,UNI-C,Lyngby,DK,Europe,8,0,1,55.784385,12.519543,"PeeringDB, peeringdb.com/api"
537,Cogent Strasbourg,Schiltigheim,FR,Europe,11,2,2,48.60056,7.744168,"PeeringDB, peeringdb.com/api"
538,Databarn Rivium,Capelle aan den IJssel,NL,Europe,2,0,2,51.91038,4.546787,"PeeringDB, peeringdb.com/api"
539,Equinix DA4 - Dallas,Dallas,US,North America,26,3,4,32.787212,-96.794219,"PeeringDB, peeringdb.com/api"
540,QTD - 60 Hudson,New York,US,North America,15,1,2,40.717723,-74.008299,"PeeringDB, peeringdb.com/api"
541,SBTC,Seattle,US,North America,3,0,0,47.612139,-122.340036,"PeeringDB, peeringdb.com/api"
542,Equinix NY7 - New York  North Bergen,North Bergen,US,North America,18,2,1,40.796857,-74.031129,"PeeringDB, peeringdb.com/api"
543,Associated Engineering Plaza (10909 Jasper Avenue),Edmonton,CA,North America,1,0,0,53.540593,-113.508986,"PeeringDB, peeringdb.com/api"
544,Intermax Schouwburgplein Rotterdam,Rotterdam,NL,Europe,1,0,0,51.92025,4.474623,"PeeringDB, peeringdb.com/api"
545,WIIT Milano,Milan,IT,Europe,3,0,0,45.465492,9.187323,"PeeringDB, peeringdb.com/api"
547,Hurricane Electric Fremont 2,Fremont,US,North America,302,13,2,37.471809,-121.920111,"PeeringDB, peeringdb.com/api"
548,3500 Garrott,Houston,US,North America,0,0,0,29.741436,-95.385784,"PeeringDB, peeringdb.com/api"
550,Silver @ Exchange,Varsity Lakes,AU,Australia,2,0,0,-28.079298,153.410899,"PeeringDB, peeringdb.com/api"
552,TATA Communications Chennai,Chennai,IN,Asia Pacific,81,4,2,,,"PeeringDB, peeringdb.com/api"
553,TATA Communications Cochin,Cochin,IN,Asia Pacific,4,0,0,,,"PeeringDB, peeringdb.com/api"
554,TATA Communications Mumbai,Mumbai,IN,Asia Pacific,85,2,1,19.020332,72.83155,"PeeringDB, peeringdb.com/api"
555,Namex Datacenter Rome,Rome,IT,Europe,148,2,4,41.898919,12.512156,"PeeringDB, peeringdb.com/api"
558,Equinix MI2 - Miami,Miami,US,North America,27,3,2,25.775869,-80.19313,"PeeringDB, peeringdb.com/api"
559,5Nines Data,Madison,US,North America,6,0,1,43.073336,-89.386996,"PeeringDB, peeringdb.com/api"
560,365 Data Centers Boca Raton (BC1),Boca Raton,US,North America,7,2,1,,,"PeeringDB, peeringdb.com/api"
561,H5 Data Centers Nashville,Nashville,US,North America,23,2,2,36.162626,-86.778674,"PeeringDB, peeringdb.com/api"
564,PSN Networks,Jakarta,ID,Asia Pacific,0,0,0,-6.2325,106.828946,"PeeringDB, peeringdb.com/api"
565,Kent Science Park,Kent,GB,Europe,2,0,0,51.312671,0.725281,"PeeringDB, peeringdb.com/api"
566,Digital Residence,Nijmegen,NL,Europe,0,0,0,,,"PeeringDB, peeringdb.com/api"
567,Solcon Datacenter Dronten,Dronten,NL,Europe,2,0,2,52.53901,5.702234,"PeeringDB, peeringdb.com/api"
568,Vocus Perth PER01,Perth,AU,Australia,28,3,2,-31.955572,115.855457,"PeeringDB, peeringdb.com/api"
569,Epsilon Global Hubs New York (60 Hudson),New York,US,North America,6,3,0,40.717664,-74.008333,"PeeringDB, peeringdb.com/api"
570,Hibernia Atlantic Halifax International Exchange Center,Herring Cove,CA,North America,2,0,0,44.561793,-63.561509,"PeeringDB, peeringdb.com/api"
571,SloughIX,Slough,GB,Europe,1,0,1,51.511977,-0.588081,"PeeringDB, peeringdb.com/api"
572,Iron Mountain Data Center - Phoenix (AZP-1),Phoenix,US,North America,32,3,3,33.454411,-111.976435,"PeeringDB, peeringdb.com/api"
573,LightStorm Bratislava,Bratislava,SK,Europe,1,0,0,,,"PeeringDB, peeringdb.com/api"
574,Equinix SV4 - Silicon Valley  Sunnyvale,Sunnyvale,US,North America,16,2,1,37.41438,-122.014482,"PeeringDB, peeringdb.com/api"
575,1623 Farnam - Omaha,Omaha,US,North America,49,1,7,41.257352,-95.938191,"PeeringDB, peeringdb.com/api"
577,Sky Tower,Auckland,NZ,Asia Pacific,16,1,0,,,"PeeringDB, peeringdb.com/api"
578,QTS Santa Clara (SJC1/SJC2),Santa Clara,US,North America,12,2,1,37.394031,-121.978279,"PeeringDB, peeringdb.com/api"
579,QTS Jersey City (JCY1),Jersey City,US,North America,4,0,1,40.716892,-74.03382,"PeeringDB, peeringdb.com/api"
580,QTS Atlanta-Suwanee (SUW1),Suwanee,US,North America,11,2,2,34.035431,-84.06101,"PeeringDB, peeringdb.com/api"
581,QTS Atlanta-Metro (ATL1),Atlanta,US,North America,22,2,3,33.777526,-84.421036,"PeeringDB, peeringdb.com/api"
582,QTS Miami (MIA1),Miami,US,North America,7,2,2,25.791541,-80.379598,"PeeringDB, peeringdb.com/api"
584,CoreSite - Boston (BO1),Somerville,US,North America,40,2,3,42.376703,-71.079763,"PeeringDB, peeringdb.com/api"
585,1025Connect,Westbury,US,North America,8,3,0,40.7558,-73.557923,"PeeringDB, peeringdb.com/api"
586,Montpellier Internet Telecom Datacenter,Montpellier,FR,Europe,2,0,1,43.584614,3.871767,"PeeringDB, peeringdb.com/api"
587,WNET Kiev Leo,Kyiv,UA,Europe,2,0,0,50.445694,30.512964,"PeeringDB, peeringdb.com/api"
588,WNET Kiev Deg62,Kyiv,UA,Europe,0,0,0,50.462643,30.437668,"PeeringDB, peeringdb.com/api"
589,GlobalConnect Kolding,Kolding,DK,Europe,11,0,0,55.534452,9.474905,"PeeringDB, peeringdb.com/api"
590,Intergate West / Digital.forest / Fortress,Tukwila,US,North America,4,2,0,47.494136,-122.29441,"PeeringDB, peeringdb.com/api"
591,comtrance Duesseldorf,Düsseldorf,DE,Europe,6,0,0,51.188,6.86608,"PeeringDB, peeringdb.com/api"
592,Inter Fiber,Peague 3,CZ,Europe,0,0,0,50.078067,14.472131,"PeeringDB, peeringdb.com/api"
593,274 Brannan Street,San Francisco,US,North America,2,0,0,37.782582,-122.391764,"PeeringDB, peeringdb.com/api"
594,TMR Telehouse Bochum,Bochum,DE,Europe,1,0,0,51.488704,7.219452,"PeeringDB, peeringdb.com/api"
595,Webplus24 GmbH,Mahlow,DE,Europe,0,0,0,52.35737,13.40806,"PeeringDB, peeringdb.com/api"
596,WideXS - G54,Amsterdam,NL,Europe,2,0,2,52.400002,4.841993,"PeeringDB, peeringdb.com/api"
598,NTT DATA Otemachi Bldg,Tokyo,JP,Asia Pacific,46,6,2,35.686087,139.76791,"PeeringDB, peeringdb.com/api"
599,Digital Edge TYO2 (ComSpace 1) - Tokyo,Tokyo,JP,Asia Pacific,27,3,2,35.687467,139.779481,"PeeringDB, peeringdb.com/api"
600,Shin Nikko Bldg,Tokyo,JP,Asia Pacific,2,0,0,,,"PeeringDB, peeringdb.com/api"
601,Teledata Manchester - Delta House,Manchester,GB,Europe,35,1,2,53.37912,-2.258538,"PeeringDB, peeringdb.com/api"
603,Lumen Frankfurt 2,Frankfurt,DE,Europe,2,0,2,50.1003,8.63461,"PeeringDB, peeringdb.com/api"
604,FiberNet Telecom Group Newark - 165 Halsey,Newark,US,North America,1,1,0,40.736844,-74.173402,"PeeringDB, peeringdb.com/api"
605,365 Data Centers Ft. Lauderdale (FLL),Ft. Lauderdale,US,North America,6,1,1,26.184971,-80.190819,"PeeringDB, peeringdb.com/api"
607,A1 Hrvatska Zagreb,Zagreb,HR,Europe,2,0,1,45.785779,16.031468,"PeeringDB, peeringdb.com/api"
609,CS LoxInfo Data Center - CW Tower,Bangkok,TH,Asia Pacific,20,2,0,13.769684,100.573655,"PeeringDB, peeringdb.com/api"
610,JARING Bukit Jalil,Kuala Lumpur,MY,Asia Pacific,1,0,0,3.046839,101.688963,"PeeringDB, peeringdb.com/api"
613,Centersquare Phoenix (PHX3),Mesa,US,North America,4,0,1,33.421225,-111.858984,"PeeringDB, peeringdb.com/api"
614,Hutchinson HK,Quarry Bay,HK,Asia Pacific,4,1,0,,,"PeeringDB, peeringdb.com/api"
616,TKTelekom - Joanitow,Wroclaw,PL,Europe,4,0,0,51.09664,17.037555,"PeeringDB, peeringdb.com/api"
617,nLighten Sophia Antipolis NCE1,Antibes,FR,Europe,14,1,4,43.604752,7.075697,"PeeringDB, peeringdb.com/api"
619,Colo at 55  LLC,Atlanta,US,North America,5,1,0,33.755807,-84.391066,"PeeringDB, peeringdb.com/api"
620,CIX,Cork City,IE,Europe,15,1,0,51.903621,-8.512335,"PeeringDB, peeringdb.com/api"
625,Adamant  LLC,Kyiv,UA,Europe,4,0,0,,,"PeeringDB, peeringdb.com/api"
628,Cogent Rouen,Rouen,FR,Europe,9,1,2,49.428736,1.076366,"PeeringDB, peeringdb.com/api"
629,Airwire DC Galway,Galway,IE,Europe,2,1,0,,,"PeeringDB, peeringdb.com/api"
630,GlobalConnect Taastrup 2,Taastrup,DK,Europe,6,1,1,55.662392,12.307179,"PeeringDB, peeringdb.com/api"
631,Rackspace Slough,Slough,GB,Europe,3,0,0,51.520432,-0.618277,"PeeringDB, peeringdb.com/api"
633,Pulsant Reading SE-4 (East),Reading,GB,Europe,2,0,0,51.457714,-0.943472,"PeeringDB, peeringdb.com/api"
636,Telehouse - Paris 3 (Magny),Magny-les-Hameaux,FR,Europe,51,4,5,48.726927,2.081473,"PeeringDB, peeringdb.com/api"
639,ColoBâle,Pratteln,CH,Europe,9,1,1,47.135052,7.247146,"PeeringDB, peeringdb.com/api"
640,zugernet,Baar,CH,Europe,2,1,1,47.186808,8.515613,"PeeringDB, peeringdb.com/api"
641,3 Habour View  Philipsburg,Sint Maarten,SX,,2,1,0,,,"PeeringDB, peeringdb.com/api"
642,Telecom Center LA,Los Angeles,US,North America,9,1,0,34.048428,-118.255186,"PeeringDB, peeringdb.com/api"
643,Colo4Dallas,Dallas,US,North America,6,0,1,32.807888,-96.857296,"PeeringDB, peeringdb.com/api"
644,nLighten Gent BRU1,Merelbeke,BE,Europe,8,1,2,50.987659,3.767603,"PeeringDB, peeringdb.com/api"
646,EXA Edge DC Milan,Milan,IT,Europe,10,1,4,45.478016,9.101828,"PeeringDB, peeringdb.com/api"
652,Belgacom Netcenter - 02MRI,Machelen,BE,Europe,2,0,0,50.905082,4.422969,"PeeringDB, peeringdb.com/api"
654,TATA Communications - Piti Cable Landing Station,Piti,GU,,7,2,1,13.461645,144.69439,"PeeringDB, peeringdb.com/api"
655,OPCORE - DC2 / PAR2,Vitry-sur-Seine,FR,Europe,45,4,6,48.794768,2.411851,"PeeringDB, peeringdb.com/api"
656,The Bunker (Newbury),Thatcham,GB,Europe,6,0,0,51.373297,-1.277122,"PeeringDB, peeringdb.com/api"
657,Bolshaya Morskaya 18,St. Petersburg,RU,Europe,62,9,0,59.934573,30.316618,"PeeringDB, peeringdb.com/api"
659,nLighten Amsterdam AMS1,Amsterdam,NL,Europe,30,1,4,52.400495,4.842911,"PeeringDB, peeringdb.com/api"
660,Host Networks BNE1,Brisbane,AU,Australia,7,1,0,-27.57976,153.100165,"PeeringDB, peeringdb.com/api"
661,Optus Ultimo,Sydney,AU,Australia,1,0,0,-33.878688,151.19879,"PeeringDB, peeringdb.com/api"
662,WDC,Villers-le-Bouillet,BE,Europe,11,0,2,50.580621,5.262687,"PeeringDB, peeringdb.com/api"
663,TELEPOINT Sofia Centre,Sofia,BG,Europe,184,17,17,42.702735,23.306259,"PeeringDB, peeringdb.com/api"
664,ITD Network SA Core Colocation center,Sofia,BG,Europe,0,0,0,42.679361,23.366812,"PeeringDB, peeringdb.com/api"
665,ITD Network SA Access Colocation Center,Sofia,BG,Europe,0,0,0,42.694699,23.316748,"PeeringDB, peeringdb.com/api"
666,Sofia Data Center (SDC),Sofia,BG,Europe,40,5,3,42.656366,23.369197,"PeeringDB, peeringdb.com/api"
668,CoreSite - Reston (VA1),Reston,US,North America,84,6,5,38.950631,-77.364541,"PeeringDB, peeringdb.com/api"
669,CoreSite - Miami (MI1),Miami,US,North America,20,2,2,25.797548,-80.230038,"PeeringDB, peeringdb.com/api"
670,CoreSite - New York (NY1),New York,US,North America,35,4,2,40.72,-74.004561,"PeeringDB, peeringdb.com/api"
671,Coresite - Milpitas (SV2),Milpitas,US,North America,6,2,1,37.405693,-121.916261,"PeeringDB, peeringdb.com/api"
672,Sofia Data Center (SDC) Ruse,Ruse,BG,Europe,6,2,1,,,"PeeringDB, peeringdb.com/api"
673,Varna Teleport Center,Varna,BG,Europe,5,1,1,43.205497,27.912757,"PeeringDB, peeringdb.com/api"
674,Burgas Teleport Center,Burgas,BG,Europe,2,1,1,42.492929,27.473234,"PeeringDB, peeringdb.com/api"
675,Plovdiv Teleport Center,Plovdiv,BG,Europe,3,1,1,42.13603,24.753688,"PeeringDB, peeringdb.com/api"
676,iomart DC3 Nottingham,Nottingham,GB,Europe,3,0,0,52.950916,-1.138982,"PeeringDB, peeringdb.com/api"
677,iomart DC4 Leicester,Leicester,GB,Europe,3,0,0,,,"PeeringDB, peeringdb.com/api"
678,Luna.nl Rotterdam Puntegale,Rotterdam,NL,Europe,1,0,0,51.917088,4.473742,"PeeringDB, peeringdb.com/api"
679,ColoHouse Miami,Miami,US,North America,42,3,1,25.775811,-80.192959,"PeeringDB, peeringdb.com/api"
683,Equinix FR4 - Frankfurt  West,Frankfurt,DE,Europe,111,10,16,50.097939,8.587964,"PeeringDB, peeringdb.com/api"
684,Equinix SK2 - Stockholm  Sköndal,Stockholm,SE,Europe,34,10,9,59.263521,18.105656,"PeeringDB, peeringdb.com/api"
685,Lumen Berlin,Berlin,DE,Europe,1,0,2,52.43267,13.37372,"PeeringDB, peeringdb.com/api"
686,Stadtwerke Norderstedt RZ1,Norderstedt,DE,Europe,3,0,1,53.706205,9.994222,"PeeringDB, peeringdb.com/api"
687,Verizon Istanbul,Istanbul,TR,Middle East,9,1,0,40.993532,28.827068,"PeeringDB, peeringdb.com/api"
688,Fujitsu Eight Mile Plains,Brisbane,AU,Australia,7,1,0,-27.582067,153.097734,"PeeringDB, peeringdb.com/api"
690,Ipera Newcastle,Newcastle,AU,Australia,1,0,0,-32.924952,151.757278,"PeeringDB, peeringdb.com/api"
691,Equinix ME5 - Melbourne (formerly Metronode Melbourne 1),Melbourne,AU,Australia,6,2,2,-37.807942,144.953538,"PeeringDB, peeringdb.com/api"
693,Primus Adelaide,Adelaide,AU,Australia,6,0,1,-34.927233,138.594121,"PeeringDB, peeringdb.com/api"
694,aCure,Perth,AU,Australia,1,0,0,-31.95577,115.859135,"PeeringDB, peeringdb.com/api"
695,DigiCo Brisbane BNE (iseek IR),Woolloongabba,AU,Australia,2,1,0,-27.49132,153.035403,"PeeringDB, peeringdb.com/api"
696,Equinix DE2 - Denver,Denver,US,North America,15,2,1,39.560317,-104.857528,"PeeringDB, peeringdb.com/api"
697,NTT Com Asia Tai Po,Tai Po,HK,Asia Pacific,13,0,0,,,"PeeringDB, peeringdb.com/api"
698,HNS - IDC01,Mumbai,IN,Asia Pacific,2,0,0,19.144661,72.937966,"PeeringDB, peeringdb.com/api"
699,Australian Data Centres - Dacre St  Mitchell,Canberra,AU,Australia,0,0,0,,,"PeeringDB, peeringdb.com/api"
700,GFR DataCenter Bochum,Bochum,DE,Europe,3,0,0,51.474367,7.193234,"PeeringDB, peeringdb.com/api"
702,Hurricane Electric Fremont 1,Fremont,US,North America,41,3,0,37.489879,-121.931012,"PeeringDB, peeringdb.com/api"
703,TOPNET/UA/Leontovicha9,Kyiv,UA,Europe,15,5,0,50.445102,30.510193,"PeeringDB, peeringdb.com/api"
704,TOPNET/UA/Krivonosa27,Kyiv,UA,Europe,4,1,0,,,"PeeringDB, peeringdb.com/api"
705,Equinix SG2 - Singapore,Singapore,SG,Asia Pacific,68,6,3,1.321502,103.695359,"PeeringDB, peeringdb.com/api"
706,Arelion Moscow MSK/O1,Moscow,RU,Europe,3,0,1,55.785162,37.613257,"PeeringDB, peeringdb.com/api"
707,Global-e Datacenter NLRI1,Rijen,NL,Europe,12,2,3,51.579078,4.929288,"PeeringDB, peeringdb.com/api"
708,BBBell Torino,Turin,IT,Europe,1,0,0,45.090615,7.658883,"PeeringDB, peeringdb.com/api"
710,Equinix CU1/CU2/CU3/CU4 - Culpeper,Culpeper,US,North America,10,1,2,38.454881,-77.978325,"PeeringDB, peeringdb.com/api"
713,Viva Kochar,Yerevan,AM,Asia Pacific,1,0,0,40.198451,44.493908,"PeeringDB, peeringdb.com/api"
714,Digital Realty Paris PAR5,Paris,FR,Europe,68,2,7,48.914183,2.362402,"PeeringDB, peeringdb.com/api"
715,Digital Realty Paris PAR6,Paris,FR,Europe,13,0,2,48.815272,2.402842,"PeeringDB, peeringdb.com/api"
716,Lumen Brussels,Machelen,BE,Europe,0,0,1,50.887581,4.455725,"PeeringDB, peeringdb.com/api"
717,Equinix PA3 - Paris  Saint-Denis,Paris,FR,Europe,128,4,12,48.927166,2.350664,"PeeringDB, peeringdb.com/api"
718,Cogent Bordeaux,Bordeaux,FR,Europe,11,0,3,44.86328,-0.555491,"PeeringDB, peeringdb.com/api"
719,Neuf Caen,Caen,FR,Europe,0,0,0,,,"PeeringDB, peeringdb.com/api"
720,Neuf Cesson,Cesson-Sévigné,FR,Europe,5,0,1,,,"PeeringDB, peeringdb.com/api"
721,Cogent Dijon,Dijon,FR,Europe,10,0,2,47.308867,5.03019,"PeeringDB, peeringdb.com/api"
722,Cogent Grenoble,Grenoble,FR,Europe,21,2,4,45.189943,5.736655,"PeeringDB, peeringdb.com/api"
723,Cogent Paris,La Garenne Colombes,FR,Europe,3,1,0,48.907073,2.241557,"PeeringDB, peeringdb.com/api"
724,ETIX Lyon #1,Lyon,FR,Europe,27,1,5,45.729237,4.843612,"PeeringDB, peeringdb.com/api"
725,Cogent Nantes,Nantes,FR,Europe,17,1,2,47.203142,-1.550442,"PeeringDB, peeringdb.com/api"
726,Cogent Poitiers,Poitiers,FR,Europe,10,0,3,46.588271,0.339986,"PeeringDB, peeringdb.com/api"
727,Cogent Rennes,Rennes,FR,Europe,27,2,3,48.107474,-1.64368,"PeeringDB, peeringdb.com/api"
728,Neuf Rouen,Saint Etienne du Rouvray,FR,Europe,2,0,0,,,"PeeringDB, peeringdb.com/api"
730,Cogent Tours,Tours,FR,Europe,10,1,1,47.432609,0.686648,"PeeringDB, peeringdb.com/api"
731,Cogent Velizy,Vélizy-Villacoublay,FR,Europe,9,1,1,48.783682,2.208055,"PeeringDB, peeringdb.com/api"
732,Sanef Telecom Reims,Thillois,FR,Europe,1,0,0,,,"PeeringDB, peeringdb.com/api"
734,Pulsant Milton Keynes SE-1,Milton Keynes,GB,Europe,9,0,0,,,"PeeringDB, peeringdb.com/api"
735,Carrierswitchraum Jena,Jena,DE,Europe,4,0,0,50.8953,11.5842,"PeeringDB, peeringdb.com/api"
736,Intershop-Tower Jena,Jena,DE,Europe,1,0,0,50.928788,11.584776,"PeeringDB, peeringdb.com/api"
737,Telehouse - Teleport Center (New York),Staten Island,US,North America,41,3,0,40.606231,-74.173722,"PeeringDB, peeringdb.com/api"
738,AT TOKYO (CC1/CC2),Tokyo,JP,Asia Pacific,140,6,8,35.645435,139.793285,"PeeringDB, peeringdb.com/api"
739,Level(3) Jersey City,Jersey City,US,North America,0,0,0,40.718534,-74.037494,"PeeringDB, peeringdb.com/api"
740,Bahnhof Pionen,Stockholm,SE,Europe,3,0,1,59.312383,18.085488,"PeeringDB, peeringdb.com/api"
741,LVRTC TV Tower,Riga,LV,Europe,34,7,2,56.923961,24.137042,"PeeringDB, peeringdb.com/api"
744,Perses 2 - Riga,Riga,LV,Europe,19,2,1,56.951976,24.124289,"PeeringDB, peeringdb.com/api"
745,Gigastream Oxford 1,Oxford,GB,Europe,1,0,0,51.749144,-1.268159,"PeeringDB, peeringdb.com/api"
746,Hoern Campus Kiel,Kiel,DE,Europe,2,0,0,54.310789,10.132338,"PeeringDB, peeringdb.com/api"
747,euNetworks Colocation Frankfurt,Frankfurt,DE,Europe,0,1,1,50.105432,8.647503,"PeeringDB, peeringdb.com/api"
749,euNetworks Colocation Hannover,Hannover,DE,Europe,6,1,2,52.398251,9.76883,"PeeringDB, peeringdb.com/api"
750,euNetworks Colocation Dresden,Dresden,DE,Europe,5,0,1,51.038826,13.731843,"PeeringDB, peeringdb.com/api"
751,euNetworks Colocation Leipzig,Leipzig,DE,Europe,4,0,1,51.364861,12.39941,"PeeringDB, peeringdb.com/api"
752,euNetworks Colocation Hamburg,Hamburg,DE,Europe,10,1,3,53.549318,10.048008,"PeeringDB, peeringdb.com/api"
753,euNetworks Duesseldorf - site closed,Düsseldorf,DE,Europe,0,0,0,51.226515,6.790216,"PeeringDB, peeringdb.com/api"
754,euNetworks Colocation Koeln,Cologne,DE,Europe,1,0,1,50.937182,6.973508,"PeeringDB, peeringdb.com/api"
755,euNetworks Colocation Muenchen 1,Munich,DE,Europe,1,0,2,48.149349,11.521064,"PeeringDB, peeringdb.com/api"
757,euNetworks Colocation Nuernberg,Nuremberg,DE,Europe,2,0,2,49.45971,11.03472,"PeeringDB, peeringdb.com/api"
759,E-Commerce Park N.V.,Willemstad,CW,,5,1,0,12.101022,-68.902463,"PeeringDB, peeringdb.com/api"
760,OADC CPT3 - Cape Town,Cape Town,ZA,Africa,12,2,1,-33.918595,18.420575,"PeeringDB, peeringdb.com/api"
764,The UK Grid Network LTD (Greenheys DC),Manchester,GB,Europe,1,0,0,53.463125,-2.238537,"PeeringDB, peeringdb.com/api"
766,YRIX,Billings,US,North America,0,1,0,45.781051,-108.512531,"PeeringDB, peeringdb.com/api"
767,TelePacific,San Francisco,US,North America,0,0,0,37.77942,-122.394082,"PeeringDB, peeringdb.com/api"
768,KIDC 1 Center,Seoul,KR,Asia Pacific,1,0,0,,,"PeeringDB, peeringdb.com/api"
770,Switch Las Vegas,Las Vegas,US,North America,47,1,2,36.059914,-115.210194,"PeeringDB, peeringdb.com/api"
771,ULI-WEBFARM,Milan,IT,Europe,1,0,0,,,"PeeringDB, peeringdb.com/api"
772,iNES Datacenter Bucharest,Bucharest,RO,Europe,17,2,1,44.484589,26.089852,"PeeringDB, peeringdb.com/api"
773,Subisu Ltd.,Kathmandu,NP,Asia Pacific,0,0,0,,,"PeeringDB, peeringdb.com/api"
775,Cologix TOR1,Toronto,CA,North America,85,3,1,43.644632,-79.384228,"PeeringDB, peeringdb.com/api"
777,Kelag Klagenfurt,Klagenfurt,AT,Europe,17,1,0,46.62109,14.309852,"PeeringDB, peeringdb.com/api"
778,Stadtwerke Klagenfurt,Klagenfurt am Wörthersee,AT,Europe,20,1,1,46.617463,14.315468,"PeeringDB, peeringdb.com/api"
782,Portus/IPHH HH2 (Wendenstrasse 408),Hamburg,DE,Europe,41,3,5,53.549318,10.048008,"PeeringDB, peeringdb.com/api"
784,Kanobe  LLC,Bothell,US,North America,1,0,0,47.779371,-122.190511,"PeeringDB, peeringdb.com/api"
785,Hibernia Atlantic Dublin International Exchange Center,Dublin,IE,Europe,5,0,1,53.400983,-6.218081,"PeeringDB, peeringdb.com/api"
787,Telia Telehouse KJJ,Tallinn,EE,Europe,29,6,2,59.435184,24.714942,"PeeringDB, peeringdb.com/api"
788,Delska EU North Vilnius LT DC3,Vilnius,LT,Europe,26,3,2,54.691725,25.288454,"PeeringDB, peeringdb.com/api"
789,Sigmanet Data Centre,Riga,LV,Europe,3,0,1,56.948577,24.118195,"PeeringDB, peeringdb.com/api"
790,n@work Hamburg Wendenstraße,Hamburg,DE,Europe,15,1,2,53.550912,10.047057,"PeeringDB, peeringdb.com/api"
791,Servers Australia DC,Tuggerah,AU,Australia,1,0,0,-33.318672,151.418446,"PeeringDB, peeringdb.com/api"
793,PROFISOL Bucharest,Bucharest,RO,Europe,0,0,0,44.441308,26.139318,"PeeringDB, peeringdb.com/api"
799,LightEdge San Diego 1 (SAN1),San Diego,US,North America,7,0,1,32.828068,-117.129906,"PeeringDB, peeringdb.com/api"
800,LightEdge San Diego 2 (SAN2),San Diego,US,North America,6,0,1,32.897149,-117.20105,"PeeringDB, peeringdb.com/api"
802,Digita Helsinki Pasila Broadcasting Tower,Helsinki,FI,Europe,54,11,12,60.204658,24.922446,"PeeringDB, peeringdb.com/api"
803,Cologix MIN1,Minneapolis,US,North America,81,6,9,44.971408,-93.25458,"PeeringDB, peeringdb.com/api"
807,DataCenter Winterthur,Winterthur,CH,Europe,1,0,0,47.499068,8.71898,"PeeringDB, peeringdb.com/api"
808,NewTelco Frankfurt,Frankfurt,DE,Europe,76,9,7,50.099697,8.631763,"PeeringDB, peeringdb.com/api"
809,JSLLC Bozeman,Bozeman,US,North America,0,0,0,45.680672,-111.035371,"PeeringDB, peeringdb.com/api"
812,Mezon Business Park,Chisinau,MD,Europe,0,0,0,47.059117,28.865646,"PeeringDB, peeringdb.com/api"
813,Global Switch Frankfurt,Frankfurt,DE,Europe,18,2,4,50.129995,8.598073,"PeeringDB, peeringdb.com/api"
814,Vline Telecom,Moscow,RU,Europe,0,0,0,55.652639,37.528861,"PeeringDB, peeringdb.com/api"
816,PIX Telium,São Paulo,BR,South America,30,1,0,-23.620044,-46.702253,"PeeringDB, peeringdb.com/api"
817,Rent a Rack,Oslo,NO,Europe,2,0,0,59.92599,10.809217,"PeeringDB, peeringdb.com/api"
818,210 Sheppard Avenue East,Toronto,CA,North America,1,0,0,43.76388,-79.40133,"PeeringDB, peeringdb.com/api"
821,Alionis VBO,Villebon-sur-Yvette,FR,Europe,0,0,0,48.68827,2.212531,"PeeringDB, peeringdb.com/api"
822,Siminn Hosting,Copenhagen,DK,Europe,1,0,0,55.706356,12.585254,"PeeringDB, peeringdb.com/api"
823,Ikoula IKDC1,Reims,FR,Europe,8,0,2,49.233817,4.034496,"PeeringDB, peeringdb.com/api"
824,Neuf Reims,Reims,FR,Europe,1,0,0,49.258209,4.017703,"PeeringDB, peeringdb.com/api"
826,Equinix GV2 - Geneva  West,Geneva,CH,Europe,27,1,2,46.207429,6.097904,"PeeringDB, peeringdb.com/api"
829,Oak Tower,Kansas City,US,North America,0,0,0,39.101138,-94.578927,"PeeringDB, peeringdb.com/api"
831,Serverfarm AMS1 Amsterdam,Amsterdam,NL,Europe,4,0,3,52.395902,4.870918,"PeeringDB, peeringdb.com/api"
832,Equinix LD5 - London  Slough,Slough,GB,Europe,163,8,8,51.522463,-0.62905,"PeeringDB, peeringdb.com/api"
833,Equinix ZH4 - Zurich,Zurich,CH,Europe,84,8,8,47.38774,8.520195,"PeeringDB, peeringdb.com/api"
834,Datacenter Noord-Holland,Alkmaar,NL,Europe,4,0,2,52.625663,4.770622,"PeeringDB, peeringdb.com/api"
835,Telehouse - London (Docklands West),London,GB,Europe,196,10,13,,,"PeeringDB, peeringdb.com/api"
837,IVC ORW Saint-Petersburg,St. Petersburg,RU,Europe,39,10,1,59.91069,30.339978,"PeeringDB, peeringdb.com/api"
838,CityNet Host,Tenth of Ramadan,EG,Middle East,1,0,0,30.091435,31.25435,"PeeringDB, peeringdb.com/api"
839,SRCE Zagreb,Zagreb,HR,Europe,12,1,2,45.792436,15.969413,"PeeringDB, peeringdb.com/api"
840,Reading Data,Reading,GB,Europe,2,0,0,,,"PeeringDB, peeringdb.com/api"
841,Telehouse Saint Petersburg,St. Petersburg,RU,Europe,2,1,1,59.935316,30.314446,"PeeringDB, peeringdb.com/api"
842,Equinix PA6 - Paris  Condorcet,Paris,FR,Europe,64,5,10,48.910255,2.368248,"PeeringDB, peeringdb.com/api"
843,ThinkTel Communications Edmonton,Edmonton,CA,North America,0,0,0,53.544091,-113.494181,"PeeringDB, peeringdb.com/api"
844,Fuzion Skanderborg,Skanderborg,DK,Europe,4,1,1,56.070062,9.992591,"PeeringDB, peeringdb.com/api"
845,Fuzion Aarhus,Aarhus,DK,Europe,2,0,1,56.155695,10.177281,"PeeringDB, peeringdb.com/api"
846,Fiber Direkt B15,Stockholm,SE,Europe,1,0,0,,,"PeeringDB, peeringdb.com/api"
848,Smartdc Rotterdam,Rotterdam,NL,Europe,30,5,10,51.923689,4.432138,"PeeringDB, peeringdb.com/api"
850,Teraco Johannesburg Campus  South Africa,Johannesburg,ZA,Africa,390,6,3,-26.137957,28.197517,"PeeringDB, peeringdb.com/api"
854,Level(3) Salt Lake City,Salt Lake City,US,North America,10,2,1,40.756316,-111.955031,"PeeringDB, peeringdb.com/api"
855,XO Salt Lake City IP PoP,Salt Lake City,US,North America,1,0,0,40.750975,-111.979876,"PeeringDB, peeringdb.com/api"
856,Ad Valem Technologies - France (Saint-Denis),Saint-Denis,FR,Europe,2,0,0,48.927915,2.341221,"PeeringDB, peeringdb.com/api"
857,KoloDC NL1,Dronten,NL,Europe,52,5,6,52.543666,5.705215,"PeeringDB, peeringdb.com/api"
861,KielNET Telehouse,Kiel,DE,Europe,0,0,0,,,"PeeringDB, peeringdb.com/api"
862,SpaceNet (LA),Munich,DE,Europe,3,1,1,48.139859,11.526173,"PeeringDB, peeringdb.com/api"
864,MIX DC CALDERA,Milan,IT,Europe,267,6,12,45.476394,9.103571,"PeeringDB, peeringdb.com/api"
865,NASA Moffet Field,Mountain View,US,North America,1,1,0,37.420567,-122.040197,"PeeringDB, peeringdb.com/api"
866,Serbia BroadBand,Belgrade,RS,Europe,4,1,0,44.768296,20.486357,"PeeringDB, peeringdb.com/api"
867,SYNTERRA DataCenter,Moscow,RU,Europe,5,0,0,55.6974,37.502433,"PeeringDB, peeringdb.com/api"
868,euNetworks Colocation Rostock,Rostock,DE,Europe,1,0,2,54.0751,12.138343,"PeeringDB, peeringdb.com/api"
869,euNetworks Colocation Kiel,Kiel,DE,Europe,0,0,1,54.33753,10.113224,"PeeringDB, peeringdb.com/api"
870,euNetworks Colocation Bremen,Bremen,DE,Europe,2,0,2,53.076765,8.773137,"PeeringDB, peeringdb.com/api"
871,euNetworks Colocation Bielefeld,Bielefeld,DE,Europe,3,0,1,52.022258,8.53299,"PeeringDB, peeringdb.com/api"
872,euNetworks Colocation Magdeburg,Magdeburg,DE,Europe,3,0,1,52.137862,11.63839,"PeeringDB, peeringdb.com/api"
873,euNetworks Colocation Dortmund,Dortmund,DE,Europe,6,1,1,51.520894,7.487899,"PeeringDB, peeringdb.com/api"
875,euNetworks Colocation Mannheim,Mannheim,DE,Europe,1,0,0,49.460294,8.499803,"PeeringDB, peeringdb.com/api"
876,euNetworks Colocation Stuttgart,Stuttgart,DE,Europe,13,1,5,48.708602,9.171533,"PeeringDB, peeringdb.com/api"
877,euNetworks Colocation Karlsruhe,Karlsruhe,DE,Europe,1,0,1,49.020127,8.440485,"PeeringDB, peeringdb.com/api"
879,euNetworks Colocation Wuerzburg,Würzburg,DE,Europe,3,0,1,49.799682,9.971257,"PeeringDB, peeringdb.com/api"
880,euNetworks Colocation Erfurt,Erfurt,DE,Europe,5,0,1,50.973316,11.034196,"PeeringDB, peeringdb.com/api"
882,SIX SI Ljubljana Technology Park,Ljubljana,SI,Europe,9,2,0,46.049968,14.460483,"PeeringDB, peeringdb.com/api"
883,SIX SI Jozef Stefan Institute,Ljubljana,SI,Europe,4,1,0,46.04225,14.488861,"PeeringDB, peeringdb.com/api"
884,Equinix ML2 - Milan  Savona,Milan,IT,Europe,43,3,2,45.448684,9.147436,"PeeringDB, peeringdb.com/api"
885,Equinix ML3 - Milan  Basiglio,Milan,IT,Europe,8,1,1,45.354074,9.147319,"PeeringDB, peeringdb.com/api"
886,Internetworking Atlantic,Halifax,CA,North America,4,0,0,44.644573,-63.579649,"PeeringDB, peeringdb.com/api"
890,Vienna-Hainburgerstrasse (HS33),Vienna,AT,Europe,2,0,0,48.198957,16.397861,"PeeringDB, peeringdb.com/api"
891,1-Net East,Singapore,SG,Asia Pacific,7,2,2,1.322589,103.920965,"PeeringDB, peeringdb.com/api"
893,XINON Graz,Graz,AT,Europe,5,1,1,47.043339,15.465817,"PeeringDB, peeringdb.com/api"
894,AIC,Yerevan,AM,Asia Pacific,1,0,0,40.188556,44.520304,"PeeringDB, peeringdb.com/api"
895,Quonix Datacenter (2401 Locust St),Philadelphia,US,North America,5,0,0,39.950345,-75.180048,"PeeringDB, peeringdb.com/api"
896,aql DC2,Leeds,GB,Europe,22,1,2,53.793329,-1.54109,"PeeringDB, peeringdb.com/api"
903,GNC-Alfa Yerevan,Yerevan,AM,Asia Pacific,1,0,0,40.176119,44.513608,"PeeringDB, peeringdb.com/api"
904,GNC-Alfa Abovyan,Abovyan,AM,Asia Pacific,3,0,1,,,"PeeringDB, peeringdb.com/api"
906,Fiducial Cloud LYO1,Lyon,FR,Europe,1,0,0,45.770702,4.804503,"PeeringDB, peeringdb.com/api"
907,Datautama-NET,Jakarta,ID,Asia Pacific,1,0,0,-6.192323,106.743624,"PeeringDB, peeringdb.com/api"
908,Digital Realty EWR (100 Delawanna),Clifton,US,North America,19,2,0,40.829926,-74.126752,"PeeringDB, peeringdb.com/api"
909,LuxConnect DC1.1 - Bettembourg,Bettembourg,LU,Europe,46,3,4,49.504919,6.113522,"PeeringDB, peeringdb.com/api"
915,PadiNET Surabaya,Surabaya,ID,Asia Pacific,0,0,0,-7.292564,112.722069,"PeeringDB, peeringdb.com/api"
917,PhoenixNAP,Phoenix,US,North America,71,3,3,33.41601,-112.009445,"PeeringDB, peeringdb.com/api"
922,Asia Tone Hongkong (DC2),Hong Kong,HK,Asia Pacific,3,0,0,22.367868,114.118574,"PeeringDB, peeringdb.com/api"
923,Sicily Hub - Telecom Italia Sparkle Palermo Data Center,Palermo,IT,Europe,19,1,1,38.161167,13.31538,"PeeringDB, peeringdb.com/api"
924,Tiscali Palermo,Palermo,IT,Europe,2,0,0,38.158096,13.317108,"PeeringDB, peeringdb.com/api"
925,Lumen Baltimore,Baltimore,US,North America,2,1,1,39.291768,-76.620065,"PeeringDB, peeringdb.com/api"
926,EdgeIT,Västra Frölunda,SE,Europe,0,0,0,,,"PeeringDB, peeringdb.com/api"
927,iNTERWERK Rechenzentrum,Frankfurt,DE,Europe,47,3,1,50.122376,8.744717,"PeeringDB, peeringdb.com/api"
928,Asia Tone Hongkong (DC1),Hong Kong,HK,Asia Pacific,2,0,0,22.389451,114.206078,"PeeringDB, peeringdb.com/api"
929,Asia Tone Singapore,Singapore,SG,Asia Pacific,1,0,0,1.295229,103.789842,"PeeringDB, peeringdb.com/api"
930,Asia Tone Shanghai,Shanghai,CN,Asia Pacific,2,0,0,,,"PeeringDB, peeringdb.com/api"
932,NorthC Frankfurt 3,Frankfurt am Main,DE,Europe,8,1,2,50.102755,8.619718,"PeeringDB, peeringdb.com/api"
933,MCV Guam Datacenter,Dededo,GU,,1,1,0,13.509529,144.82036,"PeeringDB, peeringdb.com/api"
934,MCV Saipan Datacenter,Susupe,MP,,1,1,0,,,"PeeringDB, peeringdb.com/api"
936,AdNet Datacenter,Bucharest,RO,Europe,1,0,0,44.432984,26.153028,"PeeringDB, peeringdb.com/api"
940,Equinix AT1 - Atlanta,Atlanta,US,North America,61,3,6,33.758567,-84.387874,"PeeringDB, peeringdb.com/api"
941,Flex Data Center,Reston,US,North America,2,0,1,38.951881,-77.346564,"PeeringDB, peeringdb.com/api"
942,Netriplex,Asheville,US,North America,0,0,0,35.488137,-82.557785,"PeeringDB, peeringdb.com/api"
961,DATALINE/UA/Leontovicha9,Kyiv,UA,Europe,8,1,0,50.445102,30.510193,"PeeringDB, peeringdb.com/api"
963,Delta Telecom,Baku,AZ,Asia Pacific,7,0,0,40.405193,49.800124,"PeeringDB, peeringdb.com/api"
965,CarrierColo Berlin Kitzing (I/P/B/ site K),Berlin,DE,Europe,15,2,1,52.43269,13.37386,"PeeringDB, peeringdb.com/api"
966,800 south hope,Los Angeles,US,North America,4,0,0,34.045995,-118.258993,"PeeringDB, peeringdb.com/api"
967,firstcolo - FRA1,Frankfurt,DE,Europe,15,1,1,50.116454,8.725955,"PeeringDB, peeringdb.com/api"
968,Equinix CH3 - Elk Grove,Elk Grove Village,US,North America,44,2,3,42.001171,-87.954882,"PeeringDB, peeringdb.com/api"
972,Ecohost,Bucharest,RO,Europe,0,0,0,44.441738,26.166248,"PeeringDB, peeringdb.com/api"
973,Login Tucson,Tucson,US,North America,1,0,0,32.244939,-110.969165,"PeeringDB, peeringdb.com/api"
974,Master DC Prague,Prague,CZ,Europe,3,0,1,50.06947,14.463437,"PeeringDB, peeringdb.com/api"
975,Master DC Brno,Brno,CZ,Europe,8,1,1,49.196817,16.618764,"PeeringDB, peeringdb.com/api"
978,NXDATA-2 Bucharest (BUH2),Bucharest,RO,Europe,81,9,9,44.479796,26.11423,"PeeringDB, peeringdb.com/api"
979,SunnyVision Data Center(SVDC),Hong Kong,HK,Asia Pacific,0,0,0,22.336668,114.19888,"PeeringDB, peeringdb.com/api"
980,Previder PDC2,Hengelo,NL,Europe,15,3,4,52.243834,6.767264,"PeeringDB, peeringdb.com/api"
981,QuadraNet DTLA,Los Angeles,US,North America,16,1,0,34.048428,-118.255186,"PeeringDB, peeringdb.com/api"
982,DCENTER.PL - FT21,Warsaw,PL,Europe,20,0,0,,,"PeeringDB, peeringdb.com/api"
986,RZZH,Zurich,CH,Europe,0,0,0,,,"PeeringDB, peeringdb.com/api"
987,LES.NET YWG1,Winnipeg,CA,North America,2,0,0,49.894493,-97.135586,"PeeringDB, peeringdb.com/api"
989,UltraEdge Lille,Lille,FR,Europe,2,0,0,50.627753,3.03312,"PeeringDB, peeringdb.com/api"
990,4D Surrey,Byfleet,GB,Europe,5,0,0,51.347292,-0.480173,"PeeringDB, peeringdb.com/api"
991,Cable & Wireless,Dublin,IE,Europe,3,0,1,53.406419,-6.219909,"PeeringDB, peeringdb.com/api"
992,801 Main Street - Lenoir,Lenoir,US,North America,1,0,0,35.922479,-81.54274,"PeeringDB, peeringdb.com/api"
993,Digital Realty Lagos (LOS1-2),Lagos,NG,Africa,66,1,1,6.426645,3.417531,"PeeringDB, peeringdb.com/api"
997,PSE Jordana,Katowice,PL,Europe,5,0,0,50.272696,18.841378,"PeeringDB, peeringdb.com/api"
998,ATMAN Data Center Katowice-1 (KTW-1  Altus),Katowice,PL,Europe,6,2,0,50.261637,19.024715,"PeeringDB, peeringdb.com/api"
1000,WickedWay Utrecht,Utrecht,NL,Europe,0,0,0,,,"PeeringDB, peeringdb.com/api"
1001,Tonaquint Data Center - Saint George,Saint George,US,North America,9,2,0,37.081472,-113.607242,"PeeringDB, peeringdb.com/api"
1002,NTT DOCOMO BUSINESS OS2 - Osaka (Telepark Dojima Building 2),Osaka,JP,Asia Pacific,10,3,0,,,"PeeringDB, peeringdb.com/api"
1003,XO 818 West 7th,Los Angeles,US,North America,0,0,0,34.04881,-118.259457,"PeeringDB, peeringdb.com/api"
1004,XO 600 West 7th,Los Angeles,US,North America,0,0,0,34.047322,-118.25745,"PeeringDB, peeringdb.com/api"
1005,Reliance IDC-1,Mumbai,IN,Asia Pacific,8,0,0,,,"PeeringDB, peeringdb.com/api"
1006,Reliance IDC-2,Navi Mumbai,IN,Asia Pacific,4,0,0,,,"PeeringDB, peeringdb.com/api"
1007,Reliance IDC-3,Navi Mumbai,IN,Asia Pacific,1,0,0,,,"PeeringDB, peeringdb.com/api"
1008,Reliance IDC-4,Navi Mumbai,IN,Asia Pacific,2,0,0,,,"PeeringDB, peeringdb.com/api"
1009,Reliance Skewjack,Penzance,GB,Europe,0,0,0,,,"PeeringDB, peeringdb.com/api"
1010,Reliance St. Denis,Paris,FR,Europe,0,0,0,48.927166,2.350664,"PeeringDB, peeringdb.com/api"
1011,Reliance Plerin,Plérin,FR,Europe,0,0,0,48.547554,-2.791928,"PeeringDB, peeringdb.com/api"
1012,Reliance Taipei Colo,Taipei,TW,Asia Pacific,1,0,0,25.073509,121.577712,"PeeringDB, peeringdb.com/api"
1013,Reliance Chennai IDC,Chennai,IN,Asia Pacific,11,0,0,13.065477,80.248031,"PeeringDB, peeringdb.com/api"
1014,Reliance Hyderabad IDC,Hyderabad,IN,Asia Pacific,1,0,0,,,"PeeringDB, peeringdb.com/api"
1017,kyberna DataCenter,Balzers,LI,Europe,1,0,0,47.066437,9.499088,"PeeringDB, peeringdb.com/api"
1019,LKW Kollokation TZ Eschen,Eschen,LI,Europe,5,1,0,47.210015,9.529839,"PeeringDB, peeringdb.com/api"
1020,Digital Fortress (PTL),Portland,US,North America,5,0,0,45.521223,-122.681823,"PeeringDB, peeringdb.com/api"
1021,Level(3) Dallas,Dallas,US,North America,8,0,1,32.807584,-96.86816,"PeeringDB, peeringdb.com/api"
1022,KPN DC2,Amsterdam,NL,Europe,12,2,4,52.336612,4.886848,"PeeringDB, peeringdb.com/api"
1023,Vocus Sydney SYD01,Sydney,AU,Australia,16,0,3,-33.915371,151.193883,"PeeringDB, peeringdb.com/api"
1025,Moebius Datacenter,Rio de Janeiro,BR,South America,2,0,0,-22.964262,-43.218326,"PeeringDB, peeringdb.com/api"
1027,VIRTUS LONDON1 (Enfield),London,GB,Europe,13,0,1,,,"PeeringDB, peeringdb.com/api"
1028,ixColo,Buffalo,US,North America,2,0,0,42.884227,-78.875514,"PeeringDB, peeringdb.com/api"
1029,ITandTEL TechCenter Linz,Linz,AT,Europe,7,0,2,48.318645,14.306537,"PeeringDB, peeringdb.com/api"
1030,ITandTEL Wels,Wels,AT,Europe,3,0,1,48.162322,14.039465,"PeeringDB, peeringdb.com/api"
1031,ITandTEL Voesendorf/Vienna,Voesendorf,AT,Europe,5,0,2,48.124446,16.323359,"PeeringDB, peeringdb.com/api"
1032,ITandTEL Perg,Perg,AT,Europe,2,0,0,48.245792,14.619928,"PeeringDB, peeringdb.com/api"
1036,LLC MyBox,Moscow,RU,Europe,0,0,0,,,"PeeringDB, peeringdb.com/api"
1038,Level(3) Seattle (Denny Way),Seattle,US,North America,5,0,0,47.619054,-122.336393,"PeeringDB, peeringdb.com/api"
1039,TimeWeb DataCenter (SPb),St. Petersburg,RU,Europe,0,0,0,59.886598,30.329322,"PeeringDB, peeringdb.com/api"
1040,501 Franklin Ave,Garden City,US,North America,5,2,0,40.722759,-73.631821,"PeeringDB, peeringdb.com/api"
1041,CUHK,Hong Kong,HK,Asia Pacific,9,1,0,22.41966,114.206315,"PeeringDB, peeringdb.com/api"
1042,Critical Hub DataCenter,San Juan,PR,North America,2,0,0,18.448414,-66.071365,"PeeringDB, peeringdb.com/api"
1044,SecureIT DCC,Luxembourg,LU,Europe,2,0,1,49.581762,6.115898,"PeeringDB, peeringdb.com/api"
1045,SecureIT DCB1.1,Bettembourg,LU,Europe,0,0,0,49.505196,6.113479,"PeeringDB, peeringdb.com/api"
1046,SecureIT DCB1.2,Bettembourg,LU,Europe,0,0,0,49.505196,6.113479,"PeeringDB, peeringdb.com/api"
1047,SecureIT DCR,Bissen,LU,Europe,1,0,0,,,"PeeringDB, peeringdb.com/api"
1048,Tsvetochnaya Data Center,St. Petersburg,RU,Europe,47,8,3,59.887231,30.3291,"PeeringDB, peeringdb.com/api"
1049,Zayo Networks,Louisville,US,North America,4,0,0,39.964963,-105.165261,"PeeringDB, peeringdb.com/api"
1051,Cornelia (Rome),Rome,IT,Europe,5,0,0,41.891194,12.382053,"PeeringDB, peeringdb.com/api"
1052,Datahouse Belgium,Vilvoorde,BE,Europe,0,0,0,50.913256,4.392628,"PeeringDB, peeringdb.com/api"
1053,STOKAB KN7  Östermalm,Stockholm,SE,Europe,63,9,5,59.339137,18.085151,"PeeringDB, peeringdb.com/api"
1055,IT TEL Ljubljana,Ljubljana,SI,Europe,6,1,0,46.057422,14.505232,"PeeringDB, peeringdb.com/api"
1056,Moscow TehnoGorod,Moscow,RU,Europe,36,3,1,,,"PeeringDB, peeringdb.com/api"
1057,Cirion Sao Paulo - SAO1,Cotia,BR,South America,144,2,3,-23.597933,-46.848808,"PeeringDB, peeringdb.com/api"
1060,SBA Edge - Jacksonville (JAX),Jacksonville,US,North America,15,1,0,30.331375,-81.662322,"PeeringDB, peeringdb.com/api"
1062,InterDC Enschede,Enschede,NL,Europe,11,2,3,52.2203,6.864338,"PeeringDB, peeringdb.com/api"
1065,Equinix DB3 - Dublin  Ballycoolin,Dublin,IE,Europe,30,5,2,53.411166,-6.347409,"PeeringDB, peeringdb.com/api"
1066,Hotel des Telecoms,Labege Innopole,FR,Europe,4,0,1,43.542557,1.509438,"PeeringDB, peeringdb.com/api"
1067,PIO-NET,Mogilno,PL,Europe,0,1,0,52.651023,17.961311,"PeeringDB, peeringdb.com/api"
1068,DEEP Resilience Centre Luxembourg West,Windhof,LU,Europe,13,1,1,49.648448,5.95776,"PeeringDB, peeringdb.com/api"
1069,Level(3) Kansas City,Kansas City,US,North America,14,0,1,39.100517,-94.582419,"PeeringDB, peeringdb.com/api"
1074,Options IT - Park Royal Datacenter (PRDC),London,GB,Europe,4,0,1,51.534768,-0.26086,"PeeringDB, peeringdb.com/api"
1078,801 Tenth Street Modesto (Ayera),Modesto,US,North America,2,0,0,37.638551,-120.998503,"PeeringDB, peeringdb.com/api"
1080,500 Green (AKA VOLICO 2.0),Deerfield,US,North America,3,1,0,26.289687,-80.130014,"PeeringDB, peeringdb.com/api"
1083,NorthC Amsterdam 1,Amsterdam,NL,Europe,60,5,14,52.392977,4.849211,"PeeringDB, peeringdb.com/api"
1085,Green Datacenter ZRH4 (fka: Green Glattbrugg),Glattbrugg,CH,Europe,6,1,0,47.433359,8.559163,"PeeringDB, peeringdb.com/api"
1086,Green Datacenter ZRH1 (fka: Green Lupfig),Lupfig,CH,Europe,23,4,2,47.446496,8.211035,"PeeringDB, peeringdb.com/api"
1090,DEEP Resilience Centre Luxembourg South,Kayl,LU,Europe,13,1,1,49.49842,6.051976,"PeeringDB, peeringdb.com/api"
1095,Pacnet HK DLS,Tseung Kwan O,HK,Asia Pacific,3,0,0,22.283385,114.271517,"PeeringDB, peeringdb.com/api"
1096,Level(3) Los Angeles,Los Angeles,US,North America,6,0,1,34.048741,-118.25956,"PeeringDB, peeringdb.com/api"
1097,TDF Datacenter Paris Fort de Romainville,Les Lilas,FR,Europe,2,0,0,48.885231,2.422496,"PeeringDB, peeringdb.com/api"
1098,GlobalConnect Oslo (HMG9),Oslo,NO,Europe,6,0,1,59.938433,10.834971,"PeeringDB, peeringdb.com/api"
1099,PIX Samm Florida,São Paulo,BR,South America,17,1,1,-23.607007,-46.694739,"PeeringDB, peeringdb.com/api"
1100,Matrix Data Center JK3 (MDC JK3),Jakarta Selatan,ID,Asia Pacific,14,3,1,-6.216844,106.831465,"PeeringDB, peeringdb.com/api"
1101,Digital Realty SJC (2220 De La Cruz Blvd),Santa Clara,US,North America,2,0,1,37.361768,-121.943773,"PeeringDB, peeringdb.com/api"
1102,Vantage Data Centers (Santa Clara),Santa Clara,US,North America,4,0,1,37.372595,-121.973508,"PeeringDB, peeringdb.com/api"
1103,Telehouse - Istanbul,Istanbul,TR,Middle East,4,1,0,40.975519,29.098025,"PeeringDB, peeringdb.com/api"
1108,Leeds DC1,Leeds,GB,Europe,1,0,0,,,"PeeringDB, peeringdb.com/api"
1110,RagingWire CA1 - NTT,Sacramento,US,North America,14,0,2,38.650318,-121.489184,"PeeringDB, peeringdb.com/api"
1111,RagingWire CA2 - NTT,Sacramento,US,North America,6,0,0,38.650382,-121.49192,"PeeringDB, peeringdb.com/api"
1112,RagingWire VA1 - NTT,Ashburn,US,North America,25,1,2,39.022561,-77.455012,"PeeringDB, peeringdb.com/api"
1113,Hasselt DC2,Hasselt,BE,Europe,4,0,1,50.938288,5.363598,"PeeringDB, peeringdb.com/api"
1115,232 20th St NW  East Grand Forks,East Grand Forks,US,North America,1,0,2,47.945477,-97.022654,"PeeringDB, peeringdb.com/api"
1118,Equinix HK2 - Hong Kong,Kwai Chung,HK,Asia Pacific,200,8,4,22.362284,114.119218,"PeeringDB, peeringdb.com/api"
1119,Citycom Datacenter Graz,Graz,AT,Europe,6,0,1,47.043339,15.465817,"PeeringDB, peeringdb.com/api"
1120,Datahouse Spijkenisse,Spijkenisse,NL,Europe,0,0,0,51.855567,4.301731,"PeeringDB, peeringdb.com/api"
1121,Bezeq International Shacham Data Center,Petah Tikva,IL,Middle East,12,0,0,32.084691,34.858475,"PeeringDB, peeringdb.com/api"
1124,T-Mobile Piękna,Warsaw,PL,Europe,2,0,0,52.223552,21.018092,"PeeringDB, peeringdb.com/api"
1128,Centrinuity Toulouse,Toulouse Balma,FR,Europe,0,0,0,43.625503,1.487055,"PeeringDB, peeringdb.com/api"
1130,IMADIFF,Paris,FR,Europe,0,0,0,48.824719,2.355616,"PeeringDB, peeringdb.com/api"
1131,UltraEdge Toulouse,Toulouse,FR,Europe,5,0,1,43.618886,1.419659,"PeeringDB, peeringdb.com/api"
1136,IUPUI Informatics & Communications Technology Complex,Indianapolis,US,North America,3,0,0,39.77382,-86.167904,"PeeringDB, peeringdb.com/api"
1141,Dataspace Kathmandu,Kathmandu,NP,Asia Pacific,1,0,0,,,"PeeringDB, peeringdb.com/api"
1142,INdigital,Fort Wayne,US,North America,2,0,0,41.132672,-85.211021,"PeeringDB, peeringdb.com/api"
1145,Datacenter-Feldkirch,Feldkirch,AT,Europe,5,1,0,47.270038,9.606018,"PeeringDB, peeringdb.com/api"
1146,MICROLINK-NRI-1,Niteroi,BR,South America,0,0,0,-22.908531,-43.101272,"PeeringDB, peeringdb.com/api"
1147,MICROLINK-NRI-2,Niteroi,BR,South America,0,0,0,-22.89454,-43.118911,"PeeringDB, peeringdb.com/api"
1151,StoreData,Moscow,RU,Europe,16,4,0,55.736661,37.694987,"PeeringDB, peeringdb.com/api"
1152,Syringa Networks Boise,Boise,US,North America,3,0,0,43.567545,-116.207057,"PeeringDB, peeringdb.com/api"
1155,SupraNet Communications Madison,Madison,US,North America,2,0,1,43.075606,-89.524364,"PeeringDB, peeringdb.com/api"
1157,NTT DATA Dojima (building #4),Osaka,JP,Asia Pacific,47,4,6,34.695421,135.491078,"PeeringDB, peeringdb.com/api"
1158,10 Rue des Frères Peuge,Balma,FR,Europe,2,0,0,43.626642,1.487312,"PeeringDB, peeringdb.com/api"
1159,I.P.M,Tehran,IR,Middle East,2,0,0,,,"PeeringDB, peeringdb.com/api"
1160,iDataGreen,Barcelona,ES,Europe,1,0,0,,,"PeeringDB, peeringdb.com/api"
1161,LCL Brussels West,Aalst,BE,Europe,7,1,2,50.913149,4.038039,"PeeringDB, peeringdb.com/api"
1162,NEXTDC C1,Bruce,AU,Australia,16,1,1,-35.245308,149.096242,"PeeringDB, peeringdb.com/api"
1171,TelemaxX IPC1,Karlsruhe,DE,Europe,4,0,0,49.013549,8.347128,"PeeringDB, peeringdb.com/api"
1172,POP Technologiepark Karlsruhe,Karlsruhe,DE,Europe,1,0,0,49.019539,8.439932,"PeeringDB, peeringdb.com/api"
1173,TelemaxX IPC3,Karlsruhe,DE,Europe,4,0,0,49.020105,8.478102,"PeeringDB, peeringdb.com/api"
1177,QTS Piscataway (PNJ1),Piscataway,US,North America,33,3,2,40.556905,-74.484735,"PeeringDB, peeringdb.com/api"
1181,Civicos Networking DCLAGUNA,San Cristóbal de La Laguna,ES,Europe,2,0,0,28.475976,-16.312445,"PeeringDB, peeringdb.com/api"
1182,Civicos Networking DCROUBAIX,Roubaix,FR,Europe,0,0,0,50.690091,3.177134,"PeeringDB, peeringdb.com/api"
1183,I2B SAN02,San Diego,US,North America,3,0,0,32.830414,-117.136849,"PeeringDB, peeringdb.com/api"
1184,I2B SAN01,San Diego,US,North America,2,0,0,32.830139,-117.13445,"PeeringDB, peeringdb.com/api"
1185,NTT Zurich 1 Data Center (ZRH1),Rümlang,CH,Europe,62,7,2,47.45009,8.539895,"PeeringDB, peeringdb.com/api"
1186,NTT Munich 1 Data Center (MUC1),Munich,DE,Europe,3,0,3,48.150108,11.747954,"PeeringDB, peeringdb.com/api"
1187,NTT Hamburg 1 Data Center (HAM1),Hamburg,DE,Europe,8,0,4,53.637322,10.01565,"PeeringDB, peeringdb.com/api"
1189,QV.1 Perth,Perth,AU,Australia,11,1,2,-31.952311,115.850908,"PeeringDB, peeringdb.com/api"
1191,DV-IDC-MUM01,Navi Mumbai,IN,Asia Pacific,1,0,0,19.063195,72.998254,"PeeringDB, peeringdb.com/api"
1192,DV-IDC-MAN01,Manipal,IN,Asia Pacific,1,0,0,13.352532,74.792822,"PeeringDB, peeringdb.com/api"
1193,DV-IDC-BAN01,Bangalore,IN,Asia Pacific,1,0,0,12.99163,77.571172,"PeeringDB, peeringdb.com/api"
1194,DV-IDC-MGL01,Mangalore,IN,Asia Pacific,1,0,0,,,"PeeringDB, peeringdb.com/api"
1195,DV-IDC-KOL01,Kolkata,IN,Asia Pacific,1,0,0,,,"PeeringDB, peeringdb.com/api"
1196,DV-IDC-HYD01,Hyderabad,IN,Asia Pacific,1,0,0,,,"PeeringDB, peeringdb.com/api"
1197,DV-IDC-PUN01,Pune,IN,Asia Pacific,1,0,0,18.518404,73.932615,"PeeringDB, peeringdb.com/api"
1199,Fujitsu Malaga,Málaga,AU,Australia,4,1,1,-31.860071,115.895888,"PeeringDB, peeringdb.com/api"
1200,Completel Val de Reuil,Paris,FR,Europe,2,0,0,48.889321,2.243667,"PeeringDB, peeringdb.com/api"
1202,Raduga-2,St. Petersburg,RU,Europe,58,8,1,59.983881,30.330305,"PeeringDB, peeringdb.com/api"
1205,USNAMES-NET,Wilmington,US,North America,0,0,0,39.730981,-75.627882,"PeeringDB, peeringdb.com/api"
1206,ARO DC2 Kilby House (AIMES),Liverpool,GB,Europe,3,4,0,53.408775,-2.933413,"PeeringDB, peeringdb.com/api"
1207,Bournemouth Data Centre,Bournemouth,GB,Europe,4,0,1,50.724058,-1.906308,"PeeringDB, peeringdb.com/api"
1208,Stack.M1,Moscow,RU,Europe,14,0,1,,,"PeeringDB, peeringdb.com/api"
1209,Stack.HTH,Moscow,RU,Europe,2,0,0,55.818468,37.522195,"PeeringDB, peeringdb.com/api"
1210,Ananke,São Paulo,BR,South America,0,0,0,-23.549923,-46.640734,"PeeringDB, peeringdb.com/api"
1211,Datacheap.ru,Moscow,RU,Europe,3,0,0,,,"PeeringDB, peeringdb.com/api"
1216,Orange Business Services Rostov-na-Donu,Rostov-na-Donu,RU,Europe,3,0,0,47.232945,39.71459,"PeeringDB, peeringdb.com/api"
1221,Level(3) Denver,Denver,US,North America,9,0,1,39.745119,-104.979669,"PeeringDB, peeringdb.com/api"
1222,Equinix AM11 - Amsterdam  Lemelerbergweg,Amsterdam,NL,Europe,47,7,14,52.303846,4.93928,"PeeringDB, peeringdb.com/api"
1223,DataBank Ashburn (IAD1),Ashburn,US,North America,36,2,2,39.015966,-77.48158,"PeeringDB, peeringdb.com/api"
1224,Critical Colocation,San Jose,CR,North America,0,0,0,,,"PeeringDB, peeringdb.com/api"
1225,Teraco CT1 Cape Town  South Africa,Cape Town,ZA,Africa,195,4,2,-33.970872,18.465223,"PeeringDB, peeringdb.com/api"
1226,Sinar,Novosibirsk,RU,Europe,18,3,2,55.020421,82.927294,"PeeringDB, peeringdb.com/api"
1227,Fireline Data Center,Los Angeles,US,North America,1,0,0,34.062122,-118.358612,"PeeringDB, peeringdb.com/api"
1228,Axione ADTIM,Alixan,FR,Europe,5,0,0,44.989004,4.976087,"PeeringDB, peeringdb.com/api"
1229,CoreSite - Denver (DE2),Denver,US,North America,14,1,2,39.744922,-104.97913,"PeeringDB, peeringdb.com/api"
1230,Eurofiber Datacenter Rotterdam 1,Alblasserdam,NL,Europe,26,3,6,51.845913,4.679147,"PeeringDB, peeringdb.com/api"
1231,TierPoint Tulsa-Archer,Tulsa,US,North America,11,0,1,36.158798,-95.988577,"PeeringDB, peeringdb.com/api"
1233,Linxdatacenter (Saint-Petersburg),St. Petersburg,RU,Europe,13,1,0,60.031949,30.284951,"PeeringDB, peeringdb.com/api"
1236,Equinix AM5 - Amsterdam  Schepenbergweg,Amsterdam,NL,Europe,176,14,22,52.293351,4.945054,"PeeringDB, peeringdb.com/api"
1237,LuxConnect DC2 - Bissen,Bissen,LU,Europe,30,2,1,49.788326,6.086779,"PeeringDB, peeringdb.com/api"
1238,321 S Boston Ave,Tulsa,US,North America,1,0,0,36.153266,-95.989196,"PeeringDB, peeringdb.com/api"
1243,iomart DC6 Turing House,Manchester,GB,Europe,3,0,0,53.464408,-2.246272,"PeeringDB, peeringdb.com/api"
1244,Equinix PA4 - Paris  Pantin,Paris,FR,Europe,54,3,11,48.901133,2.412643,"PeeringDB, peeringdb.com/api"
1247,ISOCEL SA,Cotonou,BJ,Africa,1,0,0,,,"PeeringDB, peeringdb.com/api"
1248,DV-IDC-DEL01,New Delhi,IN,Asia Pacific,1,0,0,28.524966,77.275333,"PeeringDB, peeringdb.com/api"
1249,conova - Datacenter 4/5,Salzburg,AT,Europe,5,1,2,47.792026,13.010659,"PeeringDB, peeringdb.com/api"
1253,Equinix TY3 - Tokyo,Tokyo,JP,Asia Pacific,23,2,0,35.6567,139.803428,"PeeringDB, peeringdb.com/api"
1256,CtrlS Hyderabad DC1,Hyderabad,IN,Asia Pacific,49,3,2,17.436304,78.382204,"PeeringDB, peeringdb.com/api"
1257,PT. Intelex Telecom Global,Jakarta,ID,Asia Pacific,0,0,0,,,"PeeringDB, peeringdb.com/api"
1259,CtrlS Mumbai DC1,Mumbai,IN,Asia Pacific,50,3,3,19.108213,73.023588,"PeeringDB, peeringdb.com/api"
1262,Free Pro - Limonest,Limonest,FR,Europe,17,1,3,45.806778,4.77262,"PeeringDB, peeringdb.com/api"
1263,LDeX1,London,GB,Europe,15,1,1,51.567301,-0.231872,"PeeringDB, peeringdb.com/api"
1264,iomart DC7 The Server Hotel Reynolds,Manchester,GB,Europe,5,0,0,53.464423,-2.246751,"PeeringDB, peeringdb.com/api"
1265,Greenheys,Manchester,GB,Europe,0,0,0,53.461255,-2.24141,"PeeringDB, peeringdb.com/api"
1267,QiComm Tutis Point,London,GB,Europe,15,0,0,51.494644,-0.018318,"PeeringDB, peeringdb.com/api"
1268,Stadtnetz Bamberg,Bamberg,DE,Europe,5,0,1,49.900962,10.885819,"PeeringDB, peeringdb.com/api"
1270,RTDC,Aubière,FR,Europe,1,0,0,45.758988,3.131487,"PeeringDB, peeringdb.com/api"
1271,Equinix MI3 - Miami  Boca Raton,Boca Raton,US,North America,16,2,4,26.387989,-80.108267,"PeeringDB, peeringdb.com/api"
1272,Telehouse - New York Chelsea,New York,US,North America,47,5,0,40.743209,-74.007954,"PeeringDB, peeringdb.com/api"
1274,M100 datacenter Moscow  Varshavskoe 125,Moscow,RU,Europe,9,1,0,,,"PeeringDB, peeringdb.com/api"
1275,AngoNAP Luanda,Luanda,AO,Africa,16,2,0,-8.914886,13.181343,"PeeringDB, peeringdb.com/api"
1276,noris network datacenter.de NBG6,Nuremberg,DE,Europe,14,1,2,49.41013,11.13012,"PeeringDB, peeringdb.com/api"
1277,UIH BCH4 IDC - Bangkok  Thailand,Bangkok,TH,Asia Pacific,4,0,0,13.851158,100.562591,"PeeringDB, peeringdb.com/api"
1279,CSF CX1 / TelcoHub1 Kuala Lumpur,Cyberjaya,MY,Asia Pacific,34,5,1,2.913224,101.655646,"PeeringDB, peeringdb.com/api"
1280,Simtronic DC Jamisontown,Jamisontown,AU,Australia,0,0,0,-33.765485,150.684011,"PeeringDB, peeringdb.com/api"
1281,EASYLINK CORP (H.K) LIMITED,Hong Kong,HK,Asia Pacific,0,0,0,,,"PeeringDB, peeringdb.com/api"
1283,Equinix SP2 - São Paulo,Barueri,BR,South America,235,4,8,-23.5027,-46.827255,"PeeringDB, peeringdb.com/api"
1284,AVUR DC Bergen (ADC),Bergen,NO,Europe,1,0,0,60.34054,5.326589,"PeeringDB, peeringdb.com/api"
1286,IDC Teletalk,Salvador,BR,South America,0,0,0,,,"PeeringDB, peeringdb.com/api"
1288,Amune Networks CPD !,San Javier,ES,Europe,0,0,0,37.80561,-0.83857,"PeeringDB, peeringdb.com/api"
1289,Teraco DB1 Durban  South Africa,Durban,ZA,Africa,120,2,1,-29.783372,30.990127,"PeeringDB, peeringdb.com/api"
1291,INOC Albany (80 State St),Albany,US,North America,3,0,0,42.649364,-73.75268,"PeeringDB, peeringdb.com/api"
1292,VegaSystems Datacenter Paderborn,Paderborn,DE,Europe,1,0,0,51.682458,8.736708,"PeeringDB, peeringdb.com/api"
1293,Colo@34 (Downtown),Atlanta,US,North America,0,0,0,33.754975,-84.389635,"PeeringDB, peeringdb.com/api"
1294,Level(3) Memphis,Memphis,US,North America,2,0,0,35.028826,-89.930755,"PeeringDB, peeringdb.com/api"
1297,Fiberhub LAS1,Las Vegas,US,North America,16,0,0,36.066019,-115.138297,"PeeringDB, peeringdb.com/api"
1298,DATASIX Vienna (VIE1),Vienna,AT,Europe,20,0,2,48.192998,16.353429,"PeeringDB, peeringdb.com/api"
1300,ANS - MAN4,Manchester,GB,Europe,4,0,0,53.460851,-2.326922,"PeeringDB, peeringdb.com/api"
1301,Bunker One,Midrand,ZA,Africa,0,0,0,-25.997406,28.12549,"PeeringDB, peeringdb.com/api"
1302,Bahnhof Thule,Stockholm,SE,Europe,1,0,1,59.337179,18.063938,"PeeringDB, peeringdb.com/api"
1305,VIBO,Taipei,TW,Asia Pacific,1,0,0,25.076596,121.572371,"PeeringDB, peeringdb.com/api"
1309,Hivelocity,Tampa,US,North America,4,0,0,28.01989,-82.52466,"PeeringDB, peeringdb.com/api"
1311,Six Degrees Studley South,Studley,GB,Europe,2,0,0,,,"PeeringDB, peeringdb.com/api"
1312,Six Degrees Studley North,Studley,GB,Europe,3,0,0,,,"PeeringDB, peeringdb.com/api"
1313,Data Facilities Spijkenisse,Spijkenisse,NL,Europe,2,1,2,51.855278,4.301992,"PeeringDB, peeringdb.com/api"
1314,IPTP  Matrix 4  Amsterdam  The Netherlands,Amsterdam,NL,Europe,9,1,2,52.356626,4.958019,"PeeringDB, peeringdb.com/api"
1315,COLT in Asia Tokyo Data Center 1 (TDC1),Tokyo,JP,Asia Pacific,15,3,1,,,"PeeringDB, peeringdb.com/api"
1318,5GN Melbourne Data Centre (MDC),Melbourne,AU,Australia,16,3,3,-37.817684,144.956817,"PeeringDB, peeringdb.com/api"
1320,Equinix AM3 - Amsterdam  Science Park,Amsterdam,NL,Europe,127,10,19,52.354686,4.958827,"PeeringDB, peeringdb.com/api"
1322,firstcolo - FRA4,Frankfurt,DE,Europe,67,6,1,50.1399,8.74346,"PeeringDB, peeringdb.com/api"
1325,TIVIT Sao Paulo,São Paulo,BR,South America,25,2,1,-23.65071,-46.720519,"PeeringDB, peeringdb.com/api"
1326,Internode DC,Adelaide,AU,Australia,2,0,0,-34.927275,138.589137,"PeeringDB, peeringdb.com/api"
1327,NP Rochester,Rochester,US,North America,5,0,1,44.020868,-92.462576,"PeeringDB, peeringdb.com/api"
1328,DataCenter.BZ - Worthington-Columbus,Worthington,US,North America,5,0,0,40.115838,-83.00176,"PeeringDB, peeringdb.com/api"
1330,Cologix VAN1,Vancouver,CA,North America,27,1,0,49.284697,-123.111935,"PeeringDB, peeringdb.com/api"
1331,ServerChoice SC-2,Welwyn Garden City,GB,Europe,1,0,0,51.797555,-0.203813,"PeeringDB, peeringdb.com/api"
1334,Duluth Missabe,Duluth,US,North America,3,2,0,46.785022,-92.103083,"PeeringDB, peeringdb.com/api"
1335,XMission - Salt Lake City - Utah,Salt Lake City,US,North America,5,1,1,40.7609,-111.888856,"PeeringDB, peeringdb.com/api"
1336,KPN DSSD2,Düsseldorf,DE,Europe,4,0,0,51.258617,6.798702,"PeeringDB, peeringdb.com/api"
1337,CoreSite - Atlanta (AT1),Atlanta,US,North America,69,4,4,33.755801,-84.390928,"PeeringDB, peeringdb.com/api"
1338,IXcellerate MOS1,Moscow,RU,Europe,39,7,2,55.862351,37.577399,"PeeringDB, peeringdb.com/api"
1339,NEXTDC M1,Melbourne,AU,Australia,141,3,5,-37.821705,144.931061,"PeeringDB, peeringdb.com/api"
1340,NEXTDC B1,Brisbane,AU,Australia,96,3,6,-27.465523,153.029645,"PeeringDB, peeringdb.com/api"
1341,NorthC Delft,Delft,NL,Europe,29,3,9,51.987103,4.377522,"PeeringDB, peeringdb.com/api"
1345,PIX ALGAR-VRAO,São Paulo,BR,South America,1,1,0,-23.610224,-46.696424,"PeeringDB, peeringdb.com/api"
1348,EvoSwitch WDC1,Manassas,US,North America,8,0,1,38.747494,-77.531749,"PeeringDB, peeringdb.com/api"
1350,Alticom - IJsselstein,IJsselstein,NL,Europe,6,0,3,52.002407,5.050569,"PeeringDB, peeringdb.com/api"
1351,IP-Only Espoo,Espoo,FI,Europe,7,0,4,60.185744,24.811988,"PeeringDB, peeringdb.com/api"
1353,2degrees Auckland - Albany,Auckland,NZ,Asia Pacific,46,3,2,-36.750234,174.696364,"PeeringDB, peeringdb.com/api"
1354,Equinix BG1 - Bogota,Bogota,CO,South America,80,3,3,4.671384,-74.156026,"PeeringDB, peeringdb.com/api"
1355,Equinix DX1 - Dubai,Dubai,AE,Middle East,88,3,3,25.02618,55.18695,"PeeringDB, peeringdb.com/api"
1356,Equinix DX2 - Dubai,Dubai,AE,Middle East,7,1,0,25.030113,55.186405,"PeeringDB, peeringdb.com/api"
1358,datamena DXA - Dubai,Dubai,AE,Middle East,35,3,3,25.028007,55.186815,"PeeringDB, peeringdb.com/api"
1362,GlobalConnect Nydalen,Oslo,NO,Europe,2,0,1,59.949751,10.769448,"PeeringDB, peeringdb.com/api"
1364,Infostrada/NEP Datacenter,Hilversum,NL,Europe,2,0,1,52.237216,5.172769,"PeeringDB, peeringdb.com/api"
1365,Datahive,Calgary,CA,North America,27,1,0,51.047284,-114.080105,"PeeringDB, peeringdb.com/api"
1368,Digital Realty Zagreb (ZAG1),Zagreb,HR,Europe,33,2,6,45.803311,15.943893,"PeeringDB, peeringdb.com/api"
1370,ETIX Lille #2,Sainghin-en-Mélantois,FR,Europe,48,4,6,50.584099,3.136511,"PeeringDB, peeringdb.com/api"
1371,HKNET,Kwai Chung,HK,Asia Pacific,0,0,0,22.353099,114.124566,"PeeringDB, peeringdb.com/api"
1372,Neos Networks Hampshire,Hampshire,GB,Europe,3,0,0,50.86838,-1.248006,"PeeringDB, peeringdb.com/api"
1373,NorthC Munich 1,Munich,DE,Europe,11,0,4,48.117498,11.601931,"PeeringDB, peeringdb.com/api"
1374,Cirion Rio de Janeiro - RIO1,Rio de Janeiro,BR,South America,109,1,2,-22.904959,-43.217935,"PeeringDB, peeringdb.com/api"
1380,Digital Realty IAD (44521 Hastings),Ashburn,US,North America,6,2,0,39.020131,-77.463206,"PeeringDB, peeringdb.com/api"
1381,Digital Realty IAD (44461 Chilum),Ashburn,US,North America,4,2,1,39.021133,-77.463564,"PeeringDB, peeringdb.com/api"
1382,Digital Realty DFW (1232 Alma),Richardson,US,North America,11,2,2,32.966309,-96.715602,"PeeringDB, peeringdb.com/api"
1384,Digital Realty CH1 - Chicago,Elk Grove Village,US,North America,18,2,1,41.994269,-87.962053,"PeeringDB, peeringdb.com/api"
1388,Rackspace London Slough (LON3),Slough,GB,Europe,1,0,0,51.520432,-0.618277,"PeeringDB, peeringdb.com/api"
1389,Rackspace Dallas Grapevine (DFW1),Grapevine,US,North America,0,0,0,32.929191,-97.104853,"PeeringDB, peeringdb.com/api"
1390,Rackspace Dallas Richardson (DFW3),Richardson,US,North America,0,0,0,,,"PeeringDB, peeringdb.com/api"
1392,GlobalConnect Malmö,Malmö,SE,Europe,10,0,3,55.574518,12.927828,"PeeringDB, peeringdb.com/api"
1393,Krossverksgatan 13a  Malmö,Malmö,SE,Europe,5,0,2,55.5748,12.928058,"PeeringDB, peeringdb.com/api"
1395,Novocom,Dhaka,BD,Asia Pacific,2,0,0,,,"PeeringDB, peeringdb.com/api"
1397,DELTA ZDC Goes,Goes,NL,Europe,1,0,0,,,"PeeringDB, peeringdb.com/api"
1398,Vaultica Data Centers | GEN01,Plan-les-Ouates,CH,Europe,13,1,1,46.16541,6.107186,"PeeringDB, peeringdb.com/api"
1400,PoP Faraday (Rouen),Rouen,FR,Europe,2,0,1,49.442992,1.079135,"PeeringDB, peeringdb.com/api"
1402,OPCORE - DC3 / PAR3,Vitry-sur-Seine,FR,Europe,27,4,6,48.775278,2.379971,"PeeringDB, peeringdb.com/api"
1403,Equinix MA3 - Manchester  Joule House,Manchester,GB,Europe,52,2,2,53.468674,-2.310421,"PeeringDB, peeringdb.com/api"
1404,Leaseweb MTL-01,Montreal,CA,North America,5,0,0,45.467948,-73.538001,"PeeringDB, peeringdb.com/api"
1405,Carolina Internet / CaroNet XB,Charlotte,US,North America,1,0,0,35.179019,-80.932278,"PeeringDB, peeringdb.com/api"
1410,Westelcom Networks Syracuse,Syracuse,US,North America,5,0,0,,,"PeeringDB, peeringdb.com/api"
1411,Westelcom Networks Watertown,Watertown,US,North America,1,0,0,43.974742,-75.913547,"PeeringDB, peeringdb.com/api"
1412,Westelcom Networks Plattsburgh,Plattsburgh,US,North America,1,0,0,44.696433,-73.452937,"PeeringDB, peeringdb.com/api"
1413,Cloud2Nube,Guatemala City,GT,North America,0,0,0,,,"PeeringDB, peeringdb.com/api"
1416,Soul DataCentre,North Melbourne,AU,Australia,1,0,0,-37.801212,144.944089,"PeeringDB, peeringdb.com/api"
1419,Fusion - Cleveland,Cleveland,US,North America,8,1,0,41.501689,-81.680462,"PeeringDB, peeringdb.com/api"
1420,Datacenter.BZ,Columbus,US,North America,0,0,0,40.115757,-83.002414,"PeeringDB, peeringdb.com/api"
1422,DataBank New York (LGA1),New York,US,North America,17,1,0,40.717664,-74.008333,"PeeringDB, peeringdb.com/api"
1423,Crown Castle Pittsburgh (Allegheny Center Mall),Pittsburgh,US,North America,7,1,0,40.451062,-80.005186,"PeeringDB, peeringdb.com/api"
1425,Trabia,Chisinau,MD,Europe,11,2,1,47.021552,28.834332,"PeeringDB, peeringdb.com/api"
1426,EVRY AS Gjøvik,Gjøvik,NO,Europe,2,0,0,60.792146,10.681565,"PeeringDB, peeringdb.com/api"
1427,Maxcom,Mexico,MX,North America,1,0,0,19.368396,-99.261085,"PeeringDB, peeringdb.com/api"
1429,EFX,Eindhoven,NL,Europe,26,1,7,51.445601,5.494271,"PeeringDB, peeringdb.com/api"
1432,Netelligent-1,Montreal,CA,North America,2,0,0,45.500484,-73.562048,"PeeringDB, peeringdb.com/api"
1439,Nessus NDC1,Vienna,AT,Europe,13,0,2,48.179683,16.363922,"PeeringDB, peeringdb.com/api"
1440,1500 Champa,Denver,US,North America,10,0,0,39.745765,-104.994399,"PeeringDB, peeringdb.com/api"
1441,DnsHosting Torino PdF,Turin,IT,Europe,0,0,0,45.090615,7.658883,"PeeringDB, peeringdb.com/api"
1442,Host.it DC1,Turin,IT,Europe,5,0,0,45.090688,7.660825,"PeeringDB, peeringdb.com/api"
1445,1ASIA-Singapore,Singapore,SG,Asia Pacific,2,0,0,1.352115,103.860673,"PeeringDB, peeringdb.com/api"
1452,ColoCenter.com - Manchester NH,Manchester,US,North America,0,0,0,42.971981,-71.468877,"PeeringDB, peeringdb.com/api"
1453,Xtreme Networks - Wellington DC,Wellington,NZ,Asia Pacific,21,2,0,-41.27173,174.78177,"PeeringDB, peeringdb.com/api"
1454,Implex Minneapolis,Minneapolis,US,North America,1,0,0,45.000634,-93.265888,"PeeringDB, peeringdb.com/api"
1457,Equinix HE3 - Helsinki  Suvilahti,Helsinki,FI,Europe,12,1,5,60.185146,24.970015,"PeeringDB, peeringdb.com/api"
1458,Equinix HE4 - Helsinki  Hansa,Vantaa,FI,Europe,1,0,3,60.284212,24.841203,"PeeringDB, peeringdb.com/api"
1459,Equinix HE5 - Helsinki  Viikinmäki,Helsinki,FI,Europe,9,0,5,60.220067,24.985015,"PeeringDB, peeringdb.com/api"
1460,IPR Wilmington CCC,Wilmington,US,North America,2,0,0,39.747859,-75.546753,"PeeringDB, peeringdb.com/api"
1461,ColoCenter Zoetermeer,Zoetermeer,NL,Europe,17,1,2,52.033382,4.496007,"PeeringDB, peeringdb.com/api"
1462,University of Calgary,Calgary,CA,North America,1,0,0,51.075546,-114.129754,"PeeringDB, peeringdb.com/api"
1463,University of Alberta,Edmonton,CA,North America,1,0,0,,,"PeeringDB, peeringdb.com/api"
1467,CyrusOne Cincinnati 7th St,Cincinnati,US,North America,8,1,1,39.102771,-84.517262,"PeeringDB, peeringdb.com/api"
1468,CyrusOne Lebanon,Lebanon,US,North America,0,0,0,39.389053,-84.220796,"PeeringDB, peeringdb.com/api"
1469,CyrusOne Florence,Florence,US,North America,2,0,1,38.98065,-84.618707,"PeeringDB, peeringdb.com/api"
1470,CyrusOne Mason,Mason,US,North America,0,0,0,39.303887,-84.311636,"PeeringDB, peeringdb.com/api"
1471,CyrusOne Hamilton,Hamilton,US,North America,1,0,0,39.386313,-84.567161,"PeeringDB, peeringdb.com/api"
1475,Databank Houston Galleria (HOU5),Houston,US,North America,8,2,2,29.728119,-95.445075,"PeeringDB, peeringdb.com/api"
1476,Databank Houston West (HOU1) (HOU2),Houston,US,North America,36,2,3,29.844182,-95.556656,"PeeringDB, peeringdb.com/api"
1478,CyrusOne Dallas (Lewisville),Lewisville,US,North America,5,1,2,33.001402,-96.99766,"PeeringDB, peeringdb.com/api"
1481,CyrusOne Dallas (Carrollton),Carrollton,US,North America,11,2,3,32.991929,-96.930465,"PeeringDB, peeringdb.com/api"
1483,CyrusOne Austin (Met 2),Austin,US,North America,6,1,2,30.205925,-97.69791,"PeeringDB, peeringdb.com/api"
1484,CyrusOne San Antonio,San Antonio,US,North America,4,0,2,29.46661,-98.688078,"PeeringDB, peeringdb.com/api"
1486,CyrusOne Chicago (Lombard),Lombard,US,North America,5,1,1,41.849175,-88.029567,"PeeringDB, peeringdb.com/api"
1488,CyrusOne Phoenix,Phoenix,US,North America,16,1,2,33.270744,-111.882056,"PeeringDB, peeringdb.com/api"
1489,HGC - Sino Favour Centre,Hong Kong,HK,Asia Pacific,2,1,0,22.266444,114.246387,"PeeringDB, peeringdb.com/api"
1493,SmartHub Fujairah,Fujairah,AE,Middle East,51,3,2,,,"PeeringDB, peeringdb.com/api"
1496,200 Quannapowitt Pkwy,Wakefield,US,North America,1,0,0,42.520526,-71.084976,"PeeringDB, peeringdb.com/api"
1498,YarTT,Yaroslavl,RU,Europe,0,1,0,57.637389,39.875539,"PeeringDB, peeringdb.com/api"
1503,S-NET KRAKOW DATA CENTER KRDC-2,Krakow,PL,Europe,8,1,0,50.070834,19.920621,"PeeringDB, peeringdb.com/api"
1504,S-NET KRAKOW DATA CENTER KRDC-1,Krakow,PL,Europe,6,0,0,50.072462,19.902937,"PeeringDB, peeringdb.com/api"
1506,GlobalConnect Glostrup,Glostrup,DK,Europe,4,0,0,55.693734,12.420409,"PeeringDB, peeringdb.com/api"
1507,SISDC1-SYD,Waterloo,AU,Australia,1,0,0,-33.901647,151.202806,"PeeringDB, peeringdb.com/api"
1508,Adam Data Centre,Mile End South,AU,Australia,3,0,0,-34.936744,138.574222,"PeeringDB, peeringdb.com/api"
1509,Ramses Exchange,Cairo,EG,Middle East,4,1,0,30.145975,31.246959,"PeeringDB, peeringdb.com/api"
1510,Ascenix Pte Ltd,Singapore,SG,Asia Pacific,0,0,0,1.310844,103.86608,"PeeringDB, peeringdb.com/api"
1511,CC IN2P3,Villeurbanne,FR,Europe,11,1,3,45.782598,4.86519,"PeeringDB, peeringdb.com/api"
1512,Artfiles w408,Hamburg,DE,Europe,8,1,2,53.550542,10.048753,"PeeringDB, peeringdb.com/api"
1513,Bay Area Internet,Santa Clara,US,North America,2,0,0,37.365431,-121.961738,"PeeringDB, peeringdb.com/api"
1514,CX2 / MY01 Cyberjaya Malaysia,Cyberjaya,MY,Asia Pacific,27,3,1,2.917133,101.66188,"PeeringDB, peeringdb.com/api"
1515,Equinix ZH5 - Zurich  South,Zurich,CH,Europe,54,4,5,47.405667,8.46174,"PeeringDB, peeringdb.com/api"
1516,Brainserve,Crissier,CH,Europe,21,3,1,46.544786,6.57446,"PeeringDB, peeringdb.com/api"
1517,60 Hudson,New York,US,North America,30,2,3,40.717723,-74.008299,"PeeringDB, peeringdb.com/api"
1518,EZ Network Systems,Stockton,US,North America,1,0,0,37.990788,-121.289822,"PeeringDB, peeringdb.com/api"
1519,Fastnet Ancona DC,Ancona,IT,Europe,1,0,0,43.571578,13.502971,"PeeringDB, peeringdb.com/api"
1520,Enterprise Data Corporation (EDC1 - Sydney),Baulkham Hills,AU,Australia,0,0,0,-33.733943,150.969445,"PeeringDB, peeringdb.com/api"
1523,Mayoral Drive Exchange (MDR),Auckland,NZ,Asia Pacific,41,4,1,-36.854324,174.764384,"PeeringDB, peeringdb.com/api"
1532,3S Data Center Katowice,Katowice,PL,Europe,12,2,0,,,"PeeringDB, peeringdb.com/api"
1533,IPCore Datacenter Madrid,Madrid,ES,Europe,17,1,0,40.44598,-3.570053,"PeeringDB, peeringdb.com/api"
1534,Energie AG Data PowerTower Provider Room,Linz,AT,Europe,1,0,0,48.293367,14.291336,"PeeringDB, peeringdb.com/api"
1535,Energie AG Data PowerCube,Linz,AT,Europe,2,0,0,48.247557,14.272284,"PeeringDB, peeringdb.com/api"
1536,Digital Realty Paris PAR7,Paris,FR,Europe,19,0,3,48.924907,2.403,"PeeringDB, peeringdb.com/api"
1537,CJ1 CYBERJAYA,Cyberjaya,MY,Asia Pacific,24,3,1,2.904188,101.651988,"PeeringDB, peeringdb.com/api"
1539,Cologix MTL2,Montreal,CA,North America,14,0,1,45.466944,-73.541312,"PeeringDB, peeringdb.com/api"
1540,Cologix MTL6,Saint-Laurent,CA,North America,2,0,0,45.482521,-73.760149,"PeeringDB, peeringdb.com/api"
1541,Cologix MTL5,Saint-Laurent,CA,North America,2,0,0,45.484249,-73.760602,"PeeringDB, peeringdb.com/api"
1542,DataCell Reykjavik 1,Reykjavik,IS,Europe,1,0,0,,,"PeeringDB, peeringdb.com/api"
1543,DataCell Keflavik 1,Keflavik,IS,Europe,1,0,0,64.004152,-22.559051,"PeeringDB, peeringdb.com/api"
1547,Verne London,London,GB,Europe,39,1,1,51.523353,-0.101245,"PeeringDB, peeringdb.com/api"
1548,NGD Newport,Newport,GB,Europe,10,1,2,,,"PeeringDB, peeringdb.com/api"
1549,Unix-Solutions DC Zaventem,Zaventem,BE,Europe,13,2,1,50.875242,4.499556,"PeeringDB, peeringdb.com/api"
1550,Cirion Buenos Aires - BUE1,Buenos Aires,AR,South America,74,4,8,-34.590248,-58.467164,"PeeringDB, peeringdb.com/api"
1558,Global Server Center,Winnipeg,CA,North America,27,1,0,49.896522,-97.136601,"PeeringDB, peeringdb.com/api"
1563,IDC Webfoco,Salvador,BR,South America,4,0,0,,,"PeeringDB, peeringdb.com/api"
1564,Cirion Curitiba - CUR1,Curitiba,BR,South America,21,1,2,-25.470318,-49.350347,"PeeringDB, peeringdb.com/api"
1565,Cirion Porto Alegre,Porto Alegre,BR,South America,13,1,1,-30.023646,-51.184129,"PeeringDB, peeringdb.com/api"
1567,GlobalConnect Sätra,Stockholm,SE,Europe,6,4,2,59.282234,17.923317,"PeeringDB, peeringdb.com/api"
1568,GlobalConnect Hammarby,Stockholm,SE,Europe,8,0,2,,,"PeeringDB, peeringdb.com/api"
1578,University of Malawi  College of Medicine,Blantyre 3,MW,Africa,0,1,0,-15.796113,35.035891,"PeeringDB, peeringdb.com/api"
1580,Positivo Salerno,Salerno,IT,Europe,1,0,0,40.650657,14.820108,"PeeringDB, peeringdb.com/api"
1585,Equinix SP1 - São Paulo,São Paulo,BR,South America,83,4,3,-23.545988,-46.635836,"PeeringDB, peeringdb.com/api"
1586,Equinix RJ1 - Rio de Janeiro,Rio de Janeiro,BR,South America,53,3,3,-22.954737,-43.1946,"PeeringDB, peeringdb.com/api"
1590,AAPT Richmond (Melbourne),Richmond,AU,Australia,0,0,0,-37.820173,145.007747,"PeeringDB, peeringdb.com/api"
1594,DataBank Las Vegas (LAS1),Las Vegas,US,North America,11,1,0,36.059162,-115.145989,"PeeringDB, peeringdb.com/api"
1599,OPCORE - DC4 / PAR4,Paris,FR,Europe,1,0,0,48.829578,2.295931,"PeeringDB, peeringdb.com/api"
1600,GTS Nagano Prague,Prague,CZ,Europe,3,0,0,50.083412,14.478692,"PeeringDB, peeringdb.com/api"
1601,Level(3) Newark,Newark,US,North America,3,1,0,40.736844,-74.173402,"PeeringDB, peeringdb.com/api"
1602,Glesys Stockholm 1,Stockholm,SE,Europe,26,7,4,59.289728,18.016676,"PeeringDB, peeringdb.com/api"
1605,Equinix SY3 - Sydney,Sydney,AU,Australia,174,6,5,-33.911776,151.192942,"PeeringDB, peeringdb.com/api"
1609,Digital Edge TYO3 (ComSpace 2) - Tokyo,Tokyo,JP,Asia Pacific,1,0,1,35.691538,139.708714,"PeeringDB, peeringdb.com/api"
1610,Omantel,Ruwi,OM,Middle East,3,0,0,,,"PeeringDB, peeringdb.com/api"
1619,CoreSite - Santa Clara (SV4),Santa Clara,US,North America,21,3,2,37.376259,-121.970705,"PeeringDB, peeringdb.com/api"
1621,Amatis Newbury,Newbury,GB,Europe,0,0,0,51.410224,-1.304674,"PeeringDB, peeringdb.com/api"
1622,TATA Communications Delhi,New Delhi,IN,Asia Pacific,73,5,1,28.630933,77.207955,"PeeringDB, peeringdb.com/api"
1624,Gothenburg/B,Gothenburg,SE,Europe,1,2,0,,,"PeeringDB, peeringdb.com/api"
1625,Stockholm/B,Stockholm,SE,Europe,2,4,0,,,"PeeringDB, peeringdb.com/api"
1626,Sundsvall/B,Sundsvall,SE,Europe,1,2,0,,,"PeeringDB, peeringdb.com/api"
1628,Stockholm/C,Stockholm,SE,Europe,2,4,1,,,"PeeringDB, peeringdb.com/api"
1629,Luleå Kommunhus,Luleå,SE,Europe,1,0,0,65.583236,22.144299,"PeeringDB, peeringdb.com/api"
1633,Telconet Cloudcenter Guayaquil,Guayaquil,EC,South America,5,1,1,-2.152709,-79.953097,"PeeringDB, peeringdb.com/api"
1634,Telconet Cloudcenter Quito,Quito,EC,South America,1,0,1,-0.113375,-78.473374,"PeeringDB, peeringdb.com/api"
1635,Voxility IR1 Bucharest,Bucharest,RO,Europe,23,1,4,44.484488,26.117868,"PeeringDB, peeringdb.com/api"
1637,Level(3) Bellevue,Bellevue,US,North America,1,0,1,41.185518,-95.936099,"PeeringDB, peeringdb.com/api"
1640,Blue City,Barka,OM,Middle East,5,0,0,23.664446,57.893844,"PeeringDB, peeringdb.com/api"
1641,LNCC,Rio de Janeiro,BR,South America,3,1,0,-22.529901,-43.217133,"PeeringDB, peeringdb.com/api"
1642,EXA Edge DC Halifax Landingstation,Halifax,CA,North America,4,0,1,44.561793,-63.561509,"PeeringDB, peeringdb.com/api"
1643,ComSpace III,Tokyo,JP,Asia Pacific,0,0,0,,,"PeeringDB, peeringdb.com/api"
1644,Level(3) Hayward,Hayward,US,North America,0,0,0,37.638508,-122.129908,"PeeringDB, peeringdb.com/api"
1646,3U Rechenzentrum Berlin,Berlin,DE,Europe,14,2,2,52.455763,13.389075,"PeeringDB, peeringdb.com/api"
1648,SEACOM Mombasa CLS,Mombasa,KE,Africa,31,0,0,,,"PeeringDB, peeringdb.com/api"
1650,DCstar Datacenter Gent DCG,Ghent,BE,Europe,7,1,2,51.026812,3.683342,"PeeringDB, peeringdb.com/api"
1651,data11,Solothurn,CH,Europe,4,1,1,47.201818,7.528782,"PeeringDB, peeringdb.com/api"
1652,E-Solutions Data Fortress,Waterloo,CA,North America,2,0,0,43.499734,-80.535108,"PeeringDB, peeringdb.com/api"
1655,VTLWaveNet Bern,Bern,CH,Europe,0,0,0,46.957571,7.437145,"PeeringDB, peeringdb.com/api"
1656,VTLWaveNet Olten,Olten,CH,Europe,1,0,0,,,"PeeringDB, peeringdb.com/api"
1657,VTLWaveNet Zürich,Zuerich,CH,Europe,0,0,0,,,"PeeringDB, peeringdb.com/api"
1660,NEXTDC S1,Sydney,AU,Australia,107,3,7,-33.785263,151.13149,"PeeringDB, peeringdb.com/api"
1661,Vocus Melbourne MEL03,Melbourne,AU,Australia,24,3,3,-37.817525,144.956795,"PeeringDB, peeringdb.com/api"
1663,Parsec,Billings,US,North America,1,0,0,45.742945,-108.602984,"PeeringDB, peeringdb.com/api"
1665,Datacenter Groningen,Zuidbroek,NL,Europe,6,1,3,,,"PeeringDB, peeringdb.com/api"
1666,Rekenhal,Groningen,NL,Europe,1,1,1,53.238044,6.536082,"PeeringDB, peeringdb.com/api"
1668,OneNet OSU Tulsa,Tulsa,US,North America,2,0,0,36.163393,-95.987612,"PeeringDB, peeringdb.com/api"
1669,ARE-ON Hope,Hope,US,North America,2,0,0,33.664742,-93.600378,"PeeringDB, peeringdb.com/api"
1670,ARE-ON Forrest City,Forrest City,US,North America,1,0,0,35.040103,-90.768064,"PeeringDB, peeringdb.com/api"
1671,CoreSite - Secaucus (NY2),Secaucus,US,North America,31,3,2,40.784501,-74.065119,"PeeringDB, peeringdb.com/api"
1672,Orange Polska / Warsaw św. Barbary 10,Warsaw,PL,Europe,19,0,0,52.227433,21.008976,"PeeringDB, peeringdb.com/api"
1673,RAX,Sofia,BG,Europe,0,1,0,42.956073,23.359572,"PeeringDB, peeringdb.com/api"
1674,LWLcom Bremen BRE01,Bremen,DE,Europe,6,1,1,53.110922,8.764988,"PeeringDB, peeringdb.com/api"
1675,Datacenter Arnhem KLW,Arnhem,NL,Europe,2,0,0,51.970159,5.941177,"PeeringDB, peeringdb.com/api"
1677,PLUTEX Bremen,Bremen,DE,Europe,5,1,1,53.075841,8.770335,"PeeringDB, peeringdb.com/api"
1680,brightsolid Dundee Data Centre,Dundee,GB,Europe,4,0,0,56.463688,-3.0551,"PeeringDB, peeringdb.com/api"
1683,ANS - MAN5,Manchester,GB,Europe,3,0,0,53.46052,-2.32326,"PeeringDB, peeringdb.com/api"
1684,ANS - MAN6,Manchester,GB,Europe,10,0,1,53.46052,-2.32326,"PeeringDB, peeringdb.com/api"
1685,B-BRIX - SPO1,Barueri,BR,South America,1,0,0,-23.497107,-46.814556,"PeeringDB, peeringdb.com/api"
1686,GlobalConnect Hamburg (HAM1),Hamburg,DE,Europe,15,0,3,53.63873,10.01568,"PeeringDB, peeringdb.com/api"
1687,GlobalConnect Hamburg (HAM2),Hamburg,DE,Europe,40,3,5,53.550969,10.046769,"PeeringDB, peeringdb.com/api"
1690,375 Pearl  Intergate.Manhattan,New York,US,North America,8,1,0,40.71096,-74.00142,"PeeringDB, peeringdb.com/api"
1692,SBTAP01,San Benedetto del Tronto,IT,Europe,1,0,0,42.943245,13.883056,"PeeringDB, peeringdb.com/api"
1693,InterConnect Datacenter,Bucharest,RO,Europe,0,0,0,44.415116,26.122688,"PeeringDB, peeringdb.com/api"
1694,WNET DC2 Kiev,Kyiv,UA,Europe,6,0,0,50.445102,30.510193,"PeeringDB, peeringdb.com/api"
1695,WNET DC Kiev,Kyiv,UA,Europe,2,0,0,,,"PeeringDB, peeringdb.com/api"
1696,Telecom House,Hong Kong,HK,Asia Pacific,4,0,0,22.279906,114.170967,"PeeringDB, peeringdb.com/api"
1698,Sungard AS Sacramento,Rancho Cordova,US,North America,4,0,1,38.596081,-121.272635,"PeeringDB, peeringdb.com/api"
1699,ServerChoice SC-1,Stevenage,GB,Europe,4,0,0,51.888344,-0.204682,"PeeringDB, peeringdb.com/api"
1700,Ruweb-NN Datacenter (Nnov),Nizhny Novgorod,RU,Europe,0,0,0,56.315822,43.94762,"PeeringDB, peeringdb.com/api"
1701,SITCO Evansville,Evansville,US,North America,4,0,0,38.019934,-87.521467,"PeeringDB, peeringdb.com/api"
1702,Reliance House,Newcastle upon Tyne,GB,Europe,10,0,0,54.960971,-1.632163,"PeeringDB, peeringdb.com/api"
1707,Northwestern University co-location facility,Chicago,US,North America,20,0,0,41.895233,-87.616861,"PeeringDB, peeringdb.com/api"
1712,InfoBunker,Boone,US,North America,1,0,0,42.164903,-93.794162,"PeeringDB, peeringdb.com/api"
1714,Optizon Krasnoyarsk,Krasnoyarsk,RU,Europe,3,0,0,,,"PeeringDB, peeringdb.com/api"
1717,Global Crossing Malmo,Malmö,SE,Europe,0,0,1,55.607973,12.981746,"PeeringDB, peeringdb.com/api"
1718,DataBank Miami (MIA1),Miami,US,North America,22,2,0,25.775811,-80.192959,"PeeringDB, peeringdb.com/api"
1720,Data Foundry Texas 1,Austin,US,North America,15,1,1,30.198926,-97.713716,"PeeringDB, peeringdb.com/api"
1721,Level(3) Austin (Kramer),Austin,US,North America,0,0,0,30.385034,-97.70922,"PeeringDB, peeringdb.com/api"
1722,Alpheus Houston (777 Walker Street),Houston,US,North America,2,0,0,29.75922,-95.366246,"PeeringDB, peeringdb.com/api"
1723,next layer Fleischmarkt,Vienna,AT,Europe,4,0,1,48.210551,16.378684,"PeeringDB, peeringdb.com/api"
1724,CLT2,Charlotte,US,North America,7,0,1,35.193762,-80.938485,"PeeringDB, peeringdb.com/api"
1725,OneHostPower Datacenter,Kharkiv,UA,Europe,0,0,0,,,"PeeringDB, peeringdb.com/api"
1726,191 Queen Street,Auckland,NZ,Asia Pacific,1,0,0,-36.848501,174.765164,"PeeringDB, peeringdb.com/api"
1727,SBA Edge  LLC,Chicago,US,North America,16,2,1,41.875948,-88.248975,"PeeringDB, peeringdb.com/api"
1728,Safehosts Cheltenham,Cheltenham,GB,Europe,2,0,0,51.89431,-2.059132,"PeeringDB, peeringdb.com/api"
1729,Level(3) Atlanta (Peachtree),Atlanta,US,North America,2,0,0,33.758573,-84.387873,"PeeringDB, peeringdb.com/api"
1730,Level(3) Chicago (Kingsbury),Chicago,US,North America,15,0,0,41.898951,-87.644642,"PeeringDB, peeringdb.com/api"
1731,Level(3) Miami (5th St),Miami,US,North America,1,0,0,25.779013,-80.192962,"PeeringDB, peeringdb.com/api"
1732,Level(3) Herndon,Herndon,US,North America,1,0,0,38.964641,-77.382947,"PeeringDB, peeringdb.com/api"
1733,Level(3) McLean,McLean,US,North America,9,0,0,38.920062,-77.212126,"PeeringDB, peeringdb.com/api"
1734,Yarnet Ltd.,Yaroslavl,RU,Europe,0,0,0,,,"PeeringDB, peeringdb.com/api"
1736,Digital Realty New Jersey EWR10 (closed),Weehawken,US,North America,4,0,1,40.761802,-74.025183,"PeeringDB, peeringdb.com/api"
1738,DataBank Dallas (DFW6),Dallas,US,North America,7,0,1,32.838552,-96.865083,"PeeringDB, peeringdb.com/api"
1739,HSW-DC1RH,Rock Hill,US,North America,2,0,0,34.92958,-81.021841,"PeeringDB, peeringdb.com/api"
1740,iomart DC9 Gosport,Gosport,GB,Europe,2,0,0,50.825506,-1.163042,"PeeringDB, peeringdb.com/api"
1742,Global technology of Ukraine L.L.C.,Khmelnitskiy,UA,Europe,0,0,0,,,"PeeringDB, peeringdb.com/api"
1743,Adylnet Telecom - Porto Alegre,Porto Alegre,BR,South America,14,1,0,-30.017148,-51.190773,"PeeringDB, peeringdb.com/api"
1746,Rogers Calgary DC2 (1313 10th Ave SW),Calgary,CA,North America,6,1,0,51.043863,-114.091989,"PeeringDB, peeringdb.com/api"
1747,Rogers Calgary DC1 (Franklin Atrium),Calgary,CA,North America,2,0,0,51.055773,-113.990293,"PeeringDB, peeringdb.com/api"
1751,LightPoint Corporation,Portland,US,North America,2,0,0,45.521436,-122.677878,"PeeringDB, peeringdb.com/api"
1753,Wavenet Reading,Reading,GB,Europe,2,0,0,51.425844,-0.97543,"PeeringDB, peeringdb.com/api"
1754,IC2NET Data Center,Tustin,US,North America,0,0,0,33.717178,-117.803253,"PeeringDB, peeringdb.com/api"
1755,IPTelecom ltd.,Ulyanovsk,RU,Europe,0,0,0,54.312,48.39252,"PeeringDB, peeringdb.com/api"
1757,Digital Realty Copenhagen CPH-RS,Valby,DK,Europe,1,0,0,55.653658,12.518345,"PeeringDB, peeringdb.com/api"
1758,Arelion Munich MCN,Munich,DE,Europe,4,0,3,48.188208,11.588718,"PeeringDB, peeringdb.com/api"
1759,Northland Communications - Syracuse,Syracuse,US,North America,1,0,0,43.043813,-76.152378,"PeeringDB, peeringdb.com/api"
1760,Northland Communications - Utica,Utica,US,North America,1,0,0,43.099765,-75.235426,"PeeringDB, peeringdb.com/api"
1761,30 Duke Street West Kitchener Ontario,Kitchener,CA,North America,0,0,0,43.451595,-80.489149,"PeeringDB, peeringdb.com/api"
1768,AUTO DATA Center,Alexandria,EG,Middle East,4,0,0,31.192539,29.901988,"PeeringDB, peeringdb.com/api"
1769,NYI NY1 (100 William Street),New York,US,North America,4,0,0,40.708383,-74.007201,"PeeringDB, peeringdb.com/api"
1771,Web Werks Mumbai 1,Mumbai,IN,Asia Pacific,194,4,1,19.141133,73.008884,"PeeringDB, peeringdb.com/api"
1772,Web Werks Pune 1,Pune,IN,Asia Pacific,8,0,0,18.581465,73.736512,"PeeringDB, peeringdb.com/api"
1774,Djibouti Data Center,Djibouti,DJ,Africa,19,1,1,,,"PeeringDB, peeringdb.com/api"
1775,Ativas,Belo Horizonte,BR,South America,13,0,1,,,"PeeringDB, peeringdb.com/api"
1776,Host Color,New York,US,North America,1,0,0,40.74463,-73.987667,"PeeringDB, peeringdb.com/api"
1778,KIO Querétaro 1 (QRO1),El Marques,MX,North America,67,4,3,20.567915,-100.254141,"PeeringDB, peeringdb.com/api"
1782,Treefaz Jeûneurs,Paris,FR,Europe,18,0,3,48.869597,2.343833,"PeeringDB, peeringdb.com/api"
1783,Viatel Amiens,Amiens,FR,Europe,1,0,0,,,"PeeringDB, peeringdb.com/api"
1784,Somme-numerique DC1,Amiens,FR,Europe,2,0,0,,,"PeeringDB, peeringdb.com/api"
1785,Penta Infra Paris PAR01,Lognes,FR,Europe,12,0,2,48.836897,2.641417,"PeeringDB, peeringdb.com/api"
1786,FEIX,Ferrara,IT,Europe,10,0,0,44.83275,11.597264,"PeeringDB, peeringdb.com/api"
1788,BOIX,Bologna,IT,Europe,17,2,0,44.508512,11.363497,"PeeringDB, peeringdb.com/api"
1789,Nextel MSO SPO,São Paulo,BR,South America,0,0,0,-23.542416,-46.598948,"PeeringDB, peeringdb.com/api"
1790,Nextel MSO RJO,Rio de Janeiro,BR,South America,0,0,0,-22.877352,-43.352306,"PeeringDB, peeringdb.com/api"
1791,Equinix OS1 - Osaka,Osaka,JP,Asia Pacific,70,5,7,34.675774,135.495551,"PeeringDB, peeringdb.com/api"
1792,Digital Realty London LHR13,Chessington,GB,Europe,8,1,1,51.512487,-0.112216,"PeeringDB, peeringdb.com/api"
1793,Redhill Datacenter,Redhill,GB,Europe,4,0,0,,,"PeeringDB, peeringdb.com/api"
1795,Data Center Rio,Rio de Janeiro,BR,South America,0,0,0,-22.90836,-43.221214,"PeeringDB, peeringdb.com/api"
1796,Tennet Datacenter,Bucharest,RO,Europe,1,0,0,44.468324,26.044811,"PeeringDB, peeringdb.com/api"
1800,LTD Irida Telecom,Rostov-on-Don,RU,Europe,1,0,0,47.235244,39.715174,"PeeringDB, peeringdb.com/api"
1801,NETHINKS Housing ITZ Fulda,Fulda,DE,Europe,1,0,0,50.551258,9.670212,"PeeringDB, peeringdb.com/api"
1802,Pulsant Edinburgh SC-3 (Newbridge),Edinburgh,GB,Europe,2,0,0,55.929394,-3.41002,"PeeringDB, peeringdb.com/api"
1803,ColocationIX DC0,Bremen,DE,Europe,3,0,0,53.074781,8.80715,"PeeringDB, peeringdb.com/api"
1804,Ewe Tel Bremen,Bremen,DE,Europe,3,0,0,,,"PeeringDB, peeringdb.com/api"
1805,Cogent Bremen,Bremen,DE,Europe,2,1,0,,,"PeeringDB, peeringdb.com/api"
1806,Beijin Oriental Plaza,Beijin,CN,Asia Pacific,2,0,0,,,"PeeringDB, peeringdb.com/api"
1807,DC Kounicova,Brno,CZ,Europe,1,1,0,49.210343,16.593014,"PeeringDB, peeringdb.com/api"
1808,DC Antoninska,Brno,CZ,Europe,1,1,0,49.20172,16.603317,"PeeringDB, peeringdb.com/api"
1809,Vaultica Data Centers | OSL02,Trollåsen  Oslo,NO,Europe,10,0,1,59.822062,10.787198,"PeeringDB, peeringdb.com/api"
1810,TATA Communications - Toyohashi Cable Landing Station,Toyohashi City,JP,Asia Pacific,2,0,0,,,"PeeringDB, peeringdb.com/api"
1811,TATA Communications - Emi Cable Landing Station,Emi,JP,Asia Pacific,3,0,0,,,"PeeringDB, peeringdb.com/api"
1812,NTT Communications - PC1 Ajigaura Landing Station,Ajigaura,JP,Asia Pacific,2,0,0,,,"PeeringDB, peeringdb.com/api"
1813,NTT Communications - PC1 Shima Landing Station,Shima,JP,Asia Pacific,0,0,0,,,"PeeringDB, peeringdb.com/api"
1814,KDDI Corporation - Chikura Landing Station,Chikura,JP,Asia Pacific,3,0,0,,,"PeeringDB, peeringdb.com/api"
1816,H5 Data Centers New York,New York,US,North America,26,2,0,40.726868,-74.007703,"PeeringDB, peeringdb.com/api"
1817,BT Empire Exchange / Stadium House,Cardiff,GB,Europe,3,0,0,51.478187,-3.180582,"PeeringDB, peeringdb.com/api"
1818,IPLAN (NSS) - RINGO DCI,Buenos Aires,AR,South America,5,0,0,-34.640792,-58.403794,"PeeringDB, peeringdb.com/api"
1819,DataBank New York (LGA2),New York,US,North America,11,1,0,40.741469,-74.003387,"PeeringDB, peeringdb.com/api"
1820,DataBank Newark (EWR1),Newark,US,North America,13,1,0,40.736844,-74.173402,"PeeringDB, peeringdb.com/api"
1826,KoloDC NL2,Meppel,NL,Europe,51,2,2,52.717249,6.19872,"PeeringDB, peeringdb.com/api"
1827,Legend Bradford,Bradford,GB,Europe,4,2,0,53.79512,-1.762407,"PeeringDB, peeringdb.com/api"
1828,WOW! Business (Columbus Datacenter),Columbus,US,North America,10,3,3,39.967631,-82.995434,"PeeringDB, peeringdb.com/api"
1830,Ullevål Stadion,Oslo,NO,Europe,1,0,0,59.949648,10.735267,"PeeringDB, peeringdb.com/api"
1831,Secure Data Centre,Darwin,AU,Australia,5,1,1,-12.455427,130.841374,"PeeringDB, peeringdb.com/api"
1833,Datacentrum Moravia,Olomouc,CZ,Europe,1,0,0,49.592354,17.273803,"PeeringDB, peeringdb.com/api"
1835,DC74-CLT1,Charlotte,US,North America,0,0,0,35.193902,-80.937263,"PeeringDB, peeringdb.com/api"
1836,DC74-CLT4,Charlotte,US,North America,1,0,0,35.180076,-80.92639,"PeeringDB, peeringdb.com/api"
1837,612 W Main,Madison,US,North America,2,0,1,43.06776,-89.392409,"PeeringDB, peeringdb.com/api"
1838,Terra Network Brasil S.A,Porto Alegre,BR,South America,1,0,0,-30.029599,-51.23382,"PeeringDB, peeringdb.com/api"
1839,Terra Network Brasil S.A - SAO-01,São Paulo,BR,South America,1,0,0,-23.609889,-46.697227,"PeeringDB, peeringdb.com/api"
1840,Terra Network Brasil S.A - SAO-02,Barueri,BR,South America,1,0,0,,,"PeeringDB, peeringdb.com/api"
1841,Telefonica KeyCenter,Miami,US,North America,2,0,1,25.796769,-80.379841,"PeeringDB, peeringdb.com/api"
1842,Evocative SJC11,Santa Clara,US,North America,9,1,0,37.389466,-121.962115,"PeeringDB, peeringdb.com/api"
1843,nLighten Milton Keynes LTN1,Milton Keynes,GB,Europe,4,0,1,52.041813,-0.821027,"PeeringDB, peeringdb.com/api"
1844,Orange / Val de Rueil,Val de Reuil,FR,Europe,4,0,1,,,"PeeringDB, peeringdb.com/api"
1846,Shiran Datacenter,Prague 6,CZ,Europe,5,0,0,50.101665,14.343662,"PeeringDB, peeringdb.com/api"
1848,ASK4 DC1 - Sheffield,Sheffield,GB,Europe,5,0,0,53.398917,-1.429056,"PeeringDB, peeringdb.com/api"
1849,HDDC,Auckland,NZ,Asia Pacific,3,0,0,-36.747392,174.702175,"PeeringDB, peeringdb.com/api"
1850,Elisa Helsinki Lauttasaari,Helsinki,FI,Europe,5,0,3,60.153761,24.882413,"PeeringDB, peeringdb.com/api"
1853,COD BM-18,St.Petersburg,RU,Europe,9,0,1,59.934882,30.31608,"PeeringDB, peeringdb.com/api"
1854,EKB  Uralcod,Ekaterinburg,RU,Europe,17,5,0,56.839364,60.583537,"PeeringDB, peeringdb.com/api"
1855,Erlang.Ekb.MS145,Ekaterinburg,RU,Europe,17,5,0,56.836636,60.619669,"PeeringDB, peeringdb.com/api"
1856,Maxnet,Kharkov,UA,Europe,4,1,0,49.989444,36.237684,"PeeringDB, peeringdb.com/api"
1857,TDF Datacenter Lille Lambersart,Lambersart,FR,Europe,4,0,1,50.647547,3.042615,"PeeringDB, peeringdb.com/api"
1858,TDF Datacenter Bordeaux Bouliac,Bouliac,FR,Europe,7,0,4,44.819668,-0.505437,"PeeringDB, peeringdb.com/api"
1859,LocalNet Lauttasaari (Nebula),Helsinki,FI,Europe,14,1,2,60.153815,24.883142,"PeeringDB, peeringdb.com/api"
1861,Innopoli,Espoo,FI,Europe,16,4,4,60.183899,24.8144,"PeeringDB, peeringdb.com/api"
1862,Adman,Novosibirsk,RU,Europe,1,0,0,,,"PeeringDB, peeringdb.com/api"
1863,EMC Home of Data MUC I/II - MuCon-X,Munich,DE,Europe,39,3,7,48.195477,11.592698,"PeeringDB, peeringdb.com/api"
1864,Andrino Telecom MAD1,Madrid,ES,Europe,3,0,0,40.439323,-3.621211,"PeeringDB, peeringdb.com/api"
1866,DataBank Seattle (SEA1),Seattle,US,North America,4,0,0,47.614347,-122.338883,"PeeringDB, peeringdb.com/api"
1869,NeoCenter Paris,Paris,FR,Europe,0,0,1,48.869629,2.347732,"PeeringDB, peeringdb.com/api"
1870,Templus DC Málaga MAL01,Málaga,ES,Europe,12,1,1,36.694764,-4.474589,"PeeringDB, peeringdb.com/api"
1872,Colocker,Milton Keynes,GB,Europe,0,0,0,,,"PeeringDB, peeringdb.com/api"
1873,DFDC The Hague,The Hague,NL,Europe,25,5,4,52.064706,4.387171,"PeeringDB, peeringdb.com/api"
1875,EdgeConneX Denver (EDCDEN01),Englewood,US,North America,8,2,0,39.561073,-104.826671,"PeeringDB, peeringdb.com/api"
1877,Eurofiber DC - TLS00,Toulouse,FR,Europe,24,1,7,43.619897,1.421353,"PeeringDB, peeringdb.com/api"
1878,Digital Realty IAD (43940 Digital Loudoun),Ashburn,US,North America,4,1,1,39.000821,-77.479198,"PeeringDB, peeringdb.com/api"
1879,Free Pro - Marseille - MRS1,Marseille,FR,Europe,28,3,8,43.35965,5.338429,"PeeringDB, peeringdb.com/api"
1880,QTS Phoenix (PHX1),Phoenix,US,North America,8,1,0,33.452003,-112.072042,"PeeringDB, peeringdb.com/api"
1881,Cologix VAN2,Vancouver,CA,North America,39,1,2,49.286981,-123.119579,"PeeringDB, peeringdb.com/api"
1882,Techcrea Valenciennes,Marly,FR,Europe,2,0,0,50.345456,3.543358,"PeeringDB, peeringdb.com/api"
1884,MTN Cameroon Datacenter,Yaounde,CM,Africa,1,0,0,,,"PeeringDB, peeringdb.com/api"
1885,eStruxture MTL-1,Montreal,CA,North America,16,2,0,45.501394,-73.56192,"PeeringDB, peeringdb.com/api"
1886,7 STAR Dot Com Pvt. Ltd,Mumbai,IN,Asia Pacific,2,0,0,,,"PeeringDB, peeringdb.com/api"
1888,ATLAX,Tunis,TN,Africa,0,0,0,36.821174,10.183258,"PeeringDB, peeringdb.com/api"
1893,Equinix TY4 - Tokyo,Tokyo,JP,Asia Pacific,60,5,3,35.688354,139.765922,"PeeringDB, peeringdb.com/api"
1895,Montana Opticom,Bozeman,US,North America,1,0,0,45.673641,-111.19004,"PeeringDB, peeringdb.com/api"
1896,Iron Mountain Data Center - Denver (DEN-1),Denver,US,North America,8,2,1,39.777353,-104.968212,"PeeringDB, peeringdb.com/api"
1899,Equinix RJ2 - Rio de Janeiro,Rio de Janeiro,BR,South America,181,5,7,-22.871261,-43.272742,"PeeringDB, peeringdb.com/api"
1900,TCIF Building,Bangkok,TH,Asia Pacific,0,0,0,,,"PeeringDB, peeringdb.com/api"
1901,Level(3) Gadong (Tungku CLS),Gadong,BN,Asia Pacific,0,1,0,,,"PeeringDB, peeringdb.com/api"
1902,NTT Cyberjaya Data Center (CBJ),Cyberjaya,MY,Asia Pacific,14,3,1,,,"PeeringDB, peeringdb.com/api"
1903,Eletronet - Sao Paulo,São Paulo,BR,South America,66,2,1,-23.632684,-46.712046,"PeeringDB, peeringdb.com/api"
1910,EdgeConneX Houston (EDCHOU01),Katy,US,North America,7,2,1,29.794579,-95.745149,"PeeringDB, peeringdb.com/api"
1912,CSI Piemonte,Turin,IT,Europe,6,1,0,45.038263,7.65169,"PeeringDB, peeringdb.com/api"
1916,NEGMA Datacenter,Farmers Branch,US,North America,0,0,0,32.949582,-96.837348,"PeeringDB, peeringdb.com/api"
1917,EdgeConneX Phoenix (EDCPHX01),Tempe,US,North America,41,3,2,33.395544,-111.97012,"PeeringDB, peeringdb.com/api"
1918,EdgeConneX Las Vegas (EDCLAS01),Las Vegas,US,North America,14,1,1,36.065272,-115.130816,"PeeringDB, peeringdb.com/api"
1921,EdgeConneX Norfolk (EDCNOR01),Norfolk,US,North America,7,1,0,36.86186,-76.235342,"PeeringDB, peeringdb.com/api"
1922,EdgeConneX Portland (EDCPOR01),Hillsboro,US,North America,25,2,2,45.548296,-122.907473,"PeeringDB, peeringdb.com/api"
1923,EdgeConneX Miami (EDCMIA01),Miami,US,North America,7,1,1,25.793016,-80.38119,"PeeringDB, peeringdb.com/api"
1924,EdgeConneX Nashville (EDCNAS01),Nashville,US,North America,5,0,1,36.144881,-86.701721,"PeeringDB, peeringdb.com/api"
1925,EdgeConneX Pittsburgh (EDCPIT01),Pittsburgh,US,North America,5,1,0,40.452221,-80.041515,"PeeringDB, peeringdb.com/api"
1926,EdgeConneX Sacramento (EDCSAC01),Rancho Cordova,US,North America,4,0,0,38.592346,-121.277389,"PeeringDB, peeringdb.com/api"
1927,EdgeConneX Detroit (EDCDET01),Southfield,US,North America,14,1,1,42.448537,-83.261226,"PeeringDB, peeringdb.com/api"
1928,EdgeConneX San Diego (EDCSDG01),San Diego,US,North America,8,0,1,32.84049,-117.168374,"PeeringDB, peeringdb.com/api"
1929,EdgeConneX Atlanta (EDCATL01),Atlanta,US,North America,12,1,1,33.729369,-84.420099,"PeeringDB, peeringdb.com/api"
1930,EdgeConneX Memphis (EDCMEM01),Memphis,US,North America,6,0,2,35.038995,-89.88623,"PeeringDB, peeringdb.com/api"
1931,Cloudata,Bievres,FR,Europe,0,0,0,48.769749,2.227899,"PeeringDB, peeringdb.com/api"
1932,SEACOM Dar Es Salaam CLS,Dar es Salaam,TZ,Africa,10,0,1,,,"PeeringDB, peeringdb.com/api"
1934,Arelion London HEX,London,GB,Europe,4,1,1,51.499234,-0.014255,"PeeringDB, peeringdb.com/api"
1935,Equinix SO1 - Sofia,Sofia,BG,Europe,58,7,9,42.668521,23.395329,"PeeringDB, peeringdb.com/api"
1936,VSIX,Padova,IT,Europe,54,3,3,45.38861,11.92851,"PeeringDB, peeringdb.com/api"
1938,CME Cermak,Chicago,US,North America,2,0,0,41.85365,-87.618342,"PeeringDB, peeringdb.com/api"
1939,ICONZ House,Auckland,NZ,Asia Pacific,10,1,0,,,"PeeringDB, peeringdb.com/api"
1940,NEXTDC P1,Málaga,AU,Australia,100,3,6,-31.864402,115.895935,"PeeringDB, peeringdb.com/api"
1941,Lifeline Eastgate,Indianapolis,US,North America,29,2,2,39.775998,-86.04275,"PeeringDB, peeringdb.com/api"
1944,Cologix MTL3,Montreal,CA,North America,84,2,4,45.497188,-73.570471,"PeeringDB, peeringdb.com/api"
1945,Cologix MTL7,Montreal,CA,North America,26,1,1,45.50234,-73.567788,"PeeringDB, peeringdb.com/api"
1946,Cologix JAX1,Jacksonville,US,North America,34,1,2,30.331403,-81.66242,"PeeringDB, peeringdb.com/api"
1947,Digital Realty MIA (36 NE 2nd St),Miami,US,North America,32,4,1,25.775811,-80.192959,"PeeringDB, peeringdb.com/api"
1948,Level(3) Boise,Boise,US,North America,4,0,0,43.56619,-116.185889,"PeeringDB, peeringdb.com/api"
1949,Digital Realty ATH1/2/3 - Athens,Koropi,GR,Europe,45,4,5,37.871339,23.870251,"PeeringDB, peeringdb.com/api"
1954,Rail Centre 1,Brisbane,AU,Australia,0,0,0,-27.466102,153.025366,"PeeringDB, peeringdb.com/api"
1955,South Reach Networks,Miami,US,North America,8,3,0,25.775869,-80.193129,"PeeringDB, peeringdb.com/api"
1958,IBM Gigaplex,Meyrin,CH,Europe,3,0,0,46.220433,6.066321,"PeeringDB, peeringdb.com/api"
1959,Bytemark YO26 DC1,York,GB,Europe,3,0,0,53.979611,-1.130668,"PeeringDB, peeringdb.com/api"
1961,RVR Hyderabad,Hyderabad,IN,Asia Pacific,0,0,0,17.441864,78.391399,"PeeringDB, peeringdb.com/api"
1962,Fujitsu Oslo,Oslo,NO,Europe,1,0,0,59.91144,10.811382,"PeeringDB, peeringdb.com/api"
1963,Digital Realty London LGW14,Woking,GB,Europe,11,0,0,51.323497,-0.587003,"PeeringDB, peeringdb.com/api"
1964,Africa Data Centres  Nairobi NBO1  Kenya,Nairobi,KE,Africa,122,4,1,-1.34014,36.896534,"PeeringDB, peeringdb.com/api"
1965,Equinix AC1 - Accra,Accra,GH,Africa,11,1,0,5.802659,-0.094369,"PeeringDB, peeringdb.com/api"
1967,Cologix MTL1,Montreal,CA,North America,12,0,0,45.50255,-73.567217,"PeeringDB, peeringdb.com/api"
1968,Wolfpaw Edmonton 1,Edmonton,CA,North America,6,1,0,53.541405,-113.492601,"PeeringDB, peeringdb.com/api"
1969,Geraldton Data Centre,Geraldton,AU,Australia,0,0,0,-28.774058,114.610024,"PeeringDB, peeringdb.com/api"
1970,Robi,Dhaka,BD,Asia Pacific,0,0,0,23.780659,90.416609,"PeeringDB, peeringdb.com/api"
1972,LogInToUs  Inc.,Malone,US,North America,0,0,0,44.861059,-74.294006,"PeeringDB, peeringdb.com/api"
1974,Retelit Avalon 1,Milan,IT,Europe,137,6,11,45.477926,9.101999,"PeeringDB, peeringdb.com/api"
1976,MDC McAllen,McAllen,US,North America,29,1,2,26.201918,-98.231633,"PeeringDB, peeringdb.com/api"
1977,Laredo VTX,Laredo,US,North America,15,0,2,27.50656,-99.501483,"PeeringDB, peeringdb.com/api"
1978,Netrality St. Louis - 210 N Tucker,St. Louis,US,North America,41,4,3,38.629332,-90.197305,"PeeringDB, peeringdb.com/api"
1982,TATA Communications GK1,New Delhi,IN,Asia Pacific,63,6,2,,,"PeeringDB, peeringdb.com/api"
1983,Level(3) Nashville (9th Ave),Nashville,US,North America,1,0,1,36.189148,-86.804111,"PeeringDB, peeringdb.com/api"
1984,Azertelecom,Baku,AZ,Asia Pacific,2,0,0,40.416749,49.909371,"PeeringDB, peeringdb.com/api"
1985,KORE NAP,Mumbai,IN,Asia Pacific,0,0,0,,,"PeeringDB, peeringdb.com/api"
1986,AtlasEdge DC Stuttgart NB8,Stuttgart,DE,Europe,2,0,1,48.774973,9.176289,"PeeringDB, peeringdb.com/api"
1988,Equinix ME1/ME2 - Melbourne,Melbourne,AU,Australia,135,5,6,-37.821681,144.915458,"PeeringDB, peeringdb.com/api"
1993,Ibercom Madrid,Madrid,ES,Europe,3,0,0,40.513898,-3.673567,"PeeringDB, peeringdb.com/api"
1994,Ibercom San Sebastian,San Sebastián,ES,Europe,2,0,0,43.296669,-2.009168,"PeeringDB, peeringdb.com/api"
2000,Arelion Stuttgart SGRT/Z,Stuttgart,DE,Europe,9,1,5,48.708257,9.171464,"PeeringDB, peeringdb.com/api"
2001,Netorn LLC,Moscow,RU,Europe,1,0,0,,,"PeeringDB, peeringdb.com/api"
2002,GOLINE - Stabio,Stabio,CH,Europe,1,0,0,45.853466,8.948194,"PeeringDB, peeringdb.com/api"
2003,Netmagic Vikhroli,Mumbai,IN,Asia Pacific,21,0,0,19.108487,72.926288,"PeeringDB, peeringdb.com/api"
2006,Bharti Airtel Santhome,Chennai,IN,Asia Pacific,89,3,0,13.026469,80.27241,"PeeringDB, peeringdb.com/api"
2007,GNC-Alfa Armenia-Georgia Border Tashir,Tahir,AM,Asia Pacific,1,0,0,,,"PeeringDB, peeringdb.com/api"
2008,GNC-Alfa Armenia-Georgia Border Bagratashen,Bagratashen,AM,Asia Pacific,2,0,0,,,"PeeringDB, peeringdb.com/api"
2009,Brighton Digital Exchange BTN1,Brighton,GB,Europe,0,0,0,50.832243,-0.138645,"PeeringDB, peeringdb.com/api"
2010,Iron Mountain Data Center - Ohio (OHS-1),Miamisburg,US,North America,2,0,1,39.591093,-84.236385,"PeeringDB, peeringdb.com/api"
2011,Iron Mountain Data Center - New Jersey (NJE-1),Edison,US,North America,21,2,2,40.521083,-74.347384,"PeeringDB, peeringdb.com/api"
2013,Evocative Emeryville (EM1),Emeryville,US,North America,3,0,0,37.847054,-122.293028,"PeeringDB, peeringdb.com/api"
2014,365 Data Centers New York (NY10),New York,US,North America,10,0,0,40.707335,-74.012583,"PeeringDB, peeringdb.com/api"
2015,365 Data Centers Philadelphia (PH2),Philadelphia,US,North America,6,0,0,39.956611,-75.196511,"PeeringDB, peeringdb.com/api"
2018,Netrality - Indy Telcom Center - 701 W. Henry,Indianapolis,US,North America,21,2,1,39.759534,-86.170711,"PeeringDB, peeringdb.com/api"
2021,365 Data Centers Detroit (DT1),Southfield,US,North America,9,1,1,42.469879,-83.259651,"PeeringDB, peeringdb.com/api"
2022,AZRT Datacenter Baku,Baku,AZ,Asia Pacific,1,0,0,40.416749,49.909371,"PeeringDB, peeringdb.com/api"
2024,Datacom - Orbit Data Centre (Auckland),Auckland,NZ,Asia Pacific,23,3,0,-36.740554,174.728988,"PeeringDB, peeringdb.com/api"
2025,ROILCOM Ltd,Moscow,RU,Europe,0,0,0,,,"PeeringDB, peeringdb.com/api"
2026,Qonnected I (HDB01) - aka Ecostora,Hardenberg,NL,Europe,3,0,1,52.567834,6.621991,"PeeringDB, peeringdb.com/api"
2027,9 Leontovicha,Kyiv,UA,Europe,45,3,0,50.445102,30.510193,"PeeringDB, peeringdb.com/api"
2028,FLAG London,London,GB,Europe,0,0,0,,,"PeeringDB, peeringdb.com/api"
2031,SEACOM Mtunzini CLS,Mtunzini,ZA,Africa,2,0,1,-28.960238,31.758384,"PeeringDB, peeringdb.com/api"
2032,SEACOM Maputo CLS,Maputo,MZ,Africa,4,0,0,,,"PeeringDB, peeringdb.com/api"
2033,Wintek Corporation,Lafayette,US,North America,0,0,0,40.421474,-86.890366,"PeeringDB, peeringdb.com/api"
2034,NETRIX - MTP,Mount Prospect,US,North America,1,0,0,42.078163,-87.915633,"PeeringDB, peeringdb.com/api"
2035,NETRIX - ALSIP,Alsip,US,North America,1,0,0,41.662716,-87.746531,"PeeringDB, peeringdb.com/api"
2036,NETRIX - BBN,Bannockburn,US,North America,1,0,0,42.202902,-87.883783,"PeeringDB, peeringdb.com/api"
2037,ADC Mitchell,Mitchell,AU,Australia,1,0,0,-35.211332,149.146265,"PeeringDB, peeringdb.com/api"
2039,DataCenter TelVGG,Villa Gobernador Gálvez,AR,South America,1,0,0,-32.949077,-60.640479,"PeeringDB, peeringdb.com/api"
2041,AlpineDC,Lausanne,CH,Europe,4,1,0,46.517316,6.640031,"PeeringDB, peeringdb.com/api"
2046,Bharti Airtel Mumbai,Mumbai,IN,Asia Pacific,45,0,0,19.066874,72.835432,"PeeringDB, peeringdb.com/api"
2050,Orange Polska // Warszawa,Warsaw,PL,Europe,13,1,0,52.227433,21.008976,"PeeringDB, peeringdb.com/api"
2051,Orange Polska // Białystok,Białystok,PL,Europe,8,1,0,53.133716,23.165997,"PeeringDB, peeringdb.com/api"
2052,Orange Polska // Bydgoszcz,Bydgoszcz,PL,Europe,7,1,0,53.132007,18.029071,"PeeringDB, peeringdb.com/api"
2055,Orange Polska // Gdańsk,Gdansk,PL,Europe,6,1,0,54.377818,18.608418,"PeeringDB, peeringdb.com/api"
2056,Orange Polska // Katowice,Katowice,PL,Europe,7,1,0,50.244417,19.024686,"PeeringDB, peeringdb.com/api"
2057,Orange Polska // Kielce,Kielce,PL,Europe,4,1,0,,,"PeeringDB, peeringdb.com/api"
2058,Orange Polska // Kraków,Krakow,PL,Europe,7,1,0,50.072088,19.956126,"PeeringDB, peeringdb.com/api"
2059,Orange Polska // Lublin,Lublin,PL,Europe,9,1,0,,,"PeeringDB, peeringdb.com/api"
2060,Orange Polska // Łódź,Łódź,PL,Europe,5,1,0,51.769225,19.452131,"PeeringDB, peeringdb.com/api"
2061,Orange Polska // Olsztyn,Olsztyn,PL,Europe,4,1,0,53.741309,20.490974,"PeeringDB, peeringdb.com/api"
2062,Orange Polska // Poznań,Poznan,PL,Europe,5,1,0,52.409911,16.930076,"PeeringDB, peeringdb.com/api"
2063,Orange Polska // Rzeszów,Rzeszów,PL,Europe,5,1,0,,,"PeeringDB, peeringdb.com/api"
2064,Orange Polska // Szczecin,Szczecin,PL,Europe,4,1,0,,,"PeeringDB, peeringdb.com/api"
2065,Orange Polska // Wrocław,Wroclaw,PL,Europe,9,1,0,51.110238,17.04044,"PeeringDB, peeringdb.com/api"
2066,NorthC Groningen 1,Groningen,NL,Europe,9,1,2,53.207462,6.473715,"PeeringDB, peeringdb.com/api"
2068,DataBank Philadelphia (PHL1),Philadelphia,US,North America,5,0,0,39.959612,-75.161014,"PeeringDB, peeringdb.com/api"
2069,Datacom - Kapua Data Centre (Hamilton),Hamilton,NZ,Asia Pacific,22,0,0,-37.736322,175.221186,"PeeringDB, peeringdb.com/api"
2071,Pixel Factory Data Center,Ashland,US,North America,12,1,0,37.698641,-77.436436,"PeeringDB, peeringdb.com/api"
2072,NTT DOCOMO BUSINESS OS3 - Osaka (Telepark Dojima Building 3),Osaka,JP,Asia Pacific,14,1,0,34.694628,135.491429,"PeeringDB, peeringdb.com/api"
2073,EdgeConneX Boston (EDCBOS01),Billerica,US,North America,5,1,2,42.528505,-71.249495,"PeeringDB, peeringdb.com/api"
2074,EdgeConneX Tallahassee (EDCTAL01),Tallahassee,US,North America,3,0,0,30.471969,-84.353232,"PeeringDB, peeringdb.com/api"
2075,EdgeConneX Richmond (EDCRIC01),Richmond,US,North America,3,1,0,37.638915,-77.467703,"PeeringDB, peeringdb.com/api"
2076,EdgeConneX Jacksonville (EDCJAX01),Jacksonville,US,North America,6,0,0,30.254238,-81.604183,"PeeringDB, peeringdb.com/api"
2077,EdgeConneX Salt Lake City (EDCSLC01),Salt Lake City,US,North America,18,3,1,40.720873,-111.984927,"PeeringDB, peeringdb.com/api"
2078,EdgeConneX Seattle (EDCSEA01),Tukwila,US,North America,8,0,1,47.498209,-122.289962,"PeeringDB, peeringdb.com/api"
2080,Vanuatu Government Datacenter,Port Vila,VU,Asia Pacific,2,1,0,-17.755083,168.314934,"PeeringDB, peeringdb.com/api"
2082,FiberCloud-Westin1809,Seattle,US,North America,0,0,0,47.614358,-122.338864,"PeeringDB, peeringdb.com/api"
2083,FiberCloud-Westin3205,Seattle,US,North America,0,0,0,47.614358,-122.338864,"PeeringDB, peeringdb.com/api"
2084,123.NET - DC1 - 24700 Northwestern Hwy.,Southfield,US,North America,61,3,2,42.471634,-83.238056,"PeeringDB, peeringdb.com/api"
2085,Television Torrevieja CPD (TVT-CPD),Torrevieja,ES,Europe,1,0,0,37.97929,-0.686973,"PeeringDB, peeringdb.com/api"
2086,H5 Data Centers Tampa,Tampa,US,North America,30,2,3,27.949508,-82.458396,"PeeringDB, peeringdb.com/api"
2087,H5 Data Centers Buffalo III,Buffalo,US,North America,9,0,1,42.88427,-78.875707,"PeeringDB, peeringdb.com/api"
2090,LINX Wales - BT Stadium House,Cardiff,GB,Europe,2,0,0,51.478416,-3.180046,"PeeringDB, peeringdb.com/api"
2093,Cirion Santiago de Chile - SAN1,Santiago,CL,South America,67,4,3,-33.357991,-70.67626,"PeeringDB, peeringdb.com/api"
2094,2degrees Auckland - Northcote,Auckland,NZ,Asia Pacific,6,0,1,-36.793199,174.747094,"PeeringDB, peeringdb.com/api"
2096,TierPoint Hawthorne (fka Xand),Hawthorne,US,North America,5,1,0,41.088318,-73.815224,"PeeringDB, peeringdb.com/api"
2098,4 Data Center,Katowice,PL,Europe,285,7,2,50.253609,19.003115,"PeeringDB, peeringdb.com/api"
2099,Data Vault Auckland Data Center,Auckland,NZ,Asia Pacific,62,4,0,-36.863902,174.764518,"PeeringDB, peeringdb.com/api"
2100,Data Vault Hamilton Data Center,Hamilton,NZ,Asia Pacific,19,1,0,-37.741034,175.224733,"PeeringDB, peeringdb.com/api"
2106,Singapore Polytechnic,Singapore,SG,Asia Pacific,1,0,0,1.307923,103.779506,"PeeringDB, peeringdb.com/api"
2108,Nexeren CBZ,Cébazat,FR,Europe,2,0,0,45.831238,3.115058,"PeeringDB, peeringdb.com/api"
2111,Netrality Philadelphia - 401 N Broad,Philadelphia,US,North America,51,3,2,39.959889,-75.161752,"PeeringDB, peeringdb.com/api"
2112,833 Chestnut Street,Philadelphia,US,North America,0,0,0,39.949905,-75.154973,"PeeringDB, peeringdb.com/api"
2113,H5 Data Centers Philadelphia (PA01),Philadelphia,US,North America,5,0,1,39.962351,-75.163736,"PeeringDB, peeringdb.com/api"
2114,Pacheco Datacenter EZE1 Argentina Buenos Aires,Buenos Aires,AR,South America,42,2,5,-34.474561,-58.664522,"PeeringDB, peeringdb.com/api"
2115,O-NET ABOL1 CO,Olds,CA,North America,1,0,0,51.790478,-114.112421,"PeeringDB, peeringdb.com/api"
2117,ServerHouse P1,Fareham,GB,Europe,2,0,0,50.848112,-1.166397,"PeeringDB, peeringdb.com/api"
2118,EHOST,Dietlikon,CH,Europe,0,0,0,47.425491,8.613329,"PeeringDB, peeringdb.com/api"
2119,Cronomagic Canada Inc,Montreal,CA,North America,1,0,0,45.508927,-73.66144,"PeeringDB, peeringdb.com/api"
2120,Computer Concepts Limited (CCL) Christchurch DC,Christchurch,NZ,Asia Pacific,15,1,0,-43.546476,172.632978,"PeeringDB, peeringdb.com/api"
2121,Spark Wellington Central (Featherston),Wellington,NZ,Asia Pacific,22,1,1,-41.280572,174.778334,"PeeringDB, peeringdb.com/api"
2122,Revera Trethem,Wellington,NZ,Asia Pacific,6,1,0,,,"PeeringDB, peeringdb.com/api"
2123,Revera Show Place,Christchurch,NZ,Asia Pacific,2,0,0,-43.542343,172.603148,"PeeringDB, peeringdb.com/api"
2124,Teleporto Rio de Janeiro,Rio de Janeiro,BR,South America,73,1,3,-22.910096,-43.204392,"PeeringDB, peeringdb.com/api"
2125,Fregat,Dniepropetrovsk,UA,Europe,0,0,0,,,"PeeringDB, peeringdb.com/api"
2126,SD Data Center,Melbourne,US,North America,3,0,1,28.259162,-80.694858,"PeeringDB, peeringdb.com/api"
2127,Plan B Tarndale Grove,Auckland,NZ,Asia Pacific,3,0,0,-36.745787,174.702002,"PeeringDB, peeringdb.com/api"
2129,Internexa Santiago de Chile,Santiago de Chile,CL,South America,2,0,0,-33.431998,-70.602003,"PeeringDB, peeringdb.com/api"
2131,Edificio Transeletric,Quito,EC,South America,0,0,0,,,"PeeringDB, peeringdb.com/api"
2132,Edificio Transeletric Quito,Quito,EC,South America,0,0,0,,,"PeeringDB, peeringdb.com/api"
2133,Internexa Medellin Colombia,Medellin,CO,South America,8,0,0,6.18819,-75.558604,"PeeringDB, peeringdb.com/api"
2134,Internexa Cartagena Chambacu,Cartagena,CO,South America,3,0,0,10.416741,-75.541692,"PeeringDB, peeringdb.com/api"
2135,Internexa Bogota World Business Port,Bogota,CO,South America,5,0,0,,,"PeeringDB, peeringdb.com/api"
2136,Digital Realty Dublin DUB13-14,Dublin,IE,Europe,4,0,1,53.318675,-6.441368,"PeeringDB, peeringdb.com/api"
2137,Global Crossing Munich,Munich,DE,Europe,3,0,2,48.143033,11.555925,"PeeringDB, peeringdb.com/api"
2139,Plan B Tawa,Wellington,NZ,Asia Pacific,3,1,0,-41.169595,174.825314,"PeeringDB, peeringdb.com/api"
2140,Digital Fortress (SEA),Seattle,US,North America,8,0,0,47.617781,-122.356693,"PeeringDB, peeringdb.com/api"
2142,Digital Fortress (TUK),Tukwila,US,North America,11,1,1,47.494136,-122.29441,"PeeringDB, peeringdb.com/api"
2143,Internexa Lima San Juan,Lima,PE,South America,5,0,0,-12.179186,-76.974613,"PeeringDB, peeringdb.com/api"
2144,Internexa Lima Surco,Lima,PE,South America,4,0,0,-12.087361,-76.97314,"PeeringDB, peeringdb.com/api"
2145,SJU-01,San Juan,US,North America,1,0,0,,,"PeeringDB, peeringdb.com/api"
2146,Claro SJU-01,San Juan,PR,North America,0,0,1,18.415725,-66.097187,"PeeringDB, peeringdb.com/api"
2147,Vector Northcote (NTC),Auckland,NZ,Asia Pacific,4,0,0,-36.793469,174.747408,"PeeringDB, peeringdb.com/api"
2148,Albany Data Centre,Auckland,NZ,Asia Pacific,13,2,1,-36.74478,174.696796,"PeeringDB, peeringdb.com/api"
2149,Utande Internet Services,Harare,ZW,Africa,0,0,0,-17.827053,31.046017,"PeeringDB, peeringdb.com/api"
2150,Slovak University of Technology,Bratislava,SK,Europe,36,2,0,48.151421,17.112847,"PeeringDB, peeringdb.com/api"
2151,Technical University Košice,Košice,SK,Europe,3,1,0,48.73265,21.242394,"PeeringDB, peeringdb.com/api"
2152,Claro Puerto Rico,San Juan,PR,North America,3,0,1,18.416016,-66.078878,"PeeringDB, peeringdb.com/api"
2156,TierPoint Omaha - Midlands,Papillion,US,North America,4,0,1,41.134508,-96.039042,"PeeringDB, peeringdb.com/api"
2157,Flexential - Dallas/Downtown (DAL01),Dallas,US,North America,12,1,2,32.800748,-96.819412,"PeeringDB, peeringdb.com/api"
2159,Telecom House Kigali,Kigali,RW,Africa,8,1,0,,,"PeeringDB, peeringdb.com/api"
2161,Equinix DB4 - Dublin  Ballycoolin,Dublin,IE,Europe,16,2,1,53.411858,-6.351995,"PeeringDB, peeringdb.com/api"
2162,VeeTIME,Taipei,TW,Asia Pacific,0,0,0,,,"PeeringDB, peeringdb.com/api"
2163,Caduceus Datacentre,Wellington,NZ,Asia Pacific,1,0,0,-41.283637,174.776599,"PeeringDB, peeringdb.com/api"
2164,Citylink Classic House,Wellington,NZ,Asia Pacific,6,1,0,-41.274693,174.779137,"PeeringDB, peeringdb.com/api"
2165,NTT DOCOMO BUSINESS OS1 - Osaka (Telepark Dojima Building 1),Osaka-Shi Kita-Ku,JP,Asia Pacific,10,1,1,34.695664,135.491696,"PeeringDB, peeringdb.com/api"
2168,Midlands Technology Centre,Wolverhampton,GB,Europe,1,0,0,52.637244,-2.120423,"PeeringDB, peeringdb.com/api"
2169,Datacom - Gloucester Data Centre (Christchurch),Christchurch,NZ,Asia Pacific,7,0,0,-43.529429,172.631994,"PeeringDB, peeringdb.com/api"
2170,DCC Gaza,Gaza,PS,,1,0,0,,,"PeeringDB, peeringdb.com/api"
2171,Sampark,Mumbai,IN,Asia Pacific,0,0,0,19.118436,72.913693,"PeeringDB, peeringdb.com/api"
2172,xneelo JNB1 (Formerly Hetzner SA),Centurion,ZA,Africa,33,2,1,-25.927622,28.140755,"PeeringDB, peeringdb.com/api"
2173,201 Portage,Winnipeg,CA,North America,0,0,0,49.895732,-97.139307,"PeeringDB, peeringdb.com/api"
2174,Cabase BUE,Buenos Aires,AR,South America,159,1,9,-34.606739,-58.379375,"PeeringDB, peeringdb.com/api"
2175,ODC21 (IBM colocation site),Vienna,AT,Europe,7,0,1,48.270926,16.432897,"PeeringDB, peeringdb.com/api"
2176,Visual Online Contern,Contern,LU,Europe,1,0,1,49.595079,6.223371,"PeeringDB, peeringdb.com/api"
2177,intibu - istanbul,Istanbul,TR,Middle East,2,1,0,41.079645,29.007279,"PeeringDB, peeringdb.com/api"
2178,Corporation-Park,Hong Kong,HK,Asia Pacific,0,0,0,22.389739,114.207564,"PeeringDB, peeringdb.com/api"
2179,Ultranet SP1,São Paulo,BR,South America,1,0,0,-23.572415,-46.623074,"PeeringDB, peeringdb.com/api"
2180,CyrusOne NJ-1,Somerset,US,North America,3,0,1,40.538224,-74.546019,"PeeringDB, peeringdb.com/api"
2181,CyrusOne NC-1,Durham,US,North America,6,0,1,35.936339,-78.879943,"PeeringDB, peeringdb.com/api"
2185,Psychz Networks LAX1,Los Angeles,US,North America,9,0,0,34.048684,-118.257528,"PeeringDB, peeringdb.com/api"
2186,OODOO Communications,Chennai,IN,Asia Pacific,1,0,0,,,"PeeringDB, peeringdb.com/api"
2187,Prorental (Turi),Tallinn,EE,Europe,0,0,0,,,"PeeringDB, peeringdb.com/api"
2188,M247 Europe Bucharest,Bucharest,RO,Europe,14,3,0,44.478323,26.118016,"PeeringDB, peeringdb.com/api"
2190,230 Congress,Boston,US,North America,0,0,0,42.354552,-71.054087,"PeeringDB, peeringdb.com/api"
2191,Telco Center,Courbevoie,FR,Europe,12,0,2,48.90607,2.258464,"PeeringDB, peeringdb.com/api"
2192,Pulsant Reading SE-3 (South),Reading,GB,Europe,13,0,0,51.427755,-0.97925,"PeeringDB, peeringdb.com/api"
2195,DataSpace Moscow,Moscow,RU,Europe,19,4,0,55.720756,37.675157,"PeeringDB, peeringdb.com/api"
2198,DataBank Denver (DEN2),Centennial,US,North America,7,1,1,39.591303,-104.846748,"PeeringDB, peeringdb.com/api"
2199,Teletrans Datacenter,Bucharest,RO,Europe,5,2,0,44.434331,26.10737,"PeeringDB, peeringdb.com/api"
2201,Techno-Z,Salzburg,AT,Europe,18,1,3,47.822732,13.040322,"PeeringDB, peeringdb.com/api"
2204,Emit dc1-2,Salzburg,AT,Europe,2,0,1,47.822464,13.040524,"PeeringDB, peeringdb.com/api"
2206,Equinix TR2 - Toronto,Toronto,CA,North America,86,6,1,43.650854,-79.361951,"PeeringDB, peeringdb.com/api"
2213,One Albania,Tirana,AL,Europe,0,0,0,41.367987,19.703438,"PeeringDB, peeringdb.com/api"
2216,GTS,Dnipropetrovsk,UA,Europe,2,0,0,48.458917,35.05183,"PeeringDB, peeringdb.com/api"
2217,Root Data Center MTL-R1,Montreal,CA,North America,1,0,0,45.438899,-73.6437,"PeeringDB, peeringdb.com/api"
2220,kyberio GmbH,Hannover,DE,Europe,1,0,0,52.32856,9.783293,"PeeringDB, peeringdb.com/api"
2221,Flexential - Phoenix (PHX01),Phoenix,US,North America,4,2,1,33.684671,-112.098312,"PeeringDB, peeringdb.com/api"
2222,Telehouse Toronto (250 Front St West),Toronto,CA,North America,6,1,0,43.644748,-79.388702,"PeeringDB, peeringdb.com/api"
2223,PIX Samm Goiânia,Goiânia,BR,South America,13,1,0,-16.714319,-49.264947,"PeeringDB, peeringdb.com/api"
2224,dc6.cz,Prague,CZ,Europe,1,0,0,50.100862,14.341096,"PeeringDB, peeringdb.com/api"
2225,SoVerNet Burlington,Burlington,US,North America,1,0,0,44.479557,-73.213218,"PeeringDB, peeringdb.com/api"
2226,Datasfera,Dnipropetrovsk,UA,Europe,10,1,1,48.457303,35.052737,"PeeringDB, peeringdb.com/api"
2228,Metroptics Datacenter,Amiens,FR,Europe,0,0,0,49.881905,2.304642,"PeeringDB, peeringdb.com/api"
2229,Nasstar GBTEL01 Datapoint House,Telford,GB,Europe,2,0,0,52.718606,-2.482159,"PeeringDB, peeringdb.com/api"
2230,Entanet Telford DC3,Telford  Shropshire,GB,Europe,0,0,0,52.679153,-2.415104,"PeeringDB, peeringdb.com/api"
2231,NETWORK ACCESS POINT DEL CARIBE (PCSD),La Caleta,DO,North America,6,1,1,18.451241,-69.662709,"PeeringDB, peeringdb.com/api"
2240,Anura SA,Buenos Aires,AR,South America,1,0,0,-34.599241,-58.378326,"PeeringDB, peeringdb.com/api"
2242,Earth Station Usingen,Usingen/Neu-Anspach,DE,Europe,1,0,0,50.333485,8.480151,"PeeringDB, peeringdb.com/api"
2243,IIX-Riau,Kota Pekanbaru,ID,Asia Pacific,15,2,0,0.514108,101.433812,"PeeringDB, peeringdb.com/api"
2244,Stream Networks - Newbury,Newbury,GB,Europe,0,0,0,51.401257,-1.314798,"PeeringDB, peeringdb.com/api"
2248,Interconnect Services DC2 Eindhoven,Eindhoven,NL,Europe,8,1,5,51.442133,5.387401,"PeeringDB, peeringdb.com/api"
2249,Simply Bits DC1,Tucson,US,North America,2,0,0,32.205098,-110.956748,"PeeringDB, peeringdb.com/api"
2250,DataBank Boston (BOS1),Boston,US,North America,4,0,0,42.354699,-71.060271,"PeeringDB, peeringdb.com/api"
2251,Digital Realty BOS14 - Boston,Needham,US,North America,8,1,2,42.301316,-71.219029,"PeeringDB, peeringdb.com/api"
2260,Equinix SG3 - Singapore,Singapore,SG,Asia Pacific,187,7,8,1.29556,103.790346,"PeeringDB, peeringdb.com/api"
2261,Equinix DA6 - Dallas,Dallas,US,North America,81,6,6,32.800748,-96.819412,"PeeringDB, peeringdb.com/api"
2262,Equinix LD6 - London  Slough,Slough,GB,Europe,75,6,4,51.524335,-0.63804,"PeeringDB, peeringdb.com/api"
2263,CNI/ISC DC CBR,DKI Jakarta,ID,Asia Pacific,22,2,0,-6.238521,106.824291,"PeeringDB, peeringdb.com/api"
2267,Adaptivity Datacenter,Zlin,CZ,Europe,1,0,0,,,"PeeringDB, peeringdb.com/api"
2268,Colo@ (Buckhead),Atlanta,US,North America,0,0,0,33.83887,-84.372429,"PeeringDB, peeringdb.com/api"
2269,Atlanta Tech Village,Atlanta,US,North America,1,0,0,33.848673,-84.373313,"PeeringDB, peeringdb.com/api"
2270,GIP Plano,Plano,US,North America,5,0,1,33.012213,-96.683109,"PeeringDB, peeringdb.com/api"
2271,Eletronorte Brasilia,Brasília,BR,South America,8,0,0,-15.786671,-47.892954,"PeeringDB, peeringdb.com/api"
2272,G8 Teleporto Serra do Curral Belo Horizonte,Belo Horizonte,BR,South America,5,0,0,-19.941038,-43.933155,"PeeringDB, peeringdb.com/api"
2273,Rack and Data,Kitchener,CA,North America,2,0,0,43.423568,-80.473773,"PeeringDB, peeringdb.com/api"
2274,TDF Datacenter Aix Marseille,Les Milles,FR,Europe,6,0,0,43.460746,5.324426,"PeeringDB, peeringdb.com/api"
2275,DC2-Telemark,Rjukan,NO,Europe,1,0,0,59.881087,8.669416,"PeeringDB, peeringdb.com/api"
2276,Manitoba Hydro Telecom Data Centre,Winnipeg,CA,North America,6,1,0,49.892296,-97.146307,"PeeringDB, peeringdb.com/api"
2277,Datum,Farnborough,GB,Europe,11,0,0,51.279501,-0.792355,"PeeringDB, peeringdb.com/api"
2279,UFN Kearns,Salt Lake City,US,North America,3,0,0,40.766212,-111.891494,"PeeringDB, peeringdb.com/api"
2284,Vaultica Data Centers | STO01,Stockholm,SE,Europe,10,4,3,59.510103,17.897109,"PeeringDB, peeringdb.com/api"
2287,Kairaba Exchange  Serekunda,Serrekunda,GM,Africa,1,0,0,,,"PeeringDB, peeringdb.com/api"
2289,Vodafone Willsborough Industrial Estate,Dublin,IE,Europe,1,0,0,53.406419,-6.219909,"PeeringDB, peeringdb.com/api"
2291,TTC TELEPORT DC2,Prague,CZ,Europe,31,3,1,50.080497,14.521341,"PeeringDB, peeringdb.com/api"
2293,Synapsecom SNC-2 Athens,Athens,GR,Europe,10,0,1,,,"PeeringDB, peeringdb.com/api"
2299,FSIT Dietikon CH-DIE001,Dietikon,CH,Europe,1,0,0,47.419531,8.396352,"PeeringDB, peeringdb.com/api"
2301,Pacnet SEDS1,Seoul,KR,Asia Pacific,0,0,0,37.478879,127.007442,"PeeringDB, peeringdb.com/api"
2302,CyrusOne Sterling,Sterling,US,North America,9,2,2,39.025827,-77.41381,"PeeringDB, peeringdb.com/api"
2303,IDC Wanhouse,Aracaju,BR,South America,1,0,0,-10.951463,-37.06587,"PeeringDB, peeringdb.com/api"
2307,Datencenter 3 - Innsbruck,Innsbruck,AT,Europe,10,1,0,47.265059,11.435879,"PeeringDB, peeringdb.com/api"
2309,Datencenter 1 - Hall in Tirol,Hall in Tirol,AT,Europe,3,1,1,47.277933,11.50305,"PeeringDB, peeringdb.com/api"
2310,Equinix MB1 - Mumbai (GPX Mumbai 1),Mumbai,IN,Asia Pacific,256,7,3,19.113908,72.892742,"PeeringDB, peeringdb.com/api"
2311,Stream Data Centers - San Antonio II,San Antonio,US,North America,2,0,1,29.471741,-98.671576,"PeeringDB, peeringdb.com/api"
2313,RSA Dexter Avenue Datacenter,Montgomery,US,North America,11,1,1,32.37803,-86.303007,"PeeringDB, peeringdb.com/api"
2314,Smartdc Heerlen,Heerlen,NL,Europe,3,0,3,50.892834,5.972544,"PeeringDB, peeringdb.com/api"
2315,iseek Gore Hill Business Park,Artamon,AU,Australia,2,1,0,,,"PeeringDB, peeringdb.com/api"
2316,Colocity DC1,Adelaide,AU,Australia,5,0,1,-34.928703,138.605516,"PeeringDB, peeringdb.com/api"
2317,Access Digital Networks ADL1,Adelaide,AU,Australia,0,0,0,,,"PeeringDB, peeringdb.com/api"
2319,Nxtra Data Noida DC 2,Noida,IN,Asia Pacific,6,0,0,28.548464,77.402103,"PeeringDB, peeringdb.com/api"
2320,Gafachi 1 West Main Rochester,Rochester,US,North America,0,0,0,43.155428,-77.612713,"PeeringDB, peeringdb.com/api"
2325,Cologix MIN2,Minneapolis,US,North America,17,3,6,44.971385,-93.254494,"PeeringDB, peeringdb.com/api"
2326,ITENOS Stuttgart (STR1),Stuttgart,DE,Europe,1,0,1,48.721575,9.128656,"PeeringDB, peeringdb.com/api"
2327,ITENOS Düsseldorf (DUS1),Düsseldorf,DE,Europe,1,0,0,51.258617,6.798701,"PeeringDB, peeringdb.com/api"
2328,ITENOS Hamburg (HAM1),Hamburg,DE,Europe,2,0,1,53.54667,10.07693,"PeeringDB, peeringdb.com/api"
2330,MCN Le Lamentin,Le Lamentin,MQ,,5,0,0,,,"PeeringDB, peeringdb.com/api"
2331,CTM,Macau,MO,,2,0,0,,,"PeeringDB, peeringdb.com/api"
2333,Tampere Hallituskatu 14,Tampere,FI,Europe,15,1,4,61.496478,23.757183,"PeeringDB, peeringdb.com/api"
2334,GNU Cayenne Collery,Cayenne,GF,,6,0,0,4.900769,-52.327456,"PeeringDB, peeringdb.com/api"
2335,601 West 26th Street,New York,US,North America,2,0,0,,,"PeeringDB, peeringdb.com/api"
2338,Vaultas,Milwaukee,US,North America,0,0,0,43.044997,-87.910189,"PeeringDB, peeringdb.com/api"
2339,Verne Iceland,Reykjanesbær,IS,Europe,15,0,0,63.972036,-22.583679,"PeeringDB, peeringdb.com/api"
2340,Data Foundry Austin 1,Austin,US,North America,3,1,0,30.215259,-97.695071,"PeeringDB, peeringdb.com/api"
2341,Data Foundry Houston 1,Houston,US,North America,3,0,0,29.749429,-95.471792,"PeeringDB, peeringdb.com/api"
2342,Data Foundry Houston 2,Houston,US,North America,12,2,2,29.945145,-95.424212,"PeeringDB, peeringdb.com/api"
2343,Eircom Dublin (Clonshaugh),Dublin,IE,Europe,2,0,1,53.400983,-6.218081,"PeeringDB, peeringdb.com/api"
2344,MCX10,Hong Kong,HK,Asia Pacific,5,0,0,22.351845,114.123853,"PeeringDB, peeringdb.com/api"
2345,Chubb Buildings,Wolverhampton,GB,Europe,1,0,0,52.587498,-2.123162,"PeeringDB, peeringdb.com/api"
2346,Verizon OMX Lunda Stockholm,Spanga,SE,Europe,1,0,0,59.387758,17.886071,"PeeringDB, peeringdb.com/api"
2347,Datahouse Warsaw,Warsaw,PL,Europe,9,0,0,52.194664,20.925357,"PeeringDB, peeringdb.com/api"
2349,TriTech Center,Minneapolis,US,North America,2,0,0,44.97859,-93.266407,"PeeringDB, peeringdb.com/api"
2353,Teknotel - Ankara,Ankara,TR,Middle East,1,0,0,39.487559,32.870155,"PeeringDB, peeringdb.com/api"
2354,CyrusOne Austin (Met 3),Austin,US,North America,1,1,2,30.207107,-97.700668,"PeeringDB, peeringdb.com/api"
2355,CyrusOne Wappingers Falls,Wappingers Falls,US,North America,0,0,0,41.599043,-73.882221,"PeeringDB, peeringdb.com/api"
2356,CyrusOne Totowa,Totowa,US,North America,3,1,1,40.907217,-74.242258,"PeeringDB, peeringdb.com/api"
2357,CyrusOne Norwalk,Norwalk,US,North America,3,0,1,41.110989,-73.39827,"PeeringDB, peeringdb.com/api"
2360,LDeX2,Manchester,GB,Europe,10,1,0,53.466919,-2.294242,"PeeringDB, peeringdb.com/api"
2361,Equinix HK3 - Hong Kong,Tsuen Wan,HK,Asia Pacific,45,4,2,22.367791,114.11861,"PeeringDB, peeringdb.com/api"
2363,NTT Vienna1 Data Center (VIE1),Vienna,AT,Europe,47,1,5,48.158717,16.339338,"PeeringDB, peeringdb.com/api"
2365,QTS Richmond (RIC1),Sandston,US,North America,22,3,3,37.488073,-77.244177,"PeeringDB, peeringdb.com/api"
2367,Digital Realty Singapore SIN10,Singapore,SG,Asia Pacific,26,4,2,1.327759,103.746023,"PeeringDB, peeringdb.com/api"
2368,Cyber Data Center International Jakarta,Jakarta Selatan,ID,Asia Pacific,119,3,1,-6.238649,106.824078,"PeeringDB, peeringdb.com/api"
2374,Cologix TOR2,Toronto,CA,North America,12,3,0,43.641667,-79.412275,"PeeringDB, peeringdb.com/api"
2375,Cologix DAL1,Dallas,US,North America,24,2,2,32.800748,-96.819412,"PeeringDB, peeringdb.com/api"
2376,Cologix DAL2,Dallas,US,North America,10,2,2,32.800748,-96.819412,"PeeringDB, peeringdb.com/api"
2377,Cologix COL1,Columbus,US,North America,30,2,1,40.116491,-83.001985,"PeeringDB, peeringdb.com/api"
2378,Cologix COL2,Columbus,US,North America,25,2,2,40.116491,-83.001985,"PeeringDB, peeringdb.com/api"
2379,Cologix JAX2,Jacksonville,US,North America,6,0,1,30.273221,-81.613866,"PeeringDB, peeringdb.com/api"
2380,Cologix LAK1,Lakeland,US,North America,3,0,1,28.079624,-81.975179,"PeeringDB, peeringdb.com/api"
2381,Flexential - Cincinnati (CIN1/2),West Chester,US,North America,2,1,1,39.316449,-84.450172,"PeeringDB, peeringdb.com/api"
2382,MedOne PT1 (Petach Tikva),Petah Tikva,IL,Middle East,20,2,1,32.092304,34.858941,"PeeringDB, peeringdb.com/api"
2383,ATMAN Data Center Warsaw-2 (WAW-2  Konstruktorska 5),Warsaw,PL,Europe,65,8,2,52.184865,20.998078,"PeeringDB, peeringdb.com/api"
2384,aql DC5,Leeds,GB,Europe,7,0,1,53.785246,-1.544078,"PeeringDB, peeringdb.com/api"
2389,Spark Gisborne Exchange,Gisborne,NZ,Asia Pacific,2,0,0,-38.669171,178.027423,"PeeringDB, peeringdb.com/api"
2390,Spark Tauranga Exchange,Tauranga,NZ,Asia Pacific,12,0,0,,,"PeeringDB, peeringdb.com/api"
2391,Spark Hamilton Exchange,Hamilton,NZ,Asia Pacific,18,0,0,,,"PeeringDB, peeringdb.com/api"
2393,NIXVAL Datacenter,Paterna,ES,Europe,33,2,2,39.519555,-0.46719,"PeeringDB, peeringdb.com/api"
2395,Swisscom Savoie,Lausanne,CH,Europe,3,0,0,46.52049,6.623485,"PeeringDB, peeringdb.com/api"
2396,Goyeau Data Centre,Windsor,CA,North America,2,0,0,42.306627,-83.030265,"PeeringDB, peeringdb.com/api"
2398,Level(3) Charlotte,Charlotte,US,North America,0,0,1,35.17868,-80.928126,"PeeringDB, peeringdb.com/api"
2400,ERC Broadband,Asheville,US,North America,6,0,0,35.594066,-82.55792,"PeeringDB, peeringdb.com/api"
2401,AtlasEdge DC Stuttgart GRP10,Stuttgart,DE,Europe,3,1,3,48.738805,9.111434,"PeeringDB, peeringdb.com/api"
2404,DARZ,Darmstadt,DE,Europe,7,0,0,49.87706,8.6427,"PeeringDB, peeringdb.com/api"
2410,City of Calgary - City Hall,Calgary,CA,North America,4,1,0,51.04551,-114.056326,"PeeringDB, peeringdb.com/api"
2411,Sify Greenfort - Noida,Noida,IN,Asia Pacific,146,7,0,28.513835,77.37243,"PeeringDB, peeringdb.com/api"
2412,Hudson Interxchange - New York - 60 Hudson,New York,US,North America,3,0,1,,,"PeeringDB, peeringdb.com/api"
2414,Lightboard ★ Massachusetts,Springfield,US,North America,9,1,0,42.109443,-72.575141,"PeeringDB, peeringdb.com/api"
2416,Rack Lodge Data Center,San Jose,CR,North America,1,0,0,,,"PeeringDB, peeringdb.com/api"
2417,brightsolid Aberdeen Data Centre,Aberdeen,GB,Europe,5,0,0,,,"PeeringDB, peeringdb.com/api"
2418,Stack Infrastructure Portland PORO2,Hillsboro,US,North America,9,2,0,45.547403,-122.897906,"PeeringDB, peeringdb.com/api"
2422,Miran-1,Санкт-Петербург,RU,Europe,27,5,2,59.964973,30.341211,"PeeringDB, peeringdb.com/api"
2423,Openface DC2,Montreal,CA,North America,1,0,0,45.508948,-73.572188,"PeeringDB, peeringdb.com/api"
2424,Niss Broadband-Tirunelveli,Tirunelveli,IN,Asia Pacific,2,0,0,8.727028,77.736179,"PeeringDB, peeringdb.com/api"
2426,Niss Broadband-Chennai,Chennai,IN,Asia Pacific,2,0,0,,,"PeeringDB, peeringdb.com/api"
2427,EdgeConneX Santa Clara (EDCSVC01/EDCSVC02),Santa Clara,US,North America,7,1,1,37.36437,-121.958865,"PeeringDB, peeringdb.com/api"
2428,ChinaCache Atecsys Data Center,Beijing,CN,Asia Pacific,1,1,0,,,"PeeringDB, peeringdb.com/api"
2429,Ark Data Centres - Spring Park - SQ17  P1  P2  P3  P4  P5,Corsham,GB,Europe,7,0,0,51.419688,-2.215918,"PeeringDB, peeringdb.com/api"
2431,Blix CJH Oslo,Oslo,NO,Europe,8,0,1,59.916236,10.741799,"PeeringDB, peeringdb.com/api"
2432,DataSite  Boise,Boise,US,North America,0,0,0,43.606214,-116.303601,"PeeringDB, peeringdb.com/api"
2433,Lunavi - Westin1809,Seattle,US,North America,3,0,0,47.614347,-122.338883,"PeeringDB, peeringdb.com/api"
2434,Lunavi - Westin1969,Seattle,US,North America,1,0,0,47.614347,-122.338883,"PeeringDB, peeringdb.com/api"
2435,Lunavi - Westin3205,Seattle,US,North America,1,0,0,47.614347,-122.338883,"PeeringDB, peeringdb.com/api"
2437,Eurofiber Datacenter Rotterdam 2,Rotterdam,NL,Europe,39,5,9,51.930144,4.414046,"PeeringDB, peeringdb.com/api"
2438,Flexential - Denver/Aurora (DEN03),Aurora,US,North America,15,2,2,39.66107,-104.849813,"PeeringDB, peeringdb.com/api"
2439,Flexential - Denver/Englewood (DEN11),Englewood,US,North America,8,1,1,39.559047,-104.8386,"PeeringDB, peeringdb.com/api"
2440,Flexential - Minneapolis/Chaska (MSP01),Chaska,US,North America,6,0,1,44.851292,-93.599549,"PeeringDB, peeringdb.com/api"
2441,Flexential - Las Vegas/Downtown (LAS03),Las Vegas,US,North America,6,0,1,36.168644,-115.143561,"PeeringDB, peeringdb.com/api"
2442,Flexential - Las Vegas/Downtown (LAS05),Las Vegas,US,North America,2,0,0,36.168333,-115.143126,"PeeringDB, peeringdb.com/api"
2443,Flexential - Las Vegas/North (LAS04),North Las Vegas,US,North America,10,1,0,36.248009,-115.101272,"PeeringDB, peeringdb.com/api"
2444,Flexential - Portland/Hillsboro (PDX01),Hillsboro,US,North America,10,1,2,45.54845,-122.891445,"PeeringDB, peeringdb.com/api"
2445,Flexential - Salt Lake City/Downtown (SLC04),Salt Lake City,US,North America,25,3,1,40.756302,-111.954307,"PeeringDB, peeringdb.com/api"
2447,Flexential - Portland/Hillsboro 2 (PDX02),Hillsboro,US,North America,23,1,3,45.557854,-122.917023,"PeeringDB, peeringdb.com/api"
2449,Flexential - Denver/Centennial (DEN05),Centennial,US,North America,3,0,1,39.594144,-104.843142,"PeeringDB, peeringdb.com/api"
2450,Flexential - Denver/Downtown (DEN02),Denver,US,North America,5,0,0,39.745765,-104.994399,"PeeringDB, peeringdb.com/api"
2452,Flexential - Dallas/Richardson (RCH01),Richardson,US,North America,4,0,1,32.993304,-96.756242,"PeeringDB, peeringdb.com/api"
2454,Flexential - Salt Lake City/Lindon (SLC03),Lindon,US,North America,4,0,1,40.332493,-111.728052,"PeeringDB, peeringdb.com/api"
2455,Flexential - Salt Lake City/Cottonwood (SLC05),Salt Lake City,US,North America,1,0,0,40.634811,-111.805979,"PeeringDB, peeringdb.com/api"
2456,Flexential - Salt Lake City/Fairpark (SLC07),Salt Lake City,US,North America,3,0,1,40.766785,-111.920263,"PeeringDB, peeringdb.com/api"
2457,Flexential - Salt Lake City/South Valley (SLC09),West Jordan,US,North America,3,0,0,40.620556,-111.984644,"PeeringDB, peeringdb.com/api"
2458,Flexential - Salt Lake City/Millcreek (SLC10),Salt Lake City,US,North America,2,0,0,40.685494,-111.885063,"PeeringDB, peeringdb.com/api"
2464,Sify Airoli-DC- Mumbai,Mumbai,IN,Asia Pacific,27,2,1,19.168001,72.99936,"PeeringDB, peeringdb.com/api"
2465,Sify Rabale - Mumbai,Navi Mumbai,IN,Asia Pacific,50,4,0,,,"PeeringDB, peeringdb.com/api"
2466,Sify Vashi - Mumbai,Navi Mumbai,IN,Asia Pacific,15,2,0,,,"PeeringDB, peeringdb.com/api"
2467,Sify ITPL - Bangalore,Bangalore,IN,Asia Pacific,13,2,0,,,"PeeringDB, peeringdb.com/api"
2468,Sify Tidel-DC- Chennai,Chennai,IN,Asia Pacific,60,4,0,12.989642,80.248491,"PeeringDB, peeringdb.com/api"
2469,DataBank Dallas (DFW5),Dallas,US,North America,17,2,0,32.800748,-96.819412,"PeeringDB, peeringdb.com/api"
2470,6NGIX,Seoul,KR,Asia Pacific,1,0,0,,,"PeeringDB, peeringdb.com/api"
2473,Equinix ME4 - Melbourne  Derrimut (formerly Metronode Melbourne 2),Derrimut,AU,Australia,5,1,1,-37.788296,144.784854,"PeeringDB, peeringdb.com/api"
2474,Equinix SY6 - Sydney (formerly Metronode Sydney 2),Silverwater,AU,Australia,16,3,1,-33.836684,151.053282,"PeeringDB, peeringdb.com/api"
2477,SerinIX Kiev (KV01),Kyiv,UA,Europe,3,0,0,,,"PeeringDB, peeringdb.com/api"
2478,SerinIX Kiev (KV02),Kyiv,UA,Europe,2,0,0,50.447913,30.425221,"PeeringDB, peeringdb.com/api"
2479,SerinIX Lvov (LV01),Lvov,UA,Europe,4,0,0,49.859853,24.02408,"PeeringDB, peeringdb.com/api"
2480,SerinIX Dnepropetrovsk (DK01),Dnepropetrovsk,UA,Europe,1,0,0,48.464385,35.043855,"PeeringDB, peeringdb.com/api"
2482,ISL IDC,Hong Kong,HK,Asia Pacific,1,0,0,22.364826,114.134553,"PeeringDB, peeringdb.com/api"
2488,System-Net HDC 1,Saint Aunes,FR,Europe,2,0,1,43.64844,3.970954,"PeeringDB, peeringdb.com/api"
2490,Poznań University of Economics,Poznan,PL,Europe,7,2,0,,,"PeeringDB, peeringdb.com/api"
2491,kt cloud Mokdong(MD2),Yangcheon-gu,KR,Asia Pacific,6,1,1,37.530529,126.876171,"PeeringDB, peeringdb.com/api"
2492,Poznań City Stadium,Poznan,PL,Europe,4,1,0,,,"PeeringDB, peeringdb.com/api"
2493,Talex,Poznan,PL,Europe,7,1,1,52.443779,16.958575,"PeeringDB, peeringdb.com/api"
2494,Poznan Supercomputing and Networking Center,Poznan,PL,Europe,9,2,0,52.411831,16.916251,"PeeringDB, peeringdb.com/api"
2495,St.Dominic Monastery,Poznan,PL,Europe,0,1,0,52.411442,16.920731,"PeeringDB, peeringdb.com/api"
2497,Nxtra Data Chennai DC 1,Chennai,IN,Asia Pacific,19,2,0,12.84513,80.218906,"PeeringDB, peeringdb.com/api"
2498,Nxtra Data Mumbai DC 2,Mumbai,IN,Asia Pacific,9,1,0,19.113735,72.893657,"PeeringDB, peeringdb.com/api"
2499,Nxtra Data Manesar DC 1,Gurgaon,IN,Asia Pacific,8,0,0,28.378818,76.901561,"PeeringDB, peeringdb.com/api"
2500,Nxtra Data Bangalore DC 1,Bangalore,IN,Asia Pacific,16,3,0,12.979886,77.725227,"PeeringDB, peeringdb.com/api"
2501,Nxtra Data Pune DC 1,Pune,IN,Asia Pacific,2,0,0,18.552334,73.961354,"PeeringDB, peeringdb.com/api"
2503,KWN-IXP-MXN-PUE,Puebla,MX,North America,0,0,0,,,"PeeringDB, peeringdb.com/api"
2504,Sirius Technology DC - Quarrata,Quarrata,IT,Europe,1,0,0,43.838559,10.974568,"PeeringDB, peeringdb.com/api"
2506,SouthTech Telecom - Porto Alegre,Porto Alegre,BR,South America,4,1,0,-30.030376,-51.235574,"PeeringDB, peeringdb.com/api"
2508,Cologix NNJ2,Cedar Knolls,US,North America,3,0,0,40.831821,-74.448794,"PeeringDB, peeringdb.com/api"
2509,Cologix NNJ3,Parsippany,US,North America,7,0,2,40.857084,-74.418907,"PeeringDB, peeringdb.com/api"
2510,EOT Exchange,Szczecin,PL,Europe,0,0,0,53.460027,14.589515,"PeeringDB, peeringdb.com/api"
2511,Alpheus Austin (1905 E. 6th Street),Austin,US,North America,2,0,1,30.261059,-97.722123,"PeeringDB, peeringdb.com/api"
2512,HostExpress ADL1,Adelaide,AU,Australia,2,0,0,-34.927233,138.594121,"PeeringDB, peeringdb.com/api"
2513,Syncom S4,St Leonards,AU,Australia,3,0,0,-33.81615,151.192317,"PeeringDB, peeringdb.com/api"
2514,Syncom B1,Milton,AU,Australia,2,0,0,-27.465728,153.006034,"PeeringDB, peeringdb.com/api"
2515,MedNautilus Istanbul,Istanbul,TR,Middle East,50,4,3,40.993555,28.827056,"PeeringDB, peeringdb.com/api"
2516,Equinix HE6 - Helsinki  Sinimäki,Espoo,FI,Europe,25,3,9,60.203031,24.777861,"PeeringDB, peeringdb.com/api"
2519,Voonami SLC2,West Valley City,US,North America,4,1,0,40.720873,-111.984927,"PeeringDB, peeringdb.com/api"
2520,Voonami SLC1,Orem,US,North America,1,0,0,40.326235,-111.681642,"PeeringDB, peeringdb.com/api"
2523,Edificio Tecnico Comteco,Cochabamba,BO,South America,1,0,0,-17.383371,-66.158836,"PeeringDB, peeringdb.com/api"
2525,Balticom Datacenter,Riga,LV,Europe,1,0,0,,,"PeeringDB, peeringdb.com/api"
2526,DRFortress HNL,Honolulu,US,North America,26,1,0,21.335678,-157.917855,"PeeringDB, peeringdb.com/api"
2528,MEGA Two (iAdvantage Hong Kong),Hong Kong,HK,Asia Pacific,36,2,0,22.397928,114.190485,"PeeringDB, peeringdb.com/api"
2529,Smart Telecom Telecomunicações LTDA,São Paulo,BR,South America,3,0,0,-23.574127,-46.640383,"PeeringDB, peeringdb.com/api"
2530,ACT Cheyenne,Cheyenne,US,North America,6,0,0,41.131025,-104.900887,"PeeringDB, peeringdb.com/api"
2531,ACT Chugwater,Chugwater,US,North America,2,0,0,,,"PeeringDB, peeringdb.com/api"
2532,ACT Wheatland,Wheatland,US,North America,1,0,0,42.045087,-104.963884,"PeeringDB, peeringdb.com/api"
2533,ACT Douglas,Douglas,US,North America,2,0,0,42.734225,-105.338279,"PeeringDB, peeringdb.com/api"
2534,ACT Casper,Casper,US,North America,2,0,0,42.852917,-106.319088,"PeeringDB, peeringdb.com/api"
2535,ACT Riverton,Riverton,US,North America,1,0,0,43.023952,-108.3816,"PeeringDB, peeringdb.com/api"
2536,ACT Gillette,Gillette,US,North America,1,0,0,44.246829,-105.504717,"PeeringDB, peeringdb.com/api"
2537,ACT Buffalo,Buffalo,US,North America,1,0,0,44.354194,-106.696638,"PeeringDB, peeringdb.com/api"
2538,ACT Sheridan,Sheridan,US,North America,1,0,0,44.797251,-106.955883,"PeeringDB, peeringdb.com/api"
2539,ACT Colstrip,Colstrip,US,North America,1,0,0,45.89347,-106.618344,"PeeringDB, peeringdb.com/api"
2540,Troll Housing,Eide,NO,Europe,1,0,0,,,"PeeringDB, peeringdb.com/api"
2541,Equinix TR4 - Toronto (formerly Q9 Toronto 2/3/4),Toronto,CA,North America,4,1,0,43.64678,-79.382225,"PeeringDB, peeringdb.com/api"
2542,Digital Realty SJC (2805 Lafayette),Santa Clara,US,North America,4,1,1,37.372597,-121.947955,"PeeringDB, peeringdb.com/api"
2544,Linkfull Rio de Janeiro,Rio de Janeiro,BR,South America,6,1,0,-22.910131,-43.204381,"PeeringDB, peeringdb.com/api"
2547,Digital Realty LAX (2260 E El Segundo),El Segundo,US,North America,8,1,1,33.915663,-118.384725,"PeeringDB, peeringdb.com/api"
2551,Moresi.com SA Data Center,Melano,CH,Europe,1,0,0,45.93245,8.974736,"PeeringDB, peeringdb.com/api"
2552,Bancadati.ch SA Data Center,Manno,CH,Europe,3,1,0,46.023502,8.917269,"PeeringDB, peeringdb.com/api"
2553,325 Delaware Ave,Buffalo,US,North America,3,0,0,42.893011,-78.875279,"PeeringDB, peeringdb.com/api"
2559,Miran-2,St. Petersburg,RU,Europe,17,1,2,59.963075,30.341896,"PeeringDB, peeringdb.com/api"
2569,Affarsverken Karlskrona,Karlskrona,SE,Europe,2,0,0,56.166312,15.588728,"PeeringDB, peeringdb.com/api"
2570,ATMAN Data Center Warsaw-1 (WAW-1  Grochowska 21A),Warsaw,PL,Europe,41,6,2,52.234782,21.122584,"PeeringDB, peeringdb.com/api"
2571,Forsythe Data Centers,Elk Grove Village,US,North America,0,0,0,42.00687,-87.96457,"PeeringDB, peeringdb.com/api"
2572,Columbia County Community Broadband Utility,Evans,US,North America,2,0,0,33.545316,-82.135633,"PeeringDB, peeringdb.com/api"
2574,Retelit S.p.A. Torino,Turin,IT,Europe,5,0,1,45.091322,7.661619,"PeeringDB, peeringdb.com/api"
2577,HOSTOWEB CASA#1,Casablanca,MA,Africa,2,0,0,,,"PeeringDB, peeringdb.com/api"
2578,Equinix DA2 - Dallas,Dallas,US,North America,47,5,6,32.800955,-96.81955,"PeeringDB, peeringdb.com/api"
2579,Equinix DA7 - Dallas,Plano,US,North America,6,3,3,33.064858,-96.810993,"PeeringDB, peeringdb.com/api"
2580,PLANET IC V (Schwerin),Schwerin,DE,Europe,1,0,0,53.598845,11.421519,"PeeringDB, peeringdb.com/api"
2582,Equinix TR7 - Toronto  Brampton (formerly Q9 Brampton 4/5),Brampton,CA,North America,1,0,0,43.744913,-79.71779,"PeeringDB, peeringdb.com/api"
2584,Equinix TR6 - Toronto  Brampton (formerly Q9 Brampton 1/2/3),Brampton,CA,North America,3,0,0,43.744509,-79.71627,"PeeringDB, peeringdb.com/api"
2591,Centersquare Chicago (ORD1),Chicago,US,North America,6,1,0,41.85365,-87.618342,"PeeringDB, peeringdb.com/api"
2593,Centersquare Chicago (ORD2),Elk Grove Village,US,North America,8,1,1,41.99209,-87.958015,"PeeringDB, peeringdb.com/api"
2594,Centersquare Columbus (CMH1),Lewis Center,US,North America,5,0,1,40.16884,-83.010799,"PeeringDB, peeringdb.com/api"
2596,Centersquare Northern Virginia (IAD1-A/F),Sterling,US,North America,10,0,1,39.023339,-77.413194,"PeeringDB, peeringdb.com/api"
2600,EdgeConneX Madison (EDCMAD01),Madison,US,North America,4,0,2,43.04802,-89.297331,"PeeringDB, peeringdb.com/api"
2601,EdgeConneX Minneapolis (EDCMSP01),Eden Prairie,US,North America,5,0,1,44.878844,-93.404156,"PeeringDB, peeringdb.com/api"
2602,EdgeConneX Amsterdam (EDCAMS01),Amsterdam,NL,Europe,6,1,5,52.286093,4.768444,"PeeringDB, peeringdb.com/api"
2604,Firstheberg,Valenciennes,FR,Europe,0,0,0,50.370134,3.521853,"PeeringDB, peeringdb.com/api"
2609,COLT DC Tokyo I,Tokyo,JP,Asia Pacific,5,0,1,,,"PeeringDB, peeringdb.com/api"
2615,Centersquare Northern Virginia (IAD1-C/E),Sterling,US,North America,3,0,2,39.025283,-77.413213,"PeeringDB, peeringdb.com/api"
2616,Centersquare Northern Virginia (IAD2),Sterling,US,North America,4,1,2,38.984122,-77.423889,"PeeringDB, peeringdb.com/api"
2618,Centersquare Northern Virginia (IAD3),Sterling,US,North America,6,1,1,38.980226,-77.443486,"PeeringDB, peeringdb.com/api"
2619,Centersquare Dallas (DFW1),Fort Worth,US,North America,6,1,2,32.832607,-97.040726,"PeeringDB, peeringdb.com/api"
2621,Centersquare Denver (DEN1),Highlands Ranch,US,North America,8,2,0,39.550215,-105.033374,"PeeringDB, peeringdb.com/api"
2623,Centersquare Denver (DEN2),Englewood,US,North America,2,0,0,39.560863,-104.830727,"PeeringDB, peeringdb.com/api"
2628,Centersquare London (LHR2),London,GB,Europe,5,0,1,51.494704,-0.018699,"PeeringDB, peeringdb.com/api"
2631,Centersquare London (LHR3),Wokingham,GB,Europe,5,0,0,51.439042,-0.881352,"PeeringDB, peeringdb.com/api"
2633,Centersquare Minneapolis (MSP1),Shakopee,US,North America,2,0,0,44.778828,-93.461982,"PeeringDB, peeringdb.com/api"
2636,Centersquare New Jersey (EWR2),Weehawken,US,North America,10,1,0,40.76218,-74.024685,"PeeringDB, peeringdb.com/api"
2638,Centersquare New Jersey (EWR3),Piscataway,US,North America,2,1,0,40.554537,-74.4569,"PeeringDB, peeringdb.com/api"
2641,Centersquare Los Angeles (LAX3),Irvine,US,North America,13,1,1,33.687339,-117.848727,"PeeringDB, peeringdb.com/api"
2642,Centersquare Phoenix (PHX1),Phoenix,US,North America,8,2,0,33.454411,-111.976435,"PeeringDB, peeringdb.com/api"
2643,Centersquare Silicon Valley (SFO1),Santa Clara,US,North America,4,1,1,37.371485,-121.969739,"PeeringDB, peeringdb.com/api"
2645,Centersquare Silicon Valley (SFO2),Santa Clara,US,North America,7,1,0,37.398632,-121.980961,"PeeringDB, peeringdb.com/api"
2647,Centersquare Seattle (SEA1-B),Tukwila,US,North America,5,2,0,47.491883,-122.289792,"PeeringDB, peeringdb.com/api"
2653,Centersquare Silicon Valley (SFO3),Sunnyvale,US,North America,2,0,1,37.372078,-121.986073,"PeeringDB, peeringdb.com/api"
2655,Centersquare Tampa (TPA1),Tampa,US,North America,1,0,1,27.945324,-82.351199,"PeeringDB, peeringdb.com/api"
2657,Centersquare Toronto (YYZ1),Mississauga,CA,North America,3,1,0,43.595054,-79.754301,"PeeringDB, peeringdb.com/api"
2658,Centersquare Toronto (YYZ2),Markham,CA,North America,3,1,0,43.839127,-79.316434,"PeeringDB, peeringdb.com/api"
2663,ColocationIX DC2,Bremen,DE,Europe,1,0,0,53.093516,8.790259,"PeeringDB, peeringdb.com/api"
2664,ColocationIX DC3,Bremen,DE,Europe,1,0,0,53.093516,8.790259,"PeeringDB, peeringdb.com/api"
2665,ColocationIX DC4,Bremen,DE,Europe,1,0,0,53.093516,8.790259,"PeeringDB, peeringdb.com/api"
2666,Over the Wire - 100 Wickham,Brisbane,AU,Australia,9,1,0,-27.459649,153.03099,"PeeringDB, peeringdb.com/api"
2667,HTNet,Kanazawa City,JP,Asia Pacific,0,0,0,,,"PeeringDB, peeringdb.com/api"
2670,Cogent Frankfurt,Frankfurt,DE,Europe,15,0,0,50.081342,8.627199,"PeeringDB, peeringdb.com/api"
2671,ColocationIX DC1,Bremen,DE,Europe,1,0,0,53.07441,8.80656,"PeeringDB, peeringdb.com/api"
2672,Nusantara Data Center - Jakarta,Jakarta,ID,Asia Pacific,17,1,0,-6.215262,106.862581,"PeeringDB, peeringdb.com/api"
2673,Nusantara Data Center - Medan,Medan,ID,Asia Pacific,13,1,0,3.585095,98.653311,"PeeringDB, peeringdb.com/api"
2674,Nusantara Data Center - Batam,Batu Besar,ID,Asia Pacific,14,2,0,1.295419,103.858478,"PeeringDB, peeringdb.com/api"
2675,Nusantara Data Center - Palembang,Palembang,ID,Asia Pacific,10,1,0,-2.949704,104.730769,"PeeringDB, peeringdb.com/api"
2676,Nusantara Data Center - Surabaya,Surabaya,ID,Asia Pacific,2,1,0,-7.315093,112.765026,"PeeringDB, peeringdb.com/api"
2677,Nusantara Data Center - Bali,Bali,ID,Asia Pacific,33,3,1,-8.636718,115.183683,"PeeringDB, peeringdb.com/api"
2682,Custodian CDC Maidstone 1,Maidstone,GB,Europe,10,0,0,51.279882,0.549373,"PeeringDB, peeringdb.com/api"
2683,CSD Network Services Ltd,Braintree,GB,Europe,0,0,0,51.873218,0.509738,"PeeringDB, peeringdb.com/api"
2686,Dataverge,Brooklyn,US,North America,20,3,0,40.657808,-74.004881,"PeeringDB, peeringdb.com/api"
2687,Daticum Datacenter,Sofia,BG,Europe,6,0,0,42.654081,23.390383,"PeeringDB, peeringdb.com/api"
2690,PGNet Provedor,Joao Pessoa,BR,South America,0,0,0,-7.119678,-34.883987,"PeeringDB, peeringdb.com/api"
2693,Webmasters Maputo,Maputo,MZ,Africa,0,0,0,-25.943534,32.589456,"PeeringDB, peeringdb.com/api"
2696,Tech Futures YVR1,Vancouver,CA,North America,11,4,0,49.259393,-123.029619,"PeeringDB, peeringdb.com/api"
2703,Betech Solution,Gellainville Cedex,FR,Europe,0,0,0,,,"PeeringDB, peeringdb.com/api"
2708,TURBOZONE FEC01,Feira De Santana,BR,South America,1,0,1,-12.239827,-38.973899,"PeeringDB, peeringdb.com/api"
2713,HOSTOWEB DATA CENTER FEZ#1,Fez,MA,Africa,2,1,0,34.037123,-4.999688,"PeeringDB, peeringdb.com/api"
2714,Awan Media Semesta,Jakarta Selatan,ID,Asia Pacific,0,0,0,-6.238649,106.824078,"PeeringDB, peeringdb.com/api"
2720,Vaultica Data Centers | MIL01,Siziano,IT,Europe,31,1,3,45.3313,9.206011,"PeeringDB, peeringdb.com/api"
2726,Elektrizitäts- und Wasserwerk der Stadt Buchs,Buchs SG,CH,Europe,0,0,0,47.165135,9.472488,"PeeringDB, peeringdb.com/api"
2729,Pskovline LTD,Pskov,RU,Europe,0,0,0,,,"PeeringDB, peeringdb.com/api"
2732,Data Center ASAP SP1,São Paulo,BR,South America,11,1,0,-23.678168,-46.699025,"PeeringDB, peeringdb.com/api"
2733,NP Belle Plaine (MSP1),Belle Plaine,US,North America,4,0,0,44.624122,-93.778109,"PeeringDB, peeringdb.com/api"
2734,Enable Networks Hornby POI,Christchurch,NZ,Asia Pacific,6,0,0,-43.538834,172.555049,"PeeringDB, peeringdb.com/api"
2736,Global Village Telecom,Curitiba,BR,South America,1,0,0,-25.435845,-49.267985,"PeeringDB, peeringdb.com/api"
2738,Txfiber,Taquarituba,BR,South America,0,0,0,-23.534214,-49.244649,"PeeringDB, peeringdb.com/api"
2741,MENGINE,Sartrouville,FR,Europe,0,0,0,48.942653,2.184571,"PeeringDB, peeringdb.com/api"
2742,LES.NET YWG2,Winnipeg,CA,North America,7,1,0,49.893607,-97.14294,"PeeringDB, peeringdb.com/api"
2745,Bahnhof Sparven,Malmö,SE,Europe,1,0,1,55.60006,13.002894,"PeeringDB, peeringdb.com/api"
2750,VITRO Makati 1 - Yuchengco Tower,Makati,PH,Asia Pacific,41,5,2,14.560837,121.016635,"PeeringDB, peeringdb.com/api"
2751,TNG DataCentre Kiel - HQ,Kiel,DE,Europe,1,0,0,54.365703,10.107111,"PeeringDB, peeringdb.com/api"
2754,I-Evolve Technology Datacenter Amherst,Amherst,US,North America,2,0,0,43.018107,-78.784612,"PeeringDB, peeringdb.com/api"
2756,Lowest Host/Empire Technology,Salt Lake City,US,North America,0,0,0,40.7997,-111.946913,"PeeringDB, peeringdb.com/api"
2762,CoreSite - Santa Clara (SV3),Santa Clara,US,North America,4,2,1,37.374919,-121.970216,"PeeringDB, peeringdb.com/api"
2763,CoreSite - Reston (VA2),Reston,US,North America,22,3,2,38.948974,-77.364545,"PeeringDB, peeringdb.com/api"
2764,AL-MARAJ AL-ALAMIYA Co.,Baghdad,IQ,Middle East,0,0,0,,,"PeeringDB, peeringdb.com/api"
2769,BigOne Innovation Park,Guangzhou,CN,Asia Pacific,0,1,0,,,"PeeringDB, peeringdb.com/api"
2770,Ascent - CH2,Northlake,US,North America,2,0,0,41.920029,-87.912164,"PeeringDB, peeringdb.com/api"
2771,Netia Data Center HEART,Warsaw,PL,Europe,9,0,1,52.153999,21.012458,"PeeringDB, peeringdb.com/api"
2779,TiS-Dialog LLC,Kaliningrad,RU,Europe,1,0,0,54.710229,20.5172,"PeeringDB, peeringdb.com/api"
2781,MultaCom Main,Los Angeles,US,North America,3,0,0,34.049219,-118.257002,"PeeringDB, peeringdb.com/api"
2782,Multacom One Wilshire,Los Angeles,US,North America,1,0,0,34.047942,-118.255564,"PeeringDB, peeringdb.com/api"
2783,Multacom Telecom Center,Los Angeles,US,North America,1,0,0,34.048428,-118.255186,"PeeringDB, peeringdb.com/api"
2793,NetSolus Inc,Kansas City,US,North America,1,0,0,39.101274,-94.578821,"PeeringDB, peeringdb.com/api"
2798,senseLAN D01,Duedingen,CH,Europe,3,0,0,46.845137,7.191204,"PeeringDB, peeringdb.com/api"
2800,Cologix MTL4,Montreal,CA,North America,4,0,0,45.598912,-73.569615,"PeeringDB, peeringdb.com/api"
2807,DC01 -Baltic Creative,Liverpool,GB,Europe,0,4,0,53.395362,-2.980006,"PeeringDB, peeringdb.com/api"
2812,Ascenty CPS01 - Campinas,Campinas,BR,South America,33,1,1,-22.850918,-47.154706,"PeeringDB, peeringdb.com/api"
2815,SunNetwork DataCenter (HK1),Kwai Chung,HK,Asia Pacific,1,0,0,22.37021,114.13028,"PeeringDB, peeringdb.com/api"
2816,SunNetwork DataCenter (HK2),Sha Tin,HK,Asia Pacific,1,0,0,22.384465,114.206184,"PeeringDB, peeringdb.com/api"
2821,Capital Online Zhao Wei Datacenter,Beijing,CN,Asia Pacific,2,0,0,39.973926,116.492874,"PeeringDB, peeringdb.com/api"
2822,Capital Online Yang Qiao Datacenter,Beijing,CN,Asia Pacific,1,0,0,39.841501,116.388092,"PeeringDB, peeringdb.com/api"
2823,Capital Online Shang Di Datacenter,Beijing,CN,Asia Pacific,1,0,0,40.055244,116.300977,"PeeringDB, peeringdb.com/api"
2824,Capital Online Ma Ju Qiao Datacenter,Beijing,CN,Asia Pacific,1,0,0,,,"PeeringDB, peeringdb.com/api"
2827,Sigma DC3,Carquefou,FR,Europe,0,0,0,47.277659,-1.469403,"PeeringDB, peeringdb.com/api"
2830,ISP PODRYAD,Vladivostok,RU,Europe,0,0,0,43.130808,131.921795,"PeeringDB, peeringdb.com/api"
2831,NTT Frankfurt 3 Data Center (FRA3),Rüsselsheim,DE,Europe,14,0,3,49.97472,8.450269,"PeeringDB, peeringdb.com/api"
2832,NTT Frankfurt 2 Data Center (FRA2),Frankfurt,DE,Europe,15,1,3,50.12082,8.738529,"PeeringDB, peeringdb.com/api"
2834,SYS4NET DATACENTER,Alcantarilla,ES,Europe,6,0,0,37.958679,-1.194223,"PeeringDB, peeringdb.com/api"
2835,SDN Communications Campus Sioux Falls South Dakota,Sioux Falls,US,North America,3,0,3,43.546529,-96.764101,"PeeringDB, peeringdb.com/api"
2836,SDN Communication Mark Shlanta Technology Park,Sioux Falls,US,North America,4,0,2,43.605177,-96.808315,"PeeringDB, peeringdb.com/api"
2840,NEX Datacenter (NEX-JK1) Jakarta,Jakarta Selatan,ID,Asia Pacific,18,1,1,-6.22642,106.832439,"PeeringDB, peeringdb.com/api"
2851,Fundacao Parque Tecnologico Itaipu - Brasil,Foz do Iguacu,BR,South America,4,1,0,-25.446945,-54.585134,"PeeringDB, peeringdb.com/api"
2853,BESTNAP,Austin,US,North America,0,0,0,30.273541,-97.742944,"PeeringDB, peeringdb.com/api"
2860,FCCN Lisbon - SE06,Lisbon,PT,Europe,11,2,0,38.756444,-9.146581,"PeeringDB, peeringdb.com/api"
2861,Evocative DA4,Dallas,US,North America,41,4,2,32.837967,-96.878307,"PeeringDB, peeringdb.com/api"
2873,H5 Data Centers Silicon Valley,Sunnyvale,US,North America,8,2,1,37.372036,-121.987545,"PeeringDB, peeringdb.com/api"
2875,Εθνικό Ίδρυμα Ερευνών / National Hellenic Research Foundation (EIE/NHRF),Athens,GR,Europe,1,1,0,37.973352,23.745514,"PeeringDB, peeringdb.com/api"
2876,Maxnod,Saint Trivier sur Moignans,FR,Europe,4,0,1,,,"PeeringDB, peeringdb.com/api"
2878,MAYAK NETWORK LTD,Kizilurt,RU,Europe,1,0,0,,,"PeeringDB, peeringdb.com/api"
2885,HCE Telecom  Hamilton,Hamilton,CA,North America,0,0,0,43.260695,-79.873226,"PeeringDB, peeringdb.com/api"
2886,CHT Taipei Banqiao IDC,New Taipei City,TW,Asia Pacific,19,0,1,24.994866,121.458263,"PeeringDB, peeringdb.com/api"
2888,FSIT Zug CH-ZG001,Hünenberg,CH,Europe,2,0,0,,,"PeeringDB, peeringdb.com/api"
2890,Templus DC Barcelona BCN01,L'Hospitalet de Llobregat,ES,Europe,50,5,0,41.34862,2.129779,"PeeringDB, peeringdb.com/api"
2894,iomart DC5 Maidenhead,Maidenhead,GB,Europe,7,0,0,51.528789,-0.725424,"PeeringDB, peeringdb.com/api"
2897,Hostline Vilnius HSTL-DG42A,Vilnius,LT,Europe,2,0,0,54.648357,25.273844,"PeeringDB, peeringdb.com/api"
2904,GFR DataCenter Herne,Herne,DE,Europe,4,1,0,51.540276,7.207961,"PeeringDB, peeringdb.com/api"
2905,Equinix ML4 - Milan  Cascia,Milan,IT,Europe,0,0,0,45.511047,9.243875,"PeeringDB, peeringdb.com/api"
2906,Equinix AM6 - Amsterdam  Duivendrechtsekade,Amsterdam,NL,Europe,69,11,13,52.3377,4.934929,"PeeringDB, peeringdb.com/api"
2907,Equinix MA4 - Manchester  Synergy House,Manchester,GB,Europe,33,1,4,53.461506,-2.238131,"PeeringDB, peeringdb.com/api"
2908,Equinix WA2 - Warsaw,Warsaw,PL,Europe,37,4,5,52.15476,21.002384,"PeeringDB, peeringdb.com/api"
2909,CRIX,San Jose,CR,North America,4,0,0,9.929676,-84.066155,"PeeringDB, peeringdb.com/api"
2924,Digital Realty CHI (600-780 S Federal),Chicago,US,North America,7,3,1,41.874224,-87.629937,"PeeringDB, peeringdb.com/api"
2929,Zayo Pittsburgh - 2500 Allegheny Center Mall,Pittsburgh,US,North America,2,0,0,40.451862,-80.006977,"PeeringDB, peeringdb.com/api"
2936,Zayo Nashville - 209 10th Ave. S,Nashville,US,North America,1,0,0,36.155165,-86.782559,"PeeringDB, peeringdb.com/api"
2943,Zayo Cleveland - 1525 Rockwell Ave,Cleveland,US,North America,0,0,0,41.506167,-81.68395,"PeeringDB, peeringdb.com/api"
2948,MTW.RU,Moscow,RU,Europe,3,0,0,55.806139,37.834194,"PeeringDB, peeringdb.com/api"
2951,TI Sparkle Greece (IDC),Metamorfosi,GR,Europe,36,5,3,38.072494,23.774063,"PeeringDB, peeringdb.com/api"
2953,ISH DATACENTER VITÓRIA,Vitória,BR,South America,2,0,0,-20.317331,-40.290094,"PeeringDB, peeringdb.com/api"
2954,Sungard AS Scottsdale,Scottsdale,US,North America,2,0,1,33.632423,-111.917795,"PeeringDB, peeringdb.com/api"
2955,INAP Houston,Houston,US,North America,4,0,1,29.753536,-95.365771,"PeeringDB, peeringdb.com/api"
2956,DataBank Chicago (ORD1),Chicago,US,North America,4,0,0,41.874224,-87.629937,"PeeringDB, peeringdb.com/api"
2957,Zayo Baltimore - 111 Market Pl,Baltimore,US,North America,8,1,1,39.287414,-76.606104,"PeeringDB, peeringdb.com/api"
2958,DataBank Memphis (MEM1),Memphis,US,North America,5,0,1,35.203086,-89.808615,"PeeringDB, peeringdb.com/api"
2959,Zayo Minneapolis - 10300 6th Ave N,Minneapolis,US,North America,3,0,1,44.98646,-93.411433,"PeeringDB, peeringdb.com/api"
2960,DataBank Chicago (ORD3),Mount Prospect,US,North America,3,0,0,42.078055,-87.923547,"PeeringDB, peeringdb.com/api"
2961,Roller Network (Reno  NV),Reno,US,North America,6,1,0,39.469306,-119.76983,"PeeringDB, peeringdb.com/api"
2964,Bynarya,Santiago,CL,South America,0,0,0,-33.418421,-70.599568,"PeeringDB, peeringdb.com/api"
2969,ADESTIS Nürnberg NBG1 (Alte Dampfbäckerei),Nuremberg,DE,Europe,1,0,0,49.470953,11.085497,"PeeringDB, peeringdb.com/api"
2970,IXTech Limited,Hong Kong,HK,Asia Pacific,0,0,0,22.353132,114.12456,"PeeringDB, peeringdb.com/api"
2971,Zayo Washington DC - 2100 M Street NW,Washington,US,North America,2,0,0,38.904888,-77.047082,"PeeringDB, peeringdb.com/api"
2972,DataBank Seattle (SEA2),Tukwila,US,North America,4,0,0,47.495027,-122.290569,"PeeringDB, peeringdb.com/api"
2973,DataPipe Silicon Valley One,San Jose,US,North America,2,0,0,37.333597,-121.887886,"PeeringDB, peeringdb.com/api"
2974,1011 San Jacinto,Austin,US,North America,1,0,0,30.27167,-97.738559,"PeeringDB, peeringdb.com/api"
2975,H5 Data Centers Cleveland,Cleveland,US,North America,20,5,3,41.506167,-81.68395,"PeeringDB, peeringdb.com/api"
2976,Digital Realty CLT (125 N Myers St),Charlotte,US,North America,6,0,0,35.222057,-80.8353,"PeeringDB, peeringdb.com/api"
2977,DataBank Denver (DEN1),Englewood,US,North America,4,0,1,39.564112,-104.866554,"PeeringDB, peeringdb.com/api"
2978,Alpheus Fort Worth (307 W 7th St),Fort Worth,US,North America,0,0,0,32.751443,-97.331678,"PeeringDB, peeringdb.com/api"
2979,Digital Realty EWR (3 Corporate Pl),Piscataway,US,North America,5,0,1,40.554537,-74.4569,"PeeringDB, peeringdb.com/api"
2980,DataBank Irvine (SNA1),Irvine,US,North America,4,0,1,33.690423,-117.840518,"PeeringDB, peeringdb.com/api"
2981,Evocative EWR1,Secaucus,US,North America,17,1,1,40.787662,-74.068015,"PeeringDB, peeringdb.com/api"
2982,TierPoint Chicago - West,Franklin Park,US,North America,2,1,0,41.927017,-87.858028,"PeeringDB, peeringdb.com/api"
2983,US Signal - Oak Brook,Oak Brook,US,North America,0,0,0,41.846308,-87.939656,"PeeringDB, peeringdb.com/api"
2985,Evocative SEA1,Seattle,US,North America,9,1,0,47.619446,-122.34811,"PeeringDB, peeringdb.com/api"
2988,Gosnell - International Gateway 1 (8100 Boone),Vienna,US,North America,0,0,0,38.913686,-77.225887,"PeeringDB, peeringdb.com/api"
2989,Evocative Virginia (VA1),Reston,US,North America,4,0,0,38.948869,-77.329428,"PeeringDB, peeringdb.com/api"
2992,DataVita DV1 Lanarkshire,Glasgow,GB,Europe,7,1,0,55.834442,-3.95252,"PeeringDB, peeringdb.com/api"
2993,Bâtiment Sirius,Antananarivo,MG,Africa,0,1,0,-18.880804,47.508453,"PeeringDB, peeringdb.com/api"
2995,Cybertechtonic Pratama Jakarta,South Jakarta,ID,Asia Pacific,7,0,0,-6.235004,106.820428,"PeeringDB, peeringdb.com/api"
2997,LG CNS Sangam,Seoul,KR,Asia Pacific,4,0,1,37.581049,126.886856,"PeeringDB, peeringdb.com/api"
3001,EcoRacks,Eindhoven,NL,Europe,3,0,2,51.478509,5.440275,"PeeringDB, peeringdb.com/api"
3011,Long Lines Data Center,Sioux City,US,North America,2,0,0,42.483287,-96.348107,"PeeringDB, peeringdb.com/api"
3012,UnitedLayer Los Angeles,Los Angeles,US,North America,0,0,0,34.048428,-118.255186,"PeeringDB, peeringdb.com/api"
3013,TierPoint Philadelphia,Philadelphia,US,North America,2,0,1,39.892465,-75.165482,"PeeringDB, peeringdb.com/api"
3014,TierPoint Chicago - Polk,Chicago,US,North America,9,1,1,41.871616,-87.642825,"PeeringDB, peeringdb.com/api"
3015,Emtel Data Centre,Arsenal,MU,Africa,2,0,0,,,"PeeringDB, peeringdb.com/api"
3025,RIX-K2,Reykjavik,IS,Europe,8,1,0,64.144974,-21.907494,"PeeringDB, peeringdb.com/api"
3026,RIX-TG,Reykjavik,IS,Europe,5,1,0,64.139545,-21.95505,"PeeringDB, peeringdb.com/api"
3038,RETNNet OV DC,St. Petersburg,RU,Europe,27,2,1,59.914585,30.349414,"PeeringDB, peeringdb.com/api"
3039,Phase3Telecom,Abuja,NG,Africa,0,0,0,9.093154,7.495076,"PeeringDB, peeringdb.com/api"
3044,DC BIPNET-ID Yogyakarta,Yogyakarta,ID,Asia Pacific,1,0,0,-7.829395,110.402698,"PeeringDB, peeringdb.com/api"
3045,China Unicom (Hong Kong) Global Center,Hong Kong,HK,Asia Pacific,20,1,0,22.283346,114.26924,"PeeringDB, peeringdb.com/api"
3049,Web Werks US 1,Philadelphia,US,North America,0,0,0,,,"PeeringDB, peeringdb.com/api"
3050,Web Werks US 2,Conshohocken,US,North America,0,0,0,,,"PeeringDB, peeringdb.com/api"
3055,IPTP  Kermia 1 Limassol  Cyprus,Limassol,CY,Middle East,4,2,0,34.684763,33.028513,"PeeringDB, peeringdb.com/api"
3059,Comlink Telecom,St. Petersburg,RU,Europe,0,0,0,59.913303,30.296999,"PeeringDB, peeringdb.com/api"
3068,Telehouse – OSAKA 1&2,Osaka,JP,Asia Pacific,13,1,4,,,"PeeringDB, peeringdb.com/api"
3071,H5 Data Centers Denver,Greenwood Village,US,North America,17,2,2,39.618102,-104.891509,"PeeringDB, peeringdb.com/api"
3076,H5 Data Centers Phoenix,Chandler,US,North America,13,1,0,33.277073,-111.885739,"PeeringDB, peeringdb.com/api"
3077,H5 Data Centers Seattle,Seattle,US,North America,10,2,2,47.619054,-122.336393,"PeeringDB, peeringdb.com/api"
3078,H5 Data Centers Atlanta,Atlanta,US,North America,5,1,0,33.765199,-84.38365,"PeeringDB, peeringdb.com/api"
3080,H5 Data Centers Ashburn,Ashburn,US,North America,3,0,1,39.013682,-77.451713,"PeeringDB, peeringdb.com/api"
3082,nLighten Madrid MAD1,Madrid,ES,Europe,11,1,1,40.49048,-3.691058,"PeeringDB, peeringdb.com/api"
3084,Raiffeisen Informatik Data Center (RDC),Vienna,AT,Europe,5,0,1,48.231738,16.458057,"PeeringDB, peeringdb.com/api"
3087,Raiffeisenhaus Wien (RHW),Vienna,AT,Europe,2,0,0,48.214541,16.376111,"PeeringDB, peeringdb.com/api"
3088,Amplex DC0,Luckey,US,North America,1,0,0,41.481022,-83.451231,"PeeringDB, peeringdb.com/api"
3090,Claudio Evangelista da Silva,Praia Grande,BR,South America,0,0,0,-24.007907,-46.413833,"PeeringDB, peeringdb.com/api"
3092,DataLine Moscow DC OST,Moscow,RU,Europe,31,5,0,55.771417,37.714681,"PeeringDB, peeringdb.com/api"
3093,DataLine Moscow DC NORD,Moscow,RU,Europe,25,4,1,55.886524,37.513331,"PeeringDB, peeringdb.com/api"
3096,Markley Group Lowell,Lowell,US,North America,1,1,0,42.629897,-71.305788,"PeeringDB, peeringdb.com/api"
3097,AL Zaytona Company For Communication Ltd,Ramallah,PS,,1,0,0,,,"PeeringDB, peeringdb.com/api"
3098,TAS01 Hobart,Dowsing Point,AU,Australia,4,1,0,-42.822507,147.304308,"PeeringDB, peeringdb.com/api"
3099,GIP Dallas,Dallas,US,North America,3,0,1,32.783819,-96.79463,"PeeringDB, peeringdb.com/api"
3109,Nessus NDC2,Vienna,AT,Europe,13,0,2,48.178047,16.364963,"PeeringDB, peeringdb.com/api"
3127,Enseva Cedar Rapids,Hiawatha,US,North America,3,0,0,42.05634,-91.679566,"PeeringDB, peeringdb.com/api"
3131,Digital Realty SJC (1100 Space Park),Santa Clara,US,North America,7,1,1,37.375823,-121.953325,"PeeringDB, peeringdb.com/api"
3133,Gemenii Network TD Datacenter,Bucharest,RO,Europe,5,0,1,44.457067,26.129063,"PeeringDB, peeringdb.com/api"
3134,Gemenii Network GT Datacenter,Bucharest,RO,Europe,5,0,1,44.462013,26.124875,"PeeringDB, peeringdb.com/api"
3143,CyrusOne Aurora I,Aurora,US,North America,9,2,1,41.796754,-88.24276,"PeeringDB, peeringdb.com/api"
3144,Fastnet Brighton Datacentre,Brighton,GB,Europe,2,0,0,,,"PeeringDB, peeringdb.com/api"
3149,AlohaNAP,Kapolei,US,North America,1,0,0,21.335728,-158.086738,"PeeringDB, peeringdb.com/api"
3150,VeloxServ DC1 - Wolverhampton,Wolverhampton,GB,Europe,7,0,0,52.601611,-2.110311,"PeeringDB, peeringdb.com/api"
3152,Equinix LD10 - London  Slough,Slough,GB,Europe,20,6,2,51.522042,-0.623736,"PeeringDB, peeringdb.com/api"
3161,Coloasia Ltd. (DHK1),Dhaka,BD,Asia Pacific,6,1,0,23.744826,90.401355,"PeeringDB, peeringdb.com/api"
3168,AIMS CJ1 Cyberjaya,Cyberjaya,MY,Asia Pacific,7,0,1,,,"PeeringDB, peeringdb.com/api"
3175,Scientific Computing Center - KIT CS,Karlsruhe,DE,Europe,8,2,0,49.012126,8.408124,"PeeringDB, peeringdb.com/api"
3186,Optic Fusion - Perkins Building,Tacoma,US,North America,2,0,0,47.253338,-122.436709,"PeeringDB, peeringdb.com/api"
3187,Optic Fusion - Westin Building 2505,Seattle,US,North America,1,0,0,47.614358,-122.338864,"PeeringDB, peeringdb.com/api"
3188,e-Quest Datacenter,Helmond,NL,Europe,0,0,0,51.477024,5.619535,"PeeringDB, peeringdb.com/api"
3189,Datacenter Immeuble du Faso,Ouagadougou,BF,Africa,1,1,0,12.37367,-1.511823,"PeeringDB, peeringdb.com/api"
3190,Siège de l'ARPCE,Brazzaville,CG,Africa,0,1,0,-4.275768,15.272854,"PeeringDB, peeringdb.com/api"
3193,Equinix SK3 - Stockholm  Spånga,Stockholm,SE,Europe,20,3,2,59.390932,17.875185,"PeeringDB, peeringdb.com/api"
3194,UPX São Paulo,Barueri,BR,South America,3,0,0,-23.5027,-46.827255,"PeeringDB, peeringdb.com/api"
3203,KIAEHOUSE,Moscow,RU,Europe,4,1,0,55.801298,37.477039,"PeeringDB, peeringdb.com/api"
3204,Orange Business - La Fabrique [Grenoble],Grenoble,FR,Europe,15,1,3,45.168498,5.71513,"PeeringDB, peeringdb.com/api"
3213,Six Degrees Birmingham Central,Birmingham,GB,Europe,2,0,0,,,"PeeringDB, peeringdb.com/api"
3217,Metrotel - CPS Comunicaciones,Buenos Aires,AR,South America,11,0,0,-34.612432,-58.379173,"PeeringDB, peeringdb.com/api"
3225,TEDRA LE01,León,ES,Europe,0,0,0,42.58964,-5.557896,"PeeringDB, peeringdb.com/api"
3226,HA Hosting DC1,Sheffield,GB,Europe,1,0,0,53.333519,-1.33988,"PeeringDB, peeringdb.com/api"
3228,Elisa Espoo Tapiola,Espoo,FI,Europe,2,0,1,60.178502,24.798193,"PeeringDB, peeringdb.com/api"
3229,Elisa Helsinki Pasila,Helsinki,FI,Europe,9,0,3,60.196959,24.936553,"PeeringDB, peeringdb.com/api"
3230,Elisa Tampere Nalkala,Tampere,FI,Europe,11,1,3,61.494171,23.756189,"PeeringDB, peeringdb.com/api"
3241,RENATA,Bogota,CO,South America,0,0,0,4.666775,-74.059269,"PeeringDB, peeringdb.com/api"
3244,NAP Colombia,Bogota,CO,South America,5,1,2,,,"PeeringDB, peeringdb.com/api"
3246,Hosting Data Center Bucharest,Bucharest,RO,Europe,2,0,0,44.4225,26.037128,"PeeringDB, peeringdb.com/api"
3247,Hosting Data Center Brasov,Brasov,RO,Europe,2,0,0,45.644609,25.592344,"PeeringDB, peeringdb.com/api"
3248,Syscon Infoway Mumbai DC1,Mumbai,IN,Asia Pacific,2,0,0,,,"PeeringDB, peeringdb.com/api"
3249,Hetzner Online FSN1 (Falkenstein),Falkenstein,DE,Europe,24,1,1,50.478786,12.334859,"PeeringDB, peeringdb.com/api"
3250,Hetzner Online NBG1 (Nuremberg),Nuremberg,DE,Europe,50,4,5,49.449514,11.015375,"PeeringDB, peeringdb.com/api"
3251,Equinix CL3 - Calgary (formerly Q9 Calgary Three),Calgary,CA,North America,15,1,0,50.976971,-113.956677,"PeeringDB, peeringdb.com/api"
3252,eStruxture CAL-1,Calgary,CA,North America,13,2,0,50.992102,-113.955766,"PeeringDB, peeringdb.com/api"
3262,Cibicom Datacenter CPH West,Copenhagen,DK,Europe,2,0,0,55.716681,12.237754,"PeeringDB, peeringdb.com/api"
3263,Digital Realty HOU (12001 North Freeway),Houston,US,North America,14,2,0,29.943168,-95.416846,"PeeringDB, peeringdb.com/api"
3266,Datacom Datacenter Ljusterö,Ljusterö,SE,Europe,0,0,0,59.522936,18.610854,"PeeringDB, peeringdb.com/api"
3286,Tech Vault South Burlington,South Burlington,US,North America,2,0,0,44.45418,-73.141763,"PeeringDB, peeringdb.com/api"
3287,StrataGate Datacentre,Tauranga,NZ,Asia Pacific,1,0,0,-37.681867,176.168362,"PeeringDB, peeringdb.com/api"
3298,Evolink Data Center Sofia 2,Sofia,BG,Europe,10,1,1,42.677369,23.259932,"PeeringDB, peeringdb.com/api"
3299,Evolink Data Center Sofia 1,Sofia,BG,Europe,14,1,1,42.674247,23.368103,"PeeringDB, peeringdb.com/api"
3300,Digital Realty Portland - PDX10,Hillsboro,US,North America,6,1,1,45.547609,-122.892017,"PeeringDB, peeringdb.com/api"
3302,Templus DC Sevilla SEV01,Seville,ES,Europe,8,1,0,37.396502,-5.948152,"PeeringDB, peeringdb.com/api"
3303,VSHosting ServerPark DC1,Prague,CZ,Europe,3,0,0,50.060369,14.527369,"PeeringDB, peeringdb.com/api"
3308,Zain CDC Kuwait,Shuwaikh,KW,Middle East,1,0,0,,,"PeeringDB, peeringdb.com/api"
3312,Cologix MIN3,Minneapolis,US,North America,23,3,4,44.971408,-93.25458,"PeeringDB, peeringdb.com/api"
3313,Cologix COL3,Columbus,US,North America,21,2,1,40.116491,-83.001985,"PeeringDB, peeringdb.com/api"
3314,HELIANTIS,Pau,FR,Europe,0,0,0,43.320905,-0.310332,"PeeringDB, peeringdb.com/api"
3316,Equinix SY4 - Sydney,Sydney,AU,Australia,144,6,7,-33.918198,151.1893,"PeeringDB, peeringdb.com/api"
3322,Consolidated - 811 Louisiana,Houston,US,North America,4,0,0,29.759292,-95.366313,"PeeringDB, peeringdb.com/api"
3323,TelemaxX IPC4,Karlsruhe,DE,Europe,6,1,1,49.02726,8.47312,"PeeringDB, peeringdb.com/api"
3332,Equinix TY5 - Tokyo,Tokyo,JP,Asia Pacific,9,2,0,,,"PeeringDB, peeringdb.com/api"
3333,Equinix TY6 - Tokyo,Tokyo,JP,Asia Pacific,69,4,3,35.622542,139.748312,"PeeringDB, peeringdb.com/api"
3335,Equinix TY7 - Tokyo,Tokyo,JP,Asia Pacific,38,2,2,35.622542,139.748312,"PeeringDB, peeringdb.com/api"
3336,Equinix TY8 - Tokyo,Tokyo,JP,Asia Pacific,139,4,6,35.622203,139.747926,"PeeringDB, peeringdb.com/api"
3337,Equinix TY9 - Tokyo,Tokyo,JP,Asia Pacific,28,3,2,,,"PeeringDB, peeringdb.com/api"
3338,Equinix TY10 - Tokyo,Tokyo,JP,Asia Pacific,10,2,2,35.708692,139.743937,"PeeringDB, peeringdb.com/api"
3340,Debacom Zabrze DC1,Zabrze,PL,Europe,0,0,0,50.311469,18.783917,"PeeringDB, peeringdb.com/api"
3341,FRT iDC Okinawa,Urasoe,JP,Asia Pacific,2,2,0,,,"PeeringDB, peeringdb.com/api"
3342,DATA4 Paris Marcoussis - PAR1,Marcoussis,FR,Europe,21,1,6,,,"PeeringDB, peeringdb.com/api"
3344,CoreSite - Santa Clara (SV7),Santa Clara,US,North America,20,2,0,37.3761,-121.973055,"PeeringDB, peeringdb.com/api"
3345,Prov.net PVD1 (1155 Westminster),Providence,US,North America,2,0,0,41.817374,-71.427671,"PeeringDB, peeringdb.com/api"
3346,Prov.net PVD2 (304 Carpenter),Providence,US,North America,5,0,0,41.817622,-71.429267,"PeeringDB, peeringdb.com/api"
3347,Prov.net CHF1 (Boston North),Chelmsford,US,North America,2,0,0,42.597085,-71.331383,"PeeringDB, peeringdb.com/api"
3348,DATA4 Milan-Cornaredo - MIL1,Cornaredo (MI),IT,Europe,42,2,4,45.480764,9.031736,"PeeringDB, peeringdb.com/api"
3349,DATA4 Luxembourg - LUX,Bettembourg,LU,Europe,2,0,0,49.504806,6.112374,"PeeringDB, peeringdb.com/api"
3359,QTS Sacramento (SAC1),Sacramento,US,North America,13,1,1,38.646407,-121.486335,"PeeringDB, peeringdb.com/api"
3360,QTS Princeton (PJC1),East Windsor,US,North America,1,0,0,40.279249,-74.547551,"PeeringDB, peeringdb.com/api"
3362,QTS Chicago (CHI1),Chicago,US,North America,14,4,2,41.841895,-87.668306,"PeeringDB, peeringdb.com/api"
3363,QTS Irving - Dallas (DFW1),Irving,US,North America,17,3,3,32.89709,-96.982993,"PeeringDB, peeringdb.com/api"
3364,QTS Overland Park (OVP1),Overland Park,US,North America,1,0,1,38.89627,-94.673374,"PeeringDB, peeringdb.com/api"
3372,MegaHostZone,Berhampore,IN,Asia Pacific,1,0,0,24.110562,88.261621,"PeeringDB, peeringdb.com/api"
3378,US Internet - Minnetonka,Minnetonka,US,North America,7,0,2,44.972011,-93.436607,"PeeringDB, peeringdb.com/api"
3380,TurkNet Iletisim Hizmetleri A.S,Istanbul,TR,Middle East,24,2,1,41.067835,29.00499,"PeeringDB, peeringdb.com/api"
3381,Shabdiz Telecom Network,Tehran,IR,Middle East,0,0,0,,,"PeeringDB, peeringdb.com/api"
3382,31173 DC Malmö Scheelegatan,Malmö,SE,Europe,7,0,2,55.598323,13.037787,"PeeringDB, peeringdb.com/api"
3386,TWNAP IDC,Taipei,TW,Asia Pacific,2,0,0,25.034231,121.561009,"PeeringDB, peeringdb.com/api"
3387,Naquadria Datacenter Piacenza,Piacenza,IT,Europe,11,1,1,45.050118,9.738366,"PeeringDB, peeringdb.com/api"
3389,Digital Realty Singapore SIN11,Singapore,SG,Asia Pacific,4,4,1,1.370929,103.968336,"PeeringDB, peeringdb.com/api"
3390,Bahnhof St Erik,Stockholm,SE,Europe,3,0,1,59.347517,18.039236,"PeeringDB, peeringdb.com/api"
3394,Bluebird Fiber Parma Data Center,Parma,US,North America,1,0,0,41.407902,-81.780019,"PeeringDB, peeringdb.com/api"
3398,Netrality Chicago - 717 S Wells,Chicago,US,North America,22,4,2,41.872911,-87.63327,"PeeringDB, peeringdb.com/api"
3399,Digital Realty London LHR18,London,GB,Europe,8,2,1,51.524422,-0.086892,"PeeringDB, peeringdb.com/api"
3407,TPnets.com DC Łódź,Łódź,PL,Europe,5,0,0,51.76039,19.45924,"PeeringDB, peeringdb.com/api"
3410,Den Bosch,Den Bosch,NL,Europe,1,0,0,51.686946,5.358962,"PeeringDB, peeringdb.com/api"
3411,Eindhoven,Eindhoven,NL,Europe,1,0,0,51.442134,5.387441,"PeeringDB, peeringdb.com/api"
3413,1YongeColo,Toronto,CA,North America,0,0,0,43.64272,-79.374125,"PeeringDB, peeringdb.com/api"
3416,Servicios Informaticos Hostname,Santiago,CL,South America,0,0,0,-33.45013,-70.627851,"PeeringDB, peeringdb.com/api"
3417,Beonline 24/7,Groot Drakenstein,ZA,Africa,0,0,0,-33.839236,18.972623,"PeeringDB, peeringdb.com/api"
3421,LADC1 - 624 S Grand Ave,Los Angeles,US,North America,0,0,0,34.047948,-118.255358,"PeeringDB, peeringdb.com/api"
3422,LADC2 - 707 Wilshire Blvd,Los Angeles,US,North America,0,0,0,34.049219,-118.257002,"PeeringDB, peeringdb.com/api"
3423,LADC3 - 600 W 7th St,Los Angeles,US,North America,0,0,0,34.047415,-118.257382,"PeeringDB, peeringdb.com/api"
3424,LADC4 - 530 W 6th St,Los Angeles,US,North America,1,0,0,34.048428,-118.255186,"PeeringDB, peeringdb.com/api"
3425,LADC5 - 650 S Grand Ave,Los Angeles,US,North America,0,0,0,34.047423,-118.25618,"PeeringDB, peeringdb.com/api"
3426,SFDC1 - 200 Paul Ave,San Francisco,US,North America,1,0,0,37.723698,-122.398056,"PeeringDB, peeringdb.com/api"
3427,NYDC1 - 60 Hudson Street,New York,US,North America,1,0,0,40.717729,-74.008306,"PeeringDB, peeringdb.com/api"
3428,NYDC2 - 111 8th ave,New York,US,North America,0,0,0,40.741469,-74.003387,"PeeringDB, peeringdb.com/api"
3429,NYDC3 - 11 skyline dr,Hawthorne,US,North America,0,0,0,41.088241,-73.815348,"PeeringDB, peeringdb.com/api"
3430,NJDC1 - 100 Delawanna ave,Clifton,US,North America,0,0,0,40.829947,-74.126657,"PeeringDB, peeringdb.com/api"
3431,NJDC2 - 300 J F Kennedy Blvd,Secaucus,US,North America,0,0,0,40.777818,-74.075909,"PeeringDB, peeringdb.com/api"
3432,BDC1 - 34 Saint Martin Dr,Marlborough,US,North America,0,0,0,42.312902,-71.579257,"PeeringDB, peeringdb.com/api"
3433,PDC1 - 9999 Hamilton blvd,Breinigsville,US,North America,0,0,0,40.544235,-75.655718,"PeeringDB, peeringdb.com/api"
3434,PDC2 - 1000 Adams ave,Audubon,US,North America,0,0,0,40.121801,-75.421011,"PeeringDB, peeringdb.com/api"
3435,PDC3 - 3949 Schelden Cir,Bethlehem,US,North America,0,0,0,40.675013,-75.378107,"PeeringDB, peeringdb.com/api"
3436,CDC1 - 350 E Cermak Rd,Chicago,US,North America,2,0,0,41.853701,-87.618252,"PeeringDB, peeringdb.com/api"
3437,CDC2 - 600 S Federal st,Chicago,US,North America,1,0,0,41.874224,-87.629937,"PeeringDB, peeringdb.com/api"
3438,CDC3 - 800 E Business Center Dr,Mount Prospect,US,North America,0,0,0,42.078055,-87.923547,"PeeringDB, peeringdb.com/api"
3439,CDC4 - 1808 Swift Dr,Oak Brook,US,North America,2,0,0,41.854051,-87.920916,"PeeringDB, peeringdb.com/api"
3440,CDC5 - 2200 Busse Rd,Elk Grove Village,US,North America,0,0,0,41.994269,-87.962053,"PeeringDB, peeringdb.com/api"
3441,MDC1 - 36 NE 2nd St,Miami,US,North America,1,1,0,25.775825,-80.192808,"PeeringDB, peeringdb.com/api"
3442,HDC1 - 108 Bank St,Waterbury,US,North America,0,0,0,41.554434,-73.041219,"PeeringDB, peeringdb.com/api"
3447,Multinet Pakistan Karachi,Karachi,PK,Asia Pacific,2,0,0,24.827995,67.099339,"PeeringDB, peeringdb.com/api"
3453,Nuday DC1,Markham,CA,North America,3,0,0,43.826951,-79.334471,"PeeringDB, peeringdb.com/api"
3457,ColoSpace - Bedford  NH,Bedford,US,North America,2,0,0,42.928233,-71.463933,"PeeringDB, peeringdb.com/api"
3458,ColoSpace - Waltham  MA,Waltham,US,North America,1,0,0,42.399882,-71.253131,"PeeringDB, peeringdb.com/api"
3459,ColoSpace - Rockland  MA,Rockland,US,North America,1,0,0,42.166264,-70.898347,"PeeringDB, peeringdb.com/api"
3460,ColoSpace - Somerville  MA,Somerville,US,North America,1,0,0,42.376703,-71.079763,"PeeringDB, peeringdb.com/api"
3462,Data Center IX.py,San Lorenzo,PY,South America,2,1,0,-25.337508,-57.52245,"PeeringDB, peeringdb.com/api"
3469,MI Tech - Main Campus,Houghton,US,North America,2,0,0,47.119532,-88.551329,"PeeringDB, peeringdb.com/api"
3480,DC LDA1,Londrina,BR,South America,1,1,0,-23.284817,-51.207839,"PeeringDB, peeringdb.com/api"
3482,Crown Castle Philadelphia (401 N Broad),Philadelphia,US,North America,11,0,0,39.959668,-75.161377,"PeeringDB, peeringdb.com/api"
3483,Crown Castle Hartford (960 Main),Hartford,US,North America,0,0,0,41.768371,-72.672133,"PeeringDB, peeringdb.com/api"
3484,Crown Castle Boston (1 Summer),Boston,US,North America,4,0,0,42.354692,-71.060266,"PeeringDB, peeringdb.com/api"
3485,Crown Castle Springfield (1 Federal),Springfield,US,North America,3,0,0,42.109052,-72.576013,"PeeringDB, peeringdb.com/api"
3486,Crown Castle Newark (165 Halsey),Newark,US,North America,3,0,0,40.736844,-74.173402,"PeeringDB, peeringdb.com/api"
3487,Crown Castle Providence (235 Promenade),Providence,US,North America,3,0,0,41.828542,-71.41934,"PeeringDB, peeringdb.com/api"
3488,Crown Castle Chicago (725 S Wells),Chicago,US,North America,0,0,0,41.872619,-87.633278,"PeeringDB, peeringdb.com/api"
3489,Crown Castle Marlboro (34 St Martin),Marlborough,US,North America,2,0,0,42.313247,-71.578316,"PeeringDB, peeringdb.com/api"
3490,Crown Castle Worcester (474 Main),Worcester,US,North America,6,0,0,42.262556,-71.802963,"PeeringDB, peeringdb.com/api"
3491,Crown Castle New York (111 8th),New York,US,North America,4,1,0,40.741469,-74.003387,"PeeringDB, peeringdb.com/api"
3492,Crown Castle Providence (300 Carpenter),Providence,US,North America,0,0,0,41.817911,-71.42888,"PeeringDB, peeringdb.com/api"
3493,Crown Castle Columbus (101 E Town),Columbus,US,North America,0,0,0,39.958911,-82.996895,"PeeringDB, peeringdb.com/api"
3494,Digital Realty Dublin DUB3,Dublin,IE,Europe,8,2,1,53.323389,-6.451204,"PeeringDB, peeringdb.com/api"
3496,Quicktel Sp. z o.o.,Katowice,PL,Europe,28,0,0,50.253609,19.003115,"PeeringDB, peeringdb.com/api"
3498,ManagedWay TYM1,Troy,US,North America,7,0,0,42.537158,-83.099861,"PeeringDB, peeringdb.com/api"
3499,ManagedWay TYM2,Troy,US,North America,4,0,0,42.540615,-83.098459,"PeeringDB, peeringdb.com/api"
3500,ManagedWay BYK1,Byron Center,US,North America,2,0,0,42.825353,-85.672818,"PeeringDB, peeringdb.com/api"
3501,ManagedWay SFJ1,Southfield,US,North America,2,0,0,42.471634,-83.238056,"PeeringDB, peeringdb.com/api"
3502,ManagedWay SFJ2,Southfield,US,North America,2,0,0,42.467029,-83.234962,"PeeringDB, peeringdb.com/api"
3504,Amplia DC0,San Juan,TT,North America,1,0,0,10.628629,-61.451179,"PeeringDB, peeringdb.com/api"
3505,Amplia DC2,San Fernando,TT,North America,1,0,0,10.273615,-61.460903,"PeeringDB, peeringdb.com/api"
3512,Amplia DC1,Port of Spain,TT,North America,1,0,0,10.658189,-61.514165,"PeeringDB, peeringdb.com/api"
3514,2Connect DC10,Budapest,HU,Europe,14,1,2,47.485496,19.179285,"PeeringDB, peeringdb.com/api"
3519,C21,Milan,IT,Europe,33,3,4,45.476394,9.103571,"PeeringDB, peeringdb.com/api"
3521,Netia Data Center SOUL,Krakow,PL,Europe,8,2,0,50.021202,19.896027,"PeeringDB, peeringdb.com/api"
3522,Dabka Data Center,Krakow,PL,Europe,0,0,0,50.03525,20.006637,"PeeringDB, peeringdb.com/api"
3523,WCS,Muscat,OM,Middle East,1,0,0,,,"PeeringDB, peeringdb.com/api"
3524,Liquid Web DC3,Lansing,US,North America,1,0,0,42.705368,-84.666064,"PeeringDB, peeringdb.com/api"
3526,Alliance Réseaux,St Jean De Maurienne,FR,Europe,0,0,0,45.267404,6.368661,"PeeringDB, peeringdb.com/api"
3528,freenet Duesseldorf,Düsseldorf,DE,Europe,1,0,0,51.239955,6.715709,"PeeringDB, peeringdb.com/api"
3530,TCC,Ruwi,OM,Middle East,1,0,0,23.601272,58.549194,"PeeringDB, peeringdb.com/api"
3531,Umspannwerk Berlin,Berlin,DE,Europe,2,0,1,52.494267,13.42903,"PeeringDB, peeringdb.com/api"
3535,STT Singapore 1,Singapore,SG,Asia Pacific,1,0,0,1.349475,103.89129,"PeeringDB, peeringdb.com/api"
3536,STT Singapore 4,Singapore,SG,Asia Pacific,2,0,0,1.292116,103.791918,"PeeringDB, peeringdb.com/api"
3548,Almaty,Almaty,KZ,Asia Pacific,2,0,0,43.253274,76.939235,"PeeringDB, peeringdb.com/api"
3560,Ebnat Schaffhausen,Schaffhausen,CH,Europe,0,0,0,47.706816,8.640559,"PeeringDB, peeringdb.com/api"
3566,PS Internet Company DC,Almaty,KZ,Asia Pacific,3,0,1,43.326194,76.920573,"PeeringDB, peeringdb.com/api"
3568,MK Netzdienste Datacenter,Frankfurt am Main,DE,Europe,36,4,1,50.126684,8.581712,"PeeringDB, peeringdb.com/api"
3571,Jiuxianqiao-M7-Beijing,Beijing,CN,Asia Pacific,1,0,0,39.987702,116.489247,"PeeringDB, peeringdb.com/api"
3581,NWT Data Center,Miami,US,North America,1,0,0,25.775583,-80.188189,"PeeringDB, peeringdb.com/api"
3582,IM Datacenter,Miami,US,North America,0,1,0,25.775811,-80.192959,"PeeringDB, peeringdb.com/api"
3587,OT - Armor,Saint-Herblain,FR,Europe,1,0,0,47.231428,-1.630997,"PeeringDB, peeringdb.com/api"
3590,OT - Capella,La Chapelle-sur-Erdre,FR,Europe,1,0,0,,,"PeeringDB, peeringdb.com/api"
3592,Oceanet Armor B,Saint-Herblain,FR,Europe,9,0,1,47.231428,-1.630997,"PeeringDB, peeringdb.com/api"
3594,OT - Rezé,Rezé,FR,Europe,0,0,0,,,"PeeringDB, peeringdb.com/api"
3595,krzysztof Wójcik,Lublin,PL,Europe,0,0,0,51.245257,22.563523,"PeeringDB, peeringdb.com/api"
3596,3U Rechenzentrum Hannover,Hannover,DE,Europe,2,1,1,52.404131,9.731737,"PeeringDB, peeringdb.com/api"
3603,Air Link Communications Trinidad,Princes Town,TT,North America,7,2,0,10.249623,-61.362385,"PeeringDB, peeringdb.com/api"
3611,NTT Munich 2 Data Center (MUC2),Unterschleißheim,DE,Europe,4,1,3,48.292458,11.573458,"PeeringDB, peeringdb.com/api"
3615,PT Remala Abadi,Jakarta Selatan,ID,Asia Pacific,0,0,0,-6.242055,106.842221,"PeeringDB, peeringdb.com/api"
3616,Orange Tunisie,Tunis,TN,Africa,0,0,0,36.844214,10.200955,"PeeringDB, peeringdb.com/api"
3617,BITel Gütersloh,Gütersloh,DE,Europe,0,0,0,51.92,8.397528,"PeeringDB, peeringdb.com/api"
3625,OADC  Umhlanga,Durban,ZA,Africa,16,1,0,-29.726143,31.067675,"PeeringDB, peeringdb.com/api"
3628,ICE01,Hafnarfjörður,IS,Europe,6,0,0,64.048923,-21.994882,"PeeringDB, peeringdb.com/api"
3630,DataCentre220,Auckland,NZ,Asia Pacific,97,6,3,-36.849346,174.765412,"PeeringDB, peeringdb.com/api"
3631,VIRTUS LONDON4 (Slough),Slough,GB,Europe,6,0,1,51.523143,-0.622406,"PeeringDB, peeringdb.com/api"
3634,Patmos KC1,Kansas City,US,North America,7,1,0,39.097212,-94.567238,"PeeringDB, peeringdb.com/api"
3637,Haute-Saône Numérique,Vesoul,FR,Europe,3,0,0,47.62174,6.149766,"PeeringDB, peeringdb.com/api"
3640,GlobalConnect Stilling,Skanderborg,DK,Europe,6,0,0,56.067627,9.983517,"PeeringDB, peeringdb.com/api"
3647,CoreSite - Orlando (OR1),Orlando,US,North America,14,2,1,28.427139,-81.419829,"PeeringDB, peeringdb.com/api"
3651,DATASPACE-PL,Toruń,PL,Europe,1,0,0,52.989325,18.666078,"PeeringDB, peeringdb.com/api"
3659,DIGITALIS Bratislava,Bratislava,SK,Europe,8,3,1,48.164797,17.159861,"PeeringDB, peeringdb.com/api"
3663,DartPoints Cincinnati  OH - CVG1,Cincinnati,US,North America,6,2,0,39.098228,-84.517483,"PeeringDB, peeringdb.com/api"
3664,TierPoint Allentown-TekPark,Breinigsville,US,North America,5,0,1,40.544235,-75.655718,"PeeringDB, peeringdb.com/api"
3665,TierPoint Lehigh Valley,Bethlehem,US,North America,2,1,1,40.675013,-75.378107,"PeeringDB, peeringdb.com/api"
3666,TierPoint Valley Forge,Norristown,US,North America,6,0,1,40.121849,-75.420907,"PeeringDB, peeringdb.com/api"
3668,DartPoints Asheville  NC - AVL1,Asheville,US,North America,5,0,1,35.488154,-82.558062,"PeeringDB, peeringdb.com/api"
3669,DartPoints Greenville  SC - GSP1,Greenville,US,North America,4,1,0,34.807763,-82.34338,"PeeringDB, peeringdb.com/api"
3670,DartPoints Columbia  SC - CAE1,Columbia,US,North America,2,0,0,33.987661,-81.030715,"PeeringDB, peeringdb.com/api"
3671,DartPoints Charleston  SC - CHS1,Ladson,US,North America,3,0,0,32.964888,-80.101283,"PeeringDB, peeringdb.com/api"
3672,Hosted Backbone Richmond1,Richmond,US,North America,0,0,0,37.646784,-77.438443,"PeeringDB, peeringdb.com/api"
3674,WIIT Datacenter DUS5,Düsseldorf,DE,Europe,19,3,2,51.184907,6.870745,"PeeringDB, peeringdb.com/api"
3675,CENTURY TELECOM LTDA,Belo Horizonte,BR,South America,5,0,1,-19.926169,-43.918422,"PeeringDB, peeringdb.com/api"
3677,Powergrid New Delhi,New Delhi,IN,Asia Pacific,3,0,0,28.541476,77.235725,"PeeringDB, peeringdb.com/api"
3678,Powergrid Mumbai,Mumbai,IN,Asia Pacific,3,0,0,19.123921,72.886058,"PeeringDB, peeringdb.com/api"
3679,Powergrid Chennai,Chennai,IN,Asia Pacific,5,0,0,,,"PeeringDB, peeringdb.com/api"
3683,Star Broadband Datacentre Delhi,New Delhi,IN,Asia Pacific,2,0,0,28.565612,77.156139,"PeeringDB, peeringdb.com/api"
3716,T5@Dallas,Plano,US,North America,2,0,0,33.064858,-96.810993,"PeeringDB, peeringdb.com/api"
3725,Digital Realty ATL14 - Atlanta,Atlanta,US,North America,77,3,7,33.761611,-84.391309,"PeeringDB, peeringdb.com/api"
3740,Bell MTS Data Centres G.P. - DC01,Winnipeg,CA,North America,1,0,0,49.825016,-97.177727,"PeeringDB, peeringdb.com/api"
3744,CONSORCIO DE TELECOMUNICACIONES AVANZADA S.A.,Alcantarilla,ES,Europe,2,0,0,37.959055,-1.193928,"PeeringDB, peeringdb.com/api"
3749,Kom4Tel GmbH,Eschbach,DE,Europe,0,0,0,47.899277,7.631602,"PeeringDB, peeringdb.com/api"
3770,Anexio ACC4,Ashburn,US,North America,0,0,0,,,"PeeringDB, peeringdb.com/api"
3771,Anexio NJ1,Piscataway,US,North America,0,0,0,40.557342,-74.484434,"PeeringDB, peeringdb.com/api"
3772,Anexio ACC5,Ashburn,US,North America,0,0,1,39.020131,-77.463206,"PeeringDB, peeringdb.com/api"
3773,Planetel,Treviolo,IT,Europe,0,0,0,45.672561,9.625956,"PeeringDB, peeringdb.com/api"
3777,Aecero - Orange County (SNA1),Anaheim,US,North America,1,0,1,33.848958,-117.971033,"PeeringDB, peeringdb.com/api"
3781,NPIX Access World Tech,Lalitpur,NP,Asia Pacific,1,1,0,,,"PeeringDB, peeringdb.com/api"
3785,Fibre Centre,Moncton,CA,North America,15,1,0,46.084345,-64.811639,"PeeringDB, peeringdb.com/api"
3786,Umbrellar CHC1,Christchurch,NZ,Asia Pacific,2,0,0,-43.492029,172.559494,"PeeringDB, peeringdb.com/api"
3787,Umbrellar AKL1,Auckland,NZ,Asia Pacific,2,0,0,-36.743326,174.723311,"PeeringDB, peeringdb.com/api"
3796,BR.Digital Porto Alegre (PAE1),Porto Alegre,BR,South America,35,1,4,-30.028618,-51.230161,"PeeringDB, peeringdb.com/api"
3797,noris network datacenter.de MUC5,Aschheim,DE,Europe,12,1,4,48.162154,11.732602,"PeeringDB, peeringdb.com/api"
3798,Panservice DC,Latina,IT,Europe,6,0,0,41.481815,12.878032,"PeeringDB, peeringdb.com/api"
3800,iODC,Hvidovre,DK,Europe,1,0,0,55.643198,12.470832,"PeeringDB, peeringdb.com/api"
3806,NTT Communications Jitchaku Buillding,Urasoe,JP,Asia Pacific,1,1,0,,,"PeeringDB, peeringdb.com/api"
3809,NIC-NU (Nações Unidas),São Paulo,BR,South America,3,1,0,-23.523719,-46.762259,"PeeringDB, peeringdb.com/api"
3810,NIC-JD (João Dias),São Paulo,BR,South America,14,2,0,-23.645149,-46.730636,"PeeringDB, peeringdb.com/api"
3812,Lytzen-IT AAL-DC1,Aalborg,DK,Europe,1,0,0,57.021448,9.973775,"PeeringDB, peeringdb.com/api"
3819,ETICE COLOC,Fortaleza,BR,South America,13,1,1,-3.753445,-38.518646,"PeeringDB, peeringdb.com/api"
3820,XS4ALL DC2,Amsterdam,NL,Europe,2,0,2,,,"PeeringDB, peeringdb.com/api"
3821,XS4ALL Oude Meer,Schiphol Rijk,NL,Europe,2,0,1,52.302018,4.796767,"PeeringDB, peeringdb.com/api"
3823,CMET,Santiago,CL,South America,0,0,0,-33.522731,-70.587299,"PeeringDB, peeringdb.com/api"
3824,TASCOM TELECOMUNICAÇÕES LTDA,Salvador,BR,South America,2,1,0,-12.979278,-38.460821,"PeeringDB, peeringdb.com/api"
3825,QuadraNet LAX,Los Angeles,US,North America,6,0,0,33.945894,-118.393553,"PeeringDB, peeringdb.com/api"
3826,CHTP,St. Petersburg,RU,Europe,0,0,0,59.878017,30.338062,"PeeringDB, peeringdb.com/api"
3829,Sejong IX Center,Seoul,KR,Asia Pacific,10,1,0,,,"PeeringDB, peeringdb.com/api"
3839,Dataone AMS1,Wormer,NL,Europe,6,0,0,52.494985,4.797368,"PeeringDB, peeringdb.com/api"
3840,NAV Communications - Data Center,Bucharest,RO,Europe,0,1,0,44.470942,26.133118,"PeeringDB, peeringdb.com/api"
3843,GTS Telecom DC Bucharest,Bucharest,RO,Europe,3,1,0,44.415543,26.075437,"PeeringDB, peeringdb.com/api"
3844,GTS Telecom DC Cluj-Napoca,Cluj Napoca,RO,Europe,1,0,0,46.787806,23.592801,"PeeringDB, peeringdb.com/api"
3849,nLighten Amsterdam AMS2,Schiphol Rijk,NL,Europe,9,0,4,52.279455,4.756262,"PeeringDB, peeringdb.com/api"
3850,PAIX Accra,Accra,GH,Africa,33,3,0,5.572623,-0.202902,"PeeringDB, peeringdb.com/api"
3853,DataBank Atlanta (ATL2),Atlanta,US,North America,5,0,1,33.733895,-84.425712,"PeeringDB, peeringdb.com/api"
3860,FirstLight Regen Hut,Portland,US,North America,5,1,0,43.658074,-70.29982,"PeeringDB, peeringdb.com/api"
3861,Opus Interactive Portland (PDX01),Portland,US,North America,0,0,0,45.52306,-122.683661,"PeeringDB, peeringdb.com/api"
3862,Opus Interactive Hillsboro (HIO01),Hillsboro,US,North America,4,1,0,45.547403,-122.897906,"PeeringDB, peeringdb.com/api"
3863,Opus Interactive Dallas (DTX01),Dallas,US,North America,0,0,0,32.778287,-96.7984,"PeeringDB, peeringdb.com/api"
3864,Opus Interactive Silicon Valley (SJC01),San Jose,US,North America,0,0,0,37.402211,-121.892822,"PeeringDB, peeringdb.com/api"
3866,Unix-Solutions DC Leuven,Leuven,BE,Europe,6,1,1,50.845244,4.724364,"PeeringDB, peeringdb.com/api"
3868,Digital Fortress (PTL2),Beaverton,US,North America,5,1,1,45.476347,-122.776398,"PeeringDB, peeringdb.com/api"
3873,GPX Cairo 1,Cairo,EG,Middle East,3,1,0,31.192996,29.91304,"PeeringDB, peeringdb.com/api"
3876,WhiteLabelITSolutions,Hackensack,US,North America,3,1,0,40.883258,-74.050276,"PeeringDB, peeringdb.com/api"
3877,Servercentralen DC02,Solna,SE,Europe,2,0,0,59.353539,17.975884,"PeeringDB, peeringdb.com/api"
3878,Synapsecom SNC-1 Thessaloniki,Thessaloniki,GR,Europe,24,1,2,40.661276,22.865902,"PeeringDB, peeringdb.com/api"
3886,Hetzner Online HEL1 (Helsinki),Tuusula,FI,Europe,14,1,4,60.341501,25.027735,"PeeringDB, peeringdb.com/api"
3890,Bresco Broadband Data Center,Columbus,US,North America,5,1,0,39.959803,-82.988601,"PeeringDB, peeringdb.com/api"
3891,Continental Plaza,Columbus,US,North America,1,1,0,39.963223,-82.995858,"PeeringDB, peeringdb.com/api"
3893,University of Oslo,Oslo,NO,Europe,1,1,0,59.94362,10.718329,"PeeringDB, peeringdb.com/api"
3894,Universitetet i Bergen,Bergen,NO,Europe,2,1,0,60.381508,5.331547,"PeeringDB, peeringdb.com/api"
3895,NTNU,Trondheim,NO,Europe,3,1,0,63.415675,10.406142,"PeeringDB, peeringdb.com/api"
3901,Toszecka 101,Gliwice,PL,Europe,3,0,0,50.318399,18.663642,"PeeringDB, peeringdb.com/api"
3905,Colocity DC3,Adelaide,AU,Australia,20,3,4,-34.926518,138.593996,"PeeringDB, peeringdb.com/api"
3907,Anexio VA3,Reston,US,North America,0,0,0,,,"PeeringDB, peeringdb.com/api"
3908,Anexio DC2,Ashburn,US,North America,2,0,0,,,"PeeringDB, peeringdb.com/api"
3911,BIH YIzhuang-T3-Beijing,Beijing,CN,Asia Pacific,2,0,0,,,"PeeringDB, peeringdb.com/api"
3913,ODATA DC SP01,Santana de Parnaiba,BR,South America,31,2,1,,,"PeeringDB, peeringdb.com/api"
3915,Andhra Pradesh State Fibernet,Visakhapatnam,IN,Asia Pacific,0,0,0,17.721652,83.329723,"PeeringDB, peeringdb.com/api"
3916,Keyweb Datacenter Erfurt,Erfurt,DE,Europe,1,0,0,50.972932,11.027557,"PeeringDB, peeringdb.com/api"
3919,H5 Data Centers Secaucus (NJ01),Secaucus,US,North America,7,0,0,40.784817,-74.076264,"PeeringDB, peeringdb.com/api"
3920,H5 Data Centers Portland (OR01),Portland,US,North America,3,1,2,45.531851,-122.683964,"PeeringDB, peeringdb.com/api"
3922,Element Critical  Austin AUS1,Austin,US,North America,4,1,1,30.3421,-97.6963,"PeeringDB, peeringdb.com/api"
3923,Tech Mahindra Cleveland,Cleveland,US,North America,1,1,0,41.49786,-81.693321,"PeeringDB, peeringdb.com/api"
3924,Cologix MIN4,Minneapolis,US,North America,9,2,4,44.971408,-93.25458,"PeeringDB, peeringdb.com/api"
3925,H5 Data Centers Nashville (TN01),Nashville,US,North America,2,0,0,36.162621,-86.776316,"PeeringDB, peeringdb.com/api"
3926,75 Broad Street,New York,US,North America,5,0,0,40.704687,-74.01123,"PeeringDB, peeringdb.com/api"
3927,H5 Data Centers Minneapolis,St. Paul,US,North America,3,0,1,44.972309,-93.147411,"PeeringDB, peeringdb.com/api"
3928,H5 Data Centers St. Louis (MO01),St. Louis,US,North America,3,1,1,38.632728,-90.195813,"PeeringDB, peeringdb.com/api"
3929,vXchnge Raleigh-Durham (NC01),Durham,US,North America,2,0,1,35.895769,-78.849214,"PeeringDB, peeringdb.com/api"
3930,Evocative New York (JFK2),Chappaqua,US,North America,1,0,0,41.180558,-73.755109,"PeeringDB, peeringdb.com/api"
3931,H5 Data Centers Pittsburgh (PA02),Pittsburgh,US,North America,4,0,1,40.452053,-79.980564,"PeeringDB, peeringdb.com/api"
3941,CtrlS Noida DC1,Noida,IN,Asia Pacific,49,3,2,28.533258,77.349243,"PeeringDB, peeringdb.com/api"
3942,CtrlS Bangalore DC1,Bangalore,IN,Asia Pacific,43,2,2,12.989871,77.592581,"PeeringDB, peeringdb.com/api"
3944,TATA Communications Kolkata,Kolkata,IN,Asia Pacific,41,1,1,22.589379,88.390912,"PeeringDB, peeringdb.com/api"
3945,IPHOME M9,Moscow,RU,Europe,0,0,0,55.652639,37.528861,"PeeringDB, peeringdb.com/api"
3951,Verizon Atlanta,Atlanta,US,North America,1,0,0,33.727965,-84.417833,"PeeringDB, peeringdb.com/api"
3954,Internetport DC1,HUDIKSVALL,SE,Europe,0,0,0,61.722187,17.128184,"PeeringDB, peeringdb.com/api"
3962,Communications House,Kampala,UG,Africa,4,1,0,0.313513,32.584331,"PeeringDB, peeringdb.com/api"
3967,IKB - Rechenzentrum1,Innsbruck,AT,Europe,1,0,0,47.262823,11.396518,"PeeringDB, peeringdb.com/api"
3973,IKB - Rechenzentrum2,Innsbruck,AT,Europe,1,0,0,47.262823,11.396518,"PeeringDB, peeringdb.com/api"
3975,KPN Datacenter (Mchn-S1),Munich,DE,Europe,4,0,0,,,"PeeringDB, peeringdb.com/api"
3977,Digital Realty MEL11 - Melbourne,Deer Park,AU,Australia,1,1,0,-37.781684,144.777769,"PeeringDB, peeringdb.com/api"
3978,Digital Realty Sydney SYD10,Erskine Park,AU,Australia,3,1,0,-33.816152,150.795885,"PeeringDB, peeringdb.com/api"
3981,Net-Build GmbH,Saarwellingen,DE,Europe,0,0,0,49.3576,6.781315,"PeeringDB, peeringdb.com/api"
3982,Net-Build Datacenter Saarwellingen,Saarwellingen,DE,Europe,1,0,0,49.3576,6.781315,"PeeringDB, peeringdb.com/api"
3990,K-Net Accra,Accra,GH,Africa,1,0,0,5.599364,-0.19187,"PeeringDB, peeringdb.com/api"
3995,1-Net North,Singapore,SG,Asia Pacific,2,0,0,1.443311,103.780347,"PeeringDB, peeringdb.com/api"
3997,UoG - Office of Information Technology,Mangilao,GU,,3,1,0,13.432211,144.803322,"PeeringDB, peeringdb.com/api"
3998,IS Internet Solutions Ghana,Accra,GH,Africa,0,0,0,5.552237,-0.199769,"PeeringDB, peeringdb.com/api"
4001,CS LoxInfo Data Center - The Cloud,Bangkok,TH,Asia Pacific,38,5,0,,,"PeeringDB, peeringdb.com/api"
4002,Chittagong Online Limited (COLBD),Chittagong,BD,Asia Pacific,0,0,0,22.32285,91.811615,"PeeringDB, peeringdb.com/api"
4004,NITA data center,Accra,GH,Africa,15,1,0,,,"PeeringDB, peeringdb.com/api"
4015,Racks Central,Singapore,SG,Asia Pacific,24,2,1,1.337098,103.892998,"PeeringDB, peeringdb.com/api"
4021,University of Oregon,Eugene,US,North America,2,1,0,44.045988,-123.07043,"PeeringDB, peeringdb.com/api"
4024,Datacenter APJII-Cyber,Jakarta Selatan,ID,Asia Pacific,724,20,3,-6.238125,106.824443,"PeeringDB, peeringdb.com/api"
4027,Nigsun Data Centre NCS1,Stevenage,GB,Europe,0,0,0,51.896858,-0.205451,"PeeringDB, peeringdb.com/api"
4028,ADP3 TELECOMUNICAÇõES LTDA,São Paulo,BR,South America,0,0,0,-23.569832,-46.648893,"PeeringDB, peeringdb.com/api"
4032,Xelent,St. Petersburg,RU,Europe,12,2,0,,,"PeeringDB, peeringdb.com/api"
4033,Sify Banjara Hills Hyderabad,Hyderabad,IN,Asia Pacific,4,0,0,,,"PeeringDB, peeringdb.com/api"
4034,Sify-LDT-Kolkata,Kolkata,IN,Asia Pacific,3,0,0,22.539895,88.355135,"PeeringDB, peeringdb.com/api"
4035,Sify Okhla NewDelhi,Delhi,IN,Asia Pacific,8,0,0,28.551749,77.268491,"PeeringDB, peeringdb.com/api"
4044,DigiCo Adelaide ADL1 (YourDC Ed Parks),Edinburgh Parks,AU,Australia,29,5,3,-34.732838,138.636154,"PeeringDB, peeringdb.com/api"
4045,DigiCo Adelaide ADL2 (YourDC Hawthorn),Adelaide,AU,Australia,38,3,3,-34.968458,138.608235,"PeeringDB, peeringdb.com/api"
4047,Centersquare Albuquerque (ABQ1),Albuquerque,US,North America,3,0,0,35.086183,-106.651864,"PeeringDB, peeringdb.com/api"
4048,Centersquare Atlanta (ATL1-A/B/C),Lithia Springs,US,North America,8,1,3,33.74424,-84.58259,"PeeringDB, peeringdb.com/api"
4049,Centersquare Boston (BOS1-A),Waltham,US,North America,5,0,1,42.396785,-71.267452,"PeeringDB, peeringdb.com/api"
4057,GetCard DataCenter,Maringá,BR,South America,1,0,0,-23.417927,-51.935533,"PeeringDB, peeringdb.com/api"
4060,Itility BVDC,Manchester,GB,Europe,0,0,0,,,"PeeringDB, peeringdb.com/api"
4062,Státní pokladna Centrum sdílených služeb  s. p.,Prague,CZ,Europe,1,0,0,50.090195,14.476089,"PeeringDB, peeringdb.com/api"
4064,Insta-DC  Mumbai,Mumbai,IN,Asia Pacific,2,0,0,19.113897,72.89278,"PeeringDB, peeringdb.com/api"
4069,AINET - Beltsville,Beltsville,US,North America,5,0,1,39.052767,-76.925864,"PeeringDB, peeringdb.com/api"
4071,Templus DC Copenhagen CPH01,Copenhagen,DK,Europe,1,0,0,55.647402,12.539827,"PeeringDB, peeringdb.com/api"
4073,AtlasEdge DC Berlin BER001,Berlin,DE,Europe,8,1,1,52.527509,13.318852,"PeeringDB, peeringdb.com/api"
4074,Templus DC Paris PAR01,Paris,FR,Europe,2,0,1,48.897248,2.322155,"PeeringDB, peeringdb.com/api"
4075,COLT DC Paris II,Paris,FR,Europe,3,0,2,48.675058,2.195475,"PeeringDB, peeringdb.com/api"
4076,COLT DC Paris III,Paris,FR,Europe,1,0,1,48.834809,2.397882,"PeeringDB, peeringdb.com/api"
4077,COLT DC Frankfurt,Frankfurt,DE,Europe,5,1,2,50.12162,8.74006,"PeeringDB, peeringdb.com/api"
4078,AtlasEdge DC Hamburg HAM001,Hamburg,DE,Europe,5,1,3,53.6197,10.00141,"PeeringDB, peeringdb.com/api"
4081,Templus DC Amsterdam AMS01,Amsterdam,NL,Europe,3,0,3,52.328278,4.926198,"PeeringDB, peeringdb.com/api"
4083,COLT DC Roosendaal,Rosendaal,NL,Europe,7,0,4,,,"PeeringDB, peeringdb.com/api"
4084,Templus DC Barcelona BCN02,Barcelona,ES,Europe,4,0,1,41.349513,2.13885,"PeeringDB, peeringdb.com/api"
4085,Templus DC Madrid MAD02,Madrid,ES,Europe,7,4,2,40.48699,-3.664977,"PeeringDB, peeringdb.com/api"
4086,Templus DC Zurich ZRH01,Zurich,CH,Europe,4,0,0,47.393793,8.473368,"PeeringDB, peeringdb.com/api"
4088,Templus DC London LON02,London,GB,Europe,3,0,1,51.508518,-0.057772,"PeeringDB, peeringdb.com/api"
4089,COLT DC London II,London,GB,Europe,6,2,2,51.530547,-0.257425,"PeeringDB, peeringdb.com/api"
4092,Colt DC Tokyo II,Tokyo,JP,Asia Pacific,2,1,1,,,"PeeringDB, peeringdb.com/api"
4093,Colt DC Tokyo III,Tokyo,JP,Asia Pacific,2,0,1,35.687691,139.765818,"PeeringDB, peeringdb.com/api"
4095,Colt DC Singapore,Singapore,SG,Asia Pacific,1,0,1,1.327759,103.746023,"PeeringDB, peeringdb.com/api"
4100,Unithost AM3,Amsterdam,NL,Europe,0,0,0,52.354686,4.958827,"PeeringDB, peeringdb.com/api"
4103,Intesis Chile,Santiago,CL,South America,0,0,0,-33.430506,-70.605923,"PeeringDB, peeringdb.com/api"
4104,Consolidated - 770 Elm St.,Manchester,US,North America,0,0,0,42.989023,-71.46365,"PeeringDB, peeringdb.com/api"
4105,Consolidated - 266 Main St.,Burlington,US,North America,1,0,0,44.476496,-73.208582,"PeeringDB, peeringdb.com/api"
4106,Consolidated - 45 Forest Ave.,Portland,US,North America,1,0,0,43.656009,-70.263803,"PeeringDB, peeringdb.com/api"
4115,BeMobile,Kyiv,UA,Europe,26,2,1,50.492695,30.493162,"PeeringDB, peeringdb.com/api"
4120,Telehouse - Hong Kong CCC (HKCOLO TKO),Hong Kong,HK,Asia Pacific,19,1,0,22.290779,114.27452,"PeeringDB, peeringdb.com/api"
4127,Ponto a Ponto Telecom,Duque de Caxias,BR,South America,0,0,0,-22.791224,-43.305848,"PeeringDB, peeringdb.com/api"
4130,Vipnet d.o.o. Hrvatska,Zagreb,HR,Europe,3,0,0,45.785779,16.031468,"PeeringDB, peeringdb.com/api"
4131,Unitel PoP Sisak,Sisak,HR,Europe,0,0,0,,,"PeeringDB, peeringdb.com/api"
4132,Unitel PoP Okucani,Dubovac,HR,Europe,0,0,0,,,"PeeringDB, peeringdb.com/api"
4133,Unitel PoP Slobodnica,Slobodnica,HR,Europe,0,0,0,,,"PeeringDB, peeringdb.com/api"
4134,Unitel PoP Mirkovci,Mirkovci,HR,Europe,0,0,0,,,"PeeringDB, peeringdb.com/api"
4135,Unitel PoP Ilok,Ilok,HR,Europe,0,0,0,,,"PeeringDB, peeringdb.com/api"
4137,Convergenze Innovation Center,Capaccio-Paestum,IT,Europe,4,0,0,40.445284,14.998696,"PeeringDB, peeringdb.com/api"
4138,TIM Opb Nola,Nola,IT,Europe,2,0,0,40.927089,14.508359,"PeeringDB, peeringdb.com/api"
4139,TCC Technology Data Center- Bangkok Thailand (TCC BNDC TCC Bangna TCCtech),Bangkok,TH,Asia Pacific,55,8,1,13.663651,100.651345,"PeeringDB, peeringdb.com/api"
4140,OD-IX,Odesa,UA,Europe,30,8,1,,,"PeeringDB, peeringdb.com/api"
4147,CyrusOne Frankfurt 1,Frankfurt,DE,Europe,4,1,1,50.128105,8.583001,"PeeringDB, peeringdb.com/api"
4148,Equinix IL2 - Istanbul,Istanbul,TR,Middle East,50,5,3,40.993767,29.175849,"PeeringDB, peeringdb.com/api"
4149,CyrusOne London 1,Slough,GB,Europe,1,0,1,51.523367,-0.621986,"PeeringDB, peeringdb.com/api"
4150,CyrusOne London 2,West Drayton,GB,Europe,2,0,1,51.503731,-0.44782,"PeeringDB, peeringdb.com/api"
4154,Netglobalis,Santiago,CL,South America,3,0,0,-33.387253,-70.616493,"PeeringDB, peeringdb.com/api"
4162,Sba Edge Sao Paulo,São Paulo,BR,South America,22,2,0,-23.64713,-46.717466,"PeeringDB, peeringdb.com/api"
4164,MEGA Plus (iAdvantage Hong Kong),Hong Kong,HK,Asia Pacific,16,1,2,22.293569,114.273784,"PeeringDB, peeringdb.com/api"
4165,Switch Tahoe Reno,McCarran,US,North America,7,0,2,39.515706,-119.471281,"PeeringDB, peeringdb.com/api"
4167,Convex iDC RPO,Ribeirão Preto,BR,South America,0,0,0,-21.185203,-47.808193,"PeeringDB, peeringdb.com/api"
4176,Ginoza Village IT Operation Park,Ginoza Village,JP,Asia Pacific,1,1,0,26.488389,128.000543,"PeeringDB, peeringdb.com/api"
4186,Omega Telecom Kyiv,Kyiv,UA,Europe,17,1,0,50.447913,30.425221,"PeeringDB, peeringdb.com/api"
4187,GBS Datacenter,Gombe,CD,Africa,2,0,0,-4.323755,15.289287,"PeeringDB, peeringdb.com/api"
4189,Arelion St. Petersburg SAP/M1,St. Petersburg,RU,Europe,2,0,1,59.937193,30.354629,"PeeringDB, peeringdb.com/api"
4192,Espacio Rack,Pozuelo de Alarcón,ES,Europe,0,0,0,40.395981,-3.795879,"PeeringDB, peeringdb.com/api"
4204,Datacenter SYT,Buenos Aires,AR,South America,19,0,3,-34.606738,-58.379375,"PeeringDB, peeringdb.com/api"
4225,ETDC,Alfredton,AU,Australia,1,0,0,-37.564701,143.863657,"PeeringDB, peeringdb.com/api"
4226,Sabey Intergate East Building 4,Tukwila,US,North America,13,3,2,47.493087,-122.293706,"PeeringDB, peeringdb.com/api"
4228,Netmagic Chandivali - MUM-DC05,Mumbai,IN,Asia Pacific,26,4,0,19.114204,72.889297,"PeeringDB, peeringdb.com/api"
4229,centron DC bbg,Hallstadt,DE,Europe,2,0,0,49.913593,10.865089,"PeeringDB, peeringdb.com/api"
4231,Netwise London Central (NLC),Bermondsey,GB,Europe,2,0,0,51.49748,-0.07058,"PeeringDB, peeringdb.com/api"
4237,CMA DATACENTER,São Paulo,BR,South America,1,0,0,-23.587767,-46.670654,"PeeringDB, peeringdb.com/api"
4238,Innovation Place - 121RD,Saskatoon,CA,North America,10,1,0,52.142463,-106.625014,"PeeringDB, peeringdb.com/api"
4242,Telefónica Celular del Paraguay S.A.E.,Villa Elisa,PY,South America,2,0,0,,,"PeeringDB, peeringdb.com/api"
4243,BAEHOST-HQ,Buenos Aires,AR,South America,1,0,0,-34.560822,-58.458135,"PeeringDB, peeringdb.com/api"
4246,BAEHOST-TASA,Buenos Aires,AR,South America,3,0,0,-34.655248,-58.386825,"PeeringDB, peeringdb.com/api"
4247,DATALINK SRL,Totoras,AR,South America,0,0,0,-32.589869,-61.162629,"PeeringDB, peeringdb.com/api"
4248,Equinix SY7 - Sydney (formerly Metronode Illawara 1),Unanderra,AU,Australia,9,2,0,-34.463586,150.856994,"PeeringDB, peeringdb.com/api"
4256,Dave Geoghegan,Dublin,IE,Europe,0,0,0,53.280444,-6.3756,"PeeringDB, peeringdb.com/api"
4257,STT Singapore 5,Singapore,SG,Asia Pacific,8,3,2,1.335367,103.890225,"PeeringDB, peeringdb.com/api"
4262,AZAN BR,Rio de Janeiro,BR,South America,0,0,0,-22.910096,-43.204366,"PeeringDB, peeringdb.com/api"
4264,Unidata IDC-GALERIA,Rome,IT,Europe,7,1,0,41.806939,12.336104,"PeeringDB, peeringdb.com/api"
4275,Nago Mirai2 Data Center,Nago,JP,Asia Pacific,1,1,0,26.517922,128.020567,"PeeringDB, peeringdb.com/api"
4276,Keppel Data Centres | Keppel DC Singapore 4,Singapore,SG,Asia Pacific,1,0,0,1.342214,103.944212,"PeeringDB, peeringdb.com/api"
4277,Keppel Data Centres | Keppel DC Singapore 1,Singapore,SG,Asia Pacific,6,2,1,1.375301,103.874521,"PeeringDB, peeringdb.com/api"
4279,Verus Corportation,Coon Rapids,US,North America,0,0,0,45.124986,-93.2728,"PeeringDB, peeringdb.com/api"
4280,NorthC Almere,Almere,NL,Europe,12,2,9,52.364353,5.268793,"PeeringDB, peeringdb.com/api"
4284,DataBank Dallas (DFW1),Dallas,US,North America,43,4,3,32.778287,-96.7984,"PeeringDB, peeringdb.com/api"
4285,DataBank Dallas (DFW2),Richardson,US,North America,7,1,2,32.966683,-96.711345,"PeeringDB, peeringdb.com/api"
4286,DataBank Dallas (DFW3),Plano,US,North America,8,1,2,33.08846,-96.813905,"PeeringDB, peeringdb.com/api"
4287,DataBank Minneapolis (MSP1),Edina,US,North America,5,0,1,44.862766,-93.330405,"PeeringDB, peeringdb.com/api"
4288,DataBank Minneapolis (MSP2),Eagan,US,North America,11,0,1,44.838484,-93.145777,"PeeringDB, peeringdb.com/api"
4290,DataBank Kansas City (MCI2),Overland Park,US,North America,3,0,1,38.975187,-94.708903,"PeeringDB, peeringdb.com/api"
4291,DataBank Cleveland (CLE1),Cleveland,US,North America,3,0,1,41.501022,-81.684102,"PeeringDB, peeringdb.com/api"
4292,DataBank Pittsburgh (PIT1),Pittsburgh,US,North America,38,1,2,40.451062,-80.005186,"PeeringDB, peeringdb.com/api"
4293,DataBank Salt Lake City (SLC1),Salt Lake City,US,North America,47,3,3,40.768519,-111.885833,"PeeringDB, peeringdb.com/api"
4294,DataBank Salt Lake City (SLC2),Bluffdale,US,North America,25,2,2,40.480032,-111.904533,"PeeringDB, peeringdb.com/api"
4295,DataBank Salt Lake City (SLC3),Bluffdale,US,North America,15,2,1,40.479891,-111.905781,"PeeringDB, peeringdb.com/api"
4299,Ninet DC Nis,Nis,RS,Europe,4,1,0,43.321724,21.915186,"PeeringDB, peeringdb.com/api"
4307,Adgar Partner,Rosh HaaYin,IL,Middle East,6,0,0,32.109106,34.968359,"PeeringDB, peeringdb.com/api"
4309,Equinix SP3 - São Paulo,Santana de Parnaiba,BR,South America,131,5,9,-23.466119,-46.863194,"PeeringDB, peeringdb.com/api"
4314,Cloud Himalaya,Thapathali,NP,Asia Pacific,1,0,0,27.691045,85.31851,"PeeringDB, peeringdb.com/api"
4321,AS43668 Kyiv,Kyiv,UA,Europe,0,0,0,50.4229,30.440776,"PeeringDB, peeringdb.com/api"
4334,1706 Richardson,Delta Junction,US,North America,0,0,0,64.034628,-145.731673,"PeeringDB, peeringdb.com/api"
4343,4D Gatwick (Crawley),Crawley,GB,Europe,4,0,0,51.132895,-0.17656,"PeeringDB, peeringdb.com/api"
4346,Acer eDC,Taoyuan City,TW,Asia Pacific,0,0,0,24.846914,121.186025,"PeeringDB, peeringdb.com/api"
4347,Smartcom Telephone (MCAL2),McAllen,US,North America,0,0,0,26.203611,-98.225848,"PeeringDB, peeringdb.com/api"
4348,Smartcom Telephone (MCAL1),McAllen,US,North America,1,0,0,26.203638,-98.225835,"PeeringDB, peeringdb.com/api"
4351,South West Communications Exeter,Exeter,GB,Europe,1,0,0,,,"PeeringDB, peeringdb.com/api"
4360,Telehouse - London (Docklands North Two),London,GB,Europe,113,8,8,,,"PeeringDB, peeringdb.com/api"
4361,NCR-Marina,Lagos,NG,Africa,0,1,0,6.447573,3.397881,"PeeringDB, peeringdb.com/api"
4365,Telehouse - Singapore,Singapore,SG,Asia Pacific,2,0,1,1.323559,103.922587,"PeeringDB, peeringdb.com/api"
4366,Telehouse - Hanoi,Hanoi,VN,Asia Pacific,3,0,0,21.030833,105.782778,"PeeringDB, peeringdb.com/api"
4371,TierPoint Dallas,Dallas,US,North America,13,1,2,32.807982,-96.857362,"PeeringDB, peeringdb.com/api"
4372,TierPoint Dallas2 - Allen,Allen,US,North America,6,1,1,33.137525,-96.657906,"PeeringDB, peeringdb.com/api"
4373,TierPoint Jacksonville,Jacksonville,US,North America,6,0,1,30.216587,-81.581459,"PeeringDB, peeringdb.com/api"
4374,TierPoint Nashville,Franklin,US,North America,4,0,1,35.924575,-86.85582,"PeeringDB, peeringdb.com/api"
4377,Railtel Delhi,New Delhi,IN,Asia Pacific,1,0,0,,,"PeeringDB, peeringdb.com/api"
4378,Railtel Mumbai,Mumbai,IN,Asia Pacific,0,0,0,18.99091,72.824245,"PeeringDB, peeringdb.com/api"
4379,Railtel Kolkata,Kolkata,IN,Asia Pacific,0,0,0,22.586424,88.351506,"PeeringDB, peeringdb.com/api"
4380,Railtel Secundrabad,Secundrabad,IN,Asia Pacific,0,0,0,17.43875,78.510782,"PeeringDB, peeringdb.com/api"
4381,Railtel Chennai,Egmore  Chennai,IN,Asia Pacific,0,0,0,,,"PeeringDB, peeringdb.com/api"
4384,G2K HOSTING DATACENTER,San Nicolas,AR,South America,0,0,0,-33.328356,-60.222439,"PeeringDB, peeringdb.com/api"
4390,Prometey Ltd SPB MM11,St. Petersburg,RU,Europe,2,1,0,59.935888,30.312865,"PeeringDB, peeringdb.com/api"
4391,Prometey Ltd SPB A6,St.Petersburg,RU,Europe,1,0,0,59.936617,30.311,"PeeringDB, peeringdb.com/api"
4392,NTT Rhein-Ruhr 1 Data Center (CGN1),Bonn,DE,Europe,0,0,0,50.74822,7.0743,"PeeringDB, peeringdb.com/api"
4400,3U Rechenzentrum Frankfurt,Frankfurt,DE,Europe,2,0,0,50.098599,8.635693,"PeeringDB, peeringdb.com/api"
4401,3U Rechenzentrum Marburg,Marburg,DE,Europe,1,0,0,50.791026,8.766395,"PeeringDB, peeringdb.com/api"
4404,VIRTUS LONDON2 (Hayes),Hayes,GB,Europe,6,2,1,51.515786,-0.140295,"PeeringDB, peeringdb.com/api"
4405,VIRTUS LONDON3 (Slough),Slough,GB,Europe,0,0,0,51.523143,-0.622406,"PeeringDB, peeringdb.com/api"
4411,Rack Centre Lagos,Ikeja,NG,Africa,78,2,1,6.597527,3.373062,"PeeringDB, peeringdb.com/api"
4420,KIO México 1 (MEX1),Cuajimalpa de Morelos,MX,North America,12,0,1,,,"PeeringDB, peeringdb.com/api"
4421,KIO México 2 (MEX2),Cuajimalpa de Morelos,MX,North America,24,2,2,19.378255,-99.255181,"PeeringDB, peeringdb.com/api"
4425,Previder PDC1,Hengelo,NL,Europe,10,0,4,52.285117,6.767891,"PeeringDB, peeringdb.com/api"
4431,BICOS COMPUTER GmbH,Bielefeld,DE,Europe,0,0,0,51.989883,8.622383,"PeeringDB, peeringdb.com/api"
4432,DC Coolhousing - Prague,Prague,CZ,Europe,5,0,0,50.0782,14.473867,"PeeringDB, peeringdb.com/api"
4438,Las Toninas  Argentina Cable landing station,Las Toninas,AR,South America,3,0,1,,,"PeeringDB, peeringdb.com/api"
4440,FCCN itconic,Prior Velho,PT,Europe,1,0,0,38.787923,-9.12364,"PeeringDB, peeringdb.com/api"
4443,Equinix DE1 - Denver,Englewood,US,North America,7,1,1,39.587739,-104.864707,"PeeringDB, peeringdb.com/api"
4459,Radiokomunikace  a.s.,Prague,CZ,Europe,1,0,0,50.080979,14.451776,"PeeringDB, peeringdb.com/api"
4460,Casablanca INT s.r.o.,Prague,CZ,Europe,5,0,0,50.078067,14.472131,"PeeringDB, peeringdb.com/api"
4462,Elstree Customer Hosting Centre,Borehamwood,GB,Europe,1,0,0,51.653994,-0.280006,"PeeringDB, peeringdb.com/api"
4463,Bolton Customer Hosting Centre,Bolton,GB,Europe,1,0,0,53.585077,-2.526218,"PeeringDB, peeringdb.com/api"
4464,MistLayer Kerala (CLT01),Calicut,IN,Asia Pacific,0,0,0,11.640404,75.572205,"PeeringDB, peeringdb.com/api"
4466,Bell Teleservices India Pvt Ltd,Bangalore,IN,Asia Pacific,0,0,0,12.974603,77.609723,"PeeringDB, peeringdb.com/api"
4467,Ufinet Paraguay,Asuncion,PY,South America,3,0,0,,,"PeeringDB, peeringdb.com/api"
4472,UltraEdge Rezé,Rezé,FR,Europe,4,0,2,47.196473,-1.561053,"PeeringDB, peeringdb.com/api"
4475,TELEPOINT Montana,Montana,BG,Europe,5,0,2,43.406185,23.225133,"PeeringDB, peeringdb.com/api"
4478,Switch Datacenters AMS2,Woerden,NL,Europe,3,0,4,52.0818,4.892822,"PeeringDB, peeringdb.com/api"
4483,Keppel Data Centres | Keppel DC Frankfurt 1,Frankfurt,DE,Europe,3,1,0,50.195395,8.639651,"PeeringDB, peeringdb.com/api"
4484,Keppel Data Centres | Keppel DC Dublin 1,Dublin,IE,Europe,9,0,1,53.291529,-6.416334,"PeeringDB, peeringdb.com/api"
4485,Keppel Data Centres | Keppel DC Almere 2,Almere,NL,Europe,0,0,0,52.364554,5.268639,"PeeringDB, peeringdb.com/api"
4486,Keppel Data Centres | Keppel DC Almere 1,Almere,NL,Europe,3,0,1,52.364554,5.268639,"PeeringDB, peeringdb.com/api"
4487,Keppel Data Centres | GV7 Data Centre,London,GB,Europe,0,0,0,51.494644,-0.018318,"PeeringDB, peeringdb.com/api"
4500,Talklink Telecom,Rio Claro,BR,South America,1,0,0,-22.399747,-47.561748,"PeeringDB, peeringdb.com/api"
4502,TIX - Tanzania - Posta House,Dar es Salaam,TZ,Africa,14,1,0,-6.813258,39.288795,"PeeringDB, peeringdb.com/api"
4504,Pronexon Datacenter,Reutlingen,DE,Europe,0,0,0,48.509039,9.22433,"PeeringDB, peeringdb.com/api"
4505,EDCDET01,Southfield,US,North America,3,0,0,42.448537,-83.261226,"PeeringDB, peeringdb.com/api"
4506,Over the Wire - 24 Little Edward,Spring Hill,AU,Australia,1,0,0,-27.46201,153.02398,"PeeringDB, peeringdb.com/api"
4507,Over the Wire - 360 St Pauls,Fortitude Valley,AU,Australia,0,0,0,-27.454994,153.032206,"PeeringDB, peeringdb.com/api"
4508,RASH - ANIX,Tirana,AL,Europe,13,1,1,41.332467,19.806942,"PeeringDB, peeringdb.com/api"
4511,OADC - Parklands,Johannesburg,ZA,Africa,21,2,1,-26.146144,28.036968,"PeeringDB, peeringdb.com/api"
4514,Fireline Broadband,Santa Fe Springs,US,North America,0,0,0,33.948356,-118.073256,"PeeringDB, peeringdb.com/api"
4521,CITIC Telecom CPC Netherlands B.V.,Amsterdam,NL,Europe,0,0,0,52.305474,4.949249,"PeeringDB, peeringdb.com/api"
4529,Canada15Edge Data Center,Toronto,CA,North America,3,0,0,43.613146,-79.51565,"PeeringDB, peeringdb.com/api"
4533,SimbaNET Nairobi,Gateway Business Park,KE,Africa,2,0,0,-1.325805,36.849609,"PeeringDB, peeringdb.com/api"
4545,ServerHouse F2,Fareham,GB,Europe,2,0,0,50.867745,-1.24561,"PeeringDB, peeringdb.com/api"
4546,LightEdge Des Moines 1 (DSM1),Altoona,US,North America,6,0,0,41.667665,-93.455473,"PeeringDB, peeringdb.com/api"
4547,LightEdge Des Moines 2 (DSM2),Altoona,US,North America,5,0,0,41.666762,-93.455725,"PeeringDB, peeringdb.com/api"
4548,LightEdge Kansas City Subtropolis (KCI1),Kansas City,US,North America,7,1,0,39.159195,-94.471237,"PeeringDB, peeringdb.com/api"
4549,LightEdge Omaha (OMA1),Papillion,US,North America,1,0,1,41.159748,-96.025585,"PeeringDB, peeringdb.com/api"
4553,EBOX 1225STCO,Longueuil,CA,North America,1,0,1,45.522757,-73.520564,"PeeringDB, peeringdb.com/api"
4554,Klixa Muttenz,Muttenz,CH,Europe,1,0,0,47.527786,7.65602,"PeeringDB, peeringdb.com/api"
4555,INFONET DC,Tallinn,EE,Europe,27,7,1,59.45716,24.693153,"PeeringDB, peeringdb.com/api"
4562,Infium Baltic,Vilnius,LT,Europe,1,1,0,54.723907,25.239697,"PeeringDB, peeringdb.com/api"
4566,Seeweb Milano Caldera,Milan,IT,Europe,59,4,6,45.477546,9.105083,"PeeringDB, peeringdb.com/api"
4571,Quest Roseville,Roseville,US,North America,0,0,0,38.789905,-121.313861,"PeeringDB, peeringdb.com/api"
4572,Omnis Network Phoenix,Tempe,US,North America,4,0,0,33.394673,-111.952418,"PeeringDB, peeringdb.com/api"
4577,SYMPHONY THAI - IDC BANGKOK,Chatuchak,TH,Asia Pacific,3,1,0,13.824855,100.559536,"PeeringDB, peeringdb.com/api"
4580,MDC El Paso,El Paso,US,North America,16,1,3,31.750001,-106.309928,"PeeringDB, peeringdb.com/api"
4581,MDC Laredo,Laredo,US,North America,9,0,2,27.690636,-99.450354,"PeeringDB, peeringdb.com/api"
4582,Cogent New York 1,New York,US,North America,7,0,0,40.705781,-74.013972,"PeeringDB, peeringdb.com/api"
4588,KIO Panamá 1 (PAN1),Panama,PA,North America,7,0,0,8.927542,-79.593352,"PeeringDB, peeringdb.com/api"
4589,KIO Guatemala 1 (GTM1),Guatemala City,GT,North America,16,2,1,,,"PeeringDB, peeringdb.com/api"
4590,KIO Santo Domingo 1 (SDO1),Santo Domingo Este,DO,North America,3,0,0,18.46157,-69.707041,"PeeringDB, peeringdb.com/api"
4591,KIO Murcia 1 (MUR1),Murcia,ES,Europe,2,0,0,38.024856,-1.168926,"PeeringDB, peeringdb.com/api"
4592,KIO México 5 (MEX5),Tultitlan,MX,North America,29,1,3,19.628098,-99.152562,"PeeringDB, peeringdb.com/api"
4593,KIO México 3 (MEX3),Santa Fe,MX,North America,6,0,0,19.372741,-99.260456,"PeeringDB, peeringdb.com/api"
4594,KIO México 4 (MEX4),Huixquilucan,MX,North America,12,1,0,19.400262,-99.27421,"PeeringDB, peeringdb.com/api"
4595,DC West,Perth,AU,Australia,0,0,0,-31.950026,115.865483,"PeeringDB, peeringdb.com/api"
4597,Sevilla Datacenter,Seville,ES,Europe,9,0,0,37.4847,-5.93039,"PeeringDB, peeringdb.com/api"
4598,STACK infrastructure GEN02,Gland,CH,Europe,6,0,1,46.414502,6.265033,"PeeringDB, peeringdb.com/api"
4600,CyrusOne Sterling V,Sterling,US,North America,1,2,2,39.027202,-77.435827,"PeeringDB, peeringdb.com/api"
4601,Digital Sense Brisbane,Kenmore,AU,Australia,3,0,0,-27.510174,152.938098,"PeeringDB, peeringdb.com/api"
4604,Coloblox Data Centers ATL2,Atlanta,US,North America,4,0,1,33.755851,-84.391243,"PeeringDB, peeringdb.com/api"
4615,Baltneta TIER3 Datacenter,Vilnius,LT,Europe,8,1,1,54.63746,25.306727,"PeeringDB, peeringdb.com/api"
4623,Baltneta TIER2 Datacenter,Vilnius,LT,Europe,1,0,0,54.669364,25.270851,"PeeringDB, peeringdb.com/api"
4627,Equinix AM4 - Amsterdam  Science Park,Amsterdam,NL,Europe,63,10,14,52.354686,4.958827,"PeeringDB, peeringdb.com/api"
4639,PLTPRO Data Centre,Cyberjaya,MY,Asia Pacific,5,3,0,2.917314,101.66188,"PeeringDB, peeringdb.com/api"
4642,Dat  s.r.o,Uherske Hradiste,CZ,Europe,0,0,0,49.065023,17.459679,"PeeringDB, peeringdb.com/api"
4663,INTRED-DC-CRETA,Brescia,IT,Europe,0,0,0,45.528561,10.214249,"PeeringDB, peeringdb.com/api"
4664,INTRED-DC-TAMBURINI,Brescia,IT,Europe,0,0,0,45.577595,10.230506,"PeeringDB, peeringdb.com/api"
4666,Equinix BO2 - Boston  Billerica,Billerica,US,North America,2,0,1,42.55167,-71.215669,"PeeringDB, peeringdb.com/api"
4670,Trivenet,Padova,IT,Europe,1,0,0,45.410084,11.911646,"PeeringDB, peeringdb.com/api"
4671,NS3 - PD02,Padova,IT,Europe,4,0,0,45.391996,11.944702,"PeeringDB, peeringdb.com/api"
4675,Digital Realty SJC (3205 Alfred St),Santa Clara,US,North America,0,0,0,37.379576,-121.958562,"PeeringDB, peeringdb.com/api"
4676,Digital Realty SJC (3105 Alfred St),Santa Clara,US,North America,2,0,1,37.378271,-121.958112,"PeeringDB, peeringdb.com/api"
4678,Digital Realty SJC (3011 Lafayette St),Santa Clara,US,North America,1,0,0,37.376362,-121.948543,"PeeringDB, peeringdb.com/api"
4679,Digital Realty SJC (1725 Comstock St),Santa Clara,US,North America,0,0,1,37.375034,-121.958096,"PeeringDB, peeringdb.com/api"
4680,Digital Realty SJC (1525 Comstock St),Santa Clara,US,North America,2,0,1,37.37493,-121.956008,"PeeringDB, peeringdb.com/api"
4681,Digital Realty SJC (1500 Space Park Dr),Santa Clara,US,North America,0,0,1,37.375801,-121.955182,"PeeringDB, peeringdb.com/api"
4682,Digital Realty SJC (1201 Comstock St),Santa Clara,US,North America,1,1,1,37.37498,-121.954079,"PeeringDB, peeringdb.com/api"
4687,Datacenter.com AMS1,Amsterdam,NL,Europe,13,0,3,52.309485,4.935572,"PeeringDB, peeringdb.com/api"
4688,NEXTDC B2,Fortitude Valley,AU,Australia,86,3,7,-27.453902,153.0332,"PeeringDB, peeringdb.com/api"
4701,Netmagic Chennai,Chennai,IN,Asia Pacific,11,2,0,13.060871,80.133915,"PeeringDB, peeringdb.com/api"
4703,Omega Telecom Dnipro,Dnipro,UA,Europe,6,1,0,,,"PeeringDB, peeringdb.com/api"
4704,Equinix FR6 - Frankfurt  West,Frankfurt,DE,Europe,70,9,10,50.097939,8.587964,"PeeringDB, peeringdb.com/api"
4707,Digital Realty ROM0 - Rome,Rome,IT,Europe,6,1,0,41.909377,12.588295,"PeeringDB, peeringdb.com/api"
4710,ParcBit CPD Palma,Palma,ES,Europe,1,0,0,39.634325,2.631838,"PeeringDB, peeringdb.com/api"
4712,CX5 / MY02 Cyberjaya Malaysia,Cyberjaya,MY,Asia Pacific,0,0,0,2.914565,101.649916,"PeeringDB, peeringdb.com/api"
4720,SULNET,Santa Rosa,BR,South America,0,0,0,-27.851024,-54.475754,"PeeringDB, peeringdb.com/api"
4730,Esnet,Vilnius,LT,Europe,0,0,0,54.734677,25.33237,"PeeringDB, peeringdb.com/api"
4732,Fursine,Belo Horizonte,BR,South America,0,0,0,,,"PeeringDB, peeringdb.com/api"
4744,GUILAB Datacenter,Conakry,GN,Africa,5,1,0,9.606391,-13.652079,"PeeringDB, peeringdb.com/api"
4745,Digital Realty IAD (44100 Digital Loudoun),Ashburn,US,North America,11,2,1,39.001795,-77.47841,"PeeringDB, peeringdb.com/api"
4747,H5 Data Centers Virginia (4030),Chantilly,US,North America,1,0,0,38.910141,-77.472549,"PeeringDB, peeringdb.com/api"
4748,H5 Data Centers Virginia (4040),Chantilly,US,North America,1,0,0,38.909881,-77.473498,"PeeringDB, peeringdb.com/api"
4749,H5 Data Centers Virginia (4050),Chantilly,US,North America,1,0,0,38.909241,-77.472266,"PeeringDB, peeringdb.com/api"
4750,43915 Devin Shafron,Ashburn,US,North America,3,0,1,39.002814,-77.481851,"PeeringDB, peeringdb.com/api"
4751,Digital Realty IAD (43881 Devin Shafron),Ashburn,US,North America,4,1,1,39.002034,-77.483444,"PeeringDB, peeringdb.com/api"
4752,Digital Realty IAD (43791 Devin Shafron),Ashburn,US,North America,6,1,1,39.003285,-77.487214,"PeeringDB, peeringdb.com/api"
4753,Digital Realty IAD (43830 Devin Shafron),Ashburn,US,North America,8,1,1,39.004182,-77.484108,"PeeringDB, peeringdb.com/api"
4754,Digital Realty IAD (44060 Digital Loudoun),Ashburn,US,North America,3,1,1,39.001795,-77.47841,"PeeringDB, peeringdb.com/api"
4755,Digital Realty IAD (44490 Chilum),Ashburn,US,North America,2,2,1,39.020901,-77.459831,"PeeringDB, peeringdb.com/api"
4756,Digital Realty IAD (44520 Hastings),Ashburn,US,North America,1,1,1,39.020372,-77.459125,"PeeringDB, peeringdb.com/api"
4757,Digital Realty IAD (21625 Gresham),Ashburn,US,North America,4,2,1,39.017522,-77.465676,"PeeringDB, peeringdb.com/api"
4758,Digital Realty IAD (21745 Sir Timothy),Ashburn,US,North America,2,2,1,39.014286,-77.466327,"PeeringDB, peeringdb.com/api"
4759,Digital Realty IAD (1780 Business Center),Reston,US,North America,2,0,0,38.948482,-77.327203,"PeeringDB, peeringdb.com/api"
4760,Digital Realty GNV (8217 Linton Hall),Gainesville,US,North America,0,0,0,38.775892,-77.596103,"PeeringDB, peeringdb.com/api"
4762,DC02 - The Tapestry,Liverpool,GB,Europe,0,4,0,53.410527,-2.971513,"PeeringDB, peeringdb.com/api"
4765,Cambodian SingMeng Telemedia Co.  Ltd.,Phnom Penh,KH,Asia Pacific,2,0,0,11.574949,104.893261,"PeeringDB, peeringdb.com/api"
4770,Digital Realty CLT (113 N Myers St),Charlotte,US,North America,14,1,2,35.221885,-80.835538,"PeeringDB, peeringdb.com/api"
4772,Digital Realty AMS15 - Amsterdam,Hoofddorp,NL,Europe,1,0,3,52.289965,4.678661,"PeeringDB, peeringdb.com/api"
4773,Digital Realty EWR (2 Peekay),Clifton,US,North America,11,3,1,40.830886,-74.125188,"PeeringDB, peeringdb.com/api"
4774,Digital Realty YYZ10 Toronto (371 Gough),Markham,CA,North America,3,0,0,43.838346,-79.323485,"PeeringDB, peeringdb.com/api"
4775,Digital Realty YYZ11 Toronto (1 Century),Vaughan,CA,North America,0,0,0,43.777355,-79.543963,"PeeringDB, peeringdb.com/api"
4780,IF-IX,Ivano-Frankivsk,UA,Europe,2,1,0,48.919545,24.707108,"PeeringDB, peeringdb.com/api"
4782,Data-Center IMAQLIQ,St. Petersburg,RU,Europe,16,4,1,59.899711,30.401316,"PeeringDB, peeringdb.com/api"
4788,Telin-3,Singapore,SG,Asia Pacific,9,1,1,1.316745,103.701519,"PeeringDB, peeringdb.com/api"
4795,Connect plus s.r.o.,Prague,CZ,Europe,0,0,0,50.091355,14.501636,"PeeringDB, peeringdb.com/api"
4796,Digital Realty Frankfurt FRA29-32,Frankfurt,DE,Europe,7,3,2,50.127174,8.585565,"PeeringDB, peeringdb.com/api"
4798,Digital Realty London LGW16,Crawley,GB,Europe,0,0,0,,,"PeeringDB, peeringdb.com/api"
4804,Aphorio Carter Trumbull Data Center,Trumbull,US,North America,1,0,1,41.240684,-73.147321,"PeeringDB, peeringdb.com/api"
4809,VITRO Makati 2,Makati,PH,Asia Pacific,133,8,3,14.564484,121.022368,"PeeringDB, peeringdb.com/api"
4810,VITRO Pasig,Pasig City,PH,Asia Pacific,29,5,1,14.569766,121.068242,"PeeringDB, peeringdb.com/api"
4816,Giga+ (Alloha Fibra),Fortaleza,BR,South America,12,2,1,-3.724437,-38.481912,"PeeringDB, peeringdb.com/api"
4821,DigitalNet,Campo Grande,BR,South America,3,0,0,-20.516021,-54.573625,"PeeringDB, peeringdb.com/api"
4825,TOWNGAS TELECOM DATA CENTRE 2,Hong Kong,HK,Asia Pacific,18,0,1,22.286863,114.274581,"PeeringDB, peeringdb.com/api"
4826,Delska EU North Vilnius LT DC1,Vilnius,LT,Europe,3,1,0,54.611556,25.120894,"PeeringDB, peeringdb.com/api"
4833,Berytech Technological Pole,Beirut,LB,Middle East,1,1,0,33.864976,35.562222,"PeeringDB, peeringdb.com/api"
4838,ICODIA NETWORK INTEGRITY,Cesson-Sévigné,FR,Europe,0,0,0,48.103132,-1.625042,"PeeringDB, peeringdb.com/api"
4843,NEXTDC M2,Tullamarine,AU,Australia,34,2,3,-37.708029,144.875694,"PeeringDB, peeringdb.com/api"
4844,NANO Datacentre,Thimphu,BT,Asia Pacific,0,0,0,27.470902,89.639997,"PeeringDB, peeringdb.com/api"
4849,RedIT Queretaro,Queretaro,MX,North America,0,0,0,20.558668,-100.362761,"PeeringDB, peeringdb.com/api"
4852,JasTel Data Center (Thailand),Nonthaburi,TH,Asia Pacific,23,1,0,13.905154,100.521613,"PeeringDB, peeringdb.com/api"
4856,NorthC Eindhoven 1,Eindhoven,NL,Europe,21,1,4,51.407417,5.458918,"PeeringDB, peeringdb.com/api"
4857,NorthC Rotterdam Waalhaven,Rotterdam,NL,Europe,8,2,6,51.875343,4.449031,"PeeringDB, peeringdb.com/api"
4865,Digital Realty Hong Kong HKG10,Hong Kong,HK,Asia Pacific,4,0,0,22.282065,114.273938,"PeeringDB, peeringdb.com/api"
4867,UNITEL-AO-LAD-DC-LUANDASUL,Luanda,AO,Africa,2,0,0,-8.914417,13.175889,"PeeringDB, peeringdb.com/api"
4868,UNITEL-AO-LAD-DC-FILDA,Luanda,AO,Africa,1,0,0,-8.852825,13.294281,"PeeringDB, peeringdb.com/api"
4870,Digital Realty AUS11 - Austin,Austin,US,North America,2,0,2,30.212179,-97.695775,"PeeringDB, peeringdb.com/api"
4874,Softdados IDC,Salvador,BR,South America,3,0,0,-12.987901,-38.466893,"PeeringDB, peeringdb.com/api"
4876,Cloud Module 1,Marousi,GR,Europe,1,0,0,38.036138,23.797892,"PeeringDB, peeringdb.com/api"
4879,Softdados IDC at Telxius CLS,Salvador,BR,South America,3,0,1,-12.931111,-38.326678,"PeeringDB, peeringdb.com/api"
4882,Global Switch Madrid,Madrid,ES,Europe,19,2,2,40.447968,-3.574684,"PeeringDB, peeringdb.com/api"
4883,Global Switch Hong Kong,Hong Kong,HK,Asia Pacific,9,0,0,22.287775,114.271048,"PeeringDB, peeringdb.com/api"
4885,VIRTUS LONDON5 (Stockley Park),Stockley Park,GB,Europe,1,0,2,51.503731,-0.44782,"PeeringDB, peeringdb.com/api"
4892,MAXNET Łukasz Hamerski,Gdynia,PL,Europe,0,0,0,54.50597,18.536652,"PeeringDB, peeringdb.com/api"
4903,e-Style ISP LLC,Moscow,RU,Europe,1,0,0,55.889033,37.594974,"PeeringDB, peeringdb.com/api"
4906,Jaguar Communications,Owatonna,US,North America,0,0,1,44.083125,-93.228236,"PeeringDB, peeringdb.com/api"
4914,West-Com Trade Ltd.,St. Petersburg,RU,Europe,0,0,0,60.016196,30.30582,"PeeringDB, peeringdb.com/api"
4919,StoreData LLC,Moscow,RU,Europe,3,0,0,55.736661,37.694987,"PeeringDB, peeringdb.com/api"
4921,DROBETA DATACENTER,Drobeta Turnu Severin,RO,Europe,1,1,0,44.643943,22.670286,"PeeringDB, peeringdb.com/api"
4924,Datacenter Leipzig - envia TEL GmbH,Taucha,DE,Europe,19,1,0,51.372686,12.472807,"PeeringDB, peeringdb.com/api"
4925,Airtel Gabon,Libreville,GA,Africa,1,0,0,,,"PeeringDB, peeringdb.com/api"
4931,Advanced IX SAL,Beirut,LB,Middle East,0,0,0,,,"PeeringDB, peeringdb.com/api"
4952,Serverfarm LAX1 Los Angeles,El Segundo,US,North America,3,0,1,33.921614,-118.386551,"PeeringDB, peeringdb.com/api"
4953,Cogent Seattle,Federal Way,US,North America,3,0,0,47.31176,-122.294551,"PeeringDB, peeringdb.com/api"
4958,Spectrum Networks George Street Data Center,Sydney,AU,Australia,1,0,0,-33.866953,151.207421,"PeeringDB, peeringdb.com/api"
4966,Cogent Herndon,Herndon,US,North America,2,1,0,38.962883,-77.380442,"PeeringDB, peeringdb.com/api"
4974,Epsilon Global Hubs London,London,GB,Europe,4,2,1,51.525318,-0.08416,"PeeringDB, peeringdb.com/api"
4984,Portus LUX1,Luxembourg,LU,Europe,13,1,2,49.579747,6.109837,"PeeringDB, peeringdb.com/api"
4987,Titania Cuiabá (Brasil TecPar),Cuiabá,BR,South America,0,1,0,-15.594931,-56.102861,"PeeringDB, peeringdb.com/api"
4990,Burbank Water and Power,Burbank,US,North America,0,0,0,34.177856,-118.316743,"PeeringDB, peeringdb.com/api"
4992,Flexential - Philadelphia/Collegeville (PHL01),Collegeville,US,North America,2,0,1,40.151699,-75.479529,"PeeringDB, peeringdb.com/api"
4993,Flexential - Dallas/Plano (DFW01),Plano,US,North America,3,0,2,33.007418,-96.666318,"PeeringDB, peeringdb.com/api"
4994,Flexential - Fort Lauderdale (FLL1/2),Fort Lauderdale,US,North America,1,0,1,26.190264,-80.19326,"PeeringDB, peeringdb.com/api"
4995,Flexential - Atlanta/Norcross (ATL1/2),Norcross,US,North America,1,0,2,33.954763,-84.198645,"PeeringDB, peeringdb.com/api"
4996,Flexential - Atlanta/Alpharetta (ATL3/4),Alpharetta,US,North America,2,0,2,34.08716,-84.252346,"PeeringDB, peeringdb.com/api"
4998,Flexential - Charlotte/South (CLT1/2/3),Charlotte,US,North America,5,1,1,35.135366,-80.93693,"PeeringDB, peeringdb.com/api"
4999,Flexential - Charlotte/North (CLT4/5),Charlotte,US,North America,5,2,1,35.329674,-80.766017,"PeeringDB, peeringdb.com/api"
5000,Flexential - Jacksonville (JAX1/2),Jacksonville,US,North America,2,0,1,30.24567,-81.581866,"PeeringDB, peeringdb.com/api"
5001,Flexential - Louisville/Downtown (LOU02/03/04),Louisville,US,North America,2,0,1,38.242458,-85.733412,"PeeringDB, peeringdb.com/api"
5002,Flexential - Louisville/East (LOU5),Louisville,US,North America,0,0,1,38.276081,-85.50733,"PeeringDB, peeringdb.com/api"
5003,Flexential - Nashville/Brentwood (NAS01/04),Brentwood,US,North America,1,0,1,35.972453,-86.808748,"PeeringDB, peeringdb.com/api"
5004,Flexential - Nashville/Cool Springs (NAS02/03),Franklin,US,North America,3,0,1,35.951091,-86.833251,"PeeringDB, peeringdb.com/api"
5005,Flexential - Nashville/Franklin (NAS05/06),Franklin,US,North America,1,0,1,35.92028,-86.815618,"PeeringDB, peeringdb.com/api"
5007,Flexential - Raleigh (RAL01/02/03),Morrisville,US,North America,6,1,2,35.84984,-78.829017,"PeeringDB, peeringdb.com/api"
5008,Flexential - Richmond (RIC01/02),Richmond,US,North America,1,0,0,37.646784,-77.438443,"PeeringDB, peeringdb.com/api"
5009,Flexential - Tampa/West (TPA01/02),Tampa,US,North America,2,0,2,28.036955,-82.540938,"PeeringDB, peeringdb.com/api"
5010,Flexential - Tampa/North (TPA03),Tampa,US,North America,4,0,2,28.074222,-82.368201,"PeeringDB, peeringdb.com/api"
5017,DIGISOFT,Dhaka,BD,Asia Pacific,0,0,0,23.733627,90.387196,"PeeringDB, peeringdb.com/api"
5019,icolo.io Mombasa One (MBA1),Miritini,KE,Africa,94,3,1,-4.007737,39.590389,"PeeringDB, peeringdb.com/api"
5020,Colocation Northwest - Tacoma,Tacoma,US,North America,4,0,0,47.253339,-122.436765,"PeeringDB, peeringdb.com/api"
5024,Datavault Kanavuori inc.,Jyväskylä,FI,Europe,1,0,1,62.237133,25.911942,"PeeringDB, peeringdb.com/api"
5025,GlobalConnect Vesterbro (CPH2),Copenhagen,DK,Europe,2,0,1,55.670113,12.538302,"PeeringDB, peeringdb.com/api"
5026,GlobalConnect Albertslund (CPH3),Albertslund,DK,Europe,0,0,0,55.665439,12.368436,"PeeringDB, peeringdb.com/api"
5027,GlobalConnect Odense,Odense,DK,Europe,0,0,0,55.388958,10.440261,"PeeringDB, peeringdb.com/api"
5029,GlobalConnect Nørre Nebel,Nørre Nebel,DK,Europe,0,0,0,55.778553,8.284,"PeeringDB, peeringdb.com/api"
5030,Netflash Datacentre - Victoria St  Kitchener,Kitchener,CA,North America,1,0,0,43.468542,-80.452487,"PeeringDB, peeringdb.com/api"
5031,True IDC  Yangon  Myanmar,Hlaing,MM,Asia Pacific,7,1,0,16.850614,96.129043,"PeeringDB, peeringdb.com/api"
5040,Green Datacenter ZRH3 (fka: Green Schlieren),Schlieren,CH,Europe,7,1,0,47.40362,8.437889,"PeeringDB, peeringdb.com/api"
5042,702 Communications - Moorhead  MN,Moorhead,US,North America,2,0,2,46.874078,-96.769171,"PeeringDB, peeringdb.com/api"
5052,Epsilon Global Hubs Singapore,Singapore,SG,Asia Pacific,19,3,2,1.352088,103.860775,"PeeringDB, peeringdb.com/api"
5053,Epsilon Global Hubs Hong Kong,Hong Kong,HK,Asia Pacific,4,1,0,22.266098,114.246512,"PeeringDB, peeringdb.com/api"
5060,Super Mendoza,Mendoza,AR,South America,3,0,0,-32.884221,-68.842157,"PeeringDB, peeringdb.com/api"
5067,JL TELECOM,Rio de Janeiro,BR,South America,0,0,0,-22.88846,-43.229637,"PeeringDB, peeringdb.com/api"
5070,Datacenter NEXEREN,Civrieux,FR,Europe,7,0,1,45.903869,4.876179,"PeeringDB, peeringdb.com/api"
5073,KCT Corporation,Kurashiki,JP,Asia Pacific,0,0,0,,,"PeeringDB, peeringdb.com/api"
5078,Datacenter Stadtwerk Konstanz,Konstanz,DE,Europe,1,1,0,47.67585,9.16158,"PeeringDB, peeringdb.com/api"
5084,Data Center West Medford,Medford,US,North America,4,1,0,42.332451,-122.880416,"PeeringDB, peeringdb.com/api"
5085,Data Center West Eugene,Eugene,US,North America,2,0,0,44.05071,-123.093116,"PeeringDB, peeringdb.com/api"
5092,H5 Data Centers Albuquerque,Albuquerque,US,North America,19,1,0,35.088555,-106.652284,"PeeringDB, peeringdb.com/api"
5094,Equinix LG1/LG2 – Lagos  Lekki,Lekki,NG,Africa,77,2,1,6.449602,3.588328,"PeeringDB, peeringdb.com/api"
5095,Delska EU North Vilnius LT DC2,Vilnius,LT,Europe,10,1,1,54.677175,25.267236,"PeeringDB, peeringdb.com/api"
5099,Directweb Tecnologia em Informatica,São Paulo,BR,South America,0,0,0,-23.611259,-46.693928,"PeeringDB, peeringdb.com/api"
5110,EdgeConneX Toronto (EDCTOR01),North York,CA,North America,1,0,0,43.809518,-79.342696,"PeeringDB, peeringdb.com/api"
5111,EdgeConneX Miami (EDCMIA02),Miami,US,North America,3,0,1,25.945524,-80.191391,"PeeringDB, peeringdb.com/api"
5112,Unitelco SP,São Paulo,BR,South America,0,0,0,-23.555945,-46.662103,"PeeringDB, peeringdb.com/api"
5113,University of Maine - Neville Telecom Colo,Orono,US,North America,3,1,0,44.901994,-68.66674,"PeeringDB, peeringdb.com/api"
5118,EXA Edge DC Bordeaux,Bordeaux,FR,Europe,2,0,3,44.780989,-0.537342,"PeeringDB, peeringdb.com/api"
5124,Softnet Trzin DC,Trzin,SI,Europe,2,0,0,46.121491,14.550622,"PeeringDB, peeringdb.com/api"
5125,Softnet Ljubljana DC,Ljubljana,SI,Europe,1,0,0,46.057422,14.505232,"PeeringDB, peeringdb.com/api"
5129,BR.Digital Florianópolis (FNS1),Florianópolis,BR,South America,12,1,1,-27.600777,-48.593791,"PeeringDB, peeringdb.com/api"
5130,BR.Digital Brasília (BSA2),Brasília,BR,South America,9,1,1,-15.645722,-47.768717,"PeeringDB, peeringdb.com/api"
5131,BR.Digital Curitiba (CTA1),Curitiba,BR,South America,24,2,4,-25.459116,-49.259552,"PeeringDB, peeringdb.com/api"
5132,BR.Digital São Paulo (SPO1),São Paulo,BR,South America,26,1,2,-23.607136,-46.694609,"PeeringDB, peeringdb.com/api"
5133,BR.Digital Fortaleza (FLA1),Fortaleza,BR,South America,28,1,2,-3.752937,-38.528399,"PeeringDB, peeringdb.com/api"
5134,BR.Digital Salvador (SDR1),Salvador,BR,South America,9,1,1,-12.983643,-38.453709,"PeeringDB, peeringdb.com/api"
5135,BR.Digital Rio de Janeiro (RJO1),Rio de Janeiro,BR,South America,12,1,2,-22.909934,-43.204366,"PeeringDB, peeringdb.com/api"
5137,BONCH-IT,St. Petersburg,RU,Europe,7,2,0,59.934875,30.317676,"PeeringDB, peeringdb.com/api"
5138,Digital Realty PHX15 (2121 S Price Rd),Chandler,US,North America,6,0,1,33.27485,-111.886948,"PeeringDB, peeringdb.com/api"
5140,Ascenty FTZ01 - Fortaleza,Maracanaú,BR,South America,55,2,3,-3.830803,-38.611253,"PeeringDB, peeringdb.com/api"
5141,APPLIWAVE - CBO,Croissy Beaubourg,FR,Europe,3,0,0,48.82287,2.641987,"PeeringDB, peeringdb.com/api"
5145,GABIX POP ACE,Libreville,GA,Africa,4,1,0,0.522265,9.393191,"PeeringDB, peeringdb.com/api"
5146,GABIX POP CT-1,Libreville,GA,Africa,5,1,0,0.416185,9.467299,"PeeringDB, peeringdb.com/api"
5148,KG-IX Bishkek,Bishkek,KG,Asia Pacific,2,1,0,,,"PeeringDB, peeringdb.com/api"
5149,Vision247 - Chiswick Datacenter,London,GB,Europe,0,0,1,51.494725,-0.274793,"PeeringDB, peeringdb.com/api"
5150,QTS Ashburn (ASH1),Sterling,US,North America,5,1,1,39.000373,-77.448809,"PeeringDB, peeringdb.com/api"
5151,QTS Ashburn (IAD2),Sterling,US,North America,9,2,2,,,"PeeringDB, peeringdb.com/api"
5156,PlusServer DataCore Köln,Cologne,DE,Europe,1,0,0,50.91076,7.06076,"PeeringDB, peeringdb.com/api"
5157,PlusServer DataHub Düsseldorf,Düsseldorf,DE,Europe,1,0,1,51.18847,6.86554,"PeeringDB, peeringdb.com/api"
5172,Hiway Internet,Valinhos,BR,South America,0,0,0,-22.970011,-46.995886,"PeeringDB, peeringdb.com/api"
5175,Serinya Telecom,Eslettes,FR,Europe,0,0,0,,,"PeeringDB, peeringdb.com/api"
5176,Eletronet - Fortaleza,Fortaleza,BR,South America,8,1,1,-3.826032,-38.539102,"PeeringDB, peeringdb.com/api"
5183,WowRack,Tukwila,US,North America,20,3,1,47.49312,-122.293712,"PeeringDB, peeringdb.com/api"
5187,Digital Realty IAD 39 (44274 Round Table),Ashburn,US,North America,16,3,3,32.958748,-96.822079,"PeeringDB, peeringdb.com/api"
5195,N+ONE DATACENTERS,Casablanca,MA,Africa,0,1,0,,,"PeeringDB, peeringdb.com/api"
5197,CyrusOne Dallas (Allen),Allen,US,North America,1,1,0,33.137525,-96.657906,"PeeringDB, peeringdb.com/api"
5199,D-LAKE,Annecy,FR,Europe,3,0,1,45.907841,6.102777,"PeeringDB, peeringdb.com/api"
5204,Lawton Information Services  LLC,Lakeland,US,North America,1,0,0,27.958465,-81.965329,"PeeringDB, peeringdb.com/api"
5206,NS3 - PD01,Padova,IT,Europe,1,0,0,45.382913,11.93908,"PeeringDB, peeringdb.com/api"
5210,HostDime JPA Brazil DataCenter,Joao Pessoa,BR,South America,9,1,1,-7.117382,-34.856902,"PeeringDB, peeringdb.com/api"
5211,HostDime Orlando Data Center,Orlando,US,North America,8,0,1,28.617526,-81.393381,"PeeringDB, peeringdb.com/api"
5212,HostDime GDL Mexico Data Center,Guadalajara,MX,North America,13,1,1,20.657444,-103.397993,"PeeringDB, peeringdb.com/api"
5213,Tely Joao Pessoa,Joao Pessoa,BR,South America,5,0,0,-7.115734,-34.879869,"PeeringDB, peeringdb.com/api"
5214,Strand Exchange,Strand,ZA,Africa,0,0,0,,,"PeeringDB, peeringdb.com/api"
5215,KIO Monterrey 1 (MTY1),Monterrey,MX,North America,5,0,1,25.649217,-100.358549,"PeeringDB, peeringdb.com/api"
5221,DigiCo Brisbane BNE1 (iseek LDR1),Eagle Farm,AU,Australia,6,1,0,,,"PeeringDB, peeringdb.com/api"
5222,DigiCo Sydney SYD2 (iseek GH),Artarmon,AU,Australia,1,0,0,-33.820006,151.186295,"PeeringDB, peeringdb.com/api"
5223,LCL Wallonia One,Gembloux,BE,Europe,11,0,1,50.503527,4.717761,"PeeringDB, peeringdb.com/api"
5226,Scala Data Centers SGRUTB01,Barueri,BR,South America,16,2,1,-23.49497,-46.811305,"PeeringDB, peeringdb.com/api"
5227,Datacenter UFINET BRASIL (Novo Teleporto),Rio de Janeiro,BR,South America,20,1,0,-22.908312,-43.221504,"PeeringDB, peeringdb.com/api"
5229,eStruxture MTL-2,Montreal,CA,North America,10,1,0,45.457686,-73.632047,"PeeringDB, peeringdb.com/api"
5230,eStruxture MTL-3,Boucherville,CA,North America,5,1,0,45.56699,-73.426622,"PeeringDB, peeringdb.com/api"
5231,CentriLogic Rochester (ROC),Rochester,US,North America,2,0,0,43.167127,-77.673029,"PeeringDB, peeringdb.com/api"
5232,CentriLogic Buffalo (BUF),Buffalo,US,North America,1,0,0,42.884112,-78.875431,"PeeringDB, peeringdb.com/api"
5233,CentriLogic York (YOR),Toronto,CA,North America,2,0,0,43.646226,-79.382514,"PeeringDB, peeringdb.com/api"
5234,CentriLogic Traders (TRA),Mississauga,CA,North America,1,0,0,43.628325,-79.669945,"PeeringDB, peeringdb.com/api"
5235,CentriLogic Tranmere (TME),Mississauga,CA,North America,1,0,0,43.689049,-79.67696,"PeeringDB, peeringdb.com/api"
5236,TATA Communications VSB Hyderabad,Hyderabad,IN,Asia Pacific,21,2,1,,,"PeeringDB, peeringdb.com/api"
5237,CentriLogic Mississauga (MIS),Mississauga,CA,North America,1,0,0,43.596376,-79.636878,"PeeringDB, peeringdb.com/api"
5238,CentriLogic Arlington (ARL),Bracknell,GB,Europe,1,0,0,51.416021,-0.758164,"PeeringDB, peeringdb.com/api"
5246,X2nSat Petaluma,Petaluma,US,North America,0,0,0,38.274793,-122.666564,"PeeringDB, peeringdb.com/api"
5254,Durand Pix - Globenet RJ,Rio de Janeiro,BR,South America,31,2,2,-23.003748,-44.537674,"PeeringDB, peeringdb.com/api"
5258,PIX ANID - João Pessoa,Joao Pessoa,BR,South America,4,1,0,-7.117801,-34.85349,"PeeringDB, peeringdb.com/api"
5259,PIX ANID - Campina Grande,Campina Grande,BR,South America,8,1,0,,,"PeeringDB, peeringdb.com/api"
5260,Internet by Sercomtel S.A.,Londrina,BR,South America,3,1,0,-23.313586,-51.161235,"PeeringDB, peeringdb.com/api"
5263,Linhares Serviços Online LTDA EPP,Linhares,BR,South America,0,0,0,-19.399828,-40.067775,"PeeringDB, peeringdb.com/api"
5268,TRG Datacenters Houston (HOU1) (HOU2),Spring,US,North America,18,4,1,30.065987,-95.459024,"PeeringDB, peeringdb.com/api"
5269,TierPoint St. Louis - Olive,St. Louis,US,North America,2,0,1,38.629757,-90.196398,"PeeringDB, peeringdb.com/api"
5270,TierPoint St. Louis - Walnut,St. Louis,US,North America,3,1,0,38.625536,-90.195238,"PeeringDB, peeringdb.com/api"
5273,LVT Novo Hamburgo (Brasil TecPar),Novo Hamburgo,BR,South America,2,1,0,-29.686585,-51.129226,"PeeringDB, peeringdb.com/api"
5274,Grupo ZGH - La Florida,La Florida,CL,South America,14,1,0,-33.559008,-70.57492,"PeeringDB, peeringdb.com/api"
5276,ENGIE Cofely (Maastricht-Airport),Maastricht,NL,Europe,11,1,5,50.928065,5.781152,"PeeringDB, peeringdb.com/api"
5277,Desktop Campinas,Campinas,BR,South America,3,1,0,-22.904245,-47.057493,"PeeringDB, peeringdb.com/api"
5279,Internet For Business Limited,Aberdeen,GB,Europe,0,0,0,57.115441,-2.078678,"PeeringDB, peeringdb.com/api"
5280,ETIX Paris #1,Paris,FR,Europe,6,0,1,48.869599,2.347689,"PeeringDB, peeringdb.com/api"
5281,ETIX Montpellier #1,Montpellier,FR,Europe,13,2,7,43.584674,3.87196,"PeeringDB, peeringdb.com/api"
5282,ETIX Toulouse #1,Balma,FR,Europe,10,0,5,43.625503,1.487055,"PeeringDB, peeringdb.com/api"
5285,NewTelco Tbilisi,Tbilisi,GE,Asia Pacific,5,0,0,41.721157,44.709509,"PeeringDB, peeringdb.com/api"
5286,Tirana DataCom,Kashar,AL,Europe,2,0,0,41.3701,19.69834,"PeeringDB, peeringdb.com/api"
5287,Data Communications Port Louis,Port Louis,MU,Africa,0,0,0,-20.164743,57.506937,"PeeringDB, peeringdb.com/api"
5295,Equinix ST1/ST2 - Santiago,Santiago,CL,South America,9,2,0,-33.448022,-70.848318,"PeeringDB, peeringdb.com/api"
5301,entel - CNT (torre entel),Santiago,CL,South America,10,2,0,-33.444436,-70.655821,"PeeringDB, peeringdb.com/api"
5302,NTT DATA Mitaka DataCenter EAST,Tokyo,JP,Asia Pacific,1,1,0,,,"PeeringDB, peeringdb.com/api"
5304,Tecto TFOR1/2 (ex Globenet CLS & Big Lobster),Fortaleza,BR,South America,116,2,11,-3.734787,-38.458008,"PeeringDB, peeringdb.com/api"
5322,Zayo Amsterdam,Amsterdam,NL,Europe,1,0,3,52.356817,4.840278,"PeeringDB, peeringdb.com/api"
5326,Wave Data Centers San Francisco,San Francisco,US,North America,0,0,0,37.723698,-122.398056,"PeeringDB, peeringdb.com/api"
5327,RNP/POP-SC,Florianópolis,BR,South America,3,1,0,-27.600595,-48.519641,"PeeringDB, peeringdb.com/api"
5332,KIEVLINE Kyiv,Kyiv,UA,Europe,1,0,0,50.419671,30.552941,"PeeringDB, peeringdb.com/api"
5334,Equinix HO1 - Houston,Houston,US,North America,4,1,1,29.9358,-95.36435,"PeeringDB, peeringdb.com/api"
5339,Vozelia Telecom Madrid,Madrid,ES,Europe,0,0,0,40.487315,-3.667491,"PeeringDB, peeringdb.com/api"
5340,Universidade Estadual de Maringá,Maringá,BR,South America,6,1,0,-23.404718,-51.939992,"PeeringDB, peeringdb.com/api"
5342,TierPoint Baltimore,Baltimore,US,North America,7,0,1,39.27541,-76.625461,"PeeringDB, peeringdb.com/api"
5343,DC1-Stavanger,Rennesøy,NO,Europe,10,1,1,59.072683,5.763059,"PeeringDB, peeringdb.com/api"
5345,SMART NETWORKS,Recife,BR,South America,2,1,0,-8.057746,-34.890139,"PeeringDB, peeringdb.com/api"
5349,Wiki Telecom,São Luis,BR,South America,6,1,0,-2.507399,-44.241686,"PeeringDB, peeringdb.com/api"
5350,IFTNET Telecom,São José do Rio Preto,BR,South America,3,0,0,-20.809693,-49.382787,"PeeringDB, peeringdb.com/api"
5354,IPTP  San Isidro  Lima  Peru,San Isidro Lima,PE,South America,12,2,0,-12.099418,-77.021441,"PeeringDB, peeringdb.com/api"
5355,Scientific Computing Center - KIT CN,Eggenstein-Leopoldshafen,DE,Europe,4,1,0,49.091741,8.428385,"PeeringDB, peeringdb.com/api"
5357,KIT-Bibliothek Süd,Karlsruhe,DE,Europe,3,1,0,49.011213,8.416388,"PeeringDB, peeringdb.com/api"
5360,IFX Santiago,Santiago,CL,South America,21,1,0,-33.418421,-70.599568,"PeeringDB, peeringdb.com/api"
5362,AtlasEdge DC Leverkusen LEV001,Leverkusen,DE,Europe,5,1,1,51.058625,7.020139,"PeeringDB, peeringdb.com/api"
5363,Aunalytics Kalamazoo Datacenter,Kalamazoo,US,North America,1,0,0,42.246545,-85.675111,"PeeringDB, peeringdb.com/api"
5373,Iron Mountain Data Center - Manassas (VA-1),Manassas,US,North America,18,2,3,38.778046,-77.547069,"PeeringDB, peeringdb.com/api"
5375,Elea RJO1 - Rio de Janeiro,Rio de Janeiro,BR,South America,34,3,2,,,"PeeringDB, peeringdb.com/api"
5379,Aruba IT1 - Arezzo,Arezzo,IT,Europe,4,0,0,43.459894,11.838035,"PeeringDB, peeringdb.com/api"
5380,Aruba IT2 - Arezzo,Arezzo,IT,Europe,1,0,0,43.476686,11.850195,"PeeringDB, peeringdb.com/api"
5381,Aruba IT3 - Milan PSP,Ponte San Pietro,IT,Europe,22,3,3,45.706417,9.590141,"PeeringDB, peeringdb.com/api"
5386,DC MATRIX INTERNET S.A,São Paulo,BR,South America,30,1,0,-23.646549,-46.717418,"PeeringDB, peeringdb.com/api"
5391,ITS Telecomunicacoes Datacenter LIZ,Salvador,BR,South America,1,0,0,-12.98001,-38.451805,"PeeringDB, peeringdb.com/api"
5392,ITS Telecomunicacoes Datacenter RED,Salvador,BR,South America,1,0,0,-12.979707,-38.451433,"PeeringDB, peeringdb.com/api"
5398,ONE (iAdvantage Hong Kong),Hong Kong,HK,Asia Pacific,1,0,0,22.313581,114.221682,"PeeringDB, peeringdb.com/api"
5399,JUMBO (iAdvantage Hong Kong),Hong Kong,HK,Asia Pacific,1,0,0,22.366618,114.11876,"PeeringDB, peeringdb.com/api"
5406,Zantel,Dar es Salaam,TZ,Africa,8,0,1,,,"PeeringDB, peeringdb.com/api"
5408,ETH TELECOM Curitiba,Curitiba,BR,South America,4,0,0,-25.427602,-49.262342,"PeeringDB, peeringdb.com/api"
5410,Canartel,Khartoum,SD,Africa,0,0,0,15.580568,32.569365,"PeeringDB, peeringdb.com/api"
5412,Pronet DataCenter,Tirana,AL,Europe,1,0,0,41.331356,19.818463,"PeeringDB, peeringdb.com/api"
5414,Neotel DC Skopje,Skopje,MK,Europe,3,0,0,41.989323,21.450087,"PeeringDB, peeringdb.com/api"
5415,Neotel DC Stip,Štip,MK,Europe,1,0,0,,,"PeeringDB, peeringdb.com/api"
5419,GIGALINE Parbhani,Parbhani,IN,Asia Pacific,0,0,0,19.269457,76.789069,"PeeringDB, peeringdb.com/api"
5420,entel - Data Center Amunategui,Santiago,CL,South America,1,0,0,-33.444275,-70.656075,"PeeringDB, peeringdb.com/api"
5422,PIX G8 Aracaju,Aracaju,BR,South America,1,0,0,-10.916334,-37.049252,"PeeringDB, peeringdb.com/api"
5426,maincubes AMS01,Schiphol Rijk,NL,Europe,37,4,10,52.282192,4.772861,"PeeringDB, peeringdb.com/api"
5427,maincubes FRA01,Offenbach,DE,Europe,41,6,3,50.1093,8.74229,"PeeringDB, peeringdb.com/api"
5434,Serverfarm CH1 Chicago,Chicago,US,North America,5,2,0,41.870905,-87.640153,"PeeringDB, peeringdb.com/api"
5435,Serverfarm ATL1 Atlanta,Suwanee,US,North America,2,1,2,34.036063,-84.063817,"PeeringDB, peeringdb.com/api"
5436,ScaleMatrix Charlotte Data Center US-East 01,Charlotte,US,North America,1,0,0,35.173088,-80.927807,"PeeringDB, peeringdb.com/api"
5437,Serverfarm TiTAN Moses Lake,Moses Lake,US,North America,2,0,0,47.181497,-119.3215,"PeeringDB, peeringdb.com/api"
5438,Serverfarm CH2 Oak Brook / Chicago,Oak Brook,US,North America,1,0,0,41.845343,-87.941522,"PeeringDB, peeringdb.com/api"
5439,ServerFarm SC1,Santa Clara,US,North America,1,0,0,37.407382,-121.965885,"PeeringDB, peeringdb.com/api"
5440,Serverfarm TOR1 Toronto,North York,CA,North America,1,0,0,43.729334,-79.527035,"PeeringDB, peeringdb.com/api"
5441,Serverfarm LON1 London,Feltham,GB,Europe,1,0,1,,,"PeeringDB, peeringdb.com/api"
5453,Alares - Natal,Natal,BR,South America,3,1,0,-5.837234,-35.213804,"PeeringDB, peeringdb.com/api"
5460,ELITE DIGITAL,Curitiba,BR,South America,1,0,0,-25.379879,-49.254358,"PeeringDB, peeringdb.com/api"
5463,Gigahost Sandefjord,Sandefjord,NO,Europe,18,0,0,59.175563,10.211689,"PeeringDB, peeringdb.com/api"
5467,CoreSite - Reston (VA3),Reston,US,North America,15,3,3,38.948941,-77.371495,"PeeringDB, peeringdb.com/api"
5469,HiMORE Digital,Taipei,TW,Asia Pacific,0,0,0,25.078117,121.570415,"PeeringDB, peeringdb.com/api"
5470,RETN AD DC,Riga,LV,Europe,5,0,1,56.948372,24.201062,"PeeringDB, peeringdb.com/api"
5476,UTIC/ University of Sarajevo,Sarajevo,BA,Europe,2,1,0,43.857761,18.397755,"PeeringDB, peeringdb.com/api"
5483,Peace Communications NSH2,Nashville,US,North America,3,0,0,36.103326,-86.668932,"PeeringDB, peeringdb.com/api"
5485,Stack,Moscow,RU,Europe,0,0,0,55.818193,37.521821,"PeeringDB, peeringdb.com/api"
5488,ADN Datacenters,Alajuela,CR,North America,0,0,0,10.000507,-84.184745,"PeeringDB, peeringdb.com/api"
5489,FREEnet BNS00,Moscow,RU,Europe,1,0,0,55.702098,37.571684,"PeeringDB, peeringdb.com/api"
5493,Blacknight BK0,Carlow,IE,Europe,2,0,0,52.842183,-6.935693,"PeeringDB, peeringdb.com/api"
5494,Mediaflog,Santiago,CL,South America,0,0,0,-33.447381,-70.662207,"PeeringDB, peeringdb.com/api"
5497,DATAPLANET datacenter,Zelenograd,RU,Europe,0,0,0,55.978854,37.258389,"PeeringDB, peeringdb.com/api"
5500,INOC Albany (11 North Pearl St),Albany,US,North America,2,0,0,42.650018,-73.752061,"PeeringDB, peeringdb.com/api"
5501,INOC Albany (4 Tower Pl),Albany,US,North America,1,0,0,42.686106,-73.84255,"PeeringDB, peeringdb.com/api"
5509,KAZ-GOV-IX,Astana,KZ,Asia Pacific,2,1,0,51.146691,71.475634,"PeeringDB, peeringdb.com/api"
5510,DoclerNet,Budapest,HU,Europe,1,0,0,47.496619,19.117733,"PeeringDB, peeringdb.com/api"
5518,Bulk Oslo Internet Exchange - OS-IX,Oslo,NO,Europe,43,5,7,59.938433,10.834971,"PeeringDB, peeringdb.com/api"
5519,dotsi - Lisbon DC01,Lisbon,PT,Europe,2,0,0,38.7477,-9.09797,"PeeringDB, peeringdb.com/api"
5520,Bulk Norway Data Center Campus - N01,Øvrebø,NO,Europe,7,1,2,58.257573,7.889861,"PeeringDB, peeringdb.com/api"
5522,OzarksGo Fayetteville,Fayetteville,US,North America,9,0,0,36.077952,-94.212464,"PeeringDB, peeringdb.com/api"
5528,AirTrunk SYD1,Huntingwood,AU,Australia,4,1,1,-33.799523,150.881568,"PeeringDB, peeringdb.com/api"
5529,AirTrunk MEL1,Derrimut,AU,Australia,1,0,2,-37.800397,144.773648,"PeeringDB, peeringdb.com/api"
5533,Mundivox do Brasil,Rio de Janeiro,BR,South America,1,1,0,-22.905545,-43.178268,"PeeringDB, peeringdb.com/api"
5536,Kapsch BusinessCom earthDATAsafe,Pötschach,AT,Europe,4,0,0,47.449141,15.338204,"PeeringDB, peeringdb.com/api"
5544,Obenet Kista Gate,Kista,SE,Europe,29,9,2,59.40984,17.949268,"PeeringDB, peeringdb.com/api"
5545,Intergate.Quincy,Quincy,US,North America,4,1,1,47.246308,-119.815715,"PeeringDB, peeringdb.com/api"
5546,Fastcom DC Facility - 1,Guntur,IN,Asia Pacific,2,1,0,16.535323,80.593028,"PeeringDB, peeringdb.com/api"
5554,Netmagic Noida,Noida,IN,Asia Pacific,23,2,0,28.624843,77.376152,"PeeringDB, peeringdb.com/api"
5555,PureColo Ottawa DC1,Ottawa,CA,North America,19,1,1,45.340247,-75.910181,"PeeringDB, peeringdb.com/api"
5560,Novácia,Brasília,BR,South America,0,0,0,-15.708744,-47.914304,"PeeringDB, peeringdb.com/api"
5561,HostSlim,Woerden,NL,Europe,0,0,0,52.082493,4.892725,"PeeringDB, peeringdb.com/api"
5572,RegioNet Schweinfurt GmbH,Schweinfurt,DE,Europe,2,0,1,50.05121,10.21738,"PeeringDB, peeringdb.com/api"
5574,Faculty of Computer Science and Engineering,Skopje,MK,Europe,2,1,0,42.004837,21.409796,"PeeringDB, peeringdb.com/api"
5575,Ss. Cyril and Methodius University - Rectorate,Skopje,MK,Europe,1,1,0,41.992641,21.428031,"PeeringDB, peeringdb.com/api"
5579,WaveCom DC,Tallinn,EE,Europe,6,0,0,59.429314,24.73133,"PeeringDB, peeringdb.com/api"
5582,Open DC JB1 - Menara MSC Cyberport,Johor Bahru,MY,Asia Pacific,15,2,0,1.462955,103.771729,"PeeringDB, peeringdb.com/api"
5585,Fox Telecomunicação & Internet Ltda.,Jundiai,BR,South America,0,0,0,-23.198458,-46.874442,"PeeringDB, peeringdb.com/api"
5587,Plus.line AG Stuttgart,Stuttgart,DE,Europe,1,0,0,48.70899,9.17098,"PeeringDB, peeringdb.com/api"
5588,Connected Krakow,Krakow,PL,Europe,7,0,0,50.073431,19.915404,"PeeringDB, peeringdb.com/api"
5592,Arrow Calgary DC1,Calgary,CA,North America,15,1,0,51.046944,-114.068889,"PeeringDB, peeringdb.com/api"
5599,NET VALE LTDA,Coronel Fabriciano,BR,South America,0,0,0,-19.528289,-42.577135,"PeeringDB, peeringdb.com/api"
5600,Subrigo LAX11,Los Angeles,US,North America,0,0,0,34.047423,-118.25618,"PeeringDB, peeringdb.com/api"
5601,Subrigo DET11,Southfield,US,North America,1,0,0,42.471612,-83.238138,"PeeringDB, peeringdb.com/api"
5609,Indiana University Data Center,Bloomington,US,North America,0,0,0,39.174464,-86.500753,"PeeringDB, peeringdb.com/api"
5617,JAX NAP,Jacksonville,US,North America,7,2,0,30.331375,-81.662322,"PeeringDB, peeringdb.com/api"
5642,OMADATA - E1 - SUB,Surabaya,ID,Asia Pacific,214,10,2,-7.273023,112.74282,"PeeringDB, peeringdb.com/api"
5643,TM ONE IPDC  Johore,Iskandar Puteri,MY,Asia Pacific,7,1,0,1.435272,103.598682,"PeeringDB, peeringdb.com/api"
5644,TM ONE Brickfields City DC  Kuala Lumpur,Brickfields,MY,Asia Pacific,3,0,0,,,"PeeringDB, peeringdb.com/api"
5648,Simple Helix,Huntsville,US,North America,1,0,1,34.745454,-86.691888,"PeeringDB, peeringdb.com/api"
5654,TM ONE  Plaza VADS,Kuala Lumpur,MY,Asia Pacific,2,0,0,3.139446,101.630177,"PeeringDB, peeringdb.com/api"
5655,TM ONE KVDC  Cyberjaya,Cyberjaya,MY,Asia Pacific,13,1,1,,,"PeeringDB, peeringdb.com/api"
5657,IDC 3D,Jakarta Selatan,ID,Asia Pacific,524,12,3,-6.253714,106.832834,"PeeringDB, peeringdb.com/api"
5658,IDC Batam,Batam,ID,Asia Pacific,35,2,0,1.130877,104.057849,"PeeringDB, peeringdb.com/api"
5659,IDC Makassar,Makassar,ID,Asia Pacific,13,0,0,-5.134783,119.414281,"PeeringDB, peeringdb.com/api"
5664,DATAWIRE ZG01,Steinhausen,CH,Europe,2,1,1,47.187361,8.478915,"PeeringDB, peeringdb.com/api"
5665,DATAWIRE ZG02,Steinhausen,CH,Europe,2,0,1,47.186504,8.479257,"PeeringDB, peeringdb.com/api"
5667,MGcloud,Belo Horizonte,BR,South America,0,0,0,-19.892764,-43.927168,"PeeringDB, peeringdb.com/api"
5670,TDF Datacenter Rennes Cesson,Cesson-Sévigné,FR,Europe,10,1,1,48.124785,-1.627098,"PeeringDB, peeringdb.com/api"
5673,NT Bangrak Tower,Bangkok,TH,Asia Pacific,35,4,0,13.725487,100.515704,"PeeringDB, peeringdb.com/api"
5674,NT Nonthaburi Telecommunication Center,Nonthaburi,TH,Asia Pacific,9,1,0,13.86645,100.516202,"PeeringDB, peeringdb.com/api"
5675,GCN Galisbay,Marigot,MF,,4,1,0,,,"PeeringDB, peeringdb.com/api"
5676,GCN Baillif,Baillif,GP,,4,0,0,16.01261,-61.744403,"PeeringDB, peeringdb.com/api"
5678,Chief HD Building Taipei,Taipei,TW,Asia Pacific,76,4,1,25.074213,121.576784,"PeeringDB, peeringdb.com/api"
5681,Vantage Data Centers (QC2),Quebec,CA,North America,5,1,0,46.796123,-71.30702,"PeeringDB, peeringdb.com/api"
5682,Vantage Data Centers (QC1),Montreal,CA,North America,13,1,2,45.486462,-73.755405,"PeeringDB, peeringdb.com/api"
5689,Shenzhen Baiwangxinyun Datacenter,Shenzhen,CN,Asia Pacific,9,1,0,22.626858,113.938406,"PeeringDB, peeringdb.com/api"
5693,RACK59 Data Center,Oklahoma City,US,North America,25,1,2,35.466482,-97.649302,"PeeringDB, peeringdb.com/api"
5694,Sebratel - São Leopoldo,São Leopoldo,BR,South America,1,0,0,-29.729544,-51.153239,"PeeringDB, peeringdb.com/api"
5700,City Online Services Limited,Hyderabad,IN,Asia Pacific,2,0,0,17.436717,78.446524,"PeeringDB, peeringdb.com/api"
5702,Neptuno Data Center,Guaynabo,PR,North America,3,0,1,18.415024,-66.103709,"PeeringDB, peeringdb.com/api"
5712,eStruxture VAN-1,Vancouver,CA,North America,7,2,0,49.264902,-123.103739,"PeeringDB, peeringdb.com/api"
5716,Africa Data Centres  Cape Town CPT1  South Africa,Cape Town,ZA,Africa,20,2,0,-34.037364,18.477196,"PeeringDB, peeringdb.com/api"
5718,Insidesign IDC RPO,Ribeirão Preto,BR,South America,0,0,0,-21.162173,-47.801185,"PeeringDB, peeringdb.com/api"
5719,Africa Data Centres  Johannesburg JHB1  South Africa,Midrand,ZA,Africa,26,2,0,-26.010556,28.118946,"PeeringDB, peeringdb.com/api"
5728,TCA Internet - TQR1,Taquara,BR,South America,0,0,0,-29.646198,-50.784745,"PeeringDB, peeringdb.com/api"
5733,Vescnet,Recife,BR,South America,0,0,0,-8.108574,-34.919154,"PeeringDB, peeringdb.com/api"
5736,Rechenzentrum Ostschweiz,Gais,CH,Europe,11,1,0,47.357522,9.447772,"PeeringDB, peeringdb.com/api"
5744,FURB-IX Datacenter,Blumenau,BR,South America,3,1,0,-26.905736,-49.079004,"PeeringDB, peeringdb.com/api"
5745,Hawaii Pacific Teleport,Kapolei,US,North America,1,1,0,21.334443,-158.08691,"PeeringDB, peeringdb.com/api"
5748,Acens Technologies,Alcobendas,ES,Europe,1,0,0,40.526407,-3.66113,"PeeringDB, peeringdb.com/api"
5754,LINK TELECOM,Ciudad del Este,PY,South America,0,0,0,,,"PeeringDB, peeringdb.com/api"
5755,Equinix PE1 - Perth,East Perth,AU,Australia,2,0,1,-31.949601,115.877175,"PeeringDB, peeringdb.com/api"
5758,ihor hosting,Moscow,RU,Europe,0,0,0,55.714998,37.694876,"PeeringDB, peeringdb.com/api"
5762,NetFactor,Istanbul,TR,Middle East,0,0,0,41.021832,29.04434,"PeeringDB, peeringdb.com/api"
5767,Localhost Wellington,Wellington,NZ,Asia Pacific,1,0,0,-41.274901,174.779274,"PeeringDB, peeringdb.com/api"
5768,Association Alsace Reseau Neutre,Strasbourg,FR,Europe,0,0,0,48.56705,7.759874,"PeeringDB, peeringdb.com/api"
5769,TM ONE CBJ8  Cyberjaya,Cyberjaya,MY,Asia Pacific,2,0,0,,,"PeeringDB, peeringdb.com/api"
5770,TM ONE PG1  Penang,Georgetown,MY,Asia Pacific,1,0,0,5.424515,100.325495,"PeeringDB, peeringdb.com/api"
5771,TM ONE CBJ1  Cyberjaya,Cyberjaya,MY,Asia Pacific,1,0,0,2.930382,101.656849,"PeeringDB, peeringdb.com/api"
5772,TM HK1  Hong Kong,Kowloon Bay,HK,Asia Pacific,3,0,0,22.321506,114.206218,"PeeringDB, peeringdb.com/api"
5773,TM ONE CBJ5  Cyberjaya,Cyberjaya,MY,Asia Pacific,2,0,0,2.913224,101.655646,"PeeringDB, peeringdb.com/api"
5774,TM ONE CBJ6  Cyberjaya,Cyberjaya,MY,Asia Pacific,1,0,0,2.917144,101.661891,"PeeringDB, peeringdb.com/api"
5775,Crown Castle Los Angeles (624 S Grand),Los Angeles,US,North America,13,0,0,34.047948,-118.255358,"PeeringDB, peeringdb.com/api"
5778,EdgeX by HGC,Tsing Yi,HK,Asia Pacific,10,0,0,22.344313,114.111934,"PeeringDB, peeringdb.com/api"
5779,IT&E Guam,Tamuning,GU,,2,0,0,13.501686,144.809254,"PeeringDB, peeringdb.com/api"
5780,IT&E Saipan,Susupe,MP,,1,1,0,15.158238,145.707882,"PeeringDB, peeringdb.com/api"
5794,North Data Center  LLC,Great Falls,US,North America,1,0,0,,,"PeeringDB, peeringdb.com/api"
5802,Africa Digital Data Center - Thika,Thika,KE,Africa,2,0,0,,,"PeeringDB, peeringdb.com/api"
5804,IP Pathways DSM1,Urbandale,US,North America,2,0,0,41.627418,-93.768033,"PeeringDB, peeringdb.com/api"
5806,Thimphu Techpark,Thimphu,BT,Asia Pacific,2,1,0,27.427781,89.650988,"PeeringDB, peeringdb.com/api"
5808,Nexon Gold Coast DC1,Gold Coast,AU,Australia,6,0,0,-28.004945,153.428094,"PeeringDB, peeringdb.com/api"
5810,Rogers Calgary DC3 (Airdrie),Calgary,CA,North America,1,0,0,51.303458,-113.982966,"PeeringDB, peeringdb.com/api"
5813,Area9 Data Center,Winnellie,AU,Australia,0,0,0,-12.429338,130.883111,"PeeringDB, peeringdb.com/api"
5817,Equinix MN1 - Manila,Carmona,PH,Asia Pacific,38,3,1,14.55664,121.017899,"PeeringDB, peeringdb.com/api"
5818,Milecom Barnaul,Barnaul,RU,Europe,2,1,0,,,"PeeringDB, peeringdb.com/api"
5819,KACST Building 44,Riyadh,SA,Middle East,8,1,0,24.71805,46.64639,"PeeringDB, peeringdb.com/api"
5820,DataHouse Moscow,Moscow,RU,Europe,12,1,0,55.673646,37.620877,"PeeringDB, peeringdb.com/api"
5824,BUCT COMMUNICATION,Dhaka,BD,Asia Pacific,0,0,0,23.758133,90.389314,"PeeringDB, peeringdb.com/api"
5835,TulsaConnect DC3,Tulsa,US,North America,1,0,0,36.098083,-95.839889,"PeeringDB, peeringdb.com/api"
5836,Bell Toronto,Toronto,CA,North America,6,0,0,43.644672,-79.384128,"PeeringDB, peeringdb.com/api"
5837,GD Telecomunicações,Dourados,BR,South America,14,0,0,-22.224723,-54.806084,"PeeringDB, peeringdb.com/api"
5839,QX.Net Lexington,Lexington,US,North America,0,0,0,38.047912,-84.499563,"PeeringDB, peeringdb.com/api"
5842,Tuxis,Ede,NL,Europe,1,0,0,52.035024,5.62649,"PeeringDB, peeringdb.com/api"
5847,Datacenter Zona 15,Guatemala City,GT,North America,0,0,0,14.606753,-90.516257,"PeeringDB, peeringdb.com/api"
5850,Otemachi Place West Tower (BBTower Shin-Otemachi),Tokyo,JP,Asia Pacific,27,5,3,35.686676,139.766439,"PeeringDB, peeringdb.com/api"
5861,Congo Telecom Carrier Facility PNR1,Pointe-Noire,CG,Africa,2,0,0,-4.774753,11.860171,"PeeringDB, peeringdb.com/api"
5865,NTT Jakarta 2 Data Center (JKT2),Jakarta,ID,Asia Pacific,247,12,4,-6.237998,106.823452,"PeeringDB, peeringdb.com/api"
5872,SkyLink Data Center BV,Eygelshoven,NL,Europe,36,1,0,50.895608,6.069836,"PeeringDB, peeringdb.com/api"
5873,Qnax Data Center do Brasil,São Paulo,BR,South America,1,0,0,-23.560762,-46.657847,"PeeringDB, peeringdb.com/api"
5875,TELEPOINT Sofia East,Sofia,BG,Europe,49,3,7,42.673082,23.383323,"PeeringDB, peeringdb.com/api"
5879,CITIC Telecom CPC Datacenter Tallinn,Tallinn,EE,Europe,8,2,0,59.437102,24.709027,"PeeringDB, peeringdb.com/api"
5883,Acesso10 Datacenter Maceio,Maceió,BR,South America,5,1,0,-9.628538,-35.736342,"PeeringDB, peeringdb.com/api"
5886,UW Steinach,St. Gallen,CH,Europe,0,0,0,47.431324,9.384743,"PeeringDB, peeringdb.com/api"
5887,COLT Datacenter Turin,Turin,IT,Europe,3,1,1,45.088155,7.671782,"PeeringDB, peeringdb.com/api"
5888,BRDrive,Videira,BR,South America,1,0,0,-27.00187,-51.167471,"PeeringDB, peeringdb.com/api"
5890,Evocative ATL1,Atlanta,US,North America,10,1,1,33.761505,-84.39141,"PeeringDB, peeringdb.com/api"
5897,Lintas Data Prima Yogyakarta,Yogyakarta,ID,Asia Pacific,4,0,0,-7.807475,110.3371,"PeeringDB, peeringdb.com/api"
5901,Servecentric (Blanchardstown),Dublin,IE,Europe,3,0,0,53.412959,-6.373212,"PeeringDB, peeringdb.com/api"
5904,CHT Taipei Aikuo IDC,Taipei,TW,Asia Pacific,8,0,0,25.032198,121.524774,"PeeringDB, peeringdb.com/api"
5906,Campana CLS,Thanlyin,MM,Asia Pacific,1,0,0,,,"PeeringDB, peeringdb.com/api"
5912,okbprogress,Moscow,RU,Europe,1,0,0,,,"PeeringDB, peeringdb.com/api"
5922,Equinix BR1 - Brisbane (formerly Metronode Brisbane 1),Brisbane,AU,Australia,20,1,1,-27.455185,153.03407,"PeeringDB, peeringdb.com/api"
5927,Avato DC01-SMA (Brasil TecPar),Santa Maria,BR,South America,2,1,1,-29.686757,-53.808063,"PeeringDB, peeringdb.com/api"
5931,Mediam Helsinki Datacenter,Helsinki,FI,Europe,4,0,2,60.220109,24.870195,"PeeringDB, peeringdb.com/api"
5938,Data Centers ( SERVER.UA ),Kyiv,UA,Europe,0,0,0,50.451263,30.538081,"PeeringDB, peeringdb.com/api"
5945,NJFX,Wall,US,North America,11,2,3,40.16059,-74.052962,"PeeringDB, peeringdb.com/api"
5951,LightWave Networks,Needham,US,North America,0,0,0,42.302267,-71.219577,"PeeringDB, peeringdb.com/api"
5961,Maxiweb Internet Provider,Jundiai,BR,South America,0,0,0,-23.208805,-46.869404,"PeeringDB, peeringdb.com/api"
5963,Plexval Datacenter,Paterna,ES,Europe,1,0,0,39.523258,-0.466529,"PeeringDB, peeringdb.com/api"
5965,PureColo St John SJ1,Saint John,CA,North America,3,1,0,45.271917,-66.062245,"PeeringDB, peeringdb.com/api"
5970,LightEdge Austin 1 (AUS1),Austin,US,North America,2,0,1,30.214315,-97.712733,"PeeringDB, peeringdb.com/api"
5971,LightEdge Austin 2 (AUS2),Austin,US,North America,4,0,0,30.200169,-97.70627,"PeeringDB, peeringdb.com/api"
5979,CobraNET Arad,Arad,RO,Europe,3,0,0,46.199254,21.319733,"PeeringDB, peeringdb.com/api"
5980,CobraNET Main Datacenter,Arad,RO,Europe,1,1,0,46.174168,21.319003,"PeeringDB, peeringdb.com/api"
5981,nLighten Geneva GVA1,Meyrin,CH,Europe,5,0,1,46.224432,6.060864,"PeeringDB, peeringdb.com/api"
5982,Tier Datacenter,Craiova,RO,Europe,0,0,0,44.316567,23.835249,"PeeringDB, peeringdb.com/api"
5983,Compania de Informatica Aplicata,Cluj Napoca,RO,Europe,2,0,0,46.757258,23.594142,"PeeringDB, peeringdb.com/api"
5985,Virtual Ariki Tecnologia,Santos,BR,South America,0,0,0,-23.949691,-46.331029,"PeeringDB, peeringdb.com/api"
5986,Universitatea Politehnica Timisoara,Timisoara,RO,Europe,1,0,0,45.747175,21.22892,"PeeringDB, peeringdb.com/api"
5987,Open Hub Med,Carini,IT,Europe,25,2,1,38.157745,13.195175,"PeeringDB, peeringdb.com/api"
5990,Top Telecom,Iași,RO,Europe,0,0,0,47.144244,27.603334,"PeeringDB, peeringdb.com/api"
5992,2degrees Auckland - Queen St,Auckland,NZ,Asia Pacific,0,0,0,-36.848501,174.765164,"PeeringDB, peeringdb.com/api"
5993,Indectron GCR1 - Gloucester  Shield House,Gloucester,GB,Europe,5,0,0,51.863706,-2.197019,"PeeringDB, peeringdb.com/api"
5998,Ufinet Panamá - Urbanización Obarrio,Panama,PA,North America,13,0,0,8.983551,-79.521681,"PeeringDB, peeringdb.com/api"
6001,Amin IDC,Qom,IR,Middle East,0,0,0,,,"PeeringDB, peeringdb.com/api"
6003,ANOS Dhaka,Dhaka,BD,Asia Pacific,0,0,0,23.765619,90.437989,"PeeringDB, peeringdb.com/api"
6011,H5 Data Centers San Antonio,San Antonio,US,North America,21,1,2,29.429369,-98.486791,"PeeringDB, peeringdb.com/api"
6012,Digital Realty Sydney SYD11,Erskine Park,AU,Australia,2,2,0,-33.817341,150.795479,"PeeringDB, peeringdb.com/api"
6013,Aztelekom Datacenter,Baku,AZ,Asia Pacific,2,0,0,40.402279,49.808051,"PeeringDB, peeringdb.com/api"
6014,SPACE-IX,Moscow,RU,Europe,0,0,0,55.653762,37.552486,"PeeringDB, peeringdb.com/api"
6018,ModernOne Data Solutions Sdn. Bhd.,Kajang,MY,Asia Pacific,0,0,0,2.977314,101.796223,"PeeringDB, peeringdb.com/api"
6020,aspectra Zürich,Zurich,CH,Europe,0,0,0,47.37035,8.528947,"PeeringDB, peeringdb.com/api"
6022,Coloblox Data Centers ATL3,Atlanta,US,North America,3,0,0,33.887451,-84.467834,"PeeringDB, peeringdb.com/api"
6024,Eurofiber Datacenter NL Zuid-West 1,Waalwijk,NL,Europe,12,1,6,51.695715,5.037861,"PeeringDB, peeringdb.com/api"
6025,Eurofiber Datacenter Utrecht 1,Groenekan,NL,Europe,23,2,7,52.122761,5.143087,"PeeringDB, peeringdb.com/api"
6026,Eurofiber Datacenter Arnhem 1,Arnhem,NL,Europe,20,2,5,51.988021,5.932863,"PeeringDB, peeringdb.com/api"
6031,EdgeConneX Warsaw (EDCWAW01),Warsaw,PL,Europe,16,2,1,52.226759,20.999259,"PeeringDB, peeringdb.com/api"
6044,Conapto Stockholm Syd (Sätra),Skärholmen,SE,Europe,0,4,0,59.283454,17.925825,"PeeringDB, peeringdb.com/api"
6045,Conapto Stockholm Nord (Sollentuna),Sollentuna,SE,Europe,1,4,0,59.448549,17.956782,"PeeringDB, peeringdb.com/api"
6064,InterConnX Realty,Houston,US,North America,0,0,0,29.754605,-95.369869,"PeeringDB, peeringdb.com/api"
6072,Broadbased Communications,Lagos Island,NG,Africa,2,0,0,6.446055,3.397686,"PeeringDB, peeringdb.com/api"
6084,NYI NY2 (60 Hudson Street),New York,US,North America,15,2,1,40.717729,-74.008306,"PeeringDB, peeringdb.com/api"
6085,365 Data Centers Bridgewater (BW1),Bridgewater,US,North America,4,1,0,40.58144,-74.573881,"PeeringDB, peeringdb.com/api"
6087,AXA Data Center,Winterthur,CH,Europe,1,0,0,47.500881,8.720745,"PeeringDB, peeringdb.com/api"
6090,COPT DC-6,Manassas,US,North America,8,0,2,38.747494,-77.531749,"PeeringDB, peeringdb.com/api"
6094,PoP - telnet - CGE,Campina Grande,BR,South America,0,0,0,-7.232546,-35.886092,"PeeringDB, peeringdb.com/api"
6095,Stack Infrastructure Silicon Valley SVY01,San Jose,US,North America,1,0,0,37.402211,-121.892822,"PeeringDB, peeringdb.com/api"
6096,ZIP NET LIMITED,Dhaka,BD,Asia Pacific,0,0,0,23.793257,90.401366,"PeeringDB, peeringdb.com/api"
6103,Tallinn TV Tower,Tallinn,EE,Europe,3,0,0,59.471209,24.88745,"PeeringDB, peeringdb.com/api"
6104,Future Net Solution,Uttara,BD,Asia Pacific,0,0,0,23.871139,90.400134,"PeeringDB, peeringdb.com/api"
6106,Citynet Facility,Rzeszów,PL,Europe,0,0,0,50.02329,22.014328,"PeeringDB, peeringdb.com/api"
6107,HUB787 Data Center,Carolina,PR,North America,14,0,1,18.442021,-66.021669,"PeeringDB, peeringdb.com/api"
6112,moji1,Nanterre,FR,Europe,9,2,2,48.880773,2.21914,"PeeringDB, peeringdb.com/api"
6113,IslaLink FSL,Valencia,ES,Europe,3,0,0,39.440181,-0.370117,"PeeringDB, peeringdb.com/api"
6118,NetAccess Hamilton HAM02,Hamilton,CA,North America,1,0,0,43.256675,-79.870104,"PeeringDB, peeringdb.com/api"
6119,VSX - Maringá - PIX IX-MGF,Maringá,BR,South America,1,1,0,-23.417925,-51.935422,"PeeringDB, peeringdb.com/api"
6128,SAKURAHOST DC-1,Taipei,TW,Asia Pacific,1,0,0,25.079988,121.556365,"PeeringDB, peeringdb.com/api"
6130,BSTelecom,Moscow,RU,Europe,1,0,1,55.710783,37.719562,"PeeringDB, peeringdb.com/api"
6132,NTT Indonesia Jakarta 2,Jakarta,ID,Asia Pacific,8,0,0,-6.203713,106.820452,"PeeringDB, peeringdb.com/api"
6136,NetPoint DC,Tomsk,RU,Europe,0,0,0,,,"PeeringDB, peeringdb.com/api"
6139,XConnect Amaravati IDC,Mangalagiri,IN,Asia Pacific,0,0,0,16.422679,80.576885,"PeeringDB, peeringdb.com/api"
6171,eStruxture VAN-2,Vancouver,CA,North America,16,3,0,49.284697,-123.111935,"PeeringDB, peeringdb.com/api"
6174,Nubenet,Rosario,AR,South America,2,0,0,-32.952957,-60.645742,"PeeringDB, peeringdb.com/api"
6194,České Radikomunikace  a.s.,Prague,CZ,Europe,1,0,0,50.080979,14.451776,"PeeringDB, peeringdb.com/api"
6206,Encompass New York 60 Hudson,New York,US,North America,1,0,0,40.717729,-74.008306,"PeeringDB, peeringdb.com/api"
6207,Encompass New York 111 8th Ave,New York,US,North America,0,0,0,40.741469,-74.003387,"PeeringDB, peeringdb.com/api"
6216,Christie Systems DC1,Brisbane,AU,Australia,1,0,0,-27.464772,153.029015,"PeeringDB, peeringdb.com/api"
6217,VNIX-HN,Hanoi,VN,Asia Pacific,2,0,0,21.019062,105.848103,"PeeringDB, peeringdb.com/api"
6218,VNIX-HCM,Ho Chi Minh,VN,Asia Pacific,4,1,0,21.018462,105.850707,"PeeringDB, peeringdb.com/api"
6219,VNIX-DN,Danang,VN,Asia Pacific,0,0,0,,,"PeeringDB, peeringdb.com/api"
6220,Minutes4all Telecomunicações Ltda,São Paulo,BR,South America,0,0,0,-23.623276,-46.698727,"PeeringDB, peeringdb.com/api"
6246,PAIX Abidjan,Abidjan,CI,Africa,0,0,0,5.355848,-3.973288,"PeeringDB, peeringdb.com/api"
6248,Cirion Lima - LIM1,Santiago de Surco,PE,South America,64,4,3,-12.094823,-76.973532,"PeeringDB, peeringdb.com/api"
6253,Almaty TTC Data Center,Almaty,KZ,Asia Pacific,3,0,1,43.251678,76.946311,"PeeringDB, peeringdb.com/api"
6265,Nova Rede (Brasil TecPar),Ribeirão das Neves,BR,South America,1,0,0,-19.776695,-44.082398,"PeeringDB, peeringdb.com/api"
6266,Hexatom Sophia Antipolis,Nice,FR,Europe,1,0,0,43.615206,7.074971,"PeeringDB, peeringdb.com/api"
6267,Green Data - Nanterre,Nanterre,FR,Europe,6,0,1,48.887283,2.214512,"PeeringDB, peeringdb.com/api"
6272,Element Critical Chicago CH2,Wood Dale,US,North America,3,1,1,41.974047,-87.966966,"PeeringDB, peeringdb.com/api"
6273,Element Critical Northern Virginia VA1,Vienna,US,North America,0,0,1,38.908613,-77.220473,"PeeringDB, peeringdb.com/api"
6277,Lancom Athens DC,Athens,GR,Europe,14,2,3,38.039974,23.802314,"PeeringDB, peeringdb.com/api"
6278,Lancom Thessaloniki DC,Thessaloniki,GR,Europe,19,2,2,40.633371,22.943482,"PeeringDB, peeringdb.com/api"
6289,IBM Auckland,Auckland,NZ,Asia Pacific,3,2,0,-36.942191,174.869687,"PeeringDB, peeringdb.com/api"
6290,DNA Lauttasaari,Helsinki,FI,Europe,4,0,2,60.153815,24.883142,"PeeringDB, peeringdb.com/api"
6296,Colocation Leipzig Mitte (ZNK) - PŸUR Business,Leipzig,DE,Europe,5,0,0,,,"PeeringDB, peeringdb.com/api"
6297,EXA Edge DC Dresden,Dresden,DE,Europe,2,0,1,51.07296,13.683991,"PeeringDB, peeringdb.com/api"
6300,Woluwedal 102,Sint-Lambrechts-Woluwe,BE,Europe,5,0,1,50.855455,4.444711,"PeeringDB, peeringdb.com/api"
6306,KazNIC,Semey,KZ,Asia Pacific,6,1,0,50.400063,80.255634,"PeeringDB, peeringdb.com/api"
6317,ark data centers - Duluth  MN,Duluth,US,North America,6,0,0,46.827451,-92.130338,"PeeringDB, peeringdb.com/api"
6320,Arise IDC - East Bangna  Thailand,Samut Prakan,TH,Asia Pacific,11,1,0,13.591247,100.818738,"PeeringDB, peeringdb.com/api"
6321,Arise IDC - Midtown Pattanakarn  Thailand,Bangkok,TH,Asia Pacific,9,2,0,13.736351,100.622433,"PeeringDB, peeringdb.com/api"
6322,Arise IDC - Midtown Ratchada  Thailand,Bangkok,TH,Asia Pacific,10,2,0,13.765529,100.570072,"PeeringDB, peeringdb.com/api"
6323,Arise IDC - North Muang Thong  Thailand,Pakkret,TH,Asia Pacific,38,4,0,13.911017,100.550092,"PeeringDB, peeringdb.com/api"
6329,Open IT Group,Cabreúva,BR,South America,0,0,0,-23.253249,-47.055839,"PeeringDB, peeringdb.com/api"
6334,Cloudpath CT1 (26 Fahey St),Stamford,US,North America,1,0,0,41.091604,-73.516758,"PeeringDB, peeringdb.com/api"
6338,365 Data Centers Herndon (VA1),Herndon,US,North America,4,1,0,38.934436,-77.428691,"PeeringDB, peeringdb.com/api"
6339,Iron Mountain Data Center - Boston (BOS-1),Northborough,US,North America,1,0,1,42.340622,-71.639811,"PeeringDB, peeringdb.com/api"
6340,Iron Mountain Data Center - Western Pennsylvania (WPA-1),Boyers,US,North America,4,0,1,41.092096,-79.912188,"PeeringDB, peeringdb.com/api"
6342,Iron Mountain Data Center - Kansas City (KCM-1),Kansas City,US,North America,2,0,1,39.010862,-94.501281,"PeeringDB, peeringdb.com/api"
6344,Iron Mountain Data Center - Manassas (VA-2),Manassas,US,North America,3,0,1,38.770228,-77.539018,"PeeringDB, peeringdb.com/api"
6346,Iron Mountain Data Center - Phoenix (AZP-2),Phoenix,US,North America,3,1,0,33.452061,-111.977263,"PeeringDB, peeringdb.com/api"
6347,Iron Mountain Data Center - London (LON-1),Slough,GB,Europe,7,0,1,51.527327,-0.631104,"PeeringDB, peeringdb.com/api"
6348,Iron Mountain Data Center - Singapore (SIN-1),Singapore,SG,Asia Pacific,4,1,1,1.375775,103.871462,"PeeringDB, peeringdb.com/api"
6352,SFN MN-Albert Lea,Albert Lea,US,North America,7,1,3,43.633435,-93.383825,"PeeringDB, peeringdb.com/api"
6355,City Online Services Ltd   Bengaluru,Bangalore,IN,Asia Pacific,1,0,0,12.984844,77.588004,"PeeringDB, peeringdb.com/api"
6356,City Online Services Ltd  Vijayawada,Vijayawada,IN,Asia Pacific,1,0,0,16.499566,80.655238,"PeeringDB, peeringdb.com/api"
6357,City Online Servces Ltd   Visakhapatnam,Viskhapatnam,IN,Asia Pacific,0,0,0,17.739533,83.335846,"PeeringDB, peeringdb.com/api"
6360,itself TH Brno,Brno,CZ,Europe,3,0,0,49.205764,16.661715,"PeeringDB, peeringdb.com/api"
6361,itself TH Ivančice,Ivančice,CZ,Europe,1,0,0,49.090268,16.35622,"PeeringDB, peeringdb.com/api"
6362,Neogrid Datacenter Joinville (Brasil TecPar),Joinville,BR,South America,4,0,1,-26.264056,-48.851541,"PeeringDB, peeringdb.com/api"
6365,Advantage | S5 Datacentre,Palmerston North,NZ,Asia Pacific,3,0,0,-40.352472,175.610721,"PeeringDB, peeringdb.com/api"
6367,Hasselt DC1,Hasselt,BE,Europe,3,1,0,50.931579,5.30465,"PeeringDB, peeringdb.com/api"
6372,Rechenzentrum Winterthur,Winterthur,CH,Europe,1,0,0,47.494113,8.754718,"PeeringDB, peeringdb.com/api"
6380,H5 Data Centers Quincy,Quincy,US,North America,3,0,1,47.252471,-119.819721,"PeeringDB, peeringdb.com/api"
6381,H5 Data Centers Cincinnati,Cincinnati,US,North America,1,0,0,39.097935,-84.524095,"PeeringDB, peeringdb.com/api"
6385,Promo.iT Srl,Merate,IT,Europe,0,0,0,45.68736,9.423044,"PeeringDB, peeringdb.com/api"
6393,Starnet Media Cluj-Napoca,Cluj Napoca,RO,Europe,1,1,0,46.771099,23.593616,"PeeringDB, peeringdb.com/api"
6398,Telehouse - Beijing BDA,Beijing,CN,Asia Pacific,2,0,0,39.79534,116.506639,"PeeringDB, peeringdb.com/api"
6399,Telehouse - Beijing BEZ,Beijing,CN,Asia Pacific,2,0,0,39.975773,116.500406,"PeeringDB, peeringdb.com/api"
6400,Telehouse - Shanghai Jinqiao,Shanghai,CN,Asia Pacific,2,0,0,,,"PeeringDB, peeringdb.com/api"
6401,Telehouse - Shanghai Zhangjiang,Shanghai,CN,Asia Pacific,1,0,0,31.214146,121.637741,"PeeringDB, peeringdb.com/api"
6414,S3 Company Ltd.,Sofia,BG,Europe,33,3,4,42.67892,23.36733,"PeeringDB, peeringdb.com/api"
6415,Interactive Brisbane,Eight Mile Plains,AU,Australia,6,1,1,-27.578018,153.096127,"PeeringDB, peeringdb.com/api"
6418,ColoCrossing BUF1,Buffalo,US,North America,7,0,0,42.893049,-78.875318,"PeeringDB, peeringdb.com/api"
6422,ColoCrossing SJ1,San Jose,US,North America,0,0,0,37.33417,-121.891703,"PeeringDB, peeringdb.com/api"
6423,ColoCrossing SEA1,Seattle,US,North America,3,0,0,47.49312,-122.293712,"PeeringDB, peeringdb.com/api"
6425,ColoCrossing NJ1,Piscataway,US,North America,0,0,0,40.557342,-74.484434,"PeeringDB, peeringdb.com/api"
6426,ColoCrossing LA1,Los Angeles,US,North America,3,0,0,34.048336,-118.255083,"PeeringDB, peeringdb.com/api"
6427,ColoCrossing DFW1,Dallas,US,North America,0,0,0,32.807888,-96.857296,"PeeringDB, peeringdb.com/api"
6428,ColoCrossing CHI1,Elk Grove Village,US,North America,0,0,0,41.994256,-87.961965,"PeeringDB, peeringdb.com/api"
6429,BGDS TELEKOM EOOD.,Kapitan Andreevo,BG,Europe,0,0,0,41.72111,26.323485,"PeeringDB, peeringdb.com/api"
6430,ISTANBULDC VERI MERKEZI,Istanbul,TR,Middle East,1,0,0,41.075881,29.012236,"PeeringDB, peeringdb.com/api"
6432,LES.NET YWG4,Winnipeg,CA,North America,4,1,0,49.893904,-97.14578,"PeeringDB, peeringdb.com/api"
6433,Satellite Mediaport,Rugby,GB,Europe,1,0,0,,,"PeeringDB, peeringdb.com/api"
6434,Latitude.sh MH1,São Paulo,BR,South America,7,1,0,-23.580004,-46.641081,"PeeringDB, peeringdb.com/api"
6436,CloudHQ MCC1,Manassas,US,North America,0,0,1,38.716855,-77.499738,"PeeringDB, peeringdb.com/api"
6439,Peer-Point Colocation,Miami,US,North America,0,0,0,25.767492,-80.191037,"PeeringDB, peeringdb.com/api"
6448,icolo.io Nairobi One (NBO1),Karen,KE,Africa,62,4,0,-1.35008,36.749228,"PeeringDB, peeringdb.com/api"
6450,DEEP Resilience Center Luxembourg East,Betzdorf,LU,Europe,7,1,1,49.693556,6.327622,"PeeringDB, peeringdb.com/api"
6453,ATI Solutions,Chantilly,US,North America,1,0,0,38.908137,-77.475261,"PeeringDB, peeringdb.com/api"
6458,Heyburn Building,Louisville,US,North America,4,1,0,38.245857,-85.758047,"PeeringDB, peeringdb.com/api"
6461,Lunavi - Cheyenne,Cheyenne,US,North America,4,0,0,41.129714,-104.741612,"PeeringDB, peeringdb.com/api"
6462,VeloxServ DC2 - Wolverhampton,Wolverhampton,GB,Europe,7,0,0,52.601611,-2.110311,"PeeringDB, peeringdb.com/api"
6474,INET-IDC2 Thai Summit Tower   Thailand,Bangkok,TH,Asia Pacific,6,0,0,13.747815,100.567167,"PeeringDB, peeringdb.com/api"
6480,SFN IA-Emery,Mason City,US,North America,5,0,1,43.132695,-93.27891,"PeeringDB, peeringdb.com/api"
6482,Pulsant Fareham SE-5,Fareham,GB,Europe,3,0,0,50.86838,-1.248006,"PeeringDB, peeringdb.com/api"
6483,Pulsant Croydon LN-1,Croydon,GB,Europe,4,0,0,51.35347,-0.11879,"PeeringDB, peeringdb.com/api"
6488,DANAWA DC  Kuching,Kuching,MY,Asia Pacific,1,1,0,1.51404,110.374811,"PeeringDB, peeringdb.com/api"
6493,Nordavind Grundsetmoen,Elverum,NO,Europe,0,0,0,60.907306,11.514444,"PeeringDB, peeringdb.com/api"
6494,Nordavind Hagen,Elverum,NO,Europe,0,0,0,60.830222,11.600417,"PeeringDB, peeringdb.com/api"
6495,Nordavind Heggvin,Hamar,NO,Europe,0,0,0,,,"PeeringDB, peeringdb.com/api"
6496,Nordavind Grue Industry Park,Kirkenær,NO,Europe,0,0,0,60.453062,12.068647,"PeeringDB, peeringdb.com/api"
6497,Nordavind Krabyskogen,Lena,NO,Europe,0,0,0,60.654611,10.873487,"PeeringDB, peeringdb.com/api"
6498,Nordavind Lalm,Lalm,NO,Europe,0,0,0,61.809333,9.299778,"PeeringDB, peeringdb.com/api"
6499,Nordavind Plassen,Alvdal,NO,Europe,0,0,0,62.120111,10.55475,"PeeringDB, peeringdb.com/api"
6500,Nordavind Rudshøgda Sør,Rudshøgda,NO,Europe,0,0,0,60.910318,10.805694,"PeeringDB, peeringdb.com/api"
6501,Nodavind Slomarka,Skarnes,NO,Europe,0,0,0,60.25175,11.737389,"PeeringDB, peeringdb.com/api"
6502,Nordavind Tronbøl,Skarnes,NO,Europe,0,0,0,60.235389,11.675722,"PeeringDB, peeringdb.com/api"
6503,Nordavind Tylldalen,Tynset,NO,Europe,0,0,0,62.073028,10.846583,"PeeringDB, peeringdb.com/api"
6504,Nordavind Åkrestrømmen,Åkrestrømmen,NO,Europe,0,0,0,61.713725,11.225464,"PeeringDB, peeringdb.com/api"
6505,Endeavor Data Center,Honolulu,US,North America,1,0,0,21.331924,-157.888183,"PeeringDB, peeringdb.com/api"
6507,Telstra PBS Tianjin TJCS1,Tianjin,CN,Asia Pacific,3,0,0,,,"PeeringDB, peeringdb.com/api"
6510,Absolut Solutions,Belgrade,RS,Europe,2,0,0,44.804373,20.375775,"PeeringDB, peeringdb.com/api"
6513,Telecom Italia Sparkle Milano Data Center,Milan,IT,Europe,6,0,0,45.502605,9.342785,"PeeringDB, peeringdb.com/api"
6524,ESDS Nashik,Nashik,IN,Asia Pacific,3,0,0,19.996201,73.747015,"PeeringDB, peeringdb.com/api"
6525,ESDS Mumbai,Navi Mumbai,IN,Asia Pacific,2,0,0,19.102853,73.021534,"PeeringDB, peeringdb.com/api"
6529,UPX Miami,Miami,US,North America,0,0,0,25.932848,-80.121136,"PeeringDB, peeringdb.com/api"
6535,Equinix LD7 - London  Slough,Slough,GB,Europe,76,5,4,51.525866,-0.634279,"PeeringDB, peeringdb.com/api"
6536,AiNET WDC8,Beltsville,US,North America,2,0,0,39.052767,-76.925864,"PeeringDB, peeringdb.com/api"
6537,AiNET WDC11,Laurel,US,North America,3,0,0,39.101379,-76.847997,"PeeringDB, peeringdb.com/api"
6538,AiNET MD-300L,Baltimore,US,North America,3,1,0,39.291768,-76.620065,"PeeringDB, peeringdb.com/api"
6539,AiNET MD-790R,Glen Burnie,US,North America,1,0,0,39.13848,-76.605528,"PeeringDB, peeringdb.com/api"
6543,AiNET DC-900S,Washington,US,North America,1,0,0,38.90101,-77.003861,"PeeringDB, peeringdb.com/api"
6544,Burundi Backbone System,Bujumbura,BI,Africa,0,1,0,,,"PeeringDB, peeringdb.com/api"
6549,ETIX Lille #3,Anzin - Valenciennes,FR,Europe,20,1,4,50.380311,3.521029,"PeeringDB, peeringdb.com/api"
6550,ATE #1,Villeneuve d'Ascq,FR,Europe,0,0,0,50.63997,3.14598,"PeeringDB, peeringdb.com/api"
6552,Comarch France #1,Lezennes,FR,Europe,3,0,1,50.614165,3.103819,"PeeringDB, peeringdb.com/api"
6553,RagingWire CA3 - NTT,Sacramento,US,North America,5,0,0,38.644384,-121.498636,"PeeringDB, peeringdb.com/api"
6554,RagingWire TX1 - NTT,Garland,US,North America,7,1,2,32.981068,-96.657798,"PeeringDB, peeringdb.com/api"
6555,RagingWire VA3 - NTT,Ashburn,US,North America,2,1,1,39.019293,-77.470655,"PeeringDB, peeringdb.com/api"
6556,RagingWire VA2 - NTT,Ashburn,US,North America,3,1,1,39.02489,-77.457559,"PeeringDB, peeringdb.com/api"
6560,DODID Data Centre,Singapore,SG,Asia Pacific,1,0,0,1.388455,103.827736,"PeeringDB, peeringdb.com/api"
6563,ProveNET - IDC-FLA - Fortaleza,Fortaleza,BR,South America,12,0,1,-3.735615,-38.466709,"PeeringDB, peeringdb.com/api"
6575,Colocation Northwest - Bellevue,Bellevue,US,North America,2,0,0,47.583534,-122.134492,"PeeringDB, peeringdb.com/api"
6576,Colocation Northwest - Redmond,Redmond,US,North America,2,0,0,47.632512,-122.138538,"PeeringDB, peeringdb.com/api"
6577,Colocation Northwest - Seattle,Seattle,US,North America,11,0,0,47.614347,-122.338883,"PeeringDB, peeringdb.com/api"
6578,Colocation Northwest - South Hill,Puyallup,US,North America,3,0,0,47.154859,-122.279018,"PeeringDB, peeringdb.com/api"
6581,Government Data Center,Thimphu,BT,Asia Pacific,0,0,0,27.479035,89.634334,"PeeringDB, peeringdb.com/api"
6584,Applico Data Center - Perugia,Perugia,IT,Europe,6,0,0,43.070788,12.34679,"PeeringDB, peeringdb.com/api"
6585,Fraga Comunicação,Rio de Janeiro,BR,South America,0,0,0,-22.932525,-43.690446,"PeeringDB, peeringdb.com/api"
6587,Digital Realty CHI (505 N Railroad),Northlake,US,North America,0,0,0,41.920267,-87.912334,"PeeringDB, peeringdb.com/api"
6588,Cyquator - Vashi Datacenter,Navi Mumbai,IN,Asia Pacific,3,0,0,19.063252,72.998855,"PeeringDB, peeringdb.com/api"
6592,Greenhouse Datacenters DC1,Naaldwijk,NL,Europe,21,4,6,52.001194,4.210829,"PeeringDB, peeringdb.com/api"
6593,Greenhouse Datacenters DC2,Naaldwijk,NL,Europe,24,4,5,52.001552,4.209184,"PeeringDB, peeringdb.com/api"
6598,Wnet Telecom USA,New York,US,North America,0,0,0,40.59761,-73.995101,"PeeringDB, peeringdb.com/api"
6604,BR.Digital Recife (RCE1),Recife,BR,South America,16,1,1,-8.063685,-34.891558,"PeeringDB, peeringdb.com/api"
6626,Datec Port Moresby,Port Moresby,PG,Asia Pacific,0,0,0,,,"PeeringDB, peeringdb.com/api"
6629,Basefarm OSL3,Oslo,NO,Europe,4,0,1,,,"PeeringDB, peeringdb.com/api"
6630,Basefarm OSL5,Rasta,NO,Europe,12,0,1,59.926975,10.942507,"PeeringDB, peeringdb.com/api"
6635,Telekom Slovenije - DC Cigaletova,Ljubljana,SI,Europe,3,1,2,46.056976,14.507117,"PeeringDB, peeringdb.com/api"
6638,CoreSite - Atlanta (AT2),Marietta,US,North America,7,2,2,33.925548,-84.481654,"PeeringDB, peeringdb.com/api"
6656,Adeo Datacenter,Albertslund,DK,Europe,7,0,0,55.667728,12.367818,"PeeringDB, peeringdb.com/api"
6659,EdgeUno Datacenter Bogota Colombia (BOG4),Bogota,CO,South America,13,1,1,4.680663,-74.04094,"PeeringDB, peeringdb.com/api"
6669,Centersquare Los Angeles (LAX4),Hawthorne,US,North America,3,0,1,33.924259,-118.320802,"PeeringDB, peeringdb.com/api"
6670,Centersquare Los Angeles (LAX5),Irvine,US,North America,6,1,1,33.684675,-117.836821,"PeeringDB, peeringdb.com/api"
6675,Centersquare Atlanta (ATL1-D),Lithia Springs,US,North America,3,1,1,33.744326,-84.581852,"PeeringDB, peeringdb.com/api"
6676,Centersquare Chicago (ORD4),Lisle,US,North America,5,1,1,41.802407,-88.094656,"PeeringDB, peeringdb.com/api"
6678,Centersquare Boston (BOS4-A),Watertown,US,North America,2,0,1,42.365768,-71.158084,"PeeringDB, peeringdb.com/api"
6681,Centersquare Dallas (DFW2),Allen,US,North America,2,1,0,33.094894,-96.68326,"PeeringDB, peeringdb.com/api"
6682,Centersquare Dallas (DFW3),Dallas,US,North America,3,1,1,32.911684,-96.87274,"PeeringDB, peeringdb.com/api"
6684,Centersquare Northern Virginia (IAD4),Ashburn,US,North America,10,1,1,39.021941,-77.453284,"PeeringDB, peeringdb.com/api"
6701,KievNet/L9,Kyiv,UA,Europe,13,3,0,50.445421,30.511353,"PeeringDB, peeringdb.com/api"
6702,AngoNAP Fortaleza,Fortaleza,BR,South America,59,2,3,-3.734736,-38.462636,"PeeringDB, peeringdb.com/api"
6711,NorthC Münchenstein (Basel) 2,Münchenstein,CH,Europe,3,0,1,47.514674,7.61752,"PeeringDB, peeringdb.com/api"
6713,BR.Digital Goiânia (GNA1),Goiânia,BR,South America,7,1,1,-16.697437,-49.254463,"PeeringDB, peeringdb.com/api"
6716,UnReal Servers,North Kansas City,US,North America,1,0,1,39.13335,-94.580005,"PeeringDB, peeringdb.com/api"
6718,BAEHOST-IFX,Buenos Aires,AR,South America,2,0,0,-34.613668,-58.388617,"PeeringDB, peeringdb.com/api"
6719,BAEHOST-Gigared,Buenos Aires,AR,South America,1,0,0,-34.586291,-58.471215,"PeeringDB, peeringdb.com/api"
6720,KLH-GSN-DC - Greekstream Networks - Thessaloniki,Thessaloniki,GR,Europe,4,1,0,,,"PeeringDB, peeringdb.com/api"
6721,Sheen Telecom Consultants Private Limited,Srinagar,IN,Asia Pacific,0,0,0,34.000509,74.793704,"PeeringDB, peeringdb.com/api"
6726,STT Singapore 2,Singapore,SG,Asia Pacific,0,0,0,1.349673,103.891814,"PeeringDB, peeringdb.com/api"
6728,CubeXS Weatherly,Karachi,PK,Asia Pacific,0,0,0,24.814769,67.026245,"PeeringDB, peeringdb.com/api"
6733,GTD Chile - Moneda,Santiago,CL,South America,12,0,0,-33.441992,-70.649576,"PeeringDB, peeringdb.com/api"
6734,Cetin Data Center,Belgrade,RS,Europe,26,3,5,44.811291,20.398723,"PeeringDB, peeringdb.com/api"
6740,Datacenter Multipla,Luanda,AO,Africa,1,0,0,,,"PeeringDB, peeringdb.com/api"
6741,Tellus Data Center,Pathum Thani,TH,Asia Pacific,17,5,0,,,"PeeringDB, peeringdb.com/api"
6742,SILA Data Center,Chon Buri,TH,Asia Pacific,7,0,0,,,"PeeringDB, peeringdb.com/api"
6747,Level(3) Raleigh,Raleigh,US,North America,3,0,0,35.854381,-78.597011,"PeeringDB, peeringdb.com/api"
6750,Docklands Data Centre,London,GB,Europe,16,0,0,51.4946,-0.018273,"PeeringDB, peeringdb.com/api"
6752,Datacenter NTAG,Erfurt,DE,Europe,0,0,0,50.976193,11.021223,"PeeringDB, peeringdb.com/api"
6765,Border Crossing Pop 1,San Diego,US,North America,0,0,0,32.544028,-117.027372,"PeeringDB, peeringdb.com/api"
6767,Exascale - Telford (TEL0),Telford,GB,Europe,5,1,1,52.707425,-2.46746,"PeeringDB, peeringdb.com/api"
6770,dcvlaanderen,Antwerp,BE,Europe,3,0,1,51.264077,4.399495,"PeeringDB, peeringdb.com/api"
6774,Myint & Associates Data Center,Yangon,MM,Asia Pacific,1,0,0,16.833385,96.132476,"PeeringDB, peeringdb.com/api"
6776,Lincoln Rackhouse Dallas,Plano,US,North America,0,0,0,33.015496,-96.766132,"PeeringDB, peeringdb.com/api"
6777,STT Pune 1,Pune,IN,Asia Pacific,7,0,1,18.604032,73.866068,"PeeringDB, peeringdb.com/api"
6778,STT Chennai 1,Chennai,IN,Asia Pacific,43,4,2,13.068351,80.278869,"PeeringDB, peeringdb.com/api"
6779,STT Chennai 2,Chennai,IN,Asia Pacific,7,1,0,13.132032,80.167437,"PeeringDB, peeringdb.com/api"
6780,STT Kolkata 1,Kolkata,IN,Asia Pacific,57,5,1,22.588218,88.392964,"PeeringDB, peeringdb.com/api"
6781,STT Hyderabad 1,Hyderabad,IN,Asia Pacific,24,4,1,17.441478,78.377811,"PeeringDB, peeringdb.com/api"
6782,STT Bangalore 1,Bangalore,IN,Asia Pacific,9,1,1,12.98123,77.725643,"PeeringDB, peeringdb.com/api"
6783,STT Bangalore 2,Bangalore,IN,Asia Pacific,2,0,0,,,"PeeringDB, peeringdb.com/api"
6784,STT Ahmedabad 1,Ahmedabad,IN,Asia Pacific,7,0,0,,,"PeeringDB, peeringdb.com/api"
6785,STT Delhi 1,Delhi,IN,Asia Pacific,24,2,2,28.5414,77.237609,"PeeringDB, peeringdb.com/api"
6786,STT Delhi 2,Delhi,IN,Asia Pacific,41,5,1,28.541514,77.240201,"PeeringDB, peeringdb.com/api"
6787,STT Delhi 3,Delhi,IN,Asia Pacific,20,4,0,28.629954,77.208372,"PeeringDB, peeringdb.com/api"
6788,STT Mumbai 1,Mumbai,IN,Asia Pacific,2,0,0,19.116312,72.862963,"PeeringDB, peeringdb.com/api"
6789,STT Mumbai 2,Mumbai,IN,Asia Pacific,27,4,0,19.021325,72.831062,"PeeringDB, peeringdb.com/api"
6790,STT Mumbai 3,Mumbai,IN,Asia Pacific,5,0,0,,,"PeeringDB, peeringdb.com/api"
6791,NEXTDC P2,Perth,AU,Australia,50,3,3,-31.95009,115.86819,"PeeringDB, peeringdb.com/api"
6792,NEXTDC S2,Macquarie Park,AU,Australia,24,3,5,-33.785125,151.125301,"PeeringDB, peeringdb.com/api"
6794,Datacenter Mainfranken,Würzburg,DE,Europe,2,0,0,49.799726,9.943007,"PeeringDB, peeringdb.com/api"
6805,High5! Amsterdam,Amsterdam,NL,Europe,0,0,0,52.336277,4.886678,"PeeringDB, peeringdb.com/api"
6812,DATAGREX,Saint-Saturnin,FR,Europe,2,0,0,48.054043,0.187639,"PeeringDB, peeringdb.com/api"
6815,RACK DIGITAL,Chos Malal,AR,South America,1,0,0,-37.376679,-70.271631,"PeeringDB, peeringdb.com/api"
6837,Teraco Johannesburg Bredell Campus,Johannesburg,ZA,Africa,22,1,1,-26.074142,28.278459,"PeeringDB, peeringdb.com/api"
6838,Intellicentre 1 (IC1),Sydney,AU,Australia,3,1,0,-33.880536,151.206146,"PeeringDB, peeringdb.com/api"
6839,Intellicentre 2 (IC2),Macquarie Park,AU,Australia,5,1,0,-33.780842,151.127275,"PeeringDB, peeringdb.com/api"
6840,Intellicentre 4 (IC4),Canberra,AU,Australia,0,0,0,,,"PeeringDB, peeringdb.com/api"
6841,Junet Birka,Huskvarna,SE,Europe,1,0,0,57.787106,14.262248,"PeeringDB, peeringdb.com/api"
6842,Tiscali Cagliari,Cagliari,IT,Europe,2,0,0,,,"PeeringDB, peeringdb.com/api"
6844,Net Global DC,Padua,IT,Europe,1,0,0,45.395345,11.945418,"PeeringDB, peeringdb.com/api"
6851,Pronto Net Belém,Belém,BR,South America,5,1,0,-1.362778,-48.426014,"PeeringDB, peeringdb.com/api"
6867,MekongNet,Phnom Penh,KH,Asia Pacific,8,2,0,11.548006,104.92752,"PeeringDB, peeringdb.com/api"
6871,Ferenz Networks DC,Xaxim,BR,South America,4,0,0,-26.968341,-52.525293,"PeeringDB, peeringdb.com/api"
6873,NTT Serangoon Data Center (SG1),Singapore,SG,Asia Pacific,7,1,1,1.376119,103.875089,"PeeringDB, peeringdb.com/api"
6874,WebSatMedia,Singapore,SG,Asia Pacific,3,0,2,1.324321,103.923008,"PeeringDB, peeringdb.com/api"
6875,M1 MiWorld,Singapore,SG,Asia Pacific,1,0,1,1.324802,103.750368,"PeeringDB, peeringdb.com/api"
6876,GalaxyData,Yekaterinburg,RU,Europe,0,0,0,,,"PeeringDB, peeringdb.com/api"
6877,ONI Telecom Lisbon Matinha,Lisbon,PT,Europe,7,1,0,38.747404,-9.098127,"PeeringDB, peeringdb.com/api"
6883,Magic OnLine,Montreuil,FR,Europe,0,0,0,48.855088,2.439301,"PeeringDB, peeringdb.com/api"
6885,Lincoln Rackhouse Silver Spring,Silver Spring,US,North America,0,0,1,39.058289,-76.964548,"PeeringDB, peeringdb.com/api"
6886,Lincoln Rackhouse Aurora,Aurora,US,North America,0,0,0,41.772203,-88.217055,"PeeringDB, peeringdb.com/api"
6888,Pi Datacenters Amaravati,Amaravati,IN,Asia Pacific,4,1,0,16.421067,80.55841,"PeeringDB, peeringdb.com/api"
6892,BB Host Datacenter - COA1,Cotia,BR,South America,1,0,0,-23.597933,-46.848808,"PeeringDB, peeringdb.com/api"
6893,ServerHouse F1,Hampshire,GB,Europe,1,0,0,50.846154,-1.168462,"PeeringDB, peeringdb.com/api"
6894,ServerHouse P2,Hampshire,GB,Europe,1,0,0,50.848702,-1.165861,"PeeringDB, peeringdb.com/api"
6900,EnmoeNetwork,Chengdu,CN,Asia Pacific,0,0,0,30.69469,103.818026,"PeeringDB, peeringdb.com/api"
6904,Element Critical Chicago CH1,Wood Dale,US,North America,2,0,1,41.975882,-87.964568,"PeeringDB, peeringdb.com/api"
6915,Smart City Telecom Maitland Colo,Orlando,US,North America,0,0,0,28.638819,-81.39965,"PeeringDB, peeringdb.com/api"
6916,ASCO TLC Data Center,Santa Lucia di Piave (TV),IT,Europe,0,0,0,,,"PeeringDB, peeringdb.com/api"
6921,MOMIT Milan,Milan,IT,Europe,0,0,0,45.462484,9.242284,"PeeringDB, peeringdb.com/api"
6923,DataGrid Network London,London,GB,Europe,1,0,0,51.5145,-0.150212,"PeeringDB, peeringdb.com/api"
6924,Talia Baghdad,Baghdad,IQ,Middle East,2,0,0,33.309239,44.351936,"PeeringDB, peeringdb.com/api"
6925,DataGrid Network Germany,Aerzen,DE,Europe,0,0,0,47.906613,11.108324,"PeeringDB, peeringdb.com/api"
6928,Hostway Seoul,Seongnam,KR,Asia Pacific,3,0,1,,,"PeeringDB, peeringdb.com/api"
6929,Telkom - Milimani Data Center - Nairobi,Nairobi,KE,Africa,2,0,0,-1.290173,36.80529,"PeeringDB, peeringdb.com/api"
6930,Telkom - Telephone House - Mombasa,Mombasa,KE,Africa,9,0,1,-4.060807,39.657172,"PeeringDB, peeringdb.com/api"
6931,Telkom - Telephone House - Nairobi,Nairobi,KE,Africa,1,0,0,-1.280859,36.817712,"PeeringDB, peeringdb.com/api"
6937,Liberty Center One,Royal Oak,US,North America,5,0,1,42.533508,-83.177393,"PeeringDB, peeringdb.com/api"
6949,Glesys Tampere 1,Tampere,FI,Europe,6,1,3,61.497788,23.775938,"PeeringDB, peeringdb.com/api"
6950,Verne Helsinki,Vantaa,FI,Europe,8,0,4,60.303515,25.101186,"PeeringDB, peeringdb.com/api"
6951,Glesys Pori 1,Harjunpää,FI,Europe,3,0,3,61.501083,21.888366,"PeeringDB, peeringdb.com/api"
6972,Volt Modesto,Modesto,US,North America,1,0,0,37.641953,-121.00224,"PeeringDB, peeringdb.com/api"
6976,Free Pro - Lyon - Rock,Lyon,FR,Europe,23,0,5,45.740044,4.888465,"PeeringDB, peeringdb.com/api"
6980,JSX TELECOM - IDC - Salvador,Salvador,BR,South America,1,0,0,-12.979049,-38.460817,"PeeringDB, peeringdb.com/api"
6986,Adexus Santiago,Santiago,CL,South America,0,0,0,-33.438249,-70.645367,"PeeringDB, peeringdb.com/api"
6987,Adexus Santiago - CLink Extension,Santiago,CL,South America,1,0,1,-33.357991,-70.67626,"PeeringDB, peeringdb.com/api"
6988,CNI DC DPS,Bali,ID,Asia Pacific,42,4,1,-8.636464,115.183362,"PeeringDB, peeringdb.com/api"
6993,TNS CHILE-TECHNETSECURITY,Santiago,CL,South America,0,0,0,-33.393129,-70.613918,"PeeringDB, peeringdb.com/api"
7011,Telehouse Toronto (905 King Street West),Toronto,CA,North America,3,1,0,43.641667,-79.412275,"PeeringDB, peeringdb.com/api"
7013,SACOFA Kuching,Kuching,MY,Asia Pacific,0,0,0,1.553771,110.329429,"PeeringDB, peeringdb.com/api"
7020,Lintasarta Techno Park,Tangerang,ID,Asia Pacific,3,0,0,-6.331687,106.676597,"PeeringDB, peeringdb.com/api"
7021,Lintasarta Jatiluhur,Purwakarta,ID,Asia Pacific,0,0,0,,,"PeeringDB, peeringdb.com/api"
7022,Lintasarta Jakarta,Jakarta Selatan,ID,Asia Pacific,3,0,0,-6.29156,106.799905,"PeeringDB, peeringdb.com/api"
7032,NTT DOCOMO BUSINESS Tokyo (NW1),Tokyo,JP,Asia Pacific,14,3,1,,,"PeeringDB, peeringdb.com/api"
7040,ATLEX.RU,Moscow,RU,Europe,2,0,0,55.736262,37.721089,"PeeringDB, peeringdb.com/api"
7041,Netia Warsaw (WARSC001),Warsaw,PL,Europe,18,1,1,52.223397,21.01981,"PeeringDB, peeringdb.com/api"
7042,Kao Data Campus,Harlow,GB,Europe,2,0,1,,,"PeeringDB, peeringdb.com/api"
7047,Lumen Norfolk,Norfolk,US,North America,0,0,0,36.878851,-76.221387,"PeeringDB, peeringdb.com/api"
7052,Host-Telecom.com,Veselí nad Lužnicí,CZ,Europe,1,0,0,49.191564,14.718417,"PeeringDB, peeringdb.com/api"
7054,IPTelecom Data Center HK,Hong Kong,HK,Asia Pacific,3,0,0,22.266444,114.246387,"PeeringDB, peeringdb.com/api"
7055,Radore Istanbul,Istanbul,TR,Middle East,24,5,1,41.076145,29.014039,"PeeringDB, peeringdb.com/api"
7063,ITinSell Cloud Datacenter,La Ciotat,FR,Europe,3,0,1,43.208506,5.608645,"PeeringDB, peeringdb.com/api"
7069,TecnoAlcalá,Alcalá de Henares,ES,Europe,0,0,0,40.519524,-3.341208,"PeeringDB, peeringdb.com/api"
7071,BJNEt PROVEDOR DE INTERNET LTDA,Brusque,BR,South America,0,0,0,-27.090806,-48.908856,"PeeringDB, peeringdb.com/api"
7073,Globalinx Virginia Beach CLS,Virginia Beach,US,North America,1,0,0,36.784195,-76.00859,"PeeringDB, peeringdb.com/api"
7074,Equinix SE4 - Seattle  Kent,Kent,US,North America,8,1,1,47.420627,-122.247527,"PeeringDB, peeringdb.com/api"
7076,weber.cloud Data Center Balingen 1,Balingen,DE,Europe,2,0,0,48.276912,8.851367,"PeeringDB, peeringdb.com/api"
7090,NDX NET Servicos de Informatica,Rio de Janeiro,BR,South America,0,0,0,-23.001086,-43.390426,"PeeringDB, peeringdb.com/api"
7097,Equinix SO2 - Sofia,Sofia,BG,Europe,35,5,9,42.67572,23.401498,"PeeringDB, peeringdb.com/api"
7098,Equinix HE7 - Helsinki  Sinimäki,Espoo,FI,Europe,12,4,6,60.203959,24.775753,"PeeringDB, peeringdb.com/api"
7099,Equinix WA3 - Warsaw,Warsaw,PL,Europe,28,3,3,52.189965,20.920738,"PeeringDB, peeringdb.com/api"
7109,Evocative DAL6,Plano,US,North America,12,1,1,33.015681,-96.768421,"PeeringDB, peeringdb.com/api"
7114,XSALTO Grenoble,Seyssinet-Pariset,FR,Europe,2,0,0,45.168755,5.68854,"PeeringDB, peeringdb.com/api"
7119,Data Center Internacional Ingeniero Jose Luis Massera,Pando,UY,South America,2,0,1,-34.725056,-55.947217,"PeeringDB, peeringdb.com/api"
7124,ColocationIX DC5,Bremen,DE,Europe,0,0,0,53.093964,8.790196,"PeeringDB, peeringdb.com/api"
7126,PIX Defferrari - Porto Alegre,Porto Alegre,BR,South America,2,1,0,-30.029477,-51.204482,"PeeringDB, peeringdb.com/api"
7133,Telxius Barracas  Buenos Aires,Buenos Aires,AR,South America,12,0,1,-34.644552,-58.372064,"PeeringDB, peeringdb.com/api"
7134,iLevant Aqaba,Aqaba,JO,Middle East,1,0,0,29.532079,35.010403,"PeeringDB, peeringdb.com/api"
7141,EMP Secure DC1,Nedre Vats,NO,Europe,1,0,0,59.476215,5.740356,"PeeringDB, peeringdb.com/api"
7142,WēConnect Westerville,Westerville,US,North America,2,1,0,40.123627,-82.943999,"PeeringDB, peeringdb.com/api"
7158,EdgeUno Datacenter San Juan Puerto Rico (SJU1),San Juan,PR,North America,3,1,1,18.43004,-66.05873,"PeeringDB, peeringdb.com/api"
7160,Penta Infra Leeuwarden LEE01,Leeuwarden,NL,Europe,12,3,3,53.204849,5.765145,"PeeringDB, peeringdb.com/api"
7161,Penta Infra Leeuwarden LEE02,Leeuwarden,NL,Europe,9,2,2,53.192575,5.760613,"PeeringDB, peeringdb.com/api"
7166,Data Zone (Thailand) MOD1,Chon Buri,TH,Asia Pacific,7,0,0,,,"PeeringDB, peeringdb.com/api"
7169,AlohaNAP Datacenter,Kapolei,US,North America,2,0,0,21.334443,-158.08691,"PeeringDB, peeringdb.com/api"
7173,TSR Solutions Data Center,Milwaukee,US,North America,5,0,2,43.03904,-87.907046,"PeeringDB, peeringdb.com/api"
7177,MedOne TC1  TC2  TC3 (Tirat Carmel),Tirat Carmel,IL,Middle East,9,1,1,32.770949,34.966486,"PeeringDB, peeringdb.com/api"
7180,OPCORE - DC5 / PAR5,Saint-Ouen-l'Aumône,FR,Europe,5,0,2,49.053744,2.137936,"PeeringDB, peeringdb.com/api"
7182,Datahata,Minsk,BY,Europe,4,0,0,,,"PeeringDB, peeringdb.com/api"
7187,CloudHQ MCC2,Manassas,US,North America,0,0,1,38.722972,-77.499229,"PeeringDB, peeringdb.com/api"
7216,ChunkyChips Data Centre,Basildon,GB,Europe,1,0,0,51.583632,0.465743,"PeeringDB, peeringdb.com/api"
7217,DC BLOX CHA1 - DCBLOX Chattanooga,Chattanooga,US,North America,6,0,2,35.031582,-85.297262,"PeeringDB, peeringdb.com/api"
7218,DC BLOX HSV1 - DCBLOX Huntsville,Huntsville,US,North America,2,0,1,34.711822,-86.692154,"PeeringDB, peeringdb.com/api"
7219,DC BLOX BHM1 - DCBLOX Birmingham,Birmingham,US,North America,4,1,1,33.49959,-86.821129,"PeeringDB, peeringdb.com/api"
7220,DC BLOX ATL1 - DCBLOX Atlanta,Atlanta,US,North America,2,0,0,33.831665,-84.339169,"PeeringDB, peeringdb.com/api"
7226,nLighten Paris PAR2,Aubervilliers,FR,Europe,10,0,1,48.906734,2.367834,"PeeringDB, peeringdb.com/api"
7227,EXA Edge DC Marseille,Marseille,FR,Europe,1,0,1,43.342848,5.368113,"PeeringDB, peeringdb.com/api"
7230,NWI Datacenter Brasília SIG,Brasília,BR,South America,2,0,0,-15.792094,-47.910153,"PeeringDB, peeringdb.com/api"
7232,XLSmart Surabaya (SNB),Surabaya,ID,Asia Pacific,5,0,0,-7.316056,112.769502,"PeeringDB, peeringdb.com/api"
7240,MLIX,Bamako,ML,Africa,0,1,0,,,"PeeringDB, peeringdb.com/api"
7245,Government Online Centre,Port Louis,MU,Africa,0,1,0,-20.245227,57.49181,"PeeringDB, peeringdb.com/api"
7246,Swift Networks Lagos,Lagos,NG,Africa,0,0,0,6.427276,3.421101,"PeeringDB, peeringdb.com/api"
7262,TurnKey Internet,Latham,US,North America,1,0,0,42.74545,-73.75914,"PeeringDB, peeringdb.com/api"
7263,TurnKey Internet - CA,Los Angeles,US,North America,1,0,0,34.048336,-118.255083,"PeeringDB, peeringdb.com/api"
7264,TurnKey Internet - DR,Albany,US,North America,1,0,0,42.649423,-73.752684,"PeeringDB, peeringdb.com/api"
7265,Cogent Albany,Albany,US,North America,5,0,0,42.649423,-73.752684,"PeeringDB, peeringdb.com/api"
7267,Lumen New York,New York,US,North America,4,0,0,40.751657,-74.007158,"PeeringDB, peeringdb.com/api"
7269,MSTN LLC,Moscow,RU,Europe,0,0,0,55.710579,37.577776,"PeeringDB, peeringdb.com/api"
7271,TierPoint Omaha - Bellevue,Bellevue,US,North America,5,0,1,41.178209,-95.924766,"PeeringDB, peeringdb.com/api"
7273,Crown Castle Baltimore (111 Market  700 E Pratt),Baltimore,US,North America,8,1,0,39.287345,-76.606434,"PeeringDB, peeringdb.com/api"
7274,Portus/IPHH HH3 (Wendenstrasse 251),Hamburg,DE,Europe,17,2,6,53.550998,10.03825,"PeeringDB, peeringdb.com/api"
7275,CHT Tainan YongKong IDC,Tainan,TW,Asia Pacific,0,0,0,23.023034,120.250719,"PeeringDB, peeringdb.com/api"
7276,Datacom - Abel Data Centre (Wellington),Wellington,NZ,Asia Pacific,5,0,0,-41.29586,174.773301,"PeeringDB, peeringdb.com/api"
7283,CYNOX-KANO,Nassarawa,NG,Africa,2,0,0,,,"PeeringDB, peeringdb.com/api"
7288,Planet Networks Newton Datacenter,Newton,US,North America,1,0,0,41.058209,-74.75396,"PeeringDB, peeringdb.com/api"
7291,NetWave PR,San Juan,PR,North America,8,1,1,18.465015,-66.097022,"PeeringDB, peeringdb.com/api"
7297,Xfernet LAX01,Los Angeles,US,North America,0,0,0,34.061086,-118.293315,"PeeringDB, peeringdb.com/api"
7311,SpeedTravel Telecom,Cacoal,BR,South America,0,0,0,-11.433839,-61.449507,"PeeringDB, peeringdb.com/api"
7320,Equinix LM1 - Lima,Santiago de Surco,PE,South America,24,3,1,-12.087361,-76.97314,"PeeringDB, peeringdb.com/api"
7327,Makarios Earth Station Kofinou,Kofinou,CY,Middle East,0,0,0,34.86132,33.382627,"PeeringDB, peeringdb.com/api"
7332,SFN IA-IowaFalls,Iowa Falls,US,North America,3,0,1,42.555386,-93.259636,"PeeringDB, peeringdb.com/api"
7338,UEPG Datacenter UVN,Ponta Grossa,BR,South America,3,1,0,-25.089498,-50.103436,"PeeringDB, peeringdb.com/api"
7341,Data Center Kalininsky - ROSATOMA,Udomlya,RU,Europe,1,0,0,,,"PeeringDB, peeringdb.com/api"
7345,702 Communications - Fargo  ND,Fargo,US,North America,8,1,1,46.864784,-96.832308,"PeeringDB, peeringdb.com/api"
7346,Chorus Napier Exchange,Napier,NZ,Asia Pacific,7,0,0,-39.488429,176.916658,"PeeringDB, peeringdb.com/api"
7347,Chorus Masterton Exchange  (MS),Masterton,NZ,Asia Pacific,7,0,0,-40.948395,175.659757,"PeeringDB, peeringdb.com/api"
7354,Equinix SL1 - Seoul,Seoul,KR,Asia Pacific,23,2,0,37.580228,126.8907,"PeeringDB, peeringdb.com/api"
7358,Australian Satellite Interchange / Av-Comm,Brookvale,AU,Australia,1,0,0,-33.766933,151.272488,"PeeringDB, peeringdb.com/api"
7359,Sabey Intergate.Ashburn,Ashburn,US,North America,5,0,1,39.015352,-77.478264,"PeeringDB, peeringdb.com/api"
7363,Airgenie Communications Pondicherry,Pondicherry,IN,Asia Pacific,1,0,0,11.939329,79.823702,"PeeringDB, peeringdb.com/api"
7367,GELSEN-NET Gelsenkirchen,Gelsenkirchen,DE,Europe,1,1,0,51.528185,7.028807,"PeeringDB, peeringdb.com/api"
7370,READYTI-THE-01,Teresina,BR,South America,1,0,0,,,"PeeringDB, peeringdb.com/api"
7372,Berkah Solusi Teknologi Informasi,Jakarta,ID,Asia Pacific,0,0,0,-6.224305,106.797092,"PeeringDB, peeringdb.com/api"
7377,Equinix MB2 - Mumbai (GPX Mumbai 2),Mumbai,IN,Asia Pacific,57,6,3,19.109353,72.901441,"PeeringDB, peeringdb.com/api"
7396,Retelit S.p.A. Verona,Verona,IT,Europe,2,0,1,45.402363,10.971457,"PeeringDB, peeringdb.com/api"
7402,stc Bahrain,Manama,BH,Middle East,1,0,0,26.232321,50.550816,"PeeringDB, peeringdb.com/api"
7403,Retelit S.p.A. Roma Perrier,Rome,IT,Europe,2,0,1,41.922502,12.531523,"PeeringDB, peeringdb.com/api"
7404,Retelit S.p.A. Trento,Trento,IT,Europe,3,0,1,46.061626,11.115344,"PeeringDB, peeringdb.com/api"
7406,Agilis Networks,Sudbury,CA,North America,0,0,0,46.481714,-81.006428,"PeeringDB, peeringdb.com/api"
7414,Digital Realty Madrid MAD3,Madrid,ES,Europe,48,1,7,40.433899,-3.62408,"PeeringDB, peeringdb.com/api"
7425,NTT London 1 Data Center (LON1),Dagenham,GB,Europe,4,0,0,,,"PeeringDB, peeringdb.com/api"
7426,NTT Amsterdam 1 Data Center (AMS 1),Rozenburg,NL,Europe,4,0,3,52.283746,4.744425,"PeeringDB, peeringdb.com/api"
7427,NTT Frankfurt 4 Data Center (FRA4),Hattersheim am Main,DE,Europe,3,1,2,50.063868,8.48535,"PeeringDB, peeringdb.com/api"
7428,Comnet Tashkent,Tashkent,UZ,Asia Pacific,1,1,0,41.29756,69.272965,"PeeringDB, peeringdb.com/api"
7432,Internet Group AG Datacenter 1,Widnau,CH,Europe,1,0,0,47.416532,9.638591,"PeeringDB, peeringdb.com/api"
7433,Internet Group AG Datacenter 3,Winterthur,CH,Europe,0,0,0,47.498928,8.761566,"PeeringDB, peeringdb.com/api"
7449,Dawico FFM,Frankfurt,DE,Europe,1,0,0,50.109696,8.661696,"PeeringDB, peeringdb.com/api"
7455,Singtel DC West,Singapore,SG,Asia Pacific,6,0,0,1.32578,103.722566,"PeeringDB, peeringdb.com/api"
7465,EdgeUno Datacenter Santiago Chile (SCL1),Huechuraba,CL,South America,10,0,1,-33.357991,-70.67626,"PeeringDB, peeringdb.com/api"
7466,EdgeUno Datacenter Buenos Aires Argentina (EZE1),Buenos Aires,AR,South America,7,0,1,-34.606738,-58.379375,"PeeringDB, peeringdb.com/api"
7471,OMNIconnect Data Center,Carrum Downs,AU,Australia,0,0,0,-38.093342,145.159422,"PeeringDB, peeringdb.com/api"
7474,Ogis Osaka,Osaka,JP,Asia Pacific,1,0,1,,,"PeeringDB, peeringdb.com/api"
7481,i Smart,Khulna,BD,Asia Pacific,0,0,0,22.810425,89.56027,"PeeringDB, peeringdb.com/api"
7485,epnox Vreden,Vreden,DE,Europe,0,0,0,52.028778,6.823103,"PeeringDB, peeringdb.com/api"
7486,epnox Stadtlohn,Stadtlohn,DE,Europe,0,0,0,51.98577,6.89973,"PeeringDB, peeringdb.com/api"
7498,Root Data Center MTL-R2,Baie-D'Urfe,CA,North America,2,0,0,45.424138,-73.913932,"PeeringDB, peeringdb.com/api"
7500,Sungard AS London Technology Centre,Hounslow,GB,Europe,4,0,1,51.467366,-0.399428,"PeeringDB, peeringdb.com/api"
7502,InterDC Hengelo,Hengelo,NL,Europe,4,2,1,52.267645,6.791128,"PeeringDB, peeringdb.com/api"
7515,Eltodo Sarka,Prague,CZ,Europe,0,0,0,50.100862,14.341096,"PeeringDB, peeringdb.com/api"
7522,Global Zone Askar,Askar,BH,Middle East,4,1,0,,,"PeeringDB, peeringdb.com/api"
7525,NYI CH1 (800 Jorie Blvd),Oak Brook,US,North America,6,3,1,41.845343,-87.941522,"PeeringDB, peeringdb.com/api"
7533,Chorus Mount Eden Exchange (MOD),Auckland,NZ,Asia Pacific,22,1,0,-36.882762,174.762611,"PeeringDB, peeringdb.com/api"
7535,Ekaterinburg ABV,Ekaterinburg,RU,Europe,2,0,0,56.830714,60.599617,"PeeringDB, peeringdb.com/api"
7541,Spark Christchurch Exchange,Christchurch,NZ,Asia Pacific,16,1,1,-43.531858,172.635694,"PeeringDB, peeringdb.com/api"
7542,Enable Networks Riccarton POI,Christchurch,NZ,Asia Pacific,7,0,0,-43.543077,172.606677,"PeeringDB, peeringdb.com/api"
7550,RV-IX,Rivne,UA,Europe,1,0,0,50.61275,26.26399,"PeeringDB, peeringdb.com/api"
7551,EXA Edge DC Halifax,Halifax,CA,North America,11,1,1,44.655879,-63.625857,"PeeringDB, peeringdb.com/api"
7553,STAR - TQR,Taquara,BR,South America,0,0,0,,,"PeeringDB, peeringdb.com/api"
7554,STAR - GTI,Gravataí,BR,South America,2,0,0,-29.935797,-50.996802,"PeeringDB, peeringdb.com/api"
7561,AtlanticTechnology Centre,Charlottetown,CA,North America,0,0,0,46.237059,-63.128085,"PeeringDB, peeringdb.com/api"
7563,Neutron - Spokane,Spokane,US,North America,11,1,0,47.658366,-117.419213,"PeeringDB, peeringdb.com/api"
7566,EdgeConneX Hillsboro (EDCPOR02),Hillsboro,US,North America,8,0,0,45.548296,-122.907473,"PeeringDB, peeringdb.com/api"
7567,EdgeConneX Buenos Aires (EDCBUE01),Pilar,AR,South America,9,0,1,-34.417162,-58.958071,"PeeringDB, peeringdb.com/api"
7568,EdgeConneX Atlanta (EDCATL02),Atlanta,US,North America,5,1,1,33.731803,-84.423585,"PeeringDB, peeringdb.com/api"
7569,Telecom Cambodia Building,Phnom Penh,KH,Asia Pacific,3,1,0,11.556322,104.919448,"PeeringDB, peeringdb.com/api"
7570,efectRO DC1,Cluj Napoca,RO,Europe,3,1,0,46.794435,23.601719,"PeeringDB, peeringdb.com/api"
7573,LG Uplus Pyeongchon IDC,Anyang-si,KR,Asia Pacific,6,0,0,,,"PeeringDB, peeringdb.com/api"
7574,LG Uplus SEOCHO1 IDC,Seoul,KR,Asia Pacific,6,0,0,37.483293,127.022099,"PeeringDB, peeringdb.com/api"
7576,Orioncom,Kinshasa,CD,Africa,0,0,0,,,"PeeringDB, peeringdb.com/api"
7579,Ascenty SPO01 - São Paulo,Osasco,BR,South America,43,1,2,-23.492259,-46.777232,"PeeringDB, peeringdb.com/api"
7580,Ascenty SPO02 - São Paulo,Osasco,BR,South America,103,3,4,-23.492259,-46.777232,"PeeringDB, peeringdb.com/api"
7581,Ascenty SPO03 - São Paulo,Osasco,BR,South America,80,1,5,-23.492259,-46.777232,"PeeringDB, peeringdb.com/api"
7582,Ascenty JDI01 - Jundiaí,Jundiai,BR,South America,10,0,1,-23.191744,-46.974604,"PeeringDB, peeringdb.com/api"
7583,Ascenty JDI02 - Jundiaí,Jundiai,BR,South America,2,0,1,-23.191744,-46.974604,"PeeringDB, peeringdb.com/api"
7584,Ascenty SUM01 - Sumaré,Sumaré,BR,South America,1,0,1,,,"PeeringDB, peeringdb.com/api"
7585,Ascenty SUM02 - Sumaré,Sumaré,BR,South America,1,0,1,,,"PeeringDB, peeringdb.com/api"
7586,Ascenty HTL01 - Hortolândia,Hortolandia,BR,South America,11,0,1,-22.896022,-47.179246,"PeeringDB, peeringdb.com/api"
7587,Ascenty HTL02 - Hortolândia,Hortolandia,BR,South America,2,0,1,-22.896022,-47.179246,"PeeringDB, peeringdb.com/api"
7588,Ascenty HTL03 - Hortolândia,Hortolandia,BR,South America,1,0,1,-22.896022,-47.179246,"PeeringDB, peeringdb.com/api"
7589,Ascenty VIN01 - Vinhedo,Vinhedo,BR,South America,22,2,1,,,"PeeringDB, peeringdb.com/api"
7590,Ascenty VIN02 - Vinhedo,Vinhedo,BR,South America,35,0,1,,,"PeeringDB, peeringdb.com/api"
7591,Ascenty PLN01 - Paulínia,Paulínia,BR,South America,2,0,0,,,"PeeringDB, peeringdb.com/api"
7592,Ascenty RJO01 - Rio de Janeiro,Rio de Janeiro,BR,South America,7,0,1,-22.804912,-43.335097,"PeeringDB, peeringdb.com/api"
7593,Ascenty RJO02 - Rio de Janeiro,Rio de Janeiro,BR,South America,5,0,1,-22.804912,-43.335097,"PeeringDB, peeringdb.com/api"
7594,Ascenty SCL01 - Santiago,Santiago,CL,South America,24,2,2,-33.338535,-70.70621,"PeeringDB, peeringdb.com/api"
7597,DataPro Moscow,Moscow,RU,Europe,14,3,1,55.736262,37.721089,"PeeringDB, peeringdb.com/api"
7598,Datacenter Ministere de l'agriculture,Ouagadougou,BF,Africa,3,1,0,12.304813,-1.499937,"PeeringDB, peeringdb.com/api"
7600,EdgeUno Datacenter Lima Peru (LIM1),Lima,PE,South America,8,0,1,-12.089142,-76.973399,"PeeringDB, peeringdb.com/api"
7604,EVF Datacenter,Göppingen,DE,Europe,1,0,0,48.713246,9.686683,"PeeringDB, peeringdb.com/api"
7609,Racksquared Data Centers,Columbus,US,North America,1,1,0,39.966878,-82.992615,"PeeringDB, peeringdb.com/api"
7611,nLighten Lyon LYS1,Villeurbanne,FR,Europe,21,1,7,45.771937,4.871514,"PeeringDB, peeringdb.com/api"
7614,NTT DOCOMO BUSINESS TK1 - Tokyo (NTT Otemachi),Tokyo,JP,Asia Pacific,11,2,1,35.687803,139.767782,"PeeringDB, peeringdb.com/api"
7615,NTT DOCOMO BUSINESS TK2 - Tokyo,Tokyo,JP,Asia Pacific,0,0,0,35.671462,139.830455,"PeeringDB, peeringdb.com/api"
7616,NTT DOCOMO BUSINESS TK3 - Tokyo,Tokyo,JP,Asia Pacific,1,0,0,35.675337,139.78394,"PeeringDB, peeringdb.com/api"
7617,NTT DOCOMO BUSINESS TK4 - Tokyo,Tokyo,JP,Asia Pacific,1,0,0,,,"PeeringDB, peeringdb.com/api"
7618,NTT DOCOMO BUSINESS TK5 - Tokyo,Tokyo,JP,Asia Pacific,1,0,0,35.705012,139.769075,"PeeringDB, peeringdb.com/api"
7619,NTT DOCOMO BUSINESS TK6 - Tokyo,Tokyo,JP,Asia Pacific,1,0,0,35.739392,139.766676,"PeeringDB, peeringdb.com/api"
7620,NTT DOCOMO BUSINESS TK8 - Tokyo,Kawasaki-shi,JP,Asia Pacific,0,0,0,35.588114,139.55878,"PeeringDB, peeringdb.com/api"
7621,NTT DOCOMO BUSINESS TK9 - Tokyo,Tokyo,JP,Asia Pacific,0,0,0,35.675591,139.829494,"PeeringDB, peeringdb.com/api"
7622,NTT DOCOMO BUSINESS TK10 - Tokyo,Mitaka-shi,JP,Asia Pacific,1,0,1,,,"PeeringDB, peeringdb.com/api"
7623,NTT DOCOMO BUSINESS TK12 - Tokyo,Tokyo,JP,Asia Pacific,1,0,0,35.700567,139.772715,"PeeringDB, peeringdb.com/api"
7625,NTT DOCOMO BUSINESS OS4 - Osaka,Osaka,JP,Asia Pacific,0,0,0,34.672624,135.513823,"PeeringDB, peeringdb.com/api"
7626,NTT Jakarta 1 Data Center (JKT1),Jakarta,ID,Asia Pacific,12,0,0,-6.203353,106.819953,"PeeringDB, peeringdb.com/api"
7627,Pfalzkom DCRN II,Mutterstadt,DE,Europe,7,1,1,49.42065,8.350287,"PeeringDB, peeringdb.com/api"
7628,Pfalzkom DCRN I,Mutterstadt,DE,Europe,8,1,1,49.42591,8.360248,"PeeringDB, peeringdb.com/api"
7629,GlobalConnect Hamburg (HAM3),Hamburg,DE,Europe,12,0,2,53.551005,10.038666,"PeeringDB, peeringdb.com/api"
7638,n@work Hamburg Grevenweg,Hamburg,DE,Europe,3,0,0,53.548555,10.043154,"PeeringDB, peeringdb.com/api"
7641,Ultracom Inc.,Carolina,PR,North America,1,0,0,18.442344,-66.023144,"PeeringDB, peeringdb.com/api"
7643,STACKIT Ostermiething (DC10),Ostermiething,AT,Europe,1,1,0,48.032333,12.837561,"PeeringDB, peeringdb.com/api"
7646,Argon Data Communication,Jakarta Selatan,ID,Asia Pacific,0,0,0,-6.238867,106.823969,"PeeringDB, peeringdb.com/api"
7648,Teledata Mozambique,Maputo,MZ,Africa,0,0,0,-25.97019,32.580951,"PeeringDB, peeringdb.com/api"
7650,VIMITEL VIJAYPUX DC,BIJAPUR,IN,Asia Pacific,1,0,0,16.827797,75.71191,"PeeringDB, peeringdb.com/api"
7652,htp Rechenzentrum Hannover TZ,Hannover,DE,Europe,1,0,0,52.322642,9.818324,"PeeringDB, peeringdb.com/api"
7653,htp Rechenzentrum Lehrte RZ2,Lehrte,DE,Europe,1,0,0,52.36163,9.91354,"PeeringDB, peeringdb.com/api"
7658,Indonet Rempoa,Tangerang Selatan,ID,Asia Pacific,4,0,0,-6.280412,106.761525,"PeeringDB, peeringdb.com/api"
7660,Citranet DC Yogyakarta,Sleman,ID,Asia Pacific,7,1,1,-7.778945,110.394697,"PeeringDB, peeringdb.com/api"
7662,Nepustil Brückenstr. Tübingen,Tübingen,DE,Europe,0,0,0,48.518262,9.06926,"PeeringDB, peeringdb.com/api"
7663,Nepustil TTR Reutlingen,Reutlingen,DE,Europe,0,0,0,48.496032,9.137463,"PeeringDB, peeringdb.com/api"
7664,LINGKARDATA - Denpasar  Bali,Denpasar Barat,ID,Asia Pacific,13,0,1,-8.681289,115.188406,"PeeringDB, peeringdb.com/api"
7666,IUKANET Datacenter,Alfafar,ES,Europe,0,0,0,39.416592,-0.396344,"PeeringDB, peeringdb.com/api"
7667,NinjaServer,Jakarta Selatan,ID,Asia Pacific,0,0,0,-6.225554,106.855134,"PeeringDB, peeringdb.com/api"
7670,Unwired FAT1 - Fresno Colocation,Fresno,US,North America,1,0,0,36.846165,-119.799363,"PeeringDB, peeringdb.com/api"
7671,RagingWire VA4 - NTT,Ashburn,US,North America,2,1,0,39.019293,-77.470655,"PeeringDB, peeringdb.com/api"
7674,KINX Gasan,Seoul,KR,Asia Pacific,30,2,0,37.482096,126.879733,"PeeringDB, peeringdb.com/api"
7677,Lefdal Mine Data Center,Måløy,NO,Europe,3,0,0,61.934669,5.112483,"PeeringDB, peeringdb.com/api"
7684,Universidade Eduardo Mondlane,Maputo,MZ,Africa,0,0,0,,,"PeeringDB, peeringdb.com/api"
7686,IXPlay Neutral Acces Point,Benahavis,ES,Europe,0,0,0,37.97101,-1.15645,"PeeringDB, peeringdb.com/api"
7690,AtlasEdge DC Düsseldorf DUS001,Hilden,DE,Europe,9,0,3,51.191425,6.93825,"PeeringDB, peeringdb.com/api"
7692,dc2scale Nanterre,Nanterre,FR,Europe,0,0,0,48.897921,2.221522,"PeeringDB, peeringdb.com/api"
7693,Intellicentre 3 (IC3),Macquarie Park,AU,Australia,2,0,0,-33.780842,151.127275,"PeeringDB, peeringdb.com/api"
7697,Cirion Bogota - BOG1,Bogota,CO,South America,6,0,1,4.754936,-74.064615,"PeeringDB, peeringdb.com/api"
7699,BADEN-RZ,Baden-Baden,DE,Europe,2,0,0,,,"PeeringDB, peeringdb.com/api"
7700,NetOne Data Lusaka,Lusaka,ZM,Africa,2,0,0,,,"PeeringDB, peeringdb.com/api"
7705,SFN IA-Davenport,Davenport,US,North America,19,1,3,41.548129,-90.621185,"PeeringDB, peeringdb.com/api"
7706,SFN IA-Waterloo,Waterloo,US,North America,7,1,3,42.488836,-92.330614,"PeeringDB, peeringdb.com/api"
7736,DartPoints Spartanburg  SC - SPA1,Spartanburg,US,North America,4,0,0,34.996536,-82.033518,"PeeringDB, peeringdb.com/api"
7737,DartPoints Columbus  IN - CLU1,Columbus,US,North America,7,0,0,39.182544,-85.897349,"PeeringDB, peeringdb.com/api"
7740,Citynet Charleston,Charleston,US,North America,2,1,0,38.353138,-81.640921,"PeeringDB, peeringdb.com/api"
7741,Citynet Bridgeport,Bridgeport,US,North America,1,0,0,39.276713,-80.270157,"PeeringDB, peeringdb.com/api"
7746,CyrusOne Amsterdam I,Halfweg,NL,Europe,2,0,3,52.383057,4.703489,"PeeringDB, peeringdb.com/api"
7747,CyrusOne Frankfurt 2,Frankfurt,DE,Europe,1,0,1,50.128105,8.583001,"PeeringDB, peeringdb.com/api"
7748,CyrusOne Dublin 1,Dublin,IE,Europe,1,0,0,53.328573,-6.439542,"PeeringDB, peeringdb.com/api"
7755,WNB A/S - TDR,Tønder,DK,Europe,1,0,0,54.951281,8.869761,"PeeringDB, peeringdb.com/api"
7772,Qualitynet Rashid Abdulla DC,Kuwait City,KW,Middle East,0,1,0,29.368048,47.974857,"PeeringDB, peeringdb.com/api"
7773,FASTtelco DC Kuwait,Kuwait City,KW,Middle East,1,1,0,29.368048,47.974857,"PeeringDB, peeringdb.com/api"
7775,Dataxion France DTX01,Trappes,FR,Europe,1,0,0,48.796534,1.98491,"PeeringDB, peeringdb.com/api"
7795,PT. Indotrans Data,Bogor,ID,Asia Pacific,1,0,0,,,"PeeringDB, peeringdb.com/api"
7803,IIX-JI Datacenter,Surabaya,ID,Asia Pacific,6,0,0,-7.273042,112.74283,"PeeringDB, peeringdb.com/api"
7816,DATA CENTER NEUVIZ,Bandung,ID,Asia Pacific,16,1,0,-6.922183,107.616809,"PeeringDB, peeringdb.com/api"
7820,Arthatama Adhiprima Persada,Jakarta Utara,ID,Asia Pacific,0,0,0,-6.112988,106.784292,"PeeringDB, peeringdb.com/api"
7821,IIX-JawaTimur (IIX-JI1),Surabaya,ID,Asia Pacific,22,2,1,-7.272863,112.74313,"PeeringDB, peeringdb.com/api"
7826,Hanasta Dakara,Jakarta Selatan,ID,Asia Pacific,0,0,0,-6.243894,106.869333,"PeeringDB, peeringdb.com/api"
7829,Digital Wireless Indonesia,Jakarta Selatan,ID,Asia Pacific,0,0,0,-6.23868,106.824063,"PeeringDB, peeringdb.com/api"
7836,Centersquare Silicon Valley (SFO4-A),Santa Clara,US,North America,0,0,0,37.375719,-121.955154,"PeeringDB, peeringdb.com/api"
7839,Java Digital Nusantara,Bogor,ID,Asia Pacific,0,0,0,-6.472339,106.842793,"PeeringDB, peeringdb.com/api"
7847,Panca Duta Utama Medan,Medan,ID,Asia Pacific,1,0,0,3.592494,98.687816,"PeeringDB, peeringdb.com/api"
7854,Broadband Tower - Shibuya Datacenter Bldg.,Tokyo,JP,Asia Pacific,0,0,0,35.654106,139.692593,"PeeringDB, peeringdb.com/api"
7855,Broadband Tower - Monzen-nakacho Bldg.,Tokyo,JP,Asia Pacific,3,0,0,35.678061,139.793837,"PeeringDB, peeringdb.com/api"
7856,Indonusa System Integrator Prima,Jakarta,ID,Asia Pacific,0,0,0,-6.238649,106.824078,"PeeringDB, peeringdb.com/api"
7861,Aligned Ashburn (IAD-01),Ashburn,US,North America,1,0,1,39.014003,-77.469729,"PeeringDB, peeringdb.com/api"
7862,Aligned Dallas (DFW-01),Plano,US,North America,5,1,0,33.009295,-96.676434,"PeeringDB, peeringdb.com/api"
7863,Aligned Phoenix (PHX-01),Phoenix,US,North America,6,1,1,33.658881,-112.110606,"PeeringDB, peeringdb.com/api"
7864,Aligned Salt Lake (SLC-02),South West Jordan,US,North America,0,0,0,40.585936,-111.969762,"PeeringDB, peeringdb.com/api"
7865,Aligned Salt Lake (SLC-01),South West Jordan,US,North America,6,0,0,40.585936,-111.969762,"PeeringDB, peeringdb.com/api"
7866,Sify-DLF-Kolkata,Kolkata,IN,Asia Pacific,12,1,0,22.582097,88.449542,"PeeringDB, peeringdb.com/api"
7868,Equinix HH1 - Hamburg,Hamburg,DE,Europe,5,1,3,53.64479,9.97477,"PeeringDB, peeringdb.com/api"
7872,QTS Hillsboro (HIL1),Hillsboro,US,North America,11,1,2,45.55717,-122.927173,"PeeringDB, peeringdb.com/api"
7873,UARNet Lviv,Lviv,UA,Europe,28,4,0,49.836957,24.023731,"PeeringDB, peeringdb.com/api"
7874,QTS Manassas (MAN1),Manassas,US,North America,1,0,0,38.754611,-77.51326,"PeeringDB, peeringdb.com/api"
7875,QTS Fort Worth (FTW1),Fort Worth,US,North America,4,1,2,32.988738,-97.258448,"PeeringDB, peeringdb.com/api"
7878,CENTRA CLT01 - Charlotte NC (701 E Trade),Charlotte,US,North America,8,1,1,35.222101,-80.836747,"PeeringDB, peeringdb.com/api"
7882,Sirius Technology DC - Prato,Prato,IT,Europe,1,0,0,43.865425,11.115335,"PeeringDB, peeringdb.com/api"
7883,Sirius Technology DC- Nuoro,Nuoro,IT,Europe,1,0,0,40.313074,9.317166,"PeeringDB, peeringdb.com/api"
7884,Aamra Dhaka DC,Dhaka,BD,Asia Pacific,4,1,0,23.793831,90.404047,"PeeringDB, peeringdb.com/api"
7887,Web Werks NCR 2,Noida,IN,Asia Pacific,21,2,0,28.626683,77.383239,"PeeringDB, peeringdb.com/api"
7889,Internet Solutions DC Maputo,Maputo,MZ,Africa,0,0,0,-25.97706,32.593882,"PeeringDB, peeringdb.com/api"
7893,DC Qwords GFN,South Jakarta,ID,Asia Pacific,2,0,0,-6.238649,106.824078,"PeeringDB, peeringdb.com/api"
7907,Infocom,Kyiv,UA,Europe,1,0,0,50.456678,30.517389,"PeeringDB, peeringdb.com/api"
7911,China Mobile International - GNC Hong Kong,Hong Kong,HK,Asia Pacific,28,0,0,22.289051,114.271966,"PeeringDB, peeringdb.com/api"
7914,Netinternet Datacenter Denizli,Denizli,TR,Middle East,15,2,1,37.738157,29.103938,"PeeringDB, peeringdb.com/api"
7915,Netinternet İstanbul,Istanbul,TR,Middle East,3,2,1,,,"PeeringDB, peeringdb.com/api"
7927,Graha Anugerah Sejahtera Jakarta,Jakarta Utara,ID,Asia Pacific,0,0,0,,,"PeeringDB, peeringdb.com/api"
7929,ITENOS Leverkusen (LEV1),Leverkusen,DE,Europe,1,0,0,51.057944,7.020159,"PeeringDB, peeringdb.com/api"
7930,ITENOS Frankfurt (FRA2),Frankfurt,DE,Europe,2,0,0,50.128192,8.601436,"PeeringDB, peeringdb.com/api"
7934,AFTAB NAGAR ONLINE SERVICE (ANOS),Dhaka,BD,Asia Pacific,0,0,0,23.767335,90.426311,"PeeringDB, peeringdb.com/api"
7938,Coloblox Data Centers ATL1,Atlanta,US,North America,12,0,2,33.889646,-84.465365,"PeeringDB, peeringdb.com/api"
7981,Ezi-Web Bundaberg,Bundaberg,AU,Australia,2,0,0,-24.868522,152.346707,"PeeringDB, peeringdb.com/api"
7985,The Garland Center / West 7 Center,Los Angeles,US,North America,8,0,0,34.05112,-118.26591,"PeeringDB, peeringdb.com/api"
7988,Netmagic Bangalore DC02,Bangalore,IN,Asia Pacific,11,3,0,12.839551,77.662274,"PeeringDB, peeringdb.com/api"
7989,Netmagic Bangalore DC03,Bangalore,IN,Asia Pacific,6,2,0,13.038333,77.757878,"PeeringDB, peeringdb.com/api"
7990,TECH-TAS-233,Tashkent,UZ,Asia Pacific,0,0,0,41.315984,69.271252,"PeeringDB, peeringdb.com/api"
7991,TECH-TAS-252,Tashkent,UZ,Asia Pacific,0,0,0,,,"PeeringDB, peeringdb.com/api"
7992,BatamIX,Batam,ID,Asia Pacific,5,2,0,1.118673,104.048442,"PeeringDB, peeringdb.com/api"
7993,ITI-IX-T233,Tashkent,UZ,Asia Pacific,0,1,0,41.315984,69.271252,"PeeringDB, peeringdb.com/api"
7994,ITI-IX-T252,Tashkent,UZ,Asia Pacific,1,1,0,,,"PeeringDB, peeringdb.com/api"
7995,PAIX Nairobi,Nairobi,KE,Africa,37,3,0,-1.299937,36.813223,"PeeringDB, peeringdb.com/api"
8005,Giganet,Kyiv,UA,Europe,32,5,0,,,"PeeringDB, peeringdb.com/api"
8012,Data Center G50,Kyiv,UA,Europe,15,5,0,,,"PeeringDB, peeringdb.com/api"
8020,PIX MTI,Cuiabá,BR,South America,0,1,0,-15.568165,-56.076266,"PeeringDB, peeringdb.com/api"
8021,AlasConnect Data Center 1,Fairbanks,US,North America,2,0,0,64.851655,-147.719813,"PeeringDB, peeringdb.com/api"
8025,AlasConnect Data Center 5,Anchorage,US,North America,1,0,0,61.188879,-149.912324,"PeeringDB, peeringdb.com/api"
8032,Bluebird Underground Data Center,Springfield,US,North America,6,1,2,37.231398,-93.212181,"PeeringDB, peeringdb.com/api"
8034,DC14-Leeds,Leeds,GB,Europe,1,0,0,53.82752,-1.458812,"PeeringDB, peeringdb.com/api"
8035,Creslow Park,Aylesbury,GB,Europe,1,0,0,51.889468,-0.822904,"PeeringDB, peeringdb.com/api"
8045,Innit Hamar,Hamar,NO,Europe,1,0,0,60.794335,11.061472,"PeeringDB, peeringdb.com/api"
8048,DC Porvenir,Santiago,CL,South America,0,0,0,-33.454986,-70.632892,"PeeringDB, peeringdb.com/api"
8053,HCE Telecom Hamilton,Hamilton,CA,North America,0,0,0,43.256675,-79.870104,"PeeringDB, peeringdb.com/api"
8057,NIX-BD,Noahkali,BD,Asia Pacific,1,1,0,,,"PeeringDB, peeringdb.com/api"
8060,Cologix VAN3,Vancouver,CA,North America,31,2,1,49.259393,-123.029619,"PeeringDB, peeringdb.com/api"
8069,Meeza Data Center - MV2,Doha,QA,Middle East,9,1,0,25.325315,51.437444,"PeeringDB, peeringdb.com/api"
8071,Marj Al Hammam DC,Amman,JO,Middle East,3,0,0,31.890622,35.845441,"PeeringDB, peeringdb.com/api"
8072,Hashim DC,Amman,JO,Middle East,2,0,0,31.979298,35.831126,"PeeringDB, peeringdb.com/api"
8076,GTD Peru Data Center,Lima,PE,South America,8,1,0,-12.12544,-76.977432,"PeeringDB, peeringdb.com/api"
8078,Ark Data Centres - Cody Park - A9  A101  A102  A103  A104  A105,Farnborough,GB,Europe,5,0,0,,,"PeeringDB, peeringdb.com/api"
8081,Stream Data Centers - DFW VII,Garland,US,North America,0,0,1,32.983596,-96.655836,"PeeringDB, peeringdb.com/api"
8082,Stream Data Centers - Houston I,The Woodlands,US,North America,5,1,1,30.177801,-95.486494,"PeeringDB, peeringdb.com/api"
8083,Stream Data Centers - MN I,Chaska,US,North America,0,0,0,44.808431,-93.636931,"PeeringDB, peeringdb.com/api"
8085,Telekom Srbija data centar,Belgrade,RS,Europe,9,1,1,44.800421,20.465182,"PeeringDB, peeringdb.com/api"
8086,TWIDC,Chiayi,TW,Asia Pacific,0,0,0,,,"PeeringDB, peeringdb.com/api"
8087,Stream Data Centers - Chicago I,Elk Grove Village,US,North America,0,0,0,42.002586,-87.951707,"PeeringDB, peeringdb.com/api"
8088,Stream Data Centers - Phoenix I,Goodyear,US,North America,1,0,0,33.419639,-112.359487,"PeeringDB, peeringdb.com/api"
8092,PIX Certto Telecom,Cascavel,BR,South America,2,1,0,-24.954365,-53.459599,"PeeringDB, peeringdb.com/api"
8093,LWLcom Bremen BRE04,Bremen,DE,Europe,4,1,1,53.08495,8.76863,"PeeringDB, peeringdb.com/api"
8096,Paratus ITA-DC1,Luanda,AO,Africa,1,1,0,-8.958489,13.197341,"PeeringDB, peeringdb.com/api"
8097,Bestgo.pl,Wroclaw,PL,Europe,0,0,0,51.161546,16.901513,"PeeringDB, peeringdb.com/api"
8116,National Data Center,Dhaka,BD,Asia Pacific,3,0,0,23.778731,90.374543,"PeeringDB, peeringdb.com/api"
8125,DQE Communications (Downtown Pittsburgh),Pittsburgh,US,North America,6,0,0,40.438903,-80.000547,"PeeringDB, peeringdb.com/api"
8126,DQE Communications (Butler),Butler,US,North America,1,0,0,40.860587,-79.907512,"PeeringDB, peeringdb.com/api"
8127,DQE Communications (Allegheny Center Mall),Pittsburgh,US,North America,1,0,0,40.451062,-80.005186,"PeeringDB, peeringdb.com/api"
8128,Telia Helsinki Datacenter,Helsinki,FI,Europe,26,4,8,60.215932,24.877708,"PeeringDB, peeringdb.com/api"
8136,Earth Telecommunication Dhaka,Dhaka,BD,Asia Pacific,12,0,0,23.780658,90.401419,"PeeringDB, peeringdb.com/api"
8146,Posta Slovenije d.o.o.,Maribor,SI,Europe,1,0,0,46.558786,15.644259,"PeeringDB, peeringdb.com/api"
8147,Equinix AE1 - Adelaide,Adelaide,AU,Australia,13,0,3,-34.923252,138.589214,"PeeringDB, peeringdb.com/api"
8151,WNET DC Krakow,Krakow,PL,Europe,1,0,0,50.073872,19.912983,"PeeringDB, peeringdb.com/api"
8157,Dhaka Fiber Net,Dhaka,BD,Asia Pacific,1,0,0,23.752835,90.384823,"PeeringDB, peeringdb.com/api"
8161,DTP C2 Data Center,Jakarta,ID,Asia Pacific,7,0,0,-6.238475,106.824488,"PeeringDB, peeringdb.com/api"
8167,DCI Indonesia (JK1),Greater Jakarta  Bekasi  Cibitung,ID,Asia Pacific,58,2,1,-6.299731,107.089244,"PeeringDB, peeringdb.com/api"
8168,DCI Indonesia (JK2),Greater Jakarta  Bekasi  Cibitung,ID,Asia Pacific,30,1,0,-6.299731,107.089244,"PeeringDB, peeringdb.com/api"
8169,DCI Indonesia (JK3),Greater Jakarta  Bekasi  Cibitung,ID,Asia Pacific,9,1,0,-6.299731,107.089244,"PeeringDB, peeringdb.com/api"
8171,Telemach Tier3 DC,Ljubljana,SI,Europe,7,1,0,46.094644,14.557774,"PeeringDB, peeringdb.com/api"
8185,Interconnect Nigeria,Lagos,NG,Africa,1,0,0,6.446072,3.397458,"PeeringDB, peeringdb.com/api"
8194,Fiqran Solusindo Mediatama,Bandung Barat,ID,Asia Pacific,1,0,0,-6.845576,107.472521,"PeeringDB, peeringdb.com/api"
8197,Welcome Italia spa - Data Center,Pisa,IT,Europe,3,0,0,43.656669,10.436113,"PeeringDB, peeringdb.com/api"
8199,Partner 012,Rosh HaaYin,IL,Middle East,3,0,0,32.109106,34.968359,"PeeringDB, peeringdb.com/api"
8204,American Data,Sabana Sur,CR,North America,0,0,0,9.932143,-84.101423,"PeeringDB, peeringdb.com/api"
8205,RGK4IT,Maringá,BR,South America,0,0,0,-23.455539,-51.915259,"PeeringDB, peeringdb.com/api"
8207,Zain Bahrain,Manama,BH,Middle East,0,0,0,26.238395,50.537463,"PeeringDB, peeringdb.com/api"
8210,The Professional Communications,Islamabad,PK,Asia Pacific,0,0,0,33.726927,73.086937,"PeeringDB, peeringdb.com/api"
8220,Telemark Rechenzentrum Lüdenscheid,Lüdenscheid,DE,Europe,2,0,0,51.226194,7.636304,"PeeringDB, peeringdb.com/api"
8223,Data102 - COS01,Colorado Springs,US,North America,5,0,0,38.832108,-104.82403,"PeeringDB, peeringdb.com/api"
8224,Data102 - COS02,Colorado Springs,US,North America,0,0,0,38.832108,-104.82403,"PeeringDB, peeringdb.com/api"
8225,ewl Luzern,Luzern,CH,Europe,2,0,0,47.060198,8.307292,"PeeringDB, peeringdb.com/api"
8228,Bezeq International TLV Data Center,Tel Aviv,IL,Middle East,3,0,0,32.048512,34.76552,"PeeringDB, peeringdb.com/api"
8235,WITCo - Wat1,Waterloo,CA,North America,2,0,0,43.480226,-80.551235,"PeeringDB, peeringdb.com/api"
8240,Frontier Tampa Main Tandem Office,Tampa,US,North America,0,0,0,27.950136,-82.456447,"PeeringDB, peeringdb.com/api"
8242,AWS Bahrain DC53 MMR,Askar,BH,Middle East,1,0,0,,,"PeeringDB, peeringdb.com/api"
8243,AWS Bahrain DC52 MMR,Hamala,BH,Middle East,1,0,0,,,"PeeringDB, peeringdb.com/api"
8246,Navégalo Data Center Costa Rica (CR1),San Jose,CR,North America,0,0,0,9.93579,-84.096694,"PeeringDB, peeringdb.com/api"
8247,Navégalo Data Center Costa Rica (CR2),Guachipelin,CR,North America,0,0,0,9.952623,-84.157364,"PeeringDB, peeringdb.com/api"
8248,Navégalo Data Center Panama (PA1),Panama City,PA,North America,0,0,0,,,"PeeringDB, peeringdb.com/api"
8249,Navégalo Data Center Guatemala (GT1),Guatemala City,GT,North America,0,0,0,14.664176,-90.538042,"PeeringDB, peeringdb.com/api"
8250,Navégalo Data Center Nicaragua (NI1),Masaya,NI,North America,0,0,0,,,"PeeringDB, peeringdb.com/api"
8251,Navégalo Data Center El Salvador (SV1),San Salvador,SV,North America,0,0,0,,,"PeeringDB, peeringdb.com/api"
8252,Navégalo Data Center Honduras (HN1),Tegucigalpa,HN,North America,0,0,0,,,"PeeringDB, peeringdb.com/api"
8256,Vantage Data Centers (QC4),Pointe-Claire,CA,North America,16,1,0,45.475074,-73.80085,"PeeringDB, peeringdb.com/api"
8257,Navégalo Data Center Miami (MI1),Miami,US,North America,0,1,0,25.775869,-80.19313,"PeeringDB, peeringdb.com/api"
8259,RNP/POP-PR,Curitiba,BR,South America,4,1,0,-25.447474,-49.232784,"PeeringDB, peeringdb.com/api"
8262,GC-FAB7 Stavanger,Stavanger,NO,Europe,3,0,1,58.896502,5.699384,"PeeringDB, peeringdb.com/api"
8264,KK Networks Private Limited,Lahore,PK,Asia Pacific,4,1,0,31.51686,74.343503,"PeeringDB, peeringdb.com/api"
8273,TLCWEB DC IT1,Lamezia Terme,IT,Europe,2,0,0,38.955164,16.285415,"PeeringDB, peeringdb.com/api"
8274,SecrelNet Informática Fortaleza,Fortaleza,BR,South America,0,0,0,-3.748265,-38.513652,"PeeringDB, peeringdb.com/api"
8275,PROENIDC-I,Bangkok,TH,Asia Pacific,0,0,0,13.726458,100.515801,"PeeringDB, peeringdb.com/api"
8276,Wolfsburg Nordkopf Tower (WNT),Wolfsburg,DE,Europe,8,1,1,52.42821,10.79209,"PeeringDB, peeringdb.com/api"
8277,Hostweb Data Center e Serviços,Fortaleza,BR,South America,2,1,0,-3.781599,-38.551995,"PeeringDB, peeringdb.com/api"
8278,Data Center Light,Linthal,CH,Europe,0,0,0,46.925531,8.999264,"PeeringDB, peeringdb.com/api"
8281,Agile Silver Spring,Silver Spring,US,North America,0,0,0,39.058289,-76.964548,"PeeringDB, peeringdb.com/api"
8283,Agile Aurora,Aurora,US,North America,0,0,0,41.772203,-88.217055,"PeeringDB, peeringdb.com/api"
8284,KoloDC NL3,Apeldoorn,NL,Europe,13,1,2,52.24703,6.001603,"PeeringDB, peeringdb.com/api"
8285,Cogent Madrid,Madrid,ES,Europe,11,1,0,40.565558,-3.605486,"PeeringDB, peeringdb.com/api"
8291,Akquinet HAM01,Hamburg,DE,Europe,1,0,0,53.611944,10.02545,"PeeringDB, peeringdb.com/api"
8292,Akquinet HAM02,Hamburg,DE,Europe,2,0,2,53.61445,10.027982,"PeeringDB, peeringdb.com/api"
8293,Akquinet NOR01,Norderstedt,DE,Europe,3,0,1,53.700157,9.994093,"PeeringDB, peeringdb.com/api"
8300,Hexanet - DC Roland,Reims,FR,Europe,4,0,1,49.23637,4.062967,"PeeringDB, peeringdb.com/api"
8301,Hexanet - DC Sabine,Reims,FR,Europe,4,1,0,49.235186,4.063736,"PeeringDB, peeringdb.com/api"
8303,Blue NAP Americas,Willemstad,CW,,3,0,0,,,"PeeringDB, peeringdb.com/api"
8308,EMP Secure DC2,Nedre Vats,NO,Europe,1,0,0,59.477006,5.737024,"PeeringDB, peeringdb.com/api"
8309,Agência Municipal de Tecnologia da Informação,Campo Grande,BR,South America,0,1,0,-20.470631,-54.620926,"PeeringDB, peeringdb.com/api"
8315,Crosspoint Data College Station,College Station,US,North America,1,0,1,30.601412,-96.2873,"PeeringDB, peeringdb.com/api"
8317,FIBERTOWN Houston Data Center,Houston,US,North America,11,2,2,29.943078,-95.417308,"PeeringDB, peeringdb.com/api"
8318,FIBERTOWN Bryan Data Center,Bryan,US,North America,5,1,1,30.674256,-96.373773,"PeeringDB, peeringdb.com/api"
8319,Quasar Data Center,Houston,US,North America,7,0,0,29.760061,-95.362102,"PeeringDB, peeringdb.com/api"
8320,Softnet Koper DC,Koper,SI,Europe,1,0,0,45.5481,13.737804,"PeeringDB, peeringdb.com/api"
8325,KevlinX Brussels,Brussels,BE,Europe,0,0,0,50.905939,4.402943,"PeeringDB, peeringdb.com/api"
8326,Templus DC Valencia VAL01,Paterna,ES,Europe,4,0,0,39.554075,-0.467377,"PeeringDB, peeringdb.com/api"
8328,DC3-Oslo,Ytre Enebakk,NO,Europe,2,0,0,59.7582,10.9945,"PeeringDB, peeringdb.com/api"
8336,ark data centers - Tucson  AZ,Tucson,US,North America,12,1,0,32.1723,-110.95415,"PeeringDB, peeringdb.com/api"
8337,ark data centers - Akron OH,Akron,US,North America,5,2,1,41.057108,-81.522183,"PeeringDB, peeringdb.com/api"
8338,ark data centers - Cedar Rapids  IA,Marion,US,North America,4,0,2,42.052632,-91.554004,"PeeringDB, peeringdb.com/api"
8340,PhoenixNAP ASHBURN,Ashburn,US,North America,2,0,0,39.015966,-77.48158,"PeeringDB, peeringdb.com/api"
8341,PhoenixNAP ATLANTA,Marietta,US,North America,1,0,0,33.927915,-84.481824,"PeeringDB, peeringdb.com/api"
8342,PhoenixNAP AMSTERDAM,Haarlem,NL,Europe,1,0,0,52.392472,4.663749,"PeeringDB, peeringdb.com/api"
8344,PhoenixNAP BELGRADE,Belgrade,RS,Europe,0,0,0,44.820506,20.409915,"PeeringDB, peeringdb.com/api"
8345,PhoenixNAP SINGAPORE,Singapore,SG,Asia Pacific,1,0,0,1.296184,103.790927,"PeeringDB, peeringdb.com/api"
8350,Omid Solutions Barueri,Barueri,BR,South America,1,0,0,-23.493228,-46.83566,"PeeringDB, peeringdb.com/api"
8351,Omid Solutions São Paulo,São Paulo,BR,South America,1,0,0,-23.604649,-46.681851,"PeeringDB, peeringdb.com/api"
8355,Smart Burundi,Bujumbura,BI,Africa,0,0,0,-3.38034,29.371944,"PeeringDB, peeringdb.com/api"
8358,LayerBridge Pipera,Voluntari,RO,Europe,1,0,0,44.490023,26.118948,"PeeringDB, peeringdb.com/api"
8362,C2D,Windhof,LU,Europe,0,0,0,49.644004,5.956558,"PeeringDB, peeringdb.com/api"
8367,Elisa Espoo Säterinportti,Espoo,FI,Europe,3,0,2,60.21354,24.811186,"PeeringDB, peeringdb.com/api"
8368,Elisa Raisio,Turku,FI,Europe,2,0,1,60.494456,22.206,"PeeringDB, peeringdb.com/api"
8381,IP House Data Centre,London,GB,Europe,17,0,2,51.515332,0.002497,"PeeringDB, peeringdb.com/api"
8384,Telxius Lima DC,Lurin,PE,South America,17,1,0,-12.294672,-76.852414,"PeeringDB, peeringdb.com/api"
8385,Telefónica Data Center (TIC Monterrico) Peru,Lima,PE,South America,3,0,0,-12.085231,-76.97244,"PeeringDB, peeringdb.com/api"
8387,Cologix DAL3,Dallas,US,North America,8,2,2,32.800748,-96.819412,"PeeringDB, peeringdb.com/api"
8389,Stellium 1,Newcastle,GB,Europe,11,1,0,55.016869,-1.500107,"PeeringDB, peeringdb.com/api"
8390,Stellium 2 & 3,Newcastle,GB,Europe,1,1,0,55.016869,-1.500107,"PeeringDB, peeringdb.com/api"
8395,РТКомм-Юг (RTKomm-Yug),Rostov-on-Don,RU,Europe,11,1,1,47.295856,39.725644,"PeeringDB, peeringdb.com/api"
8401,FREE WAY,Campo Grande,BR,South America,0,1,0,-20.447784,-54.598336,"PeeringDB, peeringdb.com/api"
8406,dc2scale PAR2 (Vélizy-Villacoublay),Vélizy-Villacoublay,FR,Europe,22,0,2,48.783672,2.208056,"PeeringDB, peeringdb.com/api"
8408,3W-DC01,Amsterdam,NL,Europe,1,0,0,52.303794,4.939254,"PeeringDB, peeringdb.com/api"
8411,T5@Chicago,Elk Grove Village,US,North America,0,0,1,42.023691,-87.973753,"PeeringDB, peeringdb.com/api"
8415,Equinix HK5 - Hong Kong,Tseung Kwan O,HK,Asia Pacific,11,3,0,22.293004,114.274638,"PeeringDB, peeringdb.com/api"
8416,Equinix SG4 - Singapore,Singapore,SG,Asia Pacific,11,3,2,1.339068,103.893284,"PeeringDB, peeringdb.com/api"
8417,Equinix HK4 - Hong Kong,Sha Tin,HK,Asia Pacific,4,1,0,22.389451,114.206078,"PeeringDB, peeringdb.com/api"
8424,Medallion Abuja,Abuja,NG,Africa,19,0,0,9.069591,7.479824,"PeeringDB, peeringdb.com/api"
8427,Ampersand La Spezia,La Spezia,IT,Europe,2,0,0,44.109634,9.828541,"PeeringDB, peeringdb.com/api"
8428,Boxis Genève,Les Acacias,CH,Europe,0,0,0,46.191359,6.13388,"PeeringDB, peeringdb.com/api"
8432,BITel Bielefeld,Bielefeld,DE,Europe,5,0,2,52.008772,8.564874,"PeeringDB, peeringdb.com/api"
8433,Bezeq International Sivim Data Center,Petah Tikva,IL,Middle East,2,0,0,32.08807,34.855134,"PeeringDB, peeringdb.com/api"
8434,Equinix MX1/MX2 - Mexico City,El Marques,MX,North America,33,2,1,20.556925,-100.277833,"PeeringDB, peeringdb.com/api"
8435,Equinix MO1 - Monterrey,Apodaca,MX,North America,10,0,2,25.738175,-100.203438,"PeeringDB, peeringdb.com/api"
8439,GlobalConnect Trondheim,Trondheim,NO,Europe,6,0,0,63.431113,10.392325,"PeeringDB, peeringdb.com/api"
8440,ITsjefen NDC4,Trondheim,NO,Europe,0,0,0,63.425973,10.468372,"PeeringDB, peeringdb.com/api"
8441,ITsjefen NDC2,Trondheim,NO,Europe,0,0,0,63.437434,10.398354,"PeeringDB, peeringdb.com/api"
8445,Digital Space - Telford (TEL),Telford,GB,Europe,1,0,0,52.719516,-2.456221,"PeeringDB, peeringdb.com/api"
8447,Digital Space - Newport (NPT),Newport,GB,Europe,1,0,0,52.763873,-2.361007,"PeeringDB, peeringdb.com/api"
8448,COLT DC Paris SouthWest,Paris,FR,Europe,1,0,2,48.675525,2.197239,"PeeringDB, peeringdb.com/api"
8455,WicitY,Vernole,IT,Europe,0,0,0,40.28899,18.301773,"PeeringDB, peeringdb.com/api"
8458,Expedient Indianapolis,Carmel,US,North America,7,0,1,39.963184,-86.145575,"PeeringDB, peeringdb.com/api"
8459,ORI.NET Noblesville,Noblesville,US,North America,1,1,0,40.045407,-86.013927,"PeeringDB, peeringdb.com/api"
8464,Expedient Cleveland - 151 NEO,Cleveland,US,North America,3,0,1,41.428228,-81.573952,"PeeringDB, peeringdb.com/api"
8466,Reykjavik DC,Reykjavik,IS,Europe,3,0,0,64.145384,-21.756426,"PeeringDB, peeringdb.com/api"
8468,Expedient Baltimore - Owings Mills,Baltimore,US,North America,1,0,1,39.427117,-76.811709,"PeeringDB, peeringdb.com/api"
8469,Expedient Boston,Medford,US,North America,1,0,0,42.405414,-71.074978,"PeeringDB, peeringdb.com/api"
8470,Expedient Cleveland - 152 NEO,Cleveland,US,North America,2,0,1,41.429415,-81.574072,"PeeringDB, peeringdb.com/api"
8471,Expedient Columbus - Dublin,Dublin,US,North America,4,0,0,40.091865,-83.143709,"PeeringDB, peeringdb.com/api"
8472,Expedient Columbus - Upper Arlington,Upper Arlington,US,North America,2,0,0,40.057853,-83.0785,"PeeringDB, peeringdb.com/api"
8473,Expedient Memphis,Memphis,US,North America,2,0,1,35.062965,-89.786143,"PeeringDB, peeringdb.com/api"
8474,Expedient Phoenix,Phoenix,US,North America,1,0,0,33.41601,-112.009445,"PeeringDB, peeringdb.com/api"
8475,Expedient Pittsburgh - Nova Place,Pittsburgh,US,North America,2,0,0,40.451847,-80.005856,"PeeringDB, peeringdb.com/api"
8477,Expedient Pittsburgh - Green Tree,Pittsburgh,US,North America,1,0,0,40.42735,-80.042457,"PeeringDB, peeringdb.com/api"
8484,Databank Atlanta (ATL1),Atlanta,US,North America,10,1,0,33.775499,-84.387735,"PeeringDB, peeringdb.com/api"
8487,America Movil Telepuerto VES,Lima,PE,South America,0,0,0,-12.210421,-76.962286,"PeeringDB, peeringdb.com/api"
8488,Radiocom,Bucharest,RO,Europe,4,1,0,44.392699,26.12429,"PeeringDB, peeringdb.com/api"
8493,Bolzano - Infranet AG Datacenter,Bolzano,IT,Europe,10,1,0,46.48192,11.330275,"PeeringDB, peeringdb.com/api"
8494,InAsset Udine,Pasian di Prato,IT,Europe,2,0,0,46.076411,13.18765,"PeeringDB, peeringdb.com/api"
8499,InAsset Pordenone,Pordenone,IT,Europe,1,0,0,45.99913,12.63413,"PeeringDB, peeringdb.com/api"
8507,Chayora Tianjin China(CN),Tianjin,CN,Asia Pacific,0,0,0,39.313944,117.197626,"PeeringDB, peeringdb.com/api"
8513,Caucasus Online Datacenter - Tbilisi,Tbilisi,GE,Asia Pacific,3,0,0,41.823764,44.751685,"PeeringDB, peeringdb.com/api"
8516,Equinix SH5 - Shanghai,Shanghai,CN,Asia Pacific,8,0,0,31.276786,121.541634,"PeeringDB, peeringdb.com/api"
8517,365 Data Centers Commack (CNY),Commack,US,North America,1,0,0,40.822677,-73.291647,"PeeringDB, peeringdb.com/api"
8518,CONSTEL TECNOLOGIA,Cascavel,BR,South America,2,0,0,-24.939446,-53.441516,"PeeringDB, peeringdb.com/api"
8522,LASOTEL PIXEL,Villeurbanne,FR,Europe,3,0,1,45.757254,4.899645,"PeeringDB, peeringdb.com/api"
8528,Celeste Marilyn,Champs-sur-Marne,FR,Europe,2,0,0,48.835224,2.587752,"PeeringDB, peeringdb.com/api"
8538,Digi Jadoo Broadband Datacenter,Dhaka,BD,Asia Pacific,0,0,0,,,"PeeringDB, peeringdb.com/api"
8544,Coloware YTZ1,Toronto,CA,North America,33,2,2,43.644672,-79.384128,"PeeringDB, peeringdb.com/api"
8552,FairlawnGig Service Center,Fairlawn,US,North America,4,2,0,41.133097,-81.629367,"PeeringDB, peeringdb.com/api"
8553,Telxius Fortaleza DC,Fortaleza,BR,South America,15,1,2,,,"PeeringDB, peeringdb.com/api"
8554,Telxius Valparaiso DC,Valparaiso,CL,South America,2,0,0,,,"PeeringDB, peeringdb.com/api"
8555,Telxius Salvador DC,Salvador de Bahia,BR,South America,16,1,0,-12.904138,-38.362818,"PeeringDB, peeringdb.com/api"
8556,Telxius Virginia Beach DC,Virginia Beach,US,North America,3,0,1,,,"PeeringDB, peeringdb.com/api"
8562,Nuetel Communications Datacenter,Amwaj Island,BH,Middle East,0,0,0,26.292678,50.663765,"PeeringDB, peeringdb.com/api"
8563,Hansen Technologies DataCentreCX,Doncaster,AU,Australia,0,0,0,-37.788107,145.127496,"PeeringDB, peeringdb.com/api"
8566,Cogent Tampa,Tampa,US,North America,3,0,1,27.947747,-82.459056,"PeeringDB, peeringdb.com/api"
8567,Bulk Denmark Data Center Campus - DK01,Esbjerg,DK,Europe,1,1,1,55.510081,8.495221,"PeeringDB, peeringdb.com/api"
8568,United Kinshasa,Kinshasa,CD,Africa,1,1,0,-4.316695,15.278608,"PeeringDB, peeringdb.com/api"
8572,Senawave,Salt Lake City,US,North America,0,0,0,40.711882,-111.964741,"PeeringDB, peeringdb.com/api"
8576,CMO Rechenzentrum Reutlingen,Reutlingen,DE,Europe,0,0,0,48.503922,9.217854,"PeeringDB, peeringdb.com/api"
8577,Corepacket PDX-1,Portland,US,North America,3,1,0,45.521056,-122.67918,"PeeringDB, peeringdb.com/api"
8582,iTech Towers 2,New Territories,HK,Asia Pacific,27,3,0,22.367627,114.136576,"PeeringDB, peeringdb.com/api"
8583,TierPoint Boston - Andover,Andover,US,North America,2,0,1,42.685693,-71.208694,"PeeringDB, peeringdb.com/api"
8584,TierPoint Baltimore – BWI,Linthicum Heights,US,North America,2,1,1,39.213809,-76.679891,"PeeringDB, peeringdb.com/api"
8586,TierPoint Charlotte - North Myers,Charlotte,US,North America,2,1,1,35.222114,-80.835313,"PeeringDB, peeringdb.com/api"
8587,TierPoint Charlotte - Center Park,Charlotte,US,North America,3,1,0,35.173088,-80.927807,"PeeringDB, peeringdb.com/api"
8591,TierPoint Tulsa-State Farm,Tulsa,US,North America,6,0,0,36.096334,-95.840438,"PeeringDB, peeringdb.com/api"
8592,TierPoint Kansas City - Lenexa,Lenexa,US,North America,3,0,1,38.940686,-94.755003,"PeeringDB, peeringdb.com/api"
8593,TIerPoint Little Rock,Little Rock,US,North America,9,0,1,34.756041,-92.444207,"PeeringDB, peeringdb.com/api"
8594,TierPoint Milwaukee,Milwaukee,US,North America,1,0,1,43.009336,-87.96114,"PeeringDB, peeringdb.com/api"
8595,TierPoint Oklahoma City,Oklahoma City,US,North America,2,0,1,35.514225,-97.596767,"PeeringDB, peeringdb.com/api"
8598,TierPoint Research Triangle Park – RTP,Durham,US,North America,4,0,1,35.896667,-78.878838,"PeeringDB, peeringdb.com/api"
8599,TierPoint Seattle,Seattle,US,North America,9,1,0,47.619446,-122.34811,"PeeringDB, peeringdb.com/api"
8600,TierPoint Sioux Falls - East,Sioux Falls,US,North America,2,0,0,43.596146,-96.716872,"PeeringDB, peeringdb.com/api"
8601,TierPoint Sioux Falls - West,Sioux Falls,US,North America,1,0,0,43.606059,-96.810208,"PeeringDB, peeringdb.com/api"
8602,TierPoint Raleigh,Raleigh,US,North America,2,0,1,35.854381,-78.597011,"PeeringDB, peeringdb.com/api"
8603,TierPoint Waterbury,Waterbury,US,North America,1,0,0,41.554434,-73.04122,"PeeringDB, peeringdb.com/api"
8604,iTech Towers 1,Hong Kong,HK,Asia Pacific,4,1,0,22.374362,114.109711,"PeeringDB, peeringdb.com/api"
8609,ETIX BelgiumDC #1,Villers-le-Bouillet,BE,Europe,4,0,0,50.579658,5.26172,"PeeringDB, peeringdb.com/api"
8615,Equinix SY5 - Sydney,Sydney,AU,Australia,95,5,4,-33.918198,151.1893,"PeeringDB, peeringdb.com/api"
8619,Azureweb,Rio de Janeiro,BR,South America,1,0,0,,,"PeeringDB, peeringdb.com/api"
8628,Datacenta DIP,Winfrith Newburgh,GB,Europe,0,0,0,50.681852,-2.256535,"PeeringDB, peeringdb.com/api"
8639,noris network datacenter.de HOF1,Hof,DE,Europe,1,0,0,50.31767,11.89697,"PeeringDB, peeringdb.com/api"
8641,Titan Networks Frankfurt,Hofheim am Taunus,DE,Europe,0,0,0,50.063159,8.373251,"PeeringDB, peeringdb.com/api"
8645,Haskovo Colo,Haskovo,BG,Europe,0,0,0,41.9402,25.544286,"PeeringDB, peeringdb.com/api"
8648,MEVSPACE DC-1,Wyszków,PL,Europe,12,0,0,52.612937,21.427774,"PeeringDB, peeringdb.com/api"
8652,AT TOKYO (DC12 NTT DATA Dojima(building #4)),Osaka,JP,Asia Pacific,7,2,1,,,"PeeringDB, peeringdb.com/api"
8653,STACK EMEA - OSL03,Fetsund,NO,Europe,3,0,0,59.920128,11.217922,"PeeringDB, peeringdb.com/api"
8655,Eurofiber Datacenter Amsterdam 1,Hoofddorp,NL,Europe,11,1,4,52.290393,4.686739,"PeeringDB, peeringdb.com/api"
8656,Vaultica Data Centers | COP01,Copenhagen,DK,Europe,1,0,1,55.668076,12.621626,"PeeringDB, peeringdb.com/api"
8657,Fujitsu Noble Park,Noble Park North,AU,Australia,4,1,0,-37.948203,145.184961,"PeeringDB, peeringdb.com/api"
8660,Asnet Datacenter Sumeru Bogor,Bogor,ID,Asia Pacific,13,0,0,-6.591422,106.786656,"PeeringDB, peeringdb.com/api"
8668,Nasional Online - Jakarta,Jakarta,ID,Asia Pacific,1,0,0,-6.238649,106.824078,"PeeringDB, peeringdb.com/api"
8673,Groupe Cyllene - DC - Nanterre,Nanterre,FR,Europe,2,0,1,48.902913,2.229751,"PeeringDB, peeringdb.com/api"
8674,Groupe Cyllene - DC - Courbevoie,Courbevoie,FR,Europe,2,0,0,48.897177,2.249377,"PeeringDB, peeringdb.com/api"
8676,Scala Data Centers HQ,Barueri,BR,South America,1,0,1,-23.502219,-46.851191,"PeeringDB, peeringdb.com/api"
8677,Scala Data Centers SGRUSP02,São Paulo,BR,South America,8,0,1,-23.535779,-46.647566,"PeeringDB, peeringdb.com/api"
8679,WIN Empresas,Lima,PE,South America,0,0,0,-12.086915,-77.012586,"PeeringDB, peeringdb.com/api"
8688,Teknotel - Yenibosna,Istanbul,TR,Middle East,1,0,0,40.99352,28.827099,"PeeringDB, peeringdb.com/api"
8711,TM ONE CBJ2  Cyberjaya,Cyberjaya,MY,Asia Pacific,1,0,0,,,"PeeringDB, peeringdb.com/api"
8717,Teknosos Bilisim Hizmetleri,Adana,TR,Middle East,1,0,0,36.975934,35.313241,"PeeringDB, peeringdb.com/api"
8720,Link Sete Servicos de Internet e Redes,Sete Lagoas,BR,South America,0,0,0,-19.468161,-44.247883,"PeeringDB, peeringdb.com/api"
8721,BlueBridge Networks | Downtown Cleveland,Cleveland,US,North America,1,0,0,41.500806,-81.683699,"PeeringDB, peeringdb.com/api"
8722,BlueBridge Networks | Mayfield Heights Data Center,Mayfield Heights,US,North America,0,0,0,41.505827,-81.467108,"PeeringDB, peeringdb.com/api"
8727,Fortress SF1,San Francisco,US,North America,0,0,0,37.782608,-122.391772,"PeeringDB, peeringdb.com/api"
8736,bigbyte.cc,Albuquerque,US,North America,6,1,0,35.084508,-106.648933,"PeeringDB, peeringdb.com/api"
8737,Hive Data Center - Montreal,Pointe-Claire,CA,North America,7,1,1,45.475074,-73.80085,"PeeringDB, peeringdb.com/api"
8740,Net Company Telecom,Suzano,BR,South America,0,0,0,-23.641223,-46.31512,"PeeringDB, peeringdb.com/api"
8744,InterServer Teb2,Secaucus,US,North America,2,0,0,40.78606,-74.073757,"PeeringDB, peeringdb.com/api"
8745,InterServer Teb4,Secaucus,US,North America,0,0,0,40.785251,-74.074991,"PeeringDB, peeringdb.com/api"
8746,IP ServerOne MYIX-CJ1,Cyberjaya,MY,Asia Pacific,2,1,0,,,"PeeringDB, peeringdb.com/api"
8751,MARKTEC,Salvador,BR,South America,1,0,0,-12.932121,-38.327901,"PeeringDB, peeringdb.com/api"
8752,SOFTDADOS,Salvador,BR,South America,1,0,0,-12.987891,-38.466741,"PeeringDB, peeringdb.com/api"
8755,Viettel HHT,Ho Chi Minh City,VN,Asia Pacific,12,0,0,10.796619,106.649661,"PeeringDB, peeringdb.com/api"
8756,Oso Grande Technologies,Albuquerque,US,North America,4,1,0,35.09252,-106.653315,"PeeringDB, peeringdb.com/api"
8775,Trusted-Colo Alsbach-Haehnlein,Alsbach-Hähnlein,DE,Europe,5,0,0,49.746437,8.601462,"PeeringDB, peeringdb.com/api"
8780,mindSHIFT Ashburn,Ashburn,US,North America,0,0,0,39.016363,-77.459022,"PeeringDB, peeringdb.com/api"
8781,mindSHIT Commack,Commack,US,North America,0,0,0,40.822677,-73.291647,"PeeringDB, peeringdb.com/api"
8782,mindSHIFT Minneapolis,Minneapolis,US,North America,0,0,0,44.971408,-93.25458,"PeeringDB, peeringdb.com/api"
8786,Cenuta Denizli,Denizli,TR,Middle East,0,0,0,37.738701,29.092491,"PeeringDB, peeringdb.com/api"
8787,Telia Telehouse MUS,Tallinn,EE,Europe,7,0,1,59.401368,24.700064,"PeeringDB, peeringdb.com/api"
8792,Comeser Parma,Fidenza,IT,Europe,0,0,0,44.881832,10.093286,"PeeringDB, peeringdb.com/api"
8794,Datacenter Weidach,Bregenz,AT,Europe,1,1,0,47.488633,9.73827,"PeeringDB, peeringdb.com/api"
8808,BDx SIN1 - Singapore,Singapore,SG,Asia Pacific,10,1,1,1.323963,103.891678,"PeeringDB, peeringdb.com/api"
8809,Herza DC - Cyber1,Jakarta Selatan,ID,Asia Pacific,2,0,0,-6.238456,106.824227,"PeeringDB, peeringdb.com/api"
8820,Kloud Dhaka DC,Dhaka,BD,Asia Pacific,6,1,0,23.791599,90.401628,"PeeringDB, peeringdb.com/api"
8824,VirtuaCenter Auxerre,Auxerre,FR,Europe,0,0,0,47.805118,3.578607,"PeeringDB, peeringdb.com/api"
8825,aql DC3,Leeds,GB,Europe,5,0,1,53.792351,-1.540763,"PeeringDB, peeringdb.com/api"
8859,Synergy Fiber,Ann Arbor,US,North America,0,0,0,42.241804,-83.737636,"PeeringDB, peeringdb.com/api"
8861,INAP Phoenix,Phoenix,US,North America,2,0,0,33.298287,-112.053638,"PeeringDB, peeringdb.com/api"
8863,Evocative LAX14,Los Angeles,US,North America,8,1,0,33.889248,-118.368733,"PeeringDB, peeringdb.com/api"
8865,rgi RZ Remscheid,Remscheid,DE,Europe,1,0,0,51.186203,7.226989,"PeeringDB, peeringdb.com/api"
8867,CoreSite - Santa Clara (SV8),Santa Clara,US,North America,4,2,0,37.377388,-121.97175,"PeeringDB, peeringdb.com/api"
8868,CoreSite - Chicago (CH2),Chicago,US,North America,15,2,2,41.86255,-87.640966,"PeeringDB, peeringdb.com/api"
8871,Smart Village Data Center (B90),Giza,EG,Middle East,2,0,0,30.067903,31.020704,"PeeringDB, peeringdb.com/api"
8872,DataBank London (LHR1),Feltham,GB,Europe,1,0,1,51.447068,-0.453265,"PeeringDB, peeringdb.com/api"
8874,Southwest Cyberport Albuquerque,Albuquerque,US,North America,0,0,0,35.102314,-106.589084,"PeeringDB, peeringdb.com/api"
8884,5GN Sydney Data Centre (SDC),Pyrmont,AU,Australia,9,1,1,-33.872342,151.194672,"PeeringDB, peeringdb.com/api"
8894,VDC BlackSun 121 Saskatoon,Saskatoon,CA,North America,4,0,0,52.142492,-106.625086,"PeeringDB, peeringdb.com/api"
8895,VDC BlackSun 2 Regina,Regina,CA,North America,3,0,0,50.415184,-104.590244,"PeeringDB, peeringdb.com/api"
8898,Tecto TBAQ1/2 (ex Globenet CLS),Barranquilla,CO,South America,30,1,1,11.022992,-74.927631,"PeeringDB, peeringdb.com/api"
8908,CapitaLand 9 Tai Seng,Singapore,SG,Asia Pacific,0,0,0,1.338772,103.893828,"PeeringDB, peeringdb.com/api"
8913,Global-e Datacenter NLRI2,Rijen,NL,Europe,10,0,3,51.576174,4.936938,"PeeringDB, peeringdb.com/api"
8919,MTIT Building 01,Ramallah,PS,,16,1,0,31.9176,35.214124,"PeeringDB, peeringdb.com/api"
8924,Equinix TY11 - Tokyo,Tokyo,JP,Asia Pacific,9,2,0,35.639737,139.792362,"PeeringDB, peeringdb.com/api"
8929,Digital Realty CH2 - Chicago,Elk Grove,US,North America,0,0,1,41.99418,-87.957678,"PeeringDB, peeringdb.com/api"
8930,Digital Realty CH3 - Chicago,Elk Grove,US,North America,0,0,0,41.993346,-87.964112,"PeeringDB, peeringdb.com/api"
8931,Digital Realty DFW (4025 Midway Road),Carrollton,US,North America,1,1,2,33.021668,-96.844732,"PeeringDB, peeringdb.com/api"
8932,Digital Realty DFW (2440 Marsh Lane),Carrollton,US,North America,2,1,2,32.980107,-96.853694,"PeeringDB, peeringdb.com/api"
8948,NOCPERU DATA CENTER & NAP,Trujillo,PE,South America,1,0,0,-8.11583,-79.031479,"PeeringDB, peeringdb.com/api"
8949,The Dataport,Ballasalla,IM,,0,0,0,54.089679,-4.630222,"PeeringDB, peeringdb.com/api"
8951,Orbit Telekom Datacenter,Isparta Merkez,TR,Middle East,1,0,0,37.766334,30.526702,"PeeringDB, peeringdb.com/api"
8953,PlusServer DataStore Hamburg,Hamburg,DE,Europe,1,0,0,53.47829,9.99321,"PeeringDB, peeringdb.com/api"
8957,4wnet Telecomunicações - Roraima,Boa Vista,BR,South America,6,1,1,2.819289,-60.705592,"PeeringDB, peeringdb.com/api"
8961,Pro-M Victor Hugo,Budapest,HU,Europe,0,0,0,47.51796,19.055712,"PeeringDB, peeringdb.com/api"
8972,EdgeUno Datacenter Quito Ecuador (UIO1),Quito,EC,South America,4,0,1,-0.175776,-78.482787,"PeeringDB, peeringdb.com/api"
8981,Cyberfuel Data Center,Santa Ana,CR,North America,0,1,0,9.935204,-84.18862,"PeeringDB, peeringdb.com/api"
8983,Netwise London East (NLE),Canning Town,GB,Europe,4,0,0,51.520561,-0.00121,"PeeringDB, peeringdb.com/api"
8986,Aptum MTL2,Kirkland,CA,North America,0,0,0,45.445916,-73.869218,"PeeringDB, peeringdb.com/api"
8987,antwerpdc,Antwerp,BE,Europe,17,1,2,51.263067,4.414574,"PeeringDB, peeringdb.com/api"
8988,Aptum MTL1,Montreal,CA,North America,2,0,0,45.502357,-73.565488,"PeeringDB, peeringdb.com/api"
9006,PIT Peru Manuel Olguin PIX,Lima,PE,South America,7,0,0,-12.089142,-76.973399,"PeeringDB, peeringdb.com/api"
9009,APT EBIX,Taipei,TW,Asia Pacific,3,0,0,25.057064,121.613706,"PeeringDB, peeringdb.com/api"
9012,SH1,Shanghai,CN,Asia Pacific,1,0,0,30.941567,121.438205,"PeeringDB, peeringdb.com/api"
9014,NJ1,Nanjing,CN,Asia Pacific,1,0,0,31.961742,118.910126,"PeeringDB, peeringdb.com/api"
9016,JC1,Jakarta  Cibitung,ID,Asia Pacific,19,1,1,-6.311607,107.076118,"PeeringDB, peeringdb.com/api"
9017,JB1,Bintaro,ID,Asia Pacific,11,1,1,-6.276761,106.718447,"PeeringDB, peeringdb.com/api"
9018,BD1,Bandung,ID,Asia Pacific,2,0,0,-6.937659,107.67858,"PeeringDB, peeringdb.com/api"
9019,SB1,Surabaya,ID,Asia Pacific,10,0,0,-7.315937,112.769661,"PeeringDB, peeringdb.com/api"
9022,Creanova Datacenter,Helsinki,FI,Europe,2,0,1,60.218372,24.875994,"PeeringDB, peeringdb.com/api"
9028,Dyjix,Vélizy-Villacoublay,FR,Europe,5,0,0,48.783672,2.208056,"PeeringDB, peeringdb.com/api"
9031,NTT Hemel Hempstead 1 Data Center (HH1),Hemel Hempstead,GB,Europe,2,0,0,51.764199,-0.434502,"PeeringDB, peeringdb.com/api"
9032,NTT Hemel Hempstead 2 Data Center (HH2),Hemel Hempstead,GB,Europe,2,0,0,51.764983,-0.442118,"PeeringDB, peeringdb.com/api"
9033,NTT Hemel Hempstead 3 Data Center (HH3),Hemel Hempstead,GB,Europe,1,0,0,51.761875,-0.436678,"PeeringDB, peeringdb.com/api"
9034,NTT Slough 2 Data Center (SL2),Slough,GB,Europe,1,0,0,51.516811,-0.615687,"PeeringDB, peeringdb.com/api"
9035,NTT Slough 3 Data Center (SL3),Slough,GB,Europe,1,0,1,51.517091,-0.616027,"PeeringDB, peeringdb.com/api"
9036,Intellicentre 5 (IC5),Canberra,AU,Australia,1,0,0,,,"PeeringDB, peeringdb.com/api"
9039,DataHouse Ekaterinburg,Ekaterinburg,RU,Europe,5,2,0,56.824749,60.644975,"PeeringDB, peeringdb.com/api"
9041,SIPOPO DATACENTER,Malabo,GQ,Africa,1,0,0,3.751458,8.908249,"PeeringDB, peeringdb.com/api"
9057,"Universitas Pembangunan ""Veteran"" Yogyakarta",Yogyakarta,ID,Asia Pacific,0,0,0,-7.762232,110.409279,"PeeringDB, peeringdb.com/api"
9058,VITORIA NET,Raposa,BR,South America,0,0,0,,,"PeeringDB, peeringdb.com/api"
9062,Universitas Amikom Yogyakarta,Yogyakarta,ID,Asia Pacific,0,0,0,-7.760035,110.408864,"PeeringDB, peeringdb.com/api"
9063,Matrix Data Center JK2 (MDC JK2),Jakarta Selatan,ID,Asia Pacific,23,1,1,-6.238765,106.824102,"PeeringDB, peeringdb.com/api"
9066,Nextremum NSK-1,Novosibirsk,RU,Europe,2,0,1,55.057579,82.788907,"PeeringDB, peeringdb.com/api"
9067,Equinix MI6 - Miami  Doral,Doral,US,North America,11,1,3,25.787849,-80.354555,"PeeringDB, peeringdb.com/api"
9069,Virtu@lnet Telecom,Sapucaia do Sul,BR,South America,0,0,0,-29.823691,-51.147227,"PeeringDB, peeringdb.com/api"
9078,XCONNECT,Las Condes,CL,South America,0,0,0,-33.418421,-70.599568,"PeeringDB, peeringdb.com/api"
9079,Matrix Data Center JK1 (MDC JK1),Jakarta Utara,ID,Asia Pacific,4,0,1,-6.110029,106.789977,"PeeringDB, peeringdb.com/api"
9083,V micali Telecomunicações,Taquaritinga,BR,South America,0,0,0,-21.399117,-48.483301,"PeeringDB, peeringdb.com/api"
9084,Telxius Cartagena DC,Cartagena,CO,South America,4,0,0,,,"PeeringDB, peeringdb.com/api"
9085,Telxius Boca Raton DC,Miami,US,North America,3,0,0,26.405641,-80.114041,"PeeringDB, peeringdb.com/api"
9086,Telxius San Juan DC,San Juan Puerto Rico,US,North America,11,1,1,,,"PeeringDB, peeringdb.com/api"
9087,Telxius Arica DC,Arica,CL,South America,1,0,0,,,"PeeringDB, peeringdb.com/api"
9088,Telxius Derio DC,Derio,ES,Europe,7,0,3,43.296942,-2.870282,"PeeringDB, peeringdb.com/api"
9089,Telxius Puerto Barrios DC,Puerto Barrios,GT,North America,1,0,0,,,"PeeringDB, peeringdb.com/api"
9090,Panama Business Park - Movistar,Panama,PA,North America,1,0,0,9.011092,-79.475293,"PeeringDB, peeringdb.com/api"
9091,Telxius Manta CLS,Manta,EC,South America,3,0,0,,,"PeeringDB, peeringdb.com/api"
9094,NetaPOP Pontarlier,Pontarlier,FR,Europe,1,0,0,46.900979,6.334273,"PeeringDB, peeringdb.com/api"
9109,GLOBE Development Datacenter Münster,Münster,DE,Europe,1,0,0,51.993724,7.663466,"PeeringDB, peeringdb.com/api"
9111,GavleNet Operatörshotell,Gävle,SE,Europe,3,2,0,60.676748,17.143474,"PeeringDB, peeringdb.com/api"
9123,Sify Global Delivery Center (Hyderabad),Nanakaramguda,IN,Asia Pacific,15,3,0,17.418749,78.341596,"PeeringDB, peeringdb.com/api"
9124,Glesys Falkenberg 2,Falkenberg,SE,Europe,3,1,1,56.916063,12.49799,"PeeringDB, peeringdb.com/api"
9128,Plan B Albany,Albany,NZ,Asia Pacific,1,0,0,-36.752497,174.705986,"PeeringDB, peeringdb.com/api"
9129,NOLA BROADBAND,Gretna,US,North America,4,0,0,29.901419,-90.041661,"PeeringDB, peeringdb.com/api"
9130,The Infinity Broadband Private Limited,Lahore,PK,Asia Pacific,0,0,0,31.51686,74.343503,"PeeringDB, peeringdb.com/api"
9145,1530 SWIFT - NOCIX,North Kansas City,US,North America,157,15,4,39.136878,-94.577558,"PeeringDB, peeringdb.com/api"
9148,NOCIX Clay Facility,North Kansas City,US,North America,16,1,1,39.137389,-94.578645,"PeeringDB, peeringdb.com/api"
9161,Fort Rock Data Center,Bend,US,North America,11,1,1,44.047402,-121.328535,"PeeringDB, peeringdb.com/api"
9166,D-NET Jakarta,Jakarta,ID,Asia Pacific,0,0,0,-6.202131,106.85456,"PeeringDB, peeringdb.com/api"
9186,ITENOS Düsseldorf (DUS2),Hilden,DE,Europe,1,0,0,51.191407,6.938251,"PeeringDB, peeringdb.com/api"
9187,Datacenter Services Douala,Douala,CM,Africa,8,1,0,4.056759,9.696225,"PeeringDB, peeringdb.com/api"
9189,INET-IDC1 Bangkok Thai Tower   Thailand,Bangkok,TH,Asia Pacific,4,0,0,13.758589,100.540589,"PeeringDB, peeringdb.com/api"
9192,INET-IDC3 Saraburi   Thailand,Saraburi,TH,Asia Pacific,5,0,0,,,"PeeringDB, peeringdb.com/api"
9194,Cogent Toronto,Toronto,CA,North America,7,0,0,43.76961,-79.330905,"PeeringDB, peeringdb.com/api"
9195,Cogent Mississauga,Mississauga,CA,North America,3,0,0,43.666084,-79.591158,"PeeringDB, peeringdb.com/api"
9201,SkyOnLine,Buenos Aires,AR,South America,4,0,0,-34.613314,-58.370753,"PeeringDB, peeringdb.com/api"
9202,PowerHost Santiago,Santiago,CL,South America,9,0,0,-33.44794,-70.619899,"PeeringDB, peeringdb.com/api"
9204,Digital Realty Hong Kong HKG11,Hong Kong,HK,Asia Pacific,5,0,0,22.369925,114.129291,"PeeringDB, peeringdb.com/api"
9205,Digital Realty Singapore SIN12,Singapore,SG,Asia Pacific,7,3,1,1.372745,103.970622,"PeeringDB, peeringdb.com/api"
9206,Digital Realty Osaka - KIX10,Ibaraki-city,JP,Asia Pacific,3,1,4,,,"PeeringDB, peeringdb.com/api"
9207,Digital Realty Osaka - KIX11,Minoo-shi,JP,Asia Pacific,4,4,4,,,"PeeringDB, peeringdb.com/api"
9209,Digital Realty MEL10 - Melbourne,Deer Park,AU,Australia,0,0,0,-37.780813,144.776905,"PeeringDB, peeringdb.com/api"
9210,Digital Realty ICN10 - Seoul,Mapo-gu,KR,Asia Pacific,9,0,1,37.582162,126.886128,"PeeringDB, peeringdb.com/api"
9211,Digital Realty Tokyo - NRT10,Inzai-City,JP,Asia Pacific,16,3,3,,,"PeeringDB, peeringdb.com/api"
9215,Andalas Media Informatika,Jakarta Selatan,ID,Asia Pacific,0,0,0,-6.238456,106.824227,"PeeringDB, peeringdb.com/api"
9218,ETL,Vientiane,LA,Asia Pacific,0,0,0,,,"PeeringDB, peeringdb.com/api"
9221,Datacenter Leipzig Lindenau (RZW) - PŸUR Business,Leipzig,DE,Europe,4,1,0,51.33973,12.30131,"PeeringDB, peeringdb.com/api"
9222,Datacenter Berlin Mahlsdorf (RZB) - PŸUR Business,Berlin,DE,Europe,5,1,0,52.51407,13.61844,"PeeringDB, peeringdb.com/api"
9223,WhiteHat,Rotunda,RO,Europe,1,1,1,44.442196,25.986021,"PeeringDB, peeringdb.com/api"
9231,Telin-1,Singapore,SG,Asia Pacific,3,0,0,1.353031,103.974859,"PeeringDB, peeringdb.com/api"
9234,Legend Data Centres,Bradford,GB,Europe,3,1,0,53.795297,-1.762567,"PeeringDB, peeringdb.com/api"
9235,STAYBOX SERVICOS DE HOSPEDAGEM NA INTERNET,Frederico Westphalen,BR,South America,0,0,0,,,"PeeringDB, peeringdb.com/api"
9260,SATSOL LIMITED,Honiara,SB,Asia Pacific,0,0,0,,,"PeeringDB, peeringdb.com/api"
9266,KIO Mérida 1 (MER1),Mérida,MX,North America,3,0,0,21.036108,-89.59547,"PeeringDB, peeringdb.com/api"
9270,KIO Mérida 2 (MER2),Mérida,MX,North America,2,0,0,20.929449,-89.681763,"PeeringDB, peeringdb.com/api"
9271,KIO Hermosillo 1 (HER1),Hermosillo,MX,North America,2,0,0,29.085502,-110.961111,"PeeringDB, peeringdb.com/api"
9272,Megacable Data Center - Guadalajara,Guadalajara,MX,North America,7,0,1,20.61208,-103.281818,"PeeringDB, peeringdb.com/api"
9273,Winer Communication,Dhaka,BD,Asia Pacific,0,0,0,23.798845,90.402987,"PeeringDB, peeringdb.com/api"
9283,Online Solution,Gruenwald,DE,Europe,0,0,0,48.059032,11.541092,"PeeringDB, peeringdb.com/api"
9284,INFRATEL Data Centre - Production Centre,Lusaka,ZM,Africa,0,0,0,,,"PeeringDB, peeringdb.com/api"
9285,INFRATEL Data Centre - Backup Facility,Lusaka,ZM,Africa,0,0,0,,,"PeeringDB, peeringdb.com/api"
9286,INFRATEL Data Centre - Disaster Recovery,Kitwe,ZM,Africa,0,0,0,,,"PeeringDB, peeringdb.com/api"
9289,RTI Guam GNC,Piti,GU,,11,2,4,13.51582,144.834149,"PeeringDB, peeringdb.com/api"
9294,HAMANASU INFORMATION CENTER,Iwamizawa,JP,Asia Pacific,0,0,0,43.203337,141.758985,"PeeringDB, peeringdb.com/api"
9297,NetaPOP Besançon,Besançon,FR,Europe,1,0,0,,,"PeeringDB, peeringdb.com/api"
9308,Gothnet DC Backa,Gothenburg,SE,Europe,3,1,2,57.745114,11.991916,"PeeringDB, peeringdb.com/api"
9309,Aunalytics South Bend Datacenter (AUSB),South Bend,US,North America,3,0,0,41.661423,-86.257342,"PeeringDB, peeringdb.com/api"
9310,Prescient Data Centres Northern Ireland,Coleraine,GB,Europe,1,0,0,55.146682,-6.676148,"PeeringDB, peeringdb.com/api"
9312,Datacenter The Factory Roermond,Roermond,NL,Europe,0,0,0,51.193267,6.01987,"PeeringDB, peeringdb.com/api"
9330,TEKNET Datacenter ANTALYA,Antalya,TR,Middle East,6,2,1,36.889686,30.744205,"PeeringDB, peeringdb.com/api"
9338,Africa Data Centres  Johannesburg JHB2  South Africa,Samrand,ZA,Africa,16,1,0,-25.930536,28.138418,"PeeringDB, peeringdb.com/api"
9339,Equinix MC1 - Muscat,Muscat,OM,Middle East,26,2,1,,,"PeeringDB, peeringdb.com/api"
9341,KSC-BKK,Laksi,TH,Asia Pacific,0,0,0,13.866975,100.560335,"PeeringDB, peeringdb.com/api"
9358,Neutral Networks Monterrey (MTY-NN),Monterrey,MX,North America,6,0,1,25.666174,-100.316342,"PeeringDB, peeringdb.com/api"
9360,Jackson Technical Datacenter,Tulsa,US,North America,1,0,1,36.151937,-95.984342,"PeeringDB, peeringdb.com/api"
9361,UK Servers Coventry,Coventry,GB,Europe,24,1,1,52.397623,-1.578236,"PeeringDB, peeringdb.com/api"
9362,ABStation,Greenwich,GB,Europe,1,0,0,51.491884,0.035515,"PeeringDB, peeringdb.com/api"
9378,Equinix CA1 - Canberra,Mitchell,AU,Australia,3,1,1,-35.2085,149.13536,"PeeringDB, peeringdb.com/api"
9381,123.NET - DC4 - 400 76th St SW,Byron Center,US,North America,12,2,0,42.825389,-85.672784,"PeeringDB, peeringdb.com/api"
9382,123.NET - DC2 - 24275 Northwestern Hwy.,Southfield,US,North America,8,1,0,42.467035,-83.235001,"PeeringDB, peeringdb.com/api"
9385,Keppel Data Centres | Keppel DC Sydney 1,Sydney,AU,Australia,0,0,0,-33.819339,151.185942,"PeeringDB, peeringdb.com/api"
9386,IndoKeppel Data Centre 1,Bogor  Greater Jakarta,ID,Asia Pacific,10,0,1,,,"PeeringDB, peeringdb.com/api"
9387,ASIA-ISP Shanghai,Shanghai,CN,Asia Pacific,1,0,0,31.17075,121.401021,"PeeringDB, peeringdb.com/api"
9390,DartPoints Dublin  OH - CMH1,Dublin,US,North America,5,1,1,40.093185,-83.133589,"PeeringDB, peeringdb.com/api"
9392,T-M-Net Verden,Verden,DE,Europe,0,0,0,52.954029,9.244393,"PeeringDB, peeringdb.com/api"
9398,TunBroker Baltimore,Linthicum Heights,US,North America,0,0,0,39.213809,-76.679891,"PeeringDB, peeringdb.com/api"
9399,Ouiherberg Aimargues,Aimargues,FR,Europe,0,0,0,43.69085,4.198021,"PeeringDB, peeringdb.com/api"
9403,123.NET - DC3 - 24245 Northwestern Hwy.,Southfield,US,North America,9,0,0,42.466862,-83.234666,"PeeringDB, peeringdb.com/api"
9406,Equinix LA7 - Los Angeles,Los Angeles,US,North America,2,1,1,33.850864,-118.304002,"PeeringDB, peeringdb.com/api"
9407,DC Bunker Korolev,Korolev,RU,Europe,1,0,0,55.91386,37.799953,"PeeringDB, peeringdb.com/api"
9408,Tecto TGIG1 (ex Globenet CLS RJ),Rio de Janeiro,BR,South America,18,1,2,-22.99121,-43.44514,"PeeringDB, peeringdb.com/api"
9410,i2 Lyngby,Lyngby,DK,Europe,0,1,0,55.784385,12.519543,"PeeringDB, peeringdb.com/api"
9415,QTS Ashburn (ASH3),Ashburn,US,North America,7,1,1,39.000915,-77.475168,"PeeringDB, peeringdb.com/api"
9416,Colo Solutions Downtown Orlando,Orlando,US,North America,14,1,1,28.534496,-81.379455,"PeeringDB, peeringdb.com/api"
9419,Korbank Data Center,Wroclaw,PL,Europe,22,3,1,51.111927,16.982936,"PeeringDB, peeringdb.com/api"
9420,DataCity 440 Waterloo,Waterloo,CA,North America,3,0,0,43.48164,-80.540546,"PeeringDB, peeringdb.com/api"
9422,OK Network,Dhaka,BD,Asia Pacific,1,0,0,23.71843,90.380406,"PeeringDB, peeringdb.com/api"
9429,505 Marquette -- Lobo Internet,Albuquerque,US,North America,0,1,0,35.088935,-106.652526,"PeeringDB, peeringdb.com/api"
9434,CyrusOne Frankfurt 3,Frankfurt,DE,Europe,0,1,0,50.128106,8.583001,"PeeringDB, peeringdb.com/api"
9452,Internet Binat Tel Aviv DC,Tel Aviv,IL,Middle East,1,0,0,32.109963,34.840517,"PeeringDB, peeringdb.com/api"
9454,HKBN Edwick Industrial Centre,Kwai Chung,HK,Asia Pacific,6,0,0,22.368466,114.135528,"PeeringDB, peeringdb.com/api"
9459,PIX Defferrari - Novo Hamburgo,Novo Hamburgo,BR,South America,1,0,0,-29.685272,-51.127764,"PeeringDB, peeringdb.com/api"
9460,Evocative BOS1,Somerville,US,North America,9,1,2,42.377932,-71.080419,"PeeringDB, peeringdb.com/api"
9484,NetCaster,São José do Rio Preto,BR,South America,1,0,0,-20.794776,-49.357403,"PeeringDB, peeringdb.com/api"
9485,Digital Realty Tokyo - HND10,Mitaka-shi,JP,Asia Pacific,0,0,0,,,"PeeringDB, peeringdb.com/api"
9492,PIT Bolivia,La Paz,BO,South America,1,1,0,-16.544947,-68.084857,"PeeringDB, peeringdb.com/api"
9495,Nusantara Data Center - Jakarta (Gedung),Daerah Khusus Ibukota,ID,Asia Pacific,0,1,0,-6.215262,106.862581,"PeeringDB, peeringdb.com/api"
9496,ihosting Servicios Internet,Viña del Mar,CL,South America,0,0,0,-33.019962,-71.543801,"PeeringDB, peeringdb.com/api"
9501,Migtel Telecomunicacoes,São Paulo,BR,South America,0,0,0,-23.619838,-46.699673,"PeeringDB, peeringdb.com/api"
9508,DREAMMARK1 Datacenter,Guro-gu,KR,Asia Pacific,1,0,0,37.485871,126.89153,"PeeringDB, peeringdb.com/api"
9509,DREAMMARK1 IDC,Guro-gu,KR,Asia Pacific,2,0,0,37.485871,126.89153,"PeeringDB, peeringdb.com/api"
9515,Neutron - Coeur d'Alene,Coeur d'Alene,US,North America,6,1,1,47.700339,-116.794444,"PeeringDB, peeringdb.com/api"
9518,Datacenter Thurgau,Frauenfeld,CH,Europe,2,1,0,47.562428,8.887672,"PeeringDB, peeringdb.com/api"
9521,Arrow Calgary DC2,Calgary,CA,North America,29,3,0,51.087137,-113.996727,"PeeringDB, peeringdb.com/api"
9522,SaskTel Saskatoon North,Saskatoon,CA,North America,3,0,0,52.193835,-106.655416,"PeeringDB, peeringdb.com/api"
9525,INTERNETWORK KOMUNIKASI INDONESIA,Jakarta,ID,Asia Pacific,0,0,0,-6.183836,106.792283,"PeeringDB, peeringdb.com/api"
9526,High DC,La Chaux-de-Fonds,CH,Europe,2,0,0,47.08215,6.801956,"PeeringDB, peeringdb.com/api"
9537,Prov.net 935,Providence,US,North America,0,0,0,41.81764,-71.423806,"PeeringDB, peeringdb.com/api"
9543,Myguru Vijayawada,Vijayawada,IN,Asia Pacific,0,0,0,16.506155,80.67782,"PeeringDB, peeringdb.com/api"
9546,Equinix MT1 - Montreal,Saint-Laurent,CA,North America,10,3,1,45.488966,-73.745578,"PeeringDB, peeringdb.com/api"
9547,Equinix WI1 - Winnipeg,Winnipeg,CA,North America,2,0,0,49.824978,-97.178151,"PeeringDB, peeringdb.com/api"
9548,Equinix VA1 - Vancouver,Burnaby,CA,North America,2,0,0,49.260409,-123.01094,"PeeringDB, peeringdb.com/api"
9549,Equinix TR5 - Toronto,Markham,CA,North America,0,0,0,43.846887,-79.333354,"PeeringDB, peeringdb.com/api"
9550,Equinix SJ1 - Saint John,Saint John,CA,North America,0,0,0,45.292567,-66.099191,"PeeringDB, peeringdb.com/api"
9551,Equinix OT1 - Ottawa,Gatineau,CA,North America,0,0,0,45.575353,-75.398115,"PeeringDB, peeringdb.com/api"
9552,Equinix KA1 - Kamloops,Kamloops,CA,North America,1,0,0,50.675455,-120.379861,"PeeringDB, peeringdb.com/api"
9553,Equinix CL1 - Calgary,Calgary,CA,North America,4,1,0,51.045517,-114.069297,"PeeringDB, peeringdb.com/api"
9554,Equinix CL2 - Calgary,Calgary,CA,North America,0,0,0,51.048066,-114.009688,"PeeringDB, peeringdb.com/api"
9556,Ehiweb.it Bologna,Bologna,IT,Europe,0,0,0,44.529071,11.352785,"PeeringDB, peeringdb.com/api"
9560,LYNET Hamburg,Hamburg,DE,Europe,0,0,0,53.550912,10.047057,"PeeringDB, peeringdb.com/api"
9568,Lumanex DC1,Pomezia,IT,Europe,12,3,1,41.66855,12.503993,"PeeringDB, peeringdb.com/api"
9572,LYNET Lübeck,Lübeck,DE,Europe,0,0,0,53.898954,10.706476,"PeeringDB, peeringdb.com/api"
9575,JupiterDC 01,Jakarta Selatan,ID,Asia Pacific,0,0,0,-6.235163,106.8204,"PeeringDB, peeringdb.com/api"
9576,JupiterDC 02,Jakarta Selatan,ID,Asia Pacific,1,0,0,-6.238698,106.824115,"PeeringDB, peeringdb.com/api"
9577,JupiterDC 03,Jakarta Selatan,ID,Asia Pacific,3,0,0,-6.238456,106.824227,"PeeringDB, peeringdb.com/api"
9595,SCSK netXDC (SH1/SH2),Sanda-shi,JP,Asia Pacific,1,0,2,,,"PeeringDB, peeringdb.com/api"
9596,SCSK netXDC (SI1/SI2/SI3)/NEC Inzai DC,Inzai-shi,JP,Asia Pacific,3,2,1,,,"PeeringDB, peeringdb.com/api"
9599,Sprint Data Center,Olsztyn,PL,Europe,1,0,0,53.77019,20.464915,"PeeringDB, peeringdb.com/api"
9604,Internexa Arequipa - Socabaya,Arequipa,PE,South America,1,0,0,16.472942,-71.517647,"PeeringDB, peeringdb.com/api"
9609,eStruxture VAN-3,Burnaby,CA,North America,1,2,0,49.254309,-122.99724,"PeeringDB, peeringdb.com/api"
9612,Trinity Technologies DC Juba,Juba,SS,,0,0,0,,,"PeeringDB, peeringdb.com/api"
9616,Regional Data Hub (RDH),Giza,EG,Middle East,18,1,0,30.067903,31.020704,"PeeringDB, peeringdb.com/api"
9622,Cogent Atlanta,Atlanta,US,North America,12,1,2,33.755851,-84.391243,"PeeringDB, peeringdb.com/api"
9625,HostPalace Sarjapur DC (Bengaluru),Sarjapura,IN,Asia Pacific,1,0,0,12.852482,77.783313,"PeeringDB, peeringdb.com/api"
9628,DeeNet Data Center Mangalore,Mangalore,IN,Asia Pacific,9,0,0,12.88367,74.875685,"PeeringDB, peeringdb.com/api"
9639,QTnet Fukuoka Data Center 3(QD3),Fukuoka,JP,Asia Pacific,14,4,1,,,"PeeringDB, peeringdb.com/api"
9648,Matrix Data Center BM1 (MDC BM1),Batam,ID,Asia Pacific,6,0,1,1.15994,104.139897,"PeeringDB, peeringdb.com/api"
9657,Ansluten VXO DC,Växjö,SE,Europe,2,0,0,56.878437,14.779828,"PeeringDB, peeringdb.com/api"
9658,Ansluten KHN DC,Karlshamn,SE,Europe,1,0,0,56.194607,14.851981,"PeeringDB, peeringdb.com/api"
9659,200 South Virginia - Reno,Reno,US,North America,5,1,0,39.522999,-119.811358,"PeeringDB, peeringdb.com/api"
9663,CoreSite - Washington DC (DC2),Washington,US,North America,4,2,0,38.903404,-77.031169,"PeeringDB, peeringdb.com/api"
9664,CoreSite - Los Angeles (LA3),Los Angeles,US,North America,19,2,1,34.058703,-118.235929,"PeeringDB, peeringdb.com/api"
9666,Sabay Digital - Tonle Basak (KPH),Phnom Penh,KH,Asia Pacific,0,1,0,11.544565,104.936884,"PeeringDB, peeringdb.com/api"
9670,Barcelona Cable Landing Station,Sant Adrià de Besòs,ES,Europe,8,6,2,41.427287,2.230662,"PeeringDB, peeringdb.com/api"
9672,CNX - Psa Depo (BSS),Phnom Penh,KH,Asia Pacific,1,1,0,11.564379,104.899243,"PeeringDB, peeringdb.com/api"
9681,NGX Networks - Nogales,Nogales,MX,North America,2,0,0,,,"PeeringDB, peeringdb.com/api"
9686,Lotte Yongin,Yongin,KR,Asia Pacific,1,0,0,37.302621,127.109995,"PeeringDB, peeringdb.com/api"
9687,KT Guro,Seoul,KR,Asia Pacific,1,0,0,37.481141,126.903083,"PeeringDB, peeringdb.com/api"
9688,GDS Shenzhen San,Shenzhen,CN,Asia Pacific,10,1,0,22.502825,114.05798,"PeeringDB, peeringdb.com/api"
9690,TGT Hong Kong Data Centre 2,Hong Kong,HK,Asia Pacific,24,1,0,22.286761,114.274434,"PeeringDB, peeringdb.com/api"
9693,TGT Hong Kong Data Centre 1,Hong Kong,HK,Asia Pacific,3,0,0,22.336668,114.19888,"PeeringDB, peeringdb.com/api"
9698,LWLcom Bremen BRE06 + BRE09,Bremen,DE,Europe,3,1,1,53.084146,8.768254,"PeeringDB, peeringdb.com/api"
9699,SecureData 365,Canton,US,North America,0,0,1,40.832529,-81.431933,"PeeringDB, peeringdb.com/api"
9702,Tyna Host - Datacenter no Brasil,Muriaé,BR,South America,1,0,0,-21.126894,-42.357551,"PeeringDB, peeringdb.com/api"
9705,DNSnetworks IDC3,Ottawa,CA,North America,0,0,0,45.340247,-75.910181,"PeeringDB, peeringdb.com/api"
9706,DNSnetworks IDC1,Ottawa,CA,North America,0,0,0,45.336188,-75.797212,"PeeringDB, peeringdb.com/api"
9707,DNSnetworks IDC4,Miami,US,North America,0,1,0,25.775869,-80.19313,"PeeringDB, peeringdb.com/api"
9708,DNSnetworks IDC2,Pointe-Claire,CA,North America,0,0,0,45.475074,-73.80085,"PeeringDB, peeringdb.com/api"
9711,AlexHost  Republic of Moldova,Chisinau,MD,Europe,1,0,0,46.989614,28.859303,"PeeringDB, peeringdb.com/api"
9724,CtrlS Hyderabad DC2,Hyderabad,IN,Asia Pacific,8,0,2,17.436221,78.364587,"PeeringDB, peeringdb.com/api"
9725,CtrlS Mumbai DC2,Mumbai,IN,Asia Pacific,16,2,2,19.108213,73.023588,"PeeringDB, peeringdb.com/api"
9726,CtrlS Mumbai DC3,Mumbai,IN,Asia Pacific,6,1,1,19.109778,73.024444,"PeeringDB, peeringdb.com/api"
9735,CtrlS Hyderabad DC3,Hyderabad,IN,Asia Pacific,4,1,1,17.436221,78.364587,"PeeringDB, peeringdb.com/api"
9736,PNT DATA CENTER,Opole,PL,Europe,1,0,0,50.683406,17.874119,"PeeringDB, peeringdb.com/api"
9738,Globenet Boca Raton CLS,Boca Raton,US,North America,2,0,1,26.344915,-80.08815,"PeeringDB, peeringdb.com/api"
9743,LEDC - NTL1 - Newcastle,Mayfield West,AU,Australia,7,0,0,-32.882913,151.730565,"PeeringDB, peeringdb.com/api"
9744,Keppel Data Centres | Keppel DC Singapore 2,Singapore,SG,Asia Pacific,0,0,0,1.340811,103.944117,"PeeringDB, peeringdb.com/api"
9745,Keppel Data Centres | Keppel DC Singapore 3,Singapore,SG,Asia Pacific,0,0,0,1.340446,103.943878,"PeeringDB, peeringdb.com/api"
9746,Keppel Data Centres | Keppel DC Singapore 5,Singapore,SG,Asia Pacific,0,0,0,1.319573,103.700241,"PeeringDB, peeringdb.com/api"
9747,Keppel Data Centres | Keppel DC Johor 1,Johor,MY,Asia Pacific,0,0,0,,,"PeeringDB, peeringdb.com/api"
9748,PCCW Global-Keppel International Carrier Exchange,Hong Kong,HK,Asia Pacific,3,0,0,22.279816,114.170936,"PeeringDB, peeringdb.com/api"
9749,Keppel Data Centres | Gore Hill Data Centre,Artarmon,AU,Australia,2,0,0,-33.820006,151.186295,"PeeringDB, peeringdb.com/api"
9750,Keppel Data Centres | iSeek Data Centre,Brisbane,AU,Australia,0,0,1,-27.415672,153.091248,"PeeringDB, peeringdb.com/api"
9751,Keppel Data Centres | Cardiff Data Centre,Cardiff,GB,Europe,0,0,0,51.452221,-3.185821,"PeeringDB, peeringdb.com/api"
9753,Keppel Data Centres | Keppel DC Dublin 2,Dublin,IE,Europe,2,0,0,53.409384,-6.363503,"PeeringDB, peeringdb.com/api"
9754,Keppel Data Centres | Milan Data Centre,Milan,IT,Europe,0,0,0,45.4531,9.11651,"PeeringDB, peeringdb.com/api"
9755,Keppel Data Centres | Kelsterbach Data Centre,Kelsterbach,DE,Europe,0,0,0,50.051897,8.525022,"PeeringDB, peeringdb.com/api"
9756,Keppel Data Centres | maincubes Data Centre,Offenbach,DE,Europe,0,0,0,50.1093,8.74229,"PeeringDB, peeringdb.com/api"
9757,Keppel Data Centres | Huizhou Data Centre,Huizhou,CN,Asia Pacific,1,0,0,23.114234,114.424548,"PeeringDB, peeringdb.com/api"
9758,Keppel Data Centres | Basis Bay Data Centre,Cyberjaya,MY,Asia Pacific,0,0,0,2.905236,101.652832,"PeeringDB, peeringdb.com/api"
9760,ksiezyc.pl,Zduńska Wola,PL,Europe,0,0,0,51.600324,18.942617,"PeeringDB, peeringdb.com/api"
9771,GLOBE DataCenter Den Helder,Den Helder,NL,Europe,0,0,1,52.943255,4.772343,"PeeringDB, peeringdb.com/api"
9773,AISO Data Center,Romoland,US,North America,1,0,0,33.74821,-117.152165,"PeeringDB, peeringdb.com/api"
9774,GGEW-POP-SHS Bensheim,Bensheim,DE,Europe,0,0,0,49.671976,8.602558,"PeeringDB, peeringdb.com/api"
9775,GGEW-POP-SHM Bensheim,Bensheim,DE,Europe,0,0,0,49.688727,8.605489,"PeeringDB, peeringdb.com/api"
9781,DTEL-IX K21,Kyiv,UA,Europe,5,1,0,50.492695,30.493162,"PeeringDB, peeringdb.com/api"
9792,SECRELNET INFORMATICA,Fortaleza,BR,South America,0,0,0,-3.734043,-38.4969,"PeeringDB, peeringdb.com/api"
9794,GlobalConnect Hørning 2,Hørning,DK,Europe,2,0,0,56.075703,10.026845,"PeeringDB, peeringdb.com/api"
9803,Chorus Otumoetai Exchange  (OTE),Tauranga,NZ,Asia Pacific,2,1,0,-37.683274,176.136227,"PeeringDB, peeringdb.com/api"
9804,Chorus Wellington Exchange (WN),Wellington,NZ,Asia Pacific,7,1,0,-41.295002,174.782895,"PeeringDB, peeringdb.com/api"
9805,Chorus Avonhead Exchange  (AVO),Christchurch,NZ,Asia Pacific,7,1,0,-43.523518,172.545222,"PeeringDB, peeringdb.com/api"
9806,Maruyama Cable Landing Station,Minamiboso-shi,JP,Asia Pacific,3,1,0,,,"PeeringDB, peeringdb.com/api"
9814,AirTrunk HKG1,Hong Kong,HK,Asia Pacific,0,0,0,22.350083,114.109656,"PeeringDB, peeringdb.com/api"
9815,AirTrunk SGP1,Singapore,SG,Asia Pacific,1,0,0,1.377136,103.967504,"PeeringDB, peeringdb.com/api"
9818,DOKOM21 RZ Huckarde,Dortmund,DE,Europe,2,1,0,51.535359,7.418903,"PeeringDB, peeringdb.com/api"
9823,42-24 Derwent Park,Moonah,AU,Australia,2,0,0,-42.839245,147.297445,"PeeringDB, peeringdb.com/api"
9827,interconnectnigeria Data Centre,Port Harcourt,NG,Africa,1,0,0,4.80593,7.005946,"PeeringDB, peeringdb.com/api"
9834,Logon Broadband Karachi,Karachi,PK,Asia Pacific,0,0,0,24.836124,67.03393,"PeeringDB, peeringdb.com/api"
9839,Cloudata Indonesia DC - ClouDC-JK3,Jakarta Selatan,ID,Asia Pacific,17,0,0,-6.238649,106.824078,"PeeringDB, peeringdb.com/api"
9842,PremierDC Veri Merkezi A.S. - Istanbul,Istanbul,TR,Middle East,25,3,1,41.037555,28.932303,"PeeringDB, peeringdb.com/api"
9845,Connect Des Moines,Des Moines,US,North America,10,0,1,41.585529,-93.625422,"PeeringDB, peeringdb.com/api"
9846,Tonaquint Data Center - Boise ID,Boise,US,North America,2,1,0,43.60801,-116.310153,"PeeringDB, peeringdb.com/api"
9849,STELLAR IX SALASALA DataCenter,Dar es Salaam,TZ,Africa,4,1,0,-6.703944,39.201724,"PeeringDB, peeringdb.com/api"
9853,T5@Cleveland,Cleveland,US,North America,0,0,0,41.440122,-81.80254,"PeeringDB, peeringdb.com/api"
9854,T5@Cincinnati,Cincinnati,US,North America,0,0,0,39.10585,-84.536559,"PeeringDB, peeringdb.com/api"
9855,T5@Minneapolis,Minneapolis,US,North America,0,0,0,44.971526,-93.270339,"PeeringDB, peeringdb.com/api"
9856,4120 Lafayette Center Drive,Chantilly,US,North America,0,0,0,38.905944,-77.469017,"PeeringDB, peeringdb.com/api"
9859,PIT Peru Arequipa - AQP1,Arequipa,PE,South America,0,1,0,-16.38768,-71.526944,"PeeringDB, peeringdb.com/api"
9865,Berzarina Data Center,Moscow,RU,Europe,8,0,1,55.790652,37.466504,"PeeringDB, peeringdb.com/api"
9868,Netmagic Chandivali - MUM DC06,Mumbai,IN,Asia Pacific,6,1,0,19.114685,72.890391,"PeeringDB, peeringdb.com/api"
9869,Netmagic Chandivali - MUM DC07,Mumbai,IN,Asia Pacific,7,1,0,19.114685,72.890391,"PeeringDB, peeringdb.com/api"
9878,Cogent Amsterdam,Halfweg,NL,Europe,15,1,1,52.384502,4.7167,"PeeringDB, peeringdb.com/api"
9879,GDMS LAO DC,Vientiane,LA,Asia Pacific,0,0,0,18.076639,102.674194,"PeeringDB, peeringdb.com/api"
9882,Cloud9 Dinamo Arena,Tbilisi,GE,Asia Pacific,7,1,1,41.723259,44.787114,"PeeringDB, peeringdb.com/api"
9887,Golden Myanmar Business Exchange,Yangon,MM,Asia Pacific,0,0,0,16.905335,96.245995,"PeeringDB, peeringdb.com/api"
9888,Sungard AS Elland TC4,Elland,GB,Europe,1,0,0,53.693287,-1.821861,"PeeringDB, peeringdb.com/api"
9894,Belvedere DC,Aversa,IT,Europe,6,1,0,40.968273,14.203892,"PeeringDB, peeringdb.com/api"
9898,MAXXNET,Riobamba,EC,South America,0,0,0,,,"PeeringDB, peeringdb.com/api"
9900,AceHost Tampa,Tampa,US,North America,3,0,0,27.948986,-82.457025,"PeeringDB, peeringdb.com/api"
9918,Alpha Technologies DC1,South Charleston,US,North America,6,0,0,38.353059,-81.696117,"PeeringDB, peeringdb.com/api"
9922,3S Data Center Warsaw,Warsaw,PL,Europe,6,0,0,52.301215,21.020709,"PeeringDB, peeringdb.com/api"
9923,Lanka Bell Limited,Colombo,LK,Asia Pacific,0,0,0,6.908088,79.85048,"PeeringDB, peeringdb.com/api"
9925,Direct LTx Reading,Reading,US,North America,1,0,0,40.381319,-75.982026,"PeeringDB, peeringdb.com/api"
9943,Getlinks Multan,Multan,PK,Asia Pacific,0,0,0,30.228766,71.47907,"PeeringDB, peeringdb.com/api"
9945,RIX-MH,Reykjavik,IS,Europe,3,1,0,64.136171,-21.875739,"PeeringDB, peeringdb.com/api"
10029,Usman ISP Bhalwal Datacentre,Bhalwal,PK,Asia Pacific,0,0,0,32.268586,72.904825,"PeeringDB, peeringdb.com/api"
10049,Keliweb DC2,Rende,IT,Europe,1,0,0,39.363418,16.25075,"PeeringDB, peeringdb.com/api"
10059,TELCONET Buenos Aires,Buenos Aires,AR,South America,1,0,0,-34.605023,-58.376412,"PeeringDB, peeringdb.com/api"
10062,GELSEN-NET DC Resse,Gelsenkirchen,DE,Europe,1,0,0,51.577464,7.115599,"PeeringDB, peeringdb.com/api"
10084,Ármúli 25,Reykjavik,IS,Europe,4,1,0,64.133258,-21.873351,"PeeringDB, peeringdb.com/api"
10094,IDC Infortel,Eunapolis,BR,South America,3,0,0,-16.378557,-39.588659,"PeeringDB, peeringdb.com/api"
10100,VERIXI Louise DC,Brussels,BE,Europe,5,1,0,50.822938,4.36895,"PeeringDB, peeringdb.com/api"
10103,Lincoln Rackhouse Kansas City,Kansas City,US,North America,0,0,0,39.295603,-94.67394,"PeeringDB, peeringdb.com/api"
10104,Lincoln Rackhouse Atlanta,Dunwoody,US,North America,0,0,0,33.92663,-84.326708,"PeeringDB, peeringdb.com/api"
10105,Lincoln Rackhouse London,Camberley,GB,Europe,0,0,0,51.33263,-0.768148,"PeeringDB, peeringdb.com/api"
10116,Cibicom Datacenter Aarhus,Højbjerg,DK,Europe,2,0,0,56.099039,10.217216,"PeeringDB, peeringdb.com/api"
10117,Cibicom Datacenter Ballerup,Ballerup,DK,Europe,3,0,0,55.727972,12.382793,"PeeringDB, peeringdb.com/api"
10118,ICT Canada,Waterloo,CA,North America,0,0,0,43.48164,-80.540546,"PeeringDB, peeringdb.com/api"
10149,Victory Technology Center,Lackawanna,US,North America,2,0,0,42.82652,-78.821501,"PeeringDB, peeringdb.com/api"
10152,Whipcord LDC01,Lethbridge,CA,North America,0,0,0,49.73586,-112.799996,"PeeringDB, peeringdb.com/api"
10156,ATC Edge CDMX/E1,Mexico City,MX,North America,1,0,0,19.433534,-99.208992,"PeeringDB, peeringdb.com/api"
10157,ATC Edge CDMX/E2,Mexico City,MX,North America,0,0,0,19.499242,-99.147841,"PeeringDB, peeringdb.com/api"
10167,ATC Edge SLP/E1,San Luis Potosi,MX,North America,0,0,0,22.167048,-101.001061,"PeeringDB, peeringdb.com/api"
10168,ATC Edge COR/E1,Córdoba,MX,North America,0,0,0,18.883041,-96.947799,"PeeringDB, peeringdb.com/api"
10197,Herza DC - Tifa,South Jakarta,ID,Asia Pacific,3,0,0,-6.236649,106.823395,"PeeringDB, peeringdb.com/api"
10202,Heartland Technology Data Center,Jesup,US,North America,0,0,0,42.471271,-92.054083,"PeeringDB, peeringdb.com/api"
10209,ATC Edge TIJ/E1,Tijuana,MX,North America,0,0,0,32.513607,-117.009995,"PeeringDB, peeringdb.com/api"
10210,ATC Edge TOL/E1,San Mateo Atenco,MX,North America,0,0,0,19.306218,-99.559588,"PeeringDB, peeringdb.com/api"
10211,ATC Edge AGS/E1,Aguascalientes,MX,North America,0,0,0,21.882174,-102.312665,"PeeringDB, peeringdb.com/api"
10212,NEX Datacenter (NEX-JK2) Jakarta,Jakarta Selatan,ID,Asia Pacific,91,3,2,-6.239711,106.824436,"PeeringDB, peeringdb.com/api"
10218,ATC Edge LEON/E1,León,MX,North America,0,0,0,21.118192,-101.660877,"PeeringDB, peeringdb.com/api"
10219,ATC Edge LEON/E2,León,MX,North America,0,0,0,21.150214,-101.699291,"PeeringDB, peeringdb.com/api"
10220,ATC Edge LEON/E3,León,MX,North America,0,0,0,21.083375,-101.627287,"PeeringDB, peeringdb.com/api"
10228,ATC Edge GDL/E1,Las Pintas,MX,North America,0,0,0,20.577703,-103.318729,"PeeringDB, peeringdb.com/api"
10232,icolo.io Mombasa Two (MBA2),Nyali,KE,Africa,40,3,1,-4.042095,39.700135,"PeeringDB, peeringdb.com/api"
10237,icolo.io Maputo One (MPM1),Maputo,MZ,Africa,8,0,0,-25.961395,32.582681,"PeeringDB, peeringdb.com/api"
10241,ATC Edge AGS/E2,Aguascalientes,MX,North America,0,0,0,21.8913,-102.273056,"PeeringDB, peeringdb.com/api"
10249,senseLAN B20,Düdingen,CH,Europe,2,0,0,46.857703,7.185033,"PeeringDB, peeringdb.com/api"
10265,Digital Parks - Samrand,Samrand,ZA,Africa,16,1,1,-25.91459,28.163056,"PeeringDB, peeringdb.com/api"
10266,Proximus Netcenter,Evere,BE,Europe,1,0,0,50.879584,4.393104,"PeeringDB, peeringdb.com/api"
10267,Proximus Netcenter 2,Machelen,BE,Europe,1,0,0,50.911924,4.423264,"PeeringDB, peeringdb.com/api"
10303,China Mobile International - Singapore DC,Singapore,SG,Asia Pacific,6,0,0,1.337158,103.894553,"PeeringDB, peeringdb.com/api"
10333,CyrusOne London 3,Slough,GB,Europe,1,0,0,51.525984,-0.626992,"PeeringDB, peeringdb.com/api"
10334,CyrusOne London 4,Slough,GB,Europe,0,0,0,51.516766,-0.627562,"PeeringDB, peeringdb.com/api"
10335,CyrusOne London 5,Slough,GB,Europe,0,0,0,51.516766,-0.627562,"PeeringDB, peeringdb.com/api"
10342,China Mobile International - London DC,Slough,GB,Europe,3,0,0,51.519879,-0.628506,"PeeringDB, peeringdb.com/api"
10343,China Mobile International - Frankfurt DC,Mörfelden-Walldorf,DE,Europe,6,0,1,49.986494,8.582706,"PeeringDB, peeringdb.com/api"
10349,365 Data Centers New Jersey (NJ1),Bridgewater Township,US,North America,3,0,0,40.58144,-74.573881,"PeeringDB, peeringdb.com/api"
10351,Blix BDC Oslo,Oslo,NO,Europe,25,2,3,59.935366,10.885255,"PeeringDB, peeringdb.com/api"
10352,Datalabs Dar es Salaam,Dar es Salaam,TZ,Africa,4,0,0,-6.862934,39.206499,"PeeringDB, peeringdb.com/api"
10371,Sunday Network (Hong Kong) Ltd,Hong Kong,HK,Asia Pacific,0,0,0,22.362056,114.135389,"PeeringDB, peeringdb.com/api"
10373,DOKOM21 RZ Hörde,Dortmund,DE,Europe,2,0,0,51.49095,7.499582,"PeeringDB, peeringdb.com/api"
10376,LCOG Park Place,Eugene,US,North America,11,1,0,44.050388,-123.092459,"PeeringDB, peeringdb.com/api"
10407,Amarillo Petroleum Building,Amarillo,US,North America,5,1,1,35.205583,-101.839148,"PeeringDB, peeringdb.com/api"
10409,Cogent London CDC,London,GB,Europe,2,0,0,51.499713,-0.021387,"PeeringDB, peeringdb.com/api"
10411,Bluebird Quad Cities Data Center,Bettendorf,US,North America,9,1,3,41.550323,-90.482459,"PeeringDB, peeringdb.com/api"
10415,Beloit-NOC,Beloit,US,North America,0,0,0,39.459519,-98.110625,"PeeringDB, peeringdb.com/api"
10419,Polcom Alwernia Datacenter,Grojec,PL,Europe,1,0,0,50.096912,19.556092,"PeeringDB, peeringdb.com/api"
10420,Polcom Skawina Datacenter,Skawina,PL,Europe,3,0,0,49.98829,19.837396,"PeeringDB, peeringdb.com/api"
10437,Digital Realty Osaka - KIX12,Minoo-shi,JP,Asia Pacific,2,1,4,,,"PeeringDB, peeringdb.com/api"
10439,BendTel,Bend,US,North America,1,1,0,44.060152,-121.309509,"PeeringDB, peeringdb.com/api"
10442,Aqua Ray Aurora,Ivry-sur-Seine,FR,Europe,3,0,0,48.820065,2.393685,"PeeringDB, peeringdb.com/api"
10444,Cloudpath CT2 (1351 Washington Blvd),Stamford,US,North America,1,0,0,41.058085,-73.542936,"PeeringDB, peeringdb.com/api"
10445,Cloudpath CT19 (5 Landmark Sq),Stamford,US,North America,2,0,0,41.054701,-73.537277,"PeeringDB, peeringdb.com/api"
10452,Partner Rehovot DataCenter,Rehovot,IL,Middle East,2,0,0,31.909411,34.805498,"PeeringDB, peeringdb.com/api"
10463,SupraNet Schaan,Schaan,LI,Europe,0,1,0,47.176346,9.514297,"PeeringDB, peeringdb.com/api"
10468,ONIX Data Centre Accra,Accra,GH,Africa,9,2,0,5.60706,-0.196388,"PeeringDB, peeringdb.com/api"
10470,GETCO Online Dhaka,Dhaka,BD,Asia Pacific,1,0,0,23.780426,90.408528,"PeeringDB, peeringdb.com/api"
10471,BTCL IX Dhaka,Dhaka,BD,Asia Pacific,7,0,0,23.748416,90.406967,"PeeringDB, peeringdb.com/api"
10473,Cogent Boca Raton,Boca Raton,US,North America,3,0,1,26.392805,-80.109732,"PeeringDB, peeringdb.com/api"
10474,Cogent Boston,Waltham,US,North America,0,0,0,42.393191,-71.255728,"PeeringDB, peeringdb.com/api"
10476,Cogent Chicago 1,Chicago,US,North America,0,0,0,41.878465,-87.634525,"PeeringDB, peeringdb.com/api"
10477,Cogent Chicago 2,Chicago,US,North America,0,0,0,41.886487,-87.632145,"PeeringDB, peeringdb.com/api"
10478,Cogent Cleveland,Cleveland,US,North America,0,0,1,41.501689,-81.680462,"PeeringDB, peeringdb.com/api"
10479,Cogent Columbus,Columbus,US,North America,0,0,0,39.968136,-82.995596,"PeeringDB, peeringdb.com/api"
10487,BizTelecom - Chiajna,Chiajna,RO,Europe,1,0,0,44.454234,25.975813,"PeeringDB, peeringdb.com/api"
10496,Digital Crossroad DX-1,Hammond,US,North America,2,0,0,,,"PeeringDB, peeringdb.com/api"
10500,Digital Realty Tokyo - HND11,Mitaka,JP,Asia Pacific,0,0,0,,,"PeeringDB, peeringdb.com/api"
10507,Datacenter Get-Net,Perm,RU,Europe,0,0,0,58.019255,55.67389,"PeeringDB, peeringdb.com/api"
10511,Gedung Prima Sejahtera,Tangerang,ID,Asia Pacific,2,0,0,-6.223824,106.664591,"PeeringDB, peeringdb.com/api"
10541,Metro MPLS,Panama City,PA,North America,0,0,0,8.98659,-79.521698,"PeeringDB, peeringdb.com/api"
10547,Fiber Alley 8915,San Diego,US,North America,0,0,0,32.829836,-117.134159,"PeeringDB, peeringdb.com/api"
10548,Fiber Alley 8917,San Diego,US,North America,0,0,0,32.829836,-117.134159,"PeeringDB, peeringdb.com/api"
10550,KINX Bundang,Seongnam,KR,Asia Pacific,8,1,0,37.413489,127.1245,"PeeringDB, peeringdb.com/api"
10551,KINX Sangam,Seoul,KR,Asia Pacific,3,1,0,37.581049,126.886856,"PeeringDB, peeringdb.com/api"
10552,YOTTA NM1,Panvel  Raigad,IN,Asia Pacific,21,2,0,18.996228,73.11336,"PeeringDB, peeringdb.com/api"
10556,EdgeUno Datacenter Mexico (QRO2),Queretaro,MX,North America,2,0,1,20.611308,-100.393176,"PeeringDB, peeringdb.com/api"
10557,EdgeUno Datacenter Queretaro Mexico (QRO1),Queretaro,MX,North America,7,0,1,,,"PeeringDB, peeringdb.com/api"
10564,Lincoln Data Centers,Lincoln,US,North America,7,0,2,40.812034,-96.702272,"PeeringDB, peeringdb.com/api"
10565,Binary Net Vault,Lincoln,US,North America,4,0,2,40.812702,-96.70235,"PeeringDB, peeringdb.com/api"
10579,InterDC Enschede Marssteden,Enschede,NL,Europe,12,2,1,52.216301,6.820988,"PeeringDB, peeringdb.com/api"
10585,Camtel Bepanda,Douala,CM,Africa,5,1,0,4.059685,9.726006,"PeeringDB, peeringdb.com/api"
10586,CAMPOST Data Center Yaoundé,Yaounde,CM,Africa,3,1,0,3.86758,11.512948,"PeeringDB, peeringdb.com/api"
10587,DNA Oulu Torikatu,Oulu,FI,Europe,10,2,4,65.012644,25.468253,"PeeringDB, peeringdb.com/api"
10595,SDC Colchester1,Colchester,GB,Europe,0,0,0,51.923805,0.921661,"PeeringDB, peeringdb.com/api"
10605,Ukrnames Data Centre,Kharkiv,UA,Europe,1,0,0,49.981148,36.142932,"PeeringDB, peeringdb.com/api"
10623,Stream Data Centers - Chicago II,Elk Grove Village,US,North America,0,0,1,41.999144,-87.958291,"PeeringDB, peeringdb.com/api"
10625,Boom! Waab 1,Colonia,FM,Asia Pacific,0,0,0,,,"PeeringDB, peeringdb.com/api"
10633,RTI Sunshine Coast CLS,Maroochydore,AU,Australia,0,0,0,-26.659642,153.092978,"PeeringDB, peeringdb.com/api"
10644,Green Datacenter ZRH2 (fka: Green Dielsdorf),Dielsdorf,CH,Europe,9,2,1,47.481111,8.4625,"PeeringDB, peeringdb.com/api"
10645,DATA4 Madrid-Alcobendas - MAD1,Alcobendas,ES,Europe,12,4,3,40.535051,-3.647835,"PeeringDB, peeringdb.com/api"
10647,DATA4 Paris Marcoussis PAR2,Marcoussis,FR,Europe,3,0,0,48.663145,2.212298,"PeeringDB, peeringdb.com/api"
10656,HOTlink Internet LTDA,Recife,BR,South America,2,1,0,-8.055171,-34.91045,"PeeringDB, peeringdb.com/api"
10663,Ninext Data Center,Lagos,NG,Africa,0,0,0,6.44645,3.397552,"PeeringDB, peeringdb.com/api"
10674,OpenColo,Santa Clara,US,North America,25,3,0,37.378892,-121.956248,"PeeringDB, peeringdb.com/api"
10677,DATACASA DC IST-1,Istanbul,TR,Middle East,17,4,1,,,"PeeringDB, peeringdb.com/api"
10687,Digital Realty DFW18 (1210 Integrity Dr),Richardson,US,North America,5,1,3,32.96547,-96.711986,"PeeringDB, peeringdb.com/api"
10688,Tzee's Multi Services DataCentre,Karachi,PK,Asia Pacific,0,0,0,24.880931,67.048223,"PeeringDB, peeringdb.com/api"
10697,SONDA - Quilicura,Santiago,CL,South America,2,0,2,-33.35628,-70.698912,"PeeringDB, peeringdb.com/api"
10698,SONDA - Kudos,Santiago,CL,South America,3,1,0,-33.356628,-70.698888,"PeeringDB, peeringdb.com/api"
10699,SONDA - Teatinos,Santiago,CL,South America,3,0,0,-33.437892,-70.655618,"PeeringDB, peeringdb.com/api"
10701,Beyond.pl - DC2 / Poznan,Poznan,PL,Europe,34,2,2,52.378181,16.976879,"PeeringDB, peeringdb.com/api"
10702,Beyond.pl - DC1 / Poznan,Poznan,PL,Europe,19,2,2,52.401079,16.928119,"PeeringDB, peeringdb.com/api"
10705,KLNUSA,Semarang,ID,Asia Pacific,1,0,0,-7.072098,110.439903,"PeeringDB, peeringdb.com/api"
10706,PureColo Harbour Centre MMR6B,Vancouver,CA,North America,5,1,0,49.284512,-123.111602,"PeeringDB, peeringdb.com/api"
10707,仙台中央データセンター,Sendai-shi,JP,Asia Pacific,0,1,0,,,"PeeringDB, peeringdb.com/api"
10713,XeonBD,Dhaka,BD,Asia Pacific,1,0,0,23.759618,90.356922,"PeeringDB, peeringdb.com/api"
10714,GlobalConnect Gothenburg,Hisings Kärra,SE,Europe,1,0,0,57.775306,11.99244,"PeeringDB, peeringdb.com/api"
10715,GlobalConnect Järfälla,Järfälla,SE,Europe,1,0,0,59.407058,17.835294,"PeeringDB, peeringdb.com/api"
10725,Equinix SG5 - Singapore,Singapore,SG,Asia Pacific,20,4,1,1.31683,103.702268,"PeeringDB, peeringdb.com/api"
10728,Rackbank DC Central India,Indore,IN,Asia Pacific,1,0,0,22.685824,75.872266,"PeeringDB, peeringdb.com/api"
10739,Advanced MedioMatrix,Peltre,FR,Europe,3,0,0,49.085508,6.243873,"PeeringDB, peeringdb.com/api"
10740,NorthC Rotterdam Zestienhoven 1,Rotterdam,NL,Europe,11,1,9,51.953104,4.448025,"PeeringDB, peeringdb.com/api"
10741,NorthC Nieuwegein,Nieuwegein,NL,Europe,9,0,5,52.018332,5.104366,"PeeringDB, peeringdb.com/api"
10766,ColoHouse New York,Orangeburg,US,North America,3,0,0,41.034512,-73.97584,"PeeringDB, peeringdb.com/api"
10774,Alpes Networks DataCenter,Chavanod,FR,Europe,1,0,0,45.891181,6.079682,"PeeringDB, peeringdb.com/api"
10782,DTP GSD Alpha,Jakarta Selatan,ID,Asia Pacific,26,1,0,-6.238456,106.824227,"PeeringDB, peeringdb.com/api"
10787,PT Lintas Telematika Nusantara,Tanggerang,ID,Asia Pacific,0,0,0,-6.229592,106.722579,"PeeringDB, peeringdb.com/api"
10791,DartPoints North Liberty  IA,North Liberty,US,North America,0,0,0,41.756979,-91.596653,"PeeringDB, peeringdb.com/api"
10792,DataCenter Siptelchile,Las Condes,CL,South America,0,0,0,-33.407347,-70.570041,"PeeringDB, peeringdb.com/api"
10798,ZT-DC-01,Sherbrooke,CA,North America,0,0,0,45.369574,-71.857441,"PeeringDB, peeringdb.com/api"
10805,Secure Shore Data Center,Nassau,BS,North America,2,0,0,25.049935,-77.40446,"PeeringDB, peeringdb.com/api"
10813,Cellnex Datacenter Den Haag,The Hague,NL,Europe,3,0,3,52.080714,4.335857,"PeeringDB, peeringdb.com/api"
10816,Vocus Mitcham MEL04,Mitcham,AU,Australia,2,0,1,,,"PeeringDB, peeringdb.com/api"
10823,Equinix ML5 - Milan,5 Settimo Milanese,IT,Europe,24,1,5,45.475395,9.038363,"PeeringDB, peeringdb.com/api"
10827,Vetta CH01,Christchurch,NZ,Asia Pacific,3,0,0,-43.525206,172.641212,"PeeringDB, peeringdb.com/api"
10829,Navisite Andover,Andover,US,North America,1,0,0,42.696486,-71.211131,"PeeringDB, peeringdb.com/api"
10830,Navisite Santa Clara,Santa Clara,US,North America,0,0,0,37.37289,-121.948022,"PeeringDB, peeringdb.com/api"
10831,Navisite Woking UK,Woking Surrey,GB,Europe,0,0,1,51.323239,-0.586281,"PeeringDB, peeringdb.com/api"
10832,Navisite Redhill UK,Redhill  Surrey,GB,Europe,0,0,0,51.24757,-0.157112,"PeeringDB, peeringdb.com/api"
10834,PoP-MG,Belo Horizonte,BR,South America,1,0,0,-19.869623,-43.964573,"PeeringDB, peeringdb.com/api"
10843,CHT Zhubei IDC,Zhubei,TW,Asia Pacific,0,0,0,24.82833,121.011667,"PeeringDB, peeringdb.com/api"
10852,STT Makati (Formerly MK2),Makati,PH,Asia Pacific,46,7,1,14.539221,121.020161,"PeeringDB, peeringdb.com/api"
10853,Globe Data Center (CB1),Cebu,PH,Asia Pacific,5,1,1,10.331047,123.906754,"PeeringDB, peeringdb.com/api"
10854,PAM00,Pamiers,FR,Europe,0,0,0,,,"PeeringDB, peeringdb.com/api"
10856,T-Mobile CZ DC7,Prague,CZ,Europe,1,0,0,50.06393,14.53249,"PeeringDB, peeringdb.com/api"
10862,ORNY1,Orangeburg,US,North America,0,0,0,41.034512,-73.97584,"PeeringDB, peeringdb.com/api"
10864,Sungard AS Philadelphia,Philadelphia,US,North America,1,0,1,39.959612,-75.161014,"PeeringDB, peeringdb.com/api"
10865,Sungard AS Aurora,Aurora,US,North America,2,1,1,39.762718,-104.762172,"PeeringDB, peeringdb.com/api"
10866,Sungard AS Carlstadt 777,Carlstadt,US,North America,1,0,1,40.828282,-74.044333,"PeeringDB, peeringdb.com/api"
10869,Houston Bunker,Montgomery,US,North America,5,0,0,30.377702,-95.668803,"PeeringDB, peeringdb.com/api"
10876,Rogers Capital Data Center,Ebene,MU,Africa,5,1,0,-20.245227,57.49181,"PeeringDB, peeringdb.com/api"
10887,intersaar SB3,Saarbrücken,DE,Europe,3,1,0,49.240384,6.955457,"PeeringDB, peeringdb.com/api"
10888,Equinix MN3 - Manila,Makati,PH,Asia Pacific,5,1,0,14.55664,121.017899,"PeeringDB, peeringdb.com/api"
10894,IIX-Sumut,Medan,ID,Asia Pacific,5,0,0,3.569934,98.686657,"PeeringDB, peeringdb.com/api"
10900,IIX-Medan,Medan,ID,Asia Pacific,3,2,0,3.569934,98.686657,"PeeringDB, peeringdb.com/api"
10901,Državni Data Centar DDC,Kragujevac,RS,Europe,4,1,0,44.014742,20.923171,"PeeringDB, peeringdb.com/api"
10902,Odata DC BG01,Cota,CO,South America,21,1,2,4.751808,-74.142495,"PeeringDB, peeringdb.com/api"
10910,DataBank San Diego (SAN1),San Diego,US,North America,3,0,0,32.988781,-117.073181,"PeeringDB, peeringdb.com/api"
10912,ADISTA Groupe,Tours,FR,Europe,0,0,0,47.386744,0.695114,"PeeringDB, peeringdb.com/api"
10913,Datacenter Cyrès,Tours,FR,Europe,4,0,0,47.436009,0.695409,"PeeringDB, peeringdb.com/api"
10915,DataBank McLean (IAD2),McLean,US,North America,2,1,0,38.919781,-77.215636,"PeeringDB, peeringdb.com/api"
10916,DataBank Atlanta (ATL3),Atlanta,US,North America,5,1,0,33.734567,-84.425652,"PeeringDB, peeringdb.com/api"
10917,DataBank Pittsburgh (PIT2),Pittsburgh,US,North America,1,0,0,40.451321,-80.190035,"PeeringDB, peeringdb.com/api"
10918,DataBank Chicago (ORD2),Chicago,US,North America,2,0,0,41.870906,-87.640153,"PeeringDB, peeringdb.com/api"
10919,DataBank Chicago (ORD4),Oak Brook,US,North America,4,1,1,41.854051,-87.920916,"PeeringDB, peeringdb.com/api"
10920,DataBank Denver (DEN3),Denver,US,North America,4,0,1,39.74576,-104.994518,"PeeringDB, peeringdb.com/api"
10921,DataBank Denver (DEN4),Westminster,US,North America,1,0,0,39.884552,-105.080128,"PeeringDB, peeringdb.com/api"
10922,DataBank Piscataway (EWR2),Piscataway,US,North America,2,0,0,40.549247,-74.458241,"PeeringDB, peeringdb.com/api"
10923,DataBank Dallas (DFW4),Dallas,US,North America,2,0,1,32.821596,-96.873457,"PeeringDB, peeringdb.com/api"
10924,DataBank Dallas (DFW7),Dallas,US,North America,2,0,1,32.922798,-96.791315,"PeeringDB, peeringdb.com/api"
10925,DataBank Austin (AUS1),Austin,US,North America,4,0,0,30.436287,-97.763776,"PeeringDB, peeringdb.com/api"
10926,DataBank Waco (ACT1),Waco,US,North America,1,0,2,31.55495,-97.13324,"PeeringDB, peeringdb.com/api"
10927,DataBank Kansas City (MCI3),Lenexa,US,North America,4,0,0,38.92519,-94.77028,"PeeringDB, peeringdb.com/api"
10928,DataBank Minneapolis (MSP4),Minneapolis,US,North America,6,2,0,44.971408,-93.25458,"PeeringDB, peeringdb.com/api"
10929,DataBank Indianapolis (IND1),Indianapolis,US,North America,14,1,1,39.759374,-86.172235,"PeeringDB, peeringdb.com/api"
10930,DataBank Indianapolis (IND2),Indianapolis,US,North America,2,0,1,39.760096,-86.170486,"PeeringDB, peeringdb.com/api"
10931,DataBank Santa Clara (SFO1),Santa Clara,US,North America,3,0,1,37.407382,-121.965885,"PeeringDB, peeringdb.com/api"
10932,DataBank Los Angeles (LAX1),Los Angeles,US,North America,5,1,1,34.047948,-118.255358,"PeeringDB, peeringdb.com/api"
10933,DataBank Irvine (SNA2),Irvine,US,North America,4,1,1,33.687905,-117.842407,"PeeringDB, peeringdb.com/api"
10934,DataBank Phoenix (PHX1),Phoenix,US,North America,3,0,0,33.483936,-112.0767,"PeeringDB, peeringdb.com/api"
10935,DataBank Phoenix (PHX2),Phoenix,US,North America,0,0,0,33.454431,-111.975724,"PeeringDB, peeringdb.com/api"
10936,DataBank Phoenix (PHX3),Chandler,US,North America,0,1,0,33.273916,-111.885259,"PeeringDB, peeringdb.com/api"
10937,DataBank Salt Lake City (SLC4),Bluffdale,US,North America,2,2,0,40.481315,-111.90496,"PeeringDB, peeringdb.com/api"
10938,DataBank Salt Lake City (SLC5),Bluffdale,US,North America,3,2,0,40.480867,-111.904275,"PeeringDB, peeringdb.com/api"
10944,ITRIO EDGE SP3,Santana de Parnaiba,BR,South America,0,0,0,-23.466334,-46.863288,"PeeringDB, peeringdb.com/api"
10946,Camtel Datacenter Zamengoe-Yaounde,Yaounde,CM,Africa,2,0,0,3.881339,11.457222,"PeeringDB, peeringdb.com/api"
10947,Orange Cameroun Datacenter Makepe-Douala,Douala,CM,Africa,1,0,0,,,"PeeringDB, peeringdb.com/api"
10960,ACW Winter Haven,Winter Haven,US,North America,0,0,0,28.024126,-81.728175,"PeeringDB, peeringdb.com/api"
10962,Nexlinx Lahore,Lahore,PK,Asia Pacific,1,0,0,31.514624,74.347351,"PeeringDB, peeringdb.com/api"
10974,LCL Brussels South,Beersel,BE,Europe,1,0,0,50.759693,4.26917,"PeeringDB, peeringdb.com/api"
10976,Atha Media Prima DC Purwokerto,Bancar Kembar  Purwokerto Utara  Banyumas,ID,Asia Pacific,2,1,0,-7.412956,109.24472,"PeeringDB, peeringdb.com/api"
10982,BR.Digital Brasília (BSA1),Brasília,BR,South America,5,1,2,-15.825206,-47.921065,"PeeringDB, peeringdb.com/api"
10991,Homenet Lahore,Lahore,PK,Asia Pacific,0,0,0,,,"PeeringDB, peeringdb.com/api"
10994,TDC Borups Allé,Copenhagen N,DK,Europe,3,0,0,55.692097,12.536813,"PeeringDB, peeringdb.com/api"
11001,DEV Italia DataCenter Pisa,Pisa,IT,Europe,1,0,0,,,"PeeringDB, peeringdb.com/api"
11008,ScaleMatrix San Diego Data Center US-West 01,San Diego,US,North America,3,0,1,32.838205,-117.133185,"PeeringDB, peeringdb.com/api"
11009,ScaleMatrix Dallas Data Center US-South 01,Allen,US,North America,1,0,0,33.138618,-96.657387,"PeeringDB, peeringdb.com/api"
11010,ScaleMatrix Seattle Data Center US-West 02,Puyallup,US,North America,0,0,0,47.154858,-122.279018,"PeeringDB, peeringdb.com/api"
11011,ScaleMatrix Jacksonville Data Center US-South 02,Jacksonville,US,North America,0,0,0,30.216445,-81.582092,"PeeringDB, peeringdb.com/api"
11013,NaiTel Aqaba,Aqaba,JO,Middle East,5,1,0,29.532079,35.010403,"PeeringDB, peeringdb.com/api"
11014,Parkovyi DC,Kyiv,UA,Europe,9,1,0,50.45026,30.53927,"PeeringDB, peeringdb.com/api"
11015,UltraEdge Grenoble,Grenoble,FR,Europe,3,0,1,45.161088,5.712713,"PeeringDB, peeringdb.com/api"
11017,nLighten Besancon MLH1,Besançon,FR,Europe,14,0,1,47.225881,5.973704,"PeeringDB, peeringdb.com/api"
11021,LayerBridge WhiteGate,Bucharest,RO,Europe,1,0,0,44.484116,26.058284,"PeeringDB, peeringdb.com/api"
11025,Open DC JB2 - Menara Ansar,Johor Bahru,MY,Asia Pacific,5,2,0,1.460311,103.76285,"PeeringDB, peeringdb.com/api"
11026,Comway Sibiu,Sibiu,RO,Europe,0,0,0,45.799593,24.138179,"PeeringDB, peeringdb.com/api"
11038,WhiteHat 2,Brăila,RO,Europe,0,1,1,45.276552,27.981643,"PeeringDB, peeringdb.com/api"
11044,Reflex Solutions,Johannesburg,ZA,Africa,6,0,0,-26.134061,28.035499,"PeeringDB, peeringdb.com/api"
11077,Wipak Walsrode,Walsrode,DE,Europe,0,0,0,52.906968,9.653239,"PeeringDB, peeringdb.com/api"
11078,HA Hosting DC2,Sheffield,GB,Europe,1,0,0,53.333519,-1.33988,"PeeringDB, peeringdb.com/api"
11081,Seeweb FRO2,Frosinone,IT,Europe,4,0,0,41.632386,13.269724,"PeeringDB, peeringdb.com/api"
11082,Softdados Aracaju POP,Aracaju,BR,South America,1,0,0,-10.916278,-37.049269,"PeeringDB, peeringdb.com/api"
11090,HA Hosting DC3,Wolverhampton,GB,Europe,1,0,0,52.601611,-2.110311,"PeeringDB, peeringdb.com/api"
11093,1 Telecom,Recife,BR,South America,6,1,0,-8.114813,-34.907091,"PeeringDB, peeringdb.com/api"
11101,Mitues Istanbul,Şişli,TR,Middle East,1,0,0,41.075912,29.011986,"PeeringDB, peeringdb.com/api"
11103,TsingYao Inner Mongolia DC,Hohhot City,CN,Asia Pacific,2,0,0,40.55126,111.838562,"PeeringDB, peeringdb.com/api"
11105,BADEN CLOUD Appenweier (APW01),Appenweier,DE,Europe,2,0,0,48.550194,7.972655,"PeeringDB, peeringdb.com/api"
11110,Besttelecom,Chanthabouly,LA,Asia Pacific,1,0,0,,,"PeeringDB, peeringdb.com/api"
11113,TsingYao HeBei DC,Chengde city,CN,Asia Pacific,2,0,0,40.924757,117.958202,"PeeringDB, peeringdb.com/api"
11118,STT Quezon City (Formerly QC2),Quezon City,PH,Asia Pacific,10,1,0,14.646129,121.01753,"PeeringDB, peeringdb.com/api"
11123,BIT-TEC POP.BR.FOZ,Foz do Iguacu,BR,South America,1,0,0,-25.511012,-54.595215,"PeeringDB, peeringdb.com/api"
11124,BIT-TEC POP.PY.ASU.1,Asuncion,PY,South America,2,0,0,,,"PeeringDB, peeringdb.com/api"
11125,BIT-TEC POP.BR.PPR,Ponta Porã,BR,South America,1,0,0,-22.53667,-55.721347,"PeeringDB, peeringdb.com/api"
11126,BIT-TEC POP.PY.CDE.2,Ciudad del Este,PY,South America,1,0,0,,,"PeeringDB, peeringdb.com/api"
11138,NTT DOCOMO BUSINESS OS7 - Osaka,Ibaraki-shi,JP,Asia Pacific,3,1,2,,,"PeeringDB, peeringdb.com/api"
11141,XLSmart Cibitung (JNB2),Bekasi,ID,Asia Pacific,4,0,0,-6.307716,107.083086,"PeeringDB, peeringdb.com/api"
11144,neuCentrIX - Karet Tengsin,Jakarta Pusat,ID,Asia Pacific,106,3,1,-6.202663,106.816077,"PeeringDB, peeringdb.com/api"
11145,neuCentrIX - Surabaya Gubeng,Surabaya,ID,Asia Pacific,48,3,0,-7.2762,112.745216,"PeeringDB, peeringdb.com/api"
11146,Graha Teknologi Bekasi,Bekasi,ID,Asia Pacific,2,0,0,-6.346707,107.164818,"PeeringDB, peeringdb.com/api"
11150,PIX DBUG,Curitiba,BR,South America,14,1,1,-25.434845,-49.254228,"PeeringDB, peeringdb.com/api"
11152,M-net Augsburg,Augsburg,DE,Europe,1,0,1,48.3715,10.91167,"PeeringDB, peeringdb.com/api"
11161,BYCOM SYSTEMS Minsk,Minsk,BY,Europe,2,0,0,53.92979,27.519835,"PeeringDB, peeringdb.com/api"
11164,SoftBank Tokyo No. 4,Tokyo,JP,Asia Pacific,1,1,0,,,"PeeringDB, peeringdb.com/api"
11171,conova - Datacenter 6/7,Hallein,AT,Europe,1,1,0,47.706159,13.08283,"PeeringDB, peeringdb.com/api"
11177,Myanmar Country Co. Mandalay,Mandalay,MM,Asia Pacific,1,0,0,21.981372,96.077486,"PeeringDB, peeringdb.com/api"
11180,Myanmar Country Co. Yangon,Hlaing,MM,Asia Pacific,1,0,0,16.84964,96.129215,"PeeringDB, peeringdb.com/api"
11181,Equinix MU4 - Munich  Dornach,Aschheim,DE,Europe,11,1,5,48.146393,11.682389,"PeeringDB, peeringdb.com/api"
11182,PureColo Vancouver V1,Vancouver,CA,North America,6,1,0,49.287644,-123.115345,"PeeringDB, peeringdb.com/api"
11185,PT Sembilan Mediadata Nusaraya,Surabaya,ID,Asia Pacific,0,0,0,-7.272907,112.742802,"PeeringDB, peeringdb.com/api"
11192,Databridge Sites Silver Spring,Silver Spring,US,North America,12,2,0,39.05867,-76.964486,"PeeringDB, peeringdb.com/api"
11193,PIX Bitcom,Caxias Do Sul,BR,South America,0,1,0,-29.165828,-51.171375,"PeeringDB, peeringdb.com/api"
11195,DataBridge Sites Aurora,Aurora,US,North America,6,1,0,41.772203,-88.217055,"PeeringDB, peeringdb.com/api"
11199,Capital Outsourcing Beirut,Beirut,LB,Middle East,0,0,0,33.892215,35.514222,"PeeringDB, peeringdb.com/api"
11201,Maila Datacenter 01 (Porto Alegre),Porto Alegre,BR,South America,0,0,0,-30.028392,-51.229706,"PeeringDB, peeringdb.com/api"
11203,dc2scale ALP1 (Grenoble),Grenoble,FR,Europe,1,0,1,45.19118,5.704659,"PeeringDB, peeringdb.com/api"
11210,Daou MaPo,Mapo-gu,KR,Asia Pacific,1,0,0,37.543876,126.94768,"PeeringDB, peeringdb.com/api"
11227,Glesys Oulu 1,Oulu,FI,Europe,2,0,3,65.061827,25.438009,"PeeringDB, peeringdb.com/api"
11228,Glesys Oulu 2,Oulu,FI,Europe,2,0,3,65.05896,25.439577,"PeeringDB, peeringdb.com/api"
11229,PIX Nossa Telecom PAE,Porto Alegre,BR,South America,14,1,0,-30.027268,-51.182641,"PeeringDB, peeringdb.com/api"
11236,SBDC Zürich,Dietlikon,CH,Europe,0,0,0,47.425906,8.617701,"PeeringDB, peeringdb.com/api"
11240,Data Center Ukr-Com,Kyiv,UA,Europe,19,3,0,50.433039,30.399424,"PeeringDB, peeringdb.com/api"
11243,Data Center DE NOVO,Kyiv,UA,Europe,8,2,0,50.49087,30.41337,"PeeringDB, peeringdb.com/api"
11244,Data Center Uniteddc,Kyiv,UA,Europe,9,1,0,50.431435,30.468758,"PeeringDB, peeringdb.com/api"
11248,KINX Pyeongchon,Anyang-si,KR,Asia Pacific,2,0,0,37.394861,126.97603,"PeeringDB, peeringdb.com/api"
11250,Khazna Data Center – Dubai,Dubai,AE,Middle East,1,0,0,25.174796,55.318254,"PeeringDB, peeringdb.com/api"
11251,Khazna Data Center – Abu Dhabi,Abu Dhabi,AE,Middle East,1,0,0,24.419344,54.621041,"PeeringDB, peeringdb.com/api"
11254,Gigifi Networks,San Juan,PR,North America,0,0,0,18.313363,-66.08252,"PeeringDB, peeringdb.com/api"
11255,BluBroadband Shell Ave,Fort Walton Beach,US,North America,1,0,0,30.411196,-86.612424,"PeeringDB, peeringdb.com/api"
11257,Aitelecom Mérida,Mérida,MX,North America,3,1,1,21.039473,-89.654297,"PeeringDB, peeringdb.com/api"
11258,Telxius Salinas DC,Salinas,EC,South America,2,0,0,-2.219259,-80.949261,"PeeringDB, peeringdb.com/api"
11259,Telxius Barranquilla DC,Barranquilla,CO,South America,7,0,0,,,"PeeringDB, peeringdb.com/api"
11260,Telxius Panama CLS,Panama,PA,North America,2,0,0,8.987235,-79.517856,"PeeringDB, peeringdb.com/api"
11261,Telefonica POP Mendoza,Mendoza,AR,South America,1,0,0,-32.884308,-68.844654,"PeeringDB, peeringdb.com/api"
11262,Telefonica POP Guatemala,Guatemala City,GT,North America,1,0,0,14.605771,-90.544392,"PeeringDB, peeringdb.com/api"
11263,STT Bangkok 1,Bangkok,TH,Asia Pacific,19,2,0,13.756468,100.613932,"PeeringDB, peeringdb.com/api"
11270,Internexa Bogota Bog Zetta,Bogota,CO,South America,3,0,0,4.671394,-74.156015,"PeeringDB, peeringdb.com/api"
11275,Samz Broadband Networx,Lahore,PK,Asia Pacific,0,0,0,31.580958,74.36336,"PeeringDB, peeringdb.com/api"
11279,Central COTEL,Villa Gesell,AR,South America,1,0,0,-37.253804,-56.967008,"PeeringDB, peeringdb.com/api"
11286,Cirion La Urbina,La Urbina,VE,South America,17,1,1,10.492982,-66.807136,"PeeringDB, peeringdb.com/api"
11287,Equinix BX1 - Bordeaux,Bruges,FR,Europe,9,1,7,44.89582,-0.611387,"PeeringDB, peeringdb.com/api"
11288,INWI Data Center,Rabat,MA,Africa,1,0,0,33.986888,-6.792083,"PeeringDB, peeringdb.com/api"
11295,Megasnet IDC - FSA,Feira De Santana,BR,South America,0,0,0,-12.269025,-38.961615,"PeeringDB, peeringdb.com/api"
11296,NTT Hemel Hempstead 4 Data Center (HH4),Hemel Hempstead,GB,Europe,0,0,0,51.757909,-0.43108,"PeeringDB, peeringdb.com/api"
11297,NTT Madrid 1 Data Center (MAD1),Las Rozas de Madrid,ES,Europe,2,0,1,40.499827,-3.890363,"PeeringDB, peeringdb.com/api"
11298,NTT Johannesburg 1 Data Center (JOH1),Centurion,ZA,Africa,3,1,0,-25.920656,28.140551,"PeeringDB, peeringdb.com/api"
11302,WiCOM DC Kyiv,Kyiv,UA,Europe,1,0,0,50.47063,30.45211,"PeeringDB, peeringdb.com/api"
11310,Daycohost - Caracas,Caracas,VE,South America,3,0,1,10.480991,-66.861524,"PeeringDB, peeringdb.com/api"
11316,Direct Lan SOR1,Sorocaba,BR,South America,1,0,0,-23.484762,-47.451306,"PeeringDB, peeringdb.com/api"
11317,Direct Lan SOR2 (PIRAMIDE),Sorocaba,BR,South America,1,0,0,-23.502609,-47.458521,"PeeringDB, peeringdb.com/api"
11319,NETBUDUR Datacenter Istanbul,Istanbul,TR,Middle East,1,0,0,41.024911,29.114336,"PeeringDB, peeringdb.com/api"
11321,Optimus Technologies Dhaka,Dhaka,BD,Asia Pacific,1,0,0,23.749061,90.381292,"PeeringDB, peeringdb.com/api"
11322,Datasource Hünenberg,Hünenberg,CH,Europe,2,0,0,47.161807,8.439787,"PeeringDB, peeringdb.com/api"
11324,Equinix OS3 - Osaka,Osaka,JP,Asia Pacific,23,4,4,34.669801,135.510335,"PeeringDB, peeringdb.com/api"
11326,CE Colo DC7 Prague,Prague,CZ,Europe,5,2,0,50.063937,14.532491,"PeeringDB, peeringdb.com/api"
11343,CKW Colo Sursee,Schenkon,CH,Europe,0,0,0,47.185937,8.120983,"PeeringDB, peeringdb.com/api"
11344,CKW DC Rathausen,Emmen,CH,Europe,0,0,0,47.078854,8.312147,"PeeringDB, peeringdb.com/api"
11351,AT TOKYO (QC1 QTnet Fukuoka(QD3)),Fukuoka,JP,Asia Pacific,0,4,1,,,"PeeringDB, peeringdb.com/api"
11352,MyHostingSpace - Peterborough,Peterborough,GB,Europe,6,0,1,52.55425,-0.390896,"PeeringDB, peeringdb.com/api"
11358,partimus Rechenzentrum Bad Oeynhausen,Bad Oeynhausen,DE,Europe,1,0,0,52.231925,8.806405,"PeeringDB, peeringdb.com/api"
11360,partimus Rechenzentrum Limburg,Limburg an der Lahn,DE,Europe,2,0,0,50.38104,8.095829,"PeeringDB, peeringdb.com/api"
11363,TierPoint Bethlehem,Bethlehem,US,North America,2,0,1,40.670346,-75.37493,"PeeringDB, peeringdb.com/api"
11364,TierPoint Boston - Marlborough,Marlborough,US,North America,2,0,1,42.312902,-71.579257,"PeeringDB, peeringdb.com/api"
11366,TierPoint St. Louis – Millpark,Maryland Heights,US,North America,2,0,0,38.698612,-90.411954,"PeeringDB, peeringdb.com/api"
11370,Golden West Rapid City Skyline Facility,Rapid City,US,North America,3,0,2,44.047645,-103.244187,"PeeringDB, peeringdb.com/api"
11377,neuCentrIX - Bandung,Kota Bandung,ID,Asia Pacific,64,2,0,-6.916764,107.611376,"PeeringDB, peeringdb.com/api"
11380,CENTRA RNO01 - Reno Nevada (200 S. Virginia),Reno,US,North America,4,0,0,39.522999,-119.811358,"PeeringDB, peeringdb.com/api"
11395,LG CNS Kasan,Seoul,KR,Asia Pacific,4,1,1,37.482096,126.879733,"PeeringDB, peeringdb.com/api"
11396,LG CNS Busan,Busan,KR,Asia Pacific,2,0,0,,,"PeeringDB, peeringdb.com/api"
11399,FIBMESH EDGE DC - JMU 01,JAMMU,IN,Asia Pacific,2,0,0,32.642222,74.941389,"PeeringDB, peeringdb.com/api"
11403,Insta-DC  Bhilai,Bhilai,IN,Asia Pacific,2,1,0,21.206439,81.329452,"PeeringDB, peeringdb.com/api"
11405,Extendo Datacenter Belfort,Belfort,FR,Europe,1,0,0,47.644566,6.843367,"PeeringDB, peeringdb.com/api"
11420,Wide Host Media - Bandung,Bandung,ID,Asia Pacific,1,0,0,-6.920441,107.616148,"PeeringDB, peeringdb.com/api"
11425,DCTel DC Zaporizhzhia,Zaporizhzhia,UA,Europe,5,2,0,47.845672,35.126177,"PeeringDB, peeringdb.com/api"
11429,LightEdge Kansas City Cavern (KCI2),Lenexa,US,North America,3,0,0,38.95187,-94.789552,"PeeringDB, peeringdb.com/api"
11435,Cloud Exchange West Africa,Lagos,NG,Africa,4,1,0,6.455857,3.430645,"PeeringDB, peeringdb.com/api"
11436,IMS Datacenter Medan,Medan,ID,Asia Pacific,1,0,0,,,"PeeringDB, peeringdb.com/api"
11441,K2 DUB1,Blanchardstown,IE,Europe,0,0,0,53.407134,-6.358234,"PeeringDB, peeringdb.com/api"
11442,Extreme Gurgaon,Gurugram,IN,Asia Pacific,3,1,0,28.468586,77.038164,"PeeringDB, peeringdb.com/api"
11444,Extreme Janakpuri,New Delhi,IN,Asia Pacific,3,1,0,28.629393,77.081353,"PeeringDB, peeringdb.com/api"
11445,Extreme Thane,Thane,IN,Asia Pacific,6,1,0,19.203306,72.969051,"PeeringDB, peeringdb.com/api"
11446,Extreme Kalyan,Kalyan,IN,Asia Pacific,4,1,0,19.240091,73.12922,"PeeringDB, peeringdb.com/api"
11448,Ultraedge Canteleu,Canteleu,FR,Europe,1,0,1,49.446514,1.028004,"PeeringDB, peeringdb.com/api"
11449,Erlang.Ekb.SH10,Ekaterinburg,RU,Europe,5,0,0,56.839272,60.583577,"PeeringDB, peeringdb.com/api"
11463,Wellcamp Business Park DC,Wellcamp,AU,Australia,0,0,0,-27.551202,151.816053,"PeeringDB, peeringdb.com/api"
11471,Afribone DC Bamako MALI,Bamako,ML,Africa,1,0,0,12.597659,-8.031873,"PeeringDB, peeringdb.com/api"
11479,TTI Repeaterstation Sattledt,Sattledt,AT,Europe,6,0,0,48.080989,14.047849,"PeeringDB, peeringdb.com/api"
11495,Freehost DC Kiev,Kyiv,UA,Europe,1,0,0,50.445592,30.502053,"PeeringDB, peeringdb.com/api"
11497,Equinix CH7 - Westmont,Westmont,US,North America,3,0,1,41.812598,-87.972834,"PeeringDB, peeringdb.com/api"
11498,Salamandre,Paris,FR,Europe,3,0,0,48.857754,2.404864,"PeeringDB, peeringdb.com/api"
11515,PNG Nambawan Trophy,Port Moresby,PG,Asia Pacific,0,0,0,,,"PeeringDB, peeringdb.com/api"
11516,Galinfocom Lviv,Lviv,UA,Europe,8,2,0,49.829184,24.0128,"PeeringDB, peeringdb.com/api"
11520,OPTICNET Ploiesti,Ploiesti,RO,Europe,1,0,0,44.936519,26.023637,"PeeringDB, peeringdb.com/api"
11521,Servanet FRG5,Sundsvall,SE,Europe,7,3,3,62.394687,17.341271,"PeeringDB, peeringdb.com/api"
11523,H5 Data Centers Cincinnati II,Cincinnati,US,North America,1,0,0,39.105851,-84.53657,"PeeringDB, peeringdb.com/api"
11526,PTCL Misri Shah DC,Karachi,PK,Asia Pacific,6,0,0,24.802325,67.066993,"PeeringDB, peeringdb.com/api"
11529,Transworld CLS,Karachi,PK,Asia Pacific,3,0,0,24.87524,66.833149,"PeeringDB, peeringdb.com/api"
11531,Vienna Twin Tower,Vienna,AT,Europe,2,0,1,48.168762,16.34682,"PeeringDB, peeringdb.com/api"
11532,Vienna BioCenter,Vienna,AT,Europe,1,0,1,48.189245,16.402682,"PeeringDB, peeringdb.com/api"
11533,Millennium Tower,Vienna,AT,Europe,2,0,1,48.240549,16.386609,"PeeringDB, peeringdb.com/api"
11534,Vienna International Center,Vienna,AT,Europe,2,0,1,48.233585,16.417113,"PeeringDB, peeringdb.com/api"
11535,s IT Solutions AT Spardat Datacenter,Vienna,AT,Europe,1,0,1,48.17563,16.402305,"PeeringDB, peeringdb.com/api"
11536,Arelion Wien Süd,Vienna,AT,Europe,2,0,2,48.133497,16.30591,"PeeringDB, peeringdb.com/api"
11537,ÖBB Telekom Service Datacenter,Vienna,AT,Europe,1,0,1,48.260343,16.399595,"PeeringDB, peeringdb.com/api"
11538,next layer Medienhaus,Vienna,AT,Europe,5,0,2,48.242703,16.36476,"PeeringDB, peeringdb.com/api"
11539,Europlaza Vienna,Vienna,AT,Europe,4,0,1,48.171168,16.334275,"PeeringDB, peeringdb.com/api"
11541,ATOS Datacenter Siemens City,Vienna,AT,Europe,0,0,0,48.268952,16.422614,"PeeringDB, peeringdb.com/api"
11542,Florido Tower,Vienna,AT,Europe,3,0,1,48.257683,16.396944,"PeeringDB, peeringdb.com/api"
11543,T-Center Vienna,Vienna,AT,Europe,3,0,1,48.187285,16.402231,"PeeringDB, peeringdb.com/api"
11544,Austria Campus,Vienna,AT,Europe,0,0,0,48.222979,16.394049,"PeeringDB, peeringdb.com/api"
11546,NGX Networks - Hermosillo,Hermosillo Centro,MX,North America,1,0,0,29.09121,-110.953965,"PeeringDB, peeringdb.com/api"
11547,efectRO DC2,Cluj Napoca,RO,Europe,1,0,0,,,"PeeringDB, peeringdb.com/api"
11551,The Portal Data Centre (Flexiscale DC 1),Nottingham,GB,Europe,0,0,0,52.943818,-1.15762,"PeeringDB, peeringdb.com/api"
11556,Dalkom CLS,Mogadishu,SO,Africa,0,0,0,,,"PeeringDB, peeringdb.com/api"
11566,Datacenter Breda,Breda,NL,Europe,0,0,0,51.593391,4.803511,"PeeringDB, peeringdb.com/api"
11568,Civicos Networking DCARRECIFE,Arrecife,ES,Europe,1,0,0,28.963987,-13.550746,"PeeringDB, peeringdb.com/api"
11571,Rechenzentrum Luttum,Kirchlinteln,DE,Europe,2,0,0,52.909553,9.306143,"PeeringDB, peeringdb.com/api"
11595,NTT Jakarta 3 Data Center (JKT3),Jakarta,ID,Asia Pacific,13,2,0,,,"PeeringDB, peeringdb.com/api"
11598,Virtix Data Center,Ouagadougou,BF,Africa,4,1,0,12.315818,-1.498477,"PeeringDB, peeringdb.com/api"
11606,Data Cloud Technology DC Kragujevac,Kragujevac,RS,Europe,2,1,0,44.014742,20.923171,"PeeringDB, peeringdb.com/api"
11607,Telesmart DC Skopje,Skopje,MK,Europe,2,1,0,41.995087,21.474948,"PeeringDB, peeringdb.com/api"
11609,Elea SPO1 - São Paulo,São Paulo,BR,South America,15,2,2,-23.653242,-46.725456,"PeeringDB, peeringdb.com/api"
11610,Elea BSB2 - Brasília,Brasília,BR,South America,35,1,2,-15.789087,-47.910974,"PeeringDB, peeringdb.com/api"
11611,Elea BSB1 - Brasília,Brasília,BR,South America,11,1,1,-15.788525,-47.885663,"PeeringDB, peeringdb.com/api"
11612,Elea POA1 - Porto Alegre,Porto Alegre,BR,South America,10,2,2,-30.034458,-51.1911,"PeeringDB, peeringdb.com/api"
11613,Elea CTA1 - Curitiba,Curitiba,BR,South America,8,1,1,-25.424768,-49.281141,"PeeringDB, peeringdb.com/api"
11630,Cologix MTL9,Drummondville,CA,North America,1,0,0,45.879297,-72.546059,"PeeringDB, peeringdb.com/api"
11631,Cologix MTL10,Longueuil,CA,North America,2,0,0,45.565528,-73.47536,"PeeringDB, peeringdb.com/api"
11632,Cologix MTL11,Montreal,CA,North America,18,0,3,45.498905,-73.564564,"PeeringDB, peeringdb.com/api"
11633,Cologix SV1,Santa Clara,US,North America,8,1,1,37.365431,-121.961738,"PeeringDB, peeringdb.com/api"
11634,STT Davao (Formerly DV1),Davao,PH,Asia Pacific,7,2,1,7.056101,125.546787,"PeeringDB, peeringdb.com/api"
11646,PIX ATI,Palmas,BR,South America,3,1,0,-10.182018,-48.340503,"PeeringDB, peeringdb.com/api"
11647,PIX TMK NET,Palmas,BR,South America,1,1,0,-10.21677,-48.334105,"PeeringDB, peeringdb.com/api"
11648,Raxio  UG1  Kampala  Uganda,Kampala,UG,Africa,10,1,0,0.358071,32.694135,"PeeringDB, peeringdb.com/api"
11649,Cologix TOR3,Toronto,CA,North America,3,1,0,43.641667,-79.412275,"PeeringDB, peeringdb.com/api"
11650,Cologix VAN4,Vancouver,CA,North America,3,1,1,49.283527,-123.108702,"PeeringDB, peeringdb.com/api"
11651,Cologix ASH1,Ashburn,US,North America,0,0,0,39.019135,-77.457738,"PeeringDB, peeringdb.com/api"
11653,PIX Emgetis,Aracaju,BR,South America,0,1,0,-10.944059,-37.068584,"PeeringDB, peeringdb.com/api"
11654,PIX Prodepa,Belém,BR,South America,2,1,0,-1.316392,-48.453077,"PeeringDB, peeringdb.com/api"
11657,PIX Prodabel,Belo Horizonte,BR,South America,0,1,0,-19.919973,-43.937308,"PeeringDB, peeringdb.com/api"
11658,PIX Vogel Telecom BH,Belo Horizonte,BR,South America,1,1,0,-19.942111,-43.923669,"PeeringDB, peeringdb.com/api"
11659,Africa Data Centres  Lagos LOS1  Nigeria,Lagos,NG,Africa,11,1,0,6.410497,3.415752,"PeeringDB, peeringdb.com/api"
11661,PIX Telebrás,Brasília,BR,South America,0,1,0,-15.8029,-47.957295,"PeeringDB, peeringdb.com/api"
11662,PIX Serpro,Brasília,BR,South America,4,1,0,-15.783974,-47.869808,"PeeringDB, peeringdb.com/api"
11663,PIX G8 Brasília,Brasília,BR,South America,16,1,0,-15.708703,-47.914375,"PeeringDB, peeringdb.com/api"
11664,Eletronet - Brasília,Brasília,BR,South America,5,1,0,-15.797577,-47.947875,"PeeringDB, peeringdb.com/api"
11665,PIX IMA,Campinas,BR,South America,1,1,0,-22.900974,-47.057459,"PeeringDB, peeringdb.com/api"
11666,PIX Unicamp,Campinas,BR,South America,0,1,0,-22.817439,-47.062779,"PeeringDB, peeringdb.com/api"
11667,PIX Unioeste,Cascavel,BR,South America,1,1,0,-24.987764,-53.45063,"PeeringDB, peeringdb.com/api"
11668,PIX Dipelnet,Cascavel,BR,South America,1,1,0,-24.94549,-53.444846,"PeeringDB, peeringdb.com/api"
11669,BR.Digital Caxias do Sul (CSL1),Caxias Do Sul,BR,South America,3,1,1,-29.168144,-51.183052,"PeeringDB, peeringdb.com/api"
11671,Peak Internet,Corvallis,US,North America,0,0,0,44.559445,-123.275141,"PeeringDB, peeringdb.com/api"
11675,nLighten Berlin BER1,Kleinmachnow,DE,Europe,3,0,1,52.408645,13.186844,"PeeringDB, peeringdb.com/api"
11676,EXA Datacenter Bracknell,Bracknell,GB,Europe,0,0,1,51.413006,-0.765381,"PeeringDB, peeringdb.com/api"
11678,nLighten London STN1,Hoddesdon,GB,Europe,9,0,2,51.759766,-0.002959,"PeeringDB, peeringdb.com/api"
11681,PIX Nova Fibra,Curitiba,BR,South America,1,1,0,-25.417061,-49.257395,"PeeringDB, peeringdb.com/api"
11682,PIX Celepar,Curitiba,BR,South America,1,1,0,-25.413608,-49.272183,"PeeringDB, peeringdb.com/api"
11683,Ascenty SCL02 - Santiago,Santiago,CL,South America,33,3,3,-33.337316,-70.704955,"PeeringDB, peeringdb.com/api"
11684,Ascenty QRO01 - Querétaro,Queretaro,MX,North America,13,0,2,20.593235,-100.164375,"PeeringDB, peeringdb.com/api"
11685,Ascenty QRO02 - Querétaro,Queretaro,MX,North America,10,0,2,20.587478,-100.418636,"PeeringDB, peeringdb.com/api"
11686,Ascenty HTL04 - Hortolândia,Hortolandia,BR,South America,1,0,1,-22.896309,-47.178493,"PeeringDB, peeringdb.com/api"
11687,Ascenty HTL05 - Hortolândia,Hortolandia,BR,South America,1,0,1,-22.896309,-47.178493,"PeeringDB, peeringdb.com/api"
11688,PIX CIASC,Florianópolis,BR,South America,2,1,0,-27.587402,-48.499814,"PeeringDB, peeringdb.com/api"
11689,PIX IFSC-SJ,São José,BR,South America,0,1,0,-27.608476,-48.633269,"PeeringDB, peeringdb.com/api"
11690,Cirion Fortaleza,Fortaleza,BR,South America,22,1,3,-3.741857,-38.453857,"PeeringDB, peeringdb.com/api"
11691,PIX Telgo Telecom,Goiânia,BR,South America,2,1,0,-16.714439,-49.26442,"PeeringDB, peeringdb.com/api"
11692,PIX UEL,Londrina,BR,South America,2,1,0,-23.326811,-51.203821,"PeeringDB, peeringdb.com/api"
11693,PIX Univates,Lajeado,BR,South America,2,1,0,-29.44453,-51.954833,"PeeringDB, peeringdb.com/api"
11694,Ridgeview Minnetonka,Minnetonka,US,North America,16,1,6,44.97197,-93.436798,"PeeringDB, peeringdb.com/api"
11697,Talejas iela 1,Riga,LV,Europe,2,1,0,56.991349,24.170101,"PeeringDB, peeringdb.com/api"
11698,PIX Prodam,Manaus,BR,South America,2,1,0,-3.120493,-60.014328,"PeeringDB, peeringdb.com/api"
11699,PIX Eyes Nwhere,Manaus,BR,South America,3,1,0,-3.089192,-60.008626,"PeeringDB, peeringdb.com/api"
11702,PIX NexFibra,Porto Alegre,BR,South America,0,0,0,-30.02912,-51.208078,"PeeringDB, peeringdb.com/api"
11705,PIX Renovare,Porto Alegre,BR,South America,1,1,0,-30.023646,-51.184129,"PeeringDB, peeringdb.com/api"
11707,PIX Embratel RJ,Rio de Janeiro,BR,South America,1,1,0,-22.900642,-43.188142,"PeeringDB, peeringdb.com/api"
11709,AsiaSat,Tai Po Industrial Estate,HK,Asia Pacific,3,0,0,22.453243,114.18973,"PeeringDB, peeringdb.com/api"
11712,PIX UFSM,Santa Maria,BR,South America,0,1,0,-29.721549,-53.718371,"PeeringDB, peeringdb.com/api"
11717,PIX USP,São Paulo,BR,South America,0,1,0,-23.56174,-46.721256,"PeeringDB, peeringdb.com/api"
11718,PIX ALGAR-PIAF,São Paulo,BR,South America,6,1,0,-23.599544,-46.677678,"PeeringDB, peeringdb.com/api"
11719,PIX ALGAR-CENESP,São Paulo,BR,South America,3,1,0,-23.648726,-46.728887,"PeeringDB, peeringdb.com/api"
11720,GDS Beijing,Beijing,CN,Asia Pacific,2,0,0,39.907314,116.651726,"PeeringDB, peeringdb.com/api"
11721,PIX Locaweb,São Paulo,BR,South America,4,2,0,,,"PeeringDB, peeringdb.com/api"
11722,GDS Shanghai,Shanghai,CN,Asia Pacific,9,0,0,,,"PeeringDB, peeringdb.com/api"
11723,PIX Tim,São Paulo,BR,South America,0,1,0,-23.632891,-46.712391,"PeeringDB, peeringdb.com/api"
11725,PIX Telefonica-JD,São Paulo,BR,South America,0,1,0,-23.59912,-46.685078,"PeeringDB, peeringdb.com/api"
11728,PIX Vero,São Paulo,BR,South America,0,1,0,-23.574408,-46.689351,"PeeringDB, peeringdb.com/api"
11729,PIX Embratel SP,São Paulo,BR,South America,3,1,0,-23.563686,-46.646687,"PeeringDB, peeringdb.com/api"
11730,PIX Samm Itaim,São Paulo,BR,South America,3,1,0,-23.592622,-46.690693,"PeeringDB, peeringdb.com/api"
11731,PIX Prodest,Vitória,BR,South America,5,1,0,-20.313323,-40.296617,"PeeringDB, peeringdb.com/api"
11732,PIX Dinâmica,Vitória,BR,South America,4,1,0,-20.311241,-40.308272,"PeeringDB, peeringdb.com/api"
11733,EdgeConneX Barcelona (EDCBCN01),Sant Boi de Llobregat,ES,Europe,1,1,1,41.324942,2.032896,"PeeringDB, peeringdb.com/api"
11734,EdgeConneX Tel Aviv (EDCTLV01),Herzliya,IL,Middle East,2,0,0,32.052681,34.770992,"PeeringDB, peeringdb.com/api"
11737,ISIS-COM Datacenter Szombathely,Szombathely,HU,Europe,0,0,0,47.229308,16.622134,"PeeringDB, peeringdb.com/api"
11742,713 Nebraska,Sioux City,US,North America,6,0,1,42.498104,-96.403951,"PeeringDB, peeringdb.com/api"
11745,Sudatel DC Khartoum,Khartoum,SD,Africa,0,0,0,15.583466,32.519703,"PeeringDB, peeringdb.com/api"
11749,Digicel Antigua and Barbuda,Antigua,AG,North America,0,0,0,,,"PeeringDB, peeringdb.com/api"
11752,DSP DC1,Noumea,NC,,2,1,0,-22.247677,166.469873,"PeeringDB, peeringdb.com/api"
11756,Triara Queretaro,Santiago de Querétaro,MX,North America,7,0,2,20.611308,-100.393176,"PeeringDB, peeringdb.com/api"
11760,Celeste Fil d’Ariane,Albi,FR,Europe,1,0,1,43.91945,2.182741,"PeeringDB, peeringdb.com/api"
11762,Equinix DA11 - Dallas,Dallas,US,North America,54,3,4,32.801347,-96.821074,"PeeringDB, peeringdb.com/api"
11764,WhiteHat 3,Rotunda,RO,Europe,0,1,1,46.291668,26.799279,"PeeringDB, peeringdb.com/api"
11766,NIXI Dehradun,Dehradun,IN,Asia Pacific,2,0,0,30.32434,78.050387,"PeeringDB, peeringdb.com/api"
11768,NIXI Kanpur,Kanpur,IN,Asia Pacific,3,0,0,26.49773,80.277952,"PeeringDB, peeringdb.com/api"
11769,NIXI Lucknow,Lucknow,IN,Asia Pacific,3,0,0,26.867327,81.012758,"PeeringDB, peeringdb.com/api"
11770,ScaleUp Datacenter BER03,Berlin,DE,Europe,1,0,0,52.513685,13.61756,"PeeringDB, peeringdb.com/api"
11772,Triara Monterey,Apodaca,MX,North America,1,0,1,25.78403,-100.180309,"PeeringDB, peeringdb.com/api"
11773,Triara Mexico City,Azcapotzalco,MX,North America,3,0,0,19.471652,-99.19103,"PeeringDB, peeringdb.com/api"
11774,Triara Guadalajara,Guadalajara,MX,North America,1,0,0,,,"PeeringDB, peeringdb.com/api"
11775,Triara Cancun,Benito Juárez,MX,North America,0,0,0,21.161462,-86.829525,"PeeringDB, peeringdb.com/api"
11780,Thésée Datacenter,Aubergenville,FR,Europe,2,0,1,,,"PeeringDB, peeringdb.com/api"
11784,EdgeConneX Santiago (EDCSCL01),Santiago,CL,South America,7,1,2,-33.297395,-70.701603,"PeeringDB, peeringdb.com/api"
11785,EdgeConneX Santiago (EDCSCL02),Santiago,CL,South America,2,0,0,-33.297395,-70.701603,"PeeringDB, peeringdb.com/api"
11786,EdgeConneX New Orleans (EDCSLI01),Slidell,US,North America,0,0,0,30.287098,-89.737403,"PeeringDB, peeringdb.com/api"
11787,PKIX Lahore,Lahore,PK,Asia Pacific,3,1,0,31.475643,74.342492,"PeeringDB, peeringdb.com/api"
11789,Chorus Hastings Exchange (HBN),Hastings,NZ,Asia Pacific,4,0,0,-39.638496,176.845461,"PeeringDB, peeringdb.com/api"
11791,Sudatel DC SAS1 Port Sudan,Port Sudan,SD,Africa,2,0,0,19.650786,37.204261,"PeeringDB, peeringdb.com/api"
11792,EXA Edge DC Bonn,Bonn,DE,Europe,0,0,1,50.741369,7.069673,"PeeringDB, peeringdb.com/api"
11793,EXA Edge DC Bremen,Bremen,DE,Europe,1,1,2,53.076886,8.773821,"PeeringDB, peeringdb.com/api"
11794,EXA Edge DC Barleben,Barleben,DE,Europe,0,0,1,52.193602,11.605514,"PeeringDB, peeringdb.com/api"
11795,nLighten Cologne CGN1,Hürth,DE,Europe,5,0,1,50.88612,6.91235,"PeeringDB, peeringdb.com/api"
11797,EXA Edge DC Hilden,Hilden,DE,Europe,0,0,2,51.169756,6.918782,"PeeringDB, peeringdb.com/api"
11798,nLighten Dusseldorf DUS1,Hilden,DE,Europe,0,0,1,51.170252,6.918783,"PeeringDB, peeringdb.com/api"
11799,EXA Edge DC Eschenfelden,Hirschbach,DE,Europe,0,0,1,49.583757,11.614458,"PeeringDB, peeringdb.com/api"
11800,EXA Edge DC Essen,Gladbeck,DE,Europe,0,0,1,51.567254,6.965412,"PeeringDB, peeringdb.com/api"
11801,nLighten Frankfurt FRA1,Eschborn,DE,Europe,12,0,4,50.14418,8.55744,"PeeringDB, peeringdb.com/api"
11802,EXA Edge DC Frankfurt1,Frankfurt,DE,Europe,1,0,3,50.118678,8.736356,"PeeringDB, peeringdb.com/api"
11803,EXA Edge DC Hannover,Hannover,DE,Europe,0,0,1,52.406419,9.825735,"PeeringDB, peeringdb.com/api"
11804,nLighten Hanover HAJ1,Hannover,DE,Europe,1,0,1,52.405196,9.734035,"PeeringDB, peeringdb.com/api"
11805,nLighten Hamburg HAM1,Hamburg,DE,Europe,2,0,2,53.453723,10.005829,"PeeringDB, peeringdb.com/api"
11806,EXA Edge DC Hamburg,Hamburg,DE,Europe,2,0,2,53.550942,10.046399,"PeeringDB, peeringdb.com/api"
11807,EXA Edge DC Kehl,Kehl,DE,Europe,0,0,1,48.57838,7.804854,"PeeringDB, peeringdb.com/api"
11808,nLighten Leipzig LEJ1,Schkeuditz,DE,Europe,0,0,1,51.3528,12.205,"PeeringDB, peeringdb.com/api"
11809,EXA Edge DC Garching,Garching bei München,DE,Europe,1,0,1,48.255577,11.612221,"PeeringDB, peeringdb.com/api"
11810,nLighten Munich MUC1,Garching bei München,DE,Europe,1,0,2,48.255081,11.611552,"PeeringDB, peeringdb.com/api"
11811,nLighten Nuremberg NUE1,Nuremberg,DE,Europe,4,1,2,49.454129,11.014413,"PeeringDB, peeringdb.com/api"
11812,EXA Edge DC Stuttgart,Stuttgart,DE,Europe,2,0,2,48.72525,9.116589,"PeeringDB, peeringdb.com/api"
11813,nLighten Stuttgart STR1,Stuttgart,DE,Europe,2,0,3,48.721428,9.128587,"PeeringDB, peeringdb.com/api"
11814,EXA Edge DC Velten,Velten,DE,Europe,0,0,1,52.665726,13.210332,"PeeringDB, peeringdb.com/api"
11817,EXA Edge DC Graz,Graz,AT,Europe,1,0,1,47.043339,15.465817,"PeeringDB, peeringdb.com/api"
11818,EXA Edge DC Salzburg,Salzburg,AT,Europe,3,0,1,47.822732,13.040322,"PeeringDB, peeringdb.com/api"
11819,EXA Edge DC Wien,Vienna,AT,Europe,2,0,1,48.137352,16.308034,"PeeringDB, peeringdb.com/api"
11820,EXA Edge DC Antwerp,Antwerp,BE,Europe,0,0,1,51.329571,4.344629,"PeeringDB, peeringdb.com/api"
11821,EXA Edge DC Bruges,Zedelgem,BE,Europe,0,0,1,51.122502,3.168293,"PeeringDB, peeringdb.com/api"
11822,EXA Edge DC Zaventem,Zaventem,BE,Europe,2,0,1,50.875627,4.488287,"PeeringDB, peeringdb.com/api"
11823,EXA Edge DC Liege,Liege,BE,Europe,0,0,1,50.690208,5.620842,"PeeringDB, peeringdb.com/api"
11824,Digicel Trinidad and Tobago,Port of Spain,TT,North America,0,0,0,10.665817,-61.519817,"PeeringDB, peeringdb.com/api"
11836,BT-BLUE Datacenter 1,Châteaubourg,FR,Europe,1,0,0,,,"PeeringDB, peeringdb.com/api"
11837,EDGE1 (EG1) - Digital Edge JKT1 - Jakarta,Jakarta Selatan,ID,Asia Pacific,91,8,2,-6.239071,106.824549,"PeeringDB, peeringdb.com/api"
11838,CENTRA PWM1 - Portland  Maine (340 Cumberland),Portland,US,North America,7,1,0,43.6578,-70.261218,"PeeringDB, peeringdb.com/api"
11839,MTN Centre Kigali,Kigali,RW,Africa,0,0,0,-1.940686,30.10344,"PeeringDB, peeringdb.com/api"
11840,Equinix FR8 - Frankfurt  West,Frankfurt,DE,Europe,43,6,7,50.097357,8.58628,"PeeringDB, peeringdb.com/api"
11841,Atha Media Prima DC Tifa,Jakarta Selatan,ID,Asia Pacific,0,1,0,-6.235005,106.820428,"PeeringDB, peeringdb.com/api"
11842,neuCentrIX - Pekanbaru,Pekanbaru,ID,Asia Pacific,30,3,0,0.524983,101.448132,"PeeringDB, peeringdb.com/api"
11849,BDIX Main Node - Panthapath,Dhaka,BD,Asia Pacific,18,1,0,23.751135,90.386276,"PeeringDB, peeringdb.com/api"
11851,Equinix PE2/PE3 - Perth,Shenton Park,AU,Australia,42,4,4,-31.955087,115.796417,"PeeringDB, peeringdb.com/api"
11857,EXA Edge DC Sequedin,Sequedin,FR,Europe,1,0,1,50.626504,2.99512,"PeeringDB, peeringdb.com/api"
11858,EXA Edge DC Nice,Nice,FR,Europe,3,0,4,43.710239,7.193273,"PeeringDB, peeringdb.com/api"
11859,EXA Edge DC Nancy,Nancy,FR,Europe,1,0,1,48.709942,6.169665,"PeeringDB, peeringdb.com/api"
11865,Templus DC Leeds LEE01,Leeds,GB,Europe,2,0,0,53.779555,-1.583439,"PeeringDB, peeringdb.com/api"
11867,Sungard AS Thornton,Thornton,US,North America,1,0,0,39.847081,-104.979182,"PeeringDB, peeringdb.com/api"
11878,Interactive Melbourne,Port Melbourne,AU,Australia,5,1,2,-37.832704,144.935552,"PeeringDB, peeringdb.com/api"
11879,Yöncü Bilişim Çözümleri,Ümraniye,TR,Middle East,0,0,0,41.008792,29.155244,"PeeringDB, peeringdb.com/api"
11887,Orion Telekom Data Center,Belgrade,RS,Europe,3,1,0,44.86075,20.35375,"PeeringDB, peeringdb.com/api"
11891,EXA Edge DC Poitiers,Poitiers,FR,Europe,1,0,1,46.589714,0.390267,"PeeringDB, peeringdb.com/api"
11892,EXA Edge DC Strasbourg,Strasbourg,FR,Europe,1,0,2,48.59329,7.795073,"PeeringDB, peeringdb.com/api"
11893,EXA Edge DC Toulouse,Toulouse,FR,Europe,0,0,2,43.640861,1.428143,"PeeringDB, peeringdb.com/api"
11894,EXA Edge DC Vauchelles,Vauchelles,FR,Europe,0,0,1,49.592339,2.980772,"PeeringDB, peeringdb.com/api"
11895,EXA Edge DC Willerval,Willerval,FR,Europe,0,0,1,50.377711,2.852547,"PeeringDB, peeringdb.com/api"
11896,EXA Edge DC Ychoux,Ychoux,FR,Europe,0,0,1,44.331877,-0.947918,"PeeringDB, peeringdb.com/api"
11899,Angel House,Durham,GB,Europe,2,0,0,,,"PeeringDB, peeringdb.com/api"
11902,MLS Noumea,Noumea,NC,Asia Pacific,0,0,0,-22.270301,166.461754,"PeeringDB, peeringdb.com/api"
11903,MDC Nogales,Nogales,US,North America,3,0,0,31.334862,-110.943701,"PeeringDB, peeringdb.com/api"
11905,DCstar Datacenter Oostkamp DCO,Oostkamp,BE,Europe,7,0,1,51.16641,3.234204,"PeeringDB, peeringdb.com/api"
11906,DCstar Datacenter Burcht DCB,Zwijndrecht,BE,Europe,2,0,1,51.210985,4.34575,"PeeringDB, peeringdb.com/api"
11908,ZTN Gujranwala,Gujranwala,PK,Asia Pacific,0,0,0,32.135618,74.209846,"PeeringDB, peeringdb.com/api"
11910,XLSmart Pekanbaru (PNB),Pekanbaru,ID,Asia Pacific,2,0,0,0.471722,101.394646,"PeeringDB, peeringdb.com/api"
11926,MEASAT DC Cyberjaya,Cyberjaya,MY,Asia Pacific,0,0,0,2.935558,101.65836,"PeeringDB, peeringdb.com/api"
11927,T5@SiliconValley,Newark,US,North America,0,0,1,37.510156,-122.001869,"PeeringDB, peeringdb.com/api"
11928,T5@Portland,Hillsboro,US,North America,1,0,0,45.555659,-122.938245,"PeeringDB, peeringdb.com/api"
11929,T5@Charlotte,Kings Mountain,US,North America,0,0,0,35.250449,-81.395098,"PeeringDB, peeringdb.com/api"
11930,T5@Atlanta,Lithia Springs,US,North America,0,0,0,33.763445,-84.604971,"PeeringDB, peeringdb.com/api"
11931,T5@Augusta,Augusta,US,North America,0,0,0,33.438755,-82.157946,"PeeringDB, peeringdb.com/api"
11932,T5@Colorado Springs,Colorado Springs,US,North America,0,0,0,38.785862,-104.788567,"PeeringDB, peeringdb.com/api"
11942,Dtech Online Dhaka,Dhaka,BD,Asia Pacific,0,0,0,23.76227,90.430422,"PeeringDB, peeringdb.com/api"
11952,DC Host Sheridan,Sheridan,US,North America,0,0,0,44.784169,-106.940957,"PeeringDB, peeringdb.com/api"
11953,EXA Edge DC Rotterdam,Rotterdam,NL,Europe,1,0,1,51.930252,4.414322,"PeeringDB, peeringdb.com/api"
11954,EXA Edge DC Utrecht,Soesterberg,NL,Europe,0,0,1,52.123373,5.277846,"PeeringDB, peeringdb.com/api"
11955,EXA Edge DC Basauri,Basauri,ES,Europe,0,0,1,43.229184,-2.881757,"PeeringDB, peeringdb.com/api"
11956,EXA Edge DC Hereña,Hereña,ES,Europe,0,0,1,,,"PeeringDB, peeringdb.com/api"
11968,EXA Edge DC Valencia,Valencia,ES,Europe,0,0,1,39.473433,-0.536672,"PeeringDB, peeringdb.com/api"
11969,EXA Datacenter London (Citi),London,GB,Europe,0,0,1,51.504002,-0.017775,"PeeringDB, peeringdb.com/api"
11970,EXA Datacenter London (GS2 London East),London,GB,Europe,1,0,1,51.510985,-0.003494,"PeeringDB, peeringdb.com/api"
11971,EXA Datacenter New York,New York,US,North America,3,0,1,40.717729,-74.008306,"PeeringDB, peeringdb.com/api"
11972,EXA Datacenter Toronto,Toronto,CA,North America,3,0,1,43.644825,-79.388891,"PeeringDB, peeringdb.com/api"
11973,nLighten Zurich ZRH1,Zurich,CH,Europe,4,0,1,47.38774,8.520195,"PeeringDB, peeringdb.com/api"
11974,KM-IX.net,Khmelnitskiy,UA,Europe,3,1,0,49.441563,26.996475,"PeeringDB, peeringdb.com/api"
11976,EXA Edge DC Villars-Sainte-Croix,Villars-Ste-Croix,CH,Europe,0,0,1,46.56145,6.563731,"PeeringDB, peeringdb.com/api"
11977,EXA Edge DC Peterborough,Peterborough,GB,Europe,0,0,1,52.553511,-0.265878,"PeeringDB, peeringdb.com/api"
11978,EXA Edge DC Wherstead,Wherstead,GB,Europe,0,0,1,52.019447,1.142731,"PeeringDB, peeringdb.com/api"
11979,EXA Edge DC Wickford,Wickford,GB,Europe,0,0,1,51.656531,0.534204,"PeeringDB, peeringdb.com/api"
11980,NTT Sonezaki Data Center(Dojima Campus),Osaka-Shi Kita-Ku,JP,Asia Pacific,19,4,4,34.698572,135.503219,"PeeringDB, peeringdb.com/api"
11981,NTT Nipponbashi Data Center(Dojima Campus),Osaka,JP,Asia Pacific,1,0,1,34.657692,135.506073,"PeeringDB, peeringdb.com/api"
11982,NTT Kitahama Data Center(Dojima Campus),Osaka,JP,Asia Pacific,5,1,3,34.735793,135.513295,"PeeringDB, peeringdb.com/api"
11983,Namex Bari Datacenter,Bari,IT,Europe,28,1,1,41.109552,16.80333,"PeeringDB, peeringdb.com/api"
11985,Chorus Ashburton Exchange (AR),Ashburton District,NZ,Asia Pacific,2,0,0,-43.902696,171.750776,"PeeringDB, peeringdb.com/api"
11987,Chorus Blenheim Exchange (BM),Marlborough District,NZ,Asia Pacific,3,0,0,-41.513939,173.957511,"PeeringDB, peeringdb.com/api"
11988,Chorus Christchurch Exchange (CH),Christchurch,NZ,Asia Pacific,6,0,0,-43.5318,172.635152,"PeeringDB, peeringdb.com/api"
11989,Chorus Courtenay Place Exchange (CPC),Wellington,NZ,Asia Pacific,7,0,0,-41.294795,174.783078,"PeeringDB, peeringdb.com/api"
11990,Chorus Dunedin Exchange (DN),Dunedin City,NZ,Asia Pacific,6,0,0,-45.875975,170.501209,"PeeringDB, peeringdb.com/api"
11991,Chorus Feilding Exchange (FG),Manawatu District,NZ,Asia Pacific,1,0,0,-40.224085,175.569766,"PeeringDB, peeringdb.com/api"
11992,Chorus Forrest Hill Exchange (FOR),Auckland,NZ,Asia Pacific,4,0,0,-36.767575,174.748517,"PeeringDB, peeringdb.com/api"
11993,Chorus Frankton Exchange (FJN),Hamilton,NZ,Asia Pacific,1,0,0,-37.78679,175.262666,"PeeringDB, peeringdb.com/api"
11994,Chorus Gisborne Exchange (GS),Gisborne District,NZ,Asia Pacific,1,0,0,-38.668989,178.027194,"PeeringDB, peeringdb.com/api"
11995,Chorus Glenfield Exchange (GLF),Auckland,NZ,Asia Pacific,4,0,0,-36.778235,174.722213,"PeeringDB, peeringdb.com/api"
11996,Chorus Greymouth Exchange (GM),Grey District,NZ,Asia Pacific,1,0,0,-42.44935,171.210108,"PeeringDB, peeringdb.com/api"
11997,Chorus Hamilton Exchange (HN),Hamilton,NZ,Asia Pacific,6,0,0,-37.788922,175.281548,"PeeringDB, peeringdb.com/api"
11998,Chorus Invercargill Exchange (IN),Invercargill City,NZ,Asia Pacific,4,0,0,-46.412425,168.346565,"PeeringDB, peeringdb.com/api"
11999,Chorus Johnsonville Exchange (JV),Wellington,NZ,Asia Pacific,0,0,0,-41.22261,174.807714,"PeeringDB, peeringdb.com/api"
12000,Chorus Kensington Exchange (KNG),Whangarei District,NZ,Asia Pacific,1,0,0,-35.705395,174.320792,"PeeringDB, peeringdb.com/api"
12001,Chorus Levin Exchange (LVN),Horowhenua District,NZ,Asia Pacific,2,0,0,-40.618762,175.28863,"PeeringDB, peeringdb.com/api"
12002,Chorus Linwood Exchange (LIN),Christchurch,NZ,Asia Pacific,0,0,0,-43.532299,172.667796,"PeeringDB, peeringdb.com/api"
12003,Chorus Lynmore Exchange (LYE),Rotorua District,NZ,Asia Pacific,0,0,0,-38.138302,176.290974,"PeeringDB, peeringdb.com/api"
12004,Chorus Mangere Exchange (MRE),Manukau City,NZ,Asia Pacific,0,0,0,-36.969195,174.804831,"PeeringDB, peeringdb.com/api"
12005,Chorus Marewa Exchange (MAW),Napier City,NZ,Asia Pacific,0,0,0,-39.504553,176.89642,"PeeringDB, peeringdb.com/api"
12006,Chorus Massey Exchange (MSY),Waitakere City,NZ,Asia Pacific,0,0,0,-36.849838,174.609495,"PeeringDB, peeringdb.com/api"
12008,Chorus Mayoral Drive Exchange (MDR),Auckland,NZ,Asia Pacific,11,2,0,-36.854203,174.764026,"PeeringDB, peeringdb.com/api"
12010,Chorus Nelson Exchange (NN),Nelson City,NZ,Asia Pacific,3,0,0,-41.270924,173.283734,"PeeringDB, peeringdb.com/api"
12011,Chorus New Plymouth Exchange (NU),New Plymouth District,NZ,Asia Pacific,7,0,0,-39.060059,174.077258,"PeeringDB, peeringdb.com/api"
12012,Chorus North East Valley Exchange (NVY),Dunedin City,NZ,Asia Pacific,0,0,0,-45.853171,170.52232,"PeeringDB, peeringdb.com/api"
12013,Chorus Oamaru Exchange (OU),Waitaki District,NZ,Asia Pacific,2,0,0,-45.101117,170.968303,"PeeringDB, peeringdb.com/api"
12015,Chorus Palmerston North Exchange (PM),Palmerston North City,NZ,Asia Pacific,2,0,0,-40.35499,175.614508,"PeeringDB, peeringdb.com/api"
12016,Chorus Paraparaumu Exchange (PRM),Kapiti Coast District,NZ,Asia Pacific,1,0,0,-40.913217,175.003607,"PeeringDB, peeringdb.com/api"
12017,Chorus Ponsonby Exchange (POY),Auckland,NZ,Asia Pacific,2,0,0,-36.851974,174.744197,"PeeringDB, peeringdb.com/api"
12018,Chorus Porirua Exchange (PRO),Porirua City,NZ,Asia Pacific,0,0,0,-41.139074,174.849141,"PeeringDB, peeringdb.com/api"
12019,Chorus Queenstown Exchange (QST),Queenstown-Lakes District,NZ,Asia Pacific,2,0,0,-45.031994,168.662597,"PeeringDB, peeringdb.com/api"
12020,Chorus Rotorua Exchange (RO),Rotorua District,NZ,Asia Pacific,2,0,0,-38.137685,176.250375,"PeeringDB, peeringdb.com/api"
12021,Chorus South Dunedin Exchange (SOD),Dunedin City,NZ,Asia Pacific,5,0,0,-45.897505,170.501145,"PeeringDB, peeringdb.com/api"
12022,Chorus Spotswood Exchange (SWO),New Plymouth District,NZ,Asia Pacific,0,0,0,-39.072643,174.034179,"PeeringDB, peeringdb.com/api"
12023,Chorus Stoke Exchange (STK),Nelson City,NZ,Asia Pacific,0,0,0,-41.305144,173.241348,"PeeringDB, peeringdb.com/api"
12024,Chorus Taupo Exchange (TPO),Taupo District,NZ,Asia Pacific,2,0,0,-38.689327,176.087338,"PeeringDB, peeringdb.com/api"
12025,Chorus Tauranga Exchange (TG),Tauranga,NZ,Asia Pacific,7,0,0,-37.699476,176.158847,"PeeringDB, peeringdb.com/api"
12026,Chorus Timaru Exchange (TU),Timaru District,NZ,Asia Pacific,2,0,0,-44.396913,171.251926,"PeeringDB, peeringdb.com/api"
12027,Chorus Waikiwi Exchange (WKW),Invercargill City,NZ,Asia Pacific,0,0,0,-46.377549,168.347656,"PeeringDB, peeringdb.com/api"
12029,Chorus Whakatane Exchange (WHK),Whakatane District,NZ,Asia Pacific,2,0,0,-37.962111,176.982367,"PeeringDB, peeringdb.com/api"
12030,Chorus Whanganui Exchange (WG),Whanganui District,NZ,Asia Pacific,6,0,0,-39.932315,175.046678,"PeeringDB, peeringdb.com/api"
12031,Chorus Whangarei Exchange (WR),Whangarei District,NZ,Asia Pacific,0,0,0,-35.728277,174.317963,"PeeringDB, peeringdb.com/api"
12032,WIIT Datacenter MUC8,Haar,DE,Europe,3,0,2,48.109091,11.717528,"PeeringDB, peeringdb.com/api"
12033,TrAC CDC - B.Secure,Kigali,RW,Africa,0,0,0,-1.94445,30.089676,"PeeringDB, peeringdb.com/api"
12037,Scala Data Centers SGRUTB03,Barueri,BR,South America,0,0,1,-23.493166,-46.810793,"PeeringDB, peeringdb.com/api"
12038,Scala Data Centers SVCPCP01,Campinas,BR,South America,0,0,1,-22.820539,-47.100058,"PeeringDB, peeringdb.com/api"
12045,Telehouse - London (Docklands South),London,GB,Europe,40,4,8,51.507041,-0.00339,"PeeringDB, peeringdb.com/api"
12046,Signalhorn Leuk,Leuk Stadt,CH,Europe,0,0,0,46.318468,7.647301,"PeeringDB, peeringdb.com/api"
12048,IXP.ge Datacenter Kutaisi,Kutaisi,GE,Asia Pacific,2,1,1,,,"PeeringDB, peeringdb.com/api"
12049,Lumen Tulsa 1,Tulsa,US,North America,2,0,0,36.15682,-95.993421,"PeeringDB, peeringdb.com/api"
12062,UniNet Noom,Ratchathewi,TH,Asia Pacific,0,0,0,13.758947,100.53104,"PeeringDB, peeringdb.com/api"
12063,NTT Bangkok 1 Data Center (BKK1),Bangkok,TH,Asia Pacific,4,1,0,13.663254,100.651745,"PeeringDB, peeringdb.com/api"
12068,Foremost Dallas,Dallas,US,North America,0,0,0,32.933377,-96.808683,"PeeringDB, peeringdb.com/api"
12069,Foremost Corpus Christi,Corpus Christi,US,North America,0,0,1,27.795871,-97.397251,"PeeringDB, peeringdb.com/api"
12070,Foremost San Antonio,San Antonio,US,North America,0,0,0,29.42938,-98.487309,"PeeringDB, peeringdb.com/api"
12071,Foremost Harlingen,Harlingen,US,North America,0,0,0,26.192979,-97.690638,"PeeringDB, peeringdb.com/api"
12072,PIX Bemol,Manaus,BR,South America,0,1,0,-3.138094,-60.023892,"PeeringDB, peeringdb.com/api"
12091,Sanggar Ksatria Liema Building,Kota Bogor,ID,Asia Pacific,4,1,0,-6.61435,106.8144,"PeeringDB, peeringdb.com/api"
12092,SCBD Data Center,Jakarta,ID,Asia Pacific,5,0,1,-6.226511,106.809663,"PeeringDB, peeringdb.com/api"
12094,NEXTDC S3,Artarmon,AU,Australia,18,2,4,-33.819344,151.185033,"PeeringDB, peeringdb.com/api"
12095,NEXTDC SC1,Maroochydore,AU,Australia,7,0,1,-26.659779,153.093024,"PeeringDB, peeringdb.com/api"
12096,NEXTDC M3,West Footscray,AU,Australia,8,1,2,-37.803671,144.865473,"PeeringDB, peeringdb.com/api"
12097,Netlen Istanbul,Ataşehir,TR,Middle East,1,0,0,40.963101,29.111418,"PeeringDB, peeringdb.com/api"
12104,Myklnet Selangor,Selangor,MY,Asia Pacific,0,0,0,2.904116,101.651735,"PeeringDB, peeringdb.com/api"
12107,Spin Servers DAL1,Dallas,US,North America,1,0,0,32.783697,-96.79467,"PeeringDB, peeringdb.com/api"
12111,Armazém Datacenter - Joinville,Joinville,BR,South America,3,0,0,-26.240561,-48.882035,"PeeringDB, peeringdb.com/api"
12113,Armazém Datacenter - Brusque,Brusque,BR,South America,1,0,0,-27.107696,-48.918689,"PeeringDB, peeringdb.com/api"
12120,AUBix Auburn,Auburn,US,North America,12,1,1,32.601054,-85.513729,"PeeringDB, peeringdb.com/api"
12128,Cabase NQN,Neuquén,AR,South America,16,1,0,-38.952432,-68.099568,"PeeringDB, peeringdb.com/api"
12129,Cabase ROS,Rosario,AR,South America,11,1,0,-32.945365,-60.643041,"PeeringDB, peeringdb.com/api"
12130,Cabase BHB,Bahía Blanca,AR,South America,7,1,0,-38.693755,-62.275343,"PeeringDB, peeringdb.com/api"
12131,Cabase MZA,Mendoza,AR,South America,20,1,0,-32.883969,-68.845426,"PeeringDB, peeringdb.com/api"
12132,Cabase SFE,Santa Fe,AR,South America,3,1,0,-31.634623,-60.703588,"PeeringDB, peeringdb.com/api"
12133,Cabase DLC,Mar del Tuyú,AR,South America,10,1,1,,,"PeeringDB, peeringdb.com/api"
12134,Cabase COR,Córdoba,AR,South America,26,1,0,,,"PeeringDB, peeringdb.com/api"
12135,Cabase LPL,La Plata,AR,South America,16,1,1,-34.908034,-57.942618,"PeeringDB, peeringdb.com/api"
12136,Cabase MDQ,Mar del Plata,AR,South America,4,1,0,-37.997176,-57.546243,"PeeringDB, peeringdb.com/api"
12137,Cabase POS,Posadas,AR,South America,12,1,0,-27.434592,-55.887794,"PeeringDB, peeringdb.com/api"
12138,Cabase BRC,San Carlos de Bariloche,AR,South America,3,1,0,-41.124884,-71.24169,"PeeringDB, peeringdb.com/api"
12139,Cabase PMY,Puerto Madryn,AR,South America,6,1,0,-42.764453,-65.039215,"PeeringDB, peeringdb.com/api"
12140,Cabase SLU,San Luis,AR,South America,2,1,0,-33.291035,-66.341561,"PeeringDB, peeringdb.com/api"
12142,Cabase JUN,Junín,AR,South America,4,1,1,-34.585269,-60.949997,"PeeringDB, peeringdb.com/api"
12143,Cabase SZP,Sáenz Peña,AR,South America,4,1,1,-26.789357,-60.439673,"PeeringDB, peeringdb.com/api"
12144,Cabase JUJ,San Salvador de Jujuy,AR,South America,9,1,1,-24.179223,-65.324651,"PeeringDB, peeringdb.com/api"
12145,Cabase TDL,Tandil,AR,South America,4,1,0,-37.328708,-59.138734,"PeeringDB, peeringdb.com/api"
12146,Cabase RST,Resistencia,AR,South America,3,1,1,-27.464967,-58.982843,"PeeringDB, peeringdb.com/api"
12147,Cabase UAQ,San Juan,AR,South America,12,1,0,,,"PeeringDB, peeringdb.com/api"
12148,Cabase VDM,Viedma,AR,South America,2,1,0,-40.809048,-62.993928,"PeeringDB, peeringdb.com/api"
12149,Cabase SLT,Salta,AR,South America,3,1,0,-24.73996,-65.391845,"PeeringDB, peeringdb.com/api"
12150,Cabase RGL,Rio Gallegos,AR,South America,1,1,0,-51.622093,-69.251912,"PeeringDB, peeringdb.com/api"
12151,Cabase RCU,Río Cuarto,AR,South America,10,1,0,-32.625751,-64.481686,"PeeringDB, peeringdb.com/api"
12152,Cabase PER,Pergamino,AR,South America,2,1,0,-33.896871,-60.565484,"PeeringDB, peeringdb.com/api"
12153,Cabase NGB,Manuel Alberti,AR,South America,5,1,1,-34.447653,-58.794308,"PeeringDB, peeringdb.com/api"
12159,RagingWire HI1 - NTT,Hillsboro,US,North America,2,0,0,45.549514,-122.937479,"PeeringDB, peeringdb.com/api"
12160,RagingWire CH1 - NTT,Itasca,US,North America,2,1,0,41.988567,-88.01368,"PeeringDB, peeringdb.com/api"
12164,neuCentrIX - Batam,Batam,ID,Asia Pacific,21,2,0,1.130722,104.055194,"PeeringDB, peeringdb.com/api"
12167,Hermes Telecom DC,Antwerp,BE,Europe,4,0,0,51.264077,4.399495,"PeeringDB, peeringdb.com/api"
12168,Equinix AB1 - Abidjan,Grand Bassam,CI,Africa,10,0,1,5.230347,-3.757779,"PeeringDB, peeringdb.com/api"
12178,HKBN World Peace Centre,Kwai Chung,HK,Asia Pacific,6,0,0,22.36925,114.13152,"PeeringDB, peeringdb.com/api"
12184,HKBN Cable TV Tower Data Centre,Tsuen Wan,HK,Asia Pacific,6,0,0,22.372911,114.107419,"PeeringDB, peeringdb.com/api"
12189,Segra Kannapolis,Kannapolis,US,North America,1,0,0,35.504805,-80.62259,"PeeringDB, peeringdb.com/api"
12192,GIGAPOP,Maracaibo,VE,South America,0,0,0,10.722205,-71.651599,"PeeringDB, peeringdb.com/api"
12197,Ascenty HTL06 - Hortolândia,Hortolandia,BR,South America,1,0,1,-22.896447,-47.178489,"PeeringDB, peeringdb.com/api"
12199,IDCloudHost DC Bogor,Bogor,ID,Asia Pacific,3,1,0,-6.610119,106.811076,"PeeringDB, peeringdb.com/api"
12210,CENTRA CMH01 - Columbus Ohio (180 E Broad),Columbus,US,North America,0,1,0,39.963183,-82.995994,"PeeringDB, peeringdb.com/api"
12212,BluegrassNet Louisville,Louisville,US,North America,0,0,0,38.241182,-85.74932,"PeeringDB, peeringdb.com/api"
12214,PIX Rivernet,Manaus,BR,South America,2,1,0,-3.115364,-60.01181,"PeeringDB, peeringdb.com/api"
12220,Venezia_A,Venice,IT,Europe,1,0,0,,,"PeeringDB, peeringdb.com/api"
12221,Cloud Innovation Poole Data Center,Poole,GB,Europe,1,0,0,,,"PeeringDB, peeringdb.com/api"
12225,Pulse Data Center,Wellcamp,AU,Australia,6,1,1,-27.537233,151.841681,"PeeringDB, peeringdb.com/api"
12226,GDC Tallinn DC-1,Saue vald,EE,Europe,9,1,0,59.386898,24.561308,"PeeringDB, peeringdb.com/api"
12227,TWT Datacenter,Milan,IT,Europe,1,0,0,45.496931,9.179945,"PeeringDB, peeringdb.com/api"
12232,DCA | Pier DC Tier III,Perth,AU,Australia,5,1,0,-32.059655,115.916069,"PeeringDB, peeringdb.com/api"
12233,Datasur,Paramaribo,SR,South America,0,0,0,5.748215,-55.284453,"PeeringDB, peeringdb.com/api"
12234,ark data centers - Boise  ID,Boise,US,North America,9,1,1,43.579984,-116.290797,"PeeringDB, peeringdb.com/api"
12235,ark data centers - Cleveland  OH,Independence,US,North America,2,0,1,41.361157,-81.632535,"PeeringDB, peeringdb.com/api"
12236,421 N 6th Ave East,Duluth,US,North America,2,0,0,46.795743,-92.096014,"PeeringDB, peeringdb.com/api"
12237,ark data centers - Canton OH,Canton,US,North America,4,0,1,40.832529,-81.431933,"PeeringDB, peeringdb.com/api"
12238,ark data centers - Youngstown  OH,Youngstown,US,North America,3,0,0,41.11832,-80.657012,"PeeringDB, peeringdb.com/api"
12239,ark data centers - Pittsburgh  PA,Freeport,US,North America,3,0,0,40.752216,-79.637268,"PeeringDB, peeringdb.com/api"
12251,Jinom DC,Gianyar,ID,Asia Pacific,2,1,0,-8.640168,115.275916,"PeeringDB, peeringdb.com/api"
12252,Paratus Vanguard,Lusaka,ZM,Africa,1,0,0,-15.407677,28.293612,"PeeringDB, peeringdb.com/api"
12253,Paratus ITA-DC2,Luanda,AO,Africa,4,1,0,-8.958489,13.197341,"PeeringDB, peeringdb.com/api"
12260,Khazna Data Centers Apollo (1 - 6),Zayed Military City,AE,Middle East,0,0,0,24.432188,54.812336,"PeeringDB, peeringdb.com/api"
12262,Khazna Data Center - AUH 6,Masdar City,AE,Middle East,0,0,0,24.421066,54.622979,"PeeringDB, peeringdb.com/api"
12265,Khazna Data Centers - IRIS (1-7),Kizad,AE,Middle East,0,0,0,24.711825,54.876143,"PeeringDB, peeringdb.com/api"
12266,NTT Berlin 2 Data Center (BER2),Berlin,DE,Europe,11,1,4,52.440344,13.370207,"PeeringDB, peeringdb.com/api"
12267,Scala Data Centers SGRUTB04,Barueri,BR,South America,0,0,0,-23.498104,-46.81614,"PeeringDB, peeringdb.com/api"
12272,VITRO Clark,Mabalacat,PH,Asia Pacific,4,0,0,15.177996,120.520481,"PeeringDB, peeringdb.com/api"
12284,ETIX Bangkok #1,Bangkok,TH,Asia Pacific,11,3,0,13.609313,100.778057,"PeeringDB, peeringdb.com/api"
12288,ViaData Toren,Tjerkgaast,NL,Europe,1,0,0,52.909137,5.698611,"PeeringDB, peeringdb.com/api"
12289,RPBG Connectivity,Paramaribo,SR,South America,0,0,0,5.828828,-55.156274,"PeeringDB, peeringdb.com/api"
12295,BASIS DC Kolkata,Kolkata,IN,Asia Pacific,4,1,0,22.569577,88.436278,"PeeringDB, peeringdb.com/api"
12297,TNG DataCentre Kiel - Wik,Kiel,DE,Europe,1,0,0,54.363564,10.133804,"PeeringDB, peeringdb.com/api"
12302,US Signal MN01 - Minneapolis,Eden Prairie,US,North America,5,0,1,44.877094,-93.407686,"PeeringDB, peeringdb.com/api"
12303,US Signal WI02 - Madison,Fitchburg,US,North America,3,0,1,42.994734,-89.423602,"PeeringDB, peeringdb.com/api"
12304,US Signal IA01 - Des Moines,Waukee,US,North America,2,0,0,41.620242,-93.853996,"PeeringDB, peeringdb.com/api"
12305,US Signal CO01 - Denver,Englewood,US,North America,2,0,0,39.559076,-104.833542,"PeeringDB, peeringdb.com/api"
12306,US Signal OR01 - Bend,Bend,US,North America,5,0,0,44.086238,-121.282971,"PeeringDB, peeringdb.com/api"
12307,US Signal AZ01 - Phoenix,Gilbert,US,North America,3,0,1,33.355173,-111.826816,"PeeringDB, peeringdb.com/api"
12309,Equinix MA5 - Manchester,Swinton,GB,Europe,18,2,1,53.504022,-2.296669,"PeeringDB, peeringdb.com/api"
12314,ETIX Nantes #1,Saint-Herblain,FR,Europe,22,1,5,47.231464,-1.631011,"PeeringDB, peeringdb.com/api"
12315,ETIX Nantes #2,Carquefou,FR,Europe,12,0,4,47.277391,-1.469806,"PeeringDB, peeringdb.com/api"
12316,ETIX Nantes #3,Couëron,FR,Europe,10,0,4,47.23842,-1.667363,"PeeringDB, peeringdb.com/api"
12317,ETIX Vendée #1,La Roche-sur-Yon,FR,Europe,2,0,1,46.666065,-1.353256,"PeeringDB, peeringdb.com/api"
12318,ETIX Lille #1,Tourcoing,FR,Europe,15,2,6,50.700168,3.15676,"PeeringDB, peeringdb.com/api"
12319,WAVE DC - Cali (prev. ETIX Cali #1),Santiago de Cali,CO,South America,12,2,0,3.446868,-76.508399,"PeeringDB, peeringdb.com/api"
12324,NRO de Lorient (NROL),Saint-Barthelemy,BL,,4,1,0,17.907106,-62.823252,"PeeringDB, peeringdb.com/api"
12332,Galaxy Backbone NSSC-Abuja,Abuja,NG,Africa,1,0,0,9.063808,7.492709,"PeeringDB, peeringdb.com/api"
12338,Telia Kolding,Kolding,DK,Europe,3,0,1,55.536825,9.473829,"PeeringDB, peeringdb.com/api"
12343,EdgeConneX Jakarta (EDCJKT01),Cibatu  Cikarang Sel.,ID,Asia Pacific,2,0,0,-6.346707,107.164818,"PeeringDB, peeringdb.com/api"
12344,EdgeConneX Chicago (EDCCHI02),Elk Grove Village,US,North America,1,0,1,42.001364,-87.952626,"PeeringDB, peeringdb.com/api"
12345,EdgeConneX Chayora Tianjin China,Tianjin,CN,Asia Pacific,0,0,0,39.313944,117.197626,"PeeringDB, peeringdb.com/api"
12351,BAEHOST-Ringo,Buenos Aires,AR,South America,0,0,0,-34.640854,-58.403766,"PeeringDB, peeringdb.com/api"
12352,UNN Tungku CLS,Bandar Seri Begawan,BN,Asia Pacific,1,2,1,,,"PeeringDB, peeringdb.com/api"
12353,UNN TelHouse Sumbiling,Bandar Seri Begawan,BN,Asia Pacific,1,1,1,4.893903,114.938569,"PeeringDB, peeringdb.com/api"
12354,Sofia Data Center (SDC) 2,Sofia,BG,Europe,3,1,2,42.656338,23.369257,"PeeringDB, peeringdb.com/api"
12355,Sofia Data Center (SDC) Stolnik,Stolnik,BG,Europe,4,1,1,42.656338,23.369257,"PeeringDB, peeringdb.com/api"
12362,Lomé Data Centre LOM1,Lome,TG,Africa,4,1,0,,,"PeeringDB, peeringdb.com/api"
12365,tryideas/minidc mcr1,Marechal Cândido Rondon,BR,South America,1,0,0,-24.564786,-54.053784,"PeeringDB, peeringdb.com/api"
12366,China International Electronic Commerce Center,Guangzhou,CN,Asia Pacific,3,0,0,23.125107,113.372592,"PeeringDB, peeringdb.com/api"
12371,LCRDC - King Edward,Liverpool,GB,Europe,3,0,1,53.411744,-2.998568,"PeeringDB, peeringdb.com/api"
12372,IX Liverpool - MICT,Liverpool,GB,Europe,0,0,0,53.396344,-2.980623,"PeeringDB, peeringdb.com/api"
12375,Cloud Europe,Rome,IT,Europe,7,3,0,41.932742,12.629473,"PeeringDB, peeringdb.com/api"
12378,Mobily JED1 DC,Jeddah,SA,Middle East,4,1,0,21.746348,39.138468,"PeeringDB, peeringdb.com/api"
12396,Cogent New Orleans,New Orleans,US,North America,5,0,1,29.948875,-90.070115,"PeeringDB, peeringdb.com/api"
12399,3C1B HUAWEI FUSION DC ANKARA,Ankara,TR,Middle East,5,3,1,39.89538,32.774548,"PeeringDB, peeringdb.com/api"
12405,PRIMADONA MEDIA DIGITALINDO,Mampang Prapatan,ID,Asia Pacific,0,0,0,,,"PeeringDB, peeringdb.com/api"
12409,CDC Sydney EC1,Eastern Creek,AU,Australia,3,1,2,-33.817281,150.83814,"PeeringDB, peeringdb.com/api"
12410,CDC Sydney EC2,Eastern Creek,AU,Australia,3,1,1,-33.817281,150.83814,"PeeringDB, peeringdb.com/api"
12411,CDC Sydney EC3,Eastern Creek,AU,Australia,4,1,1,-33.817281,150.83814,"PeeringDB, peeringdb.com/api"
12412,CDC Sydney EC4,Eastern Creek,AU,Australia,4,1,1,-33.817281,150.83814,"PeeringDB, peeringdb.com/api"
12413,CDC Canberra FY1,Fyshwick,AU,Australia,3,0,1,-35.338398,149.183718,"PeeringDB, peeringdb.com/api"
12414,CDC Canberra FY2,Fyshwick,AU,Australia,2,0,1,-35.338398,149.183718,"PeeringDB, peeringdb.com/api"
12415,CDC Canberra HU1,Hume,AU,Australia,2,0,1,-35.388831,149.1683,"PeeringDB, peeringdb.com/api"
12416,CDC Canberra HU2,Hume,AU,Australia,1,0,1,-35.388831,149.1683,"PeeringDB, peeringdb.com/api"
12417,CDC Canberra HU3,Hume,AU,Australia,1,0,1,-35.388831,149.1683,"PeeringDB, peeringdb.com/api"
12418,CDC Canberra HU4,Hume,AU,Australia,1,0,1,-35.394572,149.162027,"PeeringDB, peeringdb.com/api"
12419,CDC Canberra HU5,Hume,AU,Australia,1,0,1,-35.394572,149.162027,"PeeringDB, peeringdb.com/api"
12430,Digital Edge SEL1 - Seoul,Gangnam-gu,KR,Asia Pacific,5,0,3,37.500279,127.033997,"PeeringDB, peeringdb.com/api"
12431,Digital Edge OSA1 - Osaka,Osaka,JP,Asia Pacific,0,3,4,34.693246,135.530897,"PeeringDB, peeringdb.com/api"
12438,4wnet Telecomunicações - Amazonas,Manaus,BR,South America,1,0,1,-3.106199,-60.012623,"PeeringDB, peeringdb.com/api"
12439,Digital Edge MNL1 (NARRA1) - Manila,Binan Laguna,PH,Asia Pacific,27,4,1,14.264356,121.059179,"PeeringDB, peeringdb.com/api"
12440,Digital Edge PUS1 - Busan,Haeundae-gu,KR,Asia Pacific,0,0,0,35.174915,129.127427,"PeeringDB, peeringdb.com/api"
12441,Digital Edge TYO1 (MDC) - Tokyo,Bunkyo-Ku,JP,Asia Pacific,6,0,1,35.712477,139.729526,"PeeringDB, peeringdb.com/api"
12446,BR.Digital Rio de Janeiro (RJO3),Rio de Janeiro,BR,South America,2,1,1,-22.904367,-43.214564,"PeeringDB, peeringdb.com/api"
12447,CtrlS Lucknow DC1,Lucknow,IN,Asia Pacific,16,1,1,26.867327,81.012758,"PeeringDB, peeringdb.com/api"
12449,BR.Digital São Paulo (SPO2),São Paulo,BR,South America,4,0,1,-23.51474,-46.694942,"PeeringDB, peeringdb.com/api"
12454,CSN Solutions - Kehrsen,Kehrsen,DE,Europe,2,0,0,53.583837,10.788402,"PeeringDB, peeringdb.com/api"
12466,VITRO Cebu 1 & 2,Mandaue City,PH,Asia Pacific,10,2,1,10.336793,123.931728,"PeeringDB, peeringdb.com/api"
12467,VITRO Davao,Davao,PH,Asia Pacific,3,2,0,7.072801,125.6104,"PeeringDB, peeringdb.com/api"
12473,PLUTEX DC01,Bremen,DE,Europe,0,0,0,53.076377,8.77224,"PeeringDB, peeringdb.com/api"
12474,PLUTEX DC05,Bremen,DE,Europe,0,0,0,53.075099,8.769077,"PeeringDB, peeringdb.com/api"
12481,IDC19,Vinhedo,BR,South America,1,0,0,-23.013528,-46.963309,"PeeringDB, peeringdb.com/api"
12485,Datacenter Nexa,Kota Semarang,ID,Asia Pacific,2,0,0,-7.021511,110.427097,"PeeringDB, peeringdb.com/api"
12486,EdgeConneX Tel Aviv (EDCTLV11),Petah Tikva,IL,Middle East,0,0,0,32.098941,34.869304,"PeeringDB, peeringdb.com/api"
12488,Digital Realty CHI (9333 Grand Ave),Franklin Park,US,North America,3,0,1,41.926884,-87.859119,"PeeringDB, peeringdb.com/api"
12489,Digital Realty CHI (9355 Grand Ave),Franklin Park,US,North America,2,0,0,41.927658,-87.859333,"PeeringDB, peeringdb.com/api"
12490,Digital Realty CHI (9377 Grand Ave),Franklin Park,US,North America,5,1,1,41.928621,-87.85877,"PeeringDB, peeringdb.com/api"
12502,CDC Auckland SD1,Silverdale  Auckland,NZ,Asia Pacific,13,1,1,-36.611672,174.663258,"PeeringDB, peeringdb.com/api"
12503,CDC Auckland HV1,Hobsonville  Auckland,NZ,Asia Pacific,12,1,1,-36.803028,174.636853,"PeeringDB, peeringdb.com/api"
12504,Raxio  ET1  Addis Ababa  Ethiopia,Addis Ababa,ET,Africa,1,0,0,8.997753,38.779203,"PeeringDB, peeringdb.com/api"
12506,Servacus DC02,Kettering,GB,Europe,0,0,0,52.422201,-0.802249,"PeeringDB, peeringdb.com/api"
12507,Penta Infra Berlin BER01,Berlin,DE,Europe,8,1,0,52.513685,13.61756,"PeeringDB, peeringdb.com/api"
12508,Penta Infra Dusseldorf DUS01,Meerbusch,DE,Europe,5,0,0,51.245111,6.694634,"PeeringDB, peeringdb.com/api"
12509,Penta Infra Berlin BER02,Berlin,DE,Europe,4,0,0,52.513685,13.61756,"PeeringDB, peeringdb.com/api"
12510,Penta Infra Copenhagen CPH01,Glostrup  Copenhagen,DK,Europe,3,0,0,55.68209,12.395427,"PeeringDB, peeringdb.com/api"
12511,Penta Infra Geleen GLN01,Geleen,NL,Europe,3,0,1,50.979857,5.828044,"PeeringDB, peeringdb.com/api"
12512,HRCOM,Guaynabo,PR,North America,7,0,0,18.416424,-66.105537,"PeeringDB, peeringdb.com/api"
12513,Equinix AT4 - Atlanta,Atlanta,US,North America,5,1,2,33.895445,-84.453611,"PeeringDB, peeringdb.com/api"
12514,Penta Infra Leipzig LEJ01,Leipzig,DE,Europe,3,0,0,51.33967,12.301757,"PeeringDB, peeringdb.com/api"
12523,DATACENTER - AMAZONIA TELECOM,Boa Vista,BR,South America,0,0,0,,,"PeeringDB, peeringdb.com/api"
12528,TTCL Dar es Salaam Telephone House,Dar es Salaam,TZ,Africa,6,0,1,-6.818177,39.286437,"PeeringDB, peeringdb.com/api"
12529,Wingu Dar es Salaam,Dar es Salaam,TZ,Africa,10,1,1,,,"PeeringDB, peeringdb.com/api"
12531,Datahall Datacenter,Jakarta Timur,ID,Asia Pacific,10,0,0,-6.25159,106.864,"PeeringDB, peeringdb.com/api"
12537,SAFEHOUSE Data Centre,Mont' Kiara,MY,Asia Pacific,0,0,0,3.165702,101.653155,"PeeringDB, peeringdb.com/api"
12538,MetroNet Bangladesh,Dhaka,BD,Asia Pacific,4,0,0,23.794148,90.41145,"PeeringDB, peeringdb.com/api"
12540,RTP MK15,Moscow,RU,Europe,0,0,0,55.657125,37.540487,"PeeringDB, peeringdb.com/api"
12545,Vocus Sydney SYD04 (Formerly Equinix SY8),Rosebery,AU,Australia,1,0,1,,,"PeeringDB, peeringdb.com/api"
12553,EdgeCore Phoenix,Mesa,US,North America,0,0,0,33.345396,-111.619886,"PeeringDB, peeringdb.com/api"
12556,NUV BRASIL DC01,Serra,BR,South America,12,1,1,-20.221521,-40.270879,"PeeringDB, peeringdb.com/api"
12557,NUV BRASIL DC02,Vitória,BR,South America,6,0,1,-20.314127,-40.294357,"PeeringDB, peeringdb.com/api"
12560,Prisma Medios de Pago,Buenos Aires,AR,South America,0,0,0,-34.639474,-58.401576,"PeeringDB, peeringdb.com/api"
12565,R-KOM Datacenter Ostbayern 1,Regensburg,DE,Europe,1,0,0,49.01335,12.1482,"PeeringDB, peeringdb.com/api"
12566,R-KOM Datacenter Ostbayern 2,Regensburg,DE,Europe,1,0,0,49.013454,12.148083,"PeeringDB, peeringdb.com/api"
12567,R-KOM Datacenter Ostbayern 3,Lappersdorf,DE,Europe,1,0,0,49.036964,12.086628,"PeeringDB, peeringdb.com/api"
12570,TornadoDC - FRA1,Langen,DE,Europe,28,2,2,50.00253,8.6568,"PeeringDB, peeringdb.com/api"
12574,IIJ Shiroi DCC,Shiroi-shi,JP,Asia Pacific,2,1,2,35.800503,140.104687,"PeeringDB, peeringdb.com/api"
12575,IIJ Ikebukuro DC,Toshima-ku,JP,Asia Pacific,1,1,1,,,"PeeringDB, peeringdb.com/api"
12576,WWZ Rechenzenter Zug,Zug,CH,Europe,1,0,0,47.185346,8.490164,"PeeringDB, peeringdb.com/api"
12580,CtrlS Patna DC1,Patna,IN,Asia Pacific,19,1,1,25.63345,85.10596,"PeeringDB, peeringdb.com/api"
12588,DCI Adelaide 01 (ADL01),Kidman Park,AU,Australia,8,1,3,-34.908936,138.531462,"PeeringDB, peeringdb.com/api"
12590,BDx CGK1 - Jakarta City Center,Jakarta,ID,Asia Pacific,26,1,1,-6.210889,106.816168,"PeeringDB, peeringdb.com/api"
12591,BDx CGK2 - TechnoPark,Jakarta,ID,Asia Pacific,11,0,0,,,"PeeringDB, peeringdb.com/api"
12592,BDx CGK3 - Jakarta TBS,Jakarta,ID,Asia Pacific,46,2,1,-6.290823,106.786144,"PeeringDB, peeringdb.com/api"
12593,BDx CGK4 - Jawa Barat JAH,Jawa Barat,ID,Asia Pacific,6,0,0,,,"PeeringDB, peeringdb.com/api"
12594,BDx NKG1 - Nanjing,Nanjing,CN,Asia Pacific,0,0,0,,,"PeeringDB, peeringdb.com/api"
12595,BDx CAN1 - Guangzhou,Guangzhou,CN,Asia Pacific,0,0,0,,,"PeeringDB, peeringdb.com/api"
12599,Elmec BR4,Brunello,IT,Europe,1,0,0,45.769448,8.810173,"PeeringDB, peeringdb.com/api"
12602,ProDC,Jakarta Selatan,ID,Asia Pacific,112,2,1,-6.239248,106.825258,"PeeringDB, peeringdb.com/api"
12616,BDx HKG2 - Watson,Kwai Chung,HK,Asia Pacific,4,0,0,22.362964,114.133776,"PeeringDB, peeringdb.com/api"
12623,IDTEL DC Jakarta,Jakarta Selatan,ID,Asia Pacific,0,0,0,-6.296234,106.825931,"PeeringDB, peeringdb.com/api"
12625,BDx HKG1 - Cavendish,Hong Kong,HK,Asia Pacific,3,0,0,22.249009,114.164312,"PeeringDB, peeringdb.com/api"
12634,XLSmart Bintaro (JNB1),Kota Tangerang Selatan,ID,Asia Pacific,2,0,0,-6.276744,106.718676,"PeeringDB, peeringdb.com/api"
12637,TKRZ Rheine (RHE1),Rheine,DE,Europe,3,0,1,52.310703,7.440631,"PeeringDB, peeringdb.com/api"
12638,TKRZ Emsdetten (EMS1),Emsdetten,DE,Europe,1,0,2,52.157579,7.554901,"PeeringDB, peeringdb.com/api"
12639,TKRZ Nordhorn (NOH1),Nordhorn,DE,Europe,1,0,2,52.409179,7.050301,"PeeringDB, peeringdb.com/api"
12640,TKRZ Greven (GRV1),Greven,DE,Europe,1,0,1,52.130914,7.695303,"PeeringDB, peeringdb.com/api"
12641,XLSmart Bandung (BNB),Kota Bandung,ID,Asia Pacific,2,0,0,-6.937653,107.678614,"PeeringDB, peeringdb.com/api"
12652,ICTGlobe Centurion,Centurion,ZA,Africa,4,0,0,-25.882463,28.184586,"PeeringDB, peeringdb.com/api"
12653,1&1 Versatel Telehaus Münster,Münster,DE,Europe,2,0,2,51.935079,7.648998,"PeeringDB, peeringdb.com/api"
12664,Paratus Armada,Windhoek,NA,Africa,2,0,0,-22.414477,17.068081,"PeeringDB, peeringdb.com/api"
12670,Globenet Maiquetia,La Guaira,VE,South America,8,0,1,10.597271,-67.006072,"PeeringDB, peeringdb.com/api"
12675,tzulo Chicago,Chicago,US,North America,0,0,0,41.876203,-87.631496,"PeeringDB, peeringdb.com/api"
12679,SD / Comsat Southbury Ground Station,Southbury,US,North America,1,0,0,41.451602,-73.28939,"PeeringDB, peeringdb.com/api"
12680,SD / Comsat Santa Paula Ground Station,Santa Paula,US,North America,1,0,0,34.413094,-119.080887,"PeeringDB, peeringdb.com/api"
12683,Vodafone Esenyurt MTX,Esenyurt,TR,Middle East,17,1,0,41.048791,28.671267,"PeeringDB, peeringdb.com/api"
12699,METROWAN TELECOM Santiago,Santiago,CL,South America,0,0,0,,,"PeeringDB, peeringdb.com/api"
12703,NIXI Gorakhpur,Gorakhpur,IN,Asia Pacific,0,0,0,26.755813,83.370172,"PeeringDB, peeringdb.com/api"
12705,Equinix ST3 - Santiago,Santiado,CL,South America,3,1,0,-33.444046,-70.655784,"PeeringDB, peeringdb.com/api"
12706,Equinix ST4 - Santiago,San Pedro,CL,South America,2,1,0,-34.429019,-71.083703,"PeeringDB, peeringdb.com/api"
12707,Polaris Data Centre,Brisbane,AU,Australia,13,1,2,-27.681733,152.898655,"PeeringDB, peeringdb.com/api"
12710,Viettel HLC,Hanoi,VN,Asia Pacific,5,0,0,,,"PeeringDB, peeringdb.com/api"
12715,NIXI Burdwan,Burdwan,IN,Asia Pacific,2,0,0,23.249819,87.86958,"PeeringDB, peeringdb.com/api"
12716,NIXI Durgapur,Durgapur,IN,Asia Pacific,0,0,0,23.518222,87.345851,"PeeringDB, peeringdb.com/api"
12717,NIXI Baroda,Baroda,IN,Asia Pacific,2,0,0,22.31036,73.17325,"PeeringDB, peeringdb.com/api"
12723,NIXI Gurgaon,Gurugram,IN,Asia Pacific,1,0,0,28.494032,77.081243,"PeeringDB, peeringdb.com/api"
12733,NIXI Indore,Indore,IN,Asia Pacific,8,1,0,22.752445,75.86528,"PeeringDB, peeringdb.com/api"
12734,NIXI Bhopal,Bhopal,IN,Asia Pacific,2,1,0,23.301266,77.361843,"PeeringDB, peeringdb.com/api"
12741,NIXI Ahmedabad,Ahmedabad,IN,Asia Pacific,3,1,0,23.041238,72.51403,"PeeringDB, peeringdb.com/api"
12742,NIXI Guwahati,Guwahati,IN,Asia Pacific,3,1,0,26.185805,91.786092,"PeeringDB, peeringdb.com/api"
12743,NIXI Hyderabad,Hyderabad,IN,Asia Pacific,4,0,0,,,"PeeringDB, peeringdb.com/api"
12744,NIXI Kolkata,Kolkata,IN,Asia Pacific,3,0,0,22.588914,88.392604,"PeeringDB, peeringdb.com/api"
12746,PCK IT Datacenter Lindau,Lindau,DE,Europe,1,0,0,47.553064,9.71927,"PeeringDB, peeringdb.com/api"
12748,HostDime BOG Colombia Tier IV Data Center,Bogota,CO,South America,5,1,1,5.012069,-73.992722,"PeeringDB, peeringdb.com/api"
12749,HostDime Orlando Tier IV Data Center,Orlando,US,North America,2,0,0,28.614463,-81.385657,"PeeringDB, peeringdb.com/api"
12750,NIXI Mumbai GPX,Mumbai,IN,Asia Pacific,10,0,0,19.121328,72.897744,"PeeringDB, peeringdb.com/api"
12751,NIXI Mumbai SIFY,Mumbai,IN,Asia Pacific,3,0,0,19.063309,72.998648,"PeeringDB, peeringdb.com/api"
12752,NIXI Panaji,Panaji,IN,Asia Pacific,1,1,0,15.500517,73.825736,"PeeringDB, peeringdb.com/api"
12755,NorthC Münchenstein (Basel) 1,Münchenstein,CH,Europe,7,0,1,47.512499,7.615436,"PeeringDB, peeringdb.com/api"
12756,NorthC Biel (Bern),Biel/Bienne,CH,Europe,3,0,1,47.155705,7.279169,"PeeringDB, peeringdb.com/api"
12758,Netia Data Center MIND,Jawczyce,PL,Europe,10,1,0,52.210771,20.848805,"PeeringDB, peeringdb.com/api"
12761,Netia Data Center BRAIN,Grodzisk Mazowiecki,PL,Europe,1,0,0,52.11117,20.600122,"PeeringDB, peeringdb.com/api"
12762,Netia Jaworzno (JAWOH001),Jaworzno,PL,Europe,3,0,0,50.218129,19.260778,"PeeringDB, peeringdb.com/api"
12763,Netia Poznań (POZNH003),Poznan,PL,Europe,5,0,1,52.405482,16.920848,"PeeringDB, peeringdb.com/api"
12764,Vocus Sydney SYD02,Baulkham Hills,AU,Australia,2,0,1,-33.733687,150.969873,"PeeringDB, peeringdb.com/api"
12766,Whipcord TDC01,Etobicoke,CA,North America,0,0,0,43.612495,-79.515319,"PeeringDB, peeringdb.com/api"
12767,STT Singapore 3,Singapore,SG,Asia Pacific,0,0,0,1.350163,103.891794,"PeeringDB, peeringdb.com/api"
12769,NIXI Chennai STT,Chennai,IN,Asia Pacific,3,0,0,13.069292,80.278493,"PeeringDB, peeringdb.com/api"
12770,NIXI Noida Netmagic,Noida,IN,Asia Pacific,3,0,0,28.620251,77.381149,"PeeringDB, peeringdb.com/api"
12771,NIXI Delhi STT,Delhi,IN,Asia Pacific,4,0,0,,,"PeeringDB, peeringdb.com/api"
12772,eStruxture MTL-4,Montreal,CA,North America,6,1,0,45.44577,-73.869447,"PeeringDB, peeringdb.com/api"
12773,eStruxture MTL-5,Montreal,CA,North America,5,1,0,45.502357,-73.565488,"PeeringDB, peeringdb.com/api"
12774,eStruxture TOR-1,Toronto,CA,North America,6,1,0,43.644639,-79.384228,"PeeringDB, peeringdb.com/api"
12775,eStruxture TOR-2,Toronto,CA,North America,4,1,0,43.64743,-79.384055,"PeeringDB, peeringdb.com/api"
12776,eStruxture TOR-3,Toronto,CA,North America,4,1,0,43.601368,-79.53699,"PeeringDB, peeringdb.com/api"
12777,eStruxture TOR-4,Toronto,CA,North America,4,1,0,43.820682,-79.23974,"PeeringDB, peeringdb.com/api"
12778,eStruxture TOR-5,Barrie,CA,North America,4,1,0,44.337608,-79.670164,"PeeringDB, peeringdb.com/api"
12780,Groupe Cyllene - DC - Montigny les Bretonneux,Montigny-le-Bretonneux,FR,Europe,2,0,0,48.774932,2.018664,"PeeringDB, peeringdb.com/api"
12781,MVIXP Datacenter,Male',MV,Asia Pacific,2,1,0,4.177914,73.515076,"PeeringDB, peeringdb.com/api"
12785,Sunbreak Electronics,Portland,US,North America,4,2,0,45.261026,-122.676541,"PeeringDB, peeringdb.com/api"
12787,IIX-Sulampua,Makassar,ID,Asia Pacific,4,1,0,-5.136896,119.44173,"PeeringDB, peeringdb.com/api"
12793,NIXI Patna,Patna,IN,Asia Pacific,9,0,0,25.628102,85.110078,"PeeringDB, peeringdb.com/api"
12799,Citranet DC Surakarta,Sukoharjo,ID,Asia Pacific,6,1,1,-7.541058,110.71923,"PeeringDB, peeringdb.com/api"
12803,Netbone Datacenter İstanbul,Şişli,TR,Middle East,6,0,0,41.070057,29.00254,"PeeringDB, peeringdb.com/api"
12805,Firmus LST01,St Leonards,AU,Australia,1,0,0,-41.440443,147.175363,"PeeringDB, peeringdb.com/api"
12806,DarkNET Burgas,Burgas,BG,Europe,0,0,0,42.516571,27.459539,"PeeringDB, peeringdb.com/api"
12808,Telehouse – TOKYO Koto (AT TOKYO CC1),Tokyo,JP,Asia Pacific,1,0,0,,,"PeeringDB, peeringdb.com/api"
12809,Telehouse – TOKYO Shibuya,Tokyo,JP,Asia Pacific,0,0,0,,,"PeeringDB, peeringdb.com/api"
12810,Telehouse – TOKYO Tama,Tokyo,JP,Asia Pacific,0,0,0,,,"PeeringDB, peeringdb.com/api"
12820,SDC Hosting and Support Colchester1,Colchester,GB,Europe,0,0,0,51.923512,0.921634,"PeeringDB, peeringdb.com/api"
12824,MyGuru Online Guntur,Guntur,IN,Asia Pacific,0,0,0,,,"PeeringDB, peeringdb.com/api"
12826,ELENDE - TECNOLOGIAS DE INFORMACAO,Morro Bento,AO,Africa,1,0,0,-8.901434,13.181998,"PeeringDB, peeringdb.com/api"
12827,Meeza Data Center - MV3,Doha,QA,Middle East,3,0,0,25.325315,51.437444,"PeeringDB, peeringdb.com/api"
12828,Meeza Data Center - MV1,Doha,QA,Middle East,4,1,0,25.238965,51.453699,"PeeringDB, peeringdb.com/api"
12834,TTCL Kijitonyama Exchange,Dar es Salaam,TZ,Africa,1,0,1,-6.771351,39.240128,"PeeringDB, peeringdb.com/api"
12841,irix Tier IV DC @ Santubong 1,Kuching,MY,Asia Pacific,2,1,0,,,"PeeringDB, peeringdb.com/api"
12842,Fiber 23,Rome,IT,Europe,5,1,2,41.787929,12.320431,"PeeringDB, peeringdb.com/api"
12844,Scott Data Center Omaha,Omaha,US,North America,2,0,1,41.242916,-96.016491,"PeeringDB, peeringdb.com/api"
12855,31173 DC Lund Mobilvägen,Lund,SE,Europe,2,0,1,55.716839,13.2251,"PeeringDB, peeringdb.com/api"
12860,OADC LOS1 - Lagos,Lagos,NG,Africa,26,2,0,6.424183,3.498124,"PeeringDB, peeringdb.com/api"
12861,OADC JNB1 - Johannesburg,Johannesburg,ZA,Africa,10,1,0,-26.13608,28.1991,"PeeringDB, peeringdb.com/api"
12862,OADC DUR1 - Durban,Durban,ZA,Africa,2,0,0,,,"PeeringDB, peeringdb.com/api"
12863,OADC CPT1 - Cape Town,Cape Town,ZA,Africa,11,1,0,-33.959484,18.476891,"PeeringDB, peeringdb.com/api"
12864,GTD Chile - Lidice II,Santiago,CL,South America,3,1,0,-33.43542,-70.649189,"PeeringDB, peeringdb.com/api"
12865,GTD Chile - Panamericana,Santiago,CL,South America,0,0,0,-33.387962,-70.689108,"PeeringDB, peeringdb.com/api"
12877,Aligned Ashburn (IAD-02),Ashburn,US,North America,0,0,0,39.010562,-77.475185,"PeeringDB, peeringdb.com/api"
12878,Aligned Chicago (ORD-01),Northlake,US,North America,0,0,0,41.913464,-87.91876,"PeeringDB, peeringdb.com/api"
12879,Aligned Chicago (ORD-02),Northlake,US,North America,0,0,0,41.913464,-87.91876,"PeeringDB, peeringdb.com/api"
12890,Turk Telekom Edirne-1-54,Edirne,TR,Middle East,12,1,1,,,"PeeringDB, peeringdb.com/api"
12891,Turk Telekom Atakoy Santrali,Istanbul,TR,Middle East,26,3,1,40.982473,28.861046,"PeeringDB, peeringdb.com/api"
12894,Penta Infra Hamburg HAM01,Hamburg,DE,Europe,4,0,1,53.619052,10.001546,"PeeringDB, peeringdb.com/api"
12895,Penta Infra Cologne CGN01,Cologne,DE,Europe,3,0,0,50.93382,7.003018,"PeeringDB, peeringdb.com/api"
12906,EC3 Bendigo,Golden Square,AU,Australia,0,0,0,-36.770625,144.261979,"PeeringDB, peeringdb.com/api"
12913,LEDC - TMW1 - Tamworth,Tamworth,AU,Australia,4,0,0,-31.07463,150.92095,"PeeringDB, peeringdb.com/api"
12914,LEDC - DBO1 - Dubbo,Dubbo,AU,Australia,5,0,0,-32.241036,148.582016,"PeeringDB, peeringdb.com/api"
12915,LEDC - ABX1 - Albury,Albury,AU,Australia,5,0,0,,,"PeeringDB, peeringdb.com/api"
12918,Bezeq International Afek Data Center,Rosh Ha'Ayin,IL,Middle East,4,0,0,32.108196,34.969212,"PeeringDB, peeringdb.com/api"
12919,APJII Banten,Serang,ID,Asia Pacific,17,3,0,-6.11942,106.174048,"PeeringDB, peeringdb.com/api"
12920,APJII Sumsel,Kota Palembang,ID,Asia Pacific,9,2,0,-2.951569,104.748297,"PeeringDB, peeringdb.com/api"
12921,TIS Tel Aviv Burla Hub and Data Center,Tel Aviv,IL,Middle East,7,0,0,32.111271,34.791378,"PeeringDB, peeringdb.com/api"
12927,Ishan Technologies Baroda,Baroda,IN,Asia Pacific,1,1,0,22.31034,73.173267,"PeeringDB, peeringdb.com/api"
12933,Retelit Avalon 2,Settimo Milanese (MI),IT,Europe,5,0,3,45.48054,9.067184,"PeeringDB, peeringdb.com/api"
12934,Retelit Avalon 3,Milan,IT,Europe,7,0,3,45.44797,9.120391,"PeeringDB, peeringdb.com/api"
12935,OpenX - Verbo Divino,São Paulo,BR,South America,5,0,1,-23.631157,-46.713528,"PeeringDB, peeringdb.com/api"
12936,EC1 Grafton,Grafton,AU,Australia,0,0,0,-29.688406,152.936429,"PeeringDB, peeringdb.com/api"
12937,EC5 Albury,Albury,AU,Australia,0,0,0,-36.083062,146.920769,"PeeringDB, peeringdb.com/api"
12950,42 -24 Cambridge,Cambridge,AU,Australia,3,0,0,-42.829949,147.466249,"PeeringDB, peeringdb.com/api"
12954,kt cloud Yongsan,Yongsan-gu,KR,Asia Pacific,0,1,1,37.535381,126.958805,"PeeringDB, peeringdb.com/api"
12955,STACKIT Ellhofen (DC08),Ellhofen,DE,Europe,1,0,0,49.145913,9.307957,"PeeringDB, peeringdb.com/api"
12957,Digital Realty BRU3 - Brussels,Zaventem,BE,Europe,14,2,1,50.873683,4.504025,"PeeringDB, peeringdb.com/api"
12958,Digital Realty BRU4 - Brussels,Zaventem,BE,Europe,6,2,0,50.873683,4.504025,"PeeringDB, peeringdb.com/api"
12964,kt cloud Bundang,Seongnam,KR,Asia Pacific,1,1,1,37.339055,127.109381,"PeeringDB, peeringdb.com/api"
12965,kt cloud Gangnam,Gangnam-gu,KR,Asia Pacific,1,1,1,37.504696,127.041237,"PeeringDB, peeringdb.com/api"
12966,kt cloud Yeouido,Yeongdeungpo-Gu,KR,Asia Pacific,2,1,1,37.52158,126.919139,"PeeringDB, peeringdb.com/api"
12967,kt cloud Namguro,Guro-gu,KR,Asia Pacific,0,0,1,37.485871,126.89153,"PeeringDB, peeringdb.com/api"
12968,kt cloud Daejeon,Seo-gu,KR,Asia Pacific,0,1,1,36.345345,127.384057,"PeeringDB, peeringdb.com/api"
12972,Bezeq International ServerFarm,Bnei Zion,IL,Middle East,0,0,0,32.22171,34.87436,"PeeringDB, peeringdb.com/api"
12975,kt cloud Mokdong(MD1),Yangcheon-gu,KR,Asia Pacific,1,1,1,37.528685,126.871883,"PeeringDB, peeringdb.com/api"
12984,Elea POA2 - Porto Alegre,Porto Alegre,BR,South America,2,1,1,-30.020302,-51.214206,"PeeringDB, peeringdb.com/api"
12993,SDS1 Modiin,Modiin  Macabim- Reut,IL,Middle East,7,0,0,31.9183,34.9619,"PeeringDB, peeringdb.com/api"
12994,SDS4 Petch Tikva,Petach Tikva,IL,Middle East,0,0,0,32.108831,34.889857,"PeeringDB, peeringdb.com/api"
12995,SDS3 Beit Yehoshua,Beit Yehoshua,IL,Middle East,2,1,0,32.26,34.8562,"PeeringDB, peeringdb.com/api"
12997,Custodian CDC Dartford DA2,Dartford,GB,Europe,1,0,1,51.453326,0.257853,"PeeringDB, peeringdb.com/api"
12999,APJII Lampung,Kota Bandar Lampung,ID,Asia Pacific,9,2,0,-5.402546,105.283458,"PeeringDB, peeringdb.com/api"
13000,IIX-Jogja,Kota Yogyakarta,ID,Asia Pacific,21,1,0,-7.781889,110.374564,"PeeringDB, peeringdb.com/api"
13001,Connect Cedar Valley,Cedar Falls,US,North America,0,0,0,42.474167,-92.458792,"PeeringDB, peeringdb.com/api"
13002,APJII Jambi,Kota Jambi,ID,Asia Pacific,4,2,0,-1.612567,103.604559,"PeeringDB, peeringdb.com/api"
13003,WanXP Datacenter,Pekanbaru,ID,Asia Pacific,0,1,0,0.53647,101.44471,"PeeringDB, peeringdb.com/api"
13005,Hexa Data Center,Kampar,ID,Asia Pacific,3,0,0,0.433267,101.368507,"PeeringDB, peeringdb.com/api"
13008,APJII Kepri,Kota Batam,ID,Asia Pacific,9,1,1,1.118635,104.048462,"PeeringDB, peeringdb.com/api"
13009,APJII Jabar,Kota Bandung,ID,Asia Pacific,38,3,1,-6.920441,107.616148,"PeeringDB, peeringdb.com/api"
13021,Digital Fortress (PTL3),Beaverton,US,North America,4,0,1,45.475663,-122.776066,"PeeringDB, peeringdb.com/api"
13022,Digital Fortress (LYN),Lynnwood,US,North America,8,0,1,47.822503,-122.289478,"PeeringDB, peeringdb.com/api"
13023,Digital Fortress (PNJ),Piscataway,US,North America,3,0,0,40.544144,-74.496592,"PeeringDB, peeringdb.com/api"
13025,nLighten Birmingham BHX1,Birmingham,GB,Europe,3,1,1,,,"PeeringDB, peeringdb.com/api"
13029,Quad State Internet PAH1 Colocation,Paducah,US,North America,9,1,0,37.09402,-88.634104,"PeeringDB, peeringdb.com/api"
13040,WiTCOM Wiesbaden,Wiesbaden,DE,Europe,1,0,0,50.062309,8.238218,"PeeringDB, peeringdb.com/api"
13047,Ufinet Ciudad Digital Data Center,Guayaquil,EC,South America,9,0,0,-2.07607,-79.922609,"PeeringDB, peeringdb.com/api"
13051,PIX-Tri Telecom,Porto Alegre,BR,South America,0,1,0,-29.985864,-51.120506,"PeeringDB, peeringdb.com/api"
13052,PIX Telium Porto Alegre,Porto Alegre,BR,South America,10,1,0,-30.029201,-51.207881,"PeeringDB, peeringdb.com/api"
13055,Eurofiber Datacenter Groningen 1,Groningen,NL,Europe,6,1,3,53.244613,6.527313,"PeeringDB, peeringdb.com/api"
13065,Holland Datacenters,Kloetinge,NL,Europe,1,0,0,51.502547,3.909723,"PeeringDB, peeringdb.com/api"
13072,DCI Indonesia (JK5),Greater Jakarta  Bekasi  Cibitung,ID,Asia Pacific,23,2,0,-6.299731,107.089244,"PeeringDB, peeringdb.com/api"
13073,nLighten Nottingham EMA1,Nottingham,GB,Europe,2,0,0,53.006759,-1.213003,"PeeringDB, peeringdb.com/api"
13074,nLighten Chester MAN1,Chester,GB,Europe,2,0,0,53.245819,-2.935048,"PeeringDB, peeringdb.com/api"
13075,nLighten Bristol BRS1,Bristol,GB,Europe,2,0,0,51.541255,-2.578778,"PeeringDB, peeringdb.com/api"
13080,sumIX Data Center,Pekanbaru,ID,Asia Pacific,0,1,0,0.470118,101.396559,"PeeringDB, peeringdb.com/api"
13088,Artnet DC Gdansk MP100,Gdansk,PL,Europe,8,1,2,54.383947,18.638972,"PeeringDB, peeringdb.com/api"
13089,Artnet DC Gdynia GAC133,Gdynia,PL,Europe,3,1,0,54.459223,18.459429,"PeeringDB, peeringdb.com/api"
13091,VeloxServ DC3 - Redditch,Redditch,GB,Europe,6,0,0,52.310787,-1.936793,"PeeringDB, peeringdb.com/api"
13093,SFN MN-Rochester,Rochester,US,North America,1,0,1,44.020906,-92.462501,"PeeringDB, peeringdb.com/api"
13094,SFN IL-Peoria,Peoria,US,North America,6,1,2,40.738991,-89.584721,"PeeringDB, peeringdb.com/api"
13096,Glesys Oulu 3,Oulu,FI,Europe,2,0,3,65.013196,25.51044,"PeeringDB, peeringdb.com/api"
13101,Aureon Downtown,Des Moines,US,North America,2,1,1,41.5879,-93.631042,"PeeringDB, peeringdb.com/api"
13102,Aureon Minneapolis,Minneapolis,US,North America,0,0,0,44.971408,-93.25458,"PeeringDB, peeringdb.com/api"
13103,Aureon West Des Moines,West Des Moines,US,North America,1,0,0,41.597249,-93.735197,"PeeringDB, peeringdb.com/api"
13107,NIXI Coimbatore,Coimbatore,IN,Asia Pacific,0,1,0,10.996028,76.97974,"PeeringDB, peeringdb.com/api"
13111,LSVL-CTC1,Louisville,US,North America,0,0,1,39.965362,-105.124453,"PeeringDB, peeringdb.com/api"
13114,NIXI Raipur,Raipur,IN,Asia Pacific,2,1,0,,,"PeeringDB, peeringdb.com/api"
13120,AIMS Cyberjaya,Cyberjaya,MY,Asia Pacific,10,0,1,,,"PeeringDB, peeringdb.com/api"
13124,MU1,Mumbai,IN,Asia Pacific,1,0,0,19.172883,72.994749,"PeeringDB, peeringdb.com/api"
13128,PIX K3G Manaus,Manaus,BR,South America,5,0,0,-3.004277,-59.976028,"PeeringDB, peeringdb.com/api"
13131,Ishan Technologies Surat,Surat,IN,Asia Pacific,2,1,0,21.181279,72.819144,"PeeringDB, peeringdb.com/api"
13132,Ishan Technologies Mumbai Edge DC,Mumbai,IN,Asia Pacific,5,0,0,19.113774,72.892768,"PeeringDB, peeringdb.com/api"
13133,Ishan Technologies Rajkot,Rajkot,IN,Asia Pacific,1,1,0,22.293421,70.790579,"PeeringDB, peeringdb.com/api"
13135,Ishan Technologies Noida,Noida,IN,Asia Pacific,1,0,0,28.569332,77.325629,"PeeringDB, peeringdb.com/api"
13136,Ishan Technologies Kolkata,Kolkata,IN,Asia Pacific,1,0,0,22.575819,88.4332,"PeeringDB, peeringdb.com/api"
13137,Ishan Technologies Bengaluru,Bangalore,IN,Asia Pacific,1,0,0,12.967268,77.606149,"PeeringDB, peeringdb.com/api"
13138,Ishan Technologies Ahmedabad,Ahmedabad,IN,Asia Pacific,2,2,0,23.074645,72.525576,"PeeringDB, peeringdb.com/api"
13146,Ishan Technologies Nashik,Nashik,IN,Asia Pacific,1,1,0,20.002902,73.754627,"PeeringDB, peeringdb.com/api"
13147,Ishan Technologies Nagpur,Nagpur,IN,Asia Pacific,1,1,0,21.142105,79.085532,"PeeringDB, peeringdb.com/api"
13149,Ishan Technologies Raipur,Raipur,IN,Asia Pacific,2,1,0,21.225554,81.656264,"PeeringDB, peeringdb.com/api"
13150,Ishan Technologies Jabalpur,Jabalpur,IN,Asia Pacific,1,1,0,23.182624,79.909205,"PeeringDB, peeringdb.com/api"
13151,Ishan Technologies Cuttack,Cuttack,IN,Asia Pacific,1,2,0,20.466632,85.896562,"PeeringDB, peeringdb.com/api"
13152,Ishan Technologies Coimbatore,Coimbatore,IN,Asia Pacific,1,0,0,10.99461,76.971552,"PeeringDB, peeringdb.com/api"
13155,NTT Bangkok 2 Data Center (BKK2),Chon Buri,TH,Asia Pacific,12,2,0,13.443015,101.049255,"PeeringDB, peeringdb.com/api"
13156,AIMS Bangkok 44 N Sathon Rd,Bangkok,TH,Asia Pacific,7,2,0,13.725144,100.539009,"PeeringDB, peeringdb.com/api"
13160,CJ Online Ghaziabad,Ghaziabad,IN,Asia Pacific,0,0,0,28.659428,77.469861,"PeeringDB, peeringdb.com/api"
13166,KIO México 6 (MEX6),Toluca,MX,North America,2,0,0,19.251111,-99.658001,"PeeringDB, peeringdb.com/api"
13168,Tamares Telecom,Tirat Hacarmel,IL,Middle East,8,0,0,32.783736,34.960807,"PeeringDB, peeringdb.com/api"
13171,Alfanet,Baku,AZ,Asia Pacific,1,0,0,,,"PeeringDB, peeringdb.com/api"
13173,Rocket Way DC Boissano,Boissano,IT,Europe,1,0,1,44.132007,8.219991,"PeeringDB, peeringdb.com/api"
13190,nLighten Sophia Antipolis NCE2,Valbonne,FR,Europe,0,0,0,43.624328,7.038502,"PeeringDB, peeringdb.com/api"
13191,nLighten Paris PAR1,Lognes,FR,Europe,2,0,0,48.839125,2.630371,"PeeringDB, peeringdb.com/api"
13192,nLighten Strasbourg SXB1,Illkirch-Graffenstaden,FR,Europe,8,1,3,48.520417,7.737083,"PeeringDB, peeringdb.com/api"
13195,G50,Kyiv,UA,Europe,1,0,0,,,"PeeringDB, peeringdb.com/api"
13198,CHAKTOMUK DATA CENTER,Phnom Penh,KH,Asia Pacific,2,0,0,11.577554,104.887643,"PeeringDB, peeringdb.com/api"
13204,CyrusOne Madrid 1,Madrid,ES,Europe,0,0,1,40.53576,-3.659225,"PeeringDB, peeringdb.com/api"
13205,CyrusOne Frankfurt 4,Frankfurt,DE,Europe,0,0,1,50.131627,8.576399,"PeeringDB, peeringdb.com/api"
13209,Sipartech Paris,Paris,FR,Europe,0,0,0,48.871919,2.329879,"PeeringDB, peeringdb.com/api"
13216,Pasha Baku DC1,Baku,AZ,Asia Pacific,1,0,0,40.412345,49.835414,"PeeringDB, peeringdb.com/api"
13220,Midco Sioux Falls,Sioux Falls,US,North America,2,0,1,43.496635,-96.785669,"PeeringDB, peeringdb.com/api"
13221,Midco Yankton,Yankton,US,North America,2,0,1,42.892031,-97.416548,"PeeringDB, peeringdb.com/api"
13222,Midco Fargo,Fargo,US,North America,3,0,1,46.836551,-96.865917,"PeeringDB, peeringdb.com/api"
13223,Midco Grand Forks,Grand Forks,US,North America,2,0,1,47.902115,-97.090307,"PeeringDB, peeringdb.com/api"
13227,Cogent La Mirada,La Mirada,US,North America,0,0,0,33.879828,-118.026751,"PeeringDB, peeringdb.com/api"
13228,Retelit S.p.A. Roma Cornelia,Rome,IT,Europe,2,0,1,41.890426,12.382457,"PeeringDB, peeringdb.com/api"
13230,DLI One,Columbus,US,North America,1,0,0,32.498252,-84.883576,"PeeringDB, peeringdb.com/api"
13248,Qatar Data Center 5,Doha,QA,Middle East,10,2,0,,,"PeeringDB, peeringdb.com/api"
13250,Dhoho Data Center,Kota Kediri,ID,Asia Pacific,1,0,0,-7.77962,111.998614,"PeeringDB, peeringdb.com/api"
13252,Ethoplex Data Center,Germantown,US,North America,1,0,0,43.227892,-88.146745,"PeeringDB, peeringdb.com/api"
13254,DataBank Minneapolis (MSP3),Brooklyn Park,US,North America,3,0,0,45.14438,-93.385913,"PeeringDB, peeringdb.com/api"
13256,SFN IA-Urbana,Urbana,US,North America,1,0,1,42.246422,-91.886635,"PeeringDB, peeringdb.com/api"
13262,Cibinong Private Datacenter,Bogor,ID,Asia Pacific,1,0,0,-6.472457,106.864743,"PeeringDB, peeringdb.com/api"
13266,A1 DC Zagreb Nežićeva,Zagreb,HR,Europe,4,0,1,45.765044,15.982436,"PeeringDB, peeringdb.com/api"
13276,brusselsdc,Zaventem,BE,Europe,15,1,2,50.881447,4.45416,"PeeringDB, peeringdb.com/api"
13284,Hemlock Plaza,Brookings,US,North America,1,1,0,42.051179,-124.28091,"PeeringDB, peeringdb.com/api"
13288,ADETIC N'Djamena,N'Djamena,TD,Africa,0,1,0,,,"PeeringDB, peeringdb.com/api"
13291,STRATA Vernal Data Center,Vernal,US,North America,1,0,1,40.456615,-109.528963,"PeeringDB, peeringdb.com/api"
13293,RelAix Networks hex/AC,Aachen,DE,Europe,2,0,1,50.783517,6.134653,"PeeringDB, peeringdb.com/api"
13294,OPTAGE – Umedakita DC,Osaka,JP,Asia Pacific,1,0,1,,,"PeeringDB, peeringdb.com/api"
13304,Dhecyber Data Center,Jakarta Selatan,ID,Asia Pacific,1,0,0,-6.240996,106.818918,"PeeringDB, peeringdb.com/api"
13309,SÜC Datacenter 1,Coburg,DE,Europe,1,0,0,50.252852,10.961871,"PeeringDB, peeringdb.com/api"
13310,SÜC Datacenter 2,Coburg,DE,Europe,1,0,0,50.252852,10.961871,"PeeringDB, peeringdb.com/api"
13311,DCI Indonesia (H2-01),Karawang,ID,Asia Pacific,6,1,0,-6.404877,107.254362,"PeeringDB, peeringdb.com/api"
13312,DCI Indonesia (H2-02),Karawang,ID,Asia Pacific,7,1,0,-6.404877,107.254362,"PeeringDB, peeringdb.com/api"
13313,MDC San Diego,San Diego,US,North America,2,0,1,32.594192,-117.085384,"PeeringDB, peeringdb.com/api"
13322,ITB2 Datacenter Deventer,Deventer,NL,Europe,6,0,3,52.238674,6.195148,"PeeringDB, peeringdb.com/api"
13323,ITB2 Datacenter Apeldoorn,Apeldoorn,NL,Europe,6,0,2,52.200471,6.025796,"PeeringDB, peeringdb.com/api"
13324,ILA/Regeneration site PoP-Culemborg,Culemborg,NL,Europe,0,0,0,,,"PeeringDB, peeringdb.com/api"
13325,ILA/Regeneration site PoP-Dodewaard,Dodewaard,NL,Europe,0,0,0,51.92705,5.66586,"PeeringDB, peeringdb.com/api"
13326,ILA/Regeneration site PoP-Doetinchem,Doetinchem,NL,Europe,0,0,0,51.98303,6.25283,"PeeringDB, peeringdb.com/api"
13327,ILA/Regeneration site PoP-Eemshaven,Eemshaven,NL,Europe,0,0,0,53.43473,6.86839,"PeeringDB, peeringdb.com/api"
13328,ILA/Regeneration site PoP-Ens,Ens,NL,Europe,0,0,0,52.613664,5.807626,"PeeringDB, peeringdb.com/api"
13329,ILA/Regeneration site PoP-Fanø,Fanø,DK,Europe,0,0,0,55.41808,8.398957,"PeeringDB, peeringdb.com/api"
13330,ILA/Regeneration site PoP-Hooghalen,Hooghalen,NL,Europe,0,0,0,,,"PeeringDB, peeringdb.com/api"
13331,ILA/Regeneration site PoP-Krimpen aan den IJssel,Krimpen aan den IJssel,NL,Europe,0,0,0,51.910842,4.629424,"PeeringDB, peeringdb.com/api"
13332,ILA/Regeneration site PoP-Lelystad,Lelystad,NL,Europe,0,0,0,,,"PeeringDB, peeringdb.com/api"
13333,ILA/Regeneration site PoP-Maasbracht,Maasbracht,NL,Europe,0,0,0,51.147893,5.911645,"PeeringDB, peeringdb.com/api"
13334,ILA/Regeneration site PoP-Middenmeer,Middenmeer,NL,Europe,0,0,0,,,"PeeringDB, peeringdb.com/api"
13335,ILA/Regeneration site PoP-Zwolle,Zwolle,NL,Europe,0,0,0,,,"PeeringDB, peeringdb.com/api"
13339,Qupra DC,Amsterdam,NL,Europe,71,9,3,52.395257,4.86353,"PeeringDB, peeringdb.com/api"
13340,Pulsant Manchester NW-1,Manchester,GB,Europe,16,2,1,53.46131,-2.324106,"PeeringDB, peeringdb.com/api"
13345,TELLCORP - INTERNET DATA CENTER,Caucaia,BR,South America,3,0,0,-3.739784,-38.618587,"PeeringDB, peeringdb.com/api"
13346,PeeringDB Example Facility North,Example Town,AQ,,0,1,1,-82.862752,135.0,"PeeringDB, peeringdb.com/api"
13347,Layer1,Kharkiv,UA,Europe,11,4,0,,,"PeeringDB, peeringdb.com/api"
13357,Router12 - Brick and Tile,Mason City,US,North America,1,0,0,43.151696,-93.199328,"PeeringDB, peeringdb.com/api"
13361,CSSMedia,Bantul,ID,Asia Pacific,0,0,0,,,"PeeringDB, peeringdb.com/api"
13362,Camtel Kribi CLS,Kribi,CM,Africa,3,0,0,2.94261,9.90925,"PeeringDB, peeringdb.com/api"
13363,Quantum Switch DOA A,Doha,QA,Middle East,1,0,0,25.2211,51.594,"PeeringDB, peeringdb.com/api"
13364,Quantum Switch DMM A,Dammam,SA,Middle East,1,0,0,29.5746,49.5224,"PeeringDB, peeringdb.com/api"
13365,Quantum Switch DOA B,Doha,QA,Middle East,0,0,0,25.0905,51.5961,"PeeringDB, peeringdb.com/api"
13368,AdaniConneX Chennai 1,Chennai,IN,Asia Pacific,2,2,0,12.826015,80.219345,"PeeringDB, peeringdb.com/api"
13373,Infynix Bengaluru,Bangalore,IN,Asia Pacific,0,0,0,12.973163,77.613867,"PeeringDB, peeringdb.com/api"
13374,SYMPHONY THAI - AIMS BANGKOK,Bangkok,TH,Asia Pacific,0,0,0,13.725144,100.539009,"PeeringDB, peeringdb.com/api"
13379,SYMPHONY THAI - STT BANGKOK,Bangkok,TH,Asia Pacific,0,1,0,13.734963,100.524121,"PeeringDB, peeringdb.com/api"
13381,ODATA DC RJ01,Sao Joao de Meriti,BR,South America,0,0,1,-22.798287,-43.356709,"PeeringDB, peeringdb.com/api"
13382,ODATA DC ST01,Lampa,CL,South America,0,0,0,,,"PeeringDB, peeringdb.com/api"
13389,Flexential - Atlanta/Douglasville (ATL5),Douglasville,US,North America,0,0,1,33.731164,-84.615714,"PeeringDB, peeringdb.com/api"
13390,Flexential - Portland/Hillsboro 3 (PDX03),Hillsboro,US,North America,2,0,0,45.559203,-122.938018,"PeeringDB, peeringdb.com/api"
13391,Flexential - Portland/Hillsboro 4 (PDX04),Hillsboro,US,North America,2,0,0,45.555183,-122.939056,"PeeringDB, peeringdb.com/api"
13397,Scala Data Centers SGRUTB05,Barueri,BR,South America,0,0,0,-23.498104,-46.81614,"PeeringDB, peeringdb.com/api"
13398,Scala Data Centers SGIGSM01,Sao Joao de Meriti,BR,South America,0,1,0,-22.799883,-43.353842,"PeeringDB, peeringdb.com/api"
13399,PeeringDB Example Facility South,Example Town,AQ,,0,1,1,-82.862752,135.0,"PeeringDB, peeringdb.com/api"
13403,Servereasy DC1,Settimo Milanese,IT,Europe,3,0,0,45.480555,9.0668,"PeeringDB, peeringdb.com/api"
13406,ewl Rechenzentrum Stollen,Luzern,CH,Europe,6,0,0,47.042004,8.32532,"PeeringDB, peeringdb.com/api"
13409,DC Noovle ROMA,Rome,IT,Europe,2,0,0,41.765129,12.340573,"PeeringDB, peeringdb.com/api"
13410,Balkan Gate Thessaloniki,Thessaloniki,GR,Europe,53,7,7,40.65723,22.868155,"PeeringDB, peeringdb.com/api"
13412,NetPro IT & HatHost DC1,Rapallo,IT,Europe,2,0,0,44.350272,9.22869,"PeeringDB, peeringdb.com/api"
13413,Web Werks Bangalore 1,Bangalore,IN,Asia Pacific,2,0,0,12.963937,77.733138,"PeeringDB, peeringdb.com/api"
13417,XL360,Toulon,FR,Europe,2,0,0,43.127801,5.93287,"PeeringDB, peeringdb.com/api"
13421,Redcentric Harrogate Data Centre,Harrogate,GB,Europe,0,0,0,53.978867,-1.567075,"PeeringDB, peeringdb.com/api"
13422,neuCentrIX - Yogyakarta Kota Baru,Yogyakarta,ID,Asia Pacific,31,3,1,,,"PeeringDB, peeringdb.com/api"
13424,PIX DTEL RECIFE,Recife,BR,South America,4,1,0,-8.053432,-34.916676,"PeeringDB, peeringdb.com/api"
13438,Venyu BTR1,Baton Rouge,US,North America,2,0,0,30.45352,-91.115624,"PeeringDB, peeringdb.com/api"
13439,Otava Metro Detroit,Westland,US,North America,1,0,0,42.331172,-83.419408,"PeeringDB, peeringdb.com/api"
13440,C Spire Mississippi,Starkville,US,North America,0,0,0,33.470581,-88.791097,"PeeringDB, peeringdb.com/api"
13441,Crown Castle Philadelphia (1309 Noble),Philadelphia,US,North America,0,0,0,39.960652,-75.160469,"PeeringDB, peeringdb.com/api"
13442,Crown Castle White Plains (360 Hamilton),White Plains,US,North America,0,0,0,41.034715,-73.767108,"PeeringDB, peeringdb.com/api"
13444,CMS Internet - DC1 - Mount Pleasant MI,Mount Pleasant,US,North America,1,1,0,,,"PeeringDB, peeringdb.com/api"
13445,Wingu Addis Ababa,Addis Ababa,ET,Africa,2,0,0,8.966042,38.840532,"PeeringDB, peeringdb.com/api"
13446,HEX - DC/BDS,Brindisi,IT,Europe,2,0,0,40.629116,17.963762,"PeeringDB, peeringdb.com/api"
13448,Wingu Djibouti,Djibouti,DJ,Africa,0,0,0,11.591011,43.152992,"PeeringDB, peeringdb.com/api"
13449,Wingu Djibouti 2,Djibouti,DJ,Africa,0,0,0,,,"PeeringDB, peeringdb.com/api"
13450,Wingu Berbera,Berbera,SO,Africa,1,0,0,10.465458,45.028997,"PeeringDB, peeringdb.com/api"
13455,YemenNet NOC DC1,Sana'a,YE,Middle East,0,0,0,,,"PeeringDB, peeringdb.com/api"
13460,Nxtra Data Chennai DC 2,Chennai,IN,Asia Pacific,7,2,0,12.826015,80.219345,"PeeringDB, peeringdb.com/api"
13469,DGN Teknoloji - Bursa,Osmangazi,TR,Middle East,10,2,2,40.268007,29.088364,"PeeringDB, peeringdb.com/api"
13476,IBM Istanbul,B Blok,TR,Middle East,2,0,0,41.08078,29.012873,"PeeringDB, peeringdb.com/api"
13477,Sieć Szerokopasmowa Polski Wschodniej,Lublin,PL,Europe,1,0,0,51.224662,22.617174,"PeeringDB, peeringdb.com/api"
13478,EdgeCore Silicon Valley,Santa Clara,US,North America,0,0,0,37.384692,-121.964919,"PeeringDB, peeringdb.com/api"
13479,EdgeCore VA1,Sterling,US,North America,0,0,0,39.021724,-77.414111,"PeeringDB, peeringdb.com/api"
13480,EdgeCore VA2,Sterling,US,North America,0,0,0,38.994747,-77.444362,"PeeringDB, peeringdb.com/api"
13481,EdgeCore Reno 1,McCarran,US,North America,0,0,0,39.524415,-119.481812,"PeeringDB, peeringdb.com/api"
13487,CKW DC LuZ Luzern Nord,Luzern,CH,Europe,2,0,0,47.0568,8.272978,"PeeringDB, peeringdb.com/api"
13488,CKW DC Zug,Rotkreuz,CH,Europe,2,0,0,47.150499,8.431841,"PeeringDB, peeringdb.com/api"
13489,CKW Colo Wolhusen,Ruswil,CH,Europe,0,0,0,47.0585,8.092916,"PeeringDB, peeringdb.com/api"
13490,CKW Colo Hochdorf,Urswil,CH,Europe,0,0,0,47.153617,8.299447,"PeeringDB, peeringdb.com/api"
13493,Ethoplex Edge DC - Green Bay,De Pere,US,North America,1,0,0,44.428051,-88.050196,"PeeringDB, peeringdb.com/api"
13494,Ethoplex Edge DC - Fond du Lac,Friendship,US,North America,0,0,0,43.833878,-88.494331,"PeeringDB, peeringdb.com/api"
13499,Area31 Data Center,Depok,ID,Asia Pacific,25,2,0,-6.441178,106.877179,"PeeringDB, peeringdb.com/api"
13500,STACK infrastructure ZUR01,Rafz,CH,Europe,0,0,0,47.600263,8.541314,"PeeringDB, peeringdb.com/api"
13506,Nxtra Data Noida DC 1,Noida,IN,Asia Pacific,4,1,0,28.628056,77.372389,"PeeringDB, peeringdb.com/api"
13508,Ikoula IKDC2,Eppes,FR,Europe,1,0,0,49.560267,3.741996,"PeeringDB, peeringdb.com/api"
13509,901 Commerce Dr,Marshfield,US,North America,0,0,0,44.632611,-90.168593,"PeeringDB, peeringdb.com/api"
13510,Lumen Jacksonville,Jacksonville,US,North America,1,0,1,30.271996,-81.623873,"PeeringDB, peeringdb.com/api"
13512,Lumen Portland,Portland,US,North America,2,0,0,45.531671,-122.68496,"PeeringDB, peeringdb.com/api"
13513,Lumen Pittsburgh,Pittsburgh,US,North America,1,0,0,40.425388,-79.970352,"PeeringDB, peeringdb.com/api"
13514,Lumen Philadelphia,Philadelphia,US,North America,1,0,0,39.959621,-75.161021,"PeeringDB, peeringdb.com/api"
13515,BIX-SEEF-POP,Seef,BH,Middle East,0,0,0,26.235632,50.54153,"PeeringDB, peeringdb.com/api"
13516,AlexHost  Netherlands,Dronten,NL,Europe,1,0,0,52.543805,5.704895,"PeeringDB, peeringdb.com/api"
13517,PKIX Islamabad,Islamabad,PK,Asia Pacific,2,0,0,33.673603,73.054592,"PeeringDB, peeringdb.com/api"
13531,Web Werks Mumbai 2,Navi Mumbai,IN,Asia Pacific,4,1,0,,,"PeeringDB, peeringdb.com/api"
13532,Web Werks Hyderabad,Serilingampally Hyderabad,IN,Asia Pacific,3,0,0,17.461865,78.343068,"PeeringDB, peeringdb.com/api"
13537,SIFY Bhubaneswar,Bhubaneswar,IN,Asia Pacific,1,1,0,20.272076,85.833282,"PeeringDB, peeringdb.com/api"
13538,SIFY COCHIN,Cochin,IN,Asia Pacific,2,1,0,,,"PeeringDB, peeringdb.com/api"
13539,SIFY Chandigarh,Chandigarh,IN,Asia Pacific,2,1,0,30.726978,76.709914,"PeeringDB, peeringdb.com/api"
13540,SIFY Visakhapatnam,Vishakhapatam,IN,Asia Pacific,0,1,0,,,"PeeringDB, peeringdb.com/api"
13541,SIFY Trivandrum,Thiruvananthapuram,IN,Asia Pacific,0,1,0,8.498169,76.948057,"PeeringDB, peeringdb.com/api"
13542,SIFY Ludhiana,Ludhiana,IN,Asia Pacific,0,1,0,30.901902,75.833388,"PeeringDB, peeringdb.com/api"
13543,SIFY Ranchi,Ranchi,IN,Asia Pacific,0,1,0,23.351496,85.324759,"PeeringDB, peeringdb.com/api"
13544,SIFY Jalandhar,Jalandhar,IN,Asia Pacific,0,0,0,31.320923,75.58285,"PeeringDB, peeringdb.com/api"
13545,SIFY CVR Chambers Vijayawada,Vijaywada,IN,Asia Pacific,1,0,0,16.502014,80.6436,"PeeringDB, peeringdb.com/api"
13546,SIFY Siliguri,Siliguri,IN,Asia Pacific,1,1,0,,,"PeeringDB, peeringdb.com/api"
13547,SIFY Amritsar,AMRITSAR,IN,Asia Pacific,0,0,0,,,"PeeringDB, peeringdb.com/api"
13548,SIFY GP BUILDING Madurai,Madurai,IN,Asia Pacific,1,0,0,9.936466,78.131783,"PeeringDB, peeringdb.com/api"
13549,SIFY Salem,SALEM,IN,Asia Pacific,4,1,0,,,"PeeringDB, peeringdb.com/api"
13550,OADC  Port Elizabeth,Gqeberha,ZA,Africa,7,1,1,-33.9508,25.574114,"PeeringDB, peeringdb.com/api"
13553,Iron Mountain Data Center - Bangalore (BLR-1),Bangalore,IN,Asia Pacific,1,0,0,12.963937,77.733138,"PeeringDB, peeringdb.com/api"
13554,Iron Mountain Data Center - Hyderabad (HYD-1),Hyderabad,IN,Asia Pacific,0,0,0,17.459932,78.355122,"PeeringDB, peeringdb.com/api"
13555,Iron Mountain Data Center - Mumbai (MUM-1),Navi Mumbai,IN,Asia Pacific,5,1,0,19.141169,73.008703,"PeeringDB, peeringdb.com/api"
13556,Iron Mountain Data Center - Mumbai (MUM-2),Navi Mumbai,IN,Asia Pacific,3,1,0,19.140998,73.008196,"PeeringDB, peeringdb.com/api"
13557,Iron Mountain Data Center - Delhi (NCR-1),Noida,IN,Asia Pacific,1,0,0,28.627458,77.383923,"PeeringDB, peeringdb.com/api"
13558,Iron Mountain Data Center - Pune (PUN-1),Pune,IN,Asia Pacific,1,0,0,18.592588,73.727651,"PeeringDB, peeringdb.com/api"
13559,Iron Mountain Data Center - Frankfurt (FRA-2),Frankfurt am Main,DE,Europe,5,1,1,50.196109,8.640094,"PeeringDB, peeringdb.com/api"
13560,Iron Mountain Data Center - Madrid (MAD-1),San Fernando de Henares,ES,Europe,0,0,0,40.457935,-3.498711,"PeeringDB, peeringdb.com/api"
13561,DigiCo Townsville TSV1 (iseek NQRDC),Garbutt,AU,Australia,2,0,1,-19.27155,146.77061,"PeeringDB, peeringdb.com/api"
13562,SIFY Tuticorin,Tuticorin,IN,Asia Pacific,1,1,0,,,"PeeringDB, peeringdb.com/api"
13563,Sify Bareilly,Bareilly,IN,Asia Pacific,0,1,0,28.354371,79.413517,"PeeringDB, peeringdb.com/api"
13565,Data Logistics Center J13,Vilnius,LT,Europe,0,0,0,54.691637,25.287428,"PeeringDB, peeringdb.com/api"
13567,TTCL Arusha Telephone House,Arusha,TZ,Africa,5,0,1,-3.371543,36.695165,"PeeringDB, peeringdb.com/api"
13568,TTCL Mwanza Telephone House,Mwanza,TZ,Africa,4,0,1,-2.519863,32.897609,"PeeringDB, peeringdb.com/api"
13569,TTCL Dodoma Telephone House,Dodoma,TZ,Africa,4,0,1,-6.184338,35.748453,"PeeringDB, peeringdb.com/api"
13570,TTCL Mbeya Telephone House,Mbeya,TZ,Africa,1,0,1,-8.892263,33.442141,"PeeringDB, peeringdb.com/api"
13571,TTCL Tanga Telephone House,Tanga,TZ,Africa,2,0,1,-5.069638,39.104641,"PeeringDB, peeringdb.com/api"
13572,iXAfrica NBOX1 (Nairobi X One),Nairobi,KE,Africa,44,3,0,-1.332149,36.889166,"PeeringDB, peeringdb.com/api"
13573,DARVA Hosting,Chauray,FR,Europe,1,0,0,46.347936,-0.375587,"PeeringDB, peeringdb.com/api"
13574,Cabo Verde Telecom,Praia,CV,Africa,2,0,0,,,"PeeringDB, peeringdb.com/api"
13579,Talido Bulgaria,Haskovo,BG,Europe,1,0,0,,,"PeeringDB, peeringdb.com/api"
13583,EllaLink Sines Vasco de Gama CLS,Sines,PT,Europe,0,0,1,37.994964,-8.830335,"PeeringDB, peeringdb.com/api"
13587,Marunouchi Direct Access Ohtemachi Data Center 2,Tokyo,JP,Asia Pacific,0,0,1,,,"PeeringDB, peeringdb.com/api"
13597,Wifx Data Center Vaud,Yverdon-les-Bains,CH,Europe,5,0,0,46.765904,6.646614,"PeeringDB, peeringdb.com/api"
13598,Ark Data Centres - Union Park,Hayes,GB,Europe,0,0,0,,,"PeeringDB, peeringdb.com/api"
13611,Crown Castle Manchester (1 Sundial Ave),Manchester,US,North America,1,0,0,42.972613,-71.469472,"PeeringDB, peeringdb.com/api"
13612,PLDT Diliman,Manila,PH,Asia Pacific,2,0,0,14.643918,121.04749,"PeeringDB, peeringdb.com/api"
13613,Innovation Place - Saskatoon,Saskatoon,CA,North America,1,0,0,52.142492,-106.625086,"PeeringDB, peeringdb.com/api"
13614,VELCO Rutland,Rutland,US,North America,1,0,0,43.660147,-72.992651,"PeeringDB, peeringdb.com/api"
13617,Telepuerto Cirion - CABA,Buenos Aires,AR,South America,0,0,1,-34.59002,-58.466982,"PeeringDB, peeringdb.com/api"
13618,Telehouse – Bangkok,Bangkok,TH,Asia Pacific,68,10,0,13.75161,100.57305,"PeeringDB, peeringdb.com/api"
13620,ISPAB-NIX-DC,Dhaka,BD,Asia Pacific,11,0,0,23.776722,90.415848,"PeeringDB, peeringdb.com/api"
13626,MEGA Gateway (iAdvantage Hong Kong),Hong Kong,HK,Asia Pacific,27,2,0,,,"PeeringDB, peeringdb.com/api"
13628,Energynet Datacenter,Hopkinsville,US,North America,4,0,1,36.847841,-87.465157,"PeeringDB, peeringdb.com/api"
13629,Lost River Data Center,Bowling Green,US,North America,1,0,1,36.962312,-86.470939,"PeeringDB, peeringdb.com/api"
13635,NCHC Tainan,Tainan City,TW,Asia Pacific,5,1,0,23.100567,120.281508,"PeeringDB, peeringdb.com/api"
13636,NCHC Taichung,Taichung City,TW,Asia Pacific,2,1,0,24.204613,120.607922,"PeeringDB, peeringdb.com/api"
13637,NCHC Hsinchu,Hsinchu,TW,Asia Pacific,4,1,0,24.782524,120.995793,"PeeringDB, peeringdb.com/api"
13647,NTT NAV01 Mahape,Navi Mumbai,IN,Asia Pacific,3,2,0,19.171907,73.024247,"PeeringDB, peeringdb.com/api"
13651,VITRO Parañaque,Parañaque,PH,Asia Pacific,10,3,1,14.45675,121.036511,"PeeringDB, peeringdb.com/api"
13661,Atomic Data MSP250,Minneapolis,US,North America,0,0,0,44.980944,-93.267514,"PeeringDB, peeringdb.com/api"
13664,Russellvile EPB Smartnet,Russellville,US,North America,1,0,1,36.846023,-86.88624,"PeeringDB, peeringdb.com/api"
13665,Liguria Digitale Data Center - WTC,Genoa,IT,Europe,5,2,1,44.408474,8.90048,"PeeringDB, peeringdb.com/api"
13666,ODC Malaga,Málaga,ES,Europe,1,0,0,36.694725,-4.496181,"PeeringDB, peeringdb.com/api"
13669,DartPoints Baton Rouge  LA - BTR1,Baton Rouge,US,North America,4,1,0,30.452287,-91.115571,"PeeringDB, peeringdb.com/api"
13672,TSBG Hosting,Haskovo,BG,Europe,1,0,0,,,"PeeringDB, peeringdb.com/api"
13675,Digital Realty Osaka - KIX13,Minoo-shi  Osaka-Fu,JP,Asia Pacific,2,0,2,,,"PeeringDB, peeringdb.com/api"
13678,DCI Seoul 01 (SEL01),Geumcheon-gu,KR,Asia Pacific,0,0,0,37.48361,126.87786,"PeeringDB, peeringdb.com/api"
13681,H5 Data Centers San Luis Obispo,San Luis Obispo,US,North America,0,0,0,35.255773,-120.640747,"PeeringDB, peeringdb.com/api"
13686,QTS Phoenix (PHX2),Phoenix,US,North America,1,0,0,33.462368,-111.995794,"PeeringDB, peeringdb.com/api"
13691,Getronics  The Babbage Centre,Runcorn,GB,Europe,1,0,0,53.324842,-2.733435,"PeeringDB, peeringdb.com/api"
13692,Lumen West Haven,West Haven,US,North America,1,0,0,41.289812,-72.970174,"PeeringDB, peeringdb.com/api"
13693,Lumen New Haven,New Haven,US,North America,1,0,0,41.299871,-72.926131,"PeeringDB, peeringdb.com/api"
13694,Lumen Hartford,Hartford,US,North America,1,0,0,41.745091,-72.665146,"PeeringDB, peeringdb.com/api"
13695,Lumen Stamford,Stamford,US,North America,1,0,0,41.049146,-73.530484,"PeeringDB, peeringdb.com/api"
13696,Lumen New London,New London,US,North America,1,0,0,41.347035,-72.102643,"PeeringDB, peeringdb.com/api"
13697,Crown Castle Stamford,Stamford,US,North America,1,0,0,41.058085,-73.542936,"PeeringDB, peeringdb.com/api"
13698,PENTECH,Bursa,TR,Middle East,20,2,1,40.258739,29.061631,"PeeringDB, peeringdb.com/api"
13700,ReadyIDC DC1,Pakkret,TH,Asia Pacific,2,0,0,13.921715,100.538005,"PeeringDB, peeringdb.com/api"
13701,KIO Bogotá 1 (BOG1),Bogota,CO,South America,2,0,0,,,"PeeringDB, peeringdb.com/api"
13706,Grupo ZGH - Colina,Santiago,CL,South America,7,0,0,-33.241338,-70.73448,"PeeringDB, peeringdb.com/api"
13710,DataWave#1,Cluj Napoca,RO,Europe,1,0,0,46.780405,23.598353,"PeeringDB, peeringdb.com/api"
13717,SI Cloud Montpellier,Saint-Clément-de-Rivière,FR,Europe,2,0,1,43.711403,3.832653,"PeeringDB, peeringdb.com/api"
13720,Ascenty SPO04 - São Paulo,Osasco,BR,South America,79,2,4,-23.49128,-46.777629,"PeeringDB, peeringdb.com/api"
13722,IFX Datacenter WBP Bogota,Bogota,CO,South America,7,1,0,4.657618,-74.107237,"PeeringDB, peeringdb.com/api"
13733,MettaDC ID01,Bekasi,ID,Asia Pacific,8,1,0,,,"PeeringDB, peeringdb.com/api"
13734,MettaDC POP01,South Jakarta,ID,Asia Pacific,35,1,0,-6.238125,106.824443,"PeeringDB, peeringdb.com/api"
13749,CNI DC MPR,Jakarta Selatan,ID,Asia Pacific,6,2,0,-6.255894,106.828136,"PeeringDB, peeringdb.com/api"
13751,atNorth SWE01,Stockholm,SE,Europe,3,0,0,59.417048,17.927184,"PeeringDB, peeringdb.com/api"
13759,STE Network - SHDC,Shanghai,CN,Asia Pacific,2,2,0,30.99,121.434,"PeeringDB, peeringdb.com/api"
13760,INTERLINK TECHNOLOGY Jakarta,Jakarta Selatan,ID,Asia Pacific,11,0,0,-6.238649,106.824078,"PeeringDB, peeringdb.com/api"
13789,EdgeUno Datacenter Queretaro Mexico (QRO2),Queretaro,MX,North America,1,0,0,20.612462,-100.395522,"PeeringDB, peeringdb.com/api"
13801,Eletronet - Belo Horizonte,Belo Horizonte,BR,South America,2,1,0,-19.998807,-43.99296,"PeeringDB, peeringdb.com/api"
13802,PIX Century Telecom - Belo Horizonte,Contagem,BR,South America,6,1,0,-19.931735,-44.062243,"PeeringDB, peeringdb.com/api"
13803,PIX Giganetsul - Porto Alegre,Alvorada,BR,South America,1,1,0,-29.992443,-51.051317,"PeeringDB, peeringdb.com/api"
13804,Telxius Santos DC,Praia Grande,BR,South America,1,0,0,,,"PeeringDB, peeringdb.com/api"
13806,IDX Data Centers,Palmas,BR,South America,2,0,0,-10.187602,-48.341163,"PeeringDB, peeringdb.com/api"
13816,Labicolo,Frederiksberg C,DK,Europe,7,1,0,55.676358,12.54552,"PeeringDB, peeringdb.com/api"
13818,Panama Digital Gateway,Distrito de Panamá,PA,North America,8,0,0,,,"PeeringDB, peeringdb.com/api"
13827,Pecorari Cloud,Curitiba,BR,South America,0,0,0,-25.459633,-49.288987,"PeeringDB, peeringdb.com/api"
13834,Richardson College for the Envrionment and Sciences,Winnipeg,CA,North America,1,0,0,49.889504,-97.157071,"PeeringDB, peeringdb.com/api"
13836,Mars Datacenter Istanbul-1,Istanbul,TR,Middle East,24,1,0,,,"PeeringDB, peeringdb.com/api"
13837,CSN Solutions Gudow,Gudow,DE,Europe,2,0,0,53.559444,10.7791,"PeeringDB, peeringdb.com/api"
13839,Fujitsu North Ryde,Macquarie Park,AU,Australia,2,2,0,-33.786752,151.131858,"PeeringDB, peeringdb.com/api"
13840,Datacenter Fibertrust Bandung,Bandung,ID,Asia Pacific,9,1,0,-6.922041,107.616701,"PeeringDB, peeringdb.com/api"
13843,Telxius Rio DC,Rio de Janeiro,BR,South America,0,0,0,,,"PeeringDB, peeringdb.com/api"
13844,UIINET UII Cik Di Tiro,Yogyakarta,ID,Asia Pacific,21,2,1,-7.78236,110.37514,"PeeringDB, peeringdb.com/api"
13846,YOTTA D1,Greater Noida,IN,Asia Pacific,14,2,0,28.55235,77.48342,"PeeringDB, peeringdb.com/api"
13849,Mountain West Technologies - Casper,Casper,US,North America,3,0,0,42.849554,-106.326238,"PeeringDB, peeringdb.com/api"
13850,Mountain West Technologies - Cheyenne,Cheyenne,US,North America,3,0,0,41.175834,-104.82786,"PeeringDB, peeringdb.com/api"
13856,NorthC Groningen 2,Groningen,NL,Europe,2,0,0,53.207467,6.473884,"PeeringDB, peeringdb.com/api"
13857,NorthC Rotterdam Zestienhoven 2,Rotterdam,NL,Europe,1,0,2,51.953115,4.44805,"PeeringDB, peeringdb.com/api"
13858,NorthC Eindhoven 2,Eindhoven,NL,Europe,10,0,1,51.475777,5.406428,"PeeringDB, peeringdb.com/api"
13860,Marunouchi Direct Access Ohtemachi Data Center 1,Tokyo,JP,Asia Pacific,3,0,0,,,"PeeringDB, peeringdb.com/api"
13862,BR.Digital Cuiabá (CBA1),Cuiabá,BR,South America,2,1,1,-15.637312,-56.024933,"PeeringDB, peeringdb.com/api"
13865,BR.Digital Cuiabá (CBA2),Cuiabá,BR,South America,3,0,1,-15.602172,-56.101585,"PeeringDB, peeringdb.com/api"
13867,UNN Telisai CLS,Bandar Seri Begawan,BN,Asia Pacific,1,1,1,,,"PeeringDB, peeringdb.com/api"
13870,Ishan Technologies Thane,Mumbai,IN,Asia Pacific,1,0,0,19.191161,72.954374,"PeeringDB, peeringdb.com/api"
13874,Dataone Asia Philippines,Quezon City,PH,Asia Pacific,0,0,0,14.607852,121.080323,"PeeringDB, peeringdb.com/api"
13878,GRASS-MERKUR Hannover,Hannover,DE,Europe,1,0,0,52.368477,9.863625,"PeeringDB, peeringdb.com/api"
13884,D-ATUM VILCOM,Hyderabad,IN,Asia Pacific,2,0,0,17.440151,78.468844,"PeeringDB, peeringdb.com/api"
13886,Ishan Technologies Vasai,Mumbai,IN,Asia Pacific,2,0,0,19.400344,72.839838,"PeeringDB, peeringdb.com/api"
13887,Ishan Technologies Puri,Puri,IN,Asia Pacific,1,0,0,19.815779,85.840574,"PeeringDB, peeringdb.com/api"
13888,Ishan Technologies Belgaum,Belgaum,IN,Asia Pacific,1,0,0,15.831347,74.503345,"PeeringDB, peeringdb.com/api"
13896,Nxtra Data Hyderabad Edge DC1,Hyderabad,IN,Asia Pacific,1,0,0,,,"PeeringDB, peeringdb.com/api"
13900,Croydon,Croydon,GB,Europe,0,0,0,51.384888,-0.137056,"PeeringDB, peeringdb.com/api"
13901,Gtd Colombia - Medellin,Medellin,CO,South America,9,1,1,6.216228,-75.573769,"PeeringDB, peeringdb.com/api"
13903,Equinix BG2 - Bogota,Bogota,CO,South America,39,2,0,4.671921,-74.155782,"PeeringDB, peeringdb.com/api"
13908,Nxtra Data Bhubaneswar DC1,Bhubaneswar,IN,Asia Pacific,1,0,0,20.340792,85.805797,"PeeringDB, peeringdb.com/api"
13914,PIX Sempre (Brasil TecPar),Belo Horizonte,BR,South America,3,1,0,-19.929073,-44.024492,"PeeringDB, peeringdb.com/api"
13915,Global Zone,Askar,BH,Middle East,1,0,0,26.0418,50.3643,"PeeringDB, peeringdb.com/api"
13918,Digital Realty Bersama - CGK10,West Jakarta,ID,Asia Pacific,27,2,0,-6.159053,106.690627,"PeeringDB, peeringdb.com/api"
13928,NTT Com Asia Hong Kong Financial Data Center,Tseung Kwan O,HK,Asia Pacific,9,2,0,22.285605,114.272624,"PeeringDB, peeringdb.com/api"
13931,SpaceNet Limited,Dhaka,BD,Asia Pacific,1,0,0,23.746942,90.401441,"PeeringDB, peeringdb.com/api"
13934,NorthC Winterthur (Zürich),Winterthur,CH,Europe,8,1,1,47.503127,8.727571,"PeeringDB, peeringdb.com/api"
13938,IaaS Datacenter Madrid,Madrid,ES,Europe,20,1,2,40.439748,-3.624212,"PeeringDB, peeringdb.com/api"
13939,Biznet Technovillage,Cimanggis,ID,Asia Pacific,11,1,0,,,"PeeringDB, peeringdb.com/api"
13946,OADC FIH1 - Kinshasa,Kinshasa,CD,Africa,8,2,0,-4.321422,15.275475,"PeeringDB, peeringdb.com/api"
13947,OADC CPT2 - Brackenfell,Cape Town,ZA,Africa,1,1,0,,,"PeeringDB, peeringdb.com/api"
13954,Viva Argishti,Yerevan,AM,Asia Pacific,0,0,0,40.174262,44.50242,"PeeringDB, peeringdb.com/api"
13955,Viva Karekin_Njdeh,Yerevan,AM,Asia Pacific,0,0,0,40.151291,44.483126,"PeeringDB, peeringdb.com/api"
13959,Civicos Networking - IAAS (MADRID),Madrid,ES,Europe,0,0,0,40.439748,-3.624212,"PeeringDB, peeringdb.com/api"
13969,EnBITCon GmbH,Bonn,DE,Europe,0,0,0,50.700793,7.134015,"PeeringDB, peeringdb.com/api"
13972,NTT Data (MEA) - Johannesburg 1 Data Center (JOH1),Centurion,ZA,Africa,3,0,1,-25.920644,28.143972,"PeeringDB, peeringdb.com/api"
13974,Microtronix Datacenter Ottoville,Ottoville,US,North America,2,0,0,40.929554,-84.341921,"PeeringDB, peeringdb.com/api"
13975,SKYLINK DATA CENTERS,Naples,US,North America,2,0,0,26.167743,-81.799835,"PeeringDB, peeringdb.com/api"
13982,WORLDBUS,Tbilisi,GE,Asia Pacific,0,0,0,,,"PeeringDB, peeringdb.com/api"
13985,Aviano_A,Aviano,IT,Europe,0,0,0,46.066181,12.594673,"PeeringDB, peeringdb.com/api"
13987,LuxConnect DC1.2 - Bettembourg,Bettembourg,LU,Europe,12,2,2,49.504919,6.113522,"PeeringDB, peeringdb.com/api"
13988,LuxConnect DC1.3 - Bettembourg,Bettembourg,LU,Europe,12,2,2,49.504919,6.113522,"PeeringDB, peeringdb.com/api"
13992,Biznet Surabaya,Surabaya  East Java,ID,Asia Pacific,4,1,0,-7.273023,112.74282,"PeeringDB, peeringdb.com/api"
13993,Biznet Denpasar,Denpasar,ID,Asia Pacific,1,2,0,-8.678272,115.205088,"PeeringDB, peeringdb.com/api"
13994,Biznet Malang,Malang  East Java,ID,Asia Pacific,3,1,0,-7.943487,112.648076,"PeeringDB, peeringdb.com/api"
13999,EcoDataCenter Falun,Falun,SE,Europe,2,0,0,60.610531,15.610386,"PeeringDB, peeringdb.com/api"
14005,FPT Fornix HCM 01,Ho Chi Minh,VN,Asia Pacific,13,0,0,10.755807,106.742932,"PeeringDB, peeringdb.com/api"
14006,Lighthouse Data Center (Houston),Houston,US,North America,4,0,0,,,"PeeringDB, peeringdb.com/api"
14008,Genova Digital Hub,Genoa,IT,Europe,1,1,0,44.42589,8.918518,"PeeringDB, peeringdb.com/api"
14009,BMDC,Baku,AZ,Asia Pacific,1,0,0,40.414639,49.835034,"PeeringDB, peeringdb.com/api"
14016,Dolphin Coast Wireless & Fiber Solutions,Ballito,ZA,Africa,0,0,0,-29.53543,31.213872,"PeeringDB, peeringdb.com/api"
14018,DC-MJK Computing ID,Kab. Mojokerto,ID,Asia Pacific,0,1,0,-7.432079,112.414072,"PeeringDB, peeringdb.com/api"
14020,Templus DC Madrid MAD03,Madrid,ES,Europe,8,1,0,40.438822,-3.623048,"PeeringDB, peeringdb.com/api"
14022,Aranet AUX1,Araguaína,BR,South America,4,0,0,-7.180588,-48.206546,"PeeringDB, peeringdb.com/api"
14023,Aranet AUX2,Araguaína,BR,South America,2,0,0,,,"PeeringDB, peeringdb.com/api"
14024,TVC,Auckland,NZ,Asia Pacific,0,0,0,-36.848071,174.760694,"PeeringDB, peeringdb.com/api"
14028,LINKEAR SRL,Moreno,AR,South America,7,1,1,-34.632822,-58.790645,"PeeringDB, peeringdb.com/api"
14039,IBH Dresden C2,Dresden,DE,Europe,4,1,0,51.008853,13.704345,"PeeringDB, peeringdb.com/api"
14045,Cabase CNQ,Corrientes,AR,South America,0,0,0,-27.472261,-58.818661,"PeeringDB, peeringdb.com/api"
14049,STT Jakarta 1,Bekasi,ID,Asia Pacific,2,1,0,-6.373337,107.201313,"PeeringDB, peeringdb.com/api"
14059,Hostzone Data Center CGE1,Campina Grande,BR,South America,1,0,0,,,"PeeringDB, peeringdb.com/api"
14068,Interconnect Services DC3 's-Hertogenbosch,'s-Hertogenbosch,NL,Europe,5,1,5,51.691408,5.353065,"PeeringDB, peeringdb.com/api"
14075,Mauritius Telecom RBDC,Rose Belle,MU,Africa,0,0,0,-20.420012,57.609248,"PeeringDB, peeringdb.com/api"
14076,Mauritius Telecom RHDC,Rose Hill,MU,Africa,0,0,0,,,"PeeringDB, peeringdb.com/api"
14082,RUBIX DATACENTER - DC-1,Le Creusot,FR,Europe,0,0,0,,,"PeeringDB, peeringdb.com/api"
14083,Transworld Associates Datacenter,Islamabad,PK,Asia Pacific,2,0,0,,,"PeeringDB, peeringdb.com/api"
14086,VeloxServ Wolverhampton Central,Wolverhampton,GB,Europe,1,0,0,52.587498,-2.123163,"PeeringDB, peeringdb.com/api"
14088,IBH Dresden C1,Dresden,DE,Europe,2,0,0,51.008853,13.704345,"PeeringDB, peeringdb.com/api"
14096,OASIX ALICANTE AIRENETWORKS,Elche,ES,Europe,0,0,0,38.291392,-0.611276,"PeeringDB, peeringdb.com/api"
14099,STT Singapore 6,Singapore,SG,Asia Pacific,1,0,0,1.37219,103.964775,"PeeringDB, peeringdb.com/api"
14101,FIBERSTATE Salt Lake City (SLC1),Draper,US,North America,24,1,0,40.511814,-111.887967,"PeeringDB, peeringdb.com/api"
14102,IIX-Katim,Kalimantan Timur,ID,Asia Pacific,4,0,0,-1.277078,116.830405,"PeeringDB, peeringdb.com/api"
14104,Telia Vilnius 1,Vilnius,LT,Europe,0,0,0,54.675458,25.266602,"PeeringDB, peeringdb.com/api"
14105,Telia Vilnius 2,Vilnius,LT,Europe,0,0,0,54.724094,25.297332,"PeeringDB, peeringdb.com/api"
14111,Digital Connexion MAA10 Chennai (Ambattur),Chennai,IN,Asia Pacific,5,1,2,13.1008,80.16404,"PeeringDB, peeringdb.com/api"
14113,Halton Datacenter - Milton1,Milton,CA,North America,0,0,0,43.543149,-79.880871,"PeeringDB, peeringdb.com/api"
14115,NETICENTER,Bouillargues,FR,Europe,2,0,1,43.809975,4.409087,"PeeringDB, peeringdb.com/api"
14116,Extreme RDC,Ghaziabad,IN,Asia Pacific,2,1,0,28.675216,77.441273,"PeeringDB, peeringdb.com/api"
14117,Extreme Laxminagar,Delhi,IN,Asia Pacific,3,1,0,28.639031,77.284699,"PeeringDB, peeringdb.com/api"
14122,Equinix MT2,Vaudreuil-Dorion,CA,North America,0,0,0,45.411764,-74.050381,"PeeringDB, peeringdb.com/api"
14125,ScaleUp Datacenter NUE1,Fürth,DE,Europe,2,0,1,49.45367,11.005389,"PeeringDB, peeringdb.com/api"
14127,Opciones - Concepción,Concepción,CL,South America,0,1,0,-36.815773,-73.048431,"PeeringDB, peeringdb.com/api"
14128,Opciones - Puerto Montt,Puerto Montt,CL,South America,0,0,0,-41.467594,-72.940289,"PeeringDB, peeringdb.com/api"
14129,Silica Networks - (BUE01),Wilde,AR,South America,6,0,0,-34.688305,-58.312665,"PeeringDB, peeringdb.com/api"
14130,Silica Networks - Data Center Nubicua (OSO01),Las Lumas,CL,South America,1,0,0,-40.591393,-72.952984,"PeeringDB, peeringdb.com/api"
14131,Silica Networks - (AEP01),Buenos Aires,AR,South America,2,0,0,-34.600638,-58.374123,"PeeringDB, peeringdb.com/api"
14135,Namex Napoli - Università Parthenope,Naples,IT,Europe,8,1,1,40.832179,14.245272,"PeeringDB, peeringdb.com/api"
14137,Datema Bilişim Tic. A.Ş. - DATACASA VERİ MERKEZİ,Istanbul,TR,Middle East,10,1,1,,,"PeeringDB, peeringdb.com/api"
14139,UPIX EDGE SUZANO 01,Suzano,US,North America,0,0,0,,,"PeeringDB, peeringdb.com/api"
14140,UPIX EDGE SAO JOSE DOS CAMPOS,São José dos Campos,BR,South America,0,0,0,-23.192051,-45.891168,"PeeringDB, peeringdb.com/api"
14147,99IT,Dhaka,BD,Asia Pacific,1,0,0,23.751038,90.440169,"PeeringDB, peeringdb.com/api"
14149,ColoradoColo - Lakewood (LKWD),Lakewood,US,North America,2,0,0,39.728305,-105.122436,"PeeringDB, peeringdb.com/api"
14156,PJM NET - IDC-CG,Campina Grande,BR,South America,4,0,0,-7.270324,-35.92206,"PeeringDB, peeringdb.com/api"
14166,icolo.io Nairobi Two (NBO2),Karen,KE,Africa,2,1,0,-1.352546,36.752083,"PeeringDB, peeringdb.com/api"
14174,Systemia.pl Sp. z o.o.,Poznan,PL,Europe,0,0,0,52.445844,16.954819,"PeeringDB, peeringdb.com/api"
14176,NTT Fukuoka Tenjin Data Center,Hakata,JP,Asia Pacific,2,2,1,,,"PeeringDB, peeringdb.com/api"
14177,Peace Communications CHA1,Chattanooga,US,North America,1,0,0,35.03746,-85.293181,"PeeringDB, peeringdb.com/api"
14178,Peace Communications HSV1,Huntsville,US,North America,1,0,0,34.699841,-86.593493,"PeeringDB, peeringdb.com/api"
14179,AT TOKYO (HC1 HOTnet Sapporo(SDC)),Sapporo,JP,Asia Pacific,0,0,0,,,"PeeringDB, peeringdb.com/api"
14189,Midwest Energy & Communications,Cassopolics,US,North America,0,0,0,41.919049,-85.973476,"PeeringDB, peeringdb.com/api"
14193,Mainstream Little Rock,Little Rock,US,North America,4,0,0,34.744124,-92.274415,"PeeringDB, peeringdb.com/api"
14198,CloudOgre,Mill Spring,US,North America,0,0,0,35.299848,-82.160867,"PeeringDB, peeringdb.com/api"
14205,Kuzey Veri Merkezi,Cekmekoy,TR,Middle East,3,0,0,41.025592,29.179766,"PeeringDB, peeringdb.com/api"
14206,STT Bangkok 2,Bangkok,TH,Asia Pacific,2,1,0,13.757295,100.632435,"PeeringDB, peeringdb.com/api"
14207,STT Bangkok 3,Bangkok,TH,Asia Pacific,9,1,0,13.731617,100.547893,"PeeringDB, peeringdb.com/api"
14211,JC2,Jakarta  Cibitung,ID,Asia Pacific,2,0,0,-6.314389,107.090381,"PeeringDB, peeringdb.com/api"
14212,Tech.ru DC2,Moscow,RU,Europe,1,0,0,55.819504,37.643887,"PeeringDB, peeringdb.com/api"
14213,Tech.ru DC4,Moscow,RU,Europe,5,0,0,55.67862,37.644832,"PeeringDB, peeringdb.com/api"
14214,ETIX Paris #3,Vélizy-Villacoublay,FR,Europe,7,0,0,48.780725,2.217476,"PeeringDB, peeringdb.com/api"
14220,Equinix PA10 - Paris  Saint-Denis,Paris,FR,Europe,18,3,5,48.92817,2.352084,"PeeringDB, peeringdb.com/api"
14224,DC BLOX GSP1 - DCBLOX Greenville,Greenville,US,North America,2,0,1,34.806553,-82.345891,"PeeringDB, peeringdb.com/api"
14229,ESDS Bengaluru,Bangalore,IN,Asia Pacific,1,0,0,12.838728,77.663899,"PeeringDB, peeringdb.com/api"
14230,ESDS Mohali,Mohali,IN,Asia Pacific,1,0,0,,,"PeeringDB, peeringdb.com/api"
14233,Adam - PTV,Cerdanyola del Vallès,ES,Europe,6,0,0,41.484761,2.127266,"PeeringDB, peeringdb.com/api"
14234,Adam - MAD,Alcalá de Henares,ES,Europe,3,0,0,40.514618,-3.338656,"PeeringDB, peeringdb.com/api"
14235,Adam - BCN,Barcelona,ES,Europe,1,0,0,41.408865,2.170067,"PeeringDB, peeringdb.com/api"
14242,Silica Networks - (TNS01),Las Toninas,AR,South America,0,0,0,-36.486322,-56.708797,"PeeringDB, peeringdb.com/api"
14254,ESDS Airoli,Airoli,IN,Asia Pacific,0,0,0,19.169975,73.001355,"PeeringDB, peeringdb.com/api"
14256,Ixpanse AN1,Cankaya,TR,Middle East,0,0,0,39.909829,32.796597,"PeeringDB, peeringdb.com/api"
14264,SMRWORXA - Somerset West Central Office,Portland,US,North America,2,1,1,45.546391,-122.866777,"PeeringDB, peeringdb.com/api"
14265,HLBOORXH - Hawthorne Central Office,Hillsboro,US,North America,1,0,1,45.551374,-122.937143,"PeeringDB, peeringdb.com/api"
14266,BVTNORXB - Beaverton Central Office,Beaverton,US,North America,1,0,0,45.490175,-122.811642,"PeeringDB, peeringdb.com/api"
14267,GRHMORXB - Gresham Central Office,Gresham,US,North America,1,0,0,45.510725,-122.431708,"PeeringDB, peeringdb.com/api"
14268,TGRDORXA - Tigard Central Office,Tigard,US,North America,1,0,0,45.42558,-122.768572,"PeeringDB, peeringdb.com/api"
14269,KNWCWAXA - Kennewick Central Office,Kennewick,US,North America,1,0,1,46.212947,-119.187198,"PeeringDB, peeringdb.com/api"
14270,EVRTWAXA - Everett Primary Central Office,Everett,US,North America,1,0,1,47.921151,-122.226913,"PeeringDB, peeringdb.com/api"
14272,BOTHWAXB - Bothell Central Office,Bothell,US,North America,1,0,1,47.790938,-122.201932,"PeeringDB, peeringdb.com/api"
14273,CRALIDXX - Coeur d'Alene Central Office,Coeur d'Alene,US,North America,1,0,1,47.696497,-116.787537,"PeeringDB, peeringdb.com/api"
14274,Telecentro - Lomas del Mirador,Lomas del Mirador,AR,South America,1,0,0,-34.671615,-58.537447,"PeeringDB, peeringdb.com/api"
14279,Data 4 Warszawy,Jawczyce,PL,Europe,2,0,0,52.211499,20.850628,"PeeringDB, peeringdb.com/api"
14280,Data Holdings Milwaukee,Milwaukee,US,North America,2,1,2,43.044331,-87.954079,"PeeringDB, peeringdb.com/api"
14282,Konesali Yhtiöt Jyväskylä,Jyväskylä,FI,Europe,1,0,1,62.241994,25.74442,"PeeringDB, peeringdb.com/api"
14304,A Cloud Planet DC-1,Banani,BD,Asia Pacific,2,0,0,23.792697,90.402958,"PeeringDB, peeringdb.com/api"
14310,CPD Titan,Murcia,ES,Europe,8,0,0,38.029681,-1.163561,"PeeringDB, peeringdb.com/api"
14311,Enovum Datacenters MTL01,Montreal,CA,North America,3,0,0,45.508602,-73.635071,"PeeringDB, peeringdb.com/api"
14312,Quantum Switch DMM B,Dammam,SA,Middle East,0,0,0,26.2536,49.9892,"PeeringDB, peeringdb.com/api"
14313,VDC2 Viatel Parkwest,Dublin,IE,Europe,1,0,0,53.330787,-6.377148,"PeeringDB, peeringdb.com/api"
14314,MTN Congo Datacenter,Brazzaville,CG,Africa,1,0,0,-4.271188,15.288609,"PeeringDB, peeringdb.com/api"
14316,nLighten Leeds LBA1,Normanton,GB,Europe,2,0,0,53.699308,-1.397674,"PeeringDB, peeringdb.com/api"
14325,Open DC PE1 - Suntech Penang Cybercity,Penang,MY,Asia Pacific,5,3,0,5.325826,100.286772,"PeeringDB, peeringdb.com/api"
14327,CoreSite - Miami (MI2),Doral,US,North America,4,2,1,25.793318,-80.333581,"PeeringDB, peeringdb.com/api"
14330,Cellnex Datacenter Rotterdam,Rotterdam,NL,Europe,2,0,1,51.875343,4.449031,"PeeringDB, peeringdb.com/api"
14331,Cellnex Datacenter Amsterdam,Amsterdam,NL,Europe,9,0,3,52.336273,4.886635,"PeeringDB, peeringdb.com/api"
14332,Cellnex Datacenter Hilversum,Hilversum,NL,Europe,4,0,2,52.242621,5.164383,"PeeringDB, peeringdb.com/api"
14333,Cellnex Datacenter Alphen aan den Rijn,Alphen aan den Rijn,NL,Europe,3,0,1,52.136933,4.646501,"PeeringDB, peeringdb.com/api"
14336,Scala Data Centers SPOAPA01,Porto Alegre,BR,South America,9,1,0,-30.002768,-51.198149,"PeeringDB, peeringdb.com/api"
14338,PIX Hilan,Brasília,BR,South America,6,0,0,-15.796123,-47.891871,"PeeringDB, peeringdb.com/api"
14339,Scala Data Centers SMEXTP01,Tepotzotlán,MX,North America,1,0,0,19.726354,-99.206124,"PeeringDB, peeringdb.com/api"
14340,Scala Data Centers SSCLCR01,Placilla,CL,South America,0,1,0,-33.135779,-71.558436,"PeeringDB, peeringdb.com/api"
14341,DC BLOX MYR1 - DCBLOX Myrtle Beach,Myrtle Beach,US,North America,1,0,1,33.674793,-78.942594,"PeeringDB, peeringdb.com/api"
14342,GigeNET CHI3,Arlington Heights,US,North America,1,0,0,42.040442,-87.976151,"PeeringDB, peeringdb.com/api"
14343,Bonnie Lane,Sylva,US,North America,0,0,0,35.350076,-83.208476,"PeeringDB, peeringdb.com/api"
14345,Cellcom Israel Netanya Data center,Netanya,IL,Middle East,4,0,0,,,"PeeringDB, peeringdb.com/api"
14346,Cellcom Israel Rosh Ha'ayin Data center,Rosh Ha'Ayin,IL,Middle East,3,0,0,,,"PeeringDB, peeringdb.com/api"
14347,Cellcom Israel Haifa Data center,Haifa,IL,Middle East,4,0,0,,,"PeeringDB, peeringdb.com/api"
14348,Online.pt LIS1 Datacenter,Barreiro,PT,Europe,0,0,0,,,"PeeringDB, peeringdb.com/api"
14349,Fujitsu Homebush/Sydney Olympic Park,Sydney Olympic Park,AU,Australia,2,0,0,-33.849743,151.071609,"PeeringDB, peeringdb.com/api"
14350,NTT EAST 3rd MIYAGI DATA CENTER,Sendai-shi,JP,Asia Pacific,0,1,0,,,"PeeringDB, peeringdb.com/api"
14351,NTT EAST 2nd HOKKAIDO DATA CENTER,Sapporo-shi,JP,Asia Pacific,0,1,0,,,"PeeringDB, peeringdb.com/api"
14352,Start Campus SIN01,Sines,PT,Europe,4,3,3,37.935144,-8.815555,"PeeringDB, peeringdb.com/api"
14354,CtrlS Chennai DC1,Chennai,IN,Asia Pacific,7,0,0,13.107271,80.163027,"PeeringDB, peeringdb.com/api"
14355,CtrlS Chennai DC2,Chennai,IN,Asia Pacific,13,2,1,13.107271,80.163027,"PeeringDB, peeringdb.com/api"
14362,Equinix SH3 - Shanghai,Shanghai,CN,Asia Pacific,1,0,0,31.248494,121.619756,"PeeringDB, peeringdb.com/api"
14366,REN Datacenter Riba de Ave,Vila Nova de Famalicao,PT,Europe,3,0,0,41.403943,-8.391101,"PeeringDB, peeringdb.com/api"
14369,Equinix SH1 - Shanghai,Shanghai,CN,Asia Pacific,0,0,0,,,"PeeringDB, peeringdb.com/api"
14370,Equinix SH2 - Shanghai,Shanghai,CN,Asia Pacific,0,0,0,,,"PeeringDB, peeringdb.com/api"
14371,Equinix SH6 - Shanghai,Shangai,CN,Asia Pacific,1,0,0,,,"PeeringDB, peeringdb.com/api"
14372,Bangladesh Submarine Cables PLC - Dhaka,Dhaka,BD,Asia Pacific,6,1,0,23.770507,90.407997,"PeeringDB, peeringdb.com/api"
14374,Castle-IT Tours,Larcay,FR,Europe,1,0,1,47.349585,0.769303,"PeeringDB, peeringdb.com/api"
14375,AtlasEdge DC Hamburg HAM002,Ahrensburg,DE,Europe,7,0,1,53.678625,10.27049,"PeeringDB, peeringdb.com/api"
14379,ProRacks Datacenter- Kansas City,Kansas City,US,North America,0,0,0,39.104854,-94.568004,"PeeringDB, peeringdb.com/api"
14380,Penta Infra Amsterdam AMS01,Haarlem,NL,Europe,4,0,1,52.388154,4.669096,"PeeringDB, peeringdb.com/api"
14392,dc2scale PAR3 (Vélizy-Villacoublay),Vélizy-Villacoublay,FR,Europe,11,0,0,48.78425,2.209191,"PeeringDB, peeringdb.com/api"
14403,Bahnhof Gullan,Kista,SE,Europe,2,0,1,59.402241,17.962735,"PeeringDB, peeringdb.com/api"
14409,eStruxture CAL-2,Rocky View,CA,North America,3,0,0,51.201442,-113.93294,"PeeringDB, peeringdb.com/api"
14419,Nepal Digital Service Pvt Ltd,Kathmandu,NP,Asia Pacific,0,0,0,,,"PeeringDB, peeringdb.com/api"
14429,Hokkaido Internet Exchange Data Center,Sapporo,JP,Asia Pacific,0,0,0,,,"PeeringDB, peeringdb.com/api"
14438,Bharat Datacenter D1,Noida,IN,Asia Pacific,3,0,0,28.553441,77.483151,"PeeringDB, peeringdb.com/api"
14445,Digital Realty Paris PAR8,La Courneuve,FR,Europe,6,0,3,48.928564,2.397279,"PeeringDB, peeringdb.com/api"
14447,PRO DATA CENTER,Jakarta Selatan,ID,Asia Pacific,21,0,0,,,"PeeringDB, peeringdb.com/api"
14455,DataHouse Saint Petersburg,St. Petersburg,RU,Europe,4,1,0,59.913072,30.268295,"PeeringDB, peeringdb.com/api"
14456,DTIX Dijon,Chevigny-Saint-Sauveur,FR,Europe,2,0,1,,,"PeeringDB, peeringdb.com/api"
14457,DBN Data Center Blitar,Blitar,ID,Asia Pacific,4,0,0,-8.100574,112.186637,"PeeringDB, peeringdb.com/api"
14459,IT-Park DC Kazan,Kazan,RU,Europe,3,0,1,55.780502,49.133527,"PeeringDB, peeringdb.com/api"
14462,City Hosting,Stockholm,SE,Europe,10,2,0,59.335552,18.099234,"PeeringDB, peeringdb.com/api"
14465,MEO LDV,Lisbon,PT,Europe,11,3,1,38.718661,-9.240992,"PeeringDB, peeringdb.com/api"
14467,Viva Tecnologia Telecom,Camaçari,BR,South America,3,0,1,-12.772889,-38.192777,"PeeringDB, peeringdb.com/api"
14469,Digital Realty ACR2 - Accra,Accra,GH,Africa,8,2,0,5.542329,-0.206419,"PeeringDB, peeringdb.com/api"
14472,Vinters Connect,Maidstone,GB,Europe,3,0,0,51.279898,0.549469,"PeeringDB, peeringdb.com/api"
14476,Nxtra Data Mumbai DC 1,Mumbai,IN,Asia Pacific,1,1,0,19.17619,73.00138,"PeeringDB, peeringdb.com/api"
14478,University of Winnipeg,Winnipeg,CA,North America,1,0,0,49.892143,-97.153686,"PeeringDB, peeringdb.com/api"
14479,aspStation  Inc.,Pittsburgh,US,North America,0,0,0,40.46531,-79.946682,"PeeringDB, peeringdb.com/api"
14488,TierPoint Dallas Forth Worth,Fort Worth,US,North America,2,0,1,32.979657,-97.252306,"PeeringDB, peeringdb.com/api"
14493,Digital Realty Tokyo - NRT12,Inzai-shi,JP,Asia Pacific,0,0,1,,,"PeeringDB, peeringdb.com/api"
14495,PT INFORMASI NUSANTARA TEKNOLOGI,Batam,ID,Asia Pacific,0,0,0,1.130722,104.055194,"PeeringDB, peeringdb.com/api"
14499,SecureNet DC1,South Charleston,US,North America,1,1,0,38.366315,-81.695218,"PeeringDB, peeringdb.com/api"
14500,Rucolo - Perm Interconnect,Пермь,RU,Europe,2,0,0,58.012943,56.224717,"PeeringDB, peeringdb.com/api"
14510,Data Felix DF01,Caserta,IT,Europe,8,3,1,41.0664,14.321438,"PeeringDB, peeringdb.com/api"
14512,Digital Edge TYO7 - Tokyo,Chuo-ku,JP,Asia Pacific,0,0,1,35.685196,139.778348,"PeeringDB, peeringdb.com/api"
14516,Hut 8 GTA2,Vaughan,CA,North America,0,0,0,43.798468,-79.529694,"PeeringDB, peeringdb.com/api"
14519,Qonnected II Markelo (Cellnex),Markelo,NL,Europe,3,0,0,52.237003,6.44128,"PeeringDB, peeringdb.com/api"
14524,DCXV Czechia,Praha  10,CZ,Europe,1,0,0,50.080498,14.521341,"PeeringDB, peeringdb.com/api"
14534,Kaldera,3rd,MU,Africa,1,0,0,,,"PeeringDB, peeringdb.com/api"
14549,NEXTDC PH1,Port Hedland,AU,Australia,1,0,1,-20.379668,118.611734,"PeeringDB, peeringdb.com/api"
14550,NEXTDC D1,Darwin,AU,Australia,9,1,0,-12.456749,130.843567,"PeeringDB, peeringdb.com/api"
14551,NEXTDC NE1,Newman,AU,Australia,1,0,0,-23.372663,119.726205,"PeeringDB, peeringdb.com/api"
14552,NEXTDC A1,Adelaide,AU,Australia,22,3,3,-34.925645,138.607879,"PeeringDB, peeringdb.com/api"
14555,AtlasEdge DC Manchester MAN001,Salford,GB,Europe,0,1,0,53.476918,-2.308577,"PeeringDB, peeringdb.com/api"
14558,Nirmal Mondal,Gurgaon,IN,Asia Pacific,0,0,0,28.413221,77.043499,"PeeringDB, peeringdb.com/api"
14560,Sarkor DC,Tashkent,UZ,Asia Pacific,1,0,0,41.324875,69.3129,"PeeringDB, peeringdb.com/api"
14565,Cologix COL4,Columbus,US,North America,0,0,0,40.118438,-82.999997,"PeeringDB, peeringdb.com/api"
14566,Cologix MTL12,Montreal,CA,North America,2,0,0,45.493361,-73.574941,"PeeringDB, peeringdb.com/api"
14567,Cologix VAN5,Vancouver,CA,North America,3,1,0,49.284697,-123.111935,"PeeringDB, peeringdb.com/api"
14568,Cologix MTL8,Montreal,CA,North America,1,0,0,45.481081,-73.769923,"PeeringDB, peeringdb.com/api"
14569,Hut 8 GTA1,Mississauga,CA,North America,0,0,0,43.638787,-79.608894,"PeeringDB, peeringdb.com/api"
14570,Hut 8 KEL1,Kelowna,CA,North America,0,0,0,49.8856,-119.441661,"PeeringDB, peeringdb.com/api"
14576,Guam Exchange,Tamuning,GU,,4,1,0,13.500799,144.807371,"PeeringDB, peeringdb.com/api"
14582,Ufinet Panamá - Transistmica,Panama,PA,North America,1,0,0,8.994047,-79.527426,"PeeringDB, peeringdb.com/api"
14590,DCI Indonesia (E1),Jakarta,ID,Asia Pacific,15,1,0,-6.227258,106.833808,"PeeringDB, peeringdb.com/api"
14597,MASTER DA WEB,Belo Horizonte,BR,South America,1,0,0,-19.940889,-43.924084,"PeeringDB, peeringdb.com/api"
14600,Lightboard ★ Vermont,South Burlington,US,North America,7,1,0,44.448637,-73.146839,"PeeringDB, peeringdb.com/api"
14606,Neterra Pazardzhik,Pazardzhik,BG,Europe,2,1,0,42.19168,24.33744,"PeeringDB, peeringdb.com/api"
14607,Neterra Razgrad,Razgrad,BG,Europe,2,1,0,43.532612,26.526461,"PeeringDB, peeringdb.com/api"
14608,Neterra Pleven,Pleven,BG,Europe,2,1,0,43.413485,24.617276,"PeeringDB, peeringdb.com/api"
14609,Neterra Sliven,Sliven,BG,Europe,2,1,0,,,"PeeringDB, peeringdb.com/api"
14614,Data Hub Nepal,Kathmandu,NP,Asia Pacific,0,1,0,27.691452,85.31964,"PeeringDB, peeringdb.com/api"
14617,MTP Sites Mexico City Santa Fe DC,Mexico City,MX,North America,10,0,0,19.362891,-99.280133,"PeeringDB, peeringdb.com/api"
14618,TelemaxX IPC5,Stutensee,DE,Europe,0,0,0,49.077722,8.458265,"PeeringDB, peeringdb.com/api"
14620,Raiffeisen Rechenzentrum (Raaba),Raaba-Grambach,AT,Europe,5,0,0,47.028156,15.491685,"PeeringDB, peeringdb.com/api"
14628,Viettel (Cambodia) Pte. Ltd (VTC6),Phnom Penh,KH,Asia Pacific,2,1,0,,,"PeeringDB, peeringdb.com/api"
14629,Viettel (Cambodia) Pte. Ltd (VTC5),Phnom Penh,KH,Asia Pacific,0,0,0,11.54589,104.909734,"PeeringDB, peeringdb.com/api"
14638,Ufinet Chile Data Center Magnus II,Santiago,CL,South America,6,0,0,-33.386875,-70.616428,"PeeringDB, peeringdb.com/api"
14646,Greenhouse Datacenters DC3,Naaldwijk,NL,Europe,12,3,3,52.001434,4.209414,"PeeringDB, peeringdb.com/api"
14651,AtlasEdge DC Vienna VIE001,Vienna,AT,Europe,0,0,0,48.26668,16.4215,"PeeringDB, peeringdb.com/api"
14653,Equinix DX3 - Dubai,Dubai,AE,Middle East,2,2,0,25.0265,55.1867,"PeeringDB, peeringdb.com/api"
14664,MekongNet DC,Phnom Penh,KH,Asia Pacific,1,0,0,11.547921,104.927022,"PeeringDB, peeringdb.com/api"
14677,Cirion Mendoza - MEN1,Godoy Cruz,AR,South America,0,0,1,-32.927931,-68.813696,"PeeringDB, peeringdb.com/api"
14678,Cirion Cordoba - COR1,Córdoba,AR,South America,3,0,1,-31.462084,-64.201388,"PeeringDB, peeringdb.com/api"
14679,Cirion Rosario - ROS1,Rosario,AR,South America,2,0,1,-32.967531,-60.620827,"PeeringDB, peeringdb.com/api"
14684,Cirion Bogota - BOG2,Bogota,CO,South America,2,0,1,4.713547,-74.08882,"PeeringDB, peeringdb.com/api"
14686,Cirion Quito - QUI1,Quito,EC,South America,2,0,1,,,"PeeringDB, peeringdb.com/api"
14687,Cirion Quito - QUI2,Quito,EC,South America,8,1,1,,,"PeeringDB, peeringdb.com/api"
14692,NEXTDC S6,Artarmon,AU,Australia,1,0,1,-33.819428,151.186068,"PeeringDB, peeringdb.com/api"
14742,San Esteban SDC1,San Esteban,CL,South America,2,0,0,,,"PeeringDB, peeringdb.com/api"
14747,Nixcon DC,BAYRAKLI,TR,Middle East,0,0,0,38.453459,27.177317,"PeeringDB, peeringdb.com/api"
14750,Carrier Core - Tampa,Tampa,US,North America,5,0,0,27.949606,-82.458393,"PeeringDB, peeringdb.com/api"
14751,PTCL Pak Capital,Karachi,PK,Asia Pacific,4,1,0,24.8607,67.0,"PeeringDB, peeringdb.com/api"
14752,nLighten Liverpool LPL1,Wirral,GB,Europe,1,0,0,53.343085,-2.973762,"PeeringDB, peeringdb.com/api"
14753,nLighten Swindon BRS2,Swindon,GB,Europe,2,0,0,51.602125,-1.729365,"PeeringDB, peeringdb.com/api"
14754,nLighten Rugby BHX2,Rugby,GB,Europe,0,0,0,52.4,,"PeeringDB, peeringdb.com/api"
14756,SPHATIK NETWORK PRIVATE LIMITED,Jetpur,IN,Asia Pacific,0,0,0,,,"PeeringDB, peeringdb.com/api"
14766,LG Uplus Gasan IDC,Seoul,KR,Asia Pacific,2,0,0,,,"PeeringDB, peeringdb.com/api"
14767,LG Uplus Nonhyun IDC,Seoul,KR,Asia Pacific,1,0,0,37.51104,127.036811,"PeeringDB, peeringdb.com/api"
14769,Midcon Recovery Solutions B3 Data Center,Oklahoma City,US,North America,1,0,0,35.61718,-97.572301,"PeeringDB, peeringdb.com/api"
14770,MTP Sites Tijuana Edge,Tijuana,MX,North America,0,0,0,32.493306,-117.037873,"PeeringDB, peeringdb.com/api"
14771,MTP Sites San Luis Potosi (SLP) Edge,San Luis Potosi,MX,North America,1,0,0,22.180844,-100.952455,"PeeringDB, peeringdb.com/api"
14772,MTP Sites Leon Edge,León,MX,North America,1,0,0,21.12643,-101.677957,"PeeringDB, peeringdb.com/api"
14773,MTP Sites Merida Edge,Mérida,MX,North America,4,1,0,20.953323,-89.640447,"PeeringDB, peeringdb.com/api"
14774,DC INFOBOX,Chirchiq,UZ,Asia Pacific,0,0,0,41.469549,69.584983,"PeeringDB, peeringdb.com/api"
14775,Cassin1,Chasseneuil-du-Poitou,FR,Europe,2,0,0,,,"PeeringDB, peeringdb.com/api"
14779,REDHEBERG SAS,Paris,FR,Europe,0,0,0,48.871625,2.304409,"PeeringDB, peeringdb.com/api"
14781,Vegacom DC,Praha 9 – Střížkov,CZ,Europe,4,0,0,50.125629,14.485794,"PeeringDB, peeringdb.com/api"
14782,Digital Realty YYZ12 Toronto (151 Front Street),Toronto,CA,North America,6,0,0,43.644673,-79.384128,"PeeringDB, peeringdb.com/api"
14784,US Signal - Grand Rapids South,Byron Center,US,North America,2,0,0,42.825329,-85.672664,"PeeringDB, peeringdb.com/api"
14789,COOLNET,Piestany,SK,Europe,0,0,0,48.588774,17.833877,"PeeringDB, peeringdb.com/api"
14795,SynAApS,Villeurbanne,FR,Europe,1,0,0,45.784372,4.888247,"PeeringDB, peeringdb.com/api"
14796,UltraEdge Rennes,Cesson-Sévigné,FR,Europe,9,0,2,48.110048,-1.613671,"PeeringDB, peeringdb.com/api"
14806,Nordwest-IX,Oldenburg,DE,Europe,1,1,0,53.14,8.25,"PeeringDB, peeringdb.com/api"
14808,Ugletelecom P60,Donetsk,RU,Europe,4,0,0,47.994983,37.805527,"PeeringDB, peeringdb.com/api"
14812,Icolo,Nairobi,KE,Africa,3,0,0,,,"PeeringDB, peeringdb.com/api"
14814,Digital Technology Co.Ltd.,Jeddah,SA,Middle East,0,0,0,,,"PeeringDB, peeringdb.com/api"
14819,CNT EP - PICHINCHA - UIOINQ,Quito,EC,South America,0,0,0,-0.1689,-78.4847,"PeeringDB, peeringdb.com/api"
14820,Scala Data Centers SGRUTB08,Barueri,BR,South America,0,0,0,-23.497787,-46.816241,"PeeringDB, peeringdb.com/api"
14821,Scala Data Centers SGRUTB12,Tamboré,BR,South America,0,0,0,-23.497787,-46.816241,"PeeringDB, peeringdb.com/api"
14824,CNT EP - GALÁPAGOS - PBMPAY,Puerto Ayora,EC,South America,0,0,0,-0.744928,-90.315,"PeeringDB, peeringdb.com/api"
14828,Liguria Digitale Data Center - Erzelli,Genoa,IT,Europe,0,0,0,44.424191,8.863501,"PeeringDB, peeringdb.com/api"
14833,Karsolink DC Trieste,Trieste,IT,Europe,1,1,0,45.689042,13.795317,"PeeringDB, peeringdb.com/api"
14834,Raeden Michigan 1,Detroit,US,North America,0,0,0,42.32854,-83.053799,"PeeringDB, peeringdb.com/api"
14845,Equinix SP5x - São Paulo,Santana de Parnaiba,BR,South America,1,0,0,,,"PeeringDB, peeringdb.com/api"
14854,Digital Realty Madrid MAD4,Madrid,ES,Europe,25,0,4,40.438933,-3.629449,"PeeringDB, peeringdb.com/api"
14857,FiberX Data Center,Guaynabo,PR,North America,17,1,1,18.416445,-66.105707,"PeeringDB, peeringdb.com/api"
14858,Teraco CT2 Cape Town  South Africa,Cape Town,ZA,Africa,25,2,1,-33.907319,18.679126,"PeeringDB, peeringdb.com/api"
14864,IFX Networks Venezuela - Credicard,Caracas,VE,South America,0,0,0,10.492354,-66.867598,"PeeringDB, peeringdb.com/api"
14865,IFX Networks - Lebrun,Petare,VE,South America,0,0,0,10.479842,-66.811784,"PeeringDB, peeringdb.com/api"
14869,RC Solutions,Ashburn,US,North America,0,0,0,39.016494,-77.459262,"PeeringDB, peeringdb.com/api"
14871,Encore Technologies NOR1,Norwood,US,North America,0,0,0,39.160536,-84.44869,"PeeringDB, peeringdb.com/api"
14872,Encore Technologies BLU1,Blueash,US,North America,0,0,0,39.277612,-84.36949,"PeeringDB, peeringdb.com/api"
14873,Encore Technologies MSB1,Miamisburg,US,North America,0,0,0,39.616231,-84.229032,"PeeringDB, peeringdb.com/api"
14876,neuCentrIX - Semarang,Semarang,ID,Asia Pacific,28,2,0,-7.019279,110.419645,"PeeringDB, peeringdb.com/api"
14878,Fusetelecom Data Center,Bayamon,US,North America,1,0,0,18.398479,-66.156217,"PeeringDB, peeringdb.com/api"
14879,5GN Brisbane Data Centre (BDC),Brisbane,AU,Australia,3,0,1,-27.455414,153.031685,"PeeringDB, peeringdb.com/api"
14880,5GN North Sydney Data Centre (NSDC),Sydney,AU,Australia,3,0,1,-33.816318,151.192097,"PeeringDB, peeringdb.com/api"
14882,STT Kuala Lumpur 1,Cyberjaya,MY,Asia Pacific,0,0,0,2.905889,101.651324,"PeeringDB, peeringdb.com/api"
14883,STT Johor 1,Gelang Patah,MY,Asia Pacific,0,0,0,1.443716,103.611792,"PeeringDB, peeringdb.com/api"
14895,Web1 Latokari,Turku,FI,Europe,3,0,1,60.44601,22.218411,"PeeringDB, peeringdb.com/api"
14897,STT VNG Ho Chi Minh City 1,Ho Chi Minh City,VN,Asia Pacific,2,0,0,10.755807,106.742932,"PeeringDB, peeringdb.com/api"
14902,CWCS DCN3,Nottingham,GB,Europe,1,0,0,52.9272,-1.199699,"PeeringDB, peeringdb.com/api"
14904,Zoodlabs CLS MMR,Freetown,SL,Africa,8,2,0,8.460225,-13.278781,"PeeringDB, peeringdb.com/api"
14908,IP Pathways KC1,Kansas City,US,North America,1,0,0,39.101199,-94.578884,"PeeringDB, peeringdb.com/api"
14912,Digital Realty Bersama - CGK11,East Jakarta,ID,Asia Pacific,62,2,0,-6.243484,106.867617,"PeeringDB, peeringdb.com/api"
14915,Aruba IT4 - Rome,Rome,IT,Europe,16,3,1,41.931345,12.631848,"PeeringDB, peeringdb.com/api"
14916,WIND NET CDE1,Ciudad del Este,PY,South America,11,1,0,-25.500688,-54.628016,"PeeringDB, peeringdb.com/api"
14918,IX CDE SOCIEDAD ANONIMA,Ciudad del Este,PY,South America,5,1,0,-25.51386,-54.610666,"PeeringDB, peeringdb.com/api"
14920,ELN02,Ellendale,US,North America,0,0,1,46.012816,-98.569881,"PeeringDB, peeringdb.com/api"
14931,neuCentrIX - Meruya,Jakarta,ID,Asia Pacific,2,1,0,-6.217649,106.75631,"PeeringDB, peeringdb.com/api"
14934,neuCentrIX - Medan,Medan,ID,Asia Pacific,23,2,0,,,"PeeringDB, peeringdb.com/api"
14935,neuCentrIX - Ulin,Banjarmasin,ID,Asia Pacific,6,1,0,-3.337613,114.617483,"PeeringDB, peeringdb.com/api"
14936,neuCentrIX - Balikpapan Batu Ampar,Balikpapan,ID,Asia Pacific,15,2,0,-1.220361,116.861696,"PeeringDB, peeringdb.com/api"
14937,neuCentrIX - Denpasar Kaliasem,Denpasar,ID,Asia Pacific,24,2,1,-8.655012,115.218488,"PeeringDB, peeringdb.com/api"
14938,Omega Telecom Lviv,Lviv,UA,Europe,7,1,0,49.859642,24.024308,"PeeringDB, peeringdb.com/api"
14943,FPT Fornix HNI 02,Hanoi,VN,Asia Pacific,6,0,0,21.027151,105.788875,"PeeringDB, peeringdb.com/api"
14948,Datacenter,Benavídez,AR,South America,0,0,0,-34.410126,-58.719176,"PeeringDB, peeringdb.com/api"
14952,RC-Facility,Ashburn,US,North America,0,0,0,39.008455,-77.467576,"PeeringDB, peeringdb.com/api"
14953,DC CORE IP TELECOM,Teresina,BR,South America,0,0,0,-5.069206,-42.792438,"PeeringDB, peeringdb.com/api"
14954,Yotta Network LLC,Getazat,AM,Asia Pacific,0,0,0,40.036694,44.563069,"PeeringDB, peeringdb.com/api"
14956,Gh0st IT Solutions GH0ST-MAI1,Rutherford,AU,Australia,0,0,0,-32.713221,151.515571,"PeeringDB, peeringdb.com/api"
14959,Equinix KL1 - Kuala Lumpur,Cyberjaya,MY,Asia Pacific,4,1,1,2.904539,101.651829,"PeeringDB, peeringdb.com/api"
14960,Equinix JH1 - Johor,Iskandar Puteri,MY,Asia Pacific,17,1,1,1.432164,103.599009,"PeeringDB, peeringdb.com/api"
14961,Cibicom Datacenter Aarhus North,Hinnerup,DK,Europe,0,0,0,56.238456,10.114189,"PeeringDB, peeringdb.com/api"
14963,Eurofiber DC - AUC00,Auch,FR,Europe,1,0,1,43.646064,0.597598,"PeeringDB, peeringdb.com/api"
14970,CDC Melbourne BK1,Brooklyn,AU,Australia,2,1,1,-37.818303,144.842294,"PeeringDB, peeringdb.com/api"
14972,Hyperscale Data Center (HDC),Kabupaten Bekasi,ID,Asia Pacific,3,1,0,-6.375721,107.178214,"PeeringDB, peeringdb.com/api"
14973,Vautron Rechenzentrum,Regensburg,DE,Europe,0,0,0,49.016775,12.095983,"PeeringDB, peeringdb.com/api"
14976,Kern DC - Adelaide,Adelaide,AU,Australia,4,1,1,-34.924806,138.598616,"PeeringDB, peeringdb.com/api"
14982,Cologix DSM2,Cedar Falls,US,North America,2,0,1,42.474028,-92.458755,"PeeringDB, peeringdb.com/api"
14983,Cologix DSM1,Des Moines,US,North America,8,2,2,41.585529,-93.625422,"PeeringDB, peeringdb.com/api"
14984,Cologix TOR4,Markham,CA,North America,1,1,0,43.850702,-79.342507,"PeeringDB, peeringdb.com/api"
14985,Cologix TOR5,Markham,CA,North America,1,1,0,43.850702,-79.342507,"PeeringDB, peeringdb.com/api"
14986,Cologix MIN5,Minneapolis,US,North America,0,0,0,44.971408,-93.25458,"PeeringDB, peeringdb.com/api"
14993,CtrlS Kolkata DC1,Kolkata,IN,Asia Pacific,29,2,1,22.614157,88.462613,"PeeringDB, peeringdb.com/api"
14994,Teknotel - Kucukyali,Maltepe,TR,Middle East,0,0,0,40.95653,29.115873,"PeeringDB, peeringdb.com/api"
14995,Teknotel - Kartal,Kartal,TR,Middle East,0,0,0,,,"PeeringDB, peeringdb.com/api"
15001,Dataweb Tramandaí - DCTRM01,Tramandaí,BR,South America,1,0,0,-29.997709,-50.149829,"PeeringDB, peeringdb.com/api"
15002,MEGA IDC (iAdvantage Ltd),Hong Kong,HK,Asia Pacific,6,0,0,22.294005,114.273585,"PeeringDB, peeringdb.com/api"
15003,Netrality Kansas City Metro – KC2 | 7801 Nieman,Shawnee,US,North America,2,1,0,38.986502,-94.712431,"PeeringDB, peeringdb.com/api"
15004,kt cloud Songjeong GHC,Haeundae-gu,KR,Asia Pacific,0,0,0,35.17779,129.196554,"PeeringDB, peeringdb.com/api"
15005,Smartdc Montreal,Montreal,CA,North America,1,0,0,45.541721,-73.56475,"PeeringDB, peeringdb.com/api"
15013,South Spencer Aureon hut,Spencer,US,North America,2,0,0,43.112257,-95.120631,"PeeringDB, peeringdb.com/api"
15016,Crypteo Marssac,Marssac sur Tarn,FR,Europe,0,0,0,43.913658,2.037789,"PeeringDB, peeringdb.com/api"
15017,Media Sat Data Center,Bucharest,RO,Europe,0,0,0,44.444577,26.130018,"PeeringDB, peeringdb.com/api"
15023,Milton1,Milton,CA,North America,0,0,0,43.543149,-79.880871,"PeeringDB, peeringdb.com/api"
15030,ITENOS Hamburg (HAM2),Ahrensburg,DE,Europe,1,0,0,53.678625,10.27049,"PeeringDB, peeringdb.com/api"
15033,OMNIDC BATAM,Batam City,ID,Asia Pacific,16,1,0,,,"PeeringDB, peeringdb.com/api"
15045,Digital Edge TYO4  TYO5  TYO6 - Tokyo,Yokohama  Kanagawa,JP,Asia Pacific,1,0,0,35.532198,139.559219,"PeeringDB, peeringdb.com/api"
15046,Equinix GN1 - Genoa,Genoa,IT,Europe,0,0,1,44.426913,8.950105,"PeeringDB, peeringdb.com/api"
15047,Equinix SP6 - São Paulo,Santana de Parnaiba,BR,South America,7,0,0,-23.460369,-46.859912,"PeeringDB, peeringdb.com/api"
15048,Equinix RJ3 - Rio de Janeiro,Sao Joao de Meriti,BR,South America,7,1,1,,,"PeeringDB, peeringdb.com/api"
15050,Equinix MB4 - Mumbai,Mumbai,IN,Asia Pacific,4,0,0,19.180426,72.996005,"PeeringDB, peeringdb.com/api"
15051,Ncell IDC - KTM1 - Kathmandu,Kathmandu,NP,Asia Pacific,1,0,0,,,"PeeringDB, peeringdb.com/api"
15054,Orange / Chartres,Amilly,FR,Europe,1,0,0,48.446693,1.42753,"PeeringDB, peeringdb.com/api"
15056,NAMA,Bandung,ID,Asia Pacific,2,0,0,-6.914616,107.596138,"PeeringDB, peeringdb.com/api"
15058,AT TOKYO (CC3),Tokyo,JP,Asia Pacific,5,5,1,35.691021,139.786182,"PeeringDB, peeringdb.com/api"
15060,NTT CNN2A,Chennai,IN,Asia Pacific,0,0,0,13.100416,80.165827,"PeeringDB, peeringdb.com/api"
15067,ADV ZARATE,Zárate,AR,South America,1,1,1,-34.102757,-59.022318,"PeeringDB, peeringdb.com/api"
15068,London Technology Centre,Hounslow,GB,Europe,1,0,0,51.467283,-0.399244,"PeeringDB, peeringdb.com/api"
15069,Elland DC,Elland,GB,Europe,0,0,0,53.695271,-1.82825,"PeeringDB, peeringdb.com/api"
15074,Penta Infra Brussel BRU01,Asse,BE,Europe,5,1,1,50.881932,4.288926,"PeeringDB, peeringdb.com/api"
15075,ANACONDAWEB S.A.,Temuco,CL,South America,1,1,0,-38.742672,-72.596044,"PeeringDB, peeringdb.com/api"
15079,CoreSite - Santa Clara (SV9),Santa Clara,US,North America,4,2,0,37.3749,-121.969155,"PeeringDB, peeringdb.com/api"
15080,Lightboard ★ New England,Springfield,US,North America,3,1,0,42.109522,-72.576306,"PeeringDB, peeringdb.com/api"
15081,EDGE2 (EG2) - Digital Edge JKT2 - Jakarta,Jakarta Selatan,ID,Asia Pacific,39,3,0,-6.213875,106.835222,"PeeringDB, peeringdb.com/api"
15084,Amaze Communications DC,Sydney,AU,Australia,0,0,0,-33.901611,151.202853,"PeeringDB, peeringdb.com/api"
15090,EXA CLS Lynn,Lynn,US,North America,1,0,0,42.45957,-70.960773,"PeeringDB, peeringdb.com/api"
15092,Dataverge Jersey City,Jersey City,US,North America,6,0,0,40.726366,-74.033696,"PeeringDB, peeringdb.com/api"
15093,Odata DC SP02,Hortolandia,BR,South America,0,0,0,-22.89953,-47.195261,"PeeringDB, peeringdb.com/api"
15094,GTD Chile - Lidice I,Santiago,CL,South America,2,0,0,-33.435398,-70.649192,"PeeringDB, peeringdb.com/api"
15099,TECNOERA LONDRES ZONA 1,Viña del Mar,CL,South America,1,1,0,-33.029241,-71.567446,"PeeringDB, peeringdb.com/api"
15103,Nexbyte - Gedung Cyber,Jakarta Selatan  Daerah Khusus Ibukota Jakarta  12710,ID,Asia Pacific,5,0,0,-6.238337,106.818885,"PeeringDB, peeringdb.com/api"
15106,SachsenEnergieCenter Dresden,Dresden,DE,Europe,6,1,1,51.03888,13.73231,"PeeringDB, peeringdb.com/api"
15107,Kraftwerk Mitte Dresden,Dresden,DE,Europe,3,0,0,51.052916,13.722783,"PeeringDB, peeringdb.com/api"
15108,DataCenter Dresden Reick,Dresden,DE,Europe,4,0,0,51.024311,13.787352,"PeeringDB, peeringdb.com/api"
15109,Collocation Washingtonstraße Dresden,Dresden,DE,Europe,2,0,0,51.07586,13.68935,"PeeringDB, peeringdb.com/api"
15123,Hostway,Gyeonggi-do,KR,Asia Pacific,1,0,0,37.413508,127.124491,"PeeringDB, peeringdb.com/api"
15126,SKbroadbandidc,Seongnam,KR,Asia Pacific,3,0,0,37.335214,127.110549,"PeeringDB, peeringdb.com/api"
15128,STT Tokyo 1,Inzai,JP,Asia Pacific,0,0,0,35.817582,140.13426,"PeeringDB, peeringdb.com/api"
15129,STT Tokyo 2,Inzai,JP,Asia Pacific,0,0,0,35.818356,140.134721,"PeeringDB, peeringdb.com/api"
15130,STT Seoul 1,Seoul,KR,Asia Pacific,0,0,0,37.473354,126.882697,"PeeringDB, peeringdb.com/api"
15135,Pulsant Edinburgh SC-2 (Medway),Edinburgh,GB,Europe,1,0,0,55.925691,-3.296296,"PeeringDB, peeringdb.com/api"
15136,Pulsant Newcastle NE-2 (East),Tyne & Wear,GB,Europe,1,0,0,,,"PeeringDB, peeringdb.com/api"
15137,Pulsant Rotherham YH-1,Rotherham,GB,Europe,1,0,0,53.502566,-1.314919,"PeeringDB, peeringdb.com/api"
15138,STT Fairview Campus,Quezon City,PH,Asia Pacific,1,0,0,14.70523,121.069403,"PeeringDB, peeringdb.com/api"
15142,ACS North Wire Center,Anchorage,US,North America,1,1,0,61.208966,-149.890871,"PeeringDB, peeringdb.com/api"
15144,2002 Victoria Avenue,Regina,CA,North America,1,0,0,50.447455,-104.609743,"PeeringDB, peeringdb.com/api"
15147,ITENOS Frankfurt (FRA3),Eschborn,DE,Europe,1,0,0,50.14418,8.55744,"PeeringDB, peeringdb.com/api"
15148,ITENOS Stuttgart (STR3),Stuttgart,DE,Europe,1,0,0,48.721428,9.128587,"PeeringDB, peeringdb.com/api"
15149,ITENOS Stuttgart (STR2),Böblingen,DE,Europe,1,0,0,48.67576,8.966942,"PeeringDB, peeringdb.com/api"
15150,ITENOS München (MUC1),Garching,DE,Europe,0,0,0,48.255514,11.61155,"PeeringDB, peeringdb.com/api"
15154,Daycohost - Valencia,Valencia,VE,South America,2,1,1,,,"PeeringDB, peeringdb.com/api"
15163,Vix Datacenter,Cariacica,BR,South America,1,1,0,-20.336156,-40.390571,"PeeringDB, peeringdb.com/api"
15182,STT Cavite 1,General Trias,PH,Asia Pacific,1,0,0,14.260706,120.919694,"PeeringDB, peeringdb.com/api"
15183,STT Cavite 2,General Trias,PH,Asia Pacific,0,0,0,14.260706,120.919694,"PeeringDB, peeringdb.com/api"
15187,STT Mandaluyong,Mandaluyong,PH,Asia Pacific,0,0,0,14.571933,121.05175,"PeeringDB, peeringdb.com/api"
15188,STT Davao,Davao,PH,Asia Pacific,0,0,0,7.055638,125.546828,"PeeringDB, peeringdb.com/api"
15189,IKB - Rechenzentrum Karwendel,Innsbruck,AT,Europe,0,0,0,47.289935,11.416019,"PeeringDB, peeringdb.com/api"
15197,Choice2mobile Technology Ltd,Lagos,NG,Africa,0,0,0,6.636105,3.362261,"PeeringDB, peeringdb.com/api"
15201,Sejong Networks IDC,Yongin-si,KR,Asia Pacific,1,0,0,,,"PeeringDB, peeringdb.com/api"
15202,DataVita DV2 Glasgow,Glasgow,GB,Europe,1,0,0,55.861579,-4.265281,"PeeringDB, peeringdb.com/api"
15203,DATA CENTER No. 1,Saint-Peterburg,RU,Europe,2,0,0,59.832114,30.304406,"PeeringDB, peeringdb.com/api"
15205,Axione Limousin,Limoges,FR,Europe,3,0,0,45.862106,1.292795,"PeeringDB, peeringdb.com/api"
15206,IzarHost,Bidart,FR,Europe,3,0,1,43.446708,-1.553138,"PeeringDB, peeringdb.com/api"
15207,ITENOS Berlin (BER1),Kleinmachnow,DE,Europe,0,0,0,52.408761,13.186839,"PeeringDB, peeringdb.com/api"
15214,Ada Infrastructure (Docklands),London,GB,Europe,0,0,0,51.502756,0.018048,"PeeringDB, peeringdb.com/api"
15215,Lake Region Technology & Communications,Hulbert,US,North America,1,0,0,35.931102,-95.134992,"PeeringDB, peeringdb.com/api"
15218,BR.Digital Foz do Iguaçu (FOZ1),Foz do Iguacu,BR,South America,4,1,1,,,"PeeringDB, peeringdb.com/api"
15226,Khazna Data Center - Ibn Battuta - DXB8,Jebel Ali,AE,Middle East,1,0,0,25.046817,55.117658,"PeeringDB, peeringdb.com/api"
15227,Khazna Data Center Ibn Battuta - DXB 3,Jebel Ali,AE,Middle East,0,0,0,25.046817,55.117658,"PeeringDB, peeringdb.com/api"
15228,Khazna Data Center - Dubai Design District,Dubai,AE,Middle East,0,0,0,,,"PeeringDB, peeringdb.com/api"
15229,Khazna Data Center - Khalifa City - AUH3,Abu Dhabi,AE,Middle East,0,0,0,,,"PeeringDB, peeringdb.com/api"
15230,Khazna Data Center - Al Ain,Al Ain,AE,Middle East,0,0,0,,,"PeeringDB, peeringdb.com/api"
15233,CNT EP - PICHINCHA - UIOETT,Quito,EC,South America,0,0,0,-0.273055,-78.4753,"PeeringDB, peeringdb.com/api"
15240,Metanet New York Data Center CHELSEA,New York,US,North America,2,0,0,40.74331,-74.007932,"PeeringDB, peeringdb.com/api"
15241,Metanet New York Data Center Staten Island,Staten Island,US,North America,4,0,0,40.603355,-74.181099,"PeeringDB, peeringdb.com/api"
15242,Metanet New York Data Center GOOGLEPLEX,New York,US,North America,1,0,0,40.741491,-74.003389,"PeeringDB, peeringdb.com/api"
15243,Interphase Data Center New York I,New York,US,North America,1,0,0,40.741469,-74.003387,"PeeringDB, peeringdb.com/api"
15245,ECOM,LA VEGA,DO,North America,10,1,0,19.340213,-70.611168,"PeeringDB, peeringdb.com/api"
15250,SHIFT DATA - Yuchengco Tower,Makati,PH,Asia Pacific,0,0,0,14.560937,121.015958,"PeeringDB, peeringdb.com/api"
15251,HighDC La Chaux-de-Fonds,La Chaux-de-Fonds,CH,Europe,0,0,0,47.08215,6.801956,"PeeringDB, peeringdb.com/api"
15252,ark data centers - Green Bay  WI,Menasha,US,North America,1,0,0,44.207099,-88.345585,"PeeringDB, peeringdb.com/api"
15254,MERLIN Edged MAD01 - Madrid-Getafe,Getafe,ES,Europe,1,0,2,40.310814,-3.692923,"PeeringDB, peeringdb.com/api"
15255,MERLIN Edged BAR01 - Barcelona-PLZ,Barcelona,ES,Europe,2,0,2,41.341884,2.129492,"PeeringDB, peeringdb.com/api"
15257,MEDIACTIVE MN3,Choisy-le-Roi,FR,Europe,3,0,1,48.753211,2.416659,"PeeringDB, peeringdb.com/api"
15259,KeyPoint Novosibirsk,Novosibirsk,RU,Europe,2,0,2,55.019362,82.517679,"PeeringDB, peeringdb.com/api"
15260,KeyPoint Vladivostok,Vladivostok,RU,Europe,4,0,2,43.32741,131.971822,"PeeringDB, peeringdb.com/api"
15261,MERLIN Edged BIL03 - Bilbao-Arasur,Rivabellosa,ES,Europe,1,0,2,42.698312,-2.910495,"PeeringDB, peeringdb.com/api"
15270,KAMP Netzwerkdienste OBE1,Oberhausen,DE,Europe,1,0,0,51.505862,6.872021,"PeeringDB, peeringdb.com/api"
15276,Interphase Data Center New York II,New York,US,North America,0,0,0,40.74331,-74.007932,"PeeringDB, peeringdb.com/api"
15279,IIX-JawaTimur (IIX-JI2),Surabaya,ID,Asia Pacific,2,1,0,-7.266309,112.748766,"PeeringDB, peeringdb.com/api"
15280,ST Telemedia Global Data Centres (STT GDC),Bangkok,TH,Asia Pacific,2,0,0,13.731617,100.547893,"PeeringDB, peeringdb.com/api"
15282,3HCloud - MIA-1,Miami,US,North America,0,1,0,25.775702,-80.193056,"PeeringDB, peeringdb.com/api"
15283,3HCloud - MIA-2,Miami,US,North America,0,0,0,25.782365,-80.19313,"PeeringDB, peeringdb.com/api"
15284,3HCloud - DFW-1,Dallas,US,North America,0,0,1,32.827345,-96.873974,"PeeringDB, peeringdb.com/api"
15285,3HCloud - SFO-1,San Francisco,US,North America,0,0,0,37.788637,-122.390676,"PeeringDB, peeringdb.com/api"
15286,3HCloud - WAW-1,Warsaw,PL,Europe,0,0,0,52.154029,21.004326,"PeeringDB, peeringdb.com/api"
15287,3HCloud - ALA-1,Almaty,KZ,Asia Pacific,0,0,0,43.240943,76.977475,"PeeringDB, peeringdb.com/api"
15288,3HCloud - WAW-2,Warsaw,PL,Europe,0,0,0,52.236589,21.117365,"PeeringDB, peeringdb.com/api"
15290,Zummer - DataCenter,Tyumen,RU,Europe,0,0,0,57.130306,65.541168,"PeeringDB, peeringdb.com/api"
15294,Gayatri-DC,Surabaya,ID,Asia Pacific,1,0,0,-7.272946,112.742898,"PeeringDB, peeringdb.com/api"
15297,Felicity IDC - Kaliakoir,Gazipur,BD,Asia Pacific,7,1,0,24.064969,90.235979,"PeeringDB, peeringdb.com/api"
15299,Hosting Data Center Cluj,Cluj Napoca,RO,Europe,0,0,0,46.757677,23.551859,"PeeringDB, peeringdb.com/api"
15301,Gayatri-DC-1,Tulungagung,ID,Asia Pacific,1,0,0,-8.023298,111.893359,"PeeringDB, peeringdb.com/api"
15307,EXA Edge DC Barcelona,Cerdanyola del Vallès,ES,Europe,0,0,0,41.500726,2.13558,"PeeringDB, peeringdb.com/api"
15308,Secure Data Center Bekkan,Mitaka,JP,Asia Pacific,0,0,0,35.687083,139.566331,"PeeringDB, peeringdb.com/api"
15313,Secure Data Center TC4,Mitaka,JP,Asia Pacific,0,0,0,,,"PeeringDB, peeringdb.com/api"
15315,Secure Data Center Shinkan,Mitaka,JP,Asia Pacific,0,0,0,,,"PeeringDB, peeringdb.com/api"
15328,Grid Hosting Limited,Derby,GB,Europe,2,0,0,52.935295,-1.466669,"PeeringDB, peeringdb.com/api"
15332,Net-City DC,Zhytomyr,UA,Europe,2,1,0,,,"PeeringDB, peeringdb.com/api"
15349,EXA Edge DC Frankfurt2,Frankfurt,DE,Europe,0,0,0,50.09885,8.632004,"PeeringDB, peeringdb.com/api"
15354,DATACONNECT COTE D'IVOIRE,Abidjan,CI,Africa,0,0,0,,,"PeeringDB, peeringdb.com/api"
15356,Equinix JN1 - Johannesburg,Johannesburg,ZA,Africa,9,1,1,-26.1562,28.1984,"PeeringDB, peeringdb.com/api"
15357,Purecolo Ottawa DC2,Ottawa,CA,North America,1,0,1,45.34067,-75.690384,"PeeringDB, peeringdb.com/api"
15358,IFX Networks - Buenos Aires,Buenos Aires,AR,South America,1,0,0,-34.61381,-58.3886,"PeeringDB, peeringdb.com/api"
15359,LEDC - CFS1 - Coffs Harbour,Coffs Harbour,AU,Australia,3,0,0,-30.31444,153.116995,"PeeringDB, peeringdb.com/api"
15360,LEDC - WGA1 - Wagga Wagga,Turvey Park,AU,Australia,3,0,0,-35.126278,147.349614,"PeeringDB, peeringdb.com/api"
15362,Netmagic Chandivali - MUM DC09,Mumbai,IN,Asia Pacific,2,1,0,19.114468,72.890131,"PeeringDB, peeringdb.com/api"
15363,NTT NAV02 Airoli,Navi Mumbai,IN,Asia Pacific,0,0,0,19.103301,73.02522,"PeeringDB, peeringdb.com/api"
15364,NTT Noida DC2A,Greater Noida,IN,Asia Pacific,4,2,0,28.594001,77.43574,"PeeringDB, peeringdb.com/api"
15394,dc2scale PAR4x (Meudon),Meudon,FR,Europe,1,0,0,48.786855,2.219393,"PeeringDB, peeringdb.com/api"
15405,neuCentrIX - Aceh,Kota Banda Aceh,ID,Asia Pacific,1,0,0,,,"PeeringDB, peeringdb.com/api"
15406,neuCentriX - Talang Kelapa,Palembang,ID,Asia Pacific,6,1,0,-2.951902,104.734148,"PeeringDB, peeringdb.com/api"
15407,neuCentrIX - Tanjung Karang,Bandar Lampung,ID,Asia Pacific,1,0,0,-5.409079,105.257379,"PeeringDB, peeringdb.com/api"
15408,neuCentriX - Jatinegara,Jakarta Timur,ID,Asia Pacific,3,0,0,-6.223196,106.872773,"PeeringDB, peeringdb.com/api"
15409,neuCentrIX - Malang,Malang,ID,Asia Pacific,3,0,0,-7.980217,112.629902,"PeeringDB, peeringdb.com/api"
15411,neuCentrIX - Surabaya Kebalen,Surabaya,ID,Asia Pacific,5,0,0,-7.229522,112.735092,"PeeringDB, peeringdb.com/api"
15412,neuCentrIX - Pontianak,Pontianak,ID,Asia Pacific,4,1,0,-0.033905,109.332893,"PeeringDB, peeringdb.com/api"
15413,neuCentrIX - Sepaku,Balikpapan,ID,Asia Pacific,1,0,0,-1.217321,116.854011,"PeeringDB, peeringdb.com/api"
15414,neuCentrIX - Manado,Manado,ID,Asia Pacific,6,0,0,,,"PeeringDB, peeringdb.com/api"
15415,neuCentrIX - Makassar Mattoangin,Makassar,ID,Asia Pacific,12,1,0,-5.161469,119.415443,"PeeringDB, peeringdb.com/api"
15419,Equinix BA2 - Barcelona,Barcelona,ES,Europe,0,0,1,41.351324,2.09898,"PeeringDB, peeringdb.com/api"
15422,PIX-Setic,Porto Velho,BR,South America,1,1,0,,,"PeeringDB, peeringdb.com/api"
15423,PIX-Ollá Telecom,Porto Velho,BR,South America,2,1,0,,,"PeeringDB, peeringdb.com/api"
15424,PIX-NBS Telecom,Porto Velho,BR,South America,1,1,0,,,"PeeringDB, peeringdb.com/api"
15430,Equinix TY15 - Tokyo,Tokyo,JP,Asia Pacific,9,1,1,35.632661,139.747749,"PeeringDB, peeringdb.com/api"
15432,NETMOUNTAINS® Datacenter VEL1 & VEL2,Velbert,DE,Europe,6,0,1,51.349159,7.067888,"PeeringDB, peeringdb.com/api"
15433,Elea SPO2 - São Bernardo do Campo,São Bernardo do Campo,BR,South America,1,1,0,-23.677319,-46.569368,"PeeringDB, peeringdb.com/api"
15438,Equinix DC16,Ashburn,US,North America,1,1,1,39.024202,-77.452284,"PeeringDB, peeringdb.com/api"
15446,BB1,Boulogne-Billancourt,FR,Europe,0,0,0,48.836333,2.235044,"PeeringDB, peeringdb.com/api"
15447,Digital Realty Paris PAR12,Ferrières-en-Brie,FR,Europe,1,0,0,48.823273,2.722201,"PeeringDB, peeringdb.com/api"
15448,Digital Realty Paris PAR13,Les Ulis,FR,Europe,0,0,0,48.675347,2.203185,"PeeringDB, peeringdb.com/api"
15455,LSTI 401 Market,Canton,US,North America,1,0,1,40.800863,-81.374423,"PeeringDB, peeringdb.com/api"
15457,Portus MUC1,Kirchheim,DE,Europe,7,1,2,48.158529,11.768818,"PeeringDB, peeringdb.com/api"
15459,Turk Telekom Gayrettepe IDC,Gayrettepe,TR,Middle East,16,1,0,41.063782,29.001482,"PeeringDB, peeringdb.com/api"
15473,InterBox Internet,Capelle aan den IJssel,NL,Europe,1,0,0,51.962873,4.584283,"PeeringDB, peeringdb.com/api"
15475,EXA Edge DC Dusseldorf,Düsseldorf,DE,Europe,1,0,1,51.258694,6.798828,"PeeringDB, peeringdb.com/api"
15476,San Martin,Bogota,CO,South America,0,0,0,4.675713,-74.065342,"PeeringDB, peeringdb.com/api"
15477,Bogotá - Barrio Colombia,Bogota,CO,South America,0,0,0,4.659731,-74.066487,"PeeringDB, peeringdb.com/api"
15479,EXEA Data Center,Toruń,PL,Europe,1,0,0,52.990818,18.66691,"PeeringDB, peeringdb.com/api"
15484,Shakir Hage,Baghdad,IQ,Middle East,0,0,0,33.308996,44.445369,"PeeringDB, peeringdb.com/api"
15488,SITELBRA DC SOFN BSA,Brasília,BR,South America,4,0,0,,,"PeeringDB, peeringdb.com/api"
15492,dc2scale PAR5 (Vélizy-Villacoublay),Vélizy-Villacoublay,FR,Europe,3,0,0,48.778615,2.214813,"PeeringDB, peeringdb.com/api"
15494,PIX-Core3,Feira De Santana,BR,South America,0,1,0,,,"PeeringDB, peeringdb.com/api"
15495,PIX-TuxNet,Feira De Santana,BR,South America,1,1,0,,,"PeeringDB, peeringdb.com/api"
15496,BR.Digital Feira de Santana (FSA1),Feira De Santana,BR,South America,2,1,1,,,"PeeringDB, peeringdb.com/api"
15498,Equinix IL4 - Istanbul,Istanbul,TR,Middle East,15,1,1,41.008655,29.156655,"PeeringDB, peeringdb.com/api"
15504,Nubes Alto,Moscow,RU,Europe,2,0,1,55.603546,37.636661,"PeeringDB, peeringdb.com/api"
15506,nexspace data centers Heidelberg,Heidelberg,DE,Europe,1,0,0,49.394008,8.672689,"PeeringDB, peeringdb.com/api"
15509,Fiberlink Data Center,South Jakarta,ID,Asia Pacific,2,0,0,-6.238698,106.824115,"PeeringDB, peeringdb.com/api"
15517,Data Node,Timisoara,RO,Europe,0,0,0,45.774162,21.211925,"PeeringDB, peeringdb.com/api"
15520,COLO-54 Moldtelecom,Chisinau,MD,Europe,0,1,0,47.061825,28.942803,"PeeringDB, peeringdb.com/api"
15521,Data City - Moldtelecom,Chisinau,MD,Europe,0,1,0,47.042599,28.761177,"PeeringDB, peeringdb.com/api"
15522,Start Campus SIN02,Sines,PT,Europe,0,0,1,37.962277,-8.871314,"PeeringDB, peeringdb.com/api"
15524,Equinix MD6,Madrid,ES,Europe,4,0,2,40.533739,-3.661545,"PeeringDB, peeringdb.com/api"
15525,Digital Edge SEL2 SEL3 - Seoul,Incheon,KR,Asia Pacific,1,0,1,37.517963,126.710935,"PeeringDB, peeringdb.com/api"
15526,Magdalena Datacenter,Madrid,ES,Europe,0,4,0,40.467654,-3.658841,"PeeringDB, peeringdb.com/api"
15527,Cantabria Datacenter,Madrid,ES,Europe,0,4,0,40.464784,-3.659262,"PeeringDB, peeringdb.com/api"
15532,Equinix JK1 - Jakarta,Jakarta,ID,Asia Pacific,64,3,1,-6.234898,106.822789,"PeeringDB, peeringdb.com/api"
15534,NT Sriracha Data Center,Chon Buri,TH,Asia Pacific,0,0,0,,,"PeeringDB, peeringdb.com/api"
15540,Nxtra Data Mumbai DC 3,Mumbai,IN,Asia Pacific,4,2,0,19.100473,73.02043,"PeeringDB, peeringdb.com/api"
15542,BR.Digital Caruaru (CRU1),Caruaru,BR,South America,2,1,1,-8.29971,-35.97465,"PeeringDB, peeringdb.com/api"
15543,1 Telecom Caruaru,Caruaru,BR,South America,0,1,0,,,"PeeringDB, peeringdb.com/api"
15546,CtrlS Mumbai DC4,Mumbai,IN,Asia Pacific,5,0,0,19.10898,73.024815,"PeeringDB, peeringdb.com/api"
15547,CtrlS Mumbai DC5,Navi Mumbai,IN,Asia Pacific,4,0,1,19.10892,73.024815,"PeeringDB, peeringdb.com/api"
15548,TierPoint St. Louis - Locust,St Louis,US,North America,1,0,0,38.633537,-90.21267,"PeeringDB, peeringdb.com/api"
15549,Bitera Data Center Indonesia Jakarta,Jakarta,ID,Asia Pacific,14,1,0,-6.234429,106.826953,"PeeringDB, peeringdb.com/api"
15550,Data Center,Wuppertal,DE,Europe,0,0,0,51.278764,7.160988,"PeeringDB, peeringdb.com/api"
15560,LightSpeed Hosting - Medina,Medina,US,North America,0,0,0,41.137371,-81.701097,"PeeringDB, peeringdb.com/api"
15562,center3 JED1 - Jeddah,Jeddah,SA,Middle East,4,1,0,,,"PeeringDB, peeringdb.com/api"
15563,center3 JED3 - Jeddah,Jeddah,SA,Middle East,1,0,0,,,"PeeringDB, peeringdb.com/api"
15564,center3 JED2 - Jeddah,Jeddah,SA,Middle East,16,0,0,,,"PeeringDB, peeringdb.com/api"
15565,center3 MKK1 - Makkah,Mecca,SA,Middle East,1,0,0,,,"PeeringDB, peeringdb.com/api"
15566,center3 RUH4 - Riyadh,Riyadh,SA,Middle East,8,1,0,,,"PeeringDB, peeringdb.com/api"
15567,center3 RUH1 - Riyadh,Riyadh,SA,Middle East,6,0,0,,,"PeeringDB, peeringdb.com/api"
15568,center3 RUH2 - Riyadh,Riyadh,SA,Middle East,2,0,0,,,"PeeringDB, peeringdb.com/api"
15569,center3 RUH3 - Riyadh,Riyadh,SA,Middle East,3,0,0,,,"PeeringDB, peeringdb.com/api"
15571,center3 RUH5 - Riyadh,Riyadh,SA,Middle East,1,0,0,,,"PeeringDB, peeringdb.com/api"
15572,center3 RUH6 - Riyadh,Riyadh,SA,Middle East,0,0,0,,,"PeeringDB, peeringdb.com/api"
15574,center3 DMM1 - Dammam,Dammam,SA,Middle East,2,0,0,,,"PeeringDB, peeringdb.com/api"
15575,center3 DMM2 - Dammam,Dammam,SA,Middle East,3,0,0,,,"PeeringDB, peeringdb.com/api"
15576,center3 KBR1 - Al-Khobar,Al-Khobar,SA,Middle East,2,0,0,,,"PeeringDB, peeringdb.com/api"
15577,center3 MED1 - Madinah,Madinah,SA,Middle East,2,0,0,,,"PeeringDB, peeringdb.com/api"
15578,center3 ELQ1 - Buraydah,Buraydah,SA,Middle East,2,0,0,,,"PeeringDB, peeringdb.com/api"
15589,Lumen Kansas City,Kansas City,US,North America,1,0,0,39.090638,-94.568428,"PeeringDB, peeringdb.com/api"
15590,Lumen San Antonio 1,San Antonio,US,North America,2,0,1,29.475675,-98.390801,"PeeringDB, peeringdb.com/api"
15594,Cogent Detroit,Detroit,US,North America,3,0,0,42.330743,-83.055773,"PeeringDB, peeringdb.com/api"
15599,Apotech,Mount Prospect,US,North America,2,0,0,42.078443,-87.915648,"PeeringDB, peeringdb.com/api"
15606,ADV TALAR,Buenos Aires,AR,South America,1,1,0,-34.45699,-58.68856,"PeeringDB, peeringdb.com/api"
15617,Mars Datacenter Ankara-1,Ankara,TR,Middle East,10,0,0,39.795031,32.402744,"PeeringDB, peeringdb.com/api"
15642,Raxio  CIV1  Abidjan  Côte d’Ivoire,Zone Franche  VITIB,CI,Africa,0,0,0,5.230347,-3.757779,"PeeringDB, peeringdb.com/api"
15643,Raxio  MZ1  Maputo  Mozambique,Boane District,MZ,Africa,4,0,0,-25.919657,32.410263,"PeeringDB, peeringdb.com/api"
15644,Raxio  DRC1  Kinshasa  Democratic Republic of the Congo (DRC),Kinshasa,CD,Africa,6,1,0,,,"PeeringDB, peeringdb.com/api"
15646,Datacenter service Abidjan CIV01,Grand Bassam,CI,Africa,1,0,0,5.230347,-3.757779,"PeeringDB, peeringdb.com/api"
15648,EVB-CLJ-DC1,Juc-Herghelie,RO,Europe,1,0,0,46.881152,23.790246,"PeeringDB, peeringdb.com/api"
15667,Atlantech Online - Rockville  MD,Rockville,US,North America,4,1,0,39.064319,-77.160038,"PeeringDB, peeringdb.com/api"
15668,Atlantech Online - Silver Spring  MD,Silver Spring,US,North America,1,0,0,38.993843,-77.027705,"PeeringDB, peeringdb.com/api"
15681,East Kentucky Network Data Center,Ivel,US,North America,2,1,0,37.596989,-82.68065,"PeeringDB, peeringdb.com/api"
15682,BICARA Data Center,Serang,ID,Asia Pacific,4,1,0,-6.117541,106.171641,"PeeringDB, peeringdb.com/api"
15686,Datacenter Albania,Tirana,AL,Europe,2,0,0,41.329279,19.827882,"PeeringDB, peeringdb.com/api"
15689,XLSmart Cyber 1,Jakarta,ID,Asia Pacific,0,0,0,-6.238649,106.824078,"PeeringDB, peeringdb.com/api"
15690,Data Target DC,Zagreb,HR,Europe,5,0,2,45.744704,16.001606,"PeeringDB, peeringdb.com/api"
15692,Cometa Internet,Porto Alegre,BR,South America,1,0,0,-30.0131,-51.143024,"PeeringDB, peeringdb.com/api"
15701,365 Data Centers Carlstadt (NJ3),Carlstadt,US,North America,4,0,0,40.827949,-74.049418,"PeeringDB, peeringdb.com/api"
15711,DC-T01 iHost.AL,Tirana,AL,Europe,2,0,0,41.337336,19.83892,"PeeringDB, peeringdb.com/api"
15715,Ishan Technologies Mumbai DC1,Mumbai,IN,Asia Pacific,3,1,0,19.113556,72.892808,"PeeringDB, peeringdb.com/api"
15717,T2 Ljubljana Brnciceva,Črnuče,SI,Europe,1,0,0,46.094962,14.55381,"PeeringDB, peeringdb.com/api"
15718,MY03,Kuala Lumpur,MY,Asia Pacific,0,0,0,3.045559,101.693271,"PeeringDB, peeringdb.com/api"
15719,MY06,Kulai,MY,Asia Pacific,0,0,0,1.700833,103.4125,"PeeringDB, peeringdb.com/api"
15720,MY07,Johor,MY,Asia Pacific,0,0,0,,,"PeeringDB, peeringdb.com/api"
15721,DIVERSITY CLOUD MAD1,Arganda del Rey,ES,Europe,1,0,0,,,"PeeringDB, peeringdb.com/api"
15722,DIVERSITY CLOUD MUN1,Munich,DE,Europe,1,0,0,,,"PeeringDB, peeringdb.com/api"
15723,DIVERSITY CLOUD HEL1,Helsinki,FI,Europe,1,0,0,,,"PeeringDB, peeringdb.com/api"
15727,BBY01,Navi Mumbai,IN,Asia Pacific,0,0,0,19.173795,72.998076,"PeeringDB, peeringdb.com/api"
15728,BKK01,Bang Phli,TH,Asia Pacific,0,0,0,13.575707,100.760855,"PeeringDB, peeringdb.com/api"
15730,PAIX Dakar,Dakar,SN,Africa,0,0,0,14.740833,-17.53,"PeeringDB, peeringdb.com/api"
15749,Tokyo West 1,Tama,JP,Asia Pacific,0,0,0,35.613681,139.404201,"PeeringDB, peeringdb.com/api"
15752,Tarisu Limited,London,GB,Europe,0,0,0,51.514841,-0.123552,"PeeringDB, peeringdb.com/api"
15753,ADV BENAVIDEZ,Benavídez,AR,South America,2,0,0,-34.398706,-58.651794,"PeeringDB, peeringdb.com/api"
15758,Element Critical Houston HOU1,Katy,US,North America,2,1,1,29.802918,-95.755821,"PeeringDB, peeringdb.com/api"
15762,Globalconnect Oslo (HMG1),Oslo,NO,Europe,3,0,0,59.936328,10.832701,"PeeringDB, peeringdb.com/api"
15764,CHT Taipei Xinyi IDC,Taipei,TW,Asia Pacific,2,0,0,25.036151,121.52353,"PeeringDB, peeringdb.com/api"
15769,Exascale - Wolverhampton (WLV0),Wolverhampton,GB,Europe,4,1,1,52.720818,-2.468688,"PeeringDB, peeringdb.com/api"
15771,Pozuelo de Alarcon,Pozuelo de Alarcón,ES,Europe,0,0,0,40.396008,-3.79599,"PeeringDB, peeringdb.com/api"
15772,Elea SPO3 - Tamboré,Barueri,BR,South America,0,0,0,-23.501359,-46.847323,"PeeringDB, peeringdb.com/api"
15781,Fast2host - Fast4networks Ltd,Cambridge,GB,Europe,0,0,0,52.301428,-0.089194,"PeeringDB, peeringdb.com/api"
15782,National Internet Data Center (NIDC),Dar es Salaam,TZ,Africa,6,2,1,,,"PeeringDB, peeringdb.com/api"
15789,Apoapsis - Ojo Bueno,Punta Arenas,CL,South America,2,1,0,-53.046676,-70.872931,"PeeringDB, peeringdb.com/api"
15790,TTCL Iringa Telephone House,Iringa,TZ,Africa,1,0,1,-7.781188,35.697047,"PeeringDB, peeringdb.com/api"
15791,TC TEL Hosting,Moscow,RU,Europe,2,0,0,55.789318,37.706523,"PeeringDB, peeringdb.com/api"
15795,IXcellerate MOS2,Moscow,RU,Europe,1,0,1,55.863251,37.609072,"PeeringDB, peeringdb.com/api"
15796,IXcellerate MOS5,Moscow,RU,Europe,9,0,1,55.607586,37.624945,"PeeringDB, peeringdb.com/api"
15797,IXcellerate MOS6,Moscow,RU,Europe,3,0,1,55.607586,37.624945,"PeeringDB, peeringdb.com/api"
15799,Equinix MO2 - Monterrey,Apodaca,MX,North America,3,0,0,25.72546,-100.132852,"PeeringDB, peeringdb.com/api"
15808,IXcellerate MOS3,Moscow,RU,Europe,2,0,1,55.863251,37.609072,"PeeringDB, peeringdb.com/api"
15809,IXcellerate MOS4,Moscow,RU,Europe,1,0,1,55.863251,37.609072,"PeeringDB, peeringdb.com/api"
15812,Blix NR5 Oslo,Oslo,NO,Europe,5,0,1,59.962455,10.906313,"PeeringDB, peeringdb.com/api"
15813,OPTAGE – OC1（Sonezaki DC）,Osaka,JP,Asia Pacific,6,3,4,,,"PeeringDB, peeringdb.com/api"
15814,OPTAGE – Shinsaibashi DC,Osaka,JP,Asia Pacific,0,0,1,,,"PeeringDB, peeringdb.com/api"
15816,DCI Indonesia (JK6),Greater Jakarta  Bekasi  Cibitung,ID,Asia Pacific,3,0,0,-6.299731,107.089244,"PeeringDB, peeringdb.com/api"
15819,Campus DC,Rivne,UA,Europe,2,2,0,50.612729,26.26392,"PeeringDB, peeringdb.com/api"
15824,Akquinet HAM03,Hamburg,DE,Europe,3,0,1,53.601345,10.191653,"PeeringDB, peeringdb.com/api"
15825,Click IP Data Centers - Manaus,Manaus,BR,South America,1,1,0,-3.055564,-59.989801,"PeeringDB, peeringdb.com/api"
15827,BeotelNet Data Center,Belgrade,RS,Europe,5,0,0,44.795539,20.441264,"PeeringDB, peeringdb.com/api"
15828,Clackamas ESD Datacenter,CLACKAMAS,US,North America,10,1,0,45.426814,-122.564112,"PeeringDB, peeringdb.com/api"
15834,Telstra InfraCo - Clayton Data Centre,Clayton,AU,Australia,1,1,0,-37.918486,145.133113,"PeeringDB, peeringdb.com/api"
15835,Telstra InfraCo - St Leonards Data Centre,St Leonards,AU,Australia,2,1,0,-33.818723,151.191425,"PeeringDB, peeringdb.com/api"
15836,Datacenter APJII-Cyber JAKARTA,Jakarta,ID,Asia Pacific,65,5,0,-6.238342,106.82375,"PeeringDB, peeringdb.com/api"
15837,VITRO Santa Rosa,Santa Rosa,PH,Asia Pacific,6,1,0,14.268688,121.081342,"PeeringDB, peeringdb.com/api"
15840,EdgeConneX Warsaw (EDCWAW03),Warsaw,PL,Europe,0,0,0,52.205544,20.88649,"PeeringDB, peeringdb.com/api"
15841,EdgeConneX Warsaw (EDCWAW02),Warsaw,PL,Europe,0,0,0,52.1872,20.937593,"PeeringDB, peeringdb.com/api"
15844,DartPoints Baton Rouge  LA - BTR2,Baton Rouge,US,North America,2,0,0,30.452287,-91.115571,"PeeringDB, peeringdb.com/api"
15846,Digital Edge BOM1,Navi Mumbai,IN,Asia Pacific,0,0,0,19.189298,73.004055,"PeeringDB, peeringdb.com/api"
15847,Digital Edge OSA2,Kobe,JP,Asia Pacific,0,0,0,34.864081,135.214418,"PeeringDB, peeringdb.com/api"
15854,Equinix SL4 - Seoul,Seoul,KR,Asia Pacific,3,1,0,37.599421,126.893997,"PeeringDB, peeringdb.com/api"
15857,KERNZEN DC ANK-01,Ankara,TR,Middle East,0,0,0,39.960053,32.775045,"PeeringDB, peeringdb.com/api"
15861,Southern Telecom,Atlanta,US,North America,1,0,0,33.762044,-84.387804,"PeeringDB, peeringdb.com/api"
15862,70 Henry St,Binghamton,US,North America,2,0,0,42.100956,-75.909021,"PeeringDB, peeringdb.com/api"
15864,Timisoara 1,Timisoara,RO,Europe,3,1,0,45.775777,21.21368,"PeeringDB, peeringdb.com/api"
15874,LVRTC Valmieras RTS,Valmiera,LV,Europe,0,1,0,56.975473,23.848593,"PeeringDB, peeringdb.com/api"
15875,LVRTC Daugavpils RTS,Daugavpils,LV,Europe,0,1,0,55.872285,26.534331,"PeeringDB, peeringdb.com/api"
15876,LVRTC Liepajas RTS,Liepaja,LV,Europe,0,1,0,56.513365,21.002174,"PeeringDB, peeringdb.com/api"
15877,LVRTC Ventspils RTS,Ventspils,LV,Europe,0,1,0,57.39304,21.56719,"PeeringDB, peeringdb.com/api"
15883,Secure Data Center Honkan,Mitaka,JP,Asia Pacific,1,0,0,35.686475,139.565494,"PeeringDB, peeringdb.com/api"
15884,IPDN Data Center,Jakarta Selatan,ID,Asia Pacific,33,1,0,-6.237794,106.823506,"PeeringDB, peeringdb.com/api"
15892,DartPoints Shreveport  LA - SHV1,Shreveport,US,North America,3,0,0,32.511085,-93.749942,"PeeringDB, peeringdb.com/api"
15894,Cube Global,Victoria,CA,North America,1,0,0,48.48102,-123.394876,"PeeringDB, peeringdb.com/api"
15901,Grya Data,Denpasar,ID,Asia Pacific,2,0,0,-8.608357,115.225605,"PeeringDB, peeringdb.com/api"
15905,SP4,São Paulo,BR,South America,1,0,0,-23.493133,-46.810674,"PeeringDB, peeringdb.com/api"
15908,Angola Cables,Fortaleza,BR,South America,6,0,0,-3.735243,-38.4623,"PeeringDB, peeringdb.com/api"
15913,Eutel N.V.,Oranjestad,BQ,,1,1,0,,,"PeeringDB, peeringdb.com/api"
15919,NetRealty SEL1 - Gasan,Geumcheon-gu,KR,Asia Pacific,10,1,0,37.479416,126.887341,"PeeringDB, peeringdb.com/api"
15934,DigiCo Brisbane BNE2 (iseek LDR2),Eagle Farm,AU,Australia,3,1,0,-27.415766,153.091707,"PeeringDB, peeringdb.com/api"
15938,CMC Duy Tan (Hanoi),Hanoi,VN,Asia Pacific,0,0,0,21.03042,105.784363,"PeeringDB, peeringdb.com/api"
15939,CMC SHTP (Ho Chi Minh),Ho Chi Minh,VN,Asia Pacific,3,0,0,10.859343,106.801199,"PeeringDB, peeringdb.com/api"
15940,CMC Tan Thuan (Ho Chi Minh),Ho Chi Minh,VN,Asia Pacific,5,0,0,10.768547,106.746207,"PeeringDB, peeringdb.com/api"
15965,UNO-NX01,Milan,IT,Europe,1,0,0,45.47765,9.103123,"PeeringDB, peeringdb.com/api"
15984,Felicity IDC - Jessore,Jessore,BD,Asia Pacific,1,0,0,23.159693,89.221611,"PeeringDB, peeringdb.com/api"
15988,DMO - Datacenter Münster Osnabrück (DMO1),Greven,DE,Europe,1,0,1,52.13129,7.700174,"PeeringDB, peeringdb.com/api"
15990,Velosting Ambala,Ambala,IN,Asia Pacific,1,0,0,30.367963,76.777943,"PeeringDB, peeringdb.com/api"
15991,Velosting YamunaNagar,YamunaNagar,IN,Asia Pacific,1,0,0,,,"PeeringDB, peeringdb.com/api"
15994,Alastyr Datacenter,Izmir,TR,Middle East,1,0,0,38.421333,27.1859,"PeeringDB, peeringdb.com/api"
15997,ZeroPlex DC01,Venlo,NL,Europe,1,0,0,51.391569,6.186715,"PeeringDB, peeringdb.com/api"
16012,Chief LY2 Building Taipei,Taipei,TW,Asia Pacific,1,1,0,25.062689,121.577749,"PeeringDB, peeringdb.com/api"
16014,Big Network Indonesia,Jombang,ID,Asia Pacific,0,0,0,-7.535304,112.24141,"PeeringDB, peeringdb.com/api"
16023,American Tower RA1,Raleigh,US,North America,1,1,0,35.78812,-78.726568,"PeeringDB, peeringdb.com/api"
16028,FIBRAREDE GESTAO E SERVICOS DE INFRAESTRUTURA,São Paulo,BR,South America,0,0,0,-23.574363,-46.637398,"PeeringDB, peeringdb.com/api"
16034,USSHC,Monticello,US,North America,1,0,0,42.284076,-91.092129,"PeeringDB, peeringdb.com/api"
16040,АСDС,Varna,BG,Europe,1,0,0,43.225225,27.899987,"PeeringDB, peeringdb.com/api"
16042,H5 Data Centers Quincy 2/3,Quincy,US,North America,0,0,0,47.247916,-119.824924,"PeeringDB, peeringdb.com/api"
16043,H5 Data Centers Omaha,La Vista,US,North America,0,0,0,41.180701,-96.084974,"PeeringDB, peeringdb.com/api"
16044,H5 Data Centers Buffalo I,Lockport,US,North America,0,0,0,43.167553,-78.751731,"PeeringDB, peeringdb.com/api"
16045,H5 Data Centers Buffalo II,Lockport,US,North America,0,0,0,43.169757,-78.748743,"PeeringDB, peeringdb.com/api"
16047,Yatanarpon Teleport DC Yangon,Hlaing,MM,Asia Pacific,0,1,0,16.842829,96.112857,"PeeringDB, peeringdb.com/api"
16052,Lightboard ★ Western NY,Syracuse,US,North America,2,1,0,43.050221,-76.150348,"PeeringDB, peeringdb.com/api"
16062,BLDR-1919,Boulder,US,North America,0,0,1,40.017695,-105.277335,"PeeringDB, peeringdb.com/api"
16068,L7,Kyiv,UA,Europe,2,1,0,50.445416,30.510077,"PeeringDB, peeringdb.com/api"
16076,VAULTR ANKARA DATACENTER,Ankara,TR,Middle East,6,0,0,39.487559,32.870157,"PeeringDB, peeringdb.com/api"
16079,PIX-Ultranet,São Paulo,BR,South America,0,1,0,,,"PeeringDB, peeringdb.com/api"
16084,Datacenter Hannover,Sehnde,DE,Europe,0,0,0,52.320382,9.985292,"PeeringDB, peeringdb.com/api"
16086,DTiX Chalon-sur-Saône,Châtenoy-le-Royal,FR,Europe,1,0,0,,,"PeeringDB, peeringdb.com/api"
16100,Prosoluce SG-1 Datacenter,Saint-Gaudens,FR,Europe,3,0,3,43.116656,0.754319,"PeeringDB, peeringdb.com/api"
16101,CEMO DC,Santiago,DO,North America,11,1,0,19.443373,-70.697215,"PeeringDB, peeringdb.com/api"
16107,KHULNA COLO,Khulna,BD,Asia Pacific,1,0,0,22.812213,89.557474,"PeeringDB, peeringdb.com/api"
16109,DTEL-IX SP50,Kyiv,UA,Europe,6,1,0,50.46436,30.33271,"PeeringDB, peeringdb.com/api"
16111,Qupra DC2,Amsterdam,NL,Europe,6,0,1,52.399837,4.842327,"PeeringDB, peeringdb.com/api"
16117,PIX-MP - Ministério Público do Estado de Roraima,Boa Vista,BR,South America,0,1,0,,,"PeeringDB, peeringdb.com/api"
16125,365 Data Centers Buffalo (PA1),Philadelphia,US,North America,0,0,0,39.962369,-75.163734,"PeeringDB, peeringdb.com/api"
16126,365 Data Centers Philadelphia (PA1),Philadelphia,US,North America,4,1,0,39.962369,-75.163734,"PeeringDB, peeringdb.com/api"
16127,365 Data Centers Alpharetta (GA1),Alpharetta,US,North America,1,1,0,34.06343,-84.272727,"PeeringDB, peeringdb.com/api"
16128,365 Data Centers Aurora (CO1),Aurora,US,North America,0,0,0,39.762184,-104.760923,"PeeringDB, peeringdb.com/api"
16129,365 Data Centers Marlboro (MA1),Marlboro,US,North America,1,0,0,42.352468,-71.586082,"PeeringDB, peeringdb.com/api"
16130,365 Data Centers Rancho Cordova (CA1),Rancho Cordova,US,North America,0,0,0,38.596063,-121.272644,"PeeringDB, peeringdb.com/api"
16131,365 Data Centers Richardson (TX1),Richardson,US,North America,4,0,0,32.976121,-96.707323,"PeeringDB, peeringdb.com/api"
16132,365 Data Centers Smyrna (GA2),Smyrna,US,North America,0,0,1,33.841159,-84.522407,"PeeringDB, peeringdb.com/api"
16133,CtrlS Bhubaneswar DC1,Bhubaneswar,IN,Asia Pacific,9,0,0,20.340478,85.799431,"PeeringDB, peeringdb.com/api"
16141,Cibicom Taulov,Fredericia,DK,Europe,0,0,0,55.541535,9.648229,"PeeringDB, peeringdb.com/api"
16142,ICE02,Reykjanesbæ,IS,Europe,5,0,0,63.964568,-22.538465,"PeeringDB, peeringdb.com/api"
16143,ICE03,Akureyri,IS,Europe,4,0,0,65.676323,-18.141725,"PeeringDB, peeringdb.com/api"
16150,Telxius Las Toninas DC,Las Toninas,AR,South America,1,0,1,-36.509821,-56.699852,"PeeringDB, peeringdb.com/api"
16151,DREAM CLOUD Tokyo #1,Tokyo,US,North America,0,0,0,,,"PeeringDB, peeringdb.com/api"
16165,Raxio  AO1  Luanda  Angola,Luanda,AO,Africa,1,1,0,-8.819946,13.231768,"PeeringDB, peeringdb.com/api"
16182,Blynx AIM Ltd,Cheltenham,GB,Europe,0,0,0,51.894348,-2.059144,"PeeringDB, peeringdb.com/api"
16183,Blynx AIM Ltd.,Cheltenham,GB,Europe,0,0,0,51.894309,-2.059127,"PeeringDB, peeringdb.com/api"
16184,Hurricane Electric San Jose 1,San Jose,US,North America,2,0,0,37.33417,-121.891703,"PeeringDB, peeringdb.com/api"
16189,Obenet Riverlake,Älvsjö,SE,Europe,19,1,2,59.275306,18.011313,"PeeringDB, peeringdb.com/api"
16190,BINAP BN01 DATA CENTER,BARI,IT,Europe,3,0,0,41.090963,16.778714,"PeeringDB, peeringdb.com/api"
16195,OMNIDC JAKARTA,Jakarta,ID,Asia Pacific,20,1,0,-6.234938,106.82272,"PeeringDB, peeringdb.com/api"
16198,NTT ME Ikebukuro DC,Tokyo,JP,Asia Pacific,0,1,1,35.731173,139.719479,"PeeringDB, peeringdb.com/api"
16199,NTT ME Marunouchi DC,Tokyo,JP,Asia Pacific,0,0,1,35.685877,139.767108,"PeeringDB, peeringdb.com/api"
16200,NTT ME Kayabakabuto DC,Tokyo,JP,Asia Pacific,0,0,1,35.687775,139.78398,"PeeringDB, peeringdb.com/api"
16201,NTT ME Kuramae DC,Tokyo,JP,Asia Pacific,0,0,1,35.700946,139.791786,"PeeringDB, peeringdb.com/api"
16207,1623 Farmam,Omaha,US,North America,2,0,0,41.25737,-95.938164,"PeeringDB, peeringdb.com/api"
16211,WIND NET HDR1,Hernandarias,PY,South America,6,1,0,-25.407054,-54.63157,"PeeringDB, peeringdb.com/api"
16213,AIMS Kuala Lumpur 2,Kuala Lumpur,MY,Asia Pacific,6,0,1,3.149553,101.705273,"PeeringDB, peeringdb.com/api"
16214,EXA Edge DC Leipzig,Leipzig,DE,Europe,0,0,0,51.34511,12.391967,"PeeringDB, peeringdb.com/api"
16218,DC North,Varaždin,HR,Europe,6,1,1,46.281916,16.360397,"PeeringDB, peeringdb.com/api"
16223,AOS Ltd,Kigali,RW,Africa,0,0,0,-1.952404,30.091482,"PeeringDB, peeringdb.com/api"
16255,SDCT Data Center,Semarang,ID,Asia Pacific,13,1,0,-6.98671,110.41554,"PeeringDB, peeringdb.com/api"
16281,Open DC D8-1 - Bukit Kayu Hitam,Bukit Kayu Hitam,MY,Asia Pacific,0,0,0,,,"PeeringDB, peeringdb.com/api"
16291,Metanet New York Data Center 60 HUDSON,New York,US,North America,1,0,0,40.717729,-74.008306,"PeeringDB, peeringdb.com/api"
16304,AtlasEdge DC Stuttgart STR001,Böblingen,DE,Europe,5,1,1,48.67576,8.966942,"PeeringDB, peeringdb.com/api"
16307,SDC Capital,Reykjavik,IS,Europe,2,0,0,64.143269,-21.962484,"PeeringDB, peeringdb.com/api"
16316,INFOTAMA HEXA BUILDING,Bekasi,ID,Asia Pacific,1,0,0,-6.262854,107.024393,"PeeringDB, peeringdb.com/api"
16321,Wowrack Datacenter - Tukwila,Tukwila,US,North America,4,0,0,47.493158,-122.293832,"PeeringDB, peeringdb.com/api"
16327,kt cloud Gasan,Geumcheon-gu,KR,Asia Pacific,1,1,1,,,"PeeringDB, peeringdb.com/api"
16334,Hanam IDC,Hanam-si,KR,Asia Pacific,0,0,0,,,"PeeringDB, peeringdb.com/api"
16335,Jukjeon Data center,Yongin,KR,Asia Pacific,0,0,0,37.328559,127.133777,"PeeringDB, peeringdb.com/api"
16340,ClouDC - PAC1,Palhoça,BR,South America,5,1,0,-27.625711,-48.679549,"PeeringDB, peeringdb.com/api"
16344,ATMAN Data Center Warsaw-3 (WAW-3  Ożarowska 66B),Duchnice,PL,Europe,2,1,0,52.203972,20.80653,"PeeringDB, peeringdb.com/api"
16353,Cogent Springfield MA,Springfield,US,North America,0,0,0,42.112956,-72.583699,"PeeringDB, peeringdb.com/api"
16356,FPT Fornix HCM 02,Ho Chi Minh City,VN,Asia Pacific,2,0,0,10.849967,106.801908,"PeeringDB, peeringdb.com/api"
16358,nbiserv,Bethenhausen,DE,Europe,1,0,0,50.929045,12.196016,"PeeringDB, peeringdb.com/api"
16360,Lumo Cloud,London,GB,Europe,0,0,0,51.514756,-0.12357,"PeeringDB, peeringdb.com/api"
16370,WANSEC DC16,Overland Park,US,North America,0,0,0,38.962363,-94.714725,"PeeringDB, peeringdb.com/api"
16383,YAKMWAFP - Wholesail Yakima,Yakima,US,North America,0,0,0,46.604852,-120.493644,"PeeringDB, peeringdb.com/api"
16387,Leonecom MMR Jui,Jui,SL,Africa,2,1,0,8.4878,-13.23673,"PeeringDB, peeringdb.com/api"
16395,DCN Dakota Carrier Networks,Fargo,US,North America,2,0,0,46.8141,-96.841621,"PeeringDB, peeringdb.com/api"
16396,DCN Dakota Carrier Networks Bismarck,Bismarck,US,North America,2,0,0,46.851773,-100.78185,"PeeringDB, peeringdb.com/api"
16403,UNC DataCenter,Hlaing,MM,Asia Pacific,0,0,0,16.84964,96.129215,"PeeringDB, peeringdb.com/api"
16404,EdgeUno Datacenter Queretaro Mexico (QRO3),Queretaro,MX,North America,1,0,0,20.564396,-100.254469,"PeeringDB, peeringdb.com/api"
16406,FPT Fornix HNI 01,Hanoi,VN,Asia Pacific,1,0,0,21.030833,105.782778,"PeeringDB, peeringdb.com/api"
16421,Cogent St Louis,St. Louis,US,North America,3,1,0,38.621224,-90.212002,"PeeringDB, peeringdb.com/api"
16422,Cogent Houston,Houston,US,North America,0,0,0,29.944087,-95.416408,"PeeringDB, peeringdb.com/api"
16430,Provision Data LM4DC2,Kelowna,CA,North America,0,0,0,49.881135,-119.461106,"PeeringDB, peeringdb.com/api"
16443,Cogent Akron,Akron,US,North America,1,0,0,41.087427,-81.513895,"PeeringDB, peeringdb.com/api"
16444,Cogent Atlanta 2,Atlanta,US,North America,0,0,0,33.722413,-84.412569,"PeeringDB, peeringdb.com/api"
16445,Cogent Austin,Austin,US,North America,1,0,0,30.209234,-97.697975,"PeeringDB, peeringdb.com/api"
16446,Cogent Elkridge,Elkridge,US,North America,0,0,0,39.203469,-76.712389,"PeeringDB, peeringdb.com/api"
16447,Cogent Billings,Billings,US,North America,1,0,0,45.740895,-108.591913,"PeeringDB, peeringdb.com/api"
16448,Cogent Buffalo,Buffalo,US,North America,0,0,0,42.881232,-78.846588,"PeeringDB, peeringdb.com/api"
16450,NEXUS RJ01,,BR,South America,5,0,0,-22.874394,-43.277288,"PeeringDB, peeringdb.com/api"
16451,NyanLoli Network - NBDC,Ningbo,CN,Asia Pacific,4,2,0,29.8885,121.63861,"PeeringDB, peeringdb.com/api"
16452,Cogent Charlotte,Charlotte,US,North America,0,0,0,35.222097,-80.836767,"PeeringDB, peeringdb.com/api"
16453,Cogent Charlotte 2,Charlotte,US,North America,0,0,0,35.221028,-80.858282,"PeeringDB, peeringdb.com/api"
16454,Cogent Cheyenne,Cheyenne,US,North America,0,0,0,41.127922,-104.811619,"PeeringDB, peeringdb.com/api"
16455,Cogent Chicago 3,Chicago,US,North America,0,0,0,41.819974,-87.728896,"PeeringDB, peeringdb.com/api"
16456,Cogent Cleveland 2,Cleveland,US,North America,1,0,0,41.484768,-81.674771,"PeeringDB, peeringdb.com/api"
16457,Cogent Columbus 2,Columbus,US,North America,0,0,0,39.974016,-82.998627,"PeeringDB, peeringdb.com/api"
16458,Galaxy Communications Corp (Ovnicom),Ciudad de Panama,PA,North America,0,0,0,8.980556,-79.509843,"PeeringDB, peeringdb.com/api"
16466,e-Quest Datacenter Veghel,Veghel,NL,Europe,0,0,0,51.619364,5.525496,"PeeringDB, peeringdb.com/api"
16467,CoreSite - Secaucus (NY3),Secaucus,US,North America,1,0,0,40.784289,-74.064895,"PeeringDB, peeringdb.com/api"
16477,Sify Infinit Spaces Limited - Lucknow,Lucknow,IN,Asia Pacific,3,0,0,26.791895,81.019263,"PeeringDB, peeringdb.com/api"
16516,PIX Amplitude,Belém,BR,South America,0,1,0,,,"PeeringDB, peeringdb.com/api"
16521,3C1B TELEKOM TEPEPRIME,Ankara,TR,Middle East,3,3,1,39.909662,32.755212,"PeeringDB, peeringdb.com/api"
16533,Versija SIA,Riga,LV,Europe,0,0,0,,,"PeeringDB, peeringdb.com/api"
16541,Enovum Data Centers - MTL02,Pointe-Claire,CA,North America,1,0,0,45.459429,-73.832222,"PeeringDB, peeringdb.com/api"
16548,Telemark Rechenzentrum Menden,Menden,DE,Europe,1,0,0,51.440549,7.768832,"PeeringDB, peeringdb.com/api"
16558,1-DC EU,Warsaw,PL,Europe,24,2,1,52.22767,21.00364,"PeeringDB, peeringdb.com/api"
16560,Extreme Highway Tower,Pune,IN,Asia Pacific,2,1,0,18.645199,73.790266,"PeeringDB, peeringdb.com/api"
16561,EnormateGreenCenter,Mainhausen,DE,Europe,2,0,0,50.02537,9.026788,"PeeringDB, peeringdb.com/api"
16563,QTS Atlanta-Fayetteville (ATL2),Fayetteville,US,North America,0,0,0,33.448789,-84.522289,"PeeringDB, peeringdb.com/api"
16564,QTS Charlotte (CTL1),York,US,North America,0,0,0,35.035376,-81.104511,"PeeringDB, peeringdb.com/api"
16565,QTS Richmond - (RIC5),Sandston,US,North America,0,0,0,37.502016,-77.260573,"PeeringDB, peeringdb.com/api"
16569,Extreme Vega Center Swargate,Pune,IN,Asia Pacific,1,1,0,18.500893,73.871851,"PeeringDB, peeringdb.com/api"
16574,Tecto TGIG2 (ex Arcos),Rio de Janeiro,BR,South America,1,0,0,-22.909135,-43.182802,"PeeringDB, peeringdb.com/api"
16576,Tecto TBAQ3,Barranquilla,CO,South America,0,0,0,10.959253,-74.792046,"PeeringDB, peeringdb.com/api"
16578,Tecto TFOR3 (ex Mega Lobster),Fortaleza,BR,South America,2,0,1,-3.75561,-38.447676,"PeeringDB, peeringdb.com/api"
16582,PHOCEA DC-M1,Marseille,FR,Europe,2,0,3,43.311634,5.37515,"PeeringDB, peeringdb.com/api"
16586,ReadyIDC Edge DC2 - Srisaman,Pakkret,TH,Asia Pacific,1,0,0,13.937804,100.545089,"PeeringDB, peeringdb.com/api"
16587,Databank Orangeburg (LGA3),Orangeburg,US,North America,2,0,1,41.040063,-73.989975,"PeeringDB, peeringdb.com/api"
16588,Databank Denver (DEN5),Centennial,US,North America,0,0,0,39.590123,-104.846655,"PeeringDB, peeringdb.com/api"
16589,PIX-3AX,Ribeirão Preto,BR,South America,1,1,0,,,"PeeringDB, peeringdb.com/api"
16590,PIX-Samm-RAO,Ribeirão Preto,BR,South America,0,1,0,,,"PeeringDB, peeringdb.com/api"
16591,Databank Houston West (HOU3),Houston,US,North America,1,0,0,29.84406,-95.560354,"PeeringDB, peeringdb.com/api"
16592,PIX-Coderp,Ribeirão Preto,BR,South America,0,1,0,,,"PeeringDB, peeringdb.com/api"
16603,TeleData - Umspannwerk Jettenhausen,Friedrichshafen,DE,Europe,1,1,1,47.674591,9.466844,"PeeringDB, peeringdb.com/api"
16606,ADV DC Wilde,Wilde,AR,South America,1,1,1,-34.688307,-58.312661,"PeeringDB, peeringdb.com/api"
16607,Rochester Colo,Pittsford,US,North America,1,0,0,43.049271,-77.466584,"PeeringDB, peeringdb.com/api"
16608,AceHost Durham,Durham,US,North America,0,0,0,35.895741,-78.849173,"PeeringDB, peeringdb.com/api"
16613,Veganet Teknolojileri Ve Hizmetleri LTD. ŞTİ.,Gaziantep,TR,Middle East,1,0,1,,,"PeeringDB, peeringdb.com/api"
16614,QTD2 - 60 Hudson Street 1602,New York,US,North America,2,0,1,40.717729,-74.008306,"PeeringDB, peeringdb.com/api"
16615,QTD1 - 60 Hudson Street 1510,New York,US,North America,5,1,1,40.717729,-74.008306,"PeeringDB, peeringdb.com/api"
16617,QTD3 - 60 Hudson Street 1901,New York,US,North America,2,0,1,40.717729,-74.008306,"PeeringDB, peeringdb.com/api"
16624,Cogent Fairfax,Fairfax,US,North America,1,0,0,32.963731,-81.236142,"PeeringDB, peeringdb.com/api"
16625,Data Vault Wellington Data Center,Wellington,NZ,Asia Pacific,2,0,0,-41.281314,174.775747,"PeeringDB, peeringdb.com/api"
16628,Bleeding Edge QRO1,El Marqués,MX,North America,1,0,0,20.530547,-100.245318,"PeeringDB, peeringdb.com/api"
16631,Borealis Data Center,Reykjavík,IS,Europe,0,0,0,64.139889,-21.886249,"PeeringDB, peeringdb.com/api"
16659,CyberLynk MKE1,Franklin,US,North America,1,0,0,42.86183,-87.982826,"PeeringDB, peeringdb.com/api"
16661,Opticom Quito DC01,Quito,EC,South America,0,0,0,-0.322628,-78.550611,"PeeringDB, peeringdb.com/api"
16662,atNorth FIN04,Myllykoski,FI,Europe,0,0,0,,,"PeeringDB, peeringdb.com/api"
16663,atNorth FIN03,Espoo,FI,Europe,0,0,1,60.210228,24.748999,"PeeringDB, peeringdb.com/api"
16664,atNorth FIN02,Espoo,FI,Europe,0,0,1,60.204827,24.772068,"PeeringDB, peeringdb.com/api"
16665,atNorth FIN01,Helsinki,FI,Europe,2,0,0,60.19646,24.945956,"PeeringDB, peeringdb.com/api"
16666,atNorth SWE04,Långsele,SE,Europe,0,0,0,,,"PeeringDB, peeringdb.com/api"
16667,atNorth DEN01,Skovlunde,DK,Europe,0,0,0,55.711282,12.419921,"PeeringDB, peeringdb.com/api"
16668,atNorth ICE03,Akureyri,IS,Europe,0,0,0,65.676323,-18.141725,"PeeringDB, peeringdb.com/api"
16669,atNorth ICE02,Reykjanesbaer,IS,Europe,1,0,1,,,"PeeringDB, peeringdb.com/api"
16670,atNorth ICE01,Hafnafjörður,IS,Europe,0,0,0,64.049468,-21.993529,"PeeringDB, peeringdb.com/api"
16676,Vocus PER02 Bentley,Bentley,AU,Australia,0,0,0,,,"PeeringDB, peeringdb.com/api"
16677,Datacenter Services Libreville,Libreville,GA,Africa,1,0,0,0.287141,9.504178,"PeeringDB, peeringdb.com/api"
16678,KIO Querétaro 2 (QRO2),El Marques,MX,North America,5,0,0,,,"PeeringDB, peeringdb.com/api"
16685,Universidad Nacional de Río Cuarto - UTI,Río Cuarto,AR,South America,0,0,0,,,"PeeringDB, peeringdb.com/api"
16687,TWL-KOM Datacenter II,Ludwigshafen am Rhein,DE,Europe,1,0,1,49.486494,8.420059,"PeeringDB, peeringdb.com/api"
16704,NEXTDC KL1,Petaling Jaya,MY,Asia Pacific,0,0,0,,,"PeeringDB, peeringdb.com/api"
16716,Blönduós Campus,Blönduós,IS,Europe,0,0,0,65.646831,-20.241666,"PeeringDB, peeringdb.com/api"
16718,Fitjar Campus,Reykjanesbær,IS,Europe,0,0,0,63.961997,-22.535004,"PeeringDB, peeringdb.com/api"
16719,Kajaani Campus,Kajaani,IS,Europe,0,0,0,64.231044,27.696957,"PeeringDB, peeringdb.com/api"
16722,Pulsant Birmingham WM-1,Birmingham,GB,Europe,1,0,0,52.451493,-1.853175,"PeeringDB, peeringdb.com/api"
16747,Digital Realty Lekki (LKK1-2),Ibeju-Lekki,NG,Africa,6,1,0,6.42598,3.646498,"PeeringDB, peeringdb.com/api"
16749,Quad State Internet METRO1 Colocation,Metropolis,US,North America,1,0,0,37.151821,-88.732324,"PeeringDB, peeringdb.com/api"
16750,PIX Everest Digital,Goiania,BR,South America,4,1,0,,,"PeeringDB, peeringdb.com/api"
16753,PIX-Samm Serra Dourada,Goiânia,BR,South America,0,1,0,,,"PeeringDB, peeringdb.com/api"
16759,TOP Parque Cristal Los Palos Grandes,Caracas,VE,South America,3,1,0,10.497689,-66.843281,"PeeringDB, peeringdb.com/api"
16763,Equinix CN1 - Chennai,Siruseri,IN,Asia Pacific,2,1,1,12.826015,80.219345,"PeeringDB, peeringdb.com/api"
16774,Borneo A DC,Bishkek,KG,Asia Pacific,1,0,0,42.843239,74.615863,"PeeringDB, peeringdb.com/api"
16775,GDC Data Center,Jambi,ID,Asia Pacific,4,0,0,,,"PeeringDB, peeringdb.com/api"
16779,Hub Express System,Somerville,US,North America,9,1,1,42.375817,-71.080788,"PeeringDB, peeringdb.com/api"
16782,KeyPoint Ekateriburg,Ekaterinburg,RU,Europe,2,0,1,56.869747,60.797298,"PeeringDB, peeringdb.com/api"
16788,GSA DATA CENTER 01,Samutprakan,TH,Asia Pacific,2,1,0,,,"PeeringDB, peeringdb.com/api"
16802,CtrlS Patna DC2,Patna,IN,Asia Pacific,6,0,1,25.63516,85.10596,"PeeringDB, peeringdb.com/api"
16803,CtrlS Ahmedabad DC1,Ahmedabad,IN,Asia Pacific,3,0,0,23.168011,72.691181,"PeeringDB, peeringdb.com/api"
16810,URLSTART,Gautam Buddha Nagar,IN,Asia Pacific,0,0,0,28.608961,77.352953,"PeeringDB, peeringdb.com/api"
16827,Equinix NY3 - New York  Secaucus,Secaucus,US,North America,1,1,0,40.775204,-74.068019,"PeeringDB, peeringdb.com/api"
16830,Patmos KC2,Kansas City,US,North America,0,0,0,39.094739,-94.579376,"PeeringDB, peeringdb.com/api"
16833,Soleblanca Datacenter,Chiasso,CH,Europe,1,0,0,45.833055,9.030068,"PeeringDB, peeringdb.com/api"
16839,Vodafone Gaziemir MTX,Izmir,TR,Middle East,0,0,0,,,"PeeringDB, peeringdb.com/api"
16840,Vodafone Pursaklar MTX,Ankara,TR,Middle East,0,0,0,40.040681,32.90818,"PeeringDB, peeringdb.com/api"
16842,OMADATA - E3 - UPG,Makassar,ID,Asia Pacific,7,1,2,-5.155957,119.440365,"PeeringDB, peeringdb.com/api"
16850,Rackmill,Perth,AU,Australia,1,0,0,-31.954807,115.797561,"PeeringDB, peeringdb.com/api"
16853,DCI Indonesia (E2),Surabaya,ID,Asia Pacific,5,2,0,-7.273362,112.743072,"PeeringDB, peeringdb.com/api"
16861,Dbyte Manesar HR,Manesar,IN,Asia Pacific,0,0,0,28.372387,76.93876,"PeeringDB, peeringdb.com/api"
16863,Equinix LS2 - Lisbon,Lisbon    2685,PT,Europe,1,1,0,38.78746,-9.123351,"PeeringDB, peeringdb.com/api"
16879,KINX Gwacheon,Gwacheon-si,KR,Asia Pacific,2,0,0,,,"PeeringDB, peeringdb.com/api"
16883,GSA DATA CENTER 02,Chonburi,TH,Asia Pacific,0,0,0,13.451349,101.004419,"PeeringDB, peeringdb.com/api"
16886,Equinix MB3 - Mumbai,Mumbai,IN,Asia Pacific,1,1,0,19.114404,72.896533,"PeeringDB, peeringdb.com/api"
16889,1GServers Data Center PHX1,Phoenix,US,North America,4,1,0,33.396473,-112.000223,"PeeringDB, peeringdb.com/api"
16894,RRR< NET,Dinajpur,BD,Asia Pacific,0,0,0,,,"PeeringDB, peeringdb.com/api"
16895,PT Palapa Global Nusantara,Salatiga,ID,Asia Pacific,0,0,0,-7.340992,110.499712,"PeeringDB, peeringdb.com/api"
16902,Nournet Nahdah Data Centre,Riyadh,SA,Middle East,1,0,0,24.767464,46.831328,"PeeringDB, peeringdb.com/api"
16903,Nournet Dammam Data Centre DAM-DC-3,Dammam,SA,Middle East,1,0,0,,,"PeeringDB, peeringdb.com/api"
16910,VIVAnet DC,Budapest,HU,Europe,4,0,1,47.478812,19.169477,"PeeringDB, peeringdb.com/api"
16913,ONIX Senegal,Dakar,SN,Africa,3,1,0,14.675589,-17.446384,"PeeringDB, peeringdb.com/api"
16915,Provisiondata,Kelowna,CA,North America,0,0,0,49.881534,-119.461626,"PeeringDB, peeringdb.com/api"
16920,MCTX1,McAllen,US,North America,1,1,0,26.201918,-98.231633,"PeeringDB, peeringdb.com/api"
16921,Microscale DC - SUB,Surabaya,ID,Asia Pacific,0,1,0,-7.320077,112.73207,"PeeringDB, peeringdb.com/api"
16922,Realtox Media VEL,Velbert,DE,Europe,2,0,1,51.34873,7.067676,"PeeringDB, peeringdb.com/api"
16926,Data Vault - Bournemouth (BCP01),Bournemouth,GB,Europe,1,0,1,50.721853,-1.874887,"PeeringDB, peeringdb.com/api"
16929,NKT-HUB,Dushanbe,TJ,Asia Pacific,3,0,0,38.571464,68.797277,"PeeringDB, peeringdb.com/api"
16934,Reykjavík Campus,Reykjavík,IS,Europe,0,0,0,64.14571,-21.757693,"PeeringDB, peeringdb.com/api"
16939,NAT Kazakhstan  JSC,Astana,KZ,Asia Pacific,1,0,0,51.146509,71.463084,"PeeringDB, peeringdb.com/api"
16941,Omega CT1,Stamford,US,North America,0,0,0,41.091604,-73.516758,"PeeringDB, peeringdb.com/api"
16943,Omega PA1,Reading,US,North America,0,0,0,40.341233,-76.005374,"PeeringDB, peeringdb.com/api"
16956,Rochelle Technology Center,Rochelle,US,North America,1,0,0,41.940574,-89.033813,"PeeringDB, peeringdb.com/api"
16962,Data Center Santa Maria da Vitoria BA - AS269244,Santa Maria da Vitória,BR,South America,0,0,0,,,"PeeringDB, peeringdb.com/api"
16963,nLighten Paris PAR3,Paris,FR,Europe,0,0,0,48.829265,2.587319,"PeeringDB, peeringdb.com/api"
16967,net.DE DC-H2,Hannover,DE,Europe,1,0,1,52.408781,9.727778,"PeeringDB, peeringdb.com/api"
16968,Nxtra Data Pune DC2,Pune,IN,Asia Pacific,0,1,0,18.593282,73.691173,"PeeringDB, peeringdb.com/api"
16969,Nxtra Data Kolkata DC 1,Kolkata,IN,Asia Pacific,0,0,0,22.61275,88.456639,"PeeringDB, peeringdb.com/api"
16982,dc2scale MRS1 (Marseille datacenter),Marseille,FR,Europe,4,0,0,43.240083,5.399141,"PeeringDB, peeringdb.com/api"
16983,dc2scale LIL1 (Lille Datacenter),Mons en Baroeul,FR,Europe,2,0,0,50.649806,3.109514,"PeeringDB, peeringdb.com/api"
16984,EcoDC,Hanoi,VN,Asia Pacific,1,0,0,20.989241,105.551503,"PeeringDB, peeringdb.com/api"
16988,Data World KTM-M-DC-01,KATHMANDU,NP,Asia Pacific,0,0,0,,,"PeeringDB, peeringdb.com/api"
16994,Digital Realty London LHR26,Slough,GB,Europe,0,0,0,51.516457,-0.617929,"PeeringDB, peeringdb.com/api"
16995,Digital Realty London LHR27,Slough,GB,Europe,0,0,0,51.517694,-0.620224,"PeeringDB, peeringdb.com/api"
16997,Aptum Portsmouth,Havant,GB,Europe,1,0,0,50.847008,-0.990582,"PeeringDB, peeringdb.com/api"
17001,Cologix CGY1,Calgary,CA,North America,3,1,0,51.047276,-114.080824,"PeeringDB, peeringdb.com/api"
17004,Lifeline Ft Wayne,Ft Wayne,US,North America,3,1,0,41.014028,-85.109976,"PeeringDB, peeringdb.com/api"
17007,AtlasEdge DC Vienna VIE002,Vienna,AT,Europe,1,0,1,48.265472,16.419993,"PeeringDB, peeringdb.com/api"
17015,Bunker-14,Львів,UA,Europe,6,2,0,49.784687,24.069572,"PeeringDB, peeringdb.com/api"
17023,Equinix HK6 - Hong Kong,New Territories,HK,Asia Pacific,0,1,0,22.374022,114.1079,"PeeringDB, peeringdb.com/api"
17026,Cogent Mississauga 2,Mississauga,CA,North America,0,0,0,43.593716,-79.638106,"PeeringDB, peeringdb.com/api"
17027,Qu Datacentres - Baseline,Ottawa,CA,North America,0,0,0,45.336188,-75.797212,"PeeringDB, peeringdb.com/api"
17028,Smartdc Paris,Montreuil,FR,Europe,0,0,0,48.85207,2.417989,"PeeringDB, peeringdb.com/api"
17066,net.DE DC-H3,Hannover,DE,Europe,1,0,1,52.316775,9.821669,"PeeringDB, peeringdb.com/api"
17067,AtlasEdge DC Lisbon LIS001,Lisbon,PT,Europe,0,0,0,38.723984,-9.230911,"PeeringDB, peeringdb.com/api"
17073,Sify Infinit Spaces Limited,Chennai,IN,Asia Pacific,1,0,0,12.826015,80.219345,"PeeringDB, peeringdb.com/api"
17074,Maroc Datacenter,Temara Rabat,MA,Africa,1,0,0,,,"PeeringDB, peeringdb.com/api"
17078,WILOHOSTING DATACENTER,Caaguazú,PY,South America,1,0,0,-25.46708,-56.034274,"PeeringDB, peeringdb.com/api"
17086,Digital Realty Tokyo - NRT14,Inzai City,JP,Asia Pacific,0,0,1,35.808311,140.119301,"PeeringDB, peeringdb.com/api"
17093,Servpac MTP DC,Mililani,US,North America,2,0,0,21.480922,-158.019259,"PeeringDB, peeringdb.com/api"
17094,Servpac Puahale DC,Honolulu,US,North America,0,0,0,21.331917,-157.87825,"PeeringDB, peeringdb.com/api"
17116,M247 Europe Brasov,Brasov,RO,Europe,3,0,0,45.651805,25.601611,"PeeringDB, peeringdb.com/api"
17123,LCUB Data Center,Lenoir City,US,North America,0,0,0,35.840815,-84.265703,"PeeringDB, peeringdb.com/api"
17126,CCLiberia - Cable landing point Monrovia,Monrovia,LR,Africa,2,1,0,,,"PeeringDB, peeringdb.com/api"
17138,DC Vojkova 58,LJubljana,SI,Europe,1,0,0,46.068273,14.519497,"PeeringDB, peeringdb.com/api"
17150,DIgital Edge CGK Campus,Central Cikarang,ID,Asia Pacific,1,0,0,-6.367344,107.195823,"PeeringDB, peeringdb.com/api"
17156,Webaxys DC4 - La Souterraine,Saint Maurice la Souterraine,FR,Europe,0,0,0,46.20326,1.3894,"PeeringDB, peeringdb.com/api"
17197,PATIO BRASIL - EDGE,Brasilia,BR,South America,1,0,0,-15.796107,-47.892013,"PeeringDB, peeringdb.com/api"
17200,L&T Network Services - BOM 01,Panvel,IN,Asia Pacific,2,0,0,18.998325,73.109005,"PeeringDB, peeringdb.com/api"
17201,L&T Network Services - MAA 01,Kancheepuram,IN,Asia Pacific,1,0,0,12.900553,79.809789,"PeeringDB, peeringdb.com/api"
17202,NEUTRADC - SNG-3,Singapore,SG,Asia Pacific,2,0,0,1.316752,103.701559,"PeeringDB, peeringdb.com/api"
17209,MXTL1,Chantelle,FR,Europe,2,0,0,46.239661,3.152351,"PeeringDB, peeringdb.com/api"
17212,PureColo Perth P1,Belmont,AU,Australia,0,0,0,-31.954184,115.923778,"PeeringDB, peeringdb.com/api"
17218,Digital Delta IX - BOFINET,Gaborone,BW,Africa,1,1,0,-24.588485,25.906885,"PeeringDB, peeringdb.com/api"
17237,Equinix MN2 - Manila,Carmona,PH,Asia Pacific,1,0,0,,,"PeeringDB, peeringdb.com/api"
17247,Sify Infinit Spaces Limited - Mohali,Mohali,IN,Asia Pacific,0,0,0,,,"PeeringDB, peeringdb.com/api"
17249,Takoda SP01,São Paulo,BR,South America,2,0,0,-23.650729,-46.720574,"PeeringDB, peeringdb.com/api"
17251,Takoda RJ01,Rio de Janeiro,BR,South America,0,0,0,-22.983145,-43.431313,"PeeringDB, peeringdb.com/api"
17252,Takoda BG01,Bogotá,CO,South America,0,0,0,4.67196,-74.155119,"PeeringDB, peeringdb.com/api"
17344,Quadrivium Digital (QGEN01),Genova,IT,Europe,0,0,0,44.401088,8.982633,"PeeringDB, peeringdb.com/api"
17378,ETIX Lille #4,Fretin,FR,Europe,1,0,0,50.583077,3.133676,"PeeringDB, peeringdb.com/api"
17391,Digital Realty AMS11 - Amsterdam,Schiphol-Rijk,NL,Europe,2,1,1,52.284964,4.764761,"PeeringDB, peeringdb.com/api"
17392,Digital Realty AMS16 - Amsterdam,Hoofddorp,NL,Europe,0,0,0,,,"PeeringDB, peeringdb.com/api"
17393,Digital Realty AMS6 - Amsterdam,Schiphol-Rijk,NL,Europe,0,0,0,52.285514,4.765644,"PeeringDB, peeringdb.com/api"
17394,MEVSPACE DC-2,Warsaw,PL,Europe,0,0,0,52.178277,21.060198,"PeeringDB, peeringdb.com/api"
17396,Digital Realty ROM1 - Rome,Roma,IT,Europe,0,0,0,41.776142,12.489193,"PeeringDB, peeringdb.com/api"
17410,Netoip DC01,Ancona,IT,Europe,3,0,0,43.563151,13.512423,"PeeringDB, peeringdb.com/api"
17416,Mashanz Sumber Terbuka - Dalang Data Center,Pandeglang,ID,Asia Pacific,1,0,0,-6.32788,106.077986,"PeeringDB, peeringdb.com/api"
17428,Secure Data Center Osaka,Osaka,JP,Asia Pacific,0,0,0,34.675715,135.495666,"PeeringDB, peeringdb.com/api"
17431,Epsilontel - Techlink,Singapore,SG,Asia Pacific,1,0,0,1.335704,103.905518,"PeeringDB, peeringdb.com/api"
17446,China Mobile International - GIC Hong Kong,Hong Kong SAR,HK,Asia Pacific,2,0,0,22.399986,114.194549,"PeeringDB, peeringdb.com/api"
17447,China Mobile International - Data Zone Data Center (Thailand),Chonburi,TH,Asia Pacific,0,0,0,13.095952,101.113919,"PeeringDB, peeringdb.com/api"
17454,PortDC Istanbul Datacenter,Istanbul,TR,Middle East,0,0,0,,,"PeeringDB, peeringdb.com/api"
17462,Sify Infinit Spaces Limited- Noida 02,Noida,IN,Asia Pacific,0,1,0,28.513261,77.377758,"PeeringDB, peeringdb.com/api"
17477,PIX-NICNET,Cravinhos,BR,South America,0,1,0,,,"PeeringDB, peeringdb.com/api"
17478,PIX-Client,Ribeirão Preto,BR,South America,1,1,0,,,"PeeringDB, peeringdb.com/api"
17484,Long Mao Network,Tachileik,MM,Asia Pacific,1,1,0,20.460717,99.909547,"PeeringDB, peeringdb.com/api"
