landing_point_id,name,longitude,latitude,source
conference-grenada,Conference  Grenada,-61.60638846976845,12.161209900388293,"TeleGeography Submarine Cable Map, submarinecablemap.com"
mataram-indonesia,Mataram  Indonesia,116.08153497084551,-8.586389151919366,"TeleGeography Submarine Cable Map, submarinecablemap.com"
beculuk-indonesia,Beculuk  Indonesia,114.09706372041353,-8.615634129813643,"TeleGeography Submarine Cable Map, submarinecablemap.com"
toweli-indonesia,Toweli  Indonesia,119.38836856575348,-1.142467701149998,"TeleGeography Submarine Cable Map, submarinecablemap.com"
sangata-indonesia,Sangata  Indonesia,117.55096752363566,0.326887363868111,"TeleGeography Submarine Cable Map, submarinecablemap.com"
pankalan-indonesia,Pankalan  Indonesia,111.75292475602346,-2.849667399839222,"TeleGeography Submarine Cable Map, submarinecablemap.com"
ketapang-indonesia,Ketapang  Indonesia,109.97187133023849,-1.859123326919139,"TeleGeography Submarine Cable Map, submarinecablemap.com"
banjarmasin-indonesia,Banjarmasin  Indonesia,114.60399695504718,-3.327961488455888,"TeleGeography Submarine Cable Map, submarinecablemap.com"
pontianak-indonesia,Pontianak  Indonesia,109.33564131219983,-0.02740748572126,"TeleGeography Submarine Cable Map, submarinecablemap.com"
klagshamn-sweden,Klagshamn  Sweden,12.916666647556017,55.53329310071712,"TeleGeography Submarine Cable Map, submarinecablemap.com"
brondby-denmark,Brondby  Denmark,12.41490919050584,55.64724561414846,"TeleGeography Submarine Cable Map, submarinecablemap.com"
nybor-denmark,Nybor  Denmark,10.799480647390464,55.324102015186114,"TeleGeography Submarine Cable Map, submarinecablemap.com"
korsor-denmark,Korsor  Denmark,11.149382743266532,55.32575488731598,"TeleGeography Submarine Cable Map, submarinecablemap.com"
rostock-germany,Rostock  Germany,12.13238985939624,54.078893478280825,"TeleGeography Submarine Cable Map, submarinecablemap.com"
markgrafenheide-germany,Markgrafenheide  Germany,12.149479691038506,54.19140540038316,"TeleGeography Submarine Cable Map, submarinecablemap.com"
osterby-denmark,Osterby  Denmark,11.199285051665399,57.31345558303452,"TeleGeography Submarine Cable Map, submarinecablemap.com"
kristinelund-sweden,Kristinelund  Sweden,12.588639536183623,56.134734209506526,"TeleGeography Submarine Cable Map, submarinecablemap.com"
tinian-northern-mariana-islands,Tinian  Northern Mariana Islands,145.63747106439294,15.011127130087093,"TeleGeography Submarine Cable Map, submarinecablemap.com"
saipan-northern-mariana-islands,Saipan  Northern Mariana Islands,145.7509475465053,15.1777319139343,"TeleGeography Submarine Cable Map, submarinecablemap.com"
rota-northern-mariana-islands,Rota  Northern Mariana Islands,145.21247136546685,14.151844706294286,"TeleGeography Submarine Cable Map, submarinecablemap.com"
vila-olga-virgin-islands-u-s-,Vila Olga  Virgin Islands (U.S.),-64.94802428611733,18.335728451477152,"TeleGeography Submarine Cable Map, submarinecablemap.com"
banana-bay-virgin-islands-u-s-,Banana Bay  Virgin Islands (U.S.),-64.94377624225066,18.328219740149585,"TeleGeography Submarine Cable Map, submarinecablemap.com"
flamingo-bay-virgin-islands-u-s-,Flamingo Bay  Virgin Islands (U.S.),-64.95778990419826,18.312830498451948,"TeleGeography Submarine Cable Map, submarinecablemap.com"
ende-indonesia,Ende  Indonesia,121.64273999999965,-8.845699000000248,"TeleGeography Submarine Cable Map, submarinecablemap.com"
sumbawa-besar-indonesia,Sumbawa Besar  Indonesia,118.08221700000053,-8.84115000000092,"TeleGeography Submarine Cable Map, submarinecablemap.com"
bima-indonesia,Bima  Indonesia,118.74490299999954,-8.464266,"TeleGeography Submarine Cable Map, submarinecablemap.com"
saraemee-indonesia,Saraemee  Indonesia,118.71180654503641,-8.796931179918277,"TeleGeography Submarine Cable Map, submarinecablemap.com"
waingapu-indonesia,Waingapu  Indonesia,120.25301639072892,-9.64615484323023,"TeleGeography Submarine Cable Map, submarinecablemap.com"
kupang-indonesia,Kupang  Indonesia,123.5833851252144,-10.183308656195656,"TeleGeography Submarine Cable Map, submarinecablemap.com"
taytay-philippines,Taytay  Philippines,119.50038020515338,10.819603438863586,"TeleGeography Submarine Cable Map, submarinecablemap.com"
san-jose-philippines,San Jose  Philippines,121.05008613857723,12.362623239786029,"TeleGeography Submarine Cable Map, submarinecablemap.com"
coron-philippines,Coron  Philippines,120.20067267780973,12.004960160699559,"TeleGeography Submarine Cable Map, submarinecablemap.com"
el-quawef-libya,El-Quawef  Libya,25.08736115072189,31.760813307797136,"TeleGeography Submarine Cable Map, submarinecablemap.com"
faial-portugal,Faial  Portugal,-28.647561720454593,38.525099690783364,"TeleGeography Submarine Cable Map, submarinecablemap.com"
graciosa-portugal,Graciosa  Portugal,-27.963480173814336,39.01102990331266,"TeleGeography Submarine Cable Map, submarinecablemap.com"
corvo-portugal,Corvo  Portugal,-31.110548256901776,39.67193532519225,"TeleGeography Submarine Cable Map, submarinecablemap.com"
flores-portugal,Flores  Portugal,-31.128516994172585,39.462211754202585,"TeleGeography Submarine Cable Map, submarinecablemap.com"
piedra-santa-spain,Piedra Santa  Spain,-15.408801567666467,28.04062233001219,"TeleGeography Submarine Cable Map, submarinecablemap.com"
las-caletillas-spain,Las Caletillas  Spain,-16.36236534527797,28.37727858251394,"TeleGeography Submarine Cable Map, submarinecablemap.com"
sihanoukville-cambodia,Sihanoukville  Cambodia,103.5066415352679,10.630005631197276,"TeleGeography Submarine Cable Map, submarinecablemap.com"
kralendijk-bonaire-netherlands,Kralendijk  Bonaire  Netherlands,-68.27668403743753,12.150684714118114,"TeleGeography Submarine Cable Map, submarinecablemap.com"
north-salina-bonaire-sint-eustatius-and-saba,North Salina  Bonaire  Sint Eustatius and Saba,-68.28414900000034,12.1638160000004,"TeleGeography Submarine Cable Map, submarinecablemap.com"
ratmalana-sri-lanka,Ratmalana  Sri Lanka,79.88927545353178,6.820387603783256,"TeleGeography Submarine Cable Map, submarinecablemap.com"
hithadhoo-maldives,Hithadhoo  Maldives,73.08918261453131,-0.606021265123826,"TeleGeography Submarine Cable Map, submarinecablemap.com"
fuvahmulah-maldives,Fuvahmulah  Maldives,73.42687768780485,-0.298304384685104,"TeleGeography Submarine Cable Map, submarinecablemap.com"
port-gentil-gabon,Port Gentil  Gabon,8.781610983118252,-0.721040306475029,"TeleGeography Submarine Cable Map, submarinecablemap.com"
lusk-ireland,Lusk  Ireland,-6.165888193558025,53.52625445974578,"TeleGeography Submarine Cable Map, submarinecablemap.com"
tobruk-libya,Tobruk  Libya,23.960311167883617,32.079604155442446,"TeleGeography Submarine Cable Map, submarinecablemap.com"
al-bayda-libya,Al Bayda  Libya,21.74166039584776,32.88172722141822,"TeleGeography Submarine Cable Map, submarinecablemap.com"
tolmeta-libya,Tolmeta  Libya,20.949961737944495,32.71673198238239,"TeleGeography Submarine Cable Map, submarinecablemap.com"
benghazi-libya,Benghazi  Libya,20.066759238613432,32.11658375707056,"TeleGeography Submarine Cable Map, submarinecablemap.com"
brega-libya,Brega  Libya,19.576525210899817,30.378108493012235,"TeleGeography Submarine Cable Map, submarinecablemap.com"
ras-lanuf-libya,Ras Lanuf  Libya,18.41187759844718,30.586737502695293,"TeleGeography Submarine Cable Map, submarinecablemap.com"
sirte-libya,Sirte  Libya,16.588343734005548,31.205251640496304,"TeleGeography Submarine Cable Map, submarinecablemap.com"
misuratah-libya,Misuratah  Libya,15.094790104552972,32.37427884369104,"TeleGeography Submarine Cable Map, submarinecablemap.com"
al-khums-libya,Al Khums  Libya,14.26441959904531,32.64966152384897,"TeleGeography Submarine Cable Map, submarinecablemap.com"
zawia-libya,Zawia  Libya,12.529752859149395,32.774720416295295,"TeleGeography Submarine Cable Map, submarinecablemap.com"
zuwara-libya,Zuwara  Libya,12.083366456623823,32.93337907602355,"TeleGeography Submarine Cable Map, submarinecablemap.com"
hermosa-beach-ca-united-states,Hermosa Beach  CA  United States,-118.39954892055475,33.862232632157735,"TeleGeography Submarine Cable Map, submarinecablemap.com"
sandy-point-vic-australia,Sandy Point  VIC  Australia,146.11969728527944,-38.82018266620627,"TeleGeography Submarine Cable Map, submarinecablemap.com"
four-mile-bluff-tas-australia,Four Mile Bluff  TAS  Australia,146.85016551780996,-41.03327707528322,"TeleGeography Submarine Cable Map, submarinecablemap.com"
mcgaurans-beach-vic-australia,McGaurans Beach  VIC  Australia,147.07125911118302,-38.44361560267599,"TeleGeography Submarine Cable Map, submarinecablemap.com"
stanley-tas-australia,Stanley  TAS  Australia,145.29411193263084,-40.760375144220674,"TeleGeography Submarine Cable Map, submarinecablemap.com"
inverloch-vic-australia,Inverloch  VIC  Australia,145.72946318672496,-38.63345276915476,"TeleGeography Submarine Cable Map, submarinecablemap.com"
boat-harbour-tas-australia,Boat Harbour  TAS  Australia,145.62379919907835,-40.95086828582336,"TeleGeography Submarine Cable Map, submarinecablemap.com"
tortola-virgin-islands-u-k-,Tortola  Virgin Islands (U.K.),-64.5972432846129,18.414781849275833,"TeleGeography Submarine Cable Map, submarinecablemap.com"
great-bay-virgin-islands-u-s-,Great Bay  Virgin Islands (U.S.),-64.84319037600663,18.322472111215845,"TeleGeography Submarine Cable Map, submarinecablemap.com"
brewers-bay-virgin-islands-u-s-,Brewer's Bay  Virgin Islands (U.S.),-64.97531918865539,18.342402587783717,"TeleGeography Submarine Cable Map, submarinecablemap.com"
frederiksted-virgin-islands-u-s-,Frederiksted  Virgin Islands (U.S.),-64.88152042697823,17.71242997088509,"TeleGeography Submarine Cable Map, submarinecablemap.com"
christiansted-virgin-islands-u-s-,Christiansted  Virgin Islands (U.S.),-64.70315141271153,17.746660579229843,"TeleGeography Submarine Cable Map, submarinecablemap.com"
carrickfergus-united-kingdom,Carrickfergus  United Kingdom,-5.808173603216411,54.71367039332284,"TeleGeography Submarine Cable Map, submarinecablemap.com"
saltcoats-united-kingdom,Saltcoats  United Kingdom,-4.783516125969337,55.63758019678909,"TeleGeography Submarine Cable Map, submarinecablemap.com"
douglas-isle-of-man,Douglas  Isle of Man,-4.480879621608963,54.15027516173659,"TeleGeography Submarine Cable Map, submarinecablemap.com"
silecroft-beach-united-kingdom,Silecroft Beach  United Kingdom,-3.35714994891956,54.21062739961812,"TeleGeography Submarine Cable Map, submarinecablemap.com"
groudle-bay-isle-of-man,Groudle Bay  Isle of Man,-4.423897240100775,54.16697942720116,"TeleGeography Submarine Cable Map, submarinecablemap.com"
peel-isle-of-man,Peel  Isle of Man,-4.691426347455632,54.22244748636314,"TeleGeography Submarine Cable Map, submarinecablemap.com"
ballywater-united-kingdom,Ballywater  United Kingdom,-5.484394535704497,54.542741580201856,"TeleGeography Submarine Cable Map, submarinecablemap.com"
port-grenaugh-isle-of-man,Port Grenaugh  Isle of Man,-4.566670576458828,54.09999306170466,"TeleGeography Submarine Cable Map, submarinecablemap.com"
hulhumale-maldives,Hulhumale  Maldives,73.54015885755544,4.211942635751779,"TeleGeography Submarine Cable Map, submarinecablemap.com"
kulhudhufushi-maldives,Kulhudhufushi  Maldives,73.07140918962199,6.622441345756148,"TeleGeography Submarine Cable Map, submarinecablemap.com"
eydhafushi-maldives,Eydhafushi  Maldives,73.07082325253708,5.10323036500878,"TeleGeography Submarine Cable Map, submarinecablemap.com"
dhangethi-maldives,Dhangethi  Maldives,72.95558895917019,3.608093477293043,"TeleGeography Submarine Cable Map, submarinecablemap.com"
gan-maldives,Gan  Maldives,73.54465104187312,1.918411782935871,"TeleGeography Submarine Cable Map, submarinecablemap.com"
gahdhoo-maldives,Gahdhoo  Maldives,73.45549094878496,0.288802003782011,"TeleGeography Submarine Cable Map, submarinecablemap.com"
diego-garcia-british-indian-ocean-territory,Diego Garcia  British Indian Ocean Territory,72.416672,-7.333330000000503,"TeleGeography Submarine Cable Map, submarinecablemap.com"
cherating-malaysia,Cherating  Malaysia,103.39365333405976,4.130238298773818,"TeleGeography Submarine Cable Map, submarinecablemap.com"
davao-philippines,Davao  Philippines,125.61277821882337,7.079988883160643,"TeleGeography Submarine Cable Map, submarinecablemap.com"
ilyich-russia,Ilyich  Russia,36.77084896777956,45.42360850409014,"TeleGeography Submarine Cable Map, submarinecablemap.com"
kerch-ukraine,Kerch  Ukraine,36.477392144417024,45.35698172208115,"TeleGeography Submarine Cable Map, submarinecablemap.com"
domburg-netherlands,Domburg  Netherlands,3.496165508627551,51.56395317878603,"TeleGeography Submarine Cable Map, submarinecablemap.com"
aldeburgh-united-kingdom,Aldeburgh  United Kingdom,1.590600452297692,52.1578426448517,"TeleGeography Submarine Cable Map, submarinecablemap.com"
port-hedland-wa-australia,Port Hedland  WA  Australia,118.57723632786723,-20.31345781610387,"TeleGeography Submarine Cable Map, submarinecablemap.com"
darwin-nt-australia,Darwin  NT  Australia,130.8431456073319,-12.467490679762426,"TeleGeography Submarine Cable Map, submarinecablemap.com"
igiugig-ak-united-states,Igiugig  AK  United States,-155.8947433058731,59.327800128586105,"TeleGeography Submarine Cable Map, submarinecablemap.com"
port-alsworth-ak-united-states,Port Alsworth  AK  United States,-154.3369319094411,60.200371500530665,"TeleGeography Submarine Cable Map, submarinecablemap.com"
fish-camp-ak-united-states,Fish Camp  AK  United States,-154.85885536783067,59.94919988638963,"TeleGeography Submarine Cable Map, submarinecablemap.com"
nondalton-ak-united-states,Nondalton  AK  United States,-154.84772256321745,59.972649771731774,"TeleGeography Submarine Cable Map, submarinecablemap.com"
newhalen-ak-united-states,Newhalen  AK  United States,-154.899773307594,59.7181450195821,"TeleGeography Submarine Cable Map, submarinecablemap.com"
kokhanok-ak-united-states,Kokhanok  AK  United States,-154.75275192737027,59.44215809995201,"TeleGeography Submarine Cable Map, submarinecablemap.com"
pile-bay-ak-united-states,Pile Bay  AK  United States,-153.88048692029113,59.776054476860836,"TeleGeography Submarine Cable Map, submarinecablemap.com"
illiamna-ak-united-states,Illiamna  AK  United States,-154.90612095934728,59.754765229743505,"TeleGeography Submarine Cable Map, submarinecablemap.com"
pedro-bay-ak-united-states,Pedro Bay  AK  United States,-154.10612152607442,59.7872115404838,"TeleGeography Submarine Cable Map, submarinecablemap.com"
williamsport-ak-united-states,Williamsport  AK  United States,-153.63214725246726,59.682402835634406,"TeleGeography Submarine Cable Map, submarinecablemap.com"
mchugh-point-ak-united-states,McHugh Point  AK  United States,-149.73219884335225,61.01571463051166,"TeleGeography Submarine Cable Map, submarinecablemap.com"
portage-ak-united-states,Portage  AK  United States,-148.98981655676278,60.82828925189919,"TeleGeography Submarine Cable Map, submarinecablemap.com"
matara-sri-lanka,Matara  Sri Lanka,80.53986093015084,5.940833037393244,"TeleGeography Submarine Cable Map, submarinecablemap.com"
kuakata-bangladesh,Kuakata  Bangladesh,90.11661195839058,21.816735551700102,"TeleGeography Submarine Cable Map, submarinecablemap.com"
ngwe-saung-myanmar,Ngwe Saung  Myanmar,94.39121830521923,16.858028367792194,"TeleGeography Submarine Cable Map, submarinecablemap.com"
dunvegan-united-kingdom,Dunvegan  United Kingdom,-6.581659383399854,57.43632161635939,"TeleGeography Submarine Cable Map, submarinecablemap.com"
holmar-united-kingdom,Holmar  United Kingdom,-7.274140611586573,57.36669044941733,"TeleGeography Submarine Cable Map, submarinecablemap.com"
ardvasar-united-kingdom,Ardvasar  United Kingdom,-5.906464549211167,57.059371673818994,"TeleGeography Submarine Cable Map, submarinecablemap.com"
mallaig-united-kingdom,Mallaig  United Kingdom,-5.820429453909197,57.008477935490994,"TeleGeography Submarine Cable Map, submarinecablemap.com"
scarinish-united-kingdom,Scarinish  United Kingdom,-6.808514691440399,56.503788111663106,"TeleGeography Submarine Cable Map, submarinecablemap.com"
calgary-united-kingdom,Calgary  United Kingdom,-6.272382258741658,56.582123807892486,"TeleGeography Submarine Cable Map, submarinecablemap.com"
ludag-united-kingdom,Ludag  United Kingdom,-7.328143229579688,57.10553545436941,"TeleGeography Submarine Cable Map, submarinecablemap.com"
balla-united-kingdom,Balla  United Kingdom,-7.312176444016704,57.0815220684469,"TeleGeography Submarine Cable Map, submarinecablemap.com"
north-bay-united-kingdom,North Bay  United Kingdom,-7.449481034248839,57.02529080676931,"TeleGeography Submarine Cable Map, submarinecablemap.com"
bay-of-tuquoy-united-kingdom,Bay of Tuquoy  United Kingdom,-2.939523291645224,59.27976761462974,"TeleGeography Submarine Cable Map, submarinecablemap.com"
aikerness-bay-united-kingdom,Aikerness Bay  United Kingdom,-3.095076000000142,59.11804019999936,"TeleGeography Submarine Cable Map, submarinecablemap.com"
portachur-point-united-kingdom,Portachur Point  United Kingdom,-4.943867574873866,55.74276545167681,"TeleGeography Submarine Cable Map, submarinecablemap.com"
coilleag-united-kingdom,Coilleag  United Kingdom,-7.302215513573107,57.07361367890789,"TeleGeography Submarine Cable Map, submarinecablemap.com"
ardbeg-point-united-kingdom,Ardbeg Point  United Kingdom,-5.063594052558523,55.858590024607395,"TeleGeography Submarine Cable Map, submarinecablemap.com"
ardyne-point-united-kingdom,Ardyne Point  United Kingdom,-5.019990567822677,55.86941315469073,"TeleGeography Submarine Cable Map, submarinecablemap.com"
ardgour-united-kingdom,Ardgour  United Kingdom,-5.233662291455637,56.72156793829049,"TeleGeography Submarine Cable Map, submarinecablemap.com"
raglan-new-zealand,Raglan  New Zealand,174.87182535450324,-37.8013819587598,"TeleGeography Submarine Cable Map, submarinecablemap.com"
ola-russia,Ola  Russia,151.2833655022884,59.5833440417752,"TeleGeography Submarine Cable Map, submarinecablemap.com"
okha-russia,Okha  Russia,142.94245344231877,53.5775487202457,"TeleGeography Submarine Cable Map, submarinecablemap.com"
ust-bolsheretsk-russia,Ust-Bolsheretsk  Russia,156.28707289511507,52.812414384362135,"TeleGeography Submarine Cable Map, submarinecablemap.com"
porthcressa-beach-united-kingdom,Porthcressa Beach  United Kingdom,-6.308173249011959,49.919905077432276,"TeleGeography Submarine Cable Map, submarinecablemap.com"
mogadishu-somalia,Mogadishu  Somalia,45.344182738099455,2.041189900937192,"TeleGeography Submarine Cable Map, submarinecablemap.com"
satun-thailand,Satun  Thailand,100.06611799999914,6.613467,"TeleGeography Submarine Cable Map, submarinecablemap.com"
rayong-thailand,Rayong  Thailand,101.27734623952158,12.670662766448473,"TeleGeography Submarine Cable Map, submarinecablemap.com"
uturoa-french-polynesia,Uturoa  French Polynesia,-151.4430374751281,-16.73090937041819,"TeleGeography Submarine Cable Map, submarinecablemap.com"
vaitape-french-polynesia,Vaitape  French Polynesia,-151.7495313986299,-16.506324613958466,"TeleGeography Submarine Cable Map, submarinecablemap.com"
nasugbu-philippines,Nasugbu  Philippines,120.62301068928154,14.088187386038742,"TeleGeography Submarine Cable Map, submarinecablemap.com"
pinamalayan-philippines,Pinamalayan  Philippines,121.46453896997501,13.045778897500922,"TeleGeography Submarine Cable Map, submarinecablemap.com"
roxas-city-philippines,Roxas City  Philippines,122.74998727810134,11.583305826411662,"TeleGeography Submarine Cable Map, submarinecablemap.com"
masbate-city-philippines,Masbate City  Philippines,123.61668588287377,12.36672505260177,"TeleGeography Submarine Cable Map, submarinecablemap.com"
legazpi-city-philippines,Legazpi City  Philippines,123.74373657411985,13.139089344982024,"TeleGeography Submarine Cable Map, submarinecablemap.com"
calbayog-philippines,Calbayog  Philippines,124.60027893608729,12.069906190827878,"TeleGeography Submarine Cable Map, submarinecablemap.com"
ormoc-philippines,Ormoc  Philippines,124.61277892723209,11.006888634178475,"TeleGeography Submarine Cable Map, submarinecablemap.com"
cebu-philippines,Cebu  Philippines,123.89461537348717,10.310033388932034,"TeleGeography Submarine Cable Map, submarinecablemap.com"
cadiz-city-philippines,Cadiz City  Philippines,123.29998688847635,10.950026359206582,"TeleGeography Submarine Cable Map, submarinecablemap.com"
dumaguete-philippines,Dumaguete  Philippines,123.28143221412073,9.295611105669924,"TeleGeography Submarine Cable Map, submarinecablemap.com"
ozamiz-city-philippines,Ozamiz City  Philippines,123.84998649885156,8.15002871017614,"TeleGeography Submarine Cable Map, submarinecablemap.com"
cagayan-de-oro-philippines,Cagayan de Oro  Philippines,124.6319195386728,8.454228346754538,"TeleGeography Submarine Cable Map, submarinecablemap.com"
butuan-city-philippines,Butuan City  Philippines,125.54061030119786,8.947615403087521,"TeleGeography Submarine Cable Map, submarinecablemap.com"
san-jose-de-buenavista-philippines,San Jose de Buenavista  Philippines,121.94129644473541,10.748806024464415,"TeleGeography Submarine Cable Map, submarinecablemap.com"
santiago-de-cuba-cuba,Santiago de Cuba  Cuba,-75.82897360919968,20.028793830551784,"TeleGeography Submarine Cable Map, submarinecablemap.com"
killala-ireland,Killala  Ireland,-9.23219461510775,54.20682940735113,"TeleGeography Submarine Cable Map, submarinecablemap.com"
cork-ireland,Cork  Ireland,-8.472771324965343,51.89833468681305,"TeleGeography Submarine Cable Map, submarinecablemap.com"
milton-nl-canada,Milton  NL  Canada,-53.96023910121645,48.20761257904667,"TeleGeography Submarine Cable Map, submarinecablemap.com"
pacific-city-or-united-states,Pacific City  OR  United States,-123.9626309171155,45.201924825052444,"TeleGeography Submarine Cable Map, submarinecablemap.com"
labuan-bajo-indonesia,Labuan Bajo  Indonesia,119.90756399999964,-8.475551000000419,"TeleGeography Submarine Cable Map, submarinecablemap.com"
sape-indonesia,Sape  Indonesia,118.97619999999958,-8.505600000000262,"TeleGeography Submarine Cable Map, submarinecablemap.com"
yanbu-saudi-arabia,Yanbu  Saudi Arabia,38.10698083375123,24.070555564820936,"TeleGeography Submarine Cable Map, submarinecablemap.com"
toulon-france,Toulon  France,5.930343471732967,43.12529261338072,"TeleGeography Submarine Cable Map, submarinecablemap.com"
buenaventura-colombia,Buenaventura  Colombia,-77.0403008760841,3.883674880769303,"TeleGeography Submarine Cable Map, submarinecablemap.com"
puerto-chacabuco-chile,Puerto Chacabuco  Chile,-72.805098798216,-45.45830050296172,"TeleGeography Submarine Cable Map, submarinecablemap.com"
quellon-chile,Quellon  Chile,-73.47946355486467,-43.117473610870405,"TeleGeography Submarine Cable Map, submarinecablemap.com"
gav-spain,Gavá  Spain,2.001342348824283,41.304002941820244,"TeleGeography Submarine Cable Map, submarinecablemap.com"
fomboni-moheli-comoros,Fomboni Moheli  Comoros,43.73959403105522,-12.288236282174532,"TeleGeography Submarine Cable Map, submarinecablemap.com"
mutsamudu-comoros,Mutsamudu  Comoros,44.400042781936996,-12.16665664973713,"TeleGeography Submarine Cable Map, submarinecablemap.com"
chindini-comoros,Chindini  Comoros,43.48910592725337,-11.923498177297583,"TeleGeography Submarine Cable Map, submarinecablemap.com"
mouly-new-caledonia,Mouly  New Caledonia,166.48901879296093,-20.70593760646555,"TeleGeography Submarine Cable Map, submarinecablemap.com"
xepenehe-new-caledonia,Xepenehe  New Caledonia,167.1513230112785,-20.7809160007802,"TeleGeography Submarine Cable Map, submarinecablemap.com"
poindimie-new-caledonia,Poindimie  New Caledonia,165.34155866833254,-20.945878679076127,"TeleGeography Submarine Cable Map, submarinecablemap.com"
angra-do-heroismo-portugal,Angra do Heroismo  Portugal,-27.215824453460687,38.65852273411055,"TeleGeography Submarine Cable Map, submarinecablemap.com"
vila-do-porto-portugal,Vila do Porto  Portugal,-25.14126537622283,36.95676381760329,"TeleGeography Submarine Cable Map, submarinecablemap.com"
sao-mateus-portugal,Sao Mateus  Portugal,-28.46123372745104,38.43229047782683,"TeleGeography Submarine Cable Map, submarinecablemap.com"
velas-portugal,Velas  Portugal,-28.2131870281707,38.683845455403926,"TeleGeography Submarine Cable Map, submarinecablemap.com"
porto-santo-portugal,Porto Santo  Portugal,-16.347668090064676,33.047316301636776,"TeleGeography Submarine Cable Map, submarinecablemap.com"
funchal-portugal,Funchal  Portugal,-16.908946989325337,32.64686582848514,"TeleGeography Submarine Cable Map, submarinecablemap.com"
toco-trinidad-and-tobago,Toco  Trinidad and Tobago,-60.94968727482579,10.831137615524929,"TeleGeography Submarine Cable Map, submarinecablemap.com"
pigeon-point-trinidad-and-tobago,Pigeon Point  Trinidad and Tobago,-60.84031235230797,11.16540972374498,"TeleGeography Submarine Cable Map, submarinecablemap.com"
kaliko-haiti,Kaliko  Haiti,-72.60871221858814,18.86458746066303,"TeleGeography Submarine Cable Map, submarinecablemap.com"
huahine-french-polynesia,Huahine  French Polynesia,-151.0000690389311,-16.730055979033075,"TeleGeography Submarine Cable Map, submarinecablemap.com"
moorea-french-polynesia,Moorea  French Polynesia,-149.82956205562922,-17.538774974102118,"TeleGeography Submarine Cable Map, submarinecablemap.com"
maruyama-japan,Maruyama  Japan,139.97546699999984,35.005432999999265,"TeleGeography Submarine Cable Map, submarinecablemap.com"
makaha-hi-united-states,Makaha  HI  United States,-158.2206478576183,21.463431186887963,"TeleGeography Submarine Cable Map, submarinecablemap.com"
morro-bay-ca-united-states,Morro Bay  CA  United States,-120.84720343661348,35.3666813511006,"TeleGeography Submarine Cable Map, submarinecablemap.com"
porthcurno-united-kingdom,Porthcurno  United Kingdom,-5.654511602696961,50.043048657721435,"TeleGeography Submarine Cable Map, submarinecablemap.com"
estepona-spain,Estepona  Spain,-5.145869384899948,36.42710220192439,"TeleGeography Submarine Cable Map, submarinecablemap.com"
fujairah-united-arab-emirates,Fujairah  United Arab Emirates,56.33372573425405,25.12169311729696,"TeleGeography Submarine Cable Map, submarinecablemap.com"
penang-malaysia,Penang  Malaysia,100.40982400223058,5.368393581488473,"TeleGeography Submarine Cable Map, submarinecablemap.com"
songkhla-thailand,Songkhla  Thailand,100.5951000000003,7.198819999999446,"TeleGeography Submarine Cable Map, submarinecablemap.com"
island-park-ny-united-states,Island Park  NY  United States,-73.6559282736054,40.60030327678829,"TeleGeography Submarine Cable Map, submarinecablemap.com"
danang-vietnam,Danang  Vietnam,108.21474366875417,16.051559827539638,"TeleGeography Submarine Cable Map, submarinecablemap.com"
mersing-malaysia,Mersing  Malaysia,103.84990301084824,2.295511672819276,"TeleGeography Submarine Cable Map, submarinecablemap.com"
tuas-singapore,Tuas  Singapore,103.64707112328632,1.338192522185158,"TeleGeography Submarine Cable Map, submarinecablemap.com"
tuckerton-nj-united-states,Tuckerton  NJ  United States,-74.33791021235805,39.60388495499803,"TeleGeography Submarine Cable Map, submarinecablemap.com"
boca-raton-fl-united-states,Boca Raton  FL  United States,-80.08894373592818,26.350323169523403,"TeleGeography Submarine Cable Map, submarinecablemap.com"
brookhaven-ny-united-states,Brookhaven  NY  United States,-72.91227645666531,40.773148001414974,"TeleGeography Submarine Cable Map, submarinecablemap.com"
grover-beach-ca-united-states,Grover Beach  CA  United States,-120.62142234655879,35.1206334382351,"TeleGeography Submarine Cable Map, submarinecablemap.com"
tijuana-mexico,Tijuana  Mexico,-117.03822175993173,32.53084977596535,"TeleGeography Submarine Cable Map, submarinecablemap.com"
northport-ny-united-states,Northport  NY  United States,-73.34411208824892,40.90945509894606,"TeleGeography Submarine Cable Map, submarinecablemap.com"
takapuna-new-zealand,Takapuna  New Zealand,174.76791917811025,-36.78796527793357,"TeleGeography Submarine Cable Map, submarinecablemap.com"
whenuapai-new-zealand,Whenuapai  New Zealand,174.6233880304975,-36.788806016342754,"TeleGeography Submarine Cable Map, submarinecablemap.com"
valparaso-chile,Valparaíso  Chile,-71.62048049678572,-33.045765558769304,"TeleGeography Submarine Cable Map, submarinecablemap.com"
lurin-peru,Lurin  Peru,-76.87428536869109,-12.278527239265857,"TeleGeography Submarine Cable Map, submarinecablemap.com"
rio-de-janeiro-brazil,Rio de Janeiro  Brazil,-43.209563123346165,-22.90339400756494,"TeleGeography Submarine Cable Map, submarinecablemap.com"
santos-brazil,Santos  Brazil,-46.32806677354495,-23.961845467703107,"TeleGeography Submarine Cable Map, submarinecablemap.com"
las-toninas-argentina,Las Toninas  Argentina,-56.695491069788275,-36.47252952471871,"TeleGeography Submarine Cable Map, submarinecablemap.com"
maldonado-uruguay,Maldonado  Uruguay,-54.95017980618316,-34.900379504866834,"TeleGeography Submarine Cable Map, submarinecablemap.com"
fort-amador-panama,Fort Amador  Panama,-79.54673220597367,8.934109660849998,"TeleGeography Submarine Cable Map, submarinecablemap.com"
puerto-plata-dominican-republic,Puerto Plata  Dominican Republic,-70.6912331081983,19.79934388457018,"TeleGeography Submarine Cable Map, submarinecablemap.com"
riohacha-colombia,Riohacha  Colombia,-72.95270611552462,11.482908943707109,"TeleGeography Submarine Cable Map, submarinecablemap.com"
bluefields-nicaragua,Bluefields  Nicaragua,-83.77146065844866,11.991778023043153,"TeleGeography Submarine Cable Map, submarinecablemap.com"
puerto-lempira-honduras,Puerto Lempira  Honduras,-83.77675850625805,15.261220674450207,"TeleGeography Submarine Cable Map, submarinecablemap.com"
trujillo-honduras,Trujillo  Honduras,-85.95475989302918,15.915150827636316,"TeleGeography Submarine Cable Map, submarinecablemap.com"
puerto-barrios-guatemala,Puerto Barrios  Guatemala,-88.59723848982233,15.727143540875408,"TeleGeography Submarine Cable Map, submarinecablemap.com"
hillsboro-or-united-states,Hillsboro  OR  United States,-122.98980067645105,45.522898824562965,"TeleGeography Submarine Cable Map, submarinecablemap.com"
kahe-point-hi-united-states,Kahe Point  HI  United States,-158.1305815657343,21.35398165191293,"TeleGeography Submarine Cable Map, submarinecablemap.com"
suva-fiji,Suva  Fiji,178.43744782858172,-18.123812280017187,"TeleGeography Submarine Cable Map, submarinecablemap.com"
savona-italy,Savona  Italy,8.483759631619103,44.305540140669045,"TeleGeography Submarine Cable Map, submarinecablemap.com"
baby-beach-aruba,Baby Beach  Aruba,-69.87868485568913,12.414141621401608,"TeleGeography Submarine Cable Map, submarinecablemap.com"
halifax-ns-canada,Halifax  NS  Canada,-63.573952993896306,44.64579771640326,"TeleGeography Submarine Cable Map, submarinecablemap.com"
lynn-ma-united-states,Lynn  MA  United States,-70.95026612782192,42.46366906639672,"TeleGeography Submarine Cable Map, submarinecablemap.com"
dublin-ireland,Dublin  Ireland,-6.248261182079236,53.348045408252375,"TeleGeography Submarine Cable Map, submarinecablemap.com"
southport-united-kingdom,Southport  United Kingdom,-3.006368947416131,53.64793071295795,"TeleGeography Submarine Cable Map, submarinecablemap.com"
bude-united-kingdom,Bude  United Kingdom,-4.544404967232005,50.82811048000128,"TeleGeography Submarine Cable Map, submarinecablemap.com"
san-juan-pr-united-states,San Juan  PR  United States,-66.10666604344867,18.465839112933374,"TeleGeography Submarine Cable Map, submarinecablemap.com"
naha-japan,Naha  Japan,127.68055019149426,26.21241384638718,"TeleGeography Submarine Cable Map, submarinecablemap.com"
toucheng-taiwan,Toucheng  Taiwan,121.80145279380189,24.863592858849902,"TeleGeography Submarine Cable Map, submarinecablemap.com"
karachi-pakistan,Karachi  Pakistan,67.02854237669561,24.88937409747322,"TeleGeography Submarine Cable Map, submarinecablemap.com"
haramous-djibouti,Haramous  Djibouti,43.16166943911836,11.57367892559012,"TeleGeography Submarine Cable Map, submarinecablemap.com"
yeroskipos-cyprus,Yeroskipos  Cyprus,32.46655514198169,34.76641137968897,"TeleGeography Submarine Cable Map, submarinecablemap.com"
marmaris-turkey,Marmaris  Turkey,28.25366750143074,36.85524944302755,"TeleGeography Submarine Cable Map, submarinecablemap.com"
mazara-del-vallo-italy,Mazara del Vallo  Italy,12.591276253065702,37.650130188288585,"TeleGeography Submarine Cable Map, submarinecablemap.com"
sesimbra-portugal,Sesimbra  Portugal,-9.1027513474316,38.44269349871853,"TeleGeography Submarine Cable Map, submarinecablemap.com"
goonhilly-downs-united-kingdom,Goonhilly Downs  United Kingdom,-5.174531473969396,50.0248026869269,"TeleGeography Submarine Cable Map, submarinecablemap.com"
sylt-germany,Sylt  Germany,8.383369077736644,54.89850565849031,"TeleGeography Submarine Cable Map, submarinecablemap.com"
dakar-senegal,Dakar  Senegal,-17.451915354680473,14.686597713745336,"TeleGeography Submarine Cable Map, submarinecablemap.com"
conil-de-la-frontera-spain,Conil de la Frontera  Spain,-6.087226139907921,36.2765632358394,"TeleGeography Submarine Cable Map, submarinecablemap.com"
nassau-bahamas,Nassau  Bahamas,-77.34025183547105,25.067038149721757,"TeleGeography Submarine Cable Map, submarinecablemap.com"
crooked-island-bahamas,Crooked Island  Bahamas,-74.19499039172877,22.629711836470232,"TeleGeography Submarine Cable Map, submarinecablemap.com"
providenciales-turks-and-caicos-islands,Providenciales  Turks and Caicos Islands,-72.12023600213026,21.851092241181057,"TeleGeography Submarine Cable Map, submarinecablemap.com"
punta-cana-dominican-republic,Punta Cana  Dominican Republic,-68.43825618860332,18.621279512611874,"TeleGeography Submarine Cable Map, submarinecablemap.com"
corfu-greece,Corfu  Greece,19.9194937179377,39.61929827180403,"TeleGeography Submarine Cable Map, submarinecablemap.com"
durres-albania,Durres  Albania,19.45006045673864,41.316693174085714,"TeleGeography Submarine Cable Map, submarinecablemap.com"
bridgetown-barbados,Bridgetown  Barbados,-59.61336009649245,13.098954014787664,"TeleGeography Submarine Cable Map, submarinecablemap.com"
castries-saint-lucia,Castries  Saint Lucia,-61.00681614060512,13.994222056803721,"TeleGeography Submarine Cable Map, submarinecablemap.com"
pointe-a-pitre-guadeloupe,Pointe-a-Pitre  Guadeloupe,-61.53308529904113,16.241044022954217,"TeleGeography Submarine Cable Map, submarinecablemap.com"
roseau-dominica,Roseau  Dominica,-61.37073189842878,15.251799221840017,"TeleGeography Submarine Cable Map, submarinecablemap.com"
the-valley-anguilla,The Valley  Anguilla,-63.0572053130902,18.217405253293137,"TeleGeography Submarine Cable Map, submarinecablemap.com"
cagliari-italy,Cagliari  Italy,9.109345125948376,39.21530980337921,"TeleGeography Submarine Cable Map, submarinecablemap.com"
civitavecchia-italy,Civitavecchia  Italy,11.796843222099477,42.091130652249426,"TeleGeography Submarine Cable Map, submarinecablemap.com"
olbia-italy,Olbia  Italy,9.49644289999974,40.923576400000215,"TeleGeography Submarine Cable Map, submarinecablemap.com"
khark-island-iran,Khark Island  Iran,50.31205031256539,29.245773309269826,"TeleGeography Submarine Cable Map, submarinecablemap.com"
soroosh-platform-iran,Soroosh Platform  Iran,49.47806652836741,29.072484050458698,"TeleGeography Submarine Cable Map, submarinecablemap.com"
diba-oman,Diba  Oman,56.258042194119106,25.616974601949348,"TeleGeography Submarine Cable Map, submarinecablemap.com"
tanah-merah-singapore,Tanah Merah  Singapore,103.9465826298595,1.327257988673153,"TeleGeography Submarine Cable Map, submarinecablemap.com"
nanhui-china,Nanhui  China,121.92506915087795,30.864713861582327,"TeleGeography Submarine Cable Map, submarinecablemap.com"
west-palm-beach-fl-united-states,West Palm Beach  FL  United States,-80.05334805801945,26.715357789296696,"TeleGeography Submarine Cable Map, submarinecablemap.com"
magens-bay-vi-united-states,Magen’s Bay  VI  United States,-64.93708679386458,18.372989080105853,"TeleGeography Submarine Cable Map, submarinecablemap.com"
balboa-panama,Balboa  Panama,-79.56667848090554,8.950027090049982,"TeleGeography Submarine Cable Map, submarinecablemap.com"
manta-ecuador,Manta  Ecuador,-80.71618938533148,-0.950019548909037,"TeleGeography Submarine Cable Map, submarinecablemap.com"
hudishibana-aruba,Hudishibana  Aruba,-70.04997379684741,12.616634445885316,"TeleGeography Submarine Cable Map, submarinecablemap.com"
tyra-denmark,Tyra  Denmark,4.748508371456093,55.71560692113311,"TeleGeography Submarine Cable Map, submarinecablemap.com"
valdemar-denmark,Valdemar  Denmark,4.564328814430503,55.80407237566748,"TeleGeography Submarine Cable Map, submarinecablemap.com"
south-arne-denmark,South Arne  Denmark,4.228391552411684,56.07828845791397,"TeleGeography Submarine Cable Map, submarinecablemap.com"
ajaccio-france,Ajaccio  France,8.738642263557752,41.91932911005837,"TeleGeography Submarine Cable Map, submarinecablemap.com"
la-seyne-france,La Seyne  France,5.878097414994473,43.1029080448373,"TeleGeography Submarine Cable Map, submarinecablemap.com"
lle-rousse-france,L’Île-Rousse  France,8.937079622982862,42.6365095071255,"TeleGeography Submarine Cable Map, submarinecablemap.com"
cannes-france,Cannes  France,7.01735442043418,43.552927166028965,"TeleGeography Submarine Cable Map, submarinecablemap.com"
alsgarde-denmark,Alsgarde  Denmark,12.536881760350429,56.074882184341305,"TeleGeography Submarine Cable Map, submarinecablemap.com"
kristiansand-norway,Kristiansand  Norway,7.996259976968266,58.15095596477219,"TeleGeography Submarine Cable Map, submarinecablemap.com"
monte-carlo-monaco,Monte Carlo  Monaco,7.42721741133341,43.73973086446908,"TeleGeography Submarine Cable Map, submarinecablemap.com"
otranto-italy,Otranto  Italy,18.48570567114653,40.14805341338409,"TeleGeography Submarine Cable Map, submarinecablemap.com"
umag-croatia,Umag  Croatia,13.520181845020224,45.43310919075176,"TeleGeography Submarine Cable Map, submarinecablemap.com"
mestre-italy,Mestre  Italy,12.244108530252593,45.49587287439114,"TeleGeography Submarine Cable Map, submarinecablemap.com"
vaasa-finland,Vaasa  Finland,21.6163675158564,63.09519496029314,"TeleGeography Submarine Cable Map, submarinecablemap.com"
ume-sweden,Umeå  Sweden,20.262950505879612,63.82586986108827,"TeleGeography Submarine Cable Map, submarinecablemap.com"
nynashamn-sweden,Nynashamn  Sweden,17.94654589684356,58.902924681852696,"TeleGeography Submarine Cable Map, submarinecablemap.com"
meremisa-estonia,Meremöisa  Estonia,24.276619537558968,59.40084650364711,"TeleGeography Submarine Cable Map, submarinecablemap.com"
dubrovnik-croatia,Dubrovnik  Croatia,18.106409064843877,42.64186152795143,"TeleGeography Submarine Cable Map, submarinecablemap.com"
aethos-greece,Aethos  Greece,20.01544924229398,39.683615198996556,"TeleGeography Submarine Cable Map, submarinecablemap.com"
santa-cruz-de-la-palma-canary-islands-spain,Santa Cruz de La Palma  Canary Islands  Spain,-17.76524521083967,28.663181918946645,"TeleGeography Submarine Cable Map, submarinecablemap.com"
nukualofa-tonga,Nuku'alofa  Tonga,-175.2000320590245,-21.133285523298625,"TeleGeography Submarine Cable Map, submarinecablemap.com"
fresh-creek-bahamas,Fresh Creek  Bahamas,-77.84460938833539,24.689806158505295,"TeleGeography Submarine Cable Map, submarinecablemap.com"
port-nelson-bahamas,Port Nelson  Bahamas,-74.84054657503567,23.652143168499897,"TeleGeography Submarine Cable Map, submarinecablemap.com"
george-town-bahamas,George Town  Bahamas,-75.78800684134592,23.516551982193732,"TeleGeography Submarine Cable Map, submarinecablemap.com"
clarence-town-bahamas,Clarence Town  Bahamas,-74.96618125165993,23.09834303441083,"TeleGeography Submarine Cable Map, submarinecablemap.com"
cockburn-town-bahamas,Cockburn Town  Bahamas,-74.53024406048189,24.05253194857149,"TeleGeography Submarine Cable Map, submarinecablemap.com"
governors-harbor-bahamas,Governors Harbor  Bahamas,-76.24064323944407,25.196118966380833,"TeleGeography Submarine Cable Map, submarinecablemap.com"
duncan-town-bahamas,Duncan Town  Bahamas,-75.73346586435832,22.183261833926533,"TeleGeography Submarine Cable Map, submarinecablemap.com"
mayaguana-bahamas,Mayaguana  Bahamas,-73.0641318178386,22.40156502331468,"TeleGeography Submarine Cable Map, submarinecablemap.com"
kuala-tungkal-indonesia,Kuala Tungkal  Indonesia,103.46670015731281,-0.816539442758962,"TeleGeography Submarine Cable Map, submarinecablemap.com"
batam-indonesia,Batam  Indonesia,104.01664054897991,1.066796188550793,"TeleGeography Submarine Cable Map, submarinecablemap.com"
sakra-island-singapore,Sakra Island  Singapore,103.70419998906566,1.258916074584671,"TeleGeography Submarine Cable Map, submarinecablemap.com"
shima-japan,Shima  Japan,136.87439133474103,34.33683057441225,"TeleGeography Submarine Cable Map, submarinecablemap.com"
ajigaura-japan,Ajigaura  Japan,140.61227931178595,36.38355921004956,"TeleGeography Submarine Cable Map, submarinecablemap.com"
beverwijk-netherlands,Beverwijk  Netherlands,4.656906873847417,52.48631265079464,"TeleGeography Submarine Cable Map, submarinecablemap.com"
whitesands-bay-united-kingdom,Whitesands Bay  United Kingdom,-5.6984568840657,50.07851709909518,"TeleGeography Submarine Cable Map, submarinecablemap.com"
samandag-turkey,Samandag  Turkey,35.99926748312506,36.08233778303261,"TeleGeography Submarine Cable Map, submarinecablemap.com"
girne-cyprus,Girne  Cyprus,33.23628115920059,35.2991225036909,"TeleGeography Submarine Cable Map, submarinecablemap.com"
bozyazi-turkey,Bozyazi  Turkey,32.966701999999856,36.09999800000024,"TeleGeography Submarine Cable Map, submarinecablemap.com"
daet-philippines,Daet  Philippines,122.94988948023871,14.116616393710665,"TeleGeography Submarine Cable Map, submarinecablemap.com"
st-ouens-bay-jersey,St. Ouens Bay  Jersey,-2.225900750307065,49.215711233966566,"TeleGeography Submarine Cable Map, submarinecablemap.com"
archirondel-jersey,Archirondel  Jersey,-2.021311051490342,49.22527885088672,"TeleGeography Submarine Cable Map, submarinecablemap.com"
surville-france,Surville  France,-1.650022252014811,49.28329065675959,"TeleGeography Submarine Cable Map, submarinecablemap.com"
greve-de-lecq-jersey,Greve de Lecq  Jersey,-2.201437877011841,49.24794670647614,"TeleGeography Submarine Cable Map, submarinecablemap.com"
havelet-bay-guernsey,Havelet Bay  Guernsey,-2.529513816474767,49.4509894968767,"TeleGeography Submarine Cable Map, submarinecablemap.com"
new-victoria-ns-canada,New Victoria  NS  Canada,-60.12957066830409,46.25290729969465,"TeleGeography Submarine Cable Map, submarinecablemap.com"
rose-blanche-nl-canada,Rose Blanche  NL  Canada,-58.68660294051598,47.61768929491325,"TeleGeography Submarine Cable Map, submarinecablemap.com"
lancresse-bay-guernsey,L'Ancresse Bay  Guernsey,-2.533468891797979,49.503393052866365,"TeleGeography Submarine Cable Map, submarinecablemap.com"
saints-bay-guernsey,Saints Bay  Guernsey,-2.55802942127399,49.42332555697762,"TeleGeography Submarine Cable Map, submarinecablemap.com"
pembroke-guernsey,Pembroke  Guernsey,-2.537619279482766,49.50954423335227,"TeleGeography Submarine Cable Map, submarinecablemap.com"
malabo-equatorial-guinea,Malabo  Equatorial Guinea,8.783368794372972,3.749792920040749,"TeleGeography Submarine Cable Map, submarinecablemap.com"
palma-spain,Palma  Spain,2.60524817101164,39.55232558289561,"TeleGeography Submarine Cable Map, submarinecablemap.com"
granadilla-de-abona-spain,Granadilla de Abona  Spain,-16.518053538916995,28.059115806261115,"TeleGeography Submarine Cable Map, submarinecablemap.com"
rst-norway,Røst  Norway,12.070117249965712,67.50256025183084,"TeleGeography Submarine Cable Map, submarinecablemap.com"
bod-norway,Bodø  Norway,14.400076793159448,67.28600571343614,"TeleGeography Submarine Cable Map, submarinecablemap.com"
golden-bay-malta,Golden Bay  Malta,14.344455230051304,35.93869335743338,"TeleGeography Submarine Cable Map, submarinecablemap.com"
mgarr-ix-xini-malta,Mgarr ix-Xini  Malta,14.271322957639894,36.02044571205089,"TeleGeography Submarine Cable Map, submarinecablemap.com"
grand-baie-rodrigues-mauritius,Grand Baie (Rodrigues)  Mauritius,63.44823384600894,-19.674345590458458,"TeleGeography Submarine Cable Map, submarinecablemap.com"
hao-french-polynesia,Hao  French Polynesia,-140.9080889473968,-18.21576216824627,"TeleGeography Submarine Cable Map, submarinecablemap.com"
manado-indonesia,Manado  Indonesia,124.83960982123124,1.490831387793467,"TeleGeography Submarine Cable Map, submarinecablemap.com"
ondong-siau-indonesia,Ondong Siau  Indonesia,125.37295905277648,2.754597622785401,"TeleGeography Submarine Cable Map, submarinecablemap.com"
tahuna-indonesia,Tahuna  Indonesia,125.48550780117085,3.611114813225133,"TeleGeography Submarine Cable Map, submarinecablemap.com"
melonguane-indonesia,Melonguane  Indonesia,126.71726962389127,4.042997369771683,"TeleGeography Submarine Cable Map, submarinecablemap.com"
morotai-indonesia,Morotai  Indonesia,128.40081335312806,2.365656185992342,"TeleGeography Submarine Cable Map, submarinecablemap.com"
tobelo-indonesia,Tobelo  Indonesia,127.96785467546509,1.71458385132884,"TeleGeography Submarine Cable Map, submarinecablemap.com"
ternate-indonesia,Ternate  Indonesia,127.36133655044124,0.79580852872504,"TeleGeography Submarine Cable Map, submarinecablemap.com"
sofifi-indonesia,Sofifi  Indonesia,127.56143406494019,0.734974159349461,"TeleGeography Submarine Cable Map, submarinecablemap.com"
tidore-indonesia,Tidore  Indonesia,127.40408554359549,0.674004693399349,"TeleGeography Submarine Cable Map, submarinecablemap.com"
luwuk-indonesia,Luwuk  Indonesia,122.79278509934603,-0.938827229844351,"TeleGeography Submarine Cable Map, submarinecablemap.com"
salakan-indonesia,Salakan  Indonesia,123.3401968209294,-1.301013030053515,"TeleGeography Submarine Cable Map, submarinecablemap.com"
bangga-indonesia,Bangga  Indonesia,123.5275341004328,-1.600278223931106,"TeleGeography Submarine Cable Map, submarinecablemap.com"
taliabu-indonesia,Taliabu  Indonesia,124.7740581098555,-1.826840253714747,"TeleGeography Submarine Cable Map, submarinecablemap.com"
sanana-indonesia,Sanana  Indonesia,125.93699673914386,-2.201449043927759,"TeleGeography Submarine Cable Map, submarinecablemap.com"
kendari-indonesia,Kendari  Indonesia,122.51297572725252,-3.998447236539088,"TeleGeography Submarine Cable Map, submarinecablemap.com"
wawonii-indonesia,Wawonii  Indonesia,123.12388838041427,-4.136148734803371,"TeleGeography Submarine Cable Map, submarinecablemap.com"
raha-indonesia,Raha  Indonesia,122.72108104857878,-4.832382529604614,"TeleGeography Submarine Cable Map, submarinecablemap.com"
buranga-indonesia,Buranga  Indonesia,122.85611021090891,-4.792266637754579,"TeleGeography Submarine Cable Map, submarinecablemap.com"
lakudo-indonesia,Lakudo  Indonesia,122.55989952213733,-5.38911765238875,"TeleGeography Submarine Cable Map, submarinecablemap.com"
nukunonu-tokelau,Nukunonu  Tokelau,-171.81150431859518,-9.174594889235633,"TeleGeography Submarine Cable Map, submarinecablemap.com"
savusavu-fiji,Savusavu  Fiji,179.34975304523115,-16.80801351808064,"TeleGeography Submarine Cable Map, submarinecablemap.com"
alexandria-nsw-australia,Alexandria  NSW  Australia,151.19620853634117,-33.913673538776834,"TeleGeography Submarine Cable Map, submarinecablemap.com"
wall-township-nj-united-states,Wall Township  NJ  United States,-74.06287361347052,40.15287376160566,"TeleGeography Submarine Cable Map, submarinecablemap.com"
blaabjerg-denmark,Blaabjerg  Denmark,8.329194484059272,55.75167411423394,"TeleGeography Submarine Cable Map, submarinecablemap.com"
lecanvey-ireland,Lecanvey  Ireland,-9.696504823189091,53.770824560670455,"TeleGeography Submarine Cable Map, submarinecablemap.com"
medan-indonesia,Medan  Indonesia,98.67606376706563,3.752137998988499,"TeleGeography Submarine Cable Map, submarinecablemap.com"
panipahan-indonesia,Panipahan  Indonesia,100.3133149021334,2.452351467017714,"TeleGeography Submarine Cable Map, submarinecablemap.com"
dumai-indonesia,Dumai  Indonesia,101.44763310682389,1.665607287285858,"TeleGeography Submarine Cable Map, submarinecablemap.com"
brookvale-nsw-australia,Brookvale  NSW  Australia,151.27399050892973,-33.76115742340548,"TeleGeography Submarine Cable Map, submarinecablemap.com"
piti-guam,Piti  Guam,144.69474214461212,13.464655237903562,"TeleGeography Submarine Cable Map, submarinecablemap.com"
minamiboso-japan,Minamiboso  Japan,139.9609790000003,34.9740779999996,"TeleGeography Submarine Cable Map, submarinecablemap.com"
pangai-tonga,Pangai  Tonga,-174.35026124305728,-19.81142785318058,"TeleGeography Submarine Cable Map, submarinecablemap.com"
neiafu-tonga,Neiafu  Tonga,-173.98368505366702,-18.6476851110264,"TeleGeography Submarine Cable Map, submarinecablemap.com"
kekaha-hi-united-states,Kekaha  HI  United States,-159.72420070177037,21.9703051762448,"TeleGeography Submarine Cable Map, submarinecablemap.com"
kawaihae-hi-united-states,Kawaihae  HI  United States,-155.83123627078376,20.040296565242308,"TeleGeography Submarine Cable Map, submarinecablemap.com"
makena-hi-united-states,Makena  HI  United States,-156.43999896208965,20.66359808291422,"TeleGeography Submarine Cable Map, submarinecablemap.com"
lahaina-hi-united-states,Lahaina  HI  United States,-156.68449952130453,20.900903808232126,"TeleGeography Submarine Cable Map, submarinecablemap.com"
kaunakakai-hi-united-states,Kaunakakai  HI  United States,-157.02388831896445,21.093332873862575,"TeleGeography Submarine Cable Map, submarinecablemap.com"
hawaii-kai-hi-united-states,Hawaii Kai  HI  United States,-157.66889976388774,21.27199968597905,"TeleGeography Submarine Cable Map, submarinecablemap.com"
guantanamo-bay-cuba,Guantanamo Bay  Cuba,-75.15816600469212,19.939616197540328,"TeleGeography Submarine Cable Map, submarinecablemap.com"
newcastle-united-kingdom,Newcastle  United Kingdom,-1.617778331330762,54.978249214505595,"TeleGeography Submarine Cable Map, submarinecablemap.com"
endrup-denmark,Endrup  Denmark,8.718388990908426,55.523118197393856,"TeleGeography Submarine Cable Map, submarinecablemap.com"
eemshaven-netherlands,Eemshaven  Netherlands,6.816022174500881,53.4428046914825,"TeleGeography Submarine Cable Map, submarinecablemap.com"
pegwell-barbados,Pegwell  Barbados,-59.53633378387061,13.062605447541747,"TeleGeography Submarine Cable Map, submarinecablemap.com"
georgetown-guyana,Georgetown  Guyana,-58.15484062190828,6.804497184903389,"TeleGeography Submarine Cable Map, submarinecablemap.com"
mt-lavinia-sri-lanka,Mt. Lavinia  Sri Lanka,79.86679011789853,6.833211066334108,"TeleGeography Submarine Cable Map, submarinecablemap.com"
kourou-french-guiana,Kourou  French Guiana,-52.64555499899603,5.16829853939239,"TeleGeography Submarine Cable Map, submarinecablemap.com"
flying-fish-cove-christmas-island,Flying Fish Cove  Christmas Island,105.69706984367991,-10.437358645528692,"TeleGeography Submarine Cable Map, submarinecablemap.com"
leava-wallis-and-futuna,Leava  Wallis and Futuna,-178.1581082290078,-14.29683787673267,"TeleGeography Submarine Cable Map, submarinecablemap.com"
mata-utu-wallis-and-futuna,Mata-Utu  Wallis and Futuna,-176.17500035041277,-13.282000575148167,"TeleGeography Submarine Cable Map, submarinecablemap.com"
nelson-new-zealand,Nelson  New Zealand,173.28395005547594,-41.2722550869257,"TeleGeography Submarine Cable Map, submarinecablemap.com"
levin-new-zealand,Levin  New Zealand,175.28531582518968,-40.625283896847584,"TeleGeography Submarine Cable Map, submarinecablemap.com"
gustavia-saint-barthlemy,Gustavia  Saint Barthélemy,-62.85054881266757,17.897915647022234,"TeleGeography Submarine Cable Map, submarinecablemap.com"
st-louis-saint-martin,St. Louis  Saint Martin,-63.078144550760726,18.08992880691782,"TeleGeography Submarine Cable Map, submarinecablemap.com"
baie-mahault-guadeloupe,Baie-Mahault  Guadeloupe,-61.5717247194846,16.244479667931955,"TeleGeography Submarine Cable Map, submarinecablemap.com"
copa-club-jamaica,Copa Club  Jamaica,-76.68936118328712,17.942952785882994,"TeleGeography Submarine Cable Map, submarinecablemap.com"
weno-chuuk-micronesia,Weno  Chuuk  Micronesia,151.85848716518078,7.439993539798909,"TeleGeography Submarine Cable Map, submarinecablemap.com"
magachgil-yap-micronesia,Magachgil  Yap  Micronesia,138.06149986878208,9.443922836169385,"TeleGeography Submarine Cable Map, submarinecablemap.com"
ngeremlengui-palau,Ngeremlengui  Palau,134.56094082517401,7.531746239289517,"TeleGeography Submarine Cable Map, submarinecablemap.com"
el-segundo-ca-united-states,El Segundo  CA  United States,-118.4159551589325,33.91992001851462,"TeleGeography Submarine Cable Map, submarinecablemap.com"
sangano-angola,Sangano  Angola,13.201444277847978,-9.490068430331165,"TeleGeography Submarine Cable Map, submarinecablemap.com"
baubau-indonesia,Baubau  Indonesia,122.59688680062212,-5.507063767817269,"TeleGeography Submarine Cable Map, submarinecablemap.com"
ijmuiden-netherlands,Ijmuiden  Netherlands,4.613685008225113,52.45851826150987,"TeleGeography Submarine Cable Map, submarinecablemap.com"
takaroa-french-polynesia,Takaroa  French Polynesia,-144.97220770853863,-14.449768610910688,"TeleGeography Submarine Cable Map, submarinecablemap.com"
manihi-french-polynesia,Manihi  French Polynesia,-145.95814451009178,-14.402893905977733,"TeleGeography Submarine Cable Map, submarinecablemap.com"
rangiroa-french-polynesia,Rangiroa  French Polynesia,-147.65130737313953,-15.116218466216106,"TeleGeography Submarine Cable Map, submarinecablemap.com"
arutua-french-polynesia,Arutua  French Polynesia,-146.78615295672594,-15.289899868101953,"TeleGeography Submarine Cable Map, submarinecablemap.com"
kaukura-french-polynesia,Kaukura  French Polynesia,-146.6738422452723,-15.741389321160499,"TeleGeography Submarine Cable Map, submarinecablemap.com"
fakarava-french-polynesia,Fakarava  French Polynesia,-145.6245632034352,-16.310313265214543,"TeleGeography Submarine Cable Map, submarinecablemap.com"
makemo-french-polynesia,Makemo  French Polynesia,-143.86719140149896,-16.539560977104614,"TeleGeography Submarine Cable Map, submarinecablemap.com"
hitiaa-french-polynesia,Hitia'a  French Polynesia,-149.3081207746325,-17.723318964508866,"TeleGeography Submarine Cable Map, submarinecablemap.com"
hiva-oa-french-polynesia,Hiva Oa  French Polynesia,-139.02112549855988,-9.754675849911433,"TeleGeography Submarine Cable Map, submarinecablemap.com"
nuku-hiva-french-polynesia,Nuku Hiva  French Polynesia,-140.14209638414113,-8.860487903690377,"TeleGeography Submarine Cable Map, submarinecablemap.com"
suro-guinea-bissau,Suro  Guinea-Bissau,-15.791145687980318,11.774131923775238,"TeleGeography Submarine Cable Map, submarinecablemap.com"
duynefontein-south-africa,Duynefontein  South Africa,18.449914853508062,-33.69332250414625,"TeleGeography Submarine Cable Map, submarinecablemap.com"
tuasivi-samoa,Tuasivi  Samoa,-172.17816102572917,-13.670594022635894,"TeleGeography Submarine Cable Map, submarinecablemap.com"
puerto-montt-chile,Puerto Montt  Chile,-72.9534112342951,-41.46037424479032,"TeleGeography Submarine Cable Map, submarinecablemap.com"
punta-arenas-chile,Punta Arenas  Chile,-70.93333257585476,-53.16665547850115,"TeleGeography Submarine Cable Map, submarinecablemap.com"
puerto-williams-chile,Puerto Williams  Chile,-67.6058614273846,-54.935200597435504,"TeleGeography Submarine Cable Map, submarinecablemap.com"
tortel-chile,Tortel  Chile,-73.53688749922706,-47.80121466459952,"TeleGeography Submarine Cable Map, submarinecablemap.com"
buffalo-ny-united-states,Buffalo  NY  United States,-78.87846124712107,42.88543648440449,"TeleGeography Submarine Cable Map, submarinecablemap.com"
toronto-on-canada,Toronto  ON  Canada,-79.38531972935779,43.64855718648997,"TeleGeography Submarine Cable Map, submarinecablemap.com"
dania-beach-fl-united-states,Dania Beach  FL  United States,-80.14394128131609,26.052316286427192,"TeleGeography Submarine Cable Map, submarinecablemap.com"
sungailiat-indonesia,Sungailiat  Indonesia,106.13249416727733,-1.85149793733644,"TeleGeography Submarine Cable Map, submarinecablemap.com"
mentigi-indonesia,Mentigi  Indonesia,107.69636024692,-3.195985843905528,"TeleGeography Submarine Cable Map, submarinecablemap.com"
anyer-indonesia,Anyer  Indonesia,105.88391035900133,-6.073698462562994,"TeleGeography Submarine Cable Map, submarinecablemap.com"
kalianda-indonesia,Kalianda  Indonesia,105.58491154737705,-5.769253113829172,"TeleGeography Submarine Cable Map, submarinecablemap.com"
takesung-indonesia,Takesung  Indonesia,114.66681429335993,-3.882827780552574,"TeleGeography Submarine Cable Map, submarinecablemap.com"
ujung-pankah-indonesia,Ujung Pankah  Indonesia,112.59823665719661,-6.953337827181953,"TeleGeography Submarine Cable Map, submarinecablemap.com"
bawean-indonesia,Bawean  Indonesia,112.5856147684581,-5.79349087209221,"TeleGeography Submarine Cable Map, submarinecablemap.com"
sungsang-indonesia,Sungsang  Indonesia,104.87448724596129,-2.295321954856525,"TeleGeography Submarine Cable Map, submarinecablemap.com"
muntok-indonesia,Muntok  Indonesia,105.16430637658756,-2.06517893841984,"TeleGeography Submarine Cable Map, submarinecablemap.com"
ruperts-bay-saint-helena-ascension-and-tristan-da-cunha,Rupert's Bay  Saint Helena  Ascension and Tristan da Cunha,-5.711485529379086,-15.918594542915663,"TeleGeography Submarine Cable Map, submarinecablemap.com"
arica-chile,Arica  Chile,-70.30674851728985,-18.47337014462133,"TeleGeography Submarine Cable Map, submarinecablemap.com"
sao-tome-sao-tome-and-principe,Sao Tome  Sao Tome and Principe,6.733297177107941,0.333291349734918,"TeleGeography Submarine Cable Map, submarinecablemap.com"
annobon-equatorial-guinea,Annobon  Equatorial Guinea,5.636850199935443,-1.435134530086755,"TeleGeography Submarine Cable Map, submarinecablemap.com"
thanlyin-myanmar,Thanlyin  Myanmar,96.24822399826894,16.75874394031272,"TeleGeography Submarine Cable Map, submarinecablemap.com"
maroochydore-qld-australia,Maroochydore  QLD  Australia,153.08944349704078,-26.65184454476273,"TeleGeography Submarine Cable Map, submarinecablemap.com"
wurrumiyanga-nt-australia,Wurrumiyanga  NT  Australia,130.63211077321296,-11.762586195478848,"TeleGeography Submarine Cable Map, submarinecablemap.com"
trondheim-norway,Trondheim  Norway,10.392083475057504,63.43101023727201,"TeleGeography Submarine Cable Map, submarinecablemap.com"
narvik-norway,Narvik  Norway,17.55999831911432,68.42055748484374,"TeleGeography Submarine Cable Map, submarinecablemap.com"
nesna-norway,Nesna  Norway,13.01819245454037,66.19807367745263,"TeleGeography Submarine Cable Map, submarinecablemap.com"
bequia-saint-vincent-and-the-grenadines,Bequia  Saint Vincent and the Grenadines,-61.24470659708128,12.99756419905372,"TeleGeography Submarine Cable Map, submarinecablemap.com"
mustique-saint-vincent-and-the-grenadines,Mustique  Saint Vincent and the Grenadines,-61.18712607146594,12.877712443605427,"TeleGeography Submarine Cable Map, submarinecablemap.com"
canouan-saint-vincent-and-the-grenadines,Canouan  Saint Vincent and the Grenadines,-61.33895701859438,12.699637527038245,"TeleGeography Submarine Cable Map, submarinecablemap.com"
union-island-saint-vincent-and-the-grenadines,Union Island  Saint Vincent and the Grenadines,-61.443180577574495,12.611404908417443,"TeleGeography Submarine Cable Map, submarinecablemap.com"
carriacou-grenada,Carriacou  Grenada,-61.47861756418857,12.473707095397195,"TeleGeography Submarine Cable Map, submarinecablemap.com"
varberg-sweden,Varberg  Sweden,12.251276956833422,57.10530906897646,"TeleGeography Submarine Cable Map, submarinecablemap.com"
laeso-denmark,Laeso  Denmark,10.887135086818242,57.2569955538346,"TeleGeography Submarine Cable Map, submarinecablemap.com"
saint-hilaire-de-riez-france,Saint-Hilaire-de-Riez  France,-1.968311908440482,46.693996052542715,"TeleGeography Submarine Cable Map, submarinecablemap.com"
hirtshals-denmark,Hirtshals  Denmark,9.959261211922845,57.588193620275256,"TeleGeography Submarine Cable Map, submarinecablemap.com"
larvik-norway,Larvik  Norway,10.01639007770235,59.08111106501056,"TeleGeography Submarine Cable Map, submarinecablemap.com"
port-erin-isle-of-man,Port Erin  Isle of Man,-4.760450951012976,54.08720156100938,"TeleGeography Submarine Cable Map, submarinecablemap.com"
bulobulo-indonesia,Bulobulo  Indonesia,119.80926998945385,-5.669066725303847,"TeleGeography Submarine Cable Map, submarinecablemap.com"
kawinda-nae-indonesia,Kawinda Nae  Indonesia,117.86156300673181,-8.108065089693461,"TeleGeography Submarine Cable Map, submarinecablemap.com"
sangatta-indonesia,Sangatta  Indonesia,117.53548901897571,0.32451923974587,"TeleGeography Submarine Cable Map, submarinecablemap.com"
towale-indonesia,Towale  Indonesia,119.66607832995938,-0.711934579631533,"TeleGeography Submarine Cable Map, submarinecablemap.com"
senggigi-indonesia,Senggigi  Indonesia,116.04728206542369,-8.48545680087743,"TeleGeography Submarine Cable Map, submarinecablemap.com"
sanur-indonesia,Sanur  Indonesia,115.25961172497856,-8.695053648699613,"TeleGeography Submarine Cable Map, submarinecablemap.com"
puger-indonesia,Puger  Indonesia,113.45680538491655,-8.374136096774764,"TeleGeography Submarine Cable Map, submarinecablemap.com"
jimbaran-indonesia,Jimbaran  Indonesia,115.15980710818118,-8.784071344370432,"TeleGeography Submarine Cable Map, submarinecablemap.com"
ancol-indonesia,Ancol  Indonesia,106.83337257701858,-6.129010757137125,"TeleGeography Submarine Cable Map, submarinecablemap.com"
tanjung-pakis-indonesia,Tanjung Pakis  Indonesia,107.12089678739565,-5.981255891395774,"TeleGeography Submarine Cable Map, submarinecablemap.com"
port-moresby-papua-new-guinea,Port Moresby  Papua New Guinea,147.18851977030369,-9.47960554573348,"TeleGeography Submarine Cable Map, submarinecablemap.com"
auki-solomon-islands,Auki  Solomon Islands,160.70132758051585,-8.774649361837039,"TeleGeography Submarine Cable Map, submarinecablemap.com"
noro-solomon-islands,Noro  Solomon Islands,157.19066112219286,-8.242077358023918,"TeleGeography Submarine Cable Map, submarinecablemap.com"
taro-solomon-islands,Taro  Solomon Islands,156.39591070863844,-6.708991470564002,"TeleGeography Submarine Cable Map, submarinecablemap.com"
saint-pierre-saint-pierre-and-miquelon,Saint-Pierre  Saint Pierre and Miquelon,-56.18063111336785,46.7758434822524,"TeleGeography Submarine Cable Map, submarinecablemap.com"
miquelon-langlade-saint-pierre-and-miquelon,Miquelon-Langlade  Saint Pierre and Miquelon,-56.34992308328285,47.08366803819901,"TeleGeography Submarine Cable Map, submarinecablemap.com"
fortune-nl-canada,Fortune  NL  Canada,-55.82728663711745,47.071981606498106,"TeleGeography Submarine Cable Map, submarinecablemap.com"
lamaline-nl-canada,Lamaline  NL  Canada,-55.80327542365825,46.868952141319625,"TeleGeography Submarine Cable Map, submarinecablemap.com"
narragansett-ri-united-states,Narragansett  RI  United States,-71.44280929994466,41.441373103781494,"TeleGeography Submarine Cable Map, submarinecablemap.com"
crescent-beach-ri-united-states,Crescent Beach  RI  United States,-71.59367589228837,41.1919576902494,"TeleGeography Submarine Cable Map, submarinecablemap.com"
nybro-sweden,Nybro  Sweden,15.908684989788139,56.7438002945013,"TeleGeography Submarine Cable Map, submarinecablemap.com"
klaipeda-lithuania,Klaipeda  Lithuania,21.14998987054871,55.69572398403818,"TeleGeography Submarine Cable Map, submarinecablemap.com"
baie-du-tombeau-mauritius,Baie du Tombeau  Mauritius,57.49512645132687,-20.122119652452948,"TeleGeography Submarine Cable Map, submarinecablemap.com"
le-port-runion,Le Port  Réunion,55.30328230092486,-20.944389515009206,"TeleGeography Submarine Cable Map, submarinecablemap.com"
fort-dauphin-madagascar,Fort Dauphin  Madagascar,46.98537557369402,-25.022532459682907,"TeleGeography Submarine Cable Map, submarinecablemap.com"
candikusuma-indonesia,Candikusuma  Indonesia,114.52724417391767,-8.294580838185764,"TeleGeography Submarine Cable Map, submarinecablemap.com"
muncar-indonesia,Muncar  Indonesia,114.31037421036321,-8.448018585744538,"TeleGeography Submarine Cable Map, submarinecablemap.com"
banyu-urip-indonesia,Banyu Urip  Indonesia,112.71968042869285,-7.271904005469731,"TeleGeography Submarine Cable Map, submarinecablemap.com"
kendal-indonesia,Kendal  Indonesia,110.18790325087357,-7.02654903238991,"TeleGeography Submarine Cable Map, submarinecablemap.com"
cirebon-indonesia,Cirebon  Indonesia,108.5666651853077,-6.716666684587929,"TeleGeography Submarine Cable Map, submarinecablemap.com"
tabwakea-kiribati,Tabwakea  Kiribati,-157.42781242073514,1.872139418081973,"TeleGeography Submarine Cable Map, submarinecablemap.com"
sandnessjen-norway,Sandnessjøen  Norway,12.631461771472987,66.0215486705702,"TeleGeography Submarine Cable Map, submarinecablemap.com"
brnnysund-norway,Brønnøysund  Norway,12.207743809919723,65.47356212044562,"TeleGeography Submarine Cable Map, submarinecablemap.com"
rrvik-norway,Rørvik  Norway,11.237346548140215,64.86207691166618,"TeleGeography Submarine Cable Map, submarinecablemap.com"
utskarpen-norway,Utskarpen  Norway,13.563626638462416,66.29295854243092,"TeleGeography Submarine Cable Map, submarinecablemap.com"
hemnesberget-norway,Hemnesberget  Norway,13.624454232090782,66.2241605995991,"TeleGeography Submarine Cable Map, submarinecablemap.com"
mo-i-rana-norway,Mo I Rana  Norway,14.141983162344278,66.31371064643939,"TeleGeography Submarine Cable Map, submarinecablemap.com"
lucena-philippines,Lucena  Philippines,121.61229277155478,13.935263338898412,"TeleGeography Submarine Cable Map, submarinecablemap.com"
iloilo-city-philippines,Iloilo City  Philippines,122.56210600000121,10.720150000000242,"TeleGeography Submarine Cable Map, submarinecablemap.com"
rdvig-denmark,Rødvig  Denmark,12.3718507555018,55.256140818456515,"TeleGeography Submarine Cable Map, submarinecablemap.com"
rnne-denmark,Rønne  Denmark,14.708323709697277,55.10101672136453,"TeleGeography Submarine Cable Map, submarinecablemap.com"
great-nicobar-india,Great Nicobar  India,93.92740511526485,7.031330621106178,"TeleGeography Submarine Cable Map, submarinecablemap.com"
kamorta-india,Kamorta  India,93.48140933746261,8.172231912838134,"TeleGeography Submarine Cable Map, submarinecablemap.com"
car-nicobar-india,Car Nicobar  India,92.81644398821722,9.177491191419044,"TeleGeography Submarine Cable Map, submarinecablemap.com"
little-andaman-india,Little Andaman  India,92.5971570341871,10.709053093381524,"TeleGeography Submarine Cable Map, submarinecablemap.com"
havelock-india,Havelock  India,92.98756203105867,11.976057677884663,"TeleGeography Submarine Cable Map, submarinecablemap.com"
long-island-india,Long Island  India,92.93507183386816,12.39649103222661,"TeleGeography Submarine Cable Map, submarinecablemap.com"
rangat-india,Rangat  India,92.91385602858452,12.506947715390154,"TeleGeography Submarine Cable Map, submarinecablemap.com"
cloverdale-or-united-states,Cloverdale  OR  United States,-123.95636439138565,45.23105362306843,"TeleGeography Submarine Cable Map, submarinecablemap.com"
topolobampo-mexico,Topolobampo  Mexico,-109.05036857024876,25.600694810118945,"TeleGeography Submarine Cable Map, submarinecablemap.com"
la-paz-mexico,La Paz  Mexico,-110.3054817744706,24.102573212618204,"TeleGeography Submarine Cable Map, submarinecablemap.com"
sydney-nsw-australia,Sydney  NSW  Australia,151.20704719697792,-33.86969726258813,"TeleGeography Submarine Cable Map, submarinecablemap.com"
honiara-solomon-islands,Honiara  Solomon Islands,159.94979002697502,-9.429092662827419,"TeleGeography Submarine Cable Map, submarinecablemap.com"
tarahales-spain,Tarahales  Spain,-15.45074489732838,28.096374586517886,"TeleGeography Submarine Cable Map, submarinecablemap.com"
taba-egypt,Taba  Egypt,34.89487373423804,29.492578054639665,"TeleGeography Submarine Cable Map, submarinecablemap.com"
praia-grande-brazil,Praia Grande  Brazil,-46.41249054186233,-24.008866255391673,"TeleGeography Submarine Cable Map, submarinecablemap.com"
bosaso-somalia,Bosaso  Somalia,49.187930015152745,11.275567682156476,"TeleGeography Submarine Cable Map, submarinecablemap.com"
djibouti-city-djibouti,Djibouti City  Djibouti,43.14799288765091,11.594678044710776,"TeleGeography Submarine Cable Map, submarinecablemap.com"
mombasa-kenya,Mombasa  Kenya,39.67280003701128,-4.053206761989876,"TeleGeography Submarine Cable Map, submarinecablemap.com"
berbera-somalia,Berbera  Somalia,45.01088219296272,10.43511582934602,"TeleGeography Submarine Cable Map, submarinecablemap.com"
salalah-oman,Salalah  Oman,54.14808275133401,17.095825991958318,"TeleGeography Submarine Cable Map, submarinecablemap.com"
burgau-portugal,Burgau  Portugal,-8.774539999999584,37.07339099999967,"TeleGeography Submarine Cable Map, submarinecablemap.com"
chipiona-spain,Chipiona  Spain,-6.428876288504763,36.731307150406245,"TeleGeography Submarine Cable Map, submarinecablemap.com"
la-union-philippines,La Union  Philippines,120.38963738769527,16.582590683428545,"TeleGeography Submarine Cable Map, submarinecablemap.com"
lingang-china,Lingang  China,121.89608163301598,30.935661747314708,"TeleGeography Submarine Cable Map, submarinecablemap.com"
san-andres-colombia,San Andres  Colombia,-81.70056368799148,12.584695674410096,"TeleGeography Submarine Cable Map, submarinecablemap.com"
skagway-ak-united-states,Skagway  AK  United States,-135.31389240702538,59.45834296188645,"TeleGeography Submarine Cable Map, submarinecablemap.com"
haines-ak-united-states,Haines  AK  United States,-135.44499582977528,59.235832218021784,"TeleGeography Submarine Cable Map, submarinecablemap.com"
manele-bay-hi-united-states,Manele Bay  HI  United States,-156.89689103344207,20.74343777516374,"TeleGeography Submarine Cable Map, submarinecablemap.com"
ko-olina-hi-united-states,Ko Olina  HI  United States,-158.11949758921116,21.339701501022805,"TeleGeography Submarine Cable Map, submarinecablemap.com"
koko-head-hi-united-states,Koko Head  HI  United States,-157.69601156108757,21.277562122844273,"TeleGeography Submarine Cable Map, submarinecablemap.com"
makassar-indonesia,Makassar  Indonesia,119.41239198623502,-5.152184574655166,"TeleGeography Submarine Cable Map, submarinecablemap.com"
perth-wa-australia,Perth  WA  Australia,115.85721872350325,-31.95343894398052,"TeleGeography Submarine Cable Map, submarinecablemap.com"
tjele-denmark,Tjele  Denmark,9.611688520083643,56.51080050758227,"TeleGeography Submarine Cable Map, submarinecablemap.com"
san-jose-northern-mariana-islands,San Jose  Northern Mariana Islands,145.62926794520425,14.95877106098141,"TeleGeography Submarine Cable Map, submarinecablemap.com"
sasanlagu-northern-mariana-islands,Sasanlagu  Northern Mariana Islands,145.1343464208112,14.144932053702924,"TeleGeography Submarine Cable Map, submarinecablemap.com"
tungku-brunei,Tungku  Brunei,114.88583269289208,4.926371091877179,"TeleGeography Submarine Cable Map, submarinecablemap.com"
virginia-beach-va-united-states,Virginia Beach  VA  United States,-76.05919805548162,36.755008440641625,"TeleGeography Submarine Cable Map, submarinecablemap.com"
carcavelos-portugal,Carcavelos  Portugal,-9.331559779091531,38.69016282606887,"TeleGeography Submarine Cable Map, submarinecablemap.com"
utqiavik-ak-united-states,Utqiaġvik  AK  United States,-156.78863915700455,71.2905514484418,"TeleGeography Submarine Cable Map, submarinecablemap.com"
point-hope-ak-united-states,Point Hope  AK  United States,-166.80806870465366,68.34776717273871,"TeleGeography Submarine Cable Map, submarinecablemap.com"
wainwright-ak-united-states,Wainwright  AK  United States,-160.0383454120102,70.63695061464387,"TeleGeography Submarine Cable Map, submarinecablemap.com"
kotzebue-ak-united-states,Kotzebue  AK  United States,-162.59666879498258,66.89834258781605,"TeleGeography Submarine Cable Map, submarinecablemap.com"
nome-ak-united-states,Nome  AK  United States,-165.40640954135213,64.5011139383348,"TeleGeography Submarine Cable Map, submarinecablemap.com"
prudhoe-bay-ak-united-states,Prudhoe Bay  AK  United States,-148.45676558455187,70.29404593604013,"TeleGeography Submarine Cable Map, submarinecablemap.com"
kauditan-indonesia,Kauditan  Indonesia,125.06561063769091,1.378623021535939,"TeleGeography Submarine Cable Map, submarinecablemap.com"
candelaria-santa-cruz-de-tenerife-spain,Candelaria Santa Cruz de Tenerife  Spain,-16.37174033863666,28.35553820749914,"TeleGeography Submarine Cable Map, submarinecablemap.com"
cabo-espiritu-santo-argentina,Cabo Espiritu Santo  Argentina,-68.60578536679905,-52.65889381307709,"TeleGeography Submarine Cable Map, submarinecablemap.com"
punta-dungeness-argentina,Punta Dungeness  Argentina,-68.41975034233805,-52.39023015657009,"TeleGeography Submarine Cable Map, submarinecablemap.com"
seraya-indonesia,Seraya  Indonesia,115.74667192681562,-8.386261088786334,"TeleGeography Submarine Cable Map, submarinecablemap.com"
kuching-malaysia,Kuching  Malaysia,110.35370699724253,1.520179142639674,"TeleGeography Submarine Cable Map, submarinecablemap.com"
largs-united-kingdom,Largs  United Kingdom,-4.867305129111466,55.79334084522659,"TeleGeography Submarine Cable Map, submarinecablemap.com"
kilchatten-bay-united-kingdom,Kilchatten Bay  United Kingdom,-5.028096030830676,55.75184157675707,"TeleGeography Submarine Cable Map, submarinecablemap.com"
otter-ferry-united-kingdom,Otter Ferry  United Kingdom,-5.321211057560222,56.00828363082888,"TeleGeography Submarine Cable Map, submarinecablemap.com"
achnaba-united-kingdom,Achnaba  United Kingdom,-5.365791104104307,56.019419800771715,"TeleGeography Submarine Cable Map, submarinecablemap.com"
blackwaterfoot-united-kingdom,Blackwaterfoot  United Kingdom,-5.33209972172162,55.50195153980693,"TeleGeography Submarine Cable Map, submarinecablemap.com"
ardnacross-united-kingdom,Ardnacross  United Kingdom,-5.533417938480915,55.476548995475824,"TeleGeography Submarine Cable Map, submarinecablemap.com"
down-craig-united-kingdom,Down Craig  United Kingdom,-4.900459402499686,55.78015567878292,"TeleGeography Submarine Cable Map, submarinecablemap.com"
corrie-united-kingdom,Corrie  United Kingdom,-5.141426028670615,55.643649778816055,"TeleGeography Submarine Cable Map, submarinecablemap.com"
ardneil-bay-united-kingdom,Ardneil Bay  United Kingdom,-4.889375425976623,55.693046380984796,"TeleGeography Submarine Cable Map, submarinecablemap.com"
port-askaig-united-kingdom,Port Askaig  United Kingdom,-6.106317923258195,55.84773646690274,"TeleGeography Submarine Cable Map, submarinecablemap.com"
feolin-ferry-united-kingdom,Feolin Ferry  United Kingdom,-6.089911684880532,55.8467496295193,"TeleGeography Submarine Cable Map, submarinecablemap.com"
lagavulin-united-kingdom,Lagavulin  United Kingdom,-6.125409706608378,55.63611260842295,"TeleGeography Submarine Cable Map, submarinecablemap.com"
glenbarr-united-kingdom,Glenbarr  United Kingdom,-5.697577978438339,55.565500154567616,"TeleGeography Submarine Cable Map, submarinecablemap.com"
craighouse-united-kingdom,Craighouse  United Kingdom,-5.953827796908559,55.833671668737324,"TeleGeography Submarine Cable Map, submarinecablemap.com"
ormsary-united-kingdom,Ormsary  United Kingdom,-5.614570224740873,55.89168013274772,"TeleGeography Submarine Cable Map, submarinecablemap.com"
kilchoan-ferry-united-kingdom,Kilchoan Ferry  United Kingdom,-6.093964416384531,56.68857206371403,"TeleGeography Submarine Cable Map, submarinecablemap.com"
tobermory-united-kingdom,Tobermory  United Kingdom,-6.07028279253579,56.621848763444284,"TeleGeography Submarine Cable Map, submarinecablemap.com"
duart-bay-united-kingdom,Duart Bay  United Kingdom,-5.669355342181571,56.45583872337901,"TeleGeography Submarine Cable Map, submarinecablemap.com"
ganavan-bay-united-kingdom,Ganavan Bay  United Kingdom,-5.475800791797472,56.43776362936582,"TeleGeography Submarine Cable Map, submarinecablemap.com"
corran-united-kingdom,Corran  United Kingdom,-5.245381033153955,56.722525753369865,"TeleGeography Submarine Cable Map, submarinecablemap.com"
ardmair-united-kingdom,Ardmair  United Kingdom,-5.196211146111312,57.93407860444327,"TeleGeography Submarine Cable Map, submarinecablemap.com"
branahuie-bay-united-kingdom,Branahuie Bay  United Kingdom,-6.310761137803691,58.209061789126075,"TeleGeography Submarine Cable Map, submarinecablemap.com"
leverburgh-united-kingdom,Leverburgh  United Kingdom,-7.008368065487336,57.769404984215875,"TeleGeography Submarine Cable Map, submarinecablemap.com"
lochmaddy-united-kingdom,Lochmaddy  United Kingdom,-7.163348424447826,57.603696020720946,"TeleGeography Submarine Cable Map, submarinecablemap.com"
kihei-hi-united-states,Kihei  HI  United States,-156.46310227824227,20.782154911754443,"TeleGeography Submarine Cable Map, submarinecablemap.com"
lihue-hi-united-states,Lihue  HI  United States,-159.36857049585998,21.974943320873784,"TeleGeography Submarine Cable Map, submarinecablemap.com"
skaill-united-kingdom,Skaill  United Kingdom,-3.354952684851159,59.05145759025851,"TeleGeography Submarine Cable Map, submarinecablemap.com"
dunnet-head-united-kingdom,Dunnet Head  United Kingdom,-3.376583528902636,58.670331191552904,"TeleGeography Submarine Cable Map, submarinecablemap.com"
whitehead-united-kingdom,Whitehead  United Kingdom,-5.718720541585788,54.753703383542344,"TeleGeography Submarine Cable Map, submarinecablemap.com"
troon-united-kingdom,Troon  United Kingdom,-4.659932229141345,55.541326617756305,"TeleGeography Submarine Cable Map, submarinecablemap.com"
rota-spain,Rota  Spain,-6.363007194542094,36.62627034140999,"TeleGeography Submarine Cable Map, submarinecablemap.com"
tinocas-canary-islands-spain,Tinocas  Canary Islands  Spain,-15.487707761768586,28.134359150695914,"TeleGeography Submarine Cable Map, submarinecablemap.com"
gimar-canary-islands-spain,Güimar  Canary Islands  Spain,-16.412560622219107,28.310582527291686,"TeleGeography Submarine Cable Map, submarinecablemap.com"
batu-prahu-indonesia,Batu Prahu  Indonesia,106.54745969362382,-3.079924874677993,"TeleGeography Submarine Cable Map, submarinecablemap.com"
palembang-indonesia,Palembang  Indonesia,104.75732424302369,-2.990975214813836,"TeleGeography Submarine Cable Map, submarinecablemap.com"
pesaren-indonesia,Pesaren  Indonesia,105.58271428330856,-1.553876045073304,"TeleGeography Submarine Cable Map, submarinecablemap.com"
linao-chile,Linao  Chile,-73.50446353715454,-41.991130772682006,"TeleGeography Submarine Cable Map, submarinecablemap.com"
meimen-chile,Meimen  Chile,-73.15529386263451,-41.80692209717843,"TeleGeography Submarine Cable Map, submarinecablemap.com"
kota-kinabalu-malaysia,Kota Kinabalu  Malaysia,116.07430841346488,5.981335462945161,"TeleGeography Submarine Cable Map, submarinecablemap.com"
miri-malaysia,Miri  Malaysia,114.00741534642134,4.425299696021491,"TeleGeography Submarine Cable Map, submarinecablemap.com"
bintulu-malaysia,Bintulu  Malaysia,113.06835351166146,3.197004204897361,"TeleGeography Submarine Cable Map, submarinecablemap.com"
alor-indonesia,Alor  Indonesia,124.40375899999984,-8.32065399999956,"TeleGeography Submarine Cable Map, submarinecablemap.com"
kokar-indonesia,Kokar  Indonesia,124.45345286822533,-8.158311369783492,"TeleGeography Submarine Cable Map, submarinecablemap.com"
tiakur-indonesia,Tiakur  Indonesia,127.7878715476518,-8.150331686078742,"TeleGeography Submarine Cable Map, submarinecablemap.com"
serwaru-indonesia,Serwaru  Indonesia,127.69148768374592,-8.158118033985609,"TeleGeography Submarine Cable Map, submarinecablemap.com"
suemlaki-indonesia,Suemlaki  Indonesia,131.21304280623139,-8.052228527722814,"TeleGeography Submarine Cable Map, submarinecablemap.com"
tual-indonesia,Tual  Indonesia,132.75207980190007,-5.626577896544199,"TeleGeography Submarine Cable Map, submarinecablemap.com"
kep-aru-indonesia,Kep. Aru  Indonesia,134.55017423123815,-6.194644939615719,"TeleGeography Submarine Cable Map, submarinecablemap.com"
timika-indonesia,Timika  Indonesia,136.88957687085835,-4.550311186325139,"TeleGeography Submarine Cable Map, submarinecablemap.com"
agats-indonesia,Agats  Indonesia,138.12136310762435,-5.53562932769966,"TeleGeography Submarine Cable Map, submarinecablemap.com"
kota-mappi-indonesia,Kota Mappi  Indonesia,139.39650868867545,-7.102452989489187,"TeleGeography Submarine Cable Map, submarinecablemap.com"
nabire-indonesia,Nabire  Indonesia,135.50163840096195,-3.372233814094874,"TeleGeography Submarine Cable Map, submarinecablemap.com"
yapen-indonesia,Yapen  Indonesia,136.15698461639664,-1.756122937374005,"TeleGeography Submarine Cable Map, submarinecablemap.com"
supiori-indonesia,Supiori  Indonesia,135.63852795242698,-0.729511301429761,"TeleGeography Submarine Cable Map, submarinecablemap.com"
manokwari-indonesia,Manokwari  Indonesia,134.06203981141215,-0.861468674318491,"TeleGeography Submarine Cable Map, submarinecablemap.com"
teluk-indonesia,Teluk  Indonesia,133.4821305001853,-2.202373735308288,"TeleGeography Submarine Cable Map, submarinecablemap.com"
balikpapan-indonesia,Balikpapan  Indonesia,116.83119264290589,-1.265365259496888,"TeleGeography Submarine Cable Map, submarinecablemap.com"
tarakan-indonesia,Tarakan  Indonesia,117.57850656662664,3.327346733556252,"TeleGeography Submarine Cable Map, submarinecablemap.com"
madura-indonesia,Madura  Indonesia,113.2834656639621,-6.902285124495741,"TeleGeography Submarine Cable Map, submarinecablemap.com"
hanko-finland,Hanko  Finland,22.968222026939856,59.82321000411124,"TeleGeography Submarine Cable Map, submarinecablemap.com"
bomba-belize,Bomba  Belize,-88.29445550119163,17.925613252139954,"TeleGeography Submarine Cable Map, submarinecablemap.com"
aden-yemen,Aden  Yemen,45.0335384269116,12.800683889023277,"TeleGeography Submarine Cable Map, submarinecablemap.com"
bp-clair-ridge-united-kingdom,BP Clair Ridge  United Kingdom,-2.294930049347119,60.44104932347154,"TeleGeography Submarine Cable Map, submarinecablemap.com"
baie-longue-saint-martin,Baie Longue  Saint Martin,-63.14570622695726,18.05965128120834,"TeleGeography Submarine Cable Map, submarinecablemap.com"
philipsburg-sint-maarten,Philipsburg  Sint Maarten,-63.04582836802477,18.03020531994377,"TeleGeography Submarine Cable Map, submarinecablemap.com"
mamoudzou-mayotte,Mamoudzou  Mayotte,45.23329414477784,-12.78330928619106,"TeleGeography Submarine Cable Map, submarinecablemap.com"
kikori-papua-new-guinea,Kikori  Papua New Guinea,144.2402064292285,-7.413514034786931,"TeleGeography Submarine Cable Map, submarinecablemap.com"
sisimiut-greenland,Sisimiut  Greenland,-53.67338627708164,66.93946731265544,"TeleGeography Submarine Cable Map, submarinecablemap.com"
maniitsoq-greenland,Maniitsoq  Greenland,-52.90572324668234,65.40768043958342,"TeleGeography Submarine Cable Map, submarinecablemap.com"
aasiaat-greenland,Aasiaat  Greenland,-52.85911683438676,68.70697200462038,"TeleGeography Submarine Cable Map, submarinecablemap.com"
jakarta-indonesia,Jakarta  Indonesia,106.82785500280222,-6.171598654655946,"TeleGeography Submarine Cable Map, submarinecablemap.com"
seba-indonesia,Seba  Indonesia,121.87989512104575,-10.457822046091534,"TeleGeography Submarine Cable Map, submarinecablemap.com"
baa-indonesia,Baa  Indonesia,123.03526539632057,-10.733340209244103,"TeleGeography Submarine Cable Map, submarinecablemap.com"
sorong-indonesia,Sorong  Indonesia,131.29539138070675,-0.882071743284192,"TeleGeography Submarine Cable Map, submarinecablemap.com"
labuha-indonesia,Labuha  Indonesia,127.48045267699531,-0.626796415138967,"TeleGeography Submarine Cable Map, submarinecablemap.com"
namlea-indonesia,Namlea  Indonesia,127.08582405030384,-3.233414619247889,"TeleGeography Submarine Cable Map, submarinecablemap.com"
ambon-indonesia,Ambon  Indonesia,128.19070608009508,-3.655379222174619,"TeleGeography Submarine Cable Map, submarinecablemap.com"
masohi-indonesia,Masohi  Indonesia,128.9552563197305,-3.29783615769313,"TeleGeography Submarine Cable Map, submarinecablemap.com"
bandaneria-indonesia,Bandaneria  Indonesia,129.8720525452634,-4.520181235524493,"TeleGeography Submarine Cable Map, submarinecablemap.com"
fakfak-indonesia,Fakfak  Indonesia,133.01941359689437,-3.097769992193036,"TeleGeography Submarine Cable Map, submarinecablemap.com"
waisai-indonesia,Waisai  Indonesia,130.8575987220932,-0.383361405408924,"TeleGeography Submarine Cable Map, submarinecablemap.com"
kaimana-indonesia,Kaimana  Indonesia,133.7914833624518,-3.679353447601521,"TeleGeography Submarine Cable Map, submarinecablemap.com"
merauke-indonesia,Merauke  Indonesia,140.40505289608706,-8.499087423602486,"TeleGeography Submarine Cable Map, submarinecablemap.com"
tutuyan-indonesia,Tutuyan  Indonesia,124.57498598525505,0.761436727647575,"TeleGeography Submarine Cable Map, submarinecablemap.com"
tanjung-selor-indonesia,Tanjung Selor  Indonesia,117.81942436470823,2.572031573356858,"TeleGeography Submarine Cable Map, submarinecablemap.com"
surabaya-indonesia,Surabaya  Indonesia,112.74667405204215,-7.258579529403598,"TeleGeography Submarine Cable Map, submarinecablemap.com"
san-pedro-belize,San Pedro  Belize,-87.97834244387931,17.911036510229174,"TeleGeography Submarine Cable Map, submarinecablemap.com"
kiamsam-malaysia,Kiamsam  Malaysia,115.16893796108768,5.255328831990221,"TeleGeography Submarine Cable Map, submarinecablemap.com"
so-mateus-brazil,São Mateus  Brazil,-39.85912604370125,-18.716705271937165,"TeleGeography Submarine Cable Map, submarinecablemap.com"
porto-seguro-brazil,Porto Seguro  Brazil,-39.06469301273603,-16.451085786630014,"TeleGeography Submarine Cable Map, submarinecablemap.com"
ilhus-brazil,Ilhéus  Brazil,-39.04770083727346,-14.787976283084333,"TeleGeography Submarine Cable Map, submarinecablemap.com"
salvador-brazil,Salvador  Brazil,-38.504537159555746,-12.969985149046327,"TeleGeography Submarine Cable Map, submarinecablemap.com"
aracaj-brazil,Aracajú  Brazil,-37.07480184426858,-10.909604310398228,"TeleGeography Submarine Cable Map, submarinecablemap.com"
macei-brazil,Maceió  Brazil,-35.734959043425796,-9.666468352123673,"TeleGeography Submarine Cable Map, submarinecablemap.com"
recife-brazil,Recife  Brazil,-34.87197137352438,-8.055334790265151,"TeleGeography Submarine Cable Map, submarinecablemap.com"
joo-pessoa-brazil,João Pessoa  Brazil,-34.86103388127255,-7.115292965129927,"TeleGeography Submarine Cable Map, submarinecablemap.com"
natal-brazil,Natal  Brazil,-35.21118011760072,-5.79483030955312,"TeleGeography Submarine Cable Map, submarinecablemap.com"
vitria-brazil,Vitória  Brazil,-40.30165502708559,-20.294018169658056,"TeleGeography Submarine Cable Map, submarinecablemap.com"
maca-brazil,Macaé  Brazil,-41.785638350817806,-22.371806144383072,"TeleGeography Submarine Cable Map, submarinecablemap.com"
sitio-brazil,Sitio  Brazil,-37.57050461810811,-11.846665780631282,"TeleGeography Submarine Cable Map, submarinecablemap.com"
atafona-brazil,Atafona  Brazil,-41.027240450573984,-21.631160717587278,"TeleGeography Submarine Cable Map, submarinecablemap.com"
thinadhoo-maldives,Thinadhoo  Maldives,72.99767877310352,0.531092812926878,"TeleGeography Submarine Cable Map, submarinecablemap.com"
kolhufushi-maldives,Kolhufushi  Maldives,73.4246315956461,2.776764140474404,"TeleGeography Submarine Cable Map, submarinecablemap.com"
terempa-indonesia,Terempa  Indonesia,106.21113180688167,3.207132403275247,"TeleGeography Submarine Cable Map, submarinecablemap.com"
penarik-indonesia,Penarik  Indonesia,108.29023189652773,3.666751882884222,"TeleGeography Submarine Cable Map, submarinecablemap.com"
jayapura-indonesia,Jayapura  Indonesia,140.669115209023,-2.591560615049015,"TeleGeography Submarine Cable Map, submarinecablemap.com"
sarmi-indonesia,Sarmi  Indonesia,139.35329582866166,-2.175235284063719,"TeleGeography Submarine Cable Map, submarinecablemap.com"
biak-indonesia,Biak  Indonesia,136.053298166411,-1.16347173352822,"TeleGeography Submarine Cable Map, submarinecablemap.com"
changi-north-singapore,Changi North  Singapore,103.9870122887188,1.389044778364265,"TeleGeography Submarine Cable Map, submarinecablemap.com"
barka-oman,Barka  Oman,57.88605,23.678719999999707,"TeleGeography Submarine Cable Map, submarinecablemap.com"
monaco-monaco,Monaco  Monaco,7.417647105613144,43.732621985131885,"TeleGeography Submarine Cable Map, submarinecablemap.com"
jeddah-saudi-arabia,Jeddah  Saudi Arabia,39.18276132165815,21.481258967424996,"TeleGeography Submarine Cable Map, submarinecablemap.com"
gibraltar-gibraltar,Gibraltar  Gibraltar,-5.347675882562271,36.155938394333255,"TeleGeography Submarine Cable Map, submarinecablemap.com"
al-seeb-oman,Al Seeb  Oman,58.176107241594856,23.684699958424957,"TeleGeography Submarine Cable Map, submarinecablemap.com"
tanjung-pinggir-indonesia,Tanjung Pinggir  Indonesia,104.0166370000003,1.066798000000349,"TeleGeography Submarine Cable Map, submarinecablemap.com"
rengit-malaysia,Rengit  Malaysia,103.14765741457559,1.677136908543797,"TeleGeography Submarine Cable Map, submarinecablemap.com"
bahar-ic-caghaq-malta,Bahar ic-Caghaq  Malta,14.45875539887589,35.93405994507042,"TeleGeography Submarine Cable Map, submarinecablemap.com"
pozzallo-italy,Pozzallo  Italy,14.85387230647139,36.733723588899274,"TeleGeography Submarine Cable Map, submarinecablemap.com"
chaguaramas-trinidad-and-tobago,Chaguaramas  Trinidad and Tobago,-61.65080982501897,10.686160924629455,"TeleGeography Submarine Cable Map, submarinecablemap.com"
totness-suriname,Totness  Suriname,-56.37537410906212,5.886630889468524,"TeleGeography Submarine Cable Map, submarinecablemap.com"
baillif-guadeloupe,Baillif  Guadeloupe,-61.71394454591877,16.02894096235337,"TeleGeography Submarine Cable Map, submarinecablemap.com"
needhams-point-barbados,Needham’s Point  Barbados,-59.61272533131711,13.078788771964126,"TeleGeography Submarine Cable Map, submarinecablemap.com"
rodney-bay-saint-lucia,Rodney Bay  Saint Lucia,-60.98855443479185,14.035627463902806,"TeleGeography Submarine Cable Map, submarinecablemap.com"
st-pauls-bay-malta,St. Paul's Bay  Malta,14.415591366954907,35.95050510992472,"TeleGeography Submarine Cable Map, submarinecablemap.com"
banff-united-kingdom,Banff  United Kingdom,-2.523654445625608,57.666865033116686,"TeleGeography Submarine Cable Map, submarinecablemap.com"
torshavn-faroe-islands,Torshavn  Faroe Islands,-6.771844795542737,62.01745992125028,"TeleGeography Submarine Cable Map, submarinecablemap.com"
ayre-of-cara-united-kingdom,Ayre of Cara  United Kingdom,-2.900119022684513,58.83327167074278,"TeleGeography Submarine Cable Map, submarinecablemap.com"
sandwick-united-kingdom,Sandwick  United Kingdom,-1.238694418403314,59.995976239482815,"TeleGeography Submarine Cable Map, submarinecablemap.com"
maywick-united-kingdom,Maywick  United Kingdom,-1.323801779987484,60.00398405107041,"TeleGeography Submarine Cable Map, submarinecablemap.com"
cavite-philippines,Cavite  Philippines,120.82010583274857,14.286268059205984,"TeleGeography Submarine Cable Map, submarinecablemap.com"
pa-li-taiwan,Pa Li  Taiwan,121.38319137135348,25.149983824511253,"TeleGeography Submarine Cable Map, submarinecablemap.com"
shindu-ri-south-korea,Shindu-Ri  South Korea,126.3915862608585,36.5762519059319,"TeleGeography Submarine Cable Map, submarinecablemap.com"
tseung-kwan-o-china,Tseung Kwan O  China,114.25868469966966,22.31829585896108,"TeleGeography Submarine Cable Map, submarinecablemap.com"
qingdao-china,Qingdao  China,120.34256710854024,36.08707301679953,"TeleGeography Submarine Cable Map, submarinecablemap.com"
chikura-japan,Chikura  Japan,139.95466259014782,34.976657744880164,"TeleGeography Submarine Cable Map, submarinecablemap.com"
tanshui-taiwan,Tanshui  Taiwan,121.46258584635854,25.18136115573805,"TeleGeography Submarine Cable Map, submarinecablemap.com"
fangshan-taiwan,Fangshan  Taiwan,120.66209813218148,22.249258581382197,"TeleGeography Submarine Cable Map, submarinecablemap.com"
batangas-philippines,Batangas  Philippines,121.06492987806165,13.765553306627538,"TeleGeography Submarine Cable Map, submarinecablemap.com"
chung-hom-kok-china,Chung Hom Kok  China,114.2030206766037,22.222049985803473,"TeleGeography Submarine Cable Map, submarinecablemap.com"
changi-south-singapore,Changi South  Singapore,103.9870122887188,1.389044778364265,"TeleGeography Submarine Cable Map, submarinecablemap.com"
busan-south-korea,Busan  South Korea,128.99929925728011,35.17014221411413,"TeleGeography Submarine Cable Map, submarinecablemap.com"
tanjung-bemban-indonesia,Tanjung Bemban  Indonesia,104.13310593522472,1.17320547147447,"TeleGeography Submarine Cable Map, submarinecablemap.com"
kelibia-tunisia,Kelibia  Tunisia,11.089910129147581,36.8493105782478,"TeleGeography Submarine Cable Map, submarinecablemap.com"
sventoji-lithuania,Sventoji  Lithuania,21.08238351913671,56.0282882271951,"TeleGeography Submarine Cable Map, submarinecablemap.com"
liepaja-latvia,Liepaja  Latvia,21.011289819499044,56.50818700923447,"TeleGeography Submarine Cable Map, submarinecablemap.com"
kotka-finland,Kotka  Finland,26.88355128453393,60.5010413821721,"TeleGeography Submarine Cable Map, submarinecablemap.com"
helsinki-finland,Helsinki  Finland,24.932478447942366,60.17107541825205,"TeleGeography Submarine Cable Map, submarinecablemap.com"
stavsnas-sweden,Stavsnas  Sweden,18.688335038692102,59.29277953886518,"TeleGeography Submarine Cable Map, submarinecablemap.com"
mariehamn-finland,Mariehamn  Finland,19.937853079931752,60.11383725176352,"TeleGeography Submarine Cable Map, submarinecablemap.com"
haradsholm-finland,Haradsholm  Finland,22.30210921757059,60.300969420291864,"TeleGeography Submarine Cable Map, submarinecablemap.com"
tallinn-estonia,Tallinn  Estonia,24.752400450511306,59.43619967386813,"TeleGeography Submarine Cable Map, submarinecablemap.com"
stockholm-sweden,Stockholm  Sweden,18.062854408198472,59.33220864029587,"TeleGeography Submarine Cable Map, submarinecablemap.com"
toamasina-madagascar,Toamasina  Madagascar,49.4003322084351,-18.146178330153365,"TeleGeography Submarine Cable Map, submarinecablemap.com"
sainte-marie-runion,Sainte Marie  Réunion,55.5499372269983,-20.89737367686448,"TeleGeography Submarine Cable Map, submarinecablemap.com"
terre-rouge-mauritius,Terre Rouge  Mauritius,57.510092088405194,-20.077808728343975,"TeleGeography Submarine Cable Map, submarinecablemap.com"
penmarch-france,Penmarch  France,-4.338692222335817,47.811315015459364,"TeleGeography Submarine Cable Map, submarinecablemap.com"
nouakchott-mauritania,Nouakchott  Mauritania,-15.978283586115094,18.083870571147802,"TeleGeography Submarine Cable Map, submarinecablemap.com"
banjul-gambia,Banjul  Gambia,-16.58135933076553,13.455945272538813,"TeleGeography Submarine Cable Map, submarinecablemap.com"
conakry-guinea,Conakry  Guinea,-13.70382230673977,9.513624453698883,"TeleGeography Submarine Cable Map, submarinecablemap.com"
freetown-sierra-leone,Freetown  Sierra Leone,-13.238099980411818,8.485330684414931,"TeleGeography Submarine Cable Map, submarinecablemap.com"
monrovia-liberia,Monrovia  Liberia,-10.79718374082979,6.300076440551201,"TeleGeography Submarine Cable Map, submarinecablemap.com"
kingstown-saint-vincent-and-the-grenadines,Kingstown  Saint Vincent and the Grenadines,-61.20825642758987,13.145437164552455,"TeleGeography Submarine Cable Map, submarinecablemap.com"
point-salines-grenada,Point Salines  Grenada,-61.79057834201764,12.008822041918634,"TeleGeography Submarine Cable Map, submarinecablemap.com"
st-johns-antigua-and-barbuda,St. John’s  Antigua and Barbuda,-61.85793858453698,17.05148365600316,"TeleGeography Submarine Cable Map, submarinecablemap.com"
le-lamentin-martinique,Le Lamentin  Martinique,-61.094267250528915,14.615536344106692,"TeleGeography Submarine Cable Map, submarinecablemap.com"
canefield-dominica,Canefield  Dominica,-61.384843216557165,15.303329396919429,"TeleGeography Submarine Cable Map, submarinecablemap.com"
seixal-portugal,Seixal  Portugal,-9.107390016020597,38.642277931043054,"TeleGeography Submarine Cable Map, submarinecablemap.com"
accra-ghana,Accra  Ghana,-0.201097497196668,5.558283401661053,"TeleGeography Submarine Cable Map, submarinecablemap.com"
pohnpei-micronesia,Pohnpei  Micronesia,159.070334,7.786486,"TeleGeography Submarine Cable Map, submarinecablemap.com"
tarawa-kiribati,Tarawa  Kiribati,172.97909999999962,1.329099999999538,"TeleGeography Submarine Cable Map, submarinecablemap.com"
yaren-nauru,Yaren  Nauru,166.9210999999995,0.546700000000151,"TeleGeography Submarine Cable Map, submarinecablemap.com"
kosrae-micronesia,Kosrae  Micronesia,163.00810000000064,5.327899999999427,"TeleGeography Submarine Cable Map, submarinecablemap.com"
kwajalein-marshall-islands,Kwajalein  Marshall Islands,167.4243696928496,9.189776771931857,"TeleGeography Submarine Cable Map, submarinecablemap.com"
lagos-nigeria,Lagos  Nigeria,3.423216341555379,6.438874849613729,"TeleGeography Submarine Cable Map, submarinecablemap.com"
apia-samoa,Apia  Samoa,-171.7666841189259,-13.83367556515764,"TeleGeography Submarine Cable Map, submarinecablemap.com"
pago-pago-american-samoa,Pago Pago  American Samoa,-170.69571319792425,-14.276549258314652,"TeleGeography Submarine Cable Map, submarinecablemap.com"
sungai-kakap-indonesia,Sungai Kakap  Indonesia,109.18320001394063,-0.067055880871205,"TeleGeography Submarine Cable Map, submarinecablemap.com"
tripoli-lebanon,Tripoli  Lebanon,35.85913086364927,34.43942017407265,"TeleGeography Submarine Cable Map, submarinecablemap.com"
marseille-france,Marseille  France,5.372629023073098,43.29316463678684,"TeleGeography Submarine Cable Map, submarinecablemap.com"
chabahar-iran,Chabahar  Iran,60.62962112850147,25.298225757613157,"TeleGeography Submarine Cable Map, submarinecablemap.com"
bandar-abbas-iran,Bandar Abbas  Iran,56.2743507763158,27.187166634918263,"TeleGeography Submarine Cable Map, submarinecablemap.com"
valdez-ak-united-states,Valdez  AK  United States,-146.35334076333427,61.13035268631903,"TeleGeography Submarine Cable Map, submarinecablemap.com"
coleraine-united-kingdom,Coleraine  United Kingdom,-6.676190566430063,55.13073527680774,"TeleGeography Submarine Cable Map, submarinecablemap.com"
moroni-comoros,Moroni  Comoros,43.24340297631166,-11.700694108521688,"TeleGeography Submarine Cable Map, submarinecablemap.com"
maria-chiquita-panama,Maria Chiquita  Panama,-79.75354358290546,9.437336030723529,"TeleGeography Submarine Cable Map, submarinecablemap.com"
alexandria-egypt,Alexandria  Egypt,29.889799154879793,31.191886381300385,"TeleGeography Submarine Cable Map, submarinecablemap.com"
matthew-town-bahamas,Matthew Town  Bahamas,-73.68307669187324,20.95051347324147,"TeleGeography Submarine Cable Map, submarinecablemap.com"
madang-papua-new-guinea,Madang  Papua New Guinea,145.78476099911464,-5.233684557346384,"TeleGeography Submarine Cable Map, submarinecablemap.com"
vanimo-papua-new-guinea,Vanimo  Papua New Guinea,141.29985206689105,-2.689686209025461,"TeleGeography Submarine Cable Map, submarinecablemap.com"
wewak-papua-new-guinea,Wewak  Papua New Guinea,143.65832207581576,-3.580017060976444,"TeleGeography Submarine Cable Map, submarinecablemap.com"
lorengau-papua-new-guinea,Lorengau  Papua New Guinea,147.27904704992326,-2.034973696257618,"TeleGeography Submarine Cable Map, submarinecablemap.com"
kavieng-papua-new-guinea,Kavieng  Papua New Guinea,150.80860997923475,-2.578109968566538,"TeleGeography Submarine Cable Map, submarinecablemap.com"
kokopo-papua-new-guinea,Kokopo  Papua New Guinea,152.27462456569725,-4.342345484470949,"TeleGeography Submarine Cable Map, submarinecablemap.com"
kimbe-papua-new-guinea,Kimbe  Papua New Guinea,150.13873740690366,-5.551156943700584,"TeleGeography Submarine Cable Map, submarinecablemap.com"
arawa-papua-new-guinea,Arawa  Papua New Guinea,155.56781070933528,-6.225626589587894,"TeleGeography Submarine Cable Map, submarinecablemap.com"
lae-papua-new-guinea,Lae  Papua New Guinea,146.9929632682127,-6.742790426839873,"TeleGeography Submarine Cable Map, submarinecablemap.com"
popondetta-papua-new-guinea,Popondetta  Papua New Guinea,148.29347504222986,-8.604481957230574,"TeleGeography Submarine Cable Map, submarinecablemap.com"
alotau-papua-new-guinea,Alotau  Papua New Guinea,150.4587811254958,-10.315707376355984,"TeleGeography Submarine Cable Map, submarinecablemap.com"
kerema-papua-new-guinea,Kerema  Papua New Guinea,145.77174831301969,-7.963732377083875,"TeleGeography Submarine Cable Map, submarinecablemap.com"
daru-papua-new-guinea,Daru  Papua New Guinea,143.2099825496737,-9.078178461616169,"TeleGeography Submarine Cable Map, submarinecablemap.com"
mtunzini-south-africa,Mtunzini  South Africa,31.75786423777489,-28.950640880887153,"TeleGeography Submarine Cable Map, submarinecablemap.com"
maputo-mozambique,Maputo  Mozambique,32.58061756117876,-25.968533089796413,"TeleGeography Submarine Cable Map, submarinecablemap.com"
dar-es-salaam-tanzania,Dar Es Salaam  Tanzania,39.26967532258757,-6.823229228025631,"TeleGeography Submarine Cable Map, submarinecablemap.com"
suez-egypt,Suez  Egypt,32.53012931569517,29.9722883988634,"TeleGeography Submarine Cable Map, submarinecablemap.com"
catania-italy,Catania  Italy,15.067446373923563,37.51158912057901,"TeleGeography Submarine Cable Map, submarinecablemap.com"
zafarana-egypt,Zafarana  Egypt,32.649855793379736,29.116686929125173,"TeleGeography Submarine Cable Map, submarinecablemap.com"
abu-talat-egypt,Abu Talat  Egypt,29.702494600068096,31.071848731738037,"TeleGeography Submarine Cable Map, submarinecablemap.com"
poti-georgia,Poti  Georgia,41.667622842608914,42.150771468682514,"TeleGeography Submarine Cable Map, submarinecablemap.com"
balchik-bulgaria,Balchik  Bulgaria,28.167437093767106,43.41434082476211,"TeleGeography Submarine Cable Map, submarinecablemap.com"
homer-ak-united-states,Homer  AK  United States,-151.54430693463783,59.6463664840008,"TeleGeography Submarine Cable Map, submarinecablemap.com"
florence-or-united-states,Florence  OR  United States,-124.09983785116658,43.98213392544815,"TeleGeography Submarine Cable Map, submarinecablemap.com"
anchorage-ak-united-states,Anchorage  AK  United States,-149.85837062897107,61.21746022819186,"TeleGeography Submarine Cable Map, submarinecablemap.com"
nikiski-ak-united-states,Nikiski  AK  United States,-151.2917192229484,60.68982437473834,"TeleGeography Submarine Cable Map, submarinecablemap.com"
nuuk-greenland,Nuuk  Greenland,-51.72996724366197,64.18113207585318,"TeleGeography Submarine Cable Map, submarinecablemap.com"
qaqortoq-greenland,Qaqortoq  Greenland,-46.03539119962808,60.71893720673817,"TeleGeography Submarine Cable Map, submarinecablemap.com"
landeyjar-iceland,Landeyjar  Iceland,-20.142294308165763,63.64216740018537,"TeleGeography Submarine Cable Map, submarinecablemap.com"
wrangell-ak-united-states,Wrangell  AK  United States,-132.38381635771856,56.47079696590441,"TeleGeography Submarine Cable Map, submarinecablemap.com"
petersburg-ak-united-states,Petersburg  AK  United States,-132.97004641117766,56.80761348649167,"TeleGeography Submarine Cable Map, submarinecablemap.com"
hawk-inlet-ak-united-states,Hawk Inlet  AK  United States,-134.74182249978475,58.128107290422165,"TeleGeography Submarine Cable Map, submarinecablemap.com"
angoon-ak-united-states,Angoon  AK  United States,-134.58225230032588,57.50184070413134,"TeleGeography Submarine Cable Map, submarinecablemap.com"
sitka-ak-united-states,Sitka  AK  United States,-135.33440020499748,57.05291252397816,"TeleGeography Submarine Cable Map, submarinecablemap.com"
port-au-prince-haiti,Port-au-Prince  Haiti,-72.34313623484967,18.542691638169746,"TeleGeography Submarine Cable Map, submarinecablemap.com"
redondo-beach-ca-united-states,Redondo Beach  CA  United States,-118.3880254912181,33.844471699903785,"TeleGeography Submarine Cable Map, submarinecablemap.com"
colombo-sri-lanka,Colombo  Sri Lanka,79.87199030952667,6.926734329228445,"TeleGeography Submarine Cable Map, submarinecablemap.com"
al-faw-iraq,Al Faw  Iraq,48.531778136227075,29.923295047889447,"TeleGeography Submarine Cable Map, submarinecablemap.com"
port-antonio-jamaica,Port Antonio  Jamaica,-76.44607954957705,18.176323584205434,"TeleGeography Submarine Cable Map, submarinecablemap.com"
bull-bay-jamaica,Bull Bay  Jamaica,-76.66665199999949,17.949940999999754,"TeleGeography Submarine Cable Map, submarinecablemap.com"
negril-jamaica,Negril  Jamaica,-78.3482567,18.278668550000276,"TeleGeography Submarine Cable Map, submarinecablemap.com"
montego-bay-jamaica,Montego Bay  Jamaica,-77.92137900000012,18.46936000000036,"TeleGeography Submarine Cable Map, submarinecablemap.com"
black-river-jamaica,Black River  Jamaica,-77.84837204999995,18.023692299999826,"TeleGeography Submarine Cable Map, submarinecablemap.com"
ocho-rios-jamaica,Ocho Rios  Jamaica,-77.10319145653189,18.398554763480092,"TeleGeography Submarine Cable Map, submarinecablemap.com"
port-vila-vanuatu,Port Vila  Vanuatu,168.32280655638846,-17.73033029960228,"TeleGeography Submarine Cable Map, submarinecablemap.com"
jacksonville-fl-united-states,Jacksonville  FL  United States,-81.65573950099538,30.33176074674755,"TeleGeography Submarine Cable Map, submarinecablemap.com"
skalvik-sweden,Skalvik  Sweden,12.68326837539771,56.68318839192751,"TeleGeography Submarine Cable Map, submarinecablemap.com"
vestero-denmark,Vestero  Denmark,10.966960997494754,57.272250331765626,"TeleGeography Submarine Cable Map, submarinecablemap.com"
lyngsa-denmark,Lyngsa  Denmark,10.514617567940144,57.244805156352555,"TeleGeography Submarine Cable Map, submarinecablemap.com"
deeside-clwyd-united-kingdom,Deeside Clwyd  United Kingdom,-3.027560338653928,53.201726854005564,"TeleGeography Submarine Cable Map, submarinecablemap.com"
clonshaugh-ireland,Clonshaugh  Ireland,-6.197919420866779,53.41005646403016,"TeleGeography Submarine Cable Map, submarinecablemap.com"
glen-lyon-united-kingdom,Glen Lyon  United Kingdom,-4.333418788572565,60.33307401281914,"TeleGeography Submarine Cable Map, submarinecablemap.com"
condado-beach-pr-united-states,Condado Beach  PR  United States,-66.07795512628769,18.459899231626796,"TeleGeography Submarine Cable Map, submarinecablemap.com"
isla-verde-pr-united-states,Isla Verde  PR  United States,-66.01687299999985,18.442036999999676,"TeleGeography Submarine Cable Map, submarinecablemap.com"
punta-salinas-pr-united-states,Punta Salinas  PR  United States,-66.18575110125005,18.47299398772983,"TeleGeography Submarine Cable Map, submarinecablemap.com"
butler-bay-virgin-islands-u-s-,Butler Bay  Virgin Islands (U.S.),-64.8805299999999,17.753369999999727,"TeleGeography Submarine Cable Map, submarinecablemap.com"
st-croix-virgin-islands-virgin-islands-u-s-,St. Croix  Virgin Islands  Virgin Islands (U.S.),-64.8194110959771,17.77186426252591,"TeleGeography Submarine Cable Map, submarinecablemap.com"
fortaleza-brazil,Fortaleza  Brazil,-38.54297900000012,-3.718537,"TeleGeography Submarine Cable Map, submarinecablemap.com"
mumbai-india,Mumbai  India,72.87586599999976,19.07608000000048,"TeleGeography Submarine Cable Map, submarinecablemap.com"
lista-norway,Lista  Norway,6.786928999999851,58.06444,"TeleGeography Submarine Cable Map, submarinecablemap.com"
tanjung-pandan-indonesia,Tanjung Pandan  Indonesia,107.662926,-2.767443000000358,"TeleGeography Submarine Cable Map, submarinecablemap.com"
sines-portugal,Sines  Portugal,-8.869599,37.957190000000196,"TeleGeography Submarine Cable Map, submarinecablemap.com"
tripoli-libya,Tripoli  Libya,13.187271924606817,32.877298517745,"TeleGeography Submarine Cable Map, submarinecablemap.com"
schoelcher-martinique,Schoelcher  Martinique,-61.11213699999982,14.629004999999763,"TeleGeography Submarine Cable Map, submarinecablemap.com"
willemstad-curaao,Willemstad  Curaçao,-68.89646699999949,12.095587,"TeleGeography Submarine Cable Map, submarinecablemap.com"
mahuma-curaao,Mahuma  Curaçao,-68.95694320562458,12.168897494151157,"TeleGeography Submarine Cable Map, submarinecablemap.com"
hollywood-fl-united-states,Hollywood  FL  United States,-80.160161,26.010495,"TeleGeography Submarine Cable Map, submarinecablemap.com"
puerto-cortes-honduras,Puerto Cortes  Honduras,-87.946157,15.84523299999986,"TeleGeography Submarine Cable Map, submarinecablemap.com"
half-moon-bay-cayman-islands,Half Moon Bay  Cayman Islands,-81.16677500363237,19.28295827240884,"TeleGeography Submarine Cable Map, submarinecablemap.com"
puerto-limon-costa-rica,Puerto Limon  Costa Rica,-83.037697,9.988570000000225,"TeleGeography Submarine Cable Map, submarinecablemap.com"
basseterre-saint-kitts-and-nevis,Basseterre  Saint Kitts and Nevis,-62.73121677449255,17.29863882853097,"TeleGeography Submarine Cable Map, submarinecablemap.com"
dickenson-bay-antigua-and-barbuda,Dickenson Bay  Antigua and Barbuda,-61.84685007059131,17.159562620478198,"TeleGeography Submarine Cable Map, submarinecablemap.com"
luanda-angola,Luanda  Angola,13.234998,-8.812663,"TeleGeography Submarine Cable Map, submarinecablemap.com"
cabinda-angola,Cabinda  Angola,12.1898399999998,-5.556549000000163,"TeleGeography Submarine Cable Map, submarinecablemap.com"
soyo-angola,Soyo  Angola,12.352114999999813,-6.141026000001154,"TeleGeography Submarine Cable Map, submarinecablemap.com"
sugar-dock-saipan-northern-mariana-islands,Sugar Dock  Saipan  Northern Mariana Islands,145.69958039539418,15.151811637858861,"TeleGeography Submarine Cable Map, submarinecablemap.com"
fukuoka-japan,Fukuoka  Japan,130.40171599999988,33.59035499999965,"TeleGeography Submarine Cable Map, submarinecablemap.com"
dawu-taiwan,Dawu  Taiwan,120.88978000000047,22.340450000000153,"TeleGeography Submarine Cable Map, submarinecablemap.com"
auckland-new-zealand,Auckland  New Zealand,174.7704190000004,-36.88420899999972,"TeleGeography Submarine Cable Map, submarinecablemap.com"
brisbane-qld-australia,Brisbane  QLD  Australia,153.0228269999997,-27.468880000000254,"TeleGeography Submarine Cable Map, submarinecablemap.com"
aqaba-jordan,Aqaba  Jordan,35.005095000000225,29.581029499999897,"TeleGeography Submarine Cable Map, submarinecablemap.com"
haql-saudi-arabia,Haql  Saudi Arabia,34.95220799999987,29.283851999999897,"TeleGeography Submarine Cable Map, submarinecablemap.com"
tympaki-greece,Tympaki  Greece,24.768278120000296,35.07140756999981,"TeleGeography Submarine Cable Map, submarinecablemap.com"
cancn-mexico,Cancún  Mexico,-86.767566,21.095660000000468,"TeleGeography Submarine Cable Map, submarinecablemap.com"
tolu-colombia,Tolu  Colombia,-75.55868571473619,9.496684976707714,"TeleGeography Submarine Cable Map, submarinecablemap.com"
st-davids-bermuda,St. David’s  Bermuda,-64.76950878757832,32.31223462116531,"TeleGeography Submarine Cable Map, submarinecablemap.com"
holyhead-united-kingdom,Holyhead  United Kingdom,-4.630391234443445,53.30603695420273,"TeleGeography Submarine Cable Map, submarinecablemap.com"
kuwait-city-kuwait,Kuwait City  Kuwait,47.97474728083281,29.37401624369425,"TeleGeography Submarine Cable Map, submarinecablemap.com"
bushehr-iran,Bushehr  Iran,50.842713999138304,28.970010723820973,"TeleGeography Submarine Cable Map, submarinecablemap.com"
al-khobar-saudi-arabia,Al Khobar  Saudi Arabia,50.214198819384315,26.286171946143295,"TeleGeography Submarine Cable Map, submarinecablemap.com"
shantou-china,Shantou  China,116.67547986258927,23.354554663214007,"TeleGeography Submarine Cable Map, submarinecablemap.com"
breivika-norway,Breivika  Norway,16.553187508910593,68.73504741252802,"TeleGeography Submarine Cable Map, submarinecablemap.com"
longyearbyen-svalbard-norway,Longyearbyen  Svalbard  Norway,15.648793618341642,78.21852706841459,"TeleGeography Submarine Cable Map, submarinecablemap.com"
pentaskhinos-cyprus,Pentaskhinos  Cyprus,33.603566055263556,34.82848058540633,"TeleGeography Submarine Cable Map, submarinecablemap.com"
fuzhou-china,Fuzhou  China,119.61855638196424,25.78006638728176,"TeleGeography Submarine Cable Map, submarinecablemap.com"
yzerfontein-south-africa,Yzerfontein  South Africa,18.15553012379608,-33.34822369818516,"TeleGeography Submarine Cable Map, submarinecablemap.com"
swakopmund-namibia,Swakopmund  Namibia,14.528091287257743,-22.678326281671723,"TeleGeography Submarine Cable Map, submarinecablemap.com"
abidjan-cte-divoire,Abidjan  Côte d'Ivoire,-4.026241271803983,5.323518612555771,"TeleGeography Submarine Cable Map, submarinecablemap.com"
cotonou-benin,Cotonou  Benin,2.43991625688431,6.356578143137007,"TeleGeography Submarine Cable Map, submarinecablemap.com"
libreville-gabon,Libreville  Gabon,9.454364412783434,0.394268790397072,"TeleGeography Submarine Cable Map, submarinecablemap.com"
muanda-congo-dem-rep-,Muanda  Congo  Dem. Rep.,12.349870174080092,-5.933359258652115,"TeleGeography Submarine Cable Map, submarinecablemap.com"
pointe-noire-congo-rep-,Pointe-Noire  Congo  Rep.,11.863640049779946,-4.779091572143155,"TeleGeography Submarine Cable Map, submarinecablemap.com"
lome-togo,Lome  Togo,1.227807740553492,6.126007437636297,"TeleGeography Submarine Cable Map, submarinecablemap.com"
praia-cape-verde,Praia  Cape Verde,-23.521246992608987,14.923010648471926,"TeleGeography Submarine Cable Map, submarinecablemap.com"
el-goro-canary-islands-spain,El Goro  Canary Islands  Spain,-15.398742981042082,27.959398125393665,"TeleGeography Submarine Cable Map, submarinecablemap.com"
guningtou-taiwan,Guningtou  Taiwan,118.30711933172064,24.476142461748875,"TeleGeography Submarine Cable Map, submarinecablemap.com"
lake-ci-taiwan,Lake Ci  Taiwan,118.28973653153483,24.45552056717078,"TeleGeography Submarine Cable Map, submarinecablemap.com"
bata-equatorial-guinea,Bata  Equatorial Guinea,9.768231377937187,1.860069534049234,"TeleGeography Submarine Cable Map, submarinecablemap.com"
dadeng-island-china,Dadeng Island  China,118.30096699232894,24.55673096336322,"TeleGeography Submarine Cable Map, submarinecablemap.com"
guanyin-mountain-china,Guanyin Mountain  China,118.18895535292904,24.493917245738405,"TeleGeography Submarine Cable Map, submarinecablemap.com"
victoria-seychelles,Victoria  Seychelles,55.445054488797076,-4.617612256899657,"TeleGeography Submarine Cable Map, submarinecablemap.com"
brean-united-kingdom,Brean  United Kingdom,-3.010909959824159,51.293736519285474,"TeleGeography Submarine Cable Map, submarinecablemap.com"
tel-aviv-israel,Tel Aviv  Israel,34.76967851042755,32.044596253282435,"TeleGeography Submarine Cable Map, submarinecablemap.com"
bari-italy,Bari  Italy,16.866663849341016,41.12549190517644,"TeleGeography Submarine Cable Map, submarinecablemap.com"
al-hidd-bahrain,Al Hidd  Bahrain,50.656190693773084,26.24158547784863,"TeleGeography Submarine Cable Map, submarinecablemap.com"
al-daayen-qatar,Al Daayen  Qatar,51.45189325509,25.5385891916817,"TeleGeography Submarine Cable Map, submarinecablemap.com"
melaka-malaysia,Melaka  Malaysia,102.22090025859913,2.273178376445331,"TeleGeography Submarine Cable Map, submarinecablemap.com"
qalhat-oman,Qalhat  Oman,59.36666670000019,22.70000000000014,"TeleGeography Submarine Cable Map, submarinecablemap.com"
telisai-brunei,Telisai  Brunei,114.57059854120693,4.703722436182512,"TeleGeography Submarine Cable Map, submarinecablemap.com"
papenoo-french-polynesia,Papenoo  French Polynesia,-149.44108576832946,-17.51233961268075,"TeleGeography Submarine Cable Map, submarinecablemap.com"
lowestoft-united-kingdom,Lowestoft  United Kingdom,1.729174572880337,52.47136138660393,"TeleGeography Submarine Cable Map, submarinecablemap.com"
krst-norway,Kårstø  Norway,5.524386728065418,59.27926561977106,"TeleGeography Submarine Cable Map, submarinecablemap.com"
limbe-cameroon,Limbe  Cameroon,9.208466149480143,4.014515699202046,"TeleGeography Submarine Cable Map, submarinecablemap.com"
oran-algeria,Oran  Algeria,-0.641966325506066,35.701644687598005,"TeleGeography Submarine Cable Map, submarinecablemap.com"
valencia-spain,Valencia  Spain,-0.376976278852502,39.468309046511735,"TeleGeography Submarine Cable Map, submarinecablemap.com"
kribi-cameroon,Kribi  Cameroon,9.910418777210333,2.932917598068574,"TeleGeography Submarine Cable Map, submarinecablemap.com"
derna-libya,Derna  Libya,22.639218353759222,32.76355277517541,"TeleGeography Submarine Cable Map, submarinecablemap.com"
chania-greece,Chania  Greece,24.01216659989987,35.51180510130388,"TeleGeography Submarine Cable Map, submarinecablemap.com"
harbour-view-jamaica,Harbour View  Jamaica,-76.71686360521018,17.949676769482377,"TeleGeography Submarine Cable Map, submarinecablemap.com"
haina-dominican-republic,Haina  Dominican Republic,-70.16183895197608,18.698998571766964,"TeleGeography Submarine Cable Map, submarinecablemap.com"
nanny-cay-virgin-islands-u-k-,Nanny Cay  Virgin Islands (U.K.),-64.5972432846129,18.414781849275833,"TeleGeography Submarine Cable Map, submarinecablemap.com"
nyali-kenya,Nyali  Kenya,39.70004611145872,-4.050503576490907,"TeleGeography Submarine Cable Map, submarinecablemap.com"
kaweni-mayotte,Kaweni  Mayotte,45.16586255192312,-12.817103777696085,"TeleGeography Submarine Cable Map, submarinecablemap.com"
amwaj-island-bahrain,Amwaj Island  Bahrain,50.57581965695888,26.228971616238493,"TeleGeography Submarine Cable Map, submarinecablemap.com"
al-kheesa-qatar,Al-Kheesa  Qatar,51.51937367603625,25.294340911551398,"TeleGeography Submarine Cable Map, submarinecablemap.com"
dubai-united-arab-emirates,Dubai  United Arab Emirates,55.308433491830726,25.269340274513237,"TeleGeography Submarine Cable Map, submarinecablemap.com"
sandymount-ireland,Sandymount  Ireland,-6.215448705323909,53.331420488921665,"TeleGeography Submarine Cable Map, submarinecablemap.com"
punto-fijo-venezuela,Punto Fijo  Venezuela,-70.20436821872299,11.708601794141522,"TeleGeography Submarine Cable Map, submarinecablemap.com"
wada-japan,Wada  Japan,140.01677192114903,35.03584970765731,"TeleGeography Submarine Cable Map, submarinecablemap.com"
lynnwood-wa-united-states,Lynnwood  WA  United States,-122.31585473995688,47.82399565289682,"TeleGeography Submarine Cable Map, submarinecablemap.com"
melkbosstrand-south-africa,Melkbosstrand  South Africa,18.44576429319144,-33.72721429783116,"TeleGeography Submarine Cable Map, submarinecablemap.com"
barranquilla-colombia,Barranquilla  Colombia,-74.77975560247559,10.94046235659719,"TeleGeography Submarine Cable Map, submarinecablemap.com"
los-angeles-ca-united-states,Los Angeles  CA  United States,-118.24534981104084,34.05339441974166,"TeleGeography Submarine Cable Map, submarinecablemap.com"
toyohashi-japan,Toyohashi  Japan,137.39157846836073,34.76905869474041,"TeleGeography Submarine Cable Map, submarinecablemap.com"
pedersker-denmark,Pedersker  Denmark,14.992153458511764,55.03092522192895,"TeleGeography Submarine Cable Map, submarinecablemap.com"
emi-japan,Emi  Japan,140.0611078272411,35.06238218890678,"TeleGeography Submarine Cable Map, submarinecablemap.com"
kilmore-quay-ireland,Kilmore Quay  Ireland,-6.584100787917268,52.17458459780514,"TeleGeography Submarine Cable Map, submarinecablemap.com"
oxwich-bay-united-kingdom,Oxwich Bay  United Kingdom,-4.169600545246942,51.557783405563,"TeleGeography Submarine Cable Map, submarinecablemap.com"
north-miami-beach-fl-united-states,North Miami Beach  FL  United States,-80.16238118390437,25.932943369736446,"TeleGeography Submarine Cable Map, submarinecablemap.com"
katthammarsvik-sweden,Katthammarsvik  Sweden,18.845275728923742,57.43103874071341,"TeleGeography Submarine Cable Map, submarinecablemap.com"
cacuaco-angola,Cacuaco  Angola,13.372330387259586,-8.776676133719656,"TeleGeography Submarine Cable Map, submarinecablemap.com"
douala-cameroon,Douala  Cameroon,9.70631735929773,4.047149594894643,"TeleGeography Submarine Cable Map, submarinecablemap.com"
kochi-india,Kochi  India,76.2695514552781,9.938085366963655,"TeleGeography Submarine Cable Map, submarinecablemap.com"
baie-jacotet-mauritius,Baie Jacotet  Mauritius,57.48538507465786,-20.473998881300506,"TeleGeography Submarine Cable Map, submarinecablemap.com"
saint-paul-runion,Saint Paul  Réunion,55.27913663758484,-21.000248532786777,"TeleGeography Submarine Cable Map, submarinecablemap.com"
coln-panama,Colón  Panama,-79.90002785413272,9.3537196548148,"TeleGeography Submarine Cable Map, submarinecablemap.com"
koobrzeg-poland,Kołobrzeg  Poland,15.574867889461414,54.17234594764527,"TeleGeography Submarine Cable Map, submarinecablemap.com"
ystad-sweden,Ystad  Sweden,13.828287095505607,55.43133306942637,"TeleGeography Submarine Cable Map, submarinecablemap.com"
gedser-denmark,Gedser  Denmark,11.928972034748147,54.57634945132528,"TeleGeography Submarine Cable Map, submarinecablemap.com"
logi-russia,Logi  Russia,28.499858733276664,59.79988465730388,"TeleGeography Submarine Cable Map, submarinecablemap.com"
maiquetia-venezuela,Maiquetia  Venezuela,-66.96032754808184,10.599398382983578,"TeleGeography Submarine Cable Map, submarinecablemap.com"
funningsfjordur-faroe-islands,Funningsfjordur  Faroe Islands,-6.928143512944177,62.24410742927245,"TeleGeography Submarine Cable Map, submarinecablemap.com"
seydisfjordur-iceland,Seydisfjordur  Iceland,-14.018031068526327,65.25134493671578,"TeleGeography Submarine Cable Map, submarinecablemap.com"
plerin-france,Plerin  France,-2.76808786621663,48.534742361946115,"TeleGeography Submarine Cable Map, submarinecablemap.com"
porto-rafti-greece,Porto Rafti  Greece,24.011428,37.888177999999506,"TeleGeography Submarine Cable Map, submarinecablemap.com"
syros-greece,Syros  Greece,24.936036453932804,37.441582605439635,"TeleGeography Submarine Cable Map, submarinecablemap.com"
athens-greece,Athens  Greece,23.73628788908491,37.97607760623158,"TeleGeography Submarine Cable Map, submarinecablemap.com"
ses-covetes-spain,Ses Covetes  Spain,2.970970568180556,39.35454015029774,"TeleGeography Submarine Cable Map, submarinecablemap.com"
kitakyushu-japan,Kitakyushu  Japan,131.03201266103676,33.83928059318515,"TeleGeography Submarine Cable Map, submarinecablemap.com"
dunnet-bay-united-kingdom,Dunnet Bay  United Kingdom,-3.346212456667815,58.615311733571986,"TeleGeography Submarine Cable Map, submarinecablemap.com"
harbour-pointe-wa-united-states,Harbour Pointe  WA  United States,-122.30218287464227,47.88621453431034,"TeleGeography Submarine Cable Map, submarinecablemap.com"
port-sudan-sudan,Port Sudan  Sudan,37.219676774825814,19.61556365090266,"TeleGeography Submarine Cable Map, submarinecablemap.com"
caves-point-bahamas,Caves Point  Bahamas,-77.45299589622708,25.068453472867645,"TeleGeography Submarine Cable Map, submarinecablemap.com"
current-bahamas,Current  Bahamas,-76.7876643363042,25.407832959532634,"TeleGeography Submarine Cable Map, submarinecablemap.com"
sandy-point-bahamas,Sandy Point  Bahamas,-77.39952913722843,26.02520898623078,"TeleGeography Submarine Cable Map, submarinecablemap.com"
highbridge-united-kingdom,Highbridge  United Kingdom,-2.975021313373071,51.2222247152995,"TeleGeography Submarine Cable Map, submarinecablemap.com"
bilbao-spain,Bilbao  Spain,-2.946163911940864,43.26834394430466,"TeleGeography Submarine Cable Map, submarinecablemap.com"
el-mdano-canary-islands-spain,El Médano  Canary Islands  Spain,-16.538585923566604,28.04665565421597,"TeleGeography Submarine Cable Map, submarinecablemap.com"
ttouan-morocco,Tétouan  Morocco,-5.391816476292676,35.56592071383522,"TeleGeography Submarine Cable Map, submarinecablemap.com"
tulum-mexico,Tulum  Mexico,-87.46359671477977,20.212553001324675,"TeleGeography Submarine Cable Map, submarinecablemap.com"
hawksbill-bahamas,Hawksbill  Bahamas,-78.73684508439224,26.51690828149035,"TeleGeography Submarine Cable Map, submarinecablemap.com"
belize-city-belize,Belize City  Belize,-88.18161378425482,17.49554695903865,"TeleGeography Submarine Cable Map, submarinecablemap.com"
porlamar-venezuela,Porlamar  Venezuela,-63.847610026597096,10.955251673780337,"TeleGeography Submarine Cable Map, submarinecablemap.com"
carpano-venezuela,Carúpano  Venezuela,-63.25052793004462,10.66679985529808,"TeleGeography Submarine Cable Map, submarinecablemap.com"
maracaibo-venezuela,Maracaibo  Venezuela,-71.5983857858748,10.688212118052798,"TeleGeography Submarine Cable Map, submarinecablemap.com"
cabimas-venezuela,Cabimas  Venezuela,-71.45109585115439,10.395952645405428,"TeleGeography Submarine Cable Map, submarinecablemap.com"
chichiriviche-venezuela,Chichiriviche  Venezuela,-68.28449653190309,10.928572840410887,"TeleGeography Submarine Cable Map, submarinecablemap.com"
higuerote-venezuela,Higuerote  Venezuela,-66.09810892060456,10.480347852296964,"TeleGeography Submarine Cable Map, submarinecablemap.com"
cartagena-colombia,Cartagena  Colombia,-75.50568282259698,10.386695392812182,"TeleGeography Submarine Cable Map, submarinecablemap.com"
cat-island-bahamas,Cat Island  Bahamas,-75.52589765202663,24.403328545640797,"TeleGeography Submarine Cable Map, submarinecablemap.com"
paddington-nsw-australia,Paddington  NSW  Australia,151.22867804102958,-33.882122576911726,"TeleGeography Submarine Cable Map, submarinecablemap.com"
oxford-falls-nsw-australia,Oxford Falls  NSW  Australia,151.24508427940717,-33.73738646442723,"TeleGeography Submarine Cable Map, submarinecablemap.com"
tumon-bay-guam,Tumon Bay  Guam,144.80055759477045,13.513588412077038,"TeleGeography Submarine Cable Map, submarinecablemap.com"
puerto-san-jose-guatemala,Puerto San Jose  Guatemala,-90.82221860307868,13.93461171167569,"TeleGeography Submarine Cable Map, submarinecablemap.com"
vero-beach-fl-united-states,Vero Beach  FL  United States,-80.39426578526016,27.638389595699074,"TeleGeography Submarine Cable Map, submarinecablemap.com"
eight-mile-rock-bahamas,Eight-Mile Rock  Bahamas,-78.80286066262623,26.539625615887893,"TeleGeography Submarine Cable Map, submarinecablemap.com"
mazatln-mexico,Mazatlán  Mexico,-106.42186575526726,23.199540284207416,"TeleGeography Submarine Cable Map, submarinecablemap.com"
puerto-cabezas-nicaragua,Puerto Cabezas  Nicaragua,-83.39392186340065,14.021605416550207,"TeleGeography Submarine Cable Map, submarinecablemap.com"
chongming-china,Chongming  China,121.39520308159317,31.619883221433906,"TeleGeography Submarine Cable Map, submarinecablemap.com"
bandon-or-united-states,Bandon  OR  United States,-124.40823607019432,43.11855671756466,"TeleGeography Submarine Cable Map, submarinecablemap.com"
coro-venezuela,Coro  Venezuela,-69.67781829876685,11.402807398422437,"TeleGeography Submarine Cable Map, submarinecablemap.com"
puerto-cabello-venezuela,Puerto Cabello  Venezuela,-68.00958217587402,10.47812721955833,"TeleGeography Submarine Cable Map, submarinecablemap.com"
puerto-la-cruz-venezuela,Puerto La Cruz  Venezuela,-64.64487508680698,10.202538298184441,"TeleGeography Submarine Cable Map, submarinecablemap.com"
cuman-venezuela,Cumaná  Venezuela,-64.18211906697175,10.454299429434665,"TeleGeography Submarine Cable Map, submarinecablemap.com"
shirley-ny-united-states,Shirley  NY  United States,-72.87223742252935,40.800283994912625,"TeleGeography Submarine Cable Map, submarinecablemap.com"
manasquan-nj-united-states,Manasquan  NJ  United States,-74.04704127778734,40.12334092150613,"TeleGeography Submarine Cable Map, submarinecablemap.com"
tong-fuk-china,Tong Fuk  China,113.93212243100953,22.22738364829369,"TeleGeography Submarine Cable Map, submarinecablemap.com"
bellport-ny-united-states,Bellport  NY  United States,-72.93781354794966,40.75554434597573,"TeleGeography Submarine Cable Map, submarinecablemap.com"
puerto-viejo-venezuela,Puerto Viejo  Venezuela,-67.02995640500605,10.611204913055875,"TeleGeography Submarine Cable Map, submarinecablemap.com"
skewjack-united-kingdom,Skewjack  United Kingdom,-5.675068228759502,50.06356023166617,"TeleGeography Submarine Cable Map, submarinecablemap.com"
lena-point-ak-united-states,Lena Point  AK  United States,-134.74729124591073,58.55094319826626,"TeleGeography Submarine Cable Map, submarinecablemap.com"
whittier-ak-united-states,Whittier  AK  United States,-148.68473864788308,60.77292972367666,"TeleGeography Submarine Cable Map, submarinecablemap.com"
krdla-estonia,Kärdla  Estonia,22.738046408748538,59.000859927788326,"TeleGeography Submarine Cable Map, submarinecablemap.com"
alta-vista-canary-islands-spain,Alta Vista  Canary Islands  Spain,-15.699963470779627,27.999500527830264,"TeleGeography Submarine Cable Map, submarinecablemap.com"
chennai-india,Chennai  India,80.24308379664043,13.06348539106232,"TeleGeography Submarine Cable Map, submarinecablemap.com"
tirat-carmel-israel,Tirat Carmel  Israel,34.97190100000024,32.76170000000019,"TeleGeography Submarine Cable Map, submarinecablemap.com"
istanbul-turkey,Istanbul  Turkey,28.98608885757663,41.040611420515305,"TeleGeography Submarine Cable Map, submarinecablemap.com"
sochi-russia,Sochi  Russia,39.725827343195164,43.61550412193386,"TeleGeography Submarine Cable Map, submarinecablemap.com"
juneau-ak-united-states,Juneau  AK  United States,-134.40686179957416,58.29950660150375,"TeleGeography Submarine Cable Map, submarinecablemap.com"
doha-qatar,Doha  Qatar,51.51937367603625,25.294340911551398,"TeleGeography Submarine Cable Map, submarinecablemap.com"
manama-bahrain,Manama  Bahrain,50.57581965695888,26.228971616238493,"TeleGeography Submarine Cable Map, submarinecablemap.com"
lannion-france,Lannion  France,-3.459933079231995,48.73025676356547,"TeleGeography Submarine Cable Map, submarinecablemap.com"
ishikari-japan,Ishikari  Japan,141.31540381368595,43.17117674741425,"TeleGeography Submarine Cable Map, submarinecablemap.com"
nevelsk-russia,Nevelsk  Russia,141.85915342848875,46.68444926886588,"TeleGeography Submarine Cable Map, submarinecablemap.com"
kenai-ak-united-states,Kenai  AK  United States,-151.2597856518206,60.5529093819705,"TeleGeography Submarine Cable Map, submarinecablemap.com"
kurilsk-russia,Kurilsk  Russia,147.88148802939835,45.08668134949964,"TeleGeography Submarine Cable Map, submarinecablemap.com"
yuzhno-kurilsk-russia,Yuzhno Kurilsk  Russia,145.85861348585973,44.03452277512195,"TeleGeography Submarine Cable Map, submarinecablemap.com"
krabozavodskoye-russia,Krabozavodskoye  Russia,146.7472359032252,43.793619741897466,"TeleGeography Submarine Cable Map, submarinecablemap.com"
kodiak-ak-united-states,Kodiak  AK  United States,-152.39528289429848,57.79413583493922,"TeleGeography Submarine Cable Map, submarinecablemap.com"
seward-ak-united-states,Seward  AK  United States,-149.44313654812672,60.11218885428943,"TeleGeography Submarine Cable Map, submarinecablemap.com"
narrow-cape-ak-united-states,Narrow Cape  AK  United States,-152.32916965988372,57.42683949335291,"TeleGeography Submarine Cable Map, submarinecablemap.com"
vladivostok-russia,Vladivostok  Russia,131.91075500000053,43.154616000000395,"TeleGeography Submarine Cable Map, submarinecablemap.com"
teriberka-russia,Teriberka  Russia,35.114214552955936,69.18399665130558,"TeleGeography Submarine Cable Map, submarinecablemap.com"
amderma-russia,Amderma  Russia,61.663700000000304,69.7511999999999,"TeleGeography Submarine Cable Map, submarinecablemap.com"
tiksi-russia,Tiksi  Russia,128.8645,71.6375,"TeleGeography Submarine Cable Map, submarinecablemap.com"
pevek-russia,Pevek  Russia,170.30700000000036,69.7029,"TeleGeography Submarine Cable Map, submarinecablemap.com"
anadyr-russia,Anadyr  Russia,177.50214600000047,64.727191,"TeleGeography Submarine Cable Map, submarinecablemap.com"
petropavlovsk-kamchatsky-russia,Petropavlovsk-Kamchatsky  Russia,158.64999999999947,53.016667,"TeleGeography Submarine Cable Map, submarinecablemap.com"
male-maldives,Male  Maldives,73.4999245110579,4.166264250014505,"TeleGeography Submarine Cable Map, submarinecablemap.com"
trivandrum-india,Trivandrum  India,76.9702345526576,8.798144205946052,"TeleGeography Submarine Cable Map, submarinecablemap.com"
unqui-costa-rica,Unqui  Costa Rica,-84.45427267473842,9.525855992100668,"TeleGeography Submarine Cable Map, submarinecablemap.com"
noumea-new-caledonia,Noumea  New Caledonia,166.43921414074313,-22.30332613468035,"TeleGeography Submarine Cable Map, submarinecablemap.com"
asilah-morocco,Asilah  Morocco,-6.03576133261609,35.47077689497444,"TeleGeography Submarine Cable Map, submarinecablemap.com"
geoje-south-korea,Geoje  South Korea,128.6211668646306,34.89432230348712,"TeleGeography Submarine Cable Map, submarinecablemap.com"
nedonna-beach-or-united-states,Nedonna Beach  OR  United States,-123.94007233934605,45.64373383133319,"TeleGeography Submarine Cable Map, submarinecablemap.com"
siboney-cuba,Siboney  Cuba,-75.71237212930231,19.9636378462319,"TeleGeography Submarine Cable Map, submarinecablemap.com"
la-guaira-venezuela,La Guaira  Venezuela,-66.8896244731685,10.60315396481653,"TeleGeography Submarine Cable Map, submarinecablemap.com"
crown-haven-bahamas,Crown Haven  Bahamas,-77.82195315438533,26.912504093122344,"TeleGeography Submarine Cable Map, submarinecablemap.com"
riding-point-bahamas,Riding Point  Bahamas,-78.15172399999949,26.70309200000016,"TeleGeography Submarine Cable Map, submarinecablemap.com"
punta-carnero-ecuador,Punta Carnero  Ecuador,-80.91443143239492,-2.272915471022624,"TeleGeography Submarine Cable Map, submarinecablemap.com"
keawaula-hi-united-states,Keawaula  HI  United States,-158.2420376129735,21.548768815961424,"TeleGeography Submarine Cable Map, submarinecablemap.com"
mancora-peru,Mancora  Peru,-81.0537868024245,-4.1540461191663,"TeleGeography Submarine Cable Map, submarinecablemap.com"
ponta-delgada-portugal,Ponta Delgada  Portugal,-25.668755236919015,37.73921676257312,"TeleGeography Submarine Cable Map, submarinecablemap.com"
sriracha-thailand,Sriracha  Thailand,100.93056914143179,13.174368777461584,"TeleGeography Submarine Cable Map, submarinecablemap.com"
vung-tau-vietnam,Vung Tau  Vietnam,107.07919759818566,10.341846070577743,"TeleGeography Submarine Cable Map, submarinecablemap.com"
lantau-island-china,Lantau Island  China,113.94833335702553,22.271491582355683,"TeleGeography Submarine Cable Map, submarinecablemap.com"
ballesteros-philippines,Ballesteros  Philippines,121.51395299746949,18.40940773757574,"TeleGeography Submarine Cable Map, submarinecablemap.com"
deep-water-bay-china,Deep Water Bay  China,114.18397772134277,22.24943935172405,"TeleGeography Submarine Cable Map, submarinecablemap.com"
morant-point-jamaica,Morant Point  Jamaica,-76.18434445120167,17.918365683335878,"TeleGeography Submarine Cable Map, submarinecablemap.com"
yuzhno-sakhalinsk-russia,Yuzhno-Sakhalinsk  Russia,142.7261960000007,46.94897100000021,"TeleGeography Submarine Cable Map, submarinecablemap.com"
dikson-russia,Dikson  Russia,80.531,73.50769999999989,"TeleGeography Submarine Cable Map, submarinecablemap.com"
nahodka-russia,Nahodka  Russia,132.89126663453993,42.83453251562785,"TeleGeography Submarine Cable Map, submarinecablemap.com"
joetsu-japan,Joetsu  Japan,138.23608019999975,37.14784770000004,"TeleGeography Submarine Cable Map, submarinecablemap.com"
dumpton-gap-united-kingdom,Dumpton Gap  United Kingdom,1.439331028208309,51.358582140301266,"TeleGeography Submarine Cable Map, submarinecablemap.com"
bredene-belgium,Bredene  Belgium,2.961888543364318,51.24638508954541,"TeleGeography Submarine Cable Map, submarinecablemap.com"
kungsbacka-sweden,Kungsbacka  Sweden,12.07623755542388,57.48748132890355,"TeleGeography Submarine Cable Map, submarinecablemap.com"
helsingborg-sweden,Helsingborg  Sweden,12.695866022723388,56.04384398259434,"TeleGeography Submarine Cable Map, submarinecablemap.com"
saeby-denmark,Saeby  Denmark,10.516570691556621,57.330828814195215,"TeleGeography Submarine Cable Map, submarinecablemap.com"
helsingr-denmark,Helsingør  Denmark,12.592155158693062,56.030436808568545,"TeleGeography Submarine Cable Map, submarinecablemap.com"
dragor-denmark,Dragor  Denmark,12.670182447167821,55.59353552411722,"TeleGeography Submarine Cable Map, submarinecablemap.com"
bunkeflostand-sweden,Bunkeflostand  Sweden,12.918717427353373,55.55680878388793,"TeleGeography Submarine Cable Map, submarinecablemap.com"
tuborg-denmark,Tuborg  Denmark,12.545573160442244,55.72195316407595,"TeleGeography Submarine Cable Map, submarinecablemap.com"
barsebck-sweden,Barsebäck  Sweden,12.955436151341473,55.770378890641,"TeleGeography Submarine Cable Map, submarinecablemap.com"
ballygrangans-ireland,Ballygrangans  Ireland,-6.558807837085033,52.18407589401448,"TeleGeography Submarine Cable Map, submarinecablemap.com"
ballinesker-ireland,Ballinesker  Ireland,-6.364862661977602,52.401459561554596,"TeleGeography Submarine Cable Map, submarinecablemap.com"
blackpool-united-kingdom,Blackpool  United Kingdom,-3.05075368159855,53.80866015617716,"TeleGeography Submarine Cable Map, submarinecablemap.com"
tartous-syria,Tartous  Syria,35.89780271125367,34.891704567154335,"TeleGeography Submarine Cable Map, submarinecablemap.com"
beirut-lebanon,Beirut  Lebanon,35.485205347291476,33.89247448375563,"TeleGeography Submarine Cable Map, submarinecablemap.com"
saida-lebanon,Saida  Lebanon,35.386279636121465,33.4501912731296,"TeleGeography Submarine Cable Map, submarinecablemap.com"
cayman-brac-cayman-islands,Cayman Brac  Cayman Islands,-79.87764017468034,19.69033315700396,"TeleGeography Submarine Cable Map, submarinecablemap.com"
zandvoort-netherlands,Zandvoort  Netherlands,4.527219465719253,52.3704061705303,"TeleGeography Submarine Cable Map, submarinecablemap.com"
pevensey-bay-united-kingdom,Pevensey Bay  United Kingdom,0.366675538087496,50.81901885178741,"TeleGeography Submarine Cable Map, submarinecablemap.com"
cayeux-sur-mer-france,Cayeux-sur-Mer  France,1.493432552382221,50.17880871289953,"TeleGeography Submarine Cable Map, submarinecablemap.com"
broadstairs-united-kingdom,Broadstairs  United Kingdom,1.439428684389187,51.358887043552194,"TeleGeography Submarine Cable Map, submarinecablemap.com"
ostend-belgium,Ostend  Belgium,2.912669828231236,51.23112295648549,"TeleGeography Submarine Cable Map, submarinecablemap.com"
puttgarden-germany,Puttgarden  Germany,11.212468636075984,54.49606370712455,"TeleGeography Submarine Cable Map, submarinecablemap.com"
rodbyhavn-denmark,Rodbyhavn  Denmark,11.3586599387626,54.66307223472263,"TeleGeography Submarine Cable Map, submarinecablemap.com"
balluta-bay-malta,Balluta Bay  Malta,14.380044517135529,35.93405994507042,"TeleGeography Submarine Cable Map, submarinecablemap.com"
abu-dhabi-united-arab-emirates,Abu Dhabi  United Arab Emirates,54.41888334074638,24.44378591321795,"TeleGeography Submarine Cable Map, submarinecablemap.com"
warrenton-or-united-states,Warrenton  OR  United States,-123.92386141332996,46.165128101471126,"TeleGeography Submarine Cable Map, submarinecablemap.com"
ganaveh-iran,Ganaveh  Iran,50.52113219569988,29.57074954758684,"TeleGeography Submarine Cable Map, submarinecablemap.com"
toliara-madagascar,Toliara  Madagascar,43.663129241473605,-23.354761383307334,"TeleGeography Submarine Cable Map, submarinecablemap.com"
saint-maarten-sint-maarten,Saint Maarten  Sint Maarten,-63.07370920764874,18.031041063586688,"TeleGeography Submarine Cable Map, submarinecablemap.com"
halul-island-qatar,Halul Island  Qatar,52.42025194409558,25.668564866048857,"TeleGeography Submarine Cable Map, submarinecablemap.com"
das-island-united-arab-emirates,Das Island  United Arab Emirates,52.86595475335555,25.152635742226693,"TeleGeography Submarine Cable Map, submarinecablemap.com"
jask-iran,Jask  Iran,57.79739657237602,25.681238922769957,"TeleGeography Submarine Cable Map, submarinecablemap.com"
al-safat-kuwait,Al Safat  Kuwait,47.97650509208753,29.3699313067502,"TeleGeography Submarine Cable Map, submarinecablemap.com"
khasab-oman,Khasab  Oman,56.24681173332482,26.181306905191125,"TeleGeography Submarine Cable Map, submarinecablemap.com"
annaba-algeria,Annaba  Algeria,7.755439835067562,36.902343529231146,"TeleGeography Submarine Cable Map, submarinecablemap.com"
algiers-algeria,Algiers  Algeria,3.031810368831078,36.76533572626506,"TeleGeography Submarine Cable Map, submarinecablemap.com"
al-ghaydah-yemen,Al Ghaydah  Yemen,52.18236148761941,16.21038241802069,"TeleGeography Submarine Cable Map, submarinecablemap.com"
al-hudaydah-yemen,Al Hudaydah  Yemen,42.954519999999896,14.797809999999796,"TeleGeography Submarine Cable Map, submarinecablemap.com"
kokkini-greece,Kokkini  Greece,19.92398590225538,39.753828327850364,"TeleGeography Submarine Cable Map, submarinecablemap.com"
palermo-italy,Palermo  Italy,13.358365553402518,38.12150089552133,"TeleGeography Submarine Cable Map, submarinecablemap.com"
bizerte-tunisia,Bizerte  Tunisia,9.867352401468954,37.276349513656555,"TeleGeography Submarine Cable Map, submarinecablemap.com"
coxs-bazar-bangladesh,Cox’s Bazar  Bangladesh,91.99493094027171,21.42917958893072,"TeleGeography Submarine Cable Map, submarinecablemap.com"
tuticorine-india,Tuticorine  India,78.14513606409648,8.802197481673504,"TeleGeography Submarine Cable Map, submarinecablemap.com"
ventspils-latvia,Ventspils  Latvia,21.569980829967154,57.38953114332276,"TeleGeography Submarine Cable Map, submarinecablemap.com"
farosund-sweden,Farosund  Sweden,19.055334173866473,57.8629804561028,"TeleGeography Submarine Cable Map, submarinecablemap.com"
kwakiutl-cluxewe-bc-canada,Kwakiutl (Cluxewe)  BC  Canada,-127.1897520459016,50.612145899404105,"TeleGeography Submarine Cable Map, submarinecablemap.com"
rebun-japan,Rebun  Japan,141.04706180000002,45.30049874000004,"TeleGeography Submarine Cable Map, submarinecablemap.com"
rishirifuji-japan,Rishirifuji  Japan,141.21947430000026,45.245035859999916,"TeleGeography Submarine Cable Map, submarinecablemap.com"
itoman-japan,Itoman  Japan,127.68810080000024,26.114886979999657,"TeleGeography Submarine Cable Map, submarinecablemap.com"
tarama-japan,Tarama  Japan,124.7002651000001,24.66870033000032,"TeleGeography Submarine Cable Map, submarinecablemap.com"
yonaguni-japan,Yonaguni  Japan,122.99077429999956,24.457215450000316,"TeleGeography Submarine Cable Map, submarinecablemap.com"
hateruma-japan,Hateruma  Japan,123.77844360000016,24.06001916000044,"TeleGeography Submarine Cable Map, submarinecablemap.com"
yomitan-japan,Yomitan  Japan,127.74376439999966,26.402044689999958,"TeleGeography Submarine Cable Map, submarinecablemap.com"
aguni-japan,Aguni  Japan,127.22899780000009,26.587226800000273,"TeleGeography Submarine Cable Map, submarinecablemap.com"
kumejima-japan,Kumejima  Japan,126.77534649999994,26.353132190000167,"TeleGeography Submarine Cable Map, submarinecablemap.com"
ama-japan,Ama  Japan,127.292292,26.230968589999883,"TeleGeography Submarine Cable Map, submarinecablemap.com"
tokashiki-japan,Tokashiki  Japan,127.36352570000041,26.19683555999985,"TeleGeography Submarine Cable Map, submarinecablemap.com"
minamidaito-japan,Minamidaito  Japan,131.24255189999982,25.842984359999694,"TeleGeography Submarine Cable Map, submarinecablemap.com"
yaese-japan,Yaese  Japan,127.72859249999958,26.134756180000213,"TeleGeography Submarine Cable Map, submarinecablemap.com"
kitadaito-japan,Kitadaito  Japan,131.30497690000038,25.945848989999725,"TeleGeography Submarine Cable Map, submarinecablemap.com"
konstanz-germany,Konstanz  Germany,9.173238399999894,47.67794960000021,"TeleGeography Submarine Cable Map, submarinecablemap.com"
meersburg-germany,Meersburg  Germany,9.273071818,47.69687193000024,"TeleGeography Submarine Cable Map, submarinecablemap.com"
friedrichshafen-germany,Friedrichshafen  Germany,9.480011299999973,47.661764799999965,"TeleGeography Submarine Cable Map, submarinecablemap.com"
hachinohe-japan,Hachinohe  Japan,141.50050400000035,40.476710999999796,"TeleGeography Submarine Cable Map, submarinecablemap.com"
muroran-japan,Muroran  Japan,140.98140000000038,42.369090999999734,"TeleGeography Submarine Cable Map, submarinecablemap.com"
genoa-italy,Genoa  Italy,8.938900000000473,44.410338999999794,"TeleGeography Submarine Cable Map, submarinecablemap.com"
isle-au-haut-me-united-states,Isle au Haut  ME  United States,-68.62497262999955,44.05149724999989,"TeleGeography Submarine Cable Map, submarinecablemap.com"
stonington-me-united-states,Stonington  ME  United States,-68.66687301,44.156331730000154,"TeleGeography Submarine Cable Map, submarinecablemap.com"
sidi-kerir-egypt,Sidi Kerir  Egypt,29.672355999999517,31.047639999999845,"TeleGeography Submarine Cable Map, submarinecablemap.com"
neom-saudi-arabia,Neom  Saudi Arabia,35.22315400000011,28.050968790000326,"TeleGeography Submarine Cable Map, submarinecablemap.com"
melbourne-vic-australia,Melbourne  VIC  Australia,144.967148,-37.81753200000024,"TeleGeography Submarine Cable Map, submarinecablemap.com"
san-diego-ca-united-states,San Diego  CA  United States,-117.161719,32.715695,"TeleGeography Submarine Cable Map, submarinecablemap.com"
funafuti-tuvalu,Funafuti  Tuvalu,179.19882450000034,-8.520204506000361,"TeleGeography Submarine Cable Map, submarinecablemap.com"
coffman-cove-ak-united-states,Coffman Cove  AK  United States,-132.829514,56.015201999999896,"TeleGeography Submarine Cable Map, submarinecablemap.com"
ketchikan-ak-united-states,Ketchikan  AK  United States,-131.64781899999988,55.342096,"TeleGeography Submarine Cable Map, submarinecablemap.com"
hollis-ak-united-states,Hollis  AK  United States,-133.02193140000003,55.51384579999992,"TeleGeography Submarine Cable Map, submarinecablemap.com"
wakkanai-japan,Wakkanai  Japan,141.69815370000035,45.39401505999994,"TeleGeography Submarine Cable Map, submarinecablemap.com"
netanya-israel,Netanya  Israel,34.87197099999965,32.343948000000225,"TeleGeography Submarine Cable Map, submarinecablemap.com"
santarm-brazil,Santarém  Brazil,-54.700923,-2.450628999999634,"TeleGeography Submarine Cable Map, submarinecablemap.com"
monte-alegre-brazil,Monte Alegre  Brazil,-54.074540760000104,-2.000472714000541,"TeleGeography Submarine Cable Map, submarinecablemap.com"
alenquer-brazil,Alenquer  Brazil,-54.73603937000024,-1.944987034999834,"TeleGeography Submarine Cable Map, submarinecablemap.com"
manaus-brazil,Manaus  Brazil,-60.02064900000021,-3.123895999999749,"TeleGeography Submarine Cable Map, submarinecablemap.com"
bidos-brazil,Óbidos  Brazil,-55.51623128999993,-1.913198033000186,"TeleGeography Submarine Cable Map, submarinecablemap.com"
juruti-brazil,Juruti  Brazil,-56.0952176299996,-2.161544228000772,"TeleGeography Submarine Cable Map, submarinecablemap.com"
curu-brazil,Curuá  Brazil,-55.12010550000016,-1.890297457000427,"TeleGeography Submarine Cable Map, submarinecablemap.com"
parintins-brazil,Parintins  Brazil,-56.73720395000047,-2.633793763999875,"TeleGeography Submarine Cable Map, submarinecablemap.com"
urucurituba-brazil,Urucurituba  Brazil,-58.154744650000374,-3.129203635000459,"TeleGeography Submarine Cable Map, submarinecablemap.com"
itacoatiara-brazil,Itacoatiara  Brazil,-58.43994919999979,-3.136558105000468,"TeleGeography Submarine Cable Map, submarinecablemap.com"
oriximin-brazil,Oriximiná  Brazil,-55.8674756800002,-1.76242793600052,"TeleGeography Submarine Cable Map, submarinecablemap.com"
terra-santa-brazil,Terra Santa  Brazil,-56.4893347300004,-2.102144401000589,"TeleGeography Submarine Cable Map, submarinecablemap.com"
autazes-brazil,Autazes  Brazil,-59.131660679999904,-3.580329971999896,"TeleGeography Submarine Cable Map, submarinecablemap.com"
tef-brazil,Tefé  Brazil,-64.7189821999999,-3.352162610000246,"TeleGeography Submarine Cable Map, submarinecablemap.com"
alvares-brazil,Alvarães  Brazil,-64.81206968999977,-3.21455230799988,"TeleGeography Submarine Cable Map, submarinecablemap.com"
uarini-brazil,Uarini  Brazil,-65.16004126000051,-2.982672618999626,"TeleGeography Submarine Cable Map, submarinecablemap.com"
fonte-boa-brazil,Fonte Boa  Brazil,-66.09530680999958,-2.515185832000585,"TeleGeography Submarine Cable Map, submarinecablemap.com"
juta-brazil,Jutaí  Brazil,-66.77157420000049,-2.750610165999518,"TeleGeography Submarine Cable Map, submarinecablemap.com"
tonantins-brazil,Tonantins  Brazil,-67.77536821000035,-2.86172595099949,"TeleGeography Submarine Cable Map, submarinecablemap.com"
santo-antnio-do-i-brazil,Santo Antônio do Içá  Brazil,-67.94534099,-3.102393505999825,"TeleGeography Submarine Cable Map, submarinecablemap.com"
so-paulo-de-olivena-brazil,São Paulo de Olivença  Brazil,-68.95252266000007,-3.465503202000312,"TeleGeography Submarine Cable Map, submarinecablemap.com"
tabatinga-brazil,Tabatinga  Brazil,-69.93849640000008,-4.231296995000054,"TeleGeography Submarine Cable Map, submarinecablemap.com"
atalaia-do-norte-brazil,Atalaia do Norte  Brazil,-70.19319400999984,-4.366370093000299,"TeleGeography Submarine Cable Map, submarinecablemap.com"
ashkelon-israel,Ashkelon  Israel,34.55601100000069,31.669509999999626,"TeleGeography Submarine Cable Map, submarinecablemap.com"
singapore-singapore,Singapore  Singapore,103.85310700000069,1.293873000000592,"TeleGeography Submarine Cable Map, submarinecablemap.com"
alupang-guam,Alupang  Guam,144.776754,13.490037,"TeleGeography Submarine Cable Map, submarinecablemap.com"
dili-timor-leste,Dili  Timor-Leste,125.580711,-8.570689999999674,"TeleGeography Submarine Cable Map, submarinecablemap.com"
cape-jervis-sa-australia,Cape Jervis  SA  Australia,138.1037266000003,-35.60320283999976,"TeleGeography Submarine Cable Map, submarinecablemap.com"
kingscote-sa-australia,Kingscote  SA  Australia,137.63263809999978,-35.65230045000021,"TeleGeography Submarine Cable Map, submarinecablemap.com"
aktau-kazakhstan,Aktau  Kazakhstan,51.20000099999987,43.6500019999995,"TeleGeography Submarine Cable Map, submarinecablemap.com"
sumgait-azerbaijan,Sumgait  Azerbaijan,49.668611,40.589722,"TeleGeography Submarine Cable Map, submarinecablemap.com"
wilhelmshaven-germany,Wilhelmshaven  Germany,8.10687219999963,53.532340299999966,"TeleGeography Submarine Cable Map, submarinecablemap.com"
leiston-united-kingdom,Leiston  United Kingdom,1.574842,52.20525899999987,"TeleGeography Submarine Cable Map, submarinecablemap.com"
macap-brazil,Macapá  Brazil,-51.06571400000015,0.03453499999984,"TeleGeography Submarine Cable Map, submarinecablemap.com"
almeirim-brazil,Almeirim  Brazil,-52.57775842999971,-1.528422080999817,"TeleGeography Submarine Cable Map, submarinecablemap.com"
powell-river-bc-canada,Powell River  BC  Canada,-124.523809,49.8358899999998,"TeleGeography Submarine Cable Map, submarinecablemap.com"
van-anda-bc-canada,Van Anda  BC  Canada,-124.55654754654743,49.757726280018474,"TeleGeography Submarine Cable Map, submarinecablemap.com"
gambier-harbour-bc-canada,Gambier Harbour  BC  Canada,-123.43887940875001,49.43963951992595,"TeleGeography Submarine Cable Map, submarinecablemap.com"
eastbourne-bc-canada,Eastbourne  BC  Canada,-123.43478847783001,49.39615688202526,"TeleGeography Submarine Cable Map, submarinecablemap.com"
gibsons-bc-canada,Gibsons  BC  Canada,-123.51457762609738,49.401617050219066,"TeleGeography Submarine Cable Map, submarinecablemap.com"
saltery-bay-bc-canada,Saltery Bay  BC  Canada,-124.1798859186916,49.78326803917783,"TeleGeography Submarine Cable Map, submarinecablemap.com"
bamfield-bc-canada,Bamfield  BC  Canada,-125.14150866980336,48.832827880049535,"TeleGeography Submarine Cable Map, submarinecablemap.com"
haggards-cove-bc-canada,Haggard's Cove  BC  Canada,-125.02289127964777,48.964512091916774,"TeleGeography Submarine Cable Map, submarinecablemap.com"
sarita-bc-canada,Sarita  BC  Canada,-125.03336159095791,48.883163081656456,"TeleGeography Submarine Cable Map, submarinecablemap.com"
uchucklesaht-bc-canada,Uchucklesaht  BC  Canada,-125.04228312375423,49.021056362378445,"TeleGeography Submarine Cable Map, submarinecablemap.com"
toquaht-bay-bc-canada,Toquaht Bay  BC  Canada,-125.36427438896436,49.00725234555052,"TeleGeography Submarine Cable Map, submarinecablemap.com"
macoah-bc-canada,Macoah  BC  Canada,-125.38066196907084,48.99420873918211,"TeleGeography Submarine Cable Map, submarinecablemap.com"
salmon-beach-bc-canada,Salmon Beach  BC  Canada,-125.43397852487394,48.95979786007525,"TeleGeography Submarine Cable Map, submarinecablemap.com"
ucluelet-bc-canada,Ucluelet  BC  Canada,-125.54668155348666,48.94183099867011,"TeleGeography Submarine Cable Map, submarinecablemap.com"
tofino-bc-canada,Tofino  BC  Canada,-125.90621343069186,49.15253759749824,"TeleGeography Submarine Cable Map, submarinecablemap.com"
opitsat-bc-canada,Opitsat  BC  Canada,-125.90731197101252,49.17350282616127,"TeleGeography Submarine Cable Map, submarinecablemap.com"
ahousat-bc-canada,Ahousat  BC  Canada,-126.0563412065071,49.27631697591595,"TeleGeography Submarine Cable Map, submarinecablemap.com"
hot-springs-cove-bc-canada,Hot Springs Cove  BC  Canada,-126.27236909683702,49.36844718167606,"TeleGeography Submarine Cable Map, submarinecablemap.com"
yuquot-bc-canada,Yuquot  BC  Canada,-126.6189005981881,49.59185602164594,"TeleGeography Submarine Cable Map, submarinecablemap.com"
gold-river-bc-canada,Gold River  BC  Canada,-126.05444190775022,49.781048172407445,"TeleGeography Submarine Cable Map, submarinecablemap.com"
tahsis-bc-canada,Tahsis  BC  Canada,-126.65469529196682,49.926304862496394,"TeleGeography Submarine Cable Map, submarinecablemap.com"
esperanza-bc-canada,Esperanza  BC  Canada,-126.7417876315964,49.87491870003231,"TeleGeography Submarine Cable Map, submarinecablemap.com"
zeballos-bc-canada,Zeballos  BC  Canada,-126.84543784786564,49.98239050630001,"TeleGeography Submarine Cable Map, submarinecablemap.com"
nuchatlaht-bc-canada,Nuchatlaht  BC  Canada,-126.94066093761482,49.98933935381993,"TeleGeography Submarine Cable Map, submarinecablemap.com"
pulteney-point-bc-canada,Pulteney Point  BC  Canada,-127.15484280035233,50.63120042038277,"TeleGeography Submarine Cable Map, submarinecablemap.com"
alert-bay-bc-canada,Alert Bay  BC  Canada,-126.92634115400956,50.588350919856595,"TeleGeography Submarine Cable Map, submarinecablemap.com"
hyde-creek-bc-canada,Hyde Creek  BC  Canada,-127.00083983464391,50.582552529196676,"TeleGeography Submarine Cable Map, submarinecablemap.com"
telegraph-cove-bc-canada,Telegraph Cove  BC  Canada,-126.83111521847611,50.54768561590023,"TeleGeography Submarine Cable Map, submarinecablemap.com"
mitchell-bay-bc-canada,Mitchell Bay  BC  Canada,-126.8494857533072,50.63365191110994,"TeleGeography Submarine Cable Map, submarinecablemap.com"
harbledown-island-bc-canada,Harbledown Island  BC  Canada,-126.61076411697788,50.573835184307484,"TeleGeography Submarine Cable Map, submarinecablemap.com"
kwikwasutinuxw-haxwamis-bc-canada,Kwikwasut'inuxw Haxwa’mis  BC  Canada,-126.59874559746683,50.70054017294747,"TeleGeography Submarine Cable Map, submarinecablemap.com"
echo-bay-bc-canada,Echo Bay  BC  Canada,-126.49734823073759,50.74991847293468,"TeleGeography Submarine Cable Map, submarinecablemap.com"
shawl-bay-bc-canada,Shawl Bay  BC  Canada,-126.55858719004513,50.848866325733916,"TeleGeography Submarine Cable Map, submarinecablemap.com"
edith-point-bc-canada,Edith Point  BC  Canada,-125.54674486141779,50.37733322590891,"TeleGeography Submarine Cable Map, submarinecablemap.com"
blind-channel-bc-canada,Blind Channel  BC  Canada,-125.50343684333376,50.412765239933556,"TeleGeography Submarine Cable Map, submarinecablemap.com"
chatham-point-bc-canada,Chatham Point  BC  Canada,-125.44561591823906,50.33139503733066,"TeleGeography Submarine Cable Map, submarinecablemap.com"
elk-bay-bc-canada,Elk Bay  BC  Canada,-125.44214123814987,50.27742985648948,"TeleGeography Submarine Cable Map, submarinecablemap.com"
granite-bay-bc-canada,Granite Bay  BC  Canada,-125.30261850538005,50.23583903062007,"TeleGeography Submarine Cable Map, submarinecablemap.com"
kitamaat-village-bc-canada,Kitamaat Village  BC  Canada,-128.64759513576314,53.97442959892598,"TeleGeography Submarine Cable Map, submarinecablemap.com"
holberg-bc-canada,Holberg  BC  Canada,-128.02407256829633,50.652273113310905,"TeleGeography Submarine Cable Map, submarinecablemap.com"
kitimat-bc-canada,Kitimat  BC  Canada,-128.64088898371784,54.059548420737194,"TeleGeography Submarine Cable Map, submarinecablemap.com"
coal-harbour-bc-canada,Coal Harbour  BC  Canada,-127.58161843079546,50.599384789246784,"TeleGeography Submarine Cable Map, submarinecablemap.com"
quatsino-bc-canada,Quatsino  BC  Canada,-127.65441778152956,50.5352978103679,"TeleGeography Submarine Cable Map, submarinecablemap.com"
port-alice-bc-canada,Port Alice  BC  Canada,-127.488056,50.42666700000024,"TeleGeography Submarine Cable Map, submarinecablemap.com"
winter-harbour-bc-canada,Winter Harbour  BC  Canada,-128.02813608589068,50.52390510516052,"TeleGeography Submarine Cable Map, submarinecablemap.com"
kains-island-bc-canada,Kains Island  BC  Canada,-128.03325675646408,50.442702128001244,"TeleGeography Submarine Cable Map, submarinecablemap.com"
kingcome-inlet-bc-canada,Kingcome Inlet  BC  Canada,-126.20021409562437,50.94987262516856,"TeleGeography Submarine Cable Map, submarinecablemap.com"
gillies-bay-bc-canada,Gillies Bay  BC  Canada,-124.48885463490913,49.677892319989546,"TeleGeography Submarine Cable Map, submarinecablemap.com"
kyuquot-bc-canada,Kyuquot  BC  Canada,-127.37854714503781,50.03085274537101,"TeleGeography Submarine Cable Map, submarinecablemap.com"
malfa-italy,Malfa  Italy,14.836638463843066,38.578316420050214,"TeleGeography Submarine Cable Map, submarinecablemap.com"
filicudi-porto-italy,Filicudi Porto  Italy,14.576656824541493,38.56490397987798,"TeleGeography Submarine Cable Map, submarinecablemap.com"
alicudi-porto-italy,Alicudi Porto  Italy,14.358271440312812,38.5358504297281,"TeleGeography Submarine Cable Map, submarinecablemap.com"
marsala-italy,Marsala  Italy,12.434917,37.80008800000016,"TeleGeography Submarine Cable Map, submarinecablemap.com"
pantelleria-italy,Pantelleria  Italy,11.943459999999734,36.830869,"TeleGeography Submarine Cable Map, submarinecablemap.com"
lampedusa-italy,Lampedusa  Italy,12.607558387730421,35.50152744443852,"TeleGeography Submarine Cable Map, submarinecablemap.com"
linosa-italy,Linosa  Italy,12.860768932962662,35.8583596049076,"TeleGeography Submarine Cable Map, submarinecablemap.com"
isola-delle-femmine-italy,Isola delle Femmine  Italy,13.247603185879443,38.18994270418196,"TeleGeography Submarine Cable Map, submarinecablemap.com"
ustica-italy,Ustica  Italy,13.19202258196244,38.7098997397587,"TeleGeography Submarine Cable Map, submarinecablemap.com"
gaeta-italy,Gaeta  Italy,13.565445462699188,41.217935235484155,"TeleGeography Submarine Cable Map, submarinecablemap.com"
ponza-italy,Ponza  Italy,12.958679203595063,40.895780106420354,"TeleGeography Submarine Cable Map, submarinecablemap.com"
ventotene-italy,Ventotene  Italy,13.428232823149918,40.79536923521338,"TeleGeography Submarine Cable Map, submarinecablemap.com"
santo-stefano-italy,Santo Stefano  Italy,13.454176273067278,40.78994636471521,"TeleGeography Submarine Cable Map, submarinecablemap.com"
portoscuso-italy,Portoscuso  Italy,8.379527706426767,39.20656707933533,"TeleGeography Submarine Cable Map, submarinecablemap.com"
carloforte-italy,Carloforte  Italy,8.302684658371321,39.14552546025926,"TeleGeography Submarine Cable Map, submarinecablemap.com"
stintino-italy,Stintino  Italy,8.228993742790532,40.948082423763225,"TeleGeography Submarine Cable Map, submarinecablemap.com"
cala-doliva-italy,Cala d'Oliva  Italy,8.336105703397353,41.08172316521694,"TeleGeography Submarine Cable Map, submarinecablemap.com"
san-domino-italy,San Domino  Italy,15.488973558507714,42.115429833844686,"TeleGeography Submarine Cable Map, submarinecablemap.com"
san-nicola-di-tremiti-italy,San Nicola di Tremiti  Italy,15.508871650161664,42.12303309486214,"TeleGeography Submarine Cable Map, submarinecablemap.com"
torre-mileto-italy,Torre Mileto  Italy,15.563363144424395,41.91869836444879,"TeleGeography Submarine Cable Map, submarinecablemap.com"
vulcano-bleu-italy,Vulcano Bleu  Italy,14.965562762373738,38.42411761228048,"TeleGeography Submarine Cable Map, submarinecablemap.com"
canneto-italy,Canneto  Italy,14.963612056874782,38.488436612601895,"TeleGeography Submarine Cable Map, submarinecablemap.com"
espoo-finland,Espoo  Finland,24.65578,60.20678,"TeleGeography Submarine Cable Map, submarinecablemap.com"
queens-cove-bc-canada,Queens Cove  BC  Canada,-126.98495348663047,49.88497560158473,"TeleGeography Submarine Cable Map, submarinecablemap.com"
natadola-fiji,Natadola  Fiji,177.31890300000032,-18.100389420000354,"TeleGeography Submarine Cable Map, submarinecablemap.com"
gusukube-japan,Gusukube  Japan,125.38733299999983,24.751502030000356,"TeleGeography Submarine Cable Map, submarinecablemap.com"
shiraho-japan,Shiraho  Japan,124.2450912999995,24.388365950000072,"TeleGeography Submarine Cable Map, submarinecablemap.com"
iojima-japan,Iojima  Japan,130.2983291000001,30.792985210000303,"TeleGeography Submarine Cable Map, submarinecablemap.com"
makurazaki-japan,Makurazaki  Japan,130.2938686,31.280292019999813,"TeleGeography Submarine Cable Map, submarinecablemap.com"
takeshima-japan,Takeshima  Japan,130.42661539999997,30.81022492000007,"TeleGeography Submarine Cable Map, submarinecablemap.com"
kuroshima-japan,Kuroshima  Japan,129.93441360000014,30.832460340000207,"TeleGeography Submarine Cable Map, submarinecablemap.com"
capraia-isola-italy,Capraia Isola  Italy,9.842201117068242,43.04826179309501,"TeleGeography Submarine Cable Map, submarinecablemap.com"
portoferraio-italy,Portoferraio  Italy,10.316441790280782,42.812134545316404,"TeleGeography Submarine Cable Map, submarinecablemap.com"
trapani-italy,Trapani  Italy,12.513618000000546,38.01825499999985,"TeleGeography Submarine Cable Map, submarinecablemap.com"
levanzo-italy,Levanzo  Italy,12.341014787775245,37.98820811134693,"TeleGeography Submarine Cable Map, submarinecablemap.com"
marettimo-italy,Marettimo  Italy,12.073620000000234,37.96852899999978,"TeleGeography Submarine Cable Map, submarinecablemap.com"
lipari-italy,Lipari  Italy,14.954325432103394,38.468384375202234,"TeleGeography Submarine Cable Map, submarinecablemap.com"
ditella-italy,Ditella  Italy,15.076102109522786,38.642542955425235,"TeleGeography Submarine Cable Map, submarinecablemap.com"
stromboli-italy,Stromboli  Italy,15.23351223762506,38.80580384767897,"TeleGeography Submarine Cable Map, submarinecablemap.com"
patti-italy,Patti  Italy,14.968438937975494,38.147019524954146,"TeleGeography Submarine Cable Map, submarinecablemap.com"
benjamin-constant-brazil,Benjamin Constant  Brazil,-70.0287800300003,-4.379887185000328,"TeleGeography Submarine Cable Map, submarinecablemap.com"
al-bustan-oman,Al Bustan  Oman,58.60606000000028,23.57609000000019,"TeleGeography Submarine Cable Map, submarinecablemap.com"
cape-daguilar-china,Cape D’Aguilar  China,114.26028099999986,22.208065,"TeleGeography Submarine Cable Map, submarinecablemap.com"
capri-strand-sweden,Capri Strand  Sweden,11.118404899999714,58.96833839999996,"TeleGeography Submarine Cable Map, submarinecablemap.com"
moss-norway,Moss  Norway,10.700833000000491,59.459167,"TeleGeography Submarine Cable Map, submarinecablemap.com"
drbak-norway,Drøbak  Norway,10.630839956892295,59.664530734634965,"TeleGeography Submarine Cable Map, submarinecablemap.com"
arendal-norway,Arendal  Norway,8.758665999999655,58.470047,"TeleGeography Submarine Cable Map, submarinecablemap.com"
egersund-norway,Egersund  Norway,5.988714595834254,58.42414318521949,"TeleGeography Submarine Cable Map, submarinecablemap.com"
stavanger-norway,Stavanger  Norway,5.730793999999772,58.970833,"TeleGeography Submarine Cable Map, submarinecablemap.com"
oslo-norway,Oslo  Norway,10.749980000000228,59.91228,"TeleGeography Submarine Cable Map, submarinecablemap.com"
calvi-france,Calvi  France,8.754733,42.56312,"TeleGeography Submarine Cable Map, submarinecablemap.com"
st-florent-france,St. Florent  France,9.303703999999604,42.68184600000012,"TeleGeography Submarine Cable Map, submarinecablemap.com"
bejaia-algeria,Bejaia  Algeria,5.05568370000011,36.75152580000031,"TeleGeography Submarine Cable Map, submarinecablemap.com"
nothamnsbacken-sweden,Nothamnsbacken  Sweden,18.56540150000036,60.032046400000056,"TeleGeography Submarine Cable Map, submarinecablemap.com"
hamns-finland,Hamnäs  Finland,19.804952900000593,60.099262,"TeleGeography Submarine Cable Map, submarinecablemap.com"
lokalahti-finland,Lokalahti  Finland,21.446235299999714,60.67946870000003,"TeleGeography Submarine Cable Map, submarinecablemap.com"
skatrarna-finland,Skatörarna  Finland,19.724814400000394,60.27263870000003,"TeleGeography Submarine Cable Map, submarinecablemap.com"
sovetskaya-gavan-russia,Sovetskaya Gavan  Russia,140.28333299999971,48.9666670000001,"TeleGeography Submarine Cable Map, submarinecablemap.com"
uglegorsk-russia,Uglegorsk  Russia,141.98018180000005,49.063510200000316,"TeleGeography Submarine Cable Map, submarinecablemap.com"
kampung-tekek-malaysia,Kampung Tekek  Malaysia,104.15702621845527,2.8164262139372,"TeleGeography Submarine Cable Map, submarinecablemap.com"
kuala-rompin-malaysia,Kuala Rompin  Malaysia,103.49149565704641,2.800285607948548,"TeleGeography Submarine Cable Map, submarinecablemap.com"
pantai-teluk-baharu-malaysia,Pantai Teluk Baharu  Malaysia,100.57962452963514,4.193025900179775,"TeleGeography Submarine Cable Map, submarinecablemap.com"
lumut-malaysia,Lumut  Malaysia,100.62921952261566,4.228536922459888,"TeleGeography Submarine Cable Map, submarinecablemap.com"
pulau-perhentian-besar-malaysia,Pulau Perhentian Besar  Malaysia,102.75470997931428,5.902883822383411,"TeleGeography Submarine Cable Map, submarinecablemap.com"
pulau-perhentian-kecil-malaysia,Pulau Perhentian Kecil  Malaysia,102.72290646910318,5.906566563564761,"TeleGeography Submarine Cable Map, submarinecablemap.com"
kampung-raja-malaysia,Kampung Raja  Malaysia,102.57171090634661,5.791616724837154,"TeleGeography Submarine Cable Map, submarinecablemap.com"
santa-teresa-gallura-italy,Santa Teresa Gallura  Italy,9.190426159147735,41.239857198613485,"TeleGeography Submarine Cable Map, submarinecablemap.com"
borbby-strandbad-sweden,Borbby Strandbad  Sweden,14.21575049999975,55.433900600000094,"TeleGeography Submarine Cable Map, submarinecablemap.com"
miyazaki-japan,Miyazaki  Japan,131.29462400000048,32.09766000000017,"TeleGeography Submarine Cable Map, submarinecablemap.com"
akita-japan,Akita  Japan,140.11667000000028,39.71667000000023,"TeleGeography Submarine Cable Map, submarinecablemap.com"
murakami-japan,Murakami  Japan,139.47574369999958,38.22191642000002,"TeleGeography Submarine Cable Map, submarinecablemap.com"
awashimaura-japan,Awashimaura  Japan,139.25283649999992,38.464632729999536,"TeleGeography Submarine Cable Map, submarinecablemap.com"
invercargill-new-zealand,Invercargill  New Zealand,168.34750000000054,-46.413056000000275,"TeleGeography Submarine Cable Map, submarinecablemap.com"
sendai-japan,Sendai  Japan,140.86667000000028,38.26667000000041,"TeleGeography Submarine Cable Map, submarinecablemap.com"
ibaraki-japan,Ibaraki  Japan,140.26993600000043,36.34217499999987,"TeleGeography Submarine Cable Map, submarinecablemap.com"
ninomiya-japan,Ninomiya  Japan,139.2554019999996,35.299491,"TeleGeography Submarine Cable Map, submarinecablemap.com"
chichijima-japan,Chichijima  Japan,142.20407854982358,27.06647506480611,"TeleGeography Submarine Cable Map, submarinecablemap.com"
hahajima-japan,Hahajima  Japan,142.1599040123993,26.650916758530467,"TeleGeography Submarine Cable Map, submarinecablemap.com"
hachijo-japan,Hachijo  Japan,139.79680232984748,33.11229519278616,"TeleGeography Submarine Cable Map, submarinecablemap.com"
miyake-japan,Miyake  Japan,139.49535639821372,34.09038084354649,"TeleGeography Submarine Cable Map, submarinecablemap.com"
oshima-japan,Oshima  Japan,139.36069278510652,34.750672522776554,"TeleGeography Submarine Cable Map, submarinecablemap.com"
bonifacio-france,Bonifacio  France,9.168977271135239,41.39044730433591,"TeleGeography Submarine Cable Map, submarinecablemap.com"
la-maddalena-italy,La Maddalena  Italy,9.410541579024889,41.21939730561934,"TeleGeography Submarine Cable Map, submarinecablemap.com"
giglio-italy,Giglio  Italy,10.91505260455934,42.35845318350371,"TeleGeography Submarine Cable Map, submarinecablemap.com"
sassari-italy,Sassari  Italy,8.554313999999641,40.72681099999979,"TeleGeography Submarine Cable Map, submarinecablemap.com"
propriano-france,Propriano  France,8.90575,41.67415,"TeleGeography Submarine Cable Map, submarinecablemap.com"
ruppione-france,Ruppione  France,8.785010999999724,41.832657,"TeleGeography Submarine Cable Map, submarinecablemap.com"
licata-italy,Licata  Italy,13.93822656670043,37.10250254786433,"TeleGeography Submarine Cable Map, submarinecablemap.com"
le-lavandou-france,Le Lavandou  France,6.366662207882666,43.13795969557663,"TeleGeography Submarine Cable Map, submarinecablemap.com"
hliopolis-france,Héliopolis  France,6.440445975376559,43.01927278405207,"TeleGeography Submarine Cable Map, submarinecablemap.com"
port-cros-france,Port-Cros  France,6.387610296452823,43.00707805731055,"TeleGeography Submarine Cable Map, submarinecablemap.com"
porquerolles-france,Porquerolles  France,6.203652842011131,42.99989374688527,"TeleGeography Submarine Cable Map, submarinecablemap.com"
la-tour-fondue-france,La Tour Fondue  France,6.154438781305733,43.030084136463124,"TeleGeography Submarine Cable Map, submarinecablemap.com"
sassnitz-germany,Sassnitz  Germany,13.64868999999983,54.51955,"TeleGeography Submarine Cable Map, submarinecablemap.com"
tejn-denmark,Tejn  Denmark,14.836285999999832,55.24821199999987,"TeleGeography Submarine Cable Map, submarinecablemap.com"
nsby-sweden,Näsby  Sweden,16.468076609305953,56.24572402102604,"TeleGeography Submarine Cable Map, submarinecablemap.com"
byxelkrok-sweden,Byxelkrok  Sweden,17.008488084544304,57.32475822033841,"TeleGeography Submarine Cable Map, submarinecablemap.com"
hasle-denmark,Hasle  Denmark,14.708200401335704,55.18257019610301,"TeleGeography Submarine Cable Map, submarinecablemap.com"
uto-sweden,Uto  Sweden,18.250314000000238,58.936123,"TeleGeography Submarine Cable Map, submarinecablemap.com"
visby-sweden,Visby  Sweden,18.30003,57.63842,"TeleGeography Submarine Cable Map, submarinecablemap.com"
so-gabriel-da-cachoeira-brazil,São Gabriel da Cachoeira  Brazil,-67.08799537999974,-0.119416257999669,"TeleGeography Submarine Cable Map, submarinecablemap.com"
juelsminde-denmark,Juelsminde  Denmark,9.997208081999977,55.70859648999988,"TeleGeography Submarine Cable Map, submarinecablemap.com"
bogense-denmark,Bogense  Denmark,10.091399180000112,55.56778259,"TeleGeography Submarine Cable Map, submarinecablemap.com"
oskarshamn-sweden,Oskarshamn  Sweden,16.442537999999736,57.26520999999988,"TeleGeography Submarine Cable Map, submarinecablemap.com"
vstervik-sweden,Västervik  Sweden,16.636972099999713,57.75601359999992,"TeleGeography Submarine Cable Map, submarinecablemap.com"
changi-singapore,Changi  Singapore,104.00411406347581,1.373499297382436,"TeleGeography Submarine Cable Map, submarinecablemap.com"
benton-harbor-mi-united-states,Benton Harbor  MI  United States,-86.45448807999998,42.11623568999983,"TeleGeography Submarine Cable Map, submarinecablemap.com"
st-joseph-mi-united-states,St. Joseph  MI  United States,-86.49025854999994,42.09494645000002,"TeleGeography Submarine Cable Map, submarinecablemap.com"
chicago-il-united-states,Chicago  IL  United States,-87.632409,41.88415000000034,"TeleGeography Submarine Cable Map, submarinecablemap.com"
charlevoix-mi-united-states,Charlevoix  MI  United States,-85.2584,45.31806299999966,"TeleGeography Submarine Cable Map, submarinecablemap.com"
beaver-island-mi-united-states,Beaver Island  MI  United States,-85.53534242999994,45.740931669999895,"TeleGeography Submarine Cable Map, submarinecablemap.com"
gulliver-mi-united-states,Gulliver  MI  United States,-86.01215480000009,45.99314791,"TeleGeography Submarine Cable Map, submarinecablemap.com"
luna-philippines,Luna  Philippines,120.35484390000022,16.830712289999493,"TeleGeography Submarine Cable Map, submarinecablemap.com"
bauang-philippines,Bauang  Philippines,120.35558309999966,16.51402480000008,"TeleGeography Submarine Cable Map, submarinecablemap.com"
amatur-brazil,Amaturá  Brazil,-68.19721486000019,-3.362085687000277,"TeleGeography Submarine Cable Map, submarinecablemap.com"
belm-brazil,Belém  Brazil,-48.510443,-1.458588999999789,"TeleGeography Submarine Cable Map, submarinecablemap.com"
so-sebastio-da-boa-vista-brazil,São Sebastião da Boa Vista  Brazil,-49.52887972,-1.717382211000187,"TeleGeography Submarine Cable Map, submarinecablemap.com"
curralinho-brazil,Curralinho  Brazil,-49.7980208799999,-1.812160472999909,"TeleGeography Submarine Cable Map, submarinecablemap.com"
breves-brazil,Breves  Brazil,-50.481981010000105,-1.683596191000075,"TeleGeography Submarine Cable Map, submarinecablemap.com"
bagre-brazil,Bagre  Brazil,-50.20909264999976,-1.898843353,"TeleGeography Submarine Cable Map, submarinecablemap.com"
boa-vista-brazil,Boa Vista  Brazil,-60.675832999999756,2.8235100000003,"TeleGeography Submarine Cable Map, submarinecablemap.com"
santa-maria-do-boiau-brazil,Santa Maria do Boiaçu  Brazil,-61.78764966000029,-0.508038674000514,"TeleGeography Submarine Cable Map, submarinecablemap.com"
caracara-brazil,Caracaraí  Brazil,-61.13126438999985,1.823914555000229,"TeleGeography Submarine Cable Map, submarinecablemap.com"
moura-brazil,Moura  Brazil,-61.63505656999974,-1.458572190999756,"TeleGeography Submarine Cable Map, submarinecablemap.com"
belm-do-solimes-brazil,Belém do Solimões  Brazil,-69.52181003999964,-4.037852188000214,"TeleGeography Submarine Cable Map, submarinecablemap.com"
ponta-de-pedras-brazil,Ponta de Pedras  Brazil,-48.869821749999836,-1.392058164000314,"TeleGeography Submarine Cable Map, submarinecablemap.com"
afu-brazil,Afuá  Brazil,-50.388308309999694,-0.157127594999777,"TeleGeography Submarine Cable Map, submarinecablemap.com"
novo-airo-brazil,Novo Airão  Brazil,-60.94388627000021,-2.623928290000122,"TeleGeography Submarine Cable Map, submarinecablemap.com"
manacapuru-brazil,Manacapuru  Brazil,-60.63541789000012,-3.289115312000247,"TeleGeography Submarine Cable Map, submarinecablemap.com"
iranduba-brazil,Iranduba  Brazil,-60.18773608000013,-3.279128219999502,"TeleGeography Submarine Cable Map, submarinecablemap.com"
coari-brazil,Coari  Brazil,-63.14769152,-4.091941809999533,"TeleGeography Submarine Cable Map, submarinecablemap.com"
barcelos-brazil,Barcelos  Brazil,-62.925769709999486,-0.974081207000161,"TeleGeography Submarine Cable Map, submarinecablemap.com"
santa-isabel-do-rio-negro-brazil,Santa Isabel do Rio Negro  Brazil,-65.01571916999967,-0.414957876000345,"TeleGeography Submarine Cable Map, submarinecablemap.com"
kuala-sedili-malaysia,Kuala Sedili  Malaysia,104.11414260000058,1.925879632999907,"TeleGeography Submarine Cable Map, submarinecablemap.com"
machico-portugal,Machico  Portugal,-16.763180749999524,32.71937525000007,"TeleGeography Submarine Cable Map, submarinecablemap.com"
so-miguel-portugal,São Miguel  Portugal,-25.676795740000134,37.74037606999961,"TeleGeography Submarine Cable Map, submarinecablemap.com"
mellieha-malta,Mellieha  Malta,14.350100000000367,35.95239999999964,"TeleGeography Submarine Cable Map, submarinecablemap.com"
kalba-united-arab-emirates,Kalba  United Arab Emirates,56.33997900000023,25.051524,"TeleGeography Submarine Cable Map, submarinecablemap.com"
duba-saudi-arabia,Duba  Saudi Arabia,35.69652899999984,27.354018999999465,"TeleGeography Submarine Cable Map, submarinecablemap.com"
ras-ghareb-egypt,Ras Ghareb  Egypt,33.082788999999806,28.36590799999975,"TeleGeography Submarine Cable Map, submarinecablemap.com"
lingshui-china,Lingshui  China,110.04937200000029,18.389897000000236,"TeleGeography Submarine Cable Map, submarinecablemap.com"
nongsa-indonesia,Nongsa  Indonesia,104.10295359999989,1.196515539000407,"TeleGeography Submarine Cable Map, submarinecablemap.com"
myrtle-beach-sc-united-states,Myrtle Beach  SC  United States,-78.8826750000001,33.69357,"TeleGeography Submarine Cable Map, submarinecablemap.com"
annies-bay-bermuda,Annie's Bay  Bermuda,-64.65918272000046,32.36157644999963,"TeleGeography Submarine Cable Map, submarinecablemap.com"
dillingham-ak-united-states,Dillingham  AK  United States,-158.5087958,59.04498753999991,"TeleGeography Submarine Cable Map, submarinecablemap.com"
platinum-ak-united-states,Platinum  AK  United States,-161.71068879999993,58.985888869999926,"TeleGeography Submarine Cable Map, submarinecablemap.com"
eek-ak-united-states,Eek  AK  United States,-162.03247680000007,60.21970496999992,"TeleGeography Submarine Cable Map, submarinecablemap.com"
quinhagak-ak-united-states,Quinhagak  AK  United States,-161.9124421999999,59.751830769999934,"TeleGeography Submarine Cable Map, submarinecablemap.com"
togiak-ak-united-states,Togiak  AK  United States,-160.40215859999998,59.07217535000008,"TeleGeography Submarine Cable Map, submarinecablemap.com"
mangawhai-new-zealand,Mangawhai  New Zealand,174.57447399999964,-36.12619000000045,"TeleGeography Submarine Cable Map, submarinecablemap.com"
kapolei-hi-united-states,Kapolei  HI  United States,-158.056896,21.335390999999692,"TeleGeography Submarine Cable Map, submarinecablemap.com"
takahagi-japan,Takahagi  Japan,140.7182700000002,36.71307999999942,"TeleGeography Submarine Cable Map, submarinecablemap.com"
terceira-portugal,Terceira  Portugal,-27.25032671,38.66570477999988,"TeleGeography Submarine Cable Map, submarinecablemap.com"
ocean-shores-wa-united-states,Ocean Shores  WA  United States,-124.15878359999995,47.00867866177272,"TeleGeography Submarine Cable Map, submarinecablemap.com"
luganville-vanuatu,Luganville  Vanuatu,167.20027400000015,-15.5064330000002,"TeleGeography Submarine Cable Map, submarinecablemap.com"
norsup-vanuatu,Norsup  Vanuatu,167.4035,-16.082332000000466,"TeleGeography Submarine Cable Map, submarinecablemap.com"
tanna-vanuatu,Tanna  Vanuatu,169.26791799999978,-19.534210999999807,"TeleGeography Submarine Cable Map, submarinecablemap.com"
frigate-bay-saint-kitts-and-nevis,Frigate Bay  Saint Kitts and Nevis,-62.68344543000027,17.29043440784797,"TeleGeography Submarine Cable Map, submarinecablemap.com"
mandurah-wa-australia,Mandurah  WA  Australia,115.74022000000038,-32.53623199999988,"TeleGeography Submarine Cable Map, submarinecablemap.com"
panama-city-panama,Panama City  Panama,-79.53670900000017,8.964826000000414,"TeleGeography Submarine Cable Map, submarinecablemap.com"
alice-town-bahamas,Alice Town  Bahamas,-79.29337855999978,25.727000831751454,"TeleGeography Submarine Cable Map, submarinecablemap.com"
itoshima-japan,Itoshima  Japan,130.1505039999998,33.59754900000024,"TeleGeography Submarine Cable Map, submarinecablemap.com"
fauske-norway,Fauske  Norway,15.392073040652047,67.25991977910047,"TeleGeography Submarine Cable Map, submarinecablemap.com"
pantai-mutiara-indonesia,Pantai Mutiara  Indonesia,106.791457,-6.107725600000419,"TeleGeography Submarine Cable Map, submarinecablemap.com"
semarang-indonesia,Semarang  Indonesia,110.42549900000049,-6.971419999999669,"TeleGeography Submarine Cable Map, submarinecablemap.com"
jeneponto-indonesia,Jeneponto  Indonesia,119.6417350000004,-5.672058199999808,"TeleGeography Submarine Cable Map, submarinecablemap.com"
tanguisson-point-guam,Tanguisson Point  Guam,144.81242151949988,13.543635828763595,"TeleGeography Submarine Cable Map, submarinecablemap.com"
sagunto-spain,Sagunto  Spain,-0.210385999999687,39.662556,"TeleGeography Submarine Cable Map, submarinecablemap.com"
heraklion-greece,Heraklion  Greece,25.1278602660048,35.33839682411487,"TeleGeography Submarine Cable Map, submarinecablemap.com"
gurnard-united-kingdom,Gurnard  United Kingdom,-1.32144677199977,50.7602504958822,"TeleGeography Submarine Cable Map, submarinecablemap.com"
stoke-fleming-united-kingdom,Stoke Fleming  United Kingdom,-3.598459602999541,50.32426129232395,"TeleGeography Submarine Cable Map, submarinecablemap.com"
sile-turkey,Sile  Turkey,29.632133841504242,41.18215605694779,"TeleGeography Submarine Cable Map, submarinecablemap.com"
odessa-ukraine,Odessa  Ukraine,30.677494999999645,46.48929000000015,"TeleGeography Submarine Cable Map, submarinecablemap.com"
aheloy-bulgaria,Aheloy  Bulgaria,27.648440999999888,42.649060000000276,"TeleGeography Submarine Cable Map, submarinecablemap.com"
sedili-malaysia,Sedili  Malaysia,104.11205922007841,1.927943348741421,"TeleGeography Submarine Cable Map, submarinecablemap.com"
mumong-brunei,Mumong  Brunei,114.23759482610686,4.592208713011344,"TeleGeography Submarine Cable Map, submarinecablemap.com"
wujie-taiwan,Wujie  Taiwan,121.83117558189409,24.66043890836769,"TeleGeography Submarine Cable Map, submarinecablemap.com"
gunsan-south-korea,Gunsan  South Korea,126.73662929999966,35.96767720000027,"TeleGeography Submarine Cable Map, submarinecablemap.com"
san-jos-del-cabo-mexico,San José del Cabo  Mexico,-109.709061,23.077049,"TeleGeography Submarine Cable Map, submarinecablemap.com"
baler-philippines,Baler  Philippines,121.56019,15.76153,"TeleGeography Submarine Cable Map, submarinecablemap.com"
little-saint-james-virgin-islands-u-s-,Little Saint James  Virgin Islands (U.S.),-64.82562908000025,18.300118429999443,"TeleGeography Submarine Cable Map, submarinecablemap.com"
sri-vijaya-puram-india,Sri Vijaya Puram  India,92.72648300000046,11.623377000000142,"TeleGeography Submarine Cable Map, submarinecablemap.com"
santander-spain,Santander  Spain,-3.810009,43.4615,"TeleGeography Submarine Cable Map, submarinecablemap.com"
palm-coast-fl-united-states,Palm Coast  FL  United States,-81.22094335999995,29.57693467909633,"TeleGeography Submarine Cable Map, submarinecablemap.com"
esbjerg-denmark,Esbjerg  Denmark,8.456905000000187,55.46522,"TeleGeography Submarine Cable Map, submarinecablemap.com"
scarborough-united-kingdom,Scarborough  United Kingdom,-0.411160999999824,54.277662,"TeleGeography Submarine Cable Map, submarinecablemap.com"
zelenogradsk-russia,Zelenogradsk  Russia,20.598408891147674,54.97535301478736,"TeleGeography Submarine Cable Map, submarinecablemap.com"
seman-albania,Seman  Albania,19.376194000000407,40.78671299999985,"TeleGeography Submarine Cable Map, submarinecablemap.com"
lecce-italy,Lecce  Italy,18.175016100000146,40.3515155000001,"TeleGeography Submarine Cable Map, submarinecablemap.com"
ocean-city-md-united-states,Ocean City  MD  United States,-75.08930636999989,38.33473815706708,"TeleGeography Submarine Cable Map, submarinecablemap.com"
ny-lesund-norway,Ny-Ålesund  Norway,11.921007920000019,78.92419333144106,"TeleGeography Submarine Cable Map, submarinecablemap.com"
ryde-united-kingdom,Ryde  United Kingdom,-1.163284145999637,50.7293040384293,"TeleGeography Submarine Cable Map, submarinecablemap.com"
portsmouth-united-kingdom,Portsmouth  United Kingdom,-1.087284,50.80401000000017,"TeleGeography Submarine Cable Map, submarinecablemap.com"
lepe-united-kingdom,Lepe  United Kingdom,-1.367483365000111,50.78676515744321,"TeleGeography Submarine Cable Map, submarinecablemap.com"
morib-malaysia,Morib  Malaysia,101.4436,2.751199999999707,"TeleGeography Submarine Cable Map, submarinecablemap.com"
gran-canaria-canary-islands-spain,Gran Canaria  Canary Islands  Spain,-15.596565000000123,27.957734999999765,"TeleGeography Submarine Cable Map, submarinecablemap.com"
so-luis-brazil,São Luis  Brazil,-44.30684899999956,-2.530574000000219,"TeleGeography Submarine Cable Map, submarinecablemap.com"
paramaribo-suriname,Paramaribo  Suriname,-55.17385100000029,5.82403,"TeleGeography Submarine Cable Map, submarinecablemap.com"
pengerang-malaysia,Pengerang  Malaysia,104.15318369637029,1.348159030016498,"TeleGeography Submarine Cable Map, submarinecablemap.com"
owenahincha-ireland,Owenahincha  Ireland,-9.002397248000438,51.56737616999966,"TeleGeography Submarine Cable Map, submarinecablemap.com"
saint-jean-bay-saint-barthlemy,Saint Jean Bay  Saint Barthélemy,-62.83758082000025,17.90568080684168,"TeleGeography Submarine Cable Map, submarinecablemap.com"
kilauea-hi-united-states,Kilauea  HI  United States,-159.40532650000003,22.215110945271654,"TeleGeography Submarine Cable Map, submarinecablemap.com"
waialua-hi-united-states,Waialua  HI  United States,-158.12307759999996,21.57344999224716,"TeleGeography Submarine Cable Map, submarinecablemap.com"
kailua-hi-united-states,Kailua  HI  United States,-157.740068,21.396572000000212,"TeleGeography Submarine Cable Map, submarinecablemap.com"
wailuku-hi-united-states,Wailuku  HI  United States,-156.503135,20.884760102747034,"TeleGeography Submarine Cable Map, submarinecablemap.com"
hana-hi-united-states,Hana  HI  United States,-155.98674859999997,20.756981028730195,"TeleGeography Submarine Cable Map, submarinecablemap.com"
kohala-hi-united-states,Kohala  HI  United States,-155.8327436,20.240940704337515,"TeleGeography Submarine Cable Map, submarinecablemap.com"
spencer-beach-hi-united-states,Spencer Beach  HI  United States,-155.8220871073432,20.02310522788954,"TeleGeography Submarine Cable Map, submarinecablemap.com"
tatilek-ak-united-states,Tatilek  AK  United States,-146.5804962255995,60.865128606480916,"TeleGeography Submarine Cable Map, submarinecablemap.com"
costa-calma-spain,Costa Calma  Spain,-14.209126670000469,28.158748598334544,"TeleGeography Submarine Cable Map, submarinecablemap.com"
tamaduste-canary-islands-spain,Tamaduste  Canary Islands  Spain,-17.890076230000258,27.825241919161748,"TeleGeography Submarine Cable Map, submarinecablemap.com"
sharm-el-sheikh-egypt,Sharm el-Sheikh  Egypt,34.329721999999784,27.912221999999666,"TeleGeography Submarine Cable Map, submarinecablemap.com"
camuri-venezuela,Camuri  Venezuela,-66.87819200000038,10.60645000000013,"TeleGeography Submarine Cable Map, submarinecablemap.com"
tarfaya-morocco,Tarfaya  Morocco,-12.92587192206816,27.939259754954893,"TeleGeography Submarine Cable Map, submarinecablemap.com"
maringgai-indonesia,Maringgai  Indonesia,105.81847986161597,-5.366704978908298,"TeleGeography Submarine Cable Map, submarinecablemap.com"
serang-indonesia,Serang  Indonesia,106.15029900000015,-6.120089999999891,"TeleGeography Submarine Cable Map, submarinecablemap.com"
toboali-indonesia,Toboali  Indonesia,106.47074326203963,-3.026106243039299,"TeleGeography Submarine Cable Map, submarinecablemap.com"
hioki-japan,Hioki  Japan,130.4029215289619,31.634603505118825,"TeleGeography Submarine Cable Map, submarinecablemap.com"
machilipatnam-india,Machilipatnam  India,81.13951857354486,16.175049115204825,"TeleGeography Submarine Cable Map, submarinecablemap.com"
majuro-marshall-islands,Majuro  Marshall Islands,171.38026999999985,7.08971,"TeleGeography Submarine Cable Map, submarinecablemap.com"
borba-brazil,Borba  Brazil,-59.59452675344915,-4.392520854353163,"TeleGeography Submarine Cable Map, submarinecablemap.com"
novo-aripuan-brazil,Novo Aripuanã  Brazil,-60.376099902415476,-5.120327441572783,"TeleGeography Submarine Cable Map, submarinecablemap.com"
manicor-brazil,Manicoré  Brazil,-61.294561306781766,-5.812875170999313,"TeleGeography Submarine Cable Map, submarinecablemap.com"
auxiliadora-brazil,Auxiliadora  Brazil,-61.83829256374144,-6.249583144669121,"TeleGeography Submarine Cable Map, submarinecablemap.com"
humait-brazil,Humaitá  Brazil,-63.02843195756456,-7.512483097681169,"TeleGeography Submarine Cable Map, submarinecablemap.com"
calama-brazil,Calama  Brazil,-62.87561474613567,-8.028764882726103,"TeleGeography Submarine Cable Map, submarinecablemap.com"
porto-velho-brazil,Porto Velho  Brazil,-63.90199200000045,-8.761671000000462,"TeleGeography Submarine Cable Map, submarinecablemap.com"
lerkil-sweden,Lerkil  Sweden,11.8993793999998,57.45542159999994,"TeleGeography Submarine Cable Map, submarinecablemap.com"
paget-bermuda,Paget  Bermuda,-64.78869199999986,32.28085199999989,"TeleGeography Submarine Cable Map, submarinecablemap.com"
singaraja-indonesia,Singaraja  Indonesia,115.07594712344931,-8.115525289526817,"TeleGeography Submarine Cable Map, submarinecablemap.com"
bali-indonesia,Bali  Indonesia,115.69240000000046,-8.410099999999819,"TeleGeography Submarine Cable Map, submarinecablemap.com"
tomakomai-japan,Tomakomai  Japan,141.60319903282527,42.63611084823067,"TeleGeography Submarine Cable Map, submarinecablemap.com"
tafuna-american-samoa,Tafuna  American Samoa,-170.72687970000007,-14.33155532999987,"TeleGeography Submarine Cable Map, submarinecablemap.com"
faratea-french-polynesia,Faratea  French Polynesia,-149.30591250000003,-17.71856760999951,"TeleGeography Submarine Cable Map, submarinecablemap.com"
mitirapa-french-polynesia,Mitirapa  French Polynesia,-149.325189,-17.734063000000265,"TeleGeography Submarine Cable Map, submarinecablemap.com"
milos-greece,Milos  Greece,24.334805536353347,36.68060148389847,"TeleGeography Submarine Cable Map, submarinecablemap.com"
haifa-israel,Haifa  Israel,34.998743,32.811596,"TeleGeography Submarine Cable Map, submarinecablemap.com"
emmonak-ak-united-states,Emmonak  AK  United States,-164.59792190000002,62.77621559999992,"TeleGeography Submarine Cable Map, submarinecablemap.com"
hooper-bay-ak-united-states,Hooper Bay  AK  United States,-166.1988769,61.51885919999996,"TeleGeography Submarine Cable Map, submarinecablemap.com"
newgale-united-kingdom,Newgale  United Kingdom,-5.124409999267958,51.859620129895525,"TeleGeography Submarine Cable Map, submarinecablemap.com"
rio-branco-brazil,Rio Branco  Brazil,-67.824898,-9.975377,"TeleGeography Submarine Cable Map, submarinecablemap.com"
cruzeiro-do-sul-brazil,Cruzeiro do Sul  Brazil,-72.67642607425898,-7.625022373429889,"TeleGeography Submarine Cable Map, submarinecablemap.com"
nova-olinda-do-norte-brazil,Nova Olinda do Norte  Brazil,-59.09214036361938,-3.891201025333833,"TeleGeography Submarine Cable Map, submarinecablemap.com"
naousa-greece,Naousa  Greece,25.238146034548574,37.1222334145154,"TeleGeography Submarine Cable Map, submarinecablemap.com"
naxos-greece,Naxos  Greece,25.375974548484432,37.101840262262826,"TeleGeography Submarine Cable Map, submarinecablemap.com"
mykonos-greece,Mykonos  Greece,25.32858123375337,37.44688214068393,"TeleGeography Submarine Cable Map, submarinecablemap.com"
cape-roger-curtis-bc-canada,Cape Roger Curtis  BC  Canada,-123.42890269999995,49.34328349000002,"TeleGeography Submarine Cable Map, submarinecablemap.com"
snug-cove-bc-canada,Snug Cove  BC  Canada,-123.33801289999992,49.38007937000012,"TeleGeography Submarine Cable Map, submarinecablemap.com"
horseshoe-bay-bc-canada,Horseshoe Bay  BC  Canada,-123.27652539999987,49.37481604000023,"TeleGeography Submarine Cable Map, submarinecablemap.com"
french-creek-bc-canada,French Creek  BC  Canada,-124.35616409999997,49.34214441999988,"TeleGeography Submarine Cable Map, submarinecablemap.com"
tchoima-congo-dem-rep-,Tchoima  Congo  Dem. Rep.,30.48106013999982,1.439963724999737,"TeleGeography Submarine Cable Map, submarinecablemap.com"
nkusi-uganda,Nkusi  Uganda,30.66358884999985,1.115023672000301,"TeleGeography Submarine Cable Map, submarinecablemap.com"
mpeefu-uganda,Mpeefu  Uganda,30.648445049999875,1.101604128999433,"TeleGeography Submarine Cable Map, submarinecablemap.com"
kasenyi-congo-dem-rep-,Kasenyi  Congo  Dem. Rep.,30.438399210000323,1.39338882199983,"TeleGeography Submarine Cable Map, submarinecablemap.com"
uvira-congo-dem-rep-,Uvira  Congo  Dem. Rep.,29.149937199999965,-3.377679800000496,"TeleGeography Submarine Cable Map, submarinecablemap.com"
kalemie-congo-dem-rep-,Kalemie  Congo  Dem. Rep.,29.203626000000206,-5.913414799999944,"TeleGeography Submarine Cable Map, submarinecablemap.com"
vancouver-bc-canada,Vancouver  BC  Canada,-123.114034,49.260440000000195,"TeleGeography Submarine Cable Map, submarinecablemap.com"
lax-kwalaams-bc-canada,Lax Kw'alaams  BC  Canada,-130.4340530313084,54.55439491921293,"TeleGeography Submarine Cable Map, submarinecablemap.com"
metlakatla-bc-canada,Metlakatla  BC  Canada,-130.44441632420526,54.33705541814711,"TeleGeography Submarine Cable Map, submarinecablemap.com"
prince-rupert-bc-canada,Prince Rupert  BC  Canada,-130.3263239999999,54.313075,"TeleGeography Submarine Cable Map, submarinecablemap.com"
dodge-cove-bc-canada,Dodge Cove  BC  Canada,-130.38751116964698,54.287784565961346,"TeleGeography Submarine Cable Map, submarinecablemap.com"
oona-river-bc-canada,Oona River  BC  Canada,-130.25851066313285,53.94951651353444,"TeleGeography Submarine Cable Map, submarinecablemap.com"
kitkatla-bc-canada,Kitkatla  BC  Canada,-130.43326723585187,53.794671349185506,"TeleGeography Submarine Cable Map, submarinecablemap.com"
bonilla-island-bc-canada,Bonilla Island  BC  Canada,-130.6144950742074,53.49227407843297,"TeleGeography Submarine Cable Map, submarinecablemap.com"
puerto-del-rosario-canary-islands-spain,Puerto del Rosario  Canary Islands  Spain,-13.862209999999449,28.496500000000346,"TeleGeography Submarine Cable Map, submarinecablemap.com"
arrecife-canary-islands-spain,Arrecife  Canary Islands  Spain,-13.547600000000134,28.959510000000208,"TeleGeography Submarine Cable Map, submarinecablemap.com"
corralejo-canary-islands-spain,Corralejo  Canary Islands  Spain,-13.86482676999976,28.728626550000264,"TeleGeography Submarine Cable Map, submarinecablemap.com"
playa-blanca-canary-islands-spain,Playa Blanca  Canary Islands  Spain,-13.827319999999823,28.86341999999969,"TeleGeography Submarine Cable Map, submarinecablemap.com"
las-palmas-spain,Las Palmas  Spain,-15.439709999999666,28.13022,"TeleGeography Submarine Cable Map, submarinecablemap.com"
telde-spain,Telde  Spain,-15.417372599999679,27.995531299999534,"TeleGeography Submarine Cable Map, submarinecablemap.com"
phetchaburi-thailand,Phetchaburi  Thailand,99.95079000000044,13.09397,"TeleGeography Submarine Cable Map, submarinecablemap.com"
chumphon-thailand,Chumphon  Thailand,99.17812300000011,10.497659999999804,"TeleGeography Submarine Cable Map, submarinecablemap.com"
koh-samui-thailand,Koh Samui  Thailand,100.0408898084748,9.526934715081014,"TeleGeography Submarine Cable Map, submarinecablemap.com"
maroubra-nsw-australia,Maroubra  NSW  Australia,151.24281300000027,-33.946121000000275,"TeleGeography Submarine Cable Map, submarinecablemap.com"
morris-bay-antigua-and-barbuda,Morris Bay  Antigua and Barbuda,-61.84691746019447,17.01759004073784,"TeleGeography Submarine Cable Map, submarinecablemap.com"
manchester-ca-united-states,Manchester  CA  United States,-123.687,38.96962000000024,"TeleGeography Submarine Cable Map, submarinecablemap.com"
lavrio-greece,Lavrio  Greece,24.053807052931386,37.711082576559505,"TeleGeography Submarine Cable Map, submarinecablemap.com"
ermoupoli-greece,Ermoupoli  Greece,24.939288762213785,37.43946272240985,"TeleGeography Submarine Cable Map, submarinecablemap.com"
marlas-greece,Marlas  Greece,25.019204911285403,37.65232235984693,"TeleGeography Submarine Cable Map, submarinecablemap.com"
tlell-bc-canada,Tlell  BC  Canada,-131.9297996600297,53.56252710216991,"TeleGeography Submarine Cable Map, submarinecablemap.com"
stories-beach-bc-canada,Stories Beach  BC  Canada,-125.1861969427291,49.91955265840255,"TeleGeography Submarine Cable Map, submarinecablemap.com"
campbell-river-bc-canada,Campbell River  BC  Canada,-125.24817,50.02461,"TeleGeography Submarine Cable Map, submarinecablemap.com"
ridley-island-bc-canada,Ridley Island  BC  Canada,-130.32127422826034,54.22339215106253,"TeleGeography Submarine Cable Map, submarinecablemap.com"
mansons-landing-bc-canada,Mansons Landing  BC  Canada,-124.98642332019199,50.06310304527359,"TeleGeography Submarine Cable Map, submarinecablemap.com"
whaletown-bc-canada,Whaletown  BC  Canada,-125.04927488516667,50.11121430288389,"TeleGeography Submarine Cable Map, submarinecablemap.com"
heriot-bay-bc-canada,Heriot Bay  BC  Canada,-125.21592300972176,50.10125851949136,"TeleGeography Submarine Cable Map, submarinecablemap.com"
open-bay-bc-canada,Open Bay  BC  Canada,-125.19595568350933,50.137057106101715,"TeleGeography Submarine Cable Map, submarinecablemap.com"
bold-point-bc-canada,Bold Point  BC  Canada,-125.1607065082164,50.172390288106364,"TeleGeography Submarine Cable Map, submarinecablemap.com"
surge-narrows-bc-canada,Surge Narrows  BC  Canada,-125.10181487720119,50.2314795270948,"TeleGeography Submarine Cable Map, submarinecablemap.com"
bliss-landing-bc-canada,Bliss Landing  BC  Canada,-124.81640872292657,50.0357787156605,"TeleGeography Submarine Cable Map, submarinecablemap.com"
lund-bc-canada,Lund  BC  Canada,-124.76128055950434,49.981964265539936,"TeleGeography Submarine Cable Map, submarinecablemap.com"
seaford-bc-canada,Seaford  BC  Canada,-124.90102912163324,50.08449796406866,"TeleGeography Submarine Cable Map, submarinecablemap.com"
refuge-cove-bc-canada,Refuge Cove  BC  Canada,-124.83905851560102,50.1237481500032,"TeleGeography Submarine Cable Map, submarinecablemap.com"
squirrel-cove-bc-canada,Squirrel Cove  BC  Canada,-124.91752541843128,50.117380658006994,"TeleGeography Submarine Cable Map, submarinecablemap.com"
port-neville-bc-canada,Port Neville  BC  Canada,-126.08555801841572,50.49276847686975,"TeleGeography Submarine Cable Map, submarinecablemap.com"
sayward-bc-canada,Sayward  BC  Canada,-125.9590121293913,50.38434418820626,"TeleGeography Submarine Cable Map, submarinecablemap.com"
smith-island-bc-canada,Smith Island  BC  Canada,-130.27804103434923,54.142314780564476,"TeleGeography Submarine Cable Map, submarinecablemap.com"
addenbroke-island-bc-canada,Addenbroke Island  BC  Canada,-127.86370028877155,51.60320130299947,"TeleGeography Submarine Cable Map, submarinecablemap.com"
wuikinuxv-bc-canada,Wuikinuxv  BC  Canada,-127.2105123320581,51.680119439312605,"TeleGeography Submarine Cable Map, submarinecablemap.com"
duncanby-bc-canada,Duncanby  BC  Canada,-127.64481414210549,51.40557093447968,"TeleGeography Submarine Cable Map, submarinecablemap.com"
egg-island-bc-canada,Egg Island  BC  Canada,-127.83443834465406,51.24964662436544,"TeleGeography Submarine Cable Map, submarinecablemap.com"
pine-island-bc-canada,Pine Island  BC  Canada,-127.72464476418678,50.97750112024519,"TeleGeography Submarine Cable Map, submarinecablemap.com"
scarlett-point-bc-canada,Scarlett Point  BC  Canada,-127.61277278412608,50.860359994026965,"TeleGeography Submarine Cable Map, submarinecablemap.com"
port-hardy-bc-canada,Port Hardy  BC  Canada,-127.49580498210025,50.720878251368546,"TeleGeography Submarine Cable Map, submarinecablemap.com"
tom-island-bc-canada,Tom Island  BC  Canada,-129.605671704404,53.54320510255879,"TeleGeography Submarine Cable Map, submarinecablemap.com"
hartley-bay-bc-canada,Hartley Bay  BC  Canada,-129.25478363865886,53.4252931058726,"TeleGeography Submarine Cable Map, submarinecablemap.com"
butedale-bc-canada,Butedale  BC  Canada,-128.70071345684704,53.149832031963186,"TeleGeography Submarine Cable Map, submarinecablemap.com"
klemtu-bc-canada,Klemtu  BC  Canada,-128.52486851719846,52.591778817615186,"TeleGeography Submarine Cable Map, submarinecablemap.com"
boat-bluff-bc-canada,Boat Bluff  BC  Canada,-128.5238304427228,52.643028264222046,"TeleGeography Submarine Cable Map, submarinecablemap.com"
ivory-island-bc-canada,Ivory Island  BC  Canada,-128.4053647037356,52.271593097452715,"TeleGeography Submarine Cable Map, submarinecablemap.com"
mcinnes-island-bc-canada,McInnes Island  BC  Canada,-128.72301880712095,52.26232295213411,"TeleGeography Submarine Cable Map, submarinecablemap.com"
dryad-point-bc-canada,Dryad Point  BC  Canada,-128.11186385086688,52.18517417339168,"TeleGeography Submarine Cable Map, submarinecablemap.com"
bella-bella-bc-canada,Bella Bella  BC  Canada,-128.14469976604073,52.16114984088366,"TeleGeography Submarine Cable Map, submarinecablemap.com"
old-bella-bella-bc-canada,Old Bella Bella  BC  Canada,-128.1223080012769,52.15394371648719,"TeleGeography Submarine Cable Map, submarinecablemap.com"
shearwater-bc-canada,Shearwater  BC  Canada,-128.0906675047527,52.14792026119243,"TeleGeography Submarine Cable Map, submarinecablemap.com"
kaiete-point-bc-canada,Kaiete Point  BC  Canada,-127.9514675707427,52.06367943450714,"TeleGeography Submarine Cable Map, submarinecablemap.com"
cousins-inlet-bc-canada,Cousins Inlet  BC  Canada,-127.79057362556645,52.26794328251682,"TeleGeography Submarine Cable Map, submarinecablemap.com"
ocean-falls-bc-canada,Ocean Falls  BC  Canada,-127.69350873628818,52.353358604562786,"TeleGeography Submarine Cable Map, submarinecablemap.com"
martin-valley-bc-canada,Martin Valley  BC  Canada,-127.72202270694095,52.36014436999047,"TeleGeography Submarine Cable Map, submarinecablemap.com"
bella-coola-bc-canada,Bella Coola  BC  Canada,-126.75276468552713,52.37214793561003,"TeleGeography Submarine Cable Map, submarinecablemap.com"
gabriola-bc-canada,Gabriola  BC  Canada,-123.8440093857028,49.17330175420969,"TeleGeography Submarine Cable Map, submarinecablemap.com"
snaw-naw-as-bc-canada,Snaw-naw-as  BC  Canada,-124.12351458051008,49.25190624440014,"TeleGeography Submarine Cable Map, submarinecablemap.com"
qualicum-beach-bc-canada,Qualicum Beach  BC  Canada,-124.44320399853738,49.3494347121997,"TeleGeography Submarine Cable Map, submarinecablemap.com"
bowser-bc-canada,Bowser  BC  Canada,-124.68672835476215,49.44353602704172,"TeleGeography Submarine Cable Map, submarinecablemap.com"
denman-island-bc-canada,Denman Island  BC  Canada,-124.71356875282478,49.49345509252578,"TeleGeography Submarine Cable Map, submarinecablemap.com"
hornby-island-bc-canada,Hornby Island  BC  Canada,-124.69712586649928,49.5134805257975,"TeleGeography Submarine Cable Map, submarinecablemap.com"
comox-bc-canada,Comox  BC  Canada,-124.928266,49.67351299999971,"TeleGeography Submarine Cable Map, submarinecablemap.com"
williams-beach-bc-canada,Williams Beach  BC  Canada,-125.04910592224829,49.8242225821597,"TeleGeography Submarine Cable Map, submarinecablemap.com"
labuhan-bajo-indonesia,Labuhan Bajo  Indonesia,119.87853979999959,-8.487081339999845,"TeleGeography Submarine Cable Map, submarinecablemap.com"
selayar-indonesia,Selayar  Indonesia,120.46336470000011,-6.109439521000439,"TeleGeography Submarine Cable Map, submarinecablemap.com"
wakatobi-indonesia,Wakatobi  Indonesia,123.53383740000034,-5.321967643999664,"TeleGeography Submarine Cable Map, submarinecablemap.com"
farewell-nl-canada,Farewell  NL  Canada,-54.479165000000414,49.55587482999968,"TeleGeography Submarine Cable Map, submarinecablemap.com"
fogo-island-nl-canada,Fogo Island  NL  Canada,-54.395227,49.58377809999993,"TeleGeography Submarine Cable Map, submarinecablemap.com"
stag-harbour-nl-canada,Stag Harbour  NL  Canada,-54.28367199999955,49.583938690000025,"TeleGeography Submarine Cable Map, submarinecablemap.com"
nouadhibou-mauritania,Nouadhibou  Mauritania,-17.035703999999548,20.947172000000176,"TeleGeography Submarine Cable Map, submarinecablemap.com"
maafushi-maldives,Maafushi  Maldives,73.48945824000015,3.94089559499997,"TeleGeography Submarine Cable Map, submarinecablemap.com"
ithaafushi-maldives,Ithaafushi  Maldives,73.39404966999965,4.014321540999611,"TeleGeography Submarine Cable Map, submarinecablemap.com"
dongyin-taiwan,Dongyin  Taiwan,120.4929700000004,26.367330000000443,"TeleGeography Submarine Cable Map, submarinecablemap.com"
nangan-taiwan,Nangan  Taiwan,119.93435,26.15516,"TeleGeography Submarine Cable Map, submarinecablemap.com"
xiju-taiwan,Xiju  Taiwan,119.93907578761032,25.973144107820715,"TeleGeography Submarine Cable Map, submarinecablemap.com"
ballyhornan-united-kingdom,Ballyhornan  United Kingdom,-5.559439999999554,54.3021,"TeleGeography Submarine Cable Map, submarinecablemap.com"
porto-alegre-brazil,Porto Alegre  Brazil,-51.22802000000015,-30.034259,"TeleGeography Submarine Cable Map, submarinecablemap.com"
miramar-pr-united-states,Miramar  PR  United States,-66.0828780000003,18.45378199999968,"TeleGeography Submarine Cable Map, submarinecablemap.com"
mtwara-tanzania,Mtwara  Tanzania,40.180118999999635,-10.260170000000324,"TeleGeography Submarine Cable Map, submarinecablemap.com"
beira-mozambique,Beira  Mozambique,34.851010000000386,-19.82010899999981,"TeleGeography Submarine Cable Map, submarinecablemap.com"
mahajanga-madagascar,Mahajanga  Madagascar,46.31552100000039,-15.713720000000299,"TeleGeography Submarine Cable Map, submarinecablemap.com"
nacala-mozambique,Nacala  Mozambique,40.685431,-14.565605999999761,"TeleGeography Submarine Cable Map, submarinecablemap.com"
kralendijk-bonaire-sint-eustatius-and-saba,Kralendijk  Bonaire  Sint Eustatius and Saba,-68.26554560000007,12.144349099999685,"TeleGeography Submarine Cable Map, submarinecablemap.com"
morowali-indonesia,Morowali  Indonesia,122.16745400000028,-2.829852359000335,"TeleGeography Submarine Cable Map, submarinecablemap.com"
sthammar-sweden,Östhammar  Sweden,18.365714700630434,60.26022222737571,"TeleGeography Submarine Cable Map, submarinecablemap.com"
al-ghariya-qatar,Al Ghariya  Qatar,51.212749,26.129239999999825,"TeleGeography Submarine Cable Map, submarinecablemap.com"
kingisepp-russia,Kingisepp  Russia,28.669815,59.445881,"TeleGeography Submarine Cable Map, submarinecablemap.com"
ygarden-norway,Øygarden  Norway,4.830229999999557,60.58733799999982,"TeleGeography Submarine Cable Map, submarinecablemap.com"
numbulwar-nt-australia,Numbulwar  NT  Australia,135.7216373801135,-14.277517519622181,"TeleGeography Submarine Cable Map, submarinecablemap.com"
alyangula-nt-australia,Alyangula  NT  Australia,136.4202931616224,-13.851199136976314,"TeleGeography Submarine Cable Map, submarinecablemap.com"
ilyinskoye-russia,Ilyinskoye  Russia,142.2012633023388,47.989427189095984,"TeleGeography Submarine Cable Map, submarinecablemap.com"
aberdeen-united-kingdom,Aberdeen  United Kingdom,-2.106789,57.15381999999989,"TeleGeography Submarine Cable Map, submarinecablemap.com"
the-hague-netherlands,The Hague  Netherlands,4.317414999999649,52.08399199999982,"TeleGeography Submarine Cable Map, submarinecablemap.com"
okhotskoe-russia,Okhotskoe  Russia,143.14553369999982,46.85925,"TeleGeography Submarine Cable Map, submarinecablemap.com"
st-georges-bay-malta,St. George's Bay  Malta,14.485430000000347,35.92587,"TeleGeography Submarine Cable Map, submarinecablemap.com"
dzhubga-russia,Dzhubga  Russia,38.660832300000735,44.32520489999982,"TeleGeography Submarine Cable Map, submarinecablemap.com"
clovelly-nsw-australia,Clovelly  NSW  Australia,151.2577588980582,-33.90954432999976,"TeleGeography Submarine Cable Map, submarinecablemap.com"
olonkinbyen-norway,Olonkinbyen  Norway,-8.73434999999954,70.909133,"TeleGeography Submarine Cable Map, submarinecablemap.com"
padang-indonesia,Padang  Indonesia,100.3616870000004,-0.943890000000324,"TeleGeography Submarine Cable Map, submarinecablemap.com"
tua-pejat-indonesia,Tua Pejat  Indonesia,99.58896436183319,-2.028191372999979,"TeleGeography Submarine Cable Map, submarinecablemap.com"
kihelkonna-estonia,Kihelkonna  Estonia,22.03810158448305,58.36002823118932,"TeleGeography Submarine Cable Map, submarinecablemap.com"
digha-india,Digha  India,87.50654093847432,21.621856500843982,"TeleGeography Submarine Cable Map, submarinecablemap.com"
manilva-spain,Manilva  Spain,-5.250523729785807,36.37610614625084,"TeleGeography Submarine Cable Map, submarinecablemap.com"
st-martins-nb-canada,St. Martins  NB  Canada,-65.55582811045441,45.34801402608026,"TeleGeography Submarine Cable Map, submarinecablemap.com"
joss-bay-united-kingdom,Joss Bay  United Kingdom,1.446395930147426,51.38002318563373,"TeleGeography Submarine Cable Map, submarinecablemap.com"
newhaven-united-kingdom,Newhaven  United Kingdom,0.046277779436353,50.79292282976606,"TeleGeography Submarine Cable Map, submarinecablemap.com"
san-blas-fl-united-states,San Blas  FL  United States,-84.12070411101475,29.953701800771658,"TeleGeography Submarine Cable Map, submarinecablemap.com"
thorlakshofn-iceland,Thorlakshofn  Iceland,-21.378120000000322,63.85625800000013,"TeleGeography Submarine Cable Map, submarinecablemap.com"
pringgabaya-indonesia,Pringgabaya  Indonesia,116.65492000000025,-8.537099,"TeleGeography Submarine Cable Map, submarinecablemap.com"
jdaide-lebanon,Jdaide  Lebanon,35.56304299999949,33.8919,"TeleGeography Submarine Cable Map, submarinecablemap.com"
rock-sound-bahamas,Rock Sound  Bahamas,-76.57444682539156,24.424987000000485,"TeleGeography Submarine Cable Map, submarinecablemap.com"
west-island-cocos-keeling-islands,West Island  Cocos (Keeling) Islands,96.8323150000006,-12.193114000000145,"TeleGeography Submarine Cable Map, submarinecablemap.com"
sitia-greece,Sitia  Greece,26.10717013481371,35.20695416056713,"TeleGeography Submarine Cable Map, submarinecablemap.com"
plimmiri-greece,Plimmiri  Greece,27.851088976705316,35.92785157537484,"TeleGeography Submarine Cable Map, submarinecablemap.com"
kremasti-greece,Kremasti  Greece,28.12005578044264,36.41157986414525,"TeleGeography Submarine Cable Map, submarinecablemap.com"
kardamena-greece,Kardamena  Greece,27.14344509395184,36.782900607708115,"TeleGeography Submarine Cable Map, submarinecablemap.com"
kochilari-greece,Kochilari  Greece,26.995074014609276,36.77157655568938,"TeleGeography Submarine Cable Map, submarinecablemap.com"
perivolos-greece,Perivolos  Greece,25.464805590265694,36.34542571389266,"TeleGeography Submarine Cable Map, submarinecablemap.com"
baxedes-greece,Baxedes  Greece,25.40234207588245,36.47742641187417,"TeleGeography Submarine Cable Map, submarinecablemap.com"
pirgaki-greece,Pirgaki  Greece,25.403637339896882,36.97726017314542,"TeleGeography Submarine Cable Map, submarinecablemap.com"
kalafati-greece,Kalafati  Greece,25.419567987656546,37.43906885207819,"TeleGeography Submarine Cable Map, submarinecablemap.com"
agios-sostis-greece,Agios Sostis  Greece,25.20710136390776,37.53133917516844,"TeleGeography Submarine Cable Map, submarinecablemap.com"
tinos-greece,Tinos  Greece,25.16052574121449,37.538715782011,"TeleGeography Submarine Cable Map, submarinecablemap.com"
kavos-greece,Kavos  Greece,20.112871838702866,39.3853679909665,"TeleGeography Submarine Cable Map, submarinecablemap.com"
kontokali-greece,Kontokali  Greece,19.858511225015423,39.64153896264032,"TeleGeography Submarine Cable Map, submarinecablemap.com"
plataria-greece,Plataria  Greece,20.27741130974863,39.44998887609635,"TeleGeography Submarine Cable Map, submarinecablemap.com"
kaikoura-new-zealand,Kaikoura  New Zealand,173.68299899999988,-42.402699,"TeleGeography Submarine Cable Map, submarinecablemap.com"
wellington-new-zealand,Wellington  New Zealand,174.76712099999978,-41.280515,"TeleGeography Submarine Cable Map, submarinecablemap.com"
christchurch-new-zealand,Christchurch  New Zealand,172.63622540000023,-43.5320544000003,"TeleGeography Submarine Cable Map, submarinecablemap.com"
new-plymouth-new-zealand,New Plymouth  New Zealand,174.08333300000044,-39.06666699999982,"TeleGeography Submarine Cable Map, submarinecablemap.com"
paraparaumu-new-zealand,Paraparaumu  New Zealand,174.99746700000145,-40.91911600000018,"TeleGeography Submarine Cable Map, submarinecablemap.com"
whanganui-new-zealand,Whanganui  New Zealand,175.05000000000058,-39.93333300000045,"TeleGeography Submarine Cable Map, submarinecablemap.com"
waikanae-new-zealand,Waikanae  New Zealand,175.051956,-40.862789,"TeleGeography Submarine Cable Map, submarinecablemap.com"
oteranga-bay-new-zealand,Oteranga Bay  New Zealand,174.61337069999985,-41.30162909999993,"TeleGeography Submarine Cable Map, submarinecablemap.com"
fighting-bay-new-zealand,Fighting Bay  New Zealand,174.23596710000012,-41.33902520000029,"TeleGeography Submarine Cable Map, submarinecablemap.com"
titahi-bay-new-zealand,Titahi Bay  New Zealand,174.83800000000144,-41.1058,"TeleGeography Submarine Cable Map, submarinecablemap.com"
oara-new-zealand,Oara  New Zealand,173.50613300000037,-42.51605999999973,"TeleGeography Submarine Cable Map, submarinecablemap.com"
punta-del-este-uruguay,Punta del Este  Uruguay,-54.94999999999955,-34.96666699999891,"TeleGeography Submarine Cable Map, submarinecablemap.com"
gianyar-indonesia,Gianyar  Indonesia,115.33144100000015,-8.536715000000196,"TeleGeography Submarine Cable Map, submarinecablemap.com"
denpasar-indonesia,Denpasar  Indonesia,115.22151899999977,-8.65666,"TeleGeography Submarine Cable Map, submarinecablemap.com"
filizi-greece,Filizi  Greece,25.289696105851924,37.12525060559689,"TeleGeography Submarine Cable Map, submarinecablemap.com"
bengkalis-indonesia,Bengkalis  Indonesia,102.08010445990314,1.489196199854866,"TeleGeography Submarine Cable Map, submarinecablemap.com"
karimun-indonesia,Karimun  Indonesia,103.40488379485406,0.769809997522144,"TeleGeography Submarine Cable Map, submarinecablemap.com"
ranai-indonesia,Ranai  Indonesia,108.37748769408987,3.940902007893895,"TeleGeography Submarine Cable Map, submarinecablemap.com"
bintan-indonesia,Bintan  Indonesia,104.42580634037192,1.136696382474185,"TeleGeography Submarine Cable Map, submarinecablemap.com"
kitaibaraki-japan,Kitaibaraki  Japan,140.75095108854964,36.80178305286783,"TeleGeography Submarine Cable Map, submarinecablemap.com"
katong-singapore,Katong  Singapore,103.90468812828793,1.309281803574792,"TeleGeography Submarine Cable Map, submarinecablemap.com"
casablanca-morocco,Casablanca  Morocco,-7.631939228454702,33.60538822284505,"TeleGeography Submarine Cable Map, submarinecablemap.com"
sizewell-united-kingdom,Sizewell  United Kingdom,1.620287931266729,52.20712950818346,"TeleGeography Submarine Cable Map, submarinecablemap.com"
rurutu-french-polynesia,Rurutu  French Polynesia,-151.3428793820876,-22.451280119948656,"TeleGeography Submarine Cable Map, submarinecablemap.com"
tubuai-french-polynesia,Tubuai  French Polynesia,-149.48591885045488,-23.34695854916176,"TeleGeography Submarine Cable Map, submarinecablemap.com"
les-les-de-la-madeleine-qc-canada,Les Îles-de-la-Madeleine  QC  Canada,-61.955700101961796,47.38258754393819,"TeleGeography Submarine Cable Map, submarinecablemap.com"
lanse--beaufils-qc-canada,L'Anse-à-Beaufils  QC  Canada,-64.30896411288761,48.471769972174684,"TeleGeography Submarine Cable Map, submarinecablemap.com"
preveza-greece,Preveza  Greece,20.7517150000002,38.95926699999962,"TeleGeography Submarine Cable Map, submarinecablemap.com"
crotone-italy,Crotone  Italy,17.12715000000025,39.080669,"TeleGeography Submarine Cable Map, submarinecablemap.com"
dakhla-morocco,Dakhla  Morocco,-15.934426000000126,23.721081,"TeleGeography Submarine Cable Map, submarinecablemap.com"
lombok-indonesia,Lombok  Indonesia,116.07251999999959,-8.561430000000504,"TeleGeography Submarine Cable Map, submarinecablemap.com"
padang-galak-indonesia,Padang Galak  Indonesia,115.26056999999864,-8.6571,"TeleGeography Submarine Cable Map, submarinecablemap.com"
agat-guam,Agat  Guam,144.65753000000052,13.385309999999615,"TeleGeography Submarine Cable Map, submarinecablemap.com"
eureka-ca-united-states,Eureka  CA  United States,-124.159554,40.803255000000355,"TeleGeography Submarine Cable Map, submarinecablemap.com"
tebingtinggi-island-indonesia,Tebingtinggi Island  Indonesia,102.66701999999972,0.932559999999773,"TeleGeography Submarine Cable Map, submarinecablemap.com"
igneada-turkey,Igneada  Turkey,27.985308316539054,41.88417700854294,"TeleGeography Submarine Cable Map, submarinecablemap.com"
mangalia-romania,Mangalia  Romania,28.582768830792254,43.81720342977988,"TeleGeography Submarine Cable Map, submarinecablemap.com"
varna-bulgaria,Varna  Bulgaria,27.91284743037091,43.2083788593982,"TeleGeography Submarine Cable Map, submarinecablemap.com"
natuna-indonesia,Natuna  Indonesia,108.14286871967111,3.945663654321878,"TeleGeography Submarine Cable Map, submarinecablemap.com"
lingga-indonesia,Lingga  Indonesia,104.63544932935999,-0.162758734486483,"TeleGeography Submarine Cable Map, submarinecablemap.com"
singkawang-indonesia,Singkawang  Indonesia,108.98720405903603,0.90601356437975,"TeleGeography Submarine Cable Map, submarinecablemap.com"
dingwall-ns-canada,Dingwall  NS  Canada,-60.469309999999496,46.896659999999684,"TeleGeography Submarine Cable Map, submarinecablemap.com"
codroy-nl-canada,Codroy  NL  Canada,-59.3919299999996,47.88156899999932,"TeleGeography Submarine Cable Map, submarinecablemap.com"
aylesford-ns-canada,Aylesford  NS  Canada,-64.94827799999959,45.089458,"TeleGeography Submarine Cable Map, submarinecablemap.com"
sydney-mines-ns-canada,Sydney Mines  NS  Canada,-60.224124999999866,46.22928400000065,"TeleGeography Submarine Cable Map, submarinecablemap.com"
cape-ray-nl-canada,Cape Ray  NL  Canada,-59.284726,47.636672999999746,"TeleGeography Submarine Cable Map, submarinecablemap.com"
nzeto-angola,N'zeto  Angola,12.866666670000518,-7.233333333000319,"TeleGeography Submarine Cable Map, submarinecablemap.com"
cacongo-angola,Cacongo  Angola,12.140879999999665,-5.23096999999984,"TeleGeography Submarine Cable Map, submarinecablemap.com"
sept-les-qc-canada,Sept-Îles  QC  Canada,-66.40694665025708,50.230913957960496,"TeleGeography Submarine Cable Map, submarinecablemap.com"
sainte-anne-des-monts-qc-canada,Sainte-Anne-des-Monts  QC  Canada,-66.49011752907197,49.12383836036551,"TeleGeography Submarine Cable Map, submarinecablemap.com"
santa-ponsa-spain,Santa Ponsa  Spain,2.462767999999868,39.499953999999775,"TeleGeography Submarine Cable Map, submarinecablemap.com"
mallorca-spain,Mallorca  Spain,2.911560000000498,39.613535,"TeleGeography Submarine Cable Map, submarinecablemap.com"
ibiza-spain,Ibiza  Spain,1.418890000000836,38.90611499999917,"TeleGeography Submarine Cable Map, submarinecablemap.com"
san-foca-italy,San Foca  Italy,18.405157,40.30200700000034,"TeleGeography Submarine Cable Map, submarinecablemap.com"
boracay-philippines,Boracay  Philippines,121.94481099999972,11.949245,"TeleGeography Submarine Cable Map, submarinecablemap.com"
caticlan-philippines,Caticlan  Philippines,121.95077700000043,11.93092899999979,"TeleGeography Submarine Cable Map, submarinecablemap.com"
ancon-ecuador,Ancon  Ecuador,-80.85594945632162,-2.329805834324001,"TeleGeography Submarine Cable Map, submarinecablemap.com"
minicoy-india,Minicoy  India,73.0512024994037,8.27464880388296,"TeleGeography Submarine Cable Map, submarinecablemap.com"
andrott-india,Andrott  India,73.67409529270167,10.810878179169102,"TeleGeography Submarine Cable Map, submarinecablemap.com"
kavaratti-india,Kavaratti  India,72.64071499772183,10.564728356964638,"TeleGeography Submarine Cable Map, submarinecablemap.com"
agatti-india,Agatti  India,72.19544560983998,10.862867747435985,"TeleGeography Submarine Cable Map, submarinecablemap.com"
bangaram-india,Bangaram  India,72.28722656010738,10.939880964178196,"TeleGeography Submarine Cable Map, submarinecablemap.com"
kadmat-india,Kadmat  India,72.77758430201857,11.22718249121781,"TeleGeography Submarine Cable Map, submarinecablemap.com"
bitra-india,Bitra  India,72.18593318270166,11.59843321448516,"TeleGeography Submarine Cable Map, submarinecablemap.com"
chetlat-india,Chetlat  India,72.71064539702743,11.689816748289662,"TeleGeography Submarine Cable Map, submarinecablemap.com"
kiltan-india,Kiltan  India,73.00644623627844,11.48521804285916,"TeleGeography Submarine Cable Map, submarinecablemap.com"
amini-india,Amini  India,72.72286795461697,11.124258631805647,"TeleGeography Submarine Cable Map, submarinecablemap.com"
almera-spain,Almería  Spain,-2.463795000000609,36.84186500000091,"TeleGeography Submarine Cable Map, submarinecablemap.com"
melilla-spain,Melilla  Spain,-2.938097300000332,35.292277500000246,"TeleGeography Submarine Cable Map, submarinecablemap.com"
roquetas-de-mar-spain,Roquetas de Mar  Spain,-2.612499000000314,36.76384499999967,"TeleGeography Submarine Cable Map, submarinecablemap.com"
rosarito-mexico,Rosarito  Mexico,-117.06377809999996,32.357601899999985,"TeleGeography Submarine Cable Map, submarinecablemap.com"
winema-or-united-states,Winema  OR  United States,-123.97340470108611,45.146590041565254,"TeleGeography Submarine Cable Map, submarinecablemap.com"
port-nl-france,Port Nâl  France,-3.482272326026668,47.65023770959263,"TeleGeography Submarine Cable Map, submarinecablemap.com"
petit-perello-france,Petit Perello  France,-3.445566038986786,47.69743263943637,"TeleGeography Submarine Cable Map, submarinecablemap.com"
cristbal-panama,Cristóbal  Panama,-79.90280507171931,9.350855245143212,"TeleGeography Submarine Cable Map, submarinecablemap.com"
portpatrick-united-kingdom,Portpatrick  United Kingdom,-5.115560000000343,54.8437189999997,"TeleGeography Submarine Cable Map, submarinecablemap.com"
donaghadee-united-kingdom,Donaghadee  United Kingdom,-5.538752000000191,54.642754000000195,"TeleGeography Submarine Cable Map, submarinecablemap.com"
girvan-united-kingdom,Girvan  United Kingdom,-4.854218000000534,55.24016399999987,"TeleGeography Submarine Cable Map, submarinecablemap.com"
larne-united-kingdom,Larne  United Kingdom,-5.809859999999766,54.85750000000026,"TeleGeography Submarine Cable Map, submarinecablemap.com"
cayenne-french-guiana,Cayenne  French Guiana,-52.31345310000006,4.922419999999891,"TeleGeography Submarine Cable Map, submarinecablemap.com"
rockly-bay-trinidad-and-tobago,Rockly Bay  Trinidad and Tobago,-60.73534000000042,11.182456999999468,"TeleGeography Submarine Cable Map, submarinecablemap.com"
naples-fl-united-states,Naples  FL  United States,-81.795793,26.13909399999979,"TeleGeography Submarine Cable Map, submarinecablemap.com"
fano-denmark,Fano  Denmark,8.40694600000052,55.44848000000027,"TeleGeography Submarine Cable Map, submarinecablemap.com"
totalenergies-halfdan-denmark,TotalEnergies Halfdan  Denmark,5.1805,55.32215000000013,"TeleGeography Submarine Cable Map, submarinecablemap.com"
totalenergies-tyra-denmark,TotalEnergies Tyra  Denmark,4.51313000000128,55.41866999999957,"TeleGeography Submarine Cable Map, submarinecablemap.com"
nopigeia-greece,Nopigeia  Greece,23.722500000000338,35.51233333000104,"TeleGeography Submarine Cable Map, submarinecablemap.com"
neapoli-greece,Neapoli  Greece,23.03574722000064,36.523222220000235,"TeleGeography Submarine Cable Map, submarinecablemap.com"
korakia-greece,Korakia  Greece,24.931604989680174,35.40468699999967,"TeleGeography Submarine Cable Map, submarinecablemap.com"
pachi-greece,Pachi  Greece,23.36323941535897,37.973952114992564,"TeleGeography Submarine Cable Map, submarinecablemap.com"
loughshinny-ireland,LoughShinny  Ireland,-6.08547,53.54969,"TeleGeography Submarine Cable Map, submarinecablemap.com"
port-alberni-bc-canada,Port Alberni  BC  Canada,-124.80757399999989,49.23398500000061,"TeleGeography Submarine Cable Map, submarinecablemap.com"
sapporo-japan,Sapporo  Japan,141.3543759999998,43.06209599999981,"TeleGeography Submarine Cable Map, submarinecablemap.com"
sal-rei-cape-verde,Sal Rei  Cape Verde,-22.919037946563574,16.177172019271524,"TeleGeography Submarine Cable Map, submarinecablemap.com"
murdeira-cape-verde,Murdeira  Cape Verde,-22.93530990769235,16.6771096578609,"TeleGeography Submarine Cable Map, submarinecablemap.com"
tarrafal-de-so-nicolau-cape-verde,Tarrafal de São Nicolau  Cape Verde,-24.35715948637768,16.565883323041565,"TeleGeography Submarine Cable Map, submarinecablemap.com"
sao-pedro-cape-verde,Sao Pedro  Cape Verde,-25.060808890249906,16.823421811849204,"TeleGeography Submarine Cable Map, submarinecablemap.com"
tarrafal-de-santiago-cape-verde,Tarrafal de Santiago  Cape Verde,-23.75106860714526,15.276847576817358,"TeleGeography Submarine Cable Map, submarinecablemap.com"
porto-novo-cape-verde,Porto Novo  Cape Verde,-25.059441703718424,17.019200480931225,"TeleGeography Submarine Cable Map, submarinecablemap.com"
nova-sintra-cape-verde,Nova Sintra  Cape Verde,-24.695403875669296,14.872992709660643,"TeleGeography Submarine Cable Map, submarinecablemap.com"
sao-filipe-cape-verde,Sao Filipe  Cape Verde,-24.5009215915674,14.897141971487132,"TeleGeography Submarine Cable Map, submarinecablemap.com"
vila-do-maio-cape-verde,Vila do Maio  Cape Verde,-23.209784810907728,15.138355405768996,"TeleGeography Submarine Cable Map, submarinecablemap.com"
ciudad-lzaro-crdenas-mexico,Ciudad Lázaro Cárdenas  Mexico,-102.19434697958006,17.956770832775955,"TeleGeography Submarine Cable Map, submarinecablemap.com"
manzanillo-mexico,Manzanillo  Mexico,-104.30817604853,19.085820767886215,"TeleGeography Submarine Cable Map, submarinecablemap.com"
ilo-peru,Ilo  Peru,-71.32370719040864,-17.641170392665394,"TeleGeography Submarine Cable Map, submarinecablemap.com"
toahotu-french-polynesia,To'ahotu  French Polynesia,-149.32336417902883,-17.75045844443347,"TeleGeography Submarine Cable Map, submarinecablemap.com"
iskele-cyprus,Iskele  Cyprus,33.9194747474867,35.28438782609304,"TeleGeography Submarine Cable Map, submarinecablemap.com"
zhuhai-china,Zhuhai  China,113.57672717496287,22.270712131393918,"TeleGeography Submarine Cable Map, submarinecablemap.com"
wenchang-china,Wenchang  China,110.76181217688703,20.045319429452615,"TeleGeography Submarine Cable Map, submarinecablemap.com"
salinas-ecuador,Salinas  Ecuador,-81.00906207423138,-2.228488012519777,"TeleGeography Submarine Cable Map, submarinecablemap.com"
bergen-norway,Bergen  Norway,5.332751777721427,60.3907070886836,"TeleGeography Submarine Cable Map, submarinecablemap.com"
nakadomari-japan,Nakadomari  Japan,126.74738407138204,26.34876348107905,"TeleGeography Submarine Cable Map, submarinecablemap.com"
hirara-japan,Hirara  Japan,125.30132346307869,24.794621700913318,"TeleGeography Submarine Cable Map, submarinecablemap.com"
komesu-japan,Komesu  Japan,127.70079480862088,26.087758925965506,"TeleGeography Submarine Cable Map, submarinecablemap.com"
great-bay-beach-sint-maarten,Great Bay Beach  Sint Maarten,-63.055056877112236,18.02447108294624,"TeleGeography Submarine Cable Map, submarinecablemap.com"
great-level-bay-bonaire-sint-eustatius-and-saba,Great Level Bay  Bonaire  Sint Eustatius and Saba,-63.244216899359444,17.615120819465385,"TeleGeography Submarine Cable Map, submarinecablemap.com"
gallows-bay-bonaire-sint-eustatius-and-saba,Gallows Bay  Bonaire  Sint Eustatius and Saba,-62.98552567636872,17.475916931774574,"TeleGeography Submarine Cable Map, submarinecablemap.com"
nago-japan,Nago  Japan,127.97732749763631,26.591537746166992,"TeleGeography Submarine Cable Map, submarinecablemap.com"
cagdianao-philippines,Cagdianao  Philippines,125.86972003454434,9.498333545906151,"TeleGeography Submarine Cable Map, submarinecablemap.com"
siargao-island-philippines,Siargao Island  Philippines,126.0525203648189,9.855207400456655,"TeleGeography Submarine Cable Map, submarinecablemap.com"
kinoguitan-philippines,Kinoguitan  Philippines,124.81649461015922,8.9828059334126,"TeleGeography Submarine Cable Map, submarinecablemap.com"
camiguin-island-philippines,Camiguin Island  Philippines,124.72892524992008,9.172531794727917,"TeleGeography Submarine Cable Map, submarinecablemap.com"
talisay-philippines,Talisay  Philippines,123.83892480474371,10.252014943908712,"TeleGeography Submarine Cable Map, submarinecablemap.com"
tagbilaran-philippines,Tagbilaran  Philippines,123.87815100000043,9.675430000000153,"TeleGeography Submarine Cable Map, submarinecablemap.com"
baclayon-philippines,Baclayon  Philippines,123.9135399999997,9.622559999999629,"TeleGeography Submarine Cable Map, submarinecablemap.com"
liloy-philippines,Liloy  Philippines,122.67847669449696,8.07385810571817,"TeleGeography Submarine Cable Map, submarinecablemap.com"
zamboanga-philippines,Zamboanga  Philippines,122.06327100000034,6.91136,"TeleGeography Submarine Cable Map, submarinecablemap.com"
pasacao-philippines,Pasacao  Philippines,122.95065829999993,13.547781999999668,"TeleGeography Submarine Cable Map, submarinecablemap.com"
allen-philippines,Allen  Philippines,124.28234656591367,12.501379842633215,"TeleGeography Submarine Cable Map, submarinecablemap.com"
santa-magdalena-philippines,Santa Magdalena  Philippines,124.1070909815363,12.645301175945399,"TeleGeography Submarine Cable Map, submarinecablemap.com"
rarotonga-cook-islands,Rarotonga  Cook Islands,-159.76971462086547,-21.224368501582408,"TeleGeography Submarine Cable Map, submarinecablemap.com"
aitutaki-cook-islands,Aitutaki  Cook Islands,-159.7748995537159,-18.825717893638707,"TeleGeography Submarine Cable Map, submarinecablemap.com"
alofi-niue,Alofi  Niue,-169.9167037400163,-19.016700578491267,"TeleGeography Submarine Cable Map, submarinecablemap.com"
marina-di-ragusa-italy,Marina di Ragusa  Italy,14.550291964996664,36.784806017807185,"TeleGeography Submarine Cable Map, submarinecablemap.com"
chateaubelair-saint-vincent-and-the-grenadines,Chateaubelair  Saint Vincent and the Grenadines,-61.24083697091661,13.290916333074358,"TeleGeography Submarine Cable Map, submarinecablemap.com"
owia-saint-vincent-and-the-grenadines,Owia  Saint Vincent and the Grenadines,-61.14277795835044,13.373100524281316,"TeleGeography Submarine Cable Map, submarinecablemap.com"
ilijan-philippines,Ilijan  Philippines,121.0781499071834,13.635709425447143,"TeleGeography Submarine Cable Map, submarinecablemap.com"
boac-philippines,Boac  Philippines,121.88473418104378,13.42908313305217,"TeleGeography Submarine Cable Map, submarinecablemap.com"
calatrava-philippines,Calatrava  Philippines,122.08171170471684,12.602955744095647,"TeleGeography Submarine Cable Map, submarinecablemap.com"
placer-philippines,Placer  Philippines,123.86154340165245,11.940899155789175,"TeleGeography Submarine Cable Map, submarinecablemap.com"
bacolod-philippines,Bacolod  Philippines,122.968957,10.640738999999655,"TeleGeography Submarine Cable Map, submarinecablemap.com"
san-carlos-philippines,San Carlos  Philippines,123.41289500000015,10.483733999998389,"TeleGeography Submarine Cable Map, submarinecablemap.com"
toledo-philippines,Toledo  Philippines,123.63525999999986,10.376260000000324,"TeleGeography Submarine Cable Map, submarinecablemap.com"
zamboanguita-philippines,Zamboanguita  Philippines,123.16748732333238,9.146219690585646,"TeleGeography Submarine Cable Map, submarinecablemap.com"
dipolog-city-philippines,Dipolog City  Philippines,123.33503132573671,8.564097021577123,"TeleGeography Submarine Cable Map, submarinecablemap.com"
surigao-city-philippines,Surigao City  Philippines,125.48676677437311,9.782713534000724,"TeleGeography Submarine Cable Map, submarinecablemap.com"
maasin-philippines,Maasin  Philippines,124.84217394836772,10.178582995816972,"TeleGeography Submarine Cable Map, submarinecablemap.com"
liloan-philippines,Liloan  Philippines,123.98834884332426,10.406420283136939,"TeleGeography Submarine Cable Map, submarinecablemap.com"
palompon-philippines,Palompon  Philippines,124.39720203273188,11.054861343165987,"TeleGeography Submarine Cable Map, submarinecablemap.com"
palanas-philippines,Palanas  Philippines,123.90123074088875,12.105980429992167,"TeleGeography Submarine Cable Map, submarinecablemap.com"
bulan-philippines,Bulan  Philippines,123.89612042234297,12.683687101726003,"TeleGeography Submarine Cable Map, submarinecablemap.com"
false-pass-ak-united-states,False Pass  AK  United States,-163.415,54.85083300000045,"TeleGeography Submarine Cable Map, submarinecablemap.com"
quy-nhon-vietnam,Quy Nhon  Vietnam,109.21965018343205,13.782957863531687,"TeleGeography Submarine Cable Map, submarinecablemap.com"
sharjah-united-arab-emirates,Sharjah  United Arab Emirates,55.392191667197615,25.35233329692222,"TeleGeography Submarine Cable Map, submarinecablemap.com"
sir-abu-nuayr-island-united-arab-emirates,Sir Abu Nu'Ayr Island  United Arab Emirates,54.22111935518823,25.240836041547766,"TeleGeography Submarine Cable Map, submarinecablemap.com"
bunkum-bay-montserrat,Bunkum Bay  Montserrat,-62.2201696006092,16.772302184628998,"TeleGeography Submarine Cable Map, submarinecablemap.com"
we-new-caledonia,We  New Caledonia,167.2604537933443,-20.937043135848924,"TeleGeography Submarine Cable Map, submarinecablemap.com"
tadine-new-caledonia,Tadine  New Caledonia,167.87952073760448,-21.548051505206985,"TeleGeography Submarine Cable Map, submarinecablemap.com"
vao-new-caledonia,Vao  New Caledonia,167.49424269022595,-22.671928620931553,"TeleGeography Submarine Cable Map, submarinecablemap.com"
yate-new-caledonia,Yate  New Caledonia,166.94504874334316,-22.15896231236258,"TeleGeography Submarine Cable Map, submarinecablemap.com"
mont-dore-new-caledonia,Mont-Dore  New Caledonia,166.56362811510715,-22.26540774849468,"TeleGeography Submarine Cable Map, submarinecablemap.com"
aeng-batu-batu-indonesia,Aeng Batu Batu  Indonesia,119.3846441249859,-5.343255863481059,"TeleGeography Submarine Cable Map, submarinecablemap.com"
isla-de-cozumel-mexico,Isla de Cozumel  Mexico,-86.87916551272744,20.42864372396143,"TeleGeography Submarine Cable Map, submarinecablemap.com"
playa-del-carmen-mexico,Playa del Carmen  Mexico,-87.07021762347809,20.62967182247337,"TeleGeography Submarine Cable Map, submarinecablemap.com"
akutan-ak-united-states,Akutan  AK  United States,-165.773056,54.135556,"TeleGeography Submarine Cable Map, submarinecablemap.com"
king-cove-ak-united-states,King Cove  AK  United States,-162.30442,55.04913,"TeleGeography Submarine Cable Map, submarinecablemap.com"
cold-bay-ak-united-states,Cold Bay  AK  United States,-162.70403,55.20405000000046,"TeleGeography Submarine Cable Map, submarinecablemap.com"
sand-point-ak-united-states,Sand Point  AK  United States,-160.50071,55.3359700000002,"TeleGeography Submarine Cable Map, submarinecablemap.com"
chignik-bay-ak-united-states,Chignik Bay  AK  United States,-158.4088100000004,56.29443999999985,"TeleGeography Submarine Cable Map, submarinecablemap.com"
chignik-lagoon-ak-united-states,Chignik Lagoon  AK  United States,-158.50723,56.32126,"TeleGeography Submarine Cable Map, submarinecablemap.com"
chignik-lake-ak-united-states,Chignik Lake  AK  United States,-158.77209,56.25489,"TeleGeography Submarine Cable Map, submarinecablemap.com"
larsen-bay-ak-united-states,Larsen Bay  AK  United States,-153.98597,57.53723399999983,"TeleGeography Submarine Cable Map, submarinecablemap.com"
unalaska-ak-united-states,Unalaska  AK  United States,-166.533243,53.88443800000053,"TeleGeography Submarine Cable Map, submarinecablemap.com"
port-lions-ak-united-states,Port Lions  AK  United States,-152.88193613277352,57.86944189496645,"TeleGeography Submarine Cable Map, submarinecablemap.com"
ouzinkie-ak-united-states,Ouzinkie  AK  United States,-152.501736442955,57.925201621995306,"TeleGeography Submarine Cable Map, submarinecablemap.com"
perryville-ak-united-states,Perryville  AK  United States,-159.14479135751247,55.91750617656806,"TeleGeography Submarine Cable Map, submarinecablemap.com"
ustupo-panama,Ustupo  Panama,-77.9334559999996,9.125440000000225,"TeleGeography Submarine Cable Map, submarinecablemap.com"
santa-marta-colombia,Santa Marta  Colombia,-74.20528091178292,11.241950014956515,"TeleGeography Submarine Cable Map, submarinecablemap.com"
puerto-colombia-colombia,Puerto Colombia  Colombia,-74.952777940841,11.005175136687189,"TeleGeography Submarine Cable Map, submarinecablemap.com"
parque-isla-de-salamanca-colombia,Parque Isla de Salamanca  Colombia,-74.61194566275975,11.012160871628799,"TeleGeography Submarine Cable Map, submarinecablemap.com"
galway-ireland,Galway  Ireland,-9.048344475059972,53.27388633164341,"TeleGeography Submarine Cable Map, submarinecablemap.com"
le-porge-france,Le Porge  France,-1.211874000599161,44.893828011372406,"TeleGeography Submarine Cable Map, submarinecablemap.com"
pascagoula-ms-united-states,Pascagoula  MS  United States,-88.55612365850797,30.36575713388018,"TeleGeography Submarine Cable Map, submarinecablemap.com"
freeport-tx-united-states,Freeport  TX  United States,-95.34436958207267,28.949570369461807,"TeleGeography Submarine Cable Map, submarinecablemap.com"
houstrup-denmark,Houstrup  Denmark,8.193131486241771,55.76459980196038,"TeleGeography Submarine Cable Map, submarinecablemap.com"
hanstholm-denmark,Hanstholm  Denmark,8.616176544405644,57.11164198902862,"TeleGeography Submarine Cable Map, submarinecablemap.com"
bogo-philippines,Bogo  Philippines,124.00765240278447,11.045876992172815,"TeleGeography Submarine Cable Map, submarinecablemap.com"
naga-philippines,Naga  Philippines,123.6914416892911,10.238241908341099,"TeleGeography Submarine Cable Map, submarinecablemap.com"
buenavista-philippines,Buenavista  Philippines,125.42073733924197,8.968922103740555,"TeleGeography Submarine Cable Map, submarinecablemap.com"
san-remigio-philippines,San Remigio  Philippines,123.93633897674165,11.083326819623748,"TeleGeography Submarine Cable Map, submarinecablemap.com"
talisay-city-philippines,Talisay City  Philippines,122.96776056132873,10.739403490192835,"TeleGeography Submarine Cable Map, submarinecablemap.com"
leganes-philippines,Leganes  Philippines,122.58944051683415,10.786581108825084,"TeleGeography Submarine Cable Map, submarinecablemap.com"
milagros-philippines,Milagros  Philippines,123.50909318565661,12.218124597827089,"TeleGeography Submarine Cable Map, submarinecablemap.com"
roxas-philippines,Roxas  Philippines,121.52774693301166,12.586435075844276,"TeleGeography Submarine Cable Map, submarinecablemap.com"
san-juan-philippines,San Juan  Philippines,121.44886515295349,13.809927621665178,"TeleGeography Submarine Cable Map, submarinecablemap.com"
saint-franois-guadeloupe,Saint-François  Guadeloupe,-61.274455111163185,16.2510994263895,"TeleGeography Submarine Cable Map, submarinecablemap.com"
beausejour-guadeloupe,Beausejour  Guadeloupe,-61.07386931576003,16.303571371032675,"TeleGeography Submarine Cable Map, submarinecablemap.com"
saint-louis-guadeloupe,Saint-Louis  Guadeloupe,-61.319096192819046,15.953416689647044,"TeleGeography Submarine Cable Map, submarinecablemap.com"
capesterre-belle-eau-guadeloupe,Capesterre-Belle-Eau  Guadeloupe,-61.56468928055855,16.04242108270618,"TeleGeography Submarine Cable Map, submarinecablemap.com"
terre-de-haut-guadeloupe,Terre-de-Haut  Guadeloupe,-61.57883721975504,15.873014736939519,"TeleGeography Submarine Cable Map, submarinecablemap.com"
portrane-ireland,Portrane  Ireland,-6.114621764040638,53.493201258680585,"TeleGeography Submarine Cable Map, submarinecablemap.com"
la-lnea-spain,La Línea  Spain,-5.325190374296273,36.21032161368718,"TeleGeography Submarine Cable Map, submarinecablemap.com"
playa-de-la-ribera-spain,Playa de la Ribera  Spain,-5.313666944959621,35.88680676460573,"TeleGeography Submarine Cable Map, submarinecablemap.com"
tarifa-spain,Tarifa  Spain,-5.604450430371786,36.01431256226247,"TeleGeography Submarine Cable Map, submarinecablemap.com"
playa-de-benitez-spain,Playa de Benitez  Spain,-5.334747036874195,35.89387536092839,"TeleGeography Submarine Cable Map, submarinecablemap.com"
veules-les-roses-france,Veules-les-Roses  France,0.797804107936906,49.877294755008414,"TeleGeography Submarine Cable Map, submarinecablemap.com"
brighton-united-kingdom,Brighton  United Kingdom,-0.134434774132254,50.828477682894714,"TeleGeography Submarine Cable Map, submarinecablemap.com"
ixtapa-zihuatanejo-mexico,Ixtapa-Zihuatanejo  Mexico,-101.61050704707995,17.664141640213042,"TeleGeography Submarine Cable Map, submarinecablemap.com"
atafu-tokelau,Atafu  Tokelau,-172.5108858421898,-8.559089911025799,"TeleGeography Submarine Cable Map, submarinecablemap.com"
fakaofo-tokelau,Fakaofo  Tokelau,-171.2614703759693,-9.383815953134352,"TeleGeography Submarine Cable Map, submarinecablemap.com"
umbogintwini-south-africa,Umbogintwini  South Africa,30.901573844940014,-30.021650031238458,"TeleGeography Submarine Cable Map, submarinecablemap.com"
bacong-philippines,Bacong  Philippines,123.29495595749427,9.246330876791975,"TeleGeography Submarine Cable Map, submarinecablemap.com"
valverde-canary-islands-spain,Valverde  Canary Islands  Spain,-17.890887852846195,27.820221110808298,"TeleGeography Submarine Cable Map, submarinecablemap.com"
san-sebastian-de-la-gomera-canary-islands-spain,San Sebastian de la Gomera  Canary Islands  Spain,-17.108172720353956,28.087965459862172,"TeleGeography Submarine Cable Map, submarinecablemap.com"
los-realejos-canary-islands-spain,Los Realejos  Canary Islands  Spain,-16.586438673353253,28.397551777869676,"TeleGeography Submarine Cable Map, submarinecablemap.com"
sardina-canary-islands-spain,Sardina  Canary Islands  Spain,-15.694032078979493,28.149917514296433,"TeleGeography Submarine Cable Map, submarinecablemap.com"
morrojable-canary-islands-spain,Morrojable  Canary Islands  Spain,-14.35841999999965,28.04872000000018,"TeleGeography Submarine Cable Map, submarinecablemap.com"
aguimes-canary-islands-spain,Aguimes  Canary Islands  Spain,-15.390735174214871,27.895462213161103,"TeleGeography Submarine Cable Map, submarinecablemap.com"
cordova-ak-united-states,Cordova  AK  United States,-145.75467386865444,60.54274832427757,"TeleGeography Submarine Cable Map, submarinecablemap.com"
torquay-vic-australia,Torquay  VIC  Australia,144.3269093150513,-38.32915647171181,"TeleGeography Submarine Cable Map, submarinecablemap.com"
adelaide-sa-australia,Adelaide  SA  Australia,138.5998839999997,-34.926102000000434,"TeleGeography Submarine Cable Map, submarinecablemap.com"
ulleung-south-korea,Ulleung  South Korea,130.89327660932778,37.48932062641182,"TeleGeography Submarine Cable Map, submarinecablemap.com"
hosan-ri-south-korea,Hosan-ri  South Korea,129.33873337935873,37.17514326596579,"TeleGeography Submarine Cable Map, submarinecablemap.com"
goseong-ri-south-korea,Goseong-ri  South Korea,126.90930752942877,33.4415685056695,"TeleGeography Submarine Cable Map, submarinecablemap.com"
mijo-myeon-south-korea,Mijo-myeon  South Korea,128.0274354936125,34.72835854992582,"TeleGeography Submarine Cable Map, submarinecablemap.com"
goheung-south-korea,Goheung  South Korea,127.28599296347542,34.60940175186309,"TeleGeography Submarine Cable Map, submarinecablemap.com"
tobishima-japan,Tobishima  Japan,139.54899503294556,39.19500825244256,"TeleGeography Submarine Cable Map, submarinecablemap.com"
yuza-japan,Yuza  Japan,139.909631900725,39.020994646733485,"TeleGeography Submarine Cable Map, submarinecablemap.com"
rome-italy,Rome  Italy,12.495760000000327,41.90311,"TeleGeography Submarine Cable Map, submarinecablemap.com"
bastia-france,Bastia  France,9.450881000001129,42.69728299999956,"TeleGeography Submarine Cable Map, submarinecablemap.com"
gresik-indonesia,Gresik  Indonesia,112.65238763118269,-7.165175579207309,"TeleGeography Submarine Cable Map, submarinecablemap.com"
san-luis-obispo-ca-united-states,San Luis Obispo  CA  United States,-120.662548,35.285427000000354,"TeleGeography Submarine Cable Map, submarinecablemap.com"
santa-barbara-ca-united-states,Santa Barbara  CA  United States,-119.69886900000027,34.41925499999979,"TeleGeography Submarine Cable Map, submarinecablemap.com"
yakutat-ak-united-states,Yakutat  AK  United States,-139.67348595915,59.545761772458,"TeleGeography Submarine Cable Map, submarinecablemap.com"
pelican-ak-united-states,Pelican  AK  United States,-136.22856619478605,57.96074065944409,"TeleGeography Submarine Cable Map, submarinecablemap.com"
gustavus-ak-united-states,Gustavus  AK  United States,-135.72082551682627,58.41785832955816,"TeleGeography Submarine Cable Map, submarinecablemap.com"
hoonah-ak-united-states,Hoonah  AK  United States,-135.43380535882494,58.111922470063796,"TeleGeography Submarine Cable Map, submarinecablemap.com"
chai-wan-china,Chai Wan  China,114.23935699999967,22.26885000000032,"TeleGeography Submarine Cable Map, submarinecablemap.com"
bandar-lampung-indonesia,Bandar Lampung  Indonesia,105.2540970000002,-5.40921,"TeleGeography Submarine Cable Map, submarinecablemap.com"
benculuk-indonesia,Benculuk  Indonesia,114.09706372041353,-8.615634129813643,"TeleGeography Submarine Cable Map, submarinecablemap.com"
schooner-bight-colombia,Schooner Bight  Colombia,-81.73000254138753,12.551128558504994,"TeleGeography Submarine Cable Map, submarinecablemap.com"
ponce-pr-united-states,Ponce  PR  United States,-66.626612,17.982659,"TeleGeography Submarine Cable Map, submarinecablemap.com"
santo-domingo-dominican-republic,Santo Domingo  Dominican Republic,-69.940539,18.48681,"TeleGeography Submarine Cable Map, submarinecablemap.com"
point-roberts-wa-united-states,Point Roberts  WA  United States,-123.056754,48.988680000000116,"TeleGeography Submarine Cable Map, submarinecablemap.com"
seattle-wa-united-states,Seattle  WA  United States,-122.329439,47.603559999999284,"TeleGeography Submarine Cable Map, submarinecablemap.com"
cordova-bay-bc-canada,Cordova Bay  BC  Canada,-123.36724700802326,48.520397324657175,"TeleGeography Submarine Cable Map, submarinecablemap.com"
oak-harbor-wa-united-states,Oak Harbor  WA  United States,-122.647147,48.290598,"TeleGeography Submarine Cable Map, submarinecablemap.com"
esquimalt-bc-canada,Esquimalt  BC  Canada,-123.414634,48.43011999999963,"TeleGeography Submarine Cable Map, submarinecablemap.com"
pointe-au-pre-qc-canada,Pointe-au-Père  QC  Canada,-68.45944949622975,48.50325927098271,"TeleGeography Submarine Cable Map, submarinecablemap.com"
baie-comeau-qc-canada,Baie-Comeau  QC  Canada,-68.15247899999949,49.22103999999976,"TeleGeography Submarine Cable Map, submarinecablemap.com"
bic-qc-canada,Bic  QC  Canada,-68.70931561967622,48.37278902244084,"TeleGeography Submarine Cable Map, submarinecablemap.com"
forestville-qc-canada,Forestville  QC  Canada,-69.08360294628653,48.73935708855762,"TeleGeography Submarine Cable Map, submarinecablemap.com"
iquique-chile,Iquique  Chile,-70.14222300000027,-20.2166999999998,"TeleGeography Submarine Cable Map, submarinecablemap.com"
antofagasta-chile,Antofagasta  Chile,-70.39999999999955,-23.65,"TeleGeography Submarine Cable Map, submarinecablemap.com"
la-serena-chile,La Serena  Chile,-71.250204,-29.906301000000266,"TeleGeography Submarine Cable Map, submarinecablemap.com"
beigan-taiwan,Beigan  Taiwan,119.98859,26.225399999999755,"TeleGeography Submarine Cable Map, submarinecablemap.com"
golfo-aranci-italy,Golfo Aranci  Italy,9.613161999999766,41.00477599999973,"TeleGeography Submarine Cable Map, submarinecablemap.com"
port-said-egypt,Port Said  Egypt,32.28445799999981,31.259279,"TeleGeography Submarine Cable Map, submarinecablemap.com"
muscat-oman,Muscat  Oman,58.407779999999775,23.584129999998922,"TeleGeography Submarine Cable Map, submarinecablemap.com"
cacique-dominican-republic,Cacique  Dominican Republic,-70.161736,18.69957399999976,"TeleGeography Submarine Cable Map, submarinecablemap.com"
claveria-philippines,Claveria  Philippines,121.08238200000135,18.606230000000362,"TeleGeography Submarine Cable Map, submarinecablemap.com"
udo-south-korea,Udo  South Korea,126.95575023131646,33.505333014430036,"TeleGeography Submarine Cable Map, submarinecablemap.com"
dhuvaafaru-maldives,Dhuvaafaru  Maldives,73.04136330700179,5.629270004148423,"TeleGeography Submarine Cable Map, submarinecablemap.com"
velidhoo-maldives,Velidhoo  Maldives,73.27506588125877,5.662178353024311,"TeleGeography Submarine Cable Map, submarinecablemap.com"
maamigili-maldives,Maamigili  Maldives,72.8363098097716,3.472925055920153,"TeleGeography Submarine Cable Map, submarinecablemap.com"
kudahuvadhoo-maldives,Kudahuvadhoo  Maldives,72.89329539222669,2.67085379439719,"TeleGeography Submarine Cable Map, submarinecablemap.com"
naknek-ak-united-states,Naknek  AK  United States,-157.0126665422281,58.73211899012127,"TeleGeography Submarine Cable Map, submarinecablemap.com"
veracruz-mexico,Veracruz  Mexico,-96.140754,19.19545999999957,"TeleGeography Submarine Cable Map, submarinecablemap.com"
shoreham-ny-united-states,Shoreham  NY  United States,-72.9092139999998,40.96081999999948,"TeleGeography Submarine Cable Map, submarinecablemap.com"
it-japan,Itō  Japan,139.10482828483055,34.96320482218528,"TeleGeography Submarine Cable Map, submarinecablemap.com"
aogashima-japan,Aogashima  Japan,139.76561090792202,32.45723123281979,"TeleGeography Submarine Cable Map, submarinecablemap.com"
mikurashima-japan,Mikurashima  Japan,139.597023244309,33.88350991725466,"TeleGeography Submarine Cable Map, submarinecablemap.com"
kozushima-japan,Kozushima  Japan,139.13964077948097,34.20695345476847,"TeleGeography Submarine Cable Map, submarinecablemap.com"
shikinejima-japan,Shikinejima  Japan,139.21551869844038,34.3308542940764,"TeleGeography Submarine Cable Map, submarinecablemap.com"
niijima-japan,Niijima  Japan,139.258350283468,34.373853145806095,"TeleGeography Submarine Cable Map, submarinecablemap.com"
toshima-japan,Toshima  Japan,139.27888824035568,34.529808064948476,"TeleGeography Submarine Cable Map, submarinecablemap.com"
hilo-hi-united-states,Hilo  HI  United States,-155.081864,19.719234999999824,"TeleGeography Submarine Cable Map, submarinecablemap.com"
kahului-hi-united-states,Kahului  HI  United States,-156.467144,20.890755000000173,"TeleGeography Submarine Cable Map, submarinecablemap.com"
barbers-point-hi-united-states,Barber’s Point  HI  United States,-158.09434188207686,21.313832454732772,"TeleGeography Submarine Cable Map, submarinecablemap.com"
miura-japan,Miura  Japan,139.6207699999995,35.144171,"TeleGeography Submarine Cable Map, submarinecablemap.com"
new-haven-ct-united-states,New Haven  CT  United States,-72.92497899999981,41.30713000000013,"TeleGeography Submarine Cable Map, submarinecablemap.com"
jarry-guadeloupe,Jarry  Guadeloupe,-61.57108469999998,16.240111599999842,"TeleGeography Submarine Cable Map, submarinecablemap.com"
marigot-saint-martin,Marigot  Saint Martin,-63.08246600000027,18.06751899999886,"TeleGeography Submarine Cable Map, submarinecablemap.com"
teahupoo-french-polynesia,Teahupo'o  French Polynesia,-149.24856523377207,-17.84943323159532,"TeleGeography Submarine Cable Map, submarinecablemap.com"
tautira-french-polynesia,Tautira  French Polynesia,-149.1770351107709,-17.771815724224076,"TeleGeography Submarine Cable Map, submarinecablemap.com"
clinton-wa-united-states,Clinton  WA  United States,-122.357431,47.979469999999125,"TeleGeography Submarine Cable Map, submarinecablemap.com"
hat-island-wa-united-states,Hat Island  WA  United States,-122.31980253408008,48.013589714609076,"TeleGeography Submarine Cable Map, submarinecablemap.com"
maxwelton-wa-united-states,Maxwelton  WA  United States,-122.4410914974422,47.940942198891804,"TeleGeography Submarine Cable Map, submarinecablemap.com"
everett-wa-united-states,Everett  WA  United States,-122.206419,47.976575,"TeleGeography Submarine Cable Map, submarinecablemap.com"
greenbank-wa-united-states,Greenbank  WA  United States,-122.57371036922427,48.09865442899575,"TeleGeography Submarine Cable Map, submarinecablemap.com"
cama-beach-wa-united-states,Cama Beach  WA  United States,-122.50972582333569,48.14223038529169,"TeleGeography Submarine Cable Map, submarinecablemap.com"
nahariyya-israel,Nahariyya  Israel,35.106357999999446,33.03646299999986,"TeleGeography Submarine Cable Map, submarinecablemap.com"
herzeliyya-israel,Herzeliyya  Israel,34.84467500000032,32.16241300000017,"TeleGeography Submarine Cable Map, submarinecablemap.com"
rishon-lezion-israel,Rishon Le’Zion  Israel,34.78510718142765,31.97782599999984,"TeleGeography Submarine Cable Map, submarinecablemap.com"
fiumicino-italy,Fiumicino  Italy,12.226913000000101,41.769718,"TeleGeography Submarine Cable Map, submarinecablemap.com"
chisasibi-qc-canada,Chisasibi  QC  Canada,-78.89346699999984,53.773609,"TeleGeography Submarine Cable Map, submarinecablemap.com"
puvirnituq-qc-canada,Puvirnituq  QC  Canada,-77.26922999999955,60.037118,"TeleGeography Submarine Cable Map, submarinecablemap.com"
umiujaq-qc-canada,Umiujaq  QC  Canada,-76.54711100000047,56.551563,"TeleGeography Submarine Cable Map, submarinecablemap.com"
kuujjuarapik-qc-canada,Kuujjuarapik  QC  Canada,-77.76243,55.275899999999545,"TeleGeography Submarine Cable Map, submarinecablemap.com"
inukjuak-qc-canada,Inukjuak  QC  Canada,-78.10510299999929,58.455121,"TeleGeography Submarine Cable Map, submarinecablemap.com"
ivujivik-qc-canada,Ivujivik  QC  Canada,-77.91666700000013,62.416666999999556,"TeleGeography Submarine Cable Map, submarinecablemap.com"
salluit-qc-canada,Salluit  QC  Canada,-75.64685600000062,62.20128499999978,"TeleGeography Submarine Cable Map, submarinecablemap.com"
kangiqsujuaq-qc-canada,Kangiqsujuaq  QC  Canada,-71.95388599999907,61.59626,"TeleGeography Submarine Cable Map, submarinecablemap.com"
akulivik-qc-canada,Akulivik  QC  Canada,-78.14424100000058,60.81768099999956,"TeleGeography Submarine Cable Map, submarinecablemap.com"
deception-qc-canada,Deception  QC  Canada,-74.6301440000009,62.11487599999987,"TeleGeography Submarine Cable Map, submarinecablemap.com"
quaqtaq-qc-canada,Quaqtaq  QC  Canada,-69.63992300000032,61.041723999999675,"TeleGeography Submarine Cable Map, submarinecablemap.com"
kangirsuk-qc-canada,Kangirsuk  QC  Canada,-70.02623500000018,60.02341500000016,"TeleGeography Submarine Cable Map, submarinecablemap.com"
aupaluk-qc-canada,Aupaluk  QC  Canada,-69.59748899999985,59.30574000000011,"TeleGeography Submarine Cable Map, submarinecablemap.com"
tasiujaq-qc-canada,Tasiujaq  QC  Canada,-69.9373930000007,58.69740699999988,"TeleGeography Submarine Cable Map, submarinecablemap.com"
kuujjuaq-qc-canada,Kuujjuaq  QC  Canada,-68.4188390000006,58.10299600000016,"TeleGeography Submarine Cable Map, submarinecablemap.com"
kangiqsualujjuaq-qc-canada,Kangiqsualujjuaq  QC  Canada,-65.99511599999971,58.71015500000032,"TeleGeography Submarine Cable Map, submarinecablemap.com"
winterton-on-sea-united-kingdom,Winterton-on-Sea  United Kingdom,1.693546999999342,52.715211000000465,"TeleGeography Submarine Cable Map, submarinecablemap.com"
callantsoog-netherlands,Callantsoog  Netherlands,4.7007499999996,52.83692899999963,"TeleGeography Submarine Cable Map, submarinecablemap.com"
lesund-norway,Ålesund  Norway,6.174380000000262,62.47148500000043,"TeleGeography Submarine Cable Map, submarinecablemap.com"
molde-norway,Molde  Norway,7.160730600000246,62.737235199999844,"TeleGeography Submarine Cable Map, submarinecablemap.com"
sture-norway,Sture  Norway,4.85548799999971,60.621982,"TeleGeography Submarine Cable Map, submarinecablemap.com"
hyllestad-norway,Hyllestad  Norway,5.293384,61.17225099999944,"TeleGeography Submarine Cable Map, submarinecablemap.com"
herlandsvika-norway,Herlandsvika  Norway,6.465751000000408,62.614440999999644,"TeleGeography Submarine Cable Map, submarinecablemap.com"
andalsnes-norway,Andalsnes  Norway,7.681580000000571,62.56581899999933,"TeleGeography Submarine Cable Map, submarinecablemap.com"
brekstad-norway,Brekstad  Norway,9.66311,63.68841000000035,"TeleGeography Submarine Cable Map, submarinecablemap.com"
kristiansund-norway,Kristiansund  Norway,7.72968,63.11078500000032,"TeleGeography Submarine Cable Map, submarinecablemap.com"
heim-norway,Åheim  Norway,5.522346499999918,62.035985699999486,"TeleGeography Submarine Cable Map, submarinecablemap.com"
lefdal-norway,Lefdal  Norway,5.498518699999691,61.93554279999944,"TeleGeography Submarine Cable Map, submarinecablemap.com"
flor-norway,Florø  Norway,4.975850599999511,61.5963114999995,"TeleGeography Submarine Cable Map, submarinecablemap.com"
tjeldbergodden-norway,Tjeldbergodden  Norway,8.693961500000043,63.40817519999965,"TeleGeography Submarine Cable Map, submarinecablemap.com"
hitra-norway,Hitra  Norway,8.975251599999408,63.504622699999835,"TeleGeography Submarine Cable Map, submarinecablemap.com"
edya-norway,Edøya  Norway,8.093379399999966,63.30103670000029,"TeleGeography Submarine Cable Map, submarinecablemap.com"
belmont-united-kingdom,Belmont  United Kingdom,-0.966809999999724,60.6873599999995,"TeleGeography Submarine Cable Map, submarinecablemap.com"
gutcher-united-kingdom,Gutcher  United Kingdom,-1.00722,60.669439999999305,"TeleGeography Submarine Cable Map, submarinecablemap.com"
burravoe-united-kingdom,Burravoe  United Kingdom,-1.055590000000232,60.49937,"TeleGeography Submarine Cable Map, submarinecablemap.com"
mossbank-united-kingdom,Mossbank  United Kingdom,-1.182159999999831,60.45909,"TeleGeography Submarine Cable Map, submarinecablemap.com"
yuanli-taiwan,Yuanli  Taiwan,120.64548999999985,24.432460000000326,"TeleGeography Submarine Cable Map, submarinecablemap.com"
jinhu-township-taiwan,Jinhu Township  Taiwan,118.43943999999946,24.437479999999816,"TeleGeography Submarine Cable Map, submarinecablemap.com"
budai-taiwan,Budai  Taiwan,120.17046999999953,23.362789999999872,"TeleGeography Submarine Cable Map, submarinecablemap.com"
huxi-township-taiwan,Huxi Township  Taiwan,119.65616000000064,23.573629999999714,"TeleGeography Submarine Cable Map, submarinecablemap.com"
jincheng-township-taiwan,Jincheng Township  Taiwan,118.31584,24.413410000000344,"TeleGeography Submarine Cable Map, submarinecablemap.com"
tainan-taiwan,Tainan  Taiwan,120.18086199999875,22.99721,"TeleGeography Submarine Cable Map, submarinecablemap.com"
taoyuan-taiwan,Taoyuan  Taiwan,121.31111109999966,24.98888889999996,"TeleGeography Submarine Cable Map, submarinecablemap.com"
magong-taiwan,Magong  Taiwan,119.5745100000003,23.571549999999434,"TeleGeography Submarine Cable Map, submarinecablemap.com"
xiyu-township-taiwan,Xiyu Township  Taiwan,119.51201999999984,23.60192,"TeleGeography Submarine Cable Map, submarinecablemap.com"
osoviny-ukraine,Osoviny  Ukraine,36.59112538599644,45.43102598053321,"TeleGeography Submarine Cable Map, submarinecablemap.com"
beihai-china,Beihai  China,109.10530900000046,21.484500999999632,"TeleGeography Submarine Cable Map, submarinecablemap.com"
lingao-china,Lingao  China,109.67762000000093,19.9048,"TeleGeography Submarine Cable Map, submarinecablemap.com"
mamu-china,Mamu  China,121.94569495659735,30.17189746945603,"TeleGeography Submarine Cable Map, submarinecablemap.com"
xiepu-china,Xiepu  China,121.63985462881675,30.043111146660067,"TeleGeography Submarine Cable Map, submarinecablemap.com"
dalian-china,Dalian  China,121.57652300000039,38.94381,"TeleGeography Submarine Cable Map, submarinecablemap.com"
yantai-china,Yantai  China,121.4,37.53,"TeleGeography Submarine Cable Map, submarinecablemap.com"
ugolnye-kopi-russia,Ugolnye Kopi  Russia,177.6402750000004,64.73783899999947,"TeleGeography Submarine Cable Map, submarinecablemap.com"
cienfuegos-cuba,Cienfuegos  Cuba,-80.44896345712418,22.145949778587273,"TeleGeography Submarine Cable Map, submarinecablemap.com"
kista-sweden,Kista  Sweden,17.943569000000302,59.40288899999986,"TeleGeography Submarine Cable Map, submarinecablemap.com"
barcelona-spain,Barcelona  Spain,2.168764,41.38562799999929,"TeleGeography Submarine Cable Map, submarinecablemap.com"
kalpeni-india,Kalpeni  India,73.64410938214787,10.069817641044033,"TeleGeography Submarine Cable Map, submarinecablemap.com"
symbister-united-kingdom,Symbister  United Kingdom,-1.024920000000143,60.341,"TeleGeography Submarine Cable Map, submarinecablemap.com"
skelberry-united-kingdom,Skelberry  United Kingdom,-1.14147,60.35143999999963,"TeleGeography Submarine Cable Map, submarinecablemap.com"
sumburgh-united-kingdom,Sumburgh  United Kingdom,-1.28710000000038,59.86913,"TeleGeography Submarine Cable Map, submarinecablemap.com"
fair-isle-united-kingdom,Fair Isle  United Kingdom,-1.61797,59.52786,"TeleGeography Submarine Cable Map, submarinecablemap.com"
scuthvie-bay-united-kingdom,Scuthvie Bay  United Kingdom,-2.419070000000211,59.28984,"TeleGeography Submarine Cable Map, submarinecablemap.com"
odie-united-kingdom,Odie  United Kingdom,-2.653650000000509,59.148940000000316,"TeleGeography Submarine Cable Map, submarinecablemap.com"
stove-united-kingdom,Stove  United Kingdom,-2.653650000000509,59.148940000000316,"TeleGeography Submarine Cable Map, submarinecablemap.com"
bay-of-london-united-kingdom,Bay of London  United Kingdom,-2.766219999999832,59.19229999999987,"TeleGeography Submarine Cable Map, submarinecablemap.com"
gump-of-spurness-united-kingdom,Gump of Spurness  United Kingdom,-2.701490000000198,59.20632000000029,"TeleGeography Submarine Cable Map, submarinecablemap.com"
rapness-united-kingdom,Rapness  United Kingdom,-2.857569999999607,59.25540999999936,"TeleGeography Submarine Cable Map, submarinecablemap.com"
cusbay-united-kingdom,Cusbay  United Kingdom,-2.783989999999398,59.22463999999973,"TeleGeography Submarine Cable Map, submarinecablemap.com"
evie-united-kingdom,Evie  United Kingdom,-3.108369999999561,59.113460000000345,"TeleGeography Submarine Cable Map, submarinecablemap.com"
westness-united-kingdom,Westness  United Kingdom,-3.078049999999543,59.14384000000025,"TeleGeography Submarine Cable Map, submarinecablemap.com"
linksness-united-kingdom,Linksness  United Kingdom,-2.817719999999835,58.97922,"TeleGeography Submarine Cable Map, submarinecablemap.com"
sandgarth-united-kingdom,Sandgarth  United Kingdom,-2.836200000000433,59.02518999999988,"TeleGeography Submarine Cable Map, submarinecablemap.com"
weddel-united-kingdom,Weddel  United Kingdom,-3.145119999999605,58.82968000000027,"TeleGeography Submarine Cable Map, submarinecablemap.com"
crockness-united-kingdom,Crockness  United Kingdom,-3.172020000000312,58.82273999999966,"TeleGeography Submarine Cable Map, submarinecablemap.com"
hoxa-united-kingdom,Hoxa  United Kingdom,-2.991359999999569,58.82640000000025,"TeleGeography Submarine Cable Map, submarinecablemap.com"
quoyness-united-kingdom,Quoyness  United Kingdom,-3.085600000000104,58.83105,"TeleGeography Submarine Cable Map, submarinecablemap.com"
laig-united-kingdom,Laig  United Kingdom,-6.160689999999481,56.91203000000021,"TeleGeography Submarine Cable Map, submarinecablemap.com"
morar-united-kingdom,Morar  United Kingdom,-5.850810000000384,56.94649999999944,"TeleGeography Submarine Cable Map, submarinecablemap.com"
port-appin-united-kingdom,Port Appin  United Kingdom,-5.41241,56.55229999999983,"TeleGeography Submarine Cable Map, submarinecablemap.com"
port-ramsay-united-kingdom,Port Ramsay  United Kingdom,-5.442399999999799,56.55241000000044,"TeleGeography Submarine Cable Map, submarinecablemap.com"
fionnaphort-united-kingdom,Fionnaphort  United Kingdom,-6.368079999997523,56.32302,"TeleGeography Submarine Cable Map, submarinecablemap.com"
baile-mr-united-kingdom,Baile Mòr  United Kingdom,-6.394689999999684,56.329009999999805,"TeleGeography Submarine Cable Map, submarinecablemap.com"
scoor-united-kingdom,Scoor  United Kingdom,-6.177799999999649,56.29173000000012,"TeleGeography Submarine Cable Map, submarinecablemap.com"
kiloran-bay-united-kingdom,Kiloran Bay  United Kingdom,-6.180179999999638,56.10364999999975,"TeleGeography Submarine Cable Map, submarinecablemap.com"
gqeberha-south-africa,Gqeberha  South Africa,25.623280000000147,-33.962498999999816,"TeleGeography Submarine Cable Map, submarinecablemap.com"
kwa-ibo-nigeria,Kwa Ibo  Nigeria,7.997436999999589,4.543802999999177,"TeleGeography Submarine Cable Map, submarinecablemap.com"
carana-seychelles,Carana  Seychelles,55.45302899999983,-4.565748999999809,"TeleGeography Submarine Cable Map, submarinecablemap.com"
tocopilla-chile,Tocopilla  Chile,-70.19765799999958,-22.08837799999976,"TeleGeography Submarine Cable Map, submarinecablemap.com"
puerto-saavedra-chile,Puerto Saavedra  Chile,-73.3967699999996,-38.78713000000029,"TeleGeography Submarine Cable Map, submarinecablemap.com"
caldera-chile,Caldera  Chile,-70.812357,-27.06199200000027,"TeleGeography Submarine Cable Map, submarinecablemap.com"
constitucin-chile,Constitución  Chile,-72.416068,-35.31837099999989,"TeleGeography Submarine Cable Map, submarinecablemap.com"
cartagena-chile,Cartagena  Chile,-71.6000943975144,-33.54688294154119,"TeleGeography Submarine Cable Map, submarinecablemap.com"
san-pedro-de-la-paz-chile,San Pedro de la Paz  Chile,-73.1089741201329,-36.83168324437438,"TeleGeography Submarine Cable Map, submarinecablemap.com"
johnstone-point-ak-united-states,Johnstone Point  AK  United States,-146.6118661862618,60.48248023184166,"TeleGeography Submarine Cable Map, submarinecablemap.com"
chenega-ak-united-states,Chenega  AK  United States,-148.01078611085993,60.065087981861794,"TeleGeography Submarine Cable Map, submarinecablemap.com"
zahara-de-los-atunes-spain,Zahara de los Atunes  Spain,-5.843848195988094,36.13475691089309,"TeleGeography Submarine Cable Map, submarinecablemap.com"
daanbantayan-philippines,Daanbantayan  Philippines,124.01730899999959,11.246494999999399,"TeleGeography Submarine Cable Map, submarinecablemap.com"
nador-morocco,Nador  Morocco,-2.933034999999599,35.170020000000214,"TeleGeography Submarine Cable Map, submarinecablemap.com"
nabas-philippines,Nabas  Philippines,122.03325741497643,11.86790448093766,"TeleGeography Submarine Cable Map, submarinecablemap.com"
collo-algeria,Collo  Algeria,6.557241714400392,37.00296280298153,"TeleGeography Submarine Cable Map, submarinecablemap.com"
amanzimtoti-south-africa,Amanzimtoti  South Africa,30.88039000000108,-30.057720000000288,"TeleGeography Submarine Cable Map, submarinecablemap.com"
mtwapa-kenya,Mtwapa  Kenya,39.74507100000067,-3.946130000001213,"TeleGeography Submarine Cable Map, submarinecablemap.com"
kkar-finland,Kökar  Finland,20.907994618212367,59.92096528426693,"TeleGeography Submarine Cable Map, submarinecablemap.com"
matnog-philippines,Matnog  Philippines,124.08471721303704,12.585260603443063,"TeleGeography Submarine Cable Map, submarinecablemap.com"
cape-town-south-africa,Cape Town  South Africa,18.421980999999718,-33.91908600000014,"TeleGeography Submarine Cable Map, submarinecablemap.com"
palm-bay-fl-united-states,Palm Bay  FL  United States,-80.59005720000005,28.033771027694833,"TeleGeography Submarine Cable Map, submarinecablemap.com"
