date,close,source
1987-01-02,439.53,Yahoo PSEI.PS
1987-01-05,455.23,Yahoo PSEI.PS
1987-01-06,462.26,Yahoo PSEI.PS
1987-01-07,462.50,Yahoo PSEI.PS
1987-01-08,483.02,Yahoo PSEI.PS
1987-01-09,503.53,Yahoo PSEI.PS
1987-01-12,515.33,Yahoo PSEI.PS
1987-01-13,496.47,Yahoo PSEI.PS
1987-01-14,497.11,Yahoo PSEI.PS
1987-01-15,474.41,Yahoo PSEI.PS
1987-01-16,479.94,Yahoo PSEI.PS
1987-01-19,493.48,Yahoo PSEI.PS
1987-01-20,493.06,Yahoo PSEI.PS
1987-01-21,466.01,Yahoo PSEI.PS
1987-01-22,480.58,Yahoo PSEI.PS
1987-01-23,466.17,Yahoo PSEI.PS
1987-01-26,456.52,Yahoo PSEI.PS
1987-01-27,485.41,Yahoo PSEI.PS
1987-01-28,501.68,Yahoo PSEI.PS
1987-01-29,524.58,Yahoo PSEI.PS
1987-01-30,521.64,Yahoo PSEI.PS
1987-02-02,521.64,Yahoo PSEI.PS
1987-02-03,523.85,Yahoo PSEI.PS
1987-02-04,521.97,Yahoo PSEI.PS
1987-02-05,528.93,Yahoo PSEI.PS
1987-02-06,533.40,Yahoo PSEI.PS
1987-02-09,536.51,Yahoo PSEI.PS
1987-02-10,524.67,Yahoo PSEI.PS
1987-02-11,525.26,Yahoo PSEI.PS
1987-02-12,521.25,Yahoo PSEI.PS
1987-02-13,518.01,Yahoo PSEI.PS
1987-02-16,515.44,Yahoo PSEI.PS
1987-02-17,511.95,Yahoo PSEI.PS
1987-02-18,496.53,Yahoo PSEI.PS
1987-02-19,504.90,Yahoo PSEI.PS
1987-02-20,508.05,Yahoo PSEI.PS
1987-02-23,511.62,Yahoo PSEI.PS
1987-02-24,510.33,Yahoo PSEI.PS
1987-02-25,510.33,Yahoo PSEI.PS
1987-02-26,510.63,Yahoo PSEI.PS
1987-02-27,513.97,Yahoo PSEI.PS
1987-03-02,500.33,Yahoo PSEI.PS
1987-03-03,496.25,Yahoo PSEI.PS
1987-03-04,493.66,Yahoo PSEI.PS
1987-03-05,476.73,Yahoo PSEI.PS
1987-03-06,469.45,Yahoo PSEI.PS
1987-03-09,467.21,Yahoo PSEI.PS
1987-03-10,448.72,Yahoo PSEI.PS
1987-03-11,455.66,Yahoo PSEI.PS
1987-03-12,455.62,Yahoo PSEI.PS
1987-03-13,469.66,Yahoo PSEI.PS
1987-03-16,461.24,Yahoo PSEI.PS
1987-03-17,458.48,Yahoo PSEI.PS
1987-03-18,455.27,Yahoo PSEI.PS
1987-03-19,450.13,Yahoo PSEI.PS
1987-03-20,447.03,Yahoo PSEI.PS
1987-03-23,451.31,Yahoo PSEI.PS
1987-03-24,461.32,Yahoo PSEI.PS
1987-03-25,472.24,Yahoo PSEI.PS
1987-03-26,483.33,Yahoo PSEI.PS
1987-03-27,500.04,Yahoo PSEI.PS
1987-03-30,506.84,Yahoo PSEI.PS
1987-03-31,511.22,Yahoo PSEI.PS
1987-04-01,505.37,Yahoo PSEI.PS
1987-04-02,509.71,Yahoo PSEI.PS
1987-04-03,509.03,Yahoo PSEI.PS
1987-04-06,509.23,Yahoo PSEI.PS
1987-04-07,506.91,Yahoo PSEI.PS
1987-04-08,507.28,Yahoo PSEI.PS
1987-04-09,511.64,Yahoo PSEI.PS
1987-04-10,515.86,Yahoo PSEI.PS
1987-04-13,516.64,Yahoo PSEI.PS
1987-04-14,519.28,Yahoo PSEI.PS
1987-04-15,536.69,Yahoo PSEI.PS
1987-04-16,536.69,Yahoo PSEI.PS
1987-04-17,536.69,Yahoo PSEI.PS
1987-04-20,538.31,Yahoo PSEI.PS
1987-04-21,545.28,Yahoo PSEI.PS
1987-04-22,544.70,Yahoo PSEI.PS
1987-04-23,557.77,Yahoo PSEI.PS
1987-04-24,564.12,Yahoo PSEI.PS
1987-04-27,572.59,Yahoo PSEI.PS
1987-04-28,563.46,Yahoo PSEI.PS
1987-04-29,566.51,Yahoo PSEI.PS
1987-04-30,566.22,Yahoo PSEI.PS
1987-05-01,566.22,Yahoo PSEI.PS
1987-05-04,551.97,Yahoo PSEI.PS
1987-05-05,566.92,Yahoo PSEI.PS
1987-05-06,566.92,Yahoo PSEI.PS
1987-05-07,596.87,Yahoo PSEI.PS
1987-05-08,595.10,Yahoo PSEI.PS
1987-05-11,595.10,Yahoo PSEI.PS
1987-05-12,595.10,Yahoo PSEI.PS
1987-05-13,608.15,Yahoo PSEI.PS
1987-05-14,593.50,Yahoo PSEI.PS
1987-05-15,596.82,Yahoo PSEI.PS
1987-05-18,589.86,Yahoo PSEI.PS
1987-05-19,589.55,Yahoo PSEI.PS
1987-05-20,589.37,Yahoo PSEI.PS
1987-05-21,591.18,Yahoo PSEI.PS
1987-05-22,593.88,Yahoo PSEI.PS
1987-05-25,576.01,Yahoo PSEI.PS
1987-05-26,578.20,Yahoo PSEI.PS
1987-05-27,586.72,Yahoo PSEI.PS
1987-05-28,591.82,Yahoo PSEI.PS
1987-05-29,609.86,Yahoo PSEI.PS
1987-06-01,614.08,Yahoo PSEI.PS
1987-06-02,620.89,Yahoo PSEI.PS
1987-06-03,637.16,Yahoo PSEI.PS
1987-06-04,651.05,Yahoo PSEI.PS
1987-06-05,671.34,Yahoo PSEI.PS
1987-06-08,670.27,Yahoo PSEI.PS
1987-06-09,678.55,Yahoo PSEI.PS
1987-06-10,688.52,Yahoo PSEI.PS
1987-06-11,696.91,Yahoo PSEI.PS
1987-06-12,696.91,Yahoo PSEI.PS
1987-06-15,715.36,Yahoo PSEI.PS
1987-06-16,738.51,Yahoo PSEI.PS
1987-06-17,772.95,Yahoo PSEI.PS
1987-06-18,774.43,Yahoo PSEI.PS
1987-06-19,778.22,Yahoo PSEI.PS
1987-06-22,784.80,Yahoo PSEI.PS
1987-06-23,798.71,Yahoo PSEI.PS
1987-06-24,841.08,Yahoo PSEI.PS
1987-06-25,834.57,Yahoo PSEI.PS
1987-06-26,878.11,Yahoo PSEI.PS
1987-06-29,944.83,Yahoo PSEI.PS
1987-06-30,918.41,Yahoo PSEI.PS
1987-07-01,963.56,Yahoo PSEI.PS
1987-07-02,1022.36,Yahoo PSEI.PS
1987-07-03,1016.04,Yahoo PSEI.PS
1987-07-06,964.03,Yahoo PSEI.PS
1987-07-07,998.86,Yahoo PSEI.PS
1987-07-08,1035.98,Yahoo PSEI.PS
1987-07-09,1047.97,Yahoo PSEI.PS
1987-07-10,1050.74,Yahoo PSEI.PS
1987-07-13,1106.23,Yahoo PSEI.PS
1987-07-14,1122.95,Yahoo PSEI.PS
1987-07-15,1114.71,Yahoo PSEI.PS
1987-07-16,1180.65,Yahoo PSEI.PS
1987-07-17,1236.15,Yahoo PSEI.PS
1987-07-20,1335.54,Yahoo PSEI.PS
1987-07-21,1333.64,Yahoo PSEI.PS
1987-07-22,1315.07,Yahoo PSEI.PS
1987-07-23,1234.59,Yahoo PSEI.PS
1987-07-24,1071.80,Yahoo PSEI.PS
1987-07-27,985.61,Yahoo PSEI.PS
1987-07-28,1146.29,Yahoo PSEI.PS
1987-07-29,1143.67,Yahoo PSEI.PS
1987-07-30,1134.69,Yahoo PSEI.PS
1987-07-31,1055.22,Yahoo PSEI.PS
1987-08-03,1195.85,Yahoo PSEI.PS
1987-08-04,1213.94,Yahoo PSEI.PS
1987-08-05,1240.25,Yahoo PSEI.PS
1987-08-06,1258.49,Yahoo PSEI.PS
1987-08-07,1258.49,Yahoo PSEI.PS
1987-08-10,1235.78,Yahoo PSEI.PS
1987-08-11,1214.84,Yahoo PSEI.PS
1987-08-12,1145.34,Yahoo PSEI.PS
1987-08-13,1145.34,Yahoo PSEI.PS
1987-08-14,1173.71,Yahoo PSEI.PS
1987-08-17,1113.63,Yahoo PSEI.PS
1987-08-18,1043.41,Yahoo PSEI.PS
1987-08-19,1050.32,Yahoo PSEI.PS
1987-08-20,1086.35,Yahoo PSEI.PS
1987-08-21,1086.35,Yahoo PSEI.PS
1987-08-24,1017.16,Yahoo PSEI.PS
1987-08-25,981.40,Yahoo PSEI.PS
1987-08-26,1049.21,Yahoo PSEI.PS
1987-08-27,1099.69,Yahoo PSEI.PS
1987-08-28,1099.69,Yahoo PSEI.PS
1987-08-31,1099.69,Yahoo PSEI.PS
1987-09-01,1015.16,Yahoo PSEI.PS
1987-09-02,1047.19,Yahoo PSEI.PS
1987-09-03,1023.18,Yahoo PSEI.PS
1987-09-04,992.30,Yahoo PSEI.PS
1987-09-07,884.51,Yahoo PSEI.PS
1987-09-08,921.48,Yahoo PSEI.PS
1987-09-09,909.97,Yahoo PSEI.PS
1987-09-10,913.05,Yahoo PSEI.PS
1987-09-11,910.24,Yahoo PSEI.PS
1987-09-14,878.17,Yahoo PSEI.PS
1987-09-15,830.22,Yahoo PSEI.PS
1987-09-16,784.24,Yahoo PSEI.PS
1987-09-17,705.67,Yahoo PSEI.PS
1987-09-18,818.99,Yahoo PSEI.PS
1987-09-21,816.55,Yahoo PSEI.PS
1987-09-22,826.55,Yahoo PSEI.PS
1987-09-23,795.08,Yahoo PSEI.PS
1987-09-24,755.34,Yahoo PSEI.PS
1987-09-25,722.48,Yahoo PSEI.PS
1987-09-28,705.71,Yahoo PSEI.PS
1987-09-29,734.68,Yahoo PSEI.PS
1987-09-30,753.14,Yahoo PSEI.PS
1987-10-01,821.60,Yahoo PSEI.PS
1987-10-02,847.82,Yahoo PSEI.PS
1987-10-05,825.62,Yahoo PSEI.PS
1987-10-06,801.27,Yahoo PSEI.PS
1987-10-07,814.77,Yahoo PSEI.PS
1987-10-08,756.75,Yahoo PSEI.PS
1987-10-09,762.22,Yahoo PSEI.PS
1987-10-12,789.94,Yahoo PSEI.PS
1987-10-13,813.58,Yahoo PSEI.PS
1987-10-14,846.27,Yahoo PSEI.PS
1987-10-15,851.86,Yahoo PSEI.PS
1987-10-16,851.51,Yahoo PSEI.PS
1987-10-19,906.73,Yahoo PSEI.PS
1987-10-20,799.10,Yahoo PSEI.PS
1987-10-21,861.76,Yahoo PSEI.PS
1987-10-22,909.77,Yahoo PSEI.PS
1987-10-23,875.88,Yahoo PSEI.PS
1987-10-26,812.24,Yahoo PSEI.PS
1987-10-27,819.83,Yahoo PSEI.PS
1987-10-28,806.24,Yahoo PSEI.PS
1987-10-29,738.21,Yahoo PSEI.PS
1987-10-30,755.04,Yahoo PSEI.PS
1987-11-02,784.99,Yahoo PSEI.PS
1987-11-03,789.71,Yahoo PSEI.PS
1987-11-04,763.56,Yahoo PSEI.PS
1987-11-05,755.07,Yahoo PSEI.PS
1987-11-06,751.05,Yahoo PSEI.PS
1987-11-09,753.84,Yahoo PSEI.PS
1987-11-10,749.63,Yahoo PSEI.PS
1987-11-11,710.23,Yahoo PSEI.PS
1987-11-12,690.34,Yahoo PSEI.PS
1987-11-13,703.49,Yahoo PSEI.PS
1987-11-16,691.27,Yahoo PSEI.PS
1987-11-17,668.37,Yahoo PSEI.PS
1987-11-18,639.57,Yahoo PSEI.PS
1987-11-19,647.22,Yahoo PSEI.PS
1987-11-20,661.90,Yahoo PSEI.PS
1987-11-23,673.24,Yahoo PSEI.PS
1987-11-24,695.61,Yahoo PSEI.PS
1987-11-25,705.12,Yahoo PSEI.PS
1987-11-26,705.12,Yahoo PSEI.PS
1987-11-27,708.33,Yahoo PSEI.PS
1987-11-30,708.33,Yahoo PSEI.PS
1987-12-01,693.00,Yahoo PSEI.PS
1987-12-02,674.95,Yahoo PSEI.PS
1987-12-03,667.06,Yahoo PSEI.PS
1987-12-04,660.58,Yahoo PSEI.PS
1987-12-07,649.64,Yahoo PSEI.PS
1987-12-08,651.89,Yahoo PSEI.PS
1987-12-09,664.92,Yahoo PSEI.PS
1987-12-10,687.55,Yahoo PSEI.PS
1987-12-11,690.21,Yahoo PSEI.PS
1987-12-14,710.91,Yahoo PSEI.PS
1987-12-15,710.87,Yahoo PSEI.PS
1987-12-16,697.78,Yahoo PSEI.PS
1987-12-17,716.34,Yahoo PSEI.PS
1987-12-18,721.88,Yahoo PSEI.PS
1987-12-21,743.08,Yahoo PSEI.PS
1987-12-22,747.73,Yahoo PSEI.PS
1987-12-23,780.22,Yahoo PSEI.PS
1987-12-24,802.81,Yahoo PSEI.PS
1987-12-28,801.20,Yahoo PSEI.PS
1987-12-29,816.21,Yahoo PSEI.PS
1988-01-04,832.32,Yahoo PSEI.PS
1988-01-05,820.96,Yahoo PSEI.PS
1988-01-06,833.60,Yahoo PSEI.PS
1988-01-07,850.86,Yahoo PSEI.PS
1988-01-08,878.02,Yahoo PSEI.PS
1988-01-11,863.97,Yahoo PSEI.PS
1988-01-12,870.77,Yahoo PSEI.PS
1988-01-13,851.17,Yahoo PSEI.PS
1988-01-14,820.77,Yahoo PSEI.PS
1988-01-15,837.78,Yahoo PSEI.PS
1988-01-18,837.78,Yahoo PSEI.PS
1988-01-19,863.00,Yahoo PSEI.PS
1988-01-20,867.99,Yahoo PSEI.PS
1988-01-21,878.78,Yahoo PSEI.PS
1988-01-22,865.13,Yahoo PSEI.PS
1988-01-25,850.43,Yahoo PSEI.PS
1988-01-26,851.79,Yahoo PSEI.PS
1988-01-27,847.77,Yahoo PSEI.PS
1988-01-28,829.73,Yahoo PSEI.PS
1988-01-29,827.36,Yahoo PSEI.PS
1988-02-01,793.32,Yahoo PSEI.PS
1988-02-02,806.98,Yahoo PSEI.PS
1988-02-03,828.67,Yahoo PSEI.PS
1988-02-04,841.70,Yahoo PSEI.PS
1988-02-05,826.59,Yahoo PSEI.PS
1988-02-08,818.32,Yahoo PSEI.PS
1988-02-09,803.44,Yahoo PSEI.PS
1988-02-10,808.31,Yahoo PSEI.PS
1988-02-11,802.74,Yahoo PSEI.PS
1988-02-12,800.74,Yahoo PSEI.PS
1988-02-15,802.94,Yahoo PSEI.PS
1988-02-16,817.95,Yahoo PSEI.PS
1988-02-17,802.92,Yahoo PSEI.PS
1988-02-18,797.17,Yahoo PSEI.PS
1988-02-19,792.26,Yahoo PSEI.PS
1988-02-22,777.64,Yahoo PSEI.PS
1988-02-23,776.95,Yahoo PSEI.PS
1988-02-24,783.14,Yahoo PSEI.PS
1988-02-25,783.14,Yahoo PSEI.PS
1988-02-26,779.00,Yahoo PSEI.PS
1988-02-29,761.94,Yahoo PSEI.PS
1988-03-01,766.68,Yahoo PSEI.PS
1988-03-02,783.71,Yahoo PSEI.PS
1988-03-03,796.29,Yahoo PSEI.PS
1988-03-04,777.39,Yahoo PSEI.PS
1988-03-07,763.29,Yahoo PSEI.PS
1988-03-08,754.88,Yahoo PSEI.PS
1988-03-09,760.16,Yahoo PSEI.PS
1988-03-10,756.39,Yahoo PSEI.PS
1988-03-11,753.95,Yahoo PSEI.PS
1988-03-14,764.27,Yahoo PSEI.PS
1988-03-15,761.91,Yahoo PSEI.PS
1988-03-16,758.46,Yahoo PSEI.PS
1988-03-17,748.73,Yahoo PSEI.PS
1988-03-18,756.38,Yahoo PSEI.PS
1988-03-21,755.13,Yahoo PSEI.PS
1988-03-22,751.94,Yahoo PSEI.PS
1988-03-23,746.12,Yahoo PSEI.PS
1988-03-24,749.74,Yahoo PSEI.PS
1988-03-25,750.03,Yahoo PSEI.PS
1988-03-28,748.30,Yahoo PSEI.PS
1988-03-29,754.04,Yahoo PSEI.PS
1988-03-30,753.92,Yahoo PSEI.PS
1988-03-31,753.92,Yahoo PSEI.PS
1988-04-01,753.92,Yahoo PSEI.PS
1988-04-04,740.76,Yahoo PSEI.PS
1988-04-05,742.68,Yahoo PSEI.PS
1988-04-06,750.75,Yahoo PSEI.PS
1988-04-07,749.74,Yahoo PSEI.PS
1988-04-08,749.88,Yahoo PSEI.PS
1988-04-11,750.06,Yahoo PSEI.PS
1988-04-12,747.41,Yahoo PSEI.PS
1988-04-13,741.00,Yahoo PSEI.PS
1988-04-14,748.32,Yahoo PSEI.PS
1988-04-15,748.82,Yahoo PSEI.PS
1988-04-18,764.21,Yahoo PSEI.PS
1988-04-19,775.80,Yahoo PSEI.PS
1988-04-20,760.07,Yahoo PSEI.PS
1988-04-21,751.69,Yahoo PSEI.PS
1988-04-22,788.89,Yahoo PSEI.PS
1988-04-25,782.89,Yahoo PSEI.PS
1988-04-26,776.97,Yahoo PSEI.PS
1988-04-27,779.85,Yahoo PSEI.PS
1988-04-28,789.46,Yahoo PSEI.PS
1988-04-29,797.67,Yahoo PSEI.PS
1988-05-02,800.56,Yahoo PSEI.PS
1988-05-03,793.98,Yahoo PSEI.PS
1988-05-04,798.56,Yahoo PSEI.PS
1988-05-05,799.91,Yahoo PSEI.PS
1988-05-06,786.18,Yahoo PSEI.PS
1988-05-09,775.47,Yahoo PSEI.PS
1988-05-10,785.76,Yahoo PSEI.PS
1988-05-11,790.50,Yahoo PSEI.PS
1988-05-12,790.93,Yahoo PSEI.PS
1988-05-13,794.37,Yahoo PSEI.PS
1988-05-16,791.30,Yahoo PSEI.PS
1988-05-17,793.79,Yahoo PSEI.PS
1988-05-18,805.28,Yahoo PSEI.PS
1988-05-19,825.46,Yahoo PSEI.PS
1988-05-20,824.75,Yahoo PSEI.PS
1988-05-23,823.81,Yahoo PSEI.PS
1988-05-24,812.84,Yahoo PSEI.PS
1988-05-25,805.91,Yahoo PSEI.PS
1988-05-26,807.23,Yahoo PSEI.PS
1988-05-27,808.10,Yahoo PSEI.PS
1988-05-30,804.08,Yahoo PSEI.PS
1988-05-31,803.93,Yahoo PSEI.PS
1988-06-01,812.91,Yahoo PSEI.PS
1988-06-02,820.78,Yahoo PSEI.PS
1988-06-03,836.43,Yahoo PSEI.PS
1988-06-06,853.12,Yahoo PSEI.PS
1988-06-07,854.39,Yahoo PSEI.PS
1988-06-08,847.98,Yahoo PSEI.PS
1988-06-09,850.19,Yahoo PSEI.PS
1988-06-10,853.66,Yahoo PSEI.PS
1988-06-13,845.38,Yahoo PSEI.PS
1988-06-14,848.68,Yahoo PSEI.PS
1988-06-15,856.65,Yahoo PSEI.PS
1988-06-16,856.67,Yahoo PSEI.PS
1988-06-17,858.58,Yahoo PSEI.PS
1988-06-20,866.91,Yahoo PSEI.PS
1988-06-21,868.21,Yahoo PSEI.PS
1988-06-22,883.20,Yahoo PSEI.PS
1988-06-23,875.23,Yahoo PSEI.PS
1988-06-24,865.47,Yahoo PSEI.PS
1988-06-27,854.75,Yahoo PSEI.PS
1988-06-28,843.40,Yahoo PSEI.PS
1988-06-29,844.44,Yahoo PSEI.PS
1988-06-30,844.21,Yahoo PSEI.PS
1988-07-01,847.52,Yahoo PSEI.PS
1988-07-04,844.86,Yahoo PSEI.PS
1988-07-05,850.56,Yahoo PSEI.PS
1988-07-06,857.45,Yahoo PSEI.PS
1988-07-07,855.38,Yahoo PSEI.PS
1988-07-08,851.32,Yahoo PSEI.PS
1988-07-11,845.51,Yahoo PSEI.PS
1988-07-12,839.90,Yahoo PSEI.PS
1988-07-13,843.00,Yahoo PSEI.PS
1988-07-14,842.22,Yahoo PSEI.PS
1988-07-15,844.31,Yahoo PSEI.PS
1988-07-18,845.58,Yahoo PSEI.PS
1988-07-19,850.03,Yahoo PSEI.PS
1988-07-20,870.20,Yahoo PSEI.PS
1988-07-21,868.79,Yahoo PSEI.PS
1988-07-22,870.69,Yahoo PSEI.PS
1988-07-25,873.70,Yahoo PSEI.PS
1988-07-26,863.05,Yahoo PSEI.PS
1988-07-27,853.90,Yahoo PSEI.PS
1988-07-28,860.19,Yahoo PSEI.PS
1988-07-29,865.51,Yahoo PSEI.PS
1988-08-01,864.22,Yahoo PSEI.PS
1988-08-02,872.62,Yahoo PSEI.PS
1988-08-03,864.74,Yahoo PSEI.PS
1988-08-04,850.49,Yahoo PSEI.PS
1988-08-05,841.99,Yahoo PSEI.PS
1988-08-08,825.05,Yahoo PSEI.PS
1988-08-09,829.00,Yahoo PSEI.PS
1988-08-10,822.21,Yahoo PSEI.PS
1988-08-11,808.34,Yahoo PSEI.PS
1988-08-12,802.22,Yahoo PSEI.PS
1988-08-15,798.25,Yahoo PSEI.PS
1988-08-16,805.23,Yahoo PSEI.PS
1988-08-17,796.04,Yahoo PSEI.PS
1988-08-18,820.16,Yahoo PSEI.PS
1988-08-19,815.37,Yahoo PSEI.PS
1988-08-22,791.87,Yahoo PSEI.PS
1988-08-23,780.17,Yahoo PSEI.PS
1988-08-24,762.22,Yahoo PSEI.PS
1988-08-25,738.08,Yahoo PSEI.PS
1988-08-26,756.89,Yahoo PSEI.PS
1988-08-29,760.63,Yahoo PSEI.PS
1988-08-30,773.75,Yahoo PSEI.PS
1988-08-31,780.10,Yahoo PSEI.PS
1988-09-01,769.41,Yahoo PSEI.PS
1988-09-02,758.20,Yahoo PSEI.PS
1988-09-05,762.26,Yahoo PSEI.PS
1988-09-06,757.74,Yahoo PSEI.PS
1988-09-07,753.05,Yahoo PSEI.PS
1988-09-08,749.89,Yahoo PSEI.PS
1988-09-09,750.85,Yahoo PSEI.PS
1988-09-12,749.51,Yahoo PSEI.PS
1988-09-13,753.97,Yahoo PSEI.PS
1988-09-14,746.41,Yahoo PSEI.PS
1988-09-15,744.49,Yahoo PSEI.PS
1988-09-16,745.54,Yahoo PSEI.PS
1988-09-19,742.06,Yahoo PSEI.PS
1988-09-20,740.55,Yahoo PSEI.PS
1988-09-21,736.17,Yahoo PSEI.PS
1988-09-22,731.89,Yahoo PSEI.PS
1988-09-23,729.82,Yahoo PSEI.PS
1988-09-26,724.74,Yahoo PSEI.PS
1988-09-27,719.87,Yahoo PSEI.PS
1988-09-28,703.32,Yahoo PSEI.PS
1988-09-29,688.42,Yahoo PSEI.PS
1988-09-30,696.90,Yahoo PSEI.PS
1988-10-03,697.88,Yahoo PSEI.PS
1988-10-04,684.39,Yahoo PSEI.PS
1988-10-05,684.78,Yahoo PSEI.PS
1988-10-06,687.09,Yahoo PSEI.PS
1988-10-07,697.30,Yahoo PSEI.PS
1988-10-10,716.55,Yahoo PSEI.PS
1988-10-11,716.46,Yahoo PSEI.PS
1988-10-12,720.69,Yahoo PSEI.PS
1988-10-13,723.67,Yahoo PSEI.PS
1988-10-14,725.95,Yahoo PSEI.PS
1988-10-17,743.21,Yahoo PSEI.PS
1988-10-18,741.71,Yahoo PSEI.PS
1988-10-19,738.30,Yahoo PSEI.PS
1988-10-20,732.93,Yahoo PSEI.PS
1988-10-21,739.17,Yahoo PSEI.PS
1988-10-24,737.47,Yahoo PSEI.PS
1988-10-25,737.47,Yahoo PSEI.PS
1988-10-26,719.98,Yahoo PSEI.PS
1988-10-27,720.30,Yahoo PSEI.PS
1988-10-28,723.60,Yahoo PSEI.PS
1988-10-31,723.60,Yahoo PSEI.PS
1988-11-01,723.60,Yahoo PSEI.PS
1988-11-02,721.42,Yahoo PSEI.PS
1988-11-03,728.18,Yahoo PSEI.PS
1988-11-04,727.99,Yahoo PSEI.PS
1988-11-07,730.91,Yahoo PSEI.PS
1988-11-08,727.65,Yahoo PSEI.PS
1988-11-09,736.72,Yahoo PSEI.PS
1988-11-10,737.90,Yahoo PSEI.PS
1988-11-11,725.33,Yahoo PSEI.PS
1988-11-14,717.34,Yahoo PSEI.PS
1988-11-15,728.93,Yahoo PSEI.PS
1988-11-16,726.46,Yahoo PSEI.PS
1988-11-17,719.59,Yahoo PSEI.PS
1988-11-18,719.37,Yahoo PSEI.PS
1988-11-21,718.01,Yahoo PSEI.PS
1988-11-22,717.32,Yahoo PSEI.PS
1988-11-23,724.47,Yahoo PSEI.PS
1988-11-24,731.93,Yahoo PSEI.PS
1988-11-25,731.90,Yahoo PSEI.PS
1988-11-28,735.18,Yahoo PSEI.PS
1988-11-29,729.35,Yahoo PSEI.PS
1988-11-30,729.35,Yahoo PSEI.PS
1988-12-01,737.83,Yahoo PSEI.PS
1988-12-02,755.49,Yahoo PSEI.PS
1988-12-05,763.80,Yahoo PSEI.PS
1988-12-06,758.60,Yahoo PSEI.PS
1988-12-07,757.99,Yahoo PSEI.PS
1988-12-08,756.19,Yahoo PSEI.PS
1988-12-09,759.83,Yahoo PSEI.PS
1988-12-12,756.78,Yahoo PSEI.PS
1988-12-13,765.04,Yahoo PSEI.PS
1988-12-14,777.87,Yahoo PSEI.PS
1988-12-15,775.74,Yahoo PSEI.PS
1988-12-16,781.27,Yahoo PSEI.PS
1988-12-19,803.95,Yahoo PSEI.PS
1988-12-20,815.02,Yahoo PSEI.PS
1988-12-21,809.74,Yahoo PSEI.PS
1988-12-22,796.65,Yahoo PSEI.PS
1988-12-23,796.90,Yahoo PSEI.PS
1988-12-26,808.32,Yahoo PSEI.PS
1988-12-27,822.24,Yahoo PSEI.PS
1988-12-28,821.31,Yahoo PSEI.PS
1988-12-29,839.00,Yahoo PSEI.PS
1988-12-30,839.00,Yahoo PSEI.PS
1989-01-02,844.76,Yahoo PSEI.PS
1989-01-03,823.75,Yahoo PSEI.PS
1989-01-04,846.02,Yahoo PSEI.PS
1989-01-05,845.94,Yahoo PSEI.PS
1989-01-06,850.74,Yahoo PSEI.PS
1989-01-09,850.97,Yahoo PSEI.PS
1989-01-10,840.62,Yahoo PSEI.PS
1989-01-11,835.56,Yahoo PSEI.PS
1989-01-12,832.54,Yahoo PSEI.PS
1989-01-13,837.38,Yahoo PSEI.PS
1989-01-16,843.86,Yahoo PSEI.PS
1989-01-17,852.65,Yahoo PSEI.PS
1989-01-18,862.37,Yahoo PSEI.PS
1989-01-19,859.72,Yahoo PSEI.PS
1989-01-20,855.03,Yahoo PSEI.PS
1989-01-23,854.23,Yahoo PSEI.PS
1989-01-24,848.67,Yahoo PSEI.PS
1989-01-25,845.30,Yahoo PSEI.PS
1989-01-26,845.10,Yahoo PSEI.PS
1989-01-27,845.69,Yahoo PSEI.PS
1989-01-30,846.36,Yahoo PSEI.PS
1989-01-31,837.11,Yahoo PSEI.PS
1989-02-01,822.51,Yahoo PSEI.PS
1989-02-02,823.33,Yahoo PSEI.PS
1989-02-03,813.26,Yahoo PSEI.PS
1989-02-06,804.39,Yahoo PSEI.PS
1989-02-07,804.41,Yahoo PSEI.PS
1989-02-08,814.69,Yahoo PSEI.PS
1989-02-09,826.30,Yahoo PSEI.PS
1989-02-10,837.11,Yahoo PSEI.PS
1989-02-13,834.55,Yahoo PSEI.PS
1989-02-14,818.91,Yahoo PSEI.PS
1989-02-15,817.56,Yahoo PSEI.PS
1989-02-16,820.76,Yahoo PSEI.PS
1989-02-17,825.40,Yahoo PSEI.PS
1989-02-20,820.45,Yahoo PSEI.PS
1989-02-21,822.54,Yahoo PSEI.PS
1989-02-22,836.73,Yahoo PSEI.PS
1989-02-23,838.68,Yahoo PSEI.PS
1989-02-24,836.70,Yahoo PSEI.PS
1989-02-27,843.38,Yahoo PSEI.PS
1989-02-28,863.52,Yahoo PSEI.PS
1989-03-01,871.10,Yahoo PSEI.PS
1989-03-02,883.23,Yahoo PSEI.PS
1989-03-03,904.27,Yahoo PSEI.PS
1989-03-06,926.06,Yahoo PSEI.PS
1989-03-07,912.88,Yahoo PSEI.PS
1989-03-08,908.44,Yahoo PSEI.PS
1989-03-09,914.30,Yahoo PSEI.PS
1989-03-10,929.14,Yahoo PSEI.PS
1989-03-13,930.21,Yahoo PSEI.PS
1989-03-14,904.97,Yahoo PSEI.PS
1989-03-15,875.04,Yahoo PSEI.PS
1989-03-16,869.40,Yahoo PSEI.PS
1989-03-17,868.55,Yahoo PSEI.PS
1989-03-20,871.86,Yahoo PSEI.PS
1989-03-21,878.20,Yahoo PSEI.PS
1989-03-22,893.39,Yahoo PSEI.PS
1989-03-23,893.39,Yahoo PSEI.PS
1989-03-24,893.39,Yahoo PSEI.PS
1989-03-27,882.27,Yahoo PSEI.PS
1989-03-28,882.27,Yahoo PSEI.PS
1989-03-29,888.16,Yahoo PSEI.PS
1989-03-30,888.29,Yahoo PSEI.PS
1989-03-31,907.53,Yahoo PSEI.PS
1989-04-03,940.83,Yahoo PSEI.PS
1989-04-04,945.53,Yahoo PSEI.PS
1989-04-05,947.91,Yahoo PSEI.PS
1989-04-06,946.38,Yahoo PSEI.PS
1989-04-07,934.90,Yahoo PSEI.PS
1989-04-10,922.28,Yahoo PSEI.PS
1989-04-11,924.76,Yahoo PSEI.PS
1989-04-12,920.19,Yahoo PSEI.PS
1989-04-13,924.61,Yahoo PSEI.PS
1989-04-14,933.71,Yahoo PSEI.PS
1989-04-17,936.95,Yahoo PSEI.PS
1989-04-18,944.10,Yahoo PSEI.PS
1989-04-19,955.80,Yahoo PSEI.PS
1989-04-20,959.16,Yahoo PSEI.PS
1989-04-21,980.09,Yahoo PSEI.PS
1989-04-24,984.12,Yahoo PSEI.PS
1989-04-25,992.26,Yahoo PSEI.PS
1989-04-26,970.65,Yahoo PSEI.PS
1989-04-27,980.17,Yahoo PSEI.PS
1989-04-28,1000.32,Yahoo PSEI.PS
1989-05-01,1000.32,Yahoo PSEI.PS
1989-05-02,1001.40,Yahoo PSEI.PS
1989-05-03,1007.42,Yahoo PSEI.PS
1989-05-04,1020.16,Yahoo PSEI.PS
1989-05-05,1041.53,Yahoo PSEI.PS
1989-05-08,1042.98,Yahoo PSEI.PS
1989-05-09,1037.61,Yahoo PSEI.PS
1989-05-10,1041.68,Yahoo PSEI.PS
1989-05-11,1056.40,Yahoo PSEI.PS
1989-05-12,1083.15,Yahoo PSEI.PS
1989-05-15,1094.52,Yahoo PSEI.PS
1989-05-16,1092.19,Yahoo PSEI.PS
1989-05-17,1075.89,Yahoo PSEI.PS
1989-05-18,1095.84,Yahoo PSEI.PS
1989-05-19,1084.15,Yahoo PSEI.PS
1989-05-22,1044.61,Yahoo PSEI.PS
1989-05-23,1042.71,Yahoo PSEI.PS
1989-05-24,1044.42,Yahoo PSEI.PS
1989-05-25,1020.28,Yahoo PSEI.PS
1989-05-26,1011.45,Yahoo PSEI.PS
1989-05-29,991.97,Yahoo PSEI.PS
1989-05-30,1018.10,Yahoo PSEI.PS
1989-05-31,1040.45,Yahoo PSEI.PS
1989-06-01,1023.94,Yahoo PSEI.PS
1989-06-02,1041.74,Yahoo PSEI.PS
1989-06-05,1031.75,Yahoo PSEI.PS
1989-06-06,1015.63,Yahoo PSEI.PS
1989-06-07,1027.63,Yahoo PSEI.PS
1989-06-08,1054.18,Yahoo PSEI.PS
1989-06-09,1046.40,Yahoo PSEI.PS
1989-06-12,1046.40,Yahoo PSEI.PS
1989-06-13,1040.60,Yahoo PSEI.PS
1989-06-14,1040.56,Yahoo PSEI.PS
1989-06-15,1040.23,Yahoo PSEI.PS
1989-06-16,1047.44,Yahoo PSEI.PS
1989-06-19,1060.67,Yahoo PSEI.PS
1989-06-20,1061.01,Yahoo PSEI.PS
1989-06-21,1068.28,Yahoo PSEI.PS
1989-06-22,1065.53,Yahoo PSEI.PS
1989-06-23,1065.21,Yahoo PSEI.PS
1989-06-26,1058.33,Yahoo PSEI.PS
1989-06-27,1053.94,Yahoo PSEI.PS
1989-06-28,1042.40,Yahoo PSEI.PS
1989-06-29,1029.77,Yahoo PSEI.PS
1989-06-30,1011.51,Yahoo PSEI.PS
1989-07-03,1003.85,Yahoo PSEI.PS
1989-07-04,976.26,Yahoo PSEI.PS
1989-07-05,986.70,Yahoo PSEI.PS
1989-07-06,1006.86,Yahoo PSEI.PS
1989-07-07,1004.87,Yahoo PSEI.PS
1989-07-10,1010.31,Yahoo PSEI.PS
1989-07-11,1011.02,Yahoo PSEI.PS
1989-07-12,1020.19,Yahoo PSEI.PS
1989-07-13,1035.35,Yahoo PSEI.PS
1989-07-14,1037.72,Yahoo PSEI.PS
1989-07-17,1037.13,Yahoo PSEI.PS
1989-07-18,1034.29,Yahoo PSEI.PS
1989-07-19,1046.95,Yahoo PSEI.PS
1989-07-20,1057.26,Yahoo PSEI.PS
1989-07-21,1073.17,Yahoo PSEI.PS
1989-07-24,1087.37,Yahoo PSEI.PS
1989-07-25,1089.31,Yahoo PSEI.PS
1989-07-26,1119.62,Yahoo PSEI.PS
1989-07-27,1148.65,Yahoo PSEI.PS
1989-07-28,1195.38,Yahoo PSEI.PS
1989-07-31,1168.36,Yahoo PSEI.PS
1989-08-01,1152.38,Yahoo PSEI.PS
1989-08-02,1167.82,Yahoo PSEI.PS
1989-08-03,1200.36,Yahoo PSEI.PS
1989-08-04,1190.61,Yahoo PSEI.PS
1989-08-07,1176.78,Yahoo PSEI.PS
1989-08-08,1195.86,Yahoo PSEI.PS
1989-08-09,1203.33,Yahoo PSEI.PS
1989-08-10,1212.92,Yahoo PSEI.PS
1989-08-11,1203.14,Yahoo PSEI.PS
1989-08-14,1180.64,Yahoo PSEI.PS
1989-08-15,1158.19,Yahoo PSEI.PS
1989-08-16,1148.77,Yahoo PSEI.PS
1989-08-17,1133.58,Yahoo PSEI.PS
1989-08-18,1134.83,Yahoo PSEI.PS
1989-08-21,1126.54,Yahoo PSEI.PS
1989-08-22,1129.73,Yahoo PSEI.PS
1989-08-23,1147.14,Yahoo PSEI.PS
1989-08-24,1155.18,Yahoo PSEI.PS
1989-08-25,1152.68,Yahoo PSEI.PS
1989-08-28,1143.86,Yahoo PSEI.PS
1989-08-29,1127.63,Yahoo PSEI.PS
1989-08-30,1118.60,Yahoo PSEI.PS
1989-08-31,1123.47,Yahoo PSEI.PS
1989-09-01,1157.25,Yahoo PSEI.PS
1989-09-04,1150.53,Yahoo PSEI.PS
1989-09-05,1144.84,Yahoo PSEI.PS
1989-09-06,1152.25,Yahoo PSEI.PS
1989-09-07,1140.46,Yahoo PSEI.PS
1989-09-08,1149.05,Yahoo PSEI.PS
1989-09-11,1133.47,Yahoo PSEI.PS
1989-09-12,1126.49,Yahoo PSEI.PS
1989-09-13,1123.66,Yahoo PSEI.PS
1989-09-14,1126.62,Yahoo PSEI.PS
1989-09-15,1135.68,Yahoo PSEI.PS
1989-09-18,1133.66,Yahoo PSEI.PS
1989-09-19,1121.57,Yahoo PSEI.PS
1989-09-20,1121.48,Yahoo PSEI.PS
1989-09-21,1128.74,Yahoo PSEI.PS
1989-09-22,1125.09,Yahoo PSEI.PS
1989-09-25,1143.62,Yahoo PSEI.PS
1989-09-26,1148.05,Yahoo PSEI.PS
1989-09-27,1149.13,Yahoo PSEI.PS
1989-09-28,1150.11,Yahoo PSEI.PS
1989-09-29,1142.27,Yahoo PSEI.PS
1989-10-02,1124.47,Yahoo PSEI.PS
1989-10-03,1115.02,Yahoo PSEI.PS
1989-10-04,1123.03,Yahoo PSEI.PS
1989-10-05,1156.98,Yahoo PSEI.PS
1989-10-06,1209.53,Yahoo PSEI.PS
1989-10-09,1242.14,Yahoo PSEI.PS
1989-10-10,1234.88,Yahoo PSEI.PS
1989-10-11,1234.88,Yahoo PSEI.PS
1989-10-12,1260.06,Yahoo PSEI.PS
1989-10-13,1280.60,Yahoo PSEI.PS
1989-10-16,1205.23,Yahoo PSEI.PS
1989-10-17,1217.62,Yahoo PSEI.PS
1989-10-18,1189.74,Yahoo PSEI.PS
1989-10-19,1210.21,Yahoo PSEI.PS
1989-10-20,1256.25,Yahoo PSEI.PS
1989-10-23,1282.44,Yahoo PSEI.PS
1989-10-24,1282.32,Yahoo PSEI.PS
1989-10-25,1273.27,Yahoo PSEI.PS
1989-10-26,1271.74,Yahoo PSEI.PS
1989-10-27,1260.17,Yahoo PSEI.PS
1989-10-30,1271.96,Yahoo PSEI.PS
1989-10-31,1300.07,Yahoo PSEI.PS
1989-11-01,1300.07,Yahoo PSEI.PS
1989-11-02,1313.55,Yahoo PSEI.PS
1989-11-03,1301.71,Yahoo PSEI.PS
1989-11-06,1342.98,Yahoo PSEI.PS
1989-11-07,1337.05,Yahoo PSEI.PS
1989-11-08,1350.23,Yahoo PSEI.PS
1989-11-09,1352.16,Yahoo PSEI.PS
1989-11-10,1352.96,Yahoo PSEI.PS
1989-11-13,1379.07,Yahoo PSEI.PS
1989-11-14,1386.57,Yahoo PSEI.PS
1989-11-15,1373.65,Yahoo PSEI.PS
1989-11-16,1359.91,Yahoo PSEI.PS
1989-11-17,1376.39,Yahoo PSEI.PS
1989-11-20,1395.36,Yahoo PSEI.PS
1989-11-21,1385.50,Yahoo PSEI.PS
1989-11-22,1385.50,Yahoo PSEI.PS
1989-11-23,1374.14,Yahoo PSEI.PS
1989-11-24,1368.40,Yahoo PSEI.PS
1989-11-27,1348.65,Yahoo PSEI.PS
1989-11-28,1340.88,Yahoo PSEI.PS
1989-11-29,1313.61,Yahoo PSEI.PS
1989-11-30,1313.61,Yahoo PSEI.PS
1989-12-01,1313.61,Yahoo PSEI.PS
1989-12-04,1313.61,Yahoo PSEI.PS
1989-12-05,1313.61,Yahoo PSEI.PS
1989-12-06,1313.61,Yahoo PSEI.PS
1989-12-07,1313.61,Yahoo PSEI.PS
1989-12-08,1313.61,Yahoo PSEI.PS
1989-12-11,1199.87,Yahoo PSEI.PS
1989-12-12,1160.95,Yahoo PSEI.PS
1989-12-13,1099.72,Yahoo PSEI.PS
1989-12-14,1065.54,Yahoo PSEI.PS
1989-12-15,999.42,Yahoo PSEI.PS
1989-12-18,985.06,Yahoo PSEI.PS
1989-12-19,990.78,Yahoo PSEI.PS
1989-12-20,1034.05,Yahoo PSEI.PS
1989-12-21,1058.92,Yahoo PSEI.PS
1989-12-22,1086.37,Yahoo PSEI.PS
1989-12-26,1137.71,Yahoo PSEI.PS
1989-12-27,1123.14,Yahoo PSEI.PS
1989-12-28,1110.83,Yahoo PSEI.PS
1989-12-29,1110.64,Yahoo PSEI.PS
1990-01-02,1120.76,Yahoo PSEI.PS
1990-01-03,1114.74,Yahoo PSEI.PS
1990-01-04,1129.25,Yahoo PSEI.PS
1990-01-05,1128.61,Yahoo PSEI.PS
1990-01-08,1131.37,Yahoo PSEI.PS
1990-01-09,1124.16,Yahoo PSEI.PS
1990-01-10,1124.15,Yahoo PSEI.PS
1990-01-11,1114.84,Yahoo PSEI.PS
1990-01-12,1105.05,Yahoo PSEI.PS
1990-01-15,1085.71,Yahoo PSEI.PS
1990-01-16,1061.30,Yahoo PSEI.PS
1990-01-17,1065.07,Yahoo PSEI.PS
1990-01-18,1067.48,Yahoo PSEI.PS
1990-01-19,1087.76,Yahoo PSEI.PS
1990-01-22,1090.44,Yahoo PSEI.PS
1990-01-23,1079.46,Yahoo PSEI.PS
1990-01-24,1069.27,Yahoo PSEI.PS
1990-01-25,1060.64,Yahoo PSEI.PS
1990-01-26,1052.47,Yahoo PSEI.PS
1990-01-29,1069.00,Yahoo PSEI.PS
1990-01-30,1066.28,Yahoo PSEI.PS
1990-01-31,1052.59,Yahoo PSEI.PS
1990-02-01,1047.35,Yahoo PSEI.PS
1990-02-02,1021.54,Yahoo PSEI.PS
1990-02-05,1020.61,Yahoo PSEI.PS
1990-02-06,1032.38,Yahoo PSEI.PS
1990-02-07,1037.22,Yahoo PSEI.PS
1990-02-08,1037.04,Yahoo PSEI.PS
1990-02-09,1043.96,Yahoo PSEI.PS
1990-02-12,1048.09,Yahoo PSEI.PS
1990-02-13,1058.26,Yahoo PSEI.PS
1990-02-14,1060.66,Yahoo PSEI.PS
1990-02-15,1039.53,Yahoo PSEI.PS
1990-02-16,1045.03,Yahoo PSEI.PS
1990-02-19,1052.61,Yahoo PSEI.PS
1990-02-20,1051.88,Yahoo PSEI.PS
1990-02-21,1046.62,Yahoo PSEI.PS
1990-02-22,1043.65,Yahoo PSEI.PS
1990-02-23,1038.07,Yahoo PSEI.PS
1990-02-26,1032.50,Yahoo PSEI.PS
1990-02-27,1027.32,Yahoo PSEI.PS
1990-02-28,1022.05,Yahoo PSEI.PS
1990-03-01,1024.28,Yahoo PSEI.PS
1990-03-02,1033.33,Yahoo PSEI.PS
1990-03-05,1021.35,Yahoo PSEI.PS
1990-03-06,1028.04,Yahoo PSEI.PS
1990-03-07,1036.12,Yahoo PSEI.PS
1990-03-08,1042.37,Yahoo PSEI.PS
1990-03-09,1044.72,Yahoo PSEI.PS
1990-03-12,1045.26,Yahoo PSEI.PS
1990-03-13,1065.38,Yahoo PSEI.PS
1990-03-14,1089.86,Yahoo PSEI.PS
1990-03-15,1121.20,Yahoo PSEI.PS
1990-03-16,1132.87,Yahoo PSEI.PS
1990-03-19,1154.42,Yahoo PSEI.PS
1990-03-20,1122.37,Yahoo PSEI.PS
1990-03-21,1163.65,Yahoo PSEI.PS
1990-03-22,1139.17,Yahoo PSEI.PS
1990-03-23,1121.90,Yahoo PSEI.PS
1990-03-26,1133.85,Yahoo PSEI.PS
1990-03-27,1134.46,Yahoo PSEI.PS
1990-03-28,1126.80,Yahoo PSEI.PS
1990-03-29,1105.65,Yahoo PSEI.PS
1990-03-30,1104.31,Yahoo PSEI.PS
1990-04-02,1098.09,Yahoo PSEI.PS
1990-04-03,1091.89,Yahoo PSEI.PS
1990-04-04,1102.39,Yahoo PSEI.PS
1990-04-05,1096.92,Yahoo PSEI.PS
1990-04-06,1093.97,Yahoo PSEI.PS
1990-04-09,1093.97,Yahoo PSEI.PS
1990-04-10,1084.88,Yahoo PSEI.PS
1990-04-11,1100.27,Yahoo PSEI.PS
1990-04-12,1100.27,Yahoo PSEI.PS
1990-04-13,1100.27,Yahoo PSEI.PS
1990-04-16,1101.45,Yahoo PSEI.PS
1990-04-17,1104.52,Yahoo PSEI.PS
1990-04-18,1099.50,Yahoo PSEI.PS
1990-04-19,1089.60,Yahoo PSEI.PS
1990-04-20,1082.22,Yahoo PSEI.PS
1990-04-23,1067.41,Yahoo PSEI.PS
1990-04-24,1051.32,Yahoo PSEI.PS
1990-04-25,1038.53,Yahoo PSEI.PS
1990-04-26,1016.48,Yahoo PSEI.PS
1990-04-27,979.60,Yahoo PSEI.PS
1990-04-30,945.37,Yahoo PSEI.PS
1990-05-01,945.37,Yahoo PSEI.PS
1990-05-02,970.85,Yahoo PSEI.PS
1990-05-03,956.42,Yahoo PSEI.PS
1990-05-04,960.44,Yahoo PSEI.PS
1990-05-07,982.13,Yahoo PSEI.PS
1990-05-08,991.16,Yahoo PSEI.PS
1990-05-09,1001.53,Yahoo PSEI.PS
1990-05-10,979.93,Yahoo PSEI.PS
1990-05-11,982.56,Yahoo PSEI.PS
1990-05-14,980.26,Yahoo PSEI.PS
1990-05-15,980.34,Yahoo PSEI.PS
1990-05-16,978.49,Yahoo PSEI.PS
1990-05-17,965.89,Yahoo PSEI.PS
1990-05-18,930.10,Yahoo PSEI.PS
1990-05-21,936.67,Yahoo PSEI.PS
1990-05-22,915.44,Yahoo PSEI.PS
1990-05-23,884.95,Yahoo PSEI.PS
1990-05-24,879.59,Yahoo PSEI.PS
1990-05-25,904.90,Yahoo PSEI.PS
1990-05-28,886.95,Yahoo PSEI.PS
1990-05-29,864.69,Yahoo PSEI.PS
1990-05-30,803.16,Yahoo PSEI.PS
1990-05-31,822.29,Yahoo PSEI.PS
1990-06-01,821.87,Yahoo PSEI.PS
1990-06-04,804.69,Yahoo PSEI.PS
1990-06-05,778.03,Yahoo PSEI.PS
1990-06-06,745.73,Yahoo PSEI.PS
1990-06-07,775.77,Yahoo PSEI.PS
1990-06-08,778.48,Yahoo PSEI.PS
1990-06-11,807.89,Yahoo PSEI.PS
1990-06-12,807.89,Yahoo PSEI.PS
1990-06-13,859.59,Yahoo PSEI.PS
1990-06-14,866.06,Yahoo PSEI.PS
1990-06-15,895.72,Yahoo PSEI.PS
1990-06-18,924.73,Yahoo PSEI.PS
1990-06-19,915.69,Yahoo PSEI.PS
1990-06-20,927.14,Yahoo PSEI.PS
1990-06-21,931.60,Yahoo PSEI.PS
1990-06-22,948.46,Yahoo PSEI.PS
1990-06-25,923.46,Yahoo PSEI.PS
1990-06-26,909.03,Yahoo PSEI.PS
1990-06-27,899.89,Yahoo PSEI.PS
1990-06-28,901.57,Yahoo PSEI.PS
1990-06-29,890.85,Yahoo PSEI.PS
1990-07-02,877.00,Yahoo PSEI.PS
1990-07-03,854.32,Yahoo PSEI.PS
1990-07-04,841.52,Yahoo PSEI.PS
1990-07-05,874.80,Yahoo PSEI.PS
1990-07-06,878.22,Yahoo PSEI.PS
1990-07-09,887.93,Yahoo PSEI.PS
1990-07-10,894.79,Yahoo PSEI.PS
1990-07-11,894.72,Yahoo PSEI.PS
1990-07-12,892.93,Yahoo PSEI.PS
1990-07-13,887.47,Yahoo PSEI.PS
1990-07-16,896.40,Yahoo PSEI.PS
1990-07-17,903.11,Yahoo PSEI.PS
1990-07-18,887.71,Yahoo PSEI.PS
1990-07-19,884.42,Yahoo PSEI.PS
1990-07-20,888.67,Yahoo PSEI.PS
1990-07-23,888.51,Yahoo PSEI.PS
1990-07-24,891.40,Yahoo PSEI.PS
1990-07-25,896.36,Yahoo PSEI.PS
1990-07-26,922.07,Yahoo PSEI.PS
1990-07-27,929.92,Yahoo PSEI.PS
1990-07-30,940.19,Yahoo PSEI.PS
1990-07-31,941.05,Yahoo PSEI.PS
1990-08-01,942.26,Yahoo PSEI.PS
1990-08-02,943.68,Yahoo PSEI.PS
1990-08-03,923.94,Yahoo PSEI.PS
1990-08-06,902.67,Yahoo PSEI.PS
1990-08-07,878.04,Yahoo PSEI.PS
1990-08-08,875.23,Yahoo PSEI.PS
1990-08-09,875.12,Yahoo PSEI.PS
1990-08-10,860.91,Yahoo PSEI.PS
1990-08-13,827.87,Yahoo PSEI.PS
1990-08-14,833.63,Yahoo PSEI.PS
1990-08-15,848.46,Yahoo PSEI.PS
1990-08-16,848.71,Yahoo PSEI.PS
1990-08-17,838.74,Yahoo PSEI.PS
1990-08-20,792.22,Yahoo PSEI.PS
1990-08-21,789.37,Yahoo PSEI.PS
1990-08-22,738.26,Yahoo PSEI.PS
1990-08-23,687.62,Yahoo PSEI.PS
1990-08-24,701.38,Yahoo PSEI.PS
1990-08-27,727.51,Yahoo PSEI.PS
1990-08-28,752.91,Yahoo PSEI.PS
1990-08-29,748.90,Yahoo PSEI.PS
1990-08-30,740.79,Yahoo PSEI.PS
1990-08-31,751.86,Yahoo PSEI.PS
1990-09-03,751.35,Yahoo PSEI.PS
1990-09-04,734.44,Yahoo PSEI.PS
1990-09-05,727.18,Yahoo PSEI.PS
1990-09-06,723.90,Yahoo PSEI.PS
1990-09-07,718.76,Yahoo PSEI.PS
1990-09-10,708.21,Yahoo PSEI.PS
1990-09-11,697.76,Yahoo PSEI.PS
1990-09-12,674.95,Yahoo PSEI.PS
1990-09-13,673.95,Yahoo PSEI.PS
1990-09-14,649.02,Yahoo PSEI.PS
1990-09-17,627.86,Yahoo PSEI.PS
1990-09-18,617.53,Yahoo PSEI.PS
1990-09-19,625.19,Yahoo PSEI.PS
1990-09-20,644.18,Yahoo PSEI.PS
1990-09-21,628.95,Yahoo PSEI.PS
1990-09-24,609.47,Yahoo PSEI.PS
1990-09-25,568.91,Yahoo PSEI.PS
1990-09-26,555.95,Yahoo PSEI.PS
1990-09-27,546.90,Yahoo PSEI.PS
1990-09-28,548.29,Yahoo PSEI.PS
1990-10-01,538.18,Yahoo PSEI.PS
1990-10-02,540.32,Yahoo PSEI.PS
1990-10-03,550.52,Yahoo PSEI.PS
1990-10-04,517.52,Yahoo PSEI.PS
1990-10-05,516.21,Yahoo PSEI.PS
1990-10-08,566.37,Yahoo PSEI.PS
1990-10-09,573.75,Yahoo PSEI.PS
1990-10-10,553.63,Yahoo PSEI.PS
1990-10-11,541.43,Yahoo PSEI.PS
1990-10-12,546.06,Yahoo PSEI.PS
1990-10-15,538.75,Yahoo PSEI.PS
1990-10-16,538.35,Yahoo PSEI.PS
1990-10-17,540.02,Yahoo PSEI.PS
1990-10-18,539.23,Yahoo PSEI.PS
1990-10-19,542.30,Yahoo PSEI.PS
1990-10-22,548.87,Yahoo PSEI.PS
1990-10-23,557.72,Yahoo PSEI.PS
1990-10-24,574.94,Yahoo PSEI.PS
1990-10-25,615.18,Yahoo PSEI.PS
1990-10-26,620.20,Yahoo PSEI.PS
1990-10-29,608.41,Yahoo PSEI.PS
1990-10-30,599.51,Yahoo PSEI.PS
1990-10-31,613.40,Yahoo PSEI.PS
1990-11-01,613.40,Yahoo PSEI.PS
1990-11-02,601.58,Yahoo PSEI.PS
1990-11-05,602.51,Yahoo PSEI.PS
1990-11-06,616.48,Yahoo PSEI.PS
1990-11-07,610.89,Yahoo PSEI.PS
1990-11-08,599.41,Yahoo PSEI.PS
1990-11-09,597.82,Yahoo PSEI.PS
1990-11-12,596.56,Yahoo PSEI.PS
1990-11-13,612.58,Yahoo PSEI.PS
1990-11-14,617.96,Yahoo PSEI.PS
1990-11-15,648.95,Yahoo PSEI.PS
1990-11-16,649.35,Yahoo PSEI.PS
1990-11-19,655.40,Yahoo PSEI.PS
1990-11-20,678.06,Yahoo PSEI.PS
1990-11-21,665.13,Yahoo PSEI.PS
1990-11-22,657.35,Yahoo PSEI.PS
1990-11-23,646.44,Yahoo PSEI.PS
1990-11-26,638.19,Yahoo PSEI.PS
1990-11-27,614.96,Yahoo PSEI.PS
1990-11-28,619.13,Yahoo PSEI.PS
1990-11-29,622.47,Yahoo PSEI.PS
1990-11-30,622.47,Yahoo PSEI.PS
1990-12-03,631.89,Yahoo PSEI.PS
1990-12-04,635.04,Yahoo PSEI.PS
1990-12-05,616.28,Yahoo PSEI.PS
1990-12-06,620.76,Yahoo PSEI.PS
1990-12-07,626.34,Yahoo PSEI.PS
1990-12-10,647.17,Yahoo PSEI.PS
1990-12-11,666.93,Yahoo PSEI.PS
1990-12-12,679.95,Yahoo PSEI.PS
1990-12-13,687.32,Yahoo PSEI.PS
1990-12-14,693.70,Yahoo PSEI.PS
1990-12-17,678.31,Yahoo PSEI.PS
1990-12-18,660.91,Yahoo PSEI.PS
1990-12-19,662.08,Yahoo PSEI.PS
1990-12-20,670.29,Yahoo PSEI.PS
1990-12-21,666.27,Yahoo PSEI.PS
1990-12-24,666.27,Yahoo PSEI.PS
1990-12-26,660.51,Yahoo PSEI.PS
1990-12-27,653.72,Yahoo PSEI.PS
1990-12-28,653.11,Yahoo PSEI.PS
1991-01-02,630.62,Yahoo PSEI.PS
1991-01-03,598.16,Yahoo PSEI.PS
1991-01-04,613.58,Yahoo PSEI.PS
1991-01-07,605.92,Yahoo PSEI.PS
1991-01-08,599.10,Yahoo PSEI.PS
1991-01-09,590.26,Yahoo PSEI.PS
1991-01-10,587.46,Yahoo PSEI.PS
1991-01-11,591.60,Yahoo PSEI.PS
1991-01-14,609.30,Yahoo PSEI.PS
1991-01-15,598.48,Yahoo PSEI.PS
1991-01-16,604.86,Yahoo PSEI.PS
1991-01-17,632.51,Yahoo PSEI.PS
1991-01-18,666.97,Yahoo PSEI.PS
1991-01-21,650.82,Yahoo PSEI.PS
1991-01-22,653.82,Yahoo PSEI.PS
1991-01-23,653.09,Yahoo PSEI.PS
1991-01-24,669.02,Yahoo PSEI.PS
1991-01-25,694.00,Yahoo PSEI.PS
1991-01-28,711.06,Yahoo PSEI.PS
1991-01-29,727.29,Yahoo PSEI.PS
1991-01-30,747.56,Yahoo PSEI.PS
1991-01-31,756.71,Yahoo PSEI.PS
1991-02-01,742.33,Yahoo PSEI.PS
1991-02-04,758.77,Yahoo PSEI.PS
1991-02-05,810.04,Yahoo PSEI.PS
1991-02-06,867.38,Yahoo PSEI.PS
1991-02-07,862.77,Yahoo PSEI.PS
1991-02-08,849.04,Yahoo PSEI.PS
1991-02-11,877.24,Yahoo PSEI.PS
1991-02-12,893.27,Yahoo PSEI.PS
1991-02-13,869.49,Yahoo PSEI.PS
1991-02-14,869.86,Yahoo PSEI.PS
1991-02-15,877.52,Yahoo PSEI.PS
1991-02-18,890.57,Yahoo PSEI.PS
1991-02-19,898.98,Yahoo PSEI.PS
1991-02-20,919.63,Yahoo PSEI.PS
1991-02-21,936.00,Yahoo PSEI.PS
1991-02-22,961.83,Yahoo PSEI.PS
1991-02-25,1012.20,Yahoo PSEI.PS
1991-02-26,981.60,Yahoo PSEI.PS
1991-02-27,972.11,Yahoo PSEI.PS
1991-02-28,987.08,Yahoo PSEI.PS
1991-03-01,967.65,Yahoo PSEI.PS
1991-03-04,942.23,Yahoo PSEI.PS
1991-03-05,942.66,Yahoo PSEI.PS
1991-03-06,968.46,Yahoo PSEI.PS
1991-03-07,976.92,Yahoo PSEI.PS
1991-03-08,990.20,Yahoo PSEI.PS
1991-03-11,994.52,Yahoo PSEI.PS
1991-03-12,1024.17,Yahoo PSEI.PS
1991-03-13,1033.66,Yahoo PSEI.PS
1991-03-14,1015.10,Yahoo PSEI.PS
1991-03-15,1009.60,Yahoo PSEI.PS
1991-03-18,1011.26,Yahoo PSEI.PS
1991-03-19,1023.18,Yahoo PSEI.PS
1991-03-20,995.84,Yahoo PSEI.PS
1991-03-21,992.98,Yahoo PSEI.PS
1991-03-22,1007.83,Yahoo PSEI.PS
1991-03-25,1040.45,Yahoo PSEI.PS
1991-03-26,1075.16,Yahoo PSEI.PS
1991-03-27,1106.94,Yahoo PSEI.PS
1991-03-28,1106.94,Yahoo PSEI.PS
1991-03-29,1106.94,Yahoo PSEI.PS
1991-04-01,1125.62,Yahoo PSEI.PS
1991-04-02,1122.68,Yahoo PSEI.PS
1991-04-03,1116.07,Yahoo PSEI.PS
1991-04-04,1131.72,Yahoo PSEI.PS
1991-04-05,1156.18,Yahoo PSEI.PS
1991-04-08,1161.15,Yahoo PSEI.PS
1991-04-09,1161.15,Yahoo PSEI.PS
1991-04-10,1074.90,Yahoo PSEI.PS
1991-04-11,1067.46,Yahoo PSEI.PS
1991-04-12,1076.80,Yahoo PSEI.PS
1991-04-15,1102.37,Yahoo PSEI.PS
1991-04-16,1095.25,Yahoo PSEI.PS
1991-04-17,1087.12,Yahoo PSEI.PS
1991-04-18,1095.10,Yahoo PSEI.PS
1991-04-19,1078.05,Yahoo PSEI.PS
1991-04-22,1031.20,Yahoo PSEI.PS
1991-04-23,1027.66,Yahoo PSEI.PS
1991-04-24,1052.48,Yahoo PSEI.PS
1991-04-25,1054.33,Yahoo PSEI.PS
1991-04-26,1052.57,Yahoo PSEI.PS
1991-04-29,1041.57,Yahoo PSEI.PS
1991-04-30,1063.55,Yahoo PSEI.PS
1991-05-01,1063.55,Yahoo PSEI.PS
1991-05-02,1068.62,Yahoo PSEI.PS
1991-05-03,1065.52,Yahoo PSEI.PS
1991-05-06,1060.57,Yahoo PSEI.PS
1991-05-07,1108.34,Yahoo PSEI.PS
1991-05-08,1119.36,Yahoo PSEI.PS
1991-05-09,1123.85,Yahoo PSEI.PS
1991-05-10,1123.72,Yahoo PSEI.PS
1991-05-13,1114.59,Yahoo PSEI.PS
1991-05-14,1130.61,Yahoo PSEI.PS
1991-05-15,1126.79,Yahoo PSEI.PS
1991-05-16,1116.19,Yahoo PSEI.PS
1991-05-17,1124.39,Yahoo PSEI.PS
1991-05-20,1150.59,Yahoo PSEI.PS
1991-05-21,1166.88,Yahoo PSEI.PS
1991-05-22,1183.26,Yahoo PSEI.PS
1991-05-23,1175.79,Yahoo PSEI.PS
1991-05-24,1202.73,Yahoo PSEI.PS
1991-05-27,1185.94,Yahoo PSEI.PS
1991-05-28,1174.44,Yahoo PSEI.PS
1991-05-29,1192.75,Yahoo PSEI.PS
1991-05-30,1181.77,Yahoo PSEI.PS
1991-05-31,1180.80,Yahoo PSEI.PS
1991-06-03,1158.61,Yahoo PSEI.PS
1991-06-04,1157.84,Yahoo PSEI.PS
1991-06-05,1147.54,Yahoo PSEI.PS
1991-06-06,1150.25,Yahoo PSEI.PS
1991-06-07,1162.45,Yahoo PSEI.PS
1991-06-10,1153.35,Yahoo PSEI.PS
1991-06-11,1156.70,Yahoo PSEI.PS
1991-06-12,1156.70,Yahoo PSEI.PS
1991-06-13,1153.62,Yahoo PSEI.PS
1991-06-14,1148.70,Yahoo PSEI.PS
1991-06-17,1102.21,Yahoo PSEI.PS
1991-06-18,1092.35,Yahoo PSEI.PS
1991-06-19,1120.44,Yahoo PSEI.PS
1991-06-20,1108.77,Yahoo PSEI.PS
1991-06-21,1090.53,Yahoo PSEI.PS
1991-06-24,1058.02,Yahoo PSEI.PS
1991-06-25,1031.68,Yahoo PSEI.PS
1991-06-26,1055.63,Yahoo PSEI.PS
1991-06-27,1051.41,Yahoo PSEI.PS
1991-06-28,1065.35,Yahoo PSEI.PS
1991-07-01,1062.24,Yahoo PSEI.PS
1991-07-02,1069.78,Yahoo PSEI.PS
1991-07-03,1081.59,Yahoo PSEI.PS
1991-07-04,1101.91,Yahoo PSEI.PS
1991-07-05,1070.21,Yahoo PSEI.PS
1991-07-08,1033.30,Yahoo PSEI.PS
1991-07-09,1005.64,Yahoo PSEI.PS
1991-07-10,997.08,Yahoo PSEI.PS
1991-07-11,990.08,Yahoo PSEI.PS
1991-07-12,993.37,Yahoo PSEI.PS
1991-07-15,998.19,Yahoo PSEI.PS
1991-07-16,995.31,Yahoo PSEI.PS
1991-07-17,982.26,Yahoo PSEI.PS
1991-07-18,990.79,Yahoo PSEI.PS
1991-07-19,1027.91,Yahoo PSEI.PS
1991-07-22,1027.91,Yahoo PSEI.PS
1991-07-23,1017.91,Yahoo PSEI.PS
1991-07-24,1012.53,Yahoo PSEI.PS
1991-07-25,994.87,Yahoo PSEI.PS
1991-07-26,999.98,Yahoo PSEI.PS
1991-07-29,1000.50,Yahoo PSEI.PS
1991-07-30,1024.68,Yahoo PSEI.PS
1991-07-31,1021.80,Yahoo PSEI.PS
1991-08-01,1011.10,Yahoo PSEI.PS
1991-08-02,1016.72,Yahoo PSEI.PS
1991-08-05,1023.47,Yahoo PSEI.PS
1991-08-06,1020.02,Yahoo PSEI.PS
1991-08-07,1015.05,Yahoo PSEI.PS
1991-08-08,992.38,Yahoo PSEI.PS
1991-08-09,977.15,Yahoo PSEI.PS
1991-08-12,973.41,Yahoo PSEI.PS
1991-08-13,952.03,Yahoo PSEI.PS
1991-08-14,938.71,Yahoo PSEI.PS
1991-08-15,956.82,Yahoo PSEI.PS
1991-08-16,957.20,Yahoo PSEI.PS
1991-08-19,951.87,Yahoo PSEI.PS
1991-08-20,925.39,Yahoo PSEI.PS
1991-08-21,927.86,Yahoo PSEI.PS
1991-08-22,963.41,Yahoo PSEI.PS
1991-08-23,974.47,Yahoo PSEI.PS
1991-08-26,999.29,Yahoo PSEI.PS
1991-08-27,1014.03,Yahoo PSEI.PS
1991-08-28,1029.61,Yahoo PSEI.PS
1991-08-29,1031.54,Yahoo PSEI.PS
1991-08-30,1021.83,Yahoo PSEI.PS
1991-09-02,1022.17,Yahoo PSEI.PS
1991-09-03,1027.12,Yahoo PSEI.PS
1991-09-04,1019.53,Yahoo PSEI.PS
1991-09-05,1019.54,Yahoo PSEI.PS
1991-09-06,1009.59,Yahoo PSEI.PS
1991-09-09,965.69,Yahoo PSEI.PS
1991-09-10,965.69,Yahoo PSEI.PS
1991-09-11,901.57,Yahoo PSEI.PS
1991-09-12,905.06,Yahoo PSEI.PS
1991-09-13,923.05,Yahoo PSEI.PS
1991-09-16,910.64,Yahoo PSEI.PS
1991-09-17,912.80,Yahoo PSEI.PS
1991-09-18,912.41,Yahoo PSEI.PS
1991-09-19,912.14,Yahoo PSEI.PS
1991-09-20,910.69,Yahoo PSEI.PS
1991-09-23,913.65,Yahoo PSEI.PS
1991-09-24,972.66,Yahoo PSEI.PS
1991-09-25,973.84,Yahoo PSEI.PS
1991-09-26,967.27,Yahoo PSEI.PS
1991-09-27,967.37,Yahoo PSEI.PS
1991-09-30,943.35,Yahoo PSEI.PS
1991-10-01,946.69,Yahoo PSEI.PS
1991-10-02,955.39,Yahoo PSEI.PS
1991-10-03,965.28,Yahoo PSEI.PS
1991-10-04,994.35,Yahoo PSEI.PS
1991-10-07,1004.69,Yahoo PSEI.PS
1991-10-08,990.11,Yahoo PSEI.PS
1991-10-09,988.66,Yahoo PSEI.PS
1991-10-10,977.11,Yahoo PSEI.PS
1991-10-11,985.48,Yahoo PSEI.PS
1991-10-14,1016.41,Yahoo PSEI.PS
1991-10-15,1036.15,Yahoo PSEI.PS
1991-10-16,1039.66,Yahoo PSEI.PS
1991-10-17,1025.24,Yahoo PSEI.PS
1991-10-18,1022.85,Yahoo PSEI.PS
1991-10-21,1028.06,Yahoo PSEI.PS
1991-10-22,1018.11,Yahoo PSEI.PS
1991-10-23,1019.62,Yahoo PSEI.PS
1991-10-24,1012.77,Yahoo PSEI.PS
1991-10-25,1011.55,Yahoo PSEI.PS
1991-10-28,1010.50,Yahoo PSEI.PS
1991-10-29,1012.61,Yahoo PSEI.PS
1991-10-30,1024.24,Yahoo PSEI.PS
1991-10-31,1030.80,Yahoo PSEI.PS
1991-11-01,1030.80,Yahoo PSEI.PS
1991-11-04,1030.10,Yahoo PSEI.PS
1991-11-05,1035.84,Yahoo PSEI.PS
1991-11-06,1041.25,Yahoo PSEI.PS
1991-11-07,1056.91,Yahoo PSEI.PS
1991-11-08,1083.73,Yahoo PSEI.PS
1991-11-11,1126.86,Yahoo PSEI.PS
1991-11-12,1110.86,Yahoo PSEI.PS
1991-11-13,1122.08,Yahoo PSEI.PS
1991-11-14,1139.76,Yahoo PSEI.PS
1991-11-15,1134.00,Yahoo PSEI.PS
1991-11-18,1101.17,Yahoo PSEI.PS
1991-11-19,1103.36,Yahoo PSEI.PS
1991-11-20,1098.12,Yahoo PSEI.PS
1991-11-21,1109.05,Yahoo PSEI.PS
1991-11-22,1109.52,Yahoo PSEI.PS
1991-11-25,1106.20,Yahoo PSEI.PS
1991-11-26,1092.06,Yahoo PSEI.PS
1991-11-27,1095.91,Yahoo PSEI.PS
1991-11-28,1094.12,Yahoo PSEI.PS
1991-11-29,1089.66,Yahoo PSEI.PS
1991-12-02,1097.50,Yahoo PSEI.PS
1991-12-03,1108.09,Yahoo PSEI.PS
1991-12-04,1107.42,Yahoo PSEI.PS
1991-12-05,1121.57,Yahoo PSEI.PS
1991-12-06,1106.50,Yahoo PSEI.PS
1991-12-09,1118.14,Yahoo PSEI.PS
1991-12-10,1152.49,Yahoo PSEI.PS
1991-12-11,1136.65,Yahoo PSEI.PS
1991-12-12,1132.06,Yahoo PSEI.PS
1991-12-13,1133.85,Yahoo PSEI.PS
1991-12-16,1121.80,Yahoo PSEI.PS
1991-12-17,1120.19,Yahoo PSEI.PS
1991-12-18,1123.99,Yahoo PSEI.PS
1991-12-19,1120.62,Yahoo PSEI.PS
1991-12-20,1124.66,Yahoo PSEI.PS
1991-12-23,1122.37,Yahoo PSEI.PS
1991-12-24,1129.87,Yahoo PSEI.PS
1991-12-26,1144.30,Yahoo PSEI.PS
1991-12-27,1154.26,Yahoo PSEI.PS
1992-01-02,1177.10,Yahoo PSEI.PS
1992-01-03,1224.98,Yahoo PSEI.PS
1992-01-06,1233.77,Yahoo PSEI.PS
1992-01-07,1243.86,Yahoo PSEI.PS
1992-01-08,1237.25,Yahoo PSEI.PS
1992-01-09,1216.07,Yahoo PSEI.PS
1992-01-10,1227.68,Yahoo PSEI.PS
1992-01-13,1234.78,Yahoo PSEI.PS
1992-01-14,1247.02,Yahoo PSEI.PS
1992-01-15,1272.07,Yahoo PSEI.PS
1992-01-16,1286.08,Yahoo PSEI.PS
1992-01-17,1317.63,Yahoo PSEI.PS
1992-01-20,1314.78,Yahoo PSEI.PS
1992-01-21,1314.75,Yahoo PSEI.PS
1992-01-22,1294.67,Yahoo PSEI.PS
1992-01-23,1296.40,Yahoo PSEI.PS
1992-01-24,1293.27,Yahoo PSEI.PS
1992-01-27,1279.71,Yahoo PSEI.PS
1992-01-28,1241.08,Yahoo PSEI.PS
1992-01-29,1255.06,Yahoo PSEI.PS
1992-01-30,1246.09,Yahoo PSEI.PS
1992-01-31,1267.21,Yahoo PSEI.PS
1992-02-03,1280.57,Yahoo PSEI.PS
1992-02-04,1273.18,Yahoo PSEI.PS
1992-02-05,1263.26,Yahoo PSEI.PS
1992-02-06,1269.38,Yahoo PSEI.PS
1992-02-07,1264.36,Yahoo PSEI.PS
1992-02-10,1247.54,Yahoo PSEI.PS
1992-02-11,1221.52,Yahoo PSEI.PS
1992-02-12,1238.07,Yahoo PSEI.PS
1992-02-13,1232.61,Yahoo PSEI.PS
1992-02-14,1214.41,Yahoo PSEI.PS
1992-02-17,1191.32,Yahoo PSEI.PS
1992-02-18,1183.58,Yahoo PSEI.PS
1992-02-19,1153.35,Yahoo PSEI.PS
1992-02-20,1147.05,Yahoo PSEI.PS
1992-02-21,1171.61,Yahoo PSEI.PS
1992-02-24,1203.39,Yahoo PSEI.PS
1992-02-25,1222.46,Yahoo PSEI.PS
1992-02-26,1203.14,Yahoo PSEI.PS
1992-02-27,1215.83,Yahoo PSEI.PS
1992-02-28,1197.80,Yahoo PSEI.PS
1992-03-02,1181.16,Yahoo PSEI.PS
1992-03-03,1170.47,Yahoo PSEI.PS
1992-03-04,1171.89,Yahoo PSEI.PS
1992-03-05,1169.29,Yahoo PSEI.PS
1992-03-06,1128.87,Yahoo PSEI.PS
1992-03-09,1117.02,Yahoo PSEI.PS
1992-03-10,1126.38,Yahoo PSEI.PS
1992-03-11,1132.77,Yahoo PSEI.PS
1992-03-12,1134.87,Yahoo PSEI.PS
1992-03-13,1134.14,Yahoo PSEI.PS
1992-03-16,1120.69,Yahoo PSEI.PS
1992-03-17,1097.17,Yahoo PSEI.PS
1992-03-18,1111.48,Yahoo PSEI.PS
1992-03-19,1118.47,Yahoo PSEI.PS
1992-03-20,1131.22,Yahoo PSEI.PS
1992-03-23,1115.41,Yahoo PSEI.PS
1992-03-24,1111.02,Yahoo PSEI.PS
1992-03-25,1100.00,Yahoo PSEI.PS
1992-03-26,1102.91,Yahoo PSEI.PS
1992-03-27,1097.53,Yahoo PSEI.PS
1992-03-30,1099.69,Yahoo PSEI.PS
1992-03-31,1105.73,Yahoo PSEI.PS
1992-04-01,1109.93,Yahoo PSEI.PS
1992-04-02,1111.11,Yahoo PSEI.PS
1992-04-03,1121.97,Yahoo PSEI.PS
1992-04-06,1138.17,Yahoo PSEI.PS
1992-04-07,1151.56,Yahoo PSEI.PS
1992-04-08,1149.07,Yahoo PSEI.PS
1992-04-09,1149.07,Yahoo PSEI.PS
1992-04-10,1148.38,Yahoo PSEI.PS
1992-04-13,1139.67,Yahoo PSEI.PS
1992-04-14,1161.02,Yahoo PSEI.PS
1992-04-15,1181.70,Yahoo PSEI.PS
1992-04-16,1181.70,Yahoo PSEI.PS
1992-04-17,1181.70,Yahoo PSEI.PS
1992-04-20,1191.31,Yahoo PSEI.PS
1992-04-21,1184.82,Yahoo PSEI.PS
1992-04-22,1178.81,Yahoo PSEI.PS
1992-04-23,1187.46,Yahoo PSEI.PS
1992-04-24,1191.85,Yahoo PSEI.PS
1992-04-27,1204.83,Yahoo PSEI.PS
1992-04-28,1221.18,Yahoo PSEI.PS
1992-04-29,1241.17,Yahoo PSEI.PS
1992-04-30,1248.72,Yahoo PSEI.PS
1992-05-01,1248.72,Yahoo PSEI.PS
1992-05-04,1257.00,Yahoo PSEI.PS
1992-05-05,1258.80,Yahoo PSEI.PS
1992-05-06,1222.51,Yahoo PSEI.PS
1992-05-07,1242.70,Yahoo PSEI.PS
1992-05-08,1246.98,Yahoo PSEI.PS
1992-05-11,1246.98,Yahoo PSEI.PS
1992-05-12,1246.98,Yahoo PSEI.PS
1992-05-13,1340.01,Yahoo PSEI.PS
1992-05-14,1350.34,Yahoo PSEI.PS
1992-05-15,1349.77,Yahoo PSEI.PS
1992-05-18,1331.55,Yahoo PSEI.PS
1992-05-19,1351.10,Yahoo PSEI.PS
1992-05-20,1372.84,Yahoo PSEI.PS
1992-05-21,1389.27,Yahoo PSEI.PS
1992-05-22,1396.36,Yahoo PSEI.PS
1992-05-25,1450.01,Yahoo PSEI.PS
1992-05-26,1451.13,Yahoo PSEI.PS
1992-05-27,1440.23,Yahoo PSEI.PS
1992-05-28,1422.20,Yahoo PSEI.PS
1992-05-29,1416.74,Yahoo PSEI.PS
1992-06-01,1408.33,Yahoo PSEI.PS
1992-06-02,1418.44,Yahoo PSEI.PS
1992-06-03,1458.08,Yahoo PSEI.PS
1992-06-04,1513.11,Yahoo PSEI.PS
1992-06-05,1534.40,Yahoo PSEI.PS
1992-06-08,1597.36,Yahoo PSEI.PS
1992-06-09,1583.28,Yahoo PSEI.PS
1992-06-10,1591.20,Yahoo PSEI.PS
1992-06-11,1597.74,Yahoo PSEI.PS
1992-06-12,1597.74,Yahoo PSEI.PS
1992-06-15,1589.99,Yahoo PSEI.PS
1992-06-16,1596.09,Yahoo PSEI.PS
1992-06-17,1554.95,Yahoo PSEI.PS
1992-06-18,1517.38,Yahoo PSEI.PS
1992-06-19,1506.08,Yahoo PSEI.PS
1992-06-22,1532.17,Yahoo PSEI.PS
1992-06-23,1470.77,Yahoo PSEI.PS
1992-06-24,1493.51,Yahoo PSEI.PS
1992-06-25,1495.55,Yahoo PSEI.PS
1992-06-26,1543.41,Yahoo PSEI.PS
1992-06-29,1566.87,Yahoo PSEI.PS
1992-06-30,1566.87,Yahoo PSEI.PS
1992-07-01,1541.16,Yahoo PSEI.PS
1992-07-02,1526.89,Yahoo PSEI.PS
1992-07-03,1492.70,Yahoo PSEI.PS
1992-07-06,1514.62,Yahoo PSEI.PS
1992-07-07,1514.62,Yahoo PSEI.PS
1992-07-08,1490.92,Yahoo PSEI.PS
1992-07-09,1446.84,Yahoo PSEI.PS
1992-07-10,1490.58,Yahoo PSEI.PS
1992-07-13,1459.50,Yahoo PSEI.PS
1992-07-14,1449.19,Yahoo PSEI.PS
1992-07-15,1436.70,Yahoo PSEI.PS
1992-07-16,1462.13,Yahoo PSEI.PS
1992-07-17,1463.01,Yahoo PSEI.PS
1992-07-20,1463.66,Yahoo PSEI.PS
1992-07-21,1447.42,Yahoo PSEI.PS
1992-07-22,1460.84,Yahoo PSEI.PS
1992-07-23,1483.58,Yahoo PSEI.PS
1992-07-24,1477.59,Yahoo PSEI.PS
1992-07-27,1487.50,Yahoo PSEI.PS
1992-07-28,1488.52,Yahoo PSEI.PS
1992-07-29,1497.99,Yahoo PSEI.PS
1992-07-30,1509.75,Yahoo PSEI.PS
1992-07-31,1508.66,Yahoo PSEI.PS
1992-08-03,1493.95,Yahoo PSEI.PS
1992-08-04,1500.74,Yahoo PSEI.PS
1992-08-05,1496.69,Yahoo PSEI.PS
1992-08-06,1478.04,Yahoo PSEI.PS
1992-08-07,1477.54,Yahoo PSEI.PS
1992-08-10,1460.08,Yahoo PSEI.PS
1992-08-11,1458.68,Yahoo PSEI.PS
1992-08-12,1482.43,Yahoo PSEI.PS
1992-08-13,1503.36,Yahoo PSEI.PS
1992-08-14,1528.97,Yahoo PSEI.PS
1992-08-17,1534.46,Yahoo PSEI.PS
1992-08-18,1536.60,Yahoo PSEI.PS
1992-08-19,1532.40,Yahoo PSEI.PS
1992-08-20,1500.34,Yahoo PSEI.PS
1992-08-21,1486.32,Yahoo PSEI.PS
1992-08-24,1468.92,Yahoo PSEI.PS
1992-08-25,1455.98,Yahoo PSEI.PS
1992-08-26,1467.15,Yahoo PSEI.PS
1992-08-27,1442.99,Yahoo PSEI.PS
1992-08-28,1400.27,Yahoo PSEI.PS
1992-08-31,1393.14,Yahoo PSEI.PS
1992-09-01,1380.32,Yahoo PSEI.PS
1992-09-02,1406.70,Yahoo PSEI.PS
1992-09-03,1407.35,Yahoo PSEI.PS
1992-09-04,1406.37,Yahoo PSEI.PS
1992-09-07,1431.07,Yahoo PSEI.PS
1992-09-08,1423.30,Yahoo PSEI.PS
1992-09-09,1421.97,Yahoo PSEI.PS
1992-09-10,1426.95,Yahoo PSEI.PS
1992-09-11,1433.52,Yahoo PSEI.PS
1992-09-14,1432.09,Yahoo PSEI.PS
1992-09-15,1440.01,Yahoo PSEI.PS
1992-09-16,1443.06,Yahoo PSEI.PS
1992-09-17,1439.05,Yahoo PSEI.PS
1992-09-18,1434.88,Yahoo PSEI.PS
1992-09-21,1422.69,Yahoo PSEI.PS
1992-09-22,1409.37,Yahoo PSEI.PS
1992-09-23,1399.88,Yahoo PSEI.PS
1992-09-24,1395.46,Yahoo PSEI.PS
1992-09-25,1396.70,Yahoo PSEI.PS
1992-09-28,1399.76,Yahoo PSEI.PS
1992-09-29,1406.62,Yahoo PSEI.PS
1992-09-30,1421.14,Yahoo PSEI.PS
1992-10-01,1431.55,Yahoo PSEI.PS
1992-10-02,1443.17,Yahoo PSEI.PS
1992-10-05,1455.14,Yahoo PSEI.PS
1992-10-06,1430.44,Yahoo PSEI.PS
1992-10-07,1424.96,Yahoo PSEI.PS
1992-10-08,1418.33,Yahoo PSEI.PS
1992-10-09,1415.79,Yahoo PSEI.PS
1992-10-12,1409.12,Yahoo PSEI.PS
1992-10-13,1412.59,Yahoo PSEI.PS
1992-10-14,1397.36,Yahoo PSEI.PS
1992-10-15,1381.58,Yahoo PSEI.PS
1992-10-16,1381.94,Yahoo PSEI.PS
1992-10-19,1369.54,Yahoo PSEI.PS
1992-10-20,1356.74,Yahoo PSEI.PS
1992-10-21,1365.35,Yahoo PSEI.PS
1992-10-22,1342.88,Yahoo PSEI.PS
1992-10-23,1336.00,Yahoo PSEI.PS
1992-10-26,1336.00,Yahoo PSEI.PS
1992-10-27,1337.76,Yahoo PSEI.PS
1992-10-28,1344.85,Yahoo PSEI.PS
1992-10-29,1369.57,Yahoo PSEI.PS
1992-10-30,1372.36,Yahoo PSEI.PS
1992-11-02,1372.36,Yahoo PSEI.PS
1992-11-03,1365.63,Yahoo PSEI.PS
1992-11-04,1374.88,Yahoo PSEI.PS
1992-11-05,1370.31,Yahoo PSEI.PS
1992-11-06,1364.63,Yahoo PSEI.PS
1992-11-09,1356.73,Yahoo PSEI.PS
1992-11-10,1353.21,Yahoo PSEI.PS
1992-11-11,1349.62,Yahoo PSEI.PS
1992-11-12,1354.81,Yahoo PSEI.PS
1992-11-13,1360.08,Yahoo PSEI.PS
1992-11-16,1354.11,Yahoo PSEI.PS
1992-11-17,1339.89,Yahoo PSEI.PS
1992-11-18,1329.65,Yahoo PSEI.PS
1992-11-19,1326.09,Yahoo PSEI.PS
1992-11-20,1317.95,Yahoo PSEI.PS
1992-11-23,1315.22,Yahoo PSEI.PS
1992-11-24,1305.12,Yahoo PSEI.PS
1992-11-25,1295.40,Yahoo PSEI.PS
1992-11-26,1275.99,Yahoo PSEI.PS
1992-11-27,1276.96,Yahoo PSEI.PS
1992-11-30,1276.96,Yahoo PSEI.PS
1992-12-01,1281.72,Yahoo PSEI.PS
1992-12-02,1289.46,Yahoo PSEI.PS
1992-12-03,1295.36,Yahoo PSEI.PS
1992-12-04,1295.36,Yahoo PSEI.PS
1992-12-07,1297.20,Yahoo PSEI.PS
1992-12-08,1293.53,Yahoo PSEI.PS
1992-12-09,1280.52,Yahoo PSEI.PS
1992-12-10,1265.86,Yahoo PSEI.PS
1992-12-11,1244.69,Yahoo PSEI.PS
1992-12-14,1219.16,Yahoo PSEI.PS
1992-12-15,1197.10,Yahoo PSEI.PS
1992-12-16,1233.75,Yahoo PSEI.PS
1992-12-17,1239.47,Yahoo PSEI.PS
1992-12-18,1226.76,Yahoo PSEI.PS
1992-12-21,1220.17,Yahoo PSEI.PS
1992-12-22,1220.36,Yahoo PSEI.PS
1992-12-23,1237.06,Yahoo PSEI.PS
1992-12-24,1245.42,Yahoo PSEI.PS
1992-12-28,1252.43,Yahoo PSEI.PS
1992-12-29,1272.40,Yahoo PSEI.PS
1993-01-04,1282.97,Yahoo PSEI.PS
1993-01-05,1285.56,Yahoo PSEI.PS
1993-01-06,1291.26,Yahoo PSEI.PS
1993-01-07,1304.80,Yahoo PSEI.PS
1993-01-08,1327.28,Yahoo PSEI.PS
1993-01-11,1328.33,Yahoo PSEI.PS
1993-01-12,1322.84,Yahoo PSEI.PS
1993-01-13,1335.61,Yahoo PSEI.PS
1993-01-14,1332.60,Yahoo PSEI.PS
1993-01-15,1326.80,Yahoo PSEI.PS
1993-01-18,1318.51,Yahoo PSEI.PS
1993-01-19,1295.72,Yahoo PSEI.PS
1993-01-20,1325.25,Yahoo PSEI.PS
1993-01-21,1348.23,Yahoo PSEI.PS
1993-01-22,1353.93,Yahoo PSEI.PS
1993-01-25,1353.44,Yahoo PSEI.PS
1993-01-26,1330.97,Yahoo PSEI.PS
1993-01-27,1341.58,Yahoo PSEI.PS
1993-01-28,1350.70,Yahoo PSEI.PS
1993-01-29,1354.91,Yahoo PSEI.PS
1993-02-01,1349.64,Yahoo PSEI.PS
1993-02-02,1348.02,Yahoo PSEI.PS
1993-02-03,1345.73,Yahoo PSEI.PS
1993-02-04,1346.12,Yahoo PSEI.PS
1993-02-05,1356.96,Yahoo PSEI.PS
1993-02-08,1390.04,Yahoo PSEI.PS
1993-02-09,1388.76,Yahoo PSEI.PS
1993-02-10,1394.77,Yahoo PSEI.PS
1993-02-11,1420.41,Yahoo PSEI.PS
1993-02-12,1415.96,Yahoo PSEI.PS
1993-02-15,1417.93,Yahoo PSEI.PS
1993-02-16,1423.87,Yahoo PSEI.PS
1993-02-17,1422.71,Yahoo PSEI.PS
1993-02-18,1473.27,Yahoo PSEI.PS
1993-02-19,1492.61,Yahoo PSEI.PS
1993-02-22,1487.25,Yahoo PSEI.PS
1993-02-23,1489.66,Yahoo PSEI.PS
1993-02-24,1498.18,Yahoo PSEI.PS
1993-02-25,1498.18,Yahoo PSEI.PS
1993-02-26,1538.22,Yahoo PSEI.PS
1993-03-01,1511.54,Yahoo PSEI.PS
1993-03-02,1493.64,Yahoo PSEI.PS
1993-03-03,1531.92,Yahoo PSEI.PS
1993-03-04,1558.34,Yahoo PSEI.PS
1993-03-05,1560.74,Yahoo PSEI.PS
1993-03-08,1544.78,Yahoo PSEI.PS
1993-03-09,1547.95,Yahoo PSEI.PS
1993-03-10,1547.74,Yahoo PSEI.PS
1993-03-11,1519.27,Yahoo PSEI.PS
1993-03-12,1508.82,Yahoo PSEI.PS
1993-03-15,1488.10,Yahoo PSEI.PS
1993-03-16,1490.14,Yahoo PSEI.PS
1993-03-17,1471.73,Yahoo PSEI.PS
1993-03-18,1450.21,Yahoo PSEI.PS
1993-03-19,1467.77,Yahoo PSEI.PS
1993-03-22,1471.81,Yahoo PSEI.PS
1993-03-23,1455.66,Yahoo PSEI.PS
1993-03-24,1476.63,Yahoo PSEI.PS
1993-03-25,1468.58,Yahoo PSEI.PS
1993-03-26,1466.14,Yahoo PSEI.PS
1993-03-29,1455.23,Yahoo PSEI.PS
1993-03-30,1464.65,Yahoo PSEI.PS
1993-03-31,1471.34,Yahoo PSEI.PS
1993-04-01,1475.97,Yahoo PSEI.PS
1993-04-02,1498.40,Yahoo PSEI.PS
1993-04-05,1531.24,Yahoo PSEI.PS
1993-04-06,1544.20,Yahoo PSEI.PS
1993-04-07,1569.78,Yahoo PSEI.PS
1993-04-08,1569.78,Yahoo PSEI.PS
1993-04-09,1569.78,Yahoo PSEI.PS
1993-04-12,1581.18,Yahoo PSEI.PS
1993-04-13,1583.88,Yahoo PSEI.PS
1993-04-14,1597.74,Yahoo PSEI.PS
1993-04-15,1599.99,Yahoo PSEI.PS
1993-04-16,1591.57,Yahoo PSEI.PS
1993-04-19,1585.82,Yahoo PSEI.PS
1993-04-20,1570.48,Yahoo PSEI.PS
1993-04-21,1546.10,Yahoo PSEI.PS
1993-04-22,1550.57,Yahoo PSEI.PS
1993-04-23,1559.95,Yahoo PSEI.PS
1993-04-26,1566.94,Yahoo PSEI.PS
1993-04-27,1567.58,Yahoo PSEI.PS
1993-04-28,1580.46,Yahoo PSEI.PS
1993-04-29,1610.63,Yahoo PSEI.PS
1993-04-30,1620.99,Yahoo PSEI.PS
1993-05-03,1634.71,Yahoo PSEI.PS
1993-05-04,1653.50,Yahoo PSEI.PS
1993-05-05,1670.63,Yahoo PSEI.PS
1993-05-06,1658.99,Yahoo PSEI.PS
1993-05-07,1667.49,Yahoo PSEI.PS
1993-05-10,1654.69,Yahoo PSEI.PS
1993-05-11,1629.01,Yahoo PSEI.PS
1993-05-12,1618.29,Yahoo PSEI.PS
1993-05-13,1612.43,Yahoo PSEI.PS
1993-05-14,1620.58,Yahoo PSEI.PS
1993-05-17,1632.96,Yahoo PSEI.PS
1993-05-18,1608.43,Yahoo PSEI.PS
1993-05-19,1590.60,Yahoo PSEI.PS
1993-05-20,1589.32,Yahoo PSEI.PS
1993-05-21,1588.75,Yahoo PSEI.PS
1993-05-24,1596.52,Yahoo PSEI.PS
1993-05-25,1608.52,Yahoo PSEI.PS
1993-05-26,1624.17,Yahoo PSEI.PS
1993-05-27,1622.12,Yahoo PSEI.PS
1993-05-28,1616.21,Yahoo PSEI.PS
1993-05-31,1601.58,Yahoo PSEI.PS
1993-06-01,1595.20,Yahoo PSEI.PS
1993-06-02,1589.59,Yahoo PSEI.PS
1993-06-03,1596.54,Yahoo PSEI.PS
1993-06-04,1600.19,Yahoo PSEI.PS
1993-06-07,1620.06,Yahoo PSEI.PS
1993-06-08,1616.18,Yahoo PSEI.PS
1993-06-09,1598.12,Yahoo PSEI.PS
1993-06-10,1591.90,Yahoo PSEI.PS
1993-06-11,1595.96,Yahoo PSEI.PS
1993-06-14,1592.20,Yahoo PSEI.PS
1993-06-15,1586.09,Yahoo PSEI.PS
1993-06-16,1583.11,Yahoo PSEI.PS
1993-06-17,1591.37,Yahoo PSEI.PS
1993-06-18,1590.35,Yahoo PSEI.PS
1993-06-21,1588.63,Yahoo PSEI.PS
1993-06-22,1586.90,Yahoo PSEI.PS
1993-06-23,1568.83,Yahoo PSEI.PS
1993-06-24,1561.26,Yahoo PSEI.PS
1993-06-25,1560.33,Yahoo PSEI.PS
1993-06-28,1569.96,Yahoo PSEI.PS
1993-06-29,1584.20,Yahoo PSEI.PS
1993-06-30,1593.41,Yahoo PSEI.PS
1993-07-01,1603.34,Yahoo PSEI.PS
1993-07-02,1602.95,Yahoo PSEI.PS
1993-07-05,1596.24,Yahoo PSEI.PS
1993-07-06,1608.80,Yahoo PSEI.PS
1993-07-07,1625.94,Yahoo PSEI.PS
1993-07-08,1649.65,Yahoo PSEI.PS
1993-07-09,1653.58,Yahoo PSEI.PS
1993-07-12,1648.85,Yahoo PSEI.PS
1993-07-13,1644.20,Yahoo PSEI.PS
1993-07-14,1643.20,Yahoo PSEI.PS
1993-07-15,1643.91,Yahoo PSEI.PS
1993-07-16,1638.01,Yahoo PSEI.PS
1993-07-19,1644.15,Yahoo PSEI.PS
1993-07-20,1674.90,Yahoo PSEI.PS
1993-07-21,1706.74,Yahoo PSEI.PS
1993-07-22,1733.04,Yahoo PSEI.PS
1993-07-23,1738.31,Yahoo PSEI.PS
1993-07-26,1729.50,Yahoo PSEI.PS
1993-07-27,1762.73,Yahoo PSEI.PS
1993-07-28,1763.58,Yahoo PSEI.PS
1993-07-29,1760.51,Yahoo PSEI.PS
1993-07-30,1773.29,Yahoo PSEI.PS
1993-08-02,1800.98,Yahoo PSEI.PS
1993-08-03,1806.22,Yahoo PSEI.PS
1993-08-04,1788.45,Yahoo PSEI.PS
1993-08-05,1783.43,Yahoo PSEI.PS
1993-08-06,1768.23,Yahoo PSEI.PS
1993-08-09,1741.76,Yahoo PSEI.PS
1993-08-10,1757.05,Yahoo PSEI.PS
1993-08-11,1768.57,Yahoo PSEI.PS
1993-08-12,1775.56,Yahoo PSEI.PS
1993-08-13,1782.61,Yahoo PSEI.PS
1993-08-16,1788.46,Yahoo PSEI.PS
1993-08-17,1797.51,Yahoo PSEI.PS
1993-08-18,1789.91,Yahoo PSEI.PS
1993-08-19,1789.42,Yahoo PSEI.PS
1993-08-20,1800.93,Yahoo PSEI.PS
1993-08-23,1819.90,Yahoo PSEI.PS
1993-08-24,1817.86,Yahoo PSEI.PS
1993-08-25,1801.91,Yahoo PSEI.PS
1993-08-26,1790.40,Yahoo PSEI.PS
1993-08-27,1790.05,Yahoo PSEI.PS
1993-08-30,1798.25,Yahoo PSEI.PS
1993-08-31,1804.10,Yahoo PSEI.PS
1993-09-01,1856.21,Yahoo PSEI.PS
1993-09-02,1873.51,Yahoo PSEI.PS
1993-09-03,1902.58,Yahoo PSEI.PS
1993-09-06,1899.46,Yahoo PSEI.PS
1993-09-07,1911.60,Yahoo PSEI.PS
1993-09-08,1908.99,Yahoo PSEI.PS
1993-09-09,1941.16,Yahoo PSEI.PS
1993-09-10,1946.78,Yahoo PSEI.PS
1993-09-13,2003.62,Yahoo PSEI.PS
1993-09-14,1979.46,Yahoo PSEI.PS
1993-09-15,1980.00,Yahoo PSEI.PS
1993-09-16,2003.45,Yahoo PSEI.PS
1993-09-17,2020.23,Yahoo PSEI.PS
1993-09-20,1997.46,Yahoo PSEI.PS
1993-09-21,1967.44,Yahoo PSEI.PS
1993-09-22,1945.26,Yahoo PSEI.PS
1993-09-23,1966.16,Yahoo PSEI.PS
1993-09-24,1981.39,Yahoo PSEI.PS
1993-09-27,1984.86,Yahoo PSEI.PS
1993-09-28,1987.48,Yahoo PSEI.PS
1993-09-29,2012.09,Yahoo PSEI.PS
1993-09-30,1998.90,Yahoo PSEI.PS
1993-10-01,1988.94,Yahoo PSEI.PS
1993-10-04,1933.10,Yahoo PSEI.PS
1993-10-05,1981.26,Yahoo PSEI.PS
1993-10-06,1975.70,Yahoo PSEI.PS
1993-10-07,1989.28,Yahoo PSEI.PS
1993-10-08,2006.97,Yahoo PSEI.PS
1993-10-11,2056.92,Yahoo PSEI.PS
1993-10-12,2128.24,Yahoo PSEI.PS
1993-10-13,2139.93,Yahoo PSEI.PS
1993-10-14,2166.92,Yahoo PSEI.PS
1993-10-15,2201.89,Yahoo PSEI.PS
1993-10-18,2217.00,Yahoo PSEI.PS
1993-10-19,2189.48,Yahoo PSEI.PS
1993-10-20,2240.16,Yahoo PSEI.PS
1993-10-21,2287.29,Yahoo PSEI.PS
1993-10-22,2294.42,Yahoo PSEI.PS
1993-10-25,2255.63,Yahoo PSEI.PS
1993-10-26,2275.00,Yahoo PSEI.PS
1993-10-27,2258.64,Yahoo PSEI.PS
1993-10-28,2360.53,Yahoo PSEI.PS
1993-10-29,2404.28,Yahoo PSEI.PS
1993-11-01,2404.28,Yahoo PSEI.PS
1993-11-02,2404.28,Yahoo PSEI.PS
1993-11-03,2508.65,Yahoo PSEI.PS
1993-11-04,2484.54,Yahoo PSEI.PS
1993-11-05,2446.62,Yahoo PSEI.PS
1993-11-08,2391.69,Yahoo PSEI.PS
1993-11-09,2379.99,Yahoo PSEI.PS
1993-11-10,2400.93,Yahoo PSEI.PS
1993-11-11,2412.38,Yahoo PSEI.PS
1993-11-12,2403.76,Yahoo PSEI.PS
1993-11-15,2414.79,Yahoo PSEI.PS
1993-11-16,2443.97,Yahoo PSEI.PS
1993-11-17,2447.59,Yahoo PSEI.PS
1993-11-18,2439.74,Yahoo PSEI.PS
1993-11-19,2440.63,Yahoo PSEI.PS
1993-11-22,2455.18,Yahoo PSEI.PS
1993-11-23,2416.36,Yahoo PSEI.PS
1993-11-24,2410.44,Yahoo PSEI.PS
1993-11-25,2384.78,Yahoo PSEI.PS
1993-11-26,2400.27,Yahoo PSEI.PS
1993-11-29,2368.85,Yahoo PSEI.PS
1993-11-30,2368.85,Yahoo PSEI.PS
1993-12-01,2363.21,Yahoo PSEI.PS
1993-12-02,2430.53,Yahoo PSEI.PS
1993-12-03,2467.16,Yahoo PSEI.PS
1993-12-06,2467.16,Yahoo PSEI.PS
1993-12-07,2548.94,Yahoo PSEI.PS
1993-12-08,2550.02,Yahoo PSEI.PS
1993-12-09,2542.26,Yahoo PSEI.PS
1993-12-10,2553.68,Yahoo PSEI.PS
1993-12-13,2609.30,Yahoo PSEI.PS
1993-12-14,2619.91,Yahoo PSEI.PS
1993-12-15,2601.53,Yahoo PSEI.PS
1993-12-16,2656.18,Yahoo PSEI.PS
1993-12-17,2702.85,Yahoo PSEI.PS
1993-12-20,2903.48,Yahoo PSEI.PS
1993-12-21,2877.49,Yahoo PSEI.PS
1993-12-22,2944.86,Yahoo PSEI.PS
1993-12-23,3044.84,Yahoo PSEI.PS
1993-12-24,3044.84,Yahoo PSEI.PS
1993-12-27,3211.76,Yahoo PSEI.PS
1993-12-28,3206.10,Yahoo PSEI.PS
1993-12-29,3241.86,Yahoo PSEI.PS
1993-12-30,3241.86,Yahoo PSEI.PS
1994-01-03,3317.00,Yahoo PSEI.PS
1994-01-04,3346.79,Yahoo PSEI.PS
1994-01-05,3278.43,Yahoo PSEI.PS
1994-01-06,3328.19,Yahoo PSEI.PS
1994-01-07,3205.89,Yahoo PSEI.PS
1994-01-10,3135.25,Yahoo PSEI.PS
1994-01-11,3091.27,Yahoo PSEI.PS
1994-01-12,2995.78,Yahoo PSEI.PS
1994-01-13,2919.50,Yahoo PSEI.PS
1994-01-14,2936.07,Yahoo PSEI.PS
1994-01-17,2918.21,Yahoo PSEI.PS
1994-01-18,2917.94,Yahoo PSEI.PS
1994-01-19,3062.23,Yahoo PSEI.PS
1994-01-20,3112.45,Yahoo PSEI.PS
1994-01-21,3106.05,Yahoo PSEI.PS
1994-01-24,3112.35,Yahoo PSEI.PS
1994-01-25,3089.53,Yahoo PSEI.PS
1994-01-26,2984.37,Yahoo PSEI.PS
1994-01-27,3001.60,Yahoo PSEI.PS
1994-01-28,2928.28,Yahoo PSEI.PS
1994-01-31,2873.72,Yahoo PSEI.PS
1994-02-01,2834.56,Yahoo PSEI.PS
1994-02-02,2909.78,Yahoo PSEI.PS
1994-02-03,2920.00,Yahoo PSEI.PS
1994-02-04,2962.35,Yahoo PSEI.PS
1994-02-07,2894.24,Yahoo PSEI.PS
1994-02-08,2949.83,Yahoo PSEI.PS
1994-02-09,2992.26,Yahoo PSEI.PS
1994-02-10,3010.65,Yahoo PSEI.PS
1994-02-11,3037.51,Yahoo PSEI.PS
1994-02-14,3005.61,Yahoo PSEI.PS
1994-02-15,3009.42,Yahoo PSEI.PS
1994-02-16,3031.82,Yahoo PSEI.PS
1994-02-17,3033.59,Yahoo PSEI.PS
1994-02-18,3048.54,Yahoo PSEI.PS
1994-02-21,3002.48,Yahoo PSEI.PS
1994-02-22,3000.14,Yahoo PSEI.PS
1994-02-23,2993.10,Yahoo PSEI.PS
1994-02-24,2953.20,Yahoo PSEI.PS
1994-02-25,2953.20,Yahoo PSEI.PS
1994-02-28,2858.64,Yahoo PSEI.PS
1994-03-01,2750.30,Yahoo PSEI.PS
1994-03-02,2696.78,Yahoo PSEI.PS
1994-03-03,2695.08,Yahoo PSEI.PS
1994-03-04,2613.69,Yahoo PSEI.PS
1994-03-07,2651.36,Yahoo PSEI.PS
1994-03-08,2634.47,Yahoo PSEI.PS
1994-03-09,2504.88,Yahoo PSEI.PS
1994-03-10,2552.85,Yahoo PSEI.PS
1994-03-11,2556.25,Yahoo PSEI.PS
1994-03-14,2628.98,Yahoo PSEI.PS
1994-03-15,2630.91,Yahoo PSEI.PS
1994-03-16,2640.34,Yahoo PSEI.PS
1994-03-17,2710.68,Yahoo PSEI.PS
1994-03-18,2655.40,Yahoo PSEI.PS
1994-03-21,2596.04,Yahoo PSEI.PS
1994-03-22,2560.93,Yahoo PSEI.PS
1994-03-23,2600.35,Yahoo PSEI.PS
1994-03-24,2598.66,Yahoo PSEI.PS
1994-03-25,2631.07,Yahoo PSEI.PS
1994-03-28,2685.69,Yahoo PSEI.PS
1994-03-29,2703.13,Yahoo PSEI.PS
1994-03-30,2711.50,Yahoo PSEI.PS
1994-03-31,2711.50,Yahoo PSEI.PS
1994-04-01,2711.50,Yahoo PSEI.PS
1994-04-04,2653.70,Yahoo PSEI.PS
1994-04-05,2633.01,Yahoo PSEI.PS
1994-04-06,2680.34,Yahoo PSEI.PS
1994-04-07,2631.71,Yahoo PSEI.PS
1994-04-08,2641.21,Yahoo PSEI.PS
1994-04-11,2643.08,Yahoo PSEI.PS
1994-04-12,2634.60,Yahoo PSEI.PS
1994-04-13,2695.71,Yahoo PSEI.PS
1994-04-14,2759.50,Yahoo PSEI.PS
1994-04-15,2769.42,Yahoo PSEI.PS
1994-04-18,2819.01,Yahoo PSEI.PS
1994-04-19,2812.25,Yahoo PSEI.PS
1994-04-20,2846.82,Yahoo PSEI.PS
1994-04-21,2777.11,Yahoo PSEI.PS
1994-04-22,2788.12,Yahoo PSEI.PS
1994-04-25,2838.40,Yahoo PSEI.PS
1994-04-26,2867.59,Yahoo PSEI.PS
1994-04-27,2840.98,Yahoo PSEI.PS
1994-04-28,2854.46,Yahoo PSEI.PS
1994-04-29,2844.22,Yahoo PSEI.PS
1994-05-02,2885.44,Yahoo PSEI.PS
1994-05-03,2937.93,Yahoo PSEI.PS
1994-05-04,3064.05,Yahoo PSEI.PS
1994-05-05,2980.00,Yahoo PSEI.PS
1994-05-06,2960.23,Yahoo PSEI.PS
1994-05-09,2960.23,Yahoo PSEI.PS
1994-05-10,2913.45,Yahoo PSEI.PS
1994-05-11,2952.27,Yahoo PSEI.PS
1994-05-12,2949.17,Yahoo PSEI.PS
1994-05-13,2937.28,Yahoo PSEI.PS
1994-05-16,2902.23,Yahoo PSEI.PS
1994-05-17,2936.43,Yahoo PSEI.PS
1994-05-18,2899.35,Yahoo PSEI.PS
1994-05-19,2844.98,Yahoo PSEI.PS
1994-05-20,2870.32,Yahoo PSEI.PS
1994-05-23,2922.17,Yahoo PSEI.PS
1994-05-24,2901.98,Yahoo PSEI.PS
1994-05-25,2879.21,Yahoo PSEI.PS
1994-05-26,2917.07,Yahoo PSEI.PS
1994-05-27,2907.00,Yahoo PSEI.PS
1994-05-30,2951.39,Yahoo PSEI.PS
1994-05-31,3030.77,Yahoo PSEI.PS
1994-06-01,3114.44,Yahoo PSEI.PS
1994-06-02,3079.64,Yahoo PSEI.PS
1994-06-03,3060.18,Yahoo PSEI.PS
1994-06-06,3022.07,Yahoo PSEI.PS
1994-06-07,2994.55,Yahoo PSEI.PS
1994-06-08,3017.16,Yahoo PSEI.PS
1994-06-09,2990.85,Yahoo PSEI.PS
1994-06-10,2988.18,Yahoo PSEI.PS
1994-06-13,2986.19,Yahoo PSEI.PS
1994-06-14,2936.05,Yahoo PSEI.PS
1994-06-15,2921.87,Yahoo PSEI.PS
1994-06-16,2916.56,Yahoo PSEI.PS
1994-06-17,2882.83,Yahoo PSEI.PS
1994-06-20,2854.68,Yahoo PSEI.PS
1994-06-21,2814.59,Yahoo PSEI.PS
1994-06-22,2815.95,Yahoo PSEI.PS
1994-06-23,2822.15,Yahoo PSEI.PS
1994-06-24,2789.14,Yahoo PSEI.PS
1994-06-27,2749.45,Yahoo PSEI.PS
1994-06-28,2740.72,Yahoo PSEI.PS
1994-06-29,2731.49,Yahoo PSEI.PS
1994-06-30,2746.36,Yahoo PSEI.PS
1994-07-01,2694.51,Yahoo PSEI.PS
1994-07-04,2645.13,Yahoo PSEI.PS
1994-07-05,2595.16,Yahoo PSEI.PS
1994-07-06,2627.80,Yahoo PSEI.PS
1994-07-07,2629.23,Yahoo PSEI.PS
1994-07-08,2583.85,Yahoo PSEI.PS
1994-07-11,2543.75,Yahoo PSEI.PS
1994-07-12,2533.32,Yahoo PSEI.PS
1994-07-13,2510.76,Yahoo PSEI.PS
1994-07-14,2557.83,Yahoo PSEI.PS
1994-07-15,2604.90,Yahoo PSEI.PS
1994-07-18,2650.81,Yahoo PSEI.PS
1994-07-19,2669.07,Yahoo PSEI.PS
1994-07-20,2663.46,Yahoo PSEI.PS
1994-07-21,2648.54,Yahoo PSEI.PS
1994-07-22,2708.15,Yahoo PSEI.PS
1994-07-25,2771.51,Yahoo PSEI.PS
1994-07-26,2728.53,Yahoo PSEI.PS
1994-07-27,2784.60,Yahoo PSEI.PS
1994-07-28,2791.14,Yahoo PSEI.PS
1994-07-29,2803.21,Yahoo PSEI.PS
1994-08-01,2883.34,Yahoo PSEI.PS
1994-08-02,2866.53,Yahoo PSEI.PS
1994-08-03,2884.28,Yahoo PSEI.PS
1994-08-04,2897.62,Yahoo PSEI.PS
1994-08-05,2883.39,Yahoo PSEI.PS
1994-08-08,2884.03,Yahoo PSEI.PS
1994-08-09,2882.37,Yahoo PSEI.PS
1994-08-10,2944.19,Yahoo PSEI.PS
1994-08-11,2976.99,Yahoo PSEI.PS
1994-08-12,3007.36,Yahoo PSEI.PS
1994-08-15,3005.95,Yahoo PSEI.PS
1994-08-16,3011.60,Yahoo PSEI.PS
1994-08-17,3029.70,Yahoo PSEI.PS
1994-08-18,3004.07,Yahoo PSEI.PS
1994-08-19,3006.70,Yahoo PSEI.PS
1994-08-22,3045.17,Yahoo PSEI.PS
1994-08-23,3105.85,Yahoo PSEI.PS
1994-08-24,3124.11,Yahoo PSEI.PS
1994-08-25,3127.06,Yahoo PSEI.PS
1994-08-26,3098.89,Yahoo PSEI.PS
1994-08-29,3092.27,Yahoo PSEI.PS
1994-08-30,3104.07,Yahoo PSEI.PS
1994-08-31,3112.83,Yahoo PSEI.PS
1994-09-01,3079.39,Yahoo PSEI.PS
1994-09-02,3096.26,Yahoo PSEI.PS
1994-09-05,3104.30,Yahoo PSEI.PS
1994-09-06,3086.48,Yahoo PSEI.PS
1994-09-07,3040.32,Yahoo PSEI.PS
1994-09-08,2989.02,Yahoo PSEI.PS
1994-09-09,2981.45,Yahoo PSEI.PS
1994-09-12,2919.31,Yahoo PSEI.PS
1994-09-13,2953.24,Yahoo PSEI.PS
1994-09-14,2953.37,Yahoo PSEI.PS
1994-09-15,2954.46,Yahoo PSEI.PS
1994-09-16,2942.38,Yahoo PSEI.PS
1994-09-19,2936.21,Yahoo PSEI.PS
1994-09-20,2920.19,Yahoo PSEI.PS
1994-09-21,2920.46,Yahoo PSEI.PS
1994-09-22,2934.36,Yahoo PSEI.PS
1994-09-23,2959.36,Yahoo PSEI.PS
1994-09-26,2944.20,Yahoo PSEI.PS
1994-09-27,2934.27,Yahoo PSEI.PS
1994-09-28,2877.69,Yahoo PSEI.PS
1994-09-29,2891.96,Yahoo PSEI.PS
1994-09-30,2908.24,Yahoo PSEI.PS
1994-10-03,2919.34,Yahoo PSEI.PS
1994-10-04,2953.61,Yahoo PSEI.PS
1994-10-05,2973.31,Yahoo PSEI.PS
1994-10-06,2977.80,Yahoo PSEI.PS
1994-10-07,2997.16,Yahoo PSEI.PS
1994-10-10,2972.11,Yahoo PSEI.PS
1994-10-11,2946.98,Yahoo PSEI.PS
1994-10-12,2970.46,Yahoo PSEI.PS
1994-10-13,2990.75,Yahoo PSEI.PS
1994-10-14,2999.93,Yahoo PSEI.PS
1994-10-17,3050.14,Yahoo PSEI.PS
1994-10-18,3092.95,Yahoo PSEI.PS
1994-10-19,3099.34,Yahoo PSEI.PS
1994-10-20,3077.12,Yahoo PSEI.PS
1994-10-21,3084.80,Yahoo PSEI.PS
1994-10-24,3113.15,Yahoo PSEI.PS
1994-10-25,3089.34,Yahoo PSEI.PS
1994-10-26,3078.26,Yahoo PSEI.PS
1994-10-27,3060.25,Yahoo PSEI.PS
1994-10-28,3068.52,Yahoo PSEI.PS
1994-10-31,3068.52,Yahoo PSEI.PS
1994-11-01,3068.52,Yahoo PSEI.PS
1994-11-02,3090.65,Yahoo PSEI.PS
1994-11-03,3054.99,Yahoo PSEI.PS
1994-11-04,3096.58,Yahoo PSEI.PS
1994-11-07,3047.94,Yahoo PSEI.PS
1994-11-08,3006.51,Yahoo PSEI.PS
1994-11-09,3009.88,Yahoo PSEI.PS
1994-11-10,2968.21,Yahoo PSEI.PS
1994-11-11,2926.61,Yahoo PSEI.PS
1994-11-14,2909.40,Yahoo PSEI.PS
1994-11-15,2927.70,Yahoo PSEI.PS
1994-11-16,2901.45,Yahoo PSEI.PS
1994-11-17,2904.10,Yahoo PSEI.PS
1994-11-18,2912.86,Yahoo PSEI.PS
1994-11-21,2899.79,Yahoo PSEI.PS
1994-11-22,2846.00,Yahoo PSEI.PS
1994-11-23,2725.75,Yahoo PSEI.PS
1994-11-24,2730.47,Yahoo PSEI.PS
1994-11-25,2723.36,Yahoo PSEI.PS
1994-11-28,2678.99,Yahoo PSEI.PS
1994-11-29,2691.19,Yahoo PSEI.PS
1994-11-30,2691.19,Yahoo PSEI.PS
1994-12-01,2645.36,Yahoo PSEI.PS
1994-12-02,2596.75,Yahoo PSEI.PS
1994-12-05,2622.71,Yahoo PSEI.PS
1994-12-06,2655.63,Yahoo PSEI.PS
1994-12-07,2663.17,Yahoo PSEI.PS
1994-12-08,2656.36,Yahoo PSEI.PS
1994-12-09,2607.66,Yahoo PSEI.PS
1994-12-12,2619.83,Yahoo PSEI.PS
1994-12-13,2620.59,Yahoo PSEI.PS
1994-12-14,2617.90,Yahoo PSEI.PS
1994-12-15,2679.74,Yahoo PSEI.PS
1994-12-16,2708.99,Yahoo PSEI.PS
1994-12-19,2723.26,Yahoo PSEI.PS
1994-12-20,2740.04,Yahoo PSEI.PS
1994-12-21,2790.59,Yahoo PSEI.PS
1994-12-22,2807.07,Yahoo PSEI.PS
1994-12-23,2785.50,Yahoo PSEI.PS
1994-12-26,2791.40,Yahoo PSEI.PS
1994-12-27,2794.58,Yahoo PSEI.PS
1994-12-28,2777.78,Yahoo PSEI.PS
1994-12-29,2785.81,Yahoo PSEI.PS
1995-01-02,2798.21,Yahoo PSEI.PS
1995-01-03,2805.28,Yahoo PSEI.PS
1995-01-04,2771.97,Yahoo PSEI.PS
1995-01-05,2729.37,Yahoo PSEI.PS
1995-01-06,2756.22,Yahoo PSEI.PS
1995-01-09,2704.98,Yahoo PSEI.PS
1995-01-10,2657.68,Yahoo PSEI.PS
1995-01-11,2631.47,Yahoo PSEI.PS
1995-01-12,2631.47,Yahoo PSEI.PS
1995-01-13,2482.04,Yahoo PSEI.PS
1995-01-16,2484.41,Yahoo PSEI.PS
1995-01-17,2554.40,Yahoo PSEI.PS
1995-01-18,2539.59,Yahoo PSEI.PS
1995-01-19,2554.38,Yahoo PSEI.PS
1995-01-20,2462.65,Yahoo PSEI.PS
1995-01-23,2421.43,Yahoo PSEI.PS
1995-01-24,2374.86,Yahoo PSEI.PS
1995-01-25,2425.11,Yahoo PSEI.PS
1995-01-26,2440.31,Yahoo PSEI.PS
1995-01-27,2403.96,Yahoo PSEI.PS
1995-01-30,2419.64,Yahoo PSEI.PS
1995-01-31,2420.12,Yahoo PSEI.PS
1995-02-01,2476.89,Yahoo PSEI.PS
1995-02-02,2457.79,Yahoo PSEI.PS
1995-02-03,2510.99,Yahoo PSEI.PS
1995-02-06,2559.60,Yahoo PSEI.PS
1995-02-07,2584.46,Yahoo PSEI.PS
1995-02-08,2556.27,Yahoo PSEI.PS
1995-02-09,2570.00,Yahoo PSEI.PS
1995-02-10,2624.47,Yahoo PSEI.PS
1995-02-13,2641.79,Yahoo PSEI.PS
1995-02-14,2660.51,Yahoo PSEI.PS
1995-02-15,2620.68,Yahoo PSEI.PS
1995-02-16,2632.98,Yahoo PSEI.PS
1995-02-17,2609.76,Yahoo PSEI.PS
1995-02-20,2589.85,Yahoo PSEI.PS
1995-02-21,2590.36,Yahoo PSEI.PS
1995-02-22,2598.14,Yahoo PSEI.PS
1995-02-23,2598.23,Yahoo PSEI.PS
1995-02-24,2587.91,Yahoo PSEI.PS
1995-02-27,2484.45,Yahoo PSEI.PS
1995-02-28,2509.99,Yahoo PSEI.PS
1995-03-01,2478.23,Yahoo PSEI.PS
1995-03-02,2490.91,Yahoo PSEI.PS
1995-03-03,2488.52,Yahoo PSEI.PS
1995-03-06,2456.54,Yahoo PSEI.PS
1995-03-07,2447.40,Yahoo PSEI.PS
1995-03-08,2411.78,Yahoo PSEI.PS
1995-03-09,2370.06,Yahoo PSEI.PS
1995-03-10,2310.96,Yahoo PSEI.PS
1995-03-13,2335.53,Yahoo PSEI.PS
1995-03-14,2271.57,Yahoo PSEI.PS
1995-03-15,2266.37,Yahoo PSEI.PS
1995-03-16,2297.30,Yahoo PSEI.PS
1995-03-17,2350.91,Yahoo PSEI.PS
1995-03-20,2305.91,Yahoo PSEI.PS
1995-03-21,2308.60,Yahoo PSEI.PS
1995-03-22,2294.04,Yahoo PSEI.PS
1995-03-23,2275.32,Yahoo PSEI.PS
1995-03-24,2262.94,Yahoo PSEI.PS
1995-03-27,2248.39,Yahoo PSEI.PS
1995-03-28,2287.95,Yahoo PSEI.PS
1995-03-29,2340.58,Yahoo PSEI.PS
1995-03-30,2372.35,Yahoo PSEI.PS
1995-03-31,2392.25,Yahoo PSEI.PS
1995-04-03,2376.63,Yahoo PSEI.PS
1995-04-04,2418.38,Yahoo PSEI.PS
1995-04-05,2410.35,Yahoo PSEI.PS
1995-04-06,2446.16,Yahoo PSEI.PS
1995-04-07,2443.30,Yahoo PSEI.PS
1995-04-10,2471.15,Yahoo PSEI.PS
1995-04-11,2484.02,Yahoo PSEI.PS
1995-04-12,2496.89,Yahoo PSEI.PS
1995-04-13,2496.89,Yahoo PSEI.PS
1995-04-14,2496.89,Yahoo PSEI.PS
1995-04-17,2487.95,Yahoo PSEI.PS
1995-04-18,2477.63,Yahoo PSEI.PS
1995-04-19,2477.86,Yahoo PSEI.PS
1995-04-20,2486.84,Yahoo PSEI.PS
1995-04-21,2502.48,Yahoo PSEI.PS
1995-04-24,2512.63,Yahoo PSEI.PS
1995-04-25,2481.92,Yahoo PSEI.PS
1995-04-26,2474.23,Yahoo PSEI.PS
1995-04-27,2480.87,Yahoo PSEI.PS
1995-04-28,2466.21,Yahoo PSEI.PS
1995-05-01,2466.21,Yahoo PSEI.PS
1995-05-02,2448.16,Yahoo PSEI.PS
1995-05-03,2444.58,Yahoo PSEI.PS
1995-05-04,2472.29,Yahoo PSEI.PS
1995-05-05,2520.66,Yahoo PSEI.PS
1995-05-08,2520.66,Yahoo PSEI.PS
1995-05-09,2597.08,Yahoo PSEI.PS
1995-05-10,2605.45,Yahoo PSEI.PS
1995-05-11,2689.29,Yahoo PSEI.PS
1995-05-12,2732.27,Yahoo PSEI.PS
1995-05-15,2717.94,Yahoo PSEI.PS
1995-05-16,2769.07,Yahoo PSEI.PS
1995-05-17,2779.57,Yahoo PSEI.PS
1995-05-18,2745.43,Yahoo PSEI.PS
1995-05-19,2725.96,Yahoo PSEI.PS
1995-05-22,2704.85,Yahoo PSEI.PS
1995-05-23,2748.33,Yahoo PSEI.PS
1995-05-24,2798.95,Yahoo PSEI.PS
1995-05-25,2780.73,Yahoo PSEI.PS
1995-05-26,2764.51,Yahoo PSEI.PS
1995-05-29,2744.62,Yahoo PSEI.PS
1995-05-30,2763.31,Yahoo PSEI.PS
1995-05-31,2772.37,Yahoo PSEI.PS
1995-06-01,2802.72,Yahoo PSEI.PS
1995-06-02,2824.67,Yahoo PSEI.PS
1995-06-05,2840.54,Yahoo PSEI.PS
1995-06-06,2877.33,Yahoo PSEI.PS
1995-06-07,2835.97,Yahoo PSEI.PS
1995-06-08,2839.47,Yahoo PSEI.PS
1995-06-09,2832.17,Yahoo PSEI.PS
1995-06-12,2832.17,Yahoo PSEI.PS
1995-06-13,2809.27,Yahoo PSEI.PS
1995-06-14,2810.66,Yahoo PSEI.PS
1995-06-15,2782.69,Yahoo PSEI.PS
1995-06-16,2790.31,Yahoo PSEI.PS
1995-06-19,2783.75,Yahoo PSEI.PS
1995-06-20,2810.61,Yahoo PSEI.PS
1995-06-21,2793.41,Yahoo PSEI.PS
1995-06-22,2777.68,Yahoo PSEI.PS
1995-06-23,2772.72,Yahoo PSEI.PS
1995-06-26,2754.61,Yahoo PSEI.PS
1995-06-27,2747.79,Yahoo PSEI.PS
1995-06-28,2751.71,Yahoo PSEI.PS
1995-06-29,2762.37,Yahoo PSEI.PS
1995-06-30,2766.45,Yahoo PSEI.PS
1995-07-03,2768.29,Yahoo PSEI.PS
1995-07-04,2791.57,Yahoo PSEI.PS
1995-07-05,2818.86,Yahoo PSEI.PS
1995-07-06,2834.27,Yahoo PSEI.PS
1995-07-07,2893.40,Yahoo PSEI.PS
1995-07-10,2958.12,Yahoo PSEI.PS
1995-07-11,2910.15,Yahoo PSEI.PS
1995-07-12,2914.35,Yahoo PSEI.PS
1995-07-13,2900.78,Yahoo PSEI.PS
1995-07-14,2882.14,Yahoo PSEI.PS
1995-07-17,2879.21,Yahoo PSEI.PS
1995-07-18,2883.97,Yahoo PSEI.PS
1995-07-19,2862.08,Yahoo PSEI.PS
1995-07-20,2837.42,Yahoo PSEI.PS
1995-07-21,2881.71,Yahoo PSEI.PS
1995-07-24,2878.98,Yahoo PSEI.PS
1995-07-25,2869.42,Yahoo PSEI.PS
1995-07-26,2867.47,Yahoo PSEI.PS
1995-07-27,2869.10,Yahoo PSEI.PS
1995-07-28,2893.45,Yahoo PSEI.PS
1995-07-31,2896.01,Yahoo PSEI.PS
1995-08-01,2886.68,Yahoo PSEI.PS
1995-08-02,2896.95,Yahoo PSEI.PS
1995-08-03,2927.58,Yahoo PSEI.PS
1995-08-04,2898.08,Yahoo PSEI.PS
1995-08-07,2888.84,Yahoo PSEI.PS
1995-08-08,2890.86,Yahoo PSEI.PS
1995-08-09,2868.82,Yahoo PSEI.PS
1995-08-10,2856.42,Yahoo PSEI.PS
1995-08-11,2874.17,Yahoo PSEI.PS
1995-08-14,2877.36,Yahoo PSEI.PS
1995-08-15,2862.98,Yahoo PSEI.PS
1995-08-16,2845.22,Yahoo PSEI.PS
1995-08-17,2828.60,Yahoo PSEI.PS
1995-08-18,2840.41,Yahoo PSEI.PS
1995-08-21,2827.48,Yahoo PSEI.PS
1995-08-22,2801.30,Yahoo PSEI.PS
1995-08-23,2787.92,Yahoo PSEI.PS
1995-08-24,2769.98,Yahoo PSEI.PS
1995-08-25,2777.22,Yahoo PSEI.PS
1995-08-28,2774.88,Yahoo PSEI.PS
1995-08-29,2762.27,Yahoo PSEI.PS
1995-08-30,2776.38,Yahoo PSEI.PS
1995-08-31,2758.95,Yahoo PSEI.PS
1995-09-01,2761.49,Yahoo PSEI.PS
1995-09-04,2759.09,Yahoo PSEI.PS
1995-09-05,2730.32,Yahoo PSEI.PS
1995-09-06,2704.56,Yahoo PSEI.PS
1995-09-07,2710.92,Yahoo PSEI.PS
1995-09-08,2688.24,Yahoo PSEI.PS
1995-09-11,2673.41,Yahoo PSEI.PS
1995-09-12,2659.55,Yahoo PSEI.PS
1995-09-13,2682.46,Yahoo PSEI.PS
1995-09-14,2731.49,Yahoo PSEI.PS
1995-09-15,2753.27,Yahoo PSEI.PS
1995-09-18,2755.74,Yahoo PSEI.PS
1995-09-19,2750.74,Yahoo PSEI.PS
1995-09-20,2743.49,Yahoo PSEI.PS
1995-09-21,2736.93,Yahoo PSEI.PS
1995-09-22,2725.29,Yahoo PSEI.PS
1995-09-25,2713.12,Yahoo PSEI.PS
1995-09-26,2683.55,Yahoo PSEI.PS
1995-09-27,2663.21,Yahoo PSEI.PS
1995-09-28,2645.00,Yahoo PSEI.PS
1995-09-29,2629.25,Yahoo PSEI.PS
1995-10-02,2629.21,Yahoo PSEI.PS
1995-10-03,2617.68,Yahoo PSEI.PS
1995-10-04,2569.33,Yahoo PSEI.PS
1995-10-05,2618.23,Yahoo PSEI.PS
1995-10-06,2640.77,Yahoo PSEI.PS
1995-10-09,2611.04,Yahoo PSEI.PS
1995-10-10,2600.00,Yahoo PSEI.PS
1995-10-11,2588.82,Yahoo PSEI.PS
1995-10-12,2599.80,Yahoo PSEI.PS
1995-10-13,2624.45,Yahoo PSEI.PS
1995-10-16,2636.26,Yahoo PSEI.PS
1995-10-17,2638.82,Yahoo PSEI.PS
1995-10-18,2633.19,Yahoo PSEI.PS
1995-10-19,2613.50,Yahoo PSEI.PS
1995-10-20,2601.36,Yahoo PSEI.PS
1995-10-23,2585.17,Yahoo PSEI.PS
1995-10-24,2572.49,Yahoo PSEI.PS
1995-10-25,2544.06,Yahoo PSEI.PS
1995-10-26,2542.27,Yahoo PSEI.PS
1995-10-27,2512.34,Yahoo PSEI.PS
1995-10-30,2470.82,Yahoo PSEI.PS
1995-10-31,2460.73,Yahoo PSEI.PS
1995-11-01,2460.73,Yahoo PSEI.PS
1995-11-02,2489.08,Yahoo PSEI.PS
1995-11-03,2489.08,Yahoo PSEI.PS
1995-11-06,2460.35,Yahoo PSEI.PS
1995-11-07,2469.87,Yahoo PSEI.PS
1995-11-08,2484.94,Yahoo PSEI.PS
1995-11-09,2461.75,Yahoo PSEI.PS
1995-11-10,2414.69,Yahoo PSEI.PS
1995-11-13,2364.07,Yahoo PSEI.PS
1995-11-14,2340.41,Yahoo PSEI.PS
1995-11-15,2315.26,Yahoo PSEI.PS
1995-11-16,2291.40,Yahoo PSEI.PS
1995-11-17,2264.08,Yahoo PSEI.PS
1995-11-20,2196.48,Yahoo PSEI.PS
1995-11-21,2252.24,Yahoo PSEI.PS
1995-11-22,2268.33,Yahoo PSEI.PS
1995-11-23,2319.35,Yahoo PSEI.PS
1995-11-24,2321.34,Yahoo PSEI.PS
1995-11-27,2377.88,Yahoo PSEI.PS
1995-11-28,2392.25,Yahoo PSEI.PS
1995-11-29,2442.16,Yahoo PSEI.PS
1995-11-30,2442.16,Yahoo PSEI.PS
1995-12-01,2462.33,Yahoo PSEI.PS
1995-12-04,2553.00,Yahoo PSEI.PS
1995-12-05,2551.57,Yahoo PSEI.PS
1995-12-06,2572.16,Yahoo PSEI.PS
1995-12-07,2537.18,Yahoo PSEI.PS
1995-12-08,2500.84,Yahoo PSEI.PS
1995-12-11,2496.04,Yahoo PSEI.PS
1995-12-12,2460.05,Yahoo PSEI.PS
1995-12-13,2460.50,Yahoo PSEI.PS
1995-12-14,2484.65,Yahoo PSEI.PS
1995-12-15,2497.65,Yahoo PSEI.PS
1995-12-18,2491.96,Yahoo PSEI.PS
1995-12-19,2476.15,Yahoo PSEI.PS
1995-12-20,2509.63,Yahoo PSEI.PS
1995-12-21,2561.77,Yahoo PSEI.PS
1995-12-22,2560.65,Yahoo PSEI.PS
1995-12-26,2565.53,Yahoo PSEI.PS
1995-12-27,2533.39,Yahoo PSEI.PS
1995-12-28,2558.07,Yahoo PSEI.PS
1995-12-29,2594.18,Yahoo PSEI.PS
1996-01-02,2578.97,Yahoo PSEI.PS
1996-01-03,2631.74,Yahoo PSEI.PS
1996-01-04,2709.47,Yahoo PSEI.PS
1996-01-05,2696.12,Yahoo PSEI.PS
1996-01-08,2695.63,Yahoo PSEI.PS
1996-01-09,2681.76,Yahoo PSEI.PS
1996-01-10,2658.48,Yahoo PSEI.PS
1996-01-11,2664.73,Yahoo PSEI.PS
1996-01-12,2747.26,Yahoo PSEI.PS
1996-01-15,2778.86,Yahoo PSEI.PS
1996-01-16,2776.75,Yahoo PSEI.PS
1996-01-17,2748.77,Yahoo PSEI.PS
1996-01-18,2731.27,Yahoo PSEI.PS
1996-01-19,2764.52,Yahoo PSEI.PS
1996-01-22,2831.15,Yahoo PSEI.PS
1996-01-23,2873.68,Yahoo PSEI.PS
1996-01-24,2876.34,Yahoo PSEI.PS
1996-01-25,2902.72,Yahoo PSEI.PS
1996-01-26,2892.76,Yahoo PSEI.PS
1996-01-29,2886.58,Yahoo PSEI.PS
1996-01-30,2868.38,Yahoo PSEI.PS
1996-01-31,2885.76,Yahoo PSEI.PS
1996-02-01,2900.83,Yahoo PSEI.PS
1996-02-02,2927.26,Yahoo PSEI.PS
1996-02-05,2919.24,Yahoo PSEI.PS
1996-02-06,2915.03,Yahoo PSEI.PS
1996-02-07,2882.94,Yahoo PSEI.PS
1996-02-08,2845.59,Yahoo PSEI.PS
1996-02-09,2824.67,Yahoo PSEI.PS
1996-02-12,2854.02,Yahoo PSEI.PS
1996-02-13,2905.66,Yahoo PSEI.PS
1996-02-14,2943.39,Yahoo PSEI.PS
1996-02-15,2933.70,Yahoo PSEI.PS
1996-02-16,2932.04,Yahoo PSEI.PS
1996-02-19,2941.72,Yahoo PSEI.PS
1996-02-20,2923.71,Yahoo PSEI.PS
1996-02-21,2936.65,Yahoo PSEI.PS
1996-02-22,2952.91,Yahoo PSEI.PS
1996-02-23,2950.64,Yahoo PSEI.PS
1996-02-26,2933.66,Yahoo PSEI.PS
1996-02-27,2893.92,Yahoo PSEI.PS
1996-02-28,2882.45,Yahoo PSEI.PS
1996-02-29,2882.60,Yahoo PSEI.PS
1996-03-01,2948.18,Yahoo PSEI.PS
1996-03-04,2905.83,Yahoo PSEI.PS
1996-03-05,2908.68,Yahoo PSEI.PS
1996-03-06,2918.89,Yahoo PSEI.PS
1996-03-07,2883.34,Yahoo PSEI.PS
1996-03-08,2876.79,Yahoo PSEI.PS
1996-03-11,2810.65,Yahoo PSEI.PS
1996-03-12,2803.86,Yahoo PSEI.PS
1996-03-13,2769.92,Yahoo PSEI.PS
1996-03-14,2783.63,Yahoo PSEI.PS
1996-03-15,2821.75,Yahoo PSEI.PS
1996-03-18,2839.98,Yahoo PSEI.PS
1996-03-19,2875.42,Yahoo PSEI.PS
1996-03-20,2859.82,Yahoo PSEI.PS
1996-03-21,2877.80,Yahoo PSEI.PS
1996-03-22,2881.55,Yahoo PSEI.PS
1996-03-25,2878.61,Yahoo PSEI.PS
1996-03-26,2871.79,Yahoo PSEI.PS
1996-03-27,2834.41,Yahoo PSEI.PS
1996-03-28,2848.71,Yahoo PSEI.PS
1996-03-29,2900.75,Yahoo PSEI.PS
1996-04-01,2919.08,Yahoo PSEI.PS
1996-04-02,2939.39,Yahoo PSEI.PS
1996-04-03,2962.79,Yahoo PSEI.PS
1996-04-04,2962.79,Yahoo PSEI.PS
1996-04-05,2962.79,Yahoo PSEI.PS
1996-04-08,2962.79,Yahoo PSEI.PS
1996-04-09,2962.79,Yahoo PSEI.PS
1996-04-10,2994.24,Yahoo PSEI.PS
1996-04-11,2990.24,Yahoo PSEI.PS
1996-04-12,2987.49,Yahoo PSEI.PS
1996-04-15,3008.60,Yahoo PSEI.PS
1996-04-16,3016.63,Yahoo PSEI.PS
1996-04-17,2987.69,Yahoo PSEI.PS
1996-04-18,2958.81,Yahoo PSEI.PS
1996-04-19,2957.99,Yahoo PSEI.PS
1996-04-22,2973.87,Yahoo PSEI.PS
1996-04-23,2996.60,Yahoo PSEI.PS
1996-04-24,2969.33,Yahoo PSEI.PS
1996-04-25,2973.31,Yahoo PSEI.PS
1996-04-26,2980.58,Yahoo PSEI.PS
1996-04-29,2960.10,Yahoo PSEI.PS
1996-04-30,2937.98,Yahoo PSEI.PS
1996-05-01,2937.98,Yahoo PSEI.PS
1996-05-02,2956.00,Yahoo PSEI.PS
1996-05-03,2975.56,Yahoo PSEI.PS
1996-05-06,2975.56,Yahoo PSEI.PS
1996-05-07,3014.27,Yahoo PSEI.PS
1996-05-08,3066.05,Yahoo PSEI.PS
1996-05-09,3129.08,Yahoo PSEI.PS
1996-05-10,3111.43,Yahoo PSEI.PS
1996-05-13,3117.05,Yahoo PSEI.PS
1996-05-14,3126.90,Yahoo PSEI.PS
1996-05-15,3123.57,Yahoo PSEI.PS
1996-05-16,3112.42,Yahoo PSEI.PS
1996-05-17,3116.69,Yahoo PSEI.PS
1996-05-20,3111.35,Yahoo PSEI.PS
1996-05-21,3126.97,Yahoo PSEI.PS
1996-05-22,3155.97,Yahoo PSEI.PS
1996-05-23,3196.25,Yahoo PSEI.PS
1996-05-24,3213.09,Yahoo PSEI.PS
1996-05-27,3256.10,Yahoo PSEI.PS
1996-05-28,3247.76,Yahoo PSEI.PS
1996-05-29,3285.06,Yahoo PSEI.PS
1996-05-30,3286.30,Yahoo PSEI.PS
1996-05-31,3250.26,Yahoo PSEI.PS
1996-06-03,3231.37,Yahoo PSEI.PS
1996-06-04,3215.04,Yahoo PSEI.PS
1996-06-05,3239.57,Yahoo PSEI.PS
1996-06-06,3237.26,Yahoo PSEI.PS
1996-06-07,3273.11,Yahoo PSEI.PS
1996-06-10,3286.70,Yahoo PSEI.PS
1996-06-11,3249.17,Yahoo PSEI.PS
1996-06-12,3249.17,Yahoo PSEI.PS
1996-06-13,3209.47,Yahoo PSEI.PS
1996-06-14,3166.32,Yahoo PSEI.PS
1996-06-17,3170.56,Yahoo PSEI.PS
1996-06-18,3170.08,Yahoo PSEI.PS
1996-06-19,3186.83,Yahoo PSEI.PS
1996-06-20,3191.23,Yahoo PSEI.PS
1996-06-21,3212.28,Yahoo PSEI.PS
1996-06-24,3227.16,Yahoo PSEI.PS
1996-06-25,3216.58,Yahoo PSEI.PS
1996-06-26,3240.39,Yahoo PSEI.PS
1996-06-27,3256.53,Yahoo PSEI.PS
1996-06-28,3275.26,Yahoo PSEI.PS
1996-07-01,3294.09,Yahoo PSEI.PS
1996-07-02,3305.68,Yahoo PSEI.PS
1996-07-03,3351.73,Yahoo PSEI.PS
1996-07-04,3351.73,Yahoo PSEI.PS
1996-07-05,3374.40,Yahoo PSEI.PS
1996-07-08,3320.16,Yahoo PSEI.PS
1996-07-09,3274.26,Yahoo PSEI.PS
1996-07-10,3272.87,Yahoo PSEI.PS
1996-07-11,3226.02,Yahoo PSEI.PS
1996-07-12,3213.10,Yahoo PSEI.PS
1996-07-15,3248.31,Yahoo PSEI.PS
1996-07-16,3199.32,Yahoo PSEI.PS
1996-07-17,3187.66,Yahoo PSEI.PS
1996-07-18,3188.04,Yahoo PSEI.PS
1996-07-19,3228.30,Yahoo PSEI.PS
1996-07-22,3217.42,Yahoo PSEI.PS
1996-07-23,3170.10,Yahoo PSEI.PS
1996-07-24,3075.36,Yahoo PSEI.PS
1996-07-25,3087.25,Yahoo PSEI.PS
1996-07-26,3064.60,Yahoo PSEI.PS
1996-07-29,3023.43,Yahoo PSEI.PS
1996-07-30,2998.51,Yahoo PSEI.PS
1996-07-31,3028.34,Yahoo PSEI.PS
1996-08-01,3108.64,Yahoo PSEI.PS
1996-08-02,3155.22,Yahoo PSEI.PS
1996-08-05,3153.98,Yahoo PSEI.PS
1996-08-06,3121.52,Yahoo PSEI.PS
1996-08-07,3128.82,Yahoo PSEI.PS
1996-08-08,3112.79,Yahoo PSEI.PS
1996-08-09,3088.19,Yahoo PSEI.PS
1996-08-12,3076.42,Yahoo PSEI.PS
1996-08-13,3112.67,Yahoo PSEI.PS
1996-08-14,3101.78,Yahoo PSEI.PS
1996-08-15,3093.73,Yahoo PSEI.PS
1996-08-16,3108.70,Yahoo PSEI.PS
1996-08-19,3092.67,Yahoo PSEI.PS
1996-08-20,3090.69,Yahoo PSEI.PS
1996-08-21,3111.56,Yahoo PSEI.PS
1996-08-22,3187.78,Yahoo PSEI.PS
1996-08-23,3226.46,Yahoo PSEI.PS
1996-08-26,3210.30,Yahoo PSEI.PS
1996-08-27,3196.39,Yahoo PSEI.PS
1996-08-28,3200.98,Yahoo PSEI.PS
1996-08-29,3215.79,Yahoo PSEI.PS
1996-08-30,3220.71,Yahoo PSEI.PS
1996-09-02,3249.39,Yahoo PSEI.PS
1996-09-03,3207.89,Yahoo PSEI.PS
1996-09-04,3197.60,Yahoo PSEI.PS
1996-09-05,3191.56,Yahoo PSEI.PS
1996-09-06,3170.16,Yahoo PSEI.PS
1996-09-09,3166.42,Yahoo PSEI.PS
1996-09-10,3201.80,Yahoo PSEI.PS
1996-09-11,3186.19,Yahoo PSEI.PS
1996-09-12,3194.56,Yahoo PSEI.PS
1996-09-13,3193.68,Yahoo PSEI.PS
1996-09-16,3233.67,Yahoo PSEI.PS
1996-09-17,3259.72,Yahoo PSEI.PS
1996-09-18,3248.59,Yahoo PSEI.PS
1996-09-19,3237.03,Yahoo PSEI.PS
1996-09-20,3242.22,Yahoo PSEI.PS
1996-09-23,3244.54,Yahoo PSEI.PS
1996-09-24,3236.48,Yahoo PSEI.PS
1996-09-25,3235.04,Yahoo PSEI.PS
1996-09-26,3222.56,Yahoo PSEI.PS
1996-09-27,3223.71,Yahoo PSEI.PS
1996-09-30,3169.78,Yahoo PSEI.PS
1996-10-01,3189.98,Yahoo PSEI.PS
1996-10-02,3171.88,Yahoo PSEI.PS
1996-10-03,3130.26,Yahoo PSEI.PS
1996-10-04,3131.14,Yahoo PSEI.PS
1996-10-07,3121.03,Yahoo PSEI.PS
1996-10-08,3037.54,Yahoo PSEI.PS
1996-10-09,3026.24,Yahoo PSEI.PS
1996-10-10,3002.35,Yahoo PSEI.PS
1996-10-11,2973.59,Yahoo PSEI.PS
1996-10-14,2935.86,Yahoo PSEI.PS
1996-10-15,2927.43,Yahoo PSEI.PS
1996-10-16,2983.57,Yahoo PSEI.PS
1996-10-17,3061.06,Yahoo PSEI.PS
1996-10-18,3099.73,Yahoo PSEI.PS
1996-10-21,3092.34,Yahoo PSEI.PS
1996-10-22,3073.12,Yahoo PSEI.PS
1996-10-23,3049.59,Yahoo PSEI.PS
1996-10-24,3041.78,Yahoo PSEI.PS
1996-10-25,2962.60,Yahoo PSEI.PS
1996-10-28,2852.16,Yahoo PSEI.PS
1996-10-29,2904.41,Yahoo PSEI.PS
1996-10-30,2927.30,Yahoo PSEI.PS
1996-10-31,2964.00,Yahoo PSEI.PS
1996-11-01,2964.00,Yahoo PSEI.PS
1996-11-04,2976.14,Yahoo PSEI.PS
1996-11-05,2987.18,Yahoo PSEI.PS
1996-11-06,2998.43,Yahoo PSEI.PS
1996-11-07,3063.06,Yahoo PSEI.PS
1996-11-08,3090.00,Yahoo PSEI.PS
1996-11-11,3046.97,Yahoo PSEI.PS
1996-11-12,3047.74,Yahoo PSEI.PS
1996-11-13,3049.49,Yahoo PSEI.PS
1996-11-14,3072.81,Yahoo PSEI.PS
1996-11-15,3072.79,Yahoo PSEI.PS
1996-11-18,3105.55,Yahoo PSEI.PS
1996-11-19,3109.02,Yahoo PSEI.PS
1996-11-20,3117.62,Yahoo PSEI.PS
1996-11-21,3099.11,Yahoo PSEI.PS
1996-11-22,3102.36,Yahoo PSEI.PS
1996-11-25,3104.46,Yahoo PSEI.PS
1996-11-26,3074.28,Yahoo PSEI.PS
1996-11-27,3065.65,Yahoo PSEI.PS
1996-11-28,3063.74,Yahoo PSEI.PS
1996-11-29,3090.16,Yahoo PSEI.PS
1996-12-02,3095.74,Yahoo PSEI.PS
1996-12-03,3101.36,Yahoo PSEI.PS
1996-12-04,3130.87,Yahoo PSEI.PS
1996-12-05,3163.33,Yahoo PSEI.PS
1996-12-06,3139.45,Yahoo PSEI.PS
1996-12-09,3090.16,Yahoo PSEI.PS
1996-12-10,3128.38,Yahoo PSEI.PS
1996-12-11,3160.76,Yahoo PSEI.PS
1996-12-12,3129.11,Yahoo PSEI.PS
1996-12-13,3120.20,Yahoo PSEI.PS
1996-12-16,3115.58,Yahoo PSEI.PS
1996-12-17,3093.21,Yahoo PSEI.PS
1996-12-18,3105.80,Yahoo PSEI.PS
1996-12-19,3154.38,Yahoo PSEI.PS
1996-12-20,3180.20,Yahoo PSEI.PS
1996-12-23,3139.92,Yahoo PSEI.PS
1996-12-24,3152.53,Yahoo PSEI.PS
1996-12-26,3165.52,Yahoo PSEI.PS
1996-12-27,3170.56,Yahoo PSEI.PS
1997-01-02,3154.48,Yahoo PSEI.PS
1997-01-03,3169.26,Yahoo PSEI.PS
1997-01-06,3186.37,Yahoo PSEI.PS
1997-01-07,3195.47,Yahoo PSEI.PS
1997-01-08,3206.99,Yahoo PSEI.PS
1997-01-09,3223.36,Yahoo PSEI.PS
1997-01-10,3262.14,Yahoo PSEI.PS
1997-01-13,3270.31,Yahoo PSEI.PS
1997-01-14,3261.72,Yahoo PSEI.PS
1997-01-15,3258.52,Yahoo PSEI.PS
1997-01-16,3290.19,Yahoo PSEI.PS
1997-01-17,3294.31,Yahoo PSEI.PS
1997-01-20,3280.85,Yahoo PSEI.PS
1997-01-21,3279.23,Yahoo PSEI.PS
1997-01-22,3275.83,Yahoo PSEI.PS
1997-01-23,3328.38,Yahoo PSEI.PS
1997-01-24,3332.53,Yahoo PSEI.PS
1997-01-27,3323.10,Yahoo PSEI.PS
1997-01-28,3341.99,Yahoo PSEI.PS
1997-01-29,3373.61,Yahoo PSEI.PS
1997-01-30,3392.76,Yahoo PSEI.PS
1997-01-31,3421.91,Yahoo PSEI.PS
1997-02-03,3447.60,Yahoo PSEI.PS
1997-02-04,3398.89,Yahoo PSEI.PS
1997-02-05,3396.04,Yahoo PSEI.PS
1997-02-06,3371.13,Yahoo PSEI.PS
1997-02-07,3381.84,Yahoo PSEI.PS
1997-02-10,3386.02,Yahoo PSEI.PS
1997-02-11,3358.70,Yahoo PSEI.PS
1997-02-12,3339.83,Yahoo PSEI.PS
1997-02-13,3335.73,Yahoo PSEI.PS
1997-02-14,3322.30,Yahoo PSEI.PS
1997-02-17,3314.84,Yahoo PSEI.PS
1997-02-18,3306.43,Yahoo PSEI.PS
1997-02-19,3315.52,Yahoo PSEI.PS
1997-02-20,3310.43,Yahoo PSEI.PS
1997-02-21,3301.98,Yahoo PSEI.PS
1997-02-24,3338.67,Yahoo PSEI.PS
1997-02-25,3363.08,Yahoo PSEI.PS
1997-02-26,3349.82,Yahoo PSEI.PS
1997-02-27,3333.94,Yahoo PSEI.PS
1997-02-28,3315.28,Yahoo PSEI.PS
1997-03-03,3320.41,Yahoo PSEI.PS
1997-03-04,3302.82,Yahoo PSEI.PS
1997-03-05,3292.30,Yahoo PSEI.PS
1997-03-06,3279.82,Yahoo PSEI.PS
1997-03-07,3286.45,Yahoo PSEI.PS
1997-03-10,3289.34,Yahoo PSEI.PS
1997-03-11,3280.99,Yahoo PSEI.PS
1997-03-12,3270.64,Yahoo PSEI.PS
1997-03-13,3261.24,Yahoo PSEI.PS
1997-03-14,3234.79,Yahoo PSEI.PS
1997-03-17,3231.86,Yahoo PSEI.PS
1997-03-18,3215.64,Yahoo PSEI.PS
1997-03-19,3200.61,Yahoo PSEI.PS
1997-03-20,3206.67,Yahoo PSEI.PS
1997-03-21,3201.65,Yahoo PSEI.PS
1997-03-24,3222.46,Yahoo PSEI.PS
1997-03-25,3204.12,Yahoo PSEI.PS
1997-03-26,3223.14,Yahoo PSEI.PS
1997-03-27,3223.14,Yahoo PSEI.PS
1997-03-28,3223.14,Yahoo PSEI.PS
1997-03-31,3222.98,Yahoo PSEI.PS
1997-04-01,3171.79,Yahoo PSEI.PS
1997-04-02,3162.21,Yahoo PSEI.PS
1997-04-03,3104.77,Yahoo PSEI.PS
1997-04-04,3060.59,Yahoo PSEI.PS
1997-04-07,2990.96,Yahoo PSEI.PS
1997-04-08,2909.30,Yahoo PSEI.PS
1997-04-09,2909.30,Yahoo PSEI.PS
1997-04-10,2949.02,Yahoo PSEI.PS
1997-04-11,2976.78,Yahoo PSEI.PS
1997-04-14,2932.84,Yahoo PSEI.PS
1997-04-15,2949.46,Yahoo PSEI.PS
1997-04-16,2960.97,Yahoo PSEI.PS
1997-04-17,2927.87,Yahoo PSEI.PS
1997-04-18,2944.98,Yahoo PSEI.PS
1997-04-21,2944.98,Yahoo PSEI.PS
1997-04-22,2860.45,Yahoo PSEI.PS
1997-04-23,2913.56,Yahoo PSEI.PS
1997-04-24,2906.33,Yahoo PSEI.PS
1997-04-25,2872.37,Yahoo PSEI.PS
1997-04-28,2837.31,Yahoo PSEI.PS
1997-04-29,2708.44,Yahoo PSEI.PS
1997-04-30,2648.17,Yahoo PSEI.PS
1997-05-01,2648.17,Yahoo PSEI.PS
1997-05-02,2605.65,Yahoo PSEI.PS
1997-05-05,2736.42,Yahoo PSEI.PS
1997-05-06,2776.53,Yahoo PSEI.PS
1997-05-07,2694.40,Yahoo PSEI.PS
1997-05-08,2682.10,Yahoo PSEI.PS
1997-05-09,2671.39,Yahoo PSEI.PS
1997-05-12,2671.39,Yahoo PSEI.PS
1997-05-13,2677.11,Yahoo PSEI.PS
1997-05-14,2705.92,Yahoo PSEI.PS
1997-05-15,2631.09,Yahoo PSEI.PS
1997-05-16,2576.13,Yahoo PSEI.PS
1997-05-19,2509.36,Yahoo PSEI.PS
1997-05-20,2499.38,Yahoo PSEI.PS
1997-05-21,2538.97,Yahoo PSEI.PS
1997-05-22,2586.69,Yahoo PSEI.PS
1997-05-23,2598.20,Yahoo PSEI.PS
1997-05-26,2598.20,Yahoo PSEI.PS
1997-05-27,2710.91,Yahoo PSEI.PS
1997-05-28,2722.67,Yahoo PSEI.PS
1997-05-29,2758.61,Yahoo PSEI.PS
1997-05-30,2809.45,Yahoo PSEI.PS
1997-06-02,2820.72,Yahoo PSEI.PS
1997-06-03,2802.78,Yahoo PSEI.PS
1997-06-04,2796.11,Yahoo PSEI.PS
1997-06-05,2778.44,Yahoo PSEI.PS
1997-06-06,2762.80,Yahoo PSEI.PS
1997-06-09,2778.37,Yahoo PSEI.PS
1997-06-10,2775.11,Yahoo PSEI.PS
1997-06-11,2787.74,Yahoo PSEI.PS
1997-06-12,2787.74,Yahoo PSEI.PS
1997-06-13,2801.61,Yahoo PSEI.PS
1997-06-16,2790.86,Yahoo PSEI.PS
1997-06-17,2798.25,Yahoo PSEI.PS
1997-06-18,2823.35,Yahoo PSEI.PS
1997-06-19,2905.97,Yahoo PSEI.PS
1997-06-20,2881.73,Yahoo PSEI.PS
1997-06-23,2808.65,Yahoo PSEI.PS
1997-06-24,2818.27,Yahoo PSEI.PS
1997-06-25,2829.29,Yahoo PSEI.PS
1997-06-26,2837.10,Yahoo PSEI.PS
1997-06-27,2835.03,Yahoo PSEI.PS
1997-06-30,2809.21,Yahoo PSEI.PS
1997-07-01,2815.54,Yahoo PSEI.PS
1997-07-02,2764.89,Yahoo PSEI.PS
1997-07-03,2742.42,Yahoo PSEI.PS
1997-07-04,2758.96,Yahoo PSEI.PS
1997-07-07,2753.15,Yahoo PSEI.PS
1997-07-08,2698.66,Yahoo PSEI.PS
1997-07-09,2589.20,Yahoo PSEI.PS
1997-07-10,2511.15,Yahoo PSEI.PS
1997-07-11,2701.14,Yahoo PSEI.PS
1997-07-14,2710.73,Yahoo PSEI.PS
1997-07-15,2655.86,Yahoo PSEI.PS
1997-07-16,2587.36,Yahoo PSEI.PS
1997-07-17,2620.38,Yahoo PSEI.PS
1997-07-18,2672.95,Yahoo PSEI.PS
1997-07-21,2648.34,Yahoo PSEI.PS
1997-07-22,2656.73,Yahoo PSEI.PS
1997-07-23,2636.37,Yahoo PSEI.PS
1997-07-24,2572.80,Yahoo PSEI.PS
1997-07-25,2572.69,Yahoo PSEI.PS
1997-07-28,2592.21,Yahoo PSEI.PS
1997-07-29,2592.46,Yahoo PSEI.PS
1997-07-30,2595.42,Yahoo PSEI.PS
1997-07-31,2616.40,Yahoo PSEI.PS
1997-08-01,2635.64,Yahoo PSEI.PS
1997-08-04,2639.53,Yahoo PSEI.PS
1997-08-05,2676.20,Yahoo PSEI.PS
1997-08-06,2694.79,Yahoo PSEI.PS
1997-08-07,2670.01,Yahoo PSEI.PS
1997-08-08,2647.82,Yahoo PSEI.PS
1997-08-11,2572.43,Yahoo PSEI.PS
1997-08-12,2535.40,Yahoo PSEI.PS
1997-08-13,2527.08,Yahoo PSEI.PS
1997-08-14,2493.49,Yahoo PSEI.PS
1997-08-15,2448.93,Yahoo PSEI.PS
1997-08-18,2368.67,Yahoo PSEI.PS
1997-08-19,2368.67,Yahoo PSEI.PS
1997-08-20,2408.06,Yahoo PSEI.PS
1997-08-21,2459.04,Yahoo PSEI.PS
1997-08-22,2428.73,Yahoo PSEI.PS
1997-08-25,2364.03,Yahoo PSEI.PS
1997-08-26,2300.82,Yahoo PSEI.PS
1997-08-27,2284.03,Yahoo PSEI.PS
1997-08-28,2071.97,Yahoo PSEI.PS
1997-08-29,2021.52,Yahoo PSEI.PS
1997-09-01,1975.28,Yahoo PSEI.PS
1997-09-02,1950.41,Yahoo PSEI.PS
1997-09-03,1994.13,Yahoo PSEI.PS
1997-09-04,2077.68,Yahoo PSEI.PS
1997-09-05,2109.22,Yahoo PSEI.PS
1997-09-08,2106.58,Yahoo PSEI.PS
1997-09-09,2228.86,Yahoo PSEI.PS
1997-09-10,2212.77,Yahoo PSEI.PS
1997-09-11,2145.29,Yahoo PSEI.PS
1997-09-12,2141.68,Yahoo PSEI.PS
1997-09-15,2123.00,Yahoo PSEI.PS
1997-09-16,2109.55,Yahoo PSEI.PS
1997-09-17,2073.96,Yahoo PSEI.PS
1997-09-18,2009.85,Yahoo PSEI.PS
1997-09-19,2078.57,Yahoo PSEI.PS
1997-09-22,2096.23,Yahoo PSEI.PS
1997-09-23,2049.67,Yahoo PSEI.PS
1997-09-24,2077.04,Yahoo PSEI.PS
1997-09-25,2065.56,Yahoo PSEI.PS
1997-09-26,2080.78,Yahoo PSEI.PS
1997-09-29,2059.15,Yahoo PSEI.PS
1997-09-30,2057.39,Yahoo PSEI.PS
1997-10-01,2067.62,Yahoo PSEI.PS
1997-10-02,2031.47,Yahoo PSEI.PS
1997-10-03,2029.67,Yahoo PSEI.PS
1997-10-06,1961.24,Yahoo PSEI.PS
1997-10-07,1920.63,Yahoo PSEI.PS
1997-10-08,1946.83,Yahoo PSEI.PS
1997-10-09,2005.50,Yahoo PSEI.PS
1997-10-10,2061.41,Yahoo PSEI.PS
1997-10-13,2062.09,Yahoo PSEI.PS
1997-10-14,2074.21,Yahoo PSEI.PS
1997-10-15,2040.11,Yahoo PSEI.PS
1997-10-16,2036.48,Yahoo PSEI.PS
1997-10-17,2050.88,Yahoo PSEI.PS
1997-10-20,2015.78,Yahoo PSEI.PS
1997-10-21,1993.89,Yahoo PSEI.PS
1997-10-22,1928.97,Yahoo PSEI.PS
1997-10-23,1832.91,Yahoo PSEI.PS
1997-10-24,1847.78,Yahoo PSEI.PS
1997-10-27,1857.34,Yahoo PSEI.PS
1997-10-28,1740.18,Yahoo PSEI.PS
1997-10-29,1814.15,Yahoo PSEI.PS
1997-10-30,1813.16,Yahoo PSEI.PS
1997-10-31,1818.09,Yahoo PSEI.PS
1997-11-03,1825.26,Yahoo PSEI.PS
1997-11-04,1881.14,Yahoo PSEI.PS
1997-11-05,1900.67,Yahoo PSEI.PS
1997-11-06,1893.06,Yahoo PSEI.PS
1997-11-07,1893.61,Yahoo PSEI.PS
1997-11-10,1851.97,Yahoo PSEI.PS
1997-11-11,1862.28,Yahoo PSEI.PS
1997-11-12,1841.81,Yahoo PSEI.PS
1997-11-13,1803.55,Yahoo PSEI.PS
1997-11-14,1844.95,Yahoo PSEI.PS
1997-11-17,1892.07,Yahoo PSEI.PS
1997-11-18,1877.76,Yahoo PSEI.PS
1997-11-19,1872.00,Yahoo PSEI.PS
1997-11-20,1872.75,Yahoo PSEI.PS
1997-11-21,1849.67,Yahoo PSEI.PS
1997-11-24,1831.97,Yahoo PSEI.PS
1997-11-25,1795.35,Yahoo PSEI.PS
1997-11-26,1799.39,Yahoo PSEI.PS
1997-11-27,1761.36,Yahoo PSEI.PS
1997-11-28,1771.94,Yahoo PSEI.PS
1997-12-01,1777.04,Yahoo PSEI.PS
1997-12-02,1779.25,Yahoo PSEI.PS
1997-12-03,1799.49,Yahoo PSEI.PS
1997-12-04,1806.91,Yahoo PSEI.PS
1997-12-05,1900.06,Yahoo PSEI.PS
1997-12-08,1957.21,Yahoo PSEI.PS
1997-12-09,1979.50,Yahoo PSEI.PS
1997-12-10,1972.84,Yahoo PSEI.PS
1997-12-11,1875.63,Yahoo PSEI.PS
1997-12-12,1854.74,Yahoo PSEI.PS
1997-12-15,1819.67,Yahoo PSEI.PS
1997-12-16,1801.38,Yahoo PSEI.PS
1997-12-17,1796.90,Yahoo PSEI.PS
1997-12-18,1846.09,Yahoo PSEI.PS
1997-12-19,1858.22,Yahoo PSEI.PS
1997-12-22,1887.18,Yahoo PSEI.PS
1997-12-23,1855.66,Yahoo PSEI.PS
1997-12-24,1847.25,Yahoo PSEI.PS
1997-12-26,1847.25,Yahoo PSEI.PS
1997-12-29,1869.23,Yahoo PSEI.PS
1998-01-02,1891.27,Yahoo PSEI.PS
1998-01-05,1872.84,Yahoo PSEI.PS
1998-01-06,1820.60,Yahoo PSEI.PS
1998-01-07,1747.34,Yahoo PSEI.PS
1998-01-08,1655.85,Yahoo PSEI.PS
1998-01-09,1518.00,Yahoo PSEI.PS
1998-01-12,1532.97,Yahoo PSEI.PS
1998-01-13,1590.99,Yahoo PSEI.PS
1998-01-14,1686.22,Yahoo PSEI.PS
1998-01-15,1706.85,Yahoo PSEI.PS
1998-01-16,1676.63,Yahoo PSEI.PS
1998-01-19,1771.89,Yahoo PSEI.PS
1998-01-20,1773.86,Yahoo PSEI.PS
1998-01-21,1755.27,Yahoo PSEI.PS
1998-01-22,1707.61,Yahoo PSEI.PS
1998-01-23,1704.07,Yahoo PSEI.PS
1998-01-26,1730.82,Yahoo PSEI.PS
1998-01-27,1733.15,Yahoo PSEI.PS
1998-01-28,1782.07,Yahoo PSEI.PS
1998-01-29,1796.68,Yahoo PSEI.PS
1998-01-30,1948.01,Yahoo PSEI.PS
1998-02-02,2145.70,Yahoo PSEI.PS
1998-02-03,2085.88,Yahoo PSEI.PS
1998-02-04,2042.14,Yahoo PSEI.PS
1998-02-05,2049.15,Yahoo PSEI.PS
1998-02-06,2036.78,Yahoo PSEI.PS
1998-02-09,2050.69,Yahoo PSEI.PS
1998-02-10,2078.87,Yahoo PSEI.PS
1998-02-11,2218.32,Yahoo PSEI.PS
1998-02-12,2166.45,Yahoo PSEI.PS
1998-02-13,2094.98,Yahoo PSEI.PS
1998-02-16,2022.73,Yahoo PSEI.PS
1998-02-17,2055.53,Yahoo PSEI.PS
1998-02-18,2097.60,Yahoo PSEI.PS
1998-02-19,2136.30,Yahoo PSEI.PS
1998-02-20,2135.91,Yahoo PSEI.PS
1998-02-23,2116.00,Yahoo PSEI.PS
1998-02-24,2100.78,Yahoo PSEI.PS
1998-02-25,2153.70,Yahoo PSEI.PS
1998-02-26,2182.75,Yahoo PSEI.PS
1998-02-27,2266.30,Yahoo PSEI.PS
1998-03-02,2280.56,Yahoo PSEI.PS
1998-03-03,2258.86,Yahoo PSEI.PS
1998-03-04,2219.31,Yahoo PSEI.PS
1998-03-05,2207.54,Yahoo PSEI.PS
1998-03-06,2181.96,Yahoo PSEI.PS
1998-03-09,2175.41,Yahoo PSEI.PS
1998-03-10,2134.91,Yahoo PSEI.PS
1998-03-11,2188.42,Yahoo PSEI.PS
1998-03-12,2176.50,Yahoo PSEI.PS
1998-03-13,2173.29,Yahoo PSEI.PS
1998-03-16,2194.12,Yahoo PSEI.PS
1998-03-17,2239.83,Yahoo PSEI.PS
1998-03-18,2283.98,Yahoo PSEI.PS
1998-03-19,2288.39,Yahoo PSEI.PS
1998-03-20,2274.14,Yahoo PSEI.PS
1998-03-23,2310.06,Yahoo PSEI.PS
1998-03-24,2305.06,Yahoo PSEI.PS
1998-03-25,2311.42,Yahoo PSEI.PS
1998-03-26,2310.37,Yahoo PSEI.PS
1998-03-27,2301.66,Yahoo PSEI.PS
1998-03-30,2273.80,Yahoo PSEI.PS
1998-03-31,2238.42,Yahoo PSEI.PS
1998-04-01,2209.37,Yahoo PSEI.PS
1998-04-02,2174.00,Yahoo PSEI.PS
1998-04-03,2173.55,Yahoo PSEI.PS
1998-04-06,2160.48,Yahoo PSEI.PS
1998-04-07,2183.35,Yahoo PSEI.PS
1998-04-08,2193.47,Yahoo PSEI.PS
1998-04-09,2193.47,Yahoo PSEI.PS
1998-04-10,2193.47,Yahoo PSEI.PS
1998-04-13,2210.46,Yahoo PSEI.PS
1998-04-14,2222.04,Yahoo PSEI.PS
1998-04-15,2210.57,Yahoo PSEI.PS
1998-04-16,2184.55,Yahoo PSEI.PS
1998-04-17,2176.10,Yahoo PSEI.PS
1998-04-20,2156.60,Yahoo PSEI.PS
1998-04-21,2151.48,Yahoo PSEI.PS
1998-04-22,2154.28,Yahoo PSEI.PS
1998-04-23,2164.33,Yahoo PSEI.PS
1998-04-24,2153.91,Yahoo PSEI.PS
1998-04-27,2122.19,Yahoo PSEI.PS
1998-04-28,2126.69,Yahoo PSEI.PS
1998-04-29,2133.99,Yahoo PSEI.PS
1998-04-30,2181.32,Yahoo PSEI.PS
1998-05-01,2181.32,Yahoo PSEI.PS
1998-05-04,2208.12,Yahoo PSEI.PS
1998-05-05,2267.18,Yahoo PSEI.PS
1998-05-06,2211.13,Yahoo PSEI.PS
1998-05-07,2189.97,Yahoo PSEI.PS
1998-05-08,2209.96,Yahoo PSEI.PS
1998-05-11,2209.96,Yahoo PSEI.PS
1998-05-12,2214.52,Yahoo PSEI.PS
1998-05-13,2163.67,Yahoo PSEI.PS
1998-05-14,2130.00,Yahoo PSEI.PS
1998-05-15,2128.60,Yahoo PSEI.PS
1998-05-18,2125.41,Yahoo PSEI.PS
1998-05-19,2068.91,Yahoo PSEI.PS
1998-05-20,2100.29,Yahoo PSEI.PS
1998-05-21,2148.61,Yahoo PSEI.PS
1998-05-22,2139.25,Yahoo PSEI.PS
1998-05-25,2124.48,Yahoo PSEI.PS
1998-05-26,2109.30,Yahoo PSEI.PS
1998-05-27,2060.14,Yahoo PSEI.PS
1998-05-28,2014.23,Yahoo PSEI.PS
1998-05-29,2011.45,Yahoo PSEI.PS
1998-06-01,1996.05,Yahoo PSEI.PS
1998-06-02,1946.08,Yahoo PSEI.PS
1998-06-03,1928.99,Yahoo PSEI.PS
1998-06-04,1953.88,Yahoo PSEI.PS
1998-06-05,1957.76,Yahoo PSEI.PS
1998-06-08,1930.59,Yahoo PSEI.PS
1998-06-09,1924.49,Yahoo PSEI.PS
1998-06-10,1917.87,Yahoo PSEI.PS
1998-06-11,1829.02,Yahoo PSEI.PS
1998-06-12,1829.02,Yahoo PSEI.PS
1998-06-15,1746.86,Yahoo PSEI.PS
1998-06-16,1726.55,Yahoo PSEI.PS
1998-06-17,1716.18,Yahoo PSEI.PS
1998-06-18,1828.59,Yahoo PSEI.PS
1998-06-19,1741.71,Yahoo PSEI.PS
1998-06-22,1689.69,Yahoo PSEI.PS
1998-06-23,1695.86,Yahoo PSEI.PS
1998-06-24,1712.88,Yahoo PSEI.PS
1998-06-25,1709.03,Yahoo PSEI.PS
1998-06-26,1723.37,Yahoo PSEI.PS
1998-06-29,1760.13,Yahoo PSEI.PS
1998-06-30,1760.13,Yahoo PSEI.PS
1998-07-01,1781.96,Yahoo PSEI.PS
1998-07-02,1856.19,Yahoo PSEI.PS
1998-07-03,1859.24,Yahoo PSEI.PS
1998-07-06,1854.39,Yahoo PSEI.PS
1998-07-07,1860.32,Yahoo PSEI.PS
1998-07-08,1857.50,Yahoo PSEI.PS
1998-07-09,1828.40,Yahoo PSEI.PS
1998-07-10,1802.21,Yahoo PSEI.PS
1998-07-13,1775.85,Yahoo PSEI.PS
1998-07-14,1784.87,Yahoo PSEI.PS
1998-07-15,1794.06,Yahoo PSEI.PS
1998-07-16,1797.00,Yahoo PSEI.PS
1998-07-17,1787.26,Yahoo PSEI.PS
1998-07-20,1734.45,Yahoo PSEI.PS
1998-07-21,1742.65,Yahoo PSEI.PS
1998-07-22,1711.75,Yahoo PSEI.PS
1998-07-23,1678.16,Yahoo PSEI.PS
1998-07-24,1680.88,Yahoo PSEI.PS
1998-07-27,1661.19,Yahoo PSEI.PS
1998-07-28,1628.33,Yahoo PSEI.PS
1998-07-29,1605.27,Yahoo PSEI.PS
1998-07-30,1613.50,Yahoo PSEI.PS
1998-07-31,1607.61,Yahoo PSEI.PS
1998-08-03,1543.07,Yahoo PSEI.PS
1998-08-04,1511.44,Yahoo PSEI.PS
1998-08-05,1524.75,Yahoo PSEI.PS
1998-08-06,1480.89,Yahoo PSEI.PS
1998-08-07,1448.72,Yahoo PSEI.PS
1998-08-10,1427.66,Yahoo PSEI.PS
1998-08-11,1373.19,Yahoo PSEI.PS
1998-08-12,1307.30,Yahoo PSEI.PS
1998-08-13,1303.29,Yahoo PSEI.PS
1998-08-14,1337.92,Yahoo PSEI.PS
1998-08-17,1335.71,Yahoo PSEI.PS
1998-08-18,1323.17,Yahoo PSEI.PS
1998-08-19,1364.59,Yahoo PSEI.PS
1998-08-20,1390.93,Yahoo PSEI.PS
1998-08-21,1372.60,Yahoo PSEI.PS
1998-08-24,1323.11,Yahoo PSEI.PS
1998-08-25,1310.19,Yahoo PSEI.PS
1998-08-26,1287.02,Yahoo PSEI.PS
1998-08-27,1266.99,Yahoo PSEI.PS
1998-08-28,1194.71,Yahoo PSEI.PS
1998-08-31,1192.25,Yahoo PSEI.PS
1998-09-01,1191.76,Yahoo PSEI.PS
1998-09-02,1197.77,Yahoo PSEI.PS
1998-09-03,1192.95,Yahoo PSEI.PS
1998-09-04,1159.38,Yahoo PSEI.PS
1998-09-07,1186.93,Yahoo PSEI.PS
1998-09-08,1192.08,Yahoo PSEI.PS
1998-09-09,1157.43,Yahoo PSEI.PS
1998-09-10,1100.17,Yahoo PSEI.PS
1998-09-11,1082.18,Yahoo PSEI.PS
1998-09-14,1100.76,Yahoo PSEI.PS
1998-09-15,1140.40,Yahoo PSEI.PS
1998-09-16,1176.54,Yahoo PSEI.PS
1998-09-17,1269.24,Yahoo PSEI.PS
1998-09-18,1174.61,Yahoo PSEI.PS
1998-09-21,1164.26,Yahoo PSEI.PS
1998-09-22,1123.30,Yahoo PSEI.PS
1998-09-23,1159.69,Yahoo PSEI.PS
1998-09-24,1220.25,Yahoo PSEI.PS
1998-09-25,1215.46,Yahoo PSEI.PS
1998-09-28,1230.50,Yahoo PSEI.PS
1998-09-29,1238.17,Yahoo PSEI.PS
1998-09-30,1259.64,Yahoo PSEI.PS
1998-10-01,1227.32,Yahoo PSEI.PS
1998-10-02,1195.62,Yahoo PSEI.PS
1998-10-05,1166.54,Yahoo PSEI.PS
1998-10-06,1170.16,Yahoo PSEI.PS
1998-10-07,1212.75,Yahoo PSEI.PS
1998-10-08,1250.41,Yahoo PSEI.PS
1998-10-09,1301.36,Yahoo PSEI.PS
1998-10-12,1343.27,Yahoo PSEI.PS
1998-10-13,1367.77,Yahoo PSEI.PS
1998-10-14,1324.22,Yahoo PSEI.PS
1998-10-15,1342.78,Yahoo PSEI.PS
1998-10-16,1437.36,Yahoo PSEI.PS
1998-10-19,1489.35,Yahoo PSEI.PS
1998-10-20,1467.69,Yahoo PSEI.PS
1998-10-21,1494.62,Yahoo PSEI.PS
1998-10-22,1494.62,Yahoo PSEI.PS
1998-10-23,1523.98,Yahoo PSEI.PS
1998-10-26,1586.40,Yahoo PSEI.PS
1998-10-27,1592.50,Yahoo PSEI.PS
1998-10-28,1602.23,Yahoo PSEI.PS
1998-10-29,1668.96,Yahoo PSEI.PS
1998-10-30,1755.04,Yahoo PSEI.PS
1998-11-02,1755.04,Yahoo PSEI.PS
1998-11-03,1801.64,Yahoo PSEI.PS
1998-11-04,1714.09,Yahoo PSEI.PS
1998-11-05,1761.60,Yahoo PSEI.PS
1998-11-06,1797.37,Yahoo PSEI.PS
1998-11-09,1712.51,Yahoo PSEI.PS
1998-11-10,1637.10,Yahoo PSEI.PS
1998-11-11,1708.23,Yahoo PSEI.PS
1998-11-12,1734.15,Yahoo PSEI.PS
1998-11-13,1711.98,Yahoo PSEI.PS
1998-11-16,1745.60,Yahoo PSEI.PS
1998-11-17,1779.23,Yahoo PSEI.PS
1998-11-18,1820.77,Yahoo PSEI.PS
1998-11-19,1819.01,Yahoo PSEI.PS
1998-11-20,1841.69,Yahoo PSEI.PS
1998-11-23,1922.26,Yahoo PSEI.PS
1998-11-24,1961.25,Yahoo PSEI.PS
1998-11-25,1958.54,Yahoo PSEI.PS
1998-11-26,1920.93,Yahoo PSEI.PS
1998-11-27,1975.36,Yahoo PSEI.PS
1998-11-30,1975.36,Yahoo PSEI.PS
1998-12-01,1921.79,Yahoo PSEI.PS
1998-12-02,1886.00,Yahoo PSEI.PS
1998-12-03,1807.03,Yahoo PSEI.PS
1998-12-04,1822.64,Yahoo PSEI.PS
1998-12-07,1834.36,Yahoo PSEI.PS
1998-12-08,1815.85,Yahoo PSEI.PS
1998-12-09,1769.34,Yahoo PSEI.PS
1998-12-10,1822.23,Yahoo PSEI.PS
1998-12-11,1835.61,Yahoo PSEI.PS
1998-12-14,1800.80,Yahoo PSEI.PS
1998-12-15,1796.73,Yahoo PSEI.PS
1998-12-16,1869.24,Yahoo PSEI.PS
1998-12-17,1878.30,Yahoo PSEI.PS
1998-12-18,1886.36,Yahoo PSEI.PS
1998-12-21,1873.15,Yahoo PSEI.PS
1998-12-22,1893.66,Yahoo PSEI.PS
1998-12-23,1910.46,Yahoo PSEI.PS
1998-12-24,1932.15,Yahoo PSEI.PS
1998-12-28,1932.94,Yahoo PSEI.PS
1998-12-29,1968.78,Yahoo PSEI.PS
1999-01-04,1980.70,Yahoo PSEI.PS
1999-01-05,2006.85,Yahoo PSEI.PS
1999-01-06,2079.75,Yahoo PSEI.PS
1999-01-07,2134.91,Yahoo PSEI.PS
1999-01-08,2140.64,Yahoo PSEI.PS
1999-01-11,2139.64,Yahoo PSEI.PS
1999-01-12,2148.46,Yahoo PSEI.PS
1999-01-13,2167.40,Yahoo PSEI.PS
1999-01-14,2063.28,Yahoo PSEI.PS
1999-01-15,2041.55,Yahoo PSEI.PS
1999-01-18,2130.90,Yahoo PSEI.PS
1999-01-19,2103.84,Yahoo PSEI.PS
1999-01-20,2146.39,Yahoo PSEI.PS
1999-01-21,2142.80,Yahoo PSEI.PS
1999-01-22,2062.34,Yahoo PSEI.PS
1999-01-25,1951.44,Yahoo PSEI.PS
1999-01-26,1982.26,Yahoo PSEI.PS
1999-01-27,1994.00,Yahoo PSEI.PS
1999-01-28,1998.81,Yahoo PSEI.PS
1999-01-29,1954.15,Yahoo PSEI.PS
1999-02-01,1969.99,Yahoo PSEI.PS
1999-02-02,1975.29,Yahoo PSEI.PS
1999-02-03,2007.38,Yahoo PSEI.PS
1999-02-04,1986.30,Yahoo PSEI.PS
1999-02-05,1977.84,Yahoo PSEI.PS
1999-02-08,1965.49,Yahoo PSEI.PS
1999-02-09,1935.02,Yahoo PSEI.PS
1999-02-10,1897.19,Yahoo PSEI.PS
1999-02-11,1894.59,Yahoo PSEI.PS
1999-02-12,1919.78,Yahoo PSEI.PS
1999-02-15,1910.30,Yahoo PSEI.PS
1999-02-16,1918.87,Yahoo PSEI.PS
1999-02-17,1918.57,Yahoo PSEI.PS
1999-02-18,1927.45,Yahoo PSEI.PS
1999-02-19,1926.63,Yahoo PSEI.PS
1999-02-22,1939.69,Yahoo PSEI.PS
1999-02-23,1958.70,Yahoo PSEI.PS
1999-02-24,1934.11,Yahoo PSEI.PS
1999-02-25,1945.91,Yahoo PSEI.PS
1999-02-26,1965.05,Yahoo PSEI.PS
1999-03-01,1964.27,Yahoo PSEI.PS
1999-03-02,1970.38,Yahoo PSEI.PS
1999-03-03,2008.92,Yahoo PSEI.PS
1999-03-04,1997.68,Yahoo PSEI.PS
1999-03-05,2013.41,Yahoo PSEI.PS
1999-03-08,2028.28,Yahoo PSEI.PS
1999-03-09,1998.41,Yahoo PSEI.PS
1999-03-10,1981.48,Yahoo PSEI.PS
1999-03-11,1950.52,Yahoo PSEI.PS
1999-03-12,1945.30,Yahoo PSEI.PS
1999-03-15,1941.34,Yahoo PSEI.PS
1999-03-16,1981.84,Yahoo PSEI.PS
1999-03-17,1982.79,Yahoo PSEI.PS
1999-03-18,2024.05,Yahoo PSEI.PS
1999-03-19,2006.46,Yahoo PSEI.PS
1999-03-22,2018.49,Yahoo PSEI.PS
1999-03-23,2043.97,Yahoo PSEI.PS
1999-03-24,2025.54,Yahoo PSEI.PS
1999-03-25,1999.27,Yahoo PSEI.PS
1999-03-26,2022.07,Yahoo PSEI.PS
1999-03-29,2009.26,Yahoo PSEI.PS
1999-03-30,2012.02,Yahoo PSEI.PS
1999-03-31,2028.21,Yahoo PSEI.PS
1999-04-01,2028.21,Yahoo PSEI.PS
1999-04-02,2028.21,Yahoo PSEI.PS
1999-04-05,2041.17,Yahoo PSEI.PS
1999-04-06,2043.36,Yahoo PSEI.PS
1999-04-07,2070.17,Yahoo PSEI.PS
1999-04-08,2104.88,Yahoo PSEI.PS
1999-04-09,2104.88,Yahoo PSEI.PS
1999-04-12,2157.08,Yahoo PSEI.PS
1999-04-13,2157.64,Yahoo PSEI.PS
1999-04-14,2168.41,Yahoo PSEI.PS
1999-04-15,2177.36,Yahoo PSEI.PS
1999-04-16,2233.64,Yahoo PSEI.PS
1999-04-19,2355.98,Yahoo PSEI.PS
1999-04-20,2358.65,Yahoo PSEI.PS
1999-04-21,2312.97,Yahoo PSEI.PS
1999-04-22,2338.41,Yahoo PSEI.PS
1999-04-23,2384.47,Yahoo PSEI.PS
1999-04-26,2395.47,Yahoo PSEI.PS
1999-04-27,2420.85,Yahoo PSEI.PS
1999-04-28,2459.99,Yahoo PSEI.PS
1999-04-29,2433.49,Yahoo PSEI.PS
1999-04-30,2433.70,Yahoo PSEI.PS
1999-05-03,2446.74,Yahoo PSEI.PS
1999-05-04,2464.84,Yahoo PSEI.PS
1999-05-05,2447.67,Yahoo PSEI.PS
1999-05-06,2516.83,Yahoo PSEI.PS
1999-05-07,2526.76,Yahoo PSEI.PS
1999-05-10,2564.83,Yahoo PSEI.PS
1999-05-11,2537.58,Yahoo PSEI.PS
1999-05-12,2579.52,Yahoo PSEI.PS
1999-05-13,2522.01,Yahoo PSEI.PS
1999-05-14,2502.75,Yahoo PSEI.PS
1999-05-17,2453.59,Yahoo PSEI.PS
1999-05-18,2468.30,Yahoo PSEI.PS
1999-05-19,2390.82,Yahoo PSEI.PS
1999-05-20,2369.20,Yahoo PSEI.PS
1999-05-21,2377.13,Yahoo PSEI.PS
1999-05-24,2405.47,Yahoo PSEI.PS
1999-05-25,2370.37,Yahoo PSEI.PS
1999-05-26,2390.35,Yahoo PSEI.PS
1999-05-27,2402.88,Yahoo PSEI.PS
1999-05-28,2392.28,Yahoo PSEI.PS
1999-05-31,2419.83,Yahoo PSEI.PS
1999-06-01,2440.32,Yahoo PSEI.PS
1999-06-02,2415.77,Yahoo PSEI.PS
1999-06-03,2382.41,Yahoo PSEI.PS
1999-06-04,2354.60,Yahoo PSEI.PS
1999-06-07,2403.01,Yahoo PSEI.PS
1999-06-08,2415.07,Yahoo PSEI.PS
1999-06-09,2366.45,Yahoo PSEI.PS
1999-06-10,2372.90,Yahoo PSEI.PS
1999-06-11,2367.79,Yahoo PSEI.PS
1999-06-14,2391.20,Yahoo PSEI.PS
1999-06-15,2385.45,Yahoo PSEI.PS
1999-06-16,2391.30,Yahoo PSEI.PS
1999-06-17,2418.08,Yahoo PSEI.PS
1999-06-18,2429.64,Yahoo PSEI.PS
1999-06-21,2448.62,Yahoo PSEI.PS
1999-06-22,2478.61,Yahoo PSEI.PS
1999-06-23,2470.92,Yahoo PSEI.PS
1999-06-24,2498.53,Yahoo PSEI.PS
1999-06-25,2463.98,Yahoo PSEI.PS
1999-06-28,2462.05,Yahoo PSEI.PS
1999-06-29,2484.57,Yahoo PSEI.PS
1999-06-30,2486.96,Yahoo PSEI.PS
1999-07-01,2543.30,Yahoo PSEI.PS
1999-07-02,2578.72,Yahoo PSEI.PS
1999-07-05,2621.67,Yahoo PSEI.PS
1999-07-06,2610.36,Yahoo PSEI.PS
1999-07-07,2605.59,Yahoo PSEI.PS
1999-07-08,2612.18,Yahoo PSEI.PS
1999-07-09,2594.72,Yahoo PSEI.PS
1999-07-12,2606.21,Yahoo PSEI.PS
1999-07-13,2604.49,Yahoo PSEI.PS
1999-07-14,2570.96,Yahoo PSEI.PS
1999-07-15,2579.33,Yahoo PSEI.PS
1999-07-16,2585.69,Yahoo PSEI.PS
1999-07-19,2559.49,Yahoo PSEI.PS
1999-07-20,2551.42,Yahoo PSEI.PS
1999-07-21,2519.45,Yahoo PSEI.PS
1999-07-22,2488.62,Yahoo PSEI.PS
1999-07-23,2447.56,Yahoo PSEI.PS
1999-07-26,2376.12,Yahoo PSEI.PS
1999-07-27,2263.12,Yahoo PSEI.PS
1999-07-28,2352.97,Yahoo PSEI.PS
1999-07-29,2364.09,Yahoo PSEI.PS
1999-07-30,2342.81,Yahoo PSEI.PS
1999-08-02,2356.13,Yahoo PSEI.PS
1999-08-03,2356.13,Yahoo PSEI.PS
1999-08-04,2372.05,Yahoo PSEI.PS
1999-08-05,2348.24,Yahoo PSEI.PS
1999-08-06,2298.64,Yahoo PSEI.PS
1999-08-09,2255.30,Yahoo PSEI.PS
1999-08-10,2230.78,Yahoo PSEI.PS
1999-08-11,2157.89,Yahoo PSEI.PS
1999-08-12,2187.57,Yahoo PSEI.PS
1999-08-13,2170.99,Yahoo PSEI.PS
1999-08-16,2175.30,Yahoo PSEI.PS
1999-08-17,2087.13,Yahoo PSEI.PS
1999-08-18,2105.09,Yahoo PSEI.PS
1999-08-19,2159.20,Yahoo PSEI.PS
1999-08-20,2209.47,Yahoo PSEI.PS
1999-08-23,2220.77,Yahoo PSEI.PS
1999-08-24,2248.93,Yahoo PSEI.PS
1999-08-25,2260.14,Yahoo PSEI.PS
1999-08-26,2236.71,Yahoo PSEI.PS
1999-08-27,2221.24,Yahoo PSEI.PS
1999-08-30,2201.24,Yahoo PSEI.PS
1999-08-31,2173.82,Yahoo PSEI.PS
1999-09-01,2152.76,Yahoo PSEI.PS
1999-09-02,2158.95,Yahoo PSEI.PS
1999-09-03,2155.09,Yahoo PSEI.PS
1999-09-06,2168.47,Yahoo PSEI.PS
1999-09-07,2159.79,Yahoo PSEI.PS
1999-09-08,2165.58,Yahoo PSEI.PS
1999-09-09,2133.60,Yahoo PSEI.PS
1999-09-10,2099.34,Yahoo PSEI.PS
1999-09-13,2088.70,Yahoo PSEI.PS
1999-09-14,2101.21,Yahoo PSEI.PS
1999-09-15,2074.08,Yahoo PSEI.PS
1999-09-16,2070.21,Yahoo PSEI.PS
1999-09-17,2083.88,Yahoo PSEI.PS
1999-09-20,2105.75,Yahoo PSEI.PS
1999-09-21,2126.54,Yahoo PSEI.PS
1999-09-22,2107.73,Yahoo PSEI.PS
1999-09-23,2094.86,Yahoo PSEI.PS
1999-09-24,2070.11,Yahoo PSEI.PS
1999-09-27,2057.04,Yahoo PSEI.PS
1999-09-28,2070.43,Yahoo PSEI.PS
1999-09-29,2081.41,Yahoo PSEI.PS
1999-09-30,2096.20,Yahoo PSEI.PS
1999-10-01,2102.96,Yahoo PSEI.PS
1999-10-04,2104.28,Yahoo PSEI.PS
1999-10-05,2064.76,Yahoo PSEI.PS
1999-10-06,2057.53,Yahoo PSEI.PS
1999-10-07,2071.64,Yahoo PSEI.PS
1999-10-08,2063.83,Yahoo PSEI.PS
1999-10-11,2070.17,Yahoo PSEI.PS
1999-10-12,2066.40,Yahoo PSEI.PS
1999-10-13,2050.72,Yahoo PSEI.PS
1999-10-14,2046.60,Yahoo PSEI.PS
1999-10-15,2014.63,Yahoo PSEI.PS
1999-10-18,1999.15,Yahoo PSEI.PS
1999-10-19,1990.61,Yahoo PSEI.PS
1999-10-20,2017.62,Yahoo PSEI.PS
1999-10-21,1984.62,Yahoo PSEI.PS
1999-10-22,1946.68,Yahoo PSEI.PS
1999-10-25,1920.46,Yahoo PSEI.PS
1999-10-26,1927.65,Yahoo PSEI.PS
1999-10-27,1962.28,Yahoo PSEI.PS
1999-10-28,1968.97,Yahoo PSEI.PS
1999-10-29,2036.05,Yahoo PSEI.PS
1999-11-01,2036.05,Yahoo PSEI.PS
1999-11-02,2036.05,Yahoo PSEI.PS
1999-11-03,2043.89,Yahoo PSEI.PS
1999-11-04,2026.42,Yahoo PSEI.PS
1999-11-05,2018.41,Yahoo PSEI.PS
1999-11-08,1988.55,Yahoo PSEI.PS
1999-11-09,1987.93,Yahoo PSEI.PS
1999-11-10,1996.68,Yahoo PSEI.PS
1999-11-11,2010.31,Yahoo PSEI.PS
1999-11-12,1991.01,Yahoo PSEI.PS
1999-11-15,1983.47,Yahoo PSEI.PS
1999-11-16,1957.81,Yahoo PSEI.PS
1999-11-17,1949.74,Yahoo PSEI.PS
1999-11-18,1958.85,Yahoo PSEI.PS
1999-11-19,1950.79,Yahoo PSEI.PS
1999-11-22,1962.07,Yahoo PSEI.PS
1999-11-23,1956.63,Yahoo PSEI.PS
1999-11-24,1964.21,Yahoo PSEI.PS
1999-11-25,1962.47,Yahoo PSEI.PS
1999-11-26,1959.55,Yahoo PSEI.PS
1999-11-29,1979.42,Yahoo PSEI.PS
1999-11-30,1979.42,Yahoo PSEI.PS
1999-12-01,1983.01,Yahoo PSEI.PS
1999-12-02,1953.01,Yahoo PSEI.PS
1999-12-03,1936.90,Yahoo PSEI.PS
1999-12-06,1940.94,Yahoo PSEI.PS
1999-12-07,1942.62,Yahoo PSEI.PS
1999-12-08,1911.10,Yahoo PSEI.PS
1999-12-09,1891.96,Yahoo PSEI.PS
1999-12-10,1939.81,Yahoo PSEI.PS
1999-12-13,2012.84,Yahoo PSEI.PS
1999-12-14,2011.25,Yahoo PSEI.PS
1999-12-15,1999.49,Yahoo PSEI.PS
1999-12-16,1972.78,Yahoo PSEI.PS
1999-12-17,1997.88,Yahoo PSEI.PS
1999-12-20,2031.39,Yahoo PSEI.PS
1999-12-21,2034.97,Yahoo PSEI.PS
1999-12-22,2062.81,Yahoo PSEI.PS
1999-12-23,2085.58,Yahoo PSEI.PS
1999-12-24,2090.48,Yahoo PSEI.PS
1999-12-27,2100.07,Yahoo PSEI.PS
1999-12-28,2118.39,Yahoo PSEI.PS
1999-12-29,2142.97,Yahoo PSEI.PS
2000-01-03,2141.77,Yahoo PSEI.PS
2000-01-04,2153.18,Yahoo PSEI.PS
2000-01-05,2074.75,Yahoo PSEI.PS
2000-01-06,2079.11,Yahoo PSEI.PS
2000-01-07,2094.29,Yahoo PSEI.PS
2000-01-10,2142.25,Yahoo PSEI.PS
2000-01-11,2140.78,Yahoo PSEI.PS
2000-01-12,2101.02,Yahoo PSEI.PS
2000-01-13,2084.50,Yahoo PSEI.PS
2000-01-14,2102.10,Yahoo PSEI.PS
2000-01-17,2097.23,Yahoo PSEI.PS
2000-01-18,2074.84,Yahoo PSEI.PS
2000-01-19,2048.53,Yahoo PSEI.PS
2000-01-20,2053.37,Yahoo PSEI.PS
2000-01-21,2062.66,Yahoo PSEI.PS
2000-01-24,2055.56,Yahoo PSEI.PS
2000-01-25,2047.28,Yahoo PSEI.PS
2000-01-26,1998.59,Yahoo PSEI.PS
2000-01-27,1975.20,Yahoo PSEI.PS
2000-01-28,1969.39,Yahoo PSEI.PS
2000-01-31,1989.43,Yahoo PSEI.PS
2000-02-01,1973.44,Yahoo PSEI.PS
2000-02-02,1975.96,Yahoo PSEI.PS
2000-02-03,1998.13,Yahoo PSEI.PS
2000-02-04,2008.86,Yahoo PSEI.PS
2000-02-07,2005.58,Yahoo PSEI.PS
2000-02-08,2034.44,Yahoo PSEI.PS
2000-02-09,2047.27,Yahoo PSEI.PS
2000-02-10,2020.15,Yahoo PSEI.PS
2000-02-11,1997.21,Yahoo PSEI.PS
2000-02-14,1976.74,Yahoo PSEI.PS
2000-02-15,1938.06,Yahoo PSEI.PS
2000-02-16,1894.95,Yahoo PSEI.PS
2000-02-17,1869.71,Yahoo PSEI.PS
2000-02-18,1884.28,Yahoo PSEI.PS
2000-02-21,1833.84,Yahoo PSEI.PS
2000-02-22,1799.83,Yahoo PSEI.PS
2000-02-23,1828.93,Yahoo PSEI.PS
2000-02-24,1794.81,Yahoo PSEI.PS
2000-02-25,1794.81,Yahoo PSEI.PS
2000-02-28,1720.65,Yahoo PSEI.PS
2000-02-29,1641.94,Yahoo PSEI.PS
2000-03-01,1653.95,Yahoo PSEI.PS
2000-03-02,1667.44,Yahoo PSEI.PS
2000-03-03,1696.75,Yahoo PSEI.PS
2000-03-06,1738.30,Yahoo PSEI.PS
2000-03-07,1686.72,Yahoo PSEI.PS
2000-03-08,1639.79,Yahoo PSEI.PS
2000-03-09,1626.95,Yahoo PSEI.PS
2000-03-10,1621.62,Yahoo PSEI.PS
2000-03-13,1602.96,Yahoo PSEI.PS
2000-03-14,1633.33,Yahoo PSEI.PS
2000-03-15,1638.60,Yahoo PSEI.PS
2000-03-16,1629.97,Yahoo PSEI.PS
2000-03-17,1646.28,Yahoo PSEI.PS
2000-03-20,1657.07,Yahoo PSEI.PS
2000-03-21,1651.40,Yahoo PSEI.PS
2000-03-22,1646.91,Yahoo PSEI.PS
2000-03-23,1680.58,Yahoo PSEI.PS
2000-03-24,1681.71,Yahoo PSEI.PS
2000-03-27,1697.25,Yahoo PSEI.PS
2000-03-28,1701.08,Yahoo PSEI.PS
2000-03-29,1691.14,Yahoo PSEI.PS
2000-03-30,1697.81,Yahoo PSEI.PS
2000-03-31,1681.72,Yahoo PSEI.PS
2000-04-03,1688.32,Yahoo PSEI.PS
2000-04-04,1682.53,Yahoo PSEI.PS
2000-04-05,1691.05,Yahoo PSEI.PS
2000-04-06,1713.24,Yahoo PSEI.PS
2000-04-07,1738.49,Yahoo PSEI.PS
2000-04-10,1796.66,Yahoo PSEI.PS
2000-04-11,1757.45,Yahoo PSEI.PS
2000-04-12,1744.57,Yahoo PSEI.PS
2000-04-13,1725.98,Yahoo PSEI.PS
2000-04-14,1712.54,Yahoo PSEI.PS
2000-04-17,1637.54,Yahoo PSEI.PS
2000-04-18,1648.13,Yahoo PSEI.PS
2000-04-19,1664.00,Yahoo PSEI.PS
2000-04-20,1664.00,Yahoo PSEI.PS
2000-04-21,1664.00,Yahoo PSEI.PS
2000-04-24,1664.46,Yahoo PSEI.PS
2000-04-25,1647.56,Yahoo PSEI.PS
2000-04-26,1639.83,Yahoo PSEI.PS
2000-04-27,1620.53,Yahoo PSEI.PS
2000-04-28,1598.73,Yahoo PSEI.PS
2000-05-01,1598.73,Yahoo PSEI.PS
2000-05-02,1606.04,Yahoo PSEI.PS
2000-05-03,1592.68,Yahoo PSEI.PS
2000-05-04,1553.34,Yahoo PSEI.PS
2000-05-05,1551.90,Yahoo PSEI.PS
2000-05-08,1518.61,Yahoo PSEI.PS
2000-05-09,1523.43,Yahoo PSEI.PS
2000-05-10,1522.96,Yahoo PSEI.PS
2000-05-11,1505.21,Yahoo PSEI.PS
2000-05-12,1539.31,Yahoo PSEI.PS
2000-05-15,1517.09,Yahoo PSEI.PS
2000-05-16,1507.98,Yahoo PSEI.PS
2000-05-17,1534.05,Yahoo PSEI.PS
2000-05-18,1521.36,Yahoo PSEI.PS
2000-05-19,1478.68,Yahoo PSEI.PS
2000-05-22,1412.09,Yahoo PSEI.PS
2000-05-23,1404.67,Yahoo PSEI.PS
2000-05-24,1418.79,Yahoo PSEI.PS
2000-05-25,1426.62,Yahoo PSEI.PS
2000-05-26,1427.26,Yahoo PSEI.PS
2000-05-29,1482.77,Yahoo PSEI.PS
2000-05-30,1470.07,Yahoo PSEI.PS
2000-05-31,1478.76,Yahoo PSEI.PS
2000-06-01,1470.53,Yahoo PSEI.PS
2000-06-02,1512.75,Yahoo PSEI.PS
2000-06-05,1552.65,Yahoo PSEI.PS
2000-06-06,1562.38,Yahoo PSEI.PS
2000-06-07,1522.33,Yahoo PSEI.PS
2000-06-08,1537.13,Yahoo PSEI.PS
2000-06-09,1521.93,Yahoo PSEI.PS
2000-06-12,1521.93,Yahoo PSEI.PS
2000-06-13,1522.15,Yahoo PSEI.PS
2000-06-14,1524.51,Yahoo PSEI.PS
2000-06-15,1565.69,Yahoo PSEI.PS
2000-06-16,1569.95,Yahoo PSEI.PS
2000-06-19,1560.67,Yahoo PSEI.PS
2000-06-20,1560.40,Yahoo PSEI.PS
2000-06-21,1555.62,Yahoo PSEI.PS
2000-06-22,1545.90,Yahoo PSEI.PS
2000-06-23,1542.97,Yahoo PSEI.PS
2000-06-26,1532.24,Yahoo PSEI.PS
2000-06-27,1529.37,Yahoo PSEI.PS
2000-06-28,1531.01,Yahoo PSEI.PS
2000-06-29,1532.74,Yahoo PSEI.PS
2000-06-30,1533.99,Yahoo PSEI.PS
2000-07-03,1535.65,Yahoo PSEI.PS
2000-07-04,1538.88,Yahoo PSEI.PS
2000-07-05,1539.92,Yahoo PSEI.PS
2000-07-06,1542.41,Yahoo PSEI.PS
2000-07-07,1550.60,Yahoo PSEI.PS
2000-07-10,1557.57,Yahoo PSEI.PS
2000-07-11,1563.08,Yahoo PSEI.PS
2000-07-12,1554.57,Yahoo PSEI.PS
2000-07-13,1561.52,Yahoo PSEI.PS
2000-07-14,1553.89,Yahoo PSEI.PS
2000-07-17,1546.60,Yahoo PSEI.PS
2000-07-18,1528.85,Yahoo PSEI.PS
2000-07-19,1516.99,Yahoo PSEI.PS
2000-07-20,1489.47,Yahoo PSEI.PS
2000-07-21,1479.46,Yahoo PSEI.PS
2000-07-24,1477.80,Yahoo PSEI.PS
2000-07-25,1481.60,Yahoo PSEI.PS
2000-07-26,1478.33,Yahoo PSEI.PS
2000-07-27,1448.90,Yahoo PSEI.PS
2000-07-28,1437.08,Yahoo PSEI.PS
2000-07-31,1417.17,Yahoo PSEI.PS
2000-08-01,1410.33,Yahoo PSEI.PS
2000-08-02,1412.77,Yahoo PSEI.PS
2000-08-03,1436.06,Yahoo PSEI.PS
2000-08-04,1451.18,Yahoo PSEI.PS
2000-08-07,1450.10,Yahoo PSEI.PS
2000-08-08,1438.74,Yahoo PSEI.PS
2000-08-09,1458.53,Yahoo PSEI.PS
2000-08-10,1469.24,Yahoo PSEI.PS
2000-08-11,1474.86,Yahoo PSEI.PS
2000-08-14,1463.85,Yahoo PSEI.PS
2000-08-15,1473.28,Yahoo PSEI.PS
2000-08-16,1473.07,Yahoo PSEI.PS
2000-08-17,1499.74,Yahoo PSEI.PS
2000-08-18,1506.57,Yahoo PSEI.PS
2000-08-21,1492.75,Yahoo PSEI.PS
2000-08-22,1496.98,Yahoo PSEI.PS
2000-08-23,1491.31,Yahoo PSEI.PS
2000-08-24,1491.25,Yahoo PSEI.PS
2000-08-25,1493.48,Yahoo PSEI.PS
2000-08-28,1505.20,Yahoo PSEI.PS
2000-08-29,1514.25,Yahoo PSEI.PS
2000-08-30,1525.19,Yahoo PSEI.PS
2000-08-31,1537.52,Yahoo PSEI.PS
2000-09-01,1529.65,Yahoo PSEI.PS
2000-09-04,1532.64,Yahoo PSEI.PS
2000-09-05,1542.76,Yahoo PSEI.PS
2000-09-06,1527.80,Yahoo PSEI.PS
2000-09-07,1523.04,Yahoo PSEI.PS
2000-09-08,1523.69,Yahoo PSEI.PS
2000-09-11,1501.48,Yahoo PSEI.PS
2000-09-12,1496.89,Yahoo PSEI.PS
2000-09-13,1489.40,Yahoo PSEI.PS
2000-09-14,1450.15,Yahoo PSEI.PS
2000-09-15,1450.99,Yahoo PSEI.PS
2000-09-18,1440.27,Yahoo PSEI.PS
2000-09-19,1424.23,Yahoo PSEI.PS
2000-09-20,1434.77,Yahoo PSEI.PS
2000-09-21,1422.69,Yahoo PSEI.PS
2000-09-22,1420.61,Yahoo PSEI.PS
2000-09-25,1424.17,Yahoo PSEI.PS
2000-09-26,1426.17,Yahoo PSEI.PS
2000-09-27,1439.24,Yahoo PSEI.PS
2000-09-28,1441.83,Yahoo PSEI.PS
2000-09-29,1434.49,Yahoo PSEI.PS
2000-10-02,1425.16,Yahoo PSEI.PS
2000-10-03,1395.52,Yahoo PSEI.PS
2000-10-04,1372.70,Yahoo PSEI.PS
2000-10-05,1389.11,Yahoo PSEI.PS
2000-10-06,1389.00,Yahoo PSEI.PS
2000-10-09,1365.01,Yahoo PSEI.PS
2000-10-10,1332.22,Yahoo PSEI.PS
2000-10-11,1326.26,Yahoo PSEI.PS
2000-10-12,1318.74,Yahoo PSEI.PS
2000-10-13,1323.65,Yahoo PSEI.PS
2000-10-16,1295.02,Yahoo PSEI.PS
2000-10-17,1271.75,Yahoo PSEI.PS
2000-10-18,1263.67,Yahoo PSEI.PS
2000-10-19,1256.96,Yahoo PSEI.PS
2000-10-20,1251.23,Yahoo PSEI.PS
2000-10-23,1267.69,Yahoo PSEI.PS
2000-10-24,1282.42,Yahoo PSEI.PS
2000-10-25,1294.37,Yahoo PSEI.PS
2000-10-26,1293.63,Yahoo PSEI.PS
2000-10-27,1284.88,Yahoo PSEI.PS
2000-10-30,1284.66,Yahoo PSEI.PS
2000-10-31,1287.85,Yahoo PSEI.PS
2000-11-01,1287.85,Yahoo PSEI.PS
2000-11-02,1287.85,Yahoo PSEI.PS
2000-11-03,1287.85,Yahoo PSEI.PS
2000-11-06,1500.10,Yahoo PSEI.PS
2000-11-07,1512.58,Yahoo PSEI.PS
2000-11-08,1478.42,Yahoo PSEI.PS
2000-11-09,1488.79,Yahoo PSEI.PS
2000-11-10,1488.95,Yahoo PSEI.PS
2000-11-13,1455.94,Yahoo PSEI.PS
2000-11-14,1469.58,Yahoo PSEI.PS
2000-11-15,1469.20,Yahoo PSEI.PS
2000-11-16,1468.44,Yahoo PSEI.PS
2000-11-17,1470.52,Yahoo PSEI.PS
2000-11-20,1465.10,Yahoo PSEI.PS
2000-11-21,1449.00,Yahoo PSEI.PS
2000-11-22,1456.65,Yahoo PSEI.PS
2000-11-23,1447.74,Yahoo PSEI.PS
2000-11-24,1442.27,Yahoo PSEI.PS
2000-11-27,1434.25,Yahoo PSEI.PS
2000-11-28,1418.04,Yahoo PSEI.PS
2000-11-29,1404.83,Yahoo PSEI.PS
2000-11-30,1404.83,Yahoo PSEI.PS
2000-12-01,1386.25,Yahoo PSEI.PS
2000-12-04,1381.83,Yahoo PSEI.PS
2000-12-05,1381.23,Yahoo PSEI.PS
2000-12-06,1393.29,Yahoo PSEI.PS
2000-12-07,1390.67,Yahoo PSEI.PS
2000-12-08,1400.36,Yahoo PSEI.PS
2000-12-11,1393.71,Yahoo PSEI.PS
2000-12-12,1398.15,Yahoo PSEI.PS
2000-12-13,1395.20,Yahoo PSEI.PS
2000-12-14,1398.87,Yahoo PSEI.PS
2000-12-15,1403.39,Yahoo PSEI.PS
2000-12-18,1408.19,Yahoo PSEI.PS
2000-12-19,1413.99,Yahoo PSEI.PS
2000-12-20,1447.65,Yahoo PSEI.PS
2000-12-21,1426.05,Yahoo PSEI.PS
2000-12-22,1429.17,Yahoo PSEI.PS
2000-12-26,1467.82,Yahoo PSEI.PS
2000-12-27,1464.34,Yahoo PSEI.PS
2000-12-28,1486.46,Yahoo PSEI.PS
2000-12-29,1494.50,Yahoo PSEI.PS
2001-01-02,1448.49,Yahoo PSEI.PS
2001-01-03,1450.96,Yahoo PSEI.PS
2001-01-04,1475.11,Yahoo PSEI.PS
2001-01-05,1469.08,Yahoo PSEI.PS
2001-01-08,1494.38,Yahoo PSEI.PS
2001-01-09,1531.82,Yahoo PSEI.PS
2001-01-10,1534.15,Yahoo PSEI.PS
2001-01-11,1515.89,Yahoo PSEI.PS
2001-01-12,1541.65,Yahoo PSEI.PS
2001-01-15,1567.93,Yahoo PSEI.PS
2001-01-16,1551.79,Yahoo PSEI.PS
2001-01-17,1458.63,Yahoo PSEI.PS
2001-01-18,1438.21,Yahoo PSEI.PS
2001-01-19,1452.93,Yahoo PSEI.PS
2001-01-22,1708.06,Yahoo PSEI.PS
2001-01-23,1662.30,Yahoo PSEI.PS
2001-01-24,1665.43,Yahoo PSEI.PS
2001-01-25,1693.18,Yahoo PSEI.PS
2001-01-26,1708.18,Yahoo PSEI.PS
2001-01-29,1686.28,Yahoo PSEI.PS
2001-01-30,1668.43,Yahoo PSEI.PS
2001-01-31,1687.00,Yahoo PSEI.PS
2001-02-01,1669.13,Yahoo PSEI.PS
2001-02-02,1669.58,Yahoo PSEI.PS
2001-02-05,1652.08,Yahoo PSEI.PS
2001-02-06,1664.23,Yahoo PSEI.PS
2001-02-07,1659.25,Yahoo PSEI.PS
2001-02-08,1683.44,Yahoo PSEI.PS
2001-02-09,1695.59,Yahoo PSEI.PS
2001-02-12,1712.06,Yahoo PSEI.PS
2001-02-13,1692.27,Yahoo PSEI.PS
2001-02-14,1687.74,Yahoo PSEI.PS
2001-02-15,1688.05,Yahoo PSEI.PS
2001-02-16,1689.91,Yahoo PSEI.PS
2001-02-19,1673.95,Yahoo PSEI.PS
2001-02-20,1659.08,Yahoo PSEI.PS
2001-02-21,1654.86,Yahoo PSEI.PS
2001-02-22,1641.05,Yahoo PSEI.PS
2001-02-23,1647.00,Yahoo PSEI.PS
2001-02-26,1636.04,Yahoo PSEI.PS
2001-02-27,1632.30,Yahoo PSEI.PS
2001-02-28,1613.49,Yahoo PSEI.PS
2001-03-01,1570.20,Yahoo PSEI.PS
2001-03-02,1596.97,Yahoo PSEI.PS
2001-03-05,1616.54,Yahoo PSEI.PS
2001-03-06,1611.47,Yahoo PSEI.PS
2001-03-07,1603.85,Yahoo PSEI.PS
2001-03-08,1589.57,Yahoo PSEI.PS
2001-03-09,1588.39,Yahoo PSEI.PS
2001-03-12,1567.53,Yahoo PSEI.PS
2001-03-13,1526.40,Yahoo PSEI.PS
2001-03-14,1523.79,Yahoo PSEI.PS
2001-03-15,1491.61,Yahoo PSEI.PS
2001-03-16,1498.32,Yahoo PSEI.PS
2001-03-19,1507.52,Yahoo PSEI.PS
2001-03-20,1491.54,Yahoo PSEI.PS
2001-03-21,1471.56,Yahoo PSEI.PS
2001-03-22,1466.23,Yahoo PSEI.PS
2001-03-23,1431.57,Yahoo PSEI.PS
2001-03-26,1448.37,Yahoo PSEI.PS
2001-03-27,1446.99,Yahoo PSEI.PS
2001-03-28,1451.55,Yahoo PSEI.PS
2001-03-29,1430.16,Yahoo PSEI.PS
2001-03-30,1446.40,Yahoo PSEI.PS
2001-04-02,1439.05,Yahoo PSEI.PS
2001-04-03,1452.26,Yahoo PSEI.PS
2001-04-04,1452.15,Yahoo PSEI.PS
2001-04-05,1460.67,Yahoo PSEI.PS
2001-04-06,1471.13,Yahoo PSEI.PS
2001-04-09,1471.13,Yahoo PSEI.PS
2001-04-10,1459.49,Yahoo PSEI.PS
2001-04-11,1445.26,Yahoo PSEI.PS
2001-04-12,1445.26,Yahoo PSEI.PS
2001-04-13,1445.26,Yahoo PSEI.PS
2001-04-16,1453.84,Yahoo PSEI.PS
2001-04-17,1435.68,Yahoo PSEI.PS
2001-04-18,1425.97,Yahoo PSEI.PS
2001-04-19,1428.87,Yahoo PSEI.PS
2001-04-20,1428.54,Yahoo PSEI.PS
2001-04-23,1437.16,Yahoo PSEI.PS
2001-04-24,1444.00,Yahoo PSEI.PS
2001-04-25,1462.18,Yahoo PSEI.PS
2001-04-26,1437.50,Yahoo PSEI.PS
2001-04-27,1420.36,Yahoo PSEI.PS
2001-04-30,1378.84,Yahoo PSEI.PS
2001-05-01,1378.84,Yahoo PSEI.PS
2001-05-02,1435.88,Yahoo PSEI.PS
2001-05-03,1430.39,Yahoo PSEI.PS
2001-05-04,1442.46,Yahoo PSEI.PS
2001-05-07,1431.91,Yahoo PSEI.PS
2001-05-08,1427.28,Yahoo PSEI.PS
2001-05-09,1441.77,Yahoo PSEI.PS
2001-05-10,1443.85,Yahoo PSEI.PS
2001-05-11,1484.83,Yahoo PSEI.PS
2001-05-14,1484.83,Yahoo PSEI.PS
2001-05-15,1457.97,Yahoo PSEI.PS
2001-05-16,1461.79,Yahoo PSEI.PS
2001-05-17,1453.03,Yahoo PSEI.PS
2001-05-18,1448.62,Yahoo PSEI.PS
2001-05-21,1451.76,Yahoo PSEI.PS
2001-05-22,1451.20,Yahoo PSEI.PS
2001-05-23,1446.20,Yahoo PSEI.PS
2001-05-24,1434.68,Yahoo PSEI.PS
2001-05-25,1410.23,Yahoo PSEI.PS
2001-05-28,1395.12,Yahoo PSEI.PS
2001-05-29,1385.43,Yahoo PSEI.PS
2001-05-30,1396.50,Yahoo PSEI.PS
2001-05-31,1402.29,Yahoo PSEI.PS
2001-06-01,1416.09,Yahoo PSEI.PS
2001-06-04,1412.45,Yahoo PSEI.PS
2001-06-05,1392.71,Yahoo PSEI.PS
2001-06-06,1389.52,Yahoo PSEI.PS
2001-06-07,1406.65,Yahoo PSEI.PS
2001-06-08,1410.50,Yahoo PSEI.PS
2001-06-11,1435.77,Yahoo PSEI.PS
2001-06-12,1435.77,Yahoo PSEI.PS
2001-06-13,1462.66,Yahoo PSEI.PS
2001-06-14,1474.11,Yahoo PSEI.PS
2001-06-15,1479.30,Yahoo PSEI.PS
2001-06-18,1470.92,Yahoo PSEI.PS
2001-06-19,1448.73,Yahoo PSEI.PS
2001-06-20,1449.45,Yahoo PSEI.PS
2001-06-21,1444.17,Yahoo PSEI.PS
2001-06-22,1439.77,Yahoo PSEI.PS
2001-06-25,1424.52,Yahoo PSEI.PS
2001-06-26,1423.44,Yahoo PSEI.PS
2001-06-27,1415.73,Yahoo PSEI.PS
2001-06-28,1414.79,Yahoo PSEI.PS
2001-06-29,1410.07,Yahoo PSEI.PS
2001-07-02,1395.79,Yahoo PSEI.PS
2001-07-03,1392.07,Yahoo PSEI.PS
2001-07-04,1385.99,Yahoo PSEI.PS
2001-07-05,1402.23,Yahoo PSEI.PS
2001-07-06,1396.92,Yahoo PSEI.PS
2001-07-09,1405.39,Yahoo PSEI.PS
2001-07-10,1397.66,Yahoo PSEI.PS
2001-07-11,1390.10,Yahoo PSEI.PS
2001-07-12,1399.42,Yahoo PSEI.PS
2001-07-13,1396.30,Yahoo PSEI.PS
2001-07-16,1397.61,Yahoo PSEI.PS
2001-07-17,1384.01,Yahoo PSEI.PS
2001-07-18,1393.18,Yahoo PSEI.PS
2001-07-19,1381.87,Yahoo PSEI.PS
2001-07-20,1376.36,Yahoo PSEI.PS
2001-07-23,1374.83,Yahoo PSEI.PS
2001-07-24,1369.02,Yahoo PSEI.PS
2001-07-25,1366.01,Yahoo PSEI.PS
2001-07-26,1362.58,Yahoo PSEI.PS
2001-07-27,1363.34,Yahoo PSEI.PS
2001-07-30,1350.95,Yahoo PSEI.PS
2001-07-31,1362.89,Yahoo PSEI.PS
2001-08-01,1333.71,Yahoo PSEI.PS
2001-08-02,1341.56,Yahoo PSEI.PS
2001-08-03,1328.17,Yahoo PSEI.PS
2001-08-06,1333.05,Yahoo PSEI.PS
2001-08-07,1332.03,Yahoo PSEI.PS
2001-08-08,1308.41,Yahoo PSEI.PS
2001-08-09,1278.40,Yahoo PSEI.PS
2001-08-10,1294.23,Yahoo PSEI.PS
2001-08-13,1303.65,Yahoo PSEI.PS
2001-08-14,1303.06,Yahoo PSEI.PS
2001-08-15,1325.16,Yahoo PSEI.PS
2001-08-16,1316.22,Yahoo PSEI.PS
2001-08-17,1306.17,Yahoo PSEI.PS
2001-08-20,1311.13,Yahoo PSEI.PS
2001-08-21,1306.66,Yahoo PSEI.PS
2001-08-22,1294.43,Yahoo PSEI.PS
2001-08-23,1278.14,Yahoo PSEI.PS
2001-08-24,1286.07,Yahoo PSEI.PS
2001-08-27,1287.48,Yahoo PSEI.PS
2001-08-28,1282.49,Yahoo PSEI.PS
2001-08-29,1270.57,Yahoo PSEI.PS
2001-08-30,1262.91,Yahoo PSEI.PS
2001-08-31,1265.44,Yahoo PSEI.PS
2001-09-03,1253.61,Yahoo PSEI.PS
2001-09-04,1252.58,Yahoo PSEI.PS
2001-09-05,1254.33,Yahoo PSEI.PS
2001-09-06,1283.74,Yahoo PSEI.PS
2001-09-07,1297.35,Yahoo PSEI.PS
2001-09-10,1297.19,Yahoo PSEI.PS
2001-09-11,1294.09,Yahoo PSEI.PS
2001-09-12,1241.39,Yahoo PSEI.PS
2001-09-13,1243.76,Yahoo PSEI.PS
2001-09-14,1236.42,Yahoo PSEI.PS
2001-09-17,1178.11,Yahoo PSEI.PS
2001-09-18,1206.38,Yahoo PSEI.PS
2001-09-19,1187.05,Yahoo PSEI.PS
2001-09-20,1177.43,Yahoo PSEI.PS
2001-09-21,1162.85,Yahoo PSEI.PS
2001-09-24,1145.09,Yahoo PSEI.PS
2001-09-25,1161.74,Yahoo PSEI.PS
2001-09-26,1144.28,Yahoo PSEI.PS
2001-09-27,1141.59,Yahoo PSEI.PS
2001-09-28,1126.63,Yahoo PSEI.PS
2001-10-01,1125.06,Yahoo PSEI.PS
2001-10-02,1105.01,Yahoo PSEI.PS
2001-10-03,1089.28,Yahoo PSEI.PS
2001-10-04,1094.93,Yahoo PSEI.PS
2001-10-05,1088.44,Yahoo PSEI.PS
2001-10-08,1048.67,Yahoo PSEI.PS
2001-10-09,1033.19,Yahoo PSEI.PS
2001-10-10,991.35,Yahoo PSEI.PS
2001-10-11,990.03,Yahoo PSEI.PS
2001-10-12,1017.87,Yahoo PSEI.PS
2001-10-15,1040.80,Yahoo PSEI.PS
2001-10-16,1035.91,Yahoo PSEI.PS
2001-10-17,1043.01,Yahoo PSEI.PS
2001-10-18,1028.40,Yahoo PSEI.PS
2001-10-19,1019.44,Yahoo PSEI.PS
2001-10-22,1001.10,Yahoo PSEI.PS
2001-10-23,988.04,Yahoo PSEI.PS
2001-10-24,979.34,Yahoo PSEI.PS
2001-10-25,989.97,Yahoo PSEI.PS
2001-10-26,1002.52,Yahoo PSEI.PS
2001-10-29,994.84,Yahoo PSEI.PS
2001-10-30,995.14,Yahoo PSEI.PS
2001-10-31,993.35,Yahoo PSEI.PS
2001-11-01,993.35,Yahoo PSEI.PS
2001-11-02,993.35,Yahoo PSEI.PS
2001-11-05,997.50,Yahoo PSEI.PS
2001-11-06,988.56,Yahoo PSEI.PS
2001-11-07,988.79,Yahoo PSEI.PS
2001-11-08,996.02,Yahoo PSEI.PS
2001-11-09,999.79,Yahoo PSEI.PS
2001-11-12,993.23,Yahoo PSEI.PS
2001-11-13,989.96,Yahoo PSEI.PS
2001-11-14,997.52,Yahoo PSEI.PS
2001-11-15,1015.86,Yahoo PSEI.PS
2001-11-16,1033.34,Yahoo PSEI.PS
2001-11-19,1042.02,Yahoo PSEI.PS
2001-11-20,1025.47,Yahoo PSEI.PS
2001-11-21,1033.86,Yahoo PSEI.PS
2001-11-22,1067.06,Yahoo PSEI.PS
2001-11-23,1088.46,Yahoo PSEI.PS
2001-11-26,1088.37,Yahoo PSEI.PS
2001-11-27,1111.52,Yahoo PSEI.PS
2001-11-28,1120.57,Yahoo PSEI.PS
2001-11-29,1128.47,Yahoo PSEI.PS
2001-11-30,1128.47,Yahoo PSEI.PS
2001-12-03,1105.06,Yahoo PSEI.PS
2001-12-04,1096.55,Yahoo PSEI.PS
2001-12-05,1121.97,Yahoo PSEI.PS
2001-12-06,1133.34,Yahoo PSEI.PS
2001-12-07,1130.20,Yahoo PSEI.PS
2001-12-10,1120.83,Yahoo PSEI.PS
2001-12-11,1116.56,Yahoo PSEI.PS
2001-12-12,1108.62,Yahoo PSEI.PS
2001-12-13,1107.73,Yahoo PSEI.PS
2001-12-14,1126.01,Yahoo PSEI.PS
2001-12-17,1126.01,Yahoo PSEI.PS
2001-12-18,1124.40,Yahoo PSEI.PS
2001-12-19,1129.41,Yahoo PSEI.PS
2001-12-20,1139.87,Yahoo PSEI.PS
2001-12-21,1145.97,Yahoo PSEI.PS
2001-12-24,1145.97,Yahoo PSEI.PS
2001-12-26,1145.49,Yahoo PSEI.PS
2001-12-27,1152.86,Yahoo PSEI.PS
2001-12-28,1168.08,Yahoo PSEI.PS
2002-01-02,1169.57,Yahoo PSEI.PS
2002-01-03,1174.29,Yahoo PSEI.PS
2002-01-04,1189.89,Yahoo PSEI.PS
2002-01-07,1192.03,Yahoo PSEI.PS
2002-01-08,1186.97,Yahoo PSEI.PS
2002-01-09,1183.68,Yahoo PSEI.PS
2002-01-10,1189.48,Yahoo PSEI.PS
2002-01-11,1191.60,Yahoo PSEI.PS
2002-01-14,1192.73,Yahoo PSEI.PS
2002-01-15,1184.84,Yahoo PSEI.PS
2002-01-16,1194.58,Yahoo PSEI.PS
2002-01-17,1214.10,Yahoo PSEI.PS
2002-01-18,1257.48,Yahoo PSEI.PS
2002-01-21,1290.63,Yahoo PSEI.PS
2002-01-22,1277.91,Yahoo PSEI.PS
2002-01-23,1317.39,Yahoo PSEI.PS
2002-01-24,1339.64,Yahoo PSEI.PS
2002-01-25,1337.15,Yahoo PSEI.PS
2002-01-28,1319.23,Yahoo PSEI.PS
2002-01-29,1304.39,Yahoo PSEI.PS
2002-01-30,1307.11,Yahoo PSEI.PS
2002-01-31,1361.94,Yahoo PSEI.PS
2002-02-01,1386.31,Yahoo PSEI.PS
2002-02-04,1383.42,Yahoo PSEI.PS
2002-02-05,1372.74,Yahoo PSEI.PS
2002-02-06,1367.48,Yahoo PSEI.PS
2002-02-07,1339.94,Yahoo PSEI.PS
2002-02-08,1344.35,Yahoo PSEI.PS
2002-02-11,1365.96,Yahoo PSEI.PS
2002-02-12,1382.41,Yahoo PSEI.PS
2002-02-13,1388.64,Yahoo PSEI.PS
2002-02-14,1407.49,Yahoo PSEI.PS
2002-02-15,1416.83,Yahoo PSEI.PS
2002-02-18,1438.83,Yahoo PSEI.PS
2002-02-19,1469.07,Yahoo PSEI.PS
2002-02-20,1453.17,Yahoo PSEI.PS
2002-02-21,1443.44,Yahoo PSEI.PS
2002-02-22,1396.38,Yahoo PSEI.PS
2002-02-25,1396.38,Yahoo PSEI.PS
2002-02-26,1396.79,Yahoo PSEI.PS
2002-02-27,1403.70,Yahoo PSEI.PS
2002-02-28,1406.22,Yahoo PSEI.PS
2002-03-01,1410.42,Yahoo PSEI.PS
2002-03-04,1429.35,Yahoo PSEI.PS
2002-03-05,1428.24,Yahoo PSEI.PS
2002-03-06,1418.54,Yahoo PSEI.PS
2002-03-07,1432.56,Yahoo PSEI.PS
2002-03-08,1432.19,Yahoo PSEI.PS
2002-03-11,1409.41,Yahoo PSEI.PS
2002-03-12,1388.86,Yahoo PSEI.PS
2002-03-13,1382.60,Yahoo PSEI.PS
2002-03-14,1366.13,Yahoo PSEI.PS
2002-03-15,1379.61,Yahoo PSEI.PS
2002-03-18,1381.33,Yahoo PSEI.PS
2002-03-19,1390.94,Yahoo PSEI.PS
2002-03-20,1407.54,Yahoo PSEI.PS
2002-03-21,1415.47,Yahoo PSEI.PS
2002-03-22,1417.75,Yahoo PSEI.PS
2002-03-25,1413.31,Yahoo PSEI.PS
2002-03-26,1407.13,Yahoo PSEI.PS
2002-03-27,1403.62,Yahoo PSEI.PS
2002-03-28,1403.62,Yahoo PSEI.PS
2002-03-29,1403.62,Yahoo PSEI.PS
2002-04-01,1396.10,Yahoo PSEI.PS
2002-04-02,1422.75,Yahoo PSEI.PS
2002-04-03,1419.72,Yahoo PSEI.PS
2002-04-04,1426.27,Yahoo PSEI.PS
2002-04-05,1432.86,Yahoo PSEI.PS
2002-04-08,1432.86,Yahoo PSEI.PS
2002-04-09,1421.30,Yahoo PSEI.PS
2002-04-10,1410.04,Yahoo PSEI.PS
2002-04-11,1414.78,Yahoo PSEI.PS
2002-04-12,1405.34,Yahoo PSEI.PS
2002-04-15,1396.38,Yahoo PSEI.PS
2002-04-16,1393.27,Yahoo PSEI.PS
2002-04-17,1404.41,Yahoo PSEI.PS
2002-04-18,1401.78,Yahoo PSEI.PS
2002-04-19,1401.36,Yahoo PSEI.PS
2002-04-22,1373.79,Yahoo PSEI.PS
2002-04-23,1369.36,Yahoo PSEI.PS
2002-04-24,1354.82,Yahoo PSEI.PS
2002-04-25,1328.50,Yahoo PSEI.PS
2002-04-26,1323.96,Yahoo PSEI.PS
2002-04-29,1315.01,Yahoo PSEI.PS
2002-04-30,1346.09,Yahoo PSEI.PS
2002-05-01,1346.09,Yahoo PSEI.PS
2002-05-02,1363.32,Yahoo PSEI.PS
2002-05-03,1375.59,Yahoo PSEI.PS
2002-05-06,1357.65,Yahoo PSEI.PS
2002-05-07,1343.83,Yahoo PSEI.PS
2002-05-08,1345.79,Yahoo PSEI.PS
2002-05-09,1356.80,Yahoo PSEI.PS
2002-05-10,1350.77,Yahoo PSEI.PS
2002-05-13,1353.50,Yahoo PSEI.PS
2002-05-14,1347.54,Yahoo PSEI.PS
2002-05-15,1357.66,Yahoo PSEI.PS
2002-05-16,1355.74,Yahoo PSEI.PS
2002-05-17,1349.63,Yahoo PSEI.PS
2002-05-20,1344.02,Yahoo PSEI.PS
2002-05-21,1328.70,Yahoo PSEI.PS
2002-05-22,1319.58,Yahoo PSEI.PS
2002-05-23,1323.94,Yahoo PSEI.PS
2002-05-24,1335.12,Yahoo PSEI.PS
2002-05-27,1333.09,Yahoo PSEI.PS
2002-05-28,1325.12,Yahoo PSEI.PS
2002-05-29,1323.42,Yahoo PSEI.PS
2002-05-30,1328.55,Yahoo PSEI.PS
2002-05-31,1315.00,Yahoo PSEI.PS
2002-06-03,1321.26,Yahoo PSEI.PS
2002-06-04,1327.29,Yahoo PSEI.PS
2002-06-05,1311.70,Yahoo PSEI.PS
2002-06-06,1302.68,Yahoo PSEI.PS
2002-06-07,1274.87,Yahoo PSEI.PS
2002-06-10,1284.80,Yahoo PSEI.PS
2002-06-11,1274.36,Yahoo PSEI.PS
2002-06-12,1274.36,Yahoo PSEI.PS
2002-06-13,1262.22,Yahoo PSEI.PS
2002-06-14,1265.75,Yahoo PSEI.PS
2002-06-17,1250.81,Yahoo PSEI.PS
2002-06-18,1250.57,Yahoo PSEI.PS
2002-06-19,1220.34,Yahoo PSEI.PS
2002-06-20,1217.28,Yahoo PSEI.PS
2002-06-21,1214.15,Yahoo PSEI.PS
2002-06-24,1214.26,Yahoo PSEI.PS
2002-06-25,1197.89,Yahoo PSEI.PS
2002-06-26,1164.49,Yahoo PSEI.PS
2002-06-27,1157.81,Yahoo PSEI.PS
2002-06-28,1156.35,Yahoo PSEI.PS
2002-07-01,1195.37,Yahoo PSEI.PS
2002-07-02,1190.11,Yahoo PSEI.PS
2002-07-03,1141.55,Yahoo PSEI.PS
2002-07-04,1136.60,Yahoo PSEI.PS
2002-07-05,1119.72,Yahoo PSEI.PS
2002-07-08,1121.23,Yahoo PSEI.PS
2002-07-09,1138.43,Yahoo PSEI.PS
2002-07-10,1153.12,Yahoo PSEI.PS
2002-07-11,1139.14,Yahoo PSEI.PS
2002-07-12,1161.69,Yahoo PSEI.PS
2002-07-15,1161.69,Yahoo PSEI.PS
2002-07-16,1168.73,Yahoo PSEI.PS
2002-07-17,1157.34,Yahoo PSEI.PS
2002-07-18,1156.60,Yahoo PSEI.PS
2002-07-19,1167.56,Yahoo PSEI.PS
2002-07-22,1157.87,Yahoo PSEI.PS
2002-07-23,1158.05,Yahoo PSEI.PS
2002-07-24,1149.03,Yahoo PSEI.PS
2002-07-25,1141.31,Yahoo PSEI.PS
2002-07-26,1129.42,Yahoo PSEI.PS
2002-07-29,1118.03,Yahoo PSEI.PS
2002-07-30,1122.39,Yahoo PSEI.PS
2002-07-31,1123.24,Yahoo PSEI.PS
2002-08-01,1125.16,Yahoo PSEI.PS
2002-08-02,1119.07,Yahoo PSEI.PS
2002-08-05,1115.31,Yahoo PSEI.PS
2002-08-06,1085.21,Yahoo PSEI.PS
2002-08-07,1091.16,Yahoo PSEI.PS
2002-08-08,1093.25,Yahoo PSEI.PS
2002-08-09,1102.37,Yahoo PSEI.PS
2002-08-12,1098.58,Yahoo PSEI.PS
2002-08-13,1128.16,Yahoo PSEI.PS
2002-08-14,1134.31,Yahoo PSEI.PS
2002-08-15,1133.09,Yahoo PSEI.PS
2002-08-16,1143.57,Yahoo PSEI.PS
2002-08-19,1136.89,Yahoo PSEI.PS
2002-08-20,1128.88,Yahoo PSEI.PS
2002-08-21,1104.73,Yahoo PSEI.PS
2002-08-22,1098.50,Yahoo PSEI.PS
2002-08-23,1087.26,Yahoo PSEI.PS
2002-08-26,1092.86,Yahoo PSEI.PS
2002-08-27,1098.91,Yahoo PSEI.PS
2002-08-28,1109.11,Yahoo PSEI.PS
2002-08-29,1105.96,Yahoo PSEI.PS
2002-08-30,1103.36,Yahoo PSEI.PS
2002-09-02,1098.29,Yahoo PSEI.PS
2002-09-03,1098.09,Yahoo PSEI.PS
2002-09-04,1113.96,Yahoo PSEI.PS
2002-09-05,1118.45,Yahoo PSEI.PS
2002-09-06,1121.31,Yahoo PSEI.PS
2002-09-09,1133.46,Yahoo PSEI.PS
2002-09-10,1133.59,Yahoo PSEI.PS
2002-09-11,1153.41,Yahoo PSEI.PS
2002-09-12,1145.43,Yahoo PSEI.PS
2002-09-13,1155.49,Yahoo PSEI.PS
2002-09-16,1160.12,Yahoo PSEI.PS
2002-09-17,1162.53,Yahoo PSEI.PS
2002-09-18,1153.30,Yahoo PSEI.PS
2002-09-19,1149.03,Yahoo PSEI.PS
2002-09-20,1142.87,Yahoo PSEI.PS
2002-09-23,1138.63,Yahoo PSEI.PS
2002-09-24,1122.07,Yahoo PSEI.PS
2002-09-25,1126.60,Yahoo PSEI.PS
2002-09-26,1120.99,Yahoo PSEI.PS
2002-09-27,1119.92,Yahoo PSEI.PS
2002-09-30,1129.34,Yahoo PSEI.PS
2002-10-01,1115.78,Yahoo PSEI.PS
2002-10-02,1114.70,Yahoo PSEI.PS
2002-10-03,1103.28,Yahoo PSEI.PS
2002-10-04,1101.64,Yahoo PSEI.PS
2002-10-07,1098.01,Yahoo PSEI.PS
2002-10-08,1075.75,Yahoo PSEI.PS
2002-10-09,1081.27,Yahoo PSEI.PS
2002-10-10,1063.29,Yahoo PSEI.PS
2002-10-11,1072.19,Yahoo PSEI.PS
2002-10-14,1067.51,Yahoo PSEI.PS
2002-10-15,1047.69,Yahoo PSEI.PS
2002-10-16,1048.17,Yahoo PSEI.PS
2002-10-17,1039.58,Yahoo PSEI.PS
2002-10-18,1027.67,Yahoo PSEI.PS
2002-10-21,1014.90,Yahoo PSEI.PS
2002-10-22,1019.30,Yahoo PSEI.PS
2002-10-23,1012.86,Yahoo PSEI.PS
2002-10-24,1027.59,Yahoo PSEI.PS
2002-10-25,1032.09,Yahoo PSEI.PS
2002-10-28,1047.05,Yahoo PSEI.PS
2002-10-29,1045.70,Yahoo PSEI.PS
2002-10-30,1048.53,Yahoo PSEI.PS
2002-10-31,1048.53,Yahoo PSEI.PS
2002-11-01,1048.53,Yahoo PSEI.PS
2002-11-04,1050.98,Yahoo PSEI.PS
2002-11-05,1042.31,Yahoo PSEI.PS
2002-11-06,1060.44,Yahoo PSEI.PS
2002-11-07,1083.60,Yahoo PSEI.PS
2002-11-08,1074.12,Yahoo PSEI.PS
2002-11-11,1063.31,Yahoo PSEI.PS
2002-11-12,1055.29,Yahoo PSEI.PS
2002-11-13,1059.45,Yahoo PSEI.PS
2002-11-14,1061.86,Yahoo PSEI.PS
2002-11-15,1058.71,Yahoo PSEI.PS
2002-11-18,1034.48,Yahoo PSEI.PS
2002-11-19,1024.99,Yahoo PSEI.PS
2002-11-20,1034.20,Yahoo PSEI.PS
2002-11-21,1030.84,Yahoo PSEI.PS
2002-11-22,1054.80,Yahoo PSEI.PS
2002-11-25,1056.41,Yahoo PSEI.PS
2002-11-26,1050.85,Yahoo PSEI.PS
2002-11-27,1036.27,Yahoo PSEI.PS
2002-11-28,1042.66,Yahoo PSEI.PS
2002-11-29,1047.22,Yahoo PSEI.PS
2002-12-02,1050.04,Yahoo PSEI.PS
2002-12-03,1042.54,Yahoo PSEI.PS
2002-12-04,1036.26,Yahoo PSEI.PS
2002-12-05,1031.75,Yahoo PSEI.PS
2002-12-06,1031.75,Yahoo PSEI.PS
2002-12-09,1027.53,Yahoo PSEI.PS
2002-12-10,1013.31,Yahoo PSEI.PS
2002-12-11,1013.58,Yahoo PSEI.PS
2002-12-12,1025.51,Yahoo PSEI.PS
2002-12-13,1030.18,Yahoo PSEI.PS
2002-12-16,1019.98,Yahoo PSEI.PS
2002-12-17,1015.39,Yahoo PSEI.PS
2002-12-18,1018.40,Yahoo PSEI.PS
2002-12-19,997.78,Yahoo PSEI.PS
2002-12-20,1000.78,Yahoo PSEI.PS
2002-12-23,1008.84,Yahoo PSEI.PS
2002-12-24,1008.84,Yahoo PSEI.PS
2002-12-26,1015.33,Yahoo PSEI.PS
2002-12-27,1018.41,Yahoo PSEI.PS
2003-01-02,1008.64,Yahoo PSEI.PS
2003-01-03,1011.50,Yahoo PSEI.PS
2003-01-06,1015.07,Yahoo PSEI.PS
2003-01-07,1019.59,Yahoo PSEI.PS
2003-01-08,1040.42,Yahoo PSEI.PS
2003-01-09,1035.31,Yahoo PSEI.PS
2003-01-10,1058.30,Yahoo PSEI.PS
2003-01-13,1055.05,Yahoo PSEI.PS
2003-01-14,1061.33,Yahoo PSEI.PS
2003-01-15,1075.47,Yahoo PSEI.PS
2003-01-16,1074.45,Yahoo PSEI.PS
2003-01-17,1081.60,Yahoo PSEI.PS
2003-01-20,1066.70,Yahoo PSEI.PS
2003-01-21,1060.07,Yahoo PSEI.PS
2003-01-22,1052.44,Yahoo PSEI.PS
2003-01-23,1048.53,Yahoo PSEI.PS
2003-01-24,1050.42,Yahoo PSEI.PS
2003-01-27,1038.67,Yahoo PSEI.PS
2003-01-28,1035.57,Yahoo PSEI.PS
2003-01-29,1039.26,Yahoo PSEI.PS
2003-01-30,1039.88,Yahoo PSEI.PS
2003-01-31,1056.69,Yahoo PSEI.PS
2003-02-03,1058.14,Yahoo PSEI.PS
2003-02-04,1049.67,Yahoo PSEI.PS
2003-02-05,1037.26,Yahoo PSEI.PS
2003-02-06,1036.56,Yahoo PSEI.PS
2003-02-07,1041.83,Yahoo PSEI.PS
2003-02-10,1038.89,Yahoo PSEI.PS
2003-02-11,1044.77,Yahoo PSEI.PS
2003-02-12,1041.37,Yahoo PSEI.PS
2003-02-13,1040.19,Yahoo PSEI.PS
2003-02-14,1033.73,Yahoo PSEI.PS
2003-02-17,1034.76,Yahoo PSEI.PS
2003-02-18,1030.64,Yahoo PSEI.PS
2003-02-19,1029.30,Yahoo PSEI.PS
2003-02-20,1023.23,Yahoo PSEI.PS
2003-02-21,1015.70,Yahoo PSEI.PS
2003-02-24,1013.93,Yahoo PSEI.PS
2003-02-25,1013.93,Yahoo PSEI.PS
2003-02-26,1000.27,Yahoo PSEI.PS
2003-02-27,1005.63,Yahoo PSEI.PS
2003-02-28,1019.33,Yahoo PSEI.PS
2003-03-03,1024.55,Yahoo PSEI.PS
2003-03-04,1025.99,Yahoo PSEI.PS
2003-03-05,1009.68,Yahoo PSEI.PS
2003-03-06,1015.72,Yahoo PSEI.PS
2003-03-07,1014.79,Yahoo PSEI.PS
2003-03-10,1010.70,Yahoo PSEI.PS
2003-03-11,1007.11,Yahoo PSEI.PS
2003-03-12,1000.44,Yahoo PSEI.PS
2003-03-13,1000.44,Yahoo PSEI.PS
2003-03-14,1003.99,Yahoo PSEI.PS
2003-03-17,999.46,Yahoo PSEI.PS
2003-03-18,1005.59,Yahoo PSEI.PS
2003-03-19,1020.46,Yahoo PSEI.PS
2003-03-20,1039.33,Yahoo PSEI.PS
2003-03-21,1032.15,Yahoo PSEI.PS
2003-03-24,1033.09,Yahoo PSEI.PS
2003-03-25,1022.99,Yahoo PSEI.PS
2003-03-26,1027.91,Yahoo PSEI.PS
2003-03-27,1031.05,Yahoo PSEI.PS
2003-03-28,1038.23,Yahoo PSEI.PS
2003-03-31,1039.67,Yahoo PSEI.PS
2003-04-01,1038.07,Yahoo PSEI.PS
2003-04-02,1051.96,Yahoo PSEI.PS
2003-04-03,1062.49,Yahoo PSEI.PS
2003-04-04,1090.66,Yahoo PSEI.PS
2003-04-07,1090.66,Yahoo PSEI.PS
2003-04-08,1107.75,Yahoo PSEI.PS
2003-04-09,1095.64,Yahoo PSEI.PS
2003-04-10,1112.53,Yahoo PSEI.PS
2003-04-11,1122.27,Yahoo PSEI.PS
2003-04-14,1133.37,Yahoo PSEI.PS
2003-04-15,1116.48,Yahoo PSEI.PS
2003-04-16,1122.33,Yahoo PSEI.PS
2003-04-17,1122.33,Yahoo PSEI.PS
2003-04-18,1122.33,Yahoo PSEI.PS
2003-04-21,1125.22,Yahoo PSEI.PS
2003-04-22,1117.12,Yahoo PSEI.PS
2003-04-23,1083.88,Yahoo PSEI.PS
2003-04-24,1070.45,Yahoo PSEI.PS
2003-04-25,1049.39,Yahoo PSEI.PS
2003-04-28,1036.29,Yahoo PSEI.PS
2003-04-29,1048.37,Yahoo PSEI.PS
2003-04-30,1068.15,Yahoo PSEI.PS
2003-05-01,1068.15,Yahoo PSEI.PS
2003-05-02,1068.15,Yahoo PSEI.PS
2003-05-05,1080.37,Yahoo PSEI.PS
2003-05-06,1084.01,Yahoo PSEI.PS
2003-05-07,1077.90,Yahoo PSEI.PS
2003-05-08,1078.32,Yahoo PSEI.PS
2003-05-09,1073.26,Yahoo PSEI.PS
2003-05-12,1061.40,Yahoo PSEI.PS
2003-05-13,1058.57,Yahoo PSEI.PS
2003-05-14,1061.56,Yahoo PSEI.PS
2003-05-15,1057.14,Yahoo PSEI.PS
2003-05-16,1059.53,Yahoo PSEI.PS
2003-05-19,1062.94,Yahoo PSEI.PS
2003-05-20,1053.12,Yahoo PSEI.PS
2003-05-21,1046.16,Yahoo PSEI.PS
2003-05-22,1051.44,Yahoo PSEI.PS
2003-05-23,1047.34,Yahoo PSEI.PS
2003-05-26,1046.94,Yahoo PSEI.PS
2003-05-27,1035.99,Yahoo PSEI.PS
2003-05-28,1047.82,Yahoo PSEI.PS
2003-05-29,1066.47,Yahoo PSEI.PS
2003-05-30,1073.69,Yahoo PSEI.PS
2003-06-02,1070.06,Yahoo PSEI.PS
2003-06-03,1088.83,Yahoo PSEI.PS
2003-06-04,1122.13,Yahoo PSEI.PS
2003-06-05,1165.86,Yahoo PSEI.PS
2003-06-06,1163.84,Yahoo PSEI.PS
2003-06-09,1155.71,Yahoo PSEI.PS
2003-06-10,1156.25,Yahoo PSEI.PS
2003-06-11,1168.75,Yahoo PSEI.PS
2003-06-12,1191.06,Yahoo PSEI.PS
2003-06-13,1191.06,Yahoo PSEI.PS
2003-06-16,1205.53,Yahoo PSEI.PS
2003-06-17,1264.51,Yahoo PSEI.PS
2003-06-18,1253.02,Yahoo PSEI.PS
2003-06-19,1251.81,Yahoo PSEI.PS
2003-06-20,1240.68,Yahoo PSEI.PS
2003-06-23,1229.90,Yahoo PSEI.PS
2003-06-24,1204.79,Yahoo PSEI.PS
2003-06-25,1231.64,Yahoo PSEI.PS
2003-06-26,1221.91,Yahoo PSEI.PS
2003-06-27,1236.60,Yahoo PSEI.PS
2003-06-30,1222.80,Yahoo PSEI.PS
2003-07-01,1221.11,Yahoo PSEI.PS
2003-07-02,1227.96,Yahoo PSEI.PS
2003-07-03,1266.12,Yahoo PSEI.PS
2003-07-04,1264.27,Yahoo PSEI.PS
2003-07-07,1289.02,Yahoo PSEI.PS
2003-07-08,1302.22,Yahoo PSEI.PS
2003-07-09,1295.52,Yahoo PSEI.PS
2003-07-10,1284.79,Yahoo PSEI.PS
2003-07-11,1270.77,Yahoo PSEI.PS
2003-07-14,1256.33,Yahoo PSEI.PS
2003-07-15,1272.39,Yahoo PSEI.PS
2003-07-16,1270.33,Yahoo PSEI.PS
2003-07-17,1274.20,Yahoo PSEI.PS
2003-07-18,1284.99,Yahoo PSEI.PS
2003-07-21,1300.87,Yahoo PSEI.PS
2003-07-22,1301.48,Yahoo PSEI.PS
2003-07-23,1298.59,Yahoo PSEI.PS
2003-07-24,1285.37,Yahoo PSEI.PS
2003-07-25,1283.80,Yahoo PSEI.PS
2003-07-28,1256.76,Yahoo PSEI.PS
2003-07-29,1225.23,Yahoo PSEI.PS
2003-07-30,1228.19,Yahoo PSEI.PS
2003-07-31,1240.42,Yahoo PSEI.PS
2003-08-01,1235.30,Yahoo PSEI.PS
2003-08-04,1198.19,Yahoo PSEI.PS
2003-08-05,1217.95,Yahoo PSEI.PS
2003-08-06,1204.32,Yahoo PSEI.PS
2003-08-07,1207.25,Yahoo PSEI.PS
2003-08-08,1232.88,Yahoo PSEI.PS
2003-08-11,1238.00,Yahoo PSEI.PS
2003-08-12,1247.93,Yahoo PSEI.PS
2003-08-13,1262.50,Yahoo PSEI.PS
2003-08-14,1264.30,Yahoo PSEI.PS
2003-08-15,1248.05,Yahoo PSEI.PS
2003-08-18,1248.53,Yahoo PSEI.PS
2003-08-19,1256.96,Yahoo PSEI.PS
2003-08-20,1242.86,Yahoo PSEI.PS
2003-08-21,1245.34,Yahoo PSEI.PS
2003-08-22,1245.34,Yahoo PSEI.PS
2003-08-25,1262.10,Yahoo PSEI.PS
2003-08-26,1248.85,Yahoo PSEI.PS
2003-08-27,1242.91,Yahoo PSEI.PS
2003-08-28,1218.42,Yahoo PSEI.PS
2003-08-29,1192.83,Yahoo PSEI.PS
2003-09-01,1201.92,Yahoo PSEI.PS
2003-09-02,1218.10,Yahoo PSEI.PS
2003-09-03,1241.48,Yahoo PSEI.PS
2003-09-04,1233.87,Yahoo PSEI.PS
2003-09-05,1240.58,Yahoo PSEI.PS
2003-09-08,1259.03,Yahoo PSEI.PS
2003-09-09,1299.33,Yahoo PSEI.PS
2003-09-10,1292.52,Yahoo PSEI.PS
2003-09-11,1282.00,Yahoo PSEI.PS
2003-09-12,1272.99,Yahoo PSEI.PS
2003-09-15,1278.09,Yahoo PSEI.PS
2003-09-16,1295.41,Yahoo PSEI.PS
2003-09-17,1320.61,Yahoo PSEI.PS
2003-09-18,1319.72,Yahoo PSEI.PS
2003-09-19,1309.81,Yahoo PSEI.PS
2003-09-22,1314.00,Yahoo PSEI.PS
2003-09-23,1303.01,Yahoo PSEI.PS
2003-09-24,1318.57,Yahoo PSEI.PS
2003-09-25,1314.19,Yahoo PSEI.PS
2003-09-26,1313.85,Yahoo PSEI.PS
2003-09-29,1310.36,Yahoo PSEI.PS
2003-09-30,1297.42,Yahoo PSEI.PS
2003-10-01,1288.11,Yahoo PSEI.PS
2003-10-02,1297.89,Yahoo PSEI.PS
2003-10-03,1304.73,Yahoo PSEI.PS
2003-10-06,1305.46,Yahoo PSEI.PS
2003-10-07,1312.72,Yahoo PSEI.PS
2003-10-08,1298.54,Yahoo PSEI.PS
2003-10-09,1303.66,Yahoo PSEI.PS
2003-10-10,1345.20,Yahoo PSEI.PS
2003-10-13,1384.43,Yahoo PSEI.PS
2003-10-14,1365.12,Yahoo PSEI.PS
2003-10-15,1356.15,Yahoo PSEI.PS
2003-10-16,1368.30,Yahoo PSEI.PS
2003-10-17,1367.33,Yahoo PSEI.PS
2003-10-20,1368.86,Yahoo PSEI.PS
2003-10-21,1386.09,Yahoo PSEI.PS
2003-10-22,1382.74,Yahoo PSEI.PS
2003-10-23,1364.44,Yahoo PSEI.PS
2003-10-24,1363.40,Yahoo PSEI.PS
2003-10-27,1358.17,Yahoo PSEI.PS
2003-10-28,1363.04,Yahoo PSEI.PS
2003-10-29,1364.82,Yahoo PSEI.PS
2003-10-30,1381.24,Yahoo PSEI.PS
2003-10-31,1399.07,Yahoo PSEI.PS
2003-11-03,1411.59,Yahoo PSEI.PS
2003-11-04,1432.27,Yahoo PSEI.PS
2003-11-05,1425.87,Yahoo PSEI.PS
2003-11-06,1423.39,Yahoo PSEI.PS
2003-11-07,1413.11,Yahoo PSEI.PS
2003-11-10,1409.34,Yahoo PSEI.PS
2003-11-11,1383.81,Yahoo PSEI.PS
2003-11-12,1363.53,Yahoo PSEI.PS
2003-11-13,1343.88,Yahoo PSEI.PS
2003-11-14,1345.53,Yahoo PSEI.PS
2003-11-17,1328.66,Yahoo PSEI.PS
2003-11-18,1328.04,Yahoo PSEI.PS
2003-11-19,1318.31,Yahoo PSEI.PS
2003-11-20,1332.34,Yahoo PSEI.PS
2003-11-21,1334.30,Yahoo PSEI.PS
2003-11-24,1334.58,Yahoo PSEI.PS
2003-11-25,1344.36,Yahoo PSEI.PS
2003-11-26,1344.36,Yahoo PSEI.PS
2003-11-27,1319.42,Yahoo PSEI.PS
2003-11-28,1313.87,Yahoo PSEI.PS
2003-12-01,1321.26,Yahoo PSEI.PS
2003-12-02,1336.83,Yahoo PSEI.PS
2003-12-03,1357.76,Yahoo PSEI.PS
2003-12-04,1351.50,Yahoo PSEI.PS
2003-12-05,1345.37,Yahoo PSEI.PS
2003-12-08,1349.87,Yahoo PSEI.PS
2003-12-09,1365.83,Yahoo PSEI.PS
2003-12-10,1360.08,Yahoo PSEI.PS
2003-12-11,1359.60,Yahoo PSEI.PS
2003-12-12,1383.32,Yahoo PSEI.PS
2003-12-15,1395.23,Yahoo PSEI.PS
2003-12-16,1399.43,Yahoo PSEI.PS
2003-12-17,1398.56,Yahoo PSEI.PS
2003-12-18,1410.77,Yahoo PSEI.PS
2003-12-19,1422.24,Yahoo PSEI.PS
2003-12-22,1421.03,Yahoo PSEI.PS
2003-12-23,1427.40,Yahoo PSEI.PS
2003-12-24,1427.40,Yahoo PSEI.PS
2003-12-26,1427.40,Yahoo PSEI.PS
2003-12-29,1450.70,Yahoo PSEI.PS
2003-12-30,1442.37,Yahoo PSEI.PS
2004-01-02,1442.37,Yahoo PSEI.PS
2004-01-05,1487.34,Yahoo PSEI.PS
2004-01-06,1532.74,Yahoo PSEI.PS
2004-01-07,1516.09,Yahoo PSEI.PS
2004-01-08,1495.50,Yahoo PSEI.PS
2004-01-09,1528.87,Yahoo PSEI.PS
2004-01-12,1501.02,Yahoo PSEI.PS
2004-01-13,1507.17,Yahoo PSEI.PS
2004-01-14,1525.30,Yahoo PSEI.PS
2004-01-15,1507.90,Yahoo PSEI.PS
2004-01-16,1518.01,Yahoo PSEI.PS
2004-01-19,1520.03,Yahoo PSEI.PS
2004-01-20,1546.89,Yahoo PSEI.PS
2004-01-21,1560.82,Yahoo PSEI.PS
2004-01-22,1560.43,Yahoo PSEI.PS
2004-01-23,1560.02,Yahoo PSEI.PS
2004-01-26,1547.70,Yahoo PSEI.PS
2004-01-27,1565.00,Yahoo PSEI.PS
2004-01-28,1548.97,Yahoo PSEI.PS
2004-01-29,1515.15,Yahoo PSEI.PS
2004-01-30,1508.30,Yahoo PSEI.PS
2004-02-02,1447.05,Yahoo PSEI.PS
2004-02-03,1437.67,Yahoo PSEI.PS
2004-02-04,1441.12,Yahoo PSEI.PS
2004-02-05,1431.79,Yahoo PSEI.PS
2004-02-06,1461.53,Yahoo PSEI.PS
2004-02-09,1478.35,Yahoo PSEI.PS
2004-02-10,1490.21,Yahoo PSEI.PS
2004-02-11,1477.04,Yahoo PSEI.PS
2004-02-12,1479.28,Yahoo PSEI.PS
2004-02-13,1480.77,Yahoo PSEI.PS
2004-02-16,1464.99,Yahoo PSEI.PS
2004-02-17,1464.88,Yahoo PSEI.PS
2004-02-18,1472.12,Yahoo PSEI.PS
2004-02-19,1473.14,Yahoo PSEI.PS
2004-02-20,1488.02,Yahoo PSEI.PS
2004-02-23,1482.57,Yahoo PSEI.PS
2004-02-24,1468.32,Yahoo PSEI.PS
2004-02-25,1468.32,Yahoo PSEI.PS
2004-02-26,1485.97,Yahoo PSEI.PS
2004-02-27,1483.18,Yahoo PSEI.PS
2004-03-01,1484.46,Yahoo PSEI.PS
2004-03-02,1477.02,Yahoo PSEI.PS
2004-03-03,1463.00,Yahoo PSEI.PS
2004-03-04,1474.07,Yahoo PSEI.PS
2004-03-05,1471.65,Yahoo PSEI.PS
2004-03-08,1468.76,Yahoo PSEI.PS
2004-03-09,1455.75,Yahoo PSEI.PS
2004-03-10,1455.67,Yahoo PSEI.PS
2004-03-11,1435.07,Yahoo PSEI.PS
2004-03-12,1423.79,Yahoo PSEI.PS
2004-03-15,1419.34,Yahoo PSEI.PS
2004-03-16,1418.67,Yahoo PSEI.PS
2004-03-17,1431.64,Yahoo PSEI.PS
2004-03-18,1448.06,Yahoo PSEI.PS
2004-03-19,1450.83,Yahoo PSEI.PS
2004-03-22,1431.67,Yahoo PSEI.PS
2004-03-23,1418.73,Yahoo PSEI.PS
2004-03-24,1389.87,Yahoo PSEI.PS
2004-03-25,1393.12,Yahoo PSEI.PS
2004-03-26,1390.92,Yahoo PSEI.PS
2004-03-29,1388.15,Yahoo PSEI.PS
2004-03-30,1396.02,Yahoo PSEI.PS
2004-03-31,1424.33,Yahoo PSEI.PS
2004-04-01,1433.11,Yahoo PSEI.PS
2004-04-02,1450.91,Yahoo PSEI.PS
2004-04-05,1490.05,Yahoo PSEI.PS
2004-04-06,1516.81,Yahoo PSEI.PS
2004-04-07,1516.81,Yahoo PSEI.PS
2004-04-08,1516.81,Yahoo PSEI.PS
2004-04-09,1516.81,Yahoo PSEI.PS
2004-04-12,1510.58,Yahoo PSEI.PS
2004-04-13,1485.47,Yahoo PSEI.PS
2004-04-14,1483.43,Yahoo PSEI.PS
2004-04-15,1483.20,Yahoo PSEI.PS
2004-04-16,1498.11,Yahoo PSEI.PS
2004-04-19,1497.48,Yahoo PSEI.PS
2004-04-20,1525.96,Yahoo PSEI.PS
2004-04-21,1537.78,Yahoo PSEI.PS
2004-04-22,1548.28,Yahoo PSEI.PS
2004-04-23,1589.40,Yahoo PSEI.PS
2004-04-26,1571.90,Yahoo PSEI.PS
2004-04-27,1596.93,Yahoo PSEI.PS
2004-04-28,1610.31,Yahoo PSEI.PS
2004-04-29,1581.95,Yahoo PSEI.PS
2004-04-30,1555.01,Yahoo PSEI.PS
2004-05-03,1562.65,Yahoo PSEI.PS
2004-05-04,1573.83,Yahoo PSEI.PS
2004-05-05,1562.13,Yahoo PSEI.PS
2004-05-06,1551.69,Yahoo PSEI.PS
2004-05-07,1554.69,Yahoo PSEI.PS
2004-05-10,1554.69,Yahoo PSEI.PS
2004-05-11,1508.26,Yahoo PSEI.PS
2004-05-12,1540.96,Yahoo PSEI.PS
2004-05-13,1526.47,Yahoo PSEI.PS
2004-05-14,1521.61,Yahoo PSEI.PS
2004-05-17,1486.99,Yahoo PSEI.PS
2004-05-18,1476.08,Yahoo PSEI.PS
2004-05-19,1468.32,Yahoo PSEI.PS
2004-05-20,1472.25,Yahoo PSEI.PS
2004-05-21,1484.96,Yahoo PSEI.PS
2004-05-24,1481.91,Yahoo PSEI.PS
2004-05-25,1493.90,Yahoo PSEI.PS
2004-05-26,1507.65,Yahoo PSEI.PS
2004-05-27,1499.12,Yahoo PSEI.PS
2004-05-28,1517.20,Yahoo PSEI.PS
2004-05-31,1511.36,Yahoo PSEI.PS
2004-06-01,1518.55,Yahoo PSEI.PS
2004-06-02,1526.94,Yahoo PSEI.PS
2004-06-03,1532.63,Yahoo PSEI.PS
2004-06-04,1524.45,Yahoo PSEI.PS
2004-06-07,1517.17,Yahoo PSEI.PS
2004-06-08,1545.63,Yahoo PSEI.PS
2004-06-09,1543.40,Yahoo PSEI.PS
2004-06-10,1533.73,Yahoo PSEI.PS
2004-06-11,1518.00,Yahoo PSEI.PS
2004-06-14,1536.83,Yahoo PSEI.PS
2004-06-15,1547.25,Yahoo PSEI.PS
2004-06-16,1543.47,Yahoo PSEI.PS
2004-06-17,1539.93,Yahoo PSEI.PS
2004-06-18,1532.75,Yahoo PSEI.PS
2004-06-21,1540.52,Yahoo PSEI.PS
2004-06-22,1542.82,Yahoo PSEI.PS
2004-06-23,1573.47,Yahoo PSEI.PS
2004-06-24,1573.77,Yahoo PSEI.PS
2004-06-25,1579.51,Yahoo PSEI.PS
2004-06-28,1580.35,Yahoo PSEI.PS
2004-06-29,1586.35,Yahoo PSEI.PS
2004-06-30,1579.40,Yahoo PSEI.PS
2004-07-01,1593.60,Yahoo PSEI.PS
2004-07-02,1590.64,Yahoo PSEI.PS
2004-07-05,1589.93,Yahoo PSEI.PS
2004-07-06,1590.95,Yahoo PSEI.PS
2004-07-07,1598.39,Yahoo PSEI.PS
2004-07-08,1595.47,Yahoo PSEI.PS
2004-07-09,1592.46,Yahoo PSEI.PS
2004-07-12,1586.25,Yahoo PSEI.PS
2004-07-13,1573.03,Yahoo PSEI.PS
2004-07-14,1565.34,Yahoo PSEI.PS
2004-07-15,1549.98,Yahoo PSEI.PS
2004-07-16,1551.23,Yahoo PSEI.PS
2004-07-19,1544.26,Yahoo PSEI.PS
2004-07-20,1533.00,Yahoo PSEI.PS
2004-07-21,1539.32,Yahoo PSEI.PS
2004-07-22,1552.79,Yahoo PSEI.PS
2004-07-23,1559.22,Yahoo PSEI.PS
2004-07-26,1543.26,Yahoo PSEI.PS
2004-07-27,1560.90,Yahoo PSEI.PS
2004-07-28,1583.41,Yahoo PSEI.PS
2004-07-29,1599.06,Yahoo PSEI.PS
2004-07-30,1584.70,Yahoo PSEI.PS
2004-08-02,1564.47,Yahoo PSEI.PS
2004-08-03,1562.03,Yahoo PSEI.PS
2004-08-04,1572.91,Yahoo PSEI.PS
2004-08-05,1577.80,Yahoo PSEI.PS
2004-08-06,1576.85,Yahoo PSEI.PS
2004-08-09,1578.21,Yahoo PSEI.PS
2004-08-10,1579.26,Yahoo PSEI.PS
2004-08-11,1592.40,Yahoo PSEI.PS
2004-08-12,1594.48,Yahoo PSEI.PS
2004-08-13,1590.63,Yahoo PSEI.PS
2004-08-16,1594.83,Yahoo PSEI.PS
2004-08-17,1566.83,Yahoo PSEI.PS
2004-08-18,1556.37,Yahoo PSEI.PS
2004-08-19,1573.27,Yahoo PSEI.PS
2004-08-20,1582.84,Yahoo PSEI.PS
2004-08-23,1576.18,Yahoo PSEI.PS
2004-08-24,1542.01,Yahoo PSEI.PS
2004-08-25,1548.08,Yahoo PSEI.PS
2004-08-26,1561.33,Yahoo PSEI.PS
2004-08-27,1582.04,Yahoo PSEI.PS
2004-08-30,1580.41,Yahoo PSEI.PS
2004-08-31,1579.83,Yahoo PSEI.PS
2004-09-01,1592.74,Yahoo PSEI.PS
2004-09-02,1614.00,Yahoo PSEI.PS
2004-09-03,1627.96,Yahoo PSEI.PS
2004-09-06,1633.54,Yahoo PSEI.PS
2004-09-07,1671.76,Yahoo PSEI.PS
2004-09-08,1728.45,Yahoo PSEI.PS
2004-09-09,1739.92,Yahoo PSEI.PS
2004-09-10,1751.60,Yahoo PSEI.PS
2004-09-13,1758.62,Yahoo PSEI.PS
2004-09-14,1717.45,Yahoo PSEI.PS
2004-09-15,1706.08,Yahoo PSEI.PS
2004-09-16,1691.86,Yahoo PSEI.PS
2004-09-17,1681.35,Yahoo PSEI.PS
2004-09-20,1702.21,Yahoo PSEI.PS
2004-09-21,1720.68,Yahoo PSEI.PS
2004-09-22,1727.88,Yahoo PSEI.PS
2004-09-23,1742.56,Yahoo PSEI.PS
2004-09-24,1763.30,Yahoo PSEI.PS
2004-09-27,1760.33,Yahoo PSEI.PS
2004-09-28,1746.08,Yahoo PSEI.PS
2004-09-29,1742.09,Yahoo PSEI.PS
2004-09-30,1761.57,Yahoo PSEI.PS
2004-10-01,1787.25,Yahoo PSEI.PS
2004-10-04,1851.60,Yahoo PSEI.PS
2004-10-05,1833.35,Yahoo PSEI.PS
2004-10-06,1841.67,Yahoo PSEI.PS
2004-10-07,1842.68,Yahoo PSEI.PS
2004-10-08,1836.47,Yahoo PSEI.PS
2004-10-11,1821.97,Yahoo PSEI.PS
2004-10-12,1784.91,Yahoo PSEI.PS
2004-10-13,1790.73,Yahoo PSEI.PS
2004-10-14,1797.30,Yahoo PSEI.PS
2004-10-15,1781.41,Yahoo PSEI.PS
2004-10-18,1789.98,Yahoo PSEI.PS
2004-10-19,1778.85,Yahoo PSEI.PS
2004-10-20,1784.93,Yahoo PSEI.PS
2004-10-21,1766.60,Yahoo PSEI.PS
2004-10-22,1762.14,Yahoo PSEI.PS
2004-10-25,1735.69,Yahoo PSEI.PS
2004-10-26,1768.78,Yahoo PSEI.PS
2004-10-27,1774.34,Yahoo PSEI.PS
2004-10-28,1807.49,Yahoo PSEI.PS
2004-10-29,1819.03,Yahoo PSEI.PS
2004-11-01,1819.03,Yahoo PSEI.PS
2004-11-02,1809.54,Yahoo PSEI.PS
2004-11-03,1827.32,Yahoo PSEI.PS
2004-11-04,1820.21,Yahoo PSEI.PS
2004-11-05,1817.52,Yahoo PSEI.PS
2004-11-08,1812.16,Yahoo PSEI.PS
2004-11-09,1789.03,Yahoo PSEI.PS
2004-11-10,1779.18,Yahoo PSEI.PS
2004-11-11,1765.09,Yahoo PSEI.PS
2004-11-12,1742.81,Yahoo PSEI.PS
2004-11-15,1742.81,Yahoo PSEI.PS
2004-11-16,1787.89,Yahoo PSEI.PS
2004-11-17,1794.36,Yahoo PSEI.PS
2004-11-18,1817.64,Yahoo PSEI.PS
2004-11-19,1795.59,Yahoo PSEI.PS
2004-11-22,1788.20,Yahoo PSEI.PS
2004-11-23,1811.23,Yahoo PSEI.PS
2004-11-24,1826.19,Yahoo PSEI.PS
2004-11-25,1814.50,Yahoo PSEI.PS
2004-11-26,1814.10,Yahoo PSEI.PS
2004-11-29,1814.10,Yahoo PSEI.PS
2004-11-30,1830.96,Yahoo PSEI.PS
2004-12-01,1816.47,Yahoo PSEI.PS
2004-12-02,1816.99,Yahoo PSEI.PS
2004-12-03,1816.99,Yahoo PSEI.PS
2004-12-06,1803.37,Yahoo PSEI.PS
2004-12-07,1799.08,Yahoo PSEI.PS
2004-12-08,1801.18,Yahoo PSEI.PS
2004-12-09,1793.68,Yahoo PSEI.PS
2004-12-10,1753.47,Yahoo PSEI.PS
2004-12-13,1748.33,Yahoo PSEI.PS
2004-12-14,1775.73,Yahoo PSEI.PS
2004-12-15,1794.89,Yahoo PSEI.PS
2004-12-16,1820.82,Yahoo PSEI.PS
2004-12-17,1806.33,Yahoo PSEI.PS
2004-12-20,1786.25,Yahoo PSEI.PS
2004-12-21,1775.45,Yahoo PSEI.PS
2004-12-22,1789.74,Yahoo PSEI.PS
2004-12-23,1807.49,Yahoo PSEI.PS
2004-12-24,1807.49,Yahoo PSEI.PS
2004-12-27,1807.49,Yahoo PSEI.PS
2004-12-28,1825.98,Yahoo PSEI.PS
2004-12-29,1822.83,Yahoo PSEI.PS
2005-01-03,1846.90,Yahoo PSEI.PS
2005-01-04,1873.07,Yahoo PSEI.PS
2005-01-05,1875.37,Yahoo PSEI.PS
2005-01-06,1859.80,Yahoo PSEI.PS
2005-01-07,1851.78,Yahoo PSEI.PS
2005-01-10,1840.47,Yahoo PSEI.PS
2005-01-11,1845.83,Yahoo PSEI.PS
2005-01-12,1820.57,Yahoo PSEI.PS
2005-01-13,1865.11,Yahoo PSEI.PS
2005-01-14,1876.03,Yahoo PSEI.PS
2005-01-17,1909.18,Yahoo PSEI.PS
2005-01-18,1905.45,Yahoo PSEI.PS
2005-01-19,1946.89,Yahoo PSEI.PS
2005-01-20,1956.82,Yahoo PSEI.PS
2005-01-21,1987.84,Yahoo PSEI.PS
2005-01-24,2015.25,Yahoo PSEI.PS
2005-01-25,1990.29,Yahoo PSEI.PS
2005-01-26,1970.28,Yahoo PSEI.PS
2005-01-27,1991.39,Yahoo PSEI.PS
2005-01-28,2014.61,Yahoo PSEI.PS
2005-01-31,2019.56,Yahoo PSEI.PS
2005-02-01,1992.46,Yahoo PSEI.PS
2005-02-02,1989.65,Yahoo PSEI.PS
2005-02-03,2000.22,Yahoo PSEI.PS
2005-02-04,1995.57,Yahoo PSEI.PS
2005-02-07,2016.84,Yahoo PSEI.PS
2005-02-08,2030.08,Yahoo PSEI.PS
2005-02-09,2028.86,Yahoo PSEI.PS
2005-02-10,2048.24,Yahoo PSEI.PS
2005-02-11,2061.48,Yahoo PSEI.PS
2005-02-14,2084.50,Yahoo PSEI.PS
2005-02-15,2090.10,Yahoo PSEI.PS
2005-02-16,2078.48,Yahoo PSEI.PS
2005-02-17,2096.99,Yahoo PSEI.PS
2005-02-18,2085.93,Yahoo PSEI.PS
2005-02-21,2022.66,Yahoo PSEI.PS
2005-02-22,1992.27,Yahoo PSEI.PS
2005-02-23,2042.78,Yahoo PSEI.PS
2005-02-24,2073.19,Yahoo PSEI.PS
2005-02-25,2073.19,Yahoo PSEI.PS
2005-02-28,2079.99,Yahoo PSEI.PS
2005-03-01,2088.95,Yahoo PSEI.PS
2005-03-02,2068.42,Yahoo PSEI.PS
2005-03-03,2093.27,Yahoo PSEI.PS
2005-03-04,2124.69,Yahoo PSEI.PS
2005-03-07,2166.10,Yahoo PSEI.PS
2005-03-08,2149.06,Yahoo PSEI.PS
2005-03-09,2157.14,Yahoo PSEI.PS
2005-03-10,2137.42,Yahoo PSEI.PS
2005-03-11,2137.39,Yahoo PSEI.PS
2005-03-14,2115.61,Yahoo PSEI.PS
2005-03-15,2106.31,Yahoo PSEI.PS
2005-03-16,2099.12,Yahoo PSEI.PS
2005-03-17,2100.11,Yahoo PSEI.PS
2005-03-18,2050.28,Yahoo PSEI.PS
2005-03-21,2033.78,Yahoo PSEI.PS
2005-03-22,1999.15,Yahoo PSEI.PS
2005-03-23,1999.15,Yahoo PSEI.PS
2005-03-28,1986.95,Yahoo PSEI.PS
2005-03-29,1931.98,Yahoo PSEI.PS
2005-03-30,1951.38,Yahoo PSEI.PS
2005-03-31,1954.69,Yahoo PSEI.PS
2005-04-01,1966.29,Yahoo PSEI.PS
2005-04-04,1994.36,Yahoo PSEI.PS
2005-04-05,1962.70,Yahoo PSEI.PS
2005-04-06,1962.38,Yahoo PSEI.PS
2005-04-07,1914.22,Yahoo PSEI.PS
2005-04-08,1906.69,Yahoo PSEI.PS
2005-04-11,1896.72,Yahoo PSEI.PS
2005-04-12,1927.82,Yahoo PSEI.PS
2005-04-13,1916.58,Yahoo PSEI.PS
2005-04-14,1887.47,Yahoo PSEI.PS
2005-04-15,1864.06,Yahoo PSEI.PS
2005-04-18,1818.87,Yahoo PSEI.PS
2005-04-19,1834.06,Yahoo PSEI.PS
2005-04-20,1854.97,Yahoo PSEI.PS
2005-04-21,1841.94,Yahoo PSEI.PS
2005-04-22,1868.13,Yahoo PSEI.PS
2005-04-25,1860.56,Yahoo PSEI.PS
2005-04-26,1858.14,Yahoo PSEI.PS
2005-04-27,1830.32,Yahoo PSEI.PS
2005-04-28,1838.16,Yahoo PSEI.PS
2005-04-29,1854.63,Yahoo PSEI.PS
2005-05-03,1865.11,Yahoo PSEI.PS
2005-05-04,1866.17,Yahoo PSEI.PS
2005-05-05,1893.20,Yahoo PSEI.PS
2005-05-06,1913.77,Yahoo PSEI.PS
2005-05-09,1946.77,Yahoo PSEI.PS
2005-05-10,1931.54,Yahoo PSEI.PS
2005-05-11,1921.33,Yahoo PSEI.PS
2005-05-12,1911.75,Yahoo PSEI.PS
2005-05-13,1882.39,Yahoo PSEI.PS
2005-05-16,1862.59,Yahoo PSEI.PS
2005-05-17,1876.47,Yahoo PSEI.PS
2005-05-18,1879.39,Yahoo PSEI.PS
2005-05-19,1893.09,Yahoo PSEI.PS
2005-05-20,1886.73,Yahoo PSEI.PS
2005-05-23,1883.48,Yahoo PSEI.PS
2005-05-24,1881.08,Yahoo PSEI.PS
2005-05-25,1869.50,Yahoo PSEI.PS
2005-05-26,1858.72,Yahoo PSEI.PS
2005-05-27,1875.41,Yahoo PSEI.PS
2005-05-30,1886.61,Yahoo PSEI.PS
2005-05-31,1929.38,Yahoo PSEI.PS
2005-06-01,1964.31,Yahoo PSEI.PS
2005-06-02,2010.56,Yahoo PSEI.PS
2005-06-03,2022.49,Yahoo PSEI.PS
2005-06-06,2051.04,Yahoo PSEI.PS
2005-06-07,2003.02,Yahoo PSEI.PS
2005-06-08,1953.28,Yahoo PSEI.PS
2005-06-09,1898.24,Yahoo PSEI.PS
2005-06-10,1937.18,Yahoo PSEI.PS
2005-06-14,1955.79,Yahoo PSEI.PS
2005-06-15,1992.44,Yahoo PSEI.PS
2005-06-16,1999.60,Yahoo PSEI.PS
2005-06-17,2011.17,Yahoo PSEI.PS
2005-06-20,2004.71,Yahoo PSEI.PS
2005-06-21,1954.09,Yahoo PSEI.PS
2005-06-22,1958.62,Yahoo PSEI.PS
2005-06-23,1955.22,Yahoo PSEI.PS
2005-06-24,1947.21,Yahoo PSEI.PS
2005-06-27,1963.50,Yahoo PSEI.PS
2005-06-28,1955.20,Yahoo PSEI.PS
2005-06-29,1945.12,Yahoo PSEI.PS
2005-06-30,1924.23,Yahoo PSEI.PS
2005-07-01,1895.25,Yahoo PSEI.PS
2005-07-04,1815.67,Yahoo PSEI.PS
2005-07-05,1817.02,Yahoo PSEI.PS
2005-07-06,1813.04,Yahoo PSEI.PS
2005-07-07,1847.32,Yahoo PSEI.PS
2005-07-08,1876.28,Yahoo PSEI.PS
2005-07-11,1852.78,Yahoo PSEI.PS
2005-07-12,1868.94,Yahoo PSEI.PS
2005-07-13,1854.04,Yahoo PSEI.PS
2005-07-14,1879.46,Yahoo PSEI.PS
2005-07-15,1897.08,Yahoo PSEI.PS
2005-07-18,1909.25,Yahoo PSEI.PS
2005-07-19,1889.55,Yahoo PSEI.PS
2005-07-20,1944.71,Yahoo PSEI.PS
2005-07-21,1960.76,Yahoo PSEI.PS
2005-07-22,1954.40,Yahoo PSEI.PS
2005-07-25,1954.40,Yahoo PSEI.PS
2005-07-26,1959.58,Yahoo PSEI.PS
2005-07-27,1974.54,Yahoo PSEI.PS
2005-07-28,1999.82,Yahoo PSEI.PS
2005-07-29,2000.25,Yahoo PSEI.PS
2005-08-01,1982.93,Yahoo PSEI.PS
2005-08-02,1985.09,Yahoo PSEI.PS
2005-08-03,1988.14,Yahoo PSEI.PS
2005-08-04,1978.00,Yahoo PSEI.PS
2005-08-05,1975.60,Yahoo PSEI.PS
2005-08-08,1974.83,Yahoo PSEI.PS
2005-08-09,1990.00,Yahoo PSEI.PS
2005-08-10,2010.41,Yahoo PSEI.PS
2005-08-11,2023.70,Yahoo PSEI.PS
2005-08-12,2038.10,Yahoo PSEI.PS
2005-08-15,2005.99,Yahoo PSEI.PS
2005-08-16,1993.58,Yahoo PSEI.PS
2005-08-17,1985.10,Yahoo PSEI.PS
2005-08-18,1979.12,Yahoo PSEI.PS
2005-08-19,1966.33,Yahoo PSEI.PS
2005-08-22,1963.37,Yahoo PSEI.PS
2005-08-23,1943.76,Yahoo PSEI.PS
2005-08-24,1924.15,Yahoo PSEI.PS
2005-08-25,1925.68,Yahoo PSEI.PS
2005-08-26,1934.56,Yahoo PSEI.PS
2005-08-29,1934.56,Yahoo PSEI.PS
2005-08-30,1951.63,Yahoo PSEI.PS
2005-08-31,1936.90,Yahoo PSEI.PS
2005-09-01,1941.41,Yahoo PSEI.PS
2005-09-02,1946.38,Yahoo PSEI.PS
2005-09-05,1929.02,Yahoo PSEI.PS
2005-09-06,1896.71,Yahoo PSEI.PS
2005-09-07,1897.33,Yahoo PSEI.PS
2005-09-08,1905.84,Yahoo PSEI.PS
2005-09-09,1882.77,Yahoo PSEI.PS
2005-09-12,1866.91,Yahoo PSEI.PS
2005-09-13,1894.67,Yahoo PSEI.PS
2005-09-14,1914.74,Yahoo PSEI.PS
2005-09-15,1903.09,Yahoo PSEI.PS
2005-09-16,1909.80,Yahoo PSEI.PS
2005-09-19,1928.09,Yahoo PSEI.PS
2005-09-20,1933.51,Yahoo PSEI.PS
2005-09-21,1959.15,Yahoo PSEI.PS
2005-09-22,1965.27,Yahoo PSEI.PS
2005-09-23,1959.51,Yahoo PSEI.PS
2005-09-26,1954.74,Yahoo PSEI.PS
2005-09-27,1984.49,Yahoo PSEI.PS
2005-09-28,1976.10,Yahoo PSEI.PS
2005-09-29,1970.19,Yahoo PSEI.PS
2005-09-30,1942.07,Yahoo PSEI.PS
2005-10-03,1945.82,Yahoo PSEI.PS
2005-10-04,1938.35,Yahoo PSEI.PS
2005-10-05,1940.94,Yahoo PSEI.PS
2005-10-06,1939.35,Yahoo PSEI.PS
2005-10-07,1952.28,Yahoo PSEI.PS
2005-10-10,1949.42,Yahoo PSEI.PS
2005-10-11,1964.22,Yahoo PSEI.PS
2005-10-12,1958.26,Yahoo PSEI.PS
2005-10-13,1955.01,Yahoo PSEI.PS
2005-10-14,1953.14,Yahoo PSEI.PS
2005-10-17,1947.46,Yahoo PSEI.PS
2005-10-18,1947.33,Yahoo PSEI.PS
2005-10-19,1954.29,Yahoo PSEI.PS
2005-10-20,1944.62,Yahoo PSEI.PS
2005-10-21,1922.50,Yahoo PSEI.PS
2005-10-24,1917.47,Yahoo PSEI.PS
2005-10-25,1927.49,Yahoo PSEI.PS
2005-10-26,1934.55,Yahoo PSEI.PS
2005-10-27,1941.46,Yahoo PSEI.PS
2005-10-28,1960.22,Yahoo PSEI.PS
2005-10-31,1960.22,Yahoo PSEI.PS
2005-11-02,2007.12,Yahoo PSEI.PS
2005-11-03,2031.70,Yahoo PSEI.PS
2005-11-04,2031.70,Yahoo PSEI.PS
2005-11-07,2030.05,Yahoo PSEI.PS
2005-11-08,2046.93,Yahoo PSEI.PS
2005-11-09,2097.30,Yahoo PSEI.PS
2005-11-10,2099.14,Yahoo PSEI.PS
2005-11-11,2092.68,Yahoo PSEI.PS
2005-11-14,2072.05,Yahoo PSEI.PS
2005-11-15,2063.74,Yahoo PSEI.PS
2005-11-16,2060.75,Yahoo PSEI.PS
2005-11-17,2056.13,Yahoo PSEI.PS
2005-11-18,2079.98,Yahoo PSEI.PS
2005-11-21,2126.56,Yahoo PSEI.PS
2005-11-22,2130.93,Yahoo PSEI.PS
2005-11-23,2103.75,Yahoo PSEI.PS
2005-11-24,2119.65,Yahoo PSEI.PS
2005-11-25,2106.10,Yahoo PSEI.PS
2005-11-28,2106.10,Yahoo PSEI.PS
2005-11-29,2107.36,Yahoo PSEI.PS
2005-12-01,2086.18,Yahoo PSEI.PS
2005-12-02,2114.89,Yahoo PSEI.PS
2005-12-05,2116.30,Yahoo PSEI.PS
2005-12-06,2099.15,Yahoo PSEI.PS
2005-12-07,2103.42,Yahoo PSEI.PS
2005-12-08,2113.60,Yahoo PSEI.PS
2005-12-09,2100.25,Yahoo PSEI.PS
2005-12-12,2101.40,Yahoo PSEI.PS
2005-12-13,2099.04,Yahoo PSEI.PS
2005-12-14,2097.25,Yahoo PSEI.PS
2005-12-15,2071.67,Yahoo PSEI.PS
2005-12-16,2047.56,Yahoo PSEI.PS
2005-12-19,2024.70,Yahoo PSEI.PS
2005-12-20,2062.78,Yahoo PSEI.PS
2005-12-21,2075.05,Yahoo PSEI.PS
2005-12-22,2078.58,Yahoo PSEI.PS
2005-12-23,2111.46,Yahoo PSEI.PS
2005-12-27,2088.60,Yahoo PSEI.PS
2005-12-28,2067.32,Yahoo PSEI.PS
2005-12-29,2096.04,Yahoo PSEI.PS
2006-01-03,2109.79,Yahoo PSEI.PS
2006-01-04,2138.05,Yahoo PSEI.PS
2006-01-05,2150.93,Yahoo PSEI.PS
2006-01-06,2133.79,Yahoo PSEI.PS
2006-01-09,2151.15,Yahoo PSEI.PS
2006-01-10,2162.43,Yahoo PSEI.PS
2006-01-11,2150.71,Yahoo PSEI.PS
2006-01-12,2158.65,Yahoo PSEI.PS
2006-01-13,2148.27,Yahoo PSEI.PS
2006-01-16,2137.76,Yahoo PSEI.PS
2006-01-17,2154.30,Yahoo PSEI.PS
2006-01-18,2125.45,Yahoo PSEI.PS
2006-01-19,2109.08,Yahoo PSEI.PS
2006-01-20,2108.25,Yahoo PSEI.PS
2006-01-23,2099.51,Yahoo PSEI.PS
2006-01-24,2103.37,Yahoo PSEI.PS
2006-01-25,2112.49,Yahoo PSEI.PS
2006-01-26,2117.81,Yahoo PSEI.PS
2006-01-27,2121.89,Yahoo PSEI.PS
2006-01-30,2131.91,Yahoo PSEI.PS
2006-01-31,2145.39,Yahoo PSEI.PS
2006-02-01,2143.52,Yahoo PSEI.PS
2006-02-02,2159.37,Yahoo PSEI.PS
2006-02-03,2138.71,Yahoo PSEI.PS
2006-02-06,2133.13,Yahoo PSEI.PS
2006-02-07,2097.38,Yahoo PSEI.PS
2006-02-08,2060.92,Yahoo PSEI.PS
2006-02-09,2083.65,Yahoo PSEI.PS
2006-02-10,2085.29,Yahoo PSEI.PS
2006-02-13,2087.64,Yahoo PSEI.PS
2006-02-14,2069.89,Yahoo PSEI.PS
2006-02-15,2074.09,Yahoo PSEI.PS
2006-02-16,2076.42,Yahoo PSEI.PS
2006-02-17,2102.16,Yahoo PSEI.PS
2006-02-20,2084.10,Yahoo PSEI.PS
2006-02-21,2076.81,Yahoo PSEI.PS
2006-02-22,2067.88,Yahoo PSEI.PS
2006-02-23,2091.32,Yahoo PSEI.PS
2006-02-24,2069.93,Yahoo PSEI.PS
2006-02-27,2089.36,Yahoo PSEI.PS
2006-02-28,2122.96,Yahoo PSEI.PS
2006-03-01,2135.27,Yahoo PSEI.PS
2006-03-02,2137.61,Yahoo PSEI.PS
2006-03-03,2130.37,Yahoo PSEI.PS
2006-03-06,2148.32,Yahoo PSEI.PS
2006-03-07,2121.91,Yahoo PSEI.PS
2006-03-08,2099.26,Yahoo PSEI.PS
2006-03-09,2109.77,Yahoo PSEI.PS
2006-03-10,2103.37,Yahoo PSEI.PS
2006-03-13,2121.76,Yahoo PSEI.PS
2006-03-14,2120.99,Yahoo PSEI.PS
2006-03-15,2127.91,Yahoo PSEI.PS
2006-03-16,2141.77,Yahoo PSEI.PS
2006-03-17,2150.17,Yahoo PSEI.PS
2006-03-20,2163.31,Yahoo PSEI.PS
2006-03-21,2185.71,Yahoo PSEI.PS
2006-03-22,2184.70,Yahoo PSEI.PS
2006-03-23,2192.78,Yahoo PSEI.PS
2006-03-24,2208.13,Yahoo PSEI.PS
2006-03-27,2195.95,Yahoo PSEI.PS
2006-03-28,2186.79,Yahoo PSEI.PS
2006-03-29,2181.58,Yahoo PSEI.PS
2006-03-30,2180.64,Yahoo PSEI.PS
2006-03-31,2195.95,Yahoo PSEI.PS
2006-04-03,2189.77,Yahoo PSEI.PS
2006-04-04,2194.20,Yahoo PSEI.PS
2006-04-05,2197.90,Yahoo PSEI.PS
2006-04-06,2220.37,Yahoo PSEI.PS
2006-04-07,2216.73,Yahoo PSEI.PS
2006-04-10,2207.94,Yahoo PSEI.PS
2006-04-11,2217.38,Yahoo PSEI.PS
2006-04-12,2223.97,Yahoo PSEI.PS
2006-04-13,2223.97,Yahoo PSEI.PS
2006-04-14,2223.97,Yahoo PSEI.PS
2006-04-17,2229.36,Yahoo PSEI.PS
2006-04-18,2225.72,Yahoo PSEI.PS
2006-04-19,2223.73,Yahoo PSEI.PS
2006-04-20,2242.76,Yahoo PSEI.PS
2006-04-21,2262.97,Yahoo PSEI.PS
2006-04-24,2250.48,Yahoo PSEI.PS
2006-04-25,2232.55,Yahoo PSEI.PS
2006-04-26,2247.14,Yahoo PSEI.PS
2006-04-27,2281.39,Yahoo PSEI.PS
2006-04-28,2270.53,Yahoo PSEI.PS
2006-05-01,2270.53,Yahoo PSEI.PS
2006-05-02,2305.64,Yahoo PSEI.PS
2006-05-03,2340.82,Yahoo PSEI.PS
2006-05-04,2370.29,Yahoo PSEI.PS
2006-05-05,2470.24,Yahoo PSEI.PS
2006-05-08,2589.17,Yahoo PSEI.PS
2006-05-09,2512.23,Yahoo PSEI.PS
2006-05-10,2529.49,Yahoo PSEI.PS
2006-05-11,2550.79,Yahoo PSEI.PS
2006-05-12,2518.20,Yahoo PSEI.PS
2006-05-15,2438.73,Yahoo PSEI.PS
2006-05-16,2460.19,Yahoo PSEI.PS
2006-05-17,2463.57,Yahoo PSEI.PS
2006-05-18,2378.74,Yahoo PSEI.PS
2006-05-19,2356.02,Yahoo PSEI.PS
2006-05-22,2357.98,Yahoo PSEI.PS
2006-05-23,2264.36,Yahoo PSEI.PS
2006-05-24,2252.58,Yahoo PSEI.PS
2006-05-25,2229.33,Yahoo PSEI.PS
2006-05-26,2300.39,Yahoo PSEI.PS
2006-05-29,2282.89,Yahoo PSEI.PS
2006-05-30,2300.08,Yahoo PSEI.PS
2006-05-31,2296.11,Yahoo PSEI.PS
2006-06-01,2310.15,Yahoo PSEI.PS
2006-06-02,2304.17,Yahoo PSEI.PS
2006-06-05,2304.41,Yahoo PSEI.PS
2006-06-06,2289.80,Yahoo PSEI.PS
2006-06-07,2218.42,Yahoo PSEI.PS
2006-06-08,2157.68,Yahoo PSEI.PS
2006-06-09,2159.50,Yahoo PSEI.PS
2006-06-12,2159.50,Yahoo PSEI.PS
2006-06-13,2120.29,Yahoo PSEI.PS
2006-06-14,2067.00,Yahoo PSEI.PS
2006-06-15,2081.80,Yahoo PSEI.PS
2006-06-16,2121.47,Yahoo PSEI.PS
2006-06-19,2119.79,Yahoo PSEI.PS
2006-06-20,2068.09,Yahoo PSEI.PS
2006-06-21,2057.77,Yahoo PSEI.PS
2006-06-22,2097.39,Yahoo PSEI.PS
2006-06-23,2113.17,Yahoo PSEI.PS
2006-06-26,2092.40,Yahoo PSEI.PS
2006-06-27,2081.09,Yahoo PSEI.PS
2006-06-28,2066.06,Yahoo PSEI.PS
2006-06-29,2084.62,Yahoo PSEI.PS
2006-06-30,2178.79,Yahoo PSEI.PS
2006-07-03,2194.84,Yahoo PSEI.PS
2006-07-04,2256.48,Yahoo PSEI.PS
2006-07-05,2262.34,Yahoo PSEI.PS
2006-07-06,2227.85,Yahoo PSEI.PS
2006-07-07,2258.03,Yahoo PSEI.PS
2006-07-10,2238.84,Yahoo PSEI.PS
2006-07-11,2243.22,Yahoo PSEI.PS
2006-07-12,2231.68,Yahoo PSEI.PS
2006-07-13,2261.57,Yahoo PSEI.PS
2006-07-14,2210.15,Yahoo PSEI.PS
2006-07-17,2175.21,Yahoo PSEI.PS
2006-07-18,2191.78,Yahoo PSEI.PS
2006-07-19,2181.57,Yahoo PSEI.PS
2006-07-20,2247.40,Yahoo PSEI.PS
2006-07-21,2241.25,Yahoo PSEI.PS
2006-07-24,2241.25,Yahoo PSEI.PS
2006-07-25,2267.67,Yahoo PSEI.PS
2006-07-26,2289.13,Yahoo PSEI.PS
2006-07-27,2336.42,Yahoo PSEI.PS
2006-07-28,2329.57,Yahoo PSEI.PS
2006-07-31,2390.84,Yahoo PSEI.PS
2006-08-01,2388.33,Yahoo PSEI.PS
2006-08-02,2308.37,Yahoo PSEI.PS
2006-08-03,2357.55,Yahoo PSEI.PS
2006-08-04,2362.60,Yahoo PSEI.PS
2006-08-07,2378.63,Yahoo PSEI.PS
2006-08-08,2367.75,Yahoo PSEI.PS
2006-08-09,2349.22,Yahoo PSEI.PS
2006-08-10,2326.06,Yahoo PSEI.PS
2006-08-11,2341.46,Yahoo PSEI.PS
2006-08-14,2327.50,Yahoo PSEI.PS
2006-08-15,2329.42,Yahoo PSEI.PS
2006-08-16,2343.51,Yahoo PSEI.PS
2006-08-17,2345.96,Yahoo PSEI.PS
2006-08-18,2329.90,Yahoo PSEI.PS
2006-08-21,2329.90,Yahoo PSEI.PS
2006-08-22,2318.14,Yahoo PSEI.PS
2006-08-23,2314.57,Yahoo PSEI.PS
2006-08-24,2314.09,Yahoo PSEI.PS
2006-08-25,2274.53,Yahoo PSEI.PS
2006-08-28,2298.58,Yahoo PSEI.PS
2006-08-29,2302.69,Yahoo PSEI.PS
2006-08-30,2296.78,Yahoo PSEI.PS
2006-08-31,2312.23,Yahoo PSEI.PS
2006-09-01,2329.44,Yahoo PSEI.PS
2006-09-04,2371.10,Yahoo PSEI.PS
2006-09-05,2392.56,Yahoo PSEI.PS
2006-09-06,2396.20,Yahoo PSEI.PS
2006-09-07,2405.25,Yahoo PSEI.PS
2006-09-08,2378.04,Yahoo PSEI.PS
2006-09-11,2400.78,Yahoo PSEI.PS
2006-09-12,2361.66,Yahoo PSEI.PS
2006-09-13,2379.43,Yahoo PSEI.PS
2006-09-14,2406.48,Yahoo PSEI.PS
2006-09-15,2434.86,Yahoo PSEI.PS
2006-09-18,2501.80,Yahoo PSEI.PS
2006-09-19,2563.66,Yahoo PSEI.PS
2006-09-20,2512.76,Yahoo PSEI.PS
2006-09-21,2557.21,Yahoo PSEI.PS
2006-09-22,2531.65,Yahoo PSEI.PS
2006-09-25,2531.68,Yahoo PSEI.PS
2006-09-26,2544.48,Yahoo PSEI.PS
2006-09-27,2556.71,Yahoo PSEI.PS
2006-09-28,2556.71,Yahoo PSEI.PS
2006-09-29,2556.71,Yahoo PSEI.PS
2006-10-02,2542.69,Yahoo PSEI.PS
2006-10-03,2522.50,Yahoo PSEI.PS
2006-10-04,2486.82,Yahoo PSEI.PS
2006-10-05,2561.06,Yahoo PSEI.PS
2006-10-06,2560.22,Yahoo PSEI.PS
2006-10-09,2551.92,Yahoo PSEI.PS
2006-10-10,2528.98,Yahoo PSEI.PS
2006-10-11,2527.27,Yahoo PSEI.PS
2006-10-12,2534.40,Yahoo PSEI.PS
2006-10-13,2557.25,Yahoo PSEI.PS
2006-10-16,2584.20,Yahoo PSEI.PS
2006-10-17,2543.48,Yahoo PSEI.PS
2006-10-18,2546.53,Yahoo PSEI.PS
2006-10-19,2597.15,Yahoo PSEI.PS
2006-10-20,2617.41,Yahoo PSEI.PS
2006-10-23,2625.52,Yahoo PSEI.PS
2006-10-24,2625.52,Yahoo PSEI.PS
2006-10-25,2678.72,Yahoo PSEI.PS
2006-10-26,2682.94,Yahoo PSEI.PS
2006-10-27,2702.37,Yahoo PSEI.PS
2006-10-30,2708.19,Yahoo PSEI.PS
2006-10-31,2708.50,Yahoo PSEI.PS
2006-11-01,2708.50,Yahoo PSEI.PS
2006-11-02,2721.78,Yahoo PSEI.PS
2006-11-03,2766.86,Yahoo PSEI.PS
2006-11-06,2763.89,Yahoo PSEI.PS
2006-11-07,2792.74,Yahoo PSEI.PS
2006-11-08,2755.28,Yahoo PSEI.PS
2006-11-09,2818.83,Yahoo PSEI.PS
2006-11-10,2839.38,Yahoo PSEI.PS
2006-11-13,2821.92,Yahoo PSEI.PS
2006-11-14,2801.79,Yahoo PSEI.PS
2006-11-15,2791.49,Yahoo PSEI.PS
2006-11-16,2818.59,Yahoo PSEI.PS
2006-11-17,2842.54,Yahoo PSEI.PS
2006-11-20,2843.31,Yahoo PSEI.PS
2006-11-21,2825.41,Yahoo PSEI.PS
2006-11-22,2855.23,Yahoo PSEI.PS
2006-11-23,2814.56,Yahoo PSEI.PS
2006-11-24,2817.84,Yahoo PSEI.PS
2006-11-27,2817.56,Yahoo PSEI.PS
2006-11-28,2779.14,Yahoo PSEI.PS
2006-11-29,2745.56,Yahoo PSEI.PS
2006-11-30,2788.46,Yahoo PSEI.PS
2006-12-01,2788.46,Yahoo PSEI.PS
2006-12-04,2795.30,Yahoo PSEI.PS
2006-12-05,2808.09,Yahoo PSEI.PS
2006-12-06,2797.79,Yahoo PSEI.PS
2006-12-07,2796.18,Yahoo PSEI.PS
2006-12-08,2831.40,Yahoo PSEI.PS
2006-12-11,2841.77,Yahoo PSEI.PS
2006-12-12,2840.82,Yahoo PSEI.PS
2006-12-13,2835.86,Yahoo PSEI.PS
2006-12-14,2833.27,Yahoo PSEI.PS
2006-12-15,2856.29,Yahoo PSEI.PS
2006-12-18,2877.83,Yahoo PSEI.PS
2006-12-19,2849.71,Yahoo PSEI.PS
2006-12-20,2829.57,Yahoo PSEI.PS
2006-12-21,2862.51,Yahoo PSEI.PS
2006-12-22,2858.31,Yahoo PSEI.PS
2006-12-27,2883.47,Yahoo PSEI.PS
2006-12-28,2943.38,Yahoo PSEI.PS
2006-12-29,2982.54,Yahoo PSEI.PS
2007-01-02,2976.85,Yahoo PSEI.PS
2007-01-03,3020.70,Yahoo PSEI.PS
2007-01-04,3012.74,Yahoo PSEI.PS
2007-01-05,2996.39,Yahoo PSEI.PS
2007-01-08,2952.32,Yahoo PSEI.PS
2007-01-09,2972.32,Yahoo PSEI.PS
2007-01-10,2951.08,Yahoo PSEI.PS
2007-01-11,2940.16,Yahoo PSEI.PS
2007-01-12,2992.33,Yahoo PSEI.PS
2007-01-15,3019.06,Yahoo PSEI.PS
2007-01-16,3070.29,Yahoo PSEI.PS
2007-01-17,3041.56,Yahoo PSEI.PS
2007-01-18,3081.73,Yahoo PSEI.PS
2007-01-19,3085.18,Yahoo PSEI.PS
2007-01-22,3141.28,Yahoo PSEI.PS
2007-01-23,3199.34,Yahoo PSEI.PS
2007-01-24,3244.75,Yahoo PSEI.PS
2007-01-25,3275.19,Yahoo PSEI.PS
2007-01-26,3162.82,Yahoo PSEI.PS
2007-01-29,3177.36,Yahoo PSEI.PS
2007-01-30,3196.66,Yahoo PSEI.PS
2007-01-31,3239.27,Yahoo PSEI.PS
2007-02-01,3245.26,Yahoo PSEI.PS
2007-02-02,3269.18,Yahoo PSEI.PS
2007-02-05,3281.90,Yahoo PSEI.PS
2007-02-06,3271.97,Yahoo PSEI.PS
2007-02-07,3232.39,Yahoo PSEI.PS
2007-02-08,3196.08,Yahoo PSEI.PS
2007-02-09,3245.81,Yahoo PSEI.PS
2007-02-12,3234.16,Yahoo PSEI.PS
2007-02-13,3233.91,Yahoo PSEI.PS
2007-02-14,3300.94,Yahoo PSEI.PS
2007-02-15,3379.37,Yahoo PSEI.PS
2007-02-16,3333.56,Yahoo PSEI.PS
2007-02-19,3329.03,Yahoo PSEI.PS
2007-02-20,3375.31,Yahoo PSEI.PS
2007-02-21,3378.92,Yahoo PSEI.PS
2007-02-22,3365.53,Yahoo PSEI.PS
2007-02-23,3389.37,Yahoo PSEI.PS
2007-02-26,3380.00,Yahoo PSEI.PS
2007-02-27,3331.29,Yahoo PSEI.PS
2007-02-28,3067.45,Yahoo PSEI.PS
2007-03-01,3190.12,Yahoo PSEI.PS
2007-03-02,3140.34,Yahoo PSEI.PS
2007-03-05,2997.88,Yahoo PSEI.PS
2007-03-06,2973.27,Yahoo PSEI.PS
2007-03-07,3063.26,Yahoo PSEI.PS
2007-03-08,3028.37,Yahoo PSEI.PS
2007-03-09,3099.82,Yahoo PSEI.PS
2007-03-12,3124.96,Yahoo PSEI.PS
2007-03-13,3181.96,Yahoo PSEI.PS
2007-03-14,3074.28,Yahoo PSEI.PS
2007-03-15,3043.61,Yahoo PSEI.PS
2007-03-16,3062.25,Yahoo PSEI.PS
2007-03-19,3041.38,Yahoo PSEI.PS
2007-03-20,3039.31,Yahoo PSEI.PS
2007-03-21,3090.47,Yahoo PSEI.PS
2007-03-22,3178.32,Yahoo PSEI.PS
2007-03-23,3170.05,Yahoo PSEI.PS
2007-03-26,3150.04,Yahoo PSEI.PS
2007-03-27,3174.75,Yahoo PSEI.PS
2007-03-28,3162.81,Yahoo PSEI.PS
2007-03-29,3151.72,Yahoo PSEI.PS
2007-03-30,3203.55,Yahoo PSEI.PS
2007-04-02,3229.60,Yahoo PSEI.PS
2007-04-03,3248.00,Yahoo PSEI.PS
2007-04-04,3294.23,Yahoo PSEI.PS
2007-04-10,3304.42,Yahoo PSEI.PS
2007-04-11,3294.21,Yahoo PSEI.PS
2007-04-12,3223.22,Yahoo PSEI.PS
2007-04-13,3217.07,Yahoo PSEI.PS
2007-04-16,3267.86,Yahoo PSEI.PS
2007-04-17,3318.17,Yahoo PSEI.PS
2007-04-18,3295.28,Yahoo PSEI.PS
2007-04-19,3238.06,Yahoo PSEI.PS
2007-04-20,3254.76,Yahoo PSEI.PS
2007-04-23,3319.01,Yahoo PSEI.PS
2007-04-24,3291.93,Yahoo PSEI.PS
2007-04-25,3309.43,Yahoo PSEI.PS
2007-04-26,3350.34,Yahoo PSEI.PS
2007-04-27,3318.38,Yahoo PSEI.PS
2007-04-30,3270.73,Yahoo PSEI.PS
2007-05-02,3271.99,Yahoo PSEI.PS
2007-05-03,3271.53,Yahoo PSEI.PS
2007-05-04,3278.48,Yahoo PSEI.PS
2007-05-07,3329.89,Yahoo PSEI.PS
2007-05-08,3333.95,Yahoo PSEI.PS
2007-05-09,3345.98,Yahoo PSEI.PS
2007-05-10,3342.21,Yahoo PSEI.PS
2007-05-11,3364.61,Yahoo PSEI.PS
2007-05-14,3364.61,Yahoo PSEI.PS
2007-05-15,3408.73,Yahoo PSEI.PS
2007-05-16,3409.20,Yahoo PSEI.PS
2007-05-17,3417.69,Yahoo PSEI.PS
2007-05-18,3449.18,Yahoo PSEI.PS
2007-05-21,3466.34,Yahoo PSEI.PS
2007-05-22,3505.03,Yahoo PSEI.PS
2007-05-23,3466.56,Yahoo PSEI.PS
2007-05-24,3470.77,Yahoo PSEI.PS
2007-05-25,3441.76,Yahoo PSEI.PS
2007-05-28,3443.56,Yahoo PSEI.PS
2007-05-29,3452.62,Yahoo PSEI.PS
2007-05-30,3398.55,Yahoo PSEI.PS
2007-05-31,3474.67,Yahoo PSEI.PS
2007-06-01,3547.35,Yahoo PSEI.PS
2007-06-04,3622.94,Yahoo PSEI.PS
2007-06-05,3608.14,Yahoo PSEI.PS
2007-06-06,3570.47,Yahoo PSEI.PS
2007-06-07,3528.79,Yahoo PSEI.PS
2007-06-08,3526.73,Yahoo PSEI.PS
2007-06-11,3526.73,Yahoo PSEI.PS
2007-06-13,3543.82,Yahoo PSEI.PS
2007-06-14,3628.62,Yahoo PSEI.PS
2007-06-15,3671.29,Yahoo PSEI.PS
2007-06-18,3680.55,Yahoo PSEI.PS
2007-06-19,3667.14,Yahoo PSEI.PS
2007-06-20,3718.88,Yahoo PSEI.PS
2007-06-21,3714.59,Yahoo PSEI.PS
2007-06-22,3701.16,Yahoo PSEI.PS
2007-06-25,3652.92,Yahoo PSEI.PS
2007-06-26,3656.55,Yahoo PSEI.PS
2007-06-27,3585.30,Yahoo PSEI.PS
2007-06-28,3642.73,Yahoo PSEI.PS
2007-06-29,3660.86,Yahoo PSEI.PS
2007-07-02,3682.73,Yahoo PSEI.PS
2007-07-04,3724.56,Yahoo PSEI.PS
2007-07-05,3791.42,Yahoo PSEI.PS
2007-07-06,3751.02,Yahoo PSEI.PS
2007-07-09,3736.26,Yahoo PSEI.PS
2007-07-10,3713.22,Yahoo PSEI.PS
2007-07-11,3696.51,Yahoo PSEI.PS
2007-07-12,3756.75,Yahoo PSEI.PS
2007-07-13,3786.02,Yahoo PSEI.PS
2007-07-16,3753.26,Yahoo PSEI.PS
2007-07-17,3729.68,Yahoo PSEI.PS
2007-07-18,3734.80,Yahoo PSEI.PS
2007-07-19,3702.91,Yahoo PSEI.PS
2007-07-20,3738.28,Yahoo PSEI.PS
2007-07-23,3737.79,Yahoo PSEI.PS
2007-07-24,3706.24,Yahoo PSEI.PS
2007-07-25,3645.51,Yahoo PSEI.PS
2007-07-26,3659.68,Yahoo PSEI.PS
2007-07-27,3518.76,Yahoo PSEI.PS
2007-07-30,3467.46,Yahoo PSEI.PS
2007-07-31,3501.20,Yahoo PSEI.PS
2007-08-01,3426.45,Yahoo PSEI.PS
2007-08-02,3359.02,Yahoo PSEI.PS
2007-08-03,3352.24,Yahoo PSEI.PS
2007-08-06,3256.99,Yahoo PSEI.PS
2007-08-07,3348.34,Yahoo PSEI.PS
2007-08-08,3375.91,Yahoo PSEI.PS
2007-08-09,3385.20,Yahoo PSEI.PS
2007-08-10,3281.96,Yahoo PSEI.PS
2007-08-13,3267.03,Yahoo PSEI.PS
2007-08-14,3263.56,Yahoo PSEI.PS
2007-08-15,3130.34,Yahoo PSEI.PS
2007-08-16,2942.31,Yahoo PSEI.PS
2007-08-17,2884.34,Yahoo PSEI.PS
2007-08-21,3167.52,Yahoo PSEI.PS
2007-08-22,3139.46,Yahoo PSEI.PS
2007-08-23,3229.15,Yahoo PSEI.PS
2007-08-24,3206.94,Yahoo PSEI.PS
2007-08-28,3251.77,Yahoo PSEI.PS
2007-08-29,3209.53,Yahoo PSEI.PS
2007-08-30,3320.34,Yahoo PSEI.PS
2007-08-31,3365.29,Yahoo PSEI.PS
2007-09-03,3369.14,Yahoo PSEI.PS
2007-09-04,3312.30,Yahoo PSEI.PS
2007-09-05,3342.35,Yahoo PSEI.PS
2007-09-06,3326.53,Yahoo PSEI.PS
2007-09-07,3332.97,Yahoo PSEI.PS
2007-09-10,3281.08,Yahoo PSEI.PS
2007-09-11,3267.97,Yahoo PSEI.PS
2007-09-12,3307.60,Yahoo PSEI.PS
2007-09-13,3289.22,Yahoo PSEI.PS
2007-09-14,3294.55,Yahoo PSEI.PS
2007-09-17,3307.43,Yahoo PSEI.PS
2007-09-18,3289.75,Yahoo PSEI.PS
2007-09-19,3362.98,Yahoo PSEI.PS
2007-09-20,3442.38,Yahoo PSEI.PS
2007-09-21,3423.73,Yahoo PSEI.PS
2007-09-24,3434.45,Yahoo PSEI.PS
2007-09-25,3440.67,Yahoo PSEI.PS
2007-09-26,3475.75,Yahoo PSEI.PS
2007-09-27,3577.51,Yahoo PSEI.PS
2007-09-28,3572.90,Yahoo PSEI.PS
2007-10-01,3597.92,Yahoo PSEI.PS
2007-10-02,3677.19,Yahoo PSEI.PS
2007-10-03,3769.82,Yahoo PSEI.PS
2007-10-04,3775.46,Yahoo PSEI.PS
2007-10-05,3775.91,Yahoo PSEI.PS
2007-10-08,3873.50,Yahoo PSEI.PS
2007-10-09,3776.00,Yahoo PSEI.PS
2007-10-10,3834.71,Yahoo PSEI.PS
2007-10-11,3824.20,Yahoo PSEI.PS
2007-10-12,3824.20,Yahoo PSEI.PS
2007-10-15,3861.38,Yahoo PSEI.PS
2007-10-16,3815.22,Yahoo PSEI.PS
2007-10-17,3760.04,Yahoo PSEI.PS
2007-10-18,3771.12,Yahoo PSEI.PS
2007-10-19,3819.75,Yahoo PSEI.PS
2007-10-22,3667.87,Yahoo PSEI.PS
2007-10-23,3697.17,Yahoo PSEI.PS
2007-10-24,3763.47,Yahoo PSEI.PS
2007-10-25,3767.78,Yahoo PSEI.PS
2007-10-26,3784.88,Yahoo PSEI.PS
2007-10-29,3784.88,Yahoo PSEI.PS
2007-10-30,3783.43,Yahoo PSEI.PS
2007-10-31,3758.97,Yahoo PSEI.PS
2007-11-01,3758.97,Yahoo PSEI.PS
2007-11-02,3758.97,Yahoo PSEI.PS
2007-11-05,3774.81,Yahoo PSEI.PS
2007-11-06,3773.63,Yahoo PSEI.PS
2007-11-07,3788.26,Yahoo PSEI.PS
2007-11-08,3692.10,Yahoo PSEI.PS
2007-11-09,3703.66,Yahoo PSEI.PS
2007-11-12,3618.37,Yahoo PSEI.PS
2007-11-13,3599.49,Yahoo PSEI.PS
2007-11-14,3681.62,Yahoo PSEI.PS
2007-11-15,3672.22,Yahoo PSEI.PS
2007-11-16,3598.96,Yahoo PSEI.PS
2007-11-19,3645.22,Yahoo PSEI.PS
2007-11-20,3540.61,Yahoo PSEI.PS
2007-11-21,3510.49,Yahoo PSEI.PS
2007-11-22,3478.94,Yahoo PSEI.PS
2007-11-23,3494.44,Yahoo PSEI.PS
2007-11-26,3537.29,Yahoo PSEI.PS
2007-11-27,3524.19,Yahoo PSEI.PS
2007-11-28,3537.00,Yahoo PSEI.PS
2007-11-29,3578.55,Yahoo PSEI.PS
2007-12-03,3626.88,Yahoo PSEI.PS
2007-12-04,3644.45,Yahoo PSEI.PS
2007-12-05,3648.71,Yahoo PSEI.PS
2007-12-06,3733.96,Yahoo PSEI.PS
2007-12-07,3745.39,Yahoo PSEI.PS
2007-12-10,3675.52,Yahoo PSEI.PS
2007-12-11,3672.38,Yahoo PSEI.PS
2007-12-12,3605.59,Yahoo PSEI.PS
2007-12-13,3626.21,Yahoo PSEI.PS
2007-12-14,3538.69,Yahoo PSEI.PS
2007-12-17,3486.82,Yahoo PSEI.PS
2007-12-18,3470.21,Yahoo PSEI.PS
2007-12-19,3466.28,Yahoo PSEI.PS
2007-12-20,3491.96,Yahoo PSEI.PS
2007-12-21,3532.98,Yahoo PSEI.PS
2007-12-24,3532.98,Yahoo PSEI.PS
2007-12-26,3612.63,Yahoo PSEI.PS
2007-12-27,3667.64,Yahoo PSEI.PS
2007-12-28,3621.60,Yahoo PSEI.PS
2008-01-02,3617.29,Yahoo PSEI.PS
2008-01-03,3501.38,Yahoo PSEI.PS
2008-01-04,3479.37,Yahoo PSEI.PS
2008-01-07,3388.81,Yahoo PSEI.PS
2008-01-08,3420.56,Yahoo PSEI.PS
2008-01-09,3416.08,Yahoo PSEI.PS
2008-01-10,3454.60,Yahoo PSEI.PS
2008-01-11,3503.70,Yahoo PSEI.PS
2008-01-14,3482.28,Yahoo PSEI.PS
2008-01-15,3447.29,Yahoo PSEI.PS
2008-01-16,3351.66,Yahoo PSEI.PS
2008-01-17,3248.89,Yahoo PSEI.PS
2008-01-18,3168.30,Yahoo PSEI.PS
2008-01-21,3152.30,Yahoo PSEI.PS
2008-01-22,2978.41,Yahoo PSEI.PS
2008-01-23,3058.26,Yahoo PSEI.PS
2008-01-24,3147.42,Yahoo PSEI.PS
2008-01-25,3237.41,Yahoo PSEI.PS
2008-01-28,3203.56,Yahoo PSEI.PS
2008-01-29,3224.24,Yahoo PSEI.PS
2008-01-30,3256.53,Yahoo PSEI.PS
2008-01-31,3266.00,Yahoo PSEI.PS
2008-02-01,3294.08,Yahoo PSEI.PS
2008-02-04,3323.25,Yahoo PSEI.PS
2008-02-05,3283.56,Yahoo PSEI.PS
2008-02-06,3228.84,Yahoo PSEI.PS
2008-02-07,3223.20,Yahoo PSEI.PS
2008-02-08,3241.13,Yahoo PSEI.PS
2008-02-11,3179.48,Yahoo PSEI.PS
2008-02-12,3200.90,Yahoo PSEI.PS
2008-02-13,3223.35,Yahoo PSEI.PS
2008-02-14,3211.60,Yahoo PSEI.PS
2008-02-15,3182.85,Yahoo PSEI.PS
2008-02-18,3163.25,Yahoo PSEI.PS
2008-02-19,3190.67,Yahoo PSEI.PS
2008-02-20,3181.05,Yahoo PSEI.PS
2008-02-21,3176.06,Yahoo PSEI.PS
2008-02-22,3080.24,Yahoo PSEI.PS
2008-02-26,3079.54,Yahoo PSEI.PS
2008-02-27,3105.00,Yahoo PSEI.PS
2008-02-28,3112.85,Yahoo PSEI.PS
2008-02-29,3129.99,Yahoo PSEI.PS
2008-03-03,3079.99,Yahoo PSEI.PS
2008-03-04,3108.72,Yahoo PSEI.PS
2008-03-05,3092.65,Yahoo PSEI.PS
2008-03-06,3116.84,Yahoo PSEI.PS
2008-03-07,3028.73,Yahoo PSEI.PS
2008-03-10,2908.88,Yahoo PSEI.PS
2008-03-11,2909.00,Yahoo PSEI.PS
2008-03-12,2953.39,Yahoo PSEI.PS
2008-03-13,2940.47,Yahoo PSEI.PS
2008-03-14,2906.53,Yahoo PSEI.PS
2008-03-17,2793.68,Yahoo PSEI.PS
2008-03-18,2777.42,Yahoo PSEI.PS
2008-03-19,2817.58,Yahoo PSEI.PS
2008-03-24,2867.50,Yahoo PSEI.PS
2008-03-25,2892.20,Yahoo PSEI.PS
2008-03-26,2918.37,Yahoo PSEI.PS
2008-03-27,2925.91,Yahoo PSEI.PS
2008-03-28,2956.02,Yahoo PSEI.PS
2008-03-31,2984.67,Yahoo PSEI.PS
2008-04-01,2969.83,Yahoo PSEI.PS
2008-04-02,3048.31,Yahoo PSEI.PS
2008-04-03,3034.81,Yahoo PSEI.PS
2008-04-04,2983.04,Yahoo PSEI.PS
2008-04-08,2981.12,Yahoo PSEI.PS
2008-04-09,2961.78,Yahoo PSEI.PS
2008-04-10,2955.11,Yahoo PSEI.PS
2008-04-11,2940.98,Yahoo PSEI.PS
2008-04-14,2918.27,Yahoo PSEI.PS
2008-04-15,2904.73,Yahoo PSEI.PS
2008-04-16,2921.74,Yahoo PSEI.PS
2008-04-17,2940.48,Yahoo PSEI.PS
2008-04-18,2915.67,Yahoo PSEI.PS
2008-04-21,2890.92,Yahoo PSEI.PS
2008-04-22,2855.75,Yahoo PSEI.PS
2008-04-23,2824.81,Yahoo PSEI.PS
2008-04-24,2844.02,Yahoo PSEI.PS
2008-04-25,2777.93,Yahoo PSEI.PS
2008-04-28,2739.44,Yahoo PSEI.PS
2008-04-29,2754.29,Yahoo PSEI.PS
2008-04-30,2749.77,Yahoo PSEI.PS
2008-05-01,2749.77,Yahoo PSEI.PS
2008-05-02,2722.95,Yahoo PSEI.PS
2008-05-06,2727.70,Yahoo PSEI.PS
2008-05-07,2739.43,Yahoo PSEI.PS
2008-05-08,2760.62,Yahoo PSEI.PS
2008-05-09,2779.42,Yahoo PSEI.PS
2008-05-12,2803.49,Yahoo PSEI.PS
2008-05-13,2849.29,Yahoo PSEI.PS
2008-05-14,2862.53,Yahoo PSEI.PS
2008-05-15,2878.26,Yahoo PSEI.PS
2008-05-16,2879.95,Yahoo PSEI.PS
2008-05-19,2877.46,Yahoo PSEI.PS
2008-05-20,2896.15,Yahoo PSEI.PS
2008-05-21,2872.45,Yahoo PSEI.PS
2008-05-22,2838.58,Yahoo PSEI.PS
2008-05-23,2849.28,Yahoo PSEI.PS
2008-05-26,2840.52,Yahoo PSEI.PS
2008-05-27,2855.98,Yahoo PSEI.PS
2008-05-28,2833.27,Yahoo PSEI.PS
2008-05-29,2802.22,Yahoo PSEI.PS
2008-05-30,2827.44,Yahoo PSEI.PS
2008-06-02,2825.89,Yahoo PSEI.PS
2008-06-03,2782.80,Yahoo PSEI.PS
2008-06-04,2773.12,Yahoo PSEI.PS
2008-06-05,2718.42,Yahoo PSEI.PS
2008-06-06,2739.70,Yahoo PSEI.PS
2008-06-09,2739.70,Yahoo PSEI.PS
2008-06-10,2645.95,Yahoo PSEI.PS
2008-06-11,2579.28,Yahoo PSEI.PS
2008-06-12,2544.89,Yahoo PSEI.PS
2008-06-13,2554.75,Yahoo PSEI.PS
2008-06-17,2637.26,Yahoo PSEI.PS
2008-06-18,2628.20,Yahoo PSEI.PS
2008-06-19,2592.59,Yahoo PSEI.PS
2008-06-20,2578.57,Yahoo PSEI.PS
2008-06-23,2499.38,Yahoo PSEI.PS
2008-06-24,2474.87,Yahoo PSEI.PS
2008-06-25,2510.80,Yahoo PSEI.PS
2008-06-26,2521.61,Yahoo PSEI.PS
2008-06-27,2466.28,Yahoo PSEI.PS
2008-06-30,2459.98,Yahoo PSEI.PS
2008-07-01,2415.25,Yahoo PSEI.PS
2008-07-02,2393.90,Yahoo PSEI.PS
2008-07-03,2339.84,Yahoo PSEI.PS
2008-07-04,2369.21,Yahoo PSEI.PS
2008-07-07,2414.66,Yahoo PSEI.PS
2008-07-08,2450.55,Yahoo PSEI.PS
2008-07-09,2481.53,Yahoo PSEI.PS
2008-07-10,2450.62,Yahoo PSEI.PS
2008-07-11,2437.99,Yahoo PSEI.PS
2008-07-14,2457.27,Yahoo PSEI.PS
2008-07-15,2413.26,Yahoo PSEI.PS
2008-07-16,2373.70,Yahoo PSEI.PS
2008-07-17,2393.62,Yahoo PSEI.PS
2008-07-18,2389.52,Yahoo PSEI.PS
2008-07-21,2416.62,Yahoo PSEI.PS
2008-07-22,2409.98,Yahoo PSEI.PS
2008-07-23,2462.94,Yahoo PSEI.PS
2008-07-24,2535.91,Yahoo PSEI.PS
2008-07-25,2512.72,Yahoo PSEI.PS
2008-07-28,2540.81,Yahoo PSEI.PS
2008-07-29,2526.04,Yahoo PSEI.PS
2008-07-30,2583.83,Yahoo PSEI.PS
2008-07-31,2577.10,Yahoo PSEI.PS
2008-08-01,2584.21,Yahoo PSEI.PS
2008-08-04,2599.99,Yahoo PSEI.PS
2008-08-05,2602.38,Yahoo PSEI.PS
2008-08-06,2697.21,Yahoo PSEI.PS
2008-08-07,2684.64,Yahoo PSEI.PS
2008-08-08,2692.81,Yahoo PSEI.PS
2008-08-11,2768.52,Yahoo PSEI.PS
2008-08-12,2755.86,Yahoo PSEI.PS
2008-08-13,2721.94,Yahoo PSEI.PS
2008-08-14,2727.28,Yahoo PSEI.PS
2008-08-15,2725.15,Yahoo PSEI.PS
2008-08-19,2691.20,Yahoo PSEI.PS
2008-08-20,2681.66,Yahoo PSEI.PS
2008-08-21,2656.92,Yahoo PSEI.PS
2008-08-22,2653.18,Yahoo PSEI.PS
2008-08-26,2637.65,Yahoo PSEI.PS
2008-08-27,2646.70,Yahoo PSEI.PS
2008-08-28,2655.75,Yahoo PSEI.PS
2008-08-29,2688.09,Yahoo PSEI.PS
2008-09-01,2686.52,Yahoo PSEI.PS
2008-09-02,2708.25,Yahoo PSEI.PS
2008-09-03,2750.03,Yahoo PSEI.PS
2008-09-04,2754.05,Yahoo PSEI.PS
2008-09-05,2724.72,Yahoo PSEI.PS
2008-09-08,2728.53,Yahoo PSEI.PS
2008-09-09,2721.52,Yahoo PSEI.PS
2008-09-10,2709.49,Yahoo PSEI.PS
2008-09-11,2672.56,Yahoo PSEI.PS
2008-09-12,2646.12,Yahoo PSEI.PS
2008-09-15,2536.16,Yahoo PSEI.PS
2008-09-16,2421.72,Yahoo PSEI.PS
2008-09-17,2457.00,Yahoo PSEI.PS
2008-09-18,2352.37,Yahoo PSEI.PS
2008-09-19,2462.79,Yahoo PSEI.PS
2008-09-22,2520.13,Yahoo PSEI.PS
2008-09-23,2486.29,Yahoo PSEI.PS
2008-09-24,2510.32,Yahoo PSEI.PS
2008-09-25,2566.37,Yahoo PSEI.PS
2008-09-26,2597.23,Yahoo PSEI.PS
2008-09-29,2607.58,Yahoo PSEI.PS
2008-09-30,2569.65,Yahoo PSEI.PS
2008-10-01,2569.65,Yahoo PSEI.PS
2008-10-03,2566.21,Yahoo PSEI.PS
2008-10-06,2499.53,Yahoo PSEI.PS
2008-10-07,2424.19,Yahoo PSEI.PS
2008-10-08,2307.74,Yahoo PSEI.PS
2008-10-09,2288.44,Yahoo PSEI.PS
2008-10-10,2097.80,Yahoo PSEI.PS
2008-10-13,2118.75,Yahoo PSEI.PS
2008-10-14,2273.65,Yahoo PSEI.PS
2008-10-15,2238.41,Yahoo PSEI.PS
2008-10-16,2122.37,Yahoo PSEI.PS
2008-10-17,2098.26,Yahoo PSEI.PS
2008-10-20,2062.88,Yahoo PSEI.PS
2008-10-21,2116.74,Yahoo PSEI.PS
2008-10-22,2093.01,Yahoo PSEI.PS
2008-10-23,1995.92,Yahoo PSEI.PS
2008-10-24,1953.49,Yahoo PSEI.PS
2008-10-27,1713.83,Yahoo PSEI.PS
2008-10-28,1704.41,Yahoo PSEI.PS
2008-10-29,1780.64,Yahoo PSEI.PS
2008-10-30,1864.93,Yahoo PSEI.PS
2008-10-31,1951.09,Yahoo PSEI.PS
2008-11-03,2025.58,Yahoo PSEI.PS
2008-11-04,2003.04,Yahoo PSEI.PS
2008-11-05,2006.21,Yahoo PSEI.PS
2008-11-06,1941.62,Yahoo PSEI.PS
2008-11-07,1921.34,Yahoo PSEI.PS
2008-11-10,1938.97,Yahoo PSEI.PS
2008-11-11,1948.22,Yahoo PSEI.PS
2008-11-12,1948.72,Yahoo PSEI.PS
2008-11-13,1918.97,Yahoo PSEI.PS
2008-11-14,1978.05,Yahoo PSEI.PS
2008-11-17,1940.00,Yahoo PSEI.PS
2008-11-18,1873.60,Yahoo PSEI.PS
2008-11-19,1908.18,Yahoo PSEI.PS
2008-11-20,1842.33,Yahoo PSEI.PS
2008-11-21,1765.90,Yahoo PSEI.PS
2008-11-24,1799.72,Yahoo PSEI.PS
2008-11-25,1908.18,Yahoo PSEI.PS
2008-11-26,1932.91,Yahoo PSEI.PS
2008-11-27,1967.01,Yahoo PSEI.PS
2008-11-28,1971.57,Yahoo PSEI.PS
2008-12-02,1879.87,Yahoo PSEI.PS
2008-12-03,1905.28,Yahoo PSEI.PS
2008-12-04,1890.89,Yahoo PSEI.PS
2008-12-05,1888.96,Yahoo PSEI.PS
2008-12-08,1908.68,Yahoo PSEI.PS
2008-12-09,1935.07,Yahoo PSEI.PS
2008-12-10,1938.82,Yahoo PSEI.PS
2008-12-11,1933.12,Yahoo PSEI.PS
2008-12-12,1893.74,Yahoo PSEI.PS
2008-12-15,1913.26,Yahoo PSEI.PS
2008-12-16,1889.32,Yahoo PSEI.PS
2008-12-17,1904.56,Yahoo PSEI.PS
2008-12-18,1901.46,Yahoo PSEI.PS
2008-12-19,1903.53,Yahoo PSEI.PS
2008-12-22,1840.94,Yahoo PSEI.PS
2008-12-23,1862.19,Yahoo PSEI.PS
2008-12-24,1872.85,Yahoo PSEI.PS
2009-01-05,1974.69,Yahoo PSEI.PS
2009-01-06,1969.58,Yahoo PSEI.PS
2009-01-07,2003.89,Yahoo PSEI.PS
2009-01-08,1970.72,Yahoo PSEI.PS
2009-01-09,1984.88,Yahoo PSEI.PS
2009-01-12,1997.83,Yahoo PSEI.PS
2009-01-13,1996.04,Yahoo PSEI.PS
2009-01-14,1984.92,Yahoo PSEI.PS
2009-01-15,1954.97,Yahoo PSEI.PS
2009-01-16,1950.13,Yahoo PSEI.PS
2009-01-19,1922.99,Yahoo PSEI.PS
2009-01-20,1897.93,Yahoo PSEI.PS
2009-01-21,1840.12,Yahoo PSEI.PS
2009-01-22,1863.52,Yahoo PSEI.PS
2009-01-23,1857.34,Yahoo PSEI.PS
2009-01-26,1869.92,Yahoo PSEI.PS
2009-01-27,1880.81,Yahoo PSEI.PS
2009-01-28,1869.56,Yahoo PSEI.PS
2009-01-29,1860.69,Yahoo PSEI.PS
2009-01-30,1825.09,Yahoo PSEI.PS
2009-02-02,1833.57,Yahoo PSEI.PS
2009-02-03,1826.13,Yahoo PSEI.PS
2009-02-04,1847.55,Yahoo PSEI.PS
2009-02-05,1892.07,Yahoo PSEI.PS
2009-02-06,1942.48,Yahoo PSEI.PS
2009-02-09,1951.46,Yahoo PSEI.PS
2009-02-10,1917.57,Yahoo PSEI.PS
2009-02-11,1897.75,Yahoo PSEI.PS
2009-02-12,1924.10,Yahoo PSEI.PS
2009-02-13,1919.66,Yahoo PSEI.PS
2009-02-16,1915.79,Yahoo PSEI.PS
2009-02-17,1899.90,Yahoo PSEI.PS
2009-02-18,1892.23,Yahoo PSEI.PS
2009-02-19,1899.80,Yahoo PSEI.PS
2009-02-20,1881.44,Yahoo PSEI.PS
2009-02-24,1869.59,Yahoo PSEI.PS
2009-02-25,1887.10,Yahoo PSEI.PS
2009-02-26,1880.38,Yahoo PSEI.PS
2009-02-27,1872.22,Yahoo PSEI.PS
2009-03-02,1856.43,Yahoo PSEI.PS
2009-03-03,1859.98,Yahoo PSEI.PS
2009-03-04,1885.92,Yahoo PSEI.PS
2009-03-05,1924.30,Yahoo PSEI.PS
2009-03-06,1920.16,Yahoo PSEI.PS
2009-03-09,1890.62,Yahoo PSEI.PS
2009-03-10,1873.22,Yahoo PSEI.PS
2009-03-11,1901.42,Yahoo PSEI.PS
2009-03-12,1879.67,Yahoo PSEI.PS
2009-03-13,1856.10,Yahoo PSEI.PS
2009-03-16,1769.67,Yahoo PSEI.PS
2009-03-17,1759.33,Yahoo PSEI.PS
2009-03-18,1770.28,Yahoo PSEI.PS
2009-03-19,1780.26,Yahoo PSEI.PS
2009-03-20,1833.90,Yahoo PSEI.PS
2009-03-23,1879.09,Yahoo PSEI.PS
2009-03-24,1917.69,Yahoo PSEI.PS
2009-03-25,1939.54,Yahoo PSEI.PS
2009-03-26,1988.26,Yahoo PSEI.PS
2009-03-27,2040.25,Yahoo PSEI.PS
2009-03-30,2023.11,Yahoo PSEI.PS
2009-03-31,1986.22,Yahoo PSEI.PS
2009-04-01,1967.28,Yahoo PSEI.PS
2009-04-02,1982.88,Yahoo PSEI.PS
2009-04-03,2028.59,Yahoo PSEI.PS
2009-04-06,2028.59,Yahoo PSEI.PS
2009-04-07,2051.69,Yahoo PSEI.PS
2009-04-08,2072.81,Yahoo PSEI.PS
2009-04-09,2072.81,Yahoo PSEI.PS
2009-04-13,2043.20,Yahoo PSEI.PS
2009-04-14,2037.09,Yahoo PSEI.PS
2009-04-15,2022.49,Yahoo PSEI.PS
2009-04-16,2064.66,Yahoo PSEI.PS
2009-04-17,2094.13,Yahoo PSEI.PS
2009-04-20,2086.72,Yahoo PSEI.PS
2009-04-21,2049.40,Yahoo PSEI.PS
2009-04-22,2073.31,Yahoo PSEI.PS
2009-04-23,2068.30,Yahoo PSEI.PS
2009-04-24,2103.63,Yahoo PSEI.PS
2009-04-27,2085.63,Yahoo PSEI.PS
2009-04-28,2063.50,Yahoo PSEI.PS
2009-04-29,2061.05,Yahoo PSEI.PS
2009-04-30,2103.50,Yahoo PSEI.PS
2009-05-04,2137.62,Yahoo PSEI.PS
2009-05-05,2197.20,Yahoo PSEI.PS
2009-05-06,2206.23,Yahoo PSEI.PS
2009-05-07,2238.92,Yahoo PSEI.PS
2009-05-08,2241.98,Yahoo PSEI.PS
2009-05-11,2265.55,Yahoo PSEI.PS
2009-05-12,2253.91,Yahoo PSEI.PS
2009-05-13,2283.60,Yahoo PSEI.PS
2009-05-14,2264.23,Yahoo PSEI.PS
2009-05-15,2308.70,Yahoo PSEI.PS
2009-05-18,2279.37,Yahoo PSEI.PS
2009-05-19,2309.58,Yahoo PSEI.PS
2009-05-20,2333.76,Yahoo PSEI.PS
2009-05-21,2333.79,Yahoo PSEI.PS
2009-05-22,2316.89,Yahoo PSEI.PS
2009-05-25,2334.62,Yahoo PSEI.PS
2009-05-26,2309.68,Yahoo PSEI.PS
2009-05-27,2356.38,Yahoo PSEI.PS
2009-05-28,2354.37,Yahoo PSEI.PS
2009-05-29,2389.31,Yahoo PSEI.PS
2009-06-01,2458.65,Yahoo PSEI.PS
2009-06-02,2490.42,Yahoo PSEI.PS
2009-06-03,2471.19,Yahoo PSEI.PS
2009-06-04,2494.24,Yahoo PSEI.PS
2009-06-05,2528.68,Yahoo PSEI.PS
2009-06-08,2517.73,Yahoo PSEI.PS
2009-06-09,2488.26,Yahoo PSEI.PS
2009-06-10,2530.72,Yahoo PSEI.PS
2009-06-11,2598.80,Yahoo PSEI.PS
2009-06-15,2612.85,Yahoo PSEI.PS
2009-06-16,2514.17,Yahoo PSEI.PS
2009-06-17,2441.75,Yahoo PSEI.PS
2009-06-18,2434.26,Yahoo PSEI.PS
2009-06-19,2398.30,Yahoo PSEI.PS
2009-06-22,2411.88,Yahoo PSEI.PS
2009-06-23,2370.06,Yahoo PSEI.PS
2009-06-24,2415.83,Yahoo PSEI.PS
2009-06-25,2467.56,Yahoo PSEI.PS
2009-06-26,2477.44,Yahoo PSEI.PS
2009-06-29,2468.05,Yahoo PSEI.PS
2009-06-30,2437.99,Yahoo PSEI.PS
2009-07-01,2432.89,Yahoo PSEI.PS
2009-07-02,2438.04,Yahoo PSEI.PS
2009-07-03,2431.34,Yahoo PSEI.PS
2009-07-06,2449.10,Yahoo PSEI.PS
2009-07-07,2471.76,Yahoo PSEI.PS
2009-07-08,2461.99,Yahoo PSEI.PS
2009-07-09,2473.85,Yahoo PSEI.PS
2009-07-10,2487.22,Yahoo PSEI.PS
2009-07-13,2483.39,Yahoo PSEI.PS
2009-07-14,2492.30,Yahoo PSEI.PS
2009-07-15,2515.95,Yahoo PSEI.PS
2009-07-16,2553.96,Yahoo PSEI.PS
2009-07-17,2553.96,Yahoo PSEI.PS
2009-07-20,2587.91,Yahoo PSEI.PS
2009-07-21,2593.51,Yahoo PSEI.PS
2009-07-22,2612.38,Yahoo PSEI.PS
2009-07-23,2612.00,Yahoo PSEI.PS
2009-07-24,2676.47,Yahoo PSEI.PS
2009-07-27,2732.62,Yahoo PSEI.PS
2009-07-28,2768.76,Yahoo PSEI.PS
2009-07-29,2803.39,Yahoo PSEI.PS
2009-07-30,2764.98,Yahoo PSEI.PS
2009-07-31,2798.33,Yahoo PSEI.PS
2009-08-03,2835.11,Yahoo PSEI.PS
2009-08-04,2886.96,Yahoo PSEI.PS
2009-08-05,2886.96,Yahoo PSEI.PS
2009-08-06,2841.21,Yahoo PSEI.PS
2009-08-07,2782.98,Yahoo PSEI.PS
2009-08-10,2850.58,Yahoo PSEI.PS
2009-08-11,2860.54,Yahoo PSEI.PS
2009-08-12,2828.52,Yahoo PSEI.PS
2009-08-13,2856.06,Yahoo PSEI.PS
2009-08-14,2850.01,Yahoo PSEI.PS
2009-08-17,2771.18,Yahoo PSEI.PS
2009-08-18,2731.55,Yahoo PSEI.PS
2009-08-19,2760.89,Yahoo PSEI.PS
2009-08-20,2720.18,Yahoo PSEI.PS
2009-08-24,2859.18,Yahoo PSEI.PS
2009-08-25,2858.15,Yahoo PSEI.PS
2009-08-26,2863.53,Yahoo PSEI.PS
2009-08-27,2881.40,Yahoo PSEI.PS
2009-08-28,2884.18,Yahoo PSEI.PS
2009-09-01,2852.93,Yahoo PSEI.PS
2009-09-02,2808.21,Yahoo PSEI.PS
2009-09-03,2803.31,Yahoo PSEI.PS
2009-09-04,2830.99,Yahoo PSEI.PS
2009-09-07,2830.99,Yahoo PSEI.PS
2009-09-08,2852.48,Yahoo PSEI.PS
2009-09-09,2829.41,Yahoo PSEI.PS
2009-09-10,2835.91,Yahoo PSEI.PS
2009-09-11,2870.83,Yahoo PSEI.PS
2009-09-14,2821.73,Yahoo PSEI.PS
2009-09-15,2789.36,Yahoo PSEI.PS
2009-09-16,2768.61,Yahoo PSEI.PS
2009-09-17,2771.97,Yahoo PSEI.PS
2009-09-18,2789.33,Yahoo PSEI.PS
2009-09-21,2789.33,Yahoo PSEI.PS
2009-09-22,2784.78,Yahoo PSEI.PS
2009-09-23,2842.51,Yahoo PSEI.PS
2009-09-24,2837.34,Yahoo PSEI.PS
2009-09-25,2821.34,Yahoo PSEI.PS
2009-09-28,2784.65,Yahoo PSEI.PS
2009-09-29,2807.32,Yahoo PSEI.PS
2009-09-30,2800.82,Yahoo PSEI.PS
2009-10-01,2829.02,Yahoo PSEI.PS
2009-10-02,2820.03,Yahoo PSEI.PS
2009-10-05,2819.48,Yahoo PSEI.PS
2009-10-06,2884.46,Yahoo PSEI.PS
2009-10-07,2967.06,Yahoo PSEI.PS
2009-10-08,2968.02,Yahoo PSEI.PS
2009-10-09,2942.78,Yahoo PSEI.PS
2009-10-12,2930.97,Yahoo PSEI.PS
2009-10-13,2930.09,Yahoo PSEI.PS
2009-10-14,2930.70,Yahoo PSEI.PS
2009-10-15,2942.79,Yahoo PSEI.PS
2009-10-16,2922.82,Yahoo PSEI.PS
2009-10-19,2932.20,Yahoo PSEI.PS
2009-10-20,2945.26,Yahoo PSEI.PS
2009-10-21,2919.90,Yahoo PSEI.PS
2009-10-22,2888.72,Yahoo PSEI.PS
2009-10-23,2932.99,Yahoo PSEI.PS
2009-10-26,2941.53,Yahoo PSEI.PS
2009-10-27,2935.74,Yahoo PSEI.PS
2009-10-28,2908.21,Yahoo PSEI.PS
2009-10-29,2862.33,Yahoo PSEI.PS
2009-10-30,2908.50,Yahoo PSEI.PS
2009-11-02,2908.50,Yahoo PSEI.PS
2009-11-03,2908.24,Yahoo PSEI.PS
2009-11-04,2907.63,Yahoo PSEI.PS
2009-11-05,2944.51,Yahoo PSEI.PS
2009-11-06,2931.47,Yahoo PSEI.PS
2009-11-09,2915.71,Yahoo PSEI.PS
2009-11-10,2996.71,Yahoo PSEI.PS
2009-11-11,3047.14,Yahoo PSEI.PS
2009-11-12,3073.92,Yahoo PSEI.PS
2009-11-13,3034.32,Yahoo PSEI.PS
2009-11-16,3011.36,Yahoo PSEI.PS
2009-11-17,3032.09,Yahoo PSEI.PS
2009-11-18,3052.61,Yahoo PSEI.PS
2009-11-19,3083.30,Yahoo PSEI.PS
2009-11-20,3068.73,Yahoo PSEI.PS
2009-11-23,3048.00,Yahoo PSEI.PS
2009-11-24,3074.66,Yahoo PSEI.PS
2009-11-25,3064.30,Yahoo PSEI.PS
2009-11-26,3089.82,Yahoo PSEI.PS
2009-11-27,3044.97,Yahoo PSEI.PS
2009-12-01,3097.92,Yahoo PSEI.PS
2009-12-02,3119.96,Yahoo PSEI.PS
2009-12-03,3090.91,Yahoo PSEI.PS
2009-12-04,3061.99,Yahoo PSEI.PS
2009-12-07,3046.63,Yahoo PSEI.PS
2009-12-08,3012.07,Yahoo PSEI.PS
2009-12-09,2981.25,Yahoo PSEI.PS
2009-12-10,3006.57,Yahoo PSEI.PS
2009-12-11,3031.13,Yahoo PSEI.PS
2009-12-14,3042.10,Yahoo PSEI.PS
2009-12-15,3046.57,Yahoo PSEI.PS
2009-12-16,3032.37,Yahoo PSEI.PS
2009-12-17,3048.15,Yahoo PSEI.PS
2009-12-18,3016.99,Yahoo PSEI.PS
2009-12-21,3020.56,Yahoo PSEI.PS
2009-12-22,3016.16,Yahoo PSEI.PS
2009-12-23,3024.33,Yahoo PSEI.PS
2009-12-24,3024.33,Yahoo PSEI.PS
2009-12-28,3032.84,Yahoo PSEI.PS
2009-12-29,3052.68,Yahoo PSEI.PS
2010-01-04,3005.01,Yahoo PSEI.PS
2010-01-05,3028.46,Yahoo PSEI.PS
2010-01-06,3039.93,Yahoo PSEI.PS
2010-01-07,3077.78,Yahoo PSEI.PS
2010-01-08,3077.18,Yahoo PSEI.PS
2010-01-11,3087.35,Yahoo PSEI.PS
2010-01-12,3105.62,Yahoo PSEI.PS
2010-01-13,3096.70,Yahoo PSEI.PS
2010-01-14,3121.91,Yahoo PSEI.PS
2010-01-15,3118.47,Yahoo PSEI.PS
2010-01-18,3106.30,Yahoo PSEI.PS
2010-01-19,3084.57,Yahoo PSEI.PS
2010-01-20,3083.86,Yahoo PSEI.PS
2010-01-21,3085.58,Yahoo PSEI.PS
2010-01-22,3023.47,Yahoo PSEI.PS
2010-01-25,2967.96,Yahoo PSEI.PS
2010-01-26,2955.70,Yahoo PSEI.PS
2010-01-27,2919.48,Yahoo PSEI.PS
2010-01-28,2961.63,Yahoo PSEI.PS
2010-01-29,2953.19,Yahoo PSEI.PS
2010-02-01,2883.21,Yahoo PSEI.PS
2010-02-02,2864.18,Yahoo PSEI.PS
2010-02-03,2884.81,Yahoo PSEI.PS
2010-02-04,2914.87,Yahoo PSEI.PS
2010-02-05,2855.64,Yahoo PSEI.PS
2010-02-08,2846.60,Yahoo PSEI.PS
2010-02-09,2797.61,Yahoo PSEI.PS
2010-02-10,2857.24,Yahoo PSEI.PS
2010-02-11,2908.88,Yahoo PSEI.PS
2010-02-12,2949.65,Yahoo PSEI.PS
2010-02-15,2963.24,Yahoo PSEI.PS
2010-02-16,2967.71,Yahoo PSEI.PS
2010-02-17,3018.67,Yahoo PSEI.PS
2010-02-18,2999.94,Yahoo PSEI.PS
2010-02-19,2978.53,Yahoo PSEI.PS
2010-02-23,3013.14,Yahoo PSEI.PS
2010-02-24,2981.14,Yahoo PSEI.PS
2010-02-25,3031.26,Yahoo PSEI.PS
2010-02-26,3043.75,Yahoo PSEI.PS
2010-03-01,3078.91,Yahoo PSEI.PS
2010-03-02,3061.89,Yahoo PSEI.PS
2010-03-03,3069.29,Yahoo PSEI.PS
2010-03-04,3034.13,Yahoo PSEI.PS
2010-03-05,3040.92,Yahoo PSEI.PS
2010-03-08,3094.98,Yahoo PSEI.PS
2010-03-09,3107.35,Yahoo PSEI.PS
2010-03-10,3119.63,Yahoo PSEI.PS
2010-03-11,3125.56,Yahoo PSEI.PS
2010-03-12,3072.91,Yahoo PSEI.PS
2010-03-15,3076.79,Yahoo PSEI.PS
2010-03-16,3085.13,Yahoo PSEI.PS
2010-03-17,3088.05,Yahoo PSEI.PS
2010-03-18,3100.95,Yahoo PSEI.PS
2010-03-19,3097.23,Yahoo PSEI.PS
2010-03-22,3083.89,Yahoo PSEI.PS
2010-03-23,3129.24,Yahoo PSEI.PS
2010-03-24,3166.60,Yahoo PSEI.PS
2010-03-25,3171.14,Yahoo PSEI.PS
2010-03-26,3180.68,Yahoo PSEI.PS
2010-03-29,3177.56,Yahoo PSEI.PS
2010-03-30,3202.17,Yahoo PSEI.PS
2010-03-31,3161.80,Yahoo PSEI.PS
2010-04-05,3186.77,Yahoo PSEI.PS
2010-04-06,3253.48,Yahoo PSEI.PS
2010-04-07,3270.37,Yahoo PSEI.PS
2010-04-08,3256.12,Yahoo PSEI.PS
2010-04-12,3294.83,Yahoo PSEI.PS
2010-04-13,3299.90,Yahoo PSEI.PS
2010-04-14,3299.69,Yahoo PSEI.PS
2010-04-15,3278.84,Yahoo PSEI.PS
2010-04-16,3265.54,Yahoo PSEI.PS
2010-04-19,3203.91,Yahoo PSEI.PS
2010-04-20,3147.50,Yahoo PSEI.PS
2010-04-21,3204.47,Yahoo PSEI.PS
2010-04-22,3237.57,Yahoo PSEI.PS
2010-04-23,3244.45,Yahoo PSEI.PS
2010-04-26,3292.59,Yahoo PSEI.PS
2010-04-27,3307.71,Yahoo PSEI.PS
2010-04-28,3284.78,Yahoo PSEI.PS
2010-04-29,3297.00,Yahoo PSEI.PS
2010-04-30,3290.09,Yahoo PSEI.PS
2010-05-04,3290.68,Yahoo PSEI.PS
2010-05-05,3176.85,Yahoo PSEI.PS
2010-05-06,3167.83,Yahoo PSEI.PS
2010-05-07,3142.06,Yahoo PSEI.PS
2010-05-10,3142.06,Yahoo PSEI.PS
2010-05-11,3262.93,Yahoo PSEI.PS
2010-05-12,3269.41,Yahoo PSEI.PS
2010-05-13,3327.69,Yahoo PSEI.PS
2010-05-14,3330.42,Yahoo PSEI.PS
2010-05-17,3289.31,Yahoo PSEI.PS
2010-05-18,3265.07,Yahoo PSEI.PS
2010-05-19,3222.19,Yahoo PSEI.PS
2010-05-20,3213.80,Yahoo PSEI.PS
2010-05-21,3179.36,Yahoo PSEI.PS
2010-05-24,3191.29,Yahoo PSEI.PS
2010-05-25,3102.59,Yahoo PSEI.PS
2010-05-26,3125.15,Yahoo PSEI.PS
2010-05-27,3156.53,Yahoo PSEI.PS
2010-05-28,3252.63,Yahoo PSEI.PS
2010-05-31,3272.73,Yahoo PSEI.PS
2010-06-01,3266.62,Yahoo PSEI.PS
2010-06-02,3289.56,Yahoo PSEI.PS
2010-06-03,3355.23,Yahoo PSEI.PS
2010-06-04,3357.05,Yahoo PSEI.PS
2010-06-07,3266.11,Yahoo PSEI.PS
2010-06-08,3274.26,Yahoo PSEI.PS
2010-06-09,3254.83,Yahoo PSEI.PS
2010-06-10,3224.49,Yahoo PSEI.PS
2010-06-11,3265.44,Yahoo PSEI.PS
2010-06-15,3282.42,Yahoo PSEI.PS
2010-06-16,3307.65,Yahoo PSEI.PS
2010-06-17,3313.52,Yahoo PSEI.PS
2010-06-18,3335.48,Yahoo PSEI.PS
2010-06-21,3357.88,Yahoo PSEI.PS
2010-06-22,3351.69,Yahoo PSEI.PS
2010-06-23,3342.97,Yahoo PSEI.PS
2010-06-24,3333.97,Yahoo PSEI.PS
2010-06-25,3352.46,Yahoo PSEI.PS
2010-06-28,3363.90,Yahoo PSEI.PS
2010-06-29,3372.71,Yahoo PSEI.PS
2010-07-01,3315.26,Yahoo PSEI.PS
2010-07-02,3290.98,Yahoo PSEI.PS
2010-07-05,3311.74,Yahoo PSEI.PS
2010-07-06,3335.71,Yahoo PSEI.PS
2010-07-07,3350.08,Yahoo PSEI.PS
2010-07-08,3398.16,Yahoo PSEI.PS
2010-07-09,3394.56,Yahoo PSEI.PS
2010-07-12,3406.96,Yahoo PSEI.PS
2010-07-13,3435.85,Yahoo PSEI.PS
2010-07-15,3467.63,Yahoo PSEI.PS
2010-07-16,3442.68,Yahoo PSEI.PS
2010-07-19,3424.29,Yahoo PSEI.PS
2010-07-20,3405.69,Yahoo PSEI.PS
2010-07-21,3418.71,Yahoo PSEI.PS
2010-07-22,3414.90,Yahoo PSEI.PS
2010-07-23,3416.10,Yahoo PSEI.PS
2010-07-26,3414.03,Yahoo PSEI.PS
2010-07-27,3436.59,Yahoo PSEI.PS
2010-07-28,3451.91,Yahoo PSEI.PS
2010-07-29,3429.35,Yahoo PSEI.PS
2010-07-30,3426.95,Yahoo PSEI.PS
2010-08-02,3455.24,Yahoo PSEI.PS
2010-08-03,3484.08,Yahoo PSEI.PS
2010-08-04,3503.49,Yahoo PSEI.PS
2010-08-05,3521.10,Yahoo PSEI.PS
2010-08-06,3516.28,Yahoo PSEI.PS
2010-08-09,3524.70,Yahoo PSEI.PS
2010-08-10,3525.81,Yahoo PSEI.PS
2010-08-11,3522.72,Yahoo PSEI.PS
2010-08-12,3483.02,Yahoo PSEI.PS
2010-08-13,3469.52,Yahoo PSEI.PS
2010-08-16,3479.67,Yahoo PSEI.PS
2010-08-17,3502.25,Yahoo PSEI.PS
2010-08-18,3534.80,Yahoo PSEI.PS
2010-08-19,3560.39,Yahoo PSEI.PS
2010-08-20,3593.60,Yahoo PSEI.PS
2010-08-24,3530.49,Yahoo PSEI.PS
2010-08-25,3554.15,Yahoo PSEI.PS
2010-08-26,3595.58,Yahoo PSEI.PS
2010-08-27,3558.67,Yahoo PSEI.PS
2010-08-31,3566.23,Yahoo PSEI.PS
2010-09-01,3593.41,Yahoo PSEI.PS
2010-09-02,3666.54,Yahoo PSEI.PS
2010-09-03,3734.70,Yahoo PSEI.PS
2010-09-06,3744.01,Yahoo PSEI.PS
2010-09-07,3775.42,Yahoo PSEI.PS
2010-09-08,3804.73,Yahoo PSEI.PS
2010-09-09,3902.56,Yahoo PSEI.PS
2010-09-13,3972.60,Yahoo PSEI.PS
2010-09-14,3968.29,Yahoo PSEI.PS
2010-09-15,3973.48,Yahoo PSEI.PS
2010-09-16,4005.46,Yahoo PSEI.PS
2010-09-17,3979.35,Yahoo PSEI.PS
2010-09-20,4053.32,Yahoo PSEI.PS
2010-09-21,4087.96,Yahoo PSEI.PS
2010-09-22,4054.18,Yahoo PSEI.PS
2010-09-23,4067.43,Yahoo PSEI.PS
2010-09-24,4078.87,Yahoo PSEI.PS
2010-09-27,4122.83,Yahoo PSEI.PS
2010-09-28,4123.95,Yahoo PSEI.PS
2010-09-29,4111.05,Yahoo PSEI.PS
2010-09-30,4100.07,Yahoo PSEI.PS
2010-10-01,4111.99,Yahoo PSEI.PS
2010-10-04,4188.31,Yahoo PSEI.PS
2010-10-05,4171.87,Yahoo PSEI.PS
2010-10-06,4196.73,Yahoo PSEI.PS
2010-10-07,4245.05,Yahoo PSEI.PS
2010-10-08,4236.98,Yahoo PSEI.PS
2010-10-11,4218.79,Yahoo PSEI.PS
2010-10-12,4166.52,Yahoo PSEI.PS
2010-10-13,4194.06,Yahoo PSEI.PS
2010-10-14,4233.38,Yahoo PSEI.PS
2010-10-15,4216.35,Yahoo PSEI.PS
2010-10-18,4215.11,Yahoo PSEI.PS
2010-10-19,4191.25,Yahoo PSEI.PS
2010-10-20,4191.96,Yahoo PSEI.PS
2010-10-21,4249.17,Yahoo PSEI.PS
2010-10-22,4286.87,Yahoo PSEI.PS
2010-10-26,4279.53,Yahoo PSEI.PS
2010-10-27,4285.07,Yahoo PSEI.PS
2010-10-28,4260.69,Yahoo PSEI.PS
2010-10-29,4268.74,Yahoo PSEI.PS
2010-11-02,4341.74,Yahoo PSEI.PS
2010-11-03,4381.86,Yahoo PSEI.PS
2010-11-04,4397.30,Yahoo PSEI.PS
2010-11-05,4349.11,Yahoo PSEI.PS
2010-11-08,4295.62,Yahoo PSEI.PS
2010-11-09,4266.45,Yahoo PSEI.PS
2010-11-10,4197.57,Yahoo PSEI.PS
2010-11-11,4144.41,Yahoo PSEI.PS
2010-11-12,4076.68,Yahoo PSEI.PS
2010-11-15,4139.32,Yahoo PSEI.PS
2010-11-17,4069.31,Yahoo PSEI.PS
2010-11-18,4120.62,Yahoo PSEI.PS
2010-11-19,4203.60,Yahoo PSEI.PS
2010-11-22,4186.89,Yahoo PSEI.PS
2010-11-23,4147.35,Yahoo PSEI.PS
2010-11-25,4097.49,Yahoo PSEI.PS
2010-11-26,4053.58,Yahoo PSEI.PS
2010-11-30,3953.70,Yahoo PSEI.PS
2010-12-01,4002.88,Yahoo PSEI.PS
2010-12-02,4148.90,Yahoo PSEI.PS
2010-12-03,4176.48,Yahoo PSEI.PS
2010-12-06,4223.12,Yahoo PSEI.PS
2010-12-07,4197.92,Yahoo PSEI.PS
2010-12-08,4221.09,Yahoo PSEI.PS
2010-12-09,4209.42,Yahoo PSEI.PS
2010-12-10,4135.75,Yahoo PSEI.PS
2010-12-13,4115.38,Yahoo PSEI.PS
2010-12-14,4148.03,Yahoo PSEI.PS
2010-12-15,4089.75,Yahoo PSEI.PS
2010-12-16,4039.40,Yahoo PSEI.PS
2010-12-17,4057.33,Yahoo PSEI.PS
2010-12-20,4077.06,Yahoo PSEI.PS
2010-12-21,4091.86,Yahoo PSEI.PS
2010-12-22,4113.69,Yahoo PSEI.PS
2010-12-23,4166.04,Yahoo PSEI.PS
2010-12-28,4163.99,Yahoo PSEI.PS
2010-12-29,4199.31,Yahoo PSEI.PS
2010-12-30,4201.14,Yahoo PSEI.PS
2011-01-03,4215.21,Yahoo PSEI.PS
2011-01-04,4218.73,Yahoo PSEI.PS
2011-01-05,4212.98,Yahoo PSEI.PS
2011-01-06,4217.25,Yahoo PSEI.PS
2011-01-07,4202.52,Yahoo PSEI.PS
2011-01-10,4112.58,Yahoo PSEI.PS
2011-01-11,4032.37,Yahoo PSEI.PS
2011-01-12,4037.23,Yahoo PSEI.PS
2011-01-13,4070.11,Yahoo PSEI.PS
2011-01-14,4132.04,Yahoo PSEI.PS
2011-01-17,4148.16,Yahoo PSEI.PS
2011-01-18,4072.59,Yahoo PSEI.PS
2011-01-19,4039.56,Yahoo PSEI.PS
2011-01-20,4006.24,Yahoo PSEI.PS
2011-01-21,3951.04,Yahoo PSEI.PS
2011-01-24,3902.71,Yahoo PSEI.PS
2011-01-25,3960.30,Yahoo PSEI.PS
2011-01-26,3931.64,Yahoo PSEI.PS
2011-01-27,3990.49,Yahoo PSEI.PS
2011-01-28,3970.34,Yahoo PSEI.PS
2011-01-31,3881.47,Yahoo PSEI.PS
2011-02-01,3830.49,Yahoo PSEI.PS
2011-02-02,3891.07,Yahoo PSEI.PS
2011-02-03,3888.55,Yahoo PSEI.PS
2011-02-04,3872.35,Yahoo PSEI.PS
2011-02-07,3880.03,Yahoo PSEI.PS
2011-02-08,3878.48,Yahoo PSEI.PS
2011-02-09,3843.37,Yahoo PSEI.PS
2011-02-10,3738.31,Yahoo PSEI.PS
2011-02-11,3749.15,Yahoo PSEI.PS
2011-02-14,3796.73,Yahoo PSEI.PS
2011-02-15,3790.78,Yahoo PSEI.PS
2011-02-16,3812.04,Yahoo PSEI.PS
2011-02-17,3866.38,Yahoo PSEI.PS
2011-02-18,3851.24,Yahoo PSEI.PS
2011-02-21,3837.44,Yahoo PSEI.PS
2011-02-22,3784.07,Yahoo PSEI.PS
2011-02-23,3757.04,Yahoo PSEI.PS
2011-02-24,3730.84,Yahoo PSEI.PS
2011-02-25,3737.04,Yahoo PSEI.PS
2011-02-28,3766.73,Yahoo PSEI.PS
2011-03-01,3784.23,Yahoo PSEI.PS
2011-03-02,3773.71,Yahoo PSEI.PS
2011-03-03,3834.05,Yahoo PSEI.PS
2011-03-04,3882.71,Yahoo PSEI.PS
2011-03-07,3886.48,Yahoo PSEI.PS
2011-03-08,3898.87,Yahoo PSEI.PS
2011-03-09,3926.86,Yahoo PSEI.PS
2011-03-10,3959.94,Yahoo PSEI.PS
2011-03-11,3924.35,Yahoo PSEI.PS
2011-03-14,3918.70,Yahoo PSEI.PS
2011-03-15,3896.31,Yahoo PSEI.PS
2011-03-16,3878.44,Yahoo PSEI.PS
2011-03-17,3817.38,Yahoo PSEI.PS
2011-03-18,3839.88,Yahoo PSEI.PS
2011-03-21,3844.31,Yahoo PSEI.PS
2011-03-22,3854.14,Yahoo PSEI.PS
2011-03-23,3855.52,Yahoo PSEI.PS
2011-03-24,3841.54,Yahoo PSEI.PS
2011-03-25,3875.81,Yahoo PSEI.PS
2011-03-28,3913.98,Yahoo PSEI.PS
2011-03-29,3907.23,Yahoo PSEI.PS
2011-03-30,4023.74,Yahoo PSEI.PS
2011-03-31,4055.14,Yahoo PSEI.PS
2011-04-01,4129.54,Yahoo PSEI.PS
2011-04-04,4209.43,Yahoo PSEI.PS
2011-04-05,4167.09,Yahoo PSEI.PS
2011-04-06,4212.52,Yahoo PSEI.PS
2011-04-07,4219.43,Yahoo PSEI.PS
2011-04-08,4241.01,Yahoo PSEI.PS
2011-04-11,4227.99,Yahoo PSEI.PS
2011-04-12,4199.48,Yahoo PSEI.PS
2011-04-13,4203.68,Yahoo PSEI.PS
2011-04-14,4234.96,Yahoo PSEI.PS
2011-04-15,4251.64,Yahoo PSEI.PS
2011-04-18,4269.19,Yahoo PSEI.PS
2011-04-19,4245.21,Yahoo PSEI.PS
2011-04-20,4274.77,Yahoo PSEI.PS
2011-04-25,4331.37,Yahoo PSEI.PS
2011-04-26,4305.57,Yahoo PSEI.PS
2011-04-27,4321.32,Yahoo PSEI.PS
2011-04-28,4278.83,Yahoo PSEI.PS
2011-04-29,4319.51,Yahoo PSEI.PS
2011-05-02,4326.76,Yahoo PSEI.PS
2011-05-03,4319.37,Yahoo PSEI.PS
2011-05-04,4298.21,Yahoo PSEI.PS
2011-05-05,4248.68,Yahoo PSEI.PS
2011-05-06,4219.07,Yahoo PSEI.PS
2011-05-09,4257.15,Yahoo PSEI.PS
2011-05-10,4303.13,Yahoo PSEI.PS
2011-05-11,4335.04,Yahoo PSEI.PS
2011-05-12,4312.01,Yahoo PSEI.PS
2011-05-13,4292.11,Yahoo PSEI.PS
2011-05-16,4300.81,Yahoo PSEI.PS
2011-05-17,4261.60,Yahoo PSEI.PS
2011-05-18,4303.31,Yahoo PSEI.PS
2011-05-19,4297.93,Yahoo PSEI.PS
2011-05-20,4285.16,Yahoo PSEI.PS
2011-05-23,4263.19,Yahoo PSEI.PS
2011-05-24,4227.08,Yahoo PSEI.PS
2011-05-25,4190.98,Yahoo PSEI.PS
2011-05-26,4230.56,Yahoo PSEI.PS
2011-05-27,4274.51,Yahoo PSEI.PS
2011-05-30,4295.24,Yahoo PSEI.PS
2011-05-31,4244.64,Yahoo PSEI.PS
2011-06-01,4286.46,Yahoo PSEI.PS
2011-06-02,4324.98,Yahoo PSEI.PS
2011-06-03,4297.62,Yahoo PSEI.PS
2011-06-06,4258.90,Yahoo PSEI.PS
2011-06-07,4236.45,Yahoo PSEI.PS
2011-06-08,4255.44,Yahoo PSEI.PS
2011-06-09,4224.34,Yahoo PSEI.PS
2011-06-10,4219.58,Yahoo PSEI.PS
2011-06-13,4171.54,Yahoo PSEI.PS
2011-06-14,4140.27,Yahoo PSEI.PS
2011-06-15,4201.38,Yahoo PSEI.PS
2011-06-16,4173.08,Yahoo PSEI.PS
2011-06-17,4153.11,Yahoo PSEI.PS
2011-06-21,4211.81,Yahoo PSEI.PS
2011-06-22,4245.28,Yahoo PSEI.PS
2011-06-23,4241.14,Yahoo PSEI.PS
2011-06-24,4291.44,Yahoo PSEI.PS
2011-06-27,4289.29,Yahoo PSEI.PS
2011-06-28,4289.99,Yahoo PSEI.PS
2011-06-29,4249.35,Yahoo PSEI.PS
2011-06-30,4291.21,Yahoo PSEI.PS
2011-07-01,4351.63,Yahoo PSEI.PS
2011-07-04,4421.56,Yahoo PSEI.PS
2011-07-05,4439.61,Yahoo PSEI.PS
2011-07-06,4398.75,Yahoo PSEI.PS
2011-07-07,4375.85,Yahoo PSEI.PS
2011-07-08,4391.46,Yahoo PSEI.PS
2011-07-11,4375.86,Yahoo PSEI.PS
2011-07-12,4350.09,Yahoo PSEI.PS
2011-07-13,4404.00,Yahoo PSEI.PS
2011-07-14,4423.55,Yahoo PSEI.PS
2011-07-15,4458.74,Yahoo PSEI.PS
2011-07-18,4476.01,Yahoo PSEI.PS
2011-07-19,4485.65,Yahoo PSEI.PS
2011-07-20,4507.04,Yahoo PSEI.PS
2011-07-21,4480.01,Yahoo PSEI.PS
2011-07-22,4478.36,Yahoo PSEI.PS
2011-07-25,4480.50,Yahoo PSEI.PS
2011-07-26,4465.87,Yahoo PSEI.PS
2011-07-27,4482.89,Yahoo PSEI.PS
2011-07-28,4482.80,Yahoo PSEI.PS
2011-07-29,4503.63,Yahoo PSEI.PS
2011-08-01,4550.53,Yahoo PSEI.PS
2011-08-02,4541.23,Yahoo PSEI.PS
2011-08-03,4488.45,Yahoo PSEI.PS
2011-08-04,4501.53,Yahoo PSEI.PS
2011-08-05,4437.55,Yahoo PSEI.PS
2011-08-08,4331.24,Yahoo PSEI.PS
2011-08-09,4157.03,Yahoo PSEI.PS
2011-08-10,4290.14,Yahoo PSEI.PS
2011-08-11,4311.02,Yahoo PSEI.PS
2011-08-12,4321.73,Yahoo PSEI.PS
2011-08-15,4332.63,Yahoo PSEI.PS
2011-08-16,4372.70,Yahoo PSEI.PS
2011-08-17,4340.27,Yahoo PSEI.PS
2011-08-18,4403.54,Yahoo PSEI.PS
2011-08-19,4339.90,Yahoo PSEI.PS
2011-08-22,4291.11,Yahoo PSEI.PS
2011-08-23,4375.39,Yahoo PSEI.PS
2011-08-24,4366.45,Yahoo PSEI.PS
2011-08-25,4342.69,Yahoo PSEI.PS
2011-08-26,4305.56,Yahoo PSEI.PS
2011-08-31,4348.50,Yahoo PSEI.PS
2011-09-01,4366.59,Yahoo PSEI.PS
2011-09-02,4392.91,Yahoo PSEI.PS
2011-09-05,4382.56,Yahoo PSEI.PS
2011-09-06,4303.08,Yahoo PSEI.PS
2011-09-07,4315.21,Yahoo PSEI.PS
2011-09-08,4356.73,Yahoo PSEI.PS
2011-09-09,4346.07,Yahoo PSEI.PS
2011-09-12,4296.05,Yahoo PSEI.PS
2011-09-13,4292.91,Yahoo PSEI.PS
2011-09-14,4258.86,Yahoo PSEI.PS
2011-09-15,4291.40,Yahoo PSEI.PS
2011-09-16,4290.17,Yahoo PSEI.PS
2011-09-19,4307.99,Yahoo PSEI.PS
2011-09-20,4219.82,Yahoo PSEI.PS
2011-09-21,4204.29,Yahoo PSEI.PS
2011-09-22,4096.10,Yahoo PSEI.PS
2011-09-23,3885.96,Yahoo PSEI.PS
2011-09-26,3721.22,Yahoo PSEI.PS
2011-09-28,3876.12,Yahoo PSEI.PS
2011-09-29,3877.63,Yahoo PSEI.PS
2011-09-30,3999.65,Yahoo PSEI.PS
2011-10-03,3865.83,Yahoo PSEI.PS
2011-10-04,3829.92,Yahoo PSEI.PS
2011-10-05,3823.13,Yahoo PSEI.PS
2011-10-06,3890.52,Yahoo PSEI.PS
2011-10-07,4009.26,Yahoo PSEI.PS
2011-10-10,4040.58,Yahoo PSEI.PS
2011-10-11,4109.27,Yahoo PSEI.PS
2011-10-12,4119.71,Yahoo PSEI.PS
2011-10-13,4134.48,Yahoo PSEI.PS
2011-10-14,4153.40,Yahoo PSEI.PS
2011-10-17,4214.45,Yahoo PSEI.PS
2011-10-18,4157.26,Yahoo PSEI.PS
2011-10-19,4193.55,Yahoo PSEI.PS
2011-10-20,4170.57,Yahoo PSEI.PS
2011-10-21,4166.60,Yahoo PSEI.PS
2011-10-24,4201.08,Yahoo PSEI.PS
2011-10-25,4242.52,Yahoo PSEI.PS
2011-10-26,4224.76,Yahoo PSEI.PS
2011-10-27,4267.50,Yahoo PSEI.PS
2011-10-28,4333.72,Yahoo PSEI.PS
2011-11-02,4260.41,Yahoo PSEI.PS
2011-11-03,4210.25,Yahoo PSEI.PS
2011-11-04,4271.72,Yahoo PSEI.PS
2011-11-08,4314.67,Yahoo PSEI.PS
2011-11-09,4346.20,Yahoo PSEI.PS
2011-11-10,4285.06,Yahoo PSEI.PS
2011-11-11,4312.96,Yahoo PSEI.PS
2011-11-14,4356.87,Yahoo PSEI.PS
2011-11-15,4363.73,Yahoo PSEI.PS
2011-11-16,4341.62,Yahoo PSEI.PS
2011-11-17,4334.66,Yahoo PSEI.PS
2011-11-18,4302.43,Yahoo PSEI.PS
2011-11-21,4299.47,Yahoo PSEI.PS
2011-11-22,4289.75,Yahoo PSEI.PS
2011-11-23,4271.59,Yahoo PSEI.PS
2011-11-24,4237.65,Yahoo PSEI.PS
2011-11-25,4261.59,Yahoo PSEI.PS
2011-11-28,4227.88,Yahoo PSEI.PS
2011-11-29,4211.04,Yahoo PSEI.PS
2011-12-01,4290.59,Yahoo PSEI.PS
2011-12-02,4290.92,Yahoo PSEI.PS
2011-12-05,4291.72,Yahoo PSEI.PS
2011-12-06,4282.77,Yahoo PSEI.PS
2011-12-07,4315.17,Yahoo PSEI.PS
2011-12-08,4312.89,Yahoo PSEI.PS
2011-12-09,4292.50,Yahoo PSEI.PS
2011-12-12,4276.34,Yahoo PSEI.PS
2011-12-13,4282.62,Yahoo PSEI.PS
2011-12-14,4285.93,Yahoo PSEI.PS
2011-12-15,4282.67,Yahoo PSEI.PS
2011-12-16,4304.94,Yahoo PSEI.PS
2011-12-19,4318.12,Yahoo PSEI.PS
2011-12-20,4342.18,Yahoo PSEI.PS
2011-12-21,4368.88,Yahoo PSEI.PS
2011-12-22,4370.46,Yahoo PSEI.PS
2011-12-23,4372.24,Yahoo PSEI.PS
2011-12-26,4387.06,Yahoo PSEI.PS
2011-12-27,4361.43,Yahoo PSEI.PS
2011-12-28,4336.63,Yahoo PSEI.PS
2011-12-29,4371.96,Yahoo PSEI.PS
2012-01-02,4397.08,Yahoo PSEI.PS
2012-01-03,4422.22,Yahoo PSEI.PS
2012-01-04,4487.77,Yahoo PSEI.PS
2012-01-05,4518.91,Yahoo PSEI.PS
2012-01-06,4483.36,Yahoo PSEI.PS
2012-01-10,4561.08,Yahoo PSEI.PS
2012-01-11,4645.86,Yahoo PSEI.PS
2012-01-12,4648.11,Yahoo PSEI.PS
2012-01-13,4613.83,Yahoo PSEI.PS
2012-01-16,4578.92,Yahoo PSEI.PS
2012-01-17,4642.76,Yahoo PSEI.PS
2012-01-18,4677.62,Yahoo PSEI.PS
2012-01-19,4700.37,Yahoo PSEI.PS
2012-01-20,4747.90,Yahoo PSEI.PS
2012-01-24,4714.35,Yahoo PSEI.PS
2012-01-25,4670.49,Yahoo PSEI.PS
2012-01-26,4611.68,Yahoo PSEI.PS
2012-01-27,4679.89,Yahoo PSEI.PS
2012-01-30,4644.49,Yahoo PSEI.PS
2012-01-31,4682.44,Yahoo PSEI.PS
2012-02-01,4715.64,Yahoo PSEI.PS
2012-02-02,4822.08,Yahoo PSEI.PS
2012-02-03,4758.57,Yahoo PSEI.PS
2012-02-06,4816.33,Yahoo PSEI.PS
2012-02-07,4755.98,Yahoo PSEI.PS
2012-02-08,4805.80,Yahoo PSEI.PS
2012-02-09,4769.62,Yahoo PSEI.PS
2012-02-10,4783.52,Yahoo PSEI.PS
2012-02-13,4802.03,Yahoo PSEI.PS
2012-02-14,4775.93,Yahoo PSEI.PS
2012-02-15,4772.47,Yahoo PSEI.PS
2012-02-16,4766.57,Yahoo PSEI.PS
2012-02-17,4880.71,Yahoo PSEI.PS
2012-02-20,4943.84,Yahoo PSEI.PS
2012-02-21,4900.94,Yahoo PSEI.PS
2012-02-22,4934.29,Yahoo PSEI.PS
2012-02-23,4893.48,Yahoo PSEI.PS
2012-02-24,4893.00,Yahoo PSEI.PS
2012-02-27,4799.29,Yahoo PSEI.PS
2012-02-28,4820.43,Yahoo PSEI.PS
2012-02-29,4897.65,Yahoo PSEI.PS
2012-03-01,4938.61,Yahoo PSEI.PS
2012-03-02,5016.30,Yahoo PSEI.PS
2012-03-05,5030.58,Yahoo PSEI.PS
2012-03-06,4967.39,Yahoo PSEI.PS
2012-03-07,4921.36,Yahoo PSEI.PS
2012-03-08,4956.19,Yahoo PSEI.PS
2012-03-09,4980.71,Yahoo PSEI.PS
2012-03-12,4975.17,Yahoo PSEI.PS
2012-03-13,5005.75,Yahoo PSEI.PS
2012-03-14,5050.99,Yahoo PSEI.PS
2012-03-15,5031.78,Yahoo PSEI.PS
2012-03-16,5145.89,Yahoo PSEI.PS
2012-03-19,5127.00,Yahoo PSEI.PS
2012-03-20,5102.24,Yahoo PSEI.PS
2012-03-21,5037.94,Yahoo PSEI.PS
2012-03-22,5043.52,Yahoo PSEI.PS
2012-03-23,5042.44,Yahoo PSEI.PS
2012-03-26,5029.63,Yahoo PSEI.PS
2012-03-27,5078.10,Yahoo PSEI.PS
2012-03-28,5067.66,Yahoo PSEI.PS
2012-03-29,5085.24,Yahoo PSEI.PS
2012-03-30,5107.73,Yahoo PSEI.PS
2012-04-02,5110.86,Yahoo PSEI.PS
2012-04-03,5056.48,Yahoo PSEI.PS
2012-04-04,5038.92,Yahoo PSEI.PS
2012-04-10,5022.29,Yahoo PSEI.PS
2012-04-11,5017.44,Yahoo PSEI.PS
2012-04-12,5046.78,Yahoo PSEI.PS
2012-04-13,5097.30,Yahoo PSEI.PS
2012-04-16,5117.46,Yahoo PSEI.PS
2012-04-17,5157.28,Yahoo PSEI.PS
2012-04-18,5186.20,Yahoo PSEI.PS
2012-04-19,5173.28,Yahoo PSEI.PS
2012-04-20,5156.46,Yahoo PSEI.PS
2012-04-23,5163.09,Yahoo PSEI.PS
2012-04-24,5169.60,Yahoo PSEI.PS
2012-04-25,5204.84,Yahoo PSEI.PS
2012-04-26,5218.97,Yahoo PSEI.PS
2012-04-27,5169.05,Yahoo PSEI.PS
2012-04-30,5202.70,Yahoo PSEI.PS
2012-05-02,5228.84,Yahoo PSEI.PS
2012-05-03,5300.41,Yahoo PSEI.PS
2012-05-04,5297.55,Yahoo PSEI.PS
2012-05-07,5229.53,Yahoo PSEI.PS
2012-05-08,5242.06,Yahoo PSEI.PS
2012-05-09,5214.79,Yahoo PSEI.PS
2012-05-10,5192.10,Yahoo PSEI.PS
2012-05-11,5158.14,Yahoo PSEI.PS
2012-05-14,5083.62,Yahoo PSEI.PS
2012-05-15,4977.45,Yahoo PSEI.PS
2012-05-16,4864.23,Yahoo PSEI.PS
2012-05-17,5017.02,Yahoo PSEI.PS
2012-05-18,4879.42,Yahoo PSEI.PS
2012-05-21,4954.00,Yahoo PSEI.PS
2012-05-22,4958.43,Yahoo PSEI.PS
2012-05-23,4928.53,Yahoo PSEI.PS
2012-05-24,4904.22,Yahoo PSEI.PS
2012-05-25,4925.97,Yahoo PSEI.PS
2012-05-28,4952.74,Yahoo PSEI.PS
2012-05-29,5023.11,Yahoo PSEI.PS
2012-05-30,5018.32,Yahoo PSEI.PS
2012-05-31,5091.23,Yahoo PSEI.PS
2012-06-01,5062.44,Yahoo PSEI.PS
2012-06-04,4890.20,Yahoo PSEI.PS
2012-06-05,4925.67,Yahoo PSEI.PS
2012-06-06,4966.58,Yahoo PSEI.PS
2012-06-07,5022.95,Yahoo PSEI.PS
2012-06-08,4994.07,Yahoo PSEI.PS
2012-06-11,5075.85,Yahoo PSEI.PS
2012-06-13,5109.61,Yahoo PSEI.PS
2012-06-14,5020.85,Yahoo PSEI.PS
2012-06-15,4930.63,Yahoo PSEI.PS
2012-06-18,5050.41,Yahoo PSEI.PS
2012-06-19,5081.61,Yahoo PSEI.PS
2012-06-20,5146.46,Yahoo PSEI.PS
2012-06-21,5109.43,Yahoo PSEI.PS
2012-06-22,5120.07,Yahoo PSEI.PS
2012-06-25,5167.20,Yahoo PSEI.PS
2012-06-26,5193.84,Yahoo PSEI.PS
2012-06-27,5257.92,Yahoo PSEI.PS
2012-06-28,5256.15,Yahoo PSEI.PS
2012-06-29,5246.41,Yahoo PSEI.PS
2012-07-02,5300.24,Yahoo PSEI.PS
2012-07-03,5365.70,Yahoo PSEI.PS
2012-07-04,5354.72,Yahoo PSEI.PS
2012-07-05,5369.98,Yahoo PSEI.PS
2012-07-06,5362.68,Yahoo PSEI.PS
2012-07-09,5263.74,Yahoo PSEI.PS
2012-07-10,5240.28,Yahoo PSEI.PS
2012-07-11,5235.44,Yahoo PSEI.PS
2012-07-12,5205.19,Yahoo PSEI.PS
2012-07-13,5214.52,Yahoo PSEI.PS
2012-07-16,5297.99,Yahoo PSEI.PS
2012-07-17,5285.12,Yahoo PSEI.PS
2012-07-18,5220.55,Yahoo PSEI.PS
2012-07-19,5189.37,Yahoo PSEI.PS
2012-07-20,5210.89,Yahoo PSEI.PS
2012-07-23,5139.40,Yahoo PSEI.PS
2012-07-24,5159.74,Yahoo PSEI.PS
2012-07-25,5161.80,Yahoo PSEI.PS
2012-07-26,5152.56,Yahoo PSEI.PS
2012-07-27,5219.55,Yahoo PSEI.PS
2012-07-30,5277.90,Yahoo PSEI.PS
2012-07-31,5307.66,Yahoo PSEI.PS
2012-08-01,5298.72,Yahoo PSEI.PS
2012-08-02,5293.40,Yahoo PSEI.PS
2012-08-03,5285.91,Yahoo PSEI.PS
2012-08-06,5284.16,Yahoo PSEI.PS
2012-08-08,5308.67,Yahoo PSEI.PS
2012-08-09,5256.61,Yahoo PSEI.PS
2012-08-10,5263.35,Yahoo PSEI.PS
2012-08-13,5271.78,Yahoo PSEI.PS
2012-08-14,5265.94,Yahoo PSEI.PS
2012-08-15,5266.66,Yahoo PSEI.PS
2012-08-16,5219.51,Yahoo PSEI.PS
2012-08-17,5206.81,Yahoo PSEI.PS
2012-08-22,5152.15,Yahoo PSEI.PS
2012-08-23,5202.84,Yahoo PSEI.PS
2012-08-24,5143.35,Yahoo PSEI.PS
2012-08-28,5175.62,Yahoo PSEI.PS
2012-08-29,5195.72,Yahoo PSEI.PS
2012-08-30,5149.31,Yahoo PSEI.PS
2012-08-31,5196.19,Yahoo PSEI.PS
2012-09-03,5219.08,Yahoo PSEI.PS
2012-09-04,5175.87,Yahoo PSEI.PS
2012-09-05,5150.81,Yahoo PSEI.PS
2012-09-06,5150.11,Yahoo PSEI.PS
2012-09-07,5201.32,Yahoo PSEI.PS
2012-09-10,5190.81,Yahoo PSEI.PS
2012-09-11,5186.05,Yahoo PSEI.PS
2012-09-12,5207.10,Yahoo PSEI.PS
2012-09-13,5240.50,Yahoo PSEI.PS
2012-09-14,5322.47,Yahoo PSEI.PS
2012-09-17,5350.90,Yahoo PSEI.PS
2012-09-18,5331.13,Yahoo PSEI.PS
2012-09-19,5317.03,Yahoo PSEI.PS
2012-09-20,5294.97,Yahoo PSEI.PS
2012-09-21,5292.06,Yahoo PSEI.PS
2012-09-24,5325.60,Yahoo PSEI.PS
2012-09-25,5325.17,Yahoo PSEI.PS
2012-09-26,5292.63,Yahoo PSEI.PS
2012-09-27,5301.49,Yahoo PSEI.PS
2012-09-28,5346.10,Yahoo PSEI.PS
2012-10-01,5308.52,Yahoo PSEI.PS
2012-10-02,5348.68,Yahoo PSEI.PS
2012-10-03,5375.52,Yahoo PSEI.PS
2012-10-04,5443.74,Yahoo PSEI.PS
2012-10-05,5439.84,Yahoo PSEI.PS
2012-10-08,5434.13,Yahoo PSEI.PS
2012-10-09,5394.90,Yahoo PSEI.PS
2012-10-10,5369.60,Yahoo PSEI.PS
2012-10-11,5353.47,Yahoo PSEI.PS
2012-10-12,5369.72,Yahoo PSEI.PS
2012-10-15,5383.22,Yahoo PSEI.PS
2012-10-16,5399.94,Yahoo PSEI.PS
2012-10-17,5438.38,Yahoo PSEI.PS
2012-10-18,5435.94,Yahoo PSEI.PS
2012-10-19,5432.36,Yahoo PSEI.PS
2012-10-22,5424.79,Yahoo PSEI.PS
2012-10-23,5432.32,Yahoo PSEI.PS
2012-10-24,5398.69,Yahoo PSEI.PS
2012-10-25,5405.16,Yahoo PSEI.PS
2012-10-29,5397.42,Yahoo PSEI.PS
2012-10-30,5426.67,Yahoo PSEI.PS
2012-10-31,5424.51,Yahoo PSEI.PS
2012-11-05,5457.82,Yahoo PSEI.PS
2012-11-06,5473.61,Yahoo PSEI.PS
2012-11-07,5437.29,Yahoo PSEI.PS
2012-11-08,5446.71,Yahoo PSEI.PS
2012-11-09,5468.79,Yahoo PSEI.PS
2012-11-12,5470.70,Yahoo PSEI.PS
2012-11-13,5455.92,Yahoo PSEI.PS
2012-11-14,5451.09,Yahoo PSEI.PS
2012-11-15,5414.82,Yahoo PSEI.PS
2012-11-16,5439.28,Yahoo PSEI.PS
2012-11-19,5449.55,Yahoo PSEI.PS
2012-11-20,5500.58,Yahoo PSEI.PS
2012-11-21,5534.18,Yahoo PSEI.PS
2012-11-22,5513.37,Yahoo PSEI.PS
2012-11-23,5552.34,Yahoo PSEI.PS
2012-11-26,5579.42,Yahoo PSEI.PS
2012-11-27,5586.45,Yahoo PSEI.PS
2012-11-28,5633.72,Yahoo PSEI.PS
2012-11-29,5640.45,Yahoo PSEI.PS
2012-12-03,5672.70,Yahoo PSEI.PS
2012-12-04,5706.28,Yahoo PSEI.PS
2012-12-05,5687.72,Yahoo PSEI.PS
2012-12-06,5763.64,Yahoo PSEI.PS
2012-12-07,5794.20,Yahoo PSEI.PS
2012-12-10,5757.54,Yahoo PSEI.PS
2012-12-11,5831.50,Yahoo PSEI.PS
2012-12-12,5819.79,Yahoo PSEI.PS
2012-12-13,5787.95,Yahoo PSEI.PS
2012-12-14,5707.11,Yahoo PSEI.PS
2012-12-17,5623.85,Yahoo PSEI.PS
2012-12-18,5636.59,Yahoo PSEI.PS
2012-12-19,5752.39,Yahoo PSEI.PS
2012-12-20,5797.74,Yahoo PSEI.PS
2012-12-21,5823.94,Yahoo PSEI.PS
2012-12-26,5832.83,Yahoo PSEI.PS
2012-12-27,5794.89,Yahoo PSEI.PS
2012-12-28,5812.73,Yahoo PSEI.PS
2013-01-02,5860.99,Yahoo PSEI.PS
2013-01-03,5934.05,Yahoo PSEI.PS
2013-01-04,5971.45,Yahoo PSEI.PS
2013-01-07,6044.91,Yahoo PSEI.PS
2013-01-08,6048.90,Yahoo PSEI.PS
2013-01-09,6091.18,Yahoo PSEI.PS
2013-01-10,6018.57,Yahoo PSEI.PS
2013-01-11,6051.75,Yahoo PSEI.PS
2013-01-14,6093.90,Yahoo PSEI.PS
2013-01-15,6087.67,Yahoo PSEI.PS
2013-01-16,6047.52,Yahoo PSEI.PS
2013-01-17,6072.18,Yahoo PSEI.PS
2013-01-18,6139.21,Yahoo PSEI.PS
2013-01-21,6171.70,Yahoo PSEI.PS
2013-01-22,6104.90,Yahoo PSEI.PS
2013-01-23,6092.53,Yahoo PSEI.PS
2013-01-24,6117.27,Yahoo PSEI.PS
2013-01-25,6167.64,Yahoo PSEI.PS
2013-01-28,6192.42,Yahoo PSEI.PS
2013-01-29,6234.73,Yahoo PSEI.PS
2013-01-30,6271.23,Yahoo PSEI.PS
2013-01-31,6242.74,Yahoo PSEI.PS
2013-02-01,6318.61,Yahoo PSEI.PS
2013-02-04,6435.98,Yahoo PSEI.PS
2013-02-05,6470.49,Yahoo PSEI.PS
2013-02-06,6431.35,Yahoo PSEI.PS
2013-02-07,6459.99,Yahoo PSEI.PS
2013-02-08,6458.67,Yahoo PSEI.PS
2013-02-11,6458.01,Yahoo PSEI.PS
2013-02-12,6459.93,Yahoo PSEI.PS
2013-02-13,6527.99,Yahoo PSEI.PS
2013-02-14,6513.41,Yahoo PSEI.PS
2013-02-15,6521.64,Yahoo PSEI.PS
2013-02-18,6565.23,Yahoo PSEI.PS
2013-02-19,6620.72,Yahoo PSEI.PS
2013-02-20,6648.57,Yahoo PSEI.PS
2013-02-21,6667.41,Yahoo PSEI.PS
2013-02-22,6665.06,Yahoo PSEI.PS
2013-02-25,6721.33,Yahoo PSEI.PS
2013-02-26,6630.67,Yahoo PSEI.PS
2013-02-27,6616.27,Yahoo PSEI.PS
2013-02-28,6721.45,Yahoo PSEI.PS
2013-03-01,6642.27,Yahoo PSEI.PS
2013-03-04,6637.56,Yahoo PSEI.PS
2013-03-05,6711.72,Yahoo PSEI.PS
2013-03-06,6835.21,Yahoo PSEI.PS
2013-03-07,6725.13,Yahoo PSEI.PS
2013-03-08,6833.77,Yahoo PSEI.PS
2013-03-11,6813.95,Yahoo PSEI.PS
2013-03-12,6786.42,Yahoo PSEI.PS
2013-03-13,6776.56,Yahoo PSEI.PS
2013-03-14,6694.71,Yahoo PSEI.PS
2013-03-15,6654.60,Yahoo PSEI.PS
2013-03-18,6536.18,Yahoo PSEI.PS
2013-03-19,6426.25,Yahoo PSEI.PS
2013-03-20,6419.62,Yahoo PSEI.PS
2013-03-21,6472.98,Yahoo PSEI.PS
2013-03-22,6518.71,Yahoo PSEI.PS
2013-03-25,6597.59,Yahoo PSEI.PS
2013-03-26,6665.12,Yahoo PSEI.PS
2013-03-27,6847.47,Yahoo PSEI.PS
2013-04-01,6839.59,Yahoo PSEI.PS
2013-04-02,6748.43,Yahoo PSEI.PS
2013-04-03,6815.30,Yahoo PSEI.PS
2013-04-04,6783.72,Yahoo PSEI.PS
2013-04-05,6727.14,Yahoo PSEI.PS
2013-04-08,6732.22,Yahoo PSEI.PS
2013-04-10,6815.84,Yahoo PSEI.PS
2013-04-11,6831.74,Yahoo PSEI.PS
2013-04-12,6891.43,Yahoo PSEI.PS
2013-04-15,6837.77,Yahoo PSEI.PS
2013-04-16,6786.33,Yahoo PSEI.PS
2013-04-17,6850.26,Yahoo PSEI.PS
2013-04-18,6857.48,Yahoo PSEI.PS
2013-04-19,6957.10,Yahoo PSEI.PS
2013-04-22,7120.48,Yahoo PSEI.PS
2013-04-23,6982.36,Yahoo PSEI.PS
2013-04-24,6972.69,Yahoo PSEI.PS
2013-04-25,6995.46,Yahoo PSEI.PS
2013-04-26,7025.44,Yahoo PSEI.PS
2013-04-29,7028.35,Yahoo PSEI.PS
2013-04-30,7070.99,Yahoo PSEI.PS
2013-05-02,7093.42,Yahoo PSEI.PS
2013-05-03,7215.35,Yahoo PSEI.PS
2013-05-06,7170.65,Yahoo PSEI.PS
2013-05-07,7146.12,Yahoo PSEI.PS
2013-05-08,7181.30,Yahoo PSEI.PS
2013-05-09,7194.43,Yahoo PSEI.PS
2013-05-10,7262.38,Yahoo PSEI.PS
2013-05-14,7313.46,Yahoo PSEI.PS
2013-05-15,7392.20,Yahoo PSEI.PS
2013-05-16,7310.94,Yahoo PSEI.PS
2013-05-17,7279.87,Yahoo PSEI.PS
2013-05-20,7275.38,Yahoo PSEI.PS
2013-05-21,7327.58,Yahoo PSEI.PS
2013-05-22,7385.07,Yahoo PSEI.PS
2013-05-23,7314.38,Yahoo PSEI.PS
2013-05-24,7268.91,Yahoo PSEI.PS
2013-05-27,7097.51,Yahoo PSEI.PS
2013-05-28,7113.22,Yahoo PSEI.PS
2013-05-29,7228.57,Yahoo PSEI.PS
2013-05-30,6953.35,Yahoo PSEI.PS
2013-05-31,7021.95,Yahoo PSEI.PS
2013-06-03,6763.38,Yahoo PSEI.PS
2013-06-04,6673.47,Yahoo PSEI.PS
2013-06-05,6557.89,Yahoo PSEI.PS
2013-06-06,6609.01,Yahoo PSEI.PS
2013-06-07,6701.95,Yahoo PSEI.PS
2013-06-10,6875.60,Yahoo PSEI.PS
2013-06-11,6556.65,Yahoo PSEI.PS
2013-06-13,6114.08,Yahoo PSEI.PS
2013-06-14,6242.26,Yahoo PSEI.PS
2013-06-17,6339.41,Yahoo PSEI.PS
2013-06-18,6518.77,Yahoo PSEI.PS
2013-06-19,6513.20,Yahoo PSEI.PS
2013-06-20,6326.67,Yahoo PSEI.PS
2013-06-21,6182.17,Yahoo PSEI.PS
2013-06-24,5971.05,Yahoo PSEI.PS
2013-06-25,5789.06,Yahoo PSEI.PS
2013-06-26,6118.94,Yahoo PSEI.PS
2013-06-27,6328.00,Yahoo PSEI.PS
2013-06-28,6465.28,Yahoo PSEI.PS
2013-07-01,6526.62,Yahoo PSEI.PS
2013-07-02,6448.18,Yahoo PSEI.PS
2013-07-03,6480.12,Yahoo PSEI.PS
2013-07-04,6464.26,Yahoo PSEI.PS
2013-07-05,6500.48,Yahoo PSEI.PS
2013-07-08,6318.91,Yahoo PSEI.PS
2013-07-09,6327.02,Yahoo PSEI.PS
2013-07-10,6308.18,Yahoo PSEI.PS
2013-07-11,6407.36,Yahoo PSEI.PS
2013-07-12,6574.21,Yahoo PSEI.PS
2013-07-15,6619.95,Yahoo PSEI.PS
2013-07-16,6583.55,Yahoo PSEI.PS
2013-07-17,6574.72,Yahoo PSEI.PS
2013-07-18,6648.35,Yahoo PSEI.PS
2013-07-19,6621.02,Yahoo PSEI.PS
2013-07-22,6627.36,Yahoo PSEI.PS
2013-07-23,6743.21,Yahoo PSEI.PS
2013-07-24,6804.16,Yahoo PSEI.PS
2013-07-25,6800.11,Yahoo PSEI.PS
2013-07-26,6763.62,Yahoo PSEI.PS
2013-07-29,6717.66,Yahoo PSEI.PS
2013-07-30,6728.00,Yahoo PSEI.PS
2013-07-31,6639.12,Yahoo PSEI.PS
2013-08-01,6661.44,Yahoo PSEI.PS
2013-08-02,6533.95,Yahoo PSEI.PS
2013-08-05,6509.73,Yahoo PSEI.PS
2013-08-06,6420.78,Yahoo PSEI.PS
2013-08-07,6420.79,Yahoo PSEI.PS
2013-08-08,6404.23,Yahoo PSEI.PS
2013-08-12,6443.81,Yahoo PSEI.PS
2013-08-13,6554.62,Yahoo PSEI.PS
2013-08-14,6656.61,Yahoo PSEI.PS
2013-08-15,6580.71,Yahoo PSEI.PS
2013-08-16,6525.95,Yahoo PSEI.PS
2013-08-22,6136.73,Yahoo PSEI.PS
2013-08-23,6161.21,Yahoo PSEI.PS
2013-08-27,5916.99,Yahoo PSEI.PS
2013-08-28,5738.06,Yahoo PSEI.PS
2013-08-29,5944.21,Yahoo PSEI.PS
2013-08-30,6075.17,Yahoo PSEI.PS
2013-09-02,6061.80,Yahoo PSEI.PS
2013-09-03,6083.91,Yahoo PSEI.PS
2013-09-04,5968.33,Yahoo PSEI.PS
2013-09-05,5959.22,Yahoo PSEI.PS
2013-09-06,5974.62,Yahoo PSEI.PS
2013-09-09,5997.04,Yahoo PSEI.PS
2013-09-10,6089.72,Yahoo PSEI.PS
2013-09-11,6214.90,Yahoo PSEI.PS
2013-09-12,6195.61,Yahoo PSEI.PS
2013-09-13,6133.24,Yahoo PSEI.PS
2013-09-16,6302.71,Yahoo PSEI.PS
2013-09-17,6344.14,Yahoo PSEI.PS
2013-09-18,6333.96,Yahoo PSEI.PS
2013-09-19,6511.70,Yahoo PSEI.PS
2013-09-20,6424.45,Yahoo PSEI.PS
2013-09-23,6477.94,Yahoo PSEI.PS
2013-09-24,6461.38,Yahoo PSEI.PS
2013-09-25,6420.42,Yahoo PSEI.PS
2013-09-26,6407.46,Yahoo PSEI.PS
2013-09-27,6379.81,Yahoo PSEI.PS
2013-09-30,6191.80,Yahoo PSEI.PS
2013-10-01,6197.84,Yahoo PSEI.PS
2013-10-02,6362.26,Yahoo PSEI.PS
2013-10-03,6387.65,Yahoo PSEI.PS
2013-10-04,6390.48,Yahoo PSEI.PS
2013-10-07,6443.21,Yahoo PSEI.PS
2013-10-08,6454.86,Yahoo PSEI.PS
2013-10-09,6377.75,Yahoo PSEI.PS
2013-10-10,6435.97,Yahoo PSEI.PS
2013-10-11,6489.80,Yahoo PSEI.PS
2013-10-14,6442.70,Yahoo PSEI.PS
2013-10-16,6483.57,Yahoo PSEI.PS
2013-10-17,6560.88,Yahoo PSEI.PS
2013-10-18,6607.83,Yahoo PSEI.PS
2013-10-21,6597.56,Yahoo PSEI.PS
2013-10-22,6603.60,Yahoo PSEI.PS
2013-10-23,6635.11,Yahoo PSEI.PS
2013-10-24,6583.77,Yahoo PSEI.PS
2013-10-25,6539.81,Yahoo PSEI.PS
2013-10-29,6543.46,Yahoo PSEI.PS
2013-10-30,6597.21,Yahoo PSEI.PS
2013-10-31,6585.38,Yahoo PSEI.PS
2013-11-04,6543.39,Yahoo PSEI.PS
2013-11-05,6519.58,Yahoo PSEI.PS
2013-11-06,6477.30,Yahoo PSEI.PS
2013-11-07,6436.49,Yahoo PSEI.PS
2013-11-08,6355.18,Yahoo PSEI.PS
2013-11-11,6265.23,Yahoo PSEI.PS
2013-11-12,6324.17,Yahoo PSEI.PS
2013-11-13,6320.96,Yahoo PSEI.PS
2013-11-14,6327.88,Yahoo PSEI.PS
2013-11-15,6346.40,Yahoo PSEI.PS
2013-11-18,6343.25,Yahoo PSEI.PS
2013-11-19,6267.85,Yahoo PSEI.PS
2013-11-20,6155.34,Yahoo PSEI.PS
2013-11-21,6122.89,Yahoo PSEI.PS
2013-11-22,6084.84,Yahoo PSEI.PS
2013-11-25,6004.26,Yahoo PSEI.PS
2013-11-26,6025.37,Yahoo PSEI.PS
2013-11-27,6053.87,Yahoo PSEI.PS
2013-11-28,6169.96,Yahoo PSEI.PS
2013-11-29,6208.82,Yahoo PSEI.PS
2013-12-02,6223.37,Yahoo PSEI.PS
2013-12-03,6179.50,Yahoo PSEI.PS
2013-12-04,6105.23,Yahoo PSEI.PS
2013-12-05,6030.95,Yahoo PSEI.PS
2013-12-06,6014.94,Yahoo PSEI.PS
2013-12-09,6008.94,Yahoo PSEI.PS
2013-12-10,5886.40,Yahoo PSEI.PS
2013-12-11,5888.74,Yahoo PSEI.PS
2013-12-12,5762.53,Yahoo PSEI.PS
2013-12-13,5767.13,Yahoo PSEI.PS
2013-12-16,5812.54,Yahoo PSEI.PS
2013-12-17,5928.99,Yahoo PSEI.PS
2013-12-18,5961.55,Yahoo PSEI.PS
2013-12-19,5923.12,Yahoo PSEI.PS
2013-12-20,5835.13,Yahoo PSEI.PS
2013-12-23,5854.88,Yahoo PSEI.PS
2013-12-26,5878.32,Yahoo PSEI.PS
2013-12-27,5889.83,Yahoo PSEI.PS
2014-01-02,5984.26,Yahoo PSEI.PS
2014-01-03,5947.93,Yahoo PSEI.PS
2014-01-06,5985.81,Yahoo PSEI.PS
2014-01-07,5947.44,Yahoo PSEI.PS
2014-01-08,5986.48,Yahoo PSEI.PS
2014-01-09,5937.51,Yahoo PSEI.PS
2014-01-10,5842.88,Yahoo PSEI.PS
2014-01-13,5940.67,Yahoo PSEI.PS
2014-01-14,5935.56,Yahoo PSEI.PS
2014-01-15,5958.12,Yahoo PSEI.PS
2014-01-16,5982.24,Yahoo PSEI.PS
2014-01-17,5987.09,Yahoo PSEI.PS
2014-01-20,6005.60,Yahoo PSEI.PS
2014-01-21,6019.24,Yahoo PSEI.PS
2014-01-22,6139.86,Yahoo PSEI.PS
2014-01-23,6170.05,Yahoo PSEI.PS
2014-01-24,6191.50,Yahoo PSEI.PS
2014-01-27,6081.61,Yahoo PSEI.PS
2014-01-28,6022.81,Yahoo PSEI.PS
2014-01-29,6069.84,Yahoo PSEI.PS
2014-01-30,6041.19,Yahoo PSEI.PS
2014-02-03,6015.30,Yahoo PSEI.PS
2014-02-04,5886.01,Yahoo PSEI.PS
2014-02-05,5908.41,Yahoo PSEI.PS
2014-02-06,5914.59,Yahoo PSEI.PS
2014-02-07,6011.14,Yahoo PSEI.PS
2014-02-10,6042.25,Yahoo PSEI.PS
2014-02-11,6106.03,Yahoo PSEI.PS
2014-02-12,6112.31,Yahoo PSEI.PS
2014-02-13,6101.72,Yahoo PSEI.PS
2014-02-14,6113.66,Yahoo PSEI.PS
2014-02-18,6193.97,Yahoo PSEI.PS
2014-02-19,6294.62,Yahoo PSEI.PS
2014-02-20,6352.76,Yahoo PSEI.PS
2014-02-21,6308.36,Yahoo PSEI.PS
2014-02-24,6296.32,Yahoo PSEI.PS
2014-02-26,6322.60,Yahoo PSEI.PS
2014-02-27,6354.79,Yahoo PSEI.PS
2014-02-28,6424.99,Yahoo PSEI.PS
2014-03-03,6407.52,Yahoo PSEI.PS
2014-03-04,6394.60,Yahoo PSEI.PS
2014-03-05,6456.14,Yahoo PSEI.PS
2014-03-06,6516.82,Yahoo PSEI.PS
2014-03-07,6481.83,Yahoo PSEI.PS
2014-03-10,6487.23,Yahoo PSEI.PS
2014-03-11,6529.58,Yahoo PSEI.PS
2014-03-12,6462.47,Yahoo PSEI.PS
2014-03-13,6429.79,Yahoo PSEI.PS
2014-03-14,6391.24,Yahoo PSEI.PS
2014-03-17,6399.99,Yahoo PSEI.PS
2014-03-18,6466.55,Yahoo PSEI.PS
2014-03-19,6462.49,Yahoo PSEI.PS
2014-03-20,6417.35,Yahoo PSEI.PS
2014-03-21,6339.26,Yahoo PSEI.PS
2014-03-24,6400.67,Yahoo PSEI.PS
2014-03-25,6336.34,Yahoo PSEI.PS
2014-03-26,6348.50,Yahoo PSEI.PS
2014-03-27,6315.69,Yahoo PSEI.PS
2014-03-28,6359.62,Yahoo PSEI.PS
2014-03-31,6428.71,Yahoo PSEI.PS
2014-04-01,6514.72,Yahoo PSEI.PS
2014-04-02,6587.72,Yahoo PSEI.PS
2014-04-03,6587.08,Yahoo PSEI.PS
2014-04-04,6561.20,Yahoo PSEI.PS
2014-04-07,6614.40,Yahoo PSEI.PS
2014-04-08,6587.49,Yahoo PSEI.PS
2014-04-10,6638.89,Yahoo PSEI.PS
2014-04-11,6596.96,Yahoo PSEI.PS
2014-04-14,6589.55,Yahoo PSEI.PS
2014-04-15,6621.66,Yahoo PSEI.PS
2014-04-16,6671.18,Yahoo PSEI.PS
2014-04-21,6767.51,Yahoo PSEI.PS
2014-04-22,6784.95,Yahoo PSEI.PS
2014-04-23,6769.52,Yahoo PSEI.PS
2014-04-24,6731.33,Yahoo PSEI.PS
2014-04-25,6685.10,Yahoo PSEI.PS
2014-04-28,6604.35,Yahoo PSEI.PS
2014-04-29,6636.45,Yahoo PSEI.PS
2014-04-30,6707.91,Yahoo PSEI.PS
2014-05-02,6742.97,Yahoo PSEI.PS
2014-05-05,6766.46,Yahoo PSEI.PS
2014-05-06,6765.93,Yahoo PSEI.PS
2014-05-07,6748.51,Yahoo PSEI.PS
2014-05-08,6765.21,Yahoo PSEI.PS
2014-05-09,6847.26,Yahoo PSEI.PS
2014-05-12,6811.34,Yahoo PSEI.PS
2014-05-13,6852.81,Yahoo PSEI.PS
2014-05-14,6880.44,Yahoo PSEI.PS
2014-05-15,6849.33,Yahoo PSEI.PS
2014-05-16,6817.71,Yahoo PSEI.PS
2014-05-19,6870.90,Yahoo PSEI.PS
2014-05-20,6882.73,Yahoo PSEI.PS
2014-05-21,6762.38,Yahoo PSEI.PS
2014-05-22,6830.58,Yahoo PSEI.PS
2014-05-23,6811.33,Yahoo PSEI.PS
2014-05-26,6790.42,Yahoo PSEI.PS
2014-05-27,6780.26,Yahoo PSEI.PS
2014-05-28,6787.88,Yahoo PSEI.PS
2014-05-29,6676.67,Yahoo PSEI.PS
2014-05-30,6647.65,Yahoo PSEI.PS
2014-06-02,6710.40,Yahoo PSEI.PS
2014-06-03,6800.84,Yahoo PSEI.PS
2014-06-04,6766.57,Yahoo PSEI.PS
2014-06-05,6772.44,Yahoo PSEI.PS
2014-06-06,6762.62,Yahoo PSEI.PS
2014-06-09,6802.73,Yahoo PSEI.PS
2014-06-10,6777.98,Yahoo PSEI.PS
2014-06-11,6809.18,Yahoo PSEI.PS
2014-06-13,6784.95,Yahoo PSEI.PS
2014-06-16,6758.45,Yahoo PSEI.PS
2014-06-17,6704.93,Yahoo PSEI.PS
2014-06-18,6703.13,Yahoo PSEI.PS
2014-06-19,6699.39,Yahoo PSEI.PS
2014-06-20,6730.96,Yahoo PSEI.PS
2014-06-23,6761.99,Yahoo PSEI.PS
2014-06-24,6793.07,Yahoo PSEI.PS
2014-06-25,6834.68,Yahoo PSEI.PS
2014-06-26,6892.18,Yahoo PSEI.PS
2014-06-27,6842.15,Yahoo PSEI.PS
2014-06-30,6844.31,Yahoo PSEI.PS
2014-07-01,6826.61,Yahoo PSEI.PS
2014-07-02,6850.60,Yahoo PSEI.PS
2014-07-03,6899.31,Yahoo PSEI.PS
2014-07-04,6962.28,Yahoo PSEI.PS
2014-07-07,6999.10,Yahoo PSEI.PS
2014-07-08,6948.52,Yahoo PSEI.PS
2014-07-09,6903.79,Yahoo PSEI.PS
2014-07-10,6937.21,Yahoo PSEI.PS
2014-07-11,6901.09,Yahoo PSEI.PS
2014-07-14,6830.37,Yahoo PSEI.PS
2014-07-15,6834.04,Yahoo PSEI.PS
2014-07-17,6867.36,Yahoo PSEI.PS
2014-07-18,6853.07,Yahoo PSEI.PS
2014-07-21,6874.88,Yahoo PSEI.PS
2014-07-22,6869.94,Yahoo PSEI.PS
2014-07-23,6892.92,Yahoo PSEI.PS
2014-07-24,6889.89,Yahoo PSEI.PS
2014-07-25,6889.55,Yahoo PSEI.PS
2014-07-28,6850.47,Yahoo PSEI.PS
2014-07-30,6867.59,Yahoo PSEI.PS
2014-07-31,6864.82,Yahoo PSEI.PS
2014-08-01,6894.23,Yahoo PSEI.PS
2014-08-04,6998.37,Yahoo PSEI.PS
2014-08-05,6974.00,Yahoo PSEI.PS
2014-08-06,6948.97,Yahoo PSEI.PS
2014-08-07,6955.21,Yahoo PSEI.PS
2014-08-08,6880.34,Yahoo PSEI.PS
2014-08-11,6956.66,Yahoo PSEI.PS
2014-08-12,6983.49,Yahoo PSEI.PS
2014-08-13,6986.24,Yahoo PSEI.PS
2014-08-14,7061.00,Yahoo PSEI.PS
2014-08-15,7008.51,Yahoo PSEI.PS
2014-08-18,7027.58,Yahoo PSEI.PS
2014-08-19,7082.75,Yahoo PSEI.PS
2014-08-20,7096.49,Yahoo PSEI.PS
2014-08-22,7133.09,Yahoo PSEI.PS
2014-08-26,7146.35,Yahoo PSEI.PS
2014-08-27,7160.46,Yahoo PSEI.PS
2014-08-28,7100.70,Yahoo PSEI.PS
2014-08-29,7050.89,Yahoo PSEI.PS
2014-09-01,7083.49,Yahoo PSEI.PS
2014-09-02,7106.56,Yahoo PSEI.PS
2014-09-03,7206.02,Yahoo PSEI.PS
2014-09-04,7204.11,Yahoo PSEI.PS
2014-09-05,7263.58,Yahoo PSEI.PS
2014-09-08,7314.94,Yahoo PSEI.PS
2014-09-09,7253.67,Yahoo PSEI.PS
2014-09-10,7212.78,Yahoo PSEI.PS
2014-09-11,7202.06,Yahoo PSEI.PS
2014-09-12,7201.88,Yahoo PSEI.PS
2014-09-15,7161.27,Yahoo PSEI.PS
2014-09-16,7180.34,Yahoo PSEI.PS
2014-09-17,7231.84,Yahoo PSEI.PS
2014-09-18,7287.29,Yahoo PSEI.PS
2014-09-22,7279.86,Yahoo PSEI.PS
2014-09-23,7271.62,Yahoo PSEI.PS
2014-09-24,7355.29,Yahoo PSEI.PS
2014-09-25,7294.21,Yahoo PSEI.PS
2014-09-26,7261.30,Yahoo PSEI.PS
2014-09-29,7265.36,Yahoo PSEI.PS
2014-09-30,7283.07,Yahoo PSEI.PS
2014-10-01,7268.06,Yahoo PSEI.PS
2014-10-02,7196.26,Yahoo PSEI.PS
2014-10-03,7247.03,Yahoo PSEI.PS
2014-10-07,7239.38,Yahoo PSEI.PS
2014-10-08,7185.68,Yahoo PSEI.PS
2014-10-09,7201.89,Yahoo PSEI.PS
2014-10-10,7167.35,Yahoo PSEI.PS
2014-10-13,6968.09,Yahoo PSEI.PS
2014-10-14,6946.06,Yahoo PSEI.PS
2014-10-15,6991.19,Yahoo PSEI.PS
2014-10-16,7028.58,Yahoo PSEI.PS
2014-10-17,7003.22,Yahoo PSEI.PS
2014-10-20,7057.53,Yahoo PSEI.PS
2014-10-21,7068.03,Yahoo PSEI.PS
2014-10-22,7154.22,Yahoo PSEI.PS
2014-10-23,7116.13,Yahoo PSEI.PS
2014-10-24,7103.55,Yahoo PSEI.PS
2014-10-27,7103.54,Yahoo PSEI.PS
2014-10-28,7066.74,Yahoo PSEI.PS
2014-10-29,7093.31,Yahoo PSEI.PS
2014-10-30,7170.99,Yahoo PSEI.PS
2014-10-31,7215.73,Yahoo PSEI.PS
2014-11-03,7312.85,Yahoo PSEI.PS
2014-11-04,7222.01,Yahoo PSEI.PS
2014-11-05,7208.81,Yahoo PSEI.PS
2014-11-06,7236.63,Yahoo PSEI.PS
2014-11-07,7205.72,Yahoo PSEI.PS
2014-11-10,7192.12,Yahoo PSEI.PS
2014-11-11,7204.55,Yahoo PSEI.PS
2014-11-12,7232.87,Yahoo PSEI.PS
2014-11-13,7198.63,Yahoo PSEI.PS
2014-11-14,7217.34,Yahoo PSEI.PS
2014-11-17,7229.72,Yahoo PSEI.PS
2014-11-18,7275.66,Yahoo PSEI.PS
2014-11-19,7269.49,Yahoo PSEI.PS
2014-11-20,7268.95,Yahoo PSEI.PS
2014-11-21,7276.18,Yahoo PSEI.PS
2014-11-24,7325.13,Yahoo PSEI.PS
2014-11-25,7286.85,Yahoo PSEI.PS
2014-11-26,7356.59,Yahoo PSEI.PS
2014-11-27,7265.34,Yahoo PSEI.PS
2014-11-28,7294.38,Yahoo PSEI.PS
2014-12-01,7331.73,Yahoo PSEI.PS
2014-12-02,7344.23,Yahoo PSEI.PS
2014-12-03,7360.75,Yahoo PSEI.PS
2014-12-04,7299.85,Yahoo PSEI.PS
2014-12-05,7230.56,Yahoo PSEI.PS
2014-12-09,7183.87,Yahoo PSEI.PS
2014-12-10,7175.08,Yahoo PSEI.PS
2014-12-11,7072.10,Yahoo PSEI.PS
2014-12-12,7224.21,Yahoo PSEI.PS
2014-12-15,7275.62,Yahoo PSEI.PS
2014-12-16,7160.38,Yahoo PSEI.PS
2014-12-17,6966.21,Yahoo PSEI.PS
2014-12-18,7029.28,Yahoo PSEI.PS
2014-12-19,7125.63,Yahoo PSEI.PS
2014-12-22,7139.27,Yahoo PSEI.PS
2014-12-23,7186.32,Yahoo PSEI.PS
2014-12-29,7230.57,Yahoo PSEI.PS
2015-01-05,7276.63,Yahoo PSEI.PS
2015-01-06,7277.74,Yahoo PSEI.PS
2015-01-07,7309.70,Yahoo PSEI.PS
2015-01-08,7367.63,Yahoo PSEI.PS
2015-01-09,7402.72,Yahoo PSEI.PS
2015-01-12,7358.36,Yahoo PSEI.PS
2015-01-13,7399.00,Yahoo PSEI.PS
2015-01-14,7490.88,Yahoo PSEI.PS
2015-01-19,7485.32,Yahoo PSEI.PS
2015-01-20,7452.81,Yahoo PSEI.PS
2015-01-21,7474.10,Yahoo PSEI.PS
2015-01-22,7416.31,Yahoo PSEI.PS
2015-01-23,7548.93,Yahoo PSEI.PS
2015-01-26,7586.67,Yahoo PSEI.PS
2015-01-27,7630.57,Yahoo PSEI.PS
2015-01-28,7661.18,Yahoo PSEI.PS
2015-01-29,7617.30,Yahoo PSEI.PS
2015-01-30,7689.91,Yahoo PSEI.PS
2015-02-02,7630.71,Yahoo PSEI.PS
2015-02-03,7613.15,Yahoo PSEI.PS
2015-02-04,7716.06,Yahoo PSEI.PS
2015-02-05,7674.24,Yahoo PSEI.PS
2015-02-06,7728.18,Yahoo PSEI.PS
2015-02-09,7782.57,Yahoo PSEI.PS
2015-02-10,7723.14,Yahoo PSEI.PS
2015-02-11,7686.43,Yahoo PSEI.PS
2015-02-12,7714.55,Yahoo PSEI.PS
2015-02-13,7773.45,Yahoo PSEI.PS
2015-02-16,7784.65,Yahoo PSEI.PS
2015-02-17,7793.40,Yahoo PSEI.PS
2015-02-18,7803.45,Yahoo PSEI.PS
2015-02-20,7825.39,Yahoo PSEI.PS
2015-02-23,7826.07,Yahoo PSEI.PS
2015-02-24,7834.86,Yahoo PSEI.PS
2015-02-25,7844.06,Yahoo PSEI.PS
2015-02-26,7764.39,Yahoo PSEI.PS
2015-02-27,7730.57,Yahoo PSEI.PS
2015-03-02,7773.92,Yahoo PSEI.PS
2015-03-03,7776.51,Yahoo PSEI.PS
2015-03-04,7847.83,Yahoo PSEI.PS
2015-03-05,7819.04,Yahoo PSEI.PS
2015-03-06,7861.33,Yahoo PSEI.PS
2015-03-09,7820.29,Yahoo PSEI.PS
2015-03-10,7828.48,Yahoo PSEI.PS
2015-03-11,7790.70,Yahoo PSEI.PS
2015-03-12,7839.82,Yahoo PSEI.PS
2015-03-13,7809.54,Yahoo PSEI.PS
2015-03-16,7730.95,Yahoo PSEI.PS
2015-03-17,7789.10,Yahoo PSEI.PS
2015-03-18,7756.58,Yahoo PSEI.PS
2015-03-19,7814.55,Yahoo PSEI.PS
2015-03-20,7818.38,Yahoo PSEI.PS
2015-03-23,7840.49,Yahoo PSEI.PS
2015-03-24,7828.94,Yahoo PSEI.PS
2015-03-25,7836.34,Yahoo PSEI.PS
2015-03-26,7871.10,Yahoo PSEI.PS
2015-03-27,7877.96,Yahoo PSEI.PS
2015-03-30,7899.41,Yahoo PSEI.PS
2015-03-31,7940.49,Yahoo PSEI.PS
2015-04-01,7993.09,Yahoo PSEI.PS
2015-04-06,8053.74,Yahoo PSEI.PS
2015-04-07,8098.68,Yahoo PSEI.PS
2015-04-08,8052.69,Yahoo PSEI.PS
2015-04-10,8127.48,Yahoo PSEI.PS
2015-04-13,8073.25,Yahoo PSEI.PS
2015-04-14,8056.49,Yahoo PSEI.PS
2015-04-15,7906.46,Yahoo PSEI.PS
2015-04-16,7948.20,Yahoo PSEI.PS
2015-04-17,7946.89,Yahoo PSEI.PS
2015-04-20,7865.27,Yahoo PSEI.PS
2015-04-21,7846.94,Yahoo PSEI.PS
2015-04-22,7833.03,Yahoo PSEI.PS
2015-04-23,7892.05,Yahoo PSEI.PS
2015-04-24,7947.25,Yahoo PSEI.PS
2015-04-27,7958.07,Yahoo PSEI.PS
2015-04-28,7886.57,Yahoo PSEI.PS
2015-04-29,7825.47,Yahoo PSEI.PS
2015-04-30,7714.82,Yahoo PSEI.PS
2015-05-04,7816.44,Yahoo PSEI.PS
2015-05-05,7919.21,Yahoo PSEI.PS
2015-05-06,7873.64,Yahoo PSEI.PS
2015-05-07,7816.27,Yahoo PSEI.PS
2015-05-08,7763.21,Yahoo PSEI.PS
2015-05-11,7777.90,Yahoo PSEI.PS
2015-05-12,7794.55,Yahoo PSEI.PS
2015-05-13,7808.35,Yahoo PSEI.PS
2015-05-14,7831.44,Yahoo PSEI.PS
2015-05-15,7881.95,Yahoo PSEI.PS
2015-05-18,7910.43,Yahoo PSEI.PS
2015-05-19,7871.31,Yahoo PSEI.PS
2015-05-20,7881.93,Yahoo PSEI.PS
2015-05-21,7835.38,Yahoo PSEI.PS
2015-05-22,7810.17,Yahoo PSEI.PS
2015-05-25,7761.53,Yahoo PSEI.PS
2015-05-26,7728.50,Yahoo PSEI.PS
2015-05-27,7598.70,Yahoo PSEI.PS
2015-05-28,7505.03,Yahoo PSEI.PS
2015-05-29,7580.46,Yahoo PSEI.PS
2015-06-01,7670.37,Yahoo PSEI.PS
2015-06-02,7551.96,Yahoo PSEI.PS
2015-06-03,7561.67,Yahoo PSEI.PS
2015-06-04,7553.65,Yahoo PSEI.PS
2015-06-05,7526.70,Yahoo PSEI.PS
2015-06-08,7484.89,Yahoo PSEI.PS
2015-06-09,7323.44,Yahoo PSEI.PS
2015-06-10,7384.27,Yahoo PSEI.PS
2015-06-11,7503.72,Yahoo PSEI.PS
2015-06-15,7456.16,Yahoo PSEI.PS
2015-06-16,7505.48,Yahoo PSEI.PS
2015-06-17,7536.31,Yahoo PSEI.PS
2015-06-18,7606.86,Yahoo PSEI.PS
2015-06-19,7601.17,Yahoo PSEI.PS
2015-06-22,7609.14,Yahoo PSEI.PS
2015-06-23,7551.56,Yahoo PSEI.PS
2015-06-24,7643.33,Yahoo PSEI.PS
2015-06-25,7581.91,Yahoo PSEI.PS
2015-06-26,7622.05,Yahoo PSEI.PS
2015-06-29,7567.38,Yahoo PSEI.PS
2015-06-30,7564.50,Yahoo PSEI.PS
2015-07-01,7575.15,Yahoo PSEI.PS
2015-07-02,7578.31,Yahoo PSEI.PS
2015-07-03,7535.30,Yahoo PSEI.PS
2015-07-06,7455.15,Yahoo PSEI.PS
2015-07-07,7442.65,Yahoo PSEI.PS
2015-07-08,7363.43,Yahoo PSEI.PS
2015-07-09,7377.69,Yahoo PSEI.PS
2015-07-10,7392.59,Yahoo PSEI.PS
2015-07-13,7496.33,Yahoo PSEI.PS
2015-07-14,7538.76,Yahoo PSEI.PS
2015-07-15,7559.04,Yahoo PSEI.PS
2015-07-16,7617.13,Yahoo PSEI.PS
2015-07-20,7541.17,Yahoo PSEI.PS
2015-07-21,7627.96,Yahoo PSEI.PS
2015-07-22,7635.62,Yahoo PSEI.PS
2015-07-23,7653.22,Yahoo PSEI.PS
2015-07-24,7665.52,Yahoo PSEI.PS
2015-07-27,7547.44,Yahoo PSEI.PS
2015-07-28,7479.03,Yahoo PSEI.PS
2015-07-29,7482.83,Yahoo PSEI.PS
2015-07-30,7510.39,Yahoo PSEI.PS
2015-07-31,7550.00,Yahoo PSEI.PS
2015-08-03,7573.26,Yahoo PSEI.PS
2015-08-04,7598.29,Yahoo PSEI.PS
2015-08-05,7662.55,Yahoo PSEI.PS
2015-08-06,7589.95,Yahoo PSEI.PS
2015-08-07,7532.52,Yahoo PSEI.PS
2015-08-10,7534.35,Yahoo PSEI.PS
2015-08-11,7570.45,Yahoo PSEI.PS
2015-08-12,7495.43,Yahoo PSEI.PS
2015-08-13,7439.80,Yahoo PSEI.PS
2015-08-14,7408.44,Yahoo PSEI.PS
2015-08-17,7336.84,Yahoo PSEI.PS
2015-08-18,7333.45,Yahoo PSEI.PS
2015-08-19,7344.73,Yahoo PSEI.PS
2015-08-20,7278.98,Yahoo PSEI.PS
2015-08-24,6791.01,Yahoo PSEI.PS
2015-08-25,6830.34,Yahoo PSEI.PS
2015-08-26,6867.92,Yahoo PSEI.PS
2015-08-27,7022.09,Yahoo PSEI.PS
2015-08-28,7098.81,Yahoo PSEI.PS
2015-09-01,7086.86,Yahoo PSEI.PS
2015-09-02,7072.46,Yahoo PSEI.PS
2015-09-03,7098.76,Yahoo PSEI.PS
2015-09-04,7051.78,Yahoo PSEI.PS
2015-09-07,6926.82,Yahoo PSEI.PS
2015-09-08,6891.30,Yahoo PSEI.PS
2015-09-09,6942.47,Yahoo PSEI.PS
2015-09-10,6893.54,Yahoo PSEI.PS
2015-09-11,6911.38,Yahoo PSEI.PS
2015-09-14,7069.18,Yahoo PSEI.PS
2015-09-15,7089.01,Yahoo PSEI.PS
2015-09-16,7093.92,Yahoo PSEI.PS
2015-09-17,7123.99,Yahoo PSEI.PS
2015-09-18,7131.91,Yahoo PSEI.PS
2015-09-21,7092.41,Yahoo PSEI.PS
2015-09-22,7051.23,Yahoo PSEI.PS
2015-09-23,6926.91,Yahoo PSEI.PS
2015-09-24,6917.55,Yahoo PSEI.PS
2015-09-28,6815.59,Yahoo PSEI.PS
2015-09-29,6859.29,Yahoo PSEI.PS
2015-09-30,6893.98,Yahoo PSEI.PS
2015-10-01,6890.94,Yahoo PSEI.PS
2015-10-02,6850.61,Yahoo PSEI.PS
2015-10-05,6961.93,Yahoo PSEI.PS
2015-10-06,7055.49,Yahoo PSEI.PS
2015-10-07,7108.80,Yahoo PSEI.PS
2015-10-08,7106.79,Yahoo PSEI.PS
2015-10-09,7138.91,Yahoo PSEI.PS
2015-10-12,7150.29,Yahoo PSEI.PS
2015-10-13,7013.44,Yahoo PSEI.PS
2015-10-14,6924.77,Yahoo PSEI.PS
2015-10-15,7045.40,Yahoo PSEI.PS
2015-10-16,7055.74,Yahoo PSEI.PS
2015-10-19,7054.86,Yahoo PSEI.PS
2015-10-20,7060.85,Yahoo PSEI.PS
2015-10-21,7092.90,Yahoo PSEI.PS
2015-10-22,7117.78,Yahoo PSEI.PS
2015-10-23,7236.38,Yahoo PSEI.PS
2015-10-26,7324.40,Yahoo PSEI.PS
2015-10-27,7325.76,Yahoo PSEI.PS
2015-10-28,7289.26,Yahoo PSEI.PS
2015-10-29,7189.25,Yahoo PSEI.PS
2015-10-30,7134.26,Yahoo PSEI.PS
2015-11-03,7210.73,Yahoo PSEI.PS
2015-11-04,7201.02,Yahoo PSEI.PS
2015-11-05,7122.45,Yahoo PSEI.PS
2015-11-06,7118.20,Yahoo PSEI.PS
2015-11-09,7070.19,Yahoo PSEI.PS
2015-11-10,7000.11,Yahoo PSEI.PS
2015-11-11,6983.72,Yahoo PSEI.PS
2015-11-12,6909.82,Yahoo PSEI.PS
2015-11-13,6897.77,Yahoo PSEI.PS
2015-11-16,6772.92,Yahoo PSEI.PS
2015-11-17,6825.38,Yahoo PSEI.PS
2015-11-20,6932.81,Yahoo PSEI.PS
2015-11-23,6996.19,Yahoo PSEI.PS
2015-11-24,6992.60,Yahoo PSEI.PS
2015-11-25,7059.14,Yahoo PSEI.PS
2015-11-26,7063.25,Yahoo PSEI.PS
2015-11-27,6927.07,Yahoo PSEI.PS
2015-12-01,7060.60,Yahoo PSEI.PS
2015-12-02,7047.08,Yahoo PSEI.PS
2015-12-03,6994.10,Yahoo PSEI.PS
2015-12-04,6921.93,Yahoo PSEI.PS
2015-12-07,6911.86,Yahoo PSEI.PS
2015-12-08,6838.42,Yahoo PSEI.PS
2015-12-09,6848.25,Yahoo PSEI.PS
2015-12-10,6820.60,Yahoo PSEI.PS
2015-12-11,6735.01,Yahoo PSEI.PS
2015-12-14,6745.99,Yahoo PSEI.PS
2015-12-15,6701.35,Yahoo PSEI.PS
2015-12-16,6807.72,Yahoo PSEI.PS
2015-12-17,6905.70,Yahoo PSEI.PS
2015-12-18,6867.07,Yahoo PSEI.PS
2015-12-21,6910.34,Yahoo PSEI.PS
2015-12-22,6966.18,Yahoo PSEI.PS
2015-12-23,7002.42,Yahoo PSEI.PS
2015-12-28,6983.61,Yahoo PSEI.PS
2015-12-29,6952.08,Yahoo PSEI.PS
2016-01-04,6833.42,Yahoo PSEI.PS
2016-01-05,6835.13,Yahoo PSEI.PS
2016-01-06,6813.90,Yahoo PSEI.PS
2016-01-07,6618.88,Yahoo PSEI.PS
2016-01-08,6575.43,Yahoo PSEI.PS
2016-01-11,6288.26,Yahoo PSEI.PS
2016-01-12,6330.55,Yahoo PSEI.PS
2016-01-13,6494.13,Yahoo PSEI.PS
2016-01-14,6408.76,Yahoo PSEI.PS
2016-01-15,6449.50,Yahoo PSEI.PS
2016-01-18,6335.09,Yahoo PSEI.PS
2016-01-19,6357.05,Yahoo PSEI.PS
2016-01-20,6259.61,Yahoo PSEI.PS
2016-01-21,6084.28,Yahoo PSEI.PS
2016-01-22,6208.05,Yahoo PSEI.PS
2016-01-25,6434.08,Yahoo PSEI.PS
2016-01-26,6311.60,Yahoo PSEI.PS
2016-01-27,6507.22,Yahoo PSEI.PS
2016-01-28,6563.38,Yahoo PSEI.PS
2016-01-29,6687.62,Yahoo PSEI.PS
2016-02-01,6701.36,Yahoo PSEI.PS
2016-02-02,6642.45,Yahoo PSEI.PS
2016-02-03,6521.48,Yahoo PSEI.PS
2016-02-04,6652.83,Yahoo PSEI.PS
2016-02-05,6765.13,Yahoo PSEI.PS
2016-02-09,6637.43,Yahoo PSEI.PS
2016-02-10,6637.48,Yahoo PSEI.PS
2016-02-11,6663.43,Yahoo PSEI.PS
2016-02-12,6654.45,Yahoo PSEI.PS
2016-02-15,6692.58,Yahoo PSEI.PS
2016-02-16,6743.95,Yahoo PSEI.PS
2016-02-17,6756.82,Yahoo PSEI.PS
2016-02-18,6848.87,Yahoo PSEI.PS
2016-02-19,6792.06,Yahoo PSEI.PS
2016-02-22,6783.08,Yahoo PSEI.PS
2016-02-23,6819.34,Yahoo PSEI.PS
2016-02-24,6769.26,Yahoo PSEI.PS
2016-02-26,6771.30,Yahoo PSEI.PS
2016-02-29,6671.04,Yahoo PSEI.PS
2016-03-01,6729.53,Yahoo PSEI.PS
2016-03-02,6882.45,Yahoo PSEI.PS
2016-03-03,6963.44,Yahoo PSEI.PS
2016-03-04,6899.07,Yahoo PSEI.PS
2016-03-07,6892.69,Yahoo PSEI.PS
2016-03-08,6915.51,Yahoo PSEI.PS
2016-03-09,6948.18,Yahoo PSEI.PS
2016-03-10,7048.08,Yahoo PSEI.PS
2016-03-11,7098.64,Yahoo PSEI.PS
2016-03-14,7112.89,Yahoo PSEI.PS
2016-03-15,7148.26,Yahoo PSEI.PS
2016-03-16,7065.39,Yahoo PSEI.PS
2016-03-17,7210.90,Yahoo PSEI.PS
2016-03-18,7306.74,Yahoo PSEI.PS
2016-03-21,7376.41,Yahoo PSEI.PS
2016-03-22,7342.03,Yahoo PSEI.PS
2016-03-23,7360.05,Yahoo PSEI.PS
2016-03-28,7334.52,Yahoo PSEI.PS
2016-03-29,7274.40,Yahoo PSEI.PS
2016-03-30,7299.23,Yahoo PSEI.PS
2016-03-31,7262.30,Yahoo PSEI.PS
2016-04-01,7245.13,Yahoo PSEI.PS
2016-04-04,7254.53,Yahoo PSEI.PS
2016-04-05,7219.23,Yahoo PSEI.PS
2016-04-06,7180.55,Yahoo PSEI.PS
2016-04-07,7232.97,Yahoo PSEI.PS
2016-04-08,7247.20,Yahoo PSEI.PS
2016-04-11,7291.43,Yahoo PSEI.PS
2016-04-12,7306.56,Yahoo PSEI.PS
2016-04-13,7341.00,Yahoo PSEI.PS
2016-04-14,7357.28,Yahoo PSEI.PS
2016-04-15,7321.30,Yahoo PSEI.PS
2016-04-18,7243.40,Yahoo PSEI.PS
2016-04-19,7215.09,Yahoo PSEI.PS
2016-04-20,7201.37,Yahoo PSEI.PS
2016-04-21,7257.85,Yahoo PSEI.PS
2016-04-22,7255.39,Yahoo PSEI.PS
2016-04-25,7250.13,Yahoo PSEI.PS
2016-04-26,7211.92,Yahoo PSEI.PS
2016-04-27,7180.53,Yahoo PSEI.PS
2016-04-28,7162.56,Yahoo PSEI.PS
2016-04-29,7159.29,Yahoo PSEI.PS
2016-05-02,7053.88,Yahoo PSEI.PS
2016-05-03,7046.57,Yahoo PSEI.PS
2016-05-04,7081.86,Yahoo PSEI.PS
2016-05-05,6999.75,Yahoo PSEI.PS
2016-05-06,6991.87,Yahoo PSEI.PS
2016-05-10,7174.88,Yahoo PSEI.PS
2016-05-11,7396.52,Yahoo PSEI.PS
2016-05-12,7325.04,Yahoo PSEI.PS
2016-05-13,7436.79,Yahoo PSEI.PS
2016-05-16,7511.74,Yahoo PSEI.PS
2016-05-17,7524.84,Yahoo PSEI.PS
2016-05-18,7534.30,Yahoo PSEI.PS
2016-05-19,7427.33,Yahoo PSEI.PS
2016-05-20,7299.03,Yahoo PSEI.PS
2016-05-23,7306.69,Yahoo PSEI.PS
2016-05-24,7356.72,Yahoo PSEI.PS
2016-05-25,7463.95,Yahoo PSEI.PS
2016-05-26,7376.38,Yahoo PSEI.PS
2016-05-27,7411.68,Yahoo PSEI.PS
2016-05-30,7464.34,Yahoo PSEI.PS
2016-05-31,7401.60,Yahoo PSEI.PS
2016-06-01,7500.79,Yahoo PSEI.PS
2016-06-02,7464.59,Yahoo PSEI.PS
2016-06-03,7514.22,Yahoo PSEI.PS
2016-06-06,7598.22,Yahoo PSEI.PS
2016-06-07,7710.54,Yahoo PSEI.PS
2016-06-08,7722.79,Yahoo PSEI.PS
2016-06-09,7536.65,Yahoo PSEI.PS
2016-06-10,7509.94,Yahoo PSEI.PS
2016-06-13,7554.40,Yahoo PSEI.PS
2016-06-14,7460.12,Yahoo PSEI.PS
2016-06-15,7501.65,Yahoo PSEI.PS
2016-06-16,7564.47,Yahoo PSEI.PS
2016-06-17,7622.07,Yahoo PSEI.PS
2016-06-20,7665.33,Yahoo PSEI.PS
2016-06-21,7767.23,Yahoo PSEI.PS
2016-06-22,7756.37,Yahoo PSEI.PS
2016-06-23,7729.78,Yahoo PSEI.PS
2016-06-24,7629.72,Yahoo PSEI.PS
2016-06-27,7715.90,Yahoo PSEI.PS
2016-06-28,7666.69,Yahoo PSEI.PS
2016-06-29,7798.53,Yahoo PSEI.PS
2016-06-30,7796.25,Yahoo PSEI.PS
2016-07-01,7830.35,Yahoo PSEI.PS
2016-07-04,7846.54,Yahoo PSEI.PS
2016-07-05,7808.13,Yahoo PSEI.PS
2016-07-07,7753.46,Yahoo PSEI.PS
2016-07-08,7771.52,Yahoo PSEI.PS
2016-07-11,7865.27,Yahoo PSEI.PS
2016-07-12,7937.95,Yahoo PSEI.PS
2016-07-13,7944.02,Yahoo PSEI.PS
2016-07-14,7956.14,Yahoo PSEI.PS
2016-07-15,8030.06,Yahoo PSEI.PS
2016-07-18,7986.25,Yahoo PSEI.PS
2016-07-19,8036.01,Yahoo PSEI.PS
2016-07-20,8051.97,Yahoo PSEI.PS
2016-07-21,8102.30,Yahoo PSEI.PS
2016-07-22,8025.35,Yahoo PSEI.PS
2016-07-25,8049.13,Yahoo PSEI.PS
2016-07-26,8024.54,Yahoo PSEI.PS
2016-07-27,8100.48,Yahoo PSEI.PS
2016-07-28,8024.98,Yahoo PSEI.PS
2016-07-29,7963.11,Yahoo PSEI.PS
2016-08-01,8069.81,Yahoo PSEI.PS
2016-08-02,8037.78,Yahoo PSEI.PS
2016-08-03,7888.44,Yahoo PSEI.PS
2016-08-04,7978.57,Yahoo PSEI.PS
2016-08-05,7970.35,Yahoo PSEI.PS
2016-08-08,7993.58,Yahoo PSEI.PS
2016-08-09,8055.06,Yahoo PSEI.PS
2016-08-10,8051.40,Yahoo PSEI.PS
2016-08-11,7981.35,Yahoo PSEI.PS
2016-08-12,7955.86,Yahoo PSEI.PS
2016-08-15,7960.17,Yahoo PSEI.PS
2016-08-16,7983.38,Yahoo PSEI.PS
2016-08-17,7946.19,Yahoo PSEI.PS
2016-08-18,7952.81,Yahoo PSEI.PS
2016-08-19,7930.75,Yahoo PSEI.PS
2016-08-22,7981.21,Yahoo PSEI.PS
2016-08-23,7935.18,Yahoo PSEI.PS
2016-08-24,7866.13,Yahoo PSEI.PS
2016-08-25,7854.54,Yahoo PSEI.PS
2016-08-26,7845.49,Yahoo PSEI.PS
2016-08-30,7794.93,Yahoo PSEI.PS
2016-08-31,7787.37,Yahoo PSEI.PS
2016-09-01,7773.31,Yahoo PSEI.PS
2016-09-02,7807.42,Yahoo PSEI.PS
2016-09-05,7764.05,Yahoo PSEI.PS
2016-09-06,7719.18,Yahoo PSEI.PS
2016-09-07,7619.10,Yahoo PSEI.PS
2016-09-08,7667.07,Yahoo PSEI.PS
2016-09-09,7581.79,Yahoo PSEI.PS
2016-09-13,7550.27,Yahoo PSEI.PS
2016-09-14,7546.01,Yahoo PSEI.PS
2016-09-15,7708.42,Yahoo PSEI.PS
2016-09-16,7553.76,Yahoo PSEI.PS
2016-09-19,7575.84,Yahoo PSEI.PS
2016-09-20,7671.72,Yahoo PSEI.PS
2016-09-21,7675.42,Yahoo PSEI.PS
2016-09-22,7762.35,Yahoo PSEI.PS
2016-09-23,7723.60,Yahoo PSEI.PS
2016-09-26,7632.46,Yahoo PSEI.PS
2016-09-27,7557.34,Yahoo PSEI.PS
2016-09-28,7586.96,Yahoo PSEI.PS
2016-09-29,7714.86,Yahoo PSEI.PS
2016-09-30,7629.73,Yahoo PSEI.PS
2016-10-03,7677.73,Yahoo PSEI.PS
2016-10-04,7719.24,Yahoo PSEI.PS
2016-10-05,7639.79,Yahoo PSEI.PS
2016-10-06,7620.16,Yahoo PSEI.PS
2016-10-07,7578.29,Yahoo PSEI.PS
2016-10-10,7534.71,Yahoo PSEI.PS
2016-10-11,7520.82,Yahoo PSEI.PS
2016-10-12,7429.82,Yahoo PSEI.PS
2016-10-13,7312.18,Yahoo PSEI.PS
2016-10-14,7389.30,Yahoo PSEI.PS
2016-10-17,7358.21,Yahoo PSEI.PS
2016-10-18,7571.15,Yahoo PSEI.PS
2016-10-19,7721.57,Yahoo PSEI.PS
2016-10-20,7713.32,Yahoo PSEI.PS
2016-10-21,7650.22,Yahoo PSEI.PS
2016-10-24,7609.31,Yahoo PSEI.PS
2016-10-25,7580.22,Yahoo PSEI.PS
2016-10-26,7494.41,Yahoo PSEI.PS
2016-10-27,7445.14,Yahoo PSEI.PS
2016-10-28,7404.80,Yahoo PSEI.PS
2016-11-02,7252.40,Yahoo PSEI.PS
2016-11-03,7160.91,Yahoo PSEI.PS
2016-11-04,7227.37,Yahoo PSEI.PS
2016-11-07,7197.19,Yahoo PSEI.PS
2016-11-08,7307.80,Yahoo PSEI.PS
2016-11-09,7119.04,Yahoo PSEI.PS
2016-11-10,7181.87,Yahoo PSEI.PS
2016-11-11,6975.09,Yahoo PSEI.PS
2016-11-14,6871.48,Yahoo PSEI.PS
2016-11-15,6857.15,Yahoo PSEI.PS
2016-11-16,6966.28,Yahoo PSEI.PS
2016-11-17,7050.12,Yahoo PSEI.PS
2016-11-18,7067.73,Yahoo PSEI.PS
2016-11-21,6979.06,Yahoo PSEI.PS
2016-11-22,6802.73,Yahoo PSEI.PS
2016-11-23,6836.64,Yahoo PSEI.PS
2016-11-24,6873.31,Yahoo PSEI.PS
2016-11-25,6889.78,Yahoo PSEI.PS
2016-11-28,6825.40,Yahoo PSEI.PS
2016-11-29,6781.20,Yahoo PSEI.PS
2016-12-01,6864.87,Yahoo PSEI.PS
2016-12-02,6886.74,Yahoo PSEI.PS
2016-12-05,6776.41,Yahoo PSEI.PS
2016-12-06,6806.14,Yahoo PSEI.PS
2016-12-07,6866.81,Yahoo PSEI.PS
2016-12-08,7022.38,Yahoo PSEI.PS
2016-12-09,7043.16,Yahoo PSEI.PS
2016-12-12,6868.89,Yahoo PSEI.PS
2016-12-13,6880.91,Yahoo PSEI.PS
2016-12-14,6928.34,Yahoo PSEI.PS
2016-12-15,6855.31,Yahoo PSEI.PS
2016-12-16,6850.71,Yahoo PSEI.PS
2016-12-19,6714.13,Yahoo PSEI.PS
2016-12-20,6658.66,Yahoo PSEI.PS
2016-12-21,6686.36,Yahoo PSEI.PS
2016-12-22,6587.17,Yahoo PSEI.PS
2016-12-23,6563.67,Yahoo PSEI.PS
2016-12-27,6658.20,Yahoo PSEI.PS
2016-12-28,6846.44,Yahoo PSEI.PS
2016-12-29,6840.64,Yahoo PSEI.PS
2017-01-03,6861.31,Yahoo PSEI.PS
2017-01-04,7030.95,Yahoo PSEI.PS
2017-01-05,7209.44,Yahoo PSEI.PS
2017-01-06,7248.20,Yahoo PSEI.PS
2017-01-09,7276.34,Yahoo PSEI.PS
2017-01-10,7364.34,Yahoo PSEI.PS
2017-01-11,7321.82,Yahoo PSEI.PS
2017-01-12,7264.55,Yahoo PSEI.PS
2017-01-13,7238.52,Yahoo PSEI.PS
2017-01-16,7238.45,Yahoo PSEI.PS
2017-01-17,7123.33,Yahoo PSEI.PS
2017-01-18,7156.36,Yahoo PSEI.PS
2017-01-19,7246.08,Yahoo PSEI.PS
2017-01-20,7232.66,Yahoo PSEI.PS
2017-01-23,7374.35,Yahoo PSEI.PS
2017-01-24,7370.65,Yahoo PSEI.PS
2017-01-25,7323.36,Yahoo PSEI.PS
2017-01-26,7332.64,Yahoo PSEI.PS
2017-01-27,7333.67,Yahoo PSEI.PS
2017-01-30,7336.71,Yahoo PSEI.PS
2017-01-31,7229.66,Yahoo PSEI.PS
2017-02-01,7227.45,Yahoo PSEI.PS
2017-02-02,7225.91,Yahoo PSEI.PS
2017-02-03,7226.70,Yahoo PSEI.PS
2017-02-06,7294.40,Yahoo PSEI.PS
2017-02-07,7262.64,Yahoo PSEI.PS
2017-02-08,7234.82,Yahoo PSEI.PS
2017-02-09,7252.66,Yahoo PSEI.PS
2017-02-10,7235.21,Yahoo PSEI.PS
2017-02-13,7294.67,Yahoo PSEI.PS
2017-02-14,7206.84,Yahoo PSEI.PS
2017-02-15,7174.30,Yahoo PSEI.PS
2017-02-16,7283.25,Yahoo PSEI.PS
2017-02-17,7244.79,Yahoo PSEI.PS
2017-02-20,7281.19,Yahoo PSEI.PS
2017-02-21,7282.68,Yahoo PSEI.PS
2017-02-22,7304.45,Yahoo PSEI.PS
2017-02-23,7335.56,Yahoo PSEI.PS
2017-02-24,7258.99,Yahoo PSEI.PS
2017-02-27,7232.47,Yahoo PSEI.PS
2017-02-28,7212.09,Yahoo PSEI.PS
2017-03-01,7170.70,Yahoo PSEI.PS
2017-03-02,7234.94,Yahoo PSEI.PS
2017-03-03,7247.12,Yahoo PSEI.PS
2017-03-06,7313.87,Yahoo PSEI.PS
2017-03-07,7294.52,Yahoo PSEI.PS
2017-03-08,7294.56,Yahoo PSEI.PS
2017-03-09,7295.45,Yahoo PSEI.PS
2017-03-10,7146.27,Yahoo PSEI.PS
2017-03-13,7233.09,Yahoo PSEI.PS
2017-03-14,7261.75,Yahoo PSEI.PS
2017-03-15,7253.79,Yahoo PSEI.PS
2017-03-16,7278.60,Yahoo PSEI.PS
2017-03-17,7345.02,Yahoo PSEI.PS
2017-03-20,7316.57,Yahoo PSEI.PS
2017-03-21,7323.31,Yahoo PSEI.PS
2017-03-22,7254.93,Yahoo PSEI.PS
2017-03-23,7301.03,Yahoo PSEI.PS
2017-03-24,7269.62,Yahoo PSEI.PS
2017-03-27,7245.97,Yahoo PSEI.PS
2017-03-28,7331.46,Yahoo PSEI.PS
2017-03-29,7324.00,Yahoo PSEI.PS
2017-03-30,7332.59,Yahoo PSEI.PS
2017-03-31,7311.72,Yahoo PSEI.PS
2017-04-03,7341.65,Yahoo PSEI.PS
2017-04-04,7446.49,Yahoo PSEI.PS
2017-04-05,7584.21,Yahoo PSEI.PS
2017-04-06,7565.32,Yahoo PSEI.PS
2017-04-07,7583.75,Yahoo PSEI.PS
2017-04-10,7617.91,Yahoo PSEI.PS
2017-04-11,7601.40,Yahoo PSEI.PS
2017-04-12,7629.64,Yahoo PSEI.PS
2017-04-17,7588.53,Yahoo PSEI.PS
2017-04-18,7588.98,Yahoo PSEI.PS
2017-04-19,7522.98,Yahoo PSEI.PS
2017-04-20,7563.45,Yahoo PSEI.PS
2017-04-21,7578.16,Yahoo PSEI.PS
2017-04-24,7588.88,Yahoo PSEI.PS
2017-04-25,7700.46,Yahoo PSEI.PS
2017-04-26,7726.45,Yahoo PSEI.PS
2017-04-27,7661.01,Yahoo PSEI.PS
2017-05-02,7703.10,Yahoo PSEI.PS
2017-05-03,7682.26,Yahoo PSEI.PS
2017-05-04,7755.75,Yahoo PSEI.PS
2017-05-05,7841.99,Yahoo PSEI.PS
2017-05-08,7962.33,Yahoo PSEI.PS
2017-05-09,7923.50,Yahoo PSEI.PS
2017-05-10,7794.17,Yahoo PSEI.PS
2017-05-11,7816.40,Yahoo PSEI.PS
2017-05-12,7815.53,Yahoo PSEI.PS
2017-05-15,7772.93,Yahoo PSEI.PS
2017-05-16,7791.07,Yahoo PSEI.PS
2017-05-17,7826.53,Yahoo PSEI.PS
2017-05-18,7757.69,Yahoo PSEI.PS
2017-05-19,7767.62,Yahoo PSEI.PS
2017-05-22,7806.57,Yahoo PSEI.PS
2017-05-23,7812.14,Yahoo PSEI.PS
2017-05-24,7837.82,Yahoo PSEI.PS
2017-05-25,7871.65,Yahoo PSEI.PS
2017-05-26,7867.49,Yahoo PSEI.PS
2017-05-29,7886.03,Yahoo PSEI.PS
2017-05-30,7860.77,Yahoo PSEI.PS
2017-05-31,7837.12,Yahoo PSEI.PS
2017-06-01,7927.49,Yahoo PSEI.PS
2017-06-02,7907.66,Yahoo PSEI.PS
2017-06-05,8001.38,Yahoo PSEI.PS
2017-06-06,7953.12,Yahoo PSEI.PS
2017-06-07,8002.32,Yahoo PSEI.PS
2017-06-08,7958.63,Yahoo PSEI.PS
2017-06-09,7990.24,Yahoo PSEI.PS
2017-06-13,7917.89,Yahoo PSEI.PS
2017-06-14,7966.01,Yahoo PSEI.PS
2017-06-15,7964.49,Yahoo PSEI.PS
2017-06-16,7882.22,Yahoo PSEI.PS
2017-06-19,7943.75,Yahoo PSEI.PS
2017-06-20,7917.86,Yahoo PSEI.PS
2017-06-21,7886.37,Yahoo PSEI.PS
2017-06-22,7858.34,Yahoo PSEI.PS
2017-06-23,7814.17,Yahoo PSEI.PS
2017-06-27,7876.37,Yahoo PSEI.PS
2017-06-28,7857.18,Yahoo PSEI.PS
2017-06-29,7788.06,Yahoo PSEI.PS
2017-06-30,7843.16,Yahoo PSEI.PS
2017-07-03,7866.52,Yahoo PSEI.PS
2017-07-04,7833.96,Yahoo PSEI.PS
2017-07-05,7848.84,Yahoo PSEI.PS
2017-07-06,7888.31,Yahoo PSEI.PS
2017-07-07,7889.33,Yahoo PSEI.PS
2017-07-10,7837.47,Yahoo PSEI.PS
2017-07-11,7858.14,Yahoo PSEI.PS
2017-07-12,7938.37,Yahoo PSEI.PS
2017-07-13,7936.85,Yahoo PSEI.PS
2017-07-14,7885.90,Yahoo PSEI.PS
2017-07-17,7934.50,Yahoo PSEI.PS
2017-07-18,7952.92,Yahoo PSEI.PS
2017-07-19,7972.90,Yahoo PSEI.PS
2017-07-20,7904.34,Yahoo PSEI.PS
2017-07-21,7989.73,Yahoo PSEI.PS
2017-07-24,7962.64,Yahoo PSEI.PS
2017-07-25,7971.72,Yahoo PSEI.PS
2017-07-26,8037.51,Yahoo PSEI.PS
2017-07-27,8045.78,Yahoo PSEI.PS
2017-07-28,8071.47,Yahoo PSEI.PS
2017-07-31,8018.05,Yahoo PSEI.PS
2017-08-01,7906.60,Yahoo PSEI.PS
2017-08-02,7872.65,Yahoo PSEI.PS
2017-08-03,7876.66,Yahoo PSEI.PS
2017-08-04,7932.82,Yahoo PSEI.PS
2017-08-07,7992.27,Yahoo PSEI.PS
2017-08-08,7986.51,Yahoo PSEI.PS
2017-08-09,7985.83,Yahoo PSEI.PS
2017-08-10,7966.25,Yahoo PSEI.PS
2017-08-11,7928.43,Yahoo PSEI.PS
2017-08-14,7962.12,Yahoo PSEI.PS
2017-08-15,8009.41,Yahoo PSEI.PS
2017-08-16,8046.59,Yahoo PSEI.PS
2017-08-17,8072.75,Yahoo PSEI.PS
2017-08-18,8016.73,Yahoo PSEI.PS
2017-08-21,8016.73,Yahoo PSEI.PS
2017-08-22,8015.93,Yahoo PSEI.PS
2017-08-23,7998.75,Yahoo PSEI.PS
2017-08-24,8004.93,Yahoo PSEI.PS
2017-08-25,8015.14,Yahoo PSEI.PS
2017-08-29,7948.39,Yahoo PSEI.PS
2017-08-30,7956.73,Yahoo PSEI.PS
2017-08-31,7958.57,Yahoo PSEI.PS
2017-09-05,8049.35,Yahoo PSEI.PS
2017-09-06,7983.97,Yahoo PSEI.PS
2017-09-07,8022.98,Yahoo PSEI.PS
2017-09-08,8022.75,Yahoo PSEI.PS
2017-09-11,8049.31,Yahoo PSEI.PS
2017-09-13,8053.88,Yahoo PSEI.PS
2017-09-14,8144.91,Yahoo PSEI.PS
2017-09-15,8180.85,Yahoo PSEI.PS
2017-09-18,8294.14,Yahoo PSEI.PS
2017-09-19,8162.70,Yahoo PSEI.PS
2017-09-20,8219.32,Yahoo PSEI.PS
2017-09-21,8286.86,Yahoo PSEI.PS
2017-09-22,8281.27,Yahoo PSEI.PS
2017-09-25,8244.73,Yahoo PSEI.PS
2017-09-26,8170.14,Yahoo PSEI.PS
2017-09-27,8221.92,Yahoo PSEI.PS
2017-09-28,8156.04,Yahoo PSEI.PS
2017-09-29,8171.43,Yahoo PSEI.PS
2017-10-02,8256.28,Yahoo PSEI.PS
2017-10-03,8312.93,Yahoo PSEI.PS
2017-10-04,8344.05,Yahoo PSEI.PS
2017-10-05,8294.01,Yahoo PSEI.PS
2017-10-06,8310.88,Yahoo PSEI.PS
2017-10-09,8367.38,Yahoo PSEI.PS
2017-10-10,8398.04,Yahoo PSEI.PS
2017-10-11,8358.47,Yahoo PSEI.PS
2017-10-12,8402.81,Yahoo PSEI.PS
2017-10-13,8447.94,Yahoo PSEI.PS
2017-10-17,8497.74,Yahoo PSEI.PS
2017-10-18,8431.73,Yahoo PSEI.PS
2017-10-19,8487.37,Yahoo PSEI.PS
2017-10-20,8420.95,Yahoo PSEI.PS
2017-10-23,8348.32,Yahoo PSEI.PS
2017-10-24,8279.92,Yahoo PSEI.PS
2017-10-25,8303.35,Yahoo PSEI.PS
2017-10-26,8267.92,Yahoo PSEI.PS
2017-10-27,8295.95,Yahoo PSEI.PS
2017-10-30,8365.26,Yahoo PSEI.PS
2017-11-02,8516.02,Yahoo PSEI.PS
2017-11-03,8376.13,Yahoo PSEI.PS
2017-11-06,8523.07,Yahoo PSEI.PS
2017-11-07,8521.81,Yahoo PSEI.PS
2017-11-08,8508.49,Yahoo PSEI.PS
2017-11-09,8519.82,Yahoo PSEI.PS
2017-11-10,8433.48,Yahoo PSEI.PS
2017-11-13,8330.02,Yahoo PSEI.PS
2017-11-14,8379.64,Yahoo PSEI.PS
2017-11-15,8273.44,Yahoo PSEI.PS
2017-11-16,8206.44,Yahoo PSEI.PS
2017-11-17,8311.08,Yahoo PSEI.PS
2017-11-20,8321.98,Yahoo PSEI.PS
2017-11-21,8289.19,Yahoo PSEI.PS
2017-11-22,8265.68,Yahoo PSEI.PS
2017-11-23,8343.23,Yahoo PSEI.PS
2017-11-24,8365.11,Yahoo PSEI.PS
2017-11-27,8361.69,Yahoo PSEI.PS
2017-11-28,8291.88,Yahoo PSEI.PS
2017-11-29,8254.03,Yahoo PSEI.PS
2017-11-30,8254.03,Yahoo PSEI.PS
2017-12-01,8144.02,Yahoo PSEI.PS
2017-12-04,8084.45,Yahoo PSEI.PS
2017-12-05,8093.63,Yahoo PSEI.PS
2017-12-06,8129.62,Yahoo PSEI.PS
2017-12-07,8174.93,Yahoo PSEI.PS
2017-12-08,8304.70,Yahoo PSEI.PS
2017-12-11,8358.57,Yahoo PSEI.PS
2017-12-12,8334.06,Yahoo PSEI.PS
2017-12-13,8359.61,Yahoo PSEI.PS
2017-12-14,8461.06,Yahoo PSEI.PS
2017-12-15,8337.04,Yahoo PSEI.PS
2017-12-18,8422.82,Yahoo PSEI.PS
2017-12-19,8365.96,Yahoo PSEI.PS
2017-12-20,8362.61,Yahoo PSEI.PS
2017-12-21,8378.28,Yahoo PSEI.PS
2017-12-22,8432.31,Yahoo PSEI.PS
2017-12-27,8490.91,Yahoo PSEI.PS
2017-12-28,8535.09,Yahoo PSEI.PS
2017-12-29,8558.42,Yahoo PSEI.PS
2018-01-03,8724.13,Yahoo PSEI.PS
2018-01-04,8739.83,Yahoo PSEI.PS
2018-01-05,8770.00,Yahoo PSEI.PS
2018-01-08,8745.12,Yahoo PSEI.PS
2018-01-09,8923.72,Yahoo PSEI.PS
2018-01-10,8920.29,Yahoo PSEI.PS
2018-01-11,8813.25,Yahoo PSEI.PS
2018-01-12,8814.62,Yahoo PSEI.PS
2018-01-15,8857.72,Yahoo PSEI.PS
2018-01-16,8865.13,Yahoo PSEI.PS
2018-01-17,8848.99,Yahoo PSEI.PS
2018-01-18,8820.74,Yahoo PSEI.PS
2018-01-19,8915.92,Yahoo PSEI.PS
2018-01-22,8950.62,Yahoo PSEI.PS
2018-01-23,8999.02,Yahoo PSEI.PS
2018-01-24,8920.23,Yahoo PSEI.PS
2018-01-25,8999.17,Yahoo PSEI.PS
2018-01-26,9041.20,Yahoo PSEI.PS
2018-01-29,9058.62,Yahoo PSEI.PS
2018-01-30,8910.48,Yahoo PSEI.PS
2018-01-31,8764.01,Yahoo PSEI.PS
2018-02-01,8738.72,Yahoo PSEI.PS
2018-02-02,8810.75,Yahoo PSEI.PS
2018-02-05,8616.00,Yahoo PSEI.PS
2018-02-06,8550.42,Yahoo PSEI.PS
2018-02-07,8667.56,Yahoo PSEI.PS
2018-02-08,8645.08,Yahoo PSEI.PS
2018-02-09,8503.69,Yahoo PSEI.PS
2018-02-12,8487.91,Yahoo PSEI.PS
2018-02-13,8570.14,Yahoo PSEI.PS
2018-02-14,8598.11,Yahoo PSEI.PS
2018-02-15,8612.44,Yahoo PSEI.PS
2018-02-19,8710.22,Yahoo PSEI.PS
2018-02-20,8722.70,Yahoo PSEI.PS
2018-02-21,8613.65,Yahoo PSEI.PS
2018-02-22,8515.57,Yahoo PSEI.PS
2018-02-23,8467.56,Yahoo PSEI.PS
2018-02-26,8499.98,Yahoo PSEI.PS
2018-02-27,8592.38,Yahoo PSEI.PS
2018-02-28,8475.29,Yahoo PSEI.PS
2018-03-01,8465.77,Yahoo PSEI.PS
2018-03-02,8458.57,Yahoo PSEI.PS
2018-03-05,8386.17,Yahoo PSEI.PS
2018-03-06,8360.22,Yahoo PSEI.PS
2018-03-07,8404.69,Yahoo PSEI.PS
2018-03-08,8381.85,Yahoo PSEI.PS
2018-03-09,8372.51,Yahoo PSEI.PS
2018-03-12,8453.50,Yahoo PSEI.PS
2018-03-13,8419.57,Yahoo PSEI.PS
2018-03-14,8348.74,Yahoo PSEI.PS
2018-03-15,8190.01,Yahoo PSEI.PS
2018-03-16,8238.15,Yahoo PSEI.PS
2018-03-19,8235.54,Yahoo PSEI.PS
2018-03-20,8059.60,Yahoo PSEI.PS
2018-03-21,7909.07,Yahoo PSEI.PS
2018-03-22,8124.45,Yahoo PSEI.PS
2018-03-23,7970.80,Yahoo PSEI.PS
2018-03-26,7932.38,Yahoo PSEI.PS
2018-03-27,8047.03,Yahoo PSEI.PS
2018-03-28,7979.83,Yahoo PSEI.PS
2018-04-02,8039.45,Yahoo PSEI.PS
2018-04-03,8048.72,Yahoo PSEI.PS
2018-04-04,7997.67,Yahoo PSEI.PS
2018-04-05,8022.16,Yahoo PSEI.PS
2018-04-06,7945.66,Yahoo PSEI.PS
2018-04-10,7934.68,Yahoo PSEI.PS
2018-04-11,7943.93,Yahoo PSEI.PS
2018-04-12,8043.07,Yahoo PSEI.PS
2018-04-13,7899.98,Yahoo PSEI.PS
2018-04-16,7870.25,Yahoo PSEI.PS
2018-04-17,7723.39,Yahoo PSEI.PS
2018-04-18,7793.13,Yahoo PSEI.PS
2018-04-19,7682.24,Yahoo PSEI.PS
2018-04-20,7726.72,Yahoo PSEI.PS
2018-04-23,7719.47,Yahoo PSEI.PS
2018-04-24,7600.36,Yahoo PSEI.PS
2018-04-25,7557.91,Yahoo PSEI.PS
2018-04-26,7617.42,Yahoo PSEI.PS
2018-04-27,7721.02,Yahoo PSEI.PS
2018-04-30,7819.25,Yahoo PSEI.PS
2018-05-02,7736.07,Yahoo PSEI.PS
2018-05-03,7535.10,Yahoo PSEI.PS
2018-05-04,7546.19,Yahoo PSEI.PS
2018-05-07,7533.28,Yahoo PSEI.PS
2018-05-08,7577.57,Yahoo PSEI.PS
2018-05-09,7555.27,Yahoo PSEI.PS
2018-05-10,7571.00,Yahoo PSEI.PS
2018-05-11,7752.11,Yahoo PSEI.PS
2018-05-15,7885.97,Yahoo PSEI.PS
2018-05-16,7869.56,Yahoo PSEI.PS
2018-05-17,7694.12,Yahoo PSEI.PS
2018-05-18,7672.28,Yahoo PSEI.PS
2018-05-21,7658.05,Yahoo PSEI.PS
2018-05-22,7646.20,Yahoo PSEI.PS
2018-05-23,7560.47,Yahoo PSEI.PS
2018-05-24,7652.53,Yahoo PSEI.PS
2018-05-25,7647.51,Yahoo PSEI.PS
2018-05-28,7642.90,Yahoo PSEI.PS
2018-05-29,7602.36,Yahoo PSEI.PS
2018-05-30,7470.14,Yahoo PSEI.PS
2018-05-31,7497.17,Yahoo PSEI.PS
2018-06-01,7630.26,Yahoo PSEI.PS
2018-06-04,7579.61,Yahoo PSEI.PS
2018-06-05,7685.76,Yahoo PSEI.PS
2018-06-06,7689.14,Yahoo PSEI.PS
2018-06-07,7803.31,Yahoo PSEI.PS
2018-06-08,7740.74,Yahoo PSEI.PS
2018-06-11,7771.30,Yahoo PSEI.PS
2018-06-13,7602.98,Yahoo PSEI.PS
2018-06-14,7529.54,Yahoo PSEI.PS
2018-06-18,7414.11,Yahoo PSEI.PS
2018-06-19,7312.61,Yahoo PSEI.PS
2018-06-20,7261.62,Yahoo PSEI.PS
2018-06-21,7098.15,Yahoo PSEI.PS
2018-06-22,7063.20,Yahoo PSEI.PS
2018-06-25,6986.88,Yahoo PSEI.PS
2018-06-26,7007.21,Yahoo PSEI.PS
2018-06-27,7176.43,Yahoo PSEI.PS
2018-06-28,7066.57,Yahoo PSEI.PS
2018-06-29,7193.68,Yahoo PSEI.PS
2018-07-02,7227.96,Yahoo PSEI.PS
2018-07-03,7267.34,Yahoo PSEI.PS
2018-07-04,7348.42,Yahoo PSEI.PS
2018-07-05,7233.57,Yahoo PSEI.PS
2018-07-06,7186.71,Yahoo PSEI.PS
2018-07-09,7186.62,Yahoo PSEI.PS
2018-07-10,7233.29,Yahoo PSEI.PS
2018-07-11,7333.73,Yahoo PSEI.PS
2018-07-12,7350.58,Yahoo PSEI.PS
2018-07-13,7399.18,Yahoo PSEI.PS
2018-07-16,7369.44,Yahoo PSEI.PS
2018-07-17,7381.68,Yahoo PSEI.PS
2018-07-18,7451.37,Yahoo PSEI.PS
2018-07-19,7387.87,Yahoo PSEI.PS
2018-07-20,7399.61,Yahoo PSEI.PS
2018-07-23,7376.80,Yahoo PSEI.PS
2018-07-24,7447.02,Yahoo PSEI.PS
2018-07-25,7514.00,Yahoo PSEI.PS
2018-07-26,7665.85,Yahoo PSEI.PS
2018-07-27,7701.38,Yahoo PSEI.PS
2018-07-30,7773.32,Yahoo PSEI.PS
2018-07-31,7672.00,Yahoo PSEI.PS
2018-08-01,7838.22,Yahoo PSEI.PS
2018-08-02,7759.55,Yahoo PSEI.PS
2018-08-03,7819.39,Yahoo PSEI.PS
2018-08-06,7817.31,Yahoo PSEI.PS
2018-08-07,7725.85,Yahoo PSEI.PS
2018-08-08,7851.46,Yahoo PSEI.PS
2018-08-09,7820.71,Yahoo PSEI.PS
2018-08-10,7804.98,Yahoo PSEI.PS
2018-08-13,7635.27,Yahoo PSEI.PS
2018-08-14,7527.78,Yahoo PSEI.PS
2018-08-15,7540.92,Yahoo PSEI.PS
2018-08-16,7517.36,Yahoo PSEI.PS
2018-08-17,7583.52,Yahoo PSEI.PS
2018-08-20,7500.53,Yahoo PSEI.PS
2018-08-22,7632.26,Yahoo PSEI.PS
2018-08-23,7804.03,Yahoo PSEI.PS
2018-08-24,7766.47,Yahoo PSEI.PS
2018-08-28,7844.61,Yahoo PSEI.PS
2018-08-29,7830.96,Yahoo PSEI.PS
2018-08-30,7853.16,Yahoo PSEI.PS
2018-08-31,7855.71,Yahoo PSEI.PS
2018-09-03,7832.22,Yahoo PSEI.PS
2018-09-04,7881.82,Yahoo PSEI.PS
2018-09-05,7752.27,Yahoo PSEI.PS
2018-09-06,7638.71,Yahoo PSEI.PS
2018-09-07,7598.64,Yahoo PSEI.PS
2018-09-10,7596.15,Yahoo PSEI.PS
2018-09-11,7518.01,Yahoo PSEI.PS
2018-09-12,7449.20,Yahoo PSEI.PS
2018-09-13,7517.37,Yahoo PSEI.PS
2018-09-14,7413.15,Yahoo PSEI.PS
2018-09-17,7413.56,Yahoo PSEI.PS
2018-09-18,7286.34,Yahoo PSEI.PS
2018-09-19,7221.23,Yahoo PSEI.PS
2018-09-20,7134.73,Yahoo PSEI.PS
2018-09-21,7383.00,Yahoo PSEI.PS
2018-09-24,7433.61,Yahoo PSEI.PS
2018-09-25,7332.17,Yahoo PSEI.PS
2018-09-26,7268.21,Yahoo PSEI.PS
2018-09-27,7320.59,Yahoo PSEI.PS
2018-09-28,7276.82,Yahoo PSEI.PS
2018-10-01,7222.08,Yahoo PSEI.PS
2018-10-02,7132.36,Yahoo PSEI.PS
2018-10-03,7210.87,Yahoo PSEI.PS
2018-10-04,7093.34,Yahoo PSEI.PS
2018-10-05,7078.20,Yahoo PSEI.PS
2018-10-08,7050.82,Yahoo PSEI.PS
2018-10-09,7059.38,Yahoo PSEI.PS
2018-10-10,7001.14,Yahoo PSEI.PS
2018-10-11,6884.38,Yahoo PSEI.PS
2018-10-12,7004.77,Yahoo PSEI.PS
2018-10-15,6926.51,Yahoo PSEI.PS
2018-10-16,6987.02,Yahoo PSEI.PS
2018-10-17,7099.68,Yahoo PSEI.PS
2018-10-18,7141.25,Yahoo PSEI.PS
2018-10-19,7151.52,Yahoo PSEI.PS
2018-10-22,7236.16,Yahoo PSEI.PS
2018-10-23,7197.62,Yahoo PSEI.PS
2018-10-24,7129.42,Yahoo PSEI.PS
2018-10-25,6966.84,Yahoo PSEI.PS
2018-10-26,7064.33,Yahoo PSEI.PS
2018-10-29,7109.03,Yahoo PSEI.PS
2018-10-30,7016.06,Yahoo PSEI.PS
2018-10-31,7140.29,Yahoo PSEI.PS
2018-11-05,7213.44,Yahoo PSEI.PS
2018-11-06,7180.11,Yahoo PSEI.PS
2018-11-07,7133.93,Yahoo PSEI.PS
2018-11-08,7006.54,Yahoo PSEI.PS
2018-11-09,6968.82,Yahoo PSEI.PS
2018-11-12,6926.20,Yahoo PSEI.PS
2018-11-13,6843.83,Yahoo PSEI.PS
2018-11-14,6923.08,Yahoo PSEI.PS
2018-11-15,6952.59,Yahoo PSEI.PS
2018-11-16,7083.34,Yahoo PSEI.PS
2018-11-19,7270.26,Yahoo PSEI.PS
2018-11-20,7302.94,Yahoo PSEI.PS
2018-11-21,7265.45,Yahoo PSEI.PS
2018-11-22,7268.38,Yahoo PSEI.PS
2018-11-23,7340.18,Yahoo PSEI.PS
2018-11-26,7397.87,Yahoo PSEI.PS
2018-11-27,7413.63,Yahoo PSEI.PS
2018-11-28,7382.43,Yahoo PSEI.PS
2018-11-29,7367.85,Yahoo PSEI.PS
2018-12-03,7532.90,Yahoo PSEI.PS
2018-12-04,7703.92,Yahoo PSEI.PS
2018-12-05,7630.90,Yahoo PSEI.PS
2018-12-06,7535.32,Yahoo PSEI.PS
2018-12-07,7461.06,Yahoo PSEI.PS
2018-12-10,7348.21,Yahoo PSEI.PS
2018-12-11,7451.08,Yahoo PSEI.PS
2018-12-12,7488.24,Yahoo PSEI.PS
2018-12-13,7522.92,Yahoo PSEI.PS
2018-12-14,7524.37,Yahoo PSEI.PS
2018-12-17,7520.40,Yahoo PSEI.PS
2018-12-18,7420.40,Yahoo PSEI.PS
2018-12-19,7579.62,Yahoo PSEI.PS
2018-12-20,7563.41,Yahoo PSEI.PS
2018-12-21,7479.71,Yahoo PSEI.PS
2018-12-26,7450.01,Yahoo PSEI.PS
2018-12-27,7482.66,Yahoo PSEI.PS
2018-12-28,7466.02,Yahoo PSEI.PS
2019-01-02,7489.20,Yahoo PSEI.PS
2019-01-03,7680.60,Yahoo PSEI.PS
2019-01-04,7761.11,Yahoo PSEI.PS
2019-01-07,7787.66,Yahoo PSEI.PS
2019-01-08,7702.12,Yahoo PSEI.PS
2019-01-09,7855.22,Yahoo PSEI.PS
2019-01-10,7985.23,Yahoo PSEI.PS
2019-01-11,7904.09,Yahoo PSEI.PS
2019-01-14,8024.14,Yahoo PSEI.PS
2019-01-15,8013.42,Yahoo PSEI.PS
2019-01-16,7864.70,Yahoo PSEI.PS
2019-01-17,7927.20,Yahoo PSEI.PS
2019-01-18,8047.12,Yahoo PSEI.PS
2019-01-21,8007.46,Yahoo PSEI.PS
2019-01-22,8008.67,Yahoo PSEI.PS
2019-01-23,7989.65,Yahoo PSEI.PS
2019-01-24,8064.90,Yahoo PSEI.PS
2019-01-25,8053.20,Yahoo PSEI.PS
2019-01-28,8053.92,Yahoo PSEI.PS
2019-01-29,8050.82,Yahoo PSEI.PS
2019-01-30,7979.95,Yahoo PSEI.PS
2019-01-31,8007.48,Yahoo PSEI.PS
2019-02-01,8144.16,Yahoo PSEI.PS
2019-02-04,8069.48,Yahoo PSEI.PS
2019-02-06,8058.45,Yahoo PSEI.PS
2019-02-07,8100.30,Yahoo PSEI.PS
2019-02-08,8070.89,Yahoo PSEI.PS
2019-02-11,8061.54,Yahoo PSEI.PS
2019-02-12,8009.92,Yahoo PSEI.PS
2019-02-13,7920.24,Yahoo PSEI.PS
2019-02-14,7991.25,Yahoo PSEI.PS
2019-02-15,7908.89,Yahoo PSEI.PS
2019-02-18,7910.58,Yahoo PSEI.PS
2019-02-19,7833.75,Yahoo PSEI.PS
2019-02-20,7939.24,Yahoo PSEI.PS
2019-02-21,7931.30,Yahoo PSEI.PS
2019-02-22,7962.13,Yahoo PSEI.PS
2019-02-26,7988.16,Yahoo PSEI.PS
2019-02-27,7889.12,Yahoo PSEI.PS
2019-02-28,7705.49,Yahoo PSEI.PS
2019-03-01,7641.77,Yahoo PSEI.PS
2019-03-04,7675.47,Yahoo PSEI.PS
2019-03-05,7670.62,Yahoo PSEI.PS
2019-03-06,7821.34,Yahoo PSEI.PS
2019-03-07,7881.79,Yahoo PSEI.PS
2019-03-08,7797.11,Yahoo PSEI.PS
2019-03-11,7708.72,Yahoo PSEI.PS
2019-03-12,7747.54,Yahoo PSEI.PS
2019-03-13,7766.15,Yahoo PSEI.PS
2019-03-14,7750.42,Yahoo PSEI.PS
2019-03-15,7798.28,Yahoo PSEI.PS
2019-03-18,7873.02,Yahoo PSEI.PS
2019-03-19,7843.41,Yahoo PSEI.PS
2019-03-20,7858.20,Yahoo PSEI.PS
2019-03-21,7954.72,Yahoo PSEI.PS
2019-03-22,8013.42,Yahoo PSEI.PS
2019-03-25,7863.02,Yahoo PSEI.PS
2019-03-26,7907.03,Yahoo PSEI.PS
2019-03-27,7861.05,Yahoo PSEI.PS
2019-03-28,7876.40,Yahoo PSEI.PS
2019-03-29,7920.93,Yahoo PSEI.PS
2019-04-01,7840.31,Yahoo PSEI.PS
2019-04-02,7879.21,Yahoo PSEI.PS
2019-04-03,7895.06,Yahoo PSEI.PS
2019-04-04,7854.13,Yahoo PSEI.PS
2019-04-05,7873.18,Yahoo PSEI.PS
2019-04-08,7915.63,Yahoo PSEI.PS
2019-04-10,8008.53,Yahoo PSEI.PS
2019-04-11,7955.80,Yahoo PSEI.PS
2019-04-12,7880.82,Yahoo PSEI.PS
2019-04-15,7787.98,Yahoo PSEI.PS
2019-04-16,7826.46,Yahoo PSEI.PS
2019-04-17,7835.15,Yahoo PSEI.PS
2019-04-22,7832.43,Yahoo PSEI.PS
2019-04-23,7818.93,Yahoo PSEI.PS
2019-04-24,7846.99,Yahoo PSEI.PS
2019-04-25,7894.45,Yahoo PSEI.PS
2019-04-26,7868.28,Yahoo PSEI.PS
2019-04-29,7897.02,Yahoo PSEI.PS
2019-04-30,7952.72,Yahoo PSEI.PS
2019-05-02,8001.57,Yahoo PSEI.PS
2019-05-03,7967.98,Yahoo PSEI.PS
2019-05-06,7862.30,Yahoo PSEI.PS
2019-05-07,7910.63,Yahoo PSEI.PS
2019-05-08,7926.69,Yahoo PSEI.PS
2019-05-09,7755.62,Yahoo PSEI.PS
2019-05-10,7742.20,Yahoo PSEI.PS
2019-05-14,7646.66,Yahoo PSEI.PS
2019-05-15,7576.71,Yahoo PSEI.PS
2019-05-16,7475.16,Yahoo PSEI.PS
2019-05-17,7583.82,Yahoo PSEI.PS
2019-05-20,7660.14,Yahoo PSEI.PS
2019-05-21,7721.56,Yahoo PSEI.PS
2019-05-22,7815.07,Yahoo PSEI.PS
2019-05-23,7804.03,Yahoo PSEI.PS
2019-05-24,7747.09,Yahoo PSEI.PS
2019-05-27,7725.01,Yahoo PSEI.PS
2019-05-28,7761.29,Yahoo PSEI.PS
2019-05-29,7797.75,Yahoo PSEI.PS
2019-05-30,7836.55,Yahoo PSEI.PS
2019-05-31,7970.02,Yahoo PSEI.PS
2019-06-03,8084.88,Yahoo PSEI.PS
2019-06-04,7945.37,Yahoo PSEI.PS
2019-06-06,7959.86,Yahoo PSEI.PS
2019-06-07,7983.98,Yahoo PSEI.PS
2019-06-10,8045.39,Yahoo PSEI.PS
2019-06-11,8030.98,Yahoo PSEI.PS
2019-06-13,8051.76,Yahoo PSEI.PS
2019-06-14,7990.20,Yahoo PSEI.PS
2019-06-17,7908.99,Yahoo PSEI.PS
2019-06-18,7922.04,Yahoo PSEI.PS
2019-06-19,8017.01,Yahoo PSEI.PS
2019-06-20,8022.42,Yahoo PSEI.PS
2019-06-21,8055.47,Yahoo PSEI.PS
2019-06-24,8060.58,Yahoo PSEI.PS
2019-06-25,8034.09,Yahoo PSEI.PS
2019-06-26,8013.57,Yahoo PSEI.PS
2019-06-27,8057.64,Yahoo PSEI.PS
2019-06-28,7999.71,Yahoo PSEI.PS
2019-07-01,8043.71,Yahoo PSEI.PS
2019-07-02,8093.60,Yahoo PSEI.PS
2019-07-03,8092.68,Yahoo PSEI.PS
2019-07-04,8064.92,Yahoo PSEI.PS
2019-07-05,8117.94,Yahoo PSEI.PS
2019-07-08,8051.52,Yahoo PSEI.PS
2019-07-09,8042.04,Yahoo PSEI.PS
2019-07-10,8078.21,Yahoo PSEI.PS
2019-07-11,8154.49,Yahoo PSEI.PS
2019-07-12,8141.82,Yahoo PSEI.PS
2019-07-15,8365.29,Yahoo PSEI.PS
2019-07-16,8263.57,Yahoo PSEI.PS
2019-07-17,8233.48,Yahoo PSEI.PS
2019-07-18,8258.05,Yahoo PSEI.PS
2019-07-19,8270.07,Yahoo PSEI.PS
2019-07-22,8246.83,Yahoo PSEI.PS
2019-07-23,8251.46,Yahoo PSEI.PS
2019-07-24,8161.49,Yahoo PSEI.PS
2019-07-25,8272.18,Yahoo PSEI.PS
2019-07-26,8183.99,Yahoo PSEI.PS
2019-07-29,8188.52,Yahoo PSEI.PS
2019-07-30,8150.46,Yahoo PSEI.PS
2019-07-31,8045.80,Yahoo PSEI.PS
2019-08-01,8098.16,Yahoo PSEI.PS
2019-08-02,8129.93,Yahoo PSEI.PS
2019-08-05,7890.02,Yahoo PSEI.PS
2019-08-06,7766.75,Yahoo PSEI.PS
2019-08-07,7917.39,Yahoo PSEI.PS
2019-08-08,7914.16,Yahoo PSEI.PS
2019-08-09,7854.39,Yahoo PSEI.PS
2019-08-13,7788.45,Yahoo PSEI.PS
2019-08-14,7858.65,Yahoo PSEI.PS
2019-08-15,7828.86,Yahoo PSEI.PS
2019-08-16,7795.98,Yahoo PSEI.PS
2019-08-19,7938.35,Yahoo PSEI.PS
2019-08-20,7886.91,Yahoo PSEI.PS
2019-08-22,7848.83,Yahoo PSEI.PS
2019-08-23,7889.41,Yahoo PSEI.PS
2019-08-27,7747.38,Yahoo PSEI.PS
2019-08-28,7847.50,Yahoo PSEI.PS
2019-08-29,7892.81,Yahoo PSEI.PS
2019-08-30,7979.66,Yahoo PSEI.PS
2019-09-02,7918.53,Yahoo PSEI.PS
2019-09-03,7804.71,Yahoo PSEI.PS
2019-09-04,7840.86,Yahoo PSEI.PS
2019-09-05,7898.19,Yahoo PSEI.PS
2019-09-06,7933.47,Yahoo PSEI.PS
2019-09-09,7960.12,Yahoo PSEI.PS
2019-09-10,7929.48,Yahoo PSEI.PS
2019-09-11,7967.90,Yahoo PSEI.PS
2019-09-12,7944.43,Yahoo PSEI.PS
2019-09-13,7992.32,Yahoo PSEI.PS
2019-09-16,7996.90,Yahoo PSEI.PS
2019-09-17,7932.23,Yahoo PSEI.PS
2019-09-18,7915.29,Yahoo PSEI.PS
2019-09-19,7911.32,Yahoo PSEI.PS
2019-09-20,7871.11,Yahoo PSEI.PS
2019-09-23,7867.51,Yahoo PSEI.PS
2019-09-24,7893.94,Yahoo PSEI.PS
2019-09-25,7896.24,Yahoo PSEI.PS
2019-09-26,7896.48,Yahoo PSEI.PS
2019-09-27,7819.22,Yahoo PSEI.PS
2019-09-30,7779.07,Yahoo PSEI.PS
2019-10-01,7739.86,Yahoo PSEI.PS
2019-10-02,7610.68,Yahoo PSEI.PS
2019-10-03,7545.55,Yahoo PSEI.PS
2019-10-04,7704.60,Yahoo PSEI.PS
2019-10-07,7683.22,Yahoo PSEI.PS
2019-10-08,7756.72,Yahoo PSEI.PS
2019-10-09,7681.25,Yahoo PSEI.PS
2019-10-10,7765.03,Yahoo PSEI.PS
2019-10-11,7849.94,Yahoo PSEI.PS
2019-10-14,7884.29,Yahoo PSEI.PS
2019-10-15,7840.31,Yahoo PSEI.PS
2019-10-16,7915.30,Yahoo PSEI.PS
2019-10-17,7930.55,Yahoo PSEI.PS
2019-10-18,7885.23,Yahoo PSEI.PS
2019-10-21,7891.13,Yahoo PSEI.PS
2019-10-22,7955.24,Yahoo PSEI.PS
2019-10-23,7933.76,Yahoo PSEI.PS
2019-10-24,7950.98,Yahoo PSEI.PS
2019-10-25,7922.50,Yahoo PSEI.PS
2019-10-28,7946.53,Yahoo PSEI.PS
2019-10-29,7991.19,Yahoo PSEI.PS
2019-10-30,8020.06,Yahoo PSEI.PS
2019-10-31,7977.12,Yahoo PSEI.PS
2019-11-04,8059.65,Yahoo PSEI.PS
2019-11-05,8104.85,Yahoo PSEI.PS
2019-11-06,8025.88,Yahoo PSEI.PS
2019-11-07,8073.81,Yahoo PSEI.PS
2019-11-08,8065.76,Yahoo PSEI.PS
2019-11-11,8009.38,Yahoo PSEI.PS
2019-11-12,8012.34,Yahoo PSEI.PS
2019-11-13,7947.47,Yahoo PSEI.PS
2019-11-14,7933.71,Yahoo PSEI.PS
2019-11-15,7932.96,Yahoo PSEI.PS
2019-11-18,7880.94,Yahoo PSEI.PS
2019-11-19,7912.14,Yahoo PSEI.PS
2019-11-20,7898.06,Yahoo PSEI.PS
2019-11-21,7818.89,Yahoo PSEI.PS
2019-11-22,7818.89,Yahoo PSEI.PS
2019-11-25,7771.62,Yahoo PSEI.PS
2019-11-26,7707.80,Yahoo PSEI.PS
2019-11-27,7836.89,Yahoo PSEI.PS
2019-11-28,7768.66,Yahoo PSEI.PS
2019-11-29,7738.96,Yahoo PSEI.PS
2019-12-02,7877.19,Yahoo PSEI.PS
2019-12-03,7855.18,Yahoo PSEI.PS
2019-12-04,7815.93,Yahoo PSEI.PS
2019-12-05,7790.91,Yahoo PSEI.PS
2019-12-06,7801.72,Yahoo PSEI.PS
2019-12-09,7779.80,Yahoo PSEI.PS
2019-12-10,7736.18,Yahoo PSEI.PS
2019-12-11,7786.41,Yahoo PSEI.PS
2019-12-12,7741.07,Yahoo PSEI.PS
2019-12-13,7877.63,Yahoo PSEI.PS
2019-12-16,7701.60,Yahoo PSEI.PS
2019-12-17,7730.45,Yahoo PSEI.PS
2019-12-18,7733.67,Yahoo PSEI.PS
2019-12-19,7653.94,Yahoo PSEI.PS
2019-12-20,7773.12,Yahoo PSEI.PS
2019-12-23,7872.60,Yahoo PSEI.PS
2019-12-26,7842.28,Yahoo PSEI.PS
2019-12-27,7815.26,Yahoo PSEI.PS
2020-01-02,7742.53,Yahoo PSEI.PS
2020-01-03,7839.79,Yahoo PSEI.PS
2020-01-06,7797.87,Yahoo PSEI.PS
2020-01-07,7840.70,Yahoo PSEI.PS
2020-01-08,7736.24,Yahoo PSEI.PS
2020-01-09,7797.64,Yahoo PSEI.PS
2020-01-10,7776.77,Yahoo PSEI.PS
2020-01-14,7793.25,Yahoo PSEI.PS
2020-01-15,7664.40,Yahoo PSEI.PS
2020-01-16,7653.18,Yahoo PSEI.PS
2020-01-17,7722.58,Yahoo PSEI.PS
2020-01-20,7552.60,Yahoo PSEI.PS
2020-01-21,7466.65,Yahoo PSEI.PS
2020-01-22,7468.73,Yahoo PSEI.PS
2020-01-23,7616.35,Yahoo PSEI.PS
2020-01-24,7623.41,Yahoo PSEI.PS
2020-01-27,7587.63,Yahoo PSEI.PS
2020-01-28,7468.70,Yahoo PSEI.PS
2020-01-29,7462.31,Yahoo PSEI.PS
2020-01-30,7392.68,Yahoo PSEI.PS
2020-01-31,7200.79,Yahoo PSEI.PS
2020-02-03,7137.03,Yahoo PSEI.PS
2020-02-04,7226.90,Yahoo PSEI.PS
2020-02-05,7352.85,Yahoo PSEI.PS
2020-02-06,7506.21,Yahoo PSEI.PS
2020-02-07,7507.20,Yahoo PSEI.PS
2020-02-10,7430.86,Yahoo PSEI.PS
2020-02-11,7439.40,Yahoo PSEI.PS
2020-02-12,7383.10,Yahoo PSEI.PS
2020-02-13,7403.12,Yahoo PSEI.PS
2020-02-14,7282.00,Yahoo PSEI.PS
2020-02-17,7326.85,Yahoo PSEI.PS
2020-02-18,7322.89,Yahoo PSEI.PS
2020-02-19,7396.94,Yahoo PSEI.PS
2020-02-20,7413.00,Yahoo PSEI.PS
2020-02-21,7369.78,Yahoo PSEI.PS
2020-02-24,7187.44,Yahoo PSEI.PS
2020-02-26,6909.84,Yahoo PSEI.PS
2020-02-27,6967.84,Yahoo PSEI.PS
2020-02-28,6787.91,Yahoo PSEI.PS
2020-03-02,6749.28,Yahoo PSEI.PS
2020-03-03,6790.54,Yahoo PSEI.PS
2020-03-04,6867.26,Yahoo PSEI.PS
2020-03-05,6884.77,Yahoo PSEI.PS
2020-03-06,6770.38,Yahoo PSEI.PS
2020-03-09,6312.61,Yahoo PSEI.PS
2020-03-10,6318.38,Yahoo PSEI.PS
2020-03-11,6353.26,Yahoo PSEI.PS
2020-03-12,5736.27,Yahoo PSEI.PS
2020-03-13,5793.94,Yahoo PSEI.PS
2020-03-16,5335.37,Yahoo PSEI.PS
2020-03-19,4623.42,Yahoo PSEI.PS
2020-03-20,4778.76,Yahoo PSEI.PS
2020-03-23,4743.37,Yahoo PSEI.PS
2020-03-24,4774.27,Yahoo PSEI.PS
2020-03-25,5027.76,Yahoo PSEI.PS
2020-03-26,5401.58,Yahoo PSEI.PS
2020-03-27,5266.62,Yahoo PSEI.PS
2020-03-30,5131.16,Yahoo PSEI.PS
2020-03-31,5321.23,Yahoo PSEI.PS
2020-04-01,5408.52,Yahoo PSEI.PS
2020-04-02,5342.31,Yahoo PSEI.PS
2020-04-03,5346.97,Yahoo PSEI.PS
2020-04-06,5570.81,Yahoo PSEI.PS
2020-04-07,5650.01,Yahoo PSEI.PS
2020-04-08,5510.83,Yahoo PSEI.PS
2020-04-13,5610.98,Yahoo PSEI.PS
2020-04-14,5780.88,Yahoo PSEI.PS
2020-04-15,5946.05,Yahoo PSEI.PS
2020-04-16,5525.60,Yahoo PSEI.PS
2020-04-17,5789.97,Yahoo PSEI.PS
2020-04-20,5733.65,Yahoo PSEI.PS
2020-04-21,5592.25,Yahoo PSEI.PS
2020-04-22,5573.75,Yahoo PSEI.PS
2020-04-23,5599.55,Yahoo PSEI.PS
2020-04-24,5464.98,Yahoo PSEI.PS
2020-04-27,5450.45,Yahoo PSEI.PS
2020-04-28,5574.98,Yahoo PSEI.PS
2020-04-29,5643.97,Yahoo PSEI.PS
2020-04-30,5700.71,Yahoo PSEI.PS
2020-05-04,5572.09,Yahoo PSEI.PS
2020-05-05,5671.67,Yahoo PSEI.PS
2020-05-06,5639.27,Yahoo PSEI.PS
2020-05-07,5653.16,Yahoo PSEI.PS
2020-05-08,5621.94,Yahoo PSEI.PS
2020-05-11,5667.93,Yahoo PSEI.PS
2020-05-12,5651.67,Yahoo PSEI.PS
2020-05-13,5626.25,Yahoo PSEI.PS
2020-05-14,5654.70,Yahoo PSEI.PS
2020-05-15,5654.70,Yahoo PSEI.PS
2020-05-18,5479.35,Yahoo PSEI.PS
2020-05-19,5555.85,Yahoo PSEI.PS
2020-05-20,5581.96,Yahoo PSEI.PS
2020-05-21,5604.49,Yahoo PSEI.PS
2020-05-22,5604.49,Yahoo PSEI.PS
2020-05-26,5496.83,Yahoo PSEI.PS
2020-05-27,5523.78,Yahoo PSEI.PS
2020-05-28,5570.22,Yahoo PSEI.PS
2020-05-29,5838.84,Yahoo PSEI.PS
2020-06-01,5930.17,Yahoo PSEI.PS
2020-06-02,6025.17,Yahoo PSEI.PS
2020-06-03,6245.65,Yahoo PSEI.PS
2020-06-04,6517.49,Yahoo PSEI.PS
2020-06-05,6465.13,Yahoo PSEI.PS
2020-06-08,6514.00,Yahoo PSEI.PS
2020-06-09,6583.84,Yahoo PSEI.PS
2020-06-10,6439.37,Yahoo PSEI.PS
2020-06-11,6476.24,Yahoo PSEI.PS
2020-06-15,6163.82,Yahoo PSEI.PS
2020-06-16,6281.75,Yahoo PSEI.PS
2020-06-17,6282.01,Yahoo PSEI.PS
2020-06-18,6348.45,Yahoo PSEI.PS
2020-06-19,6315.07,Yahoo PSEI.PS
2020-06-22,6347.43,Yahoo PSEI.PS
2020-06-23,6297.78,Yahoo PSEI.PS
2020-06-24,6188.83,Yahoo PSEI.PS
2020-06-25,6118.26,Yahoo PSEI.PS
2020-06-26,6191.84,Yahoo PSEI.PS
2020-06-29,6105.18,Yahoo PSEI.PS
2020-06-30,6207.72,Yahoo PSEI.PS
2020-07-01,6209.71,Yahoo PSEI.PS
2020-07-02,6364.08,Yahoo PSEI.PS
2020-07-03,6372.66,Yahoo PSEI.PS
2020-07-06,6328.41,Yahoo PSEI.PS
2020-07-07,6267.40,Yahoo PSEI.PS
2020-07-08,6285.50,Yahoo PSEI.PS
2020-07-09,6192.58,Yahoo PSEI.PS
2020-07-10,6197.38,Yahoo PSEI.PS
2020-07-13,6172.57,Yahoo PSEI.PS
2020-07-14,6172.81,Yahoo PSEI.PS
2020-07-15,6016.51,Yahoo PSEI.PS
2020-07-16,6147.66,Yahoo PSEI.PS
2020-07-17,6088.75,Yahoo PSEI.PS
2020-07-20,6150.70,Yahoo PSEI.PS
2020-07-21,6136.31,Yahoo PSEI.PS
2020-07-22,6064.26,Yahoo PSEI.PS
2020-07-23,6029.01,Yahoo PSEI.PS
2020-07-24,6003.26,Yahoo PSEI.PS
2020-07-27,5860.94,Yahoo PSEI.PS
2020-07-28,5927.11,Yahoo PSEI.PS
2020-07-29,5966.27,Yahoo PSEI.PS
2020-07-30,5928.45,Yahoo PSEI.PS
2020-08-03,5715.92,Yahoo PSEI.PS
2020-08-04,5775.50,Yahoo PSEI.PS
2020-08-05,5833.58,Yahoo PSEI.PS
2020-08-06,5902.58,Yahoo PSEI.PS
2020-08-07,5846.02,Yahoo PSEI.PS
2020-08-10,5930.92,Yahoo PSEI.PS
2020-08-11,5953.94,Yahoo PSEI.PS
2020-08-12,5995.00,Yahoo PSEI.PS
2020-08-13,6097.78,Yahoo PSEI.PS
2020-08-14,6076.91,Yahoo PSEI.PS
2020-08-17,6068.78,Yahoo PSEI.PS
2020-08-18,6156.45,Yahoo PSEI.PS
2020-08-19,6042.12,Yahoo PSEI.PS
2020-08-20,6005.40,Yahoo PSEI.PS
2020-08-24,5943.58,Yahoo PSEI.PS
2020-08-25,5953.44,Yahoo PSEI.PS
2020-08-26,5931.33,Yahoo PSEI.PS
2020-08-27,5921.55,Yahoo PSEI.PS
2020-08-28,5884.18,Yahoo PSEI.PS
2020-09-01,5799.24,Yahoo PSEI.PS
2020-09-02,5738.39,Yahoo PSEI.PS
2020-09-03,5772.86,Yahoo PSEI.PS
2020-09-04,5785.09,Yahoo PSEI.PS
2020-09-07,5935.85,Yahoo PSEI.PS
2020-09-08,6034.03,Yahoo PSEI.PS
2020-09-09,5932.84,Yahoo PSEI.PS
2020-09-10,5902.39,Yahoo PSEI.PS
2020-09-11,5967.96,Yahoo PSEI.PS
2020-09-14,5997.14,Yahoo PSEI.PS
2020-09-15,6018.21,Yahoo PSEI.PS
2020-09-16,5946.62,Yahoo PSEI.PS
2020-09-17,5943.52,Yahoo PSEI.PS
2020-09-18,5908.90,Yahoo PSEI.PS
2020-09-21,5909.32,Yahoo PSEI.PS
2020-09-22,5894.28,Yahoo PSEI.PS
2020-09-23,5892.72,Yahoo PSEI.PS
2020-09-24,5845.80,Yahoo PSEI.PS
2020-09-25,5838.66,Yahoo PSEI.PS
2020-09-28,5861.39,Yahoo PSEI.PS
2020-09-29,5841.60,Yahoo PSEI.PS
2020-09-30,5864.23,Yahoo PSEI.PS
2020-10-01,5944.87,Yahoo PSEI.PS
2020-10-02,5999.40,Yahoo PSEI.PS
2020-10-05,5938.95,Yahoo PSEI.PS
2020-10-06,5910.64,Yahoo PSEI.PS
2020-10-07,5867.88,Yahoo PSEI.PS
2020-10-08,5942.66,Yahoo PSEI.PS
2020-10-09,5931.61,Yahoo PSEI.PS
2020-10-12,5937.05,Yahoo PSEI.PS
2020-10-13,5923.23,Yahoo PSEI.PS
2020-10-14,5925.30,Yahoo PSEI.PS
2020-10-15,5938.33,Yahoo PSEI.PS
2020-10-16,5898.47,Yahoo PSEI.PS
2020-10-19,6019.26,Yahoo PSEI.PS
2020-10-20,6112.71,Yahoo PSEI.PS
2020-10-21,6278.59,Yahoo PSEI.PS
2020-10-22,6344.63,Yahoo PSEI.PS
2020-10-23,6484.06,Yahoo PSEI.PS
2020-10-26,6491.19,Yahoo PSEI.PS
2020-10-27,6415.08,Yahoo PSEI.PS
2020-10-28,6377.79,Yahoo PSEI.PS
2020-10-29,6249.39,Yahoo PSEI.PS
2020-10-30,6324.00,Yahoo PSEI.PS
2020-11-03,6335.56,Yahoo PSEI.PS
2020-11-04,6464.05,Yahoo PSEI.PS
2020-11-05,6644.77,Yahoo PSEI.PS
2020-11-06,6685.69,Yahoo PSEI.PS
2020-11-09,6685.85,Yahoo PSEI.PS
2020-11-10,7035.48,Yahoo PSEI.PS
2020-11-11,7024.26,Yahoo PSEI.PS
2020-11-13,6969.88,Yahoo PSEI.PS
2020-11-16,6918.05,Yahoo PSEI.PS
2020-11-17,6959.14,Yahoo PSEI.PS
2020-11-18,7051.78,Yahoo PSEI.PS
2020-11-19,6997.62,Yahoo PSEI.PS
2020-11-20,7169.79,Yahoo PSEI.PS
2020-11-23,7178.62,Yahoo PSEI.PS
2020-11-24,7108.67,Yahoo PSEI.PS
2020-11-25,7001.51,Yahoo PSEI.PS
2020-11-26,6927.75,Yahoo PSEI.PS
2020-11-27,6791.46,Yahoo PSEI.PS
2020-12-01,7009.56,Yahoo PSEI.PS
2020-12-02,7080.62,Yahoo PSEI.PS
2020-12-03,7194.13,Yahoo PSEI.PS
2020-12-04,7134.56,Yahoo PSEI.PS
2020-12-07,7203.67,Yahoo PSEI.PS
2020-12-09,7102.66,Yahoo PSEI.PS
2020-12-10,7154.43,Yahoo PSEI.PS
2020-12-11,7246.16,Yahoo PSEI.PS
2020-12-14,7281.35,Yahoo PSEI.PS
2020-12-15,7227.73,Yahoo PSEI.PS
2020-12-16,7299.70,Yahoo PSEI.PS
2020-12-17,7298.02,Yahoo PSEI.PS
2020-12-18,7272.80,Yahoo PSEI.PS
2020-12-21,7224.89,Yahoo PSEI.PS
2020-12-22,7202.39,Yahoo PSEI.PS
2020-12-23,7204.38,Yahoo PSEI.PS
2020-12-24,7204.38,Yahoo PSEI.PS
2020-12-28,7122.25,Yahoo PSEI.PS
2020-12-29,7139.71,Yahoo PSEI.PS
2021-01-04,7197.50,Yahoo PSEI.PS
2021-01-05,7134.18,Yahoo PSEI.PS
2021-01-06,7047.85,Yahoo PSEI.PS
2021-01-07,7119.61,Yahoo PSEI.PS
2021-01-08,7289.88,Yahoo PSEI.PS
2021-01-11,7304.79,Yahoo PSEI.PS
2021-01-12,7258.11,Yahoo PSEI.PS
2021-01-13,7242.85,Yahoo PSEI.PS
2021-01-14,7273.15,Yahoo PSEI.PS
2021-01-15,7238.46,Yahoo PSEI.PS
2021-01-18,7203.44,Yahoo PSEI.PS
2021-01-19,7198.45,Yahoo PSEI.PS
2021-01-20,7143.30,Yahoo PSEI.PS
2021-01-21,7140.29,Yahoo PSEI.PS
2021-01-22,7045.83,Yahoo PSEI.PS
2021-01-25,7071.50,Yahoo PSEI.PS
2021-01-26,6977.16,Yahoo PSEI.PS
2021-01-27,6863.61,Yahoo PSEI.PS
2021-01-28,6851.84,Yahoo PSEI.PS
2021-01-29,6612.62,Yahoo PSEI.PS
2021-02-01,6814.76,Yahoo PSEI.PS
2021-02-02,6867.88,Yahoo PSEI.PS
2021-02-03,6859.46,Yahoo PSEI.PS
2021-02-04,6903.75,Yahoo PSEI.PS
2021-02-05,7019.18,Yahoo PSEI.PS
2021-02-08,7024.48,Yahoo PSEI.PS
2021-02-09,7065.55,Yahoo PSEI.PS
2021-02-10,7082.15,Yahoo PSEI.PS
2021-02-11,6991.01,Yahoo PSEI.PS
2021-02-15,6959.21,Yahoo PSEI.PS
2021-02-16,7044.06,Yahoo PSEI.PS
2021-02-17,6966.43,Yahoo PSEI.PS
2021-02-18,6849.64,Yahoo PSEI.PS
2021-02-19,6926.41,Yahoo PSEI.PS
2021-02-22,6810.34,Yahoo PSEI.PS
2021-02-23,6814.67,Yahoo PSEI.PS
2021-02-24,6755.95,Yahoo PSEI.PS
2021-02-26,6794.86,Yahoo PSEI.PS
2021-03-01,6872.97,Yahoo PSEI.PS
2021-03-02,6919.54,Yahoo PSEI.PS
2021-03-03,6942.76,Yahoo PSEI.PS
2021-03-04,6882.49,Yahoo PSEI.PS
2021-03-05,6881.37,Yahoo PSEI.PS
2021-03-08,6756.92,Yahoo PSEI.PS
2021-03-09,6766.83,Yahoo PSEI.PS
2021-03-10,6808.32,Yahoo PSEI.PS
2021-03-11,6719.18,Yahoo PSEI.PS
2021-03-12,6728.55,Yahoo PSEI.PS
2021-03-15,6552.46,Yahoo PSEI.PS
2021-03-16,6559.08,Yahoo PSEI.PS
2021-03-17,6566.83,Yahoo PSEI.PS
2021-03-18,6630.85,Yahoo PSEI.PS
2021-03-19,6436.10,Yahoo PSEI.PS
2021-03-22,6395.17,Yahoo PSEI.PS
2021-03-23,6446.35,Yahoo PSEI.PS
2021-03-24,6497.01,Yahoo PSEI.PS
2021-03-25,6581.00,Yahoo PSEI.PS
2021-03-26,6544.63,Yahoo PSEI.PS
2021-03-29,6607.78,Yahoo PSEI.PS
2021-03-30,6545.55,Yahoo PSEI.PS
2021-03-31,6443.09,Yahoo PSEI.PS
2021-04-05,6495.15,Yahoo PSEI.PS
2021-04-06,6590.11,Yahoo PSEI.PS
2021-04-07,6651.71,Yahoo PSEI.PS
2021-04-08,6545.17,Yahoo PSEI.PS
2021-04-12,6518.64,Yahoo PSEI.PS
2021-04-13,6457.79,Yahoo PSEI.PS
2021-04-14,6523.21,Yahoo PSEI.PS
2021-04-15,6539.96,Yahoo PSEI.PS
2021-04-16,6494.81,Yahoo PSEI.PS
2021-04-19,6459.76,Yahoo PSEI.PS
2021-04-20,6500.42,Yahoo PSEI.PS
2021-04-21,6439.39,Yahoo PSEI.PS
2021-04-22,6415.53,Yahoo PSEI.PS
2021-04-23,6378.07,Yahoo PSEI.PS
2021-04-26,6389.38,Yahoo PSEI.PS
2021-04-27,6356.47,Yahoo PSEI.PS
2021-04-28,6469.14,Yahoo PSEI.PS
2021-04-29,6487.51,Yahoo PSEI.PS
2021-04-30,6370.87,Yahoo PSEI.PS
2021-05-03,6369.28,Yahoo PSEI.PS
2021-05-04,6359.15,Yahoo PSEI.PS
2021-05-05,6299.69,Yahoo PSEI.PS
2021-05-06,6282.78,Yahoo PSEI.PS
2021-05-07,6258.71,Yahoo PSEI.PS
2021-05-10,6317.41,Yahoo PSEI.PS
2021-05-11,6326.83,Yahoo PSEI.PS
2021-05-12,6236.40,Yahoo PSEI.PS
2021-05-14,6269.36,Yahoo PSEI.PS
2021-05-17,6283.58,Yahoo PSEI.PS
2021-05-18,6244.74,Yahoo PSEI.PS
2021-05-19,6245.71,Yahoo PSEI.PS
2021-05-20,6197.64,Yahoo PSEI.PS
2021-05-21,6199.25,Yahoo PSEI.PS
2021-05-24,6164.89,Yahoo PSEI.PS
2021-05-25,6196.71,Yahoo PSEI.PS
2021-05-26,6341.24,Yahoo PSEI.PS
2021-05-27,6665.14,Yahoo PSEI.PS
2021-05-28,6674.51,Yahoo PSEI.PS
2021-05-31,6628.49,Yahoo PSEI.PS
2021-06-01,6627.43,Yahoo PSEI.PS
2021-06-02,6841.69,Yahoo PSEI.PS
2021-06-03,6791.87,Yahoo PSEI.PS
2021-06-04,6796.34,Yahoo PSEI.PS
2021-06-07,6763.92,Yahoo PSEI.PS
2021-06-08,6809.72,Yahoo PSEI.PS
2021-06-09,6902.54,Yahoo PSEI.PS
2021-06-10,6875.71,Yahoo PSEI.PS
2021-06-11,6907.79,Yahoo PSEI.PS
2021-06-14,6917.49,Yahoo PSEI.PS
2021-06-15,6976.73,Yahoo PSEI.PS
2021-06-16,6973.35,Yahoo PSEI.PS
2021-06-17,6887.92,Yahoo PSEI.PS
2021-06-18,6851.38,Yahoo PSEI.PS
2021-06-21,6827.17,Yahoo PSEI.PS
2021-06-22,6870.41,Yahoo PSEI.PS
2021-06-23,6918.41,Yahoo PSEI.PS
2021-06-24,6886.00,Yahoo PSEI.PS
2021-06-25,6950.51,Yahoo PSEI.PS
2021-06-28,6937.96,Yahoo PSEI.PS
2021-06-29,6956.65,Yahoo PSEI.PS
2021-06-30,6901.91,Yahoo PSEI.PS
2021-07-01,6964.01,Yahoo PSEI.PS
2021-07-02,7002.26,Yahoo PSEI.PS
2021-07-05,7036.38,Yahoo PSEI.PS
2021-07-06,6992.43,Yahoo PSEI.PS
2021-07-07,6943.00,Yahoo PSEI.PS
2021-07-08,6924.99,Yahoo PSEI.PS
2021-07-09,6834.92,Yahoo PSEI.PS
2021-07-12,6913.87,Yahoo PSEI.PS
2021-07-13,6795.13,Yahoo PSEI.PS
2021-07-14,6835.41,Yahoo PSEI.PS
2021-07-15,6727.93,Yahoo PSEI.PS
2021-07-16,6693.83,Yahoo PSEI.PS
2021-07-19,6587.20,Yahoo PSEI.PS
2021-07-21,6476.21,Yahoo PSEI.PS
2021-07-22,6576.62,Yahoo PSEI.PS
2021-07-23,6520.74,Yahoo PSEI.PS
2021-07-26,6372.61,Yahoo PSEI.PS
2021-07-27,6522.58,Yahoo PSEI.PS
2021-07-28,6473.03,Yahoo PSEI.PS
2021-07-29,6496.53,Yahoo PSEI.PS
2021-07-30,6270.23,Yahoo PSEI.PS
2021-08-02,6446.31,Yahoo PSEI.PS
2021-08-03,6560.06,Yahoo PSEI.PS
2021-08-04,6585.21,Yahoo PSEI.PS
2021-08-05,6547.27,Yahoo PSEI.PS
2021-08-06,6539.91,Yahoo PSEI.PS
2021-08-09,6632.57,Yahoo PSEI.PS
2021-08-10,6623.23,Yahoo PSEI.PS
2021-08-11,6666.86,Yahoo PSEI.PS
2021-08-12,6556.57,Yahoo PSEI.PS
2021-08-13,6320.19,Yahoo PSEI.PS
2021-08-16,6513.68,Yahoo PSEI.PS
2021-08-17,6561.41,Yahoo PSEI.PS
2021-08-18,6680.18,Yahoo PSEI.PS
2021-08-19,6718.51,Yahoo PSEI.PS
2021-08-20,6633.22,Yahoo PSEI.PS
2021-08-23,6591.67,Yahoo PSEI.PS
2021-08-24,6678.82,Yahoo PSEI.PS
2021-08-25,6822.15,Yahoo PSEI.PS
2021-08-26,6820.53,Yahoo PSEI.PS
2021-08-27,6786.62,Yahoo PSEI.PS
2021-08-31,6855.44,Yahoo PSEI.PS
2021-09-01,6785.94,Yahoo PSEI.PS
2021-09-02,6834.66,Yahoo PSEI.PS
2021-09-03,6897.13,Yahoo PSEI.PS
2021-09-06,6877.10,Yahoo PSEI.PS
2021-09-07,6912.71,Yahoo PSEI.PS
2021-09-08,6949.39,Yahoo PSEI.PS
2021-09-09,6924.02,Yahoo PSEI.PS
2021-09-10,6970.51,Yahoo PSEI.PS
2021-09-13,6968.14,Yahoo PSEI.PS
2021-09-14,6920.36,Yahoo PSEI.PS
2021-09-15,6880.20,Yahoo PSEI.PS
2021-09-16,6968.43,Yahoo PSEI.PS
2021-09-17,6912.85,Yahoo PSEI.PS
2021-09-20,6857.90,Yahoo PSEI.PS
2021-09-21,6881.20,Yahoo PSEI.PS
2021-09-22,6890.73,Yahoo PSEI.PS
2021-09-23,6915.28,Yahoo PSEI.PS
2021-09-24,6951.53,Yahoo PSEI.PS
2021-09-27,6956.26,Yahoo PSEI.PS
2021-09-28,6885.36,Yahoo PSEI.PS
2021-09-29,6934.11,Yahoo PSEI.PS
2021-09-30,6952.88,Yahoo PSEI.PS
2021-10-01,6923.60,Yahoo PSEI.PS
2021-10-04,6960.89,Yahoo PSEI.PS
2021-10-05,6981.24,Yahoo PSEI.PS
2021-10-06,7057.45,Yahoo PSEI.PS
2021-10-07,6951.30,Yahoo PSEI.PS
2021-10-08,6906.86,Yahoo PSEI.PS
2021-10-11,7124.01,Yahoo PSEI.PS
2021-10-12,7107.82,Yahoo PSEI.PS
2021-10-13,7068.92,Yahoo PSEI.PS
2021-10-14,7183.11,Yahoo PSEI.PS
2021-10-15,7213.46,Yahoo PSEI.PS
2021-10-18,7219.81,Yahoo PSEI.PS
2021-10-19,7266.31,Yahoo PSEI.PS
2021-10-20,7297.08,Yahoo PSEI.PS
2021-10-21,7311.72,Yahoo PSEI.PS
2021-10-22,7289.61,Yahoo PSEI.PS
2021-10-25,7211.54,Yahoo PSEI.PS
2021-10-26,7252.10,Yahoo PSEI.PS
2021-10-27,7230.15,Yahoo PSEI.PS
2021-10-28,7157.73,Yahoo PSEI.PS
2021-10-29,7054.70,Yahoo PSEI.PS
2021-11-02,7106.01,Yahoo PSEI.PS
2021-11-03,7184.72,Yahoo PSEI.PS
2021-11-04,7203.72,Yahoo PSEI.PS
2021-11-05,7340.77,Yahoo PSEI.PS
2021-11-08,7396.22,Yahoo PSEI.PS
2021-11-09,7441.67,Yahoo PSEI.PS
2021-11-10,7375.68,Yahoo PSEI.PS
2021-11-11,7331.65,Yahoo PSEI.PS
2021-11-12,7382.84,Yahoo PSEI.PS
2021-11-15,7342.37,Yahoo PSEI.PS
2021-11-16,7367.42,Yahoo PSEI.PS
2021-11-17,7349.82,Yahoo PSEI.PS
2021-11-18,7299.34,Yahoo PSEI.PS
2021-11-19,7280.57,Yahoo PSEI.PS
2021-11-22,7282.67,Yahoo PSEI.PS
2021-11-23,7401.16,Yahoo PSEI.PS
2021-11-24,7419.10,Yahoo PSEI.PS
2021-11-25,7369.27,Yahoo PSEI.PS
2021-11-26,7278.44,Yahoo PSEI.PS
2021-11-29,7200.88,Yahoo PSEI.PS
2021-12-01,6947.06,Yahoo PSEI.PS
2021-12-02,7032.54,Yahoo PSEI.PS
2021-12-03,7055.19,Yahoo PSEI.PS
2021-12-06,7130.74,Yahoo PSEI.PS
2021-12-07,7147.30,Yahoo PSEI.PS
2021-12-09,7234.92,Yahoo PSEI.PS
2021-12-10,7192.17,Yahoo PSEI.PS
2021-12-13,7197.61,Yahoo PSEI.PS
2021-12-14,7241.99,Yahoo PSEI.PS
2021-12-15,7132.58,Yahoo PSEI.PS
2021-12-16,7233.26,Yahoo PSEI.PS
2021-12-17,7297.66,Yahoo PSEI.PS
2021-12-20,7237.61,Yahoo PSEI.PS
2021-12-21,7167.06,Yahoo PSEI.PS
2021-12-22,7119.19,Yahoo PSEI.PS
2021-12-23,7248.05,Yahoo PSEI.PS
2021-12-24,7181.86,Yahoo PSEI.PS
2021-12-27,7254.80,Yahoo PSEI.PS
2021-12-28,7286.56,Yahoo PSEI.PS
2021-12-29,7334.56,Yahoo PSEI.PS
2021-12-31,7122.63,Yahoo PSEI.PS
2022-01-03,7041.27,Yahoo PSEI.PS
2022-01-05,7091.40,Yahoo PSEI.PS
2022-01-06,7085.52,Yahoo PSEI.PS
2022-01-07,7011.11,Yahoo PSEI.PS
2022-01-10,7140.67,Yahoo PSEI.PS
2022-01-11,7085.69,Yahoo PSEI.PS
2022-01-12,7215.13,Yahoo PSEI.PS
2022-01-13,7307.75,Yahoo PSEI.PS
2022-01-14,7261.34,Yahoo PSEI.PS
2022-01-17,7223.83,Yahoo PSEI.PS
2022-01-18,7343.96,Yahoo PSEI.PS
2022-01-19,7261.54,Yahoo PSEI.PS
2022-01-20,7239.28,Yahoo PSEI.PS
2022-01-21,7293.52,Yahoo PSEI.PS
2022-01-24,7252.64,Yahoo PSEI.PS
2022-01-25,7288.21,Yahoo PSEI.PS
2022-01-26,7253.61,Yahoo PSEI.PS
2022-01-27,7273.52,Yahoo PSEI.PS
2022-01-28,7251.97,Yahoo PSEI.PS
2022-01-31,7361.65,Yahoo PSEI.PS
2022-02-02,7458.99,Yahoo PSEI.PS
2022-02-03,7382.77,Yahoo PSEI.PS
2022-02-04,7456.35,Yahoo PSEI.PS
2022-02-07,7380.30,Yahoo PSEI.PS
2022-02-08,7458.23,Yahoo PSEI.PS
2022-02-09,7502.48,Yahoo PSEI.PS
2022-02-10,7432.62,Yahoo PSEI.PS
2022-02-11,7270.36,Yahoo PSEI.PS
2022-02-14,7361.15,Yahoo PSEI.PS
2022-02-15,7309.94,Yahoo PSEI.PS
2022-02-16,7452.82,Yahoo PSEI.PS
2022-02-17,7438.93,Yahoo PSEI.PS
2022-02-18,7418.79,Yahoo PSEI.PS
2022-02-21,7372.25,Yahoo PSEI.PS
2022-02-22,7440.91,Yahoo PSEI.PS
2022-02-23,7364.21,Yahoo PSEI.PS
2022-02-24,7212.23,Yahoo PSEI.PS
2022-02-28,7311.01,Yahoo PSEI.PS
2022-03-01,7404.61,Yahoo PSEI.PS
2022-03-02,7304.02,Yahoo PSEI.PS
2022-03-03,7388.09,Yahoo PSEI.PS
2022-03-04,7342.01,Yahoo PSEI.PS
2022-03-07,7288.07,Yahoo PSEI.PS
2022-03-08,6977.73,Yahoo PSEI.PS
2022-03-09,6989.88,Yahoo PSEI.PS
2022-03-10,7124.80,Yahoo PSEI.PS
2022-03-11,7112.19,Yahoo PSEI.PS
2022-03-14,6816.95,Yahoo PSEI.PS
2022-03-15,7019.92,Yahoo PSEI.PS
2022-03-16,7026.45,Yahoo PSEI.PS
2022-03-17,7122.45,Yahoo PSEI.PS
2022-03-18,7007.63,Yahoo PSEI.PS
2022-03-21,6956.60,Yahoo PSEI.PS
2022-03-22,7008.94,Yahoo PSEI.PS
2022-03-23,7009.43,Yahoo PSEI.PS
2022-03-24,7082.61,Yahoo PSEI.PS
2022-03-25,7124.84,Yahoo PSEI.PS
2022-03-28,7134.36,Yahoo PSEI.PS
2022-03-29,7115.09,Yahoo PSEI.PS
2022-03-30,7167.02,Yahoo PSEI.PS
2022-03-31,7203.47,Yahoo PSEI.PS
2022-04-01,7152.88,Yahoo PSEI.PS
2022-04-04,7163.21,Yahoo PSEI.PS
2022-04-05,7156.07,Yahoo PSEI.PS
2022-04-06,7109.26,Yahoo PSEI.PS
2022-04-07,6926.03,Yahoo PSEI.PS
2022-04-08,7018.02,Yahoo PSEI.PS
2022-04-11,6988.29,Yahoo PSEI.PS
2022-04-12,6895.36,Yahoo PSEI.PS
2022-04-13,6984.90,Yahoo PSEI.PS
2022-04-18,6996.11,Yahoo PSEI.PS
2022-04-19,7037.74,Yahoo PSEI.PS
2022-04-20,7142.42,Yahoo PSEI.PS
2022-04-21,7061.49,Yahoo PSEI.PS
2022-04-22,6998.59,Yahoo PSEI.PS
2022-04-25,7020.83,Yahoo PSEI.PS
2022-04-26,6980.02,Yahoo PSEI.PS
2022-04-27,6863.91,Yahoo PSEI.PS
2022-04-28,6909.45,Yahoo PSEI.PS
2022-04-29,6731.25,Yahoo PSEI.PS
2022-05-02,6721.08,Yahoo PSEI.PS
2022-05-04,6802.73,Yahoo PSEI.PS
2022-05-05,6868.92,Yahoo PSEI.PS
2022-05-06,6759.90,Yahoo PSEI.PS
2022-05-10,6720.93,Yahoo PSEI.PS
2022-05-11,6635.86,Yahoo PSEI.PS
2022-05-12,6532.30,Yahoo PSEI.PS
2022-05-13,6379.17,Yahoo PSEI.PS
2022-05-16,6502.12,Yahoo PSEI.PS
2022-05-17,6594.66,Yahoo PSEI.PS
2022-05-18,6727.60,Yahoo PSEI.PS
2022-05-19,6660.05,Yahoo PSEI.PS
2022-05-20,6746.33,Yahoo PSEI.PS
2022-05-23,6687.85,Yahoo PSEI.PS
2022-05-24,6577.45,Yahoo PSEI.PS
2022-05-25,6597.76,Yahoo PSEI.PS
2022-05-26,6645.52,Yahoo PSEI.PS
2022-05-27,6726.14,Yahoo PSEI.PS
2022-05-30,6822.32,Yahoo PSEI.PS
2022-05-31,6774.68,Yahoo PSEI.PS
2022-06-01,6712.21,Yahoo PSEI.PS
2022-06-02,6686.83,Yahoo PSEI.PS
2022-06-03,6741.40,Yahoo PSEI.PS
2022-06-06,6716.88,Yahoo PSEI.PS
2022-06-07,6754.01,Yahoo PSEI.PS
2022-06-08,6769.62,Yahoo PSEI.PS
2022-06-09,6758.59,Yahoo PSEI.PS
2022-06-10,6530.04,Yahoo PSEI.PS
2022-06-13,6467.01,Yahoo PSEI.PS
2022-06-14,6474.53,Yahoo PSEI.PS
2022-06-15,6319.42,Yahoo PSEI.PS
2022-06-16,6393.01,Yahoo PSEI.PS
2022-06-17,6331.56,Yahoo PSEI.PS
2022-06-20,6333.94,Yahoo PSEI.PS
2022-06-21,6285.19,Yahoo PSEI.PS
2022-06-22,6168.00,Yahoo PSEI.PS
2022-06-23,6065.23,Yahoo PSEI.PS
2022-06-24,6217.56,Yahoo PSEI.PS
2022-06-27,6238.82,Yahoo PSEI.PS
2022-06-28,6345.41,Yahoo PSEI.PS
2022-06-29,6303.19,Yahoo PSEI.PS
2022-06-30,6155.43,Yahoo PSEI.PS
2022-07-01,6165.35,Yahoo PSEI.PS
2022-07-04,6183.62,Yahoo PSEI.PS
2022-07-05,6309.99,Yahoo PSEI.PS
2022-07-06,6445.01,Yahoo PSEI.PS
2022-07-07,6352.32,Yahoo PSEI.PS
2022-07-08,6361.82,Yahoo PSEI.PS
2022-07-11,6388.64,Yahoo PSEI.PS
2022-07-12,6349.94,Yahoo PSEI.PS
2022-07-13,6255.37,Yahoo PSEI.PS
2022-07-14,6248.13,Yahoo PSEI.PS
2022-07-15,6195.26,Yahoo PSEI.PS
2022-07-18,6268.78,Yahoo PSEI.PS
2022-07-19,6286.24,Yahoo PSEI.PS
2022-07-20,6274.80,Yahoo PSEI.PS
2022-07-21,6256.17,Yahoo PSEI.PS
2022-07-22,6263.39,Yahoo PSEI.PS
2022-07-25,6209.53,Yahoo PSEI.PS
2022-07-26,6223.00,Yahoo PSEI.PS
2022-07-27,6236.76,Yahoo PSEI.PS
2022-07-28,6379.26,Yahoo PSEI.PS
2022-07-29,6315.93,Yahoo PSEI.PS
2022-08-01,6312.03,Yahoo PSEI.PS
2022-08-02,6362.30,Yahoo PSEI.PS
2022-08-03,6430.08,Yahoo PSEI.PS
2022-08-04,6483.11,Yahoo PSEI.PS
2022-08-05,6405.50,Yahoo PSEI.PS
2022-08-08,6434.24,Yahoo PSEI.PS
2022-08-09,6468.97,Yahoo PSEI.PS
2022-08-10,6471.84,Yahoo PSEI.PS
2022-08-11,6680.68,Yahoo PSEI.PS
2022-08-12,6699.66,Yahoo PSEI.PS
2022-08-15,6737.84,Yahoo PSEI.PS
2022-08-16,6850.64,Yahoo PSEI.PS
2022-08-17,6818.99,Yahoo PSEI.PS
2022-08-18,6824.63,Yahoo PSEI.PS
2022-08-19,6863.86,Yahoo PSEI.PS
2022-08-22,6704.41,Yahoo PSEI.PS
2022-08-23,6618.38,Yahoo PSEI.PS
2022-08-24,6643.45,Yahoo PSEI.PS
2022-08-25,6706.43,Yahoo PSEI.PS
2022-08-26,6752.50,Yahoo PSEI.PS
2022-08-30,6690.27,Yahoo PSEI.PS
2022-08-31,6583.65,Yahoo PSEI.PS
2022-09-01,6588.28,Yahoo PSEI.PS
2022-09-02,6692.65,Yahoo PSEI.PS
2022-09-05,6676.04,Yahoo PSEI.PS
2022-09-06,6709.60,Yahoo PSEI.PS
2022-09-07,6554.08,Yahoo PSEI.PS
2022-09-08,6593.74,Yahoo PSEI.PS
2022-09-09,6606.00,Yahoo PSEI.PS
2022-09-12,6715.75,Yahoo PSEI.PS
2022-09-13,6701.81,Yahoo PSEI.PS
2022-09-14,6582.86,Yahoo PSEI.PS
2022-09-15,6575.67,Yahoo PSEI.PS
2022-09-16,6548.77,Yahoo PSEI.PS
2022-09-19,6437.42,Yahoo PSEI.PS
2022-09-20,6448.46,Yahoo PSEI.PS
2022-09-21,6341.69,Yahoo PSEI.PS
2022-09-22,6301.71,Yahoo PSEI.PS
2022-09-23,6259.54,Yahoo PSEI.PS
2022-09-27,6020.07,Yahoo PSEI.PS
2022-09-28,5879.68,Yahoo PSEI.PS
2022-09-29,5934.25,Yahoo PSEI.PS
2022-09-30,5741.07,Yahoo PSEI.PS
2022-10-03,5783.15,Yahoo PSEI.PS
2022-10-04,5987.72,Yahoo PSEI.PS
2022-10-05,5988.59,Yahoo PSEI.PS
2022-10-06,5934.27,Yahoo PSEI.PS
2022-10-07,5932.19,Yahoo PSEI.PS
2022-10-10,5832.58,Yahoo PSEI.PS
2022-10-11,5847.37,Yahoo PSEI.PS
2022-10-12,5853.63,Yahoo PSEI.PS
2022-10-13,5895.64,Yahoo PSEI.PS
2022-10-14,5904.75,Yahoo PSEI.PS
2022-10-17,5970.33,Yahoo PSEI.PS
2022-10-18,6128.64,Yahoo PSEI.PS
2022-10-19,6148.31,Yahoo PSEI.PS
2022-10-20,6055.99,Yahoo PSEI.PS
2022-10-21,5983.56,Yahoo PSEI.PS
2022-10-24,6028.79,Yahoo PSEI.PS
2022-10-25,6073.41,Yahoo PSEI.PS
2022-10-26,6121.53,Yahoo PSEI.PS
2022-10-27,6230.58,Yahoo PSEI.PS
2022-10-28,6153.43,Yahoo PSEI.PS
2022-11-02,6206.24,Yahoo PSEI.PS
2022-11-03,6156.11,Yahoo PSEI.PS
2022-11-04,6185.53,Yahoo PSEI.PS
2022-11-07,6295.58,Yahoo PSEI.PS
2022-11-08,6289.10,Yahoo PSEI.PS
2022-11-09,6241.68,Yahoo PSEI.PS
2022-11-10,6167.57,Yahoo PSEI.PS
2022-11-11,6286.77,Yahoo PSEI.PS
2022-11-14,6354.76,Yahoo PSEI.PS
2022-11-15,6418.94,Yahoo PSEI.PS
2022-11-16,6392.09,Yahoo PSEI.PS
2022-11-17,6403.74,Yahoo PSEI.PS
2022-11-18,6437.38,Yahoo PSEI.PS
2022-11-21,6403.24,Yahoo PSEI.PS
2022-11-22,6429.65,Yahoo PSEI.PS
2022-11-23,6510.32,Yahoo PSEI.PS
2022-11-24,6530.51,Yahoo PSEI.PS
2022-11-25,6606.94,Yahoo PSEI.PS
2022-11-28,6681.47,Yahoo PSEI.PS
2022-11-29,6780.78,Yahoo PSEI.PS
2022-12-01,6734.09,Yahoo PSEI.PS
2022-12-02,6489.65,Yahoo PSEI.PS
2022-12-05,6442.13,Yahoo PSEI.PS
2022-12-06,6674.38,Yahoo PSEI.PS
2022-12-07,6525.16,Yahoo PSEI.PS
2022-12-09,6580.12,Yahoo PSEI.PS
2022-12-12,6585.20,Yahoo PSEI.PS
2022-12-13,6582.38,Yahoo PSEI.PS
2022-12-14,6615.07,Yahoo PSEI.PS
2022-12-15,6566.80,Yahoo PSEI.PS
2022-12-16,6496.50,Yahoo PSEI.PS
2022-12-19,6414.27,Yahoo PSEI.PS
2022-12-20,6458.12,Yahoo PSEI.PS
2022-12-21,6520.80,Yahoo PSEI.PS
2022-12-22,6576.94,Yahoo PSEI.PS
2022-12-23,6541.03,Yahoo PSEI.PS
2022-12-27,6564.90,Yahoo PSEI.PS
2022-12-28,6566.54,Yahoo PSEI.PS
2022-12-29,6566.39,Yahoo PSEI.PS
2023-01-03,6586.01,Yahoo PSEI.PS
2023-01-04,6718.50,Yahoo PSEI.PS
2023-01-05,6761.33,Yahoo PSEI.PS
2023-01-06,6667.97,Yahoo PSEI.PS
2023-01-09,6790.24,Yahoo PSEI.PS
2023-01-10,6756.69,Yahoo PSEI.PS
2023-01-11,6709.34,Yahoo PSEI.PS
2023-01-12,6833.53,Yahoo PSEI.PS
2023-01-13,6951.54,Yahoo PSEI.PS
2023-01-16,7045.48,Yahoo PSEI.PS
2023-01-17,7014.04,Yahoo PSEI.PS
2023-01-18,7094.86,Yahoo PSEI.PS
2023-01-19,7062.01,Yahoo PSEI.PS
2023-01-20,7056.62,Yahoo PSEI.PS
2023-01-23,7069.68,Yahoo PSEI.PS
2023-01-24,7041.50,Yahoo PSEI.PS
2023-01-25,7081.36,Yahoo PSEI.PS
2023-01-26,7042.70,Yahoo PSEI.PS
2023-01-27,7052.16,Yahoo PSEI.PS
2023-01-30,6970.97,Yahoo PSEI.PS
2023-01-31,6793.25,Yahoo PSEI.PS
2023-02-01,7035.76,Yahoo PSEI.PS
2023-02-02,6986.19,Yahoo PSEI.PS
2023-02-03,7027.38,Yahoo PSEI.PS
2023-02-06,6936.61,Yahoo PSEI.PS
2023-02-07,6881.26,Yahoo PSEI.PS
2023-02-08,6923.08,Yahoo PSEI.PS
2023-02-09,6842.79,Yahoo PSEI.PS
2023-02-10,6876.79,Yahoo PSEI.PS
2023-02-13,6838.75,Yahoo PSEI.PS
2023-02-14,6791.24,Yahoo PSEI.PS
2023-02-15,6822.09,Yahoo PSEI.PS
2023-02-16,6815.91,Yahoo PSEI.PS
2023-02-17,6779.02,Yahoo PSEI.PS
2023-02-20,6744.12,Yahoo PSEI.PS
2023-02-21,6800.96,Yahoo PSEI.PS
2023-02-22,6699.23,Yahoo PSEI.PS
2023-02-23,6685.90,Yahoo PSEI.PS
2023-02-24,6685.90,Yahoo PSEI.PS
2023-02-27,6599.34,Yahoo PSEI.PS
2023-02-28,6556.20,Yahoo PSEI.PS
2023-03-01,6607.13,Yahoo PSEI.PS
2023-03-02,6622.45,Yahoo PSEI.PS
2023-03-03,6655.37,Yahoo PSEI.PS
2023-03-06,6671.12,Yahoo PSEI.PS
2023-03-07,6705.12,Yahoo PSEI.PS
2023-03-08,6711.49,Yahoo PSEI.PS
2023-03-09,6609.27,Yahoo PSEI.PS
2023-03-10,6589.88,Yahoo PSEI.PS
2023-03-13,6544.45,Yahoo PSEI.PS
2023-03-14,6393.33,Yahoo PSEI.PS
2023-03-15,6466.10,Yahoo PSEI.PS
2023-03-16,6404.91,Yahoo PSEI.PS
2023-03-17,6469.72,Yahoo PSEI.PS
2023-03-20,6451.02,Yahoo PSEI.PS
2023-03-21,6530.75,Yahoo PSEI.PS
2023-03-22,6546.27,Yahoo PSEI.PS
2023-03-23,6536.36,Yahoo PSEI.PS
2023-03-24,6602.17,Yahoo PSEI.PS
2023-03-27,6595.03,Yahoo PSEI.PS
2023-03-28,6603.15,Yahoo PSEI.PS
2023-03-29,6630.97,Yahoo PSEI.PS
2023-03-30,6644.75,Yahoo PSEI.PS
2023-03-31,6499.68,Yahoo PSEI.PS
2023-04-03,6529.99,Yahoo PSEI.PS
2023-04-04,6472.04,Yahoo PSEI.PS
2023-04-05,6488.51,Yahoo PSEI.PS
2023-04-11,6479.63,Yahoo PSEI.PS
2023-04-12,6469.42,Yahoo PSEI.PS
2023-04-13,6448.87,Yahoo PSEI.PS
2023-04-14,6481.91,Yahoo PSEI.PS
2023-04-17,6505.62,Yahoo PSEI.PS
2023-04-18,6464.72,Yahoo PSEI.PS
2023-04-19,6446.35,Yahoo PSEI.PS
2023-04-20,6520.44,Yahoo PSEI.PS
2023-04-24,6598.38,Yahoo PSEI.PS
2023-04-25,6593.39,Yahoo PSEI.PS
2023-04-26,6540.24,Yahoo PSEI.PS
2023-04-27,6583.68,Yahoo PSEI.PS
2023-04-28,6625.08,Yahoo PSEI.PS
2023-05-02,6672.69,Yahoo PSEI.PS
2023-05-03,6606.69,Yahoo PSEI.PS
2023-05-04,6684.35,Yahoo PSEI.PS
2023-05-05,6685.66,Yahoo PSEI.PS
2023-05-08,6600.74,Yahoo PSEI.PS
2023-05-09,6622.61,Yahoo PSEI.PS
2023-05-10,6658.59,Yahoo PSEI.PS
2023-05-11,6675.46,Yahoo PSEI.PS
2023-05-12,6578.15,Yahoo PSEI.PS
2023-05-15,6523.15,Yahoo PSEI.PS
2023-05-16,6588.90,Yahoo PSEI.PS
2023-05-17,6635.11,Yahoo PSEI.PS
2023-05-18,6628.64,Yahoo PSEI.PS
2023-05-19,6664.55,Yahoo PSEI.PS
2023-05-22,6620.83,Yahoo PSEI.PS
2023-05-23,6603.56,Yahoo PSEI.PS
2023-05-24,6615.95,Yahoo PSEI.PS
2023-05-25,6560.22,Yahoo PSEI.PS
2023-05-26,6530.20,Yahoo PSEI.PS
2023-05-29,6593.16,Yahoo PSEI.PS
2023-05-30,6510.67,Yahoo PSEI.PS
2023-05-31,6477.36,Yahoo PSEI.PS
2023-06-01,6430.58,Yahoo PSEI.PS
2023-06-02,6512.01,Yahoo PSEI.PS
2023-06-05,6521.64,Yahoo PSEI.PS
2023-06-06,6479.93,Yahoo PSEI.PS
2023-06-07,6564.70,Yahoo PSEI.PS
2023-06-08,6539.36,Yahoo PSEI.PS
2023-06-09,6507.15,Yahoo PSEI.PS
2023-06-12,6507.15,Yahoo PSEI.PS
2023-06-13,6507.26,Yahoo PSEI.PS
2023-06-14,6434.06,Yahoo PSEI.PS
2023-06-15,6461.42,Yahoo PSEI.PS
2023-06-16,6508.34,Yahoo PSEI.PS
2023-06-19,6450.34,Yahoo PSEI.PS
2023-06-20,6448.90,Yahoo PSEI.PS
2023-06-21,6424.21,Yahoo PSEI.PS
2023-06-22,6404.91,Yahoo PSEI.PS
2023-06-23,6393.55,Yahoo PSEI.PS
2023-06-26,6523.09,Yahoo PSEI.PS
2023-06-27,6502.85,Yahoo PSEI.PS
2023-06-29,6511.49,Yahoo PSEI.PS
2023-06-30,6468.07,Yahoo PSEI.PS
2023-07-03,6508.21,Yahoo PSEI.PS
2023-07-04,6514.47,Yahoo PSEI.PS
2023-07-05,6512.39,Yahoo PSEI.PS
2023-07-06,6474.26,Yahoo PSEI.PS
2023-07-07,6379.03,Yahoo PSEI.PS
2023-07-10,6379.72,Yahoo PSEI.PS
2023-07-11,6398.64,Yahoo PSEI.PS
2023-07-12,6466.85,Yahoo PSEI.PS
2023-07-13,6578.49,Yahoo PSEI.PS
2023-07-14,6624.79,Yahoo PSEI.PS
2023-07-17,6550.76,Yahoo PSEI.PS
2023-07-18,6528.80,Yahoo PSEI.PS
2023-07-19,6541.91,Yahoo PSEI.PS
2023-07-20,6613.50,Yahoo PSEI.PS
2023-07-21,6647.56,Yahoo PSEI.PS
2023-07-24,6631.25,Yahoo PSEI.PS
2023-07-25,6661.11,Yahoo PSEI.PS
2023-07-26,6679.13,Yahoo PSEI.PS
2023-07-27,6677.92,Yahoo PSEI.PS
2023-07-28,6625.26,Yahoo PSEI.PS
2023-07-31,6591.47,Yahoo PSEI.PS
2023-08-01,6593.80,Yahoo PSEI.PS
2023-08-02,6483.28,Yahoo PSEI.PS
2023-08-03,6576.76,Yahoo PSEI.PS
2023-08-04,6450.84,Yahoo PSEI.PS
2023-08-07,6507.78,Yahoo PSEI.PS
2023-08-08,6472.97,Yahoo PSEI.PS
2023-08-09,6530.45,Yahoo PSEI.PS
2023-08-10,6449.66,Yahoo PSEI.PS
2023-08-11,6405.91,Yahoo PSEI.PS
2023-08-14,6329.19,Yahoo PSEI.PS
2023-08-15,6335.91,Yahoo PSEI.PS
2023-08-16,6410.09,Yahoo PSEI.PS
2023-08-17,6364.97,Yahoo PSEI.PS
2023-08-18,6290.27,Yahoo PSEI.PS
2023-08-22,6212.39,Yahoo PSEI.PS
2023-08-23,6179.63,Yahoo PSEI.PS
2023-08-24,6225.78,Yahoo PSEI.PS
2023-08-25,6160.28,Yahoo PSEI.PS
2023-08-29,6225.00,Yahoo PSEI.PS
2023-08-30,6295.29,Yahoo PSEI.PS
2023-08-31,6175.25,Yahoo PSEI.PS
2023-09-01,6181.06,Yahoo PSEI.PS
2023-09-04,6214.68,Yahoo PSEI.PS
2023-09-05,6225.00,Yahoo PSEI.PS
2023-09-06,6241.69,Yahoo PSEI.PS
2023-09-07,6183.07,Yahoo PSEI.PS
2023-09-08,6222.94,Yahoo PSEI.PS
2023-09-11,6233.74,Yahoo PSEI.PS
2023-09-12,6230.20,Yahoo PSEI.PS
2023-09-13,6149.18,Yahoo PSEI.PS
2023-09-14,6208.40,Yahoo PSEI.PS
2023-09-15,6126.34,Yahoo PSEI.PS
2023-09-18,6124.57,Yahoo PSEI.PS
2023-09-19,6047.97,Yahoo PSEI.PS
2023-09-20,6041.04,Yahoo PSEI.PS
2023-09-21,6094.71,Yahoo PSEI.PS
2023-09-22,6142.79,Yahoo PSEI.PS
2023-09-25,6172.84,Yahoo PSEI.PS
2023-09-26,6263.94,Yahoo PSEI.PS
2023-09-27,6374.68,Yahoo PSEI.PS
2023-09-28,6385.52,Yahoo PSEI.PS
2023-09-29,6321.24,Yahoo PSEI.PS
2023-10-02,6304.53,Yahoo PSEI.PS
2023-10-03,6305.99,Yahoo PSEI.PS
2023-10-04,6298.20,Yahoo PSEI.PS
2023-10-05,6178.60,Yahoo PSEI.PS
2023-10-06,6259.95,Yahoo PSEI.PS
2023-10-09,6252.16,Yahoo PSEI.PS
2023-10-10,6264.07,Yahoo PSEI.PS
2023-10-11,6253.96,Yahoo PSEI.PS
2023-10-12,6263.06,Yahoo PSEI.PS
2023-10-13,6266.34,Yahoo PSEI.PS
2023-10-16,6198.83,Yahoo PSEI.PS
2023-10-17,6280.90,Yahoo PSEI.PS
2023-10-18,6268.27,Yahoo PSEI.PS
2023-10-19,6219.16,Yahoo PSEI.PS
2023-10-20,6142.90,Yahoo PSEI.PS
2023-10-23,6088.44,Yahoo PSEI.PS
2023-10-24,6039.72,Yahoo PSEI.PS
2023-10-25,6054.50,Yahoo PSEI.PS
2023-10-26,6018.49,Yahoo PSEI.PS
2023-10-27,5961.99,Yahoo PSEI.PS
2023-10-31,5973.78,Yahoo PSEI.PS
2023-11-03,5989.27,Yahoo PSEI.PS
2023-11-06,6006.59,Yahoo PSEI.PS
2023-11-07,6131.32,Yahoo PSEI.PS
2023-11-08,6155.03,Yahoo PSEI.PS
2023-11-09,6188.22,Yahoo PSEI.PS
2023-11-10,6161.89,Yahoo PSEI.PS
2023-11-13,6116.14,Yahoo PSEI.PS
2023-11-14,6110.88,Yahoo PSEI.PS
2023-11-15,6171.13,Yahoo PSEI.PS
2023-11-16,6191.48,Yahoo PSEI.PS
2023-11-17,6211.89,Yahoo PSEI.PS
2023-11-20,6183.63,Yahoo PSEI.PS
2023-11-21,6208.83,Yahoo PSEI.PS
2023-11-22,6253.18,Yahoo PSEI.PS
2023-11-23,6246.20,Yahoo PSEI.PS
2023-11-24,6269.50,Yahoo PSEI.PS
2023-11-28,6309.57,Yahoo PSEI.PS
2023-11-29,6265.14,Yahoo PSEI.PS
2023-11-30,6223.73,Yahoo PSEI.PS
2023-12-01,6245.18,Yahoo PSEI.PS
2023-12-04,6284.37,Yahoo PSEI.PS
2023-12-05,6308.95,Yahoo PSEI.PS
2023-12-06,6305.85,Yahoo PSEI.PS
2023-12-07,6234.77,Yahoo PSEI.PS
2023-12-11,6228.29,Yahoo PSEI.PS
2023-12-12,6292.39,Yahoo PSEI.PS
2023-12-13,6255.74,Yahoo PSEI.PS
2023-12-14,6410.48,Yahoo PSEI.PS
2023-12-15,6478.44,Yahoo PSEI.PS
2023-12-18,6475.50,Yahoo PSEI.PS
2023-12-19,6521.27,Yahoo PSEI.PS
2023-12-20,6520.75,Yahoo PSEI.PS
2023-12-21,6469.23,Yahoo PSEI.PS
2023-12-22,6501.00,Yahoo PSEI.PS
2023-12-27,6462.80,Yahoo PSEI.PS
2023-12-28,6519.11,Yahoo PSEI.PS
2023-12-29,6450.04,Yahoo PSEI.PS
2024-01-02,6554.04,Yahoo PSEI.PS
2024-01-03,6498.88,Yahoo PSEI.PS
2024-01-04,6602.52,Yahoo PSEI.PS
2024-01-05,6629.64,Yahoo PSEI.PS
2024-01-08,6609.22,Yahoo PSEI.PS
2024-01-09,6618.52,Yahoo PSEI.PS
2024-01-10,6546.11,Yahoo PSEI.PS
2024-01-11,6613.73,Yahoo PSEI.PS
2024-01-12,6643.18,Yahoo PSEI.PS
2024-01-15,6680.45,Yahoo PSEI.PS
2024-01-16,6637.00,Yahoo PSEI.PS
2024-01-17,6572.51,Yahoo PSEI.PS
2024-01-18,6510.87,Yahoo PSEI.PS
2024-01-19,6503.54,Yahoo PSEI.PS
2024-01-22,6583.47,Yahoo PSEI.PS
2024-01-23,6621.88,Yahoo PSEI.PS
2024-01-24,6679.96,Yahoo PSEI.PS
2024-01-25,6673.50,Yahoo PSEI.PS
2024-01-26,6686.09,Yahoo PSEI.PS
2024-01-29,6630.68,Yahoo PSEI.PS
2024-01-30,6622.01,Yahoo PSEI.PS
2024-01-31,6646.44,Yahoo PSEI.PS
2024-02-01,6623.01,Yahoo PSEI.PS
2024-02-02,6707.25,Yahoo PSEI.PS
2024-02-05,6728.22,Yahoo PSEI.PS
2024-02-06,6755.26,Yahoo PSEI.PS
2024-02-07,6830.04,Yahoo PSEI.PS
2024-02-08,6850.16,Yahoo PSEI.PS
2024-02-12,6807.82,Yahoo PSEI.PS
2024-02-13,6827.92,Yahoo PSEI.PS
2024-02-14,6854.53,Yahoo PSEI.PS
2024-02-15,6882.15,Yahoo PSEI.PS
2024-02-16,6873.23,Yahoo PSEI.PS
2024-02-19,6798.61,Yahoo PSEI.PS
2024-02-20,6854.66,Yahoo PSEI.PS
2024-02-21,6897.36,Yahoo PSEI.PS
2024-02-22,6903.15,Yahoo PSEI.PS
2024-02-23,6913.21,Yahoo PSEI.PS
2024-02-26,6891.49,Yahoo PSEI.PS
2024-02-27,6860.67,Yahoo PSEI.PS
2024-02-28,6876.52,Yahoo PSEI.PS
2024-02-29,6944.71,Yahoo PSEI.PS
2024-03-01,6919.59,Yahoo PSEI.PS
2024-03-04,6951.67,Yahoo PSEI.PS
2024-03-05,6905.46,Yahoo PSEI.PS
2024-03-06,6878.54,Yahoo PSEI.PS
2024-03-07,6837.34,Yahoo PSEI.PS
2024-03-08,6942.21,Yahoo PSEI.PS
2024-03-11,6872.24,Yahoo PSEI.PS
2024-03-12,6879.59,Yahoo PSEI.PS
2024-03-13,6965.51,Yahoo PSEI.PS
2024-03-14,6967.96,Yahoo PSEI.PS
2024-03-15,6822.32,Yahoo PSEI.PS
2024-03-18,6853.29,Yahoo PSEI.PS
2024-03-19,6848.43,Yahoo PSEI.PS
2024-03-20,6856.77,Yahoo PSEI.PS
2024-03-21,6963.22,Yahoo PSEI.PS
2024-03-22,6881.97,Yahoo PSEI.PS
2024-03-25,6853.10,Yahoo PSEI.PS
2024-03-26,6898.17,Yahoo PSEI.PS
2024-03-27,6903.53,Yahoo PSEI.PS
2024-04-01,6979.81,Yahoo PSEI.PS
2024-04-02,6960.43,Yahoo PSEI.PS
2024-04-03,6863.82,Yahoo PSEI.PS
2024-04-04,6827.06,Yahoo PSEI.PS
2024-04-05,6745.46,Yahoo PSEI.PS
2024-04-08,6741.07,Yahoo PSEI.PS
2024-04-11,6677.65,Yahoo PSEI.PS
2024-04-12,6659.39,Yahoo PSEI.PS
2024-04-15,6562.43,Yahoo PSEI.PS
2024-04-16,6404.97,Yahoo PSEI.PS
2024-04-17,6450.04,Yahoo PSEI.PS
2024-04-18,6523.19,Yahoo PSEI.PS
2024-04-19,6443.00,Yahoo PSEI.PS
2024-04-22,6444.08,Yahoo PSEI.PS
2024-04-23,6506.80,Yahoo PSEI.PS
2024-04-24,6572.75,Yahoo PSEI.PS
2024-04-25,6574.88,Yahoo PSEI.PS
2024-04-26,6628.75,Yahoo PSEI.PS
2024-04-29,6769.64,Yahoo PSEI.PS
2024-04-30,6700.49,Yahoo PSEI.PS
2024-05-02,6646.55,Yahoo PSEI.PS
2024-05-03,6615.55,Yahoo PSEI.PS
2024-05-06,6652.49,Yahoo PSEI.PS
2024-05-07,6618.58,Yahoo PSEI.PS
2024-05-08,6659.18,Yahoo PSEI.PS
2024-05-09,6542.46,Yahoo PSEI.PS
2024-05-10,6511.93,Yahoo PSEI.PS
2024-05-13,6604.25,Yahoo PSEI.PS
2024-05-14,6608.36,Yahoo PSEI.PS
2024-05-15,6558.63,Yahoo PSEI.PS
2024-05-16,6628.20,Yahoo PSEI.PS
2024-05-17,6618.69,Yahoo PSEI.PS
2024-05-20,6682.78,Yahoo PSEI.PS
2024-05-21,6633.66,Yahoo PSEI.PS
2024-05-22,6607.22,Yahoo PSEI.PS
2024-05-23,6659.99,Yahoo PSEI.PS
2024-05-24,6619.89,Yahoo PSEI.PS
2024-05-27,6571.60,Yahoo PSEI.PS
2024-05-28,6501.34,Yahoo PSEI.PS
2024-05-29,6411.41,Yahoo PSEI.PS
2024-05-30,6371.75,Yahoo PSEI.PS
2024-05-31,6433.10,Yahoo PSEI.PS
2024-06-03,6470.74,Yahoo PSEI.PS
2024-06-04,6386.42,Yahoo PSEI.PS
2024-06-05,6441.32,Yahoo PSEI.PS
2024-06-06,6509.86,Yahoo PSEI.PS
2024-06-07,6518.76,Yahoo PSEI.PS
2024-06-10,6458.64,Yahoo PSEI.PS
2024-06-11,6410.07,Yahoo PSEI.PS
2024-06-13,6390.83,Yahoo PSEI.PS
2024-06-14,6383.70,Yahoo PSEI.PS
2024-06-18,6368.80,Yahoo PSEI.PS
2024-06-19,6366.03,Yahoo PSEI.PS
2024-06-20,6344.56,Yahoo PSEI.PS
2024-06-21,6158.48,Yahoo PSEI.PS
2024-06-24,6272.46,Yahoo PSEI.PS
2024-06-25,6299.05,Yahoo PSEI.PS
2024-06-26,6313.11,Yahoo PSEI.PS
2024-06-27,6390.58,Yahoo PSEI.PS
2024-06-28,6411.91,Yahoo PSEI.PS
2024-07-01,6398.77,Yahoo PSEI.PS
2024-07-02,6358.96,Yahoo PSEI.PS
2024-07-03,6450.03,Yahoo PSEI.PS
2024-07-04,6507.49,Yahoo PSEI.PS
2024-07-05,6492.75,Yahoo PSEI.PS
2024-07-08,6529.43,Yahoo PSEI.PS
2024-07-09,6556.66,Yahoo PSEI.PS
2024-07-10,6489.35,Yahoo PSEI.PS
2024-07-11,6609.24,Yahoo PSEI.PS
2024-07-12,6648.23,Yahoo PSEI.PS
2024-07-15,6689.37,Yahoo PSEI.PS
2024-07-16,6667.09,Yahoo PSEI.PS
2024-07-17,6687.71,Yahoo PSEI.PS
2024-07-18,6705.01,Yahoo PSEI.PS
2024-07-19,6791.69,Yahoo PSEI.PS
2024-07-22,6712.05,Yahoo PSEI.PS
2024-07-23,6753.12,Yahoo PSEI.PS
2024-07-25,6670.27,Yahoo PSEI.PS
2024-07-26,6726.01,Yahoo PSEI.PS
2024-07-29,6649.23,Yahoo PSEI.PS
2024-07-30,6606.36,Yahoo PSEI.PS
2024-07-31,6619.09,Yahoo PSEI.PS
2024-08-01,6693.83,Yahoo PSEI.PS
2024-08-02,6605.30,Yahoo PSEI.PS
2024-08-05,6434.73,Yahoo PSEI.PS
2024-08-06,6433.24,Yahoo PSEI.PS
2024-08-07,6535.17,Yahoo PSEI.PS
2024-08-08,6549.27,Yahoo PSEI.PS
2024-08-09,6647.80,Yahoo PSEI.PS
2024-08-12,6613.36,Yahoo PSEI.PS
2024-08-13,6650.44,Yahoo PSEI.PS
2024-08-14,6704.96,Yahoo PSEI.PS
2024-08-15,6692.91,Yahoo PSEI.PS
2024-08-16,6847.37,Yahoo PSEI.PS
2024-08-19,6889.87,Yahoo PSEI.PS
2024-08-20,6944.76,Yahoo PSEI.PS
2024-08-21,6900.62,Yahoo PSEI.PS
2024-08-22,6961.96,Yahoo PSEI.PS
2024-08-27,6973.41,Yahoo PSEI.PS
2024-08-28,6958.01,Yahoo PSEI.PS
2024-08-29,6891.55,Yahoo PSEI.PS
2024-08-30,6897.54,Yahoo PSEI.PS
2024-09-02,6923.41,Yahoo PSEI.PS
2024-09-03,6882.92,Yahoo PSEI.PS
2024-09-04,6882.12,Yahoo PSEI.PS
2024-09-05,6907.97,Yahoo PSEI.PS
2024-09-06,6936.09,Yahoo PSEI.PS
2024-09-09,6984.25,Yahoo PSEI.PS
2024-09-10,6984.63,Yahoo PSEI.PS
2024-09-11,6944.88,Yahoo PSEI.PS
2024-09-12,7024.67,Yahoo PSEI.PS
2024-09-13,7022.85,Yahoo PSEI.PS
2024-09-16,7104.20,Yahoo PSEI.PS
2024-09-17,7175.36,Yahoo PSEI.PS
2024-09-18,7155.90,Yahoo PSEI.PS
2024-09-19,7202.16,Yahoo PSEI.PS
2024-09-20,7252.32,Yahoo PSEI.PS
2024-09-23,7417.25,Yahoo PSEI.PS
2024-09-24,7432.21,Yahoo PSEI.PS
2024-09-25,7362.62,Yahoo PSEI.PS
2024-09-26,7458.74,Yahoo PSEI.PS
2024-09-27,7428.30,Yahoo PSEI.PS
2024-09-30,7272.65,Yahoo PSEI.PS
2024-10-01,7380.32,Yahoo PSEI.PS
2024-10-02,7402.81,Yahoo PSEI.PS
2024-10-03,7388.92,Yahoo PSEI.PS
2024-10-04,7467.92,Yahoo PSEI.PS
2024-10-07,7554.68,Yahoo PSEI.PS
2024-10-08,7537.25,Yahoo PSEI.PS
2024-10-09,7424.52,Yahoo PSEI.PS
2024-10-10,7411.47,Yahoo PSEI.PS
2024-10-11,7310.32,Yahoo PSEI.PS
2024-10-14,7326.41,Yahoo PSEI.PS
2024-10-15,7456.31,Yahoo PSEI.PS
2024-10-16,7437.00,Yahoo PSEI.PS
2024-10-17,7400.33,Yahoo PSEI.PS
2024-10-18,7415.73,Yahoo PSEI.PS
2024-10-21,7406.63,Yahoo PSEI.PS
2024-10-22,7413.16,Yahoo PSEI.PS
2024-10-23,7367.66,Yahoo PSEI.PS
2024-10-24,7283.79,Yahoo PSEI.PS
2024-10-25,7314.23,Yahoo PSEI.PS
2024-10-28,7343.24,Yahoo PSEI.PS
2024-10-29,7239.98,Yahoo PSEI.PS
2024-10-30,7280.24,Yahoo PSEI.PS
2024-10-31,7142.96,Yahoo PSEI.PS
2024-11-04,7136.10,Yahoo PSEI.PS
2024-11-05,7257.94,Yahoo PSEI.PS
2024-11-06,7165.42,Yahoo PSEI.PS
2024-11-07,7014.44,Yahoo PSEI.PS
2024-11-08,6977.18,Yahoo PSEI.PS
2024-11-11,6940.01,Yahoo PSEI.PS
2024-11-12,6810.11,Yahoo PSEI.PS
2024-11-13,6714.33,Yahoo PSEI.PS
2024-11-14,6557.09,Yahoo PSEI.PS
2024-11-15,6676.65,Yahoo PSEI.PS
2024-11-18,6761.35,Yahoo PSEI.PS
2024-11-19,6803.19,Yahoo PSEI.PS
2024-11-20,6975.63,Yahoo PSEI.PS
2024-11-21,6863.01,Yahoo PSEI.PS
2024-11-22,6780.13,Yahoo PSEI.PS
2024-11-25,6850.00,Yahoo PSEI.PS
2024-11-26,6806.86,Yahoo PSEI.PS
2024-11-27,6702.59,Yahoo PSEI.PS
2024-11-28,6638.54,Yahoo PSEI.PS
2024-11-29,6613.85,Yahoo PSEI.PS
2024-12-02,6742.89,Yahoo PSEI.PS
2024-12-03,6734.21,Yahoo PSEI.PS
2024-12-04,6729.96,Yahoo PSEI.PS
2024-12-05,6690.77,Yahoo PSEI.PS
2024-12-06,6729.14,Yahoo PSEI.PS
2024-12-09,6680.57,Yahoo PSEI.PS
2024-12-10,6724.82,Yahoo PSEI.PS
2024-12-11,6642.71,Yahoo PSEI.PS
2024-12-12,6641.35,Yahoo PSEI.PS
2024-12-13,6616.51,Yahoo PSEI.PS
2024-12-16,6615.16,Yahoo PSEI.PS
2024-12-17,6501.71,Yahoo PSEI.PS
2024-12-18,6469.08,Yahoo PSEI.PS
2024-12-19,6395.60,Yahoo PSEI.PS
2024-12-20,6406.38,Yahoo PSEI.PS
2024-12-23,6534.91,Yahoo PSEI.PS
2024-12-26,6539.02,Yahoo PSEI.PS
2024-12-27,6528.79,Yahoo PSEI.PS
2025-01-02,6550.39,Yahoo PSEI.PS
2025-01-03,6603.81,Yahoo PSEI.PS
2025-01-06,6625.17,Yahoo PSEI.PS
2025-01-07,6545.38,Yahoo PSEI.PS
2025-01-08,6496.72,Yahoo PSEI.PS
2025-01-09,6511.57,Yahoo PSEI.PS
2025-01-10,6496.32,Yahoo PSEI.PS
2025-01-13,6343.10,Yahoo PSEI.PS
2025-01-14,6299.67,Yahoo PSEI.PS
2025-01-15,6330.46,Yahoo PSEI.PS
2025-01-16,6265.52,Yahoo PSEI.PS
2025-01-17,6352.12,Yahoo PSEI.PS
2025-01-20,6349.89,Yahoo PSEI.PS
2025-01-21,6340.21,Yahoo PSEI.PS
2025-01-22,6348.34,Yahoo PSEI.PS
2025-01-23,6378.86,Yahoo PSEI.PS
2025-01-24,6296.20,Yahoo PSEI.PS
2025-01-27,6196.88,Yahoo PSEI.PS
2025-01-28,6153.47,Yahoo PSEI.PS
2025-01-30,6107.66,Yahoo PSEI.PS
2025-01-31,5862.59,Yahoo PSEI.PS
2025-02-03,5883.04,Yahoo PSEI.PS
2025-02-04,6089.06,Yahoo PSEI.PS
2025-02-05,6281.08,Yahoo PSEI.PS
2025-02-06,6241.97,Yahoo PSEI.PS
2025-02-07,6154.99,Yahoo PSEI.PS
2025-02-10,6037.12,Yahoo PSEI.PS
2025-02-11,5987.75,Yahoo PSEI.PS
2025-02-12,6044.13,Yahoo PSEI.PS
2025-02-13,6113.19,Yahoo PSEI.PS
2025-02-14,6061.33,Yahoo PSEI.PS
2025-02-17,5993.48,Yahoo PSEI.PS
2025-02-18,6094.96,Yahoo PSEI.PS
2025-02-19,6119.88,Yahoo PSEI.PS
2025-02-20,6066.63,Yahoo PSEI.PS
2025-02-21,6098.04,Yahoo PSEI.PS
2025-02-24,6095.97,Yahoo PSEI.PS
2025-02-25,6064.16,Yahoo PSEI.PS
2025-02-26,6144.96,Yahoo PSEI.PS
2025-02-27,6124.09,Yahoo PSEI.PS
2025-02-28,5997.97,Yahoo PSEI.PS
2025-03-03,6037.19,Yahoo PSEI.PS
2025-03-04,6064.11,Yahoo PSEI.PS
2025-03-05,6121.77,Yahoo PSEI.PS
2025-03-06,6219.96,Yahoo PSEI.PS
2025-03-07,6298.29,Yahoo PSEI.PS
2025-03-10,6360.77,Yahoo PSEI.PS
2025-03-11,6206.55,Yahoo PSEI.PS
2025-03-12,6195.26,Yahoo PSEI.PS
2025-03-13,6242.07,Yahoo PSEI.PS
2025-03-14,6294.11,Yahoo PSEI.PS
2025-03-17,6306.19,Yahoo PSEI.PS
2025-03-18,6284.68,Yahoo PSEI.PS
2025-03-19,6313.12,Yahoo PSEI.PS
2025-03-20,6323.13,Yahoo PSEI.PS
2025-03-21,6266.75,Yahoo PSEI.PS
2025-03-24,6192.02,Yahoo PSEI.PS
2025-03-25,6159.85,Yahoo PSEI.PS
2025-03-26,6166.05,Yahoo PSEI.PS
2025-03-27,6139.51,Yahoo PSEI.PS
2025-03-28,6147.44,Yahoo PSEI.PS
2025-03-31,6180.72,Yahoo PSEI.PS
2025-04-02,6247.68,Yahoo PSEI.PS
2025-04-03,6145.73,Yahoo PSEI.PS
2025-04-04,6084.19,Yahoo PSEI.PS
2025-04-07,5822.85,Yahoo PSEI.PS
2025-04-08,6006.34,Yahoo PSEI.PS
2025-04-10,6077.82,Yahoo PSEI.PS
2025-04-11,6082.44,Yahoo PSEI.PS
2025-04-14,6145.52,Yahoo PSEI.PS
2025-04-15,6186.10,Yahoo PSEI.PS
2025-04-16,6134.62,Yahoo PSEI.PS
2025-04-21,6138.00,Yahoo PSEI.PS
2025-04-22,6145.59,Yahoo PSEI.PS
2025-04-23,6168.48,Yahoo PSEI.PS
2025-04-24,6158.48,Yahoo PSEI.PS
2025-04-25,6268.75,Yahoo PSEI.PS
2025-04-28,6249.50,Yahoo PSEI.PS
2025-04-29,6252.19,Yahoo PSEI.PS
2025-04-30,6354.99,Yahoo PSEI.PS
2025-05-02,6411.86,Yahoo PSEI.PS
2025-05-05,6359.63,Yahoo PSEI.PS
2025-05-06,6418.69,Yahoo PSEI.PS
2025-05-07,6465.45,Yahoo PSEI.PS
2025-05-08,6389.49,Yahoo PSEI.PS
2025-05-09,6458.20,Yahoo PSEI.PS
2025-05-13,6566.82,Yahoo PSEI.PS
2025-05-14,6551.81,Yahoo PSEI.PS
2025-05-15,6466.86,Yahoo PSEI.PS
2025-05-16,6465.53,Yahoo PSEI.PS
2025-05-19,6454.84,Yahoo PSEI.PS
2025-05-20,6335.33,Yahoo PSEI.PS
2025-05-21,6375.35,Yahoo PSEI.PS
2025-05-22,6305.37,Yahoo PSEI.PS
2025-05-23,6413.10,Yahoo PSEI.PS
2025-05-26,6389.94,Yahoo PSEI.PS
2025-05-27,6384.62,Yahoo PSEI.PS
2025-05-28,6425.80,Yahoo PSEI.PS
2025-05-29,6412.81,Yahoo PSEI.PS
2025-05-30,6341.53,Yahoo PSEI.PS
2025-06-02,6352.66,Yahoo PSEI.PS
2025-06-03,6412.86,Yahoo PSEI.PS
2025-06-04,6378.56,Yahoo PSEI.PS
2025-06-05,6376.79,Yahoo PSEI.PS
2025-06-09,6406.13,Yahoo PSEI.PS
2025-06-10,6347.67,Yahoo PSEI.PS
2025-06-11,6381.32,Yahoo PSEI.PS
2025-06-13,6395.59,Yahoo PSEI.PS
2025-06-16,6358.58,Yahoo PSEI.PS
2025-06-17,6369.19,Yahoo PSEI.PS
2025-06-18,6337.43,Yahoo PSEI.PS
2025-06-19,6357.01,Yahoo PSEI.PS
2025-06-20,6339.77,Yahoo PSEI.PS
2025-06-23,6218.28,Yahoo PSEI.PS
2025-06-24,6292.75,Yahoo PSEI.PS
2025-06-25,6325.64,Yahoo PSEI.PS
2025-06-26,6330.65,Yahoo PSEI.PS
2025-06-27,6408.27,Yahoo PSEI.PS
2025-06-30,6364.94,Yahoo PSEI.PS
2025-07-01,6423.85,Yahoo PSEI.PS
2025-07-02,6419.05,Yahoo PSEI.PS
2025-07-03,6468.98,Yahoo PSEI.PS
2025-07-04,6395.57,Yahoo PSEI.PS
2025-07-07,6425.24,Yahoo PSEI.PS
2025-07-08,6433.60,Yahoo PSEI.PS
2025-07-09,6504.34,Yahoo PSEI.PS
2025-07-10,6463.20,Yahoo PSEI.PS
2025-07-11,6459.88,Yahoo PSEI.PS
2025-07-14,6525.04,Yahoo PSEI.PS
2025-07-15,6459.47,Yahoo PSEI.PS
2025-07-16,6337.48,Yahoo PSEI.PS
2025-07-17,6295.55,Yahoo PSEI.PS
2025-07-18,6303.72,Yahoo PSEI.PS
2025-07-21,6352.74,Yahoo PSEI.PS
2025-07-22,6355.69,Yahoo PSEI.PS
2025-07-23,6462.25,Yahoo PSEI.PS
2025-07-24,6444.16,Yahoo PSEI.PS
2025-07-25,6413.18,Yahoo PSEI.PS
2025-07-28,6379.75,Yahoo PSEI.PS
2025-07-29,6325.42,Yahoo PSEI.PS
2025-07-30,6318.23,Yahoo PSEI.PS
2025-07-31,6252.73,Yahoo PSEI.PS
2025-08-01,6306.13,Yahoo PSEI.PS
2025-08-04,6348.65,Yahoo PSEI.PS
2025-08-05,6353.63,Yahoo PSEI.PS
2025-08-06,6370.65,Yahoo PSEI.PS
2025-08-07,6364.69,Yahoo PSEI.PS
2025-08-08,6339.38,Yahoo PSEI.PS
2025-08-11,6254.36,Yahoo PSEI.PS
2025-08-12,6289.85,Yahoo PSEI.PS
2025-08-13,6325.09,Yahoo PSEI.PS
2025-08-14,6291.85,Yahoo PSEI.PS
2025-08-15,6315.93,Yahoo PSEI.PS
2025-08-18,6288.88,Yahoo PSEI.PS
2025-08-19,6277.67,Yahoo PSEI.PS
2025-08-20,6277.87,Yahoo PSEI.PS
2025-08-22,6281.58,Yahoo PSEI.PS
2025-08-26,6145.24,Yahoo PSEI.PS
2025-08-27,6273.34,Yahoo PSEI.PS
2025-08-28,6190.19,Yahoo PSEI.PS
2025-08-29,6155.57,Yahoo PSEI.PS
2025-09-01,6140.35,Yahoo PSEI.PS
2025-09-02,6128.89,Yahoo PSEI.PS
2025-09-03,6082.93,Yahoo PSEI.PS
2025-09-04,6106.92,Yahoo PSEI.PS
2025-09-05,6149.13,Yahoo PSEI.PS
2025-09-08,6101.86,Yahoo PSEI.PS
2025-09-09,6122.71,Yahoo PSEI.PS
2025-09-10,6120.09,Yahoo PSEI.PS
2025-09-11,6126.89,Yahoo PSEI.PS
2025-09-12,6109.21,Yahoo PSEI.PS
2025-09-15,6057.43,Yahoo PSEI.PS
2025-09-16,6148.74,Yahoo PSEI.PS
2025-09-17,6210.66,Yahoo PSEI.PS
2025-09-18,6233.62,Yahoo PSEI.PS
2025-09-19,6264.49,Yahoo PSEI.PS
2025-09-22,6214.83,Yahoo PSEI.PS
2025-09-23,6118.54,Yahoo PSEI.PS
2025-09-24,6108.72,Yahoo PSEI.PS
2025-09-25,6042.28,Yahoo PSEI.PS
2025-09-26,6027.12,Yahoo PSEI.PS
2025-09-29,5997.60,Yahoo PSEI.PS
2025-09-30,5953.46,Yahoo PSEI.PS
2025-10-01,6026.03,Yahoo PSEI.PS
2025-10-02,6039.76,Yahoo PSEI.PS
2025-10-03,6108.86,Yahoo PSEI.PS
2025-10-06,6000.32,Yahoo PSEI.PS
2025-10-07,6083.83,Yahoo PSEI.PS
2025-10-08,6098.74,Yahoo PSEI.PS
2025-10-09,6057.40,Yahoo PSEI.PS
2025-10-10,6037.79,Yahoo PSEI.PS
2025-10-13,6052.33,Yahoo PSEI.PS
2025-10-14,6076.22,Yahoo PSEI.PS
2025-10-15,6094.10,Yahoo PSEI.PS
2025-10-16,6093.67,Yahoo PSEI.PS
2025-10-17,6089.53,Yahoo PSEI.PS
2025-10-20,6084.07,Yahoo PSEI.PS
2025-10-21,6093.53,Yahoo PSEI.PS
2025-10-22,6030.87,Yahoo PSEI.PS
2025-10-23,6053.96,Yahoo PSEI.PS
2025-10-24,5988.02,Yahoo PSEI.PS
2025-10-27,5933.76,Yahoo PSEI.PS
2025-10-28,5953.16,Yahoo PSEI.PS
2025-10-29,5963.77,Yahoo PSEI.PS
2025-10-30,5929.68,Yahoo PSEI.PS
2025-11-03,5828.06,Yahoo PSEI.PS
2025-11-04,5867.04,Yahoo PSEI.PS
2025-11-05,5818.06,Yahoo PSEI.PS
2025-11-06,5835.59,Yahoo PSEI.PS
2025-11-07,5759.37,Yahoo PSEI.PS
2025-11-10,5702.64,Yahoo PSEI.PS
2025-11-11,5629.07,Yahoo PSEI.PS
2025-11-12,5714.02,Yahoo PSEI.PS
2025-11-13,5726.99,Yahoo PSEI.PS
2025-11-14,5584.35,Yahoo PSEI.PS
2025-11-17,5779.12,Yahoo PSEI.PS
2025-11-18,5756.66,Yahoo PSEI.PS
2025-11-19,5813.71,Yahoo PSEI.PS
2025-11-20,5930.81,Yahoo PSEI.PS
2025-11-21,5997.13,Yahoo PSEI.PS
2025-11-24,6021.59,Yahoo PSEI.PS
2025-11-25,5976.17,Yahoo PSEI.PS
2025-11-26,6004.70,Yahoo PSEI.PS
2025-11-27,5969.13,Yahoo PSEI.PS
2025-11-28,6022.24,Yahoo PSEI.PS
2025-12-01,5989.29,Yahoo PSEI.PS
2025-12-02,5994.40,Yahoo PSEI.PS
2025-12-03,5905.84,Yahoo PSEI.PS
2025-12-04,5887.58,Yahoo PSEI.PS
2025-12-05,5949.22,Yahoo PSEI.PS
2025-12-09,5976.64,Yahoo PSEI.PS
2025-12-10,5959.94,Yahoo PSEI.PS
2025-12-11,5990.00,Yahoo PSEI.PS
2025-12-12,6036.72,Yahoo PSEI.PS
2025-12-15,6058.02,Yahoo PSEI.PS
2025-12-16,6055.68,Yahoo PSEI.PS
2025-12-17,6079.02,Yahoo PSEI.PS
2025-12-18,6031.48,Yahoo PSEI.PS
2025-12-19,5920.87,Yahoo PSEI.PS
2025-12-22,6041.26,Yahoo PSEI.PS
2025-12-23,6041.91,Yahoo PSEI.PS
2025-12-26,6065.64,Yahoo PSEI.PS
2025-12-29,6052.92,Yahoo PSEI.PS
2026-01-02,6135.06,Yahoo PSEI.PS
2026-01-05,6164.53,Yahoo PSEI.PS
2026-01-06,6317.91,Yahoo PSEI.PS
2026-01-07,6292.09,Yahoo PSEI.PS
2026-01-08,6320.67,Yahoo PSEI.PS
2026-01-09,6348.14,Yahoo PSEI.PS
2026-01-12,6419.96,Yahoo PSEI.PS
2026-01-13,6408.76,Yahoo PSEI.PS
2026-01-14,6389.81,Yahoo PSEI.PS
2026-01-15,6487.53,Yahoo PSEI.PS
2026-01-16,6464.67,Yahoo PSEI.PS
2026-01-19,6437.78,Yahoo PSEI.PS
2026-01-20,6352.86,Yahoo PSEI.PS
2026-01-21,6330.10,Yahoo PSEI.PS
2026-01-22,6398.60,Yahoo PSEI.PS
2026-01-23,6333.26,Yahoo PSEI.PS
2026-01-26,6273.87,Yahoo PSEI.PS
2026-01-27,6306.90,Yahoo PSEI.PS
2026-01-28,6355.78,Yahoo PSEI.PS
2026-01-29,6223.36,Yahoo PSEI.PS
2026-01-30,6328.97,Yahoo PSEI.PS
2026-02-02,6297.08,Yahoo PSEI.PS
2026-02-03,6401.96,Yahoo PSEI.PS
2026-02-04,6372.95,Yahoo PSEI.PS
2026-02-05,6382.04,Yahoo PSEI.PS
2026-02-06,6390.91,Yahoo PSEI.PS
2026-02-09,6349.16,Yahoo PSEI.PS
2026-02-10,6474.60,Yahoo PSEI.PS
2026-02-11,6498.82,Yahoo PSEI.PS
2026-02-12,6471.25,Yahoo PSEI.PS
2026-02-13,6384.58,Yahoo PSEI.PS
2026-02-16,6368.55,Yahoo PSEI.PS
2026-02-18,6394.77,Yahoo PSEI.PS
2026-02-19,6407.15,Yahoo PSEI.PS
2026-02-20,6465.12,Yahoo PSEI.PS
2026-02-23,6488.51,Yahoo PSEI.PS
2026-02-24,6547.98,Yahoo PSEI.PS
2026-02-25,6619.87,Yahoo PSEI.PS
2026-02-26,6625.46,Yahoo PSEI.PS
2026-02-27,6611.24,Yahoo PSEI.PS
2026-03-02,6426.83,Yahoo PSEI.PS
2026-03-03,6445.38,Yahoo PSEI.PS
2026-03-04,6307.84,Yahoo PSEI.PS
2026-03-05,6380.53,Yahoo PSEI.PS
2026-03-06,6320.41,Yahoo PSEI.PS
2026-03-09,6006.22,Yahoo PSEI.PS
2026-03-10,6126.66,Yahoo PSEI.PS
2026-03-11,6158.33,Yahoo PSEI.PS
2026-03-12,6113.58,Yahoo PSEI.PS
2026-03-13,6058.94,Yahoo PSEI.PS
2026-03-16,6006.55,Yahoo PSEI.PS
2026-03-17,6026.01,Yahoo PSEI.PS
2026-03-18,6055.45,Yahoo PSEI.PS
2026-03-19,6018.62,Yahoo PSEI.PS
2026-03-23,5899.18,Yahoo PSEI.PS
2026-03-24,5936.20,Yahoo PSEI.PS
2026-03-25,6044.17,Yahoo PSEI.PS
2026-03-26,5984.20,Yahoo PSEI.PS
2026-03-27,5972.83,Yahoo PSEI.PS
2026-03-30,5869.49,Yahoo PSEI.PS
2026-03-31,5948.94,Yahoo PSEI.PS
2026-04-01,5998.68,Yahoo PSEI.PS
2026-04-06,5948.33,Yahoo PSEI.PS
2026-04-07,5957.87,Yahoo PSEI.PS
2026-04-08,6089.91,Yahoo PSEI.PS
2026-04-10,6098.21,Yahoo PSEI.PS
2026-04-13,6054.05,Yahoo PSEI.PS
2026-04-14,6013.10,Yahoo PSEI.PS
2026-04-15,6063.35,Yahoo PSEI.PS
2026-04-16,6063.69,Yahoo PSEI.PS
2026-04-17,5999.13,Yahoo PSEI.PS
2026-04-20,6016.03,Yahoo PSEI.PS
2026-04-21,6018.70,Yahoo PSEI.PS
2026-04-22,5989.56,Yahoo PSEI.PS
2026-04-23,5983.81,Yahoo PSEI.PS
2026-04-24,5943.49,Yahoo PSEI.PS
2026-04-27,5901.15,Yahoo PSEI.PS
2026-04-28,5866.79,Yahoo PSEI.PS
2026-04-29,5907.89,Yahoo PSEI.PS
2026-04-30,5833.64,Yahoo PSEI.PS
2026-05-04,5942.16,Yahoo PSEI.PS
2026-05-05,5898.08,Yahoo PSEI.PS
2026-05-06,5967.21,Yahoo PSEI.PS
2026-05-07,6034.27,Yahoo PSEI.PS
2026-05-08,5960.97,Yahoo PSEI.PS
2026-05-11,5986.85,Yahoo PSEI.PS
2026-05-12,5971.98,Yahoo PSEI.PS
2026-05-13,5946.78,Yahoo PSEI.PS
2026-05-14,6015.03,Yahoo PSEI.PS
2026-05-15,5976.77,Yahoo PSEI.PS
2026-05-18,5941.52,Yahoo PSEI.PS
2026-05-19,5896.80,Yahoo PSEI.PS
2026-05-20,5893.40,Yahoo PSEI.PS
2026-05-21,5920.70,Yahoo PSEI.PS
2026-05-22,5961.40,Yahoo PSEI.PS
2026-05-25,6009.38,Yahoo PSEI.PS
2026-05-26,5963.24,Yahoo PSEI.PS
2026-05-28,5859.94,Yahoo PSEI.PS
2026-05-29,5768.76,Yahoo PSEI.PS
2026-06-01,5799.32,Yahoo PSEI.PS
2026-06-02,5912.69,Yahoo PSEI.PS
2026-06-03,5953.17,Yahoo PSEI.PS
2026-06-04,5911.93,Yahoo PSEI.PS
2026-06-05,5938.38,Yahoo PSEI.PS
2026-06-08,5879.41,Yahoo PSEI.PS
2026-06-09,5945.71,Yahoo PSEI.PS
2026-06-10,5941.36,Yahoo PSEI.PS
2026-06-11,5910.06,Yahoo PSEI.PS
2026-06-15,6272.88,Yahoo PSEI.PS
2026-06-16,6245.75,Yahoo PSEI.PS
2026-06-17,6114.81,Yahoo PSEI.PS
2026-06-18,6153.66,Yahoo PSEI.PS
2026-06-19,6135.35,Yahoo PSEI.PS
2026-06-22,6035.02,Yahoo PSEI.PS
2026-06-23,6126.22,Yahoo PSEI.PS
2026-06-24,5991.37,Yahoo PSEI.PS
2026-06-25,6071.06,Yahoo PSEI.PS
2026-06-26,6072.24,Yahoo PSEI.PS
2026-06-29,6133.41,Yahoo PSEI.PS
2026-06-30,6037.17,Yahoo PSEI.PS
2026-07-01,6069.26,Yahoo PSEI.PS
2026-07-02,6125.72,Yahoo PSEI.PS
2026-07-03,6188.03,Yahoo PSEI.PS
2026-07-06,6223.99,Yahoo PSEI.PS
2026-07-07,6247.11,Yahoo PSEI.PS
2026-07-08,6275.77,Yahoo PSEI.PS
2026-07-09,6223.87,Yahoo PSEI.PS
2026-07-10,6286.70,Yahoo PSEI.PS
2026-07-13,6265.72,Yahoo PSEI.PS
2026-07-14,6256.02,Yahoo PSEI.PS
2026-07-15,6302.50,Yahoo PSEI.PS
2026-07-16,6325.15,Yahoo PSEI.PS
2026-07-17,6404.11,Yahoo PSEI.PS
2026-09-04,6090.60,Yahoo PSEI.PS
