date,section,commodity,specification,price_php_per_kg,source_pdf
2019-10-10,NFA RICE,NFA (Well milled),kg,27.00,Price-Monitoring-October-10-2019.pdf
2019-10-10,IMPORTED COMMERCIAL RICE,Special (Blue tag),kg,50.00,Price-Monitoring-October-10-2019.pdf
2019-10-10,IMPORTED COMMERCIAL RICE,Premium (Yellow tag),kg,43.00,Price-Monitoring-October-10-2019.pdf
2019-10-10,IMPORTED COMMERCIAL RICE,Well milled (White tag),kg,40.00,Price-Monitoring-October-10-2019.pdf
2019-10-10,IMPORTED COMMERCIAL RICE,Regular milled (White tag),kg,32.00,Price-Monitoring-October-10-2019.pdf
2019-10-10,LOCAL COMMERCIAL RICE,Special (Blue tag),kg,50.00,Price-Monitoring-October-10-2019.pdf
2019-10-10,LOCAL COMMERCIAL RICE,Premium (Yellow tag),kg,45.00,Price-Monitoring-October-10-2019.pdf
2019-10-10,LOCAL COMMERCIAL RICE,Well milled (White tag),kg,40.00,Price-Monitoring-October-10-2019.pdf
2019-10-10,LOCAL COMMERCIAL RICE,Regular milled (White tag),kg,35.00,Price-Monitoring-October-10-2019.pdf
2019-10-11,NFA RICE,NFA (Well milled),kg,27.00,Price-Monitoring-October-11-2019.pdf
2019-10-11,IMPORTED COMMERCIAL RICE,Special (Blue tag),kg,50.00,Price-Monitoring-October-11-2019.pdf
2019-10-11,IMPORTED COMMERCIAL RICE,Premium (Yellow tag),kg,43.00,Price-Monitoring-October-11-2019.pdf
2019-10-11,IMPORTED COMMERCIAL RICE,Well milled (White tag),kg,35.00,Price-Monitoring-October-11-2019.pdf
2019-10-11,IMPORTED COMMERCIAL RICE,Regular milled (White tag),kg,32.00,Price-Monitoring-October-11-2019.pdf
2019-10-11,LOCAL COMMERCIAL RICE,Special (Blue tag),kg,50.00,Price-Monitoring-October-11-2019.pdf
2019-10-11,LOCAL COMMERCIAL RICE,Premium (Yellow tag),kg,45.00,Price-Monitoring-October-11-2019.pdf
2019-10-11,LOCAL COMMERCIAL RICE,Well milled (White tag),kg,40.00,Price-Monitoring-October-11-2019.pdf
2019-10-11,LOCAL COMMERCIAL RICE,Regular milled (White tag),kg,35.00,Price-Monitoring-October-11-2019.pdf
2019-10-12,NFA RICE,NFA (Well milled),kg,27.00,Price-Monitoring-October-12-2019.pdf
2019-10-12,IMPORTED COMMERCIAL RICE,Special (Blue tag),kg,50.00,Price-Monitoring-October-12-2019.pdf
2019-10-12,IMPORTED COMMERCIAL RICE,Premium (Yellow tag),kg,43.00,Price-Monitoring-October-12-2019.pdf
2019-10-12,IMPORTED COMMERCIAL RICE,Well milled (White tag),kg,35.00,Price-Monitoring-October-12-2019.pdf
2019-10-12,IMPORTED COMMERCIAL RICE,Regular milled (White tag),kg,32.00,Price-Monitoring-October-12-2019.pdf
2019-10-12,LOCAL COMMERCIAL RICE,Special (Blue tag),kg,50.00,Price-Monitoring-October-12-2019.pdf
2019-10-12,LOCAL COMMERCIAL RICE,Premium (Yellow tag),kg,45.00,Price-Monitoring-October-12-2019.pdf
2019-10-12,LOCAL COMMERCIAL RICE,Well milled (White tag),kg,40.00,Price-Monitoring-October-12-2019.pdf
2019-10-12,LOCAL COMMERCIAL RICE,Regular milled (White tag),kg,35.00,Price-Monitoring-October-12-2019.pdf
2019-10-14,NFA RICE,NFA (Well milled),kg,27.00,Price-Monitoring-October-14-2019.pdf
2019-10-14,IMPORTED COMMERCIAL RICE,Special (Blue tag),kg,50.00,Price-Monitoring-October-14-2019.pdf
2019-10-14,IMPORTED COMMERCIAL RICE,Premium (Yellow tag),kg,43.00,Price-Monitoring-October-14-2019.pdf
2019-10-14,IMPORTED COMMERCIAL RICE,Well milled (White tag),kg,35.00,Price-Monitoring-October-14-2019.pdf
2019-10-14,IMPORTED COMMERCIAL RICE,Regular milled (White tag),kg,32.00,Price-Monitoring-October-14-2019.pdf
2019-10-14,LOCAL COMMERCIAL RICE,Special (Blue tag),kg,50.00,Price-Monitoring-October-14-2019.pdf
2019-10-14,LOCAL COMMERCIAL RICE,Premium (Yellow tag),kg,45.00,Price-Monitoring-October-14-2019.pdf
2019-10-14,LOCAL COMMERCIAL RICE,Well milled (White tag),kg,40.00,Price-Monitoring-October-14-2019.pdf
2019-10-14,LOCAL COMMERCIAL RICE,Regular milled (White tag),kg,35.00,Price-Monitoring-October-14-2019.pdf
2019-10-15,NFA RICE,NFA (Well milled),kg,27.00,Price-Monitoring-October-15-2019.pdf
2019-10-15,IMPORTED COMMERCIAL RICE,Special (Blue tag),kg,52.00,Price-Monitoring-October-15-2019.pdf
2019-10-15,IMPORTED COMMERCIAL RICE,Premium (Yellow tag),kg,43.00,Price-Monitoring-October-15-2019.pdf
2019-10-15,IMPORTED COMMERCIAL RICE,Well milled (White tag),kg,35.00,Price-Monitoring-October-15-2019.pdf
2019-10-15,IMPORTED COMMERCIAL RICE,Regular milled (White tag),kg,32.00,Price-Monitoring-October-15-2019.pdf
2019-10-15,LOCAL COMMERCIAL RICE,Special (Blue tag),kg,50.00,Price-Monitoring-October-15-2019.pdf
2019-10-15,LOCAL COMMERCIAL RICE,Premium (Yellow tag),kg,45.00,Price-Monitoring-October-15-2019.pdf
2019-10-15,LOCAL COMMERCIAL RICE,Well milled (White tag),kg,40.00,Price-Monitoring-October-15-2019.pdf
2019-10-15,LOCAL COMMERCIAL RICE,Regular milled (White tag),kg,35.00,Price-Monitoring-October-15-2019.pdf
2019-10-16,NFA RICE,NFA (Regular milled),kg,27.00,Price-Monitoring-October-16-2019.pdf
2019-10-16,IMPORTED COMMERCIAL RICE,Special (Blue tag),kg,52.00,Price-Monitoring-October-16-2019.pdf
2019-10-16,IMPORTED COMMERCIAL RICE,Premium (Yellow tag),kg,43.00,Price-Monitoring-October-16-2019.pdf
2019-10-16,IMPORTED COMMERCIAL RICE,Well milled (White tag),kg,40.00,Price-Monitoring-October-16-2019.pdf
2019-10-16,IMPORTED COMMERCIAL RICE,Regular milled (White tag),kg,32.00,Price-Monitoring-October-16-2019.pdf
2019-10-16,LOCAL COMMERCIAL RICE,Special (Blue tag),kg,50.00,Price-Monitoring-October-16-2019.pdf
2019-10-16,LOCAL COMMERCIAL RICE,Premium (Yellow tag),kg,45.00,Price-Monitoring-October-16-2019.pdf
2019-10-16,LOCAL COMMERCIAL RICE,Well milled (White tag),kg,40.00,Price-Monitoring-October-16-2019.pdf
2019-10-16,LOCAL COMMERCIAL RICE,Regular milled (White tag),kg,35.00,Price-Monitoring-October-16-2019.pdf
2019-10-17,NFA RICE,NFA (Well milled),kg,27.00,Price-Monitoring-October-17-2019.pdf
2019-10-17,IMPORTED COMMERCIAL RICE,Special (Blue tag),kg,52.00,Price-Monitoring-October-17-2019.pdf
2019-10-17,IMPORTED COMMERCIAL RICE,Premium (Yellow tag),kg,43.00,Price-Monitoring-October-17-2019.pdf
2019-10-17,IMPORTED COMMERCIAL RICE,Well milled (White tag),kg,40.00,Price-Monitoring-October-17-2019.pdf
2019-10-17,IMPORTED COMMERCIAL RICE,Regular milled (White tag),kg,32.00,Price-Monitoring-October-17-2019.pdf
2019-10-17,LOCAL COMMERCIAL RICE,Special (Blue tag),kg,50.00,Price-Monitoring-October-17-2019.pdf
2019-10-17,LOCAL COMMERCIAL RICE,Premium (Yellow tag),kg,45.00,Price-Monitoring-October-17-2019.pdf
2019-10-17,LOCAL COMMERCIAL RICE,Well milled (White tag),kg,40.00,Price-Monitoring-October-17-2019.pdf
2019-10-17,LOCAL COMMERCIAL RICE,Regular milled (White tag),kg,35.00,Price-Monitoring-October-17-2019.pdf
2019-10-18,NFA RICE,NFA (Well milled),kg,27.00,Price-Monitoring-October-18-2019.pdf
2019-10-18,IMPORTED COMMERCIAL RICE,Special (Blue tag),kg,52.00,Price-Monitoring-October-18-2019.pdf
2019-10-18,IMPORTED COMMERCIAL RICE,Premium (Yellow tag),kg,43.00,Price-Monitoring-October-18-2019.pdf
2019-10-18,IMPORTED COMMERCIAL RICE,Well milled (White tag),kg,40.00,Price-Monitoring-October-18-2019.pdf
2019-10-18,IMPORTED COMMERCIAL RICE,Regular milled (White tag),kg,32.00,Price-Monitoring-October-18-2019.pdf
2019-10-18,LOCAL COMMERCIAL RICE,Special (Blue tag),kg,50.00,Price-Monitoring-October-18-2019.pdf
2019-10-18,LOCAL COMMERCIAL RICE,Premium (Yellow tag),kg,45.00,Price-Monitoring-October-18-2019.pdf
2019-10-18,LOCAL COMMERCIAL RICE,Well milled (White tag),kg,40.00,Price-Monitoring-October-18-2019.pdf
2019-10-18,LOCAL COMMERCIAL RICE,Regular milled (White tag),kg,36.00,Price-Monitoring-October-18-2019.pdf
2019-10-19,NFA RICE,NFA (Well milled),kg,27.00,Price-Monitoring-October-19-2019.pdf
2019-10-19,IMPORTED COMMERCIAL RICE,Special (Blue tag),kg,52.00,Price-Monitoring-October-19-2019.pdf
2019-10-19,IMPORTED COMMERCIAL RICE,Premium (Yellow tag),kg,43.00,Price-Monitoring-October-19-2019.pdf
2019-10-19,IMPORTED COMMERCIAL RICE,Well milled (White tag),kg,40.00,Price-Monitoring-October-19-2019.pdf
2019-10-19,IMPORTED COMMERCIAL RICE,Regular milled (White tag),kg,32.00,Price-Monitoring-October-19-2019.pdf
2019-10-19,LOCAL COMMERCIAL RICE,Special (Blue tag),kg,50.00,Price-Monitoring-October-19-2019.pdf
2019-10-19,LOCAL COMMERCIAL RICE,Premium (Yellow tag),kg,45.00,Price-Monitoring-October-19-2019.pdf
2019-10-19,LOCAL COMMERCIAL RICE,Well milled (White tag),kg,40.00,Price-Monitoring-October-19-2019.pdf
2019-10-19,LOCAL COMMERCIAL RICE,Regular milled (White tag),kg,36.00,Price-Monitoring-October-19-2019.pdf
2019-10-21,NFA RICE,NFA (Well milled),kg,27.00,Price-Monitoring-October-21-2019.pdf
2019-10-21,IMPORTED COMMERCIAL RICE,Special (Blue tag),kg,52.00,Price-Monitoring-October-21-2019.pdf
2019-10-21,IMPORTED COMMERCIAL RICE,Premium (Yellow tag),kg,43.00,Price-Monitoring-October-21-2019.pdf
2019-10-21,IMPORTED COMMERCIAL RICE,Well milled (White tag),kg,40.00,Price-Monitoring-October-21-2019.pdf
2019-10-21,IMPORTED COMMERCIAL RICE,Regular milled (White tag),kg,32.00,Price-Monitoring-October-21-2019.pdf
2019-10-21,LOCAL COMMERCIAL RICE,Special (Blue tag),kg,50.00,Price-Monitoring-October-21-2019.pdf
2019-10-21,LOCAL COMMERCIAL RICE,Premium (Yellow tag),kg,45.00,Price-Monitoring-October-21-2019.pdf
2019-10-21,LOCAL COMMERCIAL RICE,Well milled (White tag),kg,40.00,Price-Monitoring-October-21-2019.pdf
2019-10-21,LOCAL COMMERCIAL RICE,Regular milled (White tag),kg,36.00,Price-Monitoring-October-21-2019.pdf
2019-10-22,NFA RICE,NFA (Well milled),kg,27.00,Price-Monitoring-October-22-2019.pdf
2019-10-22,IMPORTED COMMERCIAL RICE,Special (Blue tag),kg,52.00,Price-Monitoring-October-22-2019.pdf
2019-10-22,IMPORTED COMMERCIAL RICE,Premium (Yellow tag),kg,43.00,Price-Monitoring-October-22-2019.pdf
2019-10-22,IMPORTED COMMERCIAL RICE,Well milled (White tag),kg,35.00,Price-Monitoring-October-22-2019.pdf
2019-10-22,IMPORTED COMMERCIAL RICE,Regular milled (White tag),kg,32.00,Price-Monitoring-October-22-2019.pdf
2019-10-22,LOCAL COMMERCIAL RICE,Special (Blue tag),kg,55.00,Price-Monitoring-October-22-2019.pdf
2019-10-22,LOCAL COMMERCIAL RICE,Premium (Yellow tag),kg,45.00,Price-Monitoring-October-22-2019.pdf
2019-10-22,LOCAL COMMERCIAL RICE,Well milled (White tag),kg,40.00,Price-Monitoring-October-22-2019.pdf
2019-10-22,LOCAL COMMERCIAL RICE,Regular milled (White tag),kg,35.00,Price-Monitoring-October-22-2019.pdf
2019-10-23,NFA RICE,NFA (Well milled),kg,27.00,Price-Monitoring-October-23-2019.pdf
2019-10-23,IMPORTED COMMERCIAL RICE,Special (Blue tag),kg,52.00,Price-Monitoring-October-23-2019.pdf
2019-10-23,IMPORTED COMMERCIAL RICE,Premium (Yellow tag),kg,43.00,Price-Monitoring-October-23-2019.pdf
2019-10-23,IMPORTED COMMERCIAL RICE,Well milled (White tag),kg,40.00,Price-Monitoring-October-23-2019.pdf
2019-10-23,IMPORTED COMMERCIAL RICE,Regular milled (White tag),kg,32.00,Price-Monitoring-October-23-2019.pdf
2019-10-23,LOCAL COMMERCIAL RICE,Special (Blue tag),kg,50.00,Price-Monitoring-October-23-2019.pdf
2019-10-23,LOCAL COMMERCIAL RICE,Premium (Yellow tag),kg,45.00,Price-Monitoring-October-23-2019.pdf
2019-10-23,LOCAL COMMERCIAL RICE,Well milled (White tag),kg,40.00,Price-Monitoring-October-23-2019.pdf
2019-10-23,LOCAL COMMERCIAL RICE,Regular milled (White tag),kg,36.00,Price-Monitoring-October-23-2019.pdf
2019-10-24,NFA RICE,NFA (Well milled),kg,27.00,Price-Monitoring-October-24-2019.pdf
2019-10-24,IMPORTED COMMERCIAL RICE,Special (Blue tag),kg,52.00,Price-Monitoring-October-24-2019.pdf
2019-10-24,IMPORTED COMMERCIAL RICE,Premium (Yellow tag),kg,43.00,Price-Monitoring-October-24-2019.pdf
2019-10-24,IMPORTED COMMERCIAL RICE,Well milled (White tag),kg,35.00,Price-Monitoring-October-24-2019.pdf
2019-10-24,IMPORTED COMMERCIAL RICE,Regular milled (White tag),kg,32.00,Price-Monitoring-October-24-2019.pdf
2019-10-24,LOCAL COMMERCIAL RICE,Special (Blue tag),kg,50.00,Price-Monitoring-October-24-2019.pdf
2019-10-24,LOCAL COMMERCIAL RICE,Premium (Yellow tag),kg,45.00,Price-Monitoring-October-24-2019.pdf
2019-10-24,LOCAL COMMERCIAL RICE,Well milled (White tag),kg,40.00,Price-Monitoring-October-24-2019.pdf
2019-10-24,LOCAL COMMERCIAL RICE,Regular milled (White tag),kg,35.00,Price-Monitoring-October-24-2019.pdf
2019-10-25,NFA RICE,NFA (Well milled),kg,27.00,Price-Monitoring-October-25-2019.pdf
2019-10-25,IMPORTED COMMERCIAL RICE,Special (Blue tag),kg,52.00,Price-Monitoring-October-25-2019.pdf
2019-10-25,IMPORTED COMMERCIAL RICE,Premium (Yellow tag),kg,43.00,Price-Monitoring-October-25-2019.pdf
2019-10-25,IMPORTED COMMERCIAL RICE,Well milled (White tag),kg,40.00,Price-Monitoring-October-25-2019.pdf
2019-10-25,IMPORTED COMMERCIAL RICE,Regular milled (White tag),kg,32.00,Price-Monitoring-October-25-2019.pdf
2019-10-25,LOCAL COMMERCIAL RICE,Special (Blue tag),kg,50.00,Price-Monitoring-October-25-2019.pdf
2019-10-25,LOCAL COMMERCIAL RICE,Premium (Yellow tag),kg,45.00,Price-Monitoring-October-25-2019.pdf
2019-10-25,LOCAL COMMERCIAL RICE,Well milled (White tag),kg,40.00,Price-Monitoring-October-25-2019.pdf
2019-10-25,LOCAL COMMERCIAL RICE,Regular milled (White tag),kg,35.00,Price-Monitoring-October-25-2019.pdf
2019-10-26,NFA RICE,NFA (Well milled),kg,27.00,Price-Monitoring-October-26-2019.pdf
2019-10-26,IMPORTED COMMERCIAL RICE,Special (Blue tag),kg,52.00,Price-Monitoring-October-26-2019.pdf
2019-10-26,IMPORTED COMMERCIAL RICE,Premium (Yellow tag),kg,43.00,Price-Monitoring-October-26-2019.pdf
2019-10-26,IMPORTED COMMERCIAL RICE,Well milled (White tag),kg,40.00,Price-Monitoring-October-26-2019.pdf
2019-10-26,IMPORTED COMMERCIAL RICE,Regular milled (White tag),kg,32.00,Price-Monitoring-October-26-2019.pdf
2019-10-26,LOCAL COMMERCIAL RICE,Special (Blue tag),kg,50.00,Price-Monitoring-October-26-2019.pdf
2019-10-26,LOCAL COMMERCIAL RICE,Premium (Yellow tag),kg,45.00,Price-Monitoring-October-26-2019.pdf
2019-10-26,LOCAL COMMERCIAL RICE,Well milled (White tag),kg,40.00,Price-Monitoring-October-26-2019.pdf
2019-10-26,LOCAL COMMERCIAL RICE,Regular milled (White tag),kg,35.00,Price-Monitoring-October-26-2019.pdf
2019-10-28,NFA RICE,NFA (Well milled),kg,27.00,Price-Monitoring-October-28-2019.pdf
2019-10-28,IMPORTED COMMERCIAL RICE,Special (Blue tag),kg,52.00,Price-Monitoring-October-28-2019.pdf
2019-10-28,IMPORTED COMMERCIAL RICE,Premium (Yellow tag),kg,47.00,Price-Monitoring-October-28-2019.pdf
2019-10-28,IMPORTED COMMERCIAL RICE,Well milled (White tag),kg,40.00,Price-Monitoring-October-28-2019.pdf
2019-10-28,IMPORTED COMMERCIAL RICE,Regular milled (White tag),kg,32.00,Price-Monitoring-October-28-2019.pdf
2019-10-28,LOCAL COMMERCIAL RICE,Special (Blue tag),kg,55.00,Price-Monitoring-October-28-2019.pdf
2019-10-28,LOCAL COMMERCIAL RICE,Premium (Yellow tag),kg,45.00,Price-Monitoring-October-28-2019.pdf
2019-10-28,LOCAL COMMERCIAL RICE,Well milled (White tag),kg,40.00,Price-Monitoring-October-28-2019.pdf
2019-10-28,LOCAL COMMERCIAL RICE,Regular milled (White tag),kg,35.00,Price-Monitoring-October-28-2019.pdf
2019-10-29,NFA RICE,NFA (Well milled),kg,27.00,Price-Monitoring-October-29-2019.pdf
2019-10-29,IMPORTED COMMERCIAL RICE,Special (Blue tag),kg,50.00,Price-Monitoring-October-29-2019.pdf
2019-10-29,IMPORTED COMMERCIAL RICE,Premium (Yellow tag),kg,43.00,Price-Monitoring-October-29-2019.pdf
2019-10-29,IMPORTED COMMERCIAL RICE,Well milled (White tag),kg,40.00,Price-Monitoring-October-29-2019.pdf
2019-10-29,IMPORTED COMMERCIAL RICE,Regular milled (White tag),kg,32.00,Price-Monitoring-October-29-2019.pdf
2019-10-29,LOCAL COMMERCIAL RICE,Special (Blue tag),kg,55.00,Price-Monitoring-October-29-2019.pdf
2019-10-29,LOCAL COMMERCIAL RICE,Premium (Yellow tag),kg,45.00,Price-Monitoring-October-29-2019.pdf
2019-10-29,LOCAL COMMERCIAL RICE,Well milled (White tag),kg,40.00,Price-Monitoring-October-29-2019.pdf
2019-10-29,LOCAL COMMERCIAL RICE,Regular milled (White tag),kg,35.00,Price-Monitoring-October-29-2019.pdf
2019-10-30,NFA RICE,NFA (Regular milled),kg,27.00,Price-Monitoring-October-30-2019.pdf
2019-10-30,IMPORTED COMMERCIAL RICE,Special (Blue tag),kg,52.00,Price-Monitoring-October-30-2019.pdf
2019-10-30,IMPORTED COMMERCIAL RICE,Premium (Yellow tag),kg,43.00,Price-Monitoring-October-30-2019.pdf
2019-10-30,IMPORTED COMMERCIAL RICE,Well milled (White tag),kg,40.00,Price-Monitoring-October-30-2019.pdf
2019-10-30,IMPORTED COMMERCIAL RICE,Regular milled (White tag),kg,32.00,Price-Monitoring-October-30-2019.pdf
2019-10-30,LOCAL COMMERCIAL RICE,Special (Blue tag),kg,55.00,Price-Monitoring-October-30-2019.pdf
2019-10-30,LOCAL COMMERCIAL RICE,Premium (Yellow tag),kg,45.00,Price-Monitoring-October-30-2019.pdf
2019-10-30,LOCAL COMMERCIAL RICE,Well milled (White tag),kg,40.00,Price-Monitoring-October-30-2019.pdf
2019-10-30,LOCAL COMMERCIAL RICE,Regular milled (White tag),kg,35.00,Price-Monitoring-October-30-2019.pdf
2019-10-31,NFA RICE,NFA (Well milled),kg,27.00,Price-Monitoring-October-31-2019.pdf
2019-10-31,IMPORTED COMMERCIAL RICE,Special (Blue tag),kg,52.00,Price-Monitoring-October-31-2019.pdf
2019-10-31,IMPORTED COMMERCIAL RICE,Premium (Yellow tag),kg,43.00,Price-Monitoring-October-31-2019.pdf
2019-10-31,IMPORTED COMMERCIAL RICE,Well milled (White tag),kg,40.00,Price-Monitoring-October-31-2019.pdf
2019-10-31,IMPORTED COMMERCIAL RICE,Regular milled (White tag),kg,32.00,Price-Monitoring-October-31-2019.pdf
2019-10-31,LOCAL COMMERCIAL RICE,Special (Blue tag),kg,50.00,Price-Monitoring-October-31-2019.pdf
2019-10-31,LOCAL COMMERCIAL RICE,Premium (Yellow tag),kg,46.00,Price-Monitoring-October-31-2019.pdf
2019-10-31,LOCAL COMMERCIAL RICE,Well milled (White tag),kg,40.00,Price-Monitoring-October-31-2019.pdf
2019-10-31,LOCAL COMMERCIAL RICE,Regular milled (White tag),kg,35.00,Price-Monitoring-October-31-2019.pdf
2019-11-04,NFA RICE,NFA (Well milled),kg,27.00,Price-Monitoring-November-4-2019.pdf
2019-11-04,IMPORTED COMMERCIAL RICE,Special (Blue tag),kg,52.00,Price-Monitoring-November-4-2019.pdf
2019-11-04,IMPORTED COMMERCIAL RICE,Premium (Yellow tag),kg,43.00,Price-Monitoring-November-4-2019.pdf
2019-11-04,IMPORTED COMMERCIAL RICE,Well milled (White tag),kg,40.00,Price-Monitoring-November-4-2019.pdf
2019-11-04,IMPORTED COMMERCIAL RICE,Regular milled (White tag),kg,32.00,Price-Monitoring-November-4-2019.pdf
2019-11-04,LOCAL COMMERCIAL RICE,Special (Blue tag),kg,50.00,Price-Monitoring-November-4-2019.pdf
2019-11-04,LOCAL COMMERCIAL RICE,Premium (Yellow tag),kg,45.00,Price-Monitoring-November-4-2019.pdf
2019-11-04,LOCAL COMMERCIAL RICE,Well milled (White tag),kg,40.00,Price-Monitoring-November-4-2019.pdf
2019-11-04,LOCAL COMMERCIAL RICE,Regular milled (White tag),kg,35.00,Price-Monitoring-November-4-2019.pdf
2019-11-05,NFA RICE,NFA (Well milled),kg,27.00,Price-Monitoring-November-5-2019.pdf
2019-11-05,IMPORTED COMMERCIAL RICE,Special (Blue tag),kg,52.00,Price-Monitoring-November-5-2019.pdf
2019-11-05,IMPORTED COMMERCIAL RICE,Premium (Yellow tag),kg,43.00,Price-Monitoring-November-5-2019.pdf
2019-11-05,IMPORTED COMMERCIAL RICE,Well milled (White tag),kg,40.00,Price-Monitoring-November-5-2019.pdf
2019-11-05,IMPORTED COMMERCIAL RICE,Regular milled (White tag),kg,32.00,Price-Monitoring-November-5-2019.pdf
2019-11-05,LOCAL COMMERCIAL RICE,Special (Blue tag),kg,50.00,Price-Monitoring-November-5-2019.pdf
2019-11-05,LOCAL COMMERCIAL RICE,Premium (Yellow tag),kg,45.00,Price-Monitoring-November-5-2019.pdf
2019-11-05,LOCAL COMMERCIAL RICE,Well milled (White tag),kg,40.00,Price-Monitoring-November-5-2019.pdf
2019-11-05,LOCAL COMMERCIAL RICE,Regular milled (White tag),kg,35.00,Price-Monitoring-November-5-2019.pdf
2019-11-06,NFA RICE,NFA (Regular milled),kg,27.00,Price-Monitoring-November-6-2019.pdf
2019-11-06,IMPORTED COMMERCIAL RICE,Special (Blue tag),kg,52.00,Price-Monitoring-November-6-2019.pdf
2019-11-06,IMPORTED COMMERCIAL RICE,Premium (Yellow tag),kg,43.00,Price-Monitoring-November-6-2019.pdf
2019-11-06,IMPORTED COMMERCIAL RICE,Well milled (White tag),kg,44.00,Price-Monitoring-November-6-2019.pdf
2019-11-06,IMPORTED COMMERCIAL RICE,Regular milled (White tag),kg,29.00,Price-Monitoring-November-6-2019.pdf
2019-11-06,LOCAL COMMERCIAL RICE,Special (Blue tag),kg,50.00,Price-Monitoring-November-6-2019.pdf
2019-11-06,LOCAL COMMERCIAL RICE,Premium (Yellow tag),kg,45.00,Price-Monitoring-November-6-2019.pdf
2019-11-06,LOCAL COMMERCIAL RICE,Well milled (White tag),kg,40.00,Price-Monitoring-November-6-2019.pdf
2019-11-06,LOCAL COMMERCIAL RICE,Regular milled (White tag),kg,35.00,Price-Monitoring-November-6-2019.pdf
2019-11-07,NFA RICE,NFA (Well milled),kg,27.00,Price-Monitoring-November-7-2019.pdf
2019-11-07,IMPORTED COMMERCIAL RICE,Special (Blue tag),kg,52.00,Price-Monitoring-November-7-2019.pdf
2019-11-07,IMPORTED COMMERCIAL RICE,Premium (Yellow tag),kg,45.00,Price-Monitoring-November-7-2019.pdf
2019-11-07,IMPORTED COMMERCIAL RICE,Well milled (White tag),kg,44.00,Price-Monitoring-November-7-2019.pdf
2019-11-07,IMPORTED COMMERCIAL RICE,Regular milled (White tag),kg,29.00,Price-Monitoring-November-7-2019.pdf
2019-11-07,LOCAL COMMERCIAL RICE,Special (Blue tag),kg,50.00,Price-Monitoring-November-7-2019.pdf
2019-11-07,LOCAL COMMERCIAL RICE,Premium (Yellow tag),kg,45.00,Price-Monitoring-November-7-2019.pdf
2019-11-07,LOCAL COMMERCIAL RICE,Well milled (White tag),kg,40.00,Price-Monitoring-November-7-2019.pdf
2019-11-07,LOCAL COMMERCIAL RICE,Regular milled (White tag),kg,35.00,Price-Monitoring-November-7-2019.pdf
2019-11-08,NFA RICE,NFA (Well milled),kg,27.00,Price-Monitoring-November-8-2019.pdf
2019-11-08,IMPORTED COMMERCIAL RICE,Special (Blue tag),kg,52.00,Price-Monitoring-November-8-2019.pdf
2019-11-08,IMPORTED COMMERCIAL RICE,Premium (Yellow tag),kg,45.00,Price-Monitoring-November-8-2019.pdf
2019-11-08,IMPORTED COMMERCIAL RICE,Well milled (White tag),kg,40.00,Price-Monitoring-November-8-2019.pdf
2019-11-08,IMPORTED COMMERCIAL RICE,Regular milled (White tag),kg,36.00,Price-Monitoring-November-8-2019.pdf
2019-11-08,LOCAL COMMERCIAL RICE,Special (Blue tag),kg,50.00,Price-Monitoring-November-8-2019.pdf
2019-11-08,LOCAL COMMERCIAL RICE,Premium (Yellow tag),kg,45.00,Price-Monitoring-November-8-2019.pdf
2019-11-08,LOCAL COMMERCIAL RICE,Well milled (White tag),kg,40.00,Price-Monitoring-November-8-2019.pdf
2019-11-08,LOCAL COMMERCIAL RICE,Regular milled (White tag),kg,35.00,Price-Monitoring-November-8-2019.pdf
2019-11-09,NFA RICE,NFA (Well milled),kg,27.00,Price-Monitoring-November-9-2019.pdf
2019-11-09,IMPORTED COMMERCIAL RICE,Special (Blue tag),kg,52.00,Price-Monitoring-November-9-2019.pdf
2019-11-09,IMPORTED COMMERCIAL RICE,Premium (Yellow tag),kg,43.00,Price-Monitoring-November-9-2019.pdf
2019-11-09,IMPORTED COMMERCIAL RICE,Well milled (White tag),kg,44.00,Price-Monitoring-November-9-2019.pdf
2019-11-09,IMPORTED COMMERCIAL RICE,Regular milled (White tag),kg,32.00,Price-Monitoring-November-9-2019.pdf
2019-11-09,LOCAL COMMERCIAL RICE,Special (Blue tag),kg,50.00,Price-Monitoring-November-9-2019.pdf
2019-11-09,LOCAL COMMERCIAL RICE,Premium (Yellow tag),kg,45.00,Price-Monitoring-November-9-2019.pdf
2019-11-09,LOCAL COMMERCIAL RICE,Well milled (White tag),kg,40.00,Price-Monitoring-November-9-2019.pdf
2019-11-09,LOCAL COMMERCIAL RICE,Regular milled (White tag),kg,35.00,Price-Monitoring-November-9-2019.pdf
2019-11-11,NFA RICE,NFA (Regular milled),kg,27.00,Price-Monitoring-November-11-2019.pdf
2019-11-11,IMPORTED COMMERCIAL RICE,Special (Blue tag),kg,52.00,Price-Monitoring-November-11-2019.pdf
2019-11-11,IMPORTED COMMERCIAL RICE,Premium (Yellow tag),kg,43.00,Price-Monitoring-November-11-2019.pdf
2019-11-11,IMPORTED COMMERCIAL RICE,Well milled (White tag),kg,44.00,Price-Monitoring-November-11-2019.pdf
2019-11-11,IMPORTED COMMERCIAL RICE,Regular milled (White tag),kg,32.00,Price-Monitoring-November-11-2019.pdf
2019-11-11,LOCAL COMMERCIAL RICE,Special (Blue tag),kg,50.00,Price-Monitoring-November-11-2019.pdf
2019-11-11,LOCAL COMMERCIAL RICE,Premium (Yellow tag),kg,45.00,Price-Monitoring-November-11-2019.pdf
2019-11-11,LOCAL COMMERCIAL RICE,Well milled (White tag),kg,40.00,Price-Monitoring-November-11-2019.pdf
2019-11-11,LOCAL COMMERCIAL RICE,Regular milled (White tag),kg,35.00,Price-Monitoring-November-11-2019.pdf
2019-11-12,NFA RICE,NFA (Well milled),kg,27.00,Price-Monitoring-November-12-2019.pdf
2019-11-12,IMPORTED COMMERCIAL RICE,Special (Blue tag),kg,52.00,Price-Monitoring-November-12-2019.pdf
2019-11-12,IMPORTED COMMERCIAL RICE,Premium (Yellow tag),kg,43.00,Price-Monitoring-November-12-2019.pdf
2019-11-12,IMPORTED COMMERCIAL RICE,Well milled (White tag),kg,44.00,Price-Monitoring-November-12-2019.pdf
2019-11-12,IMPORTED COMMERCIAL RICE,Regular milled (White tag),kg,40.00,Price-Monitoring-November-12-2019.pdf
2019-11-12,LOCAL COMMERCIAL RICE,Special (Blue tag),kg,50.00,Price-Monitoring-November-12-2019.pdf
2019-11-12,LOCAL COMMERCIAL RICE,Premium (Yellow tag),kg,46.00,Price-Monitoring-November-12-2019.pdf
2019-11-12,LOCAL COMMERCIAL RICE,Well milled (White tag),kg,40.00,Price-Monitoring-November-12-2019.pdf
2019-11-12,LOCAL COMMERCIAL RICE,Regular milled (White tag),kg,35.00,Price-Monitoring-November-12-2019.pdf
2019-11-13,NFA RICE,NFA (Regular milled),kg,27.00,Price-Monitoring-November-13-2019.pdf
2019-11-13,IMPORTED COMMERCIAL RICE,Special (Blue tag),kg,52.00,Price-Monitoring-November-13-2019.pdf
2019-11-13,IMPORTED COMMERCIAL RICE,Premium (Yellow tag),kg,44.00,Price-Monitoring-November-13-2019.pdf
2019-11-13,IMPORTED COMMERCIAL RICE,Well milled (White tag),kg,32.00,Price-Monitoring-November-13-2019.pdf
2019-11-13,IMPORTED COMMERCIAL RICE,Regular milled (White tag),kg,30.00,Price-Monitoring-November-13-2019.pdf
2019-11-13,LOCAL COMMERCIAL RICE,Special (Blue tag),kg,50.00,Price-Monitoring-November-13-2019.pdf
2019-11-13,LOCAL COMMERCIAL RICE,Premium (Yellow tag),kg,46.00,Price-Monitoring-November-13-2019.pdf
2019-11-13,LOCAL COMMERCIAL RICE,Well milled (White tag),kg,40.00,Price-Monitoring-November-13-2019.pdf
2019-11-13,LOCAL COMMERCIAL RICE,Regular milled (White tag),kg,35.00,Price-Monitoring-November-13-2019.pdf
2019-11-14,NFA RICE,NFA (Well milled),kg,27.00,Price-Monitoring-November-14-2019.pdf
2019-11-14,IMPORTED COMMERCIAL RICE,Special (Blue tag),kg,52.00,Price-Monitoring-November-14-2019.pdf
2019-11-14,IMPORTED COMMERCIAL RICE,Premium (Yellow tag),kg,43.00,Price-Monitoring-November-14-2019.pdf
2019-11-14,IMPORTED COMMERCIAL RICE,Well milled (White tag),kg,40.00,Price-Monitoring-November-14-2019.pdf
2019-11-14,IMPORTED COMMERCIAL RICE,Regular milled (White tag),kg,32.00,Price-Monitoring-November-14-2019.pdf
2019-11-14,LOCAL COMMERCIAL RICE,Special (Blue tag),kg,50.00,Price-Monitoring-November-14-2019.pdf
2019-11-14,LOCAL COMMERCIAL RICE,Premium (Yellow tag),kg,45.00,Price-Monitoring-November-14-2019.pdf
2019-11-14,LOCAL COMMERCIAL RICE,Well milled (White tag),kg,40.00,Price-Monitoring-November-14-2019.pdf
2019-11-14,LOCAL COMMERCIAL RICE,Regular milled (White tag),kg,35.00,Price-Monitoring-November-14-2019.pdf
2019-11-15,NFA RICE,NFA (Regular milled),kg,27.00,Price-Monitoring-November-15-2019.pdf
2019-11-15,IMPORTED COMMERCIAL RICE,Special (Blue tag),kg,52.00,Price-Monitoring-November-15-2019.pdf
2019-11-15,IMPORTED COMMERCIAL RICE,Premium (Yellow tag),kg,43.00,Price-Monitoring-November-15-2019.pdf
2019-11-15,IMPORTED COMMERCIAL RICE,Well milled (White tag),kg,40.00,Price-Monitoring-November-15-2019.pdf
2019-11-15,IMPORTED COMMERCIAL RICE,Regular milled (White tag),kg,32.00,Price-Monitoring-November-15-2019.pdf
2019-11-15,LOCAL COMMERCIAL RICE,Special (Blue tag),kg,50.00,Price-Monitoring-November-15-2019.pdf
2019-11-15,LOCAL COMMERCIAL RICE,Premium (Yellow tag),kg,46.00,Price-Monitoring-November-15-2019.pdf
2019-11-15,LOCAL COMMERCIAL RICE,Well milled (White tag),kg,40.00,Price-Monitoring-November-15-2019.pdf
2019-11-15,LOCAL COMMERCIAL RICE,Regular milled (White tag),kg,35.00,Price-Monitoring-November-15-2019.pdf
2019-11-19,NFA RICE,NFA (Regular milled),kg,27.00,Price-Monitoring-November-19-2019.pdf
2019-11-19,IMPORTED COMMERCIAL RICE,Special (Blue tag),kg,52.00,Price-Monitoring-November-19-2019.pdf
2019-11-19,IMPORTED COMMERCIAL RICE,Premium (Yellow tag),kg,43.00,Price-Monitoring-November-19-2019.pdf
2019-11-19,IMPORTED COMMERCIAL RICE,Well milled (White tag),kg,44.00,Price-Monitoring-November-19-2019.pdf
2019-11-19,IMPORTED COMMERCIAL RICE,Regular milled (White tag),kg,40.00,Price-Monitoring-November-19-2019.pdf
2019-11-19,LOCAL COMMERCIAL RICE,Special (Blue tag),kg,50.00,Price-Monitoring-November-19-2019.pdf
2019-11-19,LOCAL COMMERCIAL RICE,Premium (Yellow tag),kg,46.00,Price-Monitoring-November-19-2019.pdf
2019-11-19,LOCAL COMMERCIAL RICE,Well milled (White tag),kg,40.00,Price-Monitoring-November-19-2019.pdf
2019-11-19,LOCAL COMMERCIAL RICE,Regular milled (White tag),kg,35.00,Price-Monitoring-November-19-2019.pdf
2019-11-20,NFA RICE,NFA (Well milled),kg,27.00,Price-Monitoring-November-20-2019.pdf
2019-11-20,IMPORTED COMMERCIAL RICE,Special (Blue tag),kg,52.00,Price-Monitoring-November-20-2019.pdf
2019-11-20,IMPORTED COMMERCIAL RICE,Premium (Yellow tag),kg,43.00,Price-Monitoring-November-20-2019.pdf
2019-11-20,IMPORTED COMMERCIAL RICE,Well milled (White tag),kg,44.00,Price-Monitoring-November-20-2019.pdf
2019-11-20,IMPORTED COMMERCIAL RICE,Regular milled (White tag),kg,36.00,Price-Monitoring-November-20-2019.pdf
2019-11-20,LOCAL COMMERCIAL RICE,Special (Blue tag),kg,50.00,Price-Monitoring-November-20-2019.pdf
2019-11-20,LOCAL COMMERCIAL RICE,Premium (Yellow tag),kg,46.00,Price-Monitoring-November-20-2019.pdf
2019-11-20,LOCAL COMMERCIAL RICE,Well milled (White tag),kg,40.00,Price-Monitoring-November-20-2019.pdf
2019-11-20,LOCAL COMMERCIAL RICE,Regular milled (White tag),kg,35.00,Price-Monitoring-November-20-2019.pdf
2019-11-22,NFA RICE,NFA (Regular milled),kg,27.00,Price-Monitoring-November-22-2019.pdf
2019-11-22,IMPORTED COMMERCIAL RICE,Special (Blue tag),kg,52.00,Price-Monitoring-November-22-2019.pdf
2019-11-22,IMPORTED COMMERCIAL RICE,Premium (Yellow tag),kg,43.00,Price-Monitoring-November-22-2019.pdf
2019-11-22,IMPORTED COMMERCIAL RICE,Well milled (White tag),kg,44.00,Price-Monitoring-November-22-2019.pdf
2019-11-22,IMPORTED COMMERCIAL RICE,Regular milled (White tag),kg,32.00,Price-Monitoring-November-22-2019.pdf
2019-11-22,LOCAL COMMERCIAL RICE,Special (Blue tag),kg,50.00,Price-Monitoring-November-22-2019.pdf
2019-11-22,LOCAL COMMERCIAL RICE,Premium (Yellow tag),kg,46.00,Price-Monitoring-November-22-2019.pdf
2019-11-22,LOCAL COMMERCIAL RICE,Well milled (White tag),kg,40.00,Price-Monitoring-November-22-2019.pdf
2019-11-22,LOCAL COMMERCIAL RICE,Regular milled (White tag),kg,35.00,Price-Monitoring-November-22-2019.pdf
2019-11-23,NFA RICE,NFA (Well milled),kg,27.00,Price-Monitoring-November-23-2019.pdf
2019-11-23,IMPORTED COMMERCIAL RICE,Special (Blue tag),kg,52.00,Price-Monitoring-November-23-2019.pdf
2019-11-23,IMPORTED COMMERCIAL RICE,Premium (Yellow tag),kg,43.00,Price-Monitoring-November-23-2019.pdf
2019-11-23,IMPORTED COMMERCIAL RICE,Well milled (White tag),kg,44.00,Price-Monitoring-November-23-2019.pdf
2019-11-23,IMPORTED COMMERCIAL RICE,Regular milled (White tag),kg,32.00,Price-Monitoring-November-23-2019.pdf
2019-11-23,LOCAL COMMERCIAL RICE,Special (Blue tag),kg,50.00,Price-Monitoring-November-23-2019.pdf
2019-11-23,LOCAL COMMERCIAL RICE,Premium (Yellow tag),kg,46.00,Price-Monitoring-November-23-2019.pdf
2019-11-23,LOCAL COMMERCIAL RICE,Well milled (White tag),kg,40.00,Price-Monitoring-November-23-2019.pdf
2019-11-23,LOCAL COMMERCIAL RICE,Regular milled (White tag),kg,35.00,Price-Monitoring-November-23-2019.pdf
2019-11-25,NFA RICE,NFA (Regular milled),kg,27.00,Price-Monitoring-November-25-2019.pdf
2019-11-25,IMPORTED COMMERCIAL RICE,Special (Blue tag),kg,52.00,Price-Monitoring-November-25-2019.pdf
2019-11-25,IMPORTED COMMERCIAL RICE,Premium (Yellow tag),kg,43.00,Price-Monitoring-November-25-2019.pdf
2019-11-25,IMPORTED COMMERCIAL RICE,Well milled (White tag),kg,44.00,Price-Monitoring-November-25-2019.pdf
2019-11-25,IMPORTED COMMERCIAL RICE,Regular milled (White tag),kg,40.00,Price-Monitoring-November-25-2019.pdf
2019-11-25,LOCAL COMMERCIAL RICE,Special (Blue tag),kg,54.00,Price-Monitoring-November-25-2019.pdf
2019-11-25,LOCAL COMMERCIAL RICE,Premium (Yellow tag),kg,46.00,Price-Monitoring-November-25-2019.pdf
2019-11-25,LOCAL COMMERCIAL RICE,Well milled (White tag),kg,40.00,Price-Monitoring-November-25-2019.pdf
2019-11-25,LOCAL COMMERCIAL RICE,Regular milled (White tag),kg,35.00,Price-Monitoring-November-25-2019.pdf
2019-11-26,NFA RICE,NFA (Regular milled),kg,27.00,Price-Monitoring-November-26-2019.pdf
2019-11-26,IMPORTED COMMERCIAL RICE,Special (Blue tag),kg,52.00,Price-Monitoring-November-26-2019.pdf
2019-11-26,IMPORTED COMMERCIAL RICE,Premium (Yellow tag),kg,43.00,Price-Monitoring-November-26-2019.pdf
2019-11-26,IMPORTED COMMERCIAL RICE,Well milled (White tag),kg,46.00,Price-Monitoring-November-26-2019.pdf
2019-11-26,IMPORTED COMMERCIAL RICE,Regular milled (White tag),kg,32.00,Price-Monitoring-November-26-2019.pdf
2019-11-26,LOCAL COMMERCIAL RICE,Special (Blue tag),kg,50.00,Price-Monitoring-November-26-2019.pdf
2019-11-26,LOCAL COMMERCIAL RICE,Premium (Yellow tag),kg,46.00,Price-Monitoring-November-26-2019.pdf
2019-11-26,LOCAL COMMERCIAL RICE,Well milled (White tag),kg,40.00,Price-Monitoring-November-26-2019.pdf
2019-11-26,LOCAL COMMERCIAL RICE,Regular milled (White tag),kg,35.00,Price-Monitoring-November-26-2019.pdf
2019-11-27,NFA RICE,NFA (Well milled),kg,27.00,Price-Monitoring-November-27-2019.pdf
2019-11-27,IMPORTED COMMERCIAL RICE,Special (Blue tag),kg,52.00,Price-Monitoring-November-27-2019.pdf
2019-11-27,IMPORTED COMMERCIAL RICE,Premium (Yellow tag),kg,46.00,Price-Monitoring-November-27-2019.pdf
2019-11-27,IMPORTED COMMERCIAL RICE,Well milled (White tag),kg,44.00,Price-Monitoring-November-27-2019.pdf
2019-11-27,IMPORTED COMMERCIAL RICE,Regular milled (White tag),kg,30.00,Price-Monitoring-November-27-2019.pdf
2019-11-27,LOCAL COMMERCIAL RICE,Special (Blue tag),kg,54.00,Price-Monitoring-November-27-2019.pdf
2019-11-27,LOCAL COMMERCIAL RICE,Premium (Yellow tag),kg,46.00,Price-Monitoring-November-27-2019.pdf
2019-11-27,LOCAL COMMERCIAL RICE,Well milled (White tag),kg,40.00,Price-Monitoring-November-27-2019.pdf
2019-11-27,LOCAL COMMERCIAL RICE,Regular milled (White tag),kg,35.00,Price-Monitoring-November-27-2019.pdf
2019-11-28,NFA RICE,NFA (Well milled),kg,27.00,Price-Monitoring-November-28-2019.pdf
2019-11-28,IMPORTED COMMERCIAL RICE,Special (Blue tag),kg,52.00,Price-Monitoring-November-28-2019.pdf
2019-11-28,IMPORTED COMMERCIAL RICE,Premium (Yellow tag),kg,43.00,Price-Monitoring-November-28-2019.pdf
2019-11-28,IMPORTED COMMERCIAL RICE,Well milled (White tag),kg,45.00,Price-Monitoring-November-28-2019.pdf
2019-11-28,IMPORTED COMMERCIAL RICE,Regular milled (White tag),kg,32.00,Price-Monitoring-November-28-2019.pdf
2019-11-28,LOCAL COMMERCIAL RICE,Special (Blue tag),kg,55.00,Price-Monitoring-November-28-2019.pdf
2019-11-28,LOCAL COMMERCIAL RICE,Premium (Yellow tag),kg,46.00,Price-Monitoring-November-28-2019.pdf
2019-11-28,LOCAL COMMERCIAL RICE,Well milled (White tag),kg,40.00,Price-Monitoring-November-28-2019.pdf
2019-11-28,LOCAL COMMERCIAL RICE,Regular milled (White tag),kg,35.00,Price-Monitoring-November-28-2019.pdf
2019-11-29,NFA RICE,NFA (Well milled),kg,27.00,Price-Monitoring-November-29-2019.pdf
2019-11-29,IMPORTED COMMERCIAL RICE,Special (Blue tag),kg,52.00,Price-Monitoring-November-29-2019.pdf
2019-11-29,IMPORTED COMMERCIAL RICE,Premium (Yellow tag),kg,43.00,Price-Monitoring-November-29-2019.pdf
2019-11-29,IMPORTED COMMERCIAL RICE,Well milled (White tag),kg,44.00,Price-Monitoring-November-29-2019.pdf
2019-11-29,IMPORTED COMMERCIAL RICE,Regular milled (White tag),kg,32.00,Price-Monitoring-November-29-2019.pdf
2019-11-29,LOCAL COMMERCIAL RICE,Special (Blue tag),kg,54.00,Price-Monitoring-November-29-2019.pdf
2019-11-29,LOCAL COMMERCIAL RICE,Premium (Yellow tag),kg,46.00,Price-Monitoring-November-29-2019.pdf
2019-11-29,LOCAL COMMERCIAL RICE,Well milled (White tag),kg,40.00,Price-Monitoring-November-29-2019.pdf
2019-11-29,LOCAL COMMERCIAL RICE,Regular milled (White tag),kg,32.00,Price-Monitoring-November-29-2019.pdf
2019-11-30,NFA RICE,NFA (Well milled),kg,27.00,Price-Monitoring-November-30-2019.pdf
2019-11-30,IMPORTED COMMERCIAL RICE,Special (Blue tag),kg,52.00,Price-Monitoring-November-30-2019.pdf
2019-11-30,IMPORTED COMMERCIAL RICE,Premium (Yellow tag),kg,43.00,Price-Monitoring-November-30-2019.pdf
2019-11-30,IMPORTED COMMERCIAL RICE,Well milled (White tag),kg,44.00,Price-Monitoring-November-30-2019.pdf
2019-11-30,IMPORTED COMMERCIAL RICE,Regular milled (White tag),kg,32.00,Price-Monitoring-November-30-2019.pdf
2019-11-30,LOCAL COMMERCIAL RICE,Special (Blue tag),kg,54.00,Price-Monitoring-November-30-2019.pdf
2019-11-30,LOCAL COMMERCIAL RICE,Premium (Yellow tag),kg,46.00,Price-Monitoring-November-30-2019.pdf
2019-11-30,LOCAL COMMERCIAL RICE,Well milled (White tag),kg,40.00,Price-Monitoring-November-30-2019.pdf
2019-11-30,LOCAL COMMERCIAL RICE,Regular milled (White tag),kg,35.00,Price-Monitoring-November-30-2019.pdf
2019-12-02,NFA RICE,NFA (Well milled),kg,27.00,Price-Monitoring-December-2-2019.pdf
2019-12-02,IMPORTED COMMERCIAL RICE,Special (Blue tag),kg,52.00,Price-Monitoring-December-2-2019.pdf
2019-12-02,IMPORTED COMMERCIAL RICE,Premium (Yellow tag),kg,46.00,Price-Monitoring-December-2-2019.pdf
2019-12-02,IMPORTED COMMERCIAL RICE,Well milled (White tag),kg,44.00,Price-Monitoring-December-2-2019.pdf
2019-12-02,IMPORTED COMMERCIAL RICE,Regular milled (White tag),kg,30.00,Price-Monitoring-December-2-2019.pdf
2019-12-02,LOCAL COMMERCIAL RICE,Special (Blue tag),kg,54.00,Price-Monitoring-December-2-2019.pdf
2019-12-02,LOCAL COMMERCIAL RICE,Premium (Yellow tag),kg,46.00,Price-Monitoring-December-2-2019.pdf
2019-12-02,LOCAL COMMERCIAL RICE,Well milled (White tag),kg,40.00,Price-Monitoring-December-2-2019.pdf
2019-12-02,LOCAL COMMERCIAL RICE,Regular milled (White tag),kg,35.00,Price-Monitoring-December-2-2019.pdf
2019-12-03,NFA RICE,NFA (Well milled),kg,27.00,Price-Monitoring-December-3-2019.pdf
2019-12-03,IMPORTED COMMERCIAL RICE,Special (Blue tag),kg,52.00,Price-Monitoring-December-3-2019.pdf
2019-12-03,IMPORTED COMMERCIAL RICE,Premium (Yellow tag),kg,46.00,Price-Monitoring-December-3-2019.pdf
2019-12-03,IMPORTED COMMERCIAL RICE,Well milled (White tag),kg,44.00,Price-Monitoring-December-3-2019.pdf
2019-12-03,IMPORTED COMMERCIAL RICE,Regular milled (White tag),kg,30.00,Price-Monitoring-December-3-2019.pdf
2019-12-03,LOCAL COMMERCIAL RICE,Special (Blue tag),kg,55.00,Price-Monitoring-December-3-2019.pdf
2019-12-03,LOCAL COMMERCIAL RICE,Premium (Yellow tag),kg,46.00,Price-Monitoring-December-3-2019.pdf
2019-12-03,LOCAL COMMERCIAL RICE,Well milled (White tag),kg,40.00,Price-Monitoring-December-3-2019.pdf
2019-12-03,LOCAL COMMERCIAL RICE,Regular milled (White tag),kg,30.00,Price-Monitoring-December-3-2019.pdf
2019-12-04,NFA RICE,NFA (Well milled),kg,27.00,Price-Monitoring-December-4-2019.pdf
2019-12-04,IMPORTED COMMERCIAL RICE,Special (Blue tag),kg,52.00,Price-Monitoring-December-4-2019.pdf
2019-12-04,IMPORTED COMMERCIAL RICE,Premium (Yellow tag),kg,46.00,Price-Monitoring-December-4-2019.pdf
2019-12-04,IMPORTED COMMERCIAL RICE,Well milled (White tag),kg,44.00,Price-Monitoring-December-4-2019.pdf
2019-12-04,IMPORTED COMMERCIAL RICE,Regular milled (White tag),kg,30.00,Price-Monitoring-December-4-2019.pdf
2019-12-04,LOCAL COMMERCIAL RICE,Special (Blue tag),kg,54.00,Price-Monitoring-December-4-2019.pdf
2019-12-04,LOCAL COMMERCIAL RICE,Premium (Yellow tag),kg,46.00,Price-Monitoring-December-4-2019.pdf
2019-12-04,LOCAL COMMERCIAL RICE,Well milled (White tag),kg,40.00,Price-Monitoring-December-4-2019.pdf
2019-12-04,LOCAL COMMERCIAL RICE,Regular milled (White tag),kg,35.00,Price-Monitoring-December-4-2019.pdf
2019-12-05,NFA RICE,NFA (Well milled),kg,27.00,Price-Monitoring-December-5-2019.pdf
2019-12-05,IMPORTED COMMERCIAL RICE,Special (Blue tag),kg,52.00,Price-Monitoring-December-5-2019.pdf
2019-12-05,IMPORTED COMMERCIAL RICE,Premium (Yellow tag),kg,46.00,Price-Monitoring-December-5-2019.pdf
2019-12-05,IMPORTED COMMERCIAL RICE,Well milled (White tag),kg,44.00,Price-Monitoring-December-5-2019.pdf
2019-12-05,IMPORTED COMMERCIAL RICE,Regular milled (White tag),kg,30.00,Price-Monitoring-December-5-2019.pdf
2019-12-05,LOCAL COMMERCIAL RICE,Special (Blue tag),kg,55.00,Price-Monitoring-December-5-2019.pdf
2019-12-05,LOCAL COMMERCIAL RICE,Premium (Yellow tag),kg,46.00,Price-Monitoring-December-5-2019.pdf
2019-12-05,LOCAL COMMERCIAL RICE,Well milled (White tag),kg,40.00,Price-Monitoring-December-5-2019.pdf
2019-12-05,LOCAL COMMERCIAL RICE,Regular milled (White tag),kg,35.00,Price-Monitoring-December-5-2019.pdf
2019-12-06,NFA RICE,NFA (Well milled),kg,27.00,Price-Monitoring-December-6-2019.pdf
2019-12-06,IMPORTED COMMERCIAL RICE,Special (Blue tag),kg,52.00,Price-Monitoring-December-6-2019.pdf
2019-12-06,IMPORTED COMMERCIAL RICE,Premium (Yellow tag),kg,46.00,Price-Monitoring-December-6-2019.pdf
2019-12-06,IMPORTED COMMERCIAL RICE,Well milled (White tag),kg,44.00,Price-Monitoring-December-6-2019.pdf
2019-12-06,IMPORTED COMMERCIAL RICE,Regular milled (White tag),kg,30.00,Price-Monitoring-December-6-2019.pdf
2019-12-06,LOCAL COMMERCIAL RICE,Special (Blue tag),kg,54.00,Price-Monitoring-December-6-2019.pdf
2019-12-06,LOCAL COMMERCIAL RICE,Premium (Yellow tag),kg,46.00,Price-Monitoring-December-6-2019.pdf
2019-12-06,LOCAL COMMERCIAL RICE,Well milled (White tag),kg,40.00,Price-Monitoring-December-6-2019.pdf
2019-12-06,LOCAL COMMERCIAL RICE,Regular milled (White tag),kg,35.00,Price-Monitoring-December-6-2019.pdf
2019-12-07,NFA RICE,NFA (Well milled),kg,27.00,Price-Monitoring-December-7-2019.pdf
2019-12-07,IMPORTED COMMERCIAL RICE,Special (Blue tag),kg,52.00,Price-Monitoring-December-7-2019.pdf
2019-12-07,IMPORTED COMMERCIAL RICE,Premium (Yellow tag),kg,46.00,Price-Monitoring-December-7-2019.pdf
2019-12-07,IMPORTED COMMERCIAL RICE,Well milled (White tag),kg,44.00,Price-Monitoring-December-7-2019.pdf
2019-12-07,IMPORTED COMMERCIAL RICE,Regular milled (White tag),kg,30.00,Price-Monitoring-December-7-2019.pdf
2019-12-07,LOCAL COMMERCIAL RICE,Special (Blue tag),kg,50.00,Price-Monitoring-December-7-2019.pdf
2019-12-07,LOCAL COMMERCIAL RICE,Premium (Yellow tag),kg,46.00,Price-Monitoring-December-7-2019.pdf
2019-12-07,LOCAL COMMERCIAL RICE,Well milled (White tag),kg,40.00,Price-Monitoring-December-7-2019.pdf
2019-12-07,LOCAL COMMERCIAL RICE,Regular milled (White tag),kg,35.00,Price-Monitoring-December-7-2019.pdf
2019-12-09,NFA RICE,NFA (Well milled),kg,27.00,Price-Monitoring-December-9-2019.pdf
2019-12-09,IMPORTED COMMERCIAL RICE,Special (Blue tag),kg,52.00,Price-Monitoring-December-9-2019.pdf
2019-12-09,IMPORTED COMMERCIAL RICE,Premium (Yellow tag),kg,46.00,Price-Monitoring-December-9-2019.pdf
2019-12-09,IMPORTED COMMERCIAL RICE,Well milled (White tag),kg,44.00,Price-Monitoring-December-9-2019.pdf
2019-12-09,IMPORTED COMMERCIAL RICE,Regular milled (White tag),kg,29.00,Price-Monitoring-December-9-2019.pdf
2019-12-09,LOCAL COMMERCIAL RICE,Special (Blue tag),kg,50.00,Price-Monitoring-December-9-2019.pdf
2019-12-09,LOCAL COMMERCIAL RICE,Premium (Yellow tag),kg,46.00,Price-Monitoring-December-9-2019.pdf
2019-12-09,LOCAL COMMERCIAL RICE,Well milled (White tag),kg,40.00,Price-Monitoring-December-9-2019.pdf
2019-12-09,LOCAL COMMERCIAL RICE,Regular milled (White tag),kg,35.00,Price-Monitoring-December-9-2019.pdf
2019-12-10,NFA RICE,NFA (Regular milled),kg,27.00,Price-Monitoring-December-10-2019.pdf
2019-12-10,IMPORTED COMMERCIAL RICE,Special (Blue tag),kg,52.00,Price-Monitoring-December-10-2019.pdf
2019-12-10,IMPORTED COMMERCIAL RICE,Premium (Yellow tag),kg,43.00,Price-Monitoring-December-10-2019.pdf
2019-12-10,IMPORTED COMMERCIAL RICE,Well milled (White tag),kg,44.00,Price-Monitoring-December-10-2019.pdf
2019-12-10,IMPORTED COMMERCIAL RICE,Regular milled (White tag),kg,40.00,Price-Monitoring-December-10-2019.pdf
2019-12-10,LOCAL COMMERCIAL RICE,Special (Blue tag),kg,50.00,Price-Monitoring-December-10-2019.pdf
2019-12-10,LOCAL COMMERCIAL RICE,Premium (Yellow tag),kg,46.00,Price-Monitoring-December-10-2019.pdf
2019-12-10,LOCAL COMMERCIAL RICE,Well milled (White tag),kg,40.00,Price-Monitoring-December-10-2019.pdf
2019-12-10,LOCAL COMMERCIAL RICE,Regular milled (White tag),kg,35.00,Price-Monitoring-December-10-2019.pdf
2019-12-11,NFA RICE,NFA (Well milled),kg,27.00,Price-Monitoring-December-11-2019.pdf
2019-12-11,IMPORTED COMMERCIAL RICE,Special (Blue tag),kg,52.00,Price-Monitoring-December-11-2019.pdf
2019-12-11,IMPORTED COMMERCIAL RICE,Premium (Yellow tag),kg,43.00,Price-Monitoring-December-11-2019.pdf
2019-12-11,IMPORTED COMMERCIAL RICE,Well milled (White tag),kg,44.00,Price-Monitoring-December-11-2019.pdf
2019-12-11,IMPORTED COMMERCIAL RICE,Regular milled (White tag),kg,29.00,Price-Monitoring-December-11-2019.pdf
2019-12-11,LOCAL COMMERCIAL RICE,Special (Blue tag),kg,54.00,Price-Monitoring-December-11-2019.pdf
2019-12-11,LOCAL COMMERCIAL RICE,Premium (Yellow tag),kg,45.00,Price-Monitoring-December-11-2019.pdf
2019-12-11,LOCAL COMMERCIAL RICE,Well milled (White tag),kg,40.00,Price-Monitoring-December-11-2019.pdf
2019-12-11,LOCAL COMMERCIAL RICE,Regular milled (White tag),kg,35.00,Price-Monitoring-December-11-2019.pdf
2019-12-12,NFA RICE,NFA (Regular milled),kg,27.00,Price-Monitoring-December-12-2019.pdf
2019-12-12,IMPORTED COMMERCIAL RICE,Special (Blue tag),kg,50.00,Price-Monitoring-December-12-2019.pdf
2019-12-12,IMPORTED COMMERCIAL RICE,Premium (Yellow tag),kg,43.00,Price-Monitoring-December-12-2019.pdf
2019-12-12,IMPORTED COMMERCIAL RICE,Well milled (White tag),kg,45.00,Price-Monitoring-December-12-2019.pdf
2019-12-12,IMPORTED COMMERCIAL RICE,Regular milled (White tag),kg,29.00,Price-Monitoring-December-12-2019.pdf
2019-12-12,LOCAL COMMERCIAL RICE,Special (Blue tag),kg,54.00,Price-Monitoring-December-12-2019.pdf
2019-12-12,LOCAL COMMERCIAL RICE,Premium (Yellow tag),kg,46.00,Price-Monitoring-December-12-2019.pdf
2019-12-12,LOCAL COMMERCIAL RICE,Well milled (White tag),kg,40.00,Price-Monitoring-December-12-2019.pdf
2019-12-12,LOCAL COMMERCIAL RICE,Regular milled (White tag),kg,36.00,Price-Monitoring-December-12-2019.pdf
2019-12-13,NFA RICE,NFA (Regular milled),kg,27.00,Price-Monitoring-December-13-2019.pdf
2019-12-13,IMPORTED COMMERCIAL RICE,Special (Blue tag),kg,52.00,Price-Monitoring-December-13-2019.pdf
2019-12-13,IMPORTED COMMERCIAL RICE,Premium (Yellow tag),kg,46.00,Price-Monitoring-December-13-2019.pdf
2019-12-13,IMPORTED COMMERCIAL RICE,Well milled (White tag),kg,44.00,Price-Monitoring-December-13-2019.pdf
2019-12-13,IMPORTED COMMERCIAL RICE,Regular milled (White tag),kg,29.00,Price-Monitoring-December-13-2019.pdf
2019-12-13,LOCAL COMMERCIAL RICE,Special (Blue tag),kg,50.00,Price-Monitoring-December-13-2019.pdf
2019-12-13,LOCAL COMMERCIAL RICE,Premium (Yellow tag),kg,46.00,Price-Monitoring-December-13-2019.pdf
2019-12-13,LOCAL COMMERCIAL RICE,Well milled (White tag),kg,40.00,Price-Monitoring-December-13-2019.pdf
2019-12-13,LOCAL COMMERCIAL RICE,Regular milled (White tag),kg,35.00,Price-Monitoring-December-13-2019.pdf
2019-12-14,NFA RICE,NFA (Regular milled),kg,27.00,Price-Monitoring-December-14-2019.pdf
2019-12-14,IMPORTED COMMERCIAL RICE,Special (Blue tag),kg,52.00,Price-Monitoring-December-14-2019.pdf
2019-12-14,IMPORTED COMMERCIAL RICE,Premium (Yellow tag),kg,46.00,Price-Monitoring-December-14-2019.pdf
2019-12-14,IMPORTED COMMERCIAL RICE,Well milled (White tag),kg,45.00,Price-Monitoring-December-14-2019.pdf
2019-12-14,IMPORTED COMMERCIAL RICE,Regular milled (White tag),kg,29.00,Price-Monitoring-December-14-2019.pdf
2019-12-14,LOCAL COMMERCIAL RICE,Special (Blue tag),kg,50.00,Price-Monitoring-December-14-2019.pdf
2019-12-14,LOCAL COMMERCIAL RICE,Premium (Yellow tag),kg,46.00,Price-Monitoring-December-14-2019.pdf
2019-12-14,LOCAL COMMERCIAL RICE,Well milled (White tag),kg,40.00,Price-Monitoring-December-14-2019.pdf
2019-12-14,LOCAL COMMERCIAL RICE,Regular milled (White tag),kg,36.00,Price-Monitoring-December-14-2019.pdf
2019-12-16,NFA RICE,NFA (Well milled),kg,27.00,Price-Monitoring-December-16-2019.pdf
2019-12-16,IMPORTED COMMERCIAL RICE,Special (Blue tag),kg,52.00,Price-Monitoring-December-16-2019.pdf
2019-12-16,IMPORTED COMMERCIAL RICE,Premium (Yellow tag),kg,43.00,Price-Monitoring-December-16-2019.pdf
2019-12-16,IMPORTED COMMERCIAL RICE,Well milled (White tag),kg,42.00,Price-Monitoring-December-16-2019.pdf
2019-12-16,IMPORTED COMMERCIAL RICE,Regular milled (White tag),kg,29.00,Price-Monitoring-December-16-2019.pdf
2019-12-16,LOCAL COMMERCIAL RICE,Special (Blue tag),kg,50.00,Price-Monitoring-December-16-2019.pdf
2019-12-16,LOCAL COMMERCIAL RICE,Premium (Yellow tag),kg,46.00,Price-Monitoring-December-16-2019.pdf
2019-12-16,LOCAL COMMERCIAL RICE,Well milled (White tag),kg,40.00,Price-Monitoring-December-16-2019.pdf
2019-12-16,LOCAL COMMERCIAL RICE,Regular milled (White tag),kg,35.00,Price-Monitoring-December-16-2019.pdf
2019-12-17,NFA RICE,NFA (Well milled),kg,27.00,Price-Monitoring-December-17-2019.pdf
2019-12-17,IMPORTED COMMERCIAL RICE,Special (Blue tag),kg,52.00,Price-Monitoring-December-17-2019.pdf
2019-12-17,IMPORTED COMMERCIAL RICE,Premium (Yellow tag),kg,43.00,Price-Monitoring-December-17-2019.pdf
2019-12-17,IMPORTED COMMERCIAL RICE,Well milled (White tag),kg,42.00,Price-Monitoring-December-17-2019.pdf
2019-12-17,IMPORTED COMMERCIAL RICE,Regular milled (White tag),kg,29.00,Price-Monitoring-December-17-2019.pdf
2019-12-17,LOCAL COMMERCIAL RICE,Special (Blue tag),kg,50.00,Price-Monitoring-December-17-2019.pdf
2019-12-17,LOCAL COMMERCIAL RICE,Premium (Yellow tag),kg,46.00,Price-Monitoring-December-17-2019.pdf
2019-12-17,LOCAL COMMERCIAL RICE,Well milled (White tag),kg,40.00,Price-Monitoring-December-17-2019.pdf
2019-12-17,LOCAL COMMERCIAL RICE,Regular milled (White tag),kg,35.00,Price-Monitoring-December-17-2019.pdf
2019-12-19,NFA RICE,NFA (Well milled),kg,27.00,Price-Monitoring-December-19-2019.pdf
2019-12-19,IMPORTED COMMERCIAL RICE,Special (Blue tag),kg,52.00,Price-Monitoring-December-19-2019.pdf
2019-12-19,IMPORTED COMMERCIAL RICE,Premium (Yellow tag),kg,43.00,Price-Monitoring-December-19-2019.pdf
2019-12-19,IMPORTED COMMERCIAL RICE,Well milled (White tag),kg,44.00,Price-Monitoring-December-19-2019.pdf
2019-12-19,IMPORTED COMMERCIAL RICE,Regular milled (White tag),kg,29.00,Price-Monitoring-December-19-2019.pdf
2019-12-19,LOCAL COMMERCIAL RICE,Special (Blue tag),kg,54.00,Price-Monitoring-December-19-2019.pdf
2019-12-19,LOCAL COMMERCIAL RICE,Premium (Yellow tag),kg,46.00,Price-Monitoring-December-19-2019.pdf
2019-12-19,LOCAL COMMERCIAL RICE,Well milled (White tag),kg,40.00,Price-Monitoring-December-19-2019.pdf
2019-12-19,LOCAL COMMERCIAL RICE,Regular milled (White tag),kg,35.00,Price-Monitoring-December-19-2019.pdf
2019-12-20,NFA RICE,NFA (Regular milled),kg,27.00,Price-Monitoring-December-20-2019.pdf
2019-12-20,IMPORTED COMMERCIAL RICE,Special (Blue tag),kg,52.00,Price-Monitoring-December-20-2019.pdf
2019-12-20,IMPORTED COMMERCIAL RICE,Premium (Yellow tag),kg,46.00,Price-Monitoring-December-20-2019.pdf
2019-12-20,IMPORTED COMMERCIAL RICE,Well milled (White tag),kg,44.00,Price-Monitoring-December-20-2019.pdf
2019-12-20,IMPORTED COMMERCIAL RICE,Regular milled (White tag),kg,29.00,Price-Monitoring-December-20-2019.pdf
2019-12-20,LOCAL COMMERCIAL RICE,Special (Blue tag),kg,54.00,Price-Monitoring-December-20-2019.pdf
2019-12-20,LOCAL COMMERCIAL RICE,Premium (Yellow tag),kg,46.00,Price-Monitoring-December-20-2019.pdf
2019-12-20,LOCAL COMMERCIAL RICE,Well milled (White tag),kg,40.00,Price-Monitoring-December-20-2019.pdf
2019-12-20,LOCAL COMMERCIAL RICE,Regular milled (White tag),kg,35.00,Price-Monitoring-December-20-2019.pdf
2020-01-04,NFA RICE,NFA (Well milled),kg,27.00,Price-Monitoring-January-4-2020.pdf
2020-01-04,IMPORTED COMMERCIAL RICE,Special (Blue tag),kg,52.00,Price-Monitoring-January-4-2020.pdf
2020-01-04,IMPORTED COMMERCIAL RICE,Premium (Yellow tag),kg,46.00,Price-Monitoring-January-4-2020.pdf
2020-01-04,IMPORTED COMMERCIAL RICE,Well milled (White tag),kg,44.00,Price-Monitoring-January-4-2020.pdf
2020-01-04,IMPORTED COMMERCIAL RICE,Regular milled (White tag),kg,34.00,Price-Monitoring-January-4-2020.pdf
2020-01-04,LOCAL COMMERCIAL RICE,Special (Blue tag),kg,54.00,Price-Monitoring-January-4-2020.pdf
2020-01-04,LOCAL COMMERCIAL RICE,Premium (Yellow tag),kg,46.00,Price-Monitoring-January-4-2020.pdf
2020-01-04,LOCAL COMMERCIAL RICE,Well milled (White tag),kg,40.00,Price-Monitoring-January-4-2020.pdf
2020-01-04,LOCAL COMMERCIAL RICE,Regular milled (White tag),kg,35.00,Price-Monitoring-January-4-2020.pdf
2020-01-06,NFA RICE,NFA (Well milled),kg,27.00,Price-Monitoring-January-6-2020.pdf
2020-01-06,IMPORTED COMMERCIAL RICE,Special (Blue tag),kg,52.00,Price-Monitoring-January-6-2020.pdf
2020-01-06,IMPORTED COMMERCIAL RICE,Premium (Yellow tag),kg,46.00,Price-Monitoring-January-6-2020.pdf
2020-01-06,IMPORTED COMMERCIAL RICE,Well milled (White tag),kg,44.00,Price-Monitoring-January-6-2020.pdf
2020-01-06,IMPORTED COMMERCIAL RICE,Regular milled (White tag),kg,29.00,Price-Monitoring-January-6-2020.pdf
2020-01-06,LOCAL COMMERCIAL RICE,Special (Blue tag),kg,54.00,Price-Monitoring-January-6-2020.pdf
2020-01-06,LOCAL COMMERCIAL RICE,Premium (Yellow tag),kg,46.00,Price-Monitoring-January-6-2020.pdf
2020-01-06,LOCAL COMMERCIAL RICE,Well milled (White tag),kg,40.00,Price-Monitoring-January-6-2020.pdf
2020-01-06,LOCAL COMMERCIAL RICE,Regular milled (White tag),kg,32.00,Price-Monitoring-January-6-2020.pdf
2020-01-07,NFA RICE,NFA (Well milled),kg,27.00,Price-Monitoring-January-7-2020.pdf
2020-01-07,IMPORTED COMMERCIAL RICE,Special (Blue tag),kg,52.00,Price-Monitoring-January-7-2020.pdf
2020-01-07,IMPORTED COMMERCIAL RICE,Premium (Yellow tag),kg,43.00,Price-Monitoring-January-7-2020.pdf
2020-01-07,IMPORTED COMMERCIAL RICE,Well milled (White tag),kg,46.00,Price-Monitoring-January-7-2020.pdf
2020-01-07,IMPORTED COMMERCIAL RICE,Regular milled (White tag),kg,29.00,Price-Monitoring-January-7-2020.pdf
2020-01-07,LOCAL COMMERCIAL RICE,Special (Blue tag),kg,56.00,Price-Monitoring-January-7-2020.pdf
2020-01-07,LOCAL COMMERCIAL RICE,Premium (Yellow tag),kg,46.00,Price-Monitoring-January-7-2020.pdf
2020-01-07,LOCAL COMMERCIAL RICE,Well milled (White tag),kg,40.00,Price-Monitoring-January-7-2020.pdf
2020-01-07,LOCAL COMMERCIAL RICE,Regular milled (White tag),kg,32.00,Price-Monitoring-January-7-2020.pdf
2020-01-08,NFA RICE,NFA (Well milled),kg,27.00,Price-Monitoring-January-8-2020.pdf
2020-01-08,IMPORTED COMMERCIAL RICE,Special (Blue tag),kg,52.00,Price-Monitoring-January-8-2020.pdf
2020-01-08,IMPORTED COMMERCIAL RICE,Premium (Yellow tag),kg,46.00,Price-Monitoring-January-8-2020.pdf
2020-01-08,IMPORTED COMMERCIAL RICE,Well milled (White tag),kg,44.00,Price-Monitoring-January-8-2020.pdf
2020-01-08,IMPORTED COMMERCIAL RICE,Regular milled (White tag),kg,34.00,Price-Monitoring-January-8-2020.pdf
2020-01-08,LOCAL COMMERCIAL RICE,Special (Blue tag),kg,54.00,Price-Monitoring-January-8-2020.pdf
2020-01-08,LOCAL COMMERCIAL RICE,Premium (Yellow tag),kg,46.00,Price-Monitoring-January-8-2020.pdf
2020-01-08,LOCAL COMMERCIAL RICE,Well milled (White tag),kg,40.00,Price-Monitoring-January-8-2020.pdf
2020-01-08,LOCAL COMMERCIAL RICE,Regular milled (White tag),kg,32.00,Price-Monitoring-January-8-2020.pdf
2020-01-09,NFA RICE,NFA (Well milled),kg,27.00,Price-Monitoring-January-9-2020.pdf
2020-01-09,IMPORTED COMMERCIAL RICE,Special (Blue tag),kg,52.00,Price-Monitoring-January-9-2020.pdf
2020-01-09,IMPORTED COMMERCIAL RICE,Premium (Yellow tag),kg,43.00,Price-Monitoring-January-9-2020.pdf
2020-01-09,IMPORTED COMMERCIAL RICE,Well milled (White tag),kg,46.00,Price-Monitoring-January-9-2020.pdf
2020-01-09,IMPORTED COMMERCIAL RICE,Regular milled (White tag),kg,29.00,Price-Monitoring-January-9-2020.pdf
2020-01-09,LOCAL COMMERCIAL RICE,Special (Blue tag),kg,54.00,Price-Monitoring-January-9-2020.pdf
2020-01-09,LOCAL COMMERCIAL RICE,Premium (Yellow tag),kg,45.00,Price-Monitoring-January-9-2020.pdf
2020-01-09,LOCAL COMMERCIAL RICE,Well milled (White tag),kg,40.00,Price-Monitoring-January-9-2020.pdf
2020-01-09,LOCAL COMMERCIAL RICE,Regular milled (White tag),kg,32.00,Price-Monitoring-January-9-2020.pdf
2020-01-10,NFA RICE,NFA (Well milled),kg,27.00,Price-Monitoring-January-10-2020.pdf
2020-01-10,IMPORTED COMMERCIAL RICE,Special (Blue tag),kg,48.00,Price-Monitoring-January-10-2020.pdf
2020-01-10,IMPORTED COMMERCIAL RICE,Premium (Yellow tag),kg,43.00,Price-Monitoring-January-10-2020.pdf
2020-01-10,IMPORTED COMMERCIAL RICE,Well milled (White tag),kg,46.00,Price-Monitoring-January-10-2020.pdf
2020-01-10,IMPORTED COMMERCIAL RICE,Regular milled (White tag),kg,40.00,Price-Monitoring-January-10-2020.pdf
2020-01-10,LOCAL COMMERCIAL RICE,Special (Blue tag),kg,50.00,Price-Monitoring-January-10-2020.pdf
2020-01-10,LOCAL COMMERCIAL RICE,Premium (Yellow tag),kg,45.00,Price-Monitoring-January-10-2020.pdf
2020-01-10,LOCAL COMMERCIAL RICE,Well milled (White tag),kg,40.00,Price-Monitoring-January-10-2020.pdf
2020-01-10,LOCAL COMMERCIAL RICE,Regular milled (White tag),kg,32.00,Price-Monitoring-January-10-2020.pdf
2020-01-11,NFA RICE,NFA (Well milled),kg,27.00,Price-Monitoring-January-11-2020.pdf
2020-01-11,IMPORTED COMMERCIAL RICE,Special (Blue tag),kg,52.00,Price-Monitoring-January-11-2020.pdf
2020-01-11,IMPORTED COMMERCIAL RICE,Premium (Yellow tag),kg,43.00,Price-Monitoring-January-11-2020.pdf
2020-01-11,IMPORTED COMMERCIAL RICE,Well milled (White tag),kg,46.00,Price-Monitoring-January-11-2020.pdf
2020-01-11,IMPORTED COMMERCIAL RICE,Regular milled (White tag),kg,34.00,Price-Monitoring-January-11-2020.pdf
2020-01-11,LOCAL COMMERCIAL RICE,Special (Blue tag),kg,54.00,Price-Monitoring-January-11-2020.pdf
2020-01-11,LOCAL COMMERCIAL RICE,Premium (Yellow tag),kg,45.00,Price-Monitoring-January-11-2020.pdf
2020-01-11,LOCAL COMMERCIAL RICE,Well milled (White tag),kg,40.00,Price-Monitoring-January-11-2020.pdf
2020-01-11,LOCAL COMMERCIAL RICE,Regular milled (White tag),kg,32.00,Price-Monitoring-January-11-2020.pdf
2020-01-13,NFA RICE,NFA (Well milled),kg,27.00,Price-Monitoring-January-13-2020.pdf
2020-01-13,IMPORTED COMMERCIAL RICE,Special (Blue tag),kg,52.00,Price-Monitoring-January-13-2020.pdf
2020-01-13,IMPORTED COMMERCIAL RICE,Premium (Yellow tag),kg,43.00,Price-Monitoring-January-13-2020.pdf
2020-01-13,IMPORTED COMMERCIAL RICE,Well milled (White tag),kg,46.00,Price-Monitoring-January-13-2020.pdf
2020-01-13,IMPORTED COMMERCIAL RICE,Regular milled (White tag),kg,34.00,Price-Monitoring-January-13-2020.pdf
2020-01-13,LOCAL COMMERCIAL RICE,Special (Blue tag),kg,55.00,Price-Monitoring-January-13-2020.pdf
2020-01-13,LOCAL COMMERCIAL RICE,Premium (Yellow tag),kg,45.00,Price-Monitoring-January-13-2020.pdf
2020-01-13,LOCAL COMMERCIAL RICE,Well milled (White tag),kg,40.00,Price-Monitoring-January-13-2020.pdf
2020-01-13,LOCAL COMMERCIAL RICE,Regular milled (White tag),kg,30.00,Price-Monitoring-January-13-2020.pdf
2020-01-14,NFA RICE,NFA (Well milled),kg,27.00,Price-Monitoring-January-14-2020.pdf
2020-01-14,IMPORTED COMMERCIAL RICE,Special (Blue tag),kg,52.00,Price-Monitoring-January-14-2020.pdf
2020-01-14,IMPORTED COMMERCIAL RICE,Premium (Yellow tag),kg,46.00,Price-Monitoring-January-14-2020.pdf
2020-01-14,IMPORTED COMMERCIAL RICE,Well milled (White tag),kg,44.00,Price-Monitoring-January-14-2020.pdf
2020-01-14,IMPORTED COMMERCIAL RICE,Regular milled (White tag),kg,29.00,Price-Monitoring-January-14-2020.pdf
2020-01-14,LOCAL COMMERCIAL RICE,Special (Blue tag),kg,54.00,Price-Monitoring-January-14-2020.pdf
2020-01-14,LOCAL COMMERCIAL RICE,Premium (Yellow tag),kg,45.00,Price-Monitoring-January-14-2020.pdf
2020-01-14,LOCAL COMMERCIAL RICE,Well milled (White tag),kg,40.00,Price-Monitoring-January-14-2020.pdf
2020-01-14,LOCAL COMMERCIAL RICE,Regular milled (White tag),kg,32.00,Price-Monitoring-January-14-2020.pdf
2020-01-15,NFA RICE,NFA (Well milled),kg,27.00,Price-Monitoring-January-15-2020.pdf
2020-01-15,IMPORTED COMMERCIAL RICE,Special (Blue tag),kg,52.00,Price-Monitoring-January-15-2020.pdf
2020-01-15,IMPORTED COMMERCIAL RICE,Premium (Yellow tag),kg,46.00,Price-Monitoring-January-15-2020.pdf
2020-01-15,IMPORTED COMMERCIAL RICE,Well milled (White tag),kg,40.00,Price-Monitoring-January-15-2020.pdf
2020-01-15,IMPORTED COMMERCIAL RICE,Regular milled (White tag),kg,29.00,Price-Monitoring-January-15-2020.pdf
2020-01-15,LOCAL COMMERCIAL RICE,Special (Blue tag),kg,50.00,Price-Monitoring-January-15-2020.pdf
2020-01-15,LOCAL COMMERCIAL RICE,Premium (Yellow tag),kg,45.00,Price-Monitoring-January-15-2020.pdf
2020-01-15,LOCAL COMMERCIAL RICE,Well milled (White tag),kg,40.00,Price-Monitoring-January-15-2020.pdf
2020-01-15,LOCAL COMMERCIAL RICE,Regular milled (White tag),kg,32.00,Price-Monitoring-January-15-2020.pdf
2020-01-16,NFA RICE,NFA (Well milled),kg,27.00,Price-Monitoring-January-16-2020.pdf
2020-01-16,IMPORTED COMMERCIAL RICE,Special (Blue tag),kg,52.00,Price-Monitoring-January-16-2020.pdf
2020-01-16,IMPORTED COMMERCIAL RICE,Premium (Yellow tag),kg,46.00,Price-Monitoring-January-16-2020.pdf
2020-01-16,IMPORTED COMMERCIAL RICE,Well milled (White tag),kg,44.00,Price-Monitoring-January-16-2020.pdf
2020-01-16,IMPORTED COMMERCIAL RICE,Regular milled (White tag),kg,29.00,Price-Monitoring-January-16-2020.pdf
2020-01-16,LOCAL COMMERCIAL RICE,Special (Blue tag),kg,54.00,Price-Monitoring-January-16-2020.pdf
2020-01-16,LOCAL COMMERCIAL RICE,Premium (Yellow tag),kg,45.00,Price-Monitoring-January-16-2020.pdf
2020-01-16,LOCAL COMMERCIAL RICE,Well milled (White tag),kg,40.00,Price-Monitoring-January-16-2020.pdf
2020-01-16,LOCAL COMMERCIAL RICE,Regular milled (White tag),kg,32.00,Price-Monitoring-January-16-2020.pdf
2020-01-17,NFA RICE,NFA (Well milled),kg,27.00,Price-Monitoring-January-17-2020.pdf
2020-01-17,IMPORTED COMMERCIAL RICE,Special (Blue tag),kg,52.00,Price-Monitoring-January-17-2020.pdf
2020-01-17,IMPORTED COMMERCIAL RICE,Premium (Yellow tag),kg,46.00,Price-Monitoring-January-17-2020.pdf
2020-01-17,IMPORTED COMMERCIAL RICE,Well milled (White tag),kg,44.00,Price-Monitoring-January-17-2020.pdf
2020-01-17,IMPORTED COMMERCIAL RICE,Regular milled (White tag),kg,29.00,Price-Monitoring-January-17-2020.pdf
2020-01-17,LOCAL COMMERCIAL RICE,Special (Blue tag),kg,54.00,Price-Monitoring-January-17-2020.pdf
2020-01-17,LOCAL COMMERCIAL RICE,Premium (Yellow tag),kg,45.00,Price-Monitoring-January-17-2020.pdf
2020-01-17,LOCAL COMMERCIAL RICE,Well milled (White tag),kg,40.00,Price-Monitoring-January-17-2020.pdf
2020-01-17,LOCAL COMMERCIAL RICE,Regular milled (White tag),kg,32.00,Price-Monitoring-January-17-2020.pdf
2020-01-18,NFA RICE,NFA (Well milled),kg,27.00,Price-Monitoring-January-18-2020.pdf
2020-01-18,IMPORTED COMMERCIAL RICE,Special (Blue tag),kg,52.00,Price-Monitoring-January-18-2020.pdf
2020-01-18,IMPORTED COMMERCIAL RICE,Premium (Yellow tag),kg,46.00,Price-Monitoring-January-18-2020.pdf
2020-01-18,IMPORTED COMMERCIAL RICE,Well milled (White tag),kg,44.00,Price-Monitoring-January-18-2020.pdf
2020-01-18,IMPORTED COMMERCIAL RICE,Regular milled (White tag),kg,29.00,Price-Monitoring-January-18-2020.pdf
2020-01-18,LOCAL COMMERCIAL RICE,Special (Blue tag),kg,54.00,Price-Monitoring-January-18-2020.pdf
2020-01-18,LOCAL COMMERCIAL RICE,Premium (Yellow tag),kg,45.00,Price-Monitoring-January-18-2020.pdf
2020-01-18,LOCAL COMMERCIAL RICE,Well milled (White tag),kg,40.00,Price-Monitoring-January-18-2020.pdf
2020-01-18,LOCAL COMMERCIAL RICE,Regular milled (White tag),kg,32.00,Price-Monitoring-January-18-2020.pdf
2020-01-20,NFA RICE,NFA (Well milled),kg,27.00,Price-Monitoring-January-20-2020.pdf
2020-01-20,IMPORTED COMMERCIAL RICE,Special (Blue tag),kg,52.00,Price-Monitoring-January-20-2020.pdf
2020-01-20,IMPORTED COMMERCIAL RICE,Premium (Yellow tag),kg,46.00,Price-Monitoring-January-20-2020.pdf
2020-01-20,IMPORTED COMMERCIAL RICE,Well milled (White tag),kg,40.00,Price-Monitoring-January-20-2020.pdf
2020-01-20,IMPORTED COMMERCIAL RICE,Regular milled (White tag),kg,34.00,Price-Monitoring-January-20-2020.pdf
2020-01-20,LOCAL COMMERCIAL RICE,Special (Blue tag),kg,54.00,Price-Monitoring-January-20-2020.pdf
2020-01-20,LOCAL COMMERCIAL RICE,Premium (Yellow tag),kg,46.00,Price-Monitoring-January-20-2020.pdf
2020-01-20,LOCAL COMMERCIAL RICE,Well milled (White tag),kg,40.00,Price-Monitoring-January-20-2020.pdf
2020-01-20,LOCAL COMMERCIAL RICE,Regular milled (White tag),kg,32.00,Price-Monitoring-January-20-2020.pdf
2020-01-21,NFA RICE,NFA (Well milled),kg,27.00,Price-Monitoring-January-21-2020.pdf
2020-01-21,IMPORTED COMMERCIAL RICE,Special (Blue tag),kg,52.00,Price-Monitoring-January-21-2020.pdf
2020-01-21,IMPORTED COMMERCIAL RICE,Premium (Yellow tag),kg,46.00,Price-Monitoring-January-21-2020.pdf
2020-01-21,IMPORTED COMMERCIAL RICE,Well milled (White tag),kg,44.00,Price-Monitoring-January-21-2020.pdf
2020-01-21,IMPORTED COMMERCIAL RICE,Regular milled (White tag),kg,29.00,Price-Monitoring-January-21-2020.pdf
2020-01-21,LOCAL COMMERCIAL RICE,Special (Blue tag),kg,54.00,Price-Monitoring-January-21-2020.pdf
2020-01-21,LOCAL COMMERCIAL RICE,Premium (Yellow tag),kg,46.00,Price-Monitoring-January-21-2020.pdf
2020-01-21,LOCAL COMMERCIAL RICE,Well milled (White tag),kg,40.00,Price-Monitoring-January-21-2020.pdf
2020-01-21,LOCAL COMMERCIAL RICE,Regular milled (White tag),kg,32.00,Price-Monitoring-January-21-2020.pdf
2020-01-22,NFA RICE,NFA (Well milled),kg,27.00,Price-Monitoring-January-22-2020.pdf
2020-01-22,IMPORTED COMMERCIAL RICE,Special (Blue tag),kg,52.00,Price-Monitoring-January-22-2020.pdf
2020-01-22,IMPORTED COMMERCIAL RICE,Premium (Yellow tag),kg,46.00,Price-Monitoring-January-22-2020.pdf
2020-01-22,IMPORTED COMMERCIAL RICE,Well milled (White tag),kg,44.00,Price-Monitoring-January-22-2020.pdf
2020-01-22,IMPORTED COMMERCIAL RICE,Regular milled (White tag),kg,40.00,Price-Monitoring-January-22-2020.pdf
2020-01-22,LOCAL COMMERCIAL RICE,Special (Blue tag),kg,54.00,Price-Monitoring-January-22-2020.pdf
2020-01-22,LOCAL COMMERCIAL RICE,Premium (Yellow tag),kg,45.00,Price-Monitoring-January-22-2020.pdf
2020-01-22,LOCAL COMMERCIAL RICE,Well milled (White tag),kg,40.00,Price-Monitoring-January-22-2020.pdf
2020-01-22,LOCAL COMMERCIAL RICE,Regular milled (White tag),kg,32.00,Price-Monitoring-January-22-2020.pdf
2020-01-23,NFA RICE,NFA (Well milled),kg,27.00,Price-Monitoring-January-23-2020.pdf
2020-01-23,IMPORTED COMMERCIAL RICE,Special (Blue tag),kg,52.00,Price-Monitoring-January-23-2020.pdf
2020-01-23,IMPORTED COMMERCIAL RICE,Premium (Yellow tag),kg,46.00,Price-Monitoring-January-23-2020.pdf
2020-01-23,IMPORTED COMMERCIAL RICE,Well milled (White tag),kg,44.00,Price-Monitoring-January-23-2020.pdf
2020-01-23,IMPORTED COMMERCIAL RICE,Regular milled (White tag),kg,29.00,Price-Monitoring-January-23-2020.pdf
2020-01-23,LOCAL COMMERCIAL RICE,Special (Blue tag),kg,54.00,Price-Monitoring-January-23-2020.pdf
2020-01-23,LOCAL COMMERCIAL RICE,Premium (Yellow tag),kg,45.00,Price-Monitoring-January-23-2020.pdf
2020-01-23,LOCAL COMMERCIAL RICE,Well milled (White tag),kg,40.00,Price-Monitoring-January-23-2020.pdf
2020-01-23,LOCAL COMMERCIAL RICE,Regular milled (White tag),kg,32.00,Price-Monitoring-January-23-2020.pdf
2020-01-24,NFA RICE,NFA (Well milled),kg,27.00,Price-Monitoring-January-24-2020.pdf
2020-01-24,IMPORTED COMMERCIAL RICE,Special (Blue tag),kg,52.00,Price-Monitoring-January-24-2020.pdf
2020-01-24,IMPORTED COMMERCIAL RICE,Premium (Yellow tag),kg,46.00,Price-Monitoring-January-24-2020.pdf
2020-01-24,IMPORTED COMMERCIAL RICE,Well milled (White tag),kg,44.00,Price-Monitoring-January-24-2020.pdf
2020-01-24,IMPORTED COMMERCIAL RICE,Regular milled (White tag),kg,29.00,Price-Monitoring-January-24-2020.pdf
2020-01-24,LOCAL COMMERCIAL RICE,Special (Blue tag),kg,54.00,Price-Monitoring-January-24-2020.pdf
2020-01-24,LOCAL COMMERCIAL RICE,Premium (Yellow tag),kg,45.00,Price-Monitoring-January-24-2020.pdf
2020-01-24,LOCAL COMMERCIAL RICE,Well milled (White tag),kg,40.00,Price-Monitoring-January-24-2020.pdf
2020-01-24,LOCAL COMMERCIAL RICE,Regular milled (White tag),kg,32.00,Price-Monitoring-January-24-2020.pdf
2020-01-25,NFA RICE,NFA (Well milled),kg,27.00,Price-Monitoring-January-25-2020.pdf
2020-01-25,IMPORTED COMMERCIAL RICE,Special (Blue tag),kg,52.00,Price-Monitoring-January-25-2020.pdf
2020-01-25,IMPORTED COMMERCIAL RICE,Premium (Yellow tag),kg,46.00,Price-Monitoring-January-25-2020.pdf
2020-01-25,IMPORTED COMMERCIAL RICE,Well milled (White tag),kg,46.00,Price-Monitoring-January-25-2020.pdf
2020-01-25,IMPORTED COMMERCIAL RICE,Regular milled (White tag),kg,29.00,Price-Monitoring-January-25-2020.pdf
2020-01-25,LOCAL COMMERCIAL RICE,Special (Blue tag),kg,54.00,Price-Monitoring-January-25-2020.pdf
2020-01-25,LOCAL COMMERCIAL RICE,Premium (Yellow tag),kg,46.00,Price-Monitoring-January-25-2020.pdf
2020-01-25,LOCAL COMMERCIAL RICE,Well milled (White tag),kg,40.00,Price-Monitoring-January-25-2020.pdf
2020-01-25,LOCAL COMMERCIAL RICE,Regular milled (White tag),kg,35.00,Price-Monitoring-January-25-2020.pdf
2020-01-27,NFA RICE,NFA (Well milled),kg,27.00,Price-Monitoring-January-27-2020.pdf
2020-01-27,IMPORTED COMMERCIAL RICE,Special (Blue tag),kg,52.00,Price-Monitoring-January-27-2020.pdf
2020-01-27,IMPORTED COMMERCIAL RICE,Premium (Yellow tag),kg,46.00,Price-Monitoring-January-27-2020.pdf
2020-01-27,IMPORTED COMMERCIAL RICE,Well milled (White tag),kg,44.00,Price-Monitoring-January-27-2020.pdf
2020-01-27,IMPORTED COMMERCIAL RICE,Regular milled (White tag),kg,40.00,Price-Monitoring-January-27-2020.pdf
2020-01-27,LOCAL COMMERCIAL RICE,Special (Blue tag),kg,54.00,Price-Monitoring-January-27-2020.pdf
2020-01-27,LOCAL COMMERCIAL RICE,Premium (Yellow tag),kg,46.00,Price-Monitoring-January-27-2020.pdf
2020-01-27,LOCAL COMMERCIAL RICE,Well milled (White tag),kg,40.00,Price-Monitoring-January-27-2020.pdf
2020-01-27,LOCAL COMMERCIAL RICE,Regular milled (White tag),kg,32.00,Price-Monitoring-January-27-2020.pdf
2020-01-28,NFA RICE,NFA (Well milled),kg,27.00,Price-Monitoring-January-28-2020.pdf
2020-01-28,IMPORTED COMMERCIAL RICE,Special (Blue tag),kg,52.00,Price-Monitoring-January-28-2020.pdf
2020-01-28,IMPORTED COMMERCIAL RICE,Premium (Yellow tag),kg,46.00,Price-Monitoring-January-28-2020.pdf
2020-01-28,IMPORTED COMMERCIAL RICE,Well milled (White tag),kg,44.00,Price-Monitoring-January-28-2020.pdf
2020-01-28,IMPORTED COMMERCIAL RICE,Regular milled (White tag),kg,29.00,Price-Monitoring-January-28-2020.pdf
2020-01-28,LOCAL COMMERCIAL RICE,Special (Blue tag),kg,54.00,Price-Monitoring-January-28-2020.pdf
2020-01-28,LOCAL COMMERCIAL RICE,Premium (Yellow tag),kg,46.00,Price-Monitoring-January-28-2020.pdf
2020-01-28,LOCAL COMMERCIAL RICE,Well milled (White tag),kg,40.00,Price-Monitoring-January-28-2020.pdf
2020-01-28,LOCAL COMMERCIAL RICE,Regular milled (White tag),kg,32.00,Price-Monitoring-January-28-2020.pdf
2020-01-29,NFA RICE,NFA (Well milled),kg,27.00,Price-Monitoring-January-29-2020.pdf
2020-01-29,IMPORTED COMMERCIAL RICE,Special (Blue tag),kg,52.00,Price-Monitoring-January-29-2020.pdf
2020-01-29,IMPORTED COMMERCIAL RICE,Premium (Yellow tag),kg,46.00,Price-Monitoring-January-29-2020.pdf
2020-01-29,IMPORTED COMMERCIAL RICE,Well milled (White tag),kg,46.00,Price-Monitoring-January-29-2020.pdf
2020-01-29,IMPORTED COMMERCIAL RICE,Regular milled (White tag),kg,29.00,Price-Monitoring-January-29-2020.pdf
2020-01-29,LOCAL COMMERCIAL RICE,Special (Blue tag),kg,54.00,Price-Monitoring-January-29-2020.pdf
2020-01-29,LOCAL COMMERCIAL RICE,Premium (Yellow tag),kg,46.00,Price-Monitoring-January-29-2020.pdf
2020-01-29,LOCAL COMMERCIAL RICE,Well milled (White tag),kg,40.00,Price-Monitoring-January-29-2020.pdf
2020-01-29,LOCAL COMMERCIAL RICE,Regular milled (White tag),kg,32.00,Price-Monitoring-January-29-2020.pdf
2020-01-30,NFA RICE,NFA (Well milled),kg,27.00,Price-Monitoring-January-30-2020.pdf
2020-01-30,IMPORTED COMMERCIAL RICE,Special (Blue tag),kg,52.00,Price-Monitoring-January-30-2020.pdf
2020-01-30,IMPORTED COMMERCIAL RICE,Premium (Yellow tag),kg,46.00,Price-Monitoring-January-30-2020.pdf
2020-01-30,IMPORTED COMMERCIAL RICE,Well milled (White tag),kg,46.00,Price-Monitoring-January-30-2020.pdf
2020-01-30,IMPORTED COMMERCIAL RICE,Regular milled (White tag),kg,29.00,Price-Monitoring-January-30-2020.pdf
2020-01-30,LOCAL COMMERCIAL RICE,Special (Blue tag),kg,54.00,Price-Monitoring-January-30-2020.pdf
2020-01-30,LOCAL COMMERCIAL RICE,Premium (Yellow tag),kg,45.00,Price-Monitoring-January-30-2020.pdf
2020-01-30,LOCAL COMMERCIAL RICE,Well milled (White tag),kg,40.00,Price-Monitoring-January-30-2020.pdf
2020-01-30,LOCAL COMMERCIAL RICE,Regular milled (White tag),kg,32.00,Price-Monitoring-January-30-2020.pdf
2020-01-31,NFA RICE,NFA (Well milled),kg,27.00,Price-Monitoring-January-31-2020.pdf
2020-01-31,IMPORTED COMMERCIAL RICE,Special (Blue tag),kg,52.00,Price-Monitoring-January-31-2020.pdf
2020-01-31,IMPORTED COMMERCIAL RICE,Premium (Yellow tag),kg,46.00,Price-Monitoring-January-31-2020.pdf
2020-01-31,IMPORTED COMMERCIAL RICE,Well milled (White tag),kg,46.00,Price-Monitoring-January-31-2020.pdf
2020-01-31,IMPORTED COMMERCIAL RICE,Regular milled (White tag),kg,29.00,Price-Monitoring-January-31-2020.pdf
2020-01-31,LOCAL COMMERCIAL RICE,Special (Blue tag),kg,54.00,Price-Monitoring-January-31-2020.pdf
2020-01-31,LOCAL COMMERCIAL RICE,Premium (Yellow tag),kg,46.00,Price-Monitoring-January-31-2020.pdf
2020-01-31,LOCAL COMMERCIAL RICE,Well milled (White tag),kg,40.00,Price-Monitoring-January-31-2020.pdf
2020-01-31,LOCAL COMMERCIAL RICE,Regular milled (White tag),kg,32.00,Price-Monitoring-January-31-2020.pdf
2020-02-01,NFA RICE,NFA (Well milled),kg,27.00,Price-Monitoring-February-1-2020.pdf
2020-02-01,IMPORTED COMMERCIAL RICE,Special (Blue tag),kg,52.00,Price-Monitoring-February-1-2020.pdf
2020-02-01,IMPORTED COMMERCIAL RICE,Premium (Yellow tag),kg,46.00,Price-Monitoring-February-1-2020.pdf
2020-02-01,IMPORTED COMMERCIAL RICE,Well milled (White tag),kg,46.00,Price-Monitoring-February-1-2020.pdf
2020-02-01,IMPORTED COMMERCIAL RICE,Regular milled (White tag),kg,29.00,Price-Monitoring-February-1-2020.pdf
2020-02-01,LOCAL COMMERCIAL RICE,Special (Blue tag),kg,50.00,Price-Monitoring-February-1-2020.pdf
2020-02-01,LOCAL COMMERCIAL RICE,Premium (Yellow tag),kg,45.00,Price-Monitoring-February-1-2020.pdf
2020-02-01,LOCAL COMMERCIAL RICE,Well milled (White tag),kg,40.00,Price-Monitoring-February-1-2020.pdf
2020-02-01,LOCAL COMMERCIAL RICE,Regular milled (White tag),kg,32.00,Price-Monitoring-February-1-2020.pdf
2020-02-03,NFA RICE,NFA (Well milled),kg,27.00,Price-Monitoring-February-3-2020.pdf
2020-02-03,IMPORTED COMMERCIAL RICE,Special (Blue tag),kg,52.00,Price-Monitoring-February-3-2020.pdf
2020-02-03,IMPORTED COMMERCIAL RICE,Premium (Yellow tag),kg,46.00,Price-Monitoring-February-3-2020.pdf
2020-02-03,IMPORTED COMMERCIAL RICE,Well milled (White tag),kg,46.00,Price-Monitoring-February-3-2020.pdf
2020-02-03,IMPORTED COMMERCIAL RICE,Regular milled (White tag),kg,40.00,Price-Monitoring-February-3-2020.pdf
2020-02-03,LOCAL COMMERCIAL RICE,Special (Blue tag),kg,50.00,Price-Monitoring-February-3-2020.pdf
2020-02-03,LOCAL COMMERCIAL RICE,Premium (Yellow tag),kg,46.00,Price-Monitoring-February-3-2020.pdf
2020-02-03,LOCAL COMMERCIAL RICE,Well milled (White tag),kg,40.00,Price-Monitoring-February-3-2020.pdf
2020-02-03,LOCAL COMMERCIAL RICE,Regular milled (White tag),kg,32.00,Price-Monitoring-February-3-2020.pdf
2020-02-04,NFA RICE,NFA (Well milled),kg,27.00,Price-Monitoring-February-4-2020.pdf
2020-02-04,IMPORTED COMMERCIAL RICE,Special (Blue tag),kg,52.00,Price-Monitoring-February-4-2020.pdf
2020-02-04,IMPORTED COMMERCIAL RICE,Premium (Yellow tag),kg,47.00,Price-Monitoring-February-4-2020.pdf
2020-02-04,IMPORTED COMMERCIAL RICE,Well milled (White tag),kg,40.00,Price-Monitoring-February-4-2020.pdf
2020-02-04,IMPORTED COMMERCIAL RICE,Regular milled (White tag),kg,29.00,Price-Monitoring-February-4-2020.pdf
2020-02-04,LOCAL COMMERCIAL RICE,Special (Blue tag),kg,54.00,Price-Monitoring-February-4-2020.pdf
2020-02-04,LOCAL COMMERCIAL RICE,Premium (Yellow tag),kg,46.00,Price-Monitoring-February-4-2020.pdf
2020-02-04,LOCAL COMMERCIAL RICE,Well milled (White tag),kg,40.00,Price-Monitoring-February-4-2020.pdf
2020-02-04,LOCAL COMMERCIAL RICE,Regular milled (White tag),kg,32.00,Price-Monitoring-February-4-2020.pdf
2020-02-05,NFA RICE,NFA (Well milled),kg,27.00,Price-Monitoring-February-5-2020.pdf
2020-02-05,IMPORTED COMMERCIAL RICE,Special (Blue tag),kg,52.00,Price-Monitoring-February-5-2020.pdf
2020-02-05,IMPORTED COMMERCIAL RICE,Premium (Yellow tag),kg,47.00,Price-Monitoring-February-5-2020.pdf
2020-02-05,IMPORTED COMMERCIAL RICE,Well milled (White tag),kg,40.00,Price-Monitoring-February-5-2020.pdf
2020-02-05,IMPORTED COMMERCIAL RICE,Regular milled (White tag),kg,29.00,Price-Monitoring-February-5-2020.pdf
2020-02-05,LOCAL COMMERCIAL RICE,Special (Blue tag),kg,50.00,Price-Monitoring-February-5-2020.pdf
2020-02-05,LOCAL COMMERCIAL RICE,Premium (Yellow tag),kg,45.00,Price-Monitoring-February-5-2020.pdf
2020-02-05,LOCAL COMMERCIAL RICE,Well milled (White tag),kg,40.00,Price-Monitoring-February-5-2020.pdf
2020-02-05,LOCAL COMMERCIAL RICE,Regular milled (White tag),kg,36.00,Price-Monitoring-February-5-2020.pdf
2020-02-06,NFA RICE,NFA (Well milled),kg,27.00,Price-Monitoring-February-6-2020.pdf
2020-02-06,IMPORTED COMMERCIAL RICE,Special (Blue tag),kg,52.00,Price-Monitoring-February-6-2020.pdf
2020-02-06,IMPORTED COMMERCIAL RICE,Premium (Yellow tag),kg,46.00,Price-Monitoring-February-6-2020.pdf
2020-02-06,IMPORTED COMMERCIAL RICE,Well milled (White tag),kg,44.00,Price-Monitoring-February-6-2020.pdf
2020-02-06,IMPORTED COMMERCIAL RICE,Regular milled (White tag),kg,29.00,Price-Monitoring-February-6-2020.pdf
2020-02-06,LOCAL COMMERCIAL RICE,Special (Blue tag),kg,50.00,Price-Monitoring-February-6-2020.pdf
2020-02-06,LOCAL COMMERCIAL RICE,Premium (Yellow tag),kg,45.00,Price-Monitoring-February-6-2020.pdf
2020-02-06,LOCAL COMMERCIAL RICE,Well milled (White tag),kg,40.00,Price-Monitoring-February-6-2020.pdf
2020-02-06,LOCAL COMMERCIAL RICE,Regular milled (White tag),kg,32.00,Price-Monitoring-February-6-2020.pdf
2020-02-07,NFA RICE,NFA (Well milled),kg,27.00,Price-Monitoring-February-7-2020.pdf
2020-02-07,IMPORTED COMMERCIAL RICE,Special (Blue tag),kg,52.00,Price-Monitoring-February-7-2020.pdf
2020-02-07,IMPORTED COMMERCIAL RICE,Premium (Yellow tag),kg,46.00,Price-Monitoring-February-7-2020.pdf
2020-02-07,IMPORTED COMMERCIAL RICE,Well milled (White tag),kg,40.00,Price-Monitoring-February-7-2020.pdf
2020-02-07,IMPORTED COMMERCIAL RICE,Regular milled (White tag),kg,29.00,Price-Monitoring-February-7-2020.pdf
2020-02-07,LOCAL COMMERCIAL RICE,Special (Blue tag),kg,54.00,Price-Monitoring-February-7-2020.pdf
2020-02-07,LOCAL COMMERCIAL RICE,Premium (Yellow tag),kg,46.00,Price-Monitoring-February-7-2020.pdf
2020-02-07,LOCAL COMMERCIAL RICE,Well milled (White tag),kg,40.00,Price-Monitoring-February-7-2020.pdf
2020-02-07,LOCAL COMMERCIAL RICE,Regular milled (White tag),kg,32.00,Price-Monitoring-February-7-2020.pdf
2020-02-08,NFA RICE,NFA (Well milled),kg,27.00,Price-Monitoring-February-8-2020.pdf
2020-02-08,IMPORTED COMMERCIAL RICE,Special (Blue tag),kg,52.00,Price-Monitoring-February-8-2020.pdf
2020-02-08,IMPORTED COMMERCIAL RICE,Premium (Yellow tag),kg,46.00,Price-Monitoring-February-8-2020.pdf
2020-02-08,IMPORTED COMMERCIAL RICE,Well milled (White tag),kg,40.00,Price-Monitoring-February-8-2020.pdf
2020-02-08,IMPORTED COMMERCIAL RICE,Regular milled (White tag),kg,29.00,Price-Monitoring-February-8-2020.pdf
2020-02-08,LOCAL COMMERCIAL RICE,Special (Blue tag),kg,54.00,Price-Monitoring-February-8-2020.pdf
2020-02-08,LOCAL COMMERCIAL RICE,Premium (Yellow tag),kg,46.00,Price-Monitoring-February-8-2020.pdf
2020-02-08,LOCAL COMMERCIAL RICE,Well milled (White tag),kg,40.00,Price-Monitoring-February-8-2020.pdf
2020-02-08,LOCAL COMMERCIAL RICE,Regular milled (White tag),kg,36.00,Price-Monitoring-February-8-2020.pdf
2020-02-10,NFA RICE,NFA (Well milled),kg,27.00,Price-Monitoring-February-10-2020.pdf
2020-02-10,IMPORTED COMMERCIAL RICE,Special (Blue tag),kg,52.00,Price-Monitoring-February-10-2020.pdf
2020-02-10,IMPORTED COMMERCIAL RICE,Premium (Yellow tag),kg,46.00,Price-Monitoring-February-10-2020.pdf
2020-02-10,IMPORTED COMMERCIAL RICE,Well milled (White tag),kg,44.00,Price-Monitoring-February-10-2020.pdf
2020-02-10,IMPORTED COMMERCIAL RICE,Regular milled (White tag),kg,29.00,Price-Monitoring-February-10-2020.pdf
2020-02-10,LOCAL COMMERCIAL RICE,Special (Blue tag),kg,50.00,Price-Monitoring-February-10-2020.pdf
2020-02-10,LOCAL COMMERCIAL RICE,Premium (Yellow tag),kg,45.00,Price-Monitoring-February-10-2020.pdf
2020-02-10,LOCAL COMMERCIAL RICE,Well milled (White tag),kg,40.00,Price-Monitoring-February-10-2020.pdf
2020-02-10,LOCAL COMMERCIAL RICE,Regular milled (White tag),kg,32.00,Price-Monitoring-February-10-2020.pdf
2020-02-11,NFA RICE,NFA (Well milled),kg,27.00,Price-Monitoring-February-11-2020.pdf
2020-02-11,IMPORTED COMMERCIAL RICE,Special (Blue tag),kg,52.00,Price-Monitoring-February-11-2020.pdf
2020-02-11,IMPORTED COMMERCIAL RICE,Premium (Yellow tag),kg,46.00,Price-Monitoring-February-11-2020.pdf
2020-02-11,IMPORTED COMMERCIAL RICE,Well milled (White tag),kg,44.00,Price-Monitoring-February-11-2020.pdf
2020-02-11,IMPORTED COMMERCIAL RICE,Regular milled (White tag),kg,29.00,Price-Monitoring-February-11-2020.pdf
2020-02-11,LOCAL COMMERCIAL RICE,Special (Blue tag),kg,50.00,Price-Monitoring-February-11-2020.pdf
2020-02-11,LOCAL COMMERCIAL RICE,Premium (Yellow tag),kg,45.00,Price-Monitoring-February-11-2020.pdf
2020-02-11,LOCAL COMMERCIAL RICE,Well milled (White tag),kg,40.00,Price-Monitoring-February-11-2020.pdf
2020-02-11,LOCAL COMMERCIAL RICE,Regular milled (White tag),kg,32.00,Price-Monitoring-February-11-2020.pdf
2020-02-12,NFA RICE,NFA (Well milled),kg,27.00,Price-Monitoring-February-12-2020.pdf
2020-02-12,IMPORTED COMMERCIAL RICE,Special (Blue tag),kg,52.00,Price-Monitoring-February-12-2020.pdf
2020-02-12,IMPORTED COMMERCIAL RICE,Premium (Yellow tag),kg,46.00,Price-Monitoring-February-12-2020.pdf
2020-02-12,IMPORTED COMMERCIAL RICE,Well milled (White tag),kg,44.00,Price-Monitoring-February-12-2020.pdf
2020-02-12,IMPORTED COMMERCIAL RICE,Regular milled (White tag),kg,29.00,Price-Monitoring-February-12-2020.pdf
2020-02-12,LOCAL COMMERCIAL RICE,Special (Blue tag),kg,50.00,Price-Monitoring-February-12-2020.pdf
2020-02-12,LOCAL COMMERCIAL RICE,Premium (Yellow tag),kg,45.00,Price-Monitoring-February-12-2020.pdf
2020-02-12,LOCAL COMMERCIAL RICE,Well milled (White tag),kg,40.00,Price-Monitoring-February-12-2020.pdf
2020-02-12,LOCAL COMMERCIAL RICE,Regular milled (White tag),kg,32.00,Price-Monitoring-February-12-2020.pdf
2020-02-13,NFA RICE,NFA (Well milled),kg,27.00,Price-Monitoring-February-13-2020.pdf
2020-02-13,IMPORTED COMMERCIAL RICE,Special (Blue tag),kg,52.00,Price-Monitoring-February-13-2020.pdf
2020-02-13,IMPORTED COMMERCIAL RICE,Premium (Yellow tag),kg,46.00,Price-Monitoring-February-13-2020.pdf
2020-02-13,IMPORTED COMMERCIAL RICE,Well milled (White tag),kg,40.00,Price-Monitoring-February-13-2020.pdf
2020-02-13,IMPORTED COMMERCIAL RICE,Regular milled (White tag),kg,29.00,Price-Monitoring-February-13-2020.pdf
2020-02-13,LOCAL COMMERCIAL RICE,Special (Blue tag),kg,54.00,Price-Monitoring-February-13-2020.pdf
2020-02-13,LOCAL COMMERCIAL RICE,Premium (Yellow tag),kg,46.00,Price-Monitoring-February-13-2020.pdf
2020-02-13,LOCAL COMMERCIAL RICE,Well milled (White tag),kg,40.00,Price-Monitoring-February-13-2020.pdf
2020-02-13,LOCAL COMMERCIAL RICE,Regular milled (White tag),kg,32.00,Price-Monitoring-February-13-2020.pdf
2020-02-14,NFA RICE,NFA (Well milled),kg,27.00,Price-Monitoring-February-14-2020.pdf
2020-02-14,IMPORTED COMMERCIAL RICE,Special (Blue tag),kg,52.00,Price-Monitoring-February-14-2020.pdf
2020-02-14,IMPORTED COMMERCIAL RICE,Premium (Yellow tag),kg,46.00,Price-Monitoring-February-14-2020.pdf
2020-02-14,IMPORTED COMMERCIAL RICE,Well milled (White tag),kg,40.00,Price-Monitoring-February-14-2020.pdf
2020-02-14,IMPORTED COMMERCIAL RICE,Regular milled (White tag),kg,29.00,Price-Monitoring-February-14-2020.pdf
2020-02-14,LOCAL COMMERCIAL RICE,Special (Blue tag),kg,50.00,Price-Monitoring-February-14-2020.pdf
2020-02-14,LOCAL COMMERCIAL RICE,Premium (Yellow tag),kg,46.00,Price-Monitoring-February-14-2020.pdf
2020-02-14,LOCAL COMMERCIAL RICE,Well milled (White tag),kg,40.00,Price-Monitoring-February-14-2020.pdf
2020-02-14,LOCAL COMMERCIAL RICE,Regular milled (White tag),kg,32.00,Price-Monitoring-February-14-2020.pdf
2020-02-15,NFA RICE,NFA (Well milled),kg,27.00,Price-Monitoring-February-15-2020.pdf
2020-02-15,IMPORTED COMMERCIAL RICE,Special (Blue tag),kg,52.00,Price-Monitoring-February-15-2020.pdf
2020-02-15,IMPORTED COMMERCIAL RICE,Premium (Yellow tag),kg,47.00,Price-Monitoring-February-15-2020.pdf
2020-02-15,IMPORTED COMMERCIAL RICE,Well milled (White tag),kg,40.00,Price-Monitoring-February-15-2020.pdf
2020-02-15,IMPORTED COMMERCIAL RICE,Regular milled (White tag),kg,29.00,Price-Monitoring-February-15-2020.pdf
2020-02-15,LOCAL COMMERCIAL RICE,Special (Blue tag),kg,54.00,Price-Monitoring-February-15-2020.pdf
2020-02-15,LOCAL COMMERCIAL RICE,Premium (Yellow tag),kg,46.00,Price-Monitoring-February-15-2020.pdf
2020-02-15,LOCAL COMMERCIAL RICE,Well milled (White tag),kg,40.00,Price-Monitoring-February-15-2020.pdf
2020-02-15,LOCAL COMMERCIAL RICE,Regular milled (White tag),kg,32.00,Price-Monitoring-February-15-2020.pdf
2020-02-17,NFA RICE,NFA (Well milled),kg,27.00,Price-Monitoring-February-17-2020.pdf
2020-02-17,IMPORTED COMMERCIAL RICE,Special (Blue tag),kg,48.00,Price-Monitoring-February-17-2020.pdf
2020-02-17,IMPORTED COMMERCIAL RICE,Premium (Yellow tag),kg,52.00,Price-Monitoring-February-17-2020.pdf
2020-02-17,IMPORTED COMMERCIAL RICE,Well milled (White tag),kg,40.00,Price-Monitoring-February-17-2020.pdf
2020-02-17,IMPORTED COMMERCIAL RICE,Regular milled (White tag),kg,29.00,Price-Monitoring-February-17-2020.pdf
2020-02-17,LOCAL COMMERCIAL RICE,Special (Blue tag),kg,50.00,Price-Monitoring-February-17-2020.pdf
2020-02-17,LOCAL COMMERCIAL RICE,Premium (Yellow tag),kg,46.00,Price-Monitoring-February-17-2020.pdf
2020-02-17,LOCAL COMMERCIAL RICE,Well milled (White tag),kg,40.00,Price-Monitoring-February-17-2020.pdf
2020-02-17,LOCAL COMMERCIAL RICE,Regular milled (White tag),kg,32.00,Price-Monitoring-February-17-2020.pdf
2020-02-18,NFA RICE,NFA (Well milled),kg,27.00,Price-Monitoring-February-18-2020.pdf
2020-02-18,IMPORTED COMMERCIAL RICE,Special (Blue tag),kg,52.00,Price-Monitoring-February-18-2020.pdf
2020-02-18,IMPORTED COMMERCIAL RICE,Premium (Yellow tag),kg,46.00,Price-Monitoring-February-18-2020.pdf
2020-02-18,IMPORTED COMMERCIAL RICE,Well milled (White tag),kg,40.00,Price-Monitoring-February-18-2020.pdf
2020-02-18,IMPORTED COMMERCIAL RICE,Regular milled (White tag),kg,29.00,Price-Monitoring-February-18-2020.pdf
2020-02-18,LOCAL COMMERCIAL RICE,Special (Blue tag),kg,50.00,Price-Monitoring-February-18-2020.pdf
2020-02-18,LOCAL COMMERCIAL RICE,Premium (Yellow tag),kg,46.00,Price-Monitoring-February-18-2020.pdf
2020-02-18,LOCAL COMMERCIAL RICE,Well milled (White tag),kg,40.00,Price-Monitoring-February-18-2020.pdf
2020-02-18,LOCAL COMMERCIAL RICE,Regular milled (White tag),kg,32.00,Price-Monitoring-February-18-2020.pdf
2020-02-19,NFA RICE,NFA (Well milled),kg,27.00,Price-Monitoring-February-19-2020.pdf
2020-02-19,IMPORTED COMMERCIAL RICE,Special (Blue tag),kg,52.00,Price-Monitoring-February-19-2020.pdf
2020-02-19,IMPORTED COMMERCIAL RICE,Premium (Yellow tag),kg,46.00,Price-Monitoring-February-19-2020.pdf
2020-02-19,IMPORTED COMMERCIAL RICE,Well milled (White tag),kg,40.00,Price-Monitoring-February-19-2020.pdf
2020-02-19,IMPORTED COMMERCIAL RICE,Regular milled (White tag),kg,40.00,Price-Monitoring-February-19-2020.pdf
2020-02-19,LOCAL COMMERCIAL RICE,Special (Blue tag),kg,50.00,Price-Monitoring-February-19-2020.pdf
2020-02-19,LOCAL COMMERCIAL RICE,Premium (Yellow tag),kg,46.00,Price-Monitoring-February-19-2020.pdf
2020-02-19,LOCAL COMMERCIAL RICE,Well milled (White tag),kg,40.00,Price-Monitoring-February-19-2020.pdf
2020-02-19,LOCAL COMMERCIAL RICE,Regular milled (White tag),kg,32.00,Price-Monitoring-February-19-2020.pdf
2020-02-20,NFA RICE,NFA (Well milled),kg,27.00,Price-Monitoring-February-20-2020.pdf
2020-02-20,IMPORTED COMMERCIAL RICE,Special (Blue tag),kg,60.00,Price-Monitoring-February-20-2020.pdf
2020-02-20,IMPORTED COMMERCIAL RICE,Premium (Yellow tag),kg,46.00,Price-Monitoring-February-20-2020.pdf
2020-02-20,IMPORTED COMMERCIAL RICE,Well milled (White tag),kg,32.00,Price-Monitoring-February-20-2020.pdf
2020-02-20,IMPORTED COMMERCIAL RICE,Regular milled (White tag),kg,40.00,Price-Monitoring-February-20-2020.pdf
2020-02-20,LOCAL COMMERCIAL RICE,Special (Blue tag),kg,54.00,Price-Monitoring-February-20-2020.pdf
2020-02-20,LOCAL COMMERCIAL RICE,Premium (Yellow tag),kg,45.00,Price-Monitoring-February-20-2020.pdf
2020-02-20,LOCAL COMMERCIAL RICE,Well milled (White tag),kg,40.00,Price-Monitoring-February-20-2020.pdf
2020-02-20,LOCAL COMMERCIAL RICE,Regular milled (White tag),kg,32.00,Price-Monitoring-February-20-2020.pdf
2020-02-21,NFA RICE,NFA (Well milled),kg,27.00,Price-Monitoring-February-21-2020.pdf
2020-02-21,IMPORTED COMMERCIAL RICE,Special (Blue tag),kg,52.00,Price-Monitoring-February-21-2020.pdf
2020-02-21,IMPORTED COMMERCIAL RICE,Premium (Yellow tag),kg,44.00,Price-Monitoring-February-21-2020.pdf
2020-02-21,IMPORTED COMMERCIAL RICE,Well milled (White tag),kg,40.00,Price-Monitoring-February-21-2020.pdf
2020-02-21,IMPORTED COMMERCIAL RICE,Regular milled (White tag),kg,29.00,Price-Monitoring-February-21-2020.pdf
2020-02-21,LOCAL COMMERCIAL RICE,Special (Blue tag),kg,54.00,Price-Monitoring-February-21-2020.pdf
2020-02-21,LOCAL COMMERCIAL RICE,Premium (Yellow tag),kg,45.00,Price-Monitoring-February-21-2020.pdf
2020-02-21,LOCAL COMMERCIAL RICE,Well milled (White tag),kg,40.00,Price-Monitoring-February-21-2020.pdf
2020-02-21,LOCAL COMMERCIAL RICE,Regular milled (White tag),kg,32.00,Price-Monitoring-February-21-2020.pdf
2020-02-25,NFA RICE,NFA (Well milled),kg,27.00,Price-Monitoring-February-25-2020.pdf
2020-02-25,IMPORTED COMMERCIAL RICE,Special (Blue tag),kg,50.00,Price-Monitoring-February-25-2020.pdf
2020-02-25,IMPORTED COMMERCIAL RICE,Premium (Yellow tag),kg,44.00,Price-Monitoring-February-25-2020.pdf
2020-02-25,IMPORTED COMMERCIAL RICE,Well milled (White tag),kg,32.00,Price-Monitoring-February-25-2020.pdf
2020-02-25,IMPORTED COMMERCIAL RICE,Regular milled (White tag),kg,40.00,Price-Monitoring-February-25-2020.pdf
2020-02-25,LOCAL COMMERCIAL RICE,Special (Blue tag),kg,54.00,Price-Monitoring-February-25-2020.pdf
2020-02-25,LOCAL COMMERCIAL RICE,Premium (Yellow tag),kg,45.00,Price-Monitoring-February-25-2020.pdf
2020-02-25,LOCAL COMMERCIAL RICE,Well milled (White tag),kg,40.00,Price-Monitoring-February-25-2020.pdf
2020-02-25,LOCAL COMMERCIAL RICE,Regular milled (White tag),kg,32.00,Price-Monitoring-February-25-2020.pdf
2020-02-26,NFA RICE,NFA (Well milled),kg,27.00,Price-Monitoring-February-26-2020.pdf
2020-02-26,IMPORTED COMMERCIAL RICE,Special (Blue tag),kg,50.00,Price-Monitoring-February-26-2020.pdf
2020-02-26,IMPORTED COMMERCIAL RICE,Premium (Yellow tag),kg,44.00,Price-Monitoring-February-26-2020.pdf
2020-02-26,IMPORTED COMMERCIAL RICE,Well milled (White tag),kg,32.00,Price-Monitoring-February-26-2020.pdf
2020-02-26,IMPORTED COMMERCIAL RICE,Regular milled (White tag),kg,40.00,Price-Monitoring-February-26-2020.pdf
2020-02-26,LOCAL COMMERCIAL RICE,Special (Blue tag),kg,48.00,Price-Monitoring-February-26-2020.pdf
2020-02-26,LOCAL COMMERCIAL RICE,Premium (Yellow tag),kg,45.00,Price-Monitoring-February-26-2020.pdf
2020-02-26,LOCAL COMMERCIAL RICE,Well milled (White tag),kg,40.00,Price-Monitoring-February-26-2020.pdf
2020-02-26,LOCAL COMMERCIAL RICE,Regular milled (White tag),kg,32.00,Price-Monitoring-February-26-2020.pdf
2020-02-27,NFA RICE,NFA (Well milled),kg,27.00,Price-Monitoring-February-27-2020.pdf
2020-02-27,IMPORTED COMMERCIAL RICE,Special (Blue tag),kg,52.00,Price-Monitoring-February-27-2020.pdf
2020-02-27,IMPORTED COMMERCIAL RICE,Premium (Yellow tag),kg,47.00,Price-Monitoring-February-27-2020.pdf
2020-02-27,IMPORTED COMMERCIAL RICE,Well milled (White tag),kg,44.00,Price-Monitoring-February-27-2020.pdf
2020-02-27,IMPORTED COMMERCIAL RICE,Regular milled (White tag),kg,40.00,Price-Monitoring-February-27-2020.pdf
2020-02-27,LOCAL COMMERCIAL RICE,Special (Blue tag),kg,54.00,Price-Monitoring-February-27-2020.pdf
2020-02-27,LOCAL COMMERCIAL RICE,Premium (Yellow tag),kg,45.00,Price-Monitoring-February-27-2020.pdf
2020-02-27,LOCAL COMMERCIAL RICE,Well milled (White tag),kg,40.00,Price-Monitoring-February-27-2020.pdf
2020-02-27,LOCAL COMMERCIAL RICE,Regular milled (White tag),kg,32.00,Price-Monitoring-February-27-2020.pdf
2020-02-28,NFA RICE,NFA (Well milled),kg,27.00,Price-Monitoring-February-28-2020.pdf
2020-02-28,IMPORTED COMMERCIAL RICE,Special (Blue tag),kg,52.00,Price-Monitoring-February-28-2020.pdf
2020-02-28,IMPORTED COMMERCIAL RICE,Premium (Yellow tag),kg,46.00,Price-Monitoring-February-28-2020.pdf
2020-02-28,IMPORTED COMMERCIAL RICE,Well milled (White tag),kg,44.00,Price-Monitoring-February-28-2020.pdf
2020-02-28,IMPORTED COMMERCIAL RICE,Regular milled (White tag),kg,40.00,Price-Monitoring-February-28-2020.pdf
2020-02-28,LOCAL COMMERCIAL RICE,Special (Blue tag),kg,56.00,Price-Monitoring-February-28-2020.pdf
2020-02-28,LOCAL COMMERCIAL RICE,Premium (Yellow tag),kg,45.00,Price-Monitoring-February-28-2020.pdf
2020-02-28,LOCAL COMMERCIAL RICE,Well milled (White tag),kg,40.00,Price-Monitoring-February-28-2020.pdf
2020-02-28,LOCAL COMMERCIAL RICE,Regular milled (White tag),kg,32.00,Price-Monitoring-February-28-2020.pdf
2020-02-29,NFA RICE,NFA (Well milled),kg,27.00,Price-Monitoring-February-29-2020.pdf
2020-02-29,IMPORTED COMMERCIAL RICE,Special (Blue tag),kg,52.00,Price-Monitoring-February-29-2020.pdf
2020-02-29,IMPORTED COMMERCIAL RICE,Premium (Yellow tag),kg,46.00,Price-Monitoring-February-29-2020.pdf
2020-02-29,IMPORTED COMMERCIAL RICE,Well milled (White tag),kg,44.00,Price-Monitoring-February-29-2020.pdf
2020-02-29,IMPORTED COMMERCIAL RICE,Regular milled (White tag),kg,40.00,Price-Monitoring-February-29-2020.pdf
2020-02-29,LOCAL COMMERCIAL RICE,Special (Blue tag),kg,54.00,Price-Monitoring-February-29-2020.pdf
2020-02-29,LOCAL COMMERCIAL RICE,Premium (Yellow tag),kg,45.00,Price-Monitoring-February-29-2020.pdf
2020-02-29,LOCAL COMMERCIAL RICE,Well milled (White tag),kg,40.00,Price-Monitoring-February-29-2020.pdf
2020-02-29,LOCAL COMMERCIAL RICE,Regular milled (White tag),kg,32.00,Price-Monitoring-February-29-2020.pdf
2020-03-02,NFA RICE,NFA (Well milled),kg,27.00,Price-Monitoring-March-2-2020.pdf
2020-03-02,IMPORTED COMMERCIAL RICE,Special (Blue tag),kg,50.00,Price-Monitoring-March-2-2020.pdf
2020-03-02,IMPORTED COMMERCIAL RICE,Premium (Yellow tag),kg,40.00,Price-Monitoring-March-2-2020.pdf
2020-03-02,IMPORTED COMMERCIAL RICE,Well milled (White tag),kg,32.00,Price-Monitoring-March-2-2020.pdf
2020-03-02,IMPORTED COMMERCIAL RICE,Regular milled (White tag),kg,29.00,Price-Monitoring-March-2-2020.pdf
2020-03-02,LOCAL COMMERCIAL RICE,Special (Blue tag),kg,55.00,Price-Monitoring-March-2-2020.pdf
2020-03-02,LOCAL COMMERCIAL RICE,Premium (Yellow tag),kg,45.00,Price-Monitoring-March-2-2020.pdf
2020-03-02,LOCAL COMMERCIAL RICE,Well milled (White tag),kg,40.00,Price-Monitoring-March-2-2020.pdf
2020-03-02,LOCAL COMMERCIAL RICE,Regular milled (White tag),kg,32.00,Price-Monitoring-March-2-2020.pdf
2020-03-03,NFA RICE,NFA (Well milled),kg,27.00,Price-Monitoring-March-3-2020.pdf
2020-03-03,IMPORTED COMMERCIAL RICE,Special (Blue tag),kg,52.00,Price-Monitoring-March-3-2020.pdf
2020-03-03,IMPORTED COMMERCIAL RICE,Premium (Yellow tag),kg,40.00,Price-Monitoring-March-3-2020.pdf
2020-03-03,IMPORTED COMMERCIAL RICE,Well milled (White tag),kg,44.00,Price-Monitoring-March-3-2020.pdf
2020-03-03,IMPORTED COMMERCIAL RICE,Regular milled (White tag),kg,29.00,Price-Monitoring-March-3-2020.pdf
2020-03-03,LOCAL COMMERCIAL RICE,Special (Blue tag),kg,54.00,Price-Monitoring-March-3-2020.pdf
2020-03-03,LOCAL COMMERCIAL RICE,Premium (Yellow tag),kg,45.00,Price-Monitoring-March-3-2020.pdf
2020-03-03,LOCAL COMMERCIAL RICE,Well milled (White tag),kg,40.00,Price-Monitoring-March-3-2020.pdf
2020-03-03,LOCAL COMMERCIAL RICE,Regular milled (White tag),kg,35.00,Price-Monitoring-March-3-2020.pdf
2020-03-04,NFA RICE,NFA (Well milled),kg,27.00,Price-Monitoring-March-4-2020.pdf
2020-03-04,IMPORTED COMMERCIAL RICE,Special (Blue tag),kg,52.00,Price-Monitoring-March-4-2020.pdf
2020-03-04,IMPORTED COMMERCIAL RICE,Premium (Yellow tag),kg,40.00,Price-Monitoring-March-4-2020.pdf
2020-03-04,IMPORTED COMMERCIAL RICE,Well milled (White tag),kg,44.00,Price-Monitoring-March-4-2020.pdf
2020-03-04,IMPORTED COMMERCIAL RICE,Regular milled (White tag),kg,29.00,Price-Monitoring-March-4-2020.pdf
2020-03-04,LOCAL COMMERCIAL RICE,Special (Blue tag),kg,54.00,Price-Monitoring-March-4-2020.pdf
2020-03-04,LOCAL COMMERCIAL RICE,Premium (Yellow tag),kg,45.00,Price-Monitoring-March-4-2020.pdf
2020-03-04,LOCAL COMMERCIAL RICE,Well milled (White tag),kg,40.00,Price-Monitoring-March-4-2020.pdf
2020-03-04,LOCAL COMMERCIAL RICE,Regular milled (White tag),kg,35.00,Price-Monitoring-March-4-2020.pdf
2020-03-05,NFA RICE,NFA (Well milled),kg,27.00,Price-Monitoring-March-5-2020.pdf
2020-03-05,IMPORTED COMMERCIAL RICE,Special (Blue tag),kg,52.00,Price-Monitoring-March-5-2020.pdf
2020-03-05,IMPORTED COMMERCIAL RICE,Premium (Yellow tag),kg,40.00,Price-Monitoring-March-5-2020.pdf
2020-03-05,IMPORTED COMMERCIAL RICE,Well milled (White tag),kg,44.00,Price-Monitoring-March-5-2020.pdf
2020-03-05,IMPORTED COMMERCIAL RICE,Regular milled (White tag),kg,29.00,Price-Monitoring-March-5-2020.pdf
2020-03-05,LOCAL COMMERCIAL RICE,Special (Blue tag),kg,54.00,Price-Monitoring-March-5-2020.pdf
2020-03-05,LOCAL COMMERCIAL RICE,Premium (Yellow tag),kg,45.00,Price-Monitoring-March-5-2020.pdf
2020-03-05,LOCAL COMMERCIAL RICE,Well milled (White tag),kg,40.00,Price-Monitoring-March-5-2020.pdf
2020-03-05,LOCAL COMMERCIAL RICE,Regular milled (White tag),kg,35.00,Price-Monitoring-March-5-2020.pdf
2020-03-06,NFA RICE,NFA (Well milled),kg,27.00,Price-Monitoring-March-6-2020.pdf
2020-03-06,IMPORTED COMMERCIAL RICE,Special (Blue tag),kg,52.00,Price-Monitoring-March-6-2020.pdf
2020-03-06,IMPORTED COMMERCIAL RICE,Premium (Yellow tag),kg,40.00,Price-Monitoring-March-6-2020.pdf
2020-03-06,IMPORTED COMMERCIAL RICE,Well milled (White tag),kg,44.00,Price-Monitoring-March-6-2020.pdf
2020-03-06,IMPORTED COMMERCIAL RICE,Regular milled (White tag),kg,29.00,Price-Monitoring-March-6-2020.pdf
2020-03-06,LOCAL COMMERCIAL RICE,Special (Blue tag),kg,54.00,Price-Monitoring-March-6-2020.pdf
2020-03-06,LOCAL COMMERCIAL RICE,Premium (Yellow tag),kg,45.00,Price-Monitoring-March-6-2020.pdf
2020-03-06,LOCAL COMMERCIAL RICE,Well milled (White tag),kg,40.00,Price-Monitoring-March-6-2020.pdf
2020-03-06,LOCAL COMMERCIAL RICE,Regular milled (White tag),kg,35.00,Price-Monitoring-March-6-2020.pdf
2020-03-07,NFA RICE,NFA (Well milled),kg,27.00,Price-Monitoring-March-7-2020.pdf
2020-03-07,IMPORTED COMMERCIAL RICE,Special (Blue tag),kg,52.00,Price-Monitoring-March-7-2020.pdf
2020-03-07,IMPORTED COMMERCIAL RICE,Premium (Yellow tag),kg,40.00,Price-Monitoring-March-7-2020.pdf
2020-03-07,IMPORTED COMMERCIAL RICE,Well milled (White tag),kg,44.00,Price-Monitoring-March-7-2020.pdf
2020-03-07,IMPORTED COMMERCIAL RICE,Regular milled (White tag),kg,29.00,Price-Monitoring-March-7-2020.pdf
2020-03-07,LOCAL COMMERCIAL RICE,Special (Blue tag),kg,54.00,Price-Monitoring-March-7-2020.pdf
2020-03-07,LOCAL COMMERCIAL RICE,Premium (Yellow tag),kg,45.00,Price-Monitoring-March-7-2020.pdf
2020-03-07,LOCAL COMMERCIAL RICE,Well milled (White tag),kg,40.00,Price-Monitoring-March-7-2020.pdf
2020-03-07,LOCAL COMMERCIAL RICE,Regular milled (White tag),kg,35.00,Price-Monitoring-March-7-2020.pdf
2020-03-09,NFA RICE,NFA (Well milled),kg,27.00,Price-Monitoring-March-9-2020.pdf
2020-03-09,IMPORTED COMMERCIAL RICE,Special (Blue tag),kg,52.00,Price-Monitoring-March-9-2020.pdf
2020-03-09,IMPORTED COMMERCIAL RICE,Premium (Yellow tag),kg,46.00,Price-Monitoring-March-9-2020.pdf
2020-03-09,IMPORTED COMMERCIAL RICE,Well milled (White tag),kg,44.00,Price-Monitoring-March-9-2020.pdf
2020-03-09,IMPORTED COMMERCIAL RICE,Regular milled (White tag),kg,40.00,Price-Monitoring-March-9-2020.pdf
2020-03-09,LOCAL COMMERCIAL RICE,Special (Blue tag),kg,54.00,Price-Monitoring-March-9-2020.pdf
2020-03-09,LOCAL COMMERCIAL RICE,Premium (Yellow tag),kg,46.00,Price-Monitoring-March-9-2020.pdf
2020-03-09,LOCAL COMMERCIAL RICE,Well milled (White tag),kg,40.00,Price-Monitoring-March-9-2020.pdf
2020-03-09,LOCAL COMMERCIAL RICE,Regular milled (White tag),kg,35.00,Price-Monitoring-March-9-2020.pdf
2020-03-10,NFA RICE,NFA (Well milled),kg,27.00,Price-Monitoring-March-10-2020.pdf
2020-03-10,IMPORTED COMMERCIAL RICE,Special (Blue tag),kg,52.00,Price-Monitoring-March-10-2020.pdf
2020-03-10,IMPORTED COMMERCIAL RICE,Premium (Yellow tag),kg,40.00,Price-Monitoring-March-10-2020.pdf
2020-03-10,IMPORTED COMMERCIAL RICE,Well milled (White tag),kg,44.00,Price-Monitoring-March-10-2020.pdf
2020-03-10,IMPORTED COMMERCIAL RICE,Regular milled (White tag),kg,36.00,Price-Monitoring-March-10-2020.pdf
2020-03-10,LOCAL COMMERCIAL RICE,Special (Blue tag),kg,54.00,Price-Monitoring-March-10-2020.pdf
2020-03-10,LOCAL COMMERCIAL RICE,Premium (Yellow tag),kg,46.00,Price-Monitoring-March-10-2020.pdf
2020-03-10,LOCAL COMMERCIAL RICE,Well milled (White tag),kg,40.00,Price-Monitoring-March-10-2020.pdf
2020-03-10,LOCAL COMMERCIAL RICE,Regular milled (White tag),kg,35.00,Price-Monitoring-March-10-2020.pdf
2020-03-11,NFA RICE,NFA (Well milled),kg,27.00,Price-Monitoring-March-11-2020.pdf
2020-03-11,IMPORTED COMMERCIAL RICE,Special (Blue tag),kg,52.00,Price-Monitoring-March-11-2020.pdf
2020-03-11,IMPORTED COMMERCIAL RICE,Premium (Yellow tag),kg,40.00,Price-Monitoring-March-11-2020.pdf
2020-03-11,IMPORTED COMMERCIAL RICE,Well milled (White tag),kg,44.00,Price-Monitoring-March-11-2020.pdf
2020-03-11,IMPORTED COMMERCIAL RICE,Regular milled (White tag),kg,36.00,Price-Monitoring-March-11-2020.pdf
2020-03-11,LOCAL COMMERCIAL RICE,Special (Blue tag),kg,54.00,Price-Monitoring-March-11-2020.pdf
2020-03-11,LOCAL COMMERCIAL RICE,Premium (Yellow tag),kg,46.00,Price-Monitoring-March-11-2020.pdf
2020-03-11,LOCAL COMMERCIAL RICE,Well milled (White tag),kg,40.00,Price-Monitoring-March-11-2020.pdf
2020-03-11,LOCAL COMMERCIAL RICE,Regular milled (White tag),kg,35.00,Price-Monitoring-March-11-2020.pdf
2020-03-12,NFA RICE,NFA (Well milled),kg,27.00,Price-Monitoring-March-12-2020.pdf
2020-03-12,IMPORTED COMMERCIAL RICE,Special (Blue tag),kg,50.00,Price-Monitoring-March-12-2020.pdf
2020-03-12,IMPORTED COMMERCIAL RICE,Premium (Yellow tag),kg,40.00,Price-Monitoring-March-12-2020.pdf
2020-03-12,IMPORTED COMMERCIAL RICE,Well milled (White tag),kg,32.00,Price-Monitoring-March-12-2020.pdf
2020-03-12,IMPORTED COMMERCIAL RICE,Regular milled (White tag),kg,36.00,Price-Monitoring-March-12-2020.pdf
2020-03-12,LOCAL COMMERCIAL RICE,Special (Blue tag),kg,54.00,Price-Monitoring-March-12-2020.pdf
2020-03-12,LOCAL COMMERCIAL RICE,Premium (Yellow tag),kg,45.00,Price-Monitoring-March-12-2020.pdf
2020-03-12,LOCAL COMMERCIAL RICE,Well milled (White tag),kg,40.00,Price-Monitoring-March-12-2020.pdf
2020-03-12,LOCAL COMMERCIAL RICE,Regular milled (White tag),kg,35.00,Price-Monitoring-March-12-2020.pdf
2020-03-14,NFA RICE,NFA (Well milled),kg,27.00,Price-Monitoring-March-14-2020.pdf
2020-03-14,IMPORTED COMMERCIAL RICE,Special (Blue tag),kg,50.00,Price-Monitoring-March-14-2020.pdf
2020-03-14,IMPORTED COMMERCIAL RICE,Premium (Yellow tag),kg,40.00,Price-Monitoring-March-14-2020.pdf
2020-03-14,IMPORTED COMMERCIAL RICE,Well milled (White tag),kg,32.00,Price-Monitoring-March-14-2020.pdf
2020-03-14,IMPORTED COMMERCIAL RICE,Regular milled (White tag),kg,36.00,Price-Monitoring-March-14-2020.pdf
2020-03-14,LOCAL COMMERCIAL RICE,Special (Blue tag),kg,55.00,Price-Monitoring-March-14-2020.pdf
2020-03-14,LOCAL COMMERCIAL RICE,Premium (Yellow tag),kg,45.00,Price-Monitoring-March-14-2020.pdf
2020-03-14,LOCAL COMMERCIAL RICE,Well milled (White tag),kg,40.00,Price-Monitoring-March-14-2020.pdf
2020-03-14,LOCAL COMMERCIAL RICE,Regular milled (White tag),kg,32.00,Price-Monitoring-March-14-2020.pdf
2020-03-16,NFA RICE,NFA (Regular milled),kg,27.00,Price-Monitoring-March-16-2020.pdf
2020-03-16,IMPORTED COMMERCIAL RICE,Special (Blue tag),kg,52.00,Price-Monitoring-March-16-2020.pdf
2020-03-16,IMPORTED COMMERCIAL RICE,Premium (Yellow tag),kg,40.00,Price-Monitoring-March-16-2020.pdf
2020-03-16,IMPORTED COMMERCIAL RICE,Well milled (White tag),kg,32.00,Price-Monitoring-March-16-2020.pdf
2020-03-16,IMPORTED COMMERCIAL RICE,Regular milled (White tag),kg,36.00,Price-Monitoring-March-16-2020.pdf
2020-03-16,LOCAL COMMERCIAL RICE,Special (Blue tag),kg,54.00,Price-Monitoring-March-16-2020.pdf
2020-03-16,LOCAL COMMERCIAL RICE,Premium (Yellow tag),kg,46.00,Price-Monitoring-March-16-2020.pdf
2020-03-16,LOCAL COMMERCIAL RICE,Well milled (White tag),kg,40.00,Price-Monitoring-March-16-2020.pdf
2020-03-16,LOCAL COMMERCIAL RICE,Regular milled (White tag),kg,32.00,Price-Monitoring-March-16-2020.pdf
2020-03-18,NFA RICE,NFA (Well milled),kg,27.00,Price-Monitoring-March-18-2020.pdf
2020-03-18,IMPORTED COMMERCIAL RICE,Special (Blue tag),kg,68.00,Price-Monitoring-March-18-2020.pdf
2020-03-18,IMPORTED COMMERCIAL RICE,Premium (Yellow tag),kg,40.00,Price-Monitoring-March-18-2020.pdf
2020-03-18,IMPORTED COMMERCIAL RICE,Well milled (White tag),kg,40.00,Price-Monitoring-March-18-2020.pdf
2020-03-18,IMPORTED COMMERCIAL RICE,Regular milled (White tag),kg,40.00,Price-Monitoring-March-18-2020.pdf
2020-03-18,LOCAL COMMERCIAL RICE,Special (Blue tag),kg,48.00,Price-Monitoring-March-18-2020.pdf
2020-03-18,LOCAL COMMERCIAL RICE,Premium (Yellow tag),kg,44.00,Price-Monitoring-March-18-2020.pdf
2020-03-18,LOCAL COMMERCIAL RICE,Well milled (White tag),kg,40.00,Price-Monitoring-March-18-2020.pdf
2020-03-18,LOCAL COMMERCIAL RICE,Regular milled (White tag),kg,32.00,Price-Monitoring-March-18-2020.pdf
2020-03-19,NFA RICE,NFA (Well milled),kg,27.00,Price-Monitoring-March-19-2020.pdf
2020-03-19,IMPORTED COMMERCIAL RICE,Premium (Yellow tag),kg,40.00,Price-Monitoring-March-19-2020.pdf
2020-03-19,IMPORTED COMMERCIAL RICE,Well milled (White tag),kg,34.00,Price-Monitoring-March-19-2020.pdf
2020-03-19,IMPORTED COMMERCIAL RICE,Regular milled (White tag),kg,40.00,Price-Monitoring-March-19-2020.pdf
2020-03-19,LOCAL COMMERCIAL RICE,Special (Blue tag),kg,50.00,Price-Monitoring-March-19-2020.pdf
2020-03-19,LOCAL COMMERCIAL RICE,Premium (Yellow tag),kg,46.00,Price-Monitoring-March-19-2020.pdf
2020-03-19,LOCAL COMMERCIAL RICE,Well milled (White tag),kg,40.00,Price-Monitoring-March-19-2020.pdf
2020-03-19,LOCAL COMMERCIAL RICE,Regular milled (White tag),kg,32.00,Price-Monitoring-March-19-2020.pdf
2020-03-20,NFA RICE,NFA (Well milled),kg,27.00,Price-Monitoring-March-20-2020.pdf
2020-03-20,IMPORTED COMMERCIAL RICE,Special (Blue tag),kg,45.00,Price-Monitoring-March-20-2020.pdf
2020-03-20,IMPORTED COMMERCIAL RICE,Premium (Yellow tag),kg,40.00,Price-Monitoring-March-20-2020.pdf
2020-03-20,IMPORTED COMMERCIAL RICE,Well milled (White tag),kg,34.00,Price-Monitoring-March-20-2020.pdf
2020-03-20,IMPORTED COMMERCIAL RICE,Regular milled (White tag),kg,40.00,Price-Monitoring-March-20-2020.pdf
2020-03-20,LOCAL COMMERCIAL RICE,Special (Blue tag),kg,48.00,Price-Monitoring-March-20-2020.pdf
2020-03-20,LOCAL COMMERCIAL RICE,Premium (Yellow tag),kg,45.00,Price-Monitoring-March-20-2020.pdf
2020-03-20,LOCAL COMMERCIAL RICE,Well milled (White tag),kg,40.00,Price-Monitoring-March-20-2020.pdf
2020-03-20,LOCAL COMMERCIAL RICE,Regular milled (White tag),kg,35.00,Price-Monitoring-March-20-2020.pdf
2020-03-21,NFA RICE,NFA (Well milled),kg,27.00,Price-Monitoring-March-21-2020.pdf
2020-03-21,IMPORTED COMMERCIAL RICE,Premium (Yellow tag),kg,40.00,Price-Monitoring-March-21-2020.pdf
2020-03-21,IMPORTED COMMERCIAL RICE,Well milled (White tag),kg,32.00,Price-Monitoring-March-21-2020.pdf
2020-03-21,IMPORTED COMMERCIAL RICE,Regular milled (White tag),kg,40.00,Price-Monitoring-March-21-2020.pdf
2020-03-21,LOCAL COMMERCIAL RICE,Special (Blue tag),kg,48.00,Price-Monitoring-March-21-2020.pdf
2020-03-21,LOCAL COMMERCIAL RICE,Premium (Yellow tag),kg,45.00,Price-Monitoring-March-21-2020.pdf
2020-03-21,LOCAL COMMERCIAL RICE,Well milled (White tag),kg,40.00,Price-Monitoring-March-21-2020.pdf
2020-03-21,LOCAL COMMERCIAL RICE,Regular milled (White tag),kg,32.00,Price-Monitoring-March-21-2020.pdf
2020-03-23,NFA RICE,NFA (Well milled),kg,27.00,Price-Monitoring-March-23-2020.pdf
2020-03-23,IMPORTED COMMERCIAL RICE,Special (Blue tag),kg,50.00,Price-Monitoring-March-23-2020.pdf
2020-03-23,IMPORTED COMMERCIAL RICE,Premium (Yellow tag),kg,40.00,Price-Monitoring-March-23-2020.pdf
2020-03-23,IMPORTED COMMERCIAL RICE,Well milled (White tag),kg,38.00,Price-Monitoring-March-23-2020.pdf
2020-03-23,LOCAL COMMERCIAL RICE,Special (Blue tag),kg,55.00,Price-Monitoring-March-23-2020.pdf
2020-03-23,LOCAL COMMERCIAL RICE,Premium (Yellow tag),kg,45.00,Price-Monitoring-March-23-2020.pdf
2020-03-23,LOCAL COMMERCIAL RICE,Well milled (White tag),kg,40.00,Price-Monitoring-March-23-2020.pdf
2020-03-23,LOCAL COMMERCIAL RICE,Regular milled (White tag),kg,32.00,Price-Monitoring-March-23-2020.pdf
2020-03-25,NFA RICE,NFA (Well milled),kg,27.00,Price-Monitoring-March-25-2020.pdf
2020-03-25,IMPORTED COMMERCIAL RICE,Special (Blue tag),kg,50.00,Price-Monitoring-March-25-2020.pdf
2020-03-25,IMPORTED COMMERCIAL RICE,Premium (Yellow tag),kg,40.00,Price-Monitoring-March-25-2020.pdf
2020-03-25,IMPORTED COMMERCIAL RICE,Well milled (White tag),kg,40.00,Price-Monitoring-March-25-2020.pdf
2020-03-25,IMPORTED COMMERCIAL RICE,Regular milled (White tag),kg,40.00,Price-Monitoring-March-25-2020.pdf
2020-03-25,LOCAL COMMERCIAL RICE,Special (Blue tag),kg,55.00,Price-Monitoring-March-25-2020.pdf
2020-03-25,LOCAL COMMERCIAL RICE,Premium (Yellow tag),kg,45.00,Price-Monitoring-March-25-2020.pdf
2020-03-25,LOCAL COMMERCIAL RICE,Well milled (White tag),kg,40.00,Price-Monitoring-March-25-2020.pdf
2020-03-25,LOCAL COMMERCIAL RICE,Regular milled (White tag),kg,36.00,Price-Monitoring-March-25-2020.pdf
2020-03-26,NFA RICE,NFA (Well milled),kg,27.00,Price-Monitoring-March-26-2020.pdf
2020-03-26,IMPORTED COMMERCIAL RICE,Special (Blue tag),kg,52.00,Price-Monitoring-March-26-2020.pdf
2020-03-26,IMPORTED COMMERCIAL RICE,Premium (Yellow tag),kg,40.00,Price-Monitoring-March-26-2020.pdf
2020-03-26,IMPORTED COMMERCIAL RICE,Well milled (White tag),kg,44.00,Price-Monitoring-March-26-2020.pdf
2020-03-26,IMPORTED COMMERCIAL RICE,Regular milled (White tag),kg,36.00,Price-Monitoring-March-26-2020.pdf
2020-03-26,LOCAL COMMERCIAL RICE,Special (Blue tag),kg,54.00,Price-Monitoring-March-26-2020.pdf
2020-03-26,LOCAL COMMERCIAL RICE,Premium (Yellow tag),kg,45.00,Price-Monitoring-March-26-2020.pdf
2020-03-26,LOCAL COMMERCIAL RICE,Well milled (White tag),kg,40.00,Price-Monitoring-March-26-2020.pdf
2020-03-26,LOCAL COMMERCIAL RICE,Regular milled (White tag),kg,36.00,Price-Monitoring-March-26-2020.pdf
2020-03-27,NFA RICE,NFA (Well milled),kg,27.00,Price-Monitoring-March-27-2020.pdf
2020-03-27,IMPORTED COMMERCIAL RICE,Special (Blue tag),kg,50.00,Price-Monitoring-March-27-2020.pdf
2020-03-27,IMPORTED COMMERCIAL RICE,Premium (Yellow tag),kg,40.00,Price-Monitoring-March-27-2020.pdf
2020-03-27,IMPORTED COMMERCIAL RICE,Well milled (White tag),kg,44.00,Price-Monitoring-March-27-2020.pdf
2020-03-27,IMPORTED COMMERCIAL RICE,Regular milled (White tag),kg,36.00,Price-Monitoring-March-27-2020.pdf
2020-03-27,LOCAL COMMERCIAL RICE,Special (Blue tag),kg,55.00,Price-Monitoring-March-27-2020.pdf
2020-03-27,LOCAL COMMERCIAL RICE,Premium (Yellow tag),kg,45.00,Price-Monitoring-March-27-2020.pdf
2020-03-27,LOCAL COMMERCIAL RICE,Well milled (White tag),kg,40.00,Price-Monitoring-March-27-2020.pdf
2020-03-27,LOCAL COMMERCIAL RICE,Regular milled (White tag),kg,36.00,Price-Monitoring-March-27-2020.pdf
2020-03-28,NFA RICE,NFA (Well milled),kg,27.00,Price-Monitoring-March-28-2020.pdf
2020-03-28,IMPORTED COMMERCIAL RICE,Special (Blue tag),kg,50.00,Price-Monitoring-March-28-2020.pdf
2020-03-28,IMPORTED COMMERCIAL RICE,Premium (Yellow tag),kg,40.00,Price-Monitoring-March-28-2020.pdf
2020-03-28,IMPORTED COMMERCIAL RICE,Well milled (White tag),kg,44.00,Price-Monitoring-March-28-2020.pdf
2020-03-28,IMPORTED COMMERCIAL RICE,Regular milled (White tag),kg,40.00,Price-Monitoring-March-28-2020.pdf
2020-03-28,LOCAL COMMERCIAL RICE,Special (Blue tag),kg,54.00,Price-Monitoring-March-28-2020.pdf
2020-03-28,LOCAL COMMERCIAL RICE,Premium (Yellow tag),kg,46.00,Price-Monitoring-March-28-2020.pdf
2020-03-28,LOCAL COMMERCIAL RICE,Well milled (White tag),kg,40.00,Price-Monitoring-March-28-2020.pdf
2020-03-28,LOCAL COMMERCIAL RICE,Regular milled (White tag),kg,32.00,Price-Monitoring-March-28-2020.pdf
2020-03-30,NFA RICE,NFA (Well milled),kg,27.00,Price-Monitoring-March-30-2020.pdf
2020-03-30,IMPORTED COMMERCIAL RICE,Special (Blue tag),kg,50.00,Price-Monitoring-March-30-2020.pdf
2020-03-30,IMPORTED COMMERCIAL RICE,Well milled (White tag),kg,42.00,Price-Monitoring-March-30-2020.pdf
2020-03-30,IMPORTED COMMERCIAL RICE,Regular milled (White tag),kg,36.00,Price-Monitoring-March-30-2020.pdf
2020-03-30,LOCAL COMMERCIAL RICE,Special (Blue tag),kg,54.00,Price-Monitoring-March-30-2020.pdf
2020-03-30,LOCAL COMMERCIAL RICE,Premium (Yellow tag),kg,45.00,Price-Monitoring-March-30-2020.pdf
2020-03-30,LOCAL COMMERCIAL RICE,Well milled (White tag),kg,40.00,Price-Monitoring-March-30-2020.pdf
2020-03-30,LOCAL COMMERCIAL RICE,Regular milled (White tag),kg,32.00,Price-Monitoring-March-30-2020.pdf
2020-03-31,NFA RICE,NFA (Well milled),kg,27.00,Price-Monitoring-March-31-2020.pdf
2020-03-31,IMPORTED COMMERCIAL RICE,Special (Blue tag),kg,45.00,Price-Monitoring-March-31-2020.pdf
2020-03-31,IMPORTED COMMERCIAL RICE,Premium (Yellow tag),kg,43.00,Price-Monitoring-March-31-2020.pdf
2020-03-31,IMPORTED COMMERCIAL RICE,Well milled (White tag),kg,44.00,Price-Monitoring-March-31-2020.pdf
2020-03-31,IMPORTED COMMERCIAL RICE,Regular milled (White tag),kg,40.00,Price-Monitoring-March-31-2020.pdf
2020-03-31,LOCAL COMMERCIAL RICE,Special (Blue tag),kg,50.00,Price-Monitoring-March-31-2020.pdf
2020-03-31,LOCAL COMMERCIAL RICE,Premium (Yellow tag),kg,45.00,Price-Monitoring-March-31-2020.pdf
2020-03-31,LOCAL COMMERCIAL RICE,Well milled (White tag),kg,40.00,Price-Monitoring-March-31-2020.pdf
2020-03-31,LOCAL COMMERCIAL RICE,Regular milled (White tag),kg,32.00,Price-Monitoring-March-31-2020.pdf
2020-04-01,NFA RICE,NFA (Well milled),kg,27.00,Price-Monitoring-April-1-2020.pdf
2020-04-01,IMPORTED COMMERCIAL RICE,Special (Blue tag),kg,50.00,Price-Monitoring-April-1-2020.pdf
2020-04-01,IMPORTED COMMERCIAL RICE,Well milled (White tag),kg,44.00,Price-Monitoring-April-1-2020.pdf
2020-04-01,IMPORTED COMMERCIAL RICE,Regular milled (White tag),kg,40.00,Price-Monitoring-April-1-2020.pdf
2020-04-01,LOCAL COMMERCIAL RICE,Special (Blue tag),kg,54.00,Price-Monitoring-April-1-2020.pdf
2020-04-01,LOCAL COMMERCIAL RICE,Premium (Yellow tag),kg,45.00,Price-Monitoring-April-1-2020.pdf
2020-04-01,LOCAL COMMERCIAL RICE,Well milled (White tag),kg,40.00,Price-Monitoring-April-1-2020.pdf
2020-04-01,LOCAL COMMERCIAL RICE,Regular milled (White tag),kg,32.00,Price-Monitoring-April-1-2020.pdf
2020-04-02,NFA RICE,NFA (Well milled),kg,27.00,Price-Monitoring-April-2-2020.pdf
2020-04-02,IMPORTED COMMERCIAL RICE,Special (Blue tag),kg,45.00,Price-Monitoring-April-2-2020.pdf
2020-04-02,IMPORTED COMMERCIAL RICE,Premium (Yellow tag),kg,43.00,Price-Monitoring-April-2-2020.pdf
2020-04-02,IMPORTED COMMERCIAL RICE,Well milled (White tag),kg,42.00,Price-Monitoring-April-2-2020.pdf
2020-04-02,IMPORTED COMMERCIAL RICE,Regular milled (White tag),kg,36.00,Price-Monitoring-April-2-2020.pdf
2020-04-02,LOCAL COMMERCIAL RICE,Special (Blue tag),kg,50.00,Price-Monitoring-April-2-2020.pdf
2020-04-02,LOCAL COMMERCIAL RICE,Premium (Yellow tag),kg,45.00,Price-Monitoring-April-2-2020.pdf
2020-04-02,LOCAL COMMERCIAL RICE,Well milled (White tag),kg,40.00,Price-Monitoring-April-2-2020.pdf
2020-04-02,LOCAL COMMERCIAL RICE,Regular milled (White tag),kg,36.00,Price-Monitoring-April-2-2020.pdf
2020-04-03,NFA RICE,NFA (Well milled),kg,27.00,Price-Monitoring-April-3-2020.pdf
2020-04-03,IMPORTED COMMERCIAL RICE,Special (Blue tag),kg,45.00,Price-Monitoring-April-3-2020.pdf
2020-04-03,IMPORTED COMMERCIAL RICE,Premium (Yellow tag),kg,43.00,Price-Monitoring-April-3-2020.pdf
2020-04-03,IMPORTED COMMERCIAL RICE,Well milled (White tag),kg,42.00,Price-Monitoring-April-3-2020.pdf
2020-04-03,IMPORTED COMMERCIAL RICE,Regular milled (White tag),kg,36.00,Price-Monitoring-April-3-2020.pdf
2020-04-03,LOCAL COMMERCIAL RICE,Special (Blue tag),kg,54.00,Price-Monitoring-April-3-2020.pdf
2020-04-03,LOCAL COMMERCIAL RICE,Premium (Yellow tag),kg,45.00,Price-Monitoring-April-3-2020.pdf
2020-04-03,LOCAL COMMERCIAL RICE,Well milled (White tag),kg,40.00,Price-Monitoring-April-3-2020.pdf
2020-04-03,LOCAL COMMERCIAL RICE,Regular milled (White tag),kg,35.00,Price-Monitoring-April-3-2020.pdf
2020-04-04,NFA RICE,NFA (Well milled),kg,27.00,Price-Monitoring-April-4-2020.pdf
2020-04-04,IMPORTED COMMERCIAL RICE,Special (Blue tag),kg,50.00,Price-Monitoring-April-4-2020.pdf
2020-04-04,IMPORTED COMMERCIAL RICE,Well milled (White tag),kg,36.00,Price-Monitoring-April-4-2020.pdf
2020-04-04,IMPORTED COMMERCIAL RICE,Regular milled (White tag),kg,36.00,Price-Monitoring-April-4-2020.pdf
2020-04-04,LOCAL COMMERCIAL RICE,Special (Blue tag),kg,54.00,Price-Monitoring-April-4-2020.pdf
2020-04-04,LOCAL COMMERCIAL RICE,Premium (Yellow tag),kg,46.00,Price-Monitoring-April-4-2020.pdf
2020-04-04,LOCAL COMMERCIAL RICE,Well milled (White tag),kg,38.00,Price-Monitoring-April-4-2020.pdf
2020-04-04,LOCAL COMMERCIAL RICE,Regular milled (White tag),kg,32.00,Price-Monitoring-April-4-2020.pdf
2020-04-06,IMPORTED COMMERCIAL RICE,Special (Blue tag),kg,50.00,Price-Monitoring-April-6-2020.pdf
2020-04-06,IMPORTED COMMERCIAL RICE,Premium (Yellow tag),kg,43.00,Price-Monitoring-April-6-2020.pdf
2020-04-06,IMPORTED COMMERCIAL RICE,Well milled (White tag),kg,48.00,Price-Monitoring-April-6-2020.pdf
2020-04-06,IMPORTED COMMERCIAL RICE,Regular milled (White tag),kg,36.00,Price-Monitoring-April-6-2020.pdf
2020-04-06,LOCAL COMMERCIAL RICE,Special (Blue tag),kg,50.00,Price-Monitoring-April-6-2020.pdf
2020-04-06,LOCAL COMMERCIAL RICE,Premium (Yellow tag),kg,45.00,Price-Monitoring-April-6-2020.pdf
2020-04-06,LOCAL COMMERCIAL RICE,Well milled (White tag),kg,40.00,Price-Monitoring-April-6-2020.pdf
2020-04-06,LOCAL COMMERCIAL RICE,Regular milled (White tag),kg,36.00,Price-Monitoring-April-6-2020.pdf
2020-04-07,IMPORTED COMMERCIAL RICE,Special (Blue tag),kg,50.00,Price-Monitoring-April-7-2020.pdf
2020-04-07,IMPORTED COMMERCIAL RICE,Well milled (White tag),kg,34.00,Price-Monitoring-April-7-2020.pdf
2020-04-07,IMPORTED COMMERCIAL RICE,Regular milled (White tag),kg,36.00,Price-Monitoring-April-7-2020.pdf
2020-04-07,LOCAL COMMERCIAL RICE,Special (Blue tag),kg,55.00,Price-Monitoring-April-7-2020.pdf
2020-04-07,LOCAL COMMERCIAL RICE,Premium (Yellow tag),kg,46.00,Price-Monitoring-April-7-2020.pdf
2020-04-07,LOCAL COMMERCIAL RICE,Well milled (White tag),kg,40.00,Price-Monitoring-April-7-2020.pdf
2020-04-07,LOCAL COMMERCIAL RICE,Regular milled (White tag),kg,39.00,Price-Monitoring-April-7-2020.pdf
2020-04-13,IMPORTED COMMERCIAL RICE,Special (Blue tag),kg,52.00,Price-Monitoring-April-13-2020.pdf
2020-04-13,IMPORTED COMMERCIAL RICE,Premium (Yellow tag),kg,43.00,Price-Monitoring-April-13-2020.pdf
2020-04-13,IMPORTED COMMERCIAL RICE,Well milled (White tag),kg,42.00,Price-Monitoring-April-13-2020.pdf
2020-04-13,LOCAL COMMERCIAL RICE,Special (Blue tag),kg,50.00,Price-Monitoring-April-13-2020.pdf
2020-04-13,LOCAL COMMERCIAL RICE,Premium (Yellow tag),kg,45.00,Price-Monitoring-April-13-2020.pdf
2020-04-13,LOCAL COMMERCIAL RICE,Well milled (White tag),kg,40.00,Price-Monitoring-April-13-2020.pdf
2020-04-13,LOCAL COMMERCIAL RICE,Regular milled (White tag),kg,37.00,Price-Monitoring-April-13-2020.pdf
2020-08-24,IMPORTED COMMERCIAL RICE,Special,Blue tag,52.00,Price-Monitoring-August-24-2020.pdf
2020-08-24,IMPORTED COMMERCIAL RICE,Premium,Yellow tag,45.00,Price-Monitoring-August-24-2020.pdf
2020-08-24,IMPORTED COMMERCIAL RICE,Well Milled,White tag,38.00,Price-Monitoring-August-24-2020.pdf
2020-08-24,LOCAL COMMERCIAL RICE,Special,Blue tag,58.00,Price-Monitoring-August-24-2020.pdf
2020-08-24,LOCAL COMMERCIAL RICE,Premium,Yellow tag,48.00,Price-Monitoring-August-24-2020.pdf
2020-08-24,LOCAL COMMERCIAL RICE,Well Milled,White tag,44.00,Price-Monitoring-August-24-2020.pdf
2020-08-24,LOCAL COMMERCIAL RICE,Regular Milled,White tag,40.00,Price-Monitoring-August-24-2020.pdf
2020-11-24,NFA RICE,NFA (Well milled),well milled,27.00,Price-Monitoring-November-24-2020.pdf
2020-11-26,NFA RICE,NFA (Well milled),well milled,27.00,Price-Monitoring-November-26-2020.pdf
2020-11-27,NFA RICE,NFA (Well milled),well milled,27.00,Price-Monitoring-November-27-2020.pdf
2020-12-01,NFA RICE,NFA (Well milled),well milled,27.00,Price-Monitoring-December-01-2020.pdf
2020-12-02,NFA RICE,NFA (Well milled),well milled,27.00,Price-Monitoring-December-2-2020.pdf
2020-12-03,NFA RICE,NFA (Well milled),well milled,27.00,Price-Monitoring-December-3-2020.pdf
2020-12-04,NFA RICE,NFA (Well milled),well milled,27.00,Price-Monitoring-December-4-2020.pdf
2020-12-07,NFA RICE,NFA (Well milled),well milled,27.00,Price-Monitoring-December-7-2020.pdf
2020-12-09,NFA RICE,NFA (Well milled),well milled,27.00,Price-Monitoring-December-9-2020.pdf
2020-12-10,NFA RICE,NFA (Well milled),well milled,27.00,Price-Monitoring-December-10-2020.pdf
2020-12-11,NFA RICE,NFA (Well milled),well milled,27.00,Price-Monitoring-December-11-2020.pdf
2020-12-14,NFA RICE,NFA (Well milled),well milled,27.00,Price-Monitoring-December-14-2020.pdf
2020-12-15,NFA RICE,NFA (Well milled),well milled,27.00,Price-Monitoring-December-15-2020.pdf
2020-12-16,NFA RICE,NFA (Well milled),well milled,27.00,Price-Monitoring-December-16-2020.pdf
2020-12-17,NFA RICE,NFA (Well milled),well milled,27.00,Price-Monitoring-December-17-2020.pdf
2020-12-21,NFA RICE,NFA (Well milled),well milled,27.00,Price-Monitoring-December-21-2020.pdf
2020-12-22,NFA RICE,NFA (Well milled),well milled,27.00,Price-Monitoring-December-22-2020.pdf
2020-12-23,NFA RICE,NFA (Well milled),well milled,27.00,Price-Monitoring-December-23-2020.pdf
2020-12-28,NFA RICE,NFA (Well milled),well milled,27.00,Price-Monitoring-December-28-2020.pdf
2021-01-08,IMPORTED COMMERCIAL RICE,Special,Blue tag,53.00,Price-Monitoring-January-08-2021.pdf
2021-01-08,IMPORTED COMMERCIAL RICE,Premium,Yellow tag,48.00,Price-Monitoring-January-08-2021.pdf
2021-01-08,IMPORTED COMMERCIAL RICE,Well Milled,White tag,43.00,Price-Monitoring-January-08-2021.pdf
2021-01-08,LOCAL COMMERCIAL RICE,Special,Blue tag,57.00,Price-Monitoring-January-08-2021.pdf
2021-01-08,LOCAL COMMERCIAL RICE,Premium,Yellow tag,50.00,Price-Monitoring-January-08-2021.pdf
2021-01-08,LOCAL COMMERCIAL RICE,Well Milled,White tag,44.00,Price-Monitoring-January-08-2021.pdf
2021-01-08,LOCAL COMMERCIAL RICE,Regular Milled,White tag,40.00,Price-Monitoring-January-08-2021.pdf
2021-01-11,IMPORTED COMMERCIAL RICE,Special,Blue tag,53.00,Price-Monitoring-January-11-2021.pdf
2021-01-11,IMPORTED COMMERCIAL RICE,Premium,Yellow tag,48.00,Price-Monitoring-January-11-2021.pdf
2021-01-11,IMPORTED COMMERCIAL RICE,Well Milled,White tag,42.00,Price-Monitoring-January-11-2021.pdf
2021-01-11,LOCAL COMMERCIAL RICE,Special,Blue tag,57.00,Price-Monitoring-January-11-2021.pdf
2021-01-11,LOCAL COMMERCIAL RICE,Premium,Yellow tag,50.00,Price-Monitoring-January-11-2021.pdf
2021-01-11,LOCAL COMMERCIAL RICE,Well Milled,White tag,44.00,Price-Monitoring-January-11-2021.pdf
2021-01-11,LOCAL COMMERCIAL RICE,Regular Milled,White tag,40.00,Price-Monitoring-January-11-2021.pdf
2021-01-12,IMPORTED COMMERCIAL RICE,Special,Blue tag,55.00,Price-Monitoring-January-12-2021.pdf
2021-01-12,IMPORTED COMMERCIAL RICE,Premium,Yellow tag,48.00,Price-Monitoring-January-12-2021.pdf
2021-01-12,IMPORTED COMMERCIAL RICE,Well Milled,White tag,43.00,Price-Monitoring-January-12-2021.pdf
2021-01-12,LOCAL COMMERCIAL RICE,Special,Blue tag,57.00,Price-Monitoring-January-12-2021.pdf
2021-01-12,LOCAL COMMERCIAL RICE,Premium,Yellow tag,50.00,Price-Monitoring-January-12-2021.pdf
2021-01-12,LOCAL COMMERCIAL RICE,Well Milled,White tag,45.00,Price-Monitoring-January-12-2021.pdf
2021-01-12,LOCAL COMMERCIAL RICE,Regular Milled,White tag,40.00,Price-Monitoring-January-12-2021.pdf
2021-01-13,IMPORTED COMMERCIAL RICE,Special,Blue tag,55.00,Price-Monitoring-January-13-2021.pdf
2021-01-13,IMPORTED COMMERCIAL RICE,Premium,Yellow tag,47.00,Price-Monitoring-January-13-2021.pdf
2021-01-13,IMPORTED COMMERCIAL RICE,Well Milled,White tag,43.00,Price-Monitoring-January-13-2021.pdf
2021-01-13,LOCAL COMMERCIAL RICE,Special,Blue tag,57.00,Price-Monitoring-January-13-2021.pdf
2021-01-13,LOCAL COMMERCIAL RICE,Premium,Yellow tag,50.00,Price-Monitoring-January-13-2021.pdf
2021-01-13,LOCAL COMMERCIAL RICE,Well Milled,White tag,44.00,Price-Monitoring-January-13-2021.pdf
2021-01-13,LOCAL COMMERCIAL RICE,Regular Milled,White tag,40.00,Price-Monitoring-January-13-2021.pdf
2021-01-14,IMPORTED COMMERCIAL RICE,Special,Blue tag,55.00,Price-Monitoring-January-14-2021.pdf
2021-01-14,IMPORTED COMMERCIAL RICE,Premium,Yellow tag,47.00,Price-Monitoring-January-14-2021.pdf
2021-01-14,IMPORTED COMMERCIAL RICE,Well Milled,White tag,43.00,Price-Monitoring-January-14-2021.pdf
2021-01-14,LOCAL COMMERCIAL RICE,Special,Blue tag,56.00,Price-Monitoring-January-14-2021.pdf
2021-01-14,LOCAL COMMERCIAL RICE,Premium,Yellow tag,50.00,Price-Monitoring-January-14-2021.pdf
2021-01-14,LOCAL COMMERCIAL RICE,Well Milled,White tag,44.00,Price-Monitoring-January-14-2021.pdf
2021-01-14,LOCAL COMMERCIAL RICE,Regular Milled,White tag,40.00,Price-Monitoring-January-14-2021.pdf
2021-01-15,IMPORTED COMMERCIAL RICE,Special,Blue tag,55.00,Price-Monitoring-January-15-2021.pdf
2021-01-15,IMPORTED COMMERCIAL RICE,Premium,Yellow tag,47.00,Price-Monitoring-January-15-2021.pdf
2021-01-15,IMPORTED COMMERCIAL RICE,Well Milled,White tag,43.00,Price-Monitoring-January-15-2021.pdf
2021-01-15,LOCAL COMMERCIAL RICE,Special,Blue tag,56.00,Price-Monitoring-January-15-2021.pdf
2021-01-15,LOCAL COMMERCIAL RICE,Premium,Yellow tag,50.00,Price-Monitoring-January-15-2021.pdf
2021-01-15,LOCAL COMMERCIAL RICE,Well Milled,White tag,44.00,Price-Monitoring-January-15-2021.pdf
2021-01-15,LOCAL COMMERCIAL RICE,Regular Milled,White tag,40.00,Price-Monitoring-January-15-2021.pdf
2021-01-18,IMPORTED COMMERCIAL RICE,Special,Blue tag,55.00,Price-Monitoring-January-18-2021.pdf
2021-01-18,IMPORTED COMMERCIAL RICE,Premium,Yellow tag,47.00,Price-Monitoring-January-18-2021.pdf
2021-01-18,IMPORTED COMMERCIAL RICE,Well Milled,White tag,42.00,Price-Monitoring-January-18-2021.pdf
2021-01-18,LOCAL COMMERCIAL RICE,Special,Blue tag,56.00,Price-Monitoring-January-18-2021.pdf
2021-01-18,LOCAL COMMERCIAL RICE,Premium,Yellow tag,50.00,Price-Monitoring-January-18-2021.pdf
2021-01-18,LOCAL COMMERCIAL RICE,Well Milled,White tag,44.00,Price-Monitoring-January-18-2021.pdf
2021-01-18,LOCAL COMMERCIAL RICE,Regular Milled,White tag,40.00,Price-Monitoring-January-18-2021.pdf
2021-01-19,IMPORTED COMMERCIAL RICE,Special,Blue tag,55.00,Price-Monitoring-January-19-2021.pdf
2021-01-19,IMPORTED COMMERCIAL RICE,Premium,Yellow tag,47.00,Price-Monitoring-January-19-2021.pdf
2021-01-19,IMPORTED COMMERCIAL RICE,Well Milled,White tag,42.00,Price-Monitoring-January-19-2021.pdf
2021-01-19,LOCAL COMMERCIAL RICE,Special,Blue tag,56.00,Price-Monitoring-January-19-2021.pdf
2021-01-19,LOCAL COMMERCIAL RICE,Premium,Yellow tag,50.00,Price-Monitoring-January-19-2021.pdf
2021-01-19,LOCAL COMMERCIAL RICE,Well Milled,White tag,44.00,Price-Monitoring-January-19-2021.pdf
2021-01-19,LOCAL COMMERCIAL RICE,Regular Milled,White tag,40.00,Price-Monitoring-January-19-2021.pdf
2021-01-20,IMPORTED COMMERCIAL RICE,Special,Blue tag,55.00,Price-Monitoring-January-20-2021.pdf
2021-01-20,IMPORTED COMMERCIAL RICE,Premium,Yellow tag,47.00,Price-Monitoring-January-20-2021.pdf
2021-01-20,IMPORTED COMMERCIAL RICE,Well Milled,White tag,42.00,Price-Monitoring-January-20-2021.pdf
2021-01-20,IMPORTED COMMERCIAL RICE,Regular Milled,White tag,38.00,Price-Monitoring-January-20-2021.pdf
2021-01-20,LOCAL COMMERCIAL RICE,Special,Blue tag,56.00,Price-Monitoring-January-20-2021.pdf
2021-01-20,LOCAL COMMERCIAL RICE,Premium,Yellow tag,50.00,Price-Monitoring-January-20-2021.pdf
2021-01-20,LOCAL COMMERCIAL RICE,Well Milled,White tag,44.00,Price-Monitoring-January-20-2021.pdf
2021-01-20,LOCAL COMMERCIAL RICE,Regular Milled,White tag,40.00,Price-Monitoring-January-20-2021.pdf
2021-01-21,IMPORTED COMMERCIAL RICE,Special,Blue tag,55.00,Price-Monitoring-January-21-2021.pdf
2021-01-21,IMPORTED COMMERCIAL RICE,Premium,Yellow tag,47.00,Price-Monitoring-January-21-2021.pdf
2021-01-21,IMPORTED COMMERCIAL RICE,Well Milled,White tag,42.00,Price-Monitoring-January-21-2021.pdf
2021-01-21,IMPORTED COMMERCIAL RICE,Regular Milled,White tag,38.00,Price-Monitoring-January-21-2021.pdf
2021-01-21,LOCAL COMMERCIAL RICE,Special,Blue tag,56.00,Price-Monitoring-January-21-2021.pdf
2021-01-21,LOCAL COMMERCIAL RICE,Premium,Yellow tag,50.00,Price-Monitoring-January-21-2021.pdf
2021-01-21,LOCAL COMMERCIAL RICE,Well Milled,White tag,44.00,Price-Monitoring-January-21-2021.pdf
2021-01-21,LOCAL COMMERCIAL RICE,Regular Milled,White tag,40.00,Price-Monitoring-January-21-2021.pdf
2021-01-22,IMPORTED COMMERCIAL RICE,Special,Blue tag,55.00,Price-Monitoring-January-22-2021.pdf
2021-01-22,IMPORTED COMMERCIAL RICE,Premium,Yellow tag,47.00,Price-Monitoring-January-22-2021.pdf
2021-01-22,IMPORTED COMMERCIAL RICE,Well Milled,White tag,42.00,Price-Monitoring-January-22-2021.pdf
2021-01-22,LOCAL COMMERCIAL RICE,Special,Blue tag,56.00,Price-Monitoring-January-22-2021.pdf
2021-01-22,LOCAL COMMERCIAL RICE,Premium,Yellow tag,50.00,Price-Monitoring-January-22-2021.pdf
2021-01-22,LOCAL COMMERCIAL RICE,Well Milled,White tag,44.00,Price-Monitoring-January-22-2021.pdf
2021-01-22,LOCAL COMMERCIAL RICE,Regular Milled,White tag,40.00,Price-Monitoring-January-22-2021.pdf
2021-01-25,IMPORTED COMMERCIAL RICE,Special,Blue tag,55.00,Price-Monitoring-January-25-2021.pdf
2021-01-25,IMPORTED COMMERCIAL RICE,Premium,Yellow tag,47.00,Price-Monitoring-January-25-2021.pdf
2021-01-25,IMPORTED COMMERCIAL RICE,Well Milled,White tag,42.00,Price-Monitoring-January-25-2021.pdf
2021-01-25,LOCAL COMMERCIAL RICE,Special,Blue tag,57.00,Price-Monitoring-January-25-2021.pdf
2021-01-25,LOCAL COMMERCIAL RICE,Premium,Yellow tag,50.00,Price-Monitoring-January-25-2021.pdf
2021-01-25,LOCAL COMMERCIAL RICE,Well Milled,White tag,46.00,Price-Monitoring-January-25-2021.pdf
2021-01-25,LOCAL COMMERCIAL RICE,Regular Milled,White tag,40.00,Price-Monitoring-January-25-2021.pdf
2021-01-26,IMPORTED COMMERCIAL RICE,Special,Blue tag,55.00,Price-Monitoring-January-26-2021.pdf
2021-01-26,IMPORTED COMMERCIAL RICE,Premium,Yellow tag,47.00,Price-Monitoring-January-26-2021.pdf
2021-01-26,IMPORTED COMMERCIAL RICE,Well Milled,White tag,44.00,Price-Monitoring-January-26-2021.pdf
2021-01-26,IMPORTED COMMERCIAL RICE,Regular Milled,White tag,38.00,Price-Monitoring-January-26-2021.pdf
2021-01-26,LOCAL COMMERCIAL RICE,Special,Blue tag,57.00,Price-Monitoring-January-26-2021.pdf
2021-01-26,LOCAL COMMERCIAL RICE,Premium,Yellow tag,50.00,Price-Monitoring-January-26-2021.pdf
2021-01-26,LOCAL COMMERCIAL RICE,Well Milled,White tag,45.00,Price-Monitoring-January-26-2021.pdf
2021-01-26,LOCAL COMMERCIAL RICE,Regular Milled,White tag,40.00,Price-Monitoring-January-26-2021.pdf
2021-01-27,IMPORTED COMMERCIAL RICE,Special,Blue tag,55.00,Price-Monitoring-January-27-2021.pdf
2021-01-27,IMPORTED COMMERCIAL RICE,Premium,Yellow tag,47.00,Price-Monitoring-January-27-2021.pdf
2021-01-27,IMPORTED COMMERCIAL RICE,Well Milled,White tag,44.00,Price-Monitoring-January-27-2021.pdf
2021-01-27,IMPORTED COMMERCIAL RICE,Regular Milled,White tag,38.00,Price-Monitoring-January-27-2021.pdf
2021-01-27,LOCAL COMMERCIAL RICE,Special,Blue tag,57.00,Price-Monitoring-January-27-2021.pdf
2021-01-27,LOCAL COMMERCIAL RICE,Premium,Yellow tag,50.00,Price-Monitoring-January-27-2021.pdf
2021-01-27,LOCAL COMMERCIAL RICE,Well Milled,White tag,45.00,Price-Monitoring-January-27-2021.pdf
2021-01-27,LOCAL COMMERCIAL RICE,Regular Milled,White tag,40.00,Price-Monitoring-January-27-2021.pdf
2021-01-28,IMPORTED COMMERCIAL RICE,Special,Blue tag,55.00,Price-Monitoring-January-28-2021.pdf
2021-01-28,IMPORTED COMMERCIAL RICE,Premium,Yellow tag,48.00,Price-Monitoring-January-28-2021.pdf
2021-01-28,IMPORTED COMMERCIAL RICE,Well Milled,White tag,42.00,Price-Monitoring-January-28-2021.pdf
2021-01-28,LOCAL COMMERCIAL RICE,Special,Blue tag,57.00,Price-Monitoring-January-28-2021.pdf
2021-01-28,LOCAL COMMERCIAL RICE,Premium,Yellow tag,50.00,Price-Monitoring-January-28-2021.pdf
2021-01-28,LOCAL COMMERCIAL RICE,Well Milled,White tag,45.00,Price-Monitoring-January-28-2021.pdf
2021-01-28,LOCAL COMMERCIAL RICE,Regular Milled,White tag,40.00,Price-Monitoring-January-28-2021.pdf
2021-01-29,IMPORTED COMMERCIAL RICE,Special,Blue tag,55.00,Price-Monitoring-January-29-2021.pdf
2021-01-29,IMPORTED COMMERCIAL RICE,Premium,Yellow tag,47.00,Price-Monitoring-January-29-2021.pdf
2021-01-29,IMPORTED COMMERCIAL RICE,Well Milled,White tag,42.00,Price-Monitoring-January-29-2021.pdf
2021-01-29,IMPORTED COMMERCIAL RICE,Regular Milled,White tag,38.00,Price-Monitoring-January-29-2021.pdf
2021-01-29,LOCAL COMMERCIAL RICE,Special,Blue tag,57.00,Price-Monitoring-January-29-2021.pdf
2021-01-29,LOCAL COMMERCIAL RICE,Premium,Yellow tag,50.00,Price-Monitoring-January-29-2021.pdf
2021-01-29,LOCAL COMMERCIAL RICE,Well Milled,White tag,45.00,Price-Monitoring-January-29-2021.pdf
2021-01-29,LOCAL COMMERCIAL RICE,Regular Milled,White tag,40.00,Price-Monitoring-January-29-2021.pdf
2021-02-01,IMPORTED COMMERCIAL RICE,Special,Blue tag,55.00,Price-Monitoring-February-01-2021.pdf
2021-02-01,IMPORTED COMMERCIAL RICE,Premium,Yellow tag,47.00,Price-Monitoring-February-01-2021.pdf
2021-02-01,IMPORTED COMMERCIAL RICE,Well Milled,White tag,42.00,Price-Monitoring-February-01-2021.pdf
2021-02-01,LOCAL COMMERCIAL RICE,Special,Blue tag,56.00,Price-Monitoring-February-01-2021.pdf
2021-02-01,LOCAL COMMERCIAL RICE,Premium,Yellow tag,48.00,Price-Monitoring-February-01-2021.pdf
2021-02-01,LOCAL COMMERCIAL RICE,Well Milled,White tag,45.00,Price-Monitoring-February-01-2021.pdf
2021-02-01,LOCAL COMMERCIAL RICE,Regular Milled,White tag,40.00,Price-Monitoring-February-01-2021.pdf
2021-02-02,IMPORTED COMMERCIAL RICE,Special,Blue tag,55.00,Price-Monitoring-February-02-2021.pdf
2021-02-02,IMPORTED COMMERCIAL RICE,Premium,Yellow tag,47.00,Price-Monitoring-February-02-2021.pdf
2021-02-02,IMPORTED COMMERCIAL RICE,Well Milled,White tag,42.00,Price-Monitoring-February-02-2021.pdf
2021-02-02,LOCAL COMMERCIAL RICE,Special,Blue tag,56.00,Price-Monitoring-February-02-2021.pdf
2021-02-02,LOCAL COMMERCIAL RICE,Premium,Yellow tag,48.00,Price-Monitoring-February-02-2021.pdf
2021-02-02,LOCAL COMMERCIAL RICE,Well Milled,White tag,45.00,Price-Monitoring-February-02-2021.pdf
2021-02-02,LOCAL COMMERCIAL RICE,Regular Milled,White tag,40.00,Price-Monitoring-February-02-2021.pdf
2021-02-03,IMPORTED COMMERCIAL RICE,Special,Blue tag,55.00,Price-Monitoring-February-03-2021.pdf
2021-02-03,IMPORTED COMMERCIAL RICE,Premium,Yellow tag,47.00,Price-Monitoring-February-03-2021.pdf
2021-02-03,IMPORTED COMMERCIAL RICE,Well Milled,White tag,42.00,Price-Monitoring-February-03-2021.pdf
2021-02-03,LOCAL COMMERCIAL RICE,Special,Blue tag,56.00,Price-Monitoring-February-03-2021.pdf
2021-02-03,LOCAL COMMERCIAL RICE,Premium,Yellow tag,48.00,Price-Monitoring-February-03-2021.pdf
2021-02-03,LOCAL COMMERCIAL RICE,Well Milled,White tag,45.00,Price-Monitoring-February-03-2021.pdf
2021-02-03,LOCAL COMMERCIAL RICE,Regular Milled,White tag,40.00,Price-Monitoring-February-03-2021.pdf
2021-02-04,IMPORTED COMMERCIAL RICE,Special,Blue tag,55.00,Price-Monitoring-February-04-2021.pdf
2021-02-04,IMPORTED COMMERCIAL RICE,Premium,Yellow tag,47.00,Price-Monitoring-February-04-2021.pdf
2021-02-04,IMPORTED COMMERCIAL RICE,Well Milled,White tag,42.00,Price-Monitoring-February-04-2021.pdf
2021-02-04,LOCAL COMMERCIAL RICE,Special,Blue tag,56.00,Price-Monitoring-February-04-2021.pdf
2021-02-04,LOCAL COMMERCIAL RICE,Premium,Yellow tag,48.00,Price-Monitoring-February-04-2021.pdf
2021-02-04,LOCAL COMMERCIAL RICE,Well Milled,White tag,45.00,Price-Monitoring-February-04-2021.pdf
2021-02-04,LOCAL COMMERCIAL RICE,Regular Milled,White tag,40.00,Price-Monitoring-February-04-2021.pdf
2021-02-05,IMPORTED COMMERCIAL RICE,Special,Blue tag,55.00,Price-Monitoring-February-05-2021.pdf
2021-02-05,IMPORTED COMMERCIAL RICE,Premium,Yellow tag,47.00,Price-Monitoring-February-05-2021.pdf
2021-02-05,IMPORTED COMMERCIAL RICE,Well Milled,White tag,42.00,Price-Monitoring-February-05-2021.pdf
2021-02-05,LOCAL COMMERCIAL RICE,Special,Blue tag,56.00,Price-Monitoring-February-05-2021.pdf
2021-02-05,LOCAL COMMERCIAL RICE,Premium,Yellow tag,48.00,Price-Monitoring-February-05-2021.pdf
2021-02-05,LOCAL COMMERCIAL RICE,Well Milled,White tag,45.00,Price-Monitoring-February-05-2021.pdf
2021-02-05,LOCAL COMMERCIAL RICE,Regular Milled,White tag,40.00,Price-Monitoring-February-05-2021.pdf
2021-02-08,IMPORTED COMMERCIAL RICE,Special,Blue tag,55.00,Price-Monitoring-February-08-2021.pdf
2021-02-08,IMPORTED COMMERCIAL RICE,Premium,Yellow tag,48.00,Price-Monitoring-February-08-2021.pdf
2021-02-08,IMPORTED COMMERCIAL RICE,Well Milled,White tag,42.00,Price-Monitoring-February-08-2021.pdf
2021-02-08,LOCAL COMMERCIAL RICE,Special,Blue tag,56.00,Price-Monitoring-February-08-2021.pdf
2021-02-08,LOCAL COMMERCIAL RICE,Premium,Yellow tag,48.00,Price-Monitoring-February-08-2021.pdf
2021-02-08,LOCAL COMMERCIAL RICE,Well Milled,White tag,45.00,Price-Monitoring-February-08-2021.pdf
2021-02-08,LOCAL COMMERCIAL RICE,Regular Milled,White tag,40.00,Price-Monitoring-February-08-2021.pdf
2021-02-09,IMPORTED COMMERCIAL RICE,Special,Blue tag,53.00,Price-Monitoring-February-09-2021.pdf
2021-02-09,IMPORTED COMMERCIAL RICE,Premium,Yellow tag,48.00,Price-Monitoring-February-09-2021.pdf
2021-02-09,IMPORTED COMMERCIAL RICE,Well Milled,White tag,47.00,Price-Monitoring-February-09-2021.pdf
2021-02-09,LOCAL COMMERCIAL RICE,Special,Blue tag,58.00,Price-Monitoring-February-09-2021.pdf
2021-02-09,LOCAL COMMERCIAL RICE,Premium,Yellow tag,48.00,Price-Monitoring-February-09-2021.pdf
2021-02-09,LOCAL COMMERCIAL RICE,Well Milled,White tag,45.00,Price-Monitoring-February-09-2021.pdf
2021-02-09,LOCAL COMMERCIAL RICE,Regular Milled,White tag,40.00,Price-Monitoring-February-09-2021.pdf
2021-02-10,IMPORTED COMMERCIAL RICE,Special,Blue tag,53.00,Price-Monitoring-February-10-2021.pdf
2021-02-10,IMPORTED COMMERCIAL RICE,Premium,Yellow tag,48.00,Price-Monitoring-February-10-2021.pdf
2021-02-10,IMPORTED COMMERCIAL RICE,Well Milled,White tag,43.00,Price-Monitoring-February-10-2021.pdf
2021-02-10,LOCAL COMMERCIAL RICE,Special,Blue tag,58.00,Price-Monitoring-February-10-2021.pdf
2021-02-10,LOCAL COMMERCIAL RICE,Premium,Yellow tag,48.00,Price-Monitoring-February-10-2021.pdf
2021-02-10,LOCAL COMMERCIAL RICE,Well Milled,White tag,45.00,Price-Monitoring-February-10-2021.pdf
2021-02-10,LOCAL COMMERCIAL RICE,Regular Milled,White tag,40.00,Price-Monitoring-February-10-2021.pdf
2021-02-11,IMPORTED COMMERCIAL RICE,Special,Blue tag,54.00,Price-Monitoring-February-11-2021.pdf
2021-02-11,IMPORTED COMMERCIAL RICE,Premium,Yellow tag,48.00,Price-Monitoring-February-11-2021.pdf
2021-02-11,IMPORTED COMMERCIAL RICE,Well Milled,White tag,43.00,Price-Monitoring-February-11-2021.pdf
2021-02-11,LOCAL COMMERCIAL RICE,Special,Blue tag,58.00,Price-Monitoring-February-11-2021.pdf
2021-02-11,LOCAL COMMERCIAL RICE,Premium,Yellow tag,48.00,Price-Monitoring-February-11-2021.pdf
2021-02-11,LOCAL COMMERCIAL RICE,Well Milled,White tag,45.00,Price-Monitoring-February-11-2021.pdf
2021-02-11,LOCAL COMMERCIAL RICE,Regular Milled,White tag,40.00,Price-Monitoring-February-11-2021.pdf
2021-02-12,IMPORTED COMMERCIAL RICE,Special,Blue tag,53.00,Price-Monitoring-February-12-2021.pdf
2021-02-12,IMPORTED COMMERCIAL RICE,Premium,Yellow tag,48.00,Price-Monitoring-February-12-2021.pdf
2021-02-12,IMPORTED COMMERCIAL RICE,Well Milled,White tag,43.00,Price-Monitoring-February-12-2021.pdf
2021-02-12,LOCAL COMMERCIAL RICE,Special,Blue tag,58.00,Price-Monitoring-February-12-2021.pdf
2021-02-12,LOCAL COMMERCIAL RICE,Premium,Yellow tag,48.00,Price-Monitoring-February-12-2021.pdf
2021-02-12,LOCAL COMMERCIAL RICE,Well Milled,White tag,45.00,Price-Monitoring-February-12-2021.pdf
2021-02-12,LOCAL COMMERCIAL RICE,Regular Milled,White tag,40.00,Price-Monitoring-February-12-2021.pdf
2021-02-15,IMPORTED COMMERCIAL RICE,Special,Blue tag,53.00,Price-Monitoring-February-15-2021.pdf
2021-02-15,IMPORTED COMMERCIAL RICE,Premium,Yellow tag,48.00,Price-Monitoring-February-15-2021.pdf
2021-02-15,IMPORTED COMMERCIAL RICE,Well Milled,White tag,42.00,Price-Monitoring-February-15-2021.pdf
2021-02-15,LOCAL COMMERCIAL RICE,Special,Blue tag,56.00,Price-Monitoring-February-15-2021.pdf
2021-02-15,LOCAL COMMERCIAL RICE,Premium,Yellow tag,48.00,Price-Monitoring-February-15-2021.pdf
2021-02-15,LOCAL COMMERCIAL RICE,Well Milled,White tag,45.00,Price-Monitoring-February-15-2021.pdf
2021-02-15,LOCAL COMMERCIAL RICE,Regular Milled,White tag,40.00,Price-Monitoring-February-15-2021.pdf
2021-02-16,IMPORTED COMMERCIAL RICE,Special,Blue tag,53.00,Price-Monitoring-February-16-2021.pdf
2021-02-16,IMPORTED COMMERCIAL RICE,Premium,Yellow tag,48.00,Price-Monitoring-February-16-2021.pdf
2021-02-16,IMPORTED COMMERCIAL RICE,Well Milled,White tag,43.00,Price-Monitoring-February-16-2021.pdf
2021-02-16,LOCAL COMMERCIAL RICE,Special,Blue tag,56.00,Price-Monitoring-February-16-2021.pdf
2021-02-16,LOCAL COMMERCIAL RICE,Premium,Yellow tag,48.00,Price-Monitoring-February-16-2021.pdf
2021-02-16,LOCAL COMMERCIAL RICE,Well Milled,White tag,45.00,Price-Monitoring-February-16-2021.pdf
2021-02-16,LOCAL COMMERCIAL RICE,Regular Milled,White tag,40.00,Price-Monitoring-February-16-2021.pdf
2021-02-17,IMPORTED COMMERCIAL RICE,Special,Blue tag,53.00,Price-Monitoring-February-17-2021.pdf
2021-02-17,IMPORTED COMMERCIAL RICE,Premium,Yellow tag,48.00,Price-Monitoring-February-17-2021.pdf
2021-02-17,IMPORTED COMMERCIAL RICE,Well Milled,White tag,43.00,Price-Monitoring-February-17-2021.pdf
2021-02-17,LOCAL COMMERCIAL RICE,Special,Blue tag,56.00,Price-Monitoring-February-17-2021.pdf
2021-02-17,LOCAL COMMERCIAL RICE,Premium,Yellow tag,48.00,Price-Monitoring-February-17-2021.pdf
2021-02-17,LOCAL COMMERCIAL RICE,Well Milled,White tag,45.00,Price-Monitoring-February-17-2021.pdf
2021-02-17,LOCAL COMMERCIAL RICE,Regular Milled,White tag,40.00,Price-Monitoring-February-17-2021.pdf
2021-02-18,IMPORTED COMMERCIAL RICE,Special,Blue tag,53.00,Price-Monitoring-February-18-2021.pdf
2021-02-18,IMPORTED COMMERCIAL RICE,Premium,Yellow tag,48.00,Price-Monitoring-February-18-2021.pdf
2021-02-18,IMPORTED COMMERCIAL RICE,Well Milled,White tag,43.00,Price-Monitoring-February-18-2021.pdf
2021-02-18,LOCAL COMMERCIAL RICE,Special,Blue tag,56.00,Price-Monitoring-February-18-2021.pdf
2021-02-18,LOCAL COMMERCIAL RICE,Premium,Yellow tag,48.00,Price-Monitoring-February-18-2021.pdf
2021-02-18,LOCAL COMMERCIAL RICE,Well Milled,White tag,45.00,Price-Monitoring-February-18-2021.pdf
2021-02-18,LOCAL COMMERCIAL RICE,Regular Milled,White tag,40.00,Price-Monitoring-February-18-2021.pdf
2021-02-19,IMPORTED COMMERCIAL RICE,Special,Blue tag,53.00,Price-Monitoring-February-19-2021.pdf
2021-02-19,IMPORTED COMMERCIAL RICE,Premium,Yellow tag,48.00,Price-Monitoring-February-19-2021.pdf
2021-02-19,IMPORTED COMMERCIAL RICE,Well Milled,White tag,42.00,Price-Monitoring-February-19-2021.pdf
2021-02-19,LOCAL COMMERCIAL RICE,Special,Blue tag,56.00,Price-Monitoring-February-19-2021.pdf
2021-02-19,LOCAL COMMERCIAL RICE,Premium,Yellow tag,48.00,Price-Monitoring-February-19-2021.pdf
2021-02-19,LOCAL COMMERCIAL RICE,Well Milled,White tag,45.00,Price-Monitoring-February-19-2021.pdf
2021-02-19,LOCAL COMMERCIAL RICE,Regular Milled,White tag,40.00,Price-Monitoring-February-19-2021.pdf
2021-02-22,IMPORTED COMMERCIAL RICE,Special,Blue tag,53.00,Price-Monitoring-February-22-2021.pdf
2021-02-22,IMPORTED COMMERCIAL RICE,Premium,Yellow tag,48.00,Price-Monitoring-February-22-2021.pdf
2021-02-22,IMPORTED COMMERCIAL RICE,Well Milled,White tag,47.00,Price-Monitoring-February-22-2021.pdf
2021-02-22,LOCAL COMMERCIAL RICE,Special,Blue tag,56.00,Price-Monitoring-February-22-2021.pdf
2021-02-22,LOCAL COMMERCIAL RICE,Premium,Yellow tag,48.00,Price-Monitoring-February-22-2021.pdf
2021-02-22,LOCAL COMMERCIAL RICE,Well Milled,White tag,45.00,Price-Monitoring-February-22-2021.pdf
2021-02-22,LOCAL COMMERCIAL RICE,Regular Milled,White tag,40.00,Price-Monitoring-February-22-2021.pdf
2021-02-23,IMPORTED COMMERCIAL RICE,Special,Blue tag,53.00,Price-Monitoring-February-23-2021.pdf
2021-02-23,IMPORTED COMMERCIAL RICE,Premium,Yellow tag,48.00,Price-Monitoring-February-23-2021.pdf
2021-02-23,IMPORTED COMMERCIAL RICE,Well Milled,White tag,47.00,Price-Monitoring-February-23-2021.pdf
2021-02-23,LOCAL COMMERCIAL RICE,Special,Blue tag,56.00,Price-Monitoring-February-23-2021.pdf
2021-02-23,LOCAL COMMERCIAL RICE,Premium,Yellow tag,48.00,Price-Monitoring-February-23-2021.pdf
2021-02-23,LOCAL COMMERCIAL RICE,Well Milled,White tag,45.00,Price-Monitoring-February-23-2021.pdf
2021-02-23,LOCAL COMMERCIAL RICE,Regular Milled,White tag,40.00,Price-Monitoring-February-23-2021.pdf
2021-02-24,IMPORTED COMMERCIAL RICE,Special,Blue tag,53.00,Price-Monitoring-February-24-2021.pdf
2021-02-24,IMPORTED COMMERCIAL RICE,Premium,Yellow tag,48.00,Price-Monitoring-February-24-2021.pdf
2021-02-24,IMPORTED COMMERCIAL RICE,Well Milled,White tag,47.00,Price-Monitoring-February-24-2021.pdf
2021-02-24,LOCAL COMMERCIAL RICE,Special,Blue tag,56.00,Price-Monitoring-February-24-2021.pdf
2021-02-24,LOCAL COMMERCIAL RICE,Premium,Yellow tag,48.00,Price-Monitoring-February-24-2021.pdf
2021-02-24,LOCAL COMMERCIAL RICE,Well Milled,White tag,45.00,Price-Monitoring-February-24-2021.pdf
2021-02-24,LOCAL COMMERCIAL RICE,Regular Milled,White tag,40.00,Price-Monitoring-February-24-2021.pdf
2021-02-25,IMPORTED COMMERCIAL RICE,Special,Blue tag,53.00,Price-Monitoring-February-25-2021.pdf
2021-02-25,IMPORTED COMMERCIAL RICE,Premium,Yellow tag,48.00,Price-Monitoring-February-25-2021.pdf
2021-02-25,IMPORTED COMMERCIAL RICE,Well Milled,White tag,47.00,Price-Monitoring-February-25-2021.pdf
2021-02-25,LOCAL COMMERCIAL RICE,Special,Blue tag,56.00,Price-Monitoring-February-25-2021.pdf
2021-02-25,LOCAL COMMERCIAL RICE,Premium,Yellow tag,48.00,Price-Monitoring-February-25-2021.pdf
2021-02-25,LOCAL COMMERCIAL RICE,Well Milled,White tag,45.00,Price-Monitoring-February-25-2021.pdf
2021-02-25,LOCAL COMMERCIAL RICE,Regular Milled,White tag,40.00,Price-Monitoring-February-25-2021.pdf
2021-02-26,IMPORTED COMMERCIAL RICE,Special,Blue tag,53.00,Price-Monitoring-February-26-2021.pdf
2021-02-26,IMPORTED COMMERCIAL RICE,Premium,Yellow tag,48.00,Price-Monitoring-February-26-2021.pdf
2021-02-26,IMPORTED COMMERCIAL RICE,Well Milled,White tag,47.00,Price-Monitoring-February-26-2021.pdf
2021-02-26,LOCAL COMMERCIAL RICE,Special,Blue tag,66.00,Price-Monitoring-February-26-2021.pdf
2021-02-26,LOCAL COMMERCIAL RICE,Premium,Yellow tag,48.00,Price-Monitoring-February-26-2021.pdf
2021-02-26,LOCAL COMMERCIAL RICE,Well Milled,White tag,45.00,Price-Monitoring-February-26-2021.pdf
2021-02-26,LOCAL COMMERCIAL RICE,Regular Milled,White tag,40.00,Price-Monitoring-February-26-2021.pdf
2021-03-01,IMPORTED COMMERCIAL RICE,Special,Blue tag,53.00,Price-Monitoring-March-01-2021.pdf
2021-03-01,IMPORTED COMMERCIAL RICE,Premium,Yellow tag,52.00,Price-Monitoring-March-01-2021.pdf
2021-03-01,IMPORTED COMMERCIAL RICE,Well Milled,White tag,47.00,Price-Monitoring-March-01-2021.pdf
2021-03-01,LOCAL COMMERCIAL RICE,Special,Blue tag,58.00,Price-Monitoring-March-01-2021.pdf
2021-03-01,LOCAL COMMERCIAL RICE,Premium,Yellow tag,48.00,Price-Monitoring-March-01-2021.pdf
2021-03-01,LOCAL COMMERCIAL RICE,Well Milled,White tag,45.00,Price-Monitoring-March-01-2021.pdf
2021-03-01,LOCAL COMMERCIAL RICE,Regular Milled,White tag,40.00,Price-Monitoring-March-01-2021.pdf
2021-03-02,IMPORTED COMMERCIAL RICE,Special,Blue tag,53.00,Price-Monitoring-March-02-2021.pdf
2021-03-02,IMPORTED COMMERCIAL RICE,Premium,Yellow tag,48.00,Price-Monitoring-March-02-2021.pdf
2021-03-02,IMPORTED COMMERCIAL RICE,Well Milled,White tag,47.00,Price-Monitoring-March-02-2021.pdf
2021-03-02,LOCAL COMMERCIAL RICE,Special,Blue tag,58.00,Price-Monitoring-March-02-2021.pdf
2021-03-02,LOCAL COMMERCIAL RICE,Premium,Yellow tag,48.00,Price-Monitoring-March-02-2021.pdf
2021-03-02,LOCAL COMMERCIAL RICE,Well Milled,White tag,45.00,Price-Monitoring-March-02-2021.pdf
2021-03-02,LOCAL COMMERCIAL RICE,Regular Milled,White tag,40.00,Price-Monitoring-March-02-2021.pdf
2021-03-03,IMPORTED COMMERCIAL RICE,Special,Blue tag,53.00,Price-Monitoring-March-03-2021.pdf
2021-03-03,IMPORTED COMMERCIAL RICE,Premium,Yellow tag,48.00,Price-Monitoring-March-03-2021.pdf
2021-03-03,IMPORTED COMMERCIAL RICE,Well Milled,White tag,47.00,Price-Monitoring-March-03-2021.pdf
2021-03-03,LOCAL COMMERCIAL RICE,Special,Blue tag,58.00,Price-Monitoring-March-03-2021.pdf
2021-03-03,LOCAL COMMERCIAL RICE,Premium,Yellow tag,48.00,Price-Monitoring-March-03-2021.pdf
2021-03-03,LOCAL COMMERCIAL RICE,Well Milled,White tag,45.00,Price-Monitoring-March-03-2021.pdf
2021-03-03,LOCAL COMMERCIAL RICE,Regular Milled,White tag,40.00,Price-Monitoring-March-03-2021.pdf
2021-03-04,IMPORTED COMMERCIAL RICE,Special,Blue tag,53.00,Price-Monitoring-March-04-2021.pdf
2021-03-04,IMPORTED COMMERCIAL RICE,Premium,Yellow tag,48.00,Price-Monitoring-March-04-2021.pdf
2021-03-04,IMPORTED COMMERCIAL RICE,Well Milled,White tag,47.00,Price-Monitoring-March-04-2021.pdf
2021-03-04,LOCAL COMMERCIAL RICE,Special,Blue tag,58.00,Price-Monitoring-March-04-2021.pdf
2021-03-04,LOCAL COMMERCIAL RICE,Premium,Yellow tag,48.00,Price-Monitoring-March-04-2021.pdf
2021-03-04,LOCAL COMMERCIAL RICE,Well Milled,White tag,45.00,Price-Monitoring-March-04-2021.pdf
2021-03-04,LOCAL COMMERCIAL RICE,Regular Milled,White tag,40.00,Price-Monitoring-March-04-2021.pdf
2021-03-05,IMPORTED COMMERCIAL RICE,Special,Blue tag,53.00,Price-Monitoring-March-05-2021.pdf
2021-03-05,IMPORTED COMMERCIAL RICE,Premium,Yellow tag,48.00,Price-Monitoring-March-05-2021.pdf
2021-03-05,IMPORTED COMMERCIAL RICE,Well Milled,White tag,47.00,Price-Monitoring-March-05-2021.pdf
2021-03-05,LOCAL COMMERCIAL RICE,Special,Blue tag,58.00,Price-Monitoring-March-05-2021.pdf
2021-03-05,LOCAL COMMERCIAL RICE,Premium,Yellow tag,48.00,Price-Monitoring-March-05-2021.pdf
2021-03-05,LOCAL COMMERCIAL RICE,Well Milled,White tag,45.00,Price-Monitoring-March-05-2021.pdf
2021-03-05,LOCAL COMMERCIAL RICE,Regular Milled,White tag,40.00,Price-Monitoring-March-05-2021.pdf
2021-03-08,IMPORTED COMMERCIAL RICE,Special,Blue tag,53.00,Price-Monitoring-March-08-2021.pdf
2021-03-08,IMPORTED COMMERCIAL RICE,Premium,Yellow tag,48.00,Price-Monitoring-March-08-2021.pdf
2021-03-08,IMPORTED COMMERCIAL RICE,Well Milled,White tag,47.00,Price-Monitoring-March-08-2021.pdf
2021-03-08,LOCAL COMMERCIAL RICE,Special,Blue tag,58.00,Price-Monitoring-March-08-2021.pdf
2021-03-08,LOCAL COMMERCIAL RICE,Premium,Yellow tag,48.00,Price-Monitoring-March-08-2021.pdf
2021-03-08,LOCAL COMMERCIAL RICE,Well Milled,White tag,45.00,Price-Monitoring-March-08-2021.pdf
2021-03-08,LOCAL COMMERCIAL RICE,Regular Milled,White tag,40.00,Price-Monitoring-March-08-2021.pdf
2021-03-09,IMPORTED COMMERCIAL RICE,Special,Blue tag,53.00,Price-Monitoring-March-09-2021.pdf
2021-03-09,IMPORTED COMMERCIAL RICE,Premium,Yellow tag,48.00,Price-Monitoring-March-09-2021.pdf
2021-03-09,IMPORTED COMMERCIAL RICE,Well Milled,White tag,47.00,Price-Monitoring-March-09-2021.pdf
2021-03-09,LOCAL COMMERCIAL RICE,Special,Blue tag,58.00,Price-Monitoring-March-09-2021.pdf
2021-03-09,LOCAL COMMERCIAL RICE,Premium,Yellow tag,48.00,Price-Monitoring-March-09-2021.pdf
2021-03-09,LOCAL COMMERCIAL RICE,Well Milled,White tag,45.00,Price-Monitoring-March-09-2021.pdf
2021-03-09,LOCAL COMMERCIAL RICE,Regular Milled,White tag,40.00,Price-Monitoring-March-09-2021.pdf
2021-03-10,IMPORTED COMMERCIAL RICE,Special,Blue tag,53.00,Price-Monitoring-March-10-2021.pdf
2021-03-10,IMPORTED COMMERCIAL RICE,Premium,Yellow tag,48.00,Price-Monitoring-March-10-2021.pdf
2021-03-10,IMPORTED COMMERCIAL RICE,Well Milled,White tag,47.00,Price-Monitoring-March-10-2021.pdf
2021-03-10,LOCAL COMMERCIAL RICE,Special,Blue tag,58.00,Price-Monitoring-March-10-2021.pdf
2021-03-10,LOCAL COMMERCIAL RICE,Premium,Yellow tag,48.00,Price-Monitoring-March-10-2021.pdf
2021-03-10,LOCAL COMMERCIAL RICE,Well Milled,White tag,45.00,Price-Monitoring-March-10-2021.pdf
2021-03-10,LOCAL COMMERCIAL RICE,Regular Milled,White tag,40.00,Price-Monitoring-March-10-2021.pdf
2021-03-11,IMPORTED COMMERCIAL RICE,Special,Blue tag,53.00,Price-Monitoring-March-11-2021.pdf
2021-03-11,IMPORTED COMMERCIAL RICE,Premium,Yellow tag,48.00,Price-Monitoring-March-11-2021.pdf
2021-03-11,IMPORTED COMMERCIAL RICE,Well Milled,White tag,47.00,Price-Monitoring-March-11-2021.pdf
2021-03-11,LOCAL COMMERCIAL RICE,Special,Blue tag,58.00,Price-Monitoring-March-11-2021.pdf
2021-03-11,LOCAL COMMERCIAL RICE,Premium,Yellow tag,48.00,Price-Monitoring-March-11-2021.pdf
2021-03-11,LOCAL COMMERCIAL RICE,Well Milled,White tag,45.00,Price-Monitoring-March-11-2021.pdf
2021-03-11,LOCAL COMMERCIAL RICE,Regular Milled,White tag,40.00,Price-Monitoring-March-11-2021.pdf
2021-03-12,IMPORTED COMMERCIAL RICE,Special,Blue tag,53.00,Price-Monitoring-March-12-2021.pdf
2021-03-12,IMPORTED COMMERCIAL RICE,Premium,Yellow tag,48.00,Price-Monitoring-March-12-2021.pdf
2021-03-12,IMPORTED COMMERCIAL RICE,Well Milled,White tag,47.00,Price-Monitoring-March-12-2021.pdf
2021-03-12,LOCAL COMMERCIAL RICE,Special,Blue tag,58.00,Price-Monitoring-March-12-2021.pdf
2021-03-12,LOCAL COMMERCIAL RICE,Premium,Yellow tag,48.00,Price-Monitoring-March-12-2021.pdf
2021-03-12,LOCAL COMMERCIAL RICE,Well Milled,White tag,47.00,Price-Monitoring-March-12-2021.pdf
2021-03-12,LOCAL COMMERCIAL RICE,Regular Milled,White tag,40.00,Price-Monitoring-March-12-2021.pdf
2021-03-15,IMPORTED COMMERCIAL RICE,Special,Blue tag,53.00,Price-Monitoring-March-15-2021.pdf
2021-03-15,IMPORTED COMMERCIAL RICE,Premium,Yellow tag,48.00,Price-Monitoring-March-15-2021.pdf
2021-03-15,IMPORTED COMMERCIAL RICE,Well Milled,White tag,47.00,Price-Monitoring-March-15-2021.pdf
2021-03-15,LOCAL COMMERCIAL RICE,Special,Blue tag,58.00,Price-Monitoring-March-15-2021.pdf
2021-03-15,LOCAL COMMERCIAL RICE,Premium,Yellow tag,48.00,Price-Monitoring-March-15-2021.pdf
2021-03-15,LOCAL COMMERCIAL RICE,Well Milled,White tag,47.00,Price-Monitoring-March-15-2021.pdf
2021-03-15,LOCAL COMMERCIAL RICE,Regular Milled,White tag,40.00,Price-Monitoring-March-15-2021.pdf
2021-03-16,IMPORTED COMMERCIAL RICE,Special,Blue tag,53.00,Price-Monitoring-March-16-2021.pdf
2021-03-16,IMPORTED COMMERCIAL RICE,Premium,Yellow tag,48.00,Price-Monitoring-March-16-2021.pdf
2021-03-16,IMPORTED COMMERCIAL RICE,Well Milled,White tag,47.00,Price-Monitoring-March-16-2021.pdf
2021-03-16,LOCAL COMMERCIAL RICE,Special,Blue tag,58.00,Price-Monitoring-March-16-2021.pdf
2021-03-16,LOCAL COMMERCIAL RICE,Premium,Yellow tag,48.00,Price-Monitoring-March-16-2021.pdf
2021-03-16,LOCAL COMMERCIAL RICE,Well Milled,White tag,47.00,Price-Monitoring-March-16-2021.pdf
2021-03-16,LOCAL COMMERCIAL RICE,Regular Milled,White tag,40.00,Price-Monitoring-March-16-2021.pdf
2021-03-17,IMPORTED COMMERCIAL RICE,Special,Blue tag,53.00,Price-Monitoring-March-17-2021.pdf
2021-03-17,IMPORTED COMMERCIAL RICE,Premium,Yellow tag,48.00,Price-Monitoring-March-17-2021.pdf
2021-03-17,IMPORTED COMMERCIAL RICE,Well Milled,White tag,47.00,Price-Monitoring-March-17-2021.pdf
2021-03-17,LOCAL COMMERCIAL RICE,Special,Blue tag,58.00,Price-Monitoring-March-17-2021.pdf
2021-03-17,LOCAL COMMERCIAL RICE,Premium,Yellow tag,48.00,Price-Monitoring-March-17-2021.pdf
2021-03-17,LOCAL COMMERCIAL RICE,Well Milled,White tag,47.00,Price-Monitoring-March-17-2021.pdf
2021-03-17,LOCAL COMMERCIAL RICE,Regular Milled,White tag,40.00,Price-Monitoring-March-17-2021.pdf
2021-03-18,IMPORTED COMMERCIAL RICE,Special,Blue tag,53.00,Price-Monitoring-March-18-2021.pdf
2021-03-18,IMPORTED COMMERCIAL RICE,Premium,Yellow tag,48.00,Price-Monitoring-March-18-2021.pdf
2021-03-18,IMPORTED COMMERCIAL RICE,Well Milled,White tag,47.00,Price-Monitoring-March-18-2021.pdf
2021-03-18,LOCAL COMMERCIAL RICE,Special,Blue tag,58.00,Price-Monitoring-March-18-2021.pdf
2021-03-18,LOCAL COMMERCIAL RICE,Premium,Yellow tag,48.00,Price-Monitoring-March-18-2021.pdf
2021-03-18,LOCAL COMMERCIAL RICE,Well Milled,White tag,47.00,Price-Monitoring-March-18-2021.pdf
2021-03-18,LOCAL COMMERCIAL RICE,Regular Milled,White tag,40.00,Price-Monitoring-March-18-2021.pdf
2021-03-19,IMPORTED COMMERCIAL RICE,Special,Blue tag,52.00,Price-Monitoring-March-19-2021.pdf
2021-03-19,IMPORTED COMMERCIAL RICE,Premium,Yellow tag,48.00,Price-Monitoring-March-19-2021.pdf
2021-03-19,IMPORTED COMMERCIAL RICE,Well Milled,White tag,47.00,Price-Monitoring-March-19-2021.pdf
2021-03-19,LOCAL COMMERCIAL RICE,Special,Blue tag,56.00,Price-Monitoring-March-19-2021.pdf
2021-03-19,LOCAL COMMERCIAL RICE,Premium,Yellow tag,48.00,Price-Monitoring-March-19-2021.pdf
2021-03-19,LOCAL COMMERCIAL RICE,Well Milled,White tag,47.00,Price-Monitoring-March-19-2021.pdf
2021-03-19,LOCAL COMMERCIAL RICE,Regular Milled,White tag,40.00,Price-Monitoring-March-19-2021.pdf
2021-03-22,IMPORTED COMMERCIAL RICE,Special,Blue tag,55.00,Price-Monitoring-March-22-2021.pdf
2021-03-22,IMPORTED COMMERCIAL RICE,Premium,Yellow tag,48.00,Price-Monitoring-March-22-2021.pdf
2021-03-22,IMPORTED COMMERCIAL RICE,Well Milled,White tag,47.00,Price-Monitoring-March-22-2021.pdf
2021-03-22,LOCAL COMMERCIAL RICE,Special,Blue tag,56.00,Price-Monitoring-March-22-2021.pdf
2021-03-22,LOCAL COMMERCIAL RICE,Premium,Yellow tag,48.00,Price-Monitoring-March-22-2021.pdf
2021-03-22,LOCAL COMMERCIAL RICE,Well Milled,White tag,47.00,Price-Monitoring-March-22-2021.pdf
2021-03-22,LOCAL COMMERCIAL RICE,Regular Milled,White tag,40.00,Price-Monitoring-March-22-2021.pdf
2021-03-23,IMPORTED COMMERCIAL RICE,Special,Blue tag,55.00,Price-Monitoring-March-23-2021.pdf
2021-03-23,IMPORTED COMMERCIAL RICE,Premium,Yellow tag,48.00,Price-Monitoring-March-23-2021.pdf
2021-03-23,IMPORTED COMMERCIAL RICE,Well Milled,White tag,47.00,Price-Monitoring-March-23-2021.pdf
2021-03-23,LOCAL COMMERCIAL RICE,Special,Blue tag,56.00,Price-Monitoring-March-23-2021.pdf
2021-03-23,LOCAL COMMERCIAL RICE,Premium,Yellow tag,48.00,Price-Monitoring-March-23-2021.pdf
2021-03-23,LOCAL COMMERCIAL RICE,Well Milled,White tag,47.00,Price-Monitoring-March-23-2021.pdf
2021-03-23,LOCAL COMMERCIAL RICE,Regular Milled,White tag,40.00,Price-Monitoring-March-23-2021.pdf
2021-03-24,IMPORTED COMMERCIAL RICE,Special,Blue tag,55.00,Price-Monitoring-March-24-2021.pdf
2021-03-24,IMPORTED COMMERCIAL RICE,Premium,Yellow tag,48.00,Price-Monitoring-March-24-2021.pdf
2021-03-24,IMPORTED COMMERCIAL RICE,Well Milled,White tag,47.00,Price-Monitoring-March-24-2021.pdf
2021-03-24,LOCAL COMMERCIAL RICE,Special,Blue tag,56.00,Price-Monitoring-March-24-2021.pdf
2021-03-24,LOCAL COMMERCIAL RICE,Premium,Yellow tag,48.00,Price-Monitoring-March-24-2021.pdf
2021-03-24,LOCAL COMMERCIAL RICE,Well Milled,White tag,46.00,Price-Monitoring-March-24-2021.pdf
2021-03-24,LOCAL COMMERCIAL RICE,Regular Milled,White tag,40.00,Price-Monitoring-March-24-2021.pdf
2021-03-25,IMPORTED COMMERCIAL RICE,Special,Blue tag,55.00,Price-Monitoring-March-25-2021.pdf
2021-03-25,IMPORTED COMMERCIAL RICE,Premium,Yellow tag,48.00,Price-Monitoring-March-25-2021.pdf
2021-03-25,IMPORTED COMMERCIAL RICE,Well Milled,White tag,47.00,Price-Monitoring-March-25-2021.pdf
2021-03-25,LOCAL COMMERCIAL RICE,Special,Blue tag,56.00,Price-Monitoring-March-25-2021.pdf
2021-03-25,LOCAL COMMERCIAL RICE,Premium,Yellow tag,48.00,Price-Monitoring-March-25-2021.pdf
2021-03-25,LOCAL COMMERCIAL RICE,Well Milled,White tag,45.00,Price-Monitoring-March-25-2021.pdf
2021-03-25,LOCAL COMMERCIAL RICE,Regular Milled,White tag,40.00,Price-Monitoring-March-25-2021.pdf
2021-03-26,IMPORTED COMMERCIAL RICE,Special,Blue tag,55.00,Price-Monitoring-March-26-2021.pdf
2021-03-26,IMPORTED COMMERCIAL RICE,Premium,Yellow tag,48.00,Price-Monitoring-March-26-2021.pdf
2021-03-26,IMPORTED COMMERCIAL RICE,Well Milled,White tag,47.00,Price-Monitoring-March-26-2021.pdf
2021-03-26,LOCAL COMMERCIAL RICE,Special,Blue tag,56.00,Price-Monitoring-March-26-2021.pdf
2021-03-26,LOCAL COMMERCIAL RICE,Premium,Yellow tag,48.00,Price-Monitoring-March-26-2021.pdf
2021-03-26,LOCAL COMMERCIAL RICE,Well Milled,White tag,45.00,Price-Monitoring-March-26-2021.pdf
2021-03-26,LOCAL COMMERCIAL RICE,Regular Milled,White tag,40.00,Price-Monitoring-March-26-2021.pdf
2021-03-29,IMPORTED COMMERCIAL RICE,Special,Blue tag,55.00,Price-Monitoring-March-29-2021.pdf
2021-03-29,IMPORTED COMMERCIAL RICE,Premium,Yellow tag,48.00,Price-Monitoring-March-29-2021.pdf
2021-03-29,IMPORTED COMMERCIAL RICE,Well Milled,White tag,47.00,Price-Monitoring-March-29-2021.pdf
2021-03-29,LOCAL COMMERCIAL RICE,Special,Blue tag,56.00,Price-Monitoring-March-29-2021.pdf
2021-03-29,LOCAL COMMERCIAL RICE,Premium,Yellow tag,48.00,Price-Monitoring-March-29-2021.pdf
2021-03-29,LOCAL COMMERCIAL RICE,Well Milled,White tag,45.00,Price-Monitoring-March-29-2021.pdf
2021-03-29,LOCAL COMMERCIAL RICE,Regular Milled,White tag,40.00,Price-Monitoring-March-29-2021.pdf
2021-03-30,IMPORTED COMMERCIAL RICE,Special,Blue tag,55.00,Price-Monitoring-March-30-2021.pdf
2021-03-30,IMPORTED COMMERCIAL RICE,Premium,Yellow tag,48.00,Price-Monitoring-March-30-2021.pdf
2021-03-30,IMPORTED COMMERCIAL RICE,Well Milled,White tag,47.00,Price-Monitoring-March-30-2021.pdf
2021-03-30,LOCAL COMMERCIAL RICE,Special,Blue tag,56.00,Price-Monitoring-March-30-2021.pdf
2021-03-30,LOCAL COMMERCIAL RICE,Premium,Yellow tag,48.00,Price-Monitoring-March-30-2021.pdf
2021-03-30,LOCAL COMMERCIAL RICE,Well Milled,White tag,45.00,Price-Monitoring-March-30-2021.pdf
2021-03-30,LOCAL COMMERCIAL RICE,Regular Milled,White tag,40.00,Price-Monitoring-March-30-2021.pdf
2021-03-31,IMPORTED COMMERCIAL RICE,Special,Blue tag,55.00,Price-Monitoring-March-31-2021.pdf
2021-03-31,IMPORTED COMMERCIAL RICE,Premium,Yellow tag,48.00,Price-Monitoring-March-31-2021.pdf
2021-03-31,IMPORTED COMMERCIAL RICE,Well Milled,White tag,47.00,Price-Monitoring-March-31-2021.pdf
2021-03-31,LOCAL COMMERCIAL RICE,Special,Blue tag,56.00,Price-Monitoring-March-31-2021.pdf
2021-03-31,LOCAL COMMERCIAL RICE,Premium,Yellow tag,48.00,Price-Monitoring-March-31-2021.pdf
2021-03-31,LOCAL COMMERCIAL RICE,Well Milled,White tag,45.00,Price-Monitoring-March-31-2021.pdf
2021-03-31,LOCAL COMMERCIAL RICE,Regular Milled,White tag,40.00,Price-Monitoring-March-31-2021.pdf
2021-04-05,IMPORTED COMMERCIAL RICE,Special,Blue tag,55.00,Price-Monitoring-April-5-2021.pdf
2021-04-05,IMPORTED COMMERCIAL RICE,Premium,Yellow tag,48.00,Price-Monitoring-April-5-2021.pdf
2021-04-05,IMPORTED COMMERCIAL RICE,Well Milled,White tag,47.00,Price-Monitoring-April-5-2021.pdf
2021-04-05,LOCAL COMMERCIAL RICE,Special,Blue tag,56.00,Price-Monitoring-April-5-2021.pdf
2021-04-05,LOCAL COMMERCIAL RICE,Premium,Yellow tag,56.00,Price-Monitoring-April-5-2021.pdf
2021-04-05,LOCAL COMMERCIAL RICE,Well Milled,White tag,48.00,Price-Monitoring-April-5-2021.pdf
2021-04-05,LOCAL COMMERCIAL RICE,Regular Milled,White tag,40.00,Price-Monitoring-April-5-2021.pdf
2021-04-06,IMPORTED COMMERCIAL RICE,Special,Blue tag,55.00,Price-Monitoring-April-6-2021.pdf
2021-04-06,IMPORTED COMMERCIAL RICE,Premium,Yellow tag,48.00,Price-Monitoring-April-6-2021.pdf
2021-04-06,IMPORTED COMMERCIAL RICE,Well Milled,White tag,47.00,Price-Monitoring-April-6-2021.pdf
2021-04-06,LOCAL COMMERCIAL RICE,Special,Blue tag,56.00,Price-Monitoring-April-6-2021.pdf
2021-04-06,LOCAL COMMERCIAL RICE,Premium,Yellow tag,56.00,Price-Monitoring-April-6-2021.pdf
2021-04-06,LOCAL COMMERCIAL RICE,Well Milled,White tag,48.00,Price-Monitoring-April-6-2021.pdf
2021-04-06,LOCAL COMMERCIAL RICE,Regular Milled,White tag,40.00,Price-Monitoring-April-6-2021.pdf
2021-04-07,IMPORTED COMMERCIAL RICE,Special,Blue tag,55.00,Price-Monitoring-April-7-2021.pdf
2021-04-07,IMPORTED COMMERCIAL RICE,Premium,Yellow tag,48.00,Price-Monitoring-April-7-2021.pdf
2021-04-07,IMPORTED COMMERCIAL RICE,Well Milled,White tag,47.00,Price-Monitoring-April-7-2021.pdf
2021-04-07,LOCAL COMMERCIAL RICE,Special,Blue tag,56.00,Price-Monitoring-April-7-2021.pdf
2021-04-07,LOCAL COMMERCIAL RICE,Premium,Yellow tag,48.00,Price-Monitoring-April-7-2021.pdf
2021-04-07,LOCAL COMMERCIAL RICE,Well Milled,White tag,45.00,Price-Monitoring-April-7-2021.pdf
2021-04-07,LOCAL COMMERCIAL RICE,Regular Milled,White tag,40.00,Price-Monitoring-April-7-2021.pdf
2021-04-08,IMPORTED COMMERCIAL RICE,Special,Blue tag,55.00,Price-Monitoring-April-8-2021.pdf
2021-04-08,IMPORTED COMMERCIAL RICE,Premium,Yellow tag,48.00,Price-Monitoring-April-8-2021.pdf
2021-04-08,IMPORTED COMMERCIAL RICE,Well Milled,White tag,47.00,Price-Monitoring-April-8-2021.pdf
2021-04-08,LOCAL COMMERCIAL RICE,Special,Blue tag,56.00,Price-Monitoring-April-8-2021.pdf
2021-04-08,LOCAL COMMERCIAL RICE,Premium,Yellow tag,56.00,Price-Monitoring-April-8-2021.pdf
2021-04-08,LOCAL COMMERCIAL RICE,Well Milled,White tag,48.00,Price-Monitoring-April-8-2021.pdf
2021-04-08,LOCAL COMMERCIAL RICE,Regular Milled,White tag,40.00,Price-Monitoring-April-8-2021.pdf
2021-04-09,IMPORTED COMMERCIAL RICE,Special,Blue tag,55.00,Price-Monitoring-April-9-2021.pdf
2021-04-09,IMPORTED COMMERCIAL RICE,Premium,Yellow tag,48.00,Price-Monitoring-April-9-2021.pdf
2021-04-09,IMPORTED COMMERCIAL RICE,Well Milled,White tag,47.00,Price-Monitoring-April-9-2021.pdf
2021-04-09,LOCAL COMMERCIAL RICE,Special,Blue tag,58.00,Price-Monitoring-April-9-2021.pdf
2021-04-09,LOCAL COMMERCIAL RICE,Premium,Yellow tag,56.00,Price-Monitoring-April-9-2021.pdf
2021-04-09,LOCAL COMMERCIAL RICE,Well Milled,White tag,48.00,Price-Monitoring-April-9-2021.pdf
2021-04-09,LOCAL COMMERCIAL RICE,Regular Milled,White tag,40.00,Price-Monitoring-April-9-2021.pdf
2021-04-12,IMPORTED COMMERCIAL RICE,Special,Blue tag,55.00,Price-Monitoring-April-12-2021.pdf
2021-04-12,IMPORTED COMMERCIAL RICE,Premium,Yellow tag,48.00,Price-Monitoring-April-12-2021.pdf
2021-04-12,IMPORTED COMMERCIAL RICE,Well Milled,White tag,47.00,Price-Monitoring-April-12-2021.pdf
2021-04-12,LOCAL COMMERCIAL RICE,Special,Blue tag,58.00,Price-Monitoring-April-12-2021.pdf
2021-04-12,LOCAL COMMERCIAL RICE,Premium,Yellow tag,56.00,Price-Monitoring-April-12-2021.pdf
2021-04-12,LOCAL COMMERCIAL RICE,Well Milled,White tag,48.00,Price-Monitoring-April-12-2021.pdf
2021-04-12,LOCAL COMMERCIAL RICE,Regular Milled,White tag,42.00,Price-Monitoring-April-12-2021.pdf
2021-04-13,IMPORTED COMMERCIAL RICE,Special,Blue tag,55.00,Price-Monitoring-April-13-2021.pdf
2021-04-13,IMPORTED COMMERCIAL RICE,Premium,Yellow tag,48.00,Price-Monitoring-April-13-2021.pdf
2021-04-13,IMPORTED COMMERCIAL RICE,Well Milled,White tag,47.00,Price-Monitoring-April-13-2021.pdf
2021-04-13,LOCAL COMMERCIAL RICE,Special,Blue tag,58.00,Price-Monitoring-April-13-2021.pdf
2021-04-13,LOCAL COMMERCIAL RICE,Premium,Yellow tag,56.00,Price-Monitoring-April-13-2021.pdf
2021-04-13,LOCAL COMMERCIAL RICE,Well Milled,White tag,48.00,Price-Monitoring-April-13-2021.pdf
2021-04-13,LOCAL COMMERCIAL RICE,Regular Milled,White tag,40.00,Price-Monitoring-April-13-2021.pdf
2021-04-14,IMPORTED COMMERCIAL RICE,Special,Blue tag,55.00,Price-Monitoring-April-14-2021.pdf
2021-04-14,IMPORTED COMMERCIAL RICE,Premium,Yellow tag,48.00,Price-Monitoring-April-14-2021.pdf
2021-04-14,IMPORTED COMMERCIAL RICE,Well Milled,White tag,47.00,Price-Monitoring-April-14-2021.pdf
2021-04-14,LOCAL COMMERCIAL RICE,Special,Blue tag,58.00,Price-Monitoring-April-14-2021.pdf
2021-04-14,LOCAL COMMERCIAL RICE,Premium,Yellow tag,48.00,Price-Monitoring-April-14-2021.pdf
2021-04-14,LOCAL COMMERCIAL RICE,Well Milled,White tag,47.00,Price-Monitoring-April-14-2021.pdf
2021-04-14,LOCAL COMMERCIAL RICE,Regular Milled,White tag,40.00,Price-Monitoring-April-14-2021.pdf
2021-04-15,IMPORTED COMMERCIAL RICE,Special,Blue tag,55.00,Price-Monitoring-April-15-2021.pdf
2021-04-15,IMPORTED COMMERCIAL RICE,Premium,Yellow tag,48.00,Price-Monitoring-April-15-2021.pdf
2021-04-15,IMPORTED COMMERCIAL RICE,Well Milled,White tag,47.00,Price-Monitoring-April-15-2021.pdf
2021-04-15,LOCAL COMMERCIAL RICE,Special,Blue tag,58.00,Price-Monitoring-April-15-2021.pdf
2021-04-15,LOCAL COMMERCIAL RICE,Premium,Yellow tag,48.00,Price-Monitoring-April-15-2021.pdf
2021-04-15,LOCAL COMMERCIAL RICE,Well Milled,White tag,47.00,Price-Monitoring-April-15-2021.pdf
2021-04-15,LOCAL COMMERCIAL RICE,Regular Milled,White tag,40.00,Price-Monitoring-April-15-2021.pdf
2021-04-16,IMPORTED COMMERCIAL RICE,Special,Blue tag,55.00,Price-Monitoring-April-16-2021.pdf
2021-04-16,IMPORTED COMMERCIAL RICE,Premium,Yellow tag,48.00,Price-Monitoring-April-16-2021.pdf
2021-04-16,IMPORTED COMMERCIAL RICE,Well Milled,White tag,47.00,Price-Monitoring-April-16-2021.pdf
2021-04-16,LOCAL COMMERCIAL RICE,Special,Blue tag,58.00,Price-Monitoring-April-16-2021.pdf
2021-04-16,LOCAL COMMERCIAL RICE,Premium,Yellow tag,48.00,Price-Monitoring-April-16-2021.pdf
2021-04-16,LOCAL COMMERCIAL RICE,Well Milled,White tag,45.00,Price-Monitoring-April-16-2021.pdf
2021-04-16,LOCAL COMMERCIAL RICE,Regular Milled,White tag,40.00,Price-Monitoring-April-16-2021.pdf
2021-04-19,IMPORTED COMMERCIAL RICE,Special,Blue tag,55.00,Price-Monitoring-April-19-2021.pdf
2021-04-19,IMPORTED COMMERCIAL RICE,Premium,Yellow tag,48.00,Price-Monitoring-April-19-2021.pdf
2021-04-19,IMPORTED COMMERCIAL RICE,Well Milled,White tag,47.00,Price-Monitoring-April-19-2021.pdf
2021-04-19,LOCAL COMMERCIAL RICE,Special,Blue tag,58.00,Price-Monitoring-April-19-2021.pdf
2021-04-19,LOCAL COMMERCIAL RICE,Premium,Yellow tag,48.00,Price-Monitoring-April-19-2021.pdf
2021-04-19,LOCAL COMMERCIAL RICE,Well Milled,White tag,47.00,Price-Monitoring-April-19-2021.pdf
2021-04-19,LOCAL COMMERCIAL RICE,Regular Milled,White tag,40.00,Price-Monitoring-April-19-2021.pdf
2021-04-20,IMPORTED COMMERCIAL RICE,Special,Blue tag,55.00,Price-Monitoring-April-20-2021.pdf
2021-04-20,IMPORTED COMMERCIAL RICE,Premium,Yellow tag,48.00,Price-Monitoring-April-20-2021.pdf
2021-04-20,IMPORTED COMMERCIAL RICE,Well Milled,White tag,47.00,Price-Monitoring-April-20-2021.pdf
2021-04-20,LOCAL COMMERCIAL RICE,Special,Blue tag,58.00,Price-Monitoring-April-20-2021.pdf
2021-04-20,LOCAL COMMERCIAL RICE,Premium,Yellow tag,48.00,Price-Monitoring-April-20-2021.pdf
2021-04-20,LOCAL COMMERCIAL RICE,Well Milled,White tag,45.00,Price-Monitoring-April-20-2021.pdf
2021-04-20,LOCAL COMMERCIAL RICE,Regular Milled,White tag,40.00,Price-Monitoring-April-20-2021.pdf
2021-04-21,IMPORTED COMMERCIAL RICE,Special,Blue tag,55.00,Price-Monitoring-April-21-2021.pdf
2021-04-21,IMPORTED COMMERCIAL RICE,Premium,Yellow tag,48.00,Price-Monitoring-April-21-2021.pdf
2021-04-21,IMPORTED COMMERCIAL RICE,Well Milled,White tag,47.00,Price-Monitoring-April-21-2021.pdf
2021-04-21,LOCAL COMMERCIAL RICE,Special,Blue tag,58.00,Price-Monitoring-April-21-2021.pdf
2021-04-21,LOCAL COMMERCIAL RICE,Premium,Yellow tag,48.00,Price-Monitoring-April-21-2021.pdf
2021-04-21,LOCAL COMMERCIAL RICE,Well Milled,White tag,45.00,Price-Monitoring-April-21-2021.pdf
2021-04-21,LOCAL COMMERCIAL RICE,Regular Milled,White tag,40.00,Price-Monitoring-April-21-2021.pdf
2021-04-22,IMPORTED COMMERCIAL RICE,Special,Blue tag,55.00,Price-Monitoring-April-22-2021.pdf
2021-04-22,IMPORTED COMMERCIAL RICE,Premium,Yellow tag,48.00,Price-Monitoring-April-22-2021.pdf
2021-04-22,IMPORTED COMMERCIAL RICE,Well Milled,White tag,47.00,Price-Monitoring-April-22-2021.pdf
2021-04-22,LOCAL COMMERCIAL RICE,Special,Blue tag,58.00,Price-Monitoring-April-22-2021.pdf
2021-04-22,LOCAL COMMERCIAL RICE,Premium,Yellow tag,48.00,Price-Monitoring-April-22-2021.pdf
2021-04-22,LOCAL COMMERCIAL RICE,Well Milled,White tag,44.00,Price-Monitoring-April-22-2021.pdf
2021-04-22,LOCAL COMMERCIAL RICE,Regular Milled,White tag,40.00,Price-Monitoring-April-22-2021.pdf
2021-04-23,IMPORTED COMMERCIAL RICE,Special,Blue tag,55.00,Price-Monitoring-April-23-2021.pdf
2021-04-23,IMPORTED COMMERCIAL RICE,Premium,Yellow tag,48.00,Price-Monitoring-April-23-2021.pdf
2021-04-23,IMPORTED COMMERCIAL RICE,Well Milled,White tag,47.00,Price-Monitoring-April-23-2021.pdf
2021-04-23,LOCAL COMMERCIAL RICE,Special,Blue tag,58.00,Price-Monitoring-April-23-2021.pdf
2021-04-23,LOCAL COMMERCIAL RICE,Premium,Yellow tag,48.00,Price-Monitoring-April-23-2021.pdf
2021-04-23,LOCAL COMMERCIAL RICE,Well Milled,White tag,44.00,Price-Monitoring-April-23-2021.pdf
2021-04-23,LOCAL COMMERCIAL RICE,Regular Milled,White tag,40.00,Price-Monitoring-April-23-2021.pdf
2021-04-26,IMPORTED COMMERCIAL RICE,Special,Blue tag,55.00,Price-Monitoring-April-26-2021.pdf
2021-04-26,IMPORTED COMMERCIAL RICE,Premium,Yellow tag,48.00,Price-Monitoring-April-26-2021.pdf
2021-04-26,IMPORTED COMMERCIAL RICE,Well Milled,White tag,47.00,Price-Monitoring-April-26-2021.pdf
2021-04-26,LOCAL COMMERCIAL RICE,Special,Blue tag,58.00,Price-Monitoring-April-26-2021.pdf
2021-04-26,LOCAL COMMERCIAL RICE,Premium,Yellow tag,48.00,Price-Monitoring-April-26-2021.pdf
2021-04-26,LOCAL COMMERCIAL RICE,Well Milled,White tag,44.00,Price-Monitoring-April-26-2021.pdf
2021-04-26,LOCAL COMMERCIAL RICE,Regular Milled,White tag,44.00,Price-Monitoring-April-26-2021.pdf
2021-04-27,IMPORTED COMMERCIAL RICE,Special,Blue tag,55.00,Price-Monitoring-April-27-2021.pdf
2021-04-27,IMPORTED COMMERCIAL RICE,Premium,Yellow tag,48.00,Price-Monitoring-April-27-2021.pdf
2021-04-27,IMPORTED COMMERCIAL RICE,Well Milled,White tag,47.00,Price-Monitoring-April-27-2021.pdf
2021-04-27,LOCAL COMMERCIAL RICE,Special,Blue tag,58.00,Price-Monitoring-April-27-2021.pdf
2021-04-27,LOCAL COMMERCIAL RICE,Premium,Yellow tag,48.00,Price-Monitoring-April-27-2021.pdf
2021-04-27,LOCAL COMMERCIAL RICE,Well Milled,White tag,44.00,Price-Monitoring-April-27-2021.pdf
2021-04-27,LOCAL COMMERCIAL RICE,Regular Milled,White tag,40.00,Price-Monitoring-April-27-2021.pdf
2021-04-28,IMPORTED COMMERCIAL RICE,Special,Blue tag,55.00,Price-Monitoring-April-28-2021.pdf
2021-04-28,IMPORTED COMMERCIAL RICE,Premium,Yellow tag,48.00,Price-Monitoring-April-28-2021.pdf
2021-04-28,IMPORTED COMMERCIAL RICE,Well Milled,White tag,47.00,Price-Monitoring-April-28-2021.pdf
2021-04-28,LOCAL COMMERCIAL RICE,Special,Blue tag,58.00,Price-Monitoring-April-28-2021.pdf
2021-04-28,LOCAL COMMERCIAL RICE,Premium,Yellow tag,48.00,Price-Monitoring-April-28-2021.pdf
2021-04-28,LOCAL COMMERCIAL RICE,Well Milled,White tag,44.00,Price-Monitoring-April-28-2021.pdf
2021-04-28,LOCAL COMMERCIAL RICE,Regular Milled,White tag,40.00,Price-Monitoring-April-28-2021.pdf
2021-04-29,IMPORTED COMMERCIAL RICE,Special,Blue tag,55.00,Price-Monitoring-April-29-2021.pdf
2021-04-29,IMPORTED COMMERCIAL RICE,Premium,Yellow tag,48.00,Price-Monitoring-April-29-2021.pdf
2021-04-29,IMPORTED COMMERCIAL RICE,Well Milled,White tag,47.00,Price-Monitoring-April-29-2021.pdf
2021-04-29,LOCAL COMMERCIAL RICE,Special,Blue tag,58.00,Price-Monitoring-April-29-2021.pdf
2021-04-29,LOCAL COMMERCIAL RICE,Premium,Yellow tag,48.00,Price-Monitoring-April-29-2021.pdf
2021-04-29,LOCAL COMMERCIAL RICE,Well Milled,White tag,48.00,Price-Monitoring-April-29-2021.pdf
2021-04-29,LOCAL COMMERCIAL RICE,Regular Milled,White tag,40.00,Price-Monitoring-April-29-2021.pdf
2021-04-30,IMPORTED COMMERCIAL RICE,Special,Blue tag,55.00,Price-Monitoring-April-30-2021.pdf
2021-04-30,IMPORTED COMMERCIAL RICE,Premium,Yellow tag,48.00,Price-Monitoring-April-30-2021.pdf
2021-04-30,IMPORTED COMMERCIAL RICE,Well Milled,White tag,47.00,Price-Monitoring-April-30-2021.pdf
2021-04-30,LOCAL COMMERCIAL RICE,Special,Blue tag,58.00,Price-Monitoring-April-30-2021.pdf
2021-04-30,LOCAL COMMERCIAL RICE,Premium,Yellow tag,48.00,Price-Monitoring-April-30-2021.pdf
2021-04-30,LOCAL COMMERCIAL RICE,Well Milled,White tag,44.00,Price-Monitoring-April-30-2021.pdf
2021-04-30,LOCAL COMMERCIAL RICE,Regular Milled,White tag,44.00,Price-Monitoring-April-30-2021.pdf
2021-05-03,IMPORTED COMMERCIAL RICE,Special,Blue tag,55.00,Price-Monitoring-May-3-2021.pdf
2021-05-03,IMPORTED COMMERCIAL RICE,Premium,Yellow tag,48.00,Price-Monitoring-May-3-2021.pdf
2021-05-03,IMPORTED COMMERCIAL RICE,Well Milled,White tag,47.00,Price-Monitoring-May-3-2021.pdf
2021-05-03,LOCAL COMMERCIAL RICE,Special,Blue tag,58.00,Price-Monitoring-May-3-2021.pdf
2021-05-03,LOCAL COMMERCIAL RICE,Premium,Yellow tag,48.00,Price-Monitoring-May-3-2021.pdf
2021-05-03,LOCAL COMMERCIAL RICE,Well Milled,White tag,44.00,Price-Monitoring-May-3-2021.pdf
2021-05-03,LOCAL COMMERCIAL RICE,Regular Milled,White tag,40.00,Price-Monitoring-May-3-2021.pdf
2021-05-05,IMPORTED COMMERCIAL RICE,Special,Blue tag,55.00,Price-Monitoring-May-5-2021.pdf
2021-05-05,IMPORTED COMMERCIAL RICE,Premium,Yellow tag,48.00,Price-Monitoring-May-5-2021.pdf
2021-05-05,IMPORTED COMMERCIAL RICE,Well Milled,White tag,47.00,Price-Monitoring-May-5-2021.pdf
2021-05-05,LOCAL COMMERCIAL RICE,Special,Blue tag,58.00,Price-Monitoring-May-5-2021.pdf
2021-05-05,LOCAL COMMERCIAL RICE,Premium,Yellow tag,49.00,Price-Monitoring-May-5-2021.pdf
2021-05-05,LOCAL COMMERCIAL RICE,Well Milled,White tag,44.00,Price-Monitoring-May-5-2021.pdf
2021-05-05,LOCAL COMMERCIAL RICE,Regular Milled,White tag,40.00,Price-Monitoring-May-5-2021.pdf
2021-05-06,IMPORTED COMMERCIAL RICE,Special,Blue tag,55.00,Price-Monitoring-May-6-2021.pdf
2021-05-06,IMPORTED COMMERCIAL RICE,Premium,Yellow tag,48.00,Price-Monitoring-May-6-2021.pdf
2021-05-06,IMPORTED COMMERCIAL RICE,Well Milled,White tag,47.00,Price-Monitoring-May-6-2021.pdf
2021-05-06,LOCAL COMMERCIAL RICE,Special,Blue tag,58.00,Price-Monitoring-May-6-2021.pdf
2021-05-06,LOCAL COMMERCIAL RICE,Premium,Yellow tag,48.00,Price-Monitoring-May-6-2021.pdf
2021-05-06,LOCAL COMMERCIAL RICE,Well Milled,White tag,44.00,Price-Monitoring-May-6-2021.pdf
2021-05-06,LOCAL COMMERCIAL RICE,Regular Milled,White tag,40.00,Price-Monitoring-May-6-2021.pdf
2021-05-10,IMPORTED COMMERCIAL RICE,Special,Blue tag,55.00,Price-Monitoring-May-10-2021.pdf
2021-05-10,IMPORTED COMMERCIAL RICE,Premium,Yellow tag,48.00,Price-Monitoring-May-10-2021.pdf
2021-05-10,IMPORTED COMMERCIAL RICE,Well Milled,White tag,47.00,Price-Monitoring-May-10-2021.pdf
2021-05-10,LOCAL COMMERCIAL RICE,Special,Blue tag,58.00,Price-Monitoring-May-10-2021.pdf
2021-05-10,LOCAL COMMERCIAL RICE,Premium,Yellow tag,48.00,Price-Monitoring-May-10-2021.pdf
2021-05-10,LOCAL COMMERCIAL RICE,Well Milled,White tag,44.00,Price-Monitoring-May-10-2021.pdf
2021-05-10,LOCAL COMMERCIAL RICE,Regular Milled,White tag,40.00,Price-Monitoring-May-10-2021.pdf
2021-05-11,IMPORTED COMMERCIAL RICE,Special,Blue tag,55.00,Price-Monitoring-May-11-2021.pdf
2021-05-11,IMPORTED COMMERCIAL RICE,Premium,Yellow tag,48.00,Price-Monitoring-May-11-2021.pdf
2021-05-11,IMPORTED COMMERCIAL RICE,Well Milled,White tag,47.00,Price-Monitoring-May-11-2021.pdf
2021-05-11,LOCAL COMMERCIAL RICE,Special,Blue tag,58.00,Price-Monitoring-May-11-2021.pdf
2021-05-11,LOCAL COMMERCIAL RICE,Premium,Yellow tag,48.00,Price-Monitoring-May-11-2021.pdf
2021-05-11,LOCAL COMMERCIAL RICE,Well Milled,White tag,44.00,Price-Monitoring-May-11-2021.pdf
2021-05-11,LOCAL COMMERCIAL RICE,Regular Milled,White tag,40.00,Price-Monitoring-May-11-2021.pdf
2021-05-12,IMPORTED COMMERCIAL RICE,Special,Blue tag,55.00,Price-Monitoring-May-12-2021.pdf
2021-05-12,IMPORTED COMMERCIAL RICE,Premium,Yellow tag,48.00,Price-Monitoring-May-12-2021.pdf
2021-05-12,IMPORTED COMMERCIAL RICE,Well Milled,White tag,47.00,Price-Monitoring-May-12-2021.pdf
2021-05-12,LOCAL COMMERCIAL RICE,Special,Blue tag,58.00,Price-Monitoring-May-12-2021.pdf
2021-05-12,LOCAL COMMERCIAL RICE,Premium,Yellow tag,48.00,Price-Monitoring-May-12-2021.pdf
2021-05-12,LOCAL COMMERCIAL RICE,Well Milled,White tag,44.00,Price-Monitoring-May-12-2021.pdf
2021-05-12,LOCAL COMMERCIAL RICE,Regular Milled,White tag,40.00,Price-Monitoring-May-12-2021.pdf
2021-05-13,IMPORTED COMMERCIAL RICE,Special,Blue tag,55.00,Price-Monitoring-May-13-2021.pdf
2021-05-13,IMPORTED COMMERCIAL RICE,Premium,Yellow tag,48.00,Price-Monitoring-May-13-2021.pdf
2021-05-13,IMPORTED COMMERCIAL RICE,Well Milled,White tag,47.00,Price-Monitoring-May-13-2021.pdf
2021-05-13,LOCAL COMMERCIAL RICE,Special,Blue tag,58.00,Price-Monitoring-May-13-2021.pdf
2021-05-13,LOCAL COMMERCIAL RICE,Premium,Yellow tag,48.00,Price-Monitoring-May-13-2021.pdf
2021-05-13,LOCAL COMMERCIAL RICE,Well Milled,White tag,46.00,Price-Monitoring-May-13-2021.pdf
2021-05-13,LOCAL COMMERCIAL RICE,Regular Milled,White tag,40.00,Price-Monitoring-May-13-2021.pdf
2021-05-14,IMPORTED COMMERCIAL RICE,Special,Blue tag,55.00,Price-Monitoring-May-14-2021.pdf
2021-05-14,IMPORTED COMMERCIAL RICE,Premium,Yellow tag,48.00,Price-Monitoring-May-14-2021.pdf
2021-05-14,IMPORTED COMMERCIAL RICE,Well Milled,White tag,47.00,Price-Monitoring-May-14-2021.pdf
2021-05-14,LOCAL COMMERCIAL RICE,Special,Blue tag,58.00,Price-Monitoring-May-14-2021.pdf
2021-05-14,LOCAL COMMERCIAL RICE,Premium,Yellow tag,48.00,Price-Monitoring-May-14-2021.pdf
2021-05-14,LOCAL COMMERCIAL RICE,Well Milled,White tag,46.00,Price-Monitoring-May-14-2021.pdf
2021-05-14,LOCAL COMMERCIAL RICE,Regular Milled,White tag,40.00,Price-Monitoring-May-14-2021.pdf
2021-05-17,IMPORTED COMMERCIAL RICE,Special,Blue tag,55.00,Price-Monitoring-May-17-2021.pdf
2021-05-17,IMPORTED COMMERCIAL RICE,Premium,Yellow tag,48.00,Price-Monitoring-May-17-2021.pdf
2021-05-17,IMPORTED COMMERCIAL RICE,Well Milled,White tag,47.00,Price-Monitoring-May-17-2021.pdf
2021-05-17,LOCAL COMMERCIAL RICE,Special,Blue tag,58.00,Price-Monitoring-May-17-2021.pdf
2021-05-17,LOCAL COMMERCIAL RICE,Premium,Yellow tag,48.00,Price-Monitoring-May-17-2021.pdf
2021-05-17,LOCAL COMMERCIAL RICE,Well Milled,White tag,45.00,Price-Monitoring-May-17-2021.pdf
2021-05-17,LOCAL COMMERCIAL RICE,Regular Milled,White tag,40.00,Price-Monitoring-May-17-2021.pdf
2021-05-18,IMPORTED COMMERCIAL RICE,Special,Blue tag,55.00,Price-Monitoring-May-18-2021.pdf
2021-05-18,IMPORTED COMMERCIAL RICE,Premium,Yellow tag,48.00,Price-Monitoring-May-18-2021.pdf
2021-05-18,IMPORTED COMMERCIAL RICE,Well Milled,White tag,47.00,Price-Monitoring-May-18-2021.pdf
2021-05-18,LOCAL COMMERCIAL RICE,Special,Blue tag,58.00,Price-Monitoring-May-18-2021.pdf
2021-05-18,LOCAL COMMERCIAL RICE,Premium,Yellow tag,48.00,Price-Monitoring-May-18-2021.pdf
2021-05-18,LOCAL COMMERCIAL RICE,Well Milled,White tag,44.00,Price-Monitoring-May-18-2021.pdf
2021-05-18,LOCAL COMMERCIAL RICE,Regular Milled,White tag,40.00,Price-Monitoring-May-18-2021.pdf
2021-05-19,IMPORTED COMMERCIAL RICE,Special,Blue tag,55.00,Price-Monitoring-May-19-2021.pdf
2021-05-19,IMPORTED COMMERCIAL RICE,Premium,Yellow tag,48.00,Price-Monitoring-May-19-2021.pdf
2021-05-19,IMPORTED COMMERCIAL RICE,Well Milled,White tag,47.00,Price-Monitoring-May-19-2021.pdf
2021-05-19,LOCAL COMMERCIAL RICE,Special,Blue tag,58.00,Price-Monitoring-May-19-2021.pdf
2021-05-19,LOCAL COMMERCIAL RICE,Premium,Yellow tag,48.00,Price-Monitoring-May-19-2021.pdf
2021-05-19,LOCAL COMMERCIAL RICE,Well Milled,White tag,44.00,Price-Monitoring-May-19-2021.pdf
2021-05-19,LOCAL COMMERCIAL RICE,Regular Milled,White tag,40.00,Price-Monitoring-May-19-2021.pdf
2021-05-20,IMPORTED COMMERCIAL RICE,Special,Blue tag,55.00,Price-Monitoring-May-20-2021.pdf
2021-05-20,IMPORTED COMMERCIAL RICE,Premium,Yellow tag,48.00,Price-Monitoring-May-20-2021.pdf
2021-05-20,IMPORTED COMMERCIAL RICE,Well Milled,White tag,47.00,Price-Monitoring-May-20-2021.pdf
2021-05-20,LOCAL COMMERCIAL RICE,Special,Blue tag,58.00,Price-Monitoring-May-20-2021.pdf
2021-05-20,LOCAL COMMERCIAL RICE,Premium,Yellow tag,48.00,Price-Monitoring-May-20-2021.pdf
2021-05-20,LOCAL COMMERCIAL RICE,Well Milled,White tag,44.00,Price-Monitoring-May-20-2021.pdf
2021-05-20,LOCAL COMMERCIAL RICE,Regular Milled,White tag,40.00,Price-Monitoring-May-20-2021.pdf
2021-05-21,IMPORTED COMMERCIAL RICE,Special,Blue tag,55.00,Price-Monitoring-May-21-2021.pdf
2021-05-21,IMPORTED COMMERCIAL RICE,Premium,Yellow tag,48.00,Price-Monitoring-May-21-2021.pdf
2021-05-21,IMPORTED COMMERCIAL RICE,Well Milled,White tag,47.00,Price-Monitoring-May-21-2021.pdf
2021-05-21,LOCAL COMMERCIAL RICE,Special,Blue tag,58.00,Price-Monitoring-May-21-2021.pdf
2021-05-21,LOCAL COMMERCIAL RICE,Premium,Yellow tag,48.00,Price-Monitoring-May-21-2021.pdf
2021-05-21,LOCAL COMMERCIAL RICE,Well Milled,White tag,44.00,Price-Monitoring-May-21-2021.pdf
2021-05-21,LOCAL COMMERCIAL RICE,Regular Milled,White tag,40.00,Price-Monitoring-May-21-2021.pdf
2021-05-24,IMPORTED COMMERCIAL RICE,Special,Blue tag,55.00,Price-Monitoring-May-24-2021.pdf
2021-05-24,IMPORTED COMMERCIAL RICE,Premium,Yellow tag,48.00,Price-Monitoring-May-24-2021.pdf
2021-05-24,IMPORTED COMMERCIAL RICE,Well Milled,White tag,47.00,Price-Monitoring-May-24-2021.pdf
2021-05-24,LOCAL COMMERCIAL RICE,Special,Blue tag,58.00,Price-Monitoring-May-24-2021.pdf
2021-05-24,LOCAL COMMERCIAL RICE,Premium,Yellow tag,48.00,Price-Monitoring-May-24-2021.pdf
2021-05-24,LOCAL COMMERCIAL RICE,Well Milled,White tag,47.00,Price-Monitoring-May-24-2021.pdf
2021-05-24,LOCAL COMMERCIAL RICE,Regular Milled,White tag,40.00,Price-Monitoring-May-24-2021.pdf
2021-05-25,IMPORTED COMMERCIAL RICE,Special,Blue tag,55.00,Price-Monitoring-May-25-2021.pdf
2021-05-25,IMPORTED COMMERCIAL RICE,Premium,Yellow tag,48.00,Price-Monitoring-May-25-2021.pdf
2021-05-25,IMPORTED COMMERCIAL RICE,Well Milled,White tag,47.00,Price-Monitoring-May-25-2021.pdf
2021-05-25,LOCAL COMMERCIAL RICE,Special,Blue tag,58.00,Price-Monitoring-May-25-2021.pdf
2021-05-25,LOCAL COMMERCIAL RICE,Premium,Yellow tag,48.00,Price-Monitoring-May-25-2021.pdf
2021-05-25,LOCAL COMMERCIAL RICE,Well Milled,White tag,47.00,Price-Monitoring-May-25-2021.pdf
2021-05-25,LOCAL COMMERCIAL RICE,Regular Milled,White tag,40.00,Price-Monitoring-May-25-2021.pdf
2021-05-26,IMPORTED COMMERCIAL RICE,Special,Blue tag,55.00,Price-Monitoring-May-26-2021.pdf
2021-05-26,IMPORTED COMMERCIAL RICE,Premium,Yellow tag,48.00,Price-Monitoring-May-26-2021.pdf
2021-05-26,IMPORTED COMMERCIAL RICE,Well Milled,White tag,47.00,Price-Monitoring-May-26-2021.pdf
2021-05-26,LOCAL COMMERCIAL RICE,Special,Blue tag,58.00,Price-Monitoring-May-26-2021.pdf
2021-05-26,LOCAL COMMERCIAL RICE,Premium,Yellow tag,48.00,Price-Monitoring-May-26-2021.pdf
2021-05-26,LOCAL COMMERCIAL RICE,Well Milled,White tag,47.00,Price-Monitoring-May-26-2021.pdf
2021-05-26,LOCAL COMMERCIAL RICE,Regular Milled,White tag,40.00,Price-Monitoring-May-26-2021.pdf
2021-05-27,IMPORTED COMMERCIAL RICE,Special,Blue tag,55.00,Price-Monitoring-May-27-2021.pdf
2021-05-27,IMPORTED COMMERCIAL RICE,Premium,Yellow tag,48.00,Price-Monitoring-May-27-2021.pdf
2021-05-27,IMPORTED COMMERCIAL RICE,Well Milled,White tag,50.00,Price-Monitoring-May-27-2021.pdf
2021-05-27,LOCAL COMMERCIAL RICE,Special,Blue tag,58.00,Price-Monitoring-May-27-2021.pdf
2021-05-27,LOCAL COMMERCIAL RICE,Premium,Yellow tag,48.00,Price-Monitoring-May-27-2021.pdf
2021-05-27,LOCAL COMMERCIAL RICE,Well Milled,White tag,44.00,Price-Monitoring-May-27-2021.pdf
2021-05-27,LOCAL COMMERCIAL RICE,Regular Milled,White tag,40.00,Price-Monitoring-May-27-2021.pdf
2021-05-28,IMPORTED COMMERCIAL RICE,Special,Blue tag,53.00,Price-Monitoring-May-28-2021.pdf
2021-05-28,IMPORTED COMMERCIAL RICE,Premium,Yellow tag,48.00,Price-Monitoring-May-28-2021.pdf
2021-05-28,IMPORTED COMMERCIAL RICE,Well Milled,White tag,50.00,Price-Monitoring-May-28-2021.pdf
2021-05-28,LOCAL COMMERCIAL RICE,Special,Blue tag,58.00,Price-Monitoring-May-28-2021.pdf
2021-05-28,LOCAL COMMERCIAL RICE,Premium,Yellow tag,48.00,Price-Monitoring-May-28-2021.pdf
2021-05-28,LOCAL COMMERCIAL RICE,Well Milled,White tag,44.00,Price-Monitoring-May-28-2021.pdf
2021-05-28,LOCAL COMMERCIAL RICE,Regular Milled,White tag,40.00,Price-Monitoring-May-28-2021.pdf
2021-05-31,IMPORTED COMMERCIAL RICE,Special,Blue tag,53.00,Price-Monitoring-May-31-2021.pdf
2021-05-31,IMPORTED COMMERCIAL RICE,Premium,Yellow tag,48.00,Price-Monitoring-May-31-2021.pdf
2021-05-31,IMPORTED COMMERCIAL RICE,Well Milled,White tag,50.00,Price-Monitoring-May-31-2021.pdf
2021-05-31,LOCAL COMMERCIAL RICE,Special,Blue tag,58.00,Price-Monitoring-May-31-2021.pdf
2021-05-31,LOCAL COMMERCIAL RICE,Premium,Yellow tag,48.00,Price-Monitoring-May-31-2021.pdf
2021-05-31,LOCAL COMMERCIAL RICE,Well Milled,White tag,44.00,Price-Monitoring-May-31-2021.pdf
2021-05-31,LOCAL COMMERCIAL RICE,Regular Milled,White tag,40.00,Price-Monitoring-May-31-2021.pdf
2021-06-01,IMPORTED COMMERCIAL RICE,Special,Blue tag,55.00,Price-Monitoring-June-1-2021.pdf
2021-06-01,IMPORTED COMMERCIAL RICE,Premium,Yellow tag,48.00,Price-Monitoring-June-1-2021.pdf
2021-06-01,IMPORTED COMMERCIAL RICE,Well Milled,White tag,50.00,Price-Monitoring-June-1-2021.pdf
2021-06-01,LOCAL COMMERCIAL RICE,Special,Blue tag,58.00,Price-Monitoring-June-1-2021.pdf
2021-06-01,LOCAL COMMERCIAL RICE,Premium,Yellow tag,48.00,Price-Monitoring-June-1-2021.pdf
2021-06-01,LOCAL COMMERCIAL RICE,Well Milled,White tag,44.00,Price-Monitoring-June-1-2021.pdf
2021-06-01,LOCAL COMMERCIAL RICE,Regular Milled,White tag,40.00,Price-Monitoring-June-1-2021.pdf
2021-06-02,IMPORTED COMMERCIAL RICE,Special,Blue tag,55.00,Price-Monitoring-June-2-2021.pdf
2021-06-02,IMPORTED COMMERCIAL RICE,Premium,Yellow tag,48.00,Price-Monitoring-June-2-2021.pdf
2021-06-02,IMPORTED COMMERCIAL RICE,Well Milled,White tag,50.00,Price-Monitoring-June-2-2021.pdf
2021-06-02,LOCAL COMMERCIAL RICE,Special,Blue tag,58.00,Price-Monitoring-June-2-2021.pdf
2021-06-02,LOCAL COMMERCIAL RICE,Premium,Yellow tag,48.00,Price-Monitoring-June-2-2021.pdf
2021-06-02,LOCAL COMMERCIAL RICE,Well Milled,White tag,44.00,Price-Monitoring-June-2-2021.pdf
2021-06-02,LOCAL COMMERCIAL RICE,Regular Milled,White tag,40.00,Price-Monitoring-June-2-2021.pdf
2021-06-03,IMPORTED COMMERCIAL RICE,Special,Blue tag,55.00,Price-Monitoring-June-3-2021.pdf
2021-06-03,IMPORTED COMMERCIAL RICE,Premium,Yellow tag,48.00,Price-Monitoring-June-3-2021.pdf
2021-06-03,IMPORTED COMMERCIAL RICE,Well Milled,White tag,50.00,Price-Monitoring-June-3-2021.pdf
2021-06-03,LOCAL COMMERCIAL RICE,Special,Blue tag,58.00,Price-Monitoring-June-3-2021.pdf
2021-06-03,LOCAL COMMERCIAL RICE,Premium,Yellow tag,48.00,Price-Monitoring-June-3-2021.pdf
2021-06-03,LOCAL COMMERCIAL RICE,Well Milled,White tag,44.00,Price-Monitoring-June-3-2021.pdf
2021-06-03,LOCAL COMMERCIAL RICE,Regular Milled,White tag,40.00,Price-Monitoring-June-3-2021.pdf
2021-06-04,IMPORTED COMMERCIAL RICE,Special,Blue tag,55.00,Price-Monitoring-June-4-2021.pdf
2021-06-04,IMPORTED COMMERCIAL RICE,Premium,Yellow tag,48.00,Price-Monitoring-June-4-2021.pdf
2021-06-04,IMPORTED COMMERCIAL RICE,Well Milled,White tag,47.00,Price-Monitoring-June-4-2021.pdf
2021-06-04,LOCAL COMMERCIAL RICE,Special,Blue tag,58.00,Price-Monitoring-June-4-2021.pdf
2021-06-04,LOCAL COMMERCIAL RICE,Premium,Yellow tag,48.00,Price-Monitoring-June-4-2021.pdf
2021-06-04,LOCAL COMMERCIAL RICE,Well Milled,White tag,44.00,Price-Monitoring-June-4-2021.pdf
2021-06-04,LOCAL COMMERCIAL RICE,Regular Milled,White tag,40.00,Price-Monitoring-June-4-2021.pdf
2021-06-07,IMPORTED COMMERCIAL RICE,Special,Blue tag,55.00,Price-Monitoring-June-7-2021.pdf
2021-06-07,IMPORTED COMMERCIAL RICE,Premium,Yellow tag,48.00,Price-Monitoring-June-7-2021.pdf
2021-06-07,IMPORTED COMMERCIAL RICE,Well Milled,White tag,47.00,Price-Monitoring-June-7-2021.pdf
2021-06-07,LOCAL COMMERCIAL RICE,Special,Blue tag,58.00,Price-Monitoring-June-7-2021.pdf
2021-06-07,LOCAL COMMERCIAL RICE,Premium,Yellow tag,48.00,Price-Monitoring-June-7-2021.pdf
2021-06-07,LOCAL COMMERCIAL RICE,Well Milled,White tag,44.00,Price-Monitoring-June-7-2021.pdf
2021-06-07,LOCAL COMMERCIAL RICE,Regular Milled,White tag,40.00,Price-Monitoring-June-7-2021.pdf
2021-06-08,IMPORTED COMMERCIAL RICE,Special,Blue tag,55.00,Price-Monitoring-June-8-2021.pdf
2021-06-08,IMPORTED COMMERCIAL RICE,Premium,Yellow tag,48.00,Price-Monitoring-June-8-2021.pdf
2021-06-08,IMPORTED COMMERCIAL RICE,Well Milled,White tag,47.00,Price-Monitoring-June-8-2021.pdf
2021-06-08,LOCAL COMMERCIAL RICE,Special,Blue tag,58.00,Price-Monitoring-June-8-2021.pdf
2021-06-08,LOCAL COMMERCIAL RICE,Premium,Yellow tag,48.00,Price-Monitoring-June-8-2021.pdf
2021-06-08,LOCAL COMMERCIAL RICE,Well Milled,White tag,44.00,Price-Monitoring-June-8-2021.pdf
2021-06-08,LOCAL COMMERCIAL RICE,Regular Milled,White tag,40.00,Price-Monitoring-June-8-2021.pdf
2021-06-09,IMPORTED COMMERCIAL RICE,Special,Blue tag,55.00,Price-Monitoring-June-9-2021.pdf
2021-06-09,IMPORTED COMMERCIAL RICE,Premium,Yellow tag,48.00,Price-Monitoring-June-9-2021.pdf
2021-06-09,IMPORTED COMMERCIAL RICE,Well Milled,White tag,47.00,Price-Monitoring-June-9-2021.pdf
2021-06-09,LOCAL COMMERCIAL RICE,Special,Blue tag,58.00,Price-Monitoring-June-9-2021.pdf
2021-06-09,LOCAL COMMERCIAL RICE,Premium,Yellow tag,48.00,Price-Monitoring-June-9-2021.pdf
2021-06-09,LOCAL COMMERCIAL RICE,Well Milled,White tag,44.00,Price-Monitoring-June-9-2021.pdf
2021-06-09,LOCAL COMMERCIAL RICE,Regular Milled,White tag,40.00,Price-Monitoring-June-9-2021.pdf
2021-06-10,IMPORTED COMMERCIAL RICE,Special,Blue tag,55.00,Price-Monitoring-June-10-2021.pdf
2021-06-10,IMPORTED COMMERCIAL RICE,Premium,Yellow tag,48.00,Price-Monitoring-June-10-2021.pdf
2021-06-10,IMPORTED COMMERCIAL RICE,Well Milled,White tag,47.00,Price-Monitoring-June-10-2021.pdf
2021-06-10,LOCAL COMMERCIAL RICE,Special,Blue tag,58.00,Price-Monitoring-June-10-2021.pdf
2021-06-10,LOCAL COMMERCIAL RICE,Premium,Yellow tag,48.00,Price-Monitoring-June-10-2021.pdf
2021-06-10,LOCAL COMMERCIAL RICE,Well Milled,White tag,44.00,Price-Monitoring-June-10-2021.pdf
2021-06-10,LOCAL COMMERCIAL RICE,Regular Milled,White tag,40.00,Price-Monitoring-June-10-2021.pdf
2021-06-14,IMPORTED COMMERCIAL RICE,Special,Blue tag,55.00,Price-Monitoring-June-14-2021.pdf
2021-06-14,IMPORTED COMMERCIAL RICE,Premium,Yellow tag,48.00,Price-Monitoring-June-14-2021.pdf
2021-06-14,IMPORTED COMMERCIAL RICE,Well Milled,White tag,47.00,Price-Monitoring-June-14-2021.pdf
2021-06-14,LOCAL COMMERCIAL RICE,Special,Blue tag,58.00,Price-Monitoring-June-14-2021.pdf
2021-06-14,LOCAL COMMERCIAL RICE,Premium,Yellow tag,48.00,Price-Monitoring-June-14-2021.pdf
2021-06-14,LOCAL COMMERCIAL RICE,Well Milled,White tag,44.00,Price-Monitoring-June-14-2021.pdf
2021-06-14,LOCAL COMMERCIAL RICE,Regular Milled,White tag,40.00,Price-Monitoring-June-14-2021.pdf
2021-06-15,IMPORTED COMMERCIAL RICE,Special,Blue tag,55.00,Price-Monitoring-June-15-2021.pdf
2021-06-15,IMPORTED COMMERCIAL RICE,Premium,Yellow tag,48.00,Price-Monitoring-June-15-2021.pdf
2021-06-15,IMPORTED COMMERCIAL RICE,Well Milled,White tag,47.00,Price-Monitoring-June-15-2021.pdf
2021-06-15,LOCAL COMMERCIAL RICE,Special,Blue tag,58.00,Price-Monitoring-June-15-2021.pdf
2021-06-15,LOCAL COMMERCIAL RICE,Premium,Yellow tag,48.00,Price-Monitoring-June-15-2021.pdf
2021-06-15,LOCAL COMMERCIAL RICE,Well Milled,White tag,44.00,Price-Monitoring-June-15-2021.pdf
2021-06-15,LOCAL COMMERCIAL RICE,Regular Milled,White tag,40.00,Price-Monitoring-June-15-2021.pdf
2021-06-16,IMPORTED COMMERCIAL RICE,Special,Blue tag,55.00,Price-Monitoring-June-16-2021.pdf
2021-06-16,IMPORTED COMMERCIAL RICE,Premium,Yellow tag,48.00,Price-Monitoring-June-16-2021.pdf
2021-06-16,IMPORTED COMMERCIAL RICE,Well Milled,White tag,47.00,Price-Monitoring-June-16-2021.pdf
2021-06-16,LOCAL COMMERCIAL RICE,Special,Blue tag,58.00,Price-Monitoring-June-16-2021.pdf
2021-06-16,LOCAL COMMERCIAL RICE,Premium,Yellow tag,48.00,Price-Monitoring-June-16-2021.pdf
2021-06-16,LOCAL COMMERCIAL RICE,Well Milled,White tag,44.00,Price-Monitoring-June-16-2021.pdf
2021-06-16,LOCAL COMMERCIAL RICE,Regular Milled,White tag,40.00,Price-Monitoring-June-16-2021.pdf
2021-06-17,IMPORTED COMMERCIAL RICE,Special,Blue tag,55.00,Price-Monitoring-June-17-2021.pdf
2021-06-17,IMPORTED COMMERCIAL RICE,Premium,Yellow tag,48.00,Price-Monitoring-June-17-2021.pdf
2021-06-17,IMPORTED COMMERCIAL RICE,Well Milled,White tag,47.00,Price-Monitoring-June-17-2021.pdf
2021-06-17,LOCAL COMMERCIAL RICE,Special,Blue tag,58.00,Price-Monitoring-June-17-2021.pdf
2021-06-17,LOCAL COMMERCIAL RICE,Premium,Yellow tag,48.00,Price-Monitoring-June-17-2021.pdf
2021-06-17,LOCAL COMMERCIAL RICE,Well Milled,White tag,44.00,Price-Monitoring-June-17-2021.pdf
2021-06-17,LOCAL COMMERCIAL RICE,Regular Milled,White tag,40.00,Price-Monitoring-June-17-2021.pdf
2021-06-18,IMPORTED COMMERCIAL RICE,Special,Blue tag,55.00,Price-Monitoring-June-18-2021.pdf
2021-06-18,IMPORTED COMMERCIAL RICE,Premium,Yellow tag,48.00,Price-Monitoring-June-18-2021.pdf
2021-06-18,IMPORTED COMMERCIAL RICE,Well Milled,White tag,47.00,Price-Monitoring-June-18-2021.pdf
2021-06-18,LOCAL COMMERCIAL RICE,Special,Blue tag,58.00,Price-Monitoring-June-18-2021.pdf
2021-06-18,LOCAL COMMERCIAL RICE,Premium,Yellow tag,48.00,Price-Monitoring-June-18-2021.pdf
2021-06-18,LOCAL COMMERCIAL RICE,Well Milled,White tag,44.00,Price-Monitoring-June-18-2021.pdf
2021-06-18,LOCAL COMMERCIAL RICE,Regular Milled,White tag,43.00,Price-Monitoring-June-18-2021.pdf
2021-06-21,IMPORTED COMMERCIAL RICE,Special,Blue tag,55.00,Price-Monitoring-June-21-2021.pdf
2021-06-21,IMPORTED COMMERCIAL RICE,Premium,Yellow tag,48.00,Price-Monitoring-June-21-2021.pdf
2021-06-21,IMPORTED COMMERCIAL RICE,Well Milled,White tag,47.00,Price-Monitoring-June-21-2021.pdf
2021-06-21,LOCAL COMMERCIAL RICE,Special,Blue tag,58.00,Price-Monitoring-June-21-2021.pdf
2021-06-21,LOCAL COMMERCIAL RICE,Premium,Yellow tag,48.00,Price-Monitoring-June-21-2021.pdf
2021-06-21,LOCAL COMMERCIAL RICE,Well Milled,White tag,44.00,Price-Monitoring-June-21-2021.pdf
2021-06-21,LOCAL COMMERCIAL RICE,Regular Milled,White tag,40.00,Price-Monitoring-June-21-2021.pdf
2021-06-22,IMPORTED COMMERCIAL RICE,Special,Blue tag,55.00,Price-Monitoring-June-22-2021.pdf
2021-06-22,IMPORTED COMMERCIAL RICE,Premium,Yellow tag,48.00,Price-Monitoring-June-22-2021.pdf
2021-06-22,IMPORTED COMMERCIAL RICE,Well Milled,White tag,47.00,Price-Monitoring-June-22-2021.pdf
2021-06-22,LOCAL COMMERCIAL RICE,Special,Blue tag,58.00,Price-Monitoring-June-22-2021.pdf
2021-06-22,LOCAL COMMERCIAL RICE,Premium,Yellow tag,48.00,Price-Monitoring-June-22-2021.pdf
2021-06-22,LOCAL COMMERCIAL RICE,Well Milled,White tag,44.00,Price-Monitoring-June-22-2021.pdf
2021-06-22,LOCAL COMMERCIAL RICE,Regular Milled,White tag,40.00,Price-Monitoring-June-22-2021.pdf
2021-06-23,IMPORTED COMMERCIAL RICE,Special,Blue tag,55.00,Price-Monitoring-June-23-2021.pdf
2021-06-23,IMPORTED COMMERCIAL RICE,Premium,Yellow tag,48.00,Price-Monitoring-June-23-2021.pdf
2021-06-23,IMPORTED COMMERCIAL RICE,Well Milled,White tag,47.00,Price-Monitoring-June-23-2021.pdf
2021-06-23,LOCAL COMMERCIAL RICE,Special,Blue tag,58.00,Price-Monitoring-June-23-2021.pdf
2021-06-23,LOCAL COMMERCIAL RICE,Premium,Yellow tag,48.00,Price-Monitoring-June-23-2021.pdf
2021-06-23,LOCAL COMMERCIAL RICE,Well Milled,White tag,44.00,Price-Monitoring-June-23-2021.pdf
2021-06-23,LOCAL COMMERCIAL RICE,Regular Milled,White tag,40.00,Price-Monitoring-June-23-2021.pdf
2021-06-24,IMPORTED COMMERCIAL RICE,Special,Blue tag,55.00,Price-Monitoring-June-24-2021.pdf
2021-06-24,IMPORTED COMMERCIAL RICE,Premium,Yellow tag,48.00,Price-Monitoring-June-24-2021.pdf
2021-06-24,IMPORTED COMMERCIAL RICE,Well Milled,White tag,47.00,Price-Monitoring-June-24-2021.pdf
2021-06-24,LOCAL COMMERCIAL RICE,Special,Blue tag,58.00,Price-Monitoring-June-24-2021.pdf
2021-06-24,LOCAL COMMERCIAL RICE,Premium,Yellow tag,48.00,Price-Monitoring-June-24-2021.pdf
2021-06-24,LOCAL COMMERCIAL RICE,Well Milled,White tag,44.00,Price-Monitoring-June-24-2021.pdf
2021-06-24,LOCAL COMMERCIAL RICE,Regular Milled,White tag,40.00,Price-Monitoring-June-24-2021.pdf
2021-06-25,IMPORTED COMMERCIAL RICE,Special,Blue tag,60.00,Price-Monitoring-June-25-2021.pdf
2021-06-25,IMPORTED COMMERCIAL RICE,Premium,Yellow tag,48.00,Price-Monitoring-June-25-2021.pdf
2021-06-25,IMPORTED COMMERCIAL RICE,Well Milled,White tag,47.00,Price-Monitoring-June-25-2021.pdf
2021-06-25,LOCAL COMMERCIAL RICE,Special,Blue tag,58.00,Price-Monitoring-June-25-2021.pdf
2021-06-25,LOCAL COMMERCIAL RICE,Premium,Yellow tag,48.00,Price-Monitoring-June-25-2021.pdf
2021-06-25,LOCAL COMMERCIAL RICE,Well Milled,White tag,44.00,Price-Monitoring-June-25-2021.pdf
2021-06-25,LOCAL COMMERCIAL RICE,Regular Milled,White tag,40.00,Price-Monitoring-June-25-2021.pdf
2021-06-28,IMPORTED COMMERCIAL RICE,Special,Blue tag,55.00,Price-Monitoring-June-28-2021.pdf
2021-06-28,IMPORTED COMMERCIAL RICE,Premium,Yellow tag,48.00,Price-Monitoring-June-28-2021.pdf
2021-06-28,IMPORTED COMMERCIAL RICE,Well Milled,White tag,47.00,Price-Monitoring-June-28-2021.pdf
2021-06-28,LOCAL COMMERCIAL RICE,Special,Blue tag,58.00,Price-Monitoring-June-28-2021.pdf
2021-06-28,LOCAL COMMERCIAL RICE,Premium,Yellow tag,48.00,Price-Monitoring-June-28-2021.pdf
2021-06-28,LOCAL COMMERCIAL RICE,Well Milled,White tag,44.00,Price-Monitoring-June-28-2021.pdf
2021-06-28,LOCAL COMMERCIAL RICE,Regular Milled,White tag,40.00,Price-Monitoring-June-28-2021.pdf
2021-06-29,IMPORTED COMMERCIAL RICE,Special,Blue tag,60.00,Price-Monitoring-June-29-2021.pdf
2021-06-29,IMPORTED COMMERCIAL RICE,Premium,Yellow tag,48.00,Price-Monitoring-June-29-2021.pdf
2021-06-29,IMPORTED COMMERCIAL RICE,Well Milled,White tag,47.00,Price-Monitoring-June-29-2021.pdf
2021-06-29,LOCAL COMMERCIAL RICE,Special,Blue tag,58.00,Price-Monitoring-June-29-2021.pdf
2021-06-29,LOCAL COMMERCIAL RICE,Premium,Yellow tag,48.00,Price-Monitoring-June-29-2021.pdf
2021-06-29,LOCAL COMMERCIAL RICE,Well Milled,White tag,44.00,Price-Monitoring-June-29-2021.pdf
2021-06-29,LOCAL COMMERCIAL RICE,Regular Milled,White tag,40.00,Price-Monitoring-June-29-2021.pdf
2021-06-30,IMPORTED COMMERCIAL RICE,Special,Blue tag,60.00,Price-Monitoring-June-30-2021.pdf
2021-06-30,IMPORTED COMMERCIAL RICE,Premium,Yellow tag,48.00,Price-Monitoring-June-30-2021.pdf
2021-06-30,IMPORTED COMMERCIAL RICE,Well Milled,White tag,47.00,Price-Monitoring-June-30-2021.pdf
2021-06-30,LOCAL COMMERCIAL RICE,Special,Blue tag,58.00,Price-Monitoring-June-30-2021.pdf
2021-06-30,LOCAL COMMERCIAL RICE,Premium,Yellow tag,48.00,Price-Monitoring-June-30-2021.pdf
2021-06-30,LOCAL COMMERCIAL RICE,Well Milled,White tag,44.00,Price-Monitoring-June-30-2021.pdf
2021-06-30,LOCAL COMMERCIAL RICE,Regular Milled,White tag,40.00,Price-Monitoring-June-30-2021.pdf
2021-07-01,IMPORTED COMMERCIAL RICE,Special,Blue tag,55.00,Price-Monitoring-July-1-2021.pdf
2021-07-01,IMPORTED COMMERCIAL RICE,Premium,Yellow tag,48.00,Price-Monitoring-July-1-2021.pdf
2021-07-01,IMPORTED COMMERCIAL RICE,Well Milled,White tag,47.00,Price-Monitoring-July-1-2021.pdf
2021-07-01,LOCAL COMMERCIAL RICE,Special,Blue tag,58.00,Price-Monitoring-July-1-2021.pdf
2021-07-01,LOCAL COMMERCIAL RICE,Premium,Yellow tag,48.00,Price-Monitoring-July-1-2021.pdf
2021-07-01,LOCAL COMMERCIAL RICE,Well Milled,White tag,44.00,Price-Monitoring-July-1-2021.pdf
2021-07-01,LOCAL COMMERCIAL RICE,Regular Milled,White tag,40.00,Price-Monitoring-July-1-2021.pdf
2021-07-02,IMPORTED COMMERCIAL RICE,Special,Blue tag,55.00,Price-Monitoring-July-2-2021.pdf
2021-07-02,IMPORTED COMMERCIAL RICE,Premium,Yellow tag,48.00,Price-Monitoring-July-2-2021.pdf
2021-07-02,IMPORTED COMMERCIAL RICE,Well Milled,White tag,47.00,Price-Monitoring-July-2-2021.pdf
2021-07-02,LOCAL COMMERCIAL RICE,Special,Blue tag,60.00,Price-Monitoring-July-2-2021.pdf
2021-07-02,LOCAL COMMERCIAL RICE,Premium,Yellow tag,48.00,Price-Monitoring-July-2-2021.pdf
2021-07-02,LOCAL COMMERCIAL RICE,Well Milled,White tag,44.00,Price-Monitoring-July-2-2021.pdf
2021-07-02,LOCAL COMMERCIAL RICE,Regular Milled,White tag,40.00,Price-Monitoring-July-2-2021.pdf
2021-07-05,IMPORTED COMMERCIAL RICE,Special,Blue tag,58.00,Price-Monitoring-July-5-2021.pdf
2021-07-05,IMPORTED COMMERCIAL RICE,Premium,Yellow tag,48.00,Price-Monitoring-July-5-2021.pdf
2021-07-05,IMPORTED COMMERCIAL RICE,Well Milled,White tag,47.00,Price-Monitoring-July-5-2021.pdf
2021-07-05,LOCAL COMMERCIAL RICE,Special,Blue tag,58.00,Price-Monitoring-July-5-2021.pdf
2021-07-05,LOCAL COMMERCIAL RICE,Premium,Yellow tag,48.00,Price-Monitoring-July-5-2021.pdf
2021-07-05,LOCAL COMMERCIAL RICE,Well Milled,White tag,44.00,Price-Monitoring-July-5-2021.pdf
2021-07-05,LOCAL COMMERCIAL RICE,Regular Milled,White tag,40.00,Price-Monitoring-July-5-2021.pdf
2021-07-06,IMPORTED COMMERCIAL RICE,Special,Blue tag,55.00,Price-Monitoring-July-6-2021.pdf
2021-07-06,IMPORTED COMMERCIAL RICE,Premium,Yellow tag,48.00,Price-Monitoring-July-6-2021.pdf
2021-07-06,IMPORTED COMMERCIAL RICE,Well Milled,White tag,47.00,Price-Monitoring-July-6-2021.pdf
2021-07-06,LOCAL COMMERCIAL RICE,Special,Blue tag,58.00,Price-Monitoring-July-6-2021.pdf
2021-07-06,LOCAL COMMERCIAL RICE,Premium,Yellow tag,48.00,Price-Monitoring-July-6-2021.pdf
2021-07-06,LOCAL COMMERCIAL RICE,Well Milled,White tag,45.00,Price-Monitoring-July-6-2021.pdf
2021-07-06,LOCAL COMMERCIAL RICE,Regular Milled,White tag,40.00,Price-Monitoring-July-6-2021.pdf
2021-07-07,IMPORTED COMMERCIAL RICE,Special,Blue tag,60.00,Price-Monitoring-July-7-2021.pdf
2021-07-07,IMPORTED COMMERCIAL RICE,Premium,Yellow tag,48.00,Price-Monitoring-July-7-2021.pdf
2021-07-07,IMPORTED COMMERCIAL RICE,Well Milled,White tag,47.00,Price-Monitoring-July-7-2021.pdf
2021-07-07,LOCAL COMMERCIAL RICE,Special,Blue tag,58.00,Price-Monitoring-July-7-2021.pdf
2021-07-07,LOCAL COMMERCIAL RICE,Premium,Yellow tag,48.00,Price-Monitoring-July-7-2021.pdf
2021-07-07,LOCAL COMMERCIAL RICE,Well Milled,White tag,44.00,Price-Monitoring-July-7-2021.pdf
2021-07-07,LOCAL COMMERCIAL RICE,Regular Milled,White tag,40.00,Price-Monitoring-July-7-2021.pdf
2021-07-09,IMPORTED COMMERCIAL RICE,Special,Blue tag,60.00,Price-Monitoring-July-9-2021.pdf
2021-07-09,IMPORTED COMMERCIAL RICE,Premium,Yellow tag,48.00,Price-Monitoring-July-9-2021.pdf
2021-07-09,IMPORTED COMMERCIAL RICE,Well Milled,White tag,47.00,Price-Monitoring-July-9-2021.pdf
2021-07-09,LOCAL COMMERCIAL RICE,Special,Blue tag,58.00,Price-Monitoring-July-9-2021.pdf
2021-07-09,LOCAL COMMERCIAL RICE,Premium,Yellow tag,48.00,Price-Monitoring-July-9-2021.pdf
2021-07-09,LOCAL COMMERCIAL RICE,Well Milled,White tag,44.00,Price-Monitoring-July-9-2021.pdf
2021-07-09,LOCAL COMMERCIAL RICE,Regular Milled,White tag,40.00,Price-Monitoring-July-9-2021.pdf
2021-07-12,IMPORTED COMMERCIAL RICE,Special,Blue tag,55.00,Price-Monitoring-July-12-2021.pdf
2021-07-12,IMPORTED COMMERCIAL RICE,Premium,Yellow tag,48.00,Price-Monitoring-July-12-2021.pdf
2021-07-12,IMPORTED COMMERCIAL RICE,Well Milled,White tag,47.00,Price-Monitoring-July-12-2021.pdf
2021-07-12,LOCAL COMMERCIAL RICE,Special,Blue tag,58.00,Price-Monitoring-July-12-2021.pdf
2021-07-12,LOCAL COMMERCIAL RICE,Premium,Yellow tag,48.00,Price-Monitoring-July-12-2021.pdf
2021-07-12,LOCAL COMMERCIAL RICE,Well Milled,White tag,45.00,Price-Monitoring-July-12-2021.pdf
2021-07-12,LOCAL COMMERCIAL RICE,Regular Milled,White tag,40.00,Price-Monitoring-July-12-2021.pdf
2021-07-13,IMPORTED COMMERCIAL RICE,Special,Blue tag,60.00,Price-Monitoring-July-13-2021.pdf
2021-07-13,IMPORTED COMMERCIAL RICE,Premium,Yellow tag,48.00,Price-Monitoring-July-13-2021.pdf
2021-07-13,IMPORTED COMMERCIAL RICE,Well Milled,White tag,47.00,Price-Monitoring-July-13-2021.pdf
2021-07-13,LOCAL COMMERCIAL RICE,Special,Blue tag,58.00,Price-Monitoring-July-13-2021.pdf
2021-07-13,LOCAL COMMERCIAL RICE,Premium,Yellow tag,48.00,Price-Monitoring-July-13-2021.pdf
2021-07-13,LOCAL COMMERCIAL RICE,Well Milled,White tag,44.00,Price-Monitoring-July-13-2021.pdf
2021-07-13,LOCAL COMMERCIAL RICE,Regular Milled,White tag,40.00,Price-Monitoring-July-13-2021.pdf
2021-07-14,IMPORTED COMMERCIAL RICE,Special,Blue tag,60.00,Price-Monitoring-July-14-2021.pdf
2021-07-14,IMPORTED COMMERCIAL RICE,Premium,Yellow tag,48.00,Price-Monitoring-July-14-2021.pdf
2021-07-14,IMPORTED COMMERCIAL RICE,Well Milled,White tag,47.00,Price-Monitoring-July-14-2021.pdf
2021-07-14,LOCAL COMMERCIAL RICE,Special,Blue tag,58.00,Price-Monitoring-July-14-2021.pdf
2021-07-14,LOCAL COMMERCIAL RICE,Premium,Yellow tag,48.00,Price-Monitoring-July-14-2021.pdf
2021-07-14,LOCAL COMMERCIAL RICE,Well Milled,White tag,44.00,Price-Monitoring-July-14-2021.pdf
2021-07-14,LOCAL COMMERCIAL RICE,Regular Milled,White tag,40.00,Price-Monitoring-July-14-2021.pdf
2021-07-15,IMPORTED COMMERCIAL RICE,Special,Blue tag,60.00,Price-Monitoring-July-15-2021.pdf
2021-07-15,IMPORTED COMMERCIAL RICE,Premium,Yellow tag,49.00,Price-Monitoring-July-15-2021.pdf
2021-07-15,IMPORTED COMMERCIAL RICE,Well Milled,White tag,47.00,Price-Monitoring-July-15-2021.pdf
2021-07-15,LOCAL COMMERCIAL RICE,Special,Blue tag,58.00,Price-Monitoring-July-15-2021.pdf
2021-07-15,LOCAL COMMERCIAL RICE,Premium,Yellow tag,48.00,Price-Monitoring-July-15-2021.pdf
2021-07-15,LOCAL COMMERCIAL RICE,Well Milled,White tag,44.00,Price-Monitoring-July-15-2021.pdf
2021-07-15,LOCAL COMMERCIAL RICE,Regular Milled,White tag,40.00,Price-Monitoring-July-15-2021.pdf
2021-07-16,IMPORTED COMMERCIAL RICE,Special,Blue tag,60.00,Price-Monitoring-July-16-2021.pdf
2021-07-16,IMPORTED COMMERCIAL RICE,Premium,Yellow tag,48.00,Price-Monitoring-July-16-2021.pdf
2021-07-16,IMPORTED COMMERCIAL RICE,Well Milled,White tag,47.00,Price-Monitoring-July-16-2021.pdf
2021-07-16,LOCAL COMMERCIAL RICE,Special,Blue tag,58.00,Price-Monitoring-July-16-2021.pdf
2021-07-16,LOCAL COMMERCIAL RICE,Premium,Yellow tag,48.00,Price-Monitoring-July-16-2021.pdf
2021-07-16,LOCAL COMMERCIAL RICE,Well Milled,White tag,44.00,Price-Monitoring-July-16-2021.pdf
2021-07-16,LOCAL COMMERCIAL RICE,Regular Milled,White tag,40.00,Price-Monitoring-July-16-2021.pdf
2021-07-21,IMPORTED COMMERCIAL RICE,Special,Blue tag,60.00,Price-Monitoring-July-21-2021.pdf
2021-07-21,IMPORTED COMMERCIAL RICE,Premium,Yellow tag,48.00,Price-Monitoring-July-21-2021.pdf
2021-07-21,IMPORTED COMMERCIAL RICE,Well Milled,White tag,47.00,Price-Monitoring-July-21-2021.pdf
2021-07-21,LOCAL COMMERCIAL RICE,Special,Blue tag,58.00,Price-Monitoring-July-21-2021.pdf
2021-07-21,LOCAL COMMERCIAL RICE,Premium,Yellow tag,48.00,Price-Monitoring-July-21-2021.pdf
2021-07-21,LOCAL COMMERCIAL RICE,Well Milled,White tag,44.00,Price-Monitoring-July-21-2021.pdf
2021-07-21,LOCAL COMMERCIAL RICE,Regular Milled,White tag,40.00,Price-Monitoring-July-21-2021.pdf
2021-07-22,IMPORTED COMMERCIAL RICE,Special,Blue tag,60.00,Price-Monitoring-July-22-2021.pdf
2021-07-22,IMPORTED COMMERCIAL RICE,Premium,Yellow tag,48.00,Price-Monitoring-July-22-2021.pdf
2021-07-22,IMPORTED COMMERCIAL RICE,Well Milled,White tag,47.00,Price-Monitoring-July-22-2021.pdf
2021-07-22,LOCAL COMMERCIAL RICE,Special,Blue tag,58.00,Price-Monitoring-July-22-2021.pdf
2021-07-22,LOCAL COMMERCIAL RICE,Premium,Yellow tag,48.00,Price-Monitoring-July-22-2021.pdf
2021-07-22,LOCAL COMMERCIAL RICE,Well Milled,White tag,44.00,Price-Monitoring-July-22-2021.pdf
2021-07-22,LOCAL COMMERCIAL RICE,Regular Milled,White tag,40.00,Price-Monitoring-July-22-2021.pdf
2021-07-23,IMPORTED COMMERCIAL RICE,Special,Blue tag,55.00,Price-Monitoring-July-23-2021.pdf
2021-07-23,IMPORTED COMMERCIAL RICE,Premium,Yellow tag,48.00,Price-Monitoring-July-23-2021.pdf
2021-07-23,IMPORTED COMMERCIAL RICE,Well Milled,White tag,42.00,Price-Monitoring-July-23-2021.pdf
2021-07-23,LOCAL COMMERCIAL RICE,Special,Blue tag,58.00,Price-Monitoring-July-23-2021.pdf
2021-07-23,LOCAL COMMERCIAL RICE,Premium,Yellow tag,48.00,Price-Monitoring-July-23-2021.pdf
2021-07-23,LOCAL COMMERCIAL RICE,Well Milled,White tag,44.00,Price-Monitoring-July-23-2021.pdf
2021-07-23,LOCAL COMMERCIAL RICE,Regular Milled,White tag,40.00,Price-Monitoring-July-23-2021.pdf
2021-07-26,IMPORTED COMMERCIAL RICE,Special,Blue tag,55.00,Price-Monitoring-July-26-2021.pdf
2021-07-26,IMPORTED COMMERCIAL RICE,Premium,Yellow tag,48.00,Price-Monitoring-July-26-2021.pdf
2021-07-26,IMPORTED COMMERCIAL RICE,Well Milled,White tag,47.00,Price-Monitoring-July-26-2021.pdf
2021-07-26,LOCAL COMMERCIAL RICE,Special,Blue tag,58.00,Price-Monitoring-July-26-2021.pdf
2021-07-26,LOCAL COMMERCIAL RICE,Premium,Yellow tag,48.00,Price-Monitoring-July-26-2021.pdf
2021-07-26,LOCAL COMMERCIAL RICE,Well Milled,White tag,44.00,Price-Monitoring-July-26-2021.pdf
2021-07-26,LOCAL COMMERCIAL RICE,Regular Milled,White tag,40.00,Price-Monitoring-July-26-2021.pdf
2021-07-27,IMPORTED COMMERCIAL RICE,Special,Blue tag,60.00,Price-Monitoring-July-27-2021.pdf
2021-07-27,IMPORTED COMMERCIAL RICE,Premium,Yellow tag,48.00,Price-Monitoring-July-27-2021.pdf
2021-07-27,IMPORTED COMMERCIAL RICE,Well Milled,White tag,47.00,Price-Monitoring-July-27-2021.pdf
2021-07-27,LOCAL COMMERCIAL RICE,Special,Blue tag,58.00,Price-Monitoring-July-27-2021.pdf
2021-07-27,LOCAL COMMERCIAL RICE,Premium,Yellow tag,48.00,Price-Monitoring-July-27-2021.pdf
2021-07-27,LOCAL COMMERCIAL RICE,Well Milled,White tag,44.00,Price-Monitoring-July-27-2021.pdf
2021-07-27,LOCAL COMMERCIAL RICE,Regular Milled,White tag,40.00,Price-Monitoring-July-27-2021.pdf
2021-07-28,IMPORTED COMMERCIAL RICE,Special,Blue tag,60.00,Price-Monitoring-July-28-2021.pdf
2021-07-28,IMPORTED COMMERCIAL RICE,Premium,Yellow tag,48.00,Price-Monitoring-July-28-2021.pdf
2021-07-28,IMPORTED COMMERCIAL RICE,Well Milled,White tag,47.00,Price-Monitoring-July-28-2021.pdf
2021-07-28,LOCAL COMMERCIAL RICE,Special,Blue tag,58.00,Price-Monitoring-July-28-2021.pdf
2021-07-28,LOCAL COMMERCIAL RICE,Premium,Yellow tag,48.00,Price-Monitoring-July-28-2021.pdf
2021-07-28,LOCAL COMMERCIAL RICE,Well Milled,White tag,44.00,Price-Monitoring-July-28-2021.pdf
2021-07-28,LOCAL COMMERCIAL RICE,Regular Milled,White tag,40.00,Price-Monitoring-July-28-2021.pdf
2021-07-29,IMPORTED COMMERCIAL RICE,Special,Blue tag,60.00,Price-Monitoring-July-29-2021.pdf
2021-07-29,IMPORTED COMMERCIAL RICE,Premium,Yellow tag,48.00,Price-Monitoring-July-29-2021.pdf
2021-07-29,IMPORTED COMMERCIAL RICE,Well Milled,White tag,47.00,Price-Monitoring-July-29-2021.pdf
2021-07-29,LOCAL COMMERCIAL RICE,Special,Blue tag,58.00,Price-Monitoring-July-29-2021.pdf
2021-07-29,LOCAL COMMERCIAL RICE,Premium,Yellow tag,48.00,Price-Monitoring-July-29-2021.pdf
2021-07-29,LOCAL COMMERCIAL RICE,Well Milled,White tag,44.00,Price-Monitoring-July-29-2021.pdf
2021-07-29,LOCAL COMMERCIAL RICE,Regular Milled,White tag,40.00,Price-Monitoring-July-29-2021.pdf
2021-08-02,IMPORTED COMMERCIAL RICE,Special,Blue tag,55.00,Price-Monitoring-August-2-2021.pdf
2021-08-02,IMPORTED COMMERCIAL RICE,Premium,Yellow tag,48.00,Price-Monitoring-August-2-2021.pdf
2021-08-02,IMPORTED COMMERCIAL RICE,Well Milled,White tag,47.00,Price-Monitoring-August-2-2021.pdf
2021-08-02,LOCAL COMMERCIAL RICE,Special,Blue tag,58.00,Price-Monitoring-August-2-2021.pdf
2021-08-02,LOCAL COMMERCIAL RICE,Premium,Yellow tag,48.00,Price-Monitoring-August-2-2021.pdf
2021-08-02,LOCAL COMMERCIAL RICE,Well Milled,White tag,44.00,Price-Monitoring-August-2-2021.pdf
2021-08-02,LOCAL COMMERCIAL RICE,Regular Milled,White tag,40.00,Price-Monitoring-August-2-2021.pdf
2021-08-03,IMPORTED COMMERCIAL RICE,Special,Blue tag,60.00,Price-Monitoring-August-3-2021.pdf
2021-08-03,IMPORTED COMMERCIAL RICE,Premium,Yellow tag,48.00,Price-Monitoring-August-3-2021.pdf
2021-08-03,IMPORTED COMMERCIAL RICE,Well Milled,White tag,47.00,Price-Monitoring-August-3-2021.pdf
2021-08-03,LOCAL COMMERCIAL RICE,Special,Blue tag,58.00,Price-Monitoring-August-3-2021.pdf
2021-08-03,LOCAL COMMERCIAL RICE,Premium,Yellow tag,48.00,Price-Monitoring-August-3-2021.pdf
2021-08-03,LOCAL COMMERCIAL RICE,Well Milled,White tag,44.00,Price-Monitoring-August-3-2021.pdf
2021-08-03,LOCAL COMMERCIAL RICE,Regular Milled,White tag,40.00,Price-Monitoring-August-3-2021.pdf
2021-08-04,IMPORTED COMMERCIAL RICE,Special,Blue tag,60.00,Price-Monitoring-August-4-2021.pdf
2021-08-04,IMPORTED COMMERCIAL RICE,Premium,Yellow tag,48.00,Price-Monitoring-August-4-2021.pdf
2021-08-04,IMPORTED COMMERCIAL RICE,Well Milled,White tag,47.00,Price-Monitoring-August-4-2021.pdf
2021-08-04,LOCAL COMMERCIAL RICE,Special,Blue tag,58.00,Price-Monitoring-August-4-2021.pdf
2021-08-04,LOCAL COMMERCIAL RICE,Premium,Yellow tag,48.00,Price-Monitoring-August-4-2021.pdf
2021-08-04,LOCAL COMMERCIAL RICE,Well Milled,White tag,44.00,Price-Monitoring-August-4-2021.pdf
2021-08-04,LOCAL COMMERCIAL RICE,Regular Milled,White tag,40.00,Price-Monitoring-August-4-2021.pdf
2021-08-05,IMPORTED COMMERCIAL RICE,Special,Blue tag,60.00,Price-Monitoring-August-5-2021.pdf
2021-08-05,IMPORTED COMMERCIAL RICE,Premium,Yellow tag,48.00,Price-Monitoring-August-5-2021.pdf
2021-08-05,IMPORTED COMMERCIAL RICE,Well Milled,White tag,47.00,Price-Monitoring-August-5-2021.pdf
2021-08-05,LOCAL COMMERCIAL RICE,Special,Blue tag,58.00,Price-Monitoring-August-5-2021.pdf
2021-08-05,LOCAL COMMERCIAL RICE,Premium,Yellow tag,48.00,Price-Monitoring-August-5-2021.pdf
2021-08-05,LOCAL COMMERCIAL RICE,Well Milled,White tag,44.00,Price-Monitoring-August-5-2021.pdf
2021-08-05,LOCAL COMMERCIAL RICE,Regular Milled,White tag,40.00,Price-Monitoring-August-5-2021.pdf
2021-08-06,IMPORTED COMMERCIAL RICE,Special,Blue tag,60.00,Price-Monitoring-August-6-2021.pdf
2021-08-06,IMPORTED COMMERCIAL RICE,Premium,Yellow tag,48.00,Price-Monitoring-August-6-2021.pdf
2021-08-06,IMPORTED COMMERCIAL RICE,Well Milled,White tag,47.00,Price-Monitoring-August-6-2021.pdf
2021-08-06,LOCAL COMMERCIAL RICE,Special,Blue tag,58.00,Price-Monitoring-August-6-2021.pdf
2021-08-06,LOCAL COMMERCIAL RICE,Premium,Yellow tag,48.00,Price-Monitoring-August-6-2021.pdf
2021-08-06,LOCAL COMMERCIAL RICE,Well Milled,White tag,44.00,Price-Monitoring-August-6-2021.pdf
2021-08-06,LOCAL COMMERCIAL RICE,Regular Milled,White tag,40.00,Price-Monitoring-August-6-2021.pdf
2021-08-09,IMPORTED COMMERCIAL RICE,Special,Blue tag,57.00,Price-Monitoring-August-9-2021.pdf
2021-08-09,IMPORTED COMMERCIAL RICE,Premium,Yellow tag,48.00,Price-Monitoring-August-9-2021.pdf
2021-08-09,IMPORTED COMMERCIAL RICE,Well Milled,White tag,47.00,Price-Monitoring-August-9-2021.pdf
2021-08-09,LOCAL COMMERCIAL RICE,Special,Blue tag,58.00,Price-Monitoring-August-9-2021.pdf
2021-08-09,LOCAL COMMERCIAL RICE,Premium,Yellow tag,48.00,Price-Monitoring-August-9-2021.pdf
2021-08-09,LOCAL COMMERCIAL RICE,Well Milled,White tag,44.00,Price-Monitoring-August-9-2021.pdf
2021-08-09,LOCAL COMMERCIAL RICE,Regular Milled,White tag,40.00,Price-Monitoring-August-9-2021.pdf
2021-08-10,IMPORTED COMMERCIAL RICE,Special,Blue tag,60.00,Price-Monitoring-August-10-2021.pdf
2021-08-10,IMPORTED COMMERCIAL RICE,Premium,Yellow tag,48.00,Price-Monitoring-August-10-2021.pdf
2021-08-10,IMPORTED COMMERCIAL RICE,Well Milled,White tag,47.00,Price-Monitoring-August-10-2021.pdf
2021-08-10,LOCAL COMMERCIAL RICE,Special,Blue tag,58.00,Price-Monitoring-August-10-2021.pdf
2021-08-10,LOCAL COMMERCIAL RICE,Premium,Yellow tag,48.00,Price-Monitoring-August-10-2021.pdf
2021-08-10,LOCAL COMMERCIAL RICE,Well Milled,White tag,44.00,Price-Monitoring-August-10-2021.pdf
2021-08-10,LOCAL COMMERCIAL RICE,Regular Milled,White tag,40.00,Price-Monitoring-August-10-2021.pdf
2021-08-11,IMPORTED COMMERCIAL RICE,Special,Blue tag,60.00,Price-Monitoring-August-11-2021.pdf
2021-08-11,IMPORTED COMMERCIAL RICE,Premium,Yellow tag,48.00,Price-Monitoring-August-11-2021.pdf
2021-08-11,IMPORTED COMMERCIAL RICE,Well Milled,White tag,47.00,Price-Monitoring-August-11-2021.pdf
2021-08-11,LOCAL COMMERCIAL RICE,Special,Blue tag,58.00,Price-Monitoring-August-11-2021.pdf
2021-08-11,LOCAL COMMERCIAL RICE,Premium,Yellow tag,48.00,Price-Monitoring-August-11-2021.pdf
2021-08-11,LOCAL COMMERCIAL RICE,Well Milled,White tag,44.00,Price-Monitoring-August-11-2021.pdf
2021-08-11,LOCAL COMMERCIAL RICE,Regular Milled,White tag,40.00,Price-Monitoring-August-11-2021.pdf
2021-08-12,IMPORTED COMMERCIAL RICE,Special,Blue tag,60.00,Price-Monitoring-August-12-2021.pdf
2021-08-12,IMPORTED COMMERCIAL RICE,Premium,Yellow tag,48.00,Price-Monitoring-August-12-2021.pdf
2021-08-12,IMPORTED COMMERCIAL RICE,Well Milled,White tag,47.00,Price-Monitoring-August-12-2021.pdf
2021-08-12,LOCAL COMMERCIAL RICE,Special,Blue tag,58.00,Price-Monitoring-August-12-2021.pdf
2021-08-12,LOCAL COMMERCIAL RICE,Premium,Yellow tag,48.00,Price-Monitoring-August-12-2021.pdf
2021-08-12,LOCAL COMMERCIAL RICE,Well Milled,White tag,44.00,Price-Monitoring-August-12-2021.pdf
2021-08-12,LOCAL COMMERCIAL RICE,Regular Milled,White tag,40.00,Price-Monitoring-August-12-2021.pdf
2021-08-13,IMPORTED COMMERCIAL RICE,Special,Blue tag,60.00,Price-Monitoring-August-13-2021.pdf
2021-08-13,IMPORTED COMMERCIAL RICE,Premium,Yellow tag,48.00,Price-Monitoring-August-13-2021.pdf
2021-08-13,IMPORTED COMMERCIAL RICE,Well Milled,White tag,47.00,Price-Monitoring-August-13-2021.pdf
2021-08-13,LOCAL COMMERCIAL RICE,Special,Blue tag,58.00,Price-Monitoring-August-13-2021.pdf
2021-08-13,LOCAL COMMERCIAL RICE,Premium,Yellow tag,48.00,Price-Monitoring-August-13-2021.pdf
2021-08-13,LOCAL COMMERCIAL RICE,Well Milled,White tag,44.00,Price-Monitoring-August-13-2021.pdf
2021-08-13,LOCAL COMMERCIAL RICE,Regular Milled,White tag,40.00,Price-Monitoring-August-13-2021.pdf
2021-08-16,IMPORTED COMMERCIAL RICE,Special,Blue tag,58.00,Price-Monitoring-August-16-2021.pdf
2021-08-16,IMPORTED COMMERCIAL RICE,Premium,Yellow tag,48.00,Price-Monitoring-August-16-2021.pdf
2021-08-16,IMPORTED COMMERCIAL RICE,Well Milled,White tag,47.00,Price-Monitoring-August-16-2021.pdf
2021-08-16,LOCAL COMMERCIAL RICE,Special,Blue tag,58.00,Price-Monitoring-August-16-2021.pdf
2021-08-16,LOCAL COMMERCIAL RICE,Premium,Yellow tag,48.00,Price-Monitoring-August-16-2021.pdf
2021-08-16,LOCAL COMMERCIAL RICE,Well Milled,White tag,44.00,Price-Monitoring-August-16-2021.pdf
2021-08-16,LOCAL COMMERCIAL RICE,Regular Milled,White tag,40.00,Price-Monitoring-August-16-2021.pdf
2021-08-17,IMPORTED COMMERCIAL RICE,Special,Blue tag,58.00,Price-Monitoring-August-17-2021.pdf
2021-08-17,IMPORTED COMMERCIAL RICE,Premium,Yellow tag,48.00,Price-Monitoring-August-17-2021.pdf
2021-08-17,IMPORTED COMMERCIAL RICE,Well Milled,White tag,47.00,Price-Monitoring-August-17-2021.pdf
2021-08-17,LOCAL COMMERCIAL RICE,Special,Blue tag,58.00,Price-Monitoring-August-17-2021.pdf
2021-08-17,LOCAL COMMERCIAL RICE,Premium,Yellow tag,48.00,Price-Monitoring-August-17-2021.pdf
2021-08-17,LOCAL COMMERCIAL RICE,Well Milled,White tag,44.00,Price-Monitoring-August-17-2021.pdf
2021-08-17,LOCAL COMMERCIAL RICE,Regular Milled,White tag,40.00,Price-Monitoring-August-17-2021.pdf
2021-08-18,IMPORTED COMMERCIAL RICE,Special,Blue tag,58.00,Price-Monitoring-August-18-2021.pdf
2021-08-18,IMPORTED COMMERCIAL RICE,Premium,Yellow tag,48.00,Price-Monitoring-August-18-2021.pdf
2021-08-18,IMPORTED COMMERCIAL RICE,Well Milled,White tag,47.00,Price-Monitoring-August-18-2021.pdf
2021-08-18,LOCAL COMMERCIAL RICE,Special,Blue tag,58.00,Price-Monitoring-August-18-2021.pdf
2021-08-18,LOCAL COMMERCIAL RICE,Premium,Yellow tag,48.00,Price-Monitoring-August-18-2021.pdf
2021-08-18,LOCAL COMMERCIAL RICE,Well Milled,White tag,44.00,Price-Monitoring-August-18-2021.pdf
2021-08-18,LOCAL COMMERCIAL RICE,Regular Milled,White tag,40.00,Price-Monitoring-August-18-2021.pdf
2021-08-20,IMPORTED COMMERCIAL RICE,Special,Blue tag,55.00,Price-Monitoring-August-20-2021.pdf
2021-08-20,IMPORTED COMMERCIAL RICE,Premium,Yellow tag,48.00,Price-Monitoring-August-20-2021.pdf
2021-08-20,IMPORTED COMMERCIAL RICE,Well Milled,White tag,47.00,Price-Monitoring-August-20-2021.pdf
2021-08-20,LOCAL COMMERCIAL RICE,Special,Blue tag,58.00,Price-Monitoring-August-20-2021.pdf
2021-08-20,LOCAL COMMERCIAL RICE,Premium,Yellow tag,48.00,Price-Monitoring-August-20-2021.pdf
2021-08-20,LOCAL COMMERCIAL RICE,Well Milled,White tag,44.00,Price-Monitoring-August-20-2021.pdf
2021-08-20,LOCAL COMMERCIAL RICE,Regular Milled,White tag,40.00,Price-Monitoring-August-20-2021.pdf
2021-08-23,IMPORTED COMMERCIAL RICE,Special,Blue tag,58.00,Price-Monitoring-August-23-2021.pdf
2021-08-23,IMPORTED COMMERCIAL RICE,Premium,Yellow tag,48.00,Price-Monitoring-August-23-2021.pdf
2021-08-23,IMPORTED COMMERCIAL RICE,Well Milled,White tag,47.00,Price-Monitoring-August-23-2021.pdf
2021-08-23,LOCAL COMMERCIAL RICE,Special,Blue tag,58.00,Price-Monitoring-August-23-2021.pdf
2021-08-23,LOCAL COMMERCIAL RICE,Premium,Yellow tag,48.00,Price-Monitoring-August-23-2021.pdf
2021-08-23,LOCAL COMMERCIAL RICE,Well Milled,White tag,44.00,Price-Monitoring-August-23-2021.pdf
2021-08-23,LOCAL COMMERCIAL RICE,Regular Milled,White tag,40.00,Price-Monitoring-August-23-2021.pdf
2021-08-24,IMPORTED COMMERCIAL RICE,Special,Blue tag,55.00,Price-Monitoring-August-24-2021.pdf
2021-08-24,IMPORTED COMMERCIAL RICE,Premium,Yellow tag,48.00,Price-Monitoring-August-24-2021.pdf
2021-08-24,IMPORTED COMMERCIAL RICE,Well Milled,White tag,47.00,Price-Monitoring-August-24-2021.pdf
2021-08-24,LOCAL COMMERCIAL RICE,Special,Blue tag,58.00,Price-Monitoring-August-24-2021.pdf
2021-08-24,LOCAL COMMERCIAL RICE,Premium,Yellow tag,48.00,Price-Monitoring-August-24-2021.pdf
2021-08-24,LOCAL COMMERCIAL RICE,Well Milled,White tag,44.00,Price-Monitoring-August-24-2021.pdf
2021-08-24,LOCAL COMMERCIAL RICE,Regular Milled,White tag,40.00,Price-Monitoring-August-24-2021.pdf
2021-08-25,IMPORTED COMMERCIAL RICE,Special,Blue tag,55.00,Price-Monitoring-August-25-2021.pdf
2021-08-25,IMPORTED COMMERCIAL RICE,Premium,Yellow tag,48.00,Price-Monitoring-August-25-2021.pdf
2021-08-25,IMPORTED COMMERCIAL RICE,Well Milled,White tag,47.00,Price-Monitoring-August-25-2021.pdf
2021-08-25,LOCAL COMMERCIAL RICE,Special,Blue tag,58.00,Price-Monitoring-August-25-2021.pdf
2021-08-25,LOCAL COMMERCIAL RICE,Premium,Yellow tag,48.00,Price-Monitoring-August-25-2021.pdf
2021-08-25,LOCAL COMMERCIAL RICE,Well Milled,White tag,44.00,Price-Monitoring-August-25-2021.pdf
2021-08-25,LOCAL COMMERCIAL RICE,Regular Milled,White tag,40.00,Price-Monitoring-August-25-2021.pdf
2021-08-26,IMPORTED COMMERCIAL RICE,Special,Blue tag,55.00,Price-Monitoring-August-26-2021.pdf
2021-08-26,IMPORTED COMMERCIAL RICE,Premium,Yellow tag,48.00,Price-Monitoring-August-26-2021.pdf
2021-08-26,IMPORTED COMMERCIAL RICE,Well Milled,White tag,44.00,Price-Monitoring-August-26-2021.pdf
2021-08-26,LOCAL COMMERCIAL RICE,Special,Blue tag,58.00,Price-Monitoring-August-26-2021.pdf
2021-08-26,LOCAL COMMERCIAL RICE,Premium,Yellow tag,48.00,Price-Monitoring-August-26-2021.pdf
2021-08-26,LOCAL COMMERCIAL RICE,Well Milled,White tag,44.00,Price-Monitoring-August-26-2021.pdf
2021-08-26,LOCAL COMMERCIAL RICE,Regular Milled,White tag,40.00,Price-Monitoring-August-26-2021.pdf
2021-08-27,IMPORTED COMMERCIAL RICE,Special,Blue tag,55.00,Price-Monitoring-August-27-2021.pdf
2021-08-27,IMPORTED COMMERCIAL RICE,Premium,Yellow tag,48.00,Price-Monitoring-August-27-2021.pdf
2021-08-27,IMPORTED COMMERCIAL RICE,Well Milled,White tag,44.00,Price-Monitoring-August-27-2021.pdf
2021-08-27,LOCAL COMMERCIAL RICE,Special,Blue tag,58.00,Price-Monitoring-August-27-2021.pdf
2021-08-27,LOCAL COMMERCIAL RICE,Premium,Yellow tag,48.00,Price-Monitoring-August-27-2021.pdf
2021-08-27,LOCAL COMMERCIAL RICE,Well Milled,White tag,44.00,Price-Monitoring-August-27-2021.pdf
2021-08-27,LOCAL COMMERCIAL RICE,Regular Milled,White tag,40.00,Price-Monitoring-August-27-2021.pdf
2021-08-30,IMPORTED COMMERCIAL RICE,Special,Blue tag,55.00,Price-Monitoring-August-30-2021.pdf
2021-08-30,IMPORTED COMMERCIAL RICE,Premium,Yellow tag,48.00,Price-Monitoring-August-30-2021.pdf
2021-08-30,IMPORTED COMMERCIAL RICE,Well Milled,White tag,44.00,Price-Monitoring-August-30-2021.pdf
2021-08-30,LOCAL COMMERCIAL RICE,Special,Blue tag,58.00,Price-Monitoring-August-30-2021.pdf
2021-08-30,LOCAL COMMERCIAL RICE,Premium,Yellow tag,48.00,Price-Monitoring-August-30-2021.pdf
2021-08-30,LOCAL COMMERCIAL RICE,Well Milled,White tag,44.00,Price-Monitoring-August-30-2021.pdf
2021-08-30,LOCAL COMMERCIAL RICE,Regular Milled,White tag,40.00,Price-Monitoring-August-30-2021.pdf
2021-08-31,IMPORTED COMMERCIAL RICE,Special,Blue tag,55.00,Price-Monitoring-August-31-2021.pdf
2021-08-31,IMPORTED COMMERCIAL RICE,Premium,Yellow tag,48.00,Price-Monitoring-August-31-2021.pdf
2021-08-31,IMPORTED COMMERCIAL RICE,Well Milled,White tag,44.00,Price-Monitoring-August-31-2021.pdf
2021-08-31,LOCAL COMMERCIAL RICE,Special,Blue tag,60.00,Price-Monitoring-August-31-2021.pdf
2021-08-31,LOCAL COMMERCIAL RICE,Premium,Yellow tag,48.00,Price-Monitoring-August-31-2021.pdf
2021-08-31,LOCAL COMMERCIAL RICE,Well Milled,White tag,44.00,Price-Monitoring-August-31-2021.pdf
2021-08-31,LOCAL COMMERCIAL RICE,Regular Milled,White tag,40.00,Price-Monitoring-August-31-2021.pdf
2024-02-02,IMPORTED COMMERCIAL RICE,Special,Blue Tag,61.21,Weekly-Average-Prices-January-29-February-2-2024.pdf
2024-02-02,IMPORTED COMMERCIAL RICE,Premium,Yellow Tag,58.03,Weekly-Average-Prices-January-29-February-2-2024.pdf
2024-02-02,IMPORTED COMMERCIAL RICE,Well Milled,White Tag,52.69,Weekly-Average-Prices-January-29-February-2-2024.pdf
2024-02-02,LOCAL COMMERCIAL RICE,Special,Blue Tag,61.25,Weekly-Average-Prices-January-29-February-2-2024.pdf
2024-02-02,LOCAL COMMERCIAL RICE,Premium,Yellow Tag,55.33,Weekly-Average-Prices-January-29-February-2-2024.pdf
2024-02-02,LOCAL COMMERCIAL RICE,Well Milled,White Tag,52.09,Weekly-Average-Prices-January-29-February-2-2024.pdf
2024-02-02,LOCAL COMMERCIAL RICE,Regular Milled,White Tag,50.55,Weekly-Average-Prices-January-29-February-2-2024.pdf
2024-03-01,IMPORTED COMMERCIAL RICE,Special,Blue Tag,60.99,Weekly-Average-Prices-February-26-March-1-2024.pdf
2024-03-01,IMPORTED COMMERCIAL RICE,Premium,Yellow Tag,58.12,Weekly-Average-Prices-February-26-March-1-2024.pdf
2024-03-01,IMPORTED COMMERCIAL RICE,Well Milled,White Tag,53.35,Weekly-Average-Prices-February-26-March-1-2024.pdf
2024-03-01,IMPORTED COMMERCIAL RICE,Regular Milled,White Tag,50.80,Weekly-Average-Prices-February-26-March-1-2024.pdf
2024-03-01,LOCAL COMMERCIAL RICE,Special,Blue Tag,61.06,Weekly-Average-Prices-February-26-March-1-2024.pdf
2024-03-01,LOCAL COMMERCIAL RICE,Premium,Yellow Tag,55.29,Weekly-Average-Prices-February-26-March-1-2024.pdf
2024-03-01,LOCAL COMMERCIAL RICE,Well Milled,White Tag,52.26,Weekly-Average-Prices-February-26-March-1-2024.pdf
2024-03-01,LOCAL COMMERCIAL RICE,Regular Milled,White Tag,49.79,Weekly-Average-Prices-February-26-March-1-2024.pdf
2024-05-04,IMPORTED COMMERCIAL RICE,Special,Blue Tag,60.55,Weekly-Average-Prices-April-29-May-4-2024.pdf
2024-05-04,IMPORTED COMMERCIAL RICE,Premium,Yellow Tag,57.32,Weekly-Average-Prices-April-29-May-4-2024.pdf
2024-05-04,IMPORTED COMMERCIAL RICE,Well Milled,White Tag,52.66,Weekly-Average-Prices-April-29-May-4-2024.pdf
2024-05-04,IMPORTED COMMERCIAL RICE,Regular Milled,White Tag,49.85,Weekly-Average-Prices-April-29-May-4-2024.pdf
2024-05-04,LOCAL COMMERCIAL RICE,Special,Blue Tag,60.81,Weekly-Average-Prices-April-29-May-4-2024.pdf
2024-05-04,LOCAL COMMERCIAL RICE,Premium,Yellow Tag,55.06,Weekly-Average-Prices-April-29-May-4-2024.pdf
2024-05-04,LOCAL COMMERCIAL RICE,Well Milled,White Tag,51.63,Weekly-Average-Prices-April-29-May-4-2024.pdf
2024-05-04,LOCAL COMMERCIAL RICE,Regular Milled,White Tag,49.81,Weekly-Average-Prices-April-29-May-4-2024.pdf
2024-08-03,IMPORTED COMMERCIAL RICE,Special,Blue Tag,59.79,Weekly-Average-Prices-July-29-August-3-2024.pdf
2024-08-03,IMPORTED COMMERCIAL RICE,Premium,Yellow Tag,56.36,Weekly-Average-Prices-July-29-August-3-2024.pdf
2024-08-03,IMPORTED COMMERCIAL RICE,Well Milled,White Tag,52.55,Weekly-Average-Prices-July-29-August-3-2024.pdf
2024-08-03,IMPORTED COMMERCIAL RICE,Regular Milled,White Tag,47.56,Weekly-Average-Prices-July-29-August-3-2024.pdf
2024-08-03,LOCAL COMMERCIAL RICE,Special,Blue Tag,59.98,Weekly-Average-Prices-July-29-August-3-2024.pdf
2024-08-03,LOCAL COMMERCIAL RICE,Premium,Yellow Tag,54.47,Weekly-Average-Prices-July-29-August-3-2024.pdf
2024-08-03,LOCAL COMMERCIAL RICE,Well Milled,White Tag,50.53,Weekly-Average-Prices-July-29-August-3-2024.pdf
2024-08-03,LOCAL COMMERCIAL RICE,Regular Milled,White Tag,47.92,Weekly-Average-Prices-July-29-August-3-2024.pdf
2025-03-01,IMPORTED COMMERCIAL RICE,Special,White Rice,58.25,Daily-Price-Index-March-1-2025.pdf
2025-03-01,IMPORTED COMMERCIAL RICE,Premium,5% broken,52.38,Daily-Price-Index-March-1-2025.pdf
2025-03-01,IMPORTED COMMERCIAL RICE,Well Milled,1-19% bran streak,45.00,Daily-Price-Index-March-1-2025.pdf
2025-03-01,IMPORTED COMMERCIAL RICE,Regular Milled,20-40% bran streak,39.13,Daily-Price-Index-March-1-2025.pdf
2025-03-01,LOCAL COMMERCIAL RICE,Special,White Rice,58.69,Daily-Price-Index-March-1-2025.pdf
2025-03-01,LOCAL COMMERCIAL RICE,Premium,5% broken,53.50,Daily-Price-Index-March-1-2025.pdf
2025-03-01,LOCAL COMMERCIAL RICE,Well Milled,1-19% bran streak,46.76,Daily-Price-Index-March-1-2025.pdf
2025-03-01,LOCAL COMMERCIAL RICE,Regular Milled,20-40% bran streak,41.17,Daily-Price-Index-March-1-2025.pdf
2025-03-03,IMPORTED COMMERCIAL RICE,Special,White Rice,57.43,Daily-Price-Index-March-3-2025.pdf
2025-03-03,IMPORTED COMMERCIAL RICE,Premium,5% broken,51.66,Daily-Price-Index-March-3-2025.pdf
2025-03-03,IMPORTED COMMERCIAL RICE,Well Milled,1-19% bran streak,45.21,Daily-Price-Index-March-3-2025.pdf
2025-03-03,IMPORTED COMMERCIAL RICE,Regular Milled,20-40% bran streak,41.11,Daily-Price-Index-March-3-2025.pdf
2025-03-03,LOCAL COMMERCIAL RICE,Special,White Rice,58.67,Daily-Price-Index-March-3-2025.pdf
2025-03-03,LOCAL COMMERCIAL RICE,Premium,5% broken,52.71,Daily-Price-Index-March-3-2025.pdf
2025-03-03,LOCAL COMMERCIAL RICE,Well Milled,1-19% bran streak,46.85,Daily-Price-Index-March-3-2025.pdf
2025-03-03,LOCAL COMMERCIAL RICE,Regular Milled,20-40% bran streak,40.62,Daily-Price-Index-March-3-2025.pdf
2025-03-04,IMPORTED COMMERCIAL RICE,Special,White Rice,57.43,Daily-Price-Index-March-4-2025.pdf
2025-03-04,IMPORTED COMMERCIAL RICE,Premium,5% broken,51.54,Daily-Price-Index-March-4-2025.pdf
2025-03-04,IMPORTED COMMERCIAL RICE,Well Milled,1-19% bran streak,45.21,Daily-Price-Index-March-4-2025.pdf
2025-03-04,IMPORTED COMMERCIAL RICE,Regular Milled,20-40% bran streak,41.11,Daily-Price-Index-March-4-2025.pdf
2025-03-04,LOCAL COMMERCIAL RICE,Special,White Rice,58.69,Daily-Price-Index-March-4-2025.pdf
2025-03-04,LOCAL COMMERCIAL RICE,Premium,5% broken,52.72,Daily-Price-Index-March-4-2025.pdf
2025-03-04,LOCAL COMMERCIAL RICE,Well Milled,1-19% bran streak,46.87,Daily-Price-Index-March-4-2025.pdf
2025-03-04,LOCAL COMMERCIAL RICE,Regular Milled,20-40% bran streak,40.69,Daily-Price-Index-March-4-2025.pdf
2025-03-05,IMPORTED COMMERCIAL RICE,Special,White Rice,57.32,Daily-Price-Index-March-5-2025.pdf
2025-03-05,IMPORTED COMMERCIAL RICE,Premium,5% broken,51.43,Daily-Price-Index-March-5-2025.pdf
2025-03-05,IMPORTED COMMERCIAL RICE,Well Milled,1-19% bran streak,45.13,Daily-Price-Index-March-5-2025.pdf
2025-03-05,IMPORTED COMMERCIAL RICE,Regular Milled,20-40% bran streak,41.12,Daily-Price-Index-March-5-2025.pdf
2025-03-05,LOCAL COMMERCIAL RICE,Special,White Rice,58.60,Daily-Price-Index-March-5-2025.pdf
2025-03-05,LOCAL COMMERCIAL RICE,Premium,5% broken,52.58,Daily-Price-Index-March-5-2025.pdf
2025-03-05,LOCAL COMMERCIAL RICE,Well Milled,1-19% bran streak,46.80,Daily-Price-Index-March-5-2025.pdf
2025-03-05,LOCAL COMMERCIAL RICE,Regular Milled,20-40% bran streak,40.70,Daily-Price-Index-March-5-2025.pdf
2025-03-06,IMPORTED COMMERCIAL RICE,Special,White Rice,57.12,Daily-Price-Index-March-6-2025.pdf
2025-03-06,IMPORTED COMMERCIAL RICE,Premium,5% broken,51.47,Daily-Price-Index-March-6-2025.pdf
2025-03-06,IMPORTED COMMERCIAL RICE,Well Milled,1-19% bran streak,45.05,Daily-Price-Index-March-6-2025.pdf
2025-03-06,IMPORTED COMMERCIAL RICE,Regular Milled,20-40% bran streak,41.15,Daily-Price-Index-March-6-2025.pdf
2025-03-06,LOCAL COMMERCIAL RICE,Special,White Rice,58.49,Daily-Price-Index-March-6-2025.pdf
2025-03-06,LOCAL COMMERCIAL RICE,Premium,5% broken,52.66,Daily-Price-Index-March-6-2025.pdf
2025-03-06,LOCAL COMMERCIAL RICE,Well Milled,1-19% bran streak,46.86,Daily-Price-Index-March-6-2025.pdf
2025-03-06,LOCAL COMMERCIAL RICE,Regular Milled,20-40% bran streak,40.78,Daily-Price-Index-March-6-2025.pdf
2025-03-07,IMPORTED COMMERCIAL RICE,Special,White Rice,57.12,Daily-Price-Index-March-7-2025.pdf
2025-03-07,IMPORTED COMMERCIAL RICE,Premium,5% broken,51.29,Daily-Price-Index-March-7-2025.pdf
2025-03-07,IMPORTED COMMERCIAL RICE,Well Milled,1-19% bran streak,45.05,Daily-Price-Index-March-7-2025.pdf
2025-03-07,IMPORTED COMMERCIAL RICE,Regular Milled,20-40% bran streak,41.15,Daily-Price-Index-March-7-2025.pdf
2025-03-07,LOCAL COMMERCIAL RICE,Special,White Rice,58.51,Daily-Price-Index-March-7-2025.pdf
2025-03-07,LOCAL COMMERCIAL RICE,Premium,5% broken,52.69,Daily-Price-Index-March-7-2025.pdf
2025-03-07,LOCAL COMMERCIAL RICE,Well Milled,1-19% bran streak,46.87,Daily-Price-Index-March-7-2025.pdf
2025-03-07,LOCAL COMMERCIAL RICE,Regular Milled,20-40% bran streak,40.69,Daily-Price-Index-March-7-2025.pdf
2025-03-08,IMPORTED COMMERCIAL RICE,Special,White Rice,57.12,Daily-Price-Index-March-8-2025.pdf
2025-03-08,IMPORTED COMMERCIAL RICE,Premium,5% broken,51.36,Daily-Price-Index-March-8-2025.pdf
2025-03-08,IMPORTED COMMERCIAL RICE,Well Milled,1-19% bran streak,45.06,Daily-Price-Index-March-8-2025.pdf
2025-03-08,IMPORTED COMMERCIAL RICE,Regular Milled,20-40% bran streak,41.11,Daily-Price-Index-March-8-2025.pdf
2025-03-08,LOCAL COMMERCIAL RICE,Special,White Rice,58.93,Daily-Price-Index-March-8-2025.pdf
2025-03-08,LOCAL COMMERCIAL RICE,Premium,5% broken,53.19,Daily-Price-Index-March-8-2025.pdf
2025-03-08,LOCAL COMMERCIAL RICE,Well Milled,1-19% bran streak,46.81,Daily-Price-Index-March-8-2025.pdf
2025-03-08,LOCAL COMMERCIAL RICE,Regular Milled,20-40% bran streak,40.88,Daily-Price-Index-March-8-2025.pdf
2025-03-10,IMPORTED COMMERCIAL RICE,Special,White Rice,57.00,Daily-Price-Index-March-10-2025.pdf
2025-03-10,IMPORTED COMMERCIAL RICE,Premium,5% broken,50.75,Daily-Price-Index-March-10-2025.pdf
2025-03-10,IMPORTED COMMERCIAL RICE,Well Milled,1-19% bran streak,44.89,Daily-Price-Index-March-10-2025.pdf
2025-03-10,IMPORTED COMMERCIAL RICE,Regular Milled,20-40% bran streak,40.80,Daily-Price-Index-March-10-2025.pdf
2025-03-10,LOCAL COMMERCIAL RICE,Special,White Rice,58.53,Daily-Price-Index-March-10-2025.pdf
2025-03-10,LOCAL COMMERCIAL RICE,Premium,5% broken,52.66,Daily-Price-Index-March-10-2025.pdf
2025-03-10,LOCAL COMMERCIAL RICE,Well Milled,1-19% bran streak,46.74,Daily-Price-Index-March-10-2025.pdf
2025-03-10,LOCAL COMMERCIAL RICE,Regular Milled,20-40% bran streak,40.41,Daily-Price-Index-March-10-2025.pdf
2025-03-11,IMPORTED COMMERCIAL RICE,Special,White Rice,57.08,Daily-Price-Index-March-11-2025.pdf
2025-03-11,IMPORTED COMMERCIAL RICE,Premium,5% broken,50.64,Daily-Price-Index-March-11-2025.pdf
2025-03-11,IMPORTED COMMERCIAL RICE,Well Milled,1-19% bran streak,44.42,Daily-Price-Index-March-11-2025.pdf
2025-03-11,IMPORTED COMMERCIAL RICE,Regular Milled,20-40% bran streak,40.67,Daily-Price-Index-March-11-2025.pdf
2025-03-11,LOCAL COMMERCIAL RICE,Special,White Rice,58.52,Daily-Price-Index-March-11-2025.pdf
2025-03-11,LOCAL COMMERCIAL RICE,Premium,5% broken,52.65,Daily-Price-Index-March-11-2025.pdf
2025-03-11,LOCAL COMMERCIAL RICE,Well Milled,1-19% bran streak,46.45,Daily-Price-Index-March-11-2025.pdf
2025-03-11,LOCAL COMMERCIAL RICE,Regular Milled,20-40% bran streak,40.58,Daily-Price-Index-March-11-2025.pdf
2025-03-12,IMPORTED COMMERCIAL RICE,Special,White Rice,57.39,Daily-Price-Index-March-12-2025.pdf
2025-03-12,IMPORTED COMMERCIAL RICE,Premium,5% broken,50.49,Daily-Price-Index-March-12-2025.pdf
2025-03-12,IMPORTED COMMERCIAL RICE,Well Milled,1-19% bran streak,44.36,Daily-Price-Index-March-12-2025.pdf
2025-03-12,IMPORTED COMMERCIAL RICE,Regular Milled,20-40% bran streak,40.88,Daily-Price-Index-March-12-2025.pdf
2025-03-12,LOCAL COMMERCIAL RICE,Special,White Rice,59.09,Daily-Price-Index-March-12-2025.pdf
2025-03-12,LOCAL COMMERCIAL RICE,Premium,5% broken,53.31,Daily-Price-Index-March-12-2025.pdf
2025-03-12,LOCAL COMMERCIAL RICE,Well Milled,1-19% bran streak,46.26,Daily-Price-Index-March-12-2025.pdf
2025-03-12,LOCAL COMMERCIAL RICE,Regular Milled,20-40% bran streak,40.70,Daily-Price-Index-March-12-2025.pdf
2025-03-13,IMPORTED COMMERCIAL RICE,Special,White Rice,57.50,Daily-Price-Index-March-13-2025.pdf
2025-03-13,IMPORTED COMMERCIAL RICE,Premium,5% broken,50.18,Daily-Price-Index-March-13-2025.pdf
2025-03-13,IMPORTED COMMERCIAL RICE,Well Milled,1-19% bran streak,44.35,Daily-Price-Index-March-13-2025.pdf
2025-03-13,IMPORTED COMMERCIAL RICE,Regular Milled,20-40% bran streak,40.26,Daily-Price-Index-March-13-2025.pdf
2025-03-13,LOCAL COMMERCIAL RICE,Special,White Rice,58.55,Daily-Price-Index-March-13-2025.pdf
2025-03-13,LOCAL COMMERCIAL RICE,Premium,5% broken,52.57,Daily-Price-Index-March-13-2025.pdf
2025-03-13,LOCAL COMMERCIAL RICE,Well Milled,1-19% bran streak,46.44,Daily-Price-Index-March-13-2025.pdf
2025-03-13,LOCAL COMMERCIAL RICE,Regular Milled,20-40% bran streak,40.43,Daily-Price-Index-March-13-2025.pdf
2025-03-14,IMPORTED COMMERCIAL RICE,Special,White Rice,58.08,Daily-Price-Index-March-14-2025.pdf
2025-03-14,IMPORTED COMMERCIAL RICE,Premium,5% broken,50.16,Daily-Price-Index-March-14-2025.pdf
2025-03-14,IMPORTED COMMERCIAL RICE,Well Milled,1-19% bran streak,44.35,Daily-Price-Index-March-14-2025.pdf
2025-03-14,IMPORTED COMMERCIAL RICE,Regular Milled,20-40% bran streak,40.08,Daily-Price-Index-March-14-2025.pdf
2025-03-14,LOCAL COMMERCIAL RICE,Special,White Rice,58.53,Daily-Price-Index-March-14-2025.pdf
2025-03-14,LOCAL COMMERCIAL RICE,Premium,5% broken,52.56,Daily-Price-Index-March-14-2025.pdf
2025-03-14,LOCAL COMMERCIAL RICE,Well Milled,1-19% bran streak,46.18,Daily-Price-Index-March-14-2025.pdf
2025-03-14,LOCAL COMMERCIAL RICE,Regular Milled,20-40% bran streak,40.41,Daily-Price-Index-March-14-2025.pdf
2025-03-15,IMPORTED COMMERCIAL RICE,Special,White Rice,58.76,Daily-Price-Index-March-15-2025.pdf
2025-03-15,IMPORTED COMMERCIAL RICE,Premium,5% broken,50.25,Daily-Price-Index-March-15-2025.pdf
2025-03-15,IMPORTED COMMERCIAL RICE,Well Milled,1-19% bran streak,44.35,Daily-Price-Index-March-15-2025.pdf
2025-03-15,IMPORTED COMMERCIAL RICE,Regular Milled,20-40% bran streak,38.53,Daily-Price-Index-March-15-2025.pdf
2025-03-15,LOCAL COMMERCIAL RICE,Special,White Rice,58.62,Daily-Price-Index-March-15-2025.pdf
2025-03-15,LOCAL COMMERCIAL RICE,Premium,5% broken,52.54,Daily-Price-Index-March-15-2025.pdf
2025-03-15,LOCAL COMMERCIAL RICE,Well Milled,1-19% bran streak,46.34,Daily-Price-Index-March-15-2025.pdf
2025-03-15,LOCAL COMMERCIAL RICE,Regular Milled,20-40% bran streak,40.58,Daily-Price-Index-March-15-2025.pdf
2025-03-17,IMPORTED COMMERCIAL RICE,Special,White Rice,57.76,Daily-Price-Index-March-17-2025.pdf
2025-03-17,IMPORTED COMMERCIAL RICE,Premium,5% broken,49.95,Daily-Price-Index-March-17-2025.pdf
2025-03-17,IMPORTED COMMERCIAL RICE,Well Milled,1-19% bran streak,44.58,Daily-Price-Index-March-17-2025.pdf
2025-03-17,IMPORTED COMMERCIAL RICE,Regular Milled,20-40% bran streak,40.26,Daily-Price-Index-March-17-2025.pdf
2025-03-17,LOCAL COMMERCIAL RICE,Special,White Rice,58.35,Daily-Price-Index-March-17-2025.pdf
2025-03-17,LOCAL COMMERCIAL RICE,Premium,5% broken,52.43,Daily-Price-Index-March-17-2025.pdf
2025-03-17,LOCAL COMMERCIAL RICE,Well Milled,1-19% bran streak,45.99,Daily-Price-Index-March-17-2025.pdf
2025-03-17,LOCAL COMMERCIAL RICE,Regular Milled,20-40% bran streak,40.42,Daily-Price-Index-March-17-2025.pdf
2025-03-18,IMPORTED COMMERCIAL RICE,Special,White Rice,57.76,Daily-Price-Index-March-18-2025.pdf
2025-03-18,IMPORTED COMMERCIAL RICE,Premium,5% broken,49.88,Daily-Price-Index-March-18-2025.pdf
2025-03-18,IMPORTED COMMERCIAL RICE,Well Milled,1-19% bran streak,44.56,Daily-Price-Index-March-18-2025.pdf
2025-03-18,IMPORTED COMMERCIAL RICE,Regular Milled,20-40% bran streak,40.56,Daily-Price-Index-March-18-2025.pdf
2025-03-18,LOCAL COMMERCIAL RICE,Special,White Rice,58.85,Daily-Price-Index-March-18-2025.pdf
2025-03-18,LOCAL COMMERCIAL RICE,Premium,5% broken,52.99,Daily-Price-Index-March-18-2025.pdf
2025-03-18,LOCAL COMMERCIAL RICE,Well Milled,1-19% bran streak,46.03,Daily-Price-Index-March-18-2025.pdf
2025-03-18,LOCAL COMMERCIAL RICE,Regular Milled,20-40% bran streak,40.86,Daily-Price-Index-March-18-2025.pdf
2025-03-19,IMPORTED COMMERCIAL RICE,Special,White Rice,56.58,Daily-Price-Index-March-19-2025.pdf
2025-03-19,IMPORTED COMMERCIAL RICE,Premium,5% broken,49.85,Daily-Price-Index-March-19-2025.pdf
2025-03-19,IMPORTED COMMERCIAL RICE,Well Milled,1-19% bran streak,44.56,Daily-Price-Index-March-19-2025.pdf
2025-03-19,IMPORTED COMMERCIAL RICE,Regular Milled,20-40% bran streak,40.25,Daily-Price-Index-March-19-2025.pdf
2025-03-19,LOCAL COMMERCIAL RICE,Special,White Rice,58.32,Daily-Price-Index-March-19-2025.pdf
2025-03-19,LOCAL COMMERCIAL RICE,Premium,5% broken,52.56,Daily-Price-Index-March-19-2025.pdf
2025-03-19,LOCAL COMMERCIAL RICE,Well Milled,1-19% bran streak,45.80,Daily-Price-Index-March-19-2025.pdf
2025-03-19,LOCAL COMMERCIAL RICE,Regular Milled,20-40% bran streak,40.53,Daily-Price-Index-March-19-2025.pdf
2025-03-20,IMPORTED COMMERCIAL RICE,Special,White Rice,56.58,Daily-Price-Index-March-20-2025.pdf
2025-03-20,IMPORTED COMMERCIAL RICE,Premium,5% broken,49.73,Daily-Price-Index-March-20-2025.pdf
2025-03-20,IMPORTED COMMERCIAL RICE,Well Milled,1-19% bran streak,44.58,Daily-Price-Index-March-20-2025.pdf
2025-03-20,IMPORTED COMMERCIAL RICE,Regular Milled,20-40% bran streak,40.33,Daily-Price-Index-March-20-2025.pdf
2025-03-20,LOCAL COMMERCIAL RICE,Special,White Rice,58.32,Daily-Price-Index-March-20-2025.pdf
2025-03-20,LOCAL COMMERCIAL RICE,Premium,5% broken,52.54,Daily-Price-Index-March-20-2025.pdf
2025-03-20,LOCAL COMMERCIAL RICE,Well Milled,1-19% bran streak,46.00,Daily-Price-Index-March-20-2025.pdf
2025-03-20,LOCAL COMMERCIAL RICE,Regular Milled,20-40% bran streak,40.56,Daily-Price-Index-March-20-2025.pdf
2025-03-21,IMPORTED COMMERCIAL RICE,Special,White Rice,56.58,Daily-Price-Index-March-21-2025.pdf
2025-03-21,IMPORTED COMMERCIAL RICE,Premium,5% broken,49.71,Daily-Price-Index-March-21-2025.pdf
2025-03-21,IMPORTED COMMERCIAL RICE,Well Milled,1-19% bran streak,44.56,Daily-Price-Index-March-21-2025.pdf
2025-03-21,IMPORTED COMMERCIAL RICE,Regular Milled,20-40% bran streak,40.33,Daily-Price-Index-March-21-2025.pdf
2025-03-21,LOCAL COMMERCIAL RICE,Special,White Rice,58.28,Daily-Price-Index-March-21-2025.pdf
2025-03-21,LOCAL COMMERCIAL RICE,Premium,5% broken,52.43,Daily-Price-Index-March-21-2025.pdf
2025-03-21,LOCAL COMMERCIAL RICE,Well Milled,1-19% bran streak,45.92,Daily-Price-Index-March-21-2025.pdf
2025-03-21,LOCAL COMMERCIAL RICE,Regular Milled,20-40% bran streak,40.51,Daily-Price-Index-March-21-2025.pdf
2025-03-22,IMPORTED COMMERCIAL RICE,Special,White Rice,56.58,Daily-Price-Index-March-22-2025.pdf
2025-03-22,IMPORTED COMMERCIAL RICE,Premium,5% broken,49.74,Daily-Price-Index-March-22-2025.pdf
2025-03-22,IMPORTED COMMERCIAL RICE,Well Milled,1-19% bran streak,44.47,Daily-Price-Index-March-22-2025.pdf
2025-03-22,IMPORTED COMMERCIAL RICE,Regular Milled,20-40% bran streak,40.33,Daily-Price-Index-March-22-2025.pdf
2025-03-22,LOCAL COMMERCIAL RICE,Special,White Rice,57.92,Daily-Price-Index-March-22-2025.pdf
2025-03-22,LOCAL COMMERCIAL RICE,Premium,5% broken,52.47,Daily-Price-Index-March-22-2025.pdf
2025-03-22,LOCAL COMMERCIAL RICE,Well Milled,1-19% bran streak,46.00,Daily-Price-Index-March-22-2025.pdf
2025-03-22,LOCAL COMMERCIAL RICE,Regular Milled,20-40% bran streak,40.59,Daily-Price-Index-March-22-2025.pdf
2025-03-24,IMPORTED COMMERCIAL RICE,Special,White Rice,57.08,Daily-Price-Index-March-24-2025.pdf
2025-03-24,IMPORTED COMMERCIAL RICE,Premium,5% broken,49.62,Daily-Price-Index-March-24-2025.pdf
2025-03-24,IMPORTED COMMERCIAL RICE,Well Milled,1-19% bran streak,44.18,Daily-Price-Index-March-24-2025.pdf
2025-03-24,IMPORTED COMMERCIAL RICE,Regular Milled,20-40% bran streak,40.33,Daily-Price-Index-March-24-2025.pdf
2025-03-24,LOCAL COMMERCIAL RICE,Special,White Rice,58.18,Daily-Price-Index-March-24-2025.pdf
2025-03-24,LOCAL COMMERCIAL RICE,Premium,5% broken,52.43,Daily-Price-Index-March-24-2025.pdf
2025-03-24,LOCAL COMMERCIAL RICE,Well Milled,1-19% bran streak,46.18,Daily-Price-Index-March-24-2025.pdf
2025-03-24,LOCAL COMMERCIAL RICE,Regular Milled,20-40% bran streak,40.41,Daily-Price-Index-March-24-2025.pdf
2025-03-25,IMPORTED COMMERCIAL RICE,Special,White Rice,58.00,Daily-Price-Index-March-25-2025.pdf
2025-03-25,IMPORTED COMMERCIAL RICE,Premium,5% broken,49.63,Daily-Price-Index-March-25-2025.pdf
2025-03-25,IMPORTED COMMERCIAL RICE,Well Milled,1-19% bran streak,44.18,Daily-Price-Index-March-25-2025.pdf
2025-03-25,IMPORTED COMMERCIAL RICE,Regular Milled,20-40% bran streak,40.53,Daily-Price-Index-March-25-2025.pdf
2025-03-25,LOCAL COMMERCIAL RICE,Special,White Rice,58.60,Daily-Price-Index-March-25-2025.pdf
2025-03-25,LOCAL COMMERCIAL RICE,Premium,5% broken,52.69,Daily-Price-Index-March-25-2025.pdf
2025-03-25,LOCAL COMMERCIAL RICE,Well Milled,1-19% bran streak,46.27,Daily-Price-Index-March-25-2025.pdf
2025-03-25,LOCAL COMMERCIAL RICE,Regular Milled,20-40% bran streak,40.69,Daily-Price-Index-March-25-2025.pdf
2025-03-26,IMPORTED COMMERCIAL RICE,Special,White Rice,57.81,Daily-Price-Index-March-26-2025.pdf
2025-03-26,IMPORTED COMMERCIAL RICE,Premium,5% broken,49.63,Daily-Price-Index-March-26-2025.pdf
2025-03-26,IMPORTED COMMERCIAL RICE,Well Milled,1-19% bran streak,44.41,Daily-Price-Index-March-26-2025.pdf
2025-03-26,IMPORTED COMMERCIAL RICE,Regular Milled,20-40% bran streak,40.28,Daily-Price-Index-March-26-2025.pdf
2025-03-26,LOCAL COMMERCIAL RICE,Special,White Rice,58.62,Daily-Price-Index-March-26-2025.pdf
2025-03-26,LOCAL COMMERCIAL RICE,Premium,5% broken,52.83,Daily-Price-Index-March-26-2025.pdf
2025-03-26,LOCAL COMMERCIAL RICE,Well Milled,1-19% bran streak,46.28,Daily-Price-Index-March-26-2025.pdf
2025-03-26,LOCAL COMMERCIAL RICE,Regular Milled,20-40% bran streak,40.57,Daily-Price-Index-March-26-2025.pdf
2025-03-27,IMPORTED COMMERCIAL RICE,Special,White Rice,58.00,Daily-Price-Index-March-27-2025.pdf
2025-03-27,IMPORTED COMMERCIAL RICE,Premium,5% broken,49.53,Daily-Price-Index-March-27-2025.pdf
2025-03-27,IMPORTED COMMERCIAL RICE,Well Milled,1-19% bran streak,44.16,Daily-Price-Index-March-27-2025.pdf
2025-03-27,IMPORTED COMMERCIAL RICE,Regular Milled,20-40% bran streak,40.04,Daily-Price-Index-March-27-2025.pdf
2025-03-27,LOCAL COMMERCIAL RICE,Special,White Rice,58.29,Daily-Price-Index-March-27-2025.pdf
2025-03-27,LOCAL COMMERCIAL RICE,Premium,5% broken,52.26,Daily-Price-Index-March-27-2025.pdf
2025-03-27,LOCAL COMMERCIAL RICE,Well Milled,1-19% bran streak,46.26,Daily-Price-Index-March-27-2025.pdf
2025-03-27,LOCAL COMMERCIAL RICE,Regular Milled,20-40% bran streak,40.28,Daily-Price-Index-March-27-2025.pdf
2025-03-28,IMPORTED COMMERCIAL RICE,Special,White Rice,58.00,Daily-Price-Index-March-28-2025.pdf
2025-03-28,IMPORTED COMMERCIAL RICE,Premium,5% broken,49.40,Daily-Price-Index-March-28-2025.pdf
2025-03-28,IMPORTED COMMERCIAL RICE,Well Milled,1-19% bran streak,44.06,Daily-Price-Index-March-28-2025.pdf
2025-03-28,IMPORTED COMMERCIAL RICE,Regular Milled,20-40% bran streak,40.04,Daily-Price-Index-March-28-2025.pdf
2025-03-28,LOCAL COMMERCIAL RICE,Special,White Rice,58.06,Daily-Price-Index-March-28-2025.pdf
2025-03-28,LOCAL COMMERCIAL RICE,Premium,5% broken,52.36,Daily-Price-Index-March-28-2025.pdf
2025-03-28,LOCAL COMMERCIAL RICE,Well Milled,1-19% bran streak,46.07,Daily-Price-Index-March-28-2025.pdf
2025-03-28,LOCAL COMMERCIAL RICE,Regular Milled,20-40% bran streak,40.18,Daily-Price-Index-March-28-2025.pdf
2025-03-29,IMPORTED COMMERCIAL RICE,Special,White Rice,58.00,Daily-Price-Index-March-29-2025.pdf
2025-03-29,IMPORTED COMMERCIAL RICE,Premium,5% broken,49.57,Daily-Price-Index-March-29-2025.pdf
2025-03-29,IMPORTED COMMERCIAL RICE,Well Milled,1-19% bran streak,44.00,Daily-Price-Index-March-29-2025.pdf
2025-03-29,IMPORTED COMMERCIAL RICE,Regular Milled,20-40% bran streak,40.59,Daily-Price-Index-March-29-2025.pdf
2025-03-29,LOCAL COMMERCIAL RICE,Special,White Rice,58.47,Daily-Price-Index-March-29-2025.pdf
2025-03-29,LOCAL COMMERCIAL RICE,Premium,5% broken,52.39,Daily-Price-Index-March-29-2025.pdf
2025-03-29,LOCAL COMMERCIAL RICE,Well Milled,1-19% bran streak,45.83,Daily-Price-Index-March-29-2025.pdf
2025-03-29,LOCAL COMMERCIAL RICE,Regular Milled,20-40% bran streak,40.78,Daily-Price-Index-March-29-2025.pdf
2025-03-31,IMPORTED COMMERCIAL RICE,Special,White Rice,58.14,Daily-Price-Index-March-31-2025.pdf
2025-03-31,IMPORTED COMMERCIAL RICE,Premium,5% broken,49.09,Daily-Price-Index-March-31-2025.pdf
2025-03-31,IMPORTED COMMERCIAL RICE,Well Milled,1-19% bran streak,44.17,Daily-Price-Index-March-31-2025.pdf
2025-03-31,IMPORTED COMMERCIAL RICE,Regular Milled,20-40% bran streak,40.04,Daily-Price-Index-March-31-2025.pdf
2025-03-31,LOCAL COMMERCIAL RICE,Special,White Rice,57.97,Daily-Price-Index-March-31-2025.pdf
2025-03-31,LOCAL COMMERCIAL RICE,Premium,5% broken,52.27,Daily-Price-Index-March-31-2025.pdf
2025-03-31,LOCAL COMMERCIAL RICE,Well Milled,1-19% bran streak,45.43,Daily-Price-Index-March-31-2025.pdf
2025-03-31,LOCAL COMMERCIAL RICE,Regular Milled,20-40% bran streak,40.18,Daily-Price-Index-March-31-2025.pdf
2025-04-01,IMPORTED COMMERCIAL RICE,Special,White Rice,58.00,Daily-Price-Index-April-1-2025.pdf
2025-04-01,IMPORTED COMMERCIAL RICE,Premium,5% broken,48.89,Daily-Price-Index-April-1-2025.pdf
2025-04-01,IMPORTED COMMERCIAL RICE,Well Milled,1-19% bran streak,44.00,Daily-Price-Index-April-1-2025.pdf
2025-04-01,IMPORTED COMMERCIAL RICE,Regular Milled,20-40% bran streak,39.82,Daily-Price-Index-April-1-2025.pdf
2025-04-01,LOCAL COMMERCIAL RICE,Special,White Rice,57.95,Daily-Price-Index-April-1-2025.pdf
2025-04-01,LOCAL COMMERCIAL RICE,Premium,5% broken,52.27,Daily-Price-Index-April-1-2025.pdf
2025-04-01,LOCAL COMMERCIAL RICE,Well Milled,1-19% bran streak,45.48,Daily-Price-Index-April-1-2025.pdf
2025-04-01,LOCAL COMMERCIAL RICE,Regular Milled,20-40% bran streak,40.04,Daily-Price-Index-April-1-2025.pdf
2025-04-02,IMPORTED COMMERCIAL RICE,Special,White Rice,58.11,Daily-Price-Index-April-2-2025.pdf
2025-04-02,IMPORTED COMMERCIAL RICE,Premium,5% broken,48.33,Daily-Price-Index-April-2-2025.pdf
2025-04-02,IMPORTED COMMERCIAL RICE,Well Milled,1-19% bran streak,44.22,Daily-Price-Index-April-2-2025.pdf
2025-04-02,IMPORTED COMMERCIAL RICE,Regular Milled,20-40% bran streak,40.04,Daily-Price-Index-April-2-2025.pdf
2025-04-02,LOCAL COMMERCIAL RICE,Special,White Rice,58.12,Daily-Price-Index-April-2-2025.pdf
2025-04-02,LOCAL COMMERCIAL RICE,Premium,5% broken,52.14,Daily-Price-Index-April-2-2025.pdf
2025-04-02,LOCAL COMMERCIAL RICE,Well Milled,1-19% bran streak,45.56,Daily-Price-Index-April-2-2025.pdf
2025-04-02,LOCAL COMMERCIAL RICE,Regular Milled,20-40% bran streak,40.19,Daily-Price-Index-April-2-2025.pdf
2025-04-03,IMPORTED COMMERCIAL RICE,Special,White Rice,58.65,Daily-Price-Index-April-3-2025.pdf
2025-04-03,IMPORTED COMMERCIAL RICE,Premium,5% broken,47.87,Daily-Price-Index-April-3-2025.pdf
2025-04-03,IMPORTED COMMERCIAL RICE,Well Milled,1-19% bran streak,43.89,Daily-Price-Index-April-3-2025.pdf
2025-04-03,IMPORTED COMMERCIAL RICE,Regular Milled,20-40% bran streak,40.11,Daily-Price-Index-April-3-2025.pdf
2025-04-03,LOCAL COMMERCIAL RICE,Special,White Rice,58.55,Daily-Price-Index-April-3-2025.pdf
2025-04-03,LOCAL COMMERCIAL RICE,Premium,5% broken,52.30,Daily-Price-Index-April-3-2025.pdf
2025-04-03,LOCAL COMMERCIAL RICE,Well Milled,1-19% bran streak,45.49,Daily-Price-Index-April-3-2025.pdf
2025-04-03,LOCAL COMMERCIAL RICE,Regular Milled,20-40% bran streak,40.67,Daily-Price-Index-April-3-2025.pdf
2025-04-04,IMPORTED COMMERCIAL RICE,Special,White Rice,58.65,Daily-Price-Index-April-4-2025.pdf
2025-04-04,IMPORTED COMMERCIAL RICE,Premium,5% broken,47.92,Daily-Price-Index-April-4-2025.pdf
2025-04-04,IMPORTED COMMERCIAL RICE,Well Milled,1-19% bran streak,43.78,Daily-Price-Index-April-4-2025.pdf
2025-04-04,IMPORTED COMMERCIAL RICE,Regular Milled,20-40% bran streak,39.92,Daily-Price-Index-April-4-2025.pdf
2025-04-04,LOCAL COMMERCIAL RICE,Special,White Rice,58.11,Daily-Price-Index-April-4-2025.pdf
2025-04-04,LOCAL COMMERCIAL RICE,Premium,5% broken,51.99,Daily-Price-Index-April-4-2025.pdf
2025-04-04,LOCAL COMMERCIAL RICE,Well Milled,1-19% bran streak,45.50,Daily-Price-Index-April-4-2025.pdf
2025-04-04,LOCAL COMMERCIAL RICE,Regular Milled,20-40% bran streak,40.30,Daily-Price-Index-April-4-2025.pdf
2025-04-05,IMPORTED COMMERCIAL RICE,Special,White Rice,58.68,Daily-Price-Index-April-5-2025.pdf
2025-04-05,IMPORTED COMMERCIAL RICE,Premium,5% broken,48.25,Daily-Price-Index-April-5-2025.pdf
2025-04-05,IMPORTED COMMERCIAL RICE,Well Milled,1-19% bran streak,43.78,Daily-Price-Index-April-5-2025.pdf
2025-04-05,IMPORTED COMMERCIAL RICE,Regular Milled,20-40% bran streak,39.92,Daily-Price-Index-April-5-2025.pdf
2025-04-05,LOCAL COMMERCIAL RICE,Special,White Rice,57.90,Daily-Price-Index-April-5-2025.pdf
2025-04-05,LOCAL COMMERCIAL RICE,Premium,5% broken,52.01,Daily-Price-Index-April-5-2025.pdf
2025-04-05,LOCAL COMMERCIAL RICE,Well Milled,1-19% bran streak,45.45,Daily-Price-Index-April-5-2025.pdf
2025-04-05,LOCAL COMMERCIAL RICE,Regular Milled,20-40% bran streak,40.29,Daily-Price-Index-April-5-2025.pdf
2025-04-07,IMPORTED COMMERCIAL RICE,Fancy,White Rice,58.08,Daily-Price-Index-April-7-2025.pdf
2025-04-07,IMPORTED COMMERCIAL RICE,Premium,5% broken,47.76,Daily-Price-Index-April-7-2025.pdf
2025-04-07,IMPORTED COMMERCIAL RICE,Well Milled,1-19% bran streak,43.69,Daily-Price-Index-April-7-2025.pdf
2025-04-07,IMPORTED COMMERCIAL RICE,Regular Milled,20-40% bran streak,40.12,Daily-Price-Index-April-7-2025.pdf
2025-04-07,LOCAL COMMERCIAL RICE,Fancy,White Rice,58.15,Daily-Price-Index-April-7-2025.pdf
2025-04-07,LOCAL COMMERCIAL RICE,Premium,5% broken,51.95,Daily-Price-Index-April-7-2025.pdf
2025-04-07,LOCAL COMMERCIAL RICE,Well Milled,1-19% bran streak,45.31,Daily-Price-Index-April-7-2025.pdf
2025-04-07,LOCAL COMMERCIAL RICE,Regular Milled,20-40% bran streak,40.00,Daily-Price-Index-April-7-2025.pdf
2025-04-08,IMPORTED COMMERCIAL RICE,Fancy,White Rice,58.38,Daily-Price-Index-April-8-2025.pdf
2025-04-08,IMPORTED COMMERCIAL RICE,Premium,5% broken,47.76,Daily-Price-Index-April-8-2025.pdf
2025-04-08,IMPORTED COMMERCIAL RICE,Well Milled,1-19% bran streak,43.56,Daily-Price-Index-April-8-2025.pdf
2025-04-08,IMPORTED COMMERCIAL RICE,Regular Milled,20-40% bran streak,40.12,Daily-Price-Index-April-8-2025.pdf
2025-04-08,LOCAL COMMERCIAL RICE,Fancy,White Rice,58.17,Daily-Price-Index-April-8-2025.pdf
2025-04-08,LOCAL COMMERCIAL RICE,Premium,5% broken,51.98,Daily-Price-Index-April-8-2025.pdf
2025-04-08,LOCAL COMMERCIAL RICE,Well Milled,1-19% bran streak,45.36,Daily-Price-Index-April-8-2025.pdf
2025-04-08,LOCAL COMMERCIAL RICE,Regular Milled,20-40% bran streak,40.17,Daily-Price-Index-April-8-2025.pdf
2025-04-09,IMPORTED COMMERCIAL RICE,Fancy,White Rice,58.04,Daily-Price-Index-April-9-2025.pdf
2025-04-09,IMPORTED COMMERCIAL RICE,Premium,5% broken,47.36,Daily-Price-Index-April-9-2025.pdf
2025-04-09,IMPORTED COMMERCIAL RICE,Well Milled,1-19% bran streak,43.35,Daily-Price-Index-April-9-2025.pdf
2025-04-09,IMPORTED COMMERCIAL RICE,Regular Milled,20-40% bran streak,40.24,Daily-Price-Index-April-9-2025.pdf
2025-04-09,LOCAL COMMERCIAL RICE,Fancy,White Rice,58.14,Daily-Price-Index-April-9-2025.pdf
2025-04-09,LOCAL COMMERCIAL RICE,Premium,5% broken,52.01,Daily-Price-Index-April-9-2025.pdf
2025-04-09,LOCAL COMMERCIAL RICE,Well Milled,1-19% bran streak,45.25,Daily-Price-Index-April-9-2025.pdf
2025-04-09,LOCAL COMMERCIAL RICE,Regular Milled,20-40% bran streak,40.25,Daily-Price-Index-April-9-2025.pdf
2025-04-10,IMPORTED COMMERCIAL RICE,Special,White Rice,58.38,Daily-Price-Index-April-10-2025.pdf
2025-04-10,IMPORTED COMMERCIAL RICE,Premium,5% broken,47.42,Daily-Price-Index-April-10-2025.pdf
2025-04-10,IMPORTED COMMERCIAL RICE,Well Milled,1-19% bran streak,43.53,Daily-Price-Index-April-10-2025.pdf
2025-04-10,IMPORTED COMMERCIAL RICE,Regular Milled,20-40% bran streak,40.16,Daily-Price-Index-April-10-2025.pdf
2025-04-10,LOCAL COMMERCIAL RICE,Special,White Rice,58.15,Daily-Price-Index-April-10-2025.pdf
2025-04-10,LOCAL COMMERCIAL RICE,Premium,5% broken,51.97,Daily-Price-Index-April-10-2025.pdf
2025-04-10,LOCAL COMMERCIAL RICE,Well Milled,1-19% bran streak,45.33,Daily-Price-Index-April-10-2025.pdf
2025-04-10,LOCAL COMMERCIAL RICE,Regular Milled,20-40% bran streak,40.14,Daily-Price-Index-April-10-2025.pdf
2025-04-11,IMPORTED COMMERCIAL RICE,Special,White Rice,58.38,Daily-Price-Index-April-11-2025.pdf
2025-04-11,IMPORTED COMMERCIAL RICE,Premium,5% broken,47.40,Daily-Price-Index-April-11-2025.pdf
2025-04-11,IMPORTED COMMERCIAL RICE,Well Milled,1-19% bran streak,43.53,Daily-Price-Index-April-11-2025.pdf
2025-04-11,IMPORTED COMMERCIAL RICE,Regular Milled,20-40% bran streak,40.16,Daily-Price-Index-April-11-2025.pdf
2025-04-11,LOCAL COMMERCIAL RICE,Special,White Rice,58.15,Daily-Price-Index-April-11-2025.pdf
2025-04-11,LOCAL COMMERCIAL RICE,Premium,5% broken,51.87,Daily-Price-Index-April-11-2025.pdf
2025-04-11,LOCAL COMMERCIAL RICE,Well Milled,1-19% bran streak,45.29,Daily-Price-Index-April-11-2025.pdf
2025-04-11,LOCAL COMMERCIAL RICE,Regular Milled,20-40% bran streak,40.11,Daily-Price-Index-April-11-2025.pdf
2025-04-12,IMPORTED COMMERCIAL RICE,Special,White Rice,58.00,Daily-Price-Index-April-12-2025.pdf
2025-04-12,IMPORTED COMMERCIAL RICE,Premium,5% broken,47.47,Daily-Price-Index-April-12-2025.pdf
2025-04-12,IMPORTED COMMERCIAL RICE,Well Milled,1-19% bran streak,43.21,Daily-Price-Index-April-12-2025.pdf
2025-04-12,IMPORTED COMMERCIAL RICE,Regular Milled,20-40% bran streak,40.43,Daily-Price-Index-April-12-2025.pdf
2025-04-12,LOCAL COMMERCIAL RICE,Special,White Rice,57.75,Daily-Price-Index-April-12-2025.pdf
2025-04-12,LOCAL COMMERCIAL RICE,Premium,5% broken,51.91,Daily-Price-Index-April-12-2025.pdf
2025-04-12,LOCAL COMMERCIAL RICE,Well Milled,1-19% bran streak,45.62,Daily-Price-Index-April-12-2025.pdf
2025-04-12,LOCAL COMMERCIAL RICE,Regular Milled,20-40% bran streak,40.33,Daily-Price-Index-April-12-2025.pdf
2025-04-13,IMPORTED COMMERCIAL RICE,Fancy,White Rice,68.00,Daily-Price-Index-April-13-2025.pdf
2025-04-13,IMPORTED COMMERCIAL RICE,Premium,5% broken,47.88,Daily-Price-Index-April-13-2025.pdf
2025-04-13,IMPORTED COMMERCIAL RICE,Well Milled,1-19% bran streak,41.00,Daily-Price-Index-April-13-2025.pdf
2025-04-13,IMPORTED COMMERCIAL RICE,Regular Milled,20-40% bran streak,43.00,Daily-Price-Index-April-13-2025.pdf
2025-04-13,LOCAL COMMERCIAL RICE,Fancy,White Rice,63.20,Daily-Price-Index-April-13-2025.pdf
2025-04-13,LOCAL COMMERCIAL RICE,Premium,5% broken,54.44,Daily-Price-Index-April-13-2025.pdf
2025-04-13,LOCAL COMMERCIAL RICE,Well Milled,1-19% bran streak,44.14,Daily-Price-Index-April-13-2025.pdf
2025-04-13,LOCAL COMMERCIAL RICE,Regular Milled,20-40% bran streak,42.00,Daily-Price-Index-April-13-2025.pdf
2025-04-14,IMPORTED COMMERCIAL RICE,Special,White Rice,58.38,Daily-Price-Index-April-14-2025.pdf
2025-04-14,IMPORTED COMMERCIAL RICE,Premium,5% broken,47.15,Daily-Price-Index-April-14-2025.pdf
2025-04-14,IMPORTED COMMERCIAL RICE,Well Milled,1-19% bran streak,43.33,Daily-Price-Index-April-14-2025.pdf
2025-04-14,IMPORTED COMMERCIAL RICE,Regular Milled,20-40% bran streak,39.96,Daily-Price-Index-April-14-2025.pdf
2025-04-14,LOCAL COMMERCIAL RICE,Special,White Rice,58.24,Daily-Price-Index-April-14-2025.pdf
2025-04-14,LOCAL COMMERCIAL RICE,Premium,5% broken,51.91,Daily-Price-Index-April-14-2025.pdf
2025-04-14,LOCAL COMMERCIAL RICE,Well Milled,1-19% bran streak,45.16,Daily-Price-Index-April-14-2025.pdf
2025-04-14,LOCAL COMMERCIAL RICE,Regular Milled,20-40% bran streak,40.11,Daily-Price-Index-April-14-2025.pdf
2025-04-15,IMPORTED COMMERCIAL RICE,Special,White Rice,59.25,Daily-Price-Index-April-15-2025.pdf
2025-04-15,IMPORTED COMMERCIAL RICE,Premium,5% broken,46.97,Daily-Price-Index-April-15-2025.pdf
2025-04-15,IMPORTED COMMERCIAL RICE,Well Milled,1-19% bran streak,43.64,Daily-Price-Index-April-15-2025.pdf
2025-04-15,IMPORTED COMMERCIAL RICE,Regular Milled,20-40% bran streak,38.35,Daily-Price-Index-April-15-2025.pdf
2025-04-15,LOCAL COMMERCIAL RICE,Special,White Rice,58.30,Daily-Price-Index-April-15-2025.pdf
2025-04-15,LOCAL COMMERCIAL RICE,Premium,5% broken,51.85,Daily-Price-Index-April-15-2025.pdf
2025-04-15,LOCAL COMMERCIAL RICE,Well Milled,1-19% bran streak,45.38,Daily-Price-Index-April-15-2025.pdf
2025-04-15,LOCAL COMMERCIAL RICE,Regular Milled,20-40% bran streak,40.17,Daily-Price-Index-April-15-2025.pdf
2025-04-16,IMPORTED COMMERCIAL RICE,Special,White Rice,58.95,Daily-Price-Index-April-16-2025.pdf
2025-04-16,IMPORTED COMMERCIAL RICE,Premium,5% broken,47.08,Daily-Price-Index-April-16-2025.pdf
2025-04-16,IMPORTED COMMERCIAL RICE,Well Milled,1-19% bran streak,43.47,Daily-Price-Index-April-16-2025.pdf
2025-04-16,IMPORTED COMMERCIAL RICE,Regular Milled,20-40% bran streak,39.20,Daily-Price-Index-April-16-2025.pdf
2025-04-16,LOCAL COMMERCIAL RICE,Special,White Rice,58.26,Daily-Price-Index-April-16-2025.pdf
2025-04-16,LOCAL COMMERCIAL RICE,Premium,5% broken,51.97,Daily-Price-Index-April-16-2025.pdf
2025-04-16,LOCAL COMMERCIAL RICE,Well Milled,1-19% bran streak,45.61,Daily-Price-Index-April-16-2025.pdf
2025-04-16,LOCAL COMMERCIAL RICE,Regular Milled,20-40% bran streak,40.15,Daily-Price-Index-April-16-2025.pdf
2025-04-20,IMPORTED COMMERCIAL RICE,Premium,5% broken,47.29,Daily-Price-Index-April-20-2025.pdf
2025-04-20,IMPORTED COMMERCIAL RICE,Well Milled,1-19% bran streak,44.00,Daily-Price-Index-April-20-2025.pdf
2025-04-20,IMPORTED COMMERCIAL RICE,Regular Milled,20-40% bran streak,43.00,Daily-Price-Index-April-20-2025.pdf
2025-04-20,LOCAL COMMERCIAL RICE,Fancy,White Rice,63.50,Daily-Price-Index-April-20-2025.pdf
2025-04-20,LOCAL COMMERCIAL RICE,Premium,5% broken,53.43,Daily-Price-Index-April-20-2025.pdf
2025-04-20,LOCAL COMMERCIAL RICE,Well Milled,1-19% bran streak,45.80,Daily-Price-Index-April-20-2025.pdf
2025-04-20,LOCAL COMMERCIAL RICE,Regular Milled,20-40% bran streak,43.00,Daily-Price-Index-April-20-2025.pdf
2025-04-21,IMPORTED COMMERCIAL RICE,Special,White Rice,58.79,Daily-Price-Index-April-21-2025.pdf
2025-04-21,IMPORTED COMMERCIAL RICE,Premium,5% broken,47.02,Daily-Price-Index-April-21-2025.pdf
2025-04-21,IMPORTED COMMERCIAL RICE,Well Milled,1-19% bran streak,43.67,Daily-Price-Index-April-21-2025.pdf
2025-04-21,IMPORTED COMMERCIAL RICE,Regular Milled,20-40% bran streak,39.50,Daily-Price-Index-April-21-2025.pdf
2025-04-21,LOCAL COMMERCIAL RICE,Special,White Rice,57.91,Daily-Price-Index-April-21-2025.pdf
2025-04-21,LOCAL COMMERCIAL RICE,Premium,5% broken,52.04,Daily-Price-Index-April-21-2025.pdf
2025-04-21,LOCAL COMMERCIAL RICE,Well Milled,1-19% bran streak,45.50,Daily-Price-Index-April-21-2025.pdf
2025-04-21,LOCAL COMMERCIAL RICE,Regular Milled,20-40% bran streak,39.35,Daily-Price-Index-April-21-2025.pdf
2025-04-22,IMPORTED COMMERCIAL RICE,Special,White Rice,58.25,Daily-Price-Index-April-22-2025.pdf
2025-04-22,IMPORTED COMMERCIAL RICE,Premium,5% broken,46.88,Daily-Price-Index-April-22-2025.pdf
2025-04-22,IMPORTED COMMERCIAL RICE,Well Milled,1-19% bran streak,43.07,Daily-Price-Index-April-22-2025.pdf
2025-04-22,IMPORTED COMMERCIAL RICE,Regular Milled,20-40% bran streak,40.12,Daily-Price-Index-April-22-2025.pdf
2025-04-22,LOCAL COMMERCIAL RICE,Special,White Rice,57.98,Daily-Price-Index-April-22-2025.pdf
2025-04-22,LOCAL COMMERCIAL RICE,Premium,5% broken,51.89,Daily-Price-Index-April-22-2025.pdf
2025-04-22,LOCAL COMMERCIAL RICE,Well Milled,1-19% bran streak,45.12,Daily-Price-Index-April-22-2025.pdf
2025-04-22,LOCAL COMMERCIAL RICE,Regular Milled,20-40% bran streak,39.16,Daily-Price-Index-April-22-2025.pdf
2025-04-23,IMPORTED COMMERCIAL RICE,Special,White Rice,58.08,Daily-Price-Index-April-23-2025.pdf
2025-04-23,IMPORTED COMMERCIAL RICE,Premium,5% broken,46.91,Daily-Price-Index-April-23-2025.pdf
2025-04-23,IMPORTED COMMERCIAL RICE,Well Milled,1-19% bran streak,43.67,Daily-Price-Index-April-23-2025.pdf
2025-04-23,IMPORTED COMMERCIAL RICE,Regular Milled,20-40% bran streak,40.07,Daily-Price-Index-April-23-2025.pdf
2025-04-23,LOCAL COMMERCIAL RICE,Special,White Rice,57.88,Daily-Price-Index-April-23-2025.pdf
2025-04-23,LOCAL COMMERCIAL RICE,Premium,5% broken,51.73,Daily-Price-Index-April-23-2025.pdf
2025-04-23,LOCAL COMMERCIAL RICE,Well Milled,1-19% bran streak,45.23,Daily-Price-Index-April-23-2025.pdf
2025-04-23,LOCAL COMMERCIAL RICE,Regular Milled,20-40% bran streak,39.24,Daily-Price-Index-April-23-2025.pdf
2025-04-24,IMPORTED COMMERCIAL RICE,Special,White Rice,58.00,Daily-Price-Index-April-24-2025.pdf
2025-04-24,IMPORTED COMMERCIAL RICE,Premium,5% broken,46.84,Daily-Price-Index-April-24-2025.pdf
2025-04-24,IMPORTED COMMERCIAL RICE,Well Milled,1-19% bran streak,43.55,Daily-Price-Index-April-24-2025.pdf
2025-04-24,IMPORTED COMMERCIAL RICE,Regular Milled,20-40% bran streak,40.04,Daily-Price-Index-April-24-2025.pdf
2025-04-24,LOCAL COMMERCIAL RICE,Special,White Rice,57.83,Daily-Price-Index-April-24-2025.pdf
2025-04-24,LOCAL COMMERCIAL RICE,Premium,5% broken,51.63,Daily-Price-Index-April-24-2025.pdf
2025-04-24,LOCAL COMMERCIAL RICE,Well Milled,1-19% bran streak,45.01,Daily-Price-Index-April-24-2025.pdf
2025-04-24,LOCAL COMMERCIAL RICE,Regular Milled,20-40% bran streak,39.23,Daily-Price-Index-April-24-2025.pdf
2025-04-25,IMPORTED COMMERCIAL RICE,Special,White Rice,58.00,Daily-Price-Index-April-25-2025.pdf
2025-04-25,IMPORTED COMMERCIAL RICE,Premium,5% broken,46.77,Daily-Price-Index-April-25-2025.pdf
2025-04-25,IMPORTED COMMERCIAL RICE,Well Milled,1-19% bran streak,43.55,Daily-Price-Index-April-25-2025.pdf
2025-04-25,IMPORTED COMMERCIAL RICE,Regular Milled,20-40% bran streak,40.04,Daily-Price-Index-April-25-2025.pdf
2025-04-25,LOCAL COMMERCIAL RICE,Special,White Rice,57.75,Daily-Price-Index-April-25-2025.pdf
2025-04-25,LOCAL COMMERCIAL RICE,Premium,5% broken,51.62,Daily-Price-Index-April-25-2025.pdf
2025-04-25,LOCAL COMMERCIAL RICE,Well Milled,1-19% bran streak,44.95,Daily-Price-Index-April-25-2025.pdf
2025-04-25,LOCAL COMMERCIAL RICE,Regular Milled,20-40% bran streak,39.10,Daily-Price-Index-April-25-2025.pdf
2025-04-26,IMPORTED COMMERCIAL RICE,Special,White Rice,58.00,Daily-Price-Index-April-26-2025.pdf
2025-04-26,IMPORTED COMMERCIAL RICE,Premium,5% broken,46.83,Daily-Price-Index-April-26-2025.pdf
2025-04-26,IMPORTED COMMERCIAL RICE,Well Milled,1-19% bran streak,43.55,Daily-Price-Index-April-26-2025.pdf
2025-04-26,IMPORTED COMMERCIAL RICE,Regular Milled,20-40% bran streak,40.11,Daily-Price-Index-April-26-2025.pdf
2025-04-26,LOCAL COMMERCIAL RICE,Special,White Rice,58.32,Daily-Price-Index-April-26-2025.pdf
2025-04-26,LOCAL COMMERCIAL RICE,Premium,5% broken,52.08,Daily-Price-Index-April-26-2025.pdf
2025-04-26,LOCAL COMMERCIAL RICE,Well Milled,1-19% bran streak,45.19,Daily-Price-Index-April-26-2025.pdf
2025-04-26,LOCAL COMMERCIAL RICE,Regular Milled,20-40% bran streak,39.61,Daily-Price-Index-April-26-2025.pdf
2025-04-27,IMPORTED COMMERCIAL RICE,Fancy,White Rice,64.00,Daily-Price-Index-April-27-2025.pdf
2025-04-27,IMPORTED COMMERCIAL RICE,Premium,5% broken,46.71,Daily-Price-Index-April-27-2025.pdf
2025-04-27,IMPORTED COMMERCIAL RICE,Well Milled,1-19% bran streak,44.00,Daily-Price-Index-April-27-2025.pdf
2025-04-27,LOCAL COMMERCIAL RICE,Fancy,White Rice,63.50,Daily-Price-Index-April-27-2025.pdf
2025-04-27,LOCAL COMMERCIAL RICE,Premium,5% broken,57.38,Daily-Price-Index-April-27-2025.pdf
2025-04-27,LOCAL COMMERCIAL RICE,Well Milled,1-19% bran streak,48.83,Daily-Price-Index-April-27-2025.pdf
2025-04-27,LOCAL COMMERCIAL RICE,Regular Milled,20-40% bran streak,37.33,Daily-Price-Index-April-27-2025.pdf
2025-04-28,IMPORTED COMMERCIAL RICE,Special,White Rice,57.63,Daily-Price-Index-April-28-2025.pdf
2025-04-28,IMPORTED COMMERCIAL RICE,Premium,5% broken,46.89,Daily-Price-Index-April-28-2025.pdf
2025-04-28,IMPORTED COMMERCIAL RICE,Well Milled,1-19% bran streak,43.55,Daily-Price-Index-April-28-2025.pdf
2025-04-28,IMPORTED COMMERCIAL RICE,Regular Milled,20-40% bran streak,40.22,Daily-Price-Index-April-28-2025.pdf
2025-04-28,LOCAL COMMERCIAL RICE,Special,White Rice,57.49,Daily-Price-Index-April-28-2025.pdf
2025-04-28,LOCAL COMMERCIAL RICE,Premium,5% broken,51.79,Daily-Price-Index-April-28-2025.pdf
2025-04-28,LOCAL COMMERCIAL RICE,Well Milled,1-19% bran streak,45.18,Daily-Price-Index-April-28-2025.pdf
2025-04-28,LOCAL COMMERCIAL RICE,Regular Milled,20-40% bran streak,39.17,Daily-Price-Index-April-28-2025.pdf
2025-04-29,IMPORTED COMMERCIAL RICE,Special,White Rice,57.82,Daily-Price-Index-April-29-2025.pdf
2025-04-29,IMPORTED COMMERCIAL RICE,Premium,5% broken,46.78,Daily-Price-Index-April-29-2025.pdf
2025-04-29,IMPORTED COMMERCIAL RICE,Well Milled,1-19% bran streak,43.92,Daily-Price-Index-April-29-2025.pdf
2025-04-29,IMPORTED COMMERCIAL RICE,Regular Milled,20-40% bran streak,40.19,Daily-Price-Index-April-29-2025.pdf
2025-04-29,LOCAL COMMERCIAL RICE,Special,White Rice,57.53,Daily-Price-Index-April-29-2025.pdf
2025-04-29,LOCAL COMMERCIAL RICE,Premium,5% broken,51.64,Daily-Price-Index-April-29-2025.pdf
2025-04-29,LOCAL COMMERCIAL RICE,Well Milled,1-19% bran streak,45.01,Daily-Price-Index-April-29-2025.pdf
2025-04-29,LOCAL COMMERCIAL RICE,Regular Milled,20-40% bran streak,38.95,Daily-Price-Index-April-29-2025.pdf
2025-04-30,IMPORTED COMMERCIAL RICE,Special,White Rice,57.82,Daily-Price-Index-April-30-2025.pdf
2025-04-30,IMPORTED COMMERCIAL RICE,Premium,5% broken,46.72,Daily-Price-Index-April-30-2025.pdf
2025-04-30,IMPORTED COMMERCIAL RICE,Well Milled,1-19% bran streak,44.37,Daily-Price-Index-April-30-2025.pdf
2025-04-30,IMPORTED COMMERCIAL RICE,Regular Milled,20-40% bran streak,40.21,Daily-Price-Index-April-30-2025.pdf
2025-04-30,LOCAL COMMERCIAL RICE,Special,White Rice,57.51,Daily-Price-Index-April-30-2025.pdf
2025-04-30,LOCAL COMMERCIAL RICE,Premium,5% broken,51.74,Daily-Price-Index-April-30-2025.pdf
2025-04-30,LOCAL COMMERCIAL RICE,Well Milled,1-19% bran streak,45.32,Daily-Price-Index-April-30-2025.pdf
2025-04-30,LOCAL COMMERCIAL RICE,Regular Milled,20-40% bran streak,39.14,Daily-Price-Index-April-30-2025.pdf
2025-05-01,IMPORTED COMMERCIAL RICE,Special,White Rice,57.77,Daily-Price-Index-May-1-2025.pdf
2025-05-01,IMPORTED COMMERCIAL RICE,Premium,5% broken,47.05,Daily-Price-Index-May-1-2025.pdf
2025-05-01,IMPORTED COMMERCIAL RICE,Well Milled,1-19% bran streak,44.00,Daily-Price-Index-May-1-2025.pdf
2025-05-01,IMPORTED COMMERCIAL RICE,Regular Milled,20-40% bran streak,41.00,Daily-Price-Index-May-1-2025.pdf
2025-05-01,LOCAL COMMERCIAL RICE,Special,White Rice,58.24,Daily-Price-Index-May-1-2025.pdf
2025-05-01,LOCAL COMMERCIAL RICE,Premium,5% broken,53.09,Daily-Price-Index-May-1-2025.pdf
2025-05-01,LOCAL COMMERCIAL RICE,Well Milled,1-19% bran streak,45.63,Daily-Price-Index-May-1-2025.pdf
2025-05-01,LOCAL COMMERCIAL RICE,Regular Milled,20-40% bran streak,39.53,Daily-Price-Index-May-1-2025.pdf
2025-05-02,IMPORTED COMMERCIAL RICE,Special,White Rice,57.77,Daily-Price-Index-May-2-2025.pdf
2025-05-02,IMPORTED COMMERCIAL RICE,Premium,5% broken,46.74,Daily-Price-Index-May-2-2025.pdf
2025-05-02,IMPORTED COMMERCIAL RICE,Well Milled,1-19% bran streak,43.15,Daily-Price-Index-May-2-2025.pdf
2025-05-02,IMPORTED COMMERCIAL RICE,Regular Milled,20-40% bran streak,40.00,Daily-Price-Index-May-2-2025.pdf
2025-05-02,LOCAL COMMERCIAL RICE,Special,White Rice,57.63,Daily-Price-Index-May-2-2025.pdf
2025-05-02,LOCAL COMMERCIAL RICE,Premium,5% broken,51.67,Daily-Price-Index-May-2-2025.pdf
2025-05-02,LOCAL COMMERCIAL RICE,Well Milled,1-19% bran streak,45.14,Daily-Price-Index-May-2-2025.pdf
2025-05-02,LOCAL COMMERCIAL RICE,Regular Milled,20-40% bran streak,39.11,Daily-Price-Index-May-2-2025.pdf
2025-05-03,IMPORTED COMMERCIAL RICE,Special,White Rice,57.72,Daily-Price-Index-May-3-2025.pdf
2025-05-03,IMPORTED COMMERCIAL RICE,Premium,5% broken,46.76,Daily-Price-Index-May-3-2025.pdf
2025-05-03,IMPORTED COMMERCIAL RICE,Well Milled,1-19% bran streak,43.42,Daily-Price-Index-May-3-2025.pdf
2025-05-03,IMPORTED COMMERCIAL RICE,Regular Milled,20-40% bran streak,40.08,Daily-Price-Index-May-3-2025.pdf
2025-05-03,LOCAL COMMERCIAL RICE,Special,White Rice,57.57,Daily-Price-Index-May-3-2025.pdf
2025-05-03,LOCAL COMMERCIAL RICE,Premium,5% broken,51.65,Daily-Price-Index-May-3-2025.pdf
2025-05-03,LOCAL COMMERCIAL RICE,Well Milled,1-19% bran streak,45.25,Daily-Price-Index-May-3-2025.pdf
2025-05-03,LOCAL COMMERCIAL RICE,Regular Milled,20-40% bran streak,39.15,Daily-Price-Index-May-3-2025.pdf
2025-05-03,KADIWA RICE-FOR-ALL,Well Milled,1-19% bran streak,35.00,Weekly-Average-Prices-April-28-May-3-2025.pdf
2025-05-03,IMPORTED COMMERCIAL RICE,Special,White Rice,57.76,Weekly-Average-Prices-April-28-May-3-2025.pdf
2025-05-03,IMPORTED COMMERCIAL RICE,Premium,5% broken,46.81,Weekly-Average-Prices-April-28-May-3-2025.pdf
2025-05-03,IMPORTED COMMERCIAL RICE,Well Milled,1-19% bran streak,43.78,Weekly-Average-Prices-April-28-May-3-2025.pdf
2025-05-03,IMPORTED COMMERCIAL RICE,Regular Milled,20-40% bran streak,40.22,Weekly-Average-Prices-April-28-May-3-2025.pdf
2025-05-03,LOCAL COMMERCIAL RICE,Special,White Rice,57.69,Weekly-Average-Prices-April-28-May-3-2025.pdf
2025-05-03,LOCAL COMMERCIAL RICE,Premium,5% broken,51.88,Weekly-Average-Prices-April-28-May-3-2025.pdf
2025-05-03,LOCAL COMMERCIAL RICE,Well Milled,1-19% bran streak,45.24,Weekly-Average-Prices-April-28-May-3-2025.pdf
2025-05-03,LOCAL COMMERCIAL RICE,Regular Milled,20-40% bran streak,39.15,Weekly-Average-Prices-April-28-May-3-2025.pdf
2025-05-04,IMPORTED COMMERCIAL RICE,Fancy,White Rice,64.50,Daily-Price-Index-May-4-2025.pdf
2025-05-04,IMPORTED COMMERCIAL RICE,Premium,5% broken,47.67,Daily-Price-Index-May-4-2025.pdf
2025-05-04,IMPORTED COMMERCIAL RICE,Regular Milled,20-40% bran streak,43.00,Daily-Price-Index-May-4-2025.pdf
2025-05-04,LOCAL COMMERCIAL RICE,Fancy,White Rice,58.50,Daily-Price-Index-May-4-2025.pdf
2025-05-04,LOCAL COMMERCIAL RICE,Premium,5% broken,52.50,Daily-Price-Index-May-4-2025.pdf
2025-05-04,LOCAL COMMERCIAL RICE,Well Milled,1-19% bran streak,46.25,Daily-Price-Index-May-4-2025.pdf
2025-05-04,LOCAL COMMERCIAL RICE,Regular Milled,20-40% bran streak,40.00,Daily-Price-Index-May-4-2025.pdf
2025-05-05,IMPORTED COMMERCIAL RICE,Fancy,White Rice,57.72,Daily-Price-Index-May-5-2025.pdf
2025-05-05,IMPORTED COMMERCIAL RICE,Premium,5% broken,46.85,Daily-Price-Index-May-5-2025.pdf
2025-05-05,IMPORTED COMMERCIAL RICE,Well Milled,1-19% bran streak,43.22,Daily-Price-Index-May-5-2025.pdf
2025-05-05,IMPORTED COMMERCIAL RICE,Regular Milled,20-40% bran streak,40.13,Daily-Price-Index-May-5-2025.pdf
2025-05-05,LOCAL COMMERCIAL RICE,Fancy,White Rice,57.76,Daily-Price-Index-May-5-2025.pdf
2025-05-05,LOCAL COMMERCIAL RICE,Premium,5% broken,51.79,Daily-Price-Index-May-5-2025.pdf
2025-05-05,LOCAL COMMERCIAL RICE,Well Milled,1-19% bran streak,45.27,Daily-Price-Index-May-5-2025.pdf
2025-05-05,LOCAL COMMERCIAL RICE,Regular Milled,20-40% bran streak,39.06,Daily-Price-Index-May-5-2025.pdf
2025-05-06,IMPORTED COMMERCIAL RICE,Fancy,White Rice,57.17,Daily-Price-Index-May-6-2025.pdf
2025-05-06,IMPORTED COMMERCIAL RICE,Premium,5% broken,46.35,Daily-Price-Index-May-6-2025.pdf
2025-05-06,IMPORTED COMMERCIAL RICE,Well Milled,1-19% bran streak,44.75,Daily-Price-Index-May-6-2025.pdf
2025-05-06,IMPORTED COMMERCIAL RICE,Regular Milled,20-40% bran streak,40.68,Daily-Price-Index-May-6-2025.pdf
2025-05-06,LOCAL COMMERCIAL RICE,Fancy,White Rice,58.20,Daily-Price-Index-May-6-2025.pdf
2025-05-06,LOCAL COMMERCIAL RICE,Premium,5% broken,51.54,Daily-Price-Index-May-6-2025.pdf
2025-05-06,LOCAL COMMERCIAL RICE,Well Milled,1-19% bran streak,44.85,Daily-Price-Index-May-6-2025.pdf
2025-05-06,LOCAL COMMERCIAL RICE,Regular Milled,20-40% bran streak,38.76,Daily-Price-Index-May-6-2025.pdf
2025-05-07,IMPORTED COMMERCIAL RICE,Fancy,White Rice,58.89,Daily-Price-Index-May-7-2025.pdf
2025-05-07,IMPORTED COMMERCIAL RICE,Premium,5% broken,46.48,Daily-Price-Index-May-7-2025.pdf
2025-05-07,IMPORTED COMMERCIAL RICE,Well Milled,1-19% bran streak,44.75,Daily-Price-Index-May-7-2025.pdf
2025-05-07,IMPORTED COMMERCIAL RICE,Regular Milled,20-40% bran streak,40.75,Daily-Price-Index-May-7-2025.pdf
2025-05-07,LOCAL COMMERCIAL RICE,Fancy,White Rice,58.39,Daily-Price-Index-May-7-2025.pdf
2025-05-07,LOCAL COMMERCIAL RICE,Premium,5% broken,51.45,Daily-Price-Index-May-7-2025.pdf
2025-05-07,LOCAL COMMERCIAL RICE,Well Milled,1-19% bran streak,44.32,Daily-Price-Index-May-7-2025.pdf
2025-05-07,LOCAL COMMERCIAL RICE,Regular Milled,20-40% bran streak,38.56,Daily-Price-Index-May-7-2025.pdf
2025-05-08,IMPORTED COMMERCIAL RICE,Fancy,White Rice,58.75,Daily-Price-Index-May-8-2025.pdf
2025-05-08,IMPORTED COMMERCIAL RICE,Premium,5% broken,45.90,Daily-Price-Index-May-8-2025.pdf
2025-05-08,IMPORTED COMMERCIAL RICE,Well Milled,1-19% bran streak,44.29,Daily-Price-Index-May-8-2025.pdf
2025-05-08,IMPORTED COMMERCIAL RICE,Regular Milled,20-40% bran streak,40.63,Daily-Price-Index-May-8-2025.pdf
2025-05-08,LOCAL COMMERCIAL RICE,Fancy,White Rice,58.57,Daily-Price-Index-May-8-2025.pdf
2025-05-08,LOCAL COMMERCIAL RICE,Premium,5% broken,51.41,Daily-Price-Index-May-8-2025.pdf
2025-05-08,LOCAL COMMERCIAL RICE,Well Milled,1-19% bran streak,44.84,Daily-Price-Index-May-8-2025.pdf
2025-05-08,LOCAL COMMERCIAL RICE,Regular Milled,20-40% bran streak,38.95,Daily-Price-Index-May-8-2025.pdf
2025-05-09,IMPORTED COMMERCIAL RICE,Fancy,White Rice,58.75,Daily-Price-Index-May-9-2025.pdf
2025-05-09,IMPORTED COMMERCIAL RICE,Premium,5% broken,46.29,Daily-Price-Index-May-9-2025.pdf
2025-05-09,IMPORTED COMMERCIAL RICE,Well Milled,1-19% bran streak,44.33,Daily-Price-Index-May-9-2025.pdf
2025-05-09,IMPORTED COMMERCIAL RICE,Regular Milled,20-40% bran streak,40.15,Daily-Price-Index-May-9-2025.pdf
2025-05-09,LOCAL COMMERCIAL RICE,Fancy,White Rice,57.98,Daily-Price-Index-May-9-2025.pdf
2025-05-09,LOCAL COMMERCIAL RICE,Premium,5% broken,51.09,Daily-Price-Index-May-9-2025.pdf
2025-05-09,LOCAL COMMERCIAL RICE,Well Milled,1-19% bran streak,44.52,Daily-Price-Index-May-9-2025.pdf
2025-05-09,LOCAL COMMERCIAL RICE,Regular Milled,20-40% bran streak,38.72,Daily-Price-Index-May-9-2025.pdf
2025-05-10,IMPORTED COMMERCIAL RICE,Fancy,White Rice,58.92,Daily-Price-Index-May-10-2025.pdf
2025-05-10,IMPORTED COMMERCIAL RICE,Premium,5% broken,46.07,Daily-Price-Index-May-10-2025.pdf
2025-05-10,IMPORTED COMMERCIAL RICE,Well Milled,1-19% bran streak,43.50,Daily-Price-Index-May-10-2025.pdf
2025-05-10,IMPORTED COMMERCIAL RICE,Regular Milled,20-40% bran streak,40.42,Daily-Price-Index-May-10-2025.pdf
2025-05-10,LOCAL COMMERCIAL RICE,Fancy,White Rice,57.79,Daily-Price-Index-May-10-2025.pdf
2025-05-10,LOCAL COMMERCIAL RICE,Premium,5% broken,50.36,Daily-Price-Index-May-10-2025.pdf
2025-05-10,LOCAL COMMERCIAL RICE,Well Milled,1-19% bran streak,44.56,Daily-Price-Index-May-10-2025.pdf
2025-05-10,LOCAL COMMERCIAL RICE,Regular Milled,20-40% bran streak,38.89,Daily-Price-Index-May-10-2025.pdf
2025-05-11,IMPORTED COMMERCIAL RICE,Fancy,White Rice,61.50,Daily-Price-Index-May-11-2025.pdf
2025-05-11,IMPORTED COMMERCIAL RICE,Premium,5% broken,45.80,Daily-Price-Index-May-11-2025.pdf
2025-05-11,IMPORTED COMMERCIAL RICE,Regular Milled,20-40% bran streak,44.00,Daily-Price-Index-May-11-2025.pdf
2025-05-11,LOCAL COMMERCIAL RICE,Fancy,White Rice,58.20,Daily-Price-Index-May-11-2025.pdf
2025-05-11,LOCAL COMMERCIAL RICE,Premium,5% broken,53.00,Daily-Price-Index-May-11-2025.pdf
2025-05-11,LOCAL COMMERCIAL RICE,Well Milled,1-19% bran streak,43.75,Daily-Price-Index-May-11-2025.pdf
2025-05-11,LOCAL COMMERCIAL RICE,Regular Milled,20-40% bran streak,38.00,Daily-Price-Index-May-11-2025.pdf
2025-05-12,IMPORTED COMMERCIAL RICE,Fancy,White Rice,57.95,Daily-Price-Index-May-12-2025.pdf
2025-05-12,IMPORTED COMMERCIAL RICE,Premium,5% broken,47.10,Daily-Price-Index-May-12-2025.pdf
2025-05-12,IMPORTED COMMERCIAL RICE,Well Milled,1-19% bran streak,43.00,Daily-Price-Index-May-12-2025.pdf
2025-05-12,IMPORTED COMMERCIAL RICE,Regular Milled,20-40% bran streak,40.86,Daily-Price-Index-May-12-2025.pdf
2025-05-12,LOCAL COMMERCIAL RICE,Fancy,White Rice,57.77,Daily-Price-Index-May-12-2025.pdf
2025-05-12,LOCAL COMMERCIAL RICE,Premium,5% broken,52.38,Daily-Price-Index-May-12-2025.pdf
2025-05-12,LOCAL COMMERCIAL RICE,Well Milled,1-19% bran streak,44.60,Daily-Price-Index-May-12-2025.pdf
2025-05-12,LOCAL COMMERCIAL RICE,Regular Milled,20-40% bran streak,38.96,Daily-Price-Index-May-12-2025.pdf
2025-05-13,IMPORTED COMMERCIAL RICE,Fancy,White Rice,59.90,Daily-Price-Index-May-13-2025.pdf
2025-05-13,IMPORTED COMMERCIAL RICE,Premium,5% broken,45.90,Daily-Price-Index-May-13-2025.pdf
2025-05-13,IMPORTED COMMERCIAL RICE,Well Milled,1-19% bran streak,43.88,Daily-Price-Index-May-13-2025.pdf
2025-05-13,IMPORTED COMMERCIAL RICE,Regular Milled,20-40% bran streak,39.06,Daily-Price-Index-May-13-2025.pdf
2025-05-13,LOCAL COMMERCIAL RICE,Fancy,White Rice,58.24,Daily-Price-Index-May-13-2025.pdf
2025-05-13,LOCAL COMMERCIAL RICE,Premium,5% broken,50.78,Daily-Price-Index-May-13-2025.pdf
2025-05-13,LOCAL COMMERCIAL RICE,Well Milled,1-19% bran streak,44.49,Daily-Price-Index-May-13-2025.pdf
2025-05-13,LOCAL COMMERCIAL RICE,Regular Milled,20-40% bran streak,38.41,Daily-Price-Index-May-13-2025.pdf
2025-05-14,IMPORTED COMMERCIAL RICE,Fancy,White Rice,58.41,Daily-Price-Index-May-14-2025.pdf
2025-05-14,IMPORTED COMMERCIAL RICE,Premium,5% broken,46.56,Daily-Price-Index-May-14-2025.pdf
2025-05-14,IMPORTED COMMERCIAL RICE,Well Milled,1-19% bran streak,44.14,Daily-Price-Index-May-14-2025.pdf
2025-05-14,IMPORTED COMMERCIAL RICE,Regular Milled,20-40% bran streak,41.00,Daily-Price-Index-May-14-2025.pdf
2025-05-14,LOCAL COMMERCIAL RICE,Fancy,White Rice,57.99,Daily-Price-Index-May-14-2025.pdf
2025-05-14,LOCAL COMMERCIAL RICE,Premium,5% broken,51.33,Daily-Price-Index-May-14-2025.pdf
2025-05-14,LOCAL COMMERCIAL RICE,Well Milled,1-19% bran streak,44.63,Daily-Price-Index-May-14-2025.pdf
2025-05-14,LOCAL COMMERCIAL RICE,Regular Milled,20-40% bran streak,38.55,Daily-Price-Index-May-14-2025.pdf
2025-05-15,IMPORTED COMMERCIAL RICE,Fancy,White Rice,58.25,Daily-Price-Index-May-15-2025.pdf
2025-05-15,IMPORTED COMMERCIAL RICE,Premium,5% broken,46.44,Daily-Price-Index-May-15-2025.pdf
2025-05-15,IMPORTED COMMERCIAL RICE,Well Milled,1-19% bran streak,44.17,Daily-Price-Index-May-15-2025.pdf
2025-05-15,IMPORTED COMMERCIAL RICE,Regular Milled,20-40% bran streak,40.36,Daily-Price-Index-May-15-2025.pdf
2025-05-15,LOCAL COMMERCIAL RICE,Fancy,White Rice,57.05,Daily-Price-Index-May-15-2025.pdf
2025-05-15,LOCAL COMMERCIAL RICE,Premium,5% broken,50.43,Daily-Price-Index-May-15-2025.pdf
2025-05-15,LOCAL COMMERCIAL RICE,Well Milled,1-19% bran streak,44.51,Daily-Price-Index-May-15-2025.pdf
2025-05-15,LOCAL COMMERCIAL RICE,Regular Milled,20-40% bran streak,38.69,Daily-Price-Index-May-15-2025.pdf
2025-05-16,IMPORTED COMMERCIAL RICE,Fancy,White Rice,57.10,Daily-Price-Index-May-16-2025.pdf
2025-05-16,IMPORTED COMMERCIAL RICE,Premium,5% broken,46.49,Daily-Price-Index-May-16-2025.pdf
2025-05-16,IMPORTED COMMERCIAL RICE,Well Milled,1-19% bran streak,43.63,Daily-Price-Index-May-16-2025.pdf
2025-05-16,IMPORTED COMMERCIAL RICE,Regular Milled,20-40% bran streak,41.79,Daily-Price-Index-May-16-2025.pdf
2025-05-16,LOCAL COMMERCIAL RICE,Fancy,White Rice,58.34,Daily-Price-Index-May-16-2025.pdf
2025-05-16,LOCAL COMMERCIAL RICE,Premium,5% broken,51.90,Daily-Price-Index-May-16-2025.pdf
2025-05-16,LOCAL COMMERCIAL RICE,Well Milled,1-19% bran streak,45.10,Daily-Price-Index-May-16-2025.pdf
2025-05-16,LOCAL COMMERCIAL RICE,Regular Milled,20-40% bran streak,38.93,Daily-Price-Index-May-16-2025.pdf
2025-05-17,IMPORTED COMMERCIAL RICE,Fancy,White Rice,58.41,Daily-Price-Index-May-17-2025.pdf
2025-05-17,IMPORTED COMMERCIAL RICE,Premium,5% broken,46.78,Daily-Price-Index-May-17-2025.pdf
2025-05-17,IMPORTED COMMERCIAL RICE,Well Milled,1-19% bran streak,43.22,Daily-Price-Index-May-17-2025.pdf
2025-05-17,IMPORTED COMMERCIAL RICE,Regular Milled,20-40% bran streak,40.46,Daily-Price-Index-May-17-2025.pdf
2025-05-17,LOCAL COMMERCIAL RICE,Fancy,White Rice,57.84,Daily-Price-Index-May-17-2025.pdf
2025-05-17,LOCAL COMMERCIAL RICE,Premium,5% broken,51.33,Daily-Price-Index-May-17-2025.pdf
2025-05-17,LOCAL COMMERCIAL RICE,Well Milled,1-19% bran streak,44.83,Daily-Price-Index-May-17-2025.pdf
2025-05-17,LOCAL COMMERCIAL RICE,Regular Milled,20-40% bran streak,38.92,Daily-Price-Index-May-17-2025.pdf
2025-05-18,IMPORTED COMMERCIAL RICE,Fancy,White Rice,56.00,Daily-Price-Index-May-18-2025.pdf
2025-05-18,IMPORTED COMMERCIAL RICE,Premium,5% broken,45.80,Daily-Price-Index-May-18-2025.pdf
2025-05-18,IMPORTED COMMERCIAL RICE,Well Milled,1-19% bran streak,44.00,Daily-Price-Index-May-18-2025.pdf
2025-05-18,IMPORTED COMMERCIAL RICE,Regular Milled,20-40% bran streak,42.00,Daily-Price-Index-May-18-2025.pdf
2025-05-18,LOCAL COMMERCIAL RICE,Fancy,White Rice,57.50,Daily-Price-Index-May-18-2025.pdf
2025-05-18,LOCAL COMMERCIAL RICE,Premium,5% broken,51.83,Daily-Price-Index-May-18-2025.pdf
2025-05-18,LOCAL COMMERCIAL RICE,Well Milled,1-19% bran streak,44.80,Daily-Price-Index-May-18-2025.pdf
2025-05-18,LOCAL COMMERCIAL RICE,Regular Milled,20-40% bran streak,38.00,Daily-Price-Index-May-18-2025.pdf
2025-05-19,IMPORTED COMMERCIAL RICE,Fancy,White Rice,58.77,Daily-Price-Index-May-19-2025.pdf
2025-05-19,IMPORTED COMMERCIAL RICE,Premium,5% broken,46.57,Daily-Price-Index-May-19-2025.pdf
2025-05-19,IMPORTED COMMERCIAL RICE,Well Milled,1-19% bran streak,44.14,Daily-Price-Index-May-19-2025.pdf
2025-05-19,IMPORTED COMMERCIAL RICE,Regular Milled,20-40% bran streak,42.09,Daily-Price-Index-May-19-2025.pdf
2025-05-19,LOCAL COMMERCIAL RICE,Fancy,White Rice,58.84,Daily-Price-Index-May-19-2025.pdf
2025-05-19,LOCAL COMMERCIAL RICE,Premium,5% broken,52.81,Daily-Price-Index-May-19-2025.pdf
2025-05-19,LOCAL COMMERCIAL RICE,Well Milled,1-19% bran streak,45.51,Daily-Price-Index-May-19-2025.pdf
2025-05-19,LOCAL COMMERCIAL RICE,Regular Milled,20-40% bran streak,39.31,Daily-Price-Index-May-19-2025.pdf
2025-05-20,IMPORTED COMMERCIAL RICE,Fancy,White Rice,58.79,Daily-Price-Index-May-20-2025.pdf
2025-05-20,IMPORTED COMMERCIAL RICE,Premium,5% broken,46.57,Daily-Price-Index-May-20-2025.pdf
2025-05-20,IMPORTED COMMERCIAL RICE,Well Milled,1-19% bran streak,44.60,Daily-Price-Index-May-20-2025.pdf
2025-05-20,IMPORTED COMMERCIAL RICE,Regular Milled,20-40% bran streak,41.44,Daily-Price-Index-May-20-2025.pdf
2025-05-20,LOCAL COMMERCIAL RICE,Fancy,White Rice,57.93,Daily-Price-Index-May-20-2025.pdf
2025-05-20,LOCAL COMMERCIAL RICE,Premium,5% broken,52.32,Daily-Price-Index-May-20-2025.pdf
2025-05-20,LOCAL COMMERCIAL RICE,Well Milled,1-19% bran streak,45.22,Daily-Price-Index-May-20-2025.pdf
2025-05-20,LOCAL COMMERCIAL RICE,Regular Milled,20-40% bran streak,38.63,Daily-Price-Index-May-20-2025.pdf
2025-05-21,IMPORTED COMMERCIAL RICE,Fancy,White Rice,58.89,Daily-Price-Index-May-21-2025.pdf
2025-05-21,IMPORTED COMMERCIAL RICE,Premium,5% broken,46.35,Daily-Price-Index-May-21-2025.pdf
2025-05-21,IMPORTED COMMERCIAL RICE,Well Milled,1-19% bran streak,43.88,Daily-Price-Index-May-21-2025.pdf
2025-05-21,IMPORTED COMMERCIAL RICE,Regular Milled,20-40% bran streak,40.65,Daily-Price-Index-May-21-2025.pdf
2025-05-21,LOCAL COMMERCIAL RICE,Fancy,White Rice,58.49,Daily-Price-Index-May-21-2025.pdf
2025-05-21,LOCAL COMMERCIAL RICE,Premium,5% broken,51.29,Daily-Price-Index-May-21-2025.pdf
2025-05-21,LOCAL COMMERCIAL RICE,Well Milled,1-19% bran streak,44.39,Daily-Price-Index-May-21-2025.pdf
2025-05-21,LOCAL COMMERCIAL RICE,Regular Milled,20-40% bran streak,39.06,Daily-Price-Index-May-21-2025.pdf
2025-05-22,IMPORTED COMMERCIAL RICE,Fancy,White Rice,58.77,Daily-Price-Index-May-22-2025.pdf
2025-05-22,IMPORTED COMMERCIAL RICE,Premium,5% broken,46.62,Daily-Price-Index-May-22-2025.pdf
2025-05-22,IMPORTED COMMERCIAL RICE,Well Milled,1-19% bran streak,43.88,Daily-Price-Index-May-22-2025.pdf
2025-05-22,IMPORTED COMMERCIAL RICE,Regular Milled,20-40% bran streak,40.68,Daily-Price-Index-May-22-2025.pdf
2025-05-22,LOCAL COMMERCIAL RICE,Fancy,White Rice,57.85,Daily-Price-Index-May-22-2025.pdf
2025-05-22,LOCAL COMMERCIAL RICE,Premium,5% broken,51.54,Daily-Price-Index-May-22-2025.pdf
2025-05-22,LOCAL COMMERCIAL RICE,Well Milled,1-19% bran streak,44.55,Daily-Price-Index-May-22-2025.pdf
2025-05-22,LOCAL COMMERCIAL RICE,Regular Milled,20-40% bran streak,38.74,Daily-Price-Index-May-22-2025.pdf
2025-05-23,IMPORTED COMMERCIAL RICE,Fancy,White Rice,58.33,Daily-Price-Index-May-23-2025.pdf
2025-05-23,IMPORTED COMMERCIAL RICE,Premium,5% broken,46.82,Daily-Price-Index-May-23-2025.pdf
2025-05-23,IMPORTED COMMERCIAL RICE,Well Milled,1-19% bran streak,44.17,Daily-Price-Index-May-23-2025.pdf
2025-05-23,IMPORTED COMMERCIAL RICE,Regular Milled,20-40% bran streak,40.75,Daily-Price-Index-May-23-2025.pdf
2025-05-23,LOCAL COMMERCIAL RICE,Fancy,White Rice,58.52,Daily-Price-Index-May-23-2025.pdf
2025-05-23,LOCAL COMMERCIAL RICE,Premium,5% broken,52.15,Daily-Price-Index-May-23-2025.pdf
2025-05-23,LOCAL COMMERCIAL RICE,Well Milled,1-19% bran streak,44.99,Daily-Price-Index-May-23-2025.pdf
2025-05-23,LOCAL COMMERCIAL RICE,Regular Milled,20-40% bran streak,39.27,Daily-Price-Index-May-23-2025.pdf
2025-05-24,IMPORTED COMMERCIAL RICE,Fancy,White Rice,57.17,Daily-Price-Index-May-24-2025.pdf
2025-05-24,IMPORTED COMMERCIAL RICE,Premium,5% broken,46.56,Daily-Price-Index-May-24-2025.pdf
2025-05-24,IMPORTED COMMERCIAL RICE,Well Milled,1-19% bran streak,44.60,Daily-Price-Index-May-24-2025.pdf
2025-05-24,IMPORTED COMMERCIAL RICE,Regular Milled,20-40% bran streak,41.07,Daily-Price-Index-May-24-2025.pdf
2025-05-24,LOCAL COMMERCIAL RICE,Fancy,White Rice,57.63,Daily-Price-Index-May-24-2025.pdf
2025-05-24,LOCAL COMMERCIAL RICE,Premium,5% broken,51.73,Daily-Price-Index-May-24-2025.pdf
2025-05-24,LOCAL COMMERCIAL RICE,Well Milled,1-19% bran streak,44.44,Daily-Price-Index-May-24-2025.pdf
2025-05-24,LOCAL COMMERCIAL RICE,Regular Milled,20-40% bran streak,37.93,Daily-Price-Index-May-24-2025.pdf
2025-05-25,IMPORTED COMMERCIAL RICE,Fancy,White Rice,61.33,Daily-Price-Index-May-25-2025.pdf
2025-05-25,IMPORTED COMMERCIAL RICE,Premium,5% broken,45.29,Daily-Price-Index-May-25-2025.pdf
2025-05-25,LOCAL COMMERCIAL RICE,Fancy,White Rice,57.43,Daily-Price-Index-May-25-2025.pdf
2025-05-25,LOCAL COMMERCIAL RICE,Premium,5% broken,52.29,Daily-Price-Index-May-25-2025.pdf
2025-05-25,LOCAL COMMERCIAL RICE,Well Milled,1-19% bran streak,43.50,Daily-Price-Index-May-25-2025.pdf
2025-05-25,LOCAL COMMERCIAL RICE,Regular Milled,20-40% bran streak,37.00,Daily-Price-Index-May-25-2025.pdf
2025-05-26,IMPORTED COMMERCIAL RICE,Fancy,White Rice,58.35,Daily-Price-Index-May-26-2025.pdf
2025-05-26,IMPORTED COMMERCIAL RICE,Premium,5% broken,46.53,Daily-Price-Index-May-26-2025.pdf
2025-05-26,IMPORTED COMMERCIAL RICE,Well Milled,1-19% bran streak,44.00,Daily-Price-Index-May-26-2025.pdf
2025-05-26,IMPORTED COMMERCIAL RICE,Regular Milled,20-40% bran streak,41.19,Daily-Price-Index-May-26-2025.pdf
2025-05-26,LOCAL COMMERCIAL RICE,Fancy,White Rice,57.61,Daily-Price-Index-May-26-2025.pdf
2025-05-26,LOCAL COMMERCIAL RICE,Premium,5% broken,51.95,Daily-Price-Index-May-26-2025.pdf
2025-05-26,LOCAL COMMERCIAL RICE,Well Milled,1-19% bran streak,44.93,Daily-Price-Index-May-26-2025.pdf
2025-05-26,LOCAL COMMERCIAL RICE,Regular Milled,20-40% bran streak,38.50,Daily-Price-Index-May-26-2025.pdf
2025-05-27,IMPORTED COMMERCIAL RICE,Fancy,White Rice,58.48,Daily-Price-Index-May-27-2025.pdf
2025-05-27,IMPORTED COMMERCIAL RICE,Premium,5% broken,46.66,Daily-Price-Index-May-27-2025.pdf
2025-05-27,IMPORTED COMMERCIAL RICE,Well Milled,1-19% bran streak,44.14,Daily-Price-Index-May-27-2025.pdf
2025-05-27,IMPORTED COMMERCIAL RICE,Regular Milled,20-40% bran streak,40.00,Daily-Price-Index-May-27-2025.pdf
2025-05-27,LOCAL COMMERCIAL RICE,Fancy,White Rice,57.47,Daily-Price-Index-May-27-2025.pdf
2025-05-27,LOCAL COMMERCIAL RICE,Premium,5% broken,51.60,Daily-Price-Index-May-27-2025.pdf
2025-05-27,LOCAL COMMERCIAL RICE,Well Milled,1-19% bran streak,44.57,Daily-Price-Index-May-27-2025.pdf
2025-05-27,LOCAL COMMERCIAL RICE,Regular Milled,20-40% bran streak,38.36,Daily-Price-Index-May-27-2025.pdf
2025-05-28,IMPORTED COMMERCIAL RICE,Fancy,White Rice,58.48,Daily-Price-Index-May-28-2025.pdf
2025-05-28,IMPORTED COMMERCIAL RICE,Premium,5% broken,46.55,Daily-Price-Index-May-28-2025.pdf
2025-05-28,IMPORTED COMMERCIAL RICE,Well Milled,1-19% bran streak,43.89,Daily-Price-Index-May-28-2025.pdf
2025-05-28,IMPORTED COMMERCIAL RICE,Regular Milled,20-40% bran streak,39.75,Daily-Price-Index-May-28-2025.pdf
2025-05-28,LOCAL COMMERCIAL RICE,Fancy,White Rice,57.58,Daily-Price-Index-May-28-2025.pdf
2025-05-28,LOCAL COMMERCIAL RICE,Premium,5% broken,51.49,Daily-Price-Index-May-28-2025.pdf
2025-05-28,LOCAL COMMERCIAL RICE,Well Milled,1-19% bran streak,44.47,Daily-Price-Index-May-28-2025.pdf
2025-05-28,LOCAL COMMERCIAL RICE,Regular Milled,20-40% bran streak,38.26,Daily-Price-Index-May-28-2025.pdf
2025-05-29,IMPORTED COMMERCIAL RICE,Fancy,White Rice,58.53,Daily-Price-Index-May-29-2025.pdf
2025-05-29,IMPORTED COMMERCIAL RICE,Premium,5% broken,46.71,Daily-Price-Index-May-29-2025.pdf
2025-05-29,IMPORTED COMMERCIAL RICE,Well Milled,1-19% bran streak,44.11,Daily-Price-Index-May-29-2025.pdf
2025-05-29,IMPORTED COMMERCIAL RICE,Regular Milled,20-40% bran streak,41.75,Daily-Price-Index-May-29-2025.pdf
2025-05-29,LOCAL COMMERCIAL RICE,Fancy,White Rice,57.87,Daily-Price-Index-May-29-2025.pdf
2025-05-29,LOCAL COMMERCIAL RICE,Premium,5% broken,52.31,Daily-Price-Index-May-29-2025.pdf
2025-05-29,LOCAL COMMERCIAL RICE,Well Milled,1-19% bran streak,44.87,Daily-Price-Index-May-29-2025.pdf
2025-05-29,LOCAL COMMERCIAL RICE,Regular Milled,20-40% bran streak,38.90,Daily-Price-Index-May-29-2025.pdf
2025-05-30,IMPORTED COMMERCIAL RICE,Fancy,White Rice,58.53,Daily-Price-Index-May-30-2025.pdf
2025-05-30,IMPORTED COMMERCIAL RICE,Premium,5% broken,46.22,Daily-Price-Index-May-30-2025.pdf
2025-05-30,IMPORTED COMMERCIAL RICE,Well Milled,1-19% bran streak,42.57,Daily-Price-Index-May-30-2025.pdf
2025-05-30,IMPORTED COMMERCIAL RICE,Regular Milled,20-40% bran streak,39.82,Daily-Price-Index-May-30-2025.pdf
2025-05-30,LOCAL COMMERCIAL RICE,Fancy,White Rice,57.78,Daily-Price-Index-May-30-2025.pdf
2025-05-30,LOCAL COMMERCIAL RICE,Premium,5% broken,50.91,Daily-Price-Index-May-30-2025.pdf
2025-05-30,LOCAL COMMERCIAL RICE,Well Milled,1-19% bran streak,44.18,Daily-Price-Index-May-30-2025.pdf
2025-05-30,LOCAL COMMERCIAL RICE,Regular Milled,20-40% bran streak,38.00,Daily-Price-Index-May-30-2025.pdf
2025-05-31,IMPORTED COMMERCIAL RICE,Fancy,White Rice,58.48,Daily-Price-Index-May-31-2025.pdf
2025-05-31,IMPORTED COMMERCIAL RICE,Premium,5% broken,46.67,Daily-Price-Index-May-31-2025.pdf
2025-05-31,IMPORTED COMMERCIAL RICE,Well Milled,1-19% bran streak,43.00,Daily-Price-Index-May-31-2025.pdf
2025-05-31,IMPORTED COMMERCIAL RICE,Regular Milled,20-40% bran streak,41.07,Daily-Price-Index-May-31-2025.pdf
2025-05-31,LOCAL COMMERCIAL RICE,Fancy,White Rice,58.06,Daily-Price-Index-May-31-2025.pdf
2025-05-31,LOCAL COMMERCIAL RICE,Premium,5% broken,50.95,Daily-Price-Index-May-31-2025.pdf
2025-05-31,LOCAL COMMERCIAL RICE,Well Milled,1-19% bran streak,44.24,Daily-Price-Index-May-31-2025.pdf
2025-05-31,LOCAL COMMERCIAL RICE,Regular Milled,20-40% bran streak,39.00,Daily-Price-Index-May-31-2025.pdf
2025-06-01,IMPORTED COMMERCIAL RICE,Fancy,White Rice,62.00,Daily-Price-Index-June-1-2025.pdf
2025-06-01,IMPORTED COMMERCIAL RICE,Premium,5% broken,45.20,Daily-Price-Index-June-1-2025.pdf
2025-06-01,LOCAL COMMERCIAL RICE,Fancy,White Rice,55.80,Daily-Price-Index-June-1-2025.pdf
2025-06-01,LOCAL COMMERCIAL RICE,Premium,5% broken,52.22,Daily-Price-Index-June-1-2025.pdf
2025-06-01,LOCAL COMMERCIAL RICE,Well Milled,1-19% bran streak,46.33,Daily-Price-Index-June-1-2025.pdf
2025-06-01,LOCAL COMMERCIAL RICE,Regular Milled,20-40% bran streak,38.25,Daily-Price-Index-June-1-2025.pdf
2025-06-02,IMPORTED COMMERCIAL RICE,Fancy,White Rice,58.74,Daily-Price-Index-June-2-2025.pdf
2025-06-02,IMPORTED COMMERCIAL RICE,Premium,5% broken,46.65,Daily-Price-Index-June-2-2025.pdf
2025-06-02,IMPORTED COMMERCIAL RICE,Well Milled,1-19% bran streak,43.86,Daily-Price-Index-June-2-2025.pdf
2025-06-02,IMPORTED COMMERCIAL RICE,Regular Milled,20-40% bran streak,40.77,Daily-Price-Index-June-2-2025.pdf
2025-06-02,LOCAL COMMERCIAL RICE,Fancy,White Rice,58.53,Daily-Price-Index-June-2-2025.pdf
2025-06-02,LOCAL COMMERCIAL RICE,Premium,5% broken,52.40,Daily-Price-Index-June-2-2025.pdf
2025-06-02,LOCAL COMMERCIAL RICE,Well Milled,1-19% bran streak,44.84,Daily-Price-Index-June-2-2025.pdf
2025-06-02,LOCAL COMMERCIAL RICE,Regular Milled,20-40% bran streak,38.80,Daily-Price-Index-June-2-2025.pdf
2025-06-03,IMPORTED COMMERCIAL RICE,Fancy,White Rice,58.65,Daily-Price-Index-June-3-2025.pdf
2025-06-03,IMPORTED COMMERCIAL RICE,Premium,5% broken,46.66,Daily-Price-Index-June-3-2025.pdf
2025-06-03,IMPORTED COMMERCIAL RICE,Well Milled,1-19% bran streak,42.55,Daily-Price-Index-June-3-2025.pdf
2025-06-03,IMPORTED COMMERCIAL RICE,Regular Milled,20-40% bran streak,40.33,Daily-Price-Index-June-3-2025.pdf
2025-06-03,LOCAL COMMERCIAL RICE,Fancy,White Rice,57.77,Daily-Price-Index-June-3-2025.pdf
2025-06-03,LOCAL COMMERCIAL RICE,Premium,5% broken,52.08,Daily-Price-Index-June-3-2025.pdf
2025-06-03,LOCAL COMMERCIAL RICE,Well Milled,1-19% bran streak,44.92,Daily-Price-Index-June-3-2025.pdf
2025-06-03,LOCAL COMMERCIAL RICE,Regular Milled,20-40% bran streak,38.27,Daily-Price-Index-June-3-2025.pdf
2025-06-04,IMPORTED COMMERCIAL RICE,Fancy,White Rice,58.65,Daily-Price-Index-June-4-2025.pdf
2025-06-04,IMPORTED COMMERCIAL RICE,Premium,5% broken,46.41,Daily-Price-Index-June-4-2025.pdf
2025-06-04,IMPORTED COMMERCIAL RICE,Well Milled,1-19% bran streak,42.00,Daily-Price-Index-June-4-2025.pdf
2025-06-04,IMPORTED COMMERCIAL RICE,Regular Milled,20-40% bran streak,39.83,Daily-Price-Index-June-4-2025.pdf
2025-06-04,LOCAL COMMERCIAL RICE,Fancy,White Rice,57.73,Daily-Price-Index-June-4-2025.pdf
2025-06-04,LOCAL COMMERCIAL RICE,Premium,5% broken,51.62,Daily-Price-Index-June-4-2025.pdf
2025-06-04,LOCAL COMMERCIAL RICE,Well Milled,1-19% bran streak,44.77,Daily-Price-Index-June-4-2025.pdf
2025-06-04,LOCAL COMMERCIAL RICE,Regular Milled,20-40% bran streak,38.17,Daily-Price-Index-June-4-2025.pdf
2025-06-05,IMPORTED COMMERCIAL RICE,Fancy,White Rice,58.74,Daily-Price-Index-June-5-2025.pdf
2025-06-05,IMPORTED COMMERCIAL RICE,Premium,5% broken,45.90,Daily-Price-Index-June-5-2025.pdf
2025-06-05,IMPORTED COMMERCIAL RICE,Well Milled,1-19% bran streak,42.50,Daily-Price-Index-June-5-2025.pdf
2025-06-05,IMPORTED COMMERCIAL RICE,Regular Milled,20-40% bran streak,40.25,Daily-Price-Index-June-5-2025.pdf
2025-06-05,LOCAL COMMERCIAL RICE,Fancy,White Rice,57.95,Daily-Price-Index-June-5-2025.pdf
2025-06-05,LOCAL COMMERCIAL RICE,Premium,5% broken,51.11,Daily-Price-Index-June-5-2025.pdf
2025-06-05,LOCAL COMMERCIAL RICE,Well Milled,1-19% bran streak,44.48,Daily-Price-Index-June-5-2025.pdf
2025-06-05,LOCAL COMMERCIAL RICE,Regular Milled,20-40% bran streak,37.74,Daily-Price-Index-June-5-2025.pdf
2025-06-06,IMPORTED COMMERCIAL RICE,Fancy,White Rice,58.65,Daily-Price-Index-June-6-2025.pdf
2025-06-06,IMPORTED COMMERCIAL RICE,Premium,5% broken,46.29,Daily-Price-Index-June-6-2025.pdf
2025-06-06,IMPORTED COMMERCIAL RICE,Well Milled,1-19% bran streak,44.17,Daily-Price-Index-June-6-2025.pdf
2025-06-06,IMPORTED COMMERCIAL RICE,Regular Milled,20-40% bran streak,42.75,Daily-Price-Index-June-6-2025.pdf
2025-06-06,LOCAL COMMERCIAL RICE,Fancy,White Rice,58.60,Daily-Price-Index-June-6-2025.pdf
2025-06-06,LOCAL COMMERCIAL RICE,Premium,5% broken,51.96,Daily-Price-Index-June-6-2025.pdf
2025-06-06,LOCAL COMMERCIAL RICE,Well Milled,1-19% bran streak,44.40,Daily-Price-Index-June-6-2025.pdf
2025-06-06,LOCAL COMMERCIAL RICE,Regular Milled,20-40% bran streak,38.32,Daily-Price-Index-June-6-2025.pdf
2025-06-07,IMPORTED COMMERCIAL RICE,Fancy,White Rice,61.43,Daily-Price-Index-June-7-2025.pdf
2025-06-07,IMPORTED COMMERCIAL RICE,Premium,5% broken,45.71,Daily-Price-Index-June-7-2025.pdf
2025-06-07,IMPORTED COMMERCIAL RICE,Well Milled,1-19% bran streak,43.33,Daily-Price-Index-June-7-2025.pdf
2025-06-07,IMPORTED COMMERCIAL RICE,Regular Milled,20-40% bran streak,38.00,Daily-Price-Index-June-7-2025.pdf
2025-06-07,LOCAL COMMERCIAL RICE,Fancy,White Rice,58.50,Daily-Price-Index-June-7-2025.pdf
2025-06-07,LOCAL COMMERCIAL RICE,Premium,5% broken,50.05,Daily-Price-Index-June-7-2025.pdf
2025-06-07,LOCAL COMMERCIAL RICE,Well Milled,1-19% bran streak,44.60,Daily-Price-Index-June-7-2025.pdf
2025-06-07,LOCAL COMMERCIAL RICE,Regular Milled,20-40% bran streak,38.67,Daily-Price-Index-June-7-2025.pdf
2025-06-08,IMPORTED COMMERCIAL RICE,Fancy,White Rice,61.33,Daily-Price-Index-June-8-2025.pdf
2025-06-08,IMPORTED COMMERCIAL RICE,Premium,5% broken,45.29,Daily-Price-Index-June-8-2025.pdf
2025-06-08,LOCAL COMMERCIAL RICE,Fancy,White Rice,58.00,Daily-Price-Index-June-8-2025.pdf
2025-06-08,LOCAL COMMERCIAL RICE,Premium,5% broken,52.29,Daily-Price-Index-June-8-2025.pdf
2025-06-08,LOCAL COMMERCIAL RICE,Well Milled,1-19% bran streak,43.50,Daily-Price-Index-June-8-2025.pdf
2025-06-08,LOCAL COMMERCIAL RICE,Regular Milled,20-40% bran streak,37.00,Daily-Price-Index-June-8-2025.pdf
2025-06-09,IMPORTED COMMERCIAL RICE,Fancy,White Rice,58.65,Daily-Price-Index-June-9-2025.pdf
2025-06-09,IMPORTED COMMERCIAL RICE,Premium,5% broken,46.79,Daily-Price-Index-June-9-2025.pdf
2025-06-09,IMPORTED COMMERCIAL RICE,Well Milled,1-19% bran streak,42.57,Daily-Price-Index-June-9-2025.pdf
2025-06-09,IMPORTED COMMERCIAL RICE,Regular Milled,20-40% bran streak,40.86,Daily-Price-Index-June-9-2025.pdf
2025-06-09,LOCAL COMMERCIAL RICE,Fancy,White Rice,57.80,Daily-Price-Index-June-9-2025.pdf
2025-06-09,LOCAL COMMERCIAL RICE,Premium,5% broken,51.87,Daily-Price-Index-June-9-2025.pdf
2025-06-09,LOCAL COMMERCIAL RICE,Well Milled,1-19% bran streak,44.80,Daily-Price-Index-June-9-2025.pdf
2025-06-09,LOCAL COMMERCIAL RICE,Regular Milled,20-40% bran streak,38.28,Daily-Price-Index-June-9-2025.pdf
2025-06-10,IMPORTED COMMERCIAL RICE,Fancy,White Rice,59.13,Daily-Price-Index-June-10-2025.pdf
2025-06-10,IMPORTED COMMERCIAL RICE,Premium,5% broken,46.57,Daily-Price-Index-June-10-2025.pdf
2025-06-10,IMPORTED COMMERCIAL RICE,Well Milled,1-19% bran streak,42.80,Daily-Price-Index-June-10-2025.pdf
2025-06-10,IMPORTED COMMERCIAL RICE,Regular Milled,20-40% bran streak,38.50,Daily-Price-Index-June-10-2025.pdf
2025-06-10,LOCAL COMMERCIAL RICE,Fancy,White Rice,57.63,Daily-Price-Index-June-10-2025.pdf
2025-06-10,LOCAL COMMERCIAL RICE,Premium,5% broken,51.59,Daily-Price-Index-June-10-2025.pdf
2025-06-10,LOCAL COMMERCIAL RICE,Well Milled,1-19% bran streak,44.75,Daily-Price-Index-June-10-2025.pdf
2025-06-10,LOCAL COMMERCIAL RICE,Regular Milled,20-40% bran streak,38.15,Daily-Price-Index-June-10-2025.pdf
2025-06-11,IMPORTED COMMERCIAL RICE,Fancy,White Rice,59.13,Daily-Price-Index-June-11-2025.pdf
2025-06-11,IMPORTED COMMERCIAL RICE,Premium,5% broken,46.48,Daily-Price-Index-June-11-2025.pdf
2025-06-11,IMPORTED COMMERCIAL RICE,Well Milled,1-19% bran streak,42.83,Daily-Price-Index-June-11-2025.pdf
2025-06-11,IMPORTED COMMERCIAL RICE,Regular Milled,20-40% bran streak,38.54,Daily-Price-Index-June-11-2025.pdf
2025-06-11,LOCAL COMMERCIAL RICE,Fancy,White Rice,57.74,Daily-Price-Index-June-11-2025.pdf
2025-06-11,LOCAL COMMERCIAL RICE,Premium,5% broken,51.33,Daily-Price-Index-June-11-2025.pdf
2025-06-11,LOCAL COMMERCIAL RICE,Well Milled,1-19% bran streak,44.60,Daily-Price-Index-June-11-2025.pdf
2025-06-11,LOCAL COMMERCIAL RICE,Regular Milled,20-40% bran streak,38.05,Daily-Price-Index-June-11-2025.pdf
2025-06-12,IMPORTED COMMERCIAL RICE,Fancy,White Rice,57.17,Daily-Price-Index-June-12-2025.pdf
2025-06-12,IMPORTED COMMERCIAL RICE,Premium,5% broken,47.00,Daily-Price-Index-June-12-2025.pdf
2025-06-12,IMPORTED COMMERCIAL RICE,Well Milled,1-19% bran streak,44.75,Daily-Price-Index-June-12-2025.pdf
2025-06-12,IMPORTED COMMERCIAL RICE,Regular Milled,20-40% bran streak,43.29,Daily-Price-Index-June-12-2025.pdf
2025-06-12,LOCAL COMMERCIAL RICE,Fancy,White Rice,58.57,Daily-Price-Index-June-12-2025.pdf
2025-06-12,LOCAL COMMERCIAL RICE,Premium,5% broken,53.58,Daily-Price-Index-June-12-2025.pdf
2025-06-12,LOCAL COMMERCIAL RICE,Well Milled,1-19% bran streak,46.03,Daily-Price-Index-June-12-2025.pdf
2025-06-12,LOCAL COMMERCIAL RICE,Regular Milled,20-40% bran streak,39.28,Daily-Price-Index-June-12-2025.pdf
2025-06-13,IMPORTED COMMERCIAL RICE,Fancy,White Rice,58.20,Daily-Price-Index-June-13-2025.pdf
2025-06-13,IMPORTED COMMERCIAL RICE,Premium,5% broken,46.86,Daily-Price-Index-June-13-2025.pdf
2025-06-13,IMPORTED COMMERCIAL RICE,Well Milled,1-19% bran streak,44.17,Daily-Price-Index-June-13-2025.pdf
2025-06-13,IMPORTED COMMERCIAL RICE,Regular Milled,20-40% bran streak,41.62,Daily-Price-Index-June-13-2025.pdf
2025-06-13,LOCAL COMMERCIAL RICE,Fancy,White Rice,57.63,Daily-Price-Index-June-13-2025.pdf
2025-06-13,LOCAL COMMERCIAL RICE,Premium,5% broken,51.61,Daily-Price-Index-June-13-2025.pdf
2025-06-13,LOCAL COMMERCIAL RICE,Well Milled,1-19% bran streak,44.38,Daily-Price-Index-June-13-2025.pdf
2025-06-13,LOCAL COMMERCIAL RICE,Regular Milled,20-40% bran streak,38.24,Daily-Price-Index-June-13-2025.pdf
2025-06-14,IMPORTED COMMERCIAL RICE,Fancy,White Rice,58.26,Daily-Price-Index-June-14-2025.pdf
2025-06-14,IMPORTED COMMERCIAL RICE,Premium,5% broken,45.99,Daily-Price-Index-June-14-2025.pdf
2025-06-14,IMPORTED COMMERCIAL RICE,Well Milled,1-19% bran streak,41.86,Daily-Price-Index-June-14-2025.pdf
2025-06-14,IMPORTED COMMERCIAL RICE,Regular Milled,20-40% bran streak,40.87,Daily-Price-Index-June-14-2025.pdf
2025-06-14,LOCAL COMMERCIAL RICE,Fancy,White Rice,58.06,Daily-Price-Index-June-14-2025.pdf
2025-06-14,LOCAL COMMERCIAL RICE,Premium,5% broken,50.89,Daily-Price-Index-June-14-2025.pdf
2025-06-14,LOCAL COMMERCIAL RICE,Well Milled,1-19% bran streak,44.79,Daily-Price-Index-June-14-2025.pdf
2025-06-14,LOCAL COMMERCIAL RICE,Regular Milled,20-40% bran streak,38.76,Daily-Price-Index-June-14-2025.pdf
2025-06-15,IMPORTED COMMERCIAL RICE,Fancy,White Rice,56.00,Daily-Price-Index-June-15-2025.pdf
2025-06-15,IMPORTED COMMERCIAL RICE,Premium,5% broken,45.25,Daily-Price-Index-June-15-2025.pdf
2025-06-15,LOCAL COMMERCIAL RICE,Fancy,White Rice,57.00,Daily-Price-Index-June-15-2025.pdf
2025-06-15,LOCAL COMMERCIAL RICE,Premium,5% broken,51.75,Daily-Price-Index-June-15-2025.pdf
2025-06-15,LOCAL COMMERCIAL RICE,Well Milled,1-19% bran streak,44.00,Daily-Price-Index-June-15-2025.pdf
2025-06-15,LOCAL COMMERCIAL RICE,Regular Milled,20-40% bran streak,36.67,Daily-Price-Index-June-15-2025.pdf
2025-06-16,IMPORTED COMMERCIAL RICE,Fancy,White Rice,58.48,Daily-Price-Index-June-16-2025.pdf
2025-06-16,IMPORTED COMMERCIAL RICE,Premium,5% broken,46.36,Daily-Price-Index-June-16-2025.pdf
2025-06-16,IMPORTED COMMERCIAL RICE,Well Milled,1-19% bran streak,42.11,Daily-Price-Index-June-16-2025.pdf
2025-06-16,IMPORTED COMMERCIAL RICE,Regular Milled,20-40% bran streak,40.47,Daily-Price-Index-June-16-2025.pdf
2025-06-16,LOCAL COMMERCIAL RICE,Fancy,White Rice,57.79,Daily-Price-Index-June-16-2025.pdf
2025-06-16,LOCAL COMMERCIAL RICE,Premium,5% broken,51.11,Daily-Price-Index-June-16-2025.pdf
2025-06-16,LOCAL COMMERCIAL RICE,Well Milled,1-19% bran streak,44.34,Daily-Price-Index-June-16-2025.pdf
2025-06-16,LOCAL COMMERCIAL RICE,Regular Milled,20-40% bran streak,38.28,Daily-Price-Index-June-16-2025.pdf
2025-06-17,IMPORTED COMMERCIAL RICE,Fancy,White Rice,58.48,Daily-Price-Index-June-17-2025.pdf
2025-06-17,IMPORTED COMMERCIAL RICE,Premium,5% broken,46.01,Daily-Price-Index-June-17-2025.pdf
2025-06-17,IMPORTED COMMERCIAL RICE,Well Milled,1-19% bran streak,44.17,Daily-Price-Index-June-17-2025.pdf
2025-06-17,IMPORTED COMMERCIAL RICE,Regular Milled,20-40% bran streak,41.14,Daily-Price-Index-June-17-2025.pdf
2025-06-17,LOCAL COMMERCIAL RICE,Fancy,White Rice,58.39,Daily-Price-Index-June-17-2025.pdf
2025-06-17,LOCAL COMMERCIAL RICE,Premium,5% broken,50.48,Daily-Price-Index-June-17-2025.pdf
2025-06-17,LOCAL COMMERCIAL RICE,Well Milled,1-19% bran streak,43.35,Daily-Price-Index-June-17-2025.pdf
2025-06-17,LOCAL COMMERCIAL RICE,Regular Milled,20-40% bran streak,37.56,Daily-Price-Index-June-17-2025.pdf
2025-06-18,IMPORTED COMMERCIAL RICE,Fancy,White Rice,58.48,Daily-Price-Index-June-18-2025.pdf
2025-06-18,IMPORTED COMMERCIAL RICE,Premium,5% broken,46.23,Daily-Price-Index-June-18-2025.pdf
2025-06-18,IMPORTED COMMERCIAL RICE,Well Milled,1-19% bran streak,42.58,Daily-Price-Index-June-18-2025.pdf
2025-06-18,IMPORTED COMMERCIAL RICE,Regular Milled,20-40% bran streak,40.71,Daily-Price-Index-June-18-2025.pdf
2025-06-18,LOCAL COMMERCIAL RICE,Fancy,White Rice,57.83,Daily-Price-Index-June-18-2025.pdf
2025-06-18,LOCAL COMMERCIAL RICE,Premium,5% broken,51.62,Daily-Price-Index-June-18-2025.pdf
2025-06-18,LOCAL COMMERCIAL RICE,Well Milled,1-19% bran streak,44.53,Daily-Price-Index-June-18-2025.pdf
2025-06-18,LOCAL COMMERCIAL RICE,Regular Milled,20-40% bran streak,38.32,Daily-Price-Index-June-18-2025.pdf
2025-06-19,IMPORTED COMMERCIAL RICE,Fancy,White Rice,58.44,Daily-Price-Index-June-19-2025.pdf
2025-06-19,IMPORTED COMMERCIAL RICE,Premium,5% broken,45.65,Daily-Price-Index-June-19-2025.pdf
2025-06-19,IMPORTED COMMERCIAL RICE,Well Milled,1-19% bran streak,42.91,Daily-Price-Index-June-19-2025.pdf
2025-06-19,IMPORTED COMMERCIAL RICE,Regular Milled,20-40% bran streak,41.07,Daily-Price-Index-June-19-2025.pdf
2025-06-19,LOCAL COMMERCIAL RICE,Fancy,White Rice,57.66,Daily-Price-Index-June-19-2025.pdf
2025-06-19,LOCAL COMMERCIAL RICE,Premium,5% broken,50.69,Daily-Price-Index-June-19-2025.pdf
2025-06-19,LOCAL COMMERCIAL RICE,Well Milled,1-19% bran streak,44.04,Daily-Price-Index-June-19-2025.pdf
2025-06-19,LOCAL COMMERCIAL RICE,Regular Milled,20-40% bran streak,37.81,Daily-Price-Index-June-19-2025.pdf
2025-06-20,IMPORTED COMMERCIAL RICE,Fancy,White Rice,57.59,Daily-Price-Index-June-20-2025.pdf
2025-06-20,IMPORTED COMMERCIAL RICE,Premium,5% broken,46.49,Daily-Price-Index-June-20-2025.pdf
2025-06-20,IMPORTED COMMERCIAL RICE,Well Milled,1-19% bran streak,43.58,Daily-Price-Index-June-20-2025.pdf
2025-06-20,IMPORTED COMMERCIAL RICE,Regular Milled,20-40% bran streak,40.67,Daily-Price-Index-June-20-2025.pdf
2025-06-20,LOCAL COMMERCIAL RICE,Fancy,White Rice,57.17,Daily-Price-Index-June-20-2025.pdf
2025-06-20,LOCAL COMMERCIAL RICE,Premium,5% broken,52.55,Daily-Price-Index-June-20-2025.pdf
2025-06-20,LOCAL COMMERCIAL RICE,Well Milled,1-19% bran streak,45.11,Daily-Price-Index-June-20-2025.pdf
2025-06-20,LOCAL COMMERCIAL RICE,Regular Milled,20-40% bran streak,37.82,Daily-Price-Index-June-20-2025.pdf
2025-06-21,IMPORTED COMMERCIAL RICE,Fancy,White Rice,58.44,Daily-Price-Index-June-21-2025.pdf
2025-06-21,IMPORTED COMMERCIAL RICE,Premium,5% broken,45.73,Daily-Price-Index-June-21-2025.pdf
2025-06-21,IMPORTED COMMERCIAL RICE,Well Milled,1-19% bran streak,42.40,Daily-Price-Index-June-21-2025.pdf
2025-06-21,IMPORTED COMMERCIAL RICE,Regular Milled,20-40% bran streak,40.26,Daily-Price-Index-June-21-2025.pdf
2025-06-21,LOCAL COMMERCIAL RICE,Fancy,White Rice,56.75,Daily-Price-Index-June-21-2025.pdf
2025-06-21,LOCAL COMMERCIAL RICE,Premium,5% broken,50.61,Daily-Price-Index-June-21-2025.pdf
2025-06-21,LOCAL COMMERCIAL RICE,Well Milled,1-19% bran streak,44.20,Daily-Price-Index-June-21-2025.pdf
2025-06-21,LOCAL COMMERCIAL RICE,Regular Milled,20-40% bran streak,37.64,Daily-Price-Index-June-21-2025.pdf
2025-06-22,IMPORTED COMMERCIAL RICE,Fancy,White Rice,62.00,Daily-Price-Index-June-22-2025.pdf
2025-06-22,IMPORTED COMMERCIAL RICE,Premium,5% broken,45.17,Daily-Price-Index-June-22-2025.pdf
2025-06-22,LOCAL COMMERCIAL RICE,Fancy,White Rice,57.67,Daily-Price-Index-June-22-2025.pdf
2025-06-22,LOCAL COMMERCIAL RICE,Premium,5% broken,52.00,Daily-Price-Index-June-22-2025.pdf
2025-06-22,LOCAL COMMERCIAL RICE,Well Milled,1-19% bran streak,43.40,Daily-Price-Index-June-22-2025.pdf
2025-06-22,LOCAL COMMERCIAL RICE,Regular Milled,20-40% bran streak,37.50,Daily-Price-Index-June-22-2025.pdf
2025-06-24,IMPORTED COMMERCIAL RICE,Fancy,White Rice,58.75,Daily-Price-Index-June-24-2025.pdf
2025-06-24,IMPORTED COMMERCIAL RICE,Premium,5% broken,46.27,Daily-Price-Index-June-24-2025.pdf
2025-06-24,IMPORTED COMMERCIAL RICE,Well Milled,1-19% bran streak,42.71,Daily-Price-Index-June-24-2025.pdf
2025-06-24,IMPORTED COMMERCIAL RICE,Regular Milled,20-40% bran streak,39.90,Daily-Price-Index-June-24-2025.pdf
2025-06-24,LOCAL COMMERCIAL RICE,Fancy,White Rice,57.32,Daily-Price-Index-June-24-2025.pdf
2025-06-24,LOCAL COMMERCIAL RICE,Premium,5% broken,51.28,Daily-Price-Index-June-24-2025.pdf
2025-06-24,LOCAL COMMERCIAL RICE,Well Milled,1-19% bran streak,44.28,Daily-Price-Index-June-24-2025.pdf
2025-06-24,LOCAL COMMERCIAL RICE,Regular Milled,20-40% bran streak,38.48,Daily-Price-Index-June-24-2025.pdf
2025-06-25,IMPORTED COMMERCIAL RICE,Fancy,White Rice,58.71,Daily-Price-Index-June-25-2025.pdf
2025-06-25,IMPORTED COMMERCIAL RICE,Premium,5% broken,46.26,Daily-Price-Index-June-25-2025.pdf
2025-06-25,IMPORTED COMMERCIAL RICE,Well Milled,1-19% bran streak,42.89,Daily-Price-Index-June-25-2025.pdf
2025-06-25,IMPORTED COMMERCIAL RICE,Regular Milled,20-40% bran streak,39.86,Daily-Price-Index-June-25-2025.pdf
2025-06-25,LOCAL COMMERCIAL RICE,Fancy,White Rice,57.38,Daily-Price-Index-June-25-2025.pdf
2025-06-25,LOCAL COMMERCIAL RICE,Premium,5% broken,51.32,Daily-Price-Index-June-25-2025.pdf
2025-06-25,LOCAL COMMERCIAL RICE,Well Milled,1-19% bran streak,44.32,Daily-Price-Index-June-25-2025.pdf
2025-06-25,LOCAL COMMERCIAL RICE,Regular Milled,20-40% bran streak,38.24,Daily-Price-Index-June-25-2025.pdf
2025-06-26,IMPORTED COMMERCIAL RICE,Fancy,White Rice,58.71,Daily-Price-Index-June-26-2025.pdf
2025-06-26,IMPORTED COMMERCIAL RICE,Premium,5% broken,46.26,Daily-Price-Index-June-26-2025.pdf
2025-06-26,IMPORTED COMMERCIAL RICE,Well Milled,1-19% bran streak,42.55,Daily-Price-Index-June-26-2025.pdf
2025-06-26,IMPORTED COMMERCIAL RICE,Regular Milled,20-40% bran streak,39.86,Daily-Price-Index-June-26-2025.pdf
2025-06-26,LOCAL COMMERCIAL RICE,Fancy,White Rice,57.48,Daily-Price-Index-June-26-2025.pdf
2025-06-26,LOCAL COMMERCIAL RICE,Premium,5% broken,51.23,Daily-Price-Index-June-26-2025.pdf
2025-06-26,LOCAL COMMERCIAL RICE,Well Milled,1-19% bran streak,44.23,Daily-Price-Index-June-26-2025.pdf
2025-06-26,LOCAL COMMERCIAL RICE,Regular Milled,20-40% bran streak,38.23,Daily-Price-Index-June-26-2025.pdf
2025-06-27,IMPORTED COMMERCIAL RICE,Fancy,White Rice,58.71,Daily-Price-Index-June-27-2025.pdf
2025-06-27,IMPORTED COMMERCIAL RICE,Premium,5% broken,46.40,Daily-Price-Index-June-27-2025.pdf
2025-06-27,IMPORTED COMMERCIAL RICE,Well Milled,1-19% bran streak,42.69,Daily-Price-Index-June-27-2025.pdf
2025-06-27,IMPORTED COMMERCIAL RICE,Regular Milled,20-40% bran streak,40.81,Daily-Price-Index-June-27-2025.pdf
2025-06-27,LOCAL COMMERCIAL RICE,Fancy,White Rice,57.43,Daily-Price-Index-June-27-2025.pdf
2025-06-27,LOCAL COMMERCIAL RICE,Premium,5% broken,51.75,Daily-Price-Index-June-27-2025.pdf
2025-06-27,LOCAL COMMERCIAL RICE,Well Milled,1-19% bran streak,44.86,Daily-Price-Index-June-27-2025.pdf
2025-06-27,LOCAL COMMERCIAL RICE,Regular Milled,20-40% bran streak,38.41,Daily-Price-Index-June-27-2025.pdf
2025-06-28,IMPORTED COMMERCIAL RICE,Fancy,White Rice,58.44,Daily-Price-Index-June-28-2025.pdf
2025-06-28,IMPORTED COMMERCIAL RICE,Premium,5% broken,45.82,Daily-Price-Index-June-28-2025.pdf
2025-06-28,IMPORTED COMMERCIAL RICE,Well Milled,1-19% bran streak,42.42,Daily-Price-Index-June-28-2025.pdf
2025-06-28,IMPORTED COMMERCIAL RICE,Regular Milled,20-40% bran streak,38.67,Daily-Price-Index-June-28-2025.pdf
2025-06-28,LOCAL COMMERCIAL RICE,Fancy,White Rice,57.45,Daily-Price-Index-June-28-2025.pdf
2025-06-28,LOCAL COMMERCIAL RICE,Premium,5% broken,50.76,Daily-Price-Index-June-28-2025.pdf
2025-06-28,LOCAL COMMERCIAL RICE,Well Milled,1-19% bran streak,44.10,Daily-Price-Index-June-28-2025.pdf
2025-06-28,LOCAL COMMERCIAL RICE,Regular Milled,20-40% bran streak,37.93,Daily-Price-Index-June-28-2025.pdf
2025-06-29,IMPORTED COMMERCIAL RICE,Fancy,White Rice,61.50,Daily-Price-Index-June-29-2025.pdf
2025-06-29,IMPORTED COMMERCIAL RICE,Premium,5% broken,44.83,Daily-Price-Index-June-29-2025.pdf
2025-06-29,IMPORTED COMMERCIAL RICE,Well Milled,1-19% bran streak,40.00,Daily-Price-Index-June-29-2025.pdf
2025-06-29,LOCAL COMMERCIAL RICE,Fancy,White Rice,57.67,Daily-Price-Index-June-29-2025.pdf
2025-06-29,LOCAL COMMERCIAL RICE,Premium,5% broken,52.00,Daily-Price-Index-June-29-2025.pdf
2025-06-29,LOCAL COMMERCIAL RICE,Well Milled,1-19% bran streak,43.00,Daily-Price-Index-June-29-2025.pdf
2025-06-29,LOCAL COMMERCIAL RICE,Regular Milled,20-40% bran streak,37.50,Daily-Price-Index-June-29-2025.pdf
2025-06-30,IMPORTED COMMERCIAL RICE,Fancy,White Rice,62.80,Daily-Price-Index-June-30-2025.pdf
2025-06-30,IMPORTED COMMERCIAL RICE,Premium,5% broken,45.58,Daily-Price-Index-June-30-2025.pdf
2025-06-30,IMPORTED COMMERCIAL RICE,Well Milled,1-19% bran streak,42.75,Daily-Price-Index-June-30-2025.pdf
2025-06-30,IMPORTED COMMERCIAL RICE,Regular Milled,20-40% bran streak,38.00,Daily-Price-Index-June-30-2025.pdf
2025-06-30,LOCAL COMMERCIAL RICE,Fancy,White Rice,57.32,Daily-Price-Index-June-30-2025.pdf
2025-06-30,LOCAL COMMERCIAL RICE,Premium,5% broken,49.95,Daily-Price-Index-June-30-2025.pdf
2025-06-30,LOCAL COMMERCIAL RICE,Well Milled,1-19% bran streak,43.68,Daily-Price-Index-June-30-2025.pdf
2025-06-30,LOCAL COMMERCIAL RICE,Regular Milled,20-40% bran streak,37.98,Daily-Price-Index-June-30-2025.pdf
2025-07-01,IMPORTED COMMERCIAL RICE,Fancy,White Rice,58.77,Daily-Price-Index-July-1-2025.pdf
2025-07-01,IMPORTED COMMERCIAL RICE,Premium,5% broken,45.96,Daily-Price-Index-July-1-2025.pdf
2025-07-01,IMPORTED COMMERCIAL RICE,Well Milled,1-19% bran streak,42.90,Daily-Price-Index-July-1-2025.pdf
2025-07-01,IMPORTED COMMERCIAL RICE,Regular Milled,20-40% bran streak,39.17,Daily-Price-Index-July-1-2025.pdf
2025-07-01,LOCAL COMMERCIAL RICE,Fancy,White Rice,57.57,Daily-Price-Index-July-1-2025.pdf
2025-07-01,LOCAL COMMERCIAL RICE,Premium,5% broken,50.96,Daily-Price-Index-July-1-2025.pdf
2025-07-01,LOCAL COMMERCIAL RICE,Well Milled,1-19% bran streak,44.06,Daily-Price-Index-July-1-2025.pdf
2025-07-01,LOCAL COMMERCIAL RICE,Regular Milled,20-40% bran streak,38.25,Daily-Price-Index-July-1-2025.pdf
2025-07-02,IMPORTED COMMERCIAL RICE,Fancy,White Rice,58.89,Daily-Price-Index-July-2-2025.pdf
2025-07-02,IMPORTED COMMERCIAL RICE,Premium,5% broken,45.63,Daily-Price-Index-July-2-2025.pdf
2025-07-02,IMPORTED COMMERCIAL RICE,Well Milled,1-19% bran streak,42.82,Daily-Price-Index-July-2-2025.pdf
2025-07-02,IMPORTED COMMERCIAL RICE,Regular Milled,20-40% bran streak,39.25,Daily-Price-Index-July-2-2025.pdf
2025-07-02,LOCAL COMMERCIAL RICE,Fancy,White Rice,57.53,Daily-Price-Index-July-2-2025.pdf
2025-07-02,LOCAL COMMERCIAL RICE,Premium,5% broken,50.45,Daily-Price-Index-July-2-2025.pdf
2025-07-02,LOCAL COMMERCIAL RICE,Well Milled,1-19% bran streak,43.56,Daily-Price-Index-July-2-2025.pdf
2025-07-02,LOCAL COMMERCIAL RICE,Regular Milled,20-40% bran streak,37.95,Daily-Price-Index-July-2-2025.pdf
2025-07-03,IMPORTED COMMERCIAL RICE,Fancy,White Rice,56.28,Daily-Price-Index-July-3-2025.pdf
2025-07-03,IMPORTED COMMERCIAL RICE,Premium,5% broken,45.98,Daily-Price-Index-July-3-2025.pdf
2025-07-03,IMPORTED COMMERCIAL RICE,Well Milled,1-19% bran streak,43.92,Daily-Price-Index-July-3-2025.pdf
2025-07-03,IMPORTED COMMERCIAL RICE,Regular Milled,20-40% bran streak,39.39,Daily-Price-Index-July-3-2025.pdf
2025-07-03,LOCAL COMMERCIAL RICE,Fancy,White Rice,57.62,Daily-Price-Index-July-3-2025.pdf
2025-07-03,LOCAL COMMERCIAL RICE,Premium,5% broken,51.15,Daily-Price-Index-July-3-2025.pdf
2025-07-03,LOCAL COMMERCIAL RICE,Well Milled,1-19% bran streak,44.15,Daily-Price-Index-July-3-2025.pdf
2025-07-03,LOCAL COMMERCIAL RICE,Regular Milled,20-40% bran streak,38.56,Daily-Price-Index-July-3-2025.pdf
2025-07-04,IMPORTED COMMERCIAL RICE,Fancy,White Rice,56.57,Daily-Price-Index-July-4-2025.pdf
2025-07-04,IMPORTED COMMERCIAL RICE,Premium,5% broken,45.99,Daily-Price-Index-July-4-2025.pdf
2025-07-04,IMPORTED COMMERCIAL RICE,Well Milled,1-19% bran streak,44.12,Daily-Price-Index-July-4-2025.pdf
2025-07-04,IMPORTED COMMERCIAL RICE,Regular Milled,20-40% bran streak,39.39,Daily-Price-Index-July-4-2025.pdf
2025-07-04,LOCAL COMMERCIAL RICE,Fancy,White Rice,57.65,Daily-Price-Index-July-4-2025.pdf
2025-07-04,LOCAL COMMERCIAL RICE,Premium,5% broken,51.18,Daily-Price-Index-July-4-2025.pdf
2025-07-04,LOCAL COMMERCIAL RICE,Well Milled,1-19% bran streak,44.08,Daily-Price-Index-July-4-2025.pdf
2025-07-04,LOCAL COMMERCIAL RICE,Regular Milled,20-40% bran streak,38.66,Daily-Price-Index-July-4-2025.pdf
2025-07-05,IMPORTED COMMERCIAL RICE,Fancy,White Rice,53.26,Daily-Price-Index-July-5-2025.pdf
2025-07-05,IMPORTED COMMERCIAL RICE,Premium,5% broken,45.37,Daily-Price-Index-July-5-2025.pdf
2025-07-05,IMPORTED COMMERCIAL RICE,Well Milled,1-19% bran streak,44.33,Daily-Price-Index-July-5-2025.pdf
2025-07-05,IMPORTED COMMERCIAL RICE,Regular Milled,20-40% bran streak,38.11,Daily-Price-Index-July-5-2025.pdf
2025-07-05,LOCAL COMMERCIAL RICE,Fancy,White Rice,57.86,Daily-Price-Index-July-5-2025.pdf
2025-07-05,LOCAL COMMERCIAL RICE,Premium,5% broken,50.16,Daily-Price-Index-July-5-2025.pdf
2025-07-05,LOCAL COMMERCIAL RICE,Well Milled,1-19% bran streak,43.96,Daily-Price-Index-July-5-2025.pdf
2025-07-05,LOCAL COMMERCIAL RICE,Regular Milled,20-40% bran streak,38.14,Daily-Price-Index-July-5-2025.pdf
2025-07-06,IMPORTED COMMERCIAL RICE,Fancy,White Rice,50.73,Daily-Price-Index-July-6-2025.pdf
2025-07-06,IMPORTED COMMERCIAL RICE,Premium,5% broken,45.21,Daily-Price-Index-July-6-2025.pdf
2025-07-06,IMPORTED COMMERCIAL RICE,Well Milled,1-19% bran streak,49.00,Daily-Price-Index-July-6-2025.pdf
2025-07-06,IMPORTED COMMERCIAL RICE,Regular Milled,20-40% bran streak,41.00,Daily-Price-Index-July-6-2025.pdf
2025-07-06,LOCAL COMMERCIAL RICE,Fancy,White Rice,59.14,Daily-Price-Index-July-6-2025.pdf
2025-07-06,LOCAL COMMERCIAL RICE,Premium,5% broken,51.80,Daily-Price-Index-July-6-2025.pdf
2025-07-06,LOCAL COMMERCIAL RICE,Well Milled,1-19% bran streak,45.79,Daily-Price-Index-July-6-2025.pdf
2025-07-06,LOCAL COMMERCIAL RICE,Regular Milled,20-40% bran streak,39.46,Daily-Price-Index-July-6-2025.pdf
2025-07-07,IMPORTED COMMERCIAL RICE,Fancy,White Rice,55.59,Daily-Price-Index-July-7-2025.pdf
2025-07-07,IMPORTED COMMERCIAL RICE,Premium,5% broken,45.70,Daily-Price-Index-July-7-2025.pdf
2025-07-07,IMPORTED COMMERCIAL RICE,Well Milled,1-19% bran streak,44.91,Daily-Price-Index-July-7-2025.pdf
2025-07-07,IMPORTED COMMERCIAL RICE,Regular Milled,20-40% bran streak,39.29,Daily-Price-Index-July-7-2025.pdf
2025-07-07,LOCAL COMMERCIAL RICE,Fancy,White Rice,57.68,Daily-Price-Index-July-7-2025.pdf
2025-07-07,LOCAL COMMERCIAL RICE,Premium,5% broken,51.08,Daily-Price-Index-July-7-2025.pdf
2025-07-07,LOCAL COMMERCIAL RICE,Well Milled,1-19% bran streak,44.07,Daily-Price-Index-July-7-2025.pdf
2025-07-07,LOCAL COMMERCIAL RICE,Regular Milled,20-40% bran streak,38.65,Daily-Price-Index-July-7-2025.pdf
2025-07-08,IMPORTED COMMERCIAL RICE,Fancy,White Rice,55.59,Daily-Price-Index-July-8-2025.pdf
2025-07-08,IMPORTED COMMERCIAL RICE,Premium,5% broken,45.97,Daily-Price-Index-July-8-2025.pdf
2025-07-08,IMPORTED COMMERCIAL RICE,Well Milled,1-19% bran streak,44.12,Daily-Price-Index-July-8-2025.pdf
2025-07-08,IMPORTED COMMERCIAL RICE,Regular Milled,20-40% bran streak,39.29,Daily-Price-Index-July-8-2025.pdf
2025-07-08,LOCAL COMMERCIAL RICE,Fancy,White Rice,57.72,Daily-Price-Index-July-8-2025.pdf
2025-07-08,LOCAL COMMERCIAL RICE,Premium,5% broken,51.09,Daily-Price-Index-July-8-2025.pdf
2025-07-08,LOCAL COMMERCIAL RICE,Well Milled,1-19% bran streak,43.94,Daily-Price-Index-July-8-2025.pdf
2025-07-08,LOCAL COMMERCIAL RICE,Regular Milled,20-40% bran streak,38.61,Daily-Price-Index-July-8-2025.pdf
2025-07-09,IMPORTED COMMERCIAL RICE,Fancy,White Rice,56.13,Daily-Price-Index-July-9-2025.pdf
2025-07-09,IMPORTED COMMERCIAL RICE,Premium,5% broken,45.97,Daily-Price-Index-July-9-2025.pdf
2025-07-09,IMPORTED COMMERCIAL RICE,Well Milled,1-19% bran streak,44.12,Daily-Price-Index-July-9-2025.pdf
2025-07-09,IMPORTED COMMERCIAL RICE,Regular Milled,20-40% bran streak,39.29,Daily-Price-Index-July-9-2025.pdf
2025-07-09,LOCAL COMMERCIAL RICE,Fancy,White Rice,57.70,Daily-Price-Index-July-9-2025.pdf
2025-07-09,LOCAL COMMERCIAL RICE,Premium,5% broken,51.03,Daily-Price-Index-July-9-2025.pdf
2025-07-09,LOCAL COMMERCIAL RICE,Well Milled,1-19% bran streak,43.94,Daily-Price-Index-July-9-2025.pdf
2025-07-09,LOCAL COMMERCIAL RICE,Regular Milled,20-40% bran streak,38.61,Daily-Price-Index-July-9-2025.pdf
2025-07-10,IMPORTED COMMERCIAL RICE,Fancy,White Rice,56.03,Daily-Price-Index-July-10-2025.pdf
2025-07-10,IMPORTED COMMERCIAL RICE,Premium,5% broken,45.94,Daily-Price-Index-July-10-2025.pdf
2025-07-10,IMPORTED COMMERCIAL RICE,Well Milled,1-19% bran streak,43.79,Daily-Price-Index-July-10-2025.pdf
2025-07-10,IMPORTED COMMERCIAL RICE,Regular Milled,20-40% bran streak,39.29,Daily-Price-Index-July-10-2025.pdf
2025-07-10,LOCAL COMMERCIAL RICE,Fancy,White Rice,57.72,Daily-Price-Index-July-10-2025.pdf
2025-07-10,LOCAL COMMERCIAL RICE,Premium,5% broken,50.98,Daily-Price-Index-July-10-2025.pdf
2025-07-10,LOCAL COMMERCIAL RICE,Well Milled,1-19% bran streak,43.82,Daily-Price-Index-July-10-2025.pdf
2025-07-10,LOCAL COMMERCIAL RICE,Regular Milled,20-40% bran streak,38.63,Daily-Price-Index-July-10-2025.pdf
2025-07-11,IMPORTED COMMERCIAL RICE,Fancy,White Rice,56.27,Daily-Price-Index-July-11-2025.pdf
2025-07-11,IMPORTED COMMERCIAL RICE,Premium,5% broken,45.91,Daily-Price-Index-July-11-2025.pdf
2025-07-11,IMPORTED COMMERCIAL RICE,Well Milled,1-19% bran streak,43.79,Daily-Price-Index-July-11-2025.pdf
2025-07-11,IMPORTED COMMERCIAL RICE,Regular Milled,20-40% bran streak,39.29,Daily-Price-Index-July-11-2025.pdf
2025-07-11,LOCAL COMMERCIAL RICE,Fancy,White Rice,57.72,Daily-Price-Index-July-11-2025.pdf
2025-07-11,LOCAL COMMERCIAL RICE,Premium,5% broken,50.98,Daily-Price-Index-July-11-2025.pdf
2025-07-11,LOCAL COMMERCIAL RICE,Well Milled,1-19% bran streak,43.82,Daily-Price-Index-July-11-2025.pdf
2025-07-11,LOCAL COMMERCIAL RICE,Regular Milled,20-40% bran streak,38.63,Daily-Price-Index-July-11-2025.pdf
2025-07-12,IMPORTED COMMERCIAL RICE,Fancy,White Rice,56.27,Daily-Price-Index-July-12-2025.pdf
2025-07-12,IMPORTED COMMERCIAL RICE,Premium,5% broken,45.65,Daily-Price-Index-July-12-2025.pdf
2025-07-12,IMPORTED COMMERCIAL RICE,Well Milled,1-19% bran streak,44.03,Daily-Price-Index-July-12-2025.pdf
2025-07-12,IMPORTED COMMERCIAL RICE,Regular Milled,20-40% bran streak,39.37,Daily-Price-Index-July-12-2025.pdf
2025-07-12,LOCAL COMMERCIAL RICE,Fancy,White Rice,57.71,Daily-Price-Index-July-12-2025.pdf
2025-07-12,LOCAL COMMERCIAL RICE,Premium,5% broken,51.19,Daily-Price-Index-July-12-2025.pdf
2025-07-12,LOCAL COMMERCIAL RICE,Well Milled,1-19% bran streak,43.86,Daily-Price-Index-July-12-2025.pdf
2025-07-12,LOCAL COMMERCIAL RICE,Regular Milled,20-40% bran streak,38.90,Daily-Price-Index-July-12-2025.pdf
2025-07-13,IMPORTED COMMERCIAL RICE,Fancy,White Rice,62.00,Daily-Price-Index-July-13-2025.pdf
2025-07-13,IMPORTED COMMERCIAL RICE,Premium,5% broken,45.00,Daily-Price-Index-July-13-2025.pdf
2025-07-13,IMPORTED COMMERCIAL RICE,Well Milled,1-19% bran streak,40.00,Daily-Price-Index-July-13-2025.pdf
2025-07-13,LOCAL COMMERCIAL RICE,Fancy,White Rice,58.00,Daily-Price-Index-July-13-2025.pdf
2025-07-13,LOCAL COMMERCIAL RICE,Premium,5% broken,51.83,Daily-Price-Index-July-13-2025.pdf
2025-07-13,LOCAL COMMERCIAL RICE,Well Milled,1-19% bran streak,44.17,Daily-Price-Index-July-13-2025.pdf
2025-07-13,LOCAL COMMERCIAL RICE,Regular Milled,20-40% bran streak,37.80,Daily-Price-Index-July-13-2025.pdf
2025-07-14,IMPORTED COMMERCIAL RICE,Fancy,White Rice,56.24,Daily-Price-Index-July-14-2025.pdf
2025-07-14,IMPORTED COMMERCIAL RICE,Premium,5% broken,45.74,Daily-Price-Index-July-14-2025.pdf
2025-07-14,IMPORTED COMMERCIAL RICE,Well Milled,1-19% bran streak,43.87,Daily-Price-Index-July-14-2025.pdf
2025-07-14,IMPORTED COMMERCIAL RICE,Regular Milled,20-40% bran streak,39.52,Daily-Price-Index-July-14-2025.pdf
2025-07-14,LOCAL COMMERCIAL RICE,Fancy,White Rice,58.06,Daily-Price-Index-July-14-2025.pdf
2025-07-14,LOCAL COMMERCIAL RICE,Premium,5% broken,50.82,Daily-Price-Index-July-14-2025.pdf
2025-07-14,LOCAL COMMERCIAL RICE,Well Milled,1-19% bran streak,43.44,Daily-Price-Index-July-14-2025.pdf
2025-07-14,LOCAL COMMERCIAL RICE,Regular Milled,20-40% bran streak,38.66,Daily-Price-Index-July-14-2025.pdf
2025-07-15,IMPORTED COMMERCIAL RICE,Fancy,White Rice,53.29,Daily-Price-Index-July-15-2025.pdf
2025-07-15,IMPORTED COMMERCIAL RICE,Premium,5% broken,46.08,Daily-Price-Index-July-15-2025.pdf
2025-07-15,IMPORTED COMMERCIAL RICE,Well Milled,1-19% bran streak,44.19,Daily-Price-Index-July-15-2025.pdf
2025-07-15,IMPORTED COMMERCIAL RICE,Regular Milled,20-40% bran streak,39.03,Daily-Price-Index-July-15-2025.pdf
2025-07-15,LOCAL COMMERCIAL RICE,Fancy,White Rice,57.35,Daily-Price-Index-July-15-2025.pdf
2025-07-15,LOCAL COMMERCIAL RICE,Premium,5% broken,50.94,Daily-Price-Index-July-15-2025.pdf
2025-07-15,LOCAL COMMERCIAL RICE,Well Milled,1-19% bran streak,43.70,Daily-Price-Index-July-15-2025.pdf
2025-07-15,LOCAL COMMERCIAL RICE,Regular Milled,20-40% bran streak,38.58,Daily-Price-Index-July-15-2025.pdf
2025-07-16,IMPORTED COMMERCIAL RICE,Fancy,White Rice,56.24,Daily-Price-Index-July-16-2025.pdf
2025-07-16,IMPORTED COMMERCIAL RICE,Premium,5% broken,45.85,Daily-Price-Index-July-16-2025.pdf
2025-07-16,IMPORTED COMMERCIAL RICE,Well Milled,1-19% bran streak,43.81,Daily-Price-Index-July-16-2025.pdf
2025-07-16,IMPORTED COMMERCIAL RICE,Regular Milled,20-40% bran streak,39.03,Daily-Price-Index-July-16-2025.pdf
2025-07-16,LOCAL COMMERCIAL RICE,Fancy,White Rice,57.58,Daily-Price-Index-July-16-2025.pdf
2025-07-16,LOCAL COMMERCIAL RICE,Premium,5% broken,51.08,Daily-Price-Index-July-16-2025.pdf
2025-07-16,LOCAL COMMERCIAL RICE,Well Milled,1-19% bran streak,43.61,Daily-Price-Index-July-16-2025.pdf
2025-07-16,LOCAL COMMERCIAL RICE,Regular Milled,20-40% bran streak,38.45,Daily-Price-Index-July-16-2025.pdf
2025-07-17,IMPORTED COMMERCIAL RICE,Fancy,White Rice,56.47,Daily-Price-Index-July-17-2025.pdf
2025-07-17,IMPORTED COMMERCIAL RICE,Premium,5% broken,45.89,Daily-Price-Index-July-17-2025.pdf
2025-07-17,IMPORTED COMMERCIAL RICE,Well Milled,1-19% bran streak,43.63,Daily-Price-Index-July-17-2025.pdf
2025-07-17,IMPORTED COMMERCIAL RICE,Regular Milled,20-40% bran streak,39.19,Daily-Price-Index-July-17-2025.pdf
2025-07-17,LOCAL COMMERCIAL RICE,Fancy,White Rice,57.55,Daily-Price-Index-July-17-2025.pdf
2025-07-17,LOCAL COMMERCIAL RICE,Premium,5% broken,51.04,Daily-Price-Index-July-17-2025.pdf
2025-07-17,LOCAL COMMERCIAL RICE,Well Milled,1-19% bran streak,43.72,Daily-Price-Index-July-17-2025.pdf
2025-07-17,LOCAL COMMERCIAL RICE,Regular Milled,20-40% bran streak,38.41,Daily-Price-Index-July-17-2025.pdf
2025-07-18,IMPORTED COMMERCIAL RICE,Fancy,White Rice,56.65,Daily-Price-Index-July-18-2025.pdf
2025-07-18,IMPORTED COMMERCIAL RICE,Premium,5% broken,45.51,Daily-Price-Index-July-18-2025.pdf
2025-07-18,IMPORTED COMMERCIAL RICE,Well Milled,1-19% bran streak,43.71,Daily-Price-Index-July-18-2025.pdf
2025-07-18,IMPORTED COMMERCIAL RICE,Regular Milled,20-40% bran streak,40.00,Daily-Price-Index-July-18-2025.pdf
2025-07-18,LOCAL COMMERCIAL RICE,Fancy,White Rice,57.56,Daily-Price-Index-July-18-2025.pdf
2025-07-18,LOCAL COMMERCIAL RICE,Premium,5% broken,50.93,Daily-Price-Index-July-18-2025.pdf
2025-07-18,LOCAL COMMERCIAL RICE,Well Milled,1-19% bran streak,43.54,Daily-Price-Index-July-18-2025.pdf
2025-07-18,LOCAL COMMERCIAL RICE,Regular Milled,20-40% bran streak,38.42,Daily-Price-Index-July-18-2025.pdf
2025-07-19,IMPORTED COMMERCIAL RICE,Fancy,White Rice,56.38,Daily-Price-Index-July-19-2025.pdf
2025-07-19,IMPORTED COMMERCIAL RICE,Premium,5% broken,45.33,Daily-Price-Index-July-19-2025.pdf
2025-07-19,IMPORTED COMMERCIAL RICE,Well Milled,1-19% bran streak,43.61,Daily-Price-Index-July-19-2025.pdf
2025-07-19,IMPORTED COMMERCIAL RICE,Regular Milled,20-40% bran streak,37.80,Daily-Price-Index-July-19-2025.pdf
2025-07-19,LOCAL COMMERCIAL RICE,Fancy,White Rice,57.97,Daily-Price-Index-July-19-2025.pdf
2025-07-19,LOCAL COMMERCIAL RICE,Premium,5% broken,51.38,Daily-Price-Index-July-19-2025.pdf
2025-07-19,LOCAL COMMERCIAL RICE,Well Milled,1-19% bran streak,43.86,Daily-Price-Index-July-19-2025.pdf
2025-07-19,LOCAL COMMERCIAL RICE,Regular Milled,20-40% bran streak,38.72,Daily-Price-Index-July-19-2025.pdf
2025-07-20,IMPORTED COMMERCIAL RICE,Fancy,White Rice,58.67,Daily-Price-Index-July-20-2025.pdf
2025-07-20,IMPORTED COMMERCIAL RICE,Premium,5% broken,43.71,Daily-Price-Index-July-20-2025.pdf
2025-07-20,IMPORTED COMMERCIAL RICE,Well Milled,1-19% bran streak,42.00,Daily-Price-Index-July-20-2025.pdf
2025-07-20,LOCAL COMMERCIAL RICE,Fancy,White Rice,57.33,Daily-Price-Index-July-20-2025.pdf
2025-07-20,LOCAL COMMERCIAL RICE,Premium,5% broken,51.33,Daily-Price-Index-July-20-2025.pdf
2025-07-20,LOCAL COMMERCIAL RICE,Well Milled,1-19% bran streak,43.14,Daily-Price-Index-July-20-2025.pdf
2025-07-20,LOCAL COMMERCIAL RICE,Regular Milled,20-40% bran streak,37.20,Daily-Price-Index-July-20-2025.pdf
2025-07-21,IMPORTED COMMERCIAL RICE,Fancy,White Rice,56.12,Daily-Price-Index-July-21-2025.pdf
2025-07-21,IMPORTED COMMERCIAL RICE,Premium,5% broken,45.17,Daily-Price-Index-July-21-2025.pdf
2025-07-21,IMPORTED COMMERCIAL RICE,Well Milled,1-19% bran streak,43.41,Daily-Price-Index-July-21-2025.pdf
2025-07-21,IMPORTED COMMERCIAL RICE,Regular Milled,20-40% bran streak,39.28,Daily-Price-Index-July-21-2025.pdf
2025-07-21,LOCAL COMMERCIAL RICE,Fancy,White Rice,57.56,Daily-Price-Index-July-21-2025.pdf
2025-07-21,LOCAL COMMERCIAL RICE,Premium,5% broken,51.00,Daily-Price-Index-July-21-2025.pdf
2025-07-21,LOCAL COMMERCIAL RICE,Well Milled,1-19% bran streak,43.61,Daily-Price-Index-July-21-2025.pdf
2025-07-21,LOCAL COMMERCIAL RICE,Regular Milled,20-40% bran streak,38.45,Daily-Price-Index-July-21-2025.pdf
2025-07-22,IMPORTED COMMERCIAL RICE,Fancy,White Rice,55.42,Daily-Price-Index-July-22-2025.pdf
2025-07-22,IMPORTED COMMERCIAL RICE,Premium,5% broken,45.29,Daily-Price-Index-July-22-2025.pdf
2025-07-22,IMPORTED COMMERCIAL RICE,Well Milled,1-19% bran streak,45.50,Daily-Price-Index-July-22-2025.pdf
2025-07-22,IMPORTED COMMERCIAL RICE,Regular Milled,20-40% bran streak,38.00,Daily-Price-Index-July-22-2025.pdf
2025-07-22,LOCAL COMMERCIAL RICE,Fancy,White Rice,56.80,Daily-Price-Index-July-22-2025.pdf
2025-07-22,LOCAL COMMERCIAL RICE,Premium,5% broken,49.71,Daily-Price-Index-July-22-2025.pdf
2025-07-22,LOCAL COMMERCIAL RICE,Well Milled,1-19% bran streak,44.02,Daily-Price-Index-July-22-2025.pdf
2025-07-22,LOCAL COMMERCIAL RICE,Regular Milled,20-40% bran streak,38.48,Daily-Price-Index-July-22-2025.pdf
2025-07-23,IMPORTED COMMERCIAL RICE,Fancy,White Rice,56.12,Daily-Price-Index-July-23-2025.pdf
2025-07-23,IMPORTED COMMERCIAL RICE,Premium,5% broken,44.94,Daily-Price-Index-July-23-2025.pdf
2025-07-23,IMPORTED COMMERCIAL RICE,Well Milled,1-19% bran streak,43.70,Daily-Price-Index-July-23-2025.pdf
2025-07-23,IMPORTED COMMERCIAL RICE,Regular Milled,20-40% bran streak,39.32,Daily-Price-Index-July-23-2025.pdf
2025-07-23,LOCAL COMMERCIAL RICE,Fancy,White Rice,57.34,Daily-Price-Index-July-23-2025.pdf
2025-07-23,LOCAL COMMERCIAL RICE,Premium,5% broken,51.10,Daily-Price-Index-July-23-2025.pdf
2025-07-23,LOCAL COMMERCIAL RICE,Well Milled,1-19% bran streak,44.00,Daily-Price-Index-July-23-2025.pdf
2025-07-23,LOCAL COMMERCIAL RICE,Regular Milled,20-40% bran streak,38.56,Daily-Price-Index-July-23-2025.pdf
2025-07-24,IMPORTED COMMERCIAL RICE,Fancy,White Rice,55.68,Daily-Price-Index-July-24-2025.pdf
2025-07-24,IMPORTED COMMERCIAL RICE,Premium,5% broken,44.43,Daily-Price-Index-July-24-2025.pdf
2025-07-24,IMPORTED COMMERCIAL RICE,Well Milled,1-19% bran streak,43.75,Daily-Price-Index-July-24-2025.pdf
2025-07-24,IMPORTED COMMERCIAL RICE,Regular Milled,20-40% bran streak,40.50,Daily-Price-Index-July-24-2025.pdf
2025-07-24,LOCAL COMMERCIAL RICE,Fancy,White Rice,58.11,Daily-Price-Index-July-24-2025.pdf
2025-07-24,LOCAL COMMERCIAL RICE,Premium,5% broken,50.27,Daily-Price-Index-July-24-2025.pdf
2025-07-24,LOCAL COMMERCIAL RICE,Well Milled,1-19% bran streak,42.94,Daily-Price-Index-July-24-2025.pdf
2025-07-24,LOCAL COMMERCIAL RICE,Regular Milled,20-40% bran streak,38.68,Daily-Price-Index-July-24-2025.pdf
2025-07-26,IMPORTED COMMERCIAL RICE,Fancy,White Rice,56.12,Daily-Price-Index-July-26-2025.pdf
2025-07-26,IMPORTED COMMERCIAL RICE,Premium,5% broken,44.69,Daily-Price-Index-July-26-2025.pdf
2025-07-26,IMPORTED COMMERCIAL RICE,Well Milled,1-19% bran streak,43.84,Daily-Price-Index-July-26-2025.pdf
2025-07-26,IMPORTED COMMERCIAL RICE,Regular Milled,20-40% bran streak,39.24,Daily-Price-Index-July-26-2025.pdf
2025-07-26,LOCAL COMMERCIAL RICE,Fancy,White Rice,58.17,Daily-Price-Index-July-26-2025.pdf
2025-07-26,LOCAL COMMERCIAL RICE,Premium,5% broken,51.31,Daily-Price-Index-July-26-2025.pdf
2025-07-26,LOCAL COMMERCIAL RICE,Well Milled,1-19% bran streak,43.97,Daily-Price-Index-July-26-2025.pdf
2025-07-26,LOCAL COMMERCIAL RICE,Regular Milled,20-40% bran streak,38.78,Daily-Price-Index-July-26-2025.pdf
2025-07-27,IMPORTED COMMERCIAL RICE,Fancy,White Rice,62.00,Daily-Price-Index-July-27-2025.pdf
2025-07-27,IMPORTED COMMERCIAL RICE,Premium,5% broken,43.83,Daily-Price-Index-July-27-2025.pdf
2025-07-27,IMPORTED COMMERCIAL RICE,Well Milled,1-19% bran streak,40.00,Daily-Price-Index-July-27-2025.pdf
2025-07-27,LOCAL COMMERCIAL RICE,Fancy,White Rice,56.83,Daily-Price-Index-July-27-2025.pdf
2025-07-27,LOCAL COMMERCIAL RICE,Premium,5% broken,51.00,Daily-Price-Index-July-27-2025.pdf
2025-07-27,LOCAL COMMERCIAL RICE,Well Milled,1-19% bran streak,43.33,Daily-Price-Index-July-27-2025.pdf
2025-07-27,LOCAL COMMERCIAL RICE,Regular Milled,20-40% bran streak,37.80,Daily-Price-Index-July-27-2025.pdf
2025-07-28,IMPORTED COMMERCIAL RICE,Fancy,White Rice,55.94,Daily-Price-Index-July-28-2025-1.pdf
2025-07-28,IMPORTED COMMERCIAL RICE,Premium,5% broken,45.06,Daily-Price-Index-July-28-2025-1.pdf
2025-07-28,IMPORTED COMMERCIAL RICE,Well Milled,1-19% bran streak,43.76,Daily-Price-Index-July-28-2025-1.pdf
2025-07-28,IMPORTED COMMERCIAL RICE,Regular Milled,20-40% bran streak,39.14,Daily-Price-Index-July-28-2025-1.pdf
2025-07-28,LOCAL COMMERCIAL RICE,Fancy,White Rice,57.47,Daily-Price-Index-July-28-2025-1.pdf
2025-07-28,LOCAL COMMERCIAL RICE,Premium,5% broken,50.93,Daily-Price-Index-July-28-2025-1.pdf
2025-07-28,LOCAL COMMERCIAL RICE,Well Milled,1-19% bran streak,43.60,Daily-Price-Index-July-28-2025-1.pdf
2025-07-28,LOCAL COMMERCIAL RICE,Regular Milled,20-40% bran streak,38.45,Daily-Price-Index-July-28-2025-1.pdf
2025-07-29,IMPORTED COMMERCIAL RICE,Fancy,White Rice,55.94,Daily-Price-Index-July-29-2025.pdf
2025-07-29,IMPORTED COMMERCIAL RICE,Premium,5% broken,45.12,Daily-Price-Index-July-29-2025.pdf
2025-07-29,IMPORTED COMMERCIAL RICE,Well Milled,1-19% bran streak,43.95,Daily-Price-Index-July-29-2025.pdf
2025-07-29,IMPORTED COMMERCIAL RICE,Regular Milled,20-40% bran streak,39.10,Daily-Price-Index-July-29-2025.pdf
2025-07-29,LOCAL COMMERCIAL RICE,Fancy,White Rice,57.57,Daily-Price-Index-July-29-2025.pdf
2025-07-29,LOCAL COMMERCIAL RICE,Premium,5% broken,50.81,Daily-Price-Index-July-29-2025.pdf
2025-07-29,LOCAL COMMERCIAL RICE,Well Milled,1-19% bran streak,43.48,Daily-Price-Index-July-29-2025.pdf
2025-07-29,LOCAL COMMERCIAL RICE,Regular Milled,20-40% bran streak,38.41,Daily-Price-Index-July-29-2025.pdf
2025-07-30,IMPORTED COMMERCIAL RICE,Fancy,White Rice,55.94,Daily-Price-Index-July-30-2025.pdf
2025-07-30,IMPORTED COMMERCIAL RICE,Premium,5% broken,44.96,Daily-Price-Index-July-30-2025.pdf
2025-07-30,IMPORTED COMMERCIAL RICE,Well Milled,1-19% bran streak,43.95,Daily-Price-Index-July-30-2025.pdf
2025-07-30,IMPORTED COMMERCIAL RICE,Regular Milled,20-40% bran streak,38.73,Daily-Price-Index-July-30-2025.pdf
2025-07-30,LOCAL COMMERCIAL RICE,Fancy,White Rice,57.50,Daily-Price-Index-July-30-2025.pdf
2025-07-30,LOCAL COMMERCIAL RICE,Premium,5% broken,50.82,Daily-Price-Index-July-30-2025.pdf
2025-07-30,LOCAL COMMERCIAL RICE,Well Milled,1-19% bran streak,43.45,Daily-Price-Index-July-30-2025.pdf
2025-07-30,LOCAL COMMERCIAL RICE,Regular Milled,20-40% bran streak,38.44,Daily-Price-Index-July-30-2025.pdf
2025-07-31,IMPORTED COMMERCIAL RICE,Fancy,White Rice,55.68,Daily-Price-Index-July-31-2025.pdf
2025-07-31,IMPORTED COMMERCIAL RICE,Premium,5% broken,44.84,Daily-Price-Index-July-31-2025.pdf
2025-07-31,IMPORTED COMMERCIAL RICE,Well Milled,1-19% bran streak,43.95,Daily-Price-Index-July-31-2025.pdf
2025-07-31,IMPORTED COMMERCIAL RICE,Regular Milled,20-40% bran streak,38.24,Daily-Price-Index-July-31-2025.pdf
2025-07-31,LOCAL COMMERCIAL RICE,Fancy,White Rice,57.40,Daily-Price-Index-July-31-2025.pdf
2025-07-31,LOCAL COMMERCIAL RICE,Premium,5% broken,50.85,Daily-Price-Index-July-31-2025.pdf
2025-07-31,LOCAL COMMERCIAL RICE,Well Milled,1-19% bran streak,43.54,Daily-Price-Index-July-31-2025.pdf
2025-07-31,LOCAL COMMERCIAL RICE,Regular Milled,20-40% bran streak,38.55,Daily-Price-Index-July-31-2025.pdf
2025-08-01,IMPORTED COMMERCIAL RICE,Fancy,White Rice,55.94,Daily-Price-Index-August-1-2025.pdf
2025-08-01,IMPORTED COMMERCIAL RICE,Premium,5% broken,44.98,Daily-Price-Index-August-1-2025.pdf
2025-08-01,IMPORTED COMMERCIAL RICE,Well Milled,1-19% bran streak,43.95,Daily-Price-Index-August-1-2025.pdf
2025-08-01,IMPORTED COMMERCIAL RICE,Regular Milled,20-40% bran streak,38.18,Daily-Price-Index-August-1-2025.pdf
2025-08-01,LOCAL COMMERCIAL RICE,Fancy,White Rice,57.44,Daily-Price-Index-August-1-2025.pdf
2025-08-01,LOCAL COMMERCIAL RICE,Premium,5% broken,50.87,Daily-Price-Index-August-1-2025.pdf
2025-08-01,LOCAL COMMERCIAL RICE,Well Milled,1-19% bran streak,43.54,Daily-Price-Index-August-1-2025.pdf
2025-08-01,LOCAL COMMERCIAL RICE,Regular Milled,20-40% bran streak,38.57,Daily-Price-Index-August-1-2025.pdf
2025-08-02,IMPORTED COMMERCIAL RICE,Fancy,White Rice,55.94,Daily-Price-Index-August-2-2025-1.pdf
2025-08-02,IMPORTED COMMERCIAL RICE,Premium,5% broken,45.07,Daily-Price-Index-August-2-2025-1.pdf
2025-08-02,IMPORTED COMMERCIAL RICE,Well Milled,1-19% bran streak,44.11,Daily-Price-Index-August-2-2025-1.pdf
2025-08-02,IMPORTED COMMERCIAL RICE,Regular Milled,20-40% bran streak,39.13,Daily-Price-Index-August-2-2025-1.pdf
2025-08-02,LOCAL COMMERCIAL RICE,Fancy,White Rice,57.93,Daily-Price-Index-August-2-2025-1.pdf
2025-08-02,LOCAL COMMERCIAL RICE,Premium,5% broken,51.39,Daily-Price-Index-August-2-2025-1.pdf
2025-08-02,LOCAL COMMERCIAL RICE,Well Milled,1-19% bran streak,43.70,Daily-Price-Index-August-2-2025-1.pdf
2025-08-02,LOCAL COMMERCIAL RICE,Regular Milled,20-40% bran streak,39.01,Daily-Price-Index-August-2-2025-1.pdf
2025-08-03,IMPORTED COMMERCIAL RICE,Fancy,White Rice,58.67,Daily-Price-Index-August-3-2025.pdf
2025-08-03,IMPORTED COMMERCIAL RICE,Premium,5% broken,44.17,Daily-Price-Index-August-3-2025.pdf
2025-08-03,LOCAL COMMERCIAL RICE,Fancy,White Rice,56.67,Daily-Price-Index-August-3-2025.pdf
2025-08-03,LOCAL COMMERCIAL RICE,Premium,5% broken,51.40,Daily-Price-Index-August-3-2025.pdf
2025-08-03,LOCAL COMMERCIAL RICE,Well Milled,1-19% bran streak,43.00,Daily-Price-Index-August-3-2025.pdf
2025-08-03,LOCAL COMMERCIAL RICE,Regular Milled,20-40% bran streak,36.60,Daily-Price-Index-August-3-2025.pdf
2025-08-04,IMPORTED COMMERCIAL RICE,Fancy,White Rice,55.94,Daily-Price-Index-August-4-2025.pdf
2025-08-04,IMPORTED COMMERCIAL RICE,Premium,5% broken,44.83,Daily-Price-Index-August-4-2025.pdf
2025-08-04,IMPORTED COMMERCIAL RICE,Well Milled,1-19% bran streak,44.18,Daily-Price-Index-August-4-2025.pdf
2025-08-04,IMPORTED COMMERCIAL RICE,Regular Milled,20-40% bran streak,38.18,Daily-Price-Index-August-4-2025.pdf
2025-08-04,LOCAL COMMERCIAL RICE,Fancy,White Rice,57.42,Daily-Price-Index-August-4-2025.pdf
2025-08-04,LOCAL COMMERCIAL RICE,Premium,5% broken,50.84,Daily-Price-Index-August-4-2025.pdf
2025-08-04,LOCAL COMMERCIAL RICE,Well Milled,1-19% bran streak,43.39,Daily-Price-Index-August-4-2025.pdf
2025-08-04,LOCAL COMMERCIAL RICE,Regular Milled,20-40% bran streak,38.54,Daily-Price-Index-August-4-2025.pdf
2025-08-05,IMPORTED COMMERCIAL RICE,Fancy,White Rice,55.94,Daily-Price-Index-August-5-2025.pdf
2025-08-05,IMPORTED COMMERCIAL RICE,Premium,5% broken,44.85,Daily-Price-Index-August-5-2025.pdf
2025-08-05,IMPORTED COMMERCIAL RICE,Well Milled,1-19% bran streak,44.18,Daily-Price-Index-August-5-2025.pdf
2025-08-05,IMPORTED COMMERCIAL RICE,Regular Milled,20-40% bran streak,38.36,Daily-Price-Index-August-5-2025.pdf
2025-08-05,LOCAL COMMERCIAL RICE,Fancy,White Rice,57.44,Daily-Price-Index-August-5-2025.pdf
2025-08-05,LOCAL COMMERCIAL RICE,Premium,5% broken,50.76,Daily-Price-Index-August-5-2025.pdf
2025-08-05,LOCAL COMMERCIAL RICE,Well Milled,1-19% bran streak,43.42,Daily-Price-Index-August-5-2025.pdf
2025-08-05,LOCAL COMMERCIAL RICE,Regular Milled,20-40% bran streak,38.54,Daily-Price-Index-August-5-2025.pdf
2025-08-06,IMPORTED COMMERCIAL RICE,Fancy,White Rice,55.94,Daily-Price-Index-August-6-2025-1.pdf
2025-08-06,IMPORTED COMMERCIAL RICE,Premium,5% broken,44.82,Daily-Price-Index-August-6-2025-1.pdf
2025-08-06,IMPORTED COMMERCIAL RICE,Well Milled,1-19% bran streak,44.20,Daily-Price-Index-August-6-2025-1.pdf
2025-08-06,IMPORTED COMMERCIAL RICE,Regular Milled,20-40% bran streak,38.31,Daily-Price-Index-August-6-2025-1.pdf
2025-08-06,LOCAL COMMERCIAL RICE,Fancy,White Rice,57.45,Daily-Price-Index-August-6-2025-1.pdf
2025-08-06,LOCAL COMMERCIAL RICE,Premium,5% broken,50.76,Daily-Price-Index-August-6-2025-1.pdf
2025-08-06,LOCAL COMMERCIAL RICE,Well Milled,1-19% bran streak,43.40,Daily-Price-Index-August-6-2025-1.pdf
2025-08-06,LOCAL COMMERCIAL RICE,Regular Milled,20-40% bran streak,38.55,Daily-Price-Index-August-6-2025-1.pdf
2025-08-07,IMPORTED COMMERCIAL RICE,Fancy,White Rice,55.94,Daily-Price-Index-August-7-2025.pdf
2025-08-07,IMPORTED COMMERCIAL RICE,Premium,5% broken,44.82,Daily-Price-Index-August-7-2025.pdf
2025-08-07,IMPORTED COMMERCIAL RICE,Well Milled,1-19% bran streak,44.18,Daily-Price-Index-August-7-2025.pdf
2025-08-07,IMPORTED COMMERCIAL RICE,Regular Milled,20-40% bran streak,38.21,Daily-Price-Index-August-7-2025.pdf
2025-08-07,LOCAL COMMERCIAL RICE,Fancy,White Rice,57.39,Daily-Price-Index-August-7-2025.pdf
2025-08-07,LOCAL COMMERCIAL RICE,Premium,5% broken,50.79,Daily-Price-Index-August-7-2025.pdf
2025-08-07,LOCAL COMMERCIAL RICE,Well Milled,1-19% bran streak,43.38,Daily-Price-Index-August-7-2025.pdf
2025-08-07,LOCAL COMMERCIAL RICE,Regular Milled,20-40% bran streak,38.55,Daily-Price-Index-August-7-2025.pdf
2025-08-08,IMPORTED COMMERCIAL RICE,Fancy,White Rice,55.94,Daily-Price-Index-August-8-2025.pdf
2025-08-08,IMPORTED COMMERCIAL RICE,Premium,5% broken,44.79,Daily-Price-Index-August-8-2025.pdf
2025-08-08,IMPORTED COMMERCIAL RICE,Well Milled,1-19% bran streak,44.20,Daily-Price-Index-August-8-2025.pdf
2025-08-08,IMPORTED COMMERCIAL RICE,Regular Milled,20-40% bran streak,38.21,Daily-Price-Index-August-8-2025.pdf
2025-08-08,LOCAL COMMERCIAL RICE,Fancy,White Rice,57.38,Daily-Price-Index-August-8-2025.pdf
2025-08-08,LOCAL COMMERCIAL RICE,Premium,5% broken,50.77,Daily-Price-Index-August-8-2025.pdf
2025-08-08,LOCAL COMMERCIAL RICE,Well Milled,1-19% bran streak,43.38,Daily-Price-Index-August-8-2025.pdf
2025-08-08,LOCAL COMMERCIAL RICE,Regular Milled,20-40% bran streak,38.50,Daily-Price-Index-August-8-2025.pdf
2025-08-09,IMPORTED COMMERCIAL RICE,Fancy,White Rice,55.70,Daily-Price-Index-August-9-2025.pdf
2025-08-09,IMPORTED COMMERCIAL RICE,Premium,5% broken,44.80,Daily-Price-Index-August-9-2025.pdf
2025-08-09,IMPORTED COMMERCIAL RICE,Well Milled,1-19% bran streak,44.00,Daily-Price-Index-August-9-2025.pdf
2025-08-09,IMPORTED COMMERCIAL RICE,Regular Milled,20-40% bran streak,38.87,Daily-Price-Index-August-9-2025.pdf
2025-08-09,LOCAL COMMERCIAL RICE,Fancy,White Rice,57.43,Daily-Price-Index-August-9-2025.pdf
2025-08-09,LOCAL COMMERCIAL RICE,Premium,5% broken,51.11,Daily-Price-Index-August-9-2025.pdf
2025-08-09,LOCAL COMMERCIAL RICE,Well Milled,1-19% bran streak,43.57,Daily-Price-Index-August-9-2025.pdf
2025-08-09,LOCAL COMMERCIAL RICE,Regular Milled,20-40% bran streak,38.54,Daily-Price-Index-August-9-2025.pdf
2025-08-10,IMPORTED COMMERCIAL RICE,Fancy,White Rice,62.00,Daily-Price-Index-August-10-2025.pdf
2025-08-10,IMPORTED COMMERCIAL RICE,Premium,5% broken,43.50,Daily-Price-Index-August-10-2025.pdf
2025-08-10,LOCAL COMMERCIAL RICE,Fancy,White Rice,56.83,Daily-Price-Index-August-10-2025.pdf
2025-08-10,LOCAL COMMERCIAL RICE,Premium,5% broken,51.00,Daily-Price-Index-August-10-2025.pdf
2025-08-10,LOCAL COMMERCIAL RICE,Well Milled,1-19% bran streak,43.50,Daily-Price-Index-August-10-2025.pdf
2025-08-10,LOCAL COMMERCIAL RICE,Regular Milled,20-40% bran streak,37.80,Daily-Price-Index-August-10-2025.pdf
2025-08-11,IMPORTED COMMERCIAL RICE,Fancy,White Rice,56.35,Daily-Price-Index-August-11-2025.pdf
2025-08-11,IMPORTED COMMERCIAL RICE,Premium,5% broken,44.82,Daily-Price-Index-August-11-2025.pdf
2025-08-11,IMPORTED COMMERCIAL RICE,Well Milled,1-19% bran streak,44.25,Daily-Price-Index-August-11-2025.pdf
2025-08-11,IMPORTED COMMERCIAL RICE,Regular Milled,20-40% bran streak,38.43,Daily-Price-Index-August-11-2025.pdf
2025-08-11,LOCAL COMMERCIAL RICE,Fancy,White Rice,57.20,Daily-Price-Index-August-11-2025.pdf
2025-08-11,LOCAL COMMERCIAL RICE,Premium,5% broken,50.87,Daily-Price-Index-August-11-2025.pdf
2025-08-11,LOCAL COMMERCIAL RICE,Well Milled,1-19% bran streak,43.61,Daily-Price-Index-August-11-2025.pdf
2025-08-11,LOCAL COMMERCIAL RICE,Regular Milled,20-40% bran streak,38.43,Daily-Price-Index-August-11-2025.pdf
2025-08-12,IMPORTED COMMERCIAL RICE,Fancy,White Rice,55.94,Daily-Price-Index-August-12-2025.pdf
2025-08-12,IMPORTED COMMERCIAL RICE,Premium,5% broken,45.09,Daily-Price-Index-August-12-2025.pdf
2025-08-12,IMPORTED COMMERCIAL RICE,Well Milled,1-19% bran streak,44.15,Daily-Price-Index-August-12-2025.pdf
2025-08-12,IMPORTED COMMERCIAL RICE,Regular Milled,20-40% bran streak,38.11,Daily-Price-Index-August-12-2025.pdf
2025-08-12,LOCAL COMMERCIAL RICE,Fancy,White Rice,57.18,Daily-Price-Index-August-12-2025.pdf
2025-08-12,LOCAL COMMERCIAL RICE,Premium,5% broken,50.93,Daily-Price-Index-August-12-2025.pdf
2025-08-12,LOCAL COMMERCIAL RICE,Well Milled,1-19% bran streak,43.73,Daily-Price-Index-August-12-2025.pdf
2025-08-12,LOCAL COMMERCIAL RICE,Regular Milled,20-40% bran streak,38.48,Daily-Price-Index-August-12-2025.pdf
2025-08-13,IMPORTED COMMERCIAL RICE,Fancy,White Rice,56.19,Daily-Price-Index-August-13-2025.pdf
2025-08-13,IMPORTED COMMERCIAL RICE,Premium,5% broken,45.15,Daily-Price-Index-August-13-2025.pdf
2025-08-13,IMPORTED COMMERCIAL RICE,Well Milled,1-19% bran streak,44.39,Daily-Price-Index-August-13-2025.pdf
2025-08-13,IMPORTED COMMERCIAL RICE,Regular Milled,20-40% bran streak,38.24,Daily-Price-Index-August-13-2025.pdf
2025-08-13,LOCAL COMMERCIAL RICE,Fancy,White Rice,57.22,Daily-Price-Index-August-13-2025.pdf
2025-08-13,LOCAL COMMERCIAL RICE,Premium,5% broken,50.75,Daily-Price-Index-August-13-2025.pdf
2025-08-13,LOCAL COMMERCIAL RICE,Well Milled,1-19% bran streak,43.68,Daily-Price-Index-August-13-2025.pdf
2025-08-13,LOCAL COMMERCIAL RICE,Regular Milled,20-40% bran streak,38.46,Daily-Price-Index-August-13-2025.pdf
2025-08-14,IMPORTED COMMERCIAL RICE,Fancy,White Rice,56.44,Daily-Price-Index-August-14-2025.pdf
2025-08-14,IMPORTED COMMERCIAL RICE,Premium,5% broken,44.98,Daily-Price-Index-August-14-2025.pdf
2025-08-14,IMPORTED COMMERCIAL RICE,Well Milled,1-19% bran streak,44.17,Daily-Price-Index-August-14-2025.pdf
2025-08-14,IMPORTED COMMERCIAL RICE,Regular Milled,20-40% bran streak,38.11,Daily-Price-Index-August-14-2025.pdf
2025-08-14,LOCAL COMMERCIAL RICE,Fancy,White Rice,57.21,Daily-Price-Index-August-14-2025.pdf
2025-08-14,LOCAL COMMERCIAL RICE,Premium,5% broken,50.68,Daily-Price-Index-August-14-2025.pdf
2025-08-14,LOCAL COMMERCIAL RICE,Well Milled,1-19% bran streak,43.46,Daily-Price-Index-August-14-2025.pdf
2025-08-14,LOCAL COMMERCIAL RICE,Regular Milled,20-40% bran streak,38.29,Daily-Price-Index-August-14-2025.pdf
2025-08-15,IMPORTED COMMERCIAL RICE,Fancy,White Rice,56.44,Daily-Price-Index-August-15-2025.pdf
2025-08-15,IMPORTED COMMERCIAL RICE,Premium,5% broken,45.03,Daily-Price-Index-August-15-2025.pdf
2025-08-15,IMPORTED COMMERCIAL RICE,Well Milled,1-19% bran streak,44.17,Daily-Price-Index-August-15-2025.pdf
2025-08-15,IMPORTED COMMERCIAL RICE,Regular Milled,20-40% bran streak,38.11,Daily-Price-Index-August-15-2025.pdf
2025-08-15,LOCAL COMMERCIAL RICE,Fancy,White Rice,57.18,Daily-Price-Index-August-15-2025.pdf
2025-08-15,LOCAL COMMERCIAL RICE,Premium,5% broken,50.59,Daily-Price-Index-August-15-2025.pdf
2025-08-15,LOCAL COMMERCIAL RICE,Well Milled,1-19% bran streak,43.46,Daily-Price-Index-August-15-2025.pdf
2025-08-15,LOCAL COMMERCIAL RICE,Regular Milled,20-40% bran streak,38.37,Daily-Price-Index-August-15-2025.pdf
2025-08-16,IMPORTED COMMERCIAL RICE,Fancy,White Rice,56.44,Daily-Price-Index-August-16-2025.pdf
2025-08-16,IMPORTED COMMERCIAL RICE,Premium,5% broken,45.14,Daily-Price-Index-August-16-2025.pdf
2025-08-16,IMPORTED COMMERCIAL RICE,Well Milled,1-19% bran streak,44.35,Daily-Price-Index-August-16-2025.pdf
2025-08-16,IMPORTED COMMERCIAL RICE,Regular Milled,20-40% bran streak,37.89,Daily-Price-Index-August-16-2025.pdf
2025-08-16,LOCAL COMMERCIAL RICE,Fancy,White Rice,57.11,Daily-Price-Index-August-16-2025.pdf
2025-08-16,LOCAL COMMERCIAL RICE,Premium,5% broken,50.83,Daily-Price-Index-August-16-2025.pdf
2025-08-16,LOCAL COMMERCIAL RICE,Well Milled,1-19% bran streak,43.53,Daily-Price-Index-August-16-2025.pdf
2025-08-16,LOCAL COMMERCIAL RICE,Regular Milled,20-40% bran streak,38.55,Daily-Price-Index-August-16-2025.pdf
2025-08-17,IMPORTED COMMERCIAL RICE,Fancy,White Rice,58.67,Daily-Price-Index-August-17-2025.pdf
2025-08-17,IMPORTED COMMERCIAL RICE,Premium,5% broken,44.29,Daily-Price-Index-August-17-2025.pdf
2025-08-17,LOCAL COMMERCIAL RICE,Fancy,White Rice,56.43,Daily-Price-Index-August-17-2025.pdf
2025-08-17,LOCAL COMMERCIAL RICE,Premium,5% broken,51.50,Daily-Price-Index-August-17-2025.pdf
2025-08-17,LOCAL COMMERCIAL RICE,Well Milled,1-19% bran streak,43.00,Daily-Price-Index-August-17-2025.pdf
2025-08-17,LOCAL COMMERCIAL RICE,Regular Milled,20-40% bran streak,37.17,Daily-Price-Index-August-17-2025.pdf
2025-08-18,IMPORTED COMMERCIAL RICE,Fancy,White Rice,56.44,Daily-Price-Index-August-18-2025.pdf
2025-08-18,IMPORTED COMMERCIAL RICE,Premium,5% broken,45.22,Daily-Price-Index-August-18-2025.pdf
2025-08-18,IMPORTED COMMERCIAL RICE,Well Milled,1-19% bran streak,44.17,Daily-Price-Index-August-18-2025.pdf
2025-08-18,IMPORTED COMMERCIAL RICE,Regular Milled,20-40% bran streak,38.80,Daily-Price-Index-August-18-2025.pdf
2025-08-18,LOCAL COMMERCIAL RICE,Fancy,White Rice,57.56,Daily-Price-Index-August-18-2025.pdf
2025-08-18,LOCAL COMMERCIAL RICE,Premium,5% broken,50.83,Daily-Price-Index-August-18-2025.pdf
2025-08-18,LOCAL COMMERCIAL RICE,Well Milled,1-19% bran streak,43.66,Daily-Price-Index-August-18-2025.pdf
2025-08-18,LOCAL COMMERCIAL RICE,Regular Milled,20-40% bran streak,38.47,Daily-Price-Index-August-18-2025.pdf
2025-08-19,IMPORTED COMMERCIAL RICE,Fancy,White Rice,56.44,Daily-Price-Index-August-19-2025.pdf
2025-08-19,IMPORTED COMMERCIAL RICE,Premium,5% broken,45.24,Daily-Price-Index-August-19-2025.pdf
2025-08-19,IMPORTED COMMERCIAL RICE,Well Milled,1-19% bran streak,44.17,Daily-Price-Index-August-19-2025.pdf
2025-08-19,IMPORTED COMMERCIAL RICE,Regular Milled,20-40% bran streak,38.80,Daily-Price-Index-August-19-2025.pdf
2025-08-19,LOCAL COMMERCIAL RICE,Fancy,White Rice,57.46,Daily-Price-Index-August-19-2025.pdf
2025-08-19,LOCAL COMMERCIAL RICE,Premium,5% broken,50.76,Daily-Price-Index-August-19-2025.pdf
2025-08-19,LOCAL COMMERCIAL RICE,Well Milled,1-19% bran streak,43.64,Daily-Price-Index-August-19-2025.pdf
2025-08-19,LOCAL COMMERCIAL RICE,Regular Milled,20-40% bran streak,38.47,Daily-Price-Index-August-19-2025.pdf
2025-08-20,IMPORTED COMMERCIAL RICE,Fancy,White Rice,56.15,Daily-Price-Index-August-20-2025.pdf
2025-08-20,IMPORTED COMMERCIAL RICE,Premium,5% broken,45.25,Daily-Price-Index-August-20-2025.pdf
2025-08-20,IMPORTED COMMERCIAL RICE,Well Milled,1-19% bran streak,44.16,Daily-Price-Index-August-20-2025.pdf
2025-08-20,IMPORTED COMMERCIAL RICE,Regular Milled,20-40% bran streak,37.90,Daily-Price-Index-August-20-2025.pdf
2025-08-20,LOCAL COMMERCIAL RICE,Fancy,White Rice,57.04,Daily-Price-Index-August-20-2025.pdf
2025-08-20,LOCAL COMMERCIAL RICE,Premium,5% broken,50.48,Daily-Price-Index-August-20-2025.pdf
2025-08-20,LOCAL COMMERCIAL RICE,Well Milled,1-19% bran streak,43.44,Daily-Price-Index-August-20-2025.pdf
2025-08-20,LOCAL COMMERCIAL RICE,Regular Milled,20-40% bran streak,38.36,Daily-Price-Index-August-20-2025.pdf
2025-08-21,IMPORTED COMMERCIAL RICE,Fancy,White Rice,56.15,Daily-Price-Index-August-21-2025.pdf
2025-08-21,IMPORTED COMMERCIAL RICE,Premium,5% broken,45.40,Daily-Price-Index-August-21-2025.pdf
2025-08-21,IMPORTED COMMERCIAL RICE,Well Milled,1-19% bran streak,44.32,Daily-Price-Index-August-21-2025.pdf
2025-08-21,IMPORTED COMMERCIAL RICE,Regular Milled,20-40% bran streak,37.90,Daily-Price-Index-August-21-2025.pdf
2025-08-21,LOCAL COMMERCIAL RICE,Fancy,White Rice,56.97,Daily-Price-Index-August-21-2025.pdf
2025-08-21,LOCAL COMMERCIAL RICE,Premium,5% broken,50.51,Daily-Price-Index-August-21-2025.pdf
2025-08-21,LOCAL COMMERCIAL RICE,Well Milled,1-19% bran streak,43.51,Daily-Price-Index-August-21-2025.pdf
2025-08-21,LOCAL COMMERCIAL RICE,Regular Milled,20-40% bran streak,38.24,Daily-Price-Index-August-21-2025.pdf
2025-08-22,IMPORTED COMMERCIAL RICE,Fancy,White Rice,56.15,Daily-Price-Index-August-22-2025.pdf
2025-08-22,IMPORTED COMMERCIAL RICE,Premium,5% broken,45.35,Daily-Price-Index-August-22-2025.pdf
2025-08-22,IMPORTED COMMERCIAL RICE,Well Milled,1-19% bran streak,44.32,Daily-Price-Index-August-22-2025.pdf
2025-08-22,IMPORTED COMMERCIAL RICE,Regular Milled,20-40% bran streak,37.90,Daily-Price-Index-August-22-2025.pdf
2025-08-22,LOCAL COMMERCIAL RICE,Fancy,White Rice,57.03,Daily-Price-Index-August-22-2025.pdf
2025-08-22,LOCAL COMMERCIAL RICE,Premium,5% broken,50.44,Daily-Price-Index-August-22-2025.pdf
2025-08-22,LOCAL COMMERCIAL RICE,Well Milled,1-19% bran streak,43.51,Daily-Price-Index-August-22-2025.pdf
2025-08-22,LOCAL COMMERCIAL RICE,Regular Milled,20-40% bran streak,38.28,Daily-Price-Index-August-22-2025.pdf
2025-08-23,IMPORTED COMMERCIAL RICE,Fancy,White Rice,56.15,Daily-Price-Index-August-23-2025.pdf
2025-08-23,IMPORTED COMMERCIAL RICE,Premium,5% broken,45.41,Daily-Price-Index-August-23-2025.pdf
2025-08-23,IMPORTED COMMERCIAL RICE,Well Milled,1-19% bran streak,44.82,Daily-Price-Index-August-23-2025.pdf
2025-08-23,IMPORTED COMMERCIAL RICE,Regular Milled,20-40% bran streak,37.90,Daily-Price-Index-August-23-2025.pdf
2025-08-23,LOCAL COMMERCIAL RICE,Fancy,White Rice,57.00,Daily-Price-Index-August-23-2025.pdf
2025-08-23,LOCAL COMMERCIAL RICE,Premium,5% broken,50.29,Daily-Price-Index-August-23-2025.pdf
2025-08-23,LOCAL COMMERCIAL RICE,Well Milled,1-19% bran streak,43.18,Daily-Price-Index-August-23-2025.pdf
2025-08-23,LOCAL COMMERCIAL RICE,Regular Milled,20-40% bran streak,38.45,Daily-Price-Index-August-23-2025.pdf
2025-08-24,IMPORTED COMMERCIAL RICE,Fancy,White Rice,61.67,Daily-Price-Index-August-24-2025.pdf
2025-08-24,IMPORTED COMMERCIAL RICE,Premium,5% broken,45.14,Daily-Price-Index-August-24-2025.pdf
2025-08-24,IMPORTED COMMERCIAL RICE,Well Milled,1-19% bran streak,42.00,Daily-Price-Index-August-24-2025.pdf
2025-08-24,IMPORTED COMMERCIAL RICE,Regular Milled,20-40% bran streak,42.00,Daily-Price-Index-August-24-2025.pdf
2025-08-24,LOCAL COMMERCIAL RICE,Fancy,White Rice,57.29,Daily-Price-Index-August-24-2025.pdf
2025-08-24,LOCAL COMMERCIAL RICE,Premium,5% broken,51.00,Daily-Price-Index-August-24-2025.pdf
2025-08-24,LOCAL COMMERCIAL RICE,Well Milled,1-19% bran streak,43.14,Daily-Price-Index-August-24-2025.pdf
2025-08-24,LOCAL COMMERCIAL RICE,Regular Milled,20-40% bran streak,38.33,Daily-Price-Index-August-24-2025.pdf
2025-08-25,IMPORTED COMMERCIAL RICE,Fancy,White Rice,57.15,Daily-Price-Index-August-25-2025.pdf
2025-08-25,IMPORTED COMMERCIAL RICE,Premium,5% broken,45.47,Daily-Price-Index-August-25-2025.pdf
2025-08-25,IMPORTED COMMERCIAL RICE,Well Milled,1-19% bran streak,44.31,Daily-Price-Index-August-25-2025.pdf
2025-08-25,IMPORTED COMMERCIAL RICE,Regular Milled,20-40% bran streak,38.07,Daily-Price-Index-August-25-2025.pdf
2025-08-25,LOCAL COMMERCIAL RICE,Fancy,White Rice,56.96,Daily-Price-Index-August-25-2025.pdf
2025-08-25,LOCAL COMMERCIAL RICE,Premium,5% broken,50.58,Daily-Price-Index-August-25-2025.pdf
2025-08-25,LOCAL COMMERCIAL RICE,Well Milled,1-19% bran streak,43.69,Daily-Price-Index-August-25-2025.pdf
2025-08-25,LOCAL COMMERCIAL RICE,Regular Milled,20-40% bran streak,38.44,Daily-Price-Index-August-25-2025.pdf
2025-08-26,IMPORTED COMMERCIAL RICE,Fancy,White Rice,57.15,Daily-Price-Index-August-26-2025.pdf
2025-08-26,IMPORTED COMMERCIAL RICE,Premium,5% broken,45.41,Daily-Price-Index-August-26-2025.pdf
2025-08-26,IMPORTED COMMERCIAL RICE,Well Milled,1-19% bran streak,43.90,Daily-Price-Index-August-26-2025.pdf
2025-08-26,IMPORTED COMMERCIAL RICE,Regular Milled,20-40% bran streak,38.17,Daily-Price-Index-August-26-2025.pdf
2025-08-26,LOCAL COMMERCIAL RICE,Fancy,White Rice,57.00,Daily-Price-Index-August-26-2025.pdf
2025-08-26,LOCAL COMMERCIAL RICE,Premium,5% broken,50.26,Daily-Price-Index-August-26-2025.pdf
2025-08-26,LOCAL COMMERCIAL RICE,Well Milled,1-19% bran streak,43.48,Daily-Price-Index-August-26-2025.pdf
2025-08-26,LOCAL COMMERCIAL RICE,Regular Milled,20-40% bran streak,38.21,Daily-Price-Index-August-26-2025.pdf
2025-08-27,IMPORTED COMMERCIAL RICE,Fancy,White Rice,56.92,Daily-Price-Index-August-27-2025.pdf
2025-08-27,IMPORTED COMMERCIAL RICE,Premium,5% broken,45.31,Daily-Price-Index-August-27-2025.pdf
2025-08-27,IMPORTED COMMERCIAL RICE,Well Milled,1-19% bran streak,43.90,Daily-Price-Index-August-27-2025.pdf
2025-08-27,IMPORTED COMMERCIAL RICE,Regular Milled,20-40% bran streak,36.48,Daily-Price-Index-August-27-2025.pdf
2025-08-27,LOCAL COMMERCIAL RICE,Fancy,White Rice,57.02,Daily-Price-Index-August-27-2025.pdf
2025-08-27,LOCAL COMMERCIAL RICE,Premium,5% broken,50.02,Daily-Price-Index-August-27-2025.pdf
2025-08-27,LOCAL COMMERCIAL RICE,Well Milled,1-19% bran streak,43.51,Daily-Price-Index-August-27-2025.pdf
2025-08-27,LOCAL COMMERCIAL RICE,Regular Milled,20-40% bran streak,38.12,Daily-Price-Index-August-27-2025.pdf
2025-08-28,IMPORTED COMMERCIAL RICE,Fancy,White Rice,56.10,Daily-Price-Index-August-28-2025.pdf
2025-08-28,IMPORTED COMMERCIAL RICE,Premium,5% broken,45.38,Daily-Price-Index-August-28-2025.pdf
2025-08-28,IMPORTED COMMERCIAL RICE,Well Milled,1-19% bran streak,44.50,Daily-Price-Index-August-28-2025.pdf
2025-08-28,IMPORTED COMMERCIAL RICE,Regular Milled,20-40% bran streak,38.38,Daily-Price-Index-August-28-2025.pdf
2025-08-28,LOCAL COMMERCIAL RICE,Fancy,White Rice,57.10,Daily-Price-Index-August-28-2025.pdf
2025-08-28,LOCAL COMMERCIAL RICE,Premium,5% broken,50.45,Daily-Price-Index-August-28-2025.pdf
2025-08-28,LOCAL COMMERCIAL RICE,Well Milled,1-19% bran streak,43.62,Daily-Price-Index-August-28-2025.pdf
2025-08-28,LOCAL COMMERCIAL RICE,Regular Milled,20-40% bran streak,38.35,Daily-Price-Index-August-28-2025.pdf
2025-08-29,IMPORTED COMMERCIAL RICE,Fancy,White Rice,56.10,Daily-Price-Index-August-29-2025.pdf
2025-08-29,IMPORTED COMMERCIAL RICE,Premium,5% broken,45.45,Daily-Price-Index-August-29-2025.pdf
2025-08-29,IMPORTED COMMERCIAL RICE,Well Milled,1-19% bran streak,44.50,Daily-Price-Index-August-29-2025.pdf
2025-08-29,IMPORTED COMMERCIAL RICE,Regular Milled,20-40% bran streak,38.27,Daily-Price-Index-August-29-2025.pdf
2025-08-29,LOCAL COMMERCIAL RICE,Fancy,White Rice,57.09,Daily-Price-Index-August-29-2025.pdf
2025-08-29,LOCAL COMMERCIAL RICE,Premium,5% broken,50.44,Daily-Price-Index-August-29-2025.pdf
2025-08-29,LOCAL COMMERCIAL RICE,Well Milled,1-19% bran streak,43.75,Daily-Price-Index-August-29-2025.pdf
2025-08-29,LOCAL COMMERCIAL RICE,Regular Milled,20-40% bran streak,38.22,Daily-Price-Index-August-29-2025.pdf
2025-08-31,IMPORTED COMMERCIAL RICE,Fancy,White Rice,60.67,Daily-Price-Index-August-31-2025.pdf
2025-08-31,IMPORTED COMMERCIAL RICE,Premium,5% broken,44.86,Daily-Price-Index-August-31-2025.pdf
2025-08-31,IMPORTED COMMERCIAL RICE,Regular Milled,20-40% bran streak,42.00,Daily-Price-Index-August-31-2025.pdf
2025-08-31,LOCAL COMMERCIAL RICE,Fancy,White Rice,56.57,Daily-Price-Index-August-31-2025.pdf
2025-08-31,LOCAL COMMERCIAL RICE,Premium,5% broken,51.00,Daily-Price-Index-August-31-2025.pdf
2025-08-31,LOCAL COMMERCIAL RICE,Well Milled,1-19% bran streak,43.14,Daily-Price-Index-August-31-2025.pdf
2025-08-31,LOCAL COMMERCIAL RICE,Regular Milled,20-40% bran streak,38.00,Daily-Price-Index-August-31-2025.pdf
2025-09-05,IMPORTED COMMERCIAL RICE,Fancy,White Rice,56.85,Daily-Price-Index-September-5-2025.pdf
2025-09-05,IMPORTED COMMERCIAL RICE,Premium,5% broken,45.79,Daily-Price-Index-September-5-2025.pdf
2025-09-05,IMPORTED COMMERCIAL RICE,Well Milled,1-19% bran streak,44.81,Daily-Price-Index-September-5-2025.pdf
2025-09-05,IMPORTED COMMERCIAL RICE,Regular Milled,20-40% bran streak,38.75,Daily-Price-Index-September-5-2025.pdf
2025-09-05,LOCAL COMMERCIAL RICE,Fancy,White Rice,57.15,Daily-Price-Index-September-5-2025.pdf
2025-09-05,LOCAL COMMERCIAL RICE,Premium,5% broken,50.01,Daily-Price-Index-September-5-2025.pdf
2025-09-05,LOCAL COMMERCIAL RICE,Well Milled,1-19% bran streak,43.19,Daily-Price-Index-September-5-2025.pdf
2025-09-05,LOCAL COMMERCIAL RICE,Regular Milled,20-40% bran streak,38.01,Daily-Price-Index-September-5-2025.pdf
2025-09-06,IMPORTED COMMERCIAL RICE,Fancy,White Rice,56.85,Daily-Price-Index-September-6-2025.pdf
2025-09-06,IMPORTED COMMERCIAL RICE,Premium,5% broken,45.85,Daily-Price-Index-September-6-2025.pdf
2025-09-06,IMPORTED COMMERCIAL RICE,Well Milled,1-19% bran streak,44.81,Daily-Price-Index-September-6-2025.pdf
2025-09-06,IMPORTED COMMERCIAL RICE,Regular Milled,20-40% bran streak,38.75,Daily-Price-Index-September-6-2025.pdf
2025-09-06,LOCAL COMMERCIAL RICE,Fancy,White Rice,57.16,Daily-Price-Index-September-6-2025.pdf
2025-09-06,LOCAL COMMERCIAL RICE,Premium,5% broken,50.01,Daily-Price-Index-September-6-2025.pdf
2025-09-06,LOCAL COMMERCIAL RICE,Well Milled,1-19% bran streak,43.16,Daily-Price-Index-September-6-2025.pdf
2025-09-06,LOCAL COMMERCIAL RICE,Regular Milled,20-40% bran streak,38.01,Daily-Price-Index-September-6-2025.pdf
2025-09-07,IMPORTED COMMERCIAL RICE,Fancy,White Rice,60.67,Daily-Price-Index-September-7-2025.pdf
2025-09-07,IMPORTED COMMERCIAL RICE,Premium,5% broken,44.86,Daily-Price-Index-September-7-2025.pdf
2025-09-07,IMPORTED COMMERCIAL RICE,Regular Milled,20-40% bran streak,36.00,Daily-Price-Index-September-7-2025.pdf
2025-09-07,LOCAL COMMERCIAL RICE,Fancy,White Rice,57.00,Daily-Price-Index-September-7-2025.pdf
2025-09-07,LOCAL COMMERCIAL RICE,Premium,5% broken,48.50,Daily-Price-Index-September-7-2025.pdf
2025-09-07,LOCAL COMMERCIAL RICE,Well Milled,1-19% bran streak,43.00,Daily-Price-Index-September-7-2025.pdf
2025-09-07,LOCAL COMMERCIAL RICE,Regular Milled,20-40% bran streak,37.80,Daily-Price-Index-September-7-2025.pdf
2025-09-08,IMPORTED COMMERCIAL RICE,Fancy,White Rice,56.85,Daily-Price-Index-September-8-2025.pdf
2025-09-08,IMPORTED COMMERCIAL RICE,Premium,5% broken,45.90,Daily-Price-Index-September-8-2025.pdf
2025-09-08,IMPORTED COMMERCIAL RICE,Well Milled,1-19% bran streak,44.71,Daily-Price-Index-September-8-2025.pdf
2025-09-08,IMPORTED COMMERCIAL RICE,Regular Milled,20-40% bran streak,38.07,Daily-Price-Index-September-8-2025.pdf
2025-09-08,LOCAL COMMERCIAL RICE,Fancy,White Rice,57.07,Daily-Price-Index-September-8-2025.pdf
2025-09-08,LOCAL COMMERCIAL RICE,Premium,5% broken,49.98,Daily-Price-Index-September-8-2025.pdf
2025-09-08,LOCAL COMMERCIAL RICE,Well Milled,1-19% bran streak,43.30,Daily-Price-Index-September-8-2025.pdf
2025-09-08,LOCAL COMMERCIAL RICE,Regular Milled,20-40% bran streak,37.97,Daily-Price-Index-September-8-2025.pdf
2025-09-09,IMPORTED COMMERCIAL RICE,Fancy,White Rice,56.85,Daily-Price-Index-September-9-2025.pdf
2025-09-09,IMPORTED COMMERCIAL RICE,Premium,5% broken,45.83,Daily-Price-Index-September-9-2025.pdf
2025-09-09,IMPORTED COMMERCIAL RICE,Well Milled,1-19% bran streak,46.00,Daily-Price-Index-September-9-2025.pdf
2025-09-09,IMPORTED COMMERCIAL RICE,Regular Milled,20-40% bran streak,38.07,Daily-Price-Index-September-9-2025.pdf
2025-09-09,LOCAL COMMERCIAL RICE,Fancy,White Rice,57.10,Daily-Price-Index-September-9-2025.pdf
2025-09-09,LOCAL COMMERCIAL RICE,Premium,5% broken,49.97,Daily-Price-Index-September-9-2025.pdf
2025-09-09,LOCAL COMMERCIAL RICE,Well Milled,1-19% bran streak,43.25,Daily-Price-Index-September-9-2025.pdf
2025-09-09,LOCAL COMMERCIAL RICE,Regular Milled,20-40% bran streak,38.01,Daily-Price-Index-September-9-2025.pdf
2025-09-10,IMPORTED COMMERCIAL RICE,Fancy,White Rice,56.85,Daily-Price-Index-September-10-2025.pdf
2025-09-10,IMPORTED COMMERCIAL RICE,Premium,5% broken,45.81,Daily-Price-Index-September-10-2025.pdf
2025-09-10,IMPORTED COMMERCIAL RICE,Well Milled,1-19% bran streak,45.07,Daily-Price-Index-September-10-2025.pdf
2025-09-10,IMPORTED COMMERCIAL RICE,Regular Milled,20-40% bran streak,38.07,Daily-Price-Index-September-10-2025.pdf
2025-09-10,LOCAL COMMERCIAL RICE,Fancy,White Rice,57.11,Daily-Price-Index-September-10-2025.pdf
2025-09-10,LOCAL COMMERCIAL RICE,Premium,5% broken,49.97,Daily-Price-Index-September-10-2025.pdf
2025-09-10,LOCAL COMMERCIAL RICE,Well Milled,1-19% bran streak,43.30,Daily-Price-Index-September-10-2025.pdf
2025-09-10,LOCAL COMMERCIAL RICE,Regular Milled,20-40% bran streak,37.98,Daily-Price-Index-September-10-2025.pdf
2025-09-11,IMPORTED COMMERCIAL RICE,Fancy,White Rice,57.00,Daily-Price-Index-September-11-2025.pdf
2025-09-11,IMPORTED COMMERCIAL RICE,Premium,5% broken,45.76,Daily-Price-Index-September-11-2025.pdf
2025-09-11,IMPORTED COMMERCIAL RICE,Well Milled,1-19% bran streak,45.14,Daily-Price-Index-September-11-2025.pdf
2025-09-11,IMPORTED COMMERCIAL RICE,Regular Milled,20-40% bran streak,38.13,Daily-Price-Index-September-11-2025.pdf
2025-09-11,LOCAL COMMERCIAL RICE,Fancy,White Rice,57.12,Daily-Price-Index-September-11-2025.pdf
2025-09-11,LOCAL COMMERCIAL RICE,Premium,5% broken,49.69,Daily-Price-Index-September-11-2025.pdf
2025-09-11,LOCAL COMMERCIAL RICE,Well Milled,1-19% bran streak,43.18,Daily-Price-Index-September-11-2025.pdf
2025-09-11,LOCAL COMMERCIAL RICE,Regular Milled,20-40% bran streak,37.95,Daily-Price-Index-September-11-2025.pdf
2025-09-12,IMPORTED COMMERCIAL RICE,Fancy,White Rice,57.00,Daily-Price-Index-September-12-2025.pdf
2025-09-12,IMPORTED COMMERCIAL RICE,Premium,5% broken,45.78,Daily-Price-Index-September-12-2025.pdf
2025-09-12,IMPORTED COMMERCIAL RICE,Well Milled,1-19% bran streak,45.57,Daily-Price-Index-September-12-2025.pdf
2025-09-12,IMPORTED COMMERCIAL RICE,Regular Milled,20-40% bran streak,38.07,Daily-Price-Index-September-12-2025.pdf
2025-09-12,LOCAL COMMERCIAL RICE,Fancy,White Rice,57.15,Daily-Price-Index-September-12-2025.pdf
2025-09-12,LOCAL COMMERCIAL RICE,Premium,5% broken,49.79,Daily-Price-Index-September-12-2025.pdf
2025-09-12,LOCAL COMMERCIAL RICE,Well Milled,1-19% bran streak,43.15,Daily-Price-Index-September-12-2025.pdf
2025-09-12,LOCAL COMMERCIAL RICE,Regular Milled,20-40% bran streak,37.95,Daily-Price-Index-September-12-2025.pdf
2025-09-13,IMPORTED COMMERCIAL RICE,Fancy,White Rice,57.00,Daily-Price-Index-September-13-2025.pdf
2025-09-13,IMPORTED COMMERCIAL RICE,Premium,5% broken,45.78,Daily-Price-Index-September-13-2025.pdf
2025-09-13,IMPORTED COMMERCIAL RICE,Well Milled,1-19% bran streak,45.57,Daily-Price-Index-September-13-2025.pdf
2025-09-13,IMPORTED COMMERCIAL RICE,Regular Milled,20-40% bran streak,38.07,Daily-Price-Index-September-13-2025.pdf
2025-09-13,LOCAL COMMERCIAL RICE,Fancy,White Rice,57.15,Daily-Price-Index-September-13-2025.pdf
2025-09-13,LOCAL COMMERCIAL RICE,Premium,5% broken,49.79,Daily-Price-Index-September-13-2025.pdf
2025-09-13,LOCAL COMMERCIAL RICE,Well Milled,1-19% bran streak,43.15,Daily-Price-Index-September-13-2025.pdf
2025-09-13,LOCAL COMMERCIAL RICE,Regular Milled,20-40% bran streak,37.95,Daily-Price-Index-September-13-2025.pdf
2025-09-14,IMPORTED COMMERCIAL RICE,Fancy,White Rice,57.33,Daily-Price-Index-September-14-2025.pdf
2025-09-14,IMPORTED COMMERCIAL RICE,Premium,5% broken,44.71,Daily-Price-Index-September-14-2025.pdf
2025-09-14,IMPORTED COMMERCIAL RICE,Regular Milled,20-40% bran streak,36.00,Daily-Price-Index-September-14-2025.pdf
2025-09-14,LOCAL COMMERCIAL RICE,Fancy,White Rice,56.83,Daily-Price-Index-September-14-2025.pdf
2025-09-14,LOCAL COMMERCIAL RICE,Premium,5% broken,50.67,Daily-Price-Index-September-14-2025.pdf
2025-09-14,LOCAL COMMERCIAL RICE,Well Milled,1-19% bran streak,43.29,Daily-Price-Index-September-14-2025.pdf
2025-09-14,LOCAL COMMERCIAL RICE,Regular Milled,20-40% bran streak,36.60,Daily-Price-Index-September-14-2025.pdf
2025-09-15,IMPORTED COMMERCIAL RICE,Fancy,White Rice,57.34,Daily-Price-Index-September-15-2025.pdf
2025-09-15,IMPORTED COMMERCIAL RICE,Premium,5% broken,45.75,Daily-Price-Index-September-15-2025.pdf
2025-09-15,IMPORTED COMMERCIAL RICE,Well Milled,1-19% bran streak,46.09,Daily-Price-Index-September-15-2025.pdf
2025-09-15,IMPORTED COMMERCIAL RICE,Regular Milled,20-40% bran streak,38.07,Daily-Price-Index-September-15-2025.pdf
2025-09-15,LOCAL COMMERCIAL RICE,Fancy,White Rice,57.12,Daily-Price-Index-September-15-2025.pdf
2025-09-15,LOCAL COMMERCIAL RICE,Premium,5% broken,49.74,Daily-Price-Index-September-15-2025.pdf
2025-09-15,LOCAL COMMERCIAL RICE,Well Milled,1-19% bran streak,43.15,Daily-Price-Index-September-15-2025.pdf
2025-09-15,LOCAL COMMERCIAL RICE,Regular Milled,20-40% bran streak,37.95,Daily-Price-Index-September-15-2025.pdf
2025-09-16,IMPORTED COMMERCIAL RICE,Fancy,White Rice,57.19,Daily-Price-Index-September-16-2025.pdf
2025-09-16,IMPORTED COMMERCIAL RICE,Premium,5% broken,45.78,Daily-Price-Index-September-16-2025.pdf
2025-09-16,IMPORTED COMMERCIAL RICE,Well Milled,1-19% bran streak,46.09,Daily-Price-Index-September-16-2025.pdf
2025-09-16,IMPORTED COMMERCIAL RICE,Regular Milled,20-40% bran streak,38.07,Daily-Price-Index-September-16-2025.pdf
2025-09-16,LOCAL COMMERCIAL RICE,Fancy,White Rice,57.09,Daily-Price-Index-September-16-2025.pdf
2025-09-16,LOCAL COMMERCIAL RICE,Premium,5% broken,49.75,Daily-Price-Index-September-16-2025.pdf
2025-09-16,LOCAL COMMERCIAL RICE,Well Milled,1-19% bran streak,43.14,Daily-Price-Index-September-16-2025.pdf
2025-09-16,LOCAL COMMERCIAL RICE,Regular Milled,20-40% bran streak,37.97,Daily-Price-Index-September-16-2025.pdf
2025-09-17,IMPORTED COMMERCIAL RICE,Fancy,White Rice,58.06,Daily-Price-Index-September-17-2025.pdf
2025-09-17,IMPORTED COMMERCIAL RICE,Premium,5% broken,45.88,Daily-Price-Index-September-17-2025.pdf
2025-09-17,IMPORTED COMMERCIAL RICE,Well Milled,1-19% bran streak,42.57,Daily-Price-Index-September-17-2025.pdf
2025-09-17,IMPORTED COMMERCIAL RICE,Regular Milled,20-40% bran streak,37.46,Daily-Price-Index-September-17-2025.pdf
2025-09-17,LOCAL COMMERCIAL RICE,Fancy,White Rice,57.09,Daily-Price-Index-September-17-2025.pdf
2025-09-17,LOCAL COMMERCIAL RICE,Premium,5% broken,49.69,Daily-Price-Index-September-17-2025.pdf
2025-09-17,LOCAL COMMERCIAL RICE,Well Milled,1-19% bran streak,43.06,Daily-Price-Index-September-17-2025.pdf
2025-09-17,LOCAL COMMERCIAL RICE,Regular Milled,20-40% bran streak,37.87,Daily-Price-Index-September-17-2025.pdf
2025-09-18,IMPORTED COMMERCIAL RICE,Fancy,White Rice,58.06,Daily-Price-Index-September-18-2025.pdf
2025-09-18,IMPORTED COMMERCIAL RICE,Premium,5% broken,45.88,Daily-Price-Index-September-18-2025.pdf
2025-09-18,IMPORTED COMMERCIAL RICE,Well Milled,1-19% bran streak,43.67,Daily-Price-Index-September-18-2025.pdf
2025-09-18,IMPORTED COMMERCIAL RICE,Regular Milled,20-40% bran streak,37.46,Daily-Price-Index-September-18-2025.pdf
2025-09-18,LOCAL COMMERCIAL RICE,Fancy,White Rice,57.03,Daily-Price-Index-September-18-2025.pdf
2025-09-18,LOCAL COMMERCIAL RICE,Premium,5% broken,49.79,Daily-Price-Index-September-18-2025.pdf
2025-09-18,LOCAL COMMERCIAL RICE,Well Milled,1-19% bran streak,43.04,Daily-Price-Index-September-18-2025.pdf
2025-09-18,LOCAL COMMERCIAL RICE,Regular Milled,20-40% bran streak,37.89,Daily-Price-Index-September-18-2025.pdf
2025-09-19,IMPORTED COMMERCIAL RICE,Fancy,White Rice,58.06,Daily-Price-Index-September-19-2025.pdf
2025-09-19,IMPORTED COMMERCIAL RICE,Premium,5% broken,45.90,Daily-Price-Index-September-19-2025.pdf
2025-09-19,IMPORTED COMMERCIAL RICE,Well Milled,1-19% bran streak,43.67,Daily-Price-Index-September-19-2025.pdf
2025-09-19,IMPORTED COMMERCIAL RICE,Regular Milled,20-40% bran streak,37.56,Daily-Price-Index-September-19-2025.pdf
2025-09-19,LOCAL COMMERCIAL RICE,Fancy,White Rice,57.04,Daily-Price-Index-September-19-2025.pdf
2025-09-19,LOCAL COMMERCIAL RICE,Premium,5% broken,49.68,Daily-Price-Index-September-19-2025.pdf
2025-09-19,LOCAL COMMERCIAL RICE,Well Milled,1-19% bran streak,43.04,Daily-Price-Index-September-19-2025.pdf
2025-09-19,LOCAL COMMERCIAL RICE,Regular Milled,20-40% bran streak,37.89,Daily-Price-Index-September-19-2025.pdf
2025-09-20,IMPORTED COMMERCIAL RICE,Fancy,White Rice,57.65,Daily-Price-Index-September-20-2025.pdf
2025-09-20,IMPORTED COMMERCIAL RICE,Premium,5% broken,45.65,Daily-Price-Index-September-20-2025.pdf
2025-09-20,IMPORTED COMMERCIAL RICE,Well Milled,1-19% bran streak,44.67,Daily-Price-Index-September-20-2025.pdf
2025-09-20,IMPORTED COMMERCIAL RICE,Regular Milled,20-40% bran streak,37.71,Daily-Price-Index-September-20-2025.pdf
2025-09-20,LOCAL COMMERCIAL RICE,Fancy,White Rice,57.21,Daily-Price-Index-September-20-2025.pdf
2025-09-20,LOCAL COMMERCIAL RICE,Premium,5% broken,49.59,Daily-Price-Index-September-20-2025.pdf
2025-09-20,LOCAL COMMERCIAL RICE,Well Milled,1-19% bran streak,43.05,Daily-Price-Index-September-20-2025.pdf
2025-09-20,LOCAL COMMERCIAL RICE,Regular Milled,20-40% bran streak,37.77,Daily-Price-Index-September-20-2025.pdf
2025-09-21,IMPORTED COMMERCIAL RICE,Fancy,White Rice,61.67,Daily-Price-Index-September-21-2025.pdf
2025-09-21,IMPORTED COMMERCIAL RICE,Premium,5% broken,45.00,Daily-Price-Index-September-21-2025.pdf
2025-09-21,IMPORTED COMMERCIAL RICE,Regular Milled,20-40% bran streak,39.00,Daily-Price-Index-September-21-2025.pdf
2025-09-21,LOCAL COMMERCIAL RICE,Fancy,White Rice,58.00,Daily-Price-Index-September-21-2025.pdf
2025-09-21,LOCAL COMMERCIAL RICE,Premium,5% broken,48.83,Daily-Price-Index-September-21-2025.pdf
2025-09-21,LOCAL COMMERCIAL RICE,Well Milled,1-19% bran streak,42.00,Daily-Price-Index-September-21-2025.pdf
2025-09-21,LOCAL COMMERCIAL RICE,Regular Milled,20-40% bran streak,37.33,Daily-Price-Index-September-21-2025.pdf
2025-09-22,IMPORTED COMMERCIAL RICE,Fancy,White Rice,58.88,Daily-Price-Index-September-22-2025.pdf
2025-09-22,IMPORTED COMMERCIAL RICE,Premium,5% broken,45.94,Daily-Price-Index-September-22-2025.pdf
2025-09-22,IMPORTED COMMERCIAL RICE,Well Milled,1-19% bran streak,43.67,Daily-Price-Index-September-22-2025.pdf
2025-09-22,IMPORTED COMMERCIAL RICE,Regular Milled,20-40% bran streak,37.56,Daily-Price-Index-September-22-2025.pdf
2025-09-22,LOCAL COMMERCIAL RICE,Fancy,White Rice,56.89,Daily-Price-Index-September-22-2025.pdf
2025-09-22,LOCAL COMMERCIAL RICE,Premium,5% broken,49.91,Daily-Price-Index-September-22-2025.pdf
2025-09-22,LOCAL COMMERCIAL RICE,Well Milled,1-19% bran streak,42.78,Daily-Price-Index-September-22-2025.pdf
2025-09-22,LOCAL COMMERCIAL RICE,Regular Milled,20-40% bran streak,37.60,Daily-Price-Index-September-22-2025.pdf
2025-09-23,IMPORTED COMMERCIAL RICE,Special/Fancy,White Rice,58.45,Daily-Price-Index-September-23-2025.pdf
2025-09-23,IMPORTED COMMERCIAL RICE,Premium,5% broken,46.01,Daily-Price-Index-September-23-2025.pdf
2025-09-23,IMPORTED COMMERCIAL RICE,Well Milled,1-19% bran streak,43.25,Daily-Price-Index-September-23-2025.pdf
2025-09-23,IMPORTED COMMERCIAL RICE,Regular Milled,20-40% bran streak,37.32,Daily-Price-Index-September-23-2025.pdf
2025-09-23,LOCAL COMMERCIAL RICE,Special/Fancy,White Rice,57.17,Daily-Price-Index-September-23-2025.pdf
2025-09-23,LOCAL COMMERCIAL RICE,Premium,5% broken,49.38,Daily-Price-Index-September-23-2025.pdf
2025-09-23,LOCAL COMMERCIAL RICE,Well Milled,1-19% bran streak,42.79,Daily-Price-Index-September-23-2025.pdf
2025-09-23,LOCAL COMMERCIAL RICE,Regular Milled,20-40% bran streak,37.76,Daily-Price-Index-September-23-2025.pdf
2025-09-24,LOCAL COMMERCIAL RICE,Special/Fancy,White Rice,57.06,Daily-Price-Index-September-24-2025.pdf
2025-09-24,LOCAL COMMERCIAL RICE,Premium,5% broken,49.56,Daily-Price-Index-September-24-2025.pdf
2025-09-24,LOCAL COMMERCIAL RICE,Well Milled,1-19% bran streak,43.16,Daily-Price-Index-September-24-2025.pdf
2025-09-24,LOCAL COMMERCIAL RICE,Regular Milled,20-40% bran streak,37.82,Daily-Price-Index-September-24-2025.pdf
2025-09-25,LOCAL COMMERCIAL RICE,Special/Fancy,White Rice,57.04,Daily-Price-Index-September-25-2025.pdf
2025-09-25,LOCAL COMMERCIAL RICE,Premium,5% broken,49.60,Daily-Price-Index-September-25-2025.pdf
2025-09-25,LOCAL COMMERCIAL RICE,Well Milled,1-19% bran streak,43.11,Daily-Price-Index-September-25-2025.pdf
2025-09-25,LOCAL COMMERCIAL RICE,Regular Milled,20-40% bran streak,37.78,Daily-Price-Index-September-25-2025.pdf
2025-09-26,LOCAL COMMERCIAL RICE,Special/Fancy,White Rice,57.44,Daily-Price-Index-September-26-2025.pdf
2025-09-26,LOCAL COMMERCIAL RICE,Premium,5% broken,50.33,Daily-Price-Index-September-26-2025.pdf
2025-09-26,LOCAL COMMERCIAL RICE,Well Milled,1-19% bran streak,43.45,Daily-Price-Index-September-26-2025.pdf
2025-09-26,LOCAL COMMERCIAL RICE,Regular Milled,20-40% bran streak,38.14,Daily-Price-Index-September-26-2025.pdf
2025-09-27,LOCAL COMMERCIAL RICE,Special/Fancy,White Rice,57.16,Daily-Price-Index-September-27-2025.pdf
2025-09-27,LOCAL COMMERCIAL RICE,Premium,5% broken,49.70,Daily-Price-Index-September-27-2025.pdf
2025-09-27,LOCAL COMMERCIAL RICE,Well Milled,1-19% bran streak,42.92,Daily-Price-Index-September-27-2025.pdf
2025-09-27,LOCAL COMMERCIAL RICE,Regular Milled,20-40% bran streak,37.62,Daily-Price-Index-September-27-2025.pdf
2025-09-28,LOCAL COMMERCIAL RICE,Special/Fancy,White Rice,56.71,Daily-Price-Index-September-28-2025.pdf
2025-09-28,LOCAL COMMERCIAL RICE,Premium,5% broken,49.83,Daily-Price-Index-September-28-2025.pdf
2025-09-28,LOCAL COMMERCIAL RICE,Well Milled,1-19% bran streak,43.14,Daily-Price-Index-September-28-2025.pdf
2025-09-28,LOCAL COMMERCIAL RICE,Regular Milled,20-40% bran streak,38.33,Daily-Price-Index-September-28-2025.pdf
2025-09-29,IMPORTED COMMERCIAL RICE,Special/Fancy,White Rice,58.41,Daily-Price-Index-September-29-2025.pdf
2025-09-29,IMPORTED COMMERCIAL RICE,Premium,5% broken,46.01,Daily-Price-Index-September-29-2025.pdf
2025-09-29,IMPORTED COMMERCIAL RICE,Well Milled,1-19% bran streak,42.75,Daily-Price-Index-September-29-2025.pdf
2025-09-29,IMPORTED COMMERCIAL RICE,Regular Milled,20-40% bran streak,38.24,Daily-Price-Index-September-29-2025.pdf
2025-09-29,LOCAL COMMERCIAL RICE,Special/Fancy,White Rice,57.44,Daily-Price-Index-September-29-2025.pdf
2025-09-29,LOCAL COMMERCIAL RICE,Premium,5% broken,49.94,Daily-Price-Index-September-29-2025.pdf
2025-09-29,LOCAL COMMERCIAL RICE,Well Milled,1-19% bran streak,43.36,Daily-Price-Index-September-29-2025.pdf
2025-09-29,LOCAL COMMERCIAL RICE,Regular Milled,20-40% bran streak,38.01,Daily-Price-Index-September-29-2025.pdf
2025-09-30,IMPORTED COMMERCIAL RICE,Special/Fancy,White Rice,58.41,Daily-Price-Index-September-30-2025.pdf
2025-09-30,IMPORTED COMMERCIAL RICE,Premium,5% broken,46.02,Daily-Price-Index-September-30-2025.pdf
2025-09-30,IMPORTED COMMERCIAL RICE,Well Milled,1-19% bran streak,42.80,Daily-Price-Index-September-30-2025.pdf
2025-09-30,IMPORTED COMMERCIAL RICE,Regular Milled,20-40% bran streak,37.75,Daily-Price-Index-September-30-2025.pdf
2025-09-30,LOCAL COMMERCIAL RICE,Special/Fancy,White Rice,57.02,Daily-Price-Index-September-30-2025.pdf
2025-09-30,LOCAL COMMERCIAL RICE,Premium,5% broken,49.60,Daily-Price-Index-September-30-2025.pdf
2025-09-30,LOCAL COMMERCIAL RICE,Well Milled,1-19% bran streak,43.16,Daily-Price-Index-September-30-2025.pdf
2025-09-30,LOCAL COMMERCIAL RICE,Regular Milled,20-40% bran streak,37.64,Daily-Price-Index-September-30-2025.pdf
2025-10-01,IMPORTED COMMERCIAL RICE,Special/Fancy,White Rice,58.41,Daily-Price-Index-October-1-2025.pdf
2025-10-01,IMPORTED COMMERCIAL RICE,Premium,5% broken,45.76,Daily-Price-Index-October-1-2025.pdf
2025-10-01,IMPORTED COMMERCIAL RICE,Well Milled,1-19% bran streak,42.80,Daily-Price-Index-October-1-2025.pdf
2025-10-01,IMPORTED COMMERCIAL RICE,Regular Milled,20-40% bran streak,37.75,Daily-Price-Index-October-1-2025.pdf
2025-10-01,LOCAL COMMERCIAL RICE,Special/Fancy,White Rice,57.14,Daily-Price-Index-October-1-2025.pdf
2025-10-01,LOCAL COMMERCIAL RICE,Premium,5% broken,49.89,Daily-Price-Index-October-1-2025.pdf
2025-10-01,LOCAL COMMERCIAL RICE,Well Milled,1-19% bran streak,43.28,Daily-Price-Index-October-1-2025.pdf
2025-10-01,LOCAL COMMERCIAL RICE,Regular Milled,20-40% bran streak,37.73,Daily-Price-Index-October-1-2025.pdf
2025-10-02,IMPORTED COMMERCIAL RICE,Special/Fancy,White Rice,57.91,Daily-Price-Index-October-2-2025.pdf
2025-10-02,IMPORTED COMMERCIAL RICE,Premium,5% broken,46.03,Daily-Price-Index-October-2-2025.pdf
2025-10-02,IMPORTED COMMERCIAL RICE,Well Milled,1-19% bran streak,42.80,Daily-Price-Index-October-2-2025.pdf
2025-10-02,IMPORTED COMMERCIAL RICE,Regular Milled,20-40% bran streak,38.00,Daily-Price-Index-October-2-2025.pdf
2025-10-02,LOCAL COMMERCIAL RICE,Special/Fancy,White Rice,57.02,Daily-Price-Index-October-2-2025.pdf
2025-10-02,LOCAL COMMERCIAL RICE,Premium,5% broken,49.57,Daily-Price-Index-October-2-2025.pdf
2025-10-02,LOCAL COMMERCIAL RICE,Well Milled,1-19% bran streak,43.12,Daily-Price-Index-October-2-2025.pdf
2025-10-02,LOCAL COMMERCIAL RICE,Regular Milled,20-40% bran streak,37.59,Daily-Price-Index-October-2-2025.pdf
2025-10-03,IMPORTED COMMERCIAL RICE,Special/Fancy,White Rice,57.91,Daily-Price-Index-October-3-2025.pdf
2025-10-03,IMPORTED COMMERCIAL RICE,Premium,5% broken,46.01,Daily-Price-Index-October-3-2025.pdf
2025-10-03,IMPORTED COMMERCIAL RICE,Well Milled,1-19% bran streak,42.75,Daily-Price-Index-October-3-2025.pdf
2025-10-03,IMPORTED COMMERCIAL RICE,Regular Milled,20-40% bran streak,38.14,Daily-Price-Index-October-3-2025.pdf
2025-10-03,LOCAL COMMERCIAL RICE,Special/Fancy,White Rice,57.46,Daily-Price-Index-October-3-2025.pdf
2025-10-03,LOCAL COMMERCIAL RICE,Premium,5% broken,49.87,Daily-Price-Index-October-3-2025.pdf
2025-10-03,LOCAL COMMERCIAL RICE,Well Milled,1-19% bran streak,43.33,Daily-Price-Index-October-3-2025.pdf
2025-10-03,LOCAL COMMERCIAL RICE,Regular Milled,20-40% bran streak,37.90,Daily-Price-Index-October-3-2025.pdf
2025-10-04,IMPORTED COMMERCIAL RICE,Special/Fancy,White Rice,57.47,Daily-Price-Index-October-4-2025.pdf
2025-10-04,IMPORTED COMMERCIAL RICE,Premium,5% broken,46.18,Daily-Price-Index-October-4-2025.pdf
2025-10-04,IMPORTED COMMERCIAL RICE,Well Milled,1-19% bran streak,42.75,Daily-Price-Index-October-4-2025.pdf
2025-10-04,IMPORTED COMMERCIAL RICE,Regular Milled,20-40% bran streak,38.00,Daily-Price-Index-October-4-2025.pdf
2025-10-04,LOCAL COMMERCIAL RICE,Special/Fancy,White Rice,57.36,Daily-Price-Index-October-4-2025.pdf
2025-10-04,LOCAL COMMERCIAL RICE,Premium,5% broken,49.89,Daily-Price-Index-October-4-2025.pdf
2025-10-04,LOCAL COMMERCIAL RICE,Well Milled,1-19% bran streak,43.34,Daily-Price-Index-October-4-2025.pdf
2025-10-04,LOCAL COMMERCIAL RICE,Regular Milled,20-40% bran streak,37.94,Daily-Price-Index-October-4-2025.pdf
2025-10-05,IMPORTED COMMERCIAL RICE,Special/Fancy,White Rice,57.50,Daily-Price-Index-October-5-2025.pdf
2025-10-05,IMPORTED COMMERCIAL RICE,Premium,5% broken,45.55,Daily-Price-Index-October-5-2025.pdf
2025-10-05,IMPORTED COMMERCIAL RICE,Regular Milled,20-40% bran streak,41.67,Daily-Price-Index-October-5-2025.pdf
2025-10-05,LOCAL COMMERCIAL RICE,Special/Fancy,White Rice,57.00,Daily-Price-Index-October-5-2025.pdf
2025-10-05,LOCAL COMMERCIAL RICE,Premium,5% broken,51.30,Daily-Price-Index-October-5-2025.pdf
2025-10-05,LOCAL COMMERCIAL RICE,Well Milled,1-19% bran streak,43.27,Daily-Price-Index-October-5-2025.pdf
2025-10-05,LOCAL COMMERCIAL RICE,Regular Milled,20-40% bran streak,39.30,Daily-Price-Index-October-5-2025.pdf
2025-10-06,IMPORTED COMMERCIAL RICE,Special,White Rice,57.32,Daily-Price-Index-October-6-2025.pdf
2025-10-06,IMPORTED COMMERCIAL RICE,Premium,5% broken,46.08,Daily-Price-Index-October-6-2025.pdf
2025-10-06,IMPORTED COMMERCIAL RICE,Well Milled,1-19% bran streak,42.75,Daily-Price-Index-October-6-2025.pdf
2025-10-06,IMPORTED COMMERCIAL RICE,Regular Milled,20-40% bran streak,39.06,Daily-Price-Index-October-6-2025.pdf
2025-10-06,LOCAL COMMERCIAL RICE,Special,White Rice,57.01,Daily-Price-Index-October-6-2025.pdf
2025-10-06,LOCAL COMMERCIAL RICE,Premium,5% broken,49.51,Daily-Price-Index-October-6-2025.pdf
2025-10-06,LOCAL COMMERCIAL RICE,Well Milled,1-19% bran streak,43.09,Daily-Price-Index-October-6-2025.pdf
2025-10-06,LOCAL COMMERCIAL RICE,Regular Milled,20-40% bran streak,37.52,Daily-Price-Index-October-6-2025.pdf
2025-10-07,IMPORTED COMMERCIAL RICE,Special,White Rice,56.97,Daily-Price-Index-October-7-2025.pdf
2025-10-07,IMPORTED COMMERCIAL RICE,Premium,5% broken,46.20,Daily-Price-Index-October-7-2025.pdf
2025-10-07,IMPORTED COMMERCIAL RICE,Well Milled,1-19% bran streak,44.00,Daily-Price-Index-October-7-2025.pdf
2025-10-07,IMPORTED COMMERCIAL RICE,Regular Milled,20-40% bran streak,38.58,Daily-Price-Index-October-7-2025.pdf
2025-10-07,LOCAL COMMERCIAL RICE,Special,White Rice,57.04,Daily-Price-Index-October-7-2025.pdf
2025-10-07,LOCAL COMMERCIAL RICE,Premium,5% broken,49.07,Daily-Price-Index-October-7-2025.pdf
2025-10-07,LOCAL COMMERCIAL RICE,Well Milled,1-19% bran streak,43.30,Daily-Price-Index-October-7-2025.pdf
2025-10-07,LOCAL COMMERCIAL RICE,Regular Milled,20-40% bran streak,37.41,Daily-Price-Index-October-7-2025.pdf
2025-10-08,IMPORTED COMMERCIAL RICE,Special,White Rice,58.80,Daily-Price-Index-October-8-2025.pdf
2025-10-08,IMPORTED COMMERCIAL RICE,Premium,5% broken,46.22,Daily-Price-Index-October-8-2025.pdf
2025-10-08,IMPORTED COMMERCIAL RICE,Well Milled,1-19% bran streak,44.00,Daily-Price-Index-October-8-2025.pdf
2025-10-08,IMPORTED COMMERCIAL RICE,Regular Milled,20-40% bran streak,38.85,Daily-Price-Index-October-8-2025.pdf
2025-10-08,LOCAL COMMERCIAL RICE,Special,White Rice,57.15,Daily-Price-Index-October-8-2025.pdf
2025-10-08,LOCAL COMMERCIAL RICE,Premium,5% broken,49.03,Daily-Price-Index-October-8-2025.pdf
2025-10-08,LOCAL COMMERCIAL RICE,Well Milled,1-19% bran streak,43.23,Daily-Price-Index-October-8-2025.pdf
2025-10-08,LOCAL COMMERCIAL RICE,Regular Milled,20-40% bran streak,37.34,Daily-Price-Index-October-8-2025.pdf
2025-10-09,IMPORTED COMMERCIAL RICE,Special,White Rice,56.97,Daily-Price-Index-October-9-2025.pdf
2025-10-09,IMPORTED COMMERCIAL RICE,Premium,5% broken,46.47,Daily-Price-Index-October-9-2025.pdf
2025-10-09,IMPORTED COMMERCIAL RICE,Well Milled,1-19% bran streak,44.00,Daily-Price-Index-October-9-2025.pdf
2025-10-09,IMPORTED COMMERCIAL RICE,Regular Milled,20-40% bran streak,39.45,Daily-Price-Index-October-9-2025.pdf
2025-10-09,LOCAL COMMERCIAL RICE,Special,White Rice,57.11,Daily-Price-Index-October-9-2025.pdf
2025-10-09,LOCAL COMMERCIAL RICE,Premium,5% broken,49.31,Daily-Price-Index-October-9-2025.pdf
2025-10-09,LOCAL COMMERCIAL RICE,Well Milled,1-19% bran streak,43.35,Daily-Price-Index-October-9-2025.pdf
2025-10-09,LOCAL COMMERCIAL RICE,Regular Milled,20-40% bran streak,37.20,Daily-Price-Index-October-9-2025.pdf
2025-10-10,IMPORTED COMMERCIAL RICE,Special,White Rice,57.11,Daily-Price-Index-October-10-2025.pdf
2025-10-10,IMPORTED COMMERCIAL RICE,Premium,5% broken,46.44,Daily-Price-Index-October-10-2025.pdf
2025-10-10,IMPORTED COMMERCIAL RICE,Well Milled,1-19% bran streak,43.60,Daily-Price-Index-October-10-2025.pdf
2025-10-10,IMPORTED COMMERCIAL RICE,Regular Milled,20-40% bran streak,39.39,Daily-Price-Index-October-10-2025.pdf
2025-10-10,LOCAL COMMERCIAL RICE,Special,White Rice,57.10,Daily-Price-Index-October-10-2025.pdf
2025-10-10,LOCAL COMMERCIAL RICE,Premium,5% broken,49.61,Daily-Price-Index-October-10-2025.pdf
2025-10-10,LOCAL COMMERCIAL RICE,Well Milled,1-19% bran streak,43.40,Daily-Price-Index-October-10-2025.pdf
2025-10-10,LOCAL COMMERCIAL RICE,Regular Milled,20-40% bran streak,37.22,Daily-Price-Index-October-10-2025.pdf
2025-10-11,IMPORTED COMMERCIAL RICE,Special,White Rice,57.51,Daily-Price-Index-October-11-2025.pdf
2025-10-11,IMPORTED COMMERCIAL RICE,Premium,5% broken,46.87,Daily-Price-Index-October-11-2025.pdf
2025-10-11,IMPORTED COMMERCIAL RICE,Well Milled,1-19% bran streak,42.20,Daily-Price-Index-October-11-2025.pdf
2025-10-11,IMPORTED COMMERCIAL RICE,Regular Milled,20-40% bran streak,39.40,Daily-Price-Index-October-11-2025.pdf
2025-10-11,LOCAL COMMERCIAL RICE,Special,White Rice,56.69,Daily-Price-Index-October-11-2025.pdf
2025-10-11,LOCAL COMMERCIAL RICE,Premium,5% broken,50.20,Daily-Price-Index-October-11-2025.pdf
2025-10-11,LOCAL COMMERCIAL RICE,Well Milled,1-19% bran streak,43.75,Daily-Price-Index-October-11-2025.pdf
2025-10-11,LOCAL COMMERCIAL RICE,Regular Milled,20-40% bran streak,37.40,Daily-Price-Index-October-11-2025.pdf
2025-10-12,IMPORTED COMMERCIAL RICE,Special,White Rice,59.27,Daily-Price-Index-October-12-2025.pdf
2025-10-12,IMPORTED COMMERCIAL RICE,Premium,5% broken,50.56,Daily-Price-Index-October-12-2025.pdf
2025-10-12,IMPORTED COMMERCIAL RICE,Regular Milled,20-40% bran streak,40.50,Daily-Price-Index-October-12-2025.pdf
2025-10-12,LOCAL COMMERCIAL RICE,Special,White Rice,57.94,Daily-Price-Index-October-12-2025.pdf
2025-10-12,LOCAL COMMERCIAL RICE,Premium,5% broken,50.24,Daily-Price-Index-October-12-2025.pdf
2025-10-12,LOCAL COMMERCIAL RICE,Well Milled,1-19% bran streak,44.69,Daily-Price-Index-October-12-2025.pdf
2025-10-12,LOCAL COMMERCIAL RICE,Regular Milled,20-40% bran streak,36.92,Daily-Price-Index-October-12-2025.pdf
2025-10-13,IMPORTED COMMERCIAL RICE,Special,White Rice,57.65,Daily-Price-Index-October-13-2025.pdf
2025-10-13,IMPORTED COMMERCIAL RICE,Premium,5% broken,46.61,Daily-Price-Index-October-13-2025.pdf
2025-10-13,IMPORTED COMMERCIAL RICE,Well Milled,1-19% bran streak,42.60,Daily-Price-Index-October-13-2025.pdf
2025-10-13,IMPORTED COMMERCIAL RICE,Regular Milled,20-40% bran streak,39.67,Daily-Price-Index-October-13-2025.pdf
2025-10-13,LOCAL COMMERCIAL RICE,Special,White Rice,57.03,Daily-Price-Index-October-13-2025.pdf
2025-10-13,LOCAL COMMERCIAL RICE,Premium,5% broken,48.56,Daily-Price-Index-October-13-2025.pdf
2025-10-13,LOCAL COMMERCIAL RICE,Well Milled,1-19% bran streak,42.99,Daily-Price-Index-October-13-2025.pdf
2025-10-13,LOCAL COMMERCIAL RICE,Regular Milled,20-40% bran streak,37.20,Daily-Price-Index-October-13-2025.pdf
2025-10-14,IMPORTED COMMERCIAL RICE,Special,White Rice,58.58,Daily-Price-Index-October-14-2025.pdf
2025-10-14,IMPORTED COMMERCIAL RICE,Premium,5% broken,46.82,Daily-Price-Index-October-14-2025.pdf
2025-10-14,IMPORTED COMMERCIAL RICE,Well Milled,1-19% bran streak,42.60,Daily-Price-Index-October-14-2025.pdf
2025-10-14,IMPORTED COMMERCIAL RICE,Regular Milled,20-40% bran streak,39.32,Daily-Price-Index-October-14-2025.pdf
2025-10-14,LOCAL COMMERCIAL RICE,Special,White Rice,56.97,Daily-Price-Index-October-14-2025.pdf
2025-10-14,LOCAL COMMERCIAL RICE,Premium,5% broken,49.11,Daily-Price-Index-October-14-2025.pdf
2025-10-14,LOCAL COMMERCIAL RICE,Well Milled,1-19% bran streak,43.07,Daily-Price-Index-October-14-2025.pdf
2025-10-14,LOCAL COMMERCIAL RICE,Regular Milled,20-40% bran streak,37.09,Daily-Price-Index-October-14-2025.pdf
2025-10-15,IMPORTED COMMERCIAL RICE,Special,White Rice,57.45,Daily-Price-Index-October-15-2025.pdf
2025-10-15,IMPORTED COMMERCIAL RICE,Premium,5% broken,46.89,Daily-Price-Index-October-15-2025.pdf
2025-10-15,IMPORTED COMMERCIAL RICE,Well Milled,1-19% bran streak,42.60,Daily-Price-Index-October-15-2025.pdf
2025-10-15,IMPORTED COMMERCIAL RICE,Regular Milled,20-40% bran streak,39.32,Daily-Price-Index-October-15-2025.pdf
2025-10-15,LOCAL COMMERCIAL RICE,Special,White Rice,56.96,Daily-Price-Index-October-15-2025.pdf
2025-10-15,LOCAL COMMERCIAL RICE,Premium,5% broken,49.07,Daily-Price-Index-October-15-2025.pdf
2025-10-15,LOCAL COMMERCIAL RICE,Well Milled,1-19% bran streak,42.95,Daily-Price-Index-October-15-2025.pdf
2025-10-15,LOCAL COMMERCIAL RICE,Regular Milled,20-40% bran streak,37.16,Daily-Price-Index-October-15-2025.pdf
2025-10-16,IMPORTED COMMERCIAL RICE,Special,White Rice,57.45,Daily-Price-Index-October-16-2025.pdf
2025-10-16,IMPORTED COMMERCIAL RICE,Premium,5% broken,47.08,Daily-Price-Index-October-16-2025.pdf
2025-10-16,IMPORTED COMMERCIAL RICE,Well Milled,1-19% bran streak,42.60,Daily-Price-Index-October-16-2025.pdf
2025-10-16,IMPORTED COMMERCIAL RICE,Regular Milled,20-40% bran streak,39.32,Daily-Price-Index-October-16-2025.pdf
2025-10-16,LOCAL COMMERCIAL RICE,Special,White Rice,56.96,Daily-Price-Index-October-16-2025.pdf
2025-10-16,LOCAL COMMERCIAL RICE,Premium,5% broken,49.07,Daily-Price-Index-October-16-2025.pdf
2025-10-16,LOCAL COMMERCIAL RICE,Well Milled,1-19% bran streak,42.96,Daily-Price-Index-October-16-2025.pdf
2025-10-16,LOCAL COMMERCIAL RICE,Regular Milled,20-40% bran streak,37.18,Daily-Price-Index-October-16-2025.pdf
2025-10-17,IMPORTED COMMERCIAL RICE,Special,White Rice,57.38,Daily-Price-Index-October-17-2025.pdf
2025-10-17,IMPORTED COMMERCIAL RICE,Premium,5% broken,47.02,Daily-Price-Index-October-17-2025.pdf
2025-10-17,IMPORTED COMMERCIAL RICE,Well Milled,1-19% bran streak,40.67,Daily-Price-Index-October-17-2025.pdf
2025-10-17,IMPORTED COMMERCIAL RICE,Regular Milled,20-40% bran streak,39.20,Daily-Price-Index-October-17-2025.pdf
2025-10-17,LOCAL COMMERCIAL RICE,Special,White Rice,56.90,Daily-Price-Index-October-17-2025.pdf
2025-10-17,LOCAL COMMERCIAL RICE,Premium,5% broken,48.41,Daily-Price-Index-October-17-2025.pdf
2025-10-17,LOCAL COMMERCIAL RICE,Well Milled,1-19% bran streak,42.83,Daily-Price-Index-October-17-2025.pdf
2025-10-17,LOCAL COMMERCIAL RICE,Regular Milled,20-40% bran streak,37.16,Daily-Price-Index-October-17-2025.pdf
2025-10-18,IMPORTED COMMERCIAL RICE,Special,White Rice,56.89,Daily-Price-Index-October-18-2025.pdf
2025-10-18,IMPORTED COMMERCIAL RICE,Premium,5% broken,47.35,Daily-Price-Index-October-18-2025.pdf
2025-10-18,IMPORTED COMMERCIAL RICE,Well Milled,1-19% bran streak,42.75,Daily-Price-Index-October-18-2025.pdf
2025-10-18,IMPORTED COMMERCIAL RICE,Regular Milled,20-40% bran streak,39.12,Daily-Price-Index-October-18-2025.pdf
2025-10-18,LOCAL COMMERCIAL RICE,Special,White Rice,57.20,Daily-Price-Index-October-18-2025.pdf
2025-10-18,LOCAL COMMERCIAL RICE,Premium,5% broken,49.70,Daily-Price-Index-October-18-2025.pdf
2025-10-18,LOCAL COMMERCIAL RICE,Well Milled,1-19% bran streak,43.44,Daily-Price-Index-October-18-2025.pdf
2025-10-18,LOCAL COMMERCIAL RICE,Regular Milled,20-40% bran streak,37.55,Daily-Price-Index-October-18-2025.pdf
2025-10-19,IMPORTED COMMERCIAL RICE,Special,White Rice,59.20,Daily-Price-Index-October-19-2025.pdf
2025-10-19,IMPORTED COMMERCIAL RICE,Premium,5% broken,45.71,Daily-Price-Index-October-19-2025.pdf
2025-10-19,IMPORTED COMMERCIAL RICE,Well Milled,1-19% bran streak,42.00,Daily-Price-Index-October-19-2025.pdf
2025-10-19,IMPORTED COMMERCIAL RICE,Regular Milled,20-40% bran streak,38.29,Daily-Price-Index-October-19-2025.pdf
2025-10-19,LOCAL COMMERCIAL RICE,Special,White Rice,57.76,Daily-Price-Index-October-19-2025.pdf
2025-10-19,LOCAL COMMERCIAL RICE,Premium,5% broken,49.59,Daily-Price-Index-October-19-2025.pdf
2025-10-19,LOCAL COMMERCIAL RICE,Well Milled,1-19% bran streak,43.15,Daily-Price-Index-October-19-2025.pdf
2025-10-19,LOCAL COMMERCIAL RICE,Regular Milled,20-40% bran streak,37.08,Daily-Price-Index-October-19-2025.pdf
2025-10-20,IMPORTED COMMERCIAL RICE,Special,White Rice,57.30,Daily-Price-Index-October-20-2025.pdf
2025-10-20,IMPORTED COMMERCIAL RICE,Premium,5% broken,47.44,Daily-Price-Index-October-20-2025.pdf
2025-10-20,IMPORTED COMMERCIAL RICE,Well Milled,1-19% bran streak,42.60,Daily-Price-Index-October-20-2025.pdf
2025-10-20,IMPORTED COMMERCIAL RICE,Regular Milled,20-40% bran streak,39.00,Daily-Price-Index-October-20-2025.pdf
2025-10-20,LOCAL COMMERCIAL RICE,Special,White Rice,56.93,Daily-Price-Index-October-20-2025.pdf
2025-10-20,LOCAL COMMERCIAL RICE,Premium,5% broken,49.03,Daily-Price-Index-October-20-2025.pdf
2025-10-20,LOCAL COMMERCIAL RICE,Well Milled,1-19% bran streak,42.97,Daily-Price-Index-October-20-2025.pdf
2025-10-20,LOCAL COMMERCIAL RICE,Regular Milled,20-40% bran streak,37.22,Daily-Price-Index-October-20-2025.pdf
2025-10-22,IMPORTED COMMERCIAL RICE,Special,White Rice,57.68,Daily-Price-Index-October-22-2025.pdf
2025-10-22,IMPORTED COMMERCIAL RICE,Premium,5% broken,47.57,Daily-Price-Index-October-22-2025.pdf
2025-10-22,IMPORTED COMMERCIAL RICE,Well Milled,1-19% bran streak,43.75,Daily-Price-Index-October-22-2025.pdf
2025-10-22,IMPORTED COMMERCIAL RICE,Regular Milled,20-40% bran streak,39.10,Daily-Price-Index-October-22-2025.pdf
2025-10-22,LOCAL COMMERCIAL RICE,Special,White Rice,56.98,Daily-Price-Index-October-22-2025.pdf
2025-10-22,LOCAL COMMERCIAL RICE,Premium,5% broken,49.14,Daily-Price-Index-October-22-2025.pdf
2025-10-22,LOCAL COMMERCIAL RICE,Well Milled,1-19% bran streak,42.97,Daily-Price-Index-October-22-2025.pdf
2025-10-22,LOCAL COMMERCIAL RICE,Regular Milled,20-40% bran streak,37.25,Daily-Price-Index-October-22-2025.pdf
2025-10-23,IMPORTED COMMERCIAL RICE,Special,White Rice,57.54,Daily-Price-Index-October-23-2025.pdf
2025-10-23,IMPORTED COMMERCIAL RICE,Premium,5% broken,48.34,Daily-Price-Index-October-23-2025.pdf
2025-10-23,IMPORTED COMMERCIAL RICE,Well Milled,1-19% bran streak,41.80,Daily-Price-Index-October-23-2025.pdf
2025-10-23,IMPORTED COMMERCIAL RICE,Regular Milled,20-40% bran streak,39.10,Daily-Price-Index-October-23-2025.pdf
2025-10-23,LOCAL COMMERCIAL RICE,Special,White Rice,56.94,Daily-Price-Index-October-23-2025.pdf
2025-10-23,LOCAL COMMERCIAL RICE,Premium,5% broken,48.87,Daily-Price-Index-October-23-2025.pdf
2025-10-23,LOCAL COMMERCIAL RICE,Well Milled,1-19% bran streak,42.65,Daily-Price-Index-October-23-2025.pdf
2025-10-23,LOCAL COMMERCIAL RICE,Regular Milled,20-40% bran streak,37.47,Daily-Price-Index-October-23-2025.pdf
2025-10-24,IMPORTED COMMERCIAL RICE,Special,White Rice,57.75,Daily-Price-Index-October-24-2025.pdf
2025-10-24,IMPORTED COMMERCIAL RICE,Premium,5% broken,48.14,Daily-Price-Index-October-24-2025.pdf
2025-10-24,IMPORTED COMMERCIAL RICE,Well Milled,1-19% bran streak,41.83,Daily-Price-Index-October-24-2025.pdf
2025-10-24,IMPORTED COMMERCIAL RICE,Regular Milled,20-40% bran streak,39.29,Daily-Price-Index-October-24-2025.pdf
2025-10-24,LOCAL COMMERCIAL RICE,Special,White Rice,56.91,Daily-Price-Index-October-24-2025.pdf
2025-10-24,LOCAL COMMERCIAL RICE,Premium,5% broken,48.58,Daily-Price-Index-October-24-2025.pdf
2025-10-24,LOCAL COMMERCIAL RICE,Well Milled,1-19% bran streak,42.32,Daily-Price-Index-October-24-2025.pdf
2025-10-24,LOCAL COMMERCIAL RICE,Regular Milled,20-40% bran streak,37.33,Daily-Price-Index-October-24-2025.pdf
2025-10-25,IMPORTED COMMERCIAL RICE,Special,White Rice,57.61,Daily-Price-Index-October-25-2025.pdf
2025-10-25,IMPORTED COMMERCIAL RICE,Premium,5% broken,48.33,Daily-Price-Index-October-25-2025.pdf
2025-10-25,IMPORTED COMMERCIAL RICE,Well Milled,1-19% bran streak,41.83,Daily-Price-Index-October-25-2025.pdf
2025-10-25,IMPORTED COMMERCIAL RICE,Regular Milled,20-40% bran streak,37.38,Daily-Price-Index-October-25-2025.pdf
2025-10-25,LOCAL COMMERCIAL RICE,Special,White Rice,56.71,Daily-Price-Index-October-25-2025.pdf
2025-10-25,LOCAL COMMERCIAL RICE,Premium,5% broken,48.41,Daily-Price-Index-October-25-2025.pdf
2025-10-25,LOCAL COMMERCIAL RICE,Well Milled,1-19% bran streak,42.40,Daily-Price-Index-October-25-2025.pdf
2025-10-25,LOCAL COMMERCIAL RICE,Regular Milled,20-40% bran streak,37.29,Daily-Price-Index-October-25-2025.pdf
2025-10-26,IMPORTED COMMERCIAL RICE,Special,White Rice,59.40,Daily-Price-Index-October-26-2025.pdf
2025-10-26,IMPORTED COMMERCIAL RICE,Premium,5% broken,46.56,Daily-Price-Index-October-26-2025.pdf
2025-10-26,IMPORTED COMMERCIAL RICE,Regular Milled,20-40% bran streak,37.67,Daily-Price-Index-October-26-2025.pdf
2025-10-26,LOCAL COMMERCIAL RICE,Special,White Rice,57.25,Daily-Price-Index-October-26-2025.pdf
2025-10-26,LOCAL COMMERCIAL RICE,Premium,5% broken,47.00,Daily-Price-Index-October-26-2025.pdf
2025-10-26,LOCAL COMMERCIAL RICE,Well Milled,1-19% bran streak,41.44,Daily-Price-Index-October-26-2025.pdf
2025-10-26,LOCAL COMMERCIAL RICE,Regular Milled,20-40% bran streak,36.57,Daily-Price-Index-October-26-2025.pdf
2025-10-27,IMPORTED COMMERCIAL RICE,Special,White Rice,56.97,Daily-Price-Index-October-27-2025.pdf
2025-10-27,IMPORTED COMMERCIAL RICE,Premium,5% broken,48.12,Daily-Price-Index-October-27-2025.pdf
2025-10-27,IMPORTED COMMERCIAL RICE,Well Milled,1-19% bran streak,41.80,Daily-Price-Index-October-27-2025.pdf
2025-10-27,IMPORTED COMMERCIAL RICE,Regular Milled,20-40% bran streak,39.21,Daily-Price-Index-October-27-2025.pdf
2025-10-27,LOCAL COMMERCIAL RICE,Special,White Rice,57.24,Daily-Price-Index-October-27-2025.pdf
2025-10-27,LOCAL COMMERCIAL RICE,Premium,5% broken,49.00,Daily-Price-Index-October-27-2025.pdf
2025-10-27,LOCAL COMMERCIAL RICE,Well Milled,1-19% bran streak,42.32,Daily-Price-Index-October-27-2025.pdf
2025-10-27,LOCAL COMMERCIAL RICE,Regular Milled,20-40% bran streak,37.08,Daily-Price-Index-October-27-2025.pdf
2025-10-28,IMPORTED COMMERCIAL RICE,Special,White Rice,57.42,Daily-Price-Index-October-28-2025.pdf
2025-10-28,IMPORTED COMMERCIAL RICE,Premium,5% broken,48.38,Daily-Price-Index-October-28-2025.pdf
2025-10-28,IMPORTED COMMERCIAL RICE,Well Milled,1-19% bran streak,41.83,Daily-Price-Index-October-28-2025.pdf
2025-10-28,IMPORTED COMMERCIAL RICE,Regular Milled,20-40% bran streak,39.55,Daily-Price-Index-October-28-2025.pdf
2025-10-28,LOCAL COMMERCIAL RICE,Special,White Rice,57.08,Daily-Price-Index-October-28-2025.pdf
2025-10-28,LOCAL COMMERCIAL RICE,Premium,5% broken,48.49,Daily-Price-Index-October-28-2025.pdf
2025-10-28,LOCAL COMMERCIAL RICE,Well Milled,1-19% bran streak,42.23,Daily-Price-Index-October-28-2025.pdf
2025-10-28,LOCAL COMMERCIAL RICE,Regular Milled,20-40% bran streak,37.06,Daily-Price-Index-October-28-2025.pdf
2025-10-29,IMPORTED COMMERCIAL RICE,Special,White Rice,57.90,Daily-Price-Index-October-29-2025.pdf
2025-10-29,IMPORTED COMMERCIAL RICE,Premium,5% broken,48.45,Daily-Price-Index-October-29-2025.pdf
2025-10-29,IMPORTED COMMERCIAL RICE,Well Milled,1-19% bran streak,41.83,Daily-Price-Index-October-29-2025.pdf
2025-10-29,IMPORTED COMMERCIAL RICE,Regular Milled,20-40% bran streak,39.55,Daily-Price-Index-October-29-2025.pdf
2025-10-29,LOCAL COMMERCIAL RICE,Special,White Rice,57.01,Daily-Price-Index-October-29-2025.pdf
2025-10-29,LOCAL COMMERCIAL RICE,Premium,5% broken,48.50,Daily-Price-Index-October-29-2025.pdf
2025-10-29,LOCAL COMMERCIAL RICE,Well Milled,1-19% bran streak,42.20,Daily-Price-Index-October-29-2025.pdf
2025-10-29,LOCAL COMMERCIAL RICE,Regular Milled,20-40% bran streak,37.04,Daily-Price-Index-October-29-2025.pdf
2025-10-30,IMPORTED COMMERCIAL RICE,Special,White Rice,58.06,Daily-Price-Index-October-30-2025.pdf
2025-10-30,IMPORTED COMMERCIAL RICE,Premium,5% broken,48.57,Daily-Price-Index-October-30-2025.pdf
2025-10-30,IMPORTED COMMERCIAL RICE,Well Milled,1-19% bran streak,41.83,Daily-Price-Index-October-30-2025.pdf
2025-10-30,IMPORTED COMMERCIAL RICE,Regular Milled,20-40% bran streak,39.55,Daily-Price-Index-October-30-2025.pdf
2025-10-30,LOCAL COMMERCIAL RICE,Special,White Rice,56.99,Daily-Price-Index-October-30-2025.pdf
2025-10-30,LOCAL COMMERCIAL RICE,Premium,5% broken,48.64,Daily-Price-Index-October-30-2025.pdf
2025-10-30,LOCAL COMMERCIAL RICE,Well Milled,1-19% bran streak,42.22,Daily-Price-Index-October-30-2025.pdf
2025-10-30,LOCAL COMMERCIAL RICE,Regular Milled,20-40% bran streak,37.13,Daily-Price-Index-October-30-2025.pdf
2025-10-31,IMPORTED COMMERCIAL RICE,Special,White Rice,58.13,Daily-Price-Index-October-31-2025.pdf
2025-10-31,IMPORTED COMMERCIAL RICE,Premium,5% broken,48.62,Daily-Price-Index-October-31-2025.pdf
2025-10-31,IMPORTED COMMERCIAL RICE,Well Milled,1-19% bran streak,41.83,Daily-Price-Index-October-31-2025.pdf
2025-10-31,IMPORTED COMMERCIAL RICE,Regular Milled,20-40% bran streak,39.55,Daily-Price-Index-October-31-2025.pdf
2025-10-31,LOCAL COMMERCIAL RICE,Special,White Rice,57.25,Daily-Price-Index-October-31-2025.pdf
2025-10-31,LOCAL COMMERCIAL RICE,Premium,5% broken,48.71,Daily-Price-Index-October-31-2025.pdf
2025-10-31,LOCAL COMMERCIAL RICE,Well Milled,1-19% bran streak,42.21,Daily-Price-Index-October-31-2025.pdf
2025-10-31,LOCAL COMMERCIAL RICE,Regular Milled,20-40% bran streak,37.07,Daily-Price-Index-October-31-2025.pdf
2025-11-01,IMPORTED COMMERCIAL RICE,Special,White Rice,58.10,Daily-Price-Index-November-1-2025.pdf
2025-11-01,IMPORTED COMMERCIAL RICE,Premium,5% broken,48.23,Daily-Price-Index-November-1-2025.pdf
2025-11-01,IMPORTED COMMERCIAL RICE,Well Milled,1-19% bran streak,41.00,Daily-Price-Index-November-1-2025.pdf
2025-11-01,IMPORTED COMMERCIAL RICE,Regular Milled,20-40% bran streak,39.55,Daily-Price-Index-November-1-2025.pdf
2025-11-01,LOCAL COMMERCIAL RICE,Special,White Rice,57.20,Daily-Price-Index-November-1-2025.pdf
2025-11-01,LOCAL COMMERCIAL RICE,Premium,5% broken,48.56,Daily-Price-Index-November-1-2025.pdf
2025-11-01,LOCAL COMMERCIAL RICE,Well Milled,1-19% bran streak,42.29,Daily-Price-Index-November-1-2025.pdf
2025-11-01,LOCAL COMMERCIAL RICE,Regular Milled,20-40% bran streak,37.15,Daily-Price-Index-November-1-2025.pdf
2025-11-01,KADIWA RICE-FOR-ALL,Premium (RFA5),5% broken,43.00,Weekly-Average-Prices-October-27-November-1-2025.pdf
2025-11-01,KADIWA RICE-FOR-ALL,Well Milled (RFA25),25% broken,35.00,Weekly-Average-Prices-October-27-November-1-2025.pdf
2025-11-01,KADIWA RICE-FOR-ALL,Regular Milled (RFA100),100% broken,33.00,Weekly-Average-Prices-October-27-November-1-2025.pdf
2025-11-01,KADIWA RICE-FOR-ALL,P20 Benteng Bigas Meron Na,kg,20.00,Weekly-Average-Prices-October-27-November-1-2025.pdf
2025-11-01,IMPORTED COMMERCIAL RICE,Special,White Rice,57.76,Weekly-Average-Prices-October-27-November-1-2025.pdf
2025-11-01,IMPORTED COMMERCIAL RICE,Premium,5% broken,48.41,Weekly-Average-Prices-October-27-November-1-2025.pdf
2025-11-01,IMPORTED COMMERCIAL RICE,Well Milled,1-19% bran streak,41.71,Weekly-Average-Prices-October-27-November-1-2025.pdf
2025-11-01,IMPORTED COMMERCIAL RICE,Regular Milled,20-40% bran streak,39.50,Weekly-Average-Prices-October-27-November-1-2025.pdf
2025-11-01,LOCAL COMMERCIAL RICE,Special,White Rice,57.09,Weekly-Average-Prices-October-27-November-1-2025.pdf
2025-11-01,LOCAL COMMERCIAL RICE,Premium,5% broken,48.64,Weekly-Average-Prices-October-27-November-1-2025.pdf
2025-11-01,LOCAL COMMERCIAL RICE,Well Milled,1-19% bran streak,42.26,Weekly-Average-Prices-October-27-November-1-2025.pdf
2025-11-01,LOCAL COMMERCIAL RICE,Regular Milled,20-40% bran streak,37.10,Weekly-Average-Prices-October-27-November-1-2025.pdf
2025-11-02,IMPORTED COMMERCIAL RICE,Special,White Rice,59.50,Daily-Price-Index-November-2-2025.pdf
2025-11-02,IMPORTED COMMERCIAL RICE,Premium,5% broken,47.92,Daily-Price-Index-November-2-2025.pdf
2025-11-02,IMPORTED COMMERCIAL RICE,Well Milled,1-19% bran streak,42.00,Daily-Price-Index-November-2-2025.pdf
2025-11-02,IMPORTED COMMERCIAL RICE,Regular Milled,20-40% bran streak,40.80,Daily-Price-Index-November-2-2025.pdf
2025-11-02,LOCAL COMMERCIAL RICE,Special,White Rice,57.25,Daily-Price-Index-November-2-2025.pdf
2025-11-02,LOCAL COMMERCIAL RICE,Premium,5% broken,47.83,Daily-Price-Index-November-2-2025.pdf
2025-11-02,LOCAL COMMERCIAL RICE,Well Milled,1-19% bran streak,42.10,Daily-Price-Index-November-2-2025.pdf
2025-11-02,LOCAL COMMERCIAL RICE,Regular Milled,20-40% bran streak,37.67,Daily-Price-Index-November-2-2025.pdf
2025-11-04,IMPORTED COMMERCIAL RICE,Special,White Rice,58.07,Daily-Price-Index-November-4-2025.pdf
2025-11-04,IMPORTED COMMERCIAL RICE,Premium,5% broken,48.62,Daily-Price-Index-November-4-2025.pdf
2025-11-04,IMPORTED COMMERCIAL RICE,Well Milled,1-19% bran streak,40.00,Daily-Price-Index-November-4-2025.pdf
2025-11-04,IMPORTED COMMERCIAL RICE,Regular Milled,20-40% bran streak,39.55,Daily-Price-Index-November-4-2025.pdf
2025-11-04,LOCAL COMMERCIAL RICE,Special,White Rice,57.02,Daily-Price-Index-November-4-2025.pdf
2025-11-04,LOCAL COMMERCIAL RICE,Premium,5% broken,48.59,Daily-Price-Index-November-4-2025.pdf
2025-11-04,LOCAL COMMERCIAL RICE,Well Milled,1-19% bran streak,42.24,Daily-Price-Index-November-4-2025.pdf
2025-11-04,LOCAL COMMERCIAL RICE,Regular Milled,20-40% bran streak,37.02,Daily-Price-Index-November-4-2025.pdf
2025-11-05,IMPORTED COMMERCIAL RICE,Special,White Rice,58.07,Daily-Price-Index-November-5-2025.pdf
2025-11-05,IMPORTED COMMERCIAL RICE,Premium,5% broken,48.72,Daily-Price-Index-November-5-2025.pdf
2025-11-05,IMPORTED COMMERCIAL RICE,Well Milled,1-19% bran streak,40.29,Daily-Price-Index-November-5-2025.pdf
2025-11-05,IMPORTED COMMERCIAL RICE,Regular Milled,20-40% bran streak,39.55,Daily-Price-Index-November-5-2025.pdf
2025-11-05,LOCAL COMMERCIAL RICE,Special,White Rice,57.02,Daily-Price-Index-November-5-2025.pdf
2025-11-05,LOCAL COMMERCIAL RICE,Premium,5% broken,48.59,Daily-Price-Index-November-5-2025.pdf
2025-11-05,LOCAL COMMERCIAL RICE,Well Milled,1-19% bran streak,42.24,Daily-Price-Index-November-5-2025.pdf
2025-11-05,LOCAL COMMERCIAL RICE,Regular Milled,20-40% bran streak,37.02,Daily-Price-Index-November-5-2025.pdf
2025-11-06,IMPORTED COMMERCIAL RICE,Special,White Rice,58.29,Daily-Price-Index-November-6-2025.pdf
2025-11-06,IMPORTED COMMERCIAL RICE,Premium,5% broken,48.89,Daily-Price-Index-November-6-2025.pdf
2025-11-06,IMPORTED COMMERCIAL RICE,Well Milled,1-19% bran streak,40.29,Daily-Price-Index-November-6-2025.pdf
2025-11-06,IMPORTED COMMERCIAL RICE,Regular Milled,20-40% bran streak,39.55,Daily-Price-Index-November-6-2025.pdf
2025-11-06,LOCAL COMMERCIAL RICE,Special,White Rice,56.99,Daily-Price-Index-November-6-2025.pdf
2025-11-06,LOCAL COMMERCIAL RICE,Premium,5% broken,48.59,Daily-Price-Index-November-6-2025.pdf
2025-11-06,LOCAL COMMERCIAL RICE,Well Milled,1-19% bran streak,42.26,Daily-Price-Index-November-6-2025.pdf
2025-11-06,LOCAL COMMERCIAL RICE,Regular Milled,20-40% bran streak,37.02,Daily-Price-Index-November-6-2025.pdf
2025-11-07,IMPORTED COMMERCIAL RICE,Special,White Rice,58.29,Daily-Price-Index-November-7-2025.pdf
2025-11-07,IMPORTED COMMERCIAL RICE,Premium,5% broken,48.94,Daily-Price-Index-November-7-2025.pdf
2025-11-07,IMPORTED COMMERCIAL RICE,Well Milled,1-19% bran streak,40.29,Daily-Price-Index-November-7-2025.pdf
2025-11-07,IMPORTED COMMERCIAL RICE,Regular Milled,20-40% bran streak,39.55,Daily-Price-Index-November-7-2025.pdf
2025-11-07,LOCAL COMMERCIAL RICE,Special,White Rice,56.93,Daily-Price-Index-November-7-2025.pdf
2025-11-07,LOCAL COMMERCIAL RICE,Premium,5% broken,48.32,Daily-Price-Index-November-7-2025.pdf
2025-11-07,LOCAL COMMERCIAL RICE,Well Milled,1-19% bran streak,42.22,Daily-Price-Index-November-7-2025.pdf
2025-11-07,LOCAL COMMERCIAL RICE,Regular Milled,20-40% bran streak,37.02,Daily-Price-Index-November-7-2025.pdf
2025-11-08,IMPORTED COMMERCIAL RICE,Special,White Rice,58.28,Daily-Price-Index-November-8-2025.pdf
2025-11-08,IMPORTED COMMERCIAL RICE,Premium,5% broken,48.86,Daily-Price-Index-November-8-2025.pdf
2025-11-08,IMPORTED COMMERCIAL RICE,Well Milled,1-19% bran streak,40.29,Daily-Price-Index-November-8-2025.pdf
2025-11-08,IMPORTED COMMERCIAL RICE,Regular Milled,20-40% bran streak,39.55,Daily-Price-Index-November-8-2025.pdf
2025-11-08,LOCAL COMMERCIAL RICE,Special,White Rice,57.14,Daily-Price-Index-November-8-2025.pdf
2025-11-08,LOCAL COMMERCIAL RICE,Premium,5% broken,48.40,Daily-Price-Index-November-8-2025.pdf
2025-11-08,LOCAL COMMERCIAL RICE,Well Milled,1-19% bran streak,42.23,Daily-Price-Index-November-8-2025.pdf
2025-11-08,LOCAL COMMERCIAL RICE,Regular Milled,20-40% bran streak,36.99,Daily-Price-Index-November-8-2025.pdf
2025-11-09,IMPORTED COMMERCIAL RICE,Special,White Rice,59.67,Daily-Price-Index-November-9-2025.pdf
2025-11-09,IMPORTED COMMERCIAL RICE,Premium,5% broken,49.27,Daily-Price-Index-November-9-2025.pdf
2025-11-09,IMPORTED COMMERCIAL RICE,Well Milled,1-19% bran streak,42.00,Daily-Price-Index-November-9-2025.pdf
2025-11-09,IMPORTED COMMERCIAL RICE,Regular Milled,20-40% bran streak,40.50,Daily-Price-Index-November-9-2025.pdf
2025-11-09,LOCAL COMMERCIAL RICE,Special,White Rice,58.17,Daily-Price-Index-November-9-2025.pdf
2025-11-09,LOCAL COMMERCIAL RICE,Premium,5% broken,48.67,Daily-Price-Index-November-9-2025.pdf
2025-11-09,LOCAL COMMERCIAL RICE,Well Milled,1-19% bran streak,42.60,Daily-Price-Index-November-9-2025.pdf
2025-11-09,LOCAL COMMERCIAL RICE,Regular Milled,20-40% bran streak,37.25,Daily-Price-Index-November-9-2025.pdf
2025-11-10,IMPORTED COMMERCIAL RICE,Special,White Rice,58.62,Daily-Price-Index-November-10-2025.pdf
2025-11-10,IMPORTED COMMERCIAL RICE,Premium,5% broken,48.84,Daily-Price-Index-November-10-2025.pdf
2025-11-10,IMPORTED COMMERCIAL RICE,Well Milled,1-19% bran streak,42.00,Daily-Price-Index-November-10-2025.pdf
2025-11-10,IMPORTED COMMERCIAL RICE,Regular Milled,20-40% bran streak,39.42,Daily-Price-Index-November-10-2025.pdf
2025-11-10,LOCAL COMMERCIAL RICE,Special,White Rice,57.07,Daily-Price-Index-November-10-2025.pdf
2025-11-10,LOCAL COMMERCIAL RICE,Premium,5% broken,48.16,Daily-Price-Index-November-10-2025.pdf
2025-11-10,LOCAL COMMERCIAL RICE,Well Milled,1-19% bran streak,41.96,Daily-Price-Index-November-10-2025.pdf
2025-11-10,LOCAL COMMERCIAL RICE,Regular Milled,20-40% bran streak,37.21,Daily-Price-Index-November-10-2025.pdf
2025-11-11,IMPORTED COMMERCIAL RICE,Special,White Rice,58.19,Daily-Price-Index-November-11-2025.pdf
2025-11-11,IMPORTED COMMERCIAL RICE,Premium,5% broken,48.71,Daily-Price-Index-November-11-2025.pdf
2025-11-11,IMPORTED COMMERCIAL RICE,Well Milled,1-19% bran streak,42.60,Daily-Price-Index-November-11-2025.pdf
2025-11-11,IMPORTED COMMERCIAL RICE,Regular Milled,20-40% bran streak,39.42,Daily-Price-Index-November-11-2025.pdf
2025-11-11,LOCAL COMMERCIAL RICE,Special,White Rice,56.92,Daily-Price-Index-November-11-2025.pdf
2025-11-11,LOCAL COMMERCIAL RICE,Premium,5% broken,48.39,Daily-Price-Index-November-11-2025.pdf
2025-11-11,LOCAL COMMERCIAL RICE,Well Milled,1-19% bran streak,42.29,Daily-Price-Index-November-11-2025.pdf
2025-11-11,LOCAL COMMERCIAL RICE,Regular Milled,20-40% bran streak,37.25,Daily-Price-Index-November-11-2025.pdf
2025-11-12,IMPORTED COMMERCIAL RICE,Special,White Rice,58.15,Daily-Price-Index-November-12-2025.pdf
2025-11-12,IMPORTED COMMERCIAL RICE,Premium,5% broken,48.95,Daily-Price-Index-November-12-2025.pdf
2025-11-12,IMPORTED COMMERCIAL RICE,Well Milled,1-19% bran streak,42.75,Daily-Price-Index-November-12-2025.pdf
2025-11-12,IMPORTED COMMERCIAL RICE,Regular Milled,20-40% bran streak,39.35,Daily-Price-Index-November-12-2025.pdf
2025-11-12,LOCAL COMMERCIAL RICE,Special,White Rice,56.94,Daily-Price-Index-November-12-2025.pdf
2025-11-12,LOCAL COMMERCIAL RICE,Premium,5% broken,49.07,Daily-Price-Index-November-12-2025.pdf
2025-11-12,LOCAL COMMERCIAL RICE,Well Milled,1-19% bran streak,42.52,Daily-Price-Index-November-12-2025.pdf
2025-11-12,LOCAL COMMERCIAL RICE,Regular Milled,20-40% bran streak,37.32,Daily-Price-Index-November-12-2025.pdf
2025-11-13,IMPORTED COMMERCIAL RICE,Special,White Rice,58.40,Daily-Price-Index-November-13-2025.pdf
2025-11-13,IMPORTED COMMERCIAL RICE,Premium,5% broken,48.98,Daily-Price-Index-November-13-2025.pdf
2025-11-13,IMPORTED COMMERCIAL RICE,Well Milled,1-19% bran streak,41.75,Daily-Price-Index-November-13-2025.pdf
2025-11-13,IMPORTED COMMERCIAL RICE,Regular Milled,20-40% bran streak,39.42,Daily-Price-Index-November-13-2025.pdf
2025-11-13,LOCAL COMMERCIAL RICE,Special,White Rice,56.88,Daily-Price-Index-November-13-2025.pdf
2025-11-13,LOCAL COMMERCIAL RICE,Premium,5% broken,48.69,Daily-Price-Index-November-13-2025.pdf
2025-11-13,LOCAL COMMERCIAL RICE,Well Milled,1-19% bran streak,42.35,Daily-Price-Index-November-13-2025.pdf
2025-11-13,LOCAL COMMERCIAL RICE,Regular Milled,20-40% bran streak,37.28,Daily-Price-Index-November-13-2025.pdf
2025-11-14,IMPORTED COMMERCIAL RICE,Basmati,,60.00,Daily-Price-Index-November-14-2025.pdf
2025-11-14,IMPORTED COMMERCIAL RICE,Glutinous,,59.74,Daily-Price-Index-November-14-2025.pdf
2025-11-14,IMPORTED COMMERCIAL RICE,Japonica/Jasponica,,95.00,Daily-Price-Index-November-14-2025.pdf
2025-11-14,IMPORTED COMMERCIAL RICE,Other Special,White Rice,58.37,Daily-Price-Index-November-14-2025.pdf
2025-11-14,IMPORTED COMMERCIAL RICE,Premium,5% broken,49.09,Daily-Price-Index-November-14-2025.pdf
2025-11-14,IMPORTED COMMERCIAL RICE,Well Milled,1-19% bran streak,43.75,Daily-Price-Index-November-14-2025.pdf
2025-11-14,IMPORTED COMMERCIAL RICE,Regular Milled,20-40% bran streak,39.42,Daily-Price-Index-November-14-2025.pdf
2025-11-14,LOCAL COMMERCIAL RICE,Other Special,White Rice,56.88,Daily-Price-Index-November-14-2025.pdf
2025-11-14,LOCAL COMMERCIAL RICE,Premium,5% broken,48.73,Daily-Price-Index-November-14-2025.pdf
2025-11-14,LOCAL COMMERCIAL RICE,Well Milled,1-19% bran streak,42.39,Daily-Price-Index-November-14-2025.pdf
2025-11-14,LOCAL COMMERCIAL RICE,Regular Milled,20-40% bran streak,37.30,Daily-Price-Index-November-14-2025.pdf
2025-11-15,IMPORTED COMMERCIAL RICE,Basmati,,242.50,Daily-Price-Index-November-15-2025.pdf
2025-11-15,IMPORTED COMMERCIAL RICE,Glutinous,,60.31,Daily-Price-Index-November-15-2025.pdf
2025-11-15,IMPORTED COMMERCIAL RICE,Japonica/Jasponica,,63.06,Daily-Price-Index-November-15-2025.pdf
2025-11-15,IMPORTED COMMERCIAL RICE,Other Special,White Rice,58.42,Daily-Price-Index-November-15-2025.pdf
2025-11-15,IMPORTED COMMERCIAL RICE,Premium,5% broken,49.29,Daily-Price-Index-November-15-2025.pdf
2025-11-15,IMPORTED COMMERCIAL RICE,Well Milled,1-19% bran streak,47.50,Daily-Price-Index-November-15-2025.pdf
2025-11-15,IMPORTED COMMERCIAL RICE,Regular Milled,20-40% bran streak,39.42,Daily-Price-Index-November-15-2025.pdf
2025-11-15,LOCAL COMMERCIAL RICE,Glutinous,,79.41,Daily-Price-Index-November-15-2025.pdf
2025-11-15,LOCAL COMMERCIAL RICE,Other Special,White Rice,56.88,Daily-Price-Index-November-15-2025.pdf
2025-11-15,LOCAL COMMERCIAL RICE,Premium,5% broken,48.73,Daily-Price-Index-November-15-2025.pdf
2025-11-15,LOCAL COMMERCIAL RICE,Well Milled,1-19% bran streak,42.39,Daily-Price-Index-November-15-2025.pdf
2025-11-15,LOCAL COMMERCIAL RICE,Regular Milled,20-40% bran streak,37.30,Daily-Price-Index-November-15-2025.pdf
2025-11-16,IMPORTED COMMERCIAL RICE,Basmati,,240.00,Daily-Price-Index-November-16-2025.pdf
2025-11-16,IMPORTED COMMERCIAL RICE,Glutinous,,60.56,Daily-Price-Index-November-16-2025.pdf
2025-11-16,IMPORTED COMMERCIAL RICE,Japonica/Jasponica,,61.00,Daily-Price-Index-November-16-2025.pdf
2025-11-16,IMPORTED COMMERCIAL RICE,Other Special,White Rice,60.40,Daily-Price-Index-November-16-2025.pdf
2025-11-16,IMPORTED COMMERCIAL RICE,Premium,5% broken,51.15,Daily-Price-Index-November-16-2025.pdf
2025-11-16,IMPORTED COMMERCIAL RICE,Well Milled,1-19% bran streak,42.50,Daily-Price-Index-November-16-2025.pdf
2025-11-16,IMPORTED COMMERCIAL RICE,Regular Milled,20-40% bran streak,41.50,Daily-Price-Index-November-16-2025.pdf
2025-11-16,LOCAL COMMERCIAL RICE,Glutinous,,83.33,Daily-Price-Index-November-16-2025.pdf
2025-11-16,LOCAL COMMERCIAL RICE,Other Special,White Rice,58.17,Daily-Price-Index-November-16-2025.pdf
2025-11-16,LOCAL COMMERCIAL RICE,Premium,5% broken,49.25,Daily-Price-Index-November-16-2025.pdf
2025-11-16,LOCAL COMMERCIAL RICE,Well Milled,1-19% bran streak,42.40,Daily-Price-Index-November-16-2025.pdf
2025-11-16,LOCAL COMMERCIAL RICE,Regular Milled,20-40% bran streak,37.75,Daily-Price-Index-November-16-2025.pdf
2025-11-17,IMPORTED COMMERCIAL RICE,Basmati,,215.83,Daily-Price-Index-November-17-2025.pdf
2025-11-17,IMPORTED COMMERCIAL RICE,Glutinous,,60.31,Daily-Price-Index-November-17-2025.pdf
2025-11-17,IMPORTED COMMERCIAL RICE,Japonica/Jasponica,,63.59,Daily-Price-Index-November-17-2025.pdf
2025-11-17,IMPORTED COMMERCIAL RICE,Other Special,White Rice,58.59,Daily-Price-Index-November-17-2025.pdf
2025-11-17,IMPORTED COMMERCIAL RICE,Premium,5% broken,49.55,Daily-Price-Index-November-17-2025.pdf
2025-11-17,IMPORTED COMMERCIAL RICE,Well Milled,1-19% bran streak,45.09,Daily-Price-Index-November-17-2025.pdf
2025-11-17,IMPORTED COMMERCIAL RICE,Regular Milled,20-40% bran streak,39.05,Daily-Price-Index-November-17-2025.pdf
2025-11-17,LOCAL COMMERCIAL RICE,Glutinous,,76.53,Daily-Price-Index-November-17-2025.pdf
2025-11-17,LOCAL COMMERCIAL RICE,Other Special,White Rice,56.54,Daily-Price-Index-November-17-2025.pdf
2025-11-17,LOCAL COMMERCIAL RICE,Premium,5% broken,48.72,Daily-Price-Index-November-17-2025.pdf
2025-11-17,LOCAL COMMERCIAL RICE,Well Milled,1-19% bran streak,42.87,Daily-Price-Index-November-17-2025.pdf
2025-11-17,LOCAL COMMERCIAL RICE,Regular Milled,20-40% bran streak,37.54,Daily-Price-Index-November-17-2025.pdf
2025-11-18,IMPORTED COMMERCIAL RICE,Basmati,,215.83,Daily-Price-Index-November-18-2025.pdf
2025-11-18,IMPORTED COMMERCIAL RICE,Glutinous,,60.59,Daily-Price-Index-November-18-2025.pdf
2025-11-18,IMPORTED COMMERCIAL RICE,Japonica/Jasponica,,63.59,Daily-Price-Index-November-18-2025.pdf
2025-11-18,IMPORTED COMMERCIAL RICE,Other Special,White Rice,58.83,Daily-Price-Index-November-18-2025.pdf
2025-11-18,IMPORTED COMMERCIAL RICE,Premium,5% broken,49.49,Daily-Price-Index-November-18-2025.pdf
2025-11-18,IMPORTED COMMERCIAL RICE,Well Milled,1-19% bran streak,45.09,Daily-Price-Index-November-18-2025.pdf
2025-11-18,IMPORTED COMMERCIAL RICE,Regular Milled,20-40% bran streak,39.05,Daily-Price-Index-November-18-2025.pdf
2025-11-18,LOCAL COMMERCIAL RICE,Glutinous,,75.56,Daily-Price-Index-November-18-2025.pdf
2025-11-18,LOCAL COMMERCIAL RICE,Other Special,White Rice,56.61,Daily-Price-Index-November-18-2025.pdf
2025-11-18,LOCAL COMMERCIAL RICE,Premium,5% broken,49.14,Daily-Price-Index-November-18-2025.pdf
2025-11-18,LOCAL COMMERCIAL RICE,Well Milled,1-19% bran streak,43.10,Daily-Price-Index-November-18-2025.pdf
2025-11-18,LOCAL COMMERCIAL RICE,Regular Milled,20-40% bran streak,37.63,Daily-Price-Index-November-18-2025.pdf
2025-11-19,IMPORTED COMMERCIAL RICE,Basmati,,215.83,Daily-Price-Index-November-19-2025.pdf
2025-11-19,IMPORTED COMMERCIAL RICE,Glutinous,,60.49,Daily-Price-Index-November-19-2025.pdf
2025-11-19,IMPORTED COMMERCIAL RICE,Japonica/Jasponica,,62.73,Daily-Price-Index-November-19-2025.pdf
2025-11-19,IMPORTED COMMERCIAL RICE,Other Special,White Rice,58.83,Daily-Price-Index-November-19-2025.pdf
2025-11-19,IMPORTED COMMERCIAL RICE,Premium,5% broken,49.49,Daily-Price-Index-November-19-2025.pdf
2025-11-19,IMPORTED COMMERCIAL RICE,Well Milled,1-19% bran streak,45.09,Daily-Price-Index-November-19-2025.pdf
2025-11-19,IMPORTED COMMERCIAL RICE,Regular Milled,20-40% bran streak,39.05,Daily-Price-Index-November-19-2025.pdf
2025-11-19,LOCAL COMMERCIAL RICE,Glutinous,,70.61,Daily-Price-Index-November-19-2025.pdf
2025-11-19,LOCAL COMMERCIAL RICE,Other Special,White Rice,56.61,Daily-Price-Index-November-19-2025.pdf
2025-11-19,LOCAL COMMERCIAL RICE,Premium,5% broken,49.14,Daily-Price-Index-November-19-2025.pdf
2025-11-19,LOCAL COMMERCIAL RICE,Well Milled,1-19% bran streak,43.10,Daily-Price-Index-November-19-2025.pdf
2025-11-19,LOCAL COMMERCIAL RICE,Regular Milled,20-40% bran streak,37.63,Daily-Price-Index-November-19-2025.pdf
2025-11-20,IMPORTED COMMERCIAL RICE,Basmati,,215.83,Daily-Price-Index-November-20-2025.pdf
2025-11-20,IMPORTED COMMERCIAL RICE,Glutinous,,61.66,Daily-Price-Index-November-20-2025.pdf
2025-11-20,IMPORTED COMMERCIAL RICE,Japonica/Jasponica,,62.00,Daily-Price-Index-November-20-2025.pdf
2025-11-20,IMPORTED COMMERCIAL RICE,Other Special,White Rice,58.83,Daily-Price-Index-November-20-2025.pdf
2025-11-20,IMPORTED COMMERCIAL RICE,Premium,5% broken,49.39,Daily-Price-Index-November-20-2025.pdf
2025-11-20,IMPORTED COMMERCIAL RICE,Well Milled,1-19% bran streak,45.09,Daily-Price-Index-November-20-2025.pdf
2025-11-20,IMPORTED COMMERCIAL RICE,Regular Milled,20-40% bran streak,38.85,Daily-Price-Index-November-20-2025.pdf
2025-11-20,LOCAL COMMERCIAL RICE,Glutinous,,71.30,Daily-Price-Index-November-20-2025.pdf
2025-11-20,LOCAL COMMERCIAL RICE,Other Special,White Rice,56.96,Daily-Price-Index-November-20-2025.pdf
2025-11-20,LOCAL COMMERCIAL RICE,Premium,5% broken,49.08,Daily-Price-Index-November-20-2025.pdf
2025-11-20,LOCAL COMMERCIAL RICE,Well Milled,1-19% bran streak,42.92,Daily-Price-Index-November-20-2025.pdf
2025-11-20,LOCAL COMMERCIAL RICE,Regular Milled,20-40% bran streak,37.62,Daily-Price-Index-November-20-2025.pdf
2025-11-21,IMPORTED COMMERCIAL RICE,Basmati,,211.00,Daily-Price-Index-November-21-2025.pdf
2025-11-21,IMPORTED COMMERCIAL RICE,Glutinous,,61.46,Daily-Price-Index-November-21-2025.pdf
2025-11-21,IMPORTED COMMERCIAL RICE,Japonica/Jasponica,,61.85,Daily-Price-Index-November-21-2025.pdf
2025-11-21,IMPORTED COMMERCIAL RICE,Other Special,White Rice,58.83,Daily-Price-Index-November-21-2025.pdf
2025-11-21,IMPORTED COMMERCIAL RICE,Premium,5% broken,49.57,Daily-Price-Index-November-21-2025.pdf
2025-11-21,IMPORTED COMMERCIAL RICE,Well Milled,1-19% bran streak,45.09,Daily-Price-Index-November-21-2025.pdf
2025-11-21,IMPORTED COMMERCIAL RICE,Regular Milled,20-40% bran streak,38.85,Daily-Price-Index-November-21-2025.pdf
2025-11-21,LOCAL COMMERCIAL RICE,Glutinous,,71.00,Daily-Price-Index-November-21-2025.pdf
2025-11-21,LOCAL COMMERCIAL RICE,Other Special,White Rice,56.94,Daily-Price-Index-November-21-2025.pdf
2025-11-21,LOCAL COMMERCIAL RICE,Premium,5% broken,49.13,Daily-Price-Index-November-21-2025.pdf
2025-11-21,LOCAL COMMERCIAL RICE,Well Milled,1-19% bran streak,43.00,Daily-Price-Index-November-21-2025.pdf
2025-11-21,LOCAL COMMERCIAL RICE,Regular Milled,20-40% bran streak,37.62,Daily-Price-Index-November-21-2025.pdf
2025-11-22,IMPORTED COMMERCIAL RICE,Basmati,,211.00,Daily-Price-Index-November-22-2025.pdf
2025-11-22,IMPORTED COMMERCIAL RICE,Glutinous,,61.32,Daily-Price-Index-November-22-2025.pdf
2025-11-22,IMPORTED COMMERCIAL RICE,Japonica/Jasponica,,62.17,Daily-Price-Index-November-22-2025.pdf
2025-11-22,IMPORTED COMMERCIAL RICE,Other Special,White Rice,58.83,Daily-Price-Index-November-22-2025.pdf
2025-11-22,IMPORTED COMMERCIAL RICE,Premium,5% broken,50.13,Daily-Price-Index-November-22-2025.pdf
2025-11-22,IMPORTED COMMERCIAL RICE,Well Milled,1-19% bran streak,45.09,Daily-Price-Index-November-22-2025.pdf
2025-11-22,IMPORTED COMMERCIAL RICE,Regular Milled,20-40% bran streak,38.85,Daily-Price-Index-November-22-2025.pdf
2025-11-22,LOCAL COMMERCIAL RICE,Glutinous,,74.34,Daily-Price-Index-November-22-2025.pdf
2025-11-22,LOCAL COMMERCIAL RICE,Other Special,White Rice,56.93,Daily-Price-Index-November-22-2025.pdf
2025-11-22,LOCAL COMMERCIAL RICE,Premium,5% broken,48.97,Daily-Price-Index-November-22-2025.pdf
2025-11-22,LOCAL COMMERCIAL RICE,Well Milled,1-19% bran streak,43.06,Daily-Price-Index-November-22-2025.pdf
2025-11-22,LOCAL COMMERCIAL RICE,Regular Milled,20-40% bran streak,37.71,Daily-Price-Index-November-22-2025.pdf
2025-11-23,IMPORTED COMMERCIAL RICE,Basmati,,190.00,Daily-Price-Index-November-23-2025.pdf
2025-11-23,IMPORTED COMMERCIAL RICE,Glutinous,,62.63,Daily-Price-Index-November-23-2025.pdf
2025-11-23,IMPORTED COMMERCIAL RICE,Japonica/Jasponica,,61.25,Daily-Price-Index-November-23-2025.pdf
2025-11-23,IMPORTED COMMERCIAL RICE,Other Special,White Rice,59.20,Daily-Price-Index-November-23-2025.pdf
2025-11-23,IMPORTED COMMERCIAL RICE,Premium,5% broken,49.44,Daily-Price-Index-November-23-2025.pdf
2025-11-23,IMPORTED COMMERCIAL RICE,Well Milled,1-19% bran streak,44.25,Daily-Price-Index-November-23-2025.pdf
2025-11-23,IMPORTED COMMERCIAL RICE,Regular Milled,20-40% bran streak,39.25,Daily-Price-Index-November-23-2025.pdf
2025-11-23,LOCAL COMMERCIAL RICE,Glutinous,,73.33,Daily-Price-Index-November-23-2025.pdf
2025-11-23,LOCAL COMMERCIAL RICE,Other Special,White Rice,57.40,Daily-Price-Index-November-23-2025.pdf
2025-11-23,LOCAL COMMERCIAL RICE,Premium,5% broken,49.40,Daily-Price-Index-November-23-2025.pdf
2025-11-23,LOCAL COMMERCIAL RICE,Well Milled,1-19% bran streak,44.11,Daily-Price-Index-November-23-2025.pdf
2025-11-23,LOCAL COMMERCIAL RICE,Regular Milled,20-40% bran streak,38.33,Daily-Price-Index-November-23-2025.pdf
2025-11-24,IMPORTED COMMERCIAL RICE,Basmati,,215.83,Daily-Price-Index-November-24-2025.pdf
2025-11-24,IMPORTED COMMERCIAL RICE,Glutinous,,61.52,Daily-Price-Index-November-24-2025.pdf
2025-11-24,IMPORTED COMMERCIAL RICE,Japonica/Jasponica,,61.85,Daily-Price-Index-November-24-2025.pdf
2025-11-24,IMPORTED COMMERCIAL RICE,Other Special,White Rice,58.73,Daily-Price-Index-November-24-2025.pdf
2025-11-24,IMPORTED COMMERCIAL RICE,Premium,5% broken,49.63,Daily-Price-Index-November-24-2025.pdf
2025-11-24,IMPORTED COMMERCIAL RICE,Well Milled,1-19% bran streak,44.33,Daily-Price-Index-November-24-2025.pdf
2025-11-24,IMPORTED COMMERCIAL RICE,Regular Milled,20-40% bran streak,38.85,Daily-Price-Index-November-24-2025.pdf
2025-11-24,LOCAL COMMERCIAL RICE,Glutinous,,71.00,Daily-Price-Index-November-24-2025.pdf
2025-11-24,LOCAL COMMERCIAL RICE,Other Special,White Rice,56.99,Daily-Price-Index-November-24-2025.pdf
2025-11-24,LOCAL COMMERCIAL RICE,Premium,5% broken,49.13,Daily-Price-Index-November-24-2025.pdf
2025-11-24,LOCAL COMMERCIAL RICE,Well Milled,1-19% bran streak,43.04,Daily-Price-Index-November-24-2025.pdf
2025-11-24,LOCAL COMMERCIAL RICE,Regular Milled,20-40% bran streak,37.57,Daily-Price-Index-November-24-2025.pdf
2025-11-25,IMPORTED COMMERCIAL RICE,Basmati,,211.00,Daily-Price-Index-November-25-2025.pdf
2025-11-25,IMPORTED COMMERCIAL RICE,Glutinous,,61.89,Daily-Price-Index-November-25-2025.pdf
2025-11-25,IMPORTED COMMERCIAL RICE,Japonica/Jasponica,,62.47,Daily-Price-Index-November-25-2025.pdf
2025-11-25,IMPORTED COMMERCIAL RICE,Other Special,White Rice,59.19,Daily-Price-Index-November-25-2025.pdf
2025-11-25,IMPORTED COMMERCIAL RICE,Premium,5% broken,49.67,Daily-Price-Index-November-25-2025.pdf
2025-11-25,IMPORTED COMMERCIAL RICE,Well Milled,1-19% bran streak,44.33,Daily-Price-Index-November-25-2025.pdf
2025-11-25,IMPORTED COMMERCIAL RICE,Regular Milled,20-40% bran streak,38.85,Daily-Price-Index-November-25-2025.pdf
2025-11-25,LOCAL COMMERCIAL RICE,Glutinous,,69.56,Daily-Price-Index-November-25-2025.pdf
2025-11-25,LOCAL COMMERCIAL RICE,Other Special,White Rice,57.19,Daily-Price-Index-November-25-2025.pdf
2025-11-25,LOCAL COMMERCIAL RICE,Premium,5% broken,49.37,Daily-Price-Index-November-25-2025.pdf
2025-11-25,LOCAL COMMERCIAL RICE,Well Milled,1-19% bran streak,43.12,Daily-Price-Index-November-25-2025.pdf
2025-11-25,LOCAL COMMERCIAL RICE,Regular Milled,20-40% bran streak,37.74,Daily-Price-Index-November-25-2025.pdf
2025-11-26,IMPORTED COMMERCIAL RICE,Basmati,,211.00,Daily-Price-Index-November-26-2025.pdf
2025-11-26,IMPORTED COMMERCIAL RICE,Glutinous,,61.45,Daily-Price-Index-November-26-2025.pdf
2025-11-26,IMPORTED COMMERCIAL RICE,Japonica/Jasponica,,61.85,Daily-Price-Index-November-26-2025.pdf
2025-11-26,IMPORTED COMMERCIAL RICE,Other Special,White Rice,58.26,Daily-Price-Index-November-26-2025.pdf
2025-11-26,IMPORTED COMMERCIAL RICE,Premium,5% broken,49.84,Daily-Price-Index-November-26-2025.pdf
2025-11-26,IMPORTED COMMERCIAL RICE,Well Milled,1-19% bran streak,44.33,Daily-Price-Index-November-26-2025.pdf
2025-11-26,IMPORTED COMMERCIAL RICE,Regular Milled,20-40% bran streak,38.85,Daily-Price-Index-November-26-2025.pdf
2025-11-26,LOCAL COMMERCIAL RICE,Glutinous,,72.64,Daily-Price-Index-November-26-2025.pdf
2025-11-26,LOCAL COMMERCIAL RICE,Other Special,White Rice,57.08,Daily-Price-Index-November-26-2025.pdf
2025-11-26,LOCAL COMMERCIAL RICE,Premium,5% broken,49.31,Daily-Price-Index-November-26-2025.pdf
2025-11-26,LOCAL COMMERCIAL RICE,Well Milled,1-19% bran streak,43.09,Daily-Price-Index-November-26-2025.pdf
2025-11-26,LOCAL COMMERCIAL RICE,Regular Milled,20-40% bran streak,37.70,Daily-Price-Index-November-26-2025.pdf
2025-11-27,IMPORTED COMMERCIAL RICE,Basmati,,211.00,Daily-Price-Index-November-27-2025.pdf
2025-11-27,IMPORTED COMMERCIAL RICE,Glutinous,,61.47,Daily-Price-Index-November-27-2025.pdf
2025-11-27,IMPORTED COMMERCIAL RICE,Japonica/Jasponica,,61.85,Daily-Price-Index-November-27-2025.pdf
2025-11-27,IMPORTED COMMERCIAL RICE,Other Special,White Rice,59.19,Daily-Price-Index-November-27-2025.pdf
2025-11-27,IMPORTED COMMERCIAL RICE,Premium,5% broken,50.02,Daily-Price-Index-November-27-2025.pdf
2025-11-27,IMPORTED COMMERCIAL RICE,Well Milled,1-19% bran streak,44.33,Daily-Price-Index-November-27-2025.pdf
2025-11-27,IMPORTED COMMERCIAL RICE,Regular Milled,20-40% bran streak,38.85,Daily-Price-Index-November-27-2025.pdf
2025-11-27,LOCAL COMMERCIAL RICE,Glutinous,,72.64,Daily-Price-Index-November-27-2025.pdf
2025-11-27,LOCAL COMMERCIAL RICE,Other Special,White Rice,57.08,Daily-Price-Index-November-27-2025.pdf
2025-11-27,LOCAL COMMERCIAL RICE,Premium,5% broken,49.39,Daily-Price-Index-November-27-2025.pdf
2025-11-27,LOCAL COMMERCIAL RICE,Well Milled,1-19% bran streak,43.11,Daily-Price-Index-November-27-2025.pdf
2025-11-27,LOCAL COMMERCIAL RICE,Regular Milled,20-40% bran streak,37.66,Daily-Price-Index-November-27-2025.pdf
2025-11-28,IMPORTED COMMERCIAL RICE,Basmati,,211.00,Daily-Price-Index-November-28-2025.pdf
2025-11-28,IMPORTED COMMERCIAL RICE,Glutinous,,61.63,Daily-Price-Index-November-28-2025.pdf
2025-11-28,IMPORTED COMMERCIAL RICE,Japonica/Jasponica,,61.85,Daily-Price-Index-November-28-2025.pdf
2025-11-28,IMPORTED COMMERCIAL RICE,Other Special,White Rice,58.90,Daily-Price-Index-November-28-2025.pdf
2025-11-28,IMPORTED COMMERCIAL RICE,Premium,5% broken,50.04,Daily-Price-Index-November-28-2025.pdf
2025-11-28,IMPORTED COMMERCIAL RICE,Well Milled,1-19% bran streak,45.20,Daily-Price-Index-November-28-2025.pdf
2025-11-28,IMPORTED COMMERCIAL RICE,Regular Milled,20-40% bran streak,38.85,Daily-Price-Index-November-28-2025.pdf
2025-11-28,LOCAL COMMERCIAL RICE,Glutinous,,71.33,Daily-Price-Index-November-28-2025.pdf
2025-11-28,LOCAL COMMERCIAL RICE,Other Special,White Rice,57.14,Daily-Price-Index-November-28-2025.pdf
2025-11-28,LOCAL COMMERCIAL RICE,Premium,5% broken,49.50,Daily-Price-Index-November-28-2025.pdf
2025-11-28,LOCAL COMMERCIAL RICE,Well Milled,1-19% bran streak,43.19,Daily-Price-Index-November-28-2025.pdf
2025-11-28,LOCAL COMMERCIAL RICE,Regular Milled,20-40% bran streak,37.68,Daily-Price-Index-November-28-2025.pdf
2025-11-29,IMPORTED COMMERCIAL RICE,Basmati,,211.00,Daily-Price-Index-November-29-2025.pdf
2025-11-29,IMPORTED COMMERCIAL RICE,Glutinous,,61.94,Daily-Price-Index-November-29-2025.pdf
2025-11-29,IMPORTED COMMERCIAL RICE,Japonica/Jasponica,,61.59,Daily-Price-Index-November-29-2025.pdf
2025-11-29,IMPORTED COMMERCIAL RICE,Other Special,White Rice,58.86,Daily-Price-Index-November-29-2025.pdf
2025-11-29,IMPORTED COMMERCIAL RICE,Premium,5% broken,49.94,Daily-Price-Index-November-29-2025.pdf
2025-11-29,IMPORTED COMMERCIAL RICE,Well Milled,1-19% bran streak,44.33,Daily-Price-Index-November-29-2025.pdf
2025-11-29,IMPORTED COMMERCIAL RICE,Regular Milled,20-40% bran streak,38.67,Daily-Price-Index-November-29-2025.pdf
2025-11-29,LOCAL COMMERCIAL RICE,Glutinous,,71.58,Daily-Price-Index-November-29-2025.pdf
2025-11-29,LOCAL COMMERCIAL RICE,Other Special,White Rice,57.23,Daily-Price-Index-November-29-2025.pdf
2025-11-29,LOCAL COMMERCIAL RICE,Premium,5% broken,49.91,Daily-Price-Index-November-29-2025.pdf
2025-11-29,LOCAL COMMERCIAL RICE,Well Milled,1-19% bran streak,43.34,Daily-Price-Index-November-29-2025.pdf
2025-11-29,LOCAL COMMERCIAL RICE,Regular Milled,20-40% bran streak,37.81,Daily-Price-Index-November-29-2025.pdf
2025-11-30,IMPORTED COMMERCIAL RICE,Basmati,,190.00,Daily-Price-Index-November-30-2025.pdf
2025-11-30,IMPORTED COMMERCIAL RICE,Glutinous,,62.50,Daily-Price-Index-November-30-2025.pdf
2025-11-30,IMPORTED COMMERCIAL RICE,Japonica/Jasponica,,62.50,Daily-Price-Index-November-30-2025.pdf
2025-11-30,IMPORTED COMMERCIAL RICE,Other Special,White Rice,60.67,Daily-Price-Index-November-30-2025.pdf
2025-11-30,IMPORTED COMMERCIAL RICE,Premium,5% broken,50.25,Daily-Price-Index-November-30-2025.pdf
2025-11-30,IMPORTED COMMERCIAL RICE,Well Milled,1-19% bran streak,43.75,Daily-Price-Index-November-30-2025.pdf
2025-11-30,IMPORTED COMMERCIAL RICE,Regular Milled,20-40% bran streak,40.75,Daily-Price-Index-November-30-2025.pdf
2025-11-30,LOCAL COMMERCIAL RICE,Glutinous,,75.00,Daily-Price-Index-November-30-2025.pdf
2025-11-30,LOCAL COMMERCIAL RICE,Other Special,White Rice,57.18,Daily-Price-Index-November-30-2025.pdf
2025-11-30,LOCAL COMMERCIAL RICE,Premium,5% broken,49.75,Daily-Price-Index-November-30-2025.pdf
2025-11-30,LOCAL COMMERCIAL RICE,Well Milled,1-19% bran streak,43.80,Daily-Price-Index-November-30-2025.pdf
2025-11-30,LOCAL COMMERCIAL RICE,Regular Milled,20-40% bran streak,38.38,Daily-Price-Index-November-30-2025.pdf
2025-12-02,IMPORTED COMMERCIAL RICE,Basmati,,211.00,Daily-Price-Index-December-2-2025.pdf
2025-12-02,IMPORTED COMMERCIAL RICE,Glutinous,,61.38,Daily-Price-Index-December-2-2025.pdf
2025-12-02,IMPORTED COMMERCIAL RICE,Japonica/Jasponica,,61.60,Daily-Price-Index-December-2-2025.pdf
2025-12-02,IMPORTED COMMERCIAL RICE,Other Special,White Rice,58.96,Daily-Price-Index-December-2-2025.pdf
2025-12-02,IMPORTED COMMERCIAL RICE,Premium,5% broken,49.95,Daily-Price-Index-December-2-2025.pdf
2025-12-02,IMPORTED COMMERCIAL RICE,Well Milled,1-19% bran streak,45.33,Daily-Price-Index-December-2-2025.pdf
2025-12-02,IMPORTED COMMERCIAL RICE,Regular Milled,20-40% bran streak,38.85,Daily-Price-Index-December-2-2025.pdf
2025-12-02,LOCAL COMMERCIAL RICE,Glutinous,,73.39,Daily-Price-Index-December-2-2025.pdf
2025-12-02,LOCAL COMMERCIAL RICE,Other Special,White Rice,57.26,Daily-Price-Index-December-2-2025.pdf
2025-12-02,LOCAL COMMERCIAL RICE,Premium,5% broken,49.82,Daily-Price-Index-December-2-2025.pdf
2025-12-02,LOCAL COMMERCIAL RICE,Well Milled,1-19% bran streak,43.44,Daily-Price-Index-December-2-2025.pdf
2025-12-02,LOCAL COMMERCIAL RICE,Regular Milled,20-40% bran streak,38.32,Daily-Price-Index-December-2-2025.pdf
2025-12-03,IMPORTED COMMERCIAL RICE,Basmati,,211.00,Daily-Price-Index-December-3-2025.pdf
2025-12-03,IMPORTED COMMERCIAL RICE,Glutinous,,61.38,Daily-Price-Index-December-3-2025.pdf
2025-12-03,IMPORTED COMMERCIAL RICE,Japonica/Jasponica,,61.60,Daily-Price-Index-December-3-2025.pdf
2025-12-03,IMPORTED COMMERCIAL RICE,Other Special,White Rice,58.96,Daily-Price-Index-December-3-2025.pdf
2025-12-03,IMPORTED COMMERCIAL RICE,Premium,5% broken,49.95,Daily-Price-Index-December-3-2025.pdf
2025-12-03,IMPORTED COMMERCIAL RICE,Well Milled,1-19% bran streak,45.33,Daily-Price-Index-December-3-2025.pdf
2025-12-03,IMPORTED COMMERCIAL RICE,Regular Milled,20-40% bran streak,38.81,Daily-Price-Index-December-3-2025.pdf
2025-12-03,LOCAL COMMERCIAL RICE,Glutinous,,73.39,Daily-Price-Index-December-3-2025.pdf
2025-12-03,LOCAL COMMERCIAL RICE,Other Special,White Rice,57.26,Daily-Price-Index-December-3-2025.pdf
2025-12-03,LOCAL COMMERCIAL RICE,Premium,5% broken,49.73,Daily-Price-Index-December-3-2025.pdf
2025-12-03,LOCAL COMMERCIAL RICE,Well Milled,1-19% bran streak,43.44,Daily-Price-Index-December-3-2025.pdf
2025-12-03,LOCAL COMMERCIAL RICE,Regular Milled,20-40% bran streak,38.32,Daily-Price-Index-December-3-2025.pdf
2025-12-04,IMPORTED COMMERCIAL RICE,Basmati,,211.00,Daily-Price-Index-December-4-2025.pdf
2025-12-04,IMPORTED COMMERCIAL RICE,Glutinous,,61.16,Daily-Price-Index-December-4-2025.pdf
2025-12-04,IMPORTED COMMERCIAL RICE,Japonica/Jasponica,,60.43,Daily-Price-Index-December-4-2025.pdf
2025-12-04,IMPORTED COMMERCIAL RICE,Other Special,White Rice,58.96,Daily-Price-Index-December-4-2025.pdf
2025-12-04,IMPORTED COMMERCIAL RICE,Premium,5% broken,50.23,Daily-Price-Index-December-4-2025.pdf
2025-12-04,IMPORTED COMMERCIAL RICE,Well Milled,1-19% bran streak,45.33,Daily-Price-Index-December-4-2025.pdf
2025-12-04,IMPORTED COMMERCIAL RICE,Regular Milled,20-40% bran streak,38.81,Daily-Price-Index-December-4-2025.pdf
2025-12-04,LOCAL COMMERCIAL RICE,Glutinous,,70.37,Daily-Price-Index-December-4-2025.pdf
2025-12-04,LOCAL COMMERCIAL RICE,Other Special,White Rice,57.17,Daily-Price-Index-December-4-2025.pdf
2025-12-04,LOCAL COMMERCIAL RICE,Premium,5% broken,49.84,Daily-Price-Index-December-4-2025.pdf
2025-12-04,LOCAL COMMERCIAL RICE,Well Milled,1-19% bran streak,43.50,Daily-Price-Index-December-4-2025.pdf
2025-12-04,LOCAL COMMERCIAL RICE,Regular Milled,20-40% bran streak,38.48,Daily-Price-Index-December-4-2025.pdf
2025-12-05,IMPORTED COMMERCIAL RICE,Basmati,,211.00,Daily-Price-Index-December-5-2025.pdf
2025-12-05,IMPORTED COMMERCIAL RICE,Glutinous,,61.34,Daily-Price-Index-December-5-2025.pdf
2025-12-05,IMPORTED COMMERCIAL RICE,Japonica/Jasponica,,60.35,Daily-Price-Index-December-5-2025.pdf
2025-12-05,IMPORTED COMMERCIAL RICE,Other Special,White Rice,59.00,Daily-Price-Index-December-5-2025.pdf
2025-12-05,IMPORTED COMMERCIAL RICE,Premium,5% broken,50.28,Daily-Price-Index-December-5-2025.pdf
2025-12-05,IMPORTED COMMERCIAL RICE,Well Milled,1-19% bran streak,44.75,Daily-Price-Index-December-5-2025.pdf
2025-12-05,IMPORTED COMMERCIAL RICE,Regular Milled,20-40% bran streak,38.81,Daily-Price-Index-December-5-2025.pdf
2025-12-05,LOCAL COMMERCIAL RICE,Glutinous,,74.23,Daily-Price-Index-December-5-2025.pdf
2025-12-05,LOCAL COMMERCIAL RICE,Other Special,White Rice,57.16,Daily-Price-Index-December-5-2025.pdf
2025-12-05,LOCAL COMMERCIAL RICE,Premium,5% broken,49.71,Daily-Price-Index-December-5-2025.pdf
2025-12-05,LOCAL COMMERCIAL RICE,Well Milled,1-19% bran streak,43.50,Daily-Price-Index-December-5-2025.pdf
2025-12-05,LOCAL COMMERCIAL RICE,Regular Milled,20-40% bran streak,38.11,Daily-Price-Index-December-5-2025.pdf
2025-12-06,IMPORTED COMMERCIAL RICE,Basmati,,211.00,Daily-Price-Index-December-6-2025.pdf
2025-12-06,IMPORTED COMMERCIAL RICE,Glutinous,,61.13,Daily-Price-Index-December-6-2025.pdf
2025-12-06,IMPORTED COMMERCIAL RICE,Japonica/Jasponica,,60.40,Daily-Price-Index-December-6-2025.pdf
2025-12-06,IMPORTED COMMERCIAL RICE,Other Special,White Rice,59.81,Daily-Price-Index-December-6-2025.pdf
2025-12-06,IMPORTED COMMERCIAL RICE,Premium,5% broken,50.26,Daily-Price-Index-December-6-2025.pdf
2025-12-06,IMPORTED COMMERCIAL RICE,Well Milled,1-19% bran streak,44.75,Daily-Price-Index-December-6-2025.pdf
2025-12-06,IMPORTED COMMERCIAL RICE,Regular Milled,20-40% bran streak,38.81,Daily-Price-Index-December-6-2025.pdf
2025-12-06,LOCAL COMMERCIAL RICE,Glutinous,,70.88,Daily-Price-Index-December-6-2025.pdf
2025-12-06,LOCAL COMMERCIAL RICE,Other Special,White Rice,57.17,Daily-Price-Index-December-6-2025.pdf
2025-12-06,LOCAL COMMERCIAL RICE,Premium,5% broken,50.07,Daily-Price-Index-December-6-2025.pdf
2025-12-06,LOCAL COMMERCIAL RICE,Well Milled,1-19% bran streak,43.47,Daily-Price-Index-December-6-2025.pdf
2025-12-06,LOCAL COMMERCIAL RICE,Regular Milled,20-40% bran streak,38.10,Daily-Price-Index-December-6-2025.pdf
2025-12-07,IMPORTED COMMERCIAL RICE,Basmati,,190.00,Daily-Price-Index-December-7-2025.pdf
2025-12-07,IMPORTED COMMERCIAL RICE,Glutinous,,62.22,Daily-Price-Index-December-7-2025.pdf
2025-12-07,IMPORTED COMMERCIAL RICE,Japonica/Jasponica,,61.67,Daily-Price-Index-December-7-2025.pdf
2025-12-07,IMPORTED COMMERCIAL RICE,Other Special,White Rice,61.80,Daily-Price-Index-December-7-2025.pdf
2025-12-07,IMPORTED COMMERCIAL RICE,Premium,5% broken,50.17,Daily-Price-Index-December-7-2025.pdf
2025-12-07,IMPORTED COMMERCIAL RICE,Well Milled,1-19% bran streak,45.00,Daily-Price-Index-December-7-2025.pdf
2025-12-07,IMPORTED COMMERCIAL RICE,Regular Milled,20-40% bran streak,40.75,Daily-Price-Index-December-7-2025.pdf
2025-12-07,LOCAL COMMERCIAL RICE,Glutinous,,71.25,Daily-Price-Index-December-7-2025.pdf
2025-12-07,LOCAL COMMERCIAL RICE,Other Special,White Rice,57.40,Daily-Price-Index-December-7-2025.pdf
2025-12-07,LOCAL COMMERCIAL RICE,Premium,5% broken,49.58,Daily-Price-Index-December-7-2025.pdf
2025-12-07,LOCAL COMMERCIAL RICE,Well Milled,1-19% bran streak,43.27,Daily-Price-Index-December-7-2025.pdf
2025-12-07,LOCAL COMMERCIAL RICE,Regular Milled,20-40% bran streak,39.29,Daily-Price-Index-December-7-2025.pdf
2025-12-08,IMPORTED COMMERCIAL RICE,Basmati,,211.00,Daily-Price-Index-December-8-2025.pdf
2025-12-08,IMPORTED COMMERCIAL RICE,Glutinous,,61.31,Daily-Price-Index-December-8-2025.pdf
2025-12-08,IMPORTED COMMERCIAL RICE,Japonica/Jasponica,,60.40,Daily-Price-Index-December-8-2025.pdf
2025-12-08,IMPORTED COMMERCIAL RICE,Other Special,White Rice,59.81,Daily-Price-Index-December-8-2025.pdf
2025-12-08,IMPORTED COMMERCIAL RICE,Premium,5% broken,50.27,Daily-Price-Index-December-8-2025.pdf
2025-12-08,IMPORTED COMMERCIAL RICE,Well Milled,1-19% bran streak,44.75,Daily-Price-Index-December-8-2025.pdf
2025-12-08,IMPORTED COMMERCIAL RICE,Regular Milled,20-40% bran streak,38.81,Daily-Price-Index-December-8-2025.pdf
2025-12-08,LOCAL COMMERCIAL RICE,Glutinous,,70.88,Daily-Price-Index-December-8-2025.pdf
2025-12-08,LOCAL COMMERCIAL RICE,Other Special,White Rice,57.17,Daily-Price-Index-December-8-2025.pdf
2025-12-08,LOCAL COMMERCIAL RICE,Premium,5% broken,49.81,Daily-Price-Index-December-8-2025.pdf
2025-12-08,LOCAL COMMERCIAL RICE,Well Milled,1-19% bran streak,43.44,Daily-Price-Index-December-8-2025.pdf
2025-12-08,LOCAL COMMERCIAL RICE,Regular Milled,20-40% bran streak,38.01,Daily-Price-Index-December-8-2025.pdf
2025-12-09,IMPORTED COMMERCIAL RICE,Basmati,,211.00,Daily-Price-Index-December-9-2025.pdf
2025-12-09,IMPORTED COMMERCIAL RICE,Glutinous,,61.43,Daily-Price-Index-December-9-2025.pdf
2025-12-09,IMPORTED COMMERCIAL RICE,Japonica/Jasponica,,61.48,Daily-Price-Index-December-9-2025.pdf
2025-12-09,IMPORTED COMMERCIAL RICE,Other Special,White Rice,59.71,Daily-Price-Index-December-9-2025.pdf
2025-12-09,IMPORTED COMMERCIAL RICE,Premium,5% broken,50.11,Daily-Price-Index-December-9-2025.pdf
2025-12-09,IMPORTED COMMERCIAL RICE,Well Milled,1-19% bran streak,44.75,Daily-Price-Index-December-9-2025.pdf
2025-12-09,IMPORTED COMMERCIAL RICE,Regular Milled,20-40% bran streak,38.95,Daily-Price-Index-December-9-2025.pdf
2025-12-09,LOCAL COMMERCIAL RICE,Glutinous,,73.66,Daily-Price-Index-December-9-2025.pdf
2025-12-09,LOCAL COMMERCIAL RICE,Other Special,White Rice,57.33,Daily-Price-Index-December-9-2025.pdf
2025-12-09,LOCAL COMMERCIAL RICE,Premium,5% broken,49.88,Daily-Price-Index-December-9-2025.pdf
2025-12-09,LOCAL COMMERCIAL RICE,Well Milled,1-19% bran streak,43.48,Daily-Price-Index-December-9-2025.pdf
2025-12-09,LOCAL COMMERCIAL RICE,Regular Milled,20-40% bran streak,38.15,Daily-Price-Index-December-9-2025.pdf
2025-12-10,IMPORTED COMMERCIAL RICE,Basmati,,211.00,Daily-Price-Index-December-10-2025.pdf
2025-12-10,IMPORTED COMMERCIAL RICE,Glutinous,,62.25,Daily-Price-Index-December-10-2025.pdf
2025-12-10,IMPORTED COMMERCIAL RICE,Japonica/Jasponica,,61.32,Daily-Price-Index-December-10-2025.pdf
2025-12-10,IMPORTED COMMERCIAL RICE,Other Special,White Rice,59.35,Daily-Price-Index-December-10-2025.pdf
2025-12-10,IMPORTED COMMERCIAL RICE,Premium,5% broken,50.22,Daily-Price-Index-December-10-2025.pdf
2025-12-10,IMPORTED COMMERCIAL RICE,Well Milled,1-19% bran streak,44.75,Daily-Price-Index-December-10-2025.pdf
2025-12-10,IMPORTED COMMERCIAL RICE,Regular Milled,20-40% bran streak,38.83,Daily-Price-Index-December-10-2025.pdf
2025-12-10,LOCAL COMMERCIAL RICE,Glutinous,,73.66,Daily-Price-Index-December-10-2025.pdf
2025-12-10,LOCAL COMMERCIAL RICE,Other Special,White Rice,57.37,Daily-Price-Index-December-10-2025.pdf
2025-12-10,LOCAL COMMERCIAL RICE,Premium,5% broken,50.34,Daily-Price-Index-December-10-2025.pdf
2025-12-10,LOCAL COMMERCIAL RICE,Well Milled,1-19% bran streak,43.74,Daily-Price-Index-December-10-2025.pdf
2025-12-10,LOCAL COMMERCIAL RICE,Regular Milled,20-40% bran streak,38.29,Daily-Price-Index-December-10-2025.pdf
2025-12-11,IMPORTED COMMERCIAL RICE,Basmati,,211.00,Daily-Price-Index-December-11-2025.pdf
2025-12-11,IMPORTED COMMERCIAL RICE,Glutinous,,62.25,Daily-Price-Index-December-11-2025.pdf
2025-12-11,IMPORTED COMMERCIAL RICE,Japonica/Jasponica,,61.32,Daily-Price-Index-December-11-2025.pdf
2025-12-11,IMPORTED COMMERCIAL RICE,Other Special,White Rice,59.19,Daily-Price-Index-December-11-2025.pdf
2025-12-11,IMPORTED COMMERCIAL RICE,Premium,5% broken,50.24,Daily-Price-Index-December-11-2025.pdf
2025-12-11,IMPORTED COMMERCIAL RICE,Well Milled,1-19% bran streak,44.75,Daily-Price-Index-December-11-2025.pdf
2025-12-11,IMPORTED COMMERCIAL RICE,Regular Milled,20-40% bran streak,38.83,Daily-Price-Index-December-11-2025.pdf
2025-12-11,LOCAL COMMERCIAL RICE,Glutinous,,73.66,Daily-Price-Index-December-11-2025.pdf
2025-12-11,LOCAL COMMERCIAL RICE,Other Special,White Rice,57.37,Daily-Price-Index-December-11-2025.pdf
2025-12-11,LOCAL COMMERCIAL RICE,Premium,5% broken,50.34,Daily-Price-Index-December-11-2025.pdf
2025-12-11,LOCAL COMMERCIAL RICE,Well Milled,1-19% bran streak,43.74,Daily-Price-Index-December-11-2025.pdf
2025-12-11,LOCAL COMMERCIAL RICE,Regular Milled,20-40% bran streak,38.29,Daily-Price-Index-December-11-2025.pdf
2025-12-12,IMPORTED COMMERCIAL RICE,Basmati,,211.00,Daily-Price-Index-December-12-2025.pdf
2025-12-12,IMPORTED COMMERCIAL RICE,Glutinous,,61.24,Daily-Price-Index-December-12-2025.pdf
2025-12-12,IMPORTED COMMERCIAL RICE,Japonica/Jasponica,,61.32,Daily-Price-Index-December-12-2025.pdf
2025-12-12,IMPORTED COMMERCIAL RICE,Other Special,White Rice,59.52,Daily-Price-Index-December-12-2025.pdf
2025-12-12,IMPORTED COMMERCIAL RICE,Premium,5% broken,50.26,Daily-Price-Index-December-12-2025.pdf
2025-12-12,IMPORTED COMMERCIAL RICE,Well Milled,1-19% bran streak,44.75,Daily-Price-Index-December-12-2025.pdf
2025-12-12,IMPORTED COMMERCIAL RICE,Regular Milled,20-40% bran streak,38.95,Daily-Price-Index-December-12-2025.pdf
2025-12-12,LOCAL COMMERCIAL RICE,Glutinous,,73.66,Daily-Price-Index-December-12-2025.pdf
2025-12-12,LOCAL COMMERCIAL RICE,Other Special,White Rice,57.33,Daily-Price-Index-December-12-2025.pdf
2025-12-12,LOCAL COMMERCIAL RICE,Premium,5% broken,50.17,Daily-Price-Index-December-12-2025.pdf
2025-12-12,LOCAL COMMERCIAL RICE,Well Milled,1-19% bran streak,43.53,Daily-Price-Index-December-12-2025.pdf
2025-12-12,LOCAL COMMERCIAL RICE,Regular Milled,20-40% bran streak,38.37,Daily-Price-Index-December-12-2025.pdf
2025-12-13,IMPORTED COMMERCIAL RICE,Basmati,,211.00,Daily-Price-Index-December-13-2025.pdf
2025-12-13,IMPORTED COMMERCIAL RICE,Glutinous,,61.43,Daily-Price-Index-December-13-2025.pdf
2025-12-13,IMPORTED COMMERCIAL RICE,Japonica/Jasponica,,61.43,Daily-Price-Index-December-13-2025.pdf
2025-12-13,IMPORTED COMMERCIAL RICE,Other Special,White Rice,59.41,Daily-Price-Index-December-13-2025.pdf
2025-12-13,IMPORTED COMMERCIAL RICE,Premium,5% broken,50.26,Daily-Price-Index-December-13-2025.pdf
2025-12-13,IMPORTED COMMERCIAL RICE,Well Milled,1-19% bran streak,44.75,Daily-Price-Index-December-13-2025.pdf
2025-12-13,IMPORTED COMMERCIAL RICE,Regular Milled,20-40% bran streak,39.10,Daily-Price-Index-December-13-2025.pdf
2025-12-13,LOCAL COMMERCIAL RICE,Glutinous,,74.19,Daily-Price-Index-December-13-2025.pdf
2025-12-13,LOCAL COMMERCIAL RICE,Other Special,White Rice,57.29,Daily-Price-Index-December-13-2025.pdf
2025-12-13,LOCAL COMMERCIAL RICE,Premium,5% broken,49.74,Daily-Price-Index-December-13-2025.pdf
2025-12-13,LOCAL COMMERCIAL RICE,Well Milled,1-19% bran streak,43.39,Daily-Price-Index-December-13-2025.pdf
2025-12-13,LOCAL COMMERCIAL RICE,Regular Milled,20-40% bran streak,38.23,Daily-Price-Index-December-13-2025.pdf
2025-12-14,IMPORTED COMMERCIAL RICE,Basmati,,190.00,Daily-Price-Index-December-14-2025.pdf
2025-12-14,IMPORTED COMMERCIAL RICE,Glutinous,,61.60,Daily-Price-Index-December-14-2025.pdf
2025-12-14,IMPORTED COMMERCIAL RICE,Japonica/Jasponica,,62.00,Daily-Price-Index-December-14-2025.pdf
2025-12-14,IMPORTED COMMERCIAL RICE,Other Special,White Rice,61.80,Daily-Price-Index-December-14-2025.pdf
2025-12-14,IMPORTED COMMERCIAL RICE,Premium,5% broken,50.18,Daily-Price-Index-December-14-2025.pdf
2025-12-14,IMPORTED COMMERCIAL RICE,Well Milled,1-19% bran streak,45.00,Daily-Price-Index-December-14-2025.pdf
2025-12-14,IMPORTED COMMERCIAL RICE,Regular Milled,20-40% bran streak,40.00,Daily-Price-Index-December-14-2025.pdf
2025-12-14,LOCAL COMMERCIAL RICE,Glutinous,,75.00,Daily-Price-Index-December-14-2025.pdf
2025-12-14,LOCAL COMMERCIAL RICE,Other Special,White Rice,57.60,Daily-Price-Index-December-14-2025.pdf
2025-12-14,LOCAL COMMERCIAL RICE,Premium,5% broken,49.33,Daily-Price-Index-December-14-2025.pdf
2025-12-14,LOCAL COMMERCIAL RICE,Well Milled,1-19% bran streak,44.40,Daily-Price-Index-December-14-2025.pdf
2025-12-14,LOCAL COMMERCIAL RICE,Regular Milled,20-40% bran streak,38.57,Daily-Price-Index-December-14-2025.pdf
2025-12-15,IMPORTED COMMERCIAL RICE,Basmati,,211.00,Daily-Price-Index-December-15-2025.pdf
2025-12-15,IMPORTED COMMERCIAL RICE,Glutinous,,61.43,Daily-Price-Index-December-15-2025.pdf
2025-12-15,IMPORTED COMMERCIAL RICE,Japonica/Jasponica,,61.32,Daily-Price-Index-December-15-2025.pdf
2025-12-15,IMPORTED COMMERCIAL RICE,Other Special,White Rice,59.52,Daily-Price-Index-December-15-2025.pdf
2025-12-15,IMPORTED COMMERCIAL RICE,Premium,5% broken,50.23,Daily-Price-Index-December-15-2025.pdf
2025-12-15,IMPORTED COMMERCIAL RICE,Well Milled,1-19% bran streak,44.78,Daily-Price-Index-December-15-2025.pdf
2025-12-15,IMPORTED COMMERCIAL RICE,Regular Milled,20-40% bran streak,38.95,Daily-Price-Index-December-15-2025.pdf
2025-12-15,LOCAL COMMERCIAL RICE,Glutinous,,73.66,Daily-Price-Index-December-15-2025.pdf
2025-12-15,LOCAL COMMERCIAL RICE,Other Special,White Rice,57.59,Daily-Price-Index-December-15-2025.pdf
2025-12-15,LOCAL COMMERCIAL RICE,Premium,5% broken,50.10,Daily-Price-Index-December-15-2025.pdf
2025-12-15,LOCAL COMMERCIAL RICE,Well Milled,1-19% bran streak,43.61,Daily-Price-Index-December-15-2025.pdf
2025-12-15,LOCAL COMMERCIAL RICE,Regular Milled,20-40% bran streak,38.53,Daily-Price-Index-December-15-2025.pdf
2025-12-16,IMPORTED COMMERCIAL RICE,Basmati,,211.00,Daily-Price-Index-December-16-2025.pdf
2025-12-16,IMPORTED COMMERCIAL RICE,Glutinous,,61.43,Daily-Price-Index-December-16-2025.pdf
2025-12-16,IMPORTED COMMERCIAL RICE,Japonica/Jasponica,,61.32,Daily-Price-Index-December-16-2025.pdf
2025-12-16,IMPORTED COMMERCIAL RICE,Other Special,White Rice,59.52,Daily-Price-Index-December-16-2025.pdf
2025-12-16,IMPORTED COMMERCIAL RICE,Premium,5% broken,50.30,Daily-Price-Index-December-16-2025.pdf
2025-12-16,IMPORTED COMMERCIAL RICE,Well Milled,1-19% bran streak,44.78,Daily-Price-Index-December-16-2025.pdf
2025-12-16,IMPORTED COMMERCIAL RICE,Regular Milled,20-40% bran streak,38.95,Daily-Price-Index-December-16-2025.pdf
2025-12-16,LOCAL COMMERCIAL RICE,Glutinous,,73.66,Daily-Price-Index-December-16-2025.pdf
2025-12-16,LOCAL COMMERCIAL RICE,Other Special,White Rice,57.59,Daily-Price-Index-December-16-2025.pdf
2025-12-16,LOCAL COMMERCIAL RICE,Premium,5% broken,50.10,Daily-Price-Index-December-16-2025.pdf
2025-12-16,LOCAL COMMERCIAL RICE,Well Milled,1-19% bran streak,43.61,Daily-Price-Index-December-16-2025.pdf
2025-12-16,LOCAL COMMERCIAL RICE,Regular Milled,20-40% bran streak,38.69,Daily-Price-Index-December-16-2025.pdf
2025-12-17,IMPORTED COMMERCIAL RICE,Basmati,,211.00,Daily-Price-Index-December-17-2025.pdf
2025-12-17,IMPORTED COMMERCIAL RICE,Glutinous,,61.49,Daily-Price-Index-December-17-2025.pdf
2025-12-17,IMPORTED COMMERCIAL RICE,Japonica/Jasponica,,61.61,Daily-Price-Index-December-17-2025.pdf
2025-12-17,IMPORTED COMMERCIAL RICE,Other Special,White Rice,59.66,Daily-Price-Index-December-17-2025.pdf
2025-12-17,IMPORTED COMMERCIAL RICE,Premium,5% broken,50.18,Daily-Price-Index-December-17-2025.pdf
2025-12-17,IMPORTED COMMERCIAL RICE,Well Milled,1-19% bran streak,44.78,Daily-Price-Index-December-17-2025.pdf
2025-12-17,IMPORTED COMMERCIAL RICE,Regular Milled,20-40% bran streak,38.95,Daily-Price-Index-December-17-2025.pdf
2025-12-17,LOCAL COMMERCIAL RICE,Glutinous,,72.33,Daily-Price-Index-December-17-2025.pdf
2025-12-17,LOCAL COMMERCIAL RICE,Other Special,White Rice,57.67,Daily-Price-Index-December-17-2025.pdf
2025-12-17,LOCAL COMMERCIAL RICE,Premium,5% broken,50.25,Daily-Price-Index-December-17-2025.pdf
2025-12-17,LOCAL COMMERCIAL RICE,Well Milled,1-19% bran streak,43.59,Daily-Price-Index-December-17-2025.pdf
2025-12-17,LOCAL COMMERCIAL RICE,Regular Milled,20-40% bran streak,38.75,Daily-Price-Index-December-17-2025.pdf
2025-12-18,IMPORTED COMMERCIAL RICE,Basmati,,211.00,Daily-Price-Index-December-18-2025.pdf
2025-12-18,IMPORTED COMMERCIAL RICE,Glutinous,,61.57,Daily-Price-Index-December-18-2025.pdf
2025-12-18,IMPORTED COMMERCIAL RICE,Japonica/Jasponica,,61.32,Daily-Price-Index-December-18-2025.pdf
2025-12-18,IMPORTED COMMERCIAL RICE,Other Special,White Rice,59.52,Daily-Price-Index-December-18-2025.pdf
2025-12-18,IMPORTED COMMERCIAL RICE,Premium,5% broken,50.12,Daily-Price-Index-December-18-2025.pdf
2025-12-18,IMPORTED COMMERCIAL RICE,Well Milled,1-19% bran streak,44.54,Daily-Price-Index-December-18-2025.pdf
2025-12-18,IMPORTED COMMERCIAL RICE,Regular Milled,20-40% bran streak,39.38,Daily-Price-Index-December-18-2025.pdf
2025-12-18,LOCAL COMMERCIAL RICE,Glutinous,,73.66,Daily-Price-Index-December-18-2025.pdf
2025-12-18,LOCAL COMMERCIAL RICE,Other Special,White Rice,57.95,Daily-Price-Index-December-18-2025.pdf
2025-12-18,LOCAL COMMERCIAL RICE,Premium,5% broken,50.81,Daily-Price-Index-December-18-2025.pdf
2025-12-18,LOCAL COMMERCIAL RICE,Well Milled,1-19% bran streak,43.73,Daily-Price-Index-December-18-2025.pdf
2025-12-18,LOCAL COMMERCIAL RICE,Regular Milled,20-40% bran streak,38.96,Daily-Price-Index-December-18-2025.pdf
2025-12-19,IMPORTED COMMERCIAL RICE,Basmati,,211.00,Daily-Price-Index-December-19-2025.pdf
2025-12-19,IMPORTED COMMERCIAL RICE,Glutinous,,61.49,Daily-Price-Index-December-19-2025.pdf
2025-12-19,IMPORTED COMMERCIAL RICE,Japonica/Jasponica,,61.61,Daily-Price-Index-December-19-2025.pdf
2025-12-19,IMPORTED COMMERCIAL RICE,Other Special,White Rice,59.66,Daily-Price-Index-December-19-2025.pdf
2025-12-19,IMPORTED COMMERCIAL RICE,Premium,5% broken,50.28,Daily-Price-Index-December-19-2025.pdf
2025-12-19,IMPORTED COMMERCIAL RICE,Well Milled,1-19% bran streak,44.54,Daily-Price-Index-December-19-2025.pdf
2025-12-19,IMPORTED COMMERCIAL RICE,Regular Milled,20-40% bran streak,39.38,Daily-Price-Index-December-19-2025.pdf
2025-12-19,LOCAL COMMERCIAL RICE,Glutinous,,72.33,Daily-Price-Index-December-19-2025.pdf
2025-12-19,LOCAL COMMERCIAL RICE,Other Special,White Rice,57.76,Daily-Price-Index-December-19-2025.pdf
2025-12-19,LOCAL COMMERCIAL RICE,Premium,5% broken,50.77,Daily-Price-Index-December-19-2025.pdf
2025-12-19,LOCAL COMMERCIAL RICE,Well Milled,1-19% bran streak,43.72,Daily-Price-Index-December-19-2025.pdf
2025-12-19,LOCAL COMMERCIAL RICE,Regular Milled,20-40% bran streak,38.95,Daily-Price-Index-December-19-2025.pdf
2025-12-20,IMPORTED COMMERCIAL RICE,Basmati,,211.00,Daily-Price-Index-December-20-2025.pdf
2025-12-20,IMPORTED COMMERCIAL RICE,Glutinous,,61.43,Daily-Price-Index-December-20-2025.pdf
2025-12-20,IMPORTED COMMERCIAL RICE,Japonica/Jasponica,,61.48,Daily-Price-Index-December-20-2025.pdf
2025-12-20,IMPORTED COMMERCIAL RICE,Other Special,White Rice,59.52,Daily-Price-Index-December-20-2025.pdf
2025-12-20,IMPORTED COMMERCIAL RICE,Premium,5% broken,50.42,Daily-Price-Index-December-20-2025.pdf
2025-12-20,IMPORTED COMMERCIAL RICE,Well Milled,1-19% bran streak,44.54,Daily-Price-Index-December-20-2025.pdf
2025-12-20,IMPORTED COMMERCIAL RICE,Regular Milled,20-40% bran streak,39.38,Daily-Price-Index-December-20-2025.pdf
2025-12-20,LOCAL COMMERCIAL RICE,Glutinous,,77.53,Daily-Price-Index-December-20-2025.pdf
2025-12-20,LOCAL COMMERCIAL RICE,Other Special,White Rice,57.73,Daily-Price-Index-December-20-2025.pdf
2025-12-20,LOCAL COMMERCIAL RICE,Premium,5% broken,50.59,Daily-Price-Index-December-20-2025.pdf
2025-12-20,LOCAL COMMERCIAL RICE,Well Milled,1-19% bran streak,43.84,Daily-Price-Index-December-20-2025.pdf
2025-12-20,LOCAL COMMERCIAL RICE,Regular Milled,20-40% bran streak,38.86,Daily-Price-Index-December-20-2025.pdf
2025-12-21,IMPORTED COMMERCIAL RICE,Basmati,,190.00,Daily-Price-Index-December-21-2025.pdf
2025-12-21,IMPORTED COMMERCIAL RICE,Glutinous,,61.88,Daily-Price-Index-December-21-2025.pdf
2025-12-21,IMPORTED COMMERCIAL RICE,Japonica/Jasponica,,62.00,Daily-Price-Index-December-21-2025.pdf
2025-12-21,IMPORTED COMMERCIAL RICE,Other Special,White Rice,60.80,Daily-Price-Index-December-21-2025.pdf
2025-12-21,IMPORTED COMMERCIAL RICE,Premium,5% broken,49.78,Daily-Price-Index-December-21-2025.pdf
2025-12-21,IMPORTED COMMERCIAL RICE,Well Milled,1-19% bran streak,44.50,Daily-Price-Index-December-21-2025.pdf
2025-12-21,IMPORTED COMMERCIAL RICE,Regular Milled,20-40% bran streak,41.00,Daily-Price-Index-December-21-2025.pdf
2025-12-21,LOCAL COMMERCIAL RICE,Glutinous,,71.25,Daily-Price-Index-December-21-2025.pdf
2025-12-21,LOCAL COMMERCIAL RICE,Other Special,White Rice,58.40,Daily-Price-Index-December-21-2025.pdf
2025-12-21,LOCAL COMMERCIAL RICE,Premium,5% broken,50.36,Daily-Price-Index-December-21-2025.pdf
2025-12-21,LOCAL COMMERCIAL RICE,Well Milled,1-19% bran streak,43.78,Daily-Price-Index-December-21-2025.pdf
2025-12-21,LOCAL COMMERCIAL RICE,Regular Milled,20-40% bran streak,39.75,Daily-Price-Index-December-21-2025.pdf
2025-12-22,IMPORTED COMMERCIAL RICE,Basmati,,211.00,Daily-Price-Index-December-22-2025.pdf
2025-12-22,IMPORTED COMMERCIAL RICE,Glutinous,,61.49,Daily-Price-Index-December-22-2025.pdf
2025-12-22,IMPORTED COMMERCIAL RICE,Japonica/Jasponica,,61.74,Daily-Price-Index-December-22-2025.pdf
2025-12-22,IMPORTED COMMERCIAL RICE,Other Special,White Rice,59.66,Daily-Price-Index-December-22-2025.pdf
2025-12-22,IMPORTED COMMERCIAL RICE,Premium,5% broken,50.30,Daily-Price-Index-December-22-2025.pdf
2025-12-22,IMPORTED COMMERCIAL RICE,Well Milled,1-19% bran streak,45.08,Daily-Price-Index-December-22-2025.pdf
2025-12-22,IMPORTED COMMERCIAL RICE,Regular Milled,20-40% bran streak,39.38,Daily-Price-Index-December-22-2025.pdf
2025-12-22,LOCAL COMMERCIAL RICE,Glutinous,,71.64,Daily-Price-Index-December-22-2025.pdf
2025-12-22,LOCAL COMMERCIAL RICE,Other Special,White Rice,57.64,Daily-Price-Index-December-22-2025.pdf
2025-12-22,LOCAL COMMERCIAL RICE,Premium,5% broken,50.49,Daily-Price-Index-December-22-2025.pdf
2025-12-22,LOCAL COMMERCIAL RICE,Well Milled,1-19% bran streak,43.72,Daily-Price-Index-December-22-2025.pdf
2025-12-22,LOCAL COMMERCIAL RICE,Regular Milled,20-40% bran streak,38.90,Daily-Price-Index-December-22-2025.pdf
2025-12-23,IMPORTED COMMERCIAL RICE,Basmati,,211.00,Daily-Price-Index-December-23-2025.pdf
2025-12-23,IMPORTED COMMERCIAL RICE,Glutinous,,61.43,Daily-Price-Index-December-23-2025.pdf
2025-12-23,IMPORTED COMMERCIAL RICE,Japonica/Jasponica,,61.43,Daily-Price-Index-December-23-2025.pdf
2025-12-23,IMPORTED COMMERCIAL RICE,Other Special,White Rice,59.52,Daily-Price-Index-December-23-2025.pdf
2025-12-23,IMPORTED COMMERCIAL RICE,Premium,5% broken,50.31,Daily-Price-Index-December-23-2025.pdf
2025-12-23,IMPORTED COMMERCIAL RICE,Well Milled,1-19% bran streak,45.08,Daily-Price-Index-December-23-2025.pdf
2025-12-23,IMPORTED COMMERCIAL RICE,Regular Milled,20-40% bran streak,39.38,Daily-Price-Index-December-23-2025.pdf
2025-12-23,LOCAL COMMERCIAL RICE,Glutinous,,72.96,Daily-Price-Index-December-23-2025.pdf
2025-12-23,LOCAL COMMERCIAL RICE,Other Special,White Rice,57.62,Daily-Price-Index-December-23-2025.pdf
2025-12-23,LOCAL COMMERCIAL RICE,Premium,5% broken,50.42,Daily-Price-Index-December-23-2025.pdf
2025-12-23,LOCAL COMMERCIAL RICE,Well Milled,1-19% bran streak,43.76,Daily-Price-Index-December-23-2025.pdf
2025-12-23,LOCAL COMMERCIAL RICE,Regular Milled,20-40% bran streak,38.89,Daily-Price-Index-December-23-2025.pdf
2025-12-24,IMPORTED COMMERCIAL RICE,Basmati,,211.00,Daily-Price-Index-December-24-2025.pdf
2025-12-24,IMPORTED COMMERCIAL RICE,Glutinous,,61.49,Daily-Price-Index-December-24-2025.pdf
2025-12-24,IMPORTED COMMERCIAL RICE,Japonica/Jasponica,,61.74,Daily-Price-Index-December-24-2025.pdf
2025-12-24,IMPORTED COMMERCIAL RICE,Other Special,White Rice,59.66,Daily-Price-Index-December-24-2025.pdf
2025-12-24,IMPORTED COMMERCIAL RICE,Premium,5% broken,50.30,Daily-Price-Index-December-24-2025.pdf
2025-12-24,IMPORTED COMMERCIAL RICE,Well Milled,1-19% bran streak,45.08,Daily-Price-Index-December-24-2025.pdf
2025-12-24,IMPORTED COMMERCIAL RICE,Regular Milled,20-40% bran streak,39.38,Daily-Price-Index-December-24-2025.pdf
2025-12-24,LOCAL COMMERCIAL RICE,Glutinous,,71.64,Daily-Price-Index-December-24-2025.pdf
2025-12-24,LOCAL COMMERCIAL RICE,Other Special,White Rice,57.64,Daily-Price-Index-December-24-2025.pdf
2025-12-24,LOCAL COMMERCIAL RICE,Premium,5% broken,50.49,Daily-Price-Index-December-24-2025.pdf
2025-12-24,LOCAL COMMERCIAL RICE,Well Milled,1-19% bran streak,43.74,Daily-Price-Index-December-24-2025.pdf
2025-12-24,LOCAL COMMERCIAL RICE,Regular Milled,20-40% bran streak,38.90,Daily-Price-Index-December-24-2025.pdf
2025-12-25,IMPORTED COMMERCIAL RICE,Basmati,,211.00,Daily-Price-Index-December-25-2025.pdf
2025-12-25,IMPORTED COMMERCIAL RICE,Glutinous,,61.26,Daily-Price-Index-December-25-2025.pdf
2025-12-25,IMPORTED COMMERCIAL RICE,Japonica/Jasponica,,61.48,Daily-Price-Index-December-25-2025.pdf
2025-12-25,IMPORTED COMMERCIAL RICE,Other Special,White Rice,59.14,Daily-Price-Index-December-25-2025.pdf
2025-12-25,IMPORTED COMMERCIAL RICE,Premium,5% broken,50.44,Daily-Price-Index-December-25-2025.pdf
2025-12-25,IMPORTED COMMERCIAL RICE,Well Milled,1-19% bran streak,45.08,Daily-Price-Index-December-25-2025.pdf
2025-12-25,IMPORTED COMMERCIAL RICE,Regular Milled,20-40% bran streak,39.29,Daily-Price-Index-December-25-2025.pdf
2025-12-25,LOCAL COMMERCIAL RICE,Glutinous,,72.96,Daily-Price-Index-December-25-2025.pdf
2025-12-25,LOCAL COMMERCIAL RICE,Other Special,White Rice,57.58,Daily-Price-Index-December-25-2025.pdf
2025-12-25,LOCAL COMMERCIAL RICE,Premium,5% broken,50.70,Daily-Price-Index-December-25-2025.pdf
2025-12-25,LOCAL COMMERCIAL RICE,Well Milled,1-19% bran streak,43.86,Daily-Price-Index-December-25-2025.pdf
2025-12-25,LOCAL COMMERCIAL RICE,Regular Milled,20-40% bran streak,38.91,Daily-Price-Index-December-25-2025.pdf
2025-12-26,IMPORTED COMMERCIAL RICE,Basmati,,211.00,Daily-Price-Index-December-26-2025.pdf
2025-12-26,IMPORTED COMMERCIAL RICE,Glutinous,,60.94,Daily-Price-Index-December-26-2025.pdf
2025-12-26,IMPORTED COMMERCIAL RICE,Japonica/Jasponica,,61.74,Daily-Price-Index-December-26-2025.pdf
2025-12-26,IMPORTED COMMERCIAL RICE,Other Special,White Rice,59.63,Daily-Price-Index-December-26-2025.pdf
2025-12-26,IMPORTED COMMERCIAL RICE,Premium,5% broken,50.29,Daily-Price-Index-December-26-2025.pdf
2025-12-26,IMPORTED COMMERCIAL RICE,Well Milled,1-19% bran streak,45.08,Daily-Price-Index-December-26-2025.pdf
2025-12-26,IMPORTED COMMERCIAL RICE,Regular Milled,20-40% bran streak,39.38,Daily-Price-Index-December-26-2025.pdf
2025-12-26,LOCAL COMMERCIAL RICE,Glutinous,,71.64,Daily-Price-Index-December-26-2025.pdf
2025-12-26,LOCAL COMMERCIAL RICE,Other Special,White Rice,57.69,Daily-Price-Index-December-26-2025.pdf
2025-12-26,LOCAL COMMERCIAL RICE,Premium,5% broken,50.48,Daily-Price-Index-December-26-2025.pdf
2025-12-26,LOCAL COMMERCIAL RICE,Well Milled,1-19% bran streak,43.76,Daily-Price-Index-December-26-2025.pdf
2025-12-26,LOCAL COMMERCIAL RICE,Regular Milled,20-40% bran streak,38.88,Daily-Price-Index-December-26-2025.pdf
2025-12-27,IMPORTED COMMERCIAL RICE,Basmati,,211.00,Daily-Price-Index-December-27-2025.pdf
2025-12-27,IMPORTED COMMERCIAL RICE,Glutinous,,61.68,Daily-Price-Index-December-27-2025.pdf
2025-12-27,IMPORTED COMMERCIAL RICE,Japonica/Jasponica,,61.61,Daily-Price-Index-December-27-2025.pdf
2025-12-27,IMPORTED COMMERCIAL RICE,Other Special,White Rice,59.14,Daily-Price-Index-December-27-2025.pdf
2025-12-27,IMPORTED COMMERCIAL RICE,Premium,5% broken,50.57,Daily-Price-Index-December-27-2025.pdf
2025-12-27,IMPORTED COMMERCIAL RICE,Well Milled,1-19% bran streak,45.08,Daily-Price-Index-December-27-2025.pdf
2025-12-27,IMPORTED COMMERCIAL RICE,Regular Milled,20-40% bran streak,39.29,Daily-Price-Index-December-27-2025.pdf
2025-12-27,LOCAL COMMERCIAL RICE,Glutinous,,76.32,Daily-Price-Index-December-27-2025.pdf
2025-12-27,LOCAL COMMERCIAL RICE,Other Special,White Rice,57.73,Daily-Price-Index-December-27-2025.pdf
2025-12-27,LOCAL COMMERCIAL RICE,Premium,5% broken,50.85,Daily-Price-Index-December-27-2025.pdf
2025-12-27,LOCAL COMMERCIAL RICE,Well Milled,1-19% bran streak,44.21,Daily-Price-Index-December-27-2025.pdf
2025-12-27,LOCAL COMMERCIAL RICE,Regular Milled,20-40% bran streak,39.04,Daily-Price-Index-December-27-2025.pdf
2025-12-28,IMPORTED COMMERCIAL RICE,Basmati,,190.00,Daily-Price-Index-December-28-2025.pdf
2025-12-28,IMPORTED COMMERCIAL RICE,Glutinous,,62.89,Daily-Price-Index-December-28-2025.pdf
2025-12-28,IMPORTED COMMERCIAL RICE,Japonica/Jasponica,,62.00,Daily-Price-Index-December-28-2025.pdf
2025-12-28,IMPORTED COMMERCIAL RICE,Other Special,White Rice,61.50,Daily-Price-Index-December-28-2025.pdf
2025-12-28,IMPORTED COMMERCIAL RICE,Premium,5% broken,49.91,Daily-Price-Index-December-28-2025.pdf
2025-12-28,IMPORTED COMMERCIAL RICE,Well Milled,1-19% bran streak,44.50,Daily-Price-Index-December-28-2025.pdf
2025-12-28,IMPORTED COMMERCIAL RICE,Regular Milled,20-40% bran streak,39.75,Daily-Price-Index-December-28-2025.pdf
2025-12-28,LOCAL COMMERCIAL RICE,Glutinous,,73.33,Daily-Price-Index-December-28-2025.pdf
2025-12-28,LOCAL COMMERCIAL RICE,Other Special,White Rice,57.64,Daily-Price-Index-December-28-2025.pdf
2025-12-28,LOCAL COMMERCIAL RICE,Premium,5% broken,50.42,Daily-Price-Index-December-28-2025.pdf
2025-12-28,LOCAL COMMERCIAL RICE,Well Milled,1-19% bran streak,43.91,Daily-Price-Index-December-28-2025.pdf
2025-12-28,LOCAL COMMERCIAL RICE,Regular Milled,20-40% bran streak,39.11,Daily-Price-Index-December-28-2025.pdf
2025-12-29,IMPORTED COMMERCIAL RICE,Basmati,,211.00,Daily-Price-Index-December-29-2025.pdf
2025-12-29,IMPORTED COMMERCIAL RICE,Glutinous,,61.19,Daily-Price-Index-December-29-2025.pdf
2025-12-29,IMPORTED COMMERCIAL RICE,Japonica/Jasponica,,61.82,Daily-Price-Index-December-29-2025.pdf
2025-12-29,IMPORTED COMMERCIAL RICE,Other Special,White Rice,59.84,Daily-Price-Index-December-29-2025.pdf
2025-12-29,IMPORTED COMMERCIAL RICE,Premium,5% broken,50.18,Daily-Price-Index-December-29-2025.pdf
2025-12-29,IMPORTED COMMERCIAL RICE,Well Milled,1-19% bran streak,45.36,Daily-Price-Index-December-29-2025.pdf
2025-12-29,IMPORTED COMMERCIAL RICE,Regular Milled,20-40% bran streak,39.47,Daily-Price-Index-December-29-2025.pdf
2025-12-29,LOCAL COMMERCIAL RICE,Glutinous,,70.23,Daily-Price-Index-December-29-2025.pdf
2025-12-29,LOCAL COMMERCIAL RICE,Other Special,White Rice,57.76,Daily-Price-Index-December-29-2025.pdf
2025-12-29,LOCAL COMMERCIAL RICE,Premium,5% broken,50.73,Daily-Price-Index-December-29-2025.pdf
2025-12-29,LOCAL COMMERCIAL RICE,Well Milled,1-19% bran streak,43.89,Daily-Price-Index-December-29-2025.pdf
2025-12-29,LOCAL COMMERCIAL RICE,Regular Milled,20-40% bran streak,38.86,Daily-Price-Index-December-29-2025.pdf
2025-12-30,IMPORTED COMMERCIAL RICE,Basmati,,211.00,Daily-Price-Index-December-30-2025.pdf
2025-12-30,IMPORTED COMMERCIAL RICE,Glutinous,,60.84,Daily-Price-Index-December-30-2025.pdf
2025-12-30,IMPORTED COMMERCIAL RICE,Japonica/Jasponica,,61.35,Daily-Price-Index-December-30-2025.pdf
2025-12-30,IMPORTED COMMERCIAL RICE,Other Special,White Rice,59.43,Daily-Price-Index-December-30-2025.pdf
2025-12-30,IMPORTED COMMERCIAL RICE,Premium,5% broken,50.18,Daily-Price-Index-December-30-2025.pdf
2025-12-30,IMPORTED COMMERCIAL RICE,Well Milled,1-19% bran streak,45.08,Daily-Price-Index-December-30-2025.pdf
2025-12-30,IMPORTED COMMERCIAL RICE,Regular Milled,20-40% bran streak,39.92,Daily-Price-Index-December-30-2025.pdf
2025-12-30,LOCAL COMMERCIAL RICE,Glutinous,,75.10,Daily-Price-Index-December-30-2025.pdf
2025-12-30,LOCAL COMMERCIAL RICE,Other Special,White Rice,57.84,Daily-Price-Index-December-30-2025.pdf
2025-12-30,LOCAL COMMERCIAL RICE,Premium,5% broken,50.84,Daily-Price-Index-December-30-2025.pdf
2025-12-30,LOCAL COMMERCIAL RICE,Well Milled,1-19% bran streak,43.98,Daily-Price-Index-December-30-2025.pdf
2025-12-30,LOCAL COMMERCIAL RICE,Regular Milled,20-40% bran streak,38.95,Daily-Price-Index-December-30-2025.pdf
2025-12-31,IMPORTED COMMERCIAL RICE,Basmati,,211.00,Daily-Price-Index-December-31-2025.pdf
2025-12-31,IMPORTED COMMERCIAL RICE,Glutinous,,60.59,Daily-Price-Index-December-31-2025.pdf
2025-12-31,IMPORTED COMMERCIAL RICE,Japonica/Jasponica,,61.43,Daily-Price-Index-December-31-2025.pdf
2025-12-31,IMPORTED COMMERCIAL RICE,Other Special,White Rice,59.48,Daily-Price-Index-December-31-2025.pdf
2025-12-31,IMPORTED COMMERCIAL RICE,Premium,5% broken,50.30,Daily-Price-Index-December-31-2025.pdf
2025-12-31,IMPORTED COMMERCIAL RICE,Well Milled,1-19% bran streak,45.08,Daily-Price-Index-December-31-2025.pdf
2025-12-31,IMPORTED COMMERCIAL RICE,Regular Milled,20-40% bran streak,39.38,Daily-Price-Index-December-31-2025.pdf
2025-12-31,LOCAL COMMERCIAL RICE,Glutinous,,72.96,Daily-Price-Index-December-31-2025.pdf
2025-12-31,LOCAL COMMERCIAL RICE,Other Special,White Rice,57.67,Daily-Price-Index-December-31-2025.pdf
2025-12-31,LOCAL COMMERCIAL RICE,Premium,5% broken,50.41,Daily-Price-Index-December-31-2025.pdf
2025-12-31,LOCAL COMMERCIAL RICE,Well Milled,1-19% bran streak,43.78,Daily-Price-Index-December-31-2025.pdf
2025-12-31,LOCAL COMMERCIAL RICE,Regular Milled,20-40% bran streak,38.88,Daily-Price-Index-December-31-2025.pdf
2026-01-01,IMPORTED COMMERCIAL RICE,Basmati,,205.00,Daily-Price-Index-January-1-2026.pdf
2026-01-01,IMPORTED COMMERCIAL RICE,Glutinous,,60.54,Daily-Price-Index-January-1-2026.pdf
2026-01-01,IMPORTED COMMERCIAL RICE,Japonica/Jasponica,,60.37,Daily-Price-Index-January-1-2026.pdf
2026-01-01,IMPORTED COMMERCIAL RICE,Other Special,White Rice,59.96,Daily-Price-Index-January-1-2026.pdf
2026-01-01,IMPORTED COMMERCIAL RICE,Premium,5% broken,50.26,Daily-Price-Index-January-1-2026.pdf
2026-01-01,IMPORTED COMMERCIAL RICE,Well Milled,1-19% bran streak,45.78,Daily-Price-Index-January-1-2026.pdf
2026-01-01,IMPORTED COMMERCIAL RICE,Regular Milled,20-40% bran streak,38.62,Daily-Price-Index-January-1-2026.pdf
2026-01-01,LOCAL COMMERCIAL RICE,Glutinous,,73.56,Daily-Price-Index-January-1-2026.pdf
2026-01-01,LOCAL COMMERCIAL RICE,Other Special,White Rice,57.74,Daily-Price-Index-January-1-2026.pdf
2026-01-01,LOCAL COMMERCIAL RICE,Premium,5% broken,50.44,Daily-Price-Index-January-1-2026.pdf
2026-01-01,LOCAL COMMERCIAL RICE,Well Milled,1-19% bran streak,43.89,Daily-Price-Index-January-1-2026.pdf
2026-01-01,LOCAL COMMERCIAL RICE,Regular Milled,20-40% bran streak,39.18,Daily-Price-Index-January-1-2026.pdf
2026-01-02,IMPORTED COMMERCIAL RICE,Basmati,,205.00,Daily-Price-Index-January-2-2026.pdf
2026-01-02,IMPORTED COMMERCIAL RICE,Glutinous,,61.21,Daily-Price-Index-January-2-2026.pdf
2026-01-02,IMPORTED COMMERCIAL RICE,Japonica/Jasponica,,62.35,Daily-Price-Index-January-2-2026.pdf
2026-01-02,IMPORTED COMMERCIAL RICE,Other Special,White Rice,60.10,Daily-Price-Index-January-2-2026.pdf
2026-01-02,IMPORTED COMMERCIAL RICE,Premium,5% broken,50.31,Daily-Price-Index-January-2-2026.pdf
2026-01-02,IMPORTED COMMERCIAL RICE,Well Milled,1-19% bran streak,45.78,Daily-Price-Index-January-2-2026.pdf
2026-01-02,IMPORTED COMMERCIAL RICE,Regular Milled,20-40% bran streak,38.86,Daily-Price-Index-January-2-2026.pdf
2026-01-02,LOCAL COMMERCIAL RICE,Glutinous,,75.70,Daily-Price-Index-January-2-2026.pdf
2026-01-02,LOCAL COMMERCIAL RICE,Other Special,White Rice,58.05,Daily-Price-Index-January-2-2026.pdf
2026-01-02,LOCAL COMMERCIAL RICE,Premium,5% broken,50.44,Daily-Price-Index-January-2-2026.pdf
2026-01-02,LOCAL COMMERCIAL RICE,Well Milled,1-19% bran streak,43.94,Daily-Price-Index-January-2-2026.pdf
2026-01-02,LOCAL COMMERCIAL RICE,Regular Milled,20-40% bran streak,38.87,Daily-Price-Index-January-2-2026.pdf
2026-01-03,IMPORTED COMMERCIAL RICE,Basmati,,210.00,Daily-Price-Index-January-3-2026.pdf
2026-01-03,IMPORTED COMMERCIAL RICE,Glutinous,,60.68,Daily-Price-Index-January-3-2026.pdf
2026-01-03,IMPORTED COMMERCIAL RICE,Japonica/Jasponica,,62.07,Daily-Price-Index-January-3-2026.pdf
2026-01-03,IMPORTED COMMERCIAL RICE,Other Special,White Rice,60.06,Daily-Price-Index-January-3-2026.pdf
2026-01-03,IMPORTED COMMERCIAL RICE,Premium,5% broken,50.37,Daily-Price-Index-January-3-2026.pdf
2026-01-03,IMPORTED COMMERCIAL RICE,Well Milled,1-19% bran streak,45.36,Daily-Price-Index-January-3-2026.pdf
2026-01-03,IMPORTED COMMERCIAL RICE,Regular Milled,20-40% bran streak,39.13,Daily-Price-Index-January-3-2026.pdf
2026-01-03,LOCAL COMMERCIAL RICE,Glutinous,,72.90,Daily-Price-Index-January-3-2026.pdf
2026-01-03,LOCAL COMMERCIAL RICE,Other Special,White Rice,57.93,Daily-Price-Index-January-3-2026.pdf
2026-01-03,LOCAL COMMERCIAL RICE,Premium,5% broken,50.53,Daily-Price-Index-January-3-2026.pdf
2026-01-03,LOCAL COMMERCIAL RICE,Well Milled,1-19% bran streak,43.93,Daily-Price-Index-January-3-2026.pdf
2026-01-03,LOCAL COMMERCIAL RICE,Regular Milled,20-40% bran streak,38.91,Daily-Price-Index-January-3-2026.pdf
2026-01-04,IMPORTED COMMERCIAL RICE,Basmati,,190.00,Daily-Price-Index-January-4-2026.pdf
2026-01-04,IMPORTED COMMERCIAL RICE,Glutinous,,61.88,Daily-Price-Index-January-4-2026.pdf
2026-01-04,IMPORTED COMMERCIAL RICE,Japonica/Jasponica,,61.67,Daily-Price-Index-January-4-2026.pdf
2026-01-04,IMPORTED COMMERCIAL RICE,Other Special,White Rice,59.83,Daily-Price-Index-January-4-2026.pdf
2026-01-04,IMPORTED COMMERCIAL RICE,Premium,5% broken,51.33,Daily-Price-Index-January-4-2026.pdf
2026-01-04,IMPORTED COMMERCIAL RICE,Well Milled,1-19% bran streak,44.50,Daily-Price-Index-January-4-2026.pdf
2026-01-04,IMPORTED COMMERCIAL RICE,Regular Milled,20-40% bran streak,41.67,Daily-Price-Index-January-4-2026.pdf
2026-01-04,LOCAL COMMERCIAL RICE,Glutinous,,69.25,Daily-Price-Index-January-4-2026.pdf
2026-01-04,LOCAL COMMERCIAL RICE,Other Special,White Rice,58.00,Daily-Price-Index-January-4-2026.pdf
2026-01-04,LOCAL COMMERCIAL RICE,Premium,5% broken,51.00,Daily-Price-Index-January-4-2026.pdf
2026-01-04,LOCAL COMMERCIAL RICE,Well Milled,1-19% bran streak,43.45,Daily-Price-Index-January-4-2026.pdf
2026-01-04,LOCAL COMMERCIAL RICE,Regular Milled,20-40% bran streak,40.43,Daily-Price-Index-January-4-2026.pdf
2026-01-05,IMPORTED COMMERCIAL RICE,Basmati,,205.00,Daily-Price-Index-January-5-2026.pdf
2026-01-05,IMPORTED COMMERCIAL RICE,Glutinous,,60.81,Daily-Price-Index-January-5-2026.pdf
2026-01-05,IMPORTED COMMERCIAL RICE,Japonica/Jasponica,,61.54,Daily-Price-Index-January-5-2026.pdf
2026-01-05,IMPORTED COMMERCIAL RICE,Other Special,White Rice,59.65,Daily-Price-Index-January-5-2026.pdf
2026-01-05,IMPORTED COMMERCIAL RICE,Premium,5% broken,50.31,Daily-Price-Index-January-5-2026.pdf
2026-01-05,IMPORTED COMMERCIAL RICE,Well Milled,1-19% bran streak,45.83,Daily-Price-Index-January-5-2026.pdf
2026-01-05,IMPORTED COMMERCIAL RICE,Regular Milled,20-40% bran streak,39.21,Daily-Price-Index-January-5-2026.pdf
2026-01-05,LOCAL COMMERCIAL RICE,Glutinous,,71.09,Daily-Price-Index-January-5-2026.pdf
2026-01-05,LOCAL COMMERCIAL RICE,Other Special,White Rice,57.67,Daily-Price-Index-January-5-2026.pdf
2026-01-05,LOCAL COMMERCIAL RICE,Premium,5% broken,50.55,Daily-Price-Index-January-5-2026.pdf
2026-01-05,LOCAL COMMERCIAL RICE,Well Milled,1-19% bran streak,43.98,Daily-Price-Index-January-5-2026.pdf
2026-01-05,LOCAL COMMERCIAL RICE,Regular Milled,20-40% bran streak,38.90,Daily-Price-Index-January-5-2026.pdf
2026-01-06,IMPORTED COMMERCIAL RICE,Basmati,,211.00,Daily-Price-Index-January-6-2026.pdf
2026-01-06,IMPORTED COMMERCIAL RICE,Glutinous,,61.60,Daily-Price-Index-January-6-2026.pdf
2026-01-06,IMPORTED COMMERCIAL RICE,Japonica/Jasponica,,61.48,Daily-Price-Index-January-6-2026.pdf
2026-01-06,IMPORTED COMMERCIAL RICE,Other Special,White Rice,59.20,Daily-Price-Index-January-6-2026.pdf
2026-01-06,IMPORTED COMMERCIAL RICE,Premium,5% broken,50.62,Daily-Price-Index-January-6-2026.pdf
2026-01-06,IMPORTED COMMERCIAL RICE,Well Milled,1-19% bran streak,45.83,Daily-Price-Index-January-6-2026.pdf
2026-01-06,IMPORTED COMMERCIAL RICE,Regular Milled,20-40% bran streak,39.38,Daily-Price-Index-January-6-2026.pdf
2026-01-06,LOCAL COMMERCIAL RICE,Glutinous,,71.50,Daily-Price-Index-January-6-2026.pdf
2026-01-06,LOCAL COMMERCIAL RICE,Other Special,White Rice,57.71,Daily-Price-Index-January-6-2026.pdf
2026-01-06,LOCAL COMMERCIAL RICE,Premium,5% broken,51.05,Daily-Price-Index-January-6-2026.pdf
2026-01-06,LOCAL COMMERCIAL RICE,Well Milled,1-19% bran streak,44.30,Daily-Price-Index-January-6-2026.pdf
2026-01-06,LOCAL COMMERCIAL RICE,Regular Milled,20-40% bran streak,39.36,Daily-Price-Index-January-6-2026.pdf
2026-01-07,IMPORTED COMMERCIAL RICE,Basmati,,211.00,Daily-Price-Index-January-7-2026.pdf
2026-01-07,IMPORTED COMMERCIAL RICE,Glutinous,,61.52,Daily-Price-Index-January-7-2026.pdf
2026-01-07,IMPORTED COMMERCIAL RICE,Japonica/Jasponica,,61.31,Daily-Price-Index-January-7-2026.pdf
2026-01-07,IMPORTED COMMERCIAL RICE,Other Special,White Rice,59.36,Daily-Price-Index-January-7-2026.pdf
2026-01-07,IMPORTED COMMERCIAL RICE,Premium,5% broken,50.63,Daily-Price-Index-January-7-2026.pdf
2026-01-07,IMPORTED COMMERCIAL RICE,Well Milled,1-19% bran streak,46.50,Daily-Price-Index-January-7-2026.pdf
2026-01-07,IMPORTED COMMERCIAL RICE,Regular Milled,20-40% bran streak,39.92,Daily-Price-Index-January-7-2026.pdf
2026-01-07,LOCAL COMMERCIAL RICE,Glutinous,,71.50,Daily-Price-Index-January-7-2026.pdf
2026-01-07,LOCAL COMMERCIAL RICE,Other Special,White Rice,57.77,Daily-Price-Index-January-7-2026.pdf
2026-01-07,LOCAL COMMERCIAL RICE,Premium,5% broken,51.17,Daily-Price-Index-January-7-2026.pdf
2026-01-07,LOCAL COMMERCIAL RICE,Well Milled,1-19% bran streak,44.38,Daily-Price-Index-January-7-2026.pdf
2026-01-07,LOCAL COMMERCIAL RICE,Regular Milled,20-40% bran streak,39.56,Daily-Price-Index-January-7-2026.pdf
2026-01-08,IMPORTED COMMERCIAL RICE,Basmati,,211.00,Daily-Price-Index-January-8-2026.pdf
2026-01-08,IMPORTED COMMERCIAL RICE,Glutinous,,60.72,Daily-Price-Index-January-8-2026.pdf
2026-01-08,IMPORTED COMMERCIAL RICE,Japonica/Jasponica,,61.31,Daily-Price-Index-January-8-2026.pdf
2026-01-08,IMPORTED COMMERCIAL RICE,Other Special,White Rice,60.00,Daily-Price-Index-January-8-2026.pdf
2026-01-08,IMPORTED COMMERCIAL RICE,Premium,5% broken,50.49,Daily-Price-Index-January-8-2026.pdf
2026-01-08,IMPORTED COMMERCIAL RICE,Well Milled,1-19% bran streak,46.50,Daily-Price-Index-January-8-2026.pdf
2026-01-08,IMPORTED COMMERCIAL RICE,Regular Milled,20-40% bran streak,39.93,Daily-Price-Index-January-8-2026.pdf
2026-01-08,LOCAL COMMERCIAL RICE,Glutinous,,71.50,Daily-Price-Index-January-8-2026.pdf
2026-01-08,LOCAL COMMERCIAL RICE,Other Special,White Rice,57.70,Daily-Price-Index-January-8-2026.pdf
2026-01-08,LOCAL COMMERCIAL RICE,Premium,5% broken,50.61,Daily-Price-Index-January-8-2026.pdf
2026-01-08,LOCAL COMMERCIAL RICE,Well Milled,1-19% bran streak,44.09,Daily-Price-Index-January-8-2026.pdf
2026-01-08,LOCAL COMMERCIAL RICE,Regular Milled,20-40% bran streak,39.38,Daily-Price-Index-January-8-2026.pdf
2026-01-09,IMPORTED COMMERCIAL RICE,Basmati,,211.00,Daily-Price-Index-January-9-2026.pdf
2026-01-09,IMPORTED COMMERCIAL RICE,Glutinous,,60.61,Daily-Price-Index-January-9-2026.pdf
2026-01-09,IMPORTED COMMERCIAL RICE,Japonica/Jasponica,,61.29,Daily-Price-Index-January-9-2026.pdf
2026-01-09,IMPORTED COMMERCIAL RICE,Other Special,White Rice,59.84,Daily-Price-Index-January-9-2026.pdf
2026-01-09,IMPORTED COMMERCIAL RICE,Premium,5% broken,50.55,Daily-Price-Index-January-9-2026.pdf
2026-01-09,IMPORTED COMMERCIAL RICE,Well Milled,1-19% bran streak,46.08,Daily-Price-Index-January-9-2026.pdf
2026-01-09,IMPORTED COMMERCIAL RICE,Regular Milled,20-40% bran streak,39.93,Daily-Price-Index-January-9-2026.pdf
2026-01-09,LOCAL COMMERCIAL RICE,Glutinous,,72.90,Daily-Price-Index-January-9-2026.pdf
2026-01-09,LOCAL COMMERCIAL RICE,Other Special,White Rice,57.71,Daily-Price-Index-January-9-2026.pdf
2026-01-09,LOCAL COMMERCIAL RICE,Premium,5% broken,50.54,Daily-Price-Index-January-9-2026.pdf
2026-01-09,LOCAL COMMERCIAL RICE,Well Milled,1-19% bran streak,44.11,Daily-Price-Index-January-9-2026.pdf
2026-01-09,LOCAL COMMERCIAL RICE,Regular Milled,20-40% bran streak,39.44,Daily-Price-Index-January-9-2026.pdf
2026-01-10,IMPORTED COMMERCIAL RICE,Basmati,,211.00,Daily-Price-Index-January-10-2026.pdf
2026-01-10,IMPORTED COMMERCIAL RICE,Glutinous,,60.72,Daily-Price-Index-January-10-2026.pdf
2026-01-10,IMPORTED COMMERCIAL RICE,Japonica/Jasponica,,61.31,Daily-Price-Index-January-10-2026.pdf
2026-01-10,IMPORTED COMMERCIAL RICE,Other Special,White Rice,59.89,Daily-Price-Index-January-10-2026.pdf
2026-01-10,IMPORTED COMMERCIAL RICE,Premium,5% broken,50.51,Daily-Price-Index-January-10-2026.pdf
2026-01-10,IMPORTED COMMERCIAL RICE,Well Milled,1-19% bran streak,46.50,Daily-Price-Index-January-10-2026.pdf
2026-01-10,IMPORTED COMMERCIAL RICE,Regular Milled,20-40% bran streak,39.93,Daily-Price-Index-January-10-2026.pdf
2026-01-10,LOCAL COMMERCIAL RICE,Glutinous,,71.50,Daily-Price-Index-January-10-2026.pdf
2026-01-10,LOCAL COMMERCIAL RICE,Other Special,White Rice,57.70,Daily-Price-Index-January-10-2026.pdf
2026-01-10,LOCAL COMMERCIAL RICE,Premium,5% broken,50.73,Daily-Price-Index-January-10-2026.pdf
2026-01-10,LOCAL COMMERCIAL RICE,Well Milled,1-19% bran streak,44.18,Daily-Price-Index-January-10-2026.pdf
2026-01-10,LOCAL COMMERCIAL RICE,Regular Milled,20-40% bran streak,39.49,Daily-Price-Index-January-10-2026.pdf
2026-01-11,IMPORTED COMMERCIAL RICE,Basmati,,190.00,Daily-Price-Index-January-11-2026.pdf
2026-01-11,IMPORTED COMMERCIAL RICE,Glutinous,,62.25,Daily-Price-Index-January-11-2026.pdf
2026-01-11,IMPORTED COMMERCIAL RICE,Japonica/Jasponica,,62.50,Daily-Price-Index-January-11-2026.pdf
2026-01-11,IMPORTED COMMERCIAL RICE,Other Special,White Rice,60.50,Daily-Price-Index-January-11-2026.pdf
2026-01-11,IMPORTED COMMERCIAL RICE,Premium,5% broken,50.82,Daily-Price-Index-January-11-2026.pdf
2026-01-11,IMPORTED COMMERCIAL RICE,Well Milled,1-19% bran streak,45.33,Daily-Price-Index-January-11-2026.pdf
2026-01-11,IMPORTED COMMERCIAL RICE,Regular Milled,20-40% bran streak,41.67,Daily-Price-Index-January-11-2026.pdf
2026-01-11,LOCAL COMMERCIAL RICE,Glutinous,,61.67,Daily-Price-Index-January-11-2026.pdf
2026-01-11,LOCAL COMMERCIAL RICE,Other Special,White Rice,58.10,Daily-Price-Index-January-11-2026.pdf
2026-01-11,LOCAL COMMERCIAL RICE,Premium,5% broken,51.00,Daily-Price-Index-January-11-2026.pdf
2026-01-11,LOCAL COMMERCIAL RICE,Well Milled,1-19% bran streak,44.22,Daily-Price-Index-January-11-2026.pdf
2026-01-11,LOCAL COMMERCIAL RICE,Regular Milled,20-40% bran streak,40.38,Daily-Price-Index-January-11-2026.pdf
2026-01-12,IMPORTED COMMERCIAL RICE,Basmati,,211.00,Daily-Price-Index-January-12-2026.pdf
2026-01-12,IMPORTED COMMERCIAL RICE,Glutinous,,60.64,Daily-Price-Index-January-12-2026.pdf
2026-01-12,IMPORTED COMMERCIAL RICE,Japonica/Jasponica,,61.27,Daily-Price-Index-January-12-2026.pdf
2026-01-12,IMPORTED COMMERCIAL RICE,Other Special,White Rice,59.90,Daily-Price-Index-January-12-2026.pdf
2026-01-12,IMPORTED COMMERCIAL RICE,Premium,5% broken,50.57,Daily-Price-Index-January-12-2026.pdf
2026-01-12,IMPORTED COMMERCIAL RICE,Well Milled,1-19% bran streak,46.08,Daily-Price-Index-January-12-2026.pdf
2026-01-12,IMPORTED COMMERCIAL RICE,Regular Milled,20-40% bran streak,39.93,Daily-Price-Index-January-12-2026.pdf
2026-01-12,LOCAL COMMERCIAL RICE,Glutinous,,72.90,Daily-Price-Index-January-12-2026.pdf
2026-01-12,LOCAL COMMERCIAL RICE,Other Special,White Rice,57.83,Daily-Price-Index-January-12-2026.pdf
2026-01-12,LOCAL COMMERCIAL RICE,Premium,5% broken,50.66,Daily-Price-Index-January-12-2026.pdf
2026-01-12,LOCAL COMMERCIAL RICE,Well Milled,1-19% bran streak,44.18,Daily-Price-Index-January-12-2026.pdf
2026-01-12,LOCAL COMMERCIAL RICE,Regular Milled,20-40% bran streak,39.49,Daily-Price-Index-January-12-2026.pdf
2026-01-14,IMPORTED COMMERCIAL RICE,Basmati,,211.00,Daily-Price-Index-January-14-2026-1.pdf
2026-01-14,IMPORTED COMMERCIAL RICE,Glutinous,,60.64,Daily-Price-Index-January-14-2026-1.pdf
2026-01-14,IMPORTED COMMERCIAL RICE,Japonica/Jasponica,,61.27,Daily-Price-Index-January-14-2026-1.pdf
2026-01-14,IMPORTED COMMERCIAL RICE,Other Special,White Rice,59.90,Daily-Price-Index-January-14-2026-1.pdf
2026-01-14,IMPORTED COMMERCIAL RICE,Premium,5% broken,50.63,Daily-Price-Index-January-14-2026-1.pdf
2026-01-14,IMPORTED COMMERCIAL RICE,Well Milled,1-19% bran streak,46.08,Daily-Price-Index-January-14-2026-1.pdf
2026-01-14,IMPORTED COMMERCIAL RICE,Regular Milled,20-40% bran streak,39.93,Daily-Price-Index-January-14-2026-1.pdf
2026-01-14,LOCAL COMMERCIAL RICE,Glutinous,,72.90,Daily-Price-Index-January-14-2026-1.pdf
2026-01-14,LOCAL COMMERCIAL RICE,Other Special,White Rice,57.82,Daily-Price-Index-January-14-2026-1.pdf
2026-01-14,LOCAL COMMERCIAL RICE,Premium,5% broken,50.66,Daily-Price-Index-January-14-2026-1.pdf
2026-01-14,LOCAL COMMERCIAL RICE,Well Milled,1-19% bran streak,44.14,Daily-Price-Index-January-14-2026-1.pdf
2026-01-14,LOCAL COMMERCIAL RICE,Regular Milled,20-40% bran streak,39.49,Daily-Price-Index-January-14-2026-1.pdf
2026-01-15,IMPORTED COMMERCIAL RICE,Basmati,,211.00,Daily-Price-Index-January-15-2026.pdf
2026-01-15,IMPORTED COMMERCIAL RICE,Glutinous,,61.56,Daily-Price-Index-January-15-2026.pdf
2026-01-15,IMPORTED COMMERCIAL RICE,Japonica/Jasponica,,61.27,Daily-Price-Index-January-15-2026.pdf
2026-01-15,IMPORTED COMMERCIAL RICE,Other Special,White Rice,59.50,Daily-Price-Index-January-15-2026.pdf
2026-01-15,IMPORTED COMMERCIAL RICE,Premium,5% broken,51.09,Daily-Price-Index-January-15-2026.pdf
2026-01-15,IMPORTED COMMERCIAL RICE,Well Milled,1-19% bran streak,46.15,Daily-Price-Index-January-15-2026.pdf
2026-01-15,IMPORTED COMMERCIAL RICE,Regular Milled,20-40% bran streak,39.27,Daily-Price-Index-January-15-2026.pdf
2026-01-15,LOCAL COMMERCIAL RICE,Glutinous,,73.17,Daily-Price-Index-January-15-2026.pdf
2026-01-15,LOCAL COMMERCIAL RICE,Other Special,White Rice,57.95,Daily-Price-Index-January-15-2026.pdf
2026-01-15,LOCAL COMMERCIAL RICE,Premium,5% broken,51.22,Daily-Price-Index-January-15-2026.pdf
2026-01-15,LOCAL COMMERCIAL RICE,Well Milled,1-19% bran streak,44.60,Daily-Price-Index-January-15-2026.pdf
2026-01-15,LOCAL COMMERCIAL RICE,Regular Milled,20-40% bran streak,39.89,Daily-Price-Index-January-15-2026.pdf
2026-01-16,IMPORTED COMMERCIAL RICE,Basmati,,211.00,Daily-Price-Index-January-16-2026.pdf
2026-01-16,IMPORTED COMMERCIAL RICE,Glutinous,,60.63,Daily-Price-Index-January-16-2026.pdf
2026-01-16,IMPORTED COMMERCIAL RICE,Japonica/Jasponica,,61.18,Daily-Price-Index-January-16-2026.pdf
2026-01-16,IMPORTED COMMERCIAL RICE,Other Special,White Rice,59.46,Daily-Price-Index-January-16-2026.pdf
2026-01-16,IMPORTED COMMERCIAL RICE,Premium,5% broken,51.12,Daily-Price-Index-January-16-2026.pdf
2026-01-16,IMPORTED COMMERCIAL RICE,Well Milled,1-19% bran streak,45.83,Daily-Price-Index-January-16-2026.pdf
2026-01-16,IMPORTED COMMERCIAL RICE,Regular Milled,20-40% bran streak,40.12,Daily-Price-Index-January-16-2026.pdf
2026-01-16,LOCAL COMMERCIAL RICE,Glutinous,,74.98,Daily-Price-Index-January-16-2026.pdf
2026-01-16,LOCAL COMMERCIAL RICE,Other Special,White Rice,58.07,Daily-Price-Index-January-16-2026.pdf
2026-01-16,LOCAL COMMERCIAL RICE,Premium,5% broken,51.26,Daily-Price-Index-January-16-2026.pdf
2026-01-16,LOCAL COMMERCIAL RICE,Well Milled,1-19% bran streak,44.63,Daily-Price-Index-January-16-2026.pdf
2026-01-16,LOCAL COMMERCIAL RICE,Regular Milled,20-40% bran streak,39.79,Daily-Price-Index-January-16-2026.pdf
2026-01-17,IMPORTED COMMERCIAL RICE,Basmati,,211.00,Daily-Price-Index-January-17-2026.pdf
2026-01-17,IMPORTED COMMERCIAL RICE,Glutinous,,60.90,Daily-Price-Index-January-17-2026.pdf
2026-01-17,IMPORTED COMMERCIAL RICE,Japonica/Jasponica,,61.18,Daily-Price-Index-January-17-2026.pdf
2026-01-17,IMPORTED COMMERCIAL RICE,Other Special,White Rice,59.59,Daily-Price-Index-January-17-2026.pdf
2026-01-17,IMPORTED COMMERCIAL RICE,Premium,5% broken,51.05,Daily-Price-Index-January-17-2026.pdf
2026-01-17,IMPORTED COMMERCIAL RICE,Well Milled,1-19% bran streak,47.29,Daily-Price-Index-January-17-2026.pdf
2026-01-17,IMPORTED COMMERCIAL RICE,Regular Milled,20-40% bran streak,40.86,Daily-Price-Index-January-17-2026.pdf
2026-01-17,LOCAL COMMERCIAL RICE,Glutinous,,74.98,Daily-Price-Index-January-17-2026.pdf
2026-01-17,LOCAL COMMERCIAL RICE,Other Special,White Rice,58.09,Daily-Price-Index-January-17-2026.pdf
2026-01-17,LOCAL COMMERCIAL RICE,Premium,5% broken,51.18,Daily-Price-Index-January-17-2026.pdf
2026-01-17,LOCAL COMMERCIAL RICE,Well Milled,1-19% bran streak,44.68,Daily-Price-Index-January-17-2026.pdf
2026-01-17,LOCAL COMMERCIAL RICE,Regular Milled,20-40% bran streak,39.79,Daily-Price-Index-January-17-2026.pdf
2026-01-18,IMPORTED COMMERCIAL RICE,Basmati,,190.00,Daily-Price-Index-January-18-2026.pdf
2026-01-18,IMPORTED COMMERCIAL RICE,Glutinous,,62.38,Daily-Price-Index-January-18-2026.pdf
2026-01-18,IMPORTED COMMERCIAL RICE,Japonica/Jasponica,,62.50,Daily-Price-Index-January-18-2026.pdf
2026-01-18,IMPORTED COMMERCIAL RICE,Other Special,White Rice,59.80,Daily-Price-Index-January-18-2026.pdf
2026-01-18,IMPORTED COMMERCIAL RICE,Premium,5% broken,51.44,Daily-Price-Index-January-18-2026.pdf
2026-01-18,IMPORTED COMMERCIAL RICE,Well Milled,1-19% bran streak,46.33,Daily-Price-Index-January-18-2026.pdf
2026-01-18,IMPORTED COMMERCIAL RICE,Regular Milled,20-40% bran streak,40.50,Daily-Price-Index-January-18-2026.pdf
2026-01-18,LOCAL COMMERCIAL RICE,Glutinous,,74.00,Daily-Price-Index-January-18-2026.pdf
2026-01-18,LOCAL COMMERCIAL RICE,Other Special,White Rice,58.09,Daily-Price-Index-January-18-2026.pdf
2026-01-18,LOCAL COMMERCIAL RICE,Premium,5% broken,51.08,Daily-Price-Index-January-18-2026.pdf
2026-01-18,LOCAL COMMERCIAL RICE,Well Milled,1-19% bran streak,45.50,Daily-Price-Index-January-18-2026.pdf
2026-01-18,LOCAL COMMERCIAL RICE,Regular Milled,20-40% bran streak,40.38,Daily-Price-Index-January-18-2026.pdf
2026-01-19,IMPORTED COMMERCIAL RICE,Basmati,,211.00,Daily-Price-Index-January-19-2026.pdf
2026-01-19,IMPORTED COMMERCIAL RICE,Glutinous,,61.13,Daily-Price-Index-January-19-2026.pdf
2026-01-19,IMPORTED COMMERCIAL RICE,Japonica/Jasponica,,61.84,Daily-Price-Index-January-19-2026.pdf
2026-01-19,IMPORTED COMMERCIAL RICE,Other Special,White Rice,59.59,Daily-Price-Index-January-19-2026.pdf
2026-01-19,IMPORTED COMMERCIAL RICE,Premium,5% broken,51.85,Daily-Price-Index-January-19-2026.pdf
2026-01-19,IMPORTED COMMERCIAL RICE,Well Milled,1-19% bran streak,46.17,Daily-Price-Index-January-19-2026.pdf
2026-01-19,IMPORTED COMMERCIAL RICE,Regular Milled,20-40% bran streak,39.74,Daily-Price-Index-January-19-2026.pdf
2026-01-19,LOCAL COMMERCIAL RICE,Glutinous,,74.97,Daily-Price-Index-January-19-2026.pdf
2026-01-19,LOCAL COMMERCIAL RICE,Other Special,White Rice,58.02,Daily-Price-Index-January-19-2026.pdf
2026-01-19,LOCAL COMMERCIAL RICE,Premium,5% broken,51.17,Daily-Price-Index-January-19-2026.pdf
2026-01-19,LOCAL COMMERCIAL RICE,Well Milled,1-19% bran streak,44.63,Daily-Price-Index-January-19-2026.pdf
2026-01-19,LOCAL COMMERCIAL RICE,Regular Milled,20-40% bran streak,39.54,Daily-Price-Index-January-19-2026.pdf
2026-01-20,IMPORTED COMMERCIAL RICE,Basmati,,211.00,Daily-Price-Index-January-20-2026.pdf
2026-01-20,IMPORTED COMMERCIAL RICE,Glutinous,,61.13,Daily-Price-Index-January-20-2026.pdf
2026-01-20,IMPORTED COMMERCIAL RICE,Japonica/Jasponica,,61.58,Daily-Price-Index-January-20-2026.pdf
2026-01-20,IMPORTED COMMERCIAL RICE,Other Special,White Rice,59.61,Daily-Price-Index-January-20-2026.pdf
2026-01-20,IMPORTED COMMERCIAL RICE,Premium,5% broken,51.47,Daily-Price-Index-January-20-2026.pdf
2026-01-20,IMPORTED COMMERCIAL RICE,Well Milled,1-19% bran streak,46.17,Daily-Price-Index-January-20-2026.pdf
2026-01-20,IMPORTED COMMERCIAL RICE,Regular Milled,20-40% bran streak,39.74,Daily-Price-Index-January-20-2026.pdf
2026-01-20,LOCAL COMMERCIAL RICE,Glutinous,,71.60,Daily-Price-Index-January-20-2026.pdf
2026-01-20,LOCAL COMMERCIAL RICE,Other Special,White Rice,58.00,Daily-Price-Index-January-20-2026.pdf
2026-01-20,LOCAL COMMERCIAL RICE,Premium,5% broken,51.24,Daily-Price-Index-January-20-2026.pdf
2026-01-20,LOCAL COMMERCIAL RICE,Well Milled,1-19% bran streak,44.44,Daily-Price-Index-January-20-2026.pdf
2026-01-20,LOCAL COMMERCIAL RICE,Regular Milled,20-40% bran streak,39.71,Daily-Price-Index-January-20-2026.pdf
2026-01-21,IMPORTED COMMERCIAL RICE,Basmati,,211.00,Daily-Price-Index-January-21-2026.pdf
2026-01-21,IMPORTED COMMERCIAL RICE,Glutinous,,60.73,Daily-Price-Index-January-21-2026.pdf
2026-01-21,IMPORTED COMMERCIAL RICE,Japonica/Jasponica,,61.31,Daily-Price-Index-January-21-2026.pdf
2026-01-21,IMPORTED COMMERCIAL RICE,Other Special,White Rice,59.62,Daily-Price-Index-January-21-2026.pdf
2026-01-21,IMPORTED COMMERCIAL RICE,Premium,5% broken,51.81,Daily-Price-Index-January-21-2026.pdf
2026-01-21,IMPORTED COMMERCIAL RICE,Well Milled,1-19% bran streak,46.17,Daily-Price-Index-January-21-2026.pdf
2026-01-21,IMPORTED COMMERCIAL RICE,Regular Milled,20-40% bran streak,39.74,Daily-Price-Index-January-21-2026.pdf
2026-01-21,LOCAL COMMERCIAL RICE,Glutinous,,72.90,Daily-Price-Index-January-21-2026.pdf
2026-01-21,LOCAL COMMERCIAL RICE,Other Special,White Rice,57.92,Daily-Price-Index-January-21-2026.pdf
2026-01-21,LOCAL COMMERCIAL RICE,Premium,5% broken,51.16,Daily-Price-Index-January-21-2026.pdf
2026-01-21,LOCAL COMMERCIAL RICE,Well Milled,1-19% bran streak,44.43,Daily-Price-Index-January-21-2026.pdf
2026-01-21,LOCAL COMMERCIAL RICE,Regular Milled,20-40% bran streak,39.77,Daily-Price-Index-January-21-2026.pdf
2026-01-22,IMPORTED COMMERCIAL RICE,Basmati,,211.00,Daily-Price-Index-January-22-2026.pdf
2026-01-22,IMPORTED COMMERCIAL RICE,Glutinous,,60.76,Daily-Price-Index-January-22-2026.pdf
2026-01-22,IMPORTED COMMERCIAL RICE,Japonica/Jasponica,,61.07,Daily-Price-Index-January-22-2026.pdf
2026-01-22,IMPORTED COMMERCIAL RICE,Other Special,White Rice,59.62,Daily-Price-Index-January-22-2026.pdf
2026-01-22,IMPORTED COMMERCIAL RICE,Premium,5% broken,51.80,Daily-Price-Index-January-22-2026.pdf
2026-01-22,IMPORTED COMMERCIAL RICE,Well Milled,1-19% bran streak,46.17,Daily-Price-Index-January-22-2026.pdf
2026-01-22,IMPORTED COMMERCIAL RICE,Regular Milled,20-40% bran streak,40.12,Daily-Price-Index-January-22-2026.pdf
2026-01-22,LOCAL COMMERCIAL RICE,Glutinous,,74.98,Daily-Price-Index-January-22-2026.pdf
2026-01-22,LOCAL COMMERCIAL RICE,Other Special,White Rice,58.16,Daily-Price-Index-January-22-2026.pdf
2026-01-22,LOCAL COMMERCIAL RICE,Premium,5% broken,51.37,Daily-Price-Index-January-22-2026.pdf
2026-01-22,LOCAL COMMERCIAL RICE,Well Milled,1-19% bran streak,44.78,Daily-Price-Index-January-22-2026.pdf
2026-01-22,LOCAL COMMERCIAL RICE,Regular Milled,20-40% bran streak,40.12,Daily-Price-Index-January-22-2026.pdf
2026-01-23,IMPORTED COMMERCIAL RICE,Basmati,,211.00,Daily-Price-Index-January-23-2026.pdf
2026-01-23,IMPORTED COMMERCIAL RICE,Glutinous,,60.86,Daily-Price-Index-January-23-2026.pdf
2026-01-23,IMPORTED COMMERCIAL RICE,Japonica/Jasponica,,61.20,Daily-Price-Index-January-23-2026.pdf
2026-01-23,IMPORTED COMMERCIAL RICE,Other Special,White Rice,60.47,Daily-Price-Index-January-23-2026.pdf
2026-01-23,IMPORTED COMMERCIAL RICE,Premium,5% broken,52.18,Daily-Price-Index-January-23-2026.pdf
2026-01-23,IMPORTED COMMERCIAL RICE,Well Milled,1-19% bran streak,46.82,Daily-Price-Index-January-23-2026.pdf
2026-01-23,IMPORTED COMMERCIAL RICE,Regular Milled,20-40% bran streak,39.72,Daily-Price-Index-January-23-2026.pdf
2026-01-23,LOCAL COMMERCIAL RICE,Glutinous,,72.90,Daily-Price-Index-January-23-2026.pdf
2026-01-23,LOCAL COMMERCIAL RICE,Other Special,White Rice,57.98,Daily-Price-Index-January-23-2026.pdf
2026-01-23,LOCAL COMMERCIAL RICE,Premium,5% broken,50.89,Daily-Price-Index-January-23-2026.pdf
2026-01-23,LOCAL COMMERCIAL RICE,Well Milled,1-19% bran streak,44.46,Daily-Price-Index-January-23-2026.pdf
2026-01-23,LOCAL COMMERCIAL RICE,Regular Milled,20-40% bran streak,39.87,Daily-Price-Index-January-23-2026.pdf
2026-01-24,IMPORTED COMMERCIAL RICE,Basmati,,211.00,Daily-Price-Index-January-24-2026.pdf
2026-01-24,IMPORTED COMMERCIAL RICE,Glutinous,,59.80,Daily-Price-Index-January-24-2026.pdf
2026-01-24,IMPORTED COMMERCIAL RICE,Japonica/Jasponica,,61.31,Daily-Price-Index-January-24-2026.pdf
2026-01-24,IMPORTED COMMERCIAL RICE,Other Special,White Rice,60.47,Daily-Price-Index-January-24-2026.pdf
2026-01-24,IMPORTED COMMERCIAL RICE,Premium,5% broken,52.05,Daily-Price-Index-January-24-2026.pdf
2026-01-24,IMPORTED COMMERCIAL RICE,Well Milled,1-19% bran streak,46.82,Daily-Price-Index-January-24-2026.pdf
2026-01-24,IMPORTED COMMERCIAL RICE,Regular Milled,20-40% bran streak,39.35,Daily-Price-Index-January-24-2026.pdf
2026-01-24,LOCAL COMMERCIAL RICE,Glutinous,,72.90,Daily-Price-Index-January-24-2026.pdf
2026-01-24,LOCAL COMMERCIAL RICE,Other Special,White Rice,57.86,Daily-Price-Index-January-24-2026.pdf
2026-01-24,LOCAL COMMERCIAL RICE,Premium,5% broken,50.84,Daily-Price-Index-January-24-2026.pdf
2026-01-24,LOCAL COMMERCIAL RICE,Well Milled,1-19% bran streak,44.41,Daily-Price-Index-January-24-2026.pdf
2026-01-24,LOCAL COMMERCIAL RICE,Regular Milled,20-40% bran streak,39.97,Daily-Price-Index-January-24-2026.pdf
2026-01-25,IMPORTED COMMERCIAL RICE,Basmati,,190.00,Daily-Price-Index-January-25-2026.pdf
2026-01-25,IMPORTED COMMERCIAL RICE,Glutinous,,62.25,Daily-Price-Index-January-25-2026.pdf
2026-01-25,IMPORTED COMMERCIAL RICE,Japonica/Jasponica,,62.50,Daily-Price-Index-January-25-2026.pdf
2026-01-25,IMPORTED COMMERCIAL RICE,Other Special,White Rice,61.50,Daily-Price-Index-January-25-2026.pdf
2026-01-25,IMPORTED COMMERCIAL RICE,Premium,5% broken,52.55,Daily-Price-Index-January-25-2026.pdf
2026-01-25,IMPORTED COMMERCIAL RICE,Well Milled,1-19% bran streak,47.00,Daily-Price-Index-January-25-2026.pdf
2026-01-25,IMPORTED COMMERCIAL RICE,Regular Milled,20-40% bran streak,40.50,Daily-Price-Index-January-25-2026.pdf
2026-01-25,LOCAL COMMERCIAL RICE,Glutinous,,71.67,Daily-Price-Index-January-25-2026.pdf
2026-01-25,LOCAL COMMERCIAL RICE,Other Special,White Rice,58.67,Daily-Price-Index-January-25-2026.pdf
2026-01-25,LOCAL COMMERCIAL RICE,Premium,5% broken,51.18,Daily-Price-Index-January-25-2026.pdf
2026-01-25,LOCAL COMMERCIAL RICE,Well Milled,1-19% bran streak,45.89,Daily-Price-Index-January-25-2026.pdf
2026-01-25,LOCAL COMMERCIAL RICE,Regular Milled,20-40% bran streak,40.57,Daily-Price-Index-January-25-2026.pdf
2026-01-26,IMPORTED COMMERCIAL RICE,Basmati,,211.00,Daily-Price-Index-January-26-2026-1.pdf
2026-01-26,IMPORTED COMMERCIAL RICE,Glutinous,,60.81,Daily-Price-Index-January-26-2026-1.pdf
2026-01-26,IMPORTED COMMERCIAL RICE,Japonica/Jasponica,,62.30,Daily-Price-Index-January-26-2026-1.pdf
2026-01-26,IMPORTED COMMERCIAL RICE,Other Special,White Rice,60.45,Daily-Price-Index-January-26-2026-1.pdf
2026-01-26,IMPORTED COMMERCIAL RICE,Premium,5% broken,52.38,Daily-Price-Index-January-26-2026-1.pdf
2026-01-26,IMPORTED COMMERCIAL RICE,Well Milled,1-19% bran streak,46.82,Daily-Price-Index-January-26-2026-1.pdf
2026-01-26,IMPORTED COMMERCIAL RICE,Regular Milled,20-40% bran streak,40.00,Daily-Price-Index-January-26-2026-1.pdf
2026-01-26,LOCAL COMMERCIAL RICE,Glutinous,,75.08,Daily-Price-Index-January-26-2026-1.pdf
2026-01-26,LOCAL COMMERCIAL RICE,Other Special,White Rice,58.29,Daily-Price-Index-January-26-2026-1.pdf
2026-01-26,LOCAL COMMERCIAL RICE,Premium,5% broken,51.21,Daily-Price-Index-January-26-2026-1.pdf
2026-01-26,LOCAL COMMERCIAL RICE,Well Milled,1-19% bran streak,44.62,Daily-Price-Index-January-26-2026-1.pdf
2026-01-26,LOCAL COMMERCIAL RICE,Regular Milled,20-40% bran streak,40.48,Daily-Price-Index-January-26-2026-1.pdf
2026-01-28,IMPORTED COMMERCIAL RICE,Basmati,,211.00,Daily-Price-Index-January-28-2026.pdf
2026-01-28,IMPORTED COMMERCIAL RICE,Glutinous,,60.68,Daily-Price-Index-January-28-2026.pdf
2026-01-28,IMPORTED COMMERCIAL RICE,Japonica/Jasponica,,62.30,Daily-Price-Index-January-28-2026.pdf
2026-01-28,IMPORTED COMMERCIAL RICE,Other Special,White Rice,60.73,Daily-Price-Index-January-28-2026.pdf
2026-01-28,IMPORTED COMMERCIAL RICE,Premium,5% broken,52.43,Daily-Price-Index-January-28-2026.pdf
2026-01-28,IMPORTED COMMERCIAL RICE,Well Milled,1-19% bran streak,46.30,Daily-Price-Index-January-28-2026.pdf
2026-01-28,IMPORTED COMMERCIAL RICE,Regular Milled,20-40% bran streak,40.00,Daily-Price-Index-January-28-2026.pdf
2026-01-28,LOCAL COMMERCIAL RICE,Glutinous,,75.08,Daily-Price-Index-January-28-2026.pdf
2026-01-28,LOCAL COMMERCIAL RICE,Other Special,White Rice,58.42,Daily-Price-Index-January-28-2026.pdf
2026-01-28,LOCAL COMMERCIAL RICE,Premium,5% broken,51.25,Daily-Price-Index-January-28-2026.pdf
2026-01-28,LOCAL COMMERCIAL RICE,Well Milled,1-19% bran streak,44.84,Daily-Price-Index-January-28-2026.pdf
2026-01-28,LOCAL COMMERCIAL RICE,Regular Milled,20-40% bran streak,40.57,Daily-Price-Index-January-28-2026.pdf
2026-01-29,IMPORTED COMMERCIAL RICE,Basmati,,211.00,Daily-Price-Index-January-29-2026.pdf
2026-01-29,IMPORTED COMMERCIAL RICE,Glutinous,,60.44,Daily-Price-Index-January-29-2026.pdf
2026-01-29,IMPORTED COMMERCIAL RICE,Japonica/Jasponica,,62.38,Daily-Price-Index-January-29-2026.pdf
2026-01-29,IMPORTED COMMERCIAL RICE,Other Special,White Rice,60.71,Daily-Price-Index-January-29-2026.pdf
2026-01-29,IMPORTED COMMERCIAL RICE,Premium,5% broken,52.72,Daily-Price-Index-January-29-2026.pdf
2026-01-29,IMPORTED COMMERCIAL RICE,Well Milled,1-19% bran streak,46.30,Daily-Price-Index-January-29-2026.pdf
2026-01-29,IMPORTED COMMERCIAL RICE,Regular Milled,20-40% bran streak,40.22,Daily-Price-Index-January-29-2026.pdf
2026-01-29,LOCAL COMMERCIAL RICE,Glutinous,,75.08,Daily-Price-Index-January-29-2026.pdf
2026-01-29,LOCAL COMMERCIAL RICE,Other Special,White Rice,58.44,Daily-Price-Index-January-29-2026.pdf
2026-01-29,LOCAL COMMERCIAL RICE,Premium,5% broken,51.65,Daily-Price-Index-January-29-2026.pdf
2026-01-29,LOCAL COMMERCIAL RICE,Well Milled,1-19% bran streak,44.89,Daily-Price-Index-January-29-2026.pdf
2026-01-29,LOCAL COMMERCIAL RICE,Regular Milled,20-40% bran streak,40.94,Daily-Price-Index-January-29-2026.pdf
2026-01-30,IMPORTED COMMERCIAL RICE,Basmati,,211.00,Daily-Price-Index-January-30-2026.pdf
2026-01-30,IMPORTED COMMERCIAL RICE,Glutinous,,60.68,Daily-Price-Index-January-30-2026.pdf
2026-01-30,IMPORTED COMMERCIAL RICE,Japonica/Jasponica,,62.38,Daily-Price-Index-January-30-2026.pdf
2026-01-30,IMPORTED COMMERCIAL RICE,Other Special,White Rice,60.71,Daily-Price-Index-January-30-2026.pdf
2026-01-30,IMPORTED COMMERCIAL RICE,Premium,5% broken,52.71,Daily-Price-Index-January-30-2026.pdf
2026-01-30,IMPORTED COMMERCIAL RICE,Well Milled,1-19% bran streak,46.30,Daily-Price-Index-January-30-2026.pdf
2026-01-30,IMPORTED COMMERCIAL RICE,Regular Milled,20-40% bran streak,40.22,Daily-Price-Index-January-30-2026.pdf
2026-01-30,LOCAL COMMERCIAL RICE,Glutinous,,75.08,Daily-Price-Index-January-30-2026.pdf
2026-01-30,LOCAL COMMERCIAL RICE,Other Special,White Rice,58.51,Daily-Price-Index-January-30-2026.pdf
2026-01-30,LOCAL COMMERCIAL RICE,Premium,5% broken,51.53,Daily-Price-Index-January-30-2026.pdf
2026-01-30,LOCAL COMMERCIAL RICE,Well Milled,1-19% bran streak,45.05,Daily-Price-Index-January-30-2026.pdf
2026-01-30,LOCAL COMMERCIAL RICE,Regular Milled,20-40% bran streak,40.79,Daily-Price-Index-January-30-2026.pdf
2026-01-31,IMPORTED COMMERCIAL RICE,Basmati,,211.00,Daily-Price-Index-January-31-2026.pdf
2026-01-31,IMPORTED COMMERCIAL RICE,Glutinous,,60.68,Daily-Price-Index-January-31-2026.pdf
2026-01-31,IMPORTED COMMERCIAL RICE,Japonica/Jasponica,,62.38,Daily-Price-Index-January-31-2026.pdf
2026-01-31,IMPORTED COMMERCIAL RICE,Other Special,White Rice,60.81,Daily-Price-Index-January-31-2026.pdf
2026-01-31,IMPORTED COMMERCIAL RICE,Premium,5% broken,53.22,Daily-Price-Index-January-31-2026.pdf
2026-01-31,IMPORTED COMMERCIAL RICE,Well Milled,1-19% bran streak,46.30,Daily-Price-Index-January-31-2026.pdf
2026-01-31,IMPORTED COMMERCIAL RICE,Regular Milled,20-40% bran streak,40.22,Daily-Price-Index-January-31-2026.pdf
2026-01-31,LOCAL COMMERCIAL RICE,Glutinous,,74.69,Daily-Price-Index-January-31-2026.pdf
2026-01-31,LOCAL COMMERCIAL RICE,Other Special,White Rice,58.62,Daily-Price-Index-January-31-2026.pdf
2026-01-31,LOCAL COMMERCIAL RICE,Premium,5% broken,51.50,Daily-Price-Index-January-31-2026.pdf
2026-01-31,LOCAL COMMERCIAL RICE,Well Milled,1-19% bran streak,45.06,Daily-Price-Index-January-31-2026.pdf
2026-01-31,LOCAL COMMERCIAL RICE,Regular Milled,20-40% bran streak,41.00,Daily-Price-Index-January-31-2026.pdf
2026-02-01,IMPORTED COMMERCIAL RICE,Basmati,,190.00,Daily-Price-Index-February-1-2026.pdf
2026-02-01,IMPORTED COMMERCIAL RICE,Glutinous,,62.38,Daily-Price-Index-February-1-2026.pdf
2026-02-01,IMPORTED COMMERCIAL RICE,Japonica/Jasponica,,63.25,Daily-Price-Index-February-1-2026.pdf
2026-02-01,IMPORTED COMMERCIAL RICE,Other Special,White Rice,61.33,Daily-Price-Index-February-1-2026.pdf
2026-02-01,IMPORTED COMMERCIAL RICE,Premium,5% broken,53.00,Daily-Price-Index-February-1-2026.pdf
2026-02-01,IMPORTED COMMERCIAL RICE,Well Milled,1-19% bran streak,46.50,Daily-Price-Index-February-1-2026.pdf
2026-02-01,IMPORTED COMMERCIAL RICE,Regular Milled,20-40% bran streak,41.00,Daily-Price-Index-February-1-2026.pdf
2026-02-01,LOCAL COMMERCIAL RICE,Glutinous,,68.00,Daily-Price-Index-February-1-2026.pdf
2026-02-01,LOCAL COMMERCIAL RICE,Other Special,White Rice,58.18,Daily-Price-Index-February-1-2026.pdf
2026-02-01,LOCAL COMMERCIAL RICE,Premium,5% broken,50.50,Daily-Price-Index-February-1-2026.pdf
2026-02-01,LOCAL COMMERCIAL RICE,Well Milled,1-19% bran streak,45.60,Daily-Price-Index-February-1-2026.pdf
2026-02-01,LOCAL COMMERCIAL RICE,Regular Milled,20-40% bran streak,41.50,Daily-Price-Index-February-1-2026.pdf
2026-02-02,IMPORTED COMMERCIAL RICE,Basmati,,211.00,Daily-Price-Index-February-2-2026.pdf
2026-02-02,IMPORTED COMMERCIAL RICE,Glutinous,,60.81,Daily-Price-Index-February-2-2026.pdf
2026-02-02,IMPORTED COMMERCIAL RICE,Japonica/Jasponica,,62.38,Daily-Price-Index-February-2-2026.pdf
2026-02-02,IMPORTED COMMERCIAL RICE,Other Special,White Rice,60.81,Daily-Price-Index-February-2-2026.pdf
2026-02-02,IMPORTED COMMERCIAL RICE,Premium,5% broken,53.54,Daily-Price-Index-February-2-2026.pdf
2026-02-02,IMPORTED COMMERCIAL RICE,Well Milled,1-19% bran streak,46.30,Daily-Price-Index-February-2-2026.pdf
2026-02-02,IMPORTED COMMERCIAL RICE,Regular Milled,20-40% bran streak,40.22,Daily-Price-Index-February-2-2026.pdf
2026-02-02,LOCAL COMMERCIAL RICE,Glutinous,,74.69,Daily-Price-Index-February-2-2026.pdf
2026-02-02,LOCAL COMMERCIAL RICE,Other Special,White Rice,58.56,Daily-Price-Index-February-2-2026.pdf
2026-02-02,LOCAL COMMERCIAL RICE,Premium,5% broken,51.46,Daily-Price-Index-February-2-2026.pdf
2026-02-02,LOCAL COMMERCIAL RICE,Well Milled,1-19% bran streak,45.01,Daily-Price-Index-February-2-2026.pdf
2026-02-02,LOCAL COMMERCIAL RICE,Regular Milled,20-40% bran streak,41.24,Daily-Price-Index-February-2-2026.pdf
2026-02-03,IMPORTED COMMERCIAL RICE,Basmati,,211.00,Daily-Price-Index-February-3-2026.pdf
2026-02-03,IMPORTED COMMERCIAL RICE,Glutinous,,60.81,Daily-Price-Index-February-3-2026.pdf
2026-02-03,IMPORTED COMMERCIAL RICE,Japonica/Jasponica,,62.70,Daily-Price-Index-February-3-2026.pdf
2026-02-03,IMPORTED COMMERCIAL RICE,Other Special,White Rice,60.68,Daily-Price-Index-February-3-2026.pdf
2026-02-03,IMPORTED COMMERCIAL RICE,Premium,5% broken,54.45,Daily-Price-Index-February-3-2026.pdf
2026-02-03,IMPORTED COMMERCIAL RICE,Well Milled,1-19% bran streak,46.30,Daily-Price-Index-February-3-2026.pdf
2026-02-03,IMPORTED COMMERCIAL RICE,Regular Milled,20-40% bran streak,40.53,Daily-Price-Index-February-3-2026.pdf
2026-02-03,LOCAL COMMERCIAL RICE,Glutinous,,78.15,Daily-Price-Index-February-3-2026.pdf
2026-02-03,LOCAL COMMERCIAL RICE,Other Special,White Rice,58.83,Daily-Price-Index-February-3-2026.pdf
2026-02-03,LOCAL COMMERCIAL RICE,Premium,5% broken,51.55,Daily-Price-Index-February-3-2026.pdf
2026-02-03,LOCAL COMMERCIAL RICE,Well Milled,1-19% bran streak,45.34,Daily-Price-Index-February-3-2026.pdf
2026-02-03,LOCAL COMMERCIAL RICE,Regular Milled,20-40% bran streak,41.18,Daily-Price-Index-February-3-2026.pdf
2026-02-04,IMPORTED COMMERCIAL RICE,Basmati,,211.00,Daily-Price-Index-February-4-2026.pdf
2026-02-04,IMPORTED COMMERCIAL RICE,Glutinous,,60.71,Daily-Price-Index-February-4-2026.pdf
2026-02-04,IMPORTED COMMERCIAL RICE,Japonica/Jasponica,,62.29,Daily-Price-Index-February-4-2026.pdf
2026-02-04,IMPORTED COMMERCIAL RICE,Other Special,White Rice,60.60,Daily-Price-Index-February-4-2026.pdf
2026-02-04,IMPORTED COMMERCIAL RICE,Premium,5% broken,54.51,Daily-Price-Index-February-4-2026.pdf
2026-02-04,IMPORTED COMMERCIAL RICE,Well Milled,1-19% bran streak,46.30,Daily-Price-Index-February-4-2026.pdf
2026-02-04,IMPORTED COMMERCIAL RICE,Regular Milled,20-40% bran streak,40.65,Daily-Price-Index-February-4-2026.pdf
2026-02-04,LOCAL COMMERCIAL RICE,Glutinous,,76.91,Daily-Price-Index-February-4-2026.pdf
2026-02-04,LOCAL COMMERCIAL RICE,Other Special,White Rice,58.84,Daily-Price-Index-February-4-2026.pdf
2026-02-04,LOCAL COMMERCIAL RICE,Premium,5% broken,51.90,Daily-Price-Index-February-4-2026.pdf
2026-02-04,LOCAL COMMERCIAL RICE,Well Milled,1-19% bran streak,45.41,Daily-Price-Index-February-4-2026.pdf
2026-02-04,LOCAL COMMERCIAL RICE,Regular Milled,20-40% bran streak,41.55,Daily-Price-Index-February-4-2026.pdf
2026-02-05,IMPORTED COMMERCIAL RICE,Basmati,,217.50,Daily-Price-Index-February-5-2026.pdf
2026-02-05,IMPORTED COMMERCIAL RICE,Glutinous,,60.71,Daily-Price-Index-February-5-2026.pdf
2026-02-05,IMPORTED COMMERCIAL RICE,Japonica/Jasponica,,62.29,Daily-Price-Index-February-5-2026.pdf
2026-02-05,IMPORTED COMMERCIAL RICE,Other Special,White Rice,60.64,Daily-Price-Index-February-5-2026.pdf
2026-02-05,IMPORTED COMMERCIAL RICE,Premium,5% broken,54.51,Daily-Price-Index-February-5-2026.pdf
2026-02-05,IMPORTED COMMERCIAL RICE,Well Milled,1-19% bran streak,46.30,Daily-Price-Index-February-5-2026.pdf
2026-02-05,IMPORTED COMMERCIAL RICE,Regular Milled,20-40% bran streak,40.72,Daily-Price-Index-February-5-2026.pdf
2026-02-05,LOCAL COMMERCIAL RICE,Glutinous,,76.91,Daily-Price-Index-February-5-2026.pdf
2026-02-05,LOCAL COMMERCIAL RICE,Other Special,White Rice,58.93,Daily-Price-Index-February-5-2026.pdf
2026-02-05,LOCAL COMMERCIAL RICE,Premium,5% broken,52.16,Daily-Price-Index-February-5-2026.pdf
2026-02-05,LOCAL COMMERCIAL RICE,Well Milled,1-19% bran streak,45.57,Daily-Price-Index-February-5-2026.pdf
2026-02-05,LOCAL COMMERCIAL RICE,Regular Milled,20-40% bran streak,41.59,Daily-Price-Index-February-5-2026.pdf
2026-02-06,IMPORTED COMMERCIAL RICE,Basmati,,217.50,Daily-Price-Index-February-6-2026.pdf
2026-02-06,IMPORTED COMMERCIAL RICE,Glutinous,,60.71,Daily-Price-Index-February-6-2026.pdf
2026-02-06,IMPORTED COMMERCIAL RICE,Japonica/Jasponica,,62.06,Daily-Price-Index-February-6-2026.pdf
2026-02-06,IMPORTED COMMERCIAL RICE,Other Special,White Rice,60.64,Daily-Price-Index-February-6-2026.pdf
2026-02-06,IMPORTED COMMERCIAL RICE,Premium,5% broken,54.51,Daily-Price-Index-February-6-2026.pdf
2026-02-06,IMPORTED COMMERCIAL RICE,Well Milled,1-19% bran streak,46.30,Daily-Price-Index-February-6-2026.pdf
2026-02-06,IMPORTED COMMERCIAL RICE,Regular Milled,20-40% bran streak,40.72,Daily-Price-Index-February-6-2026.pdf
2026-02-06,LOCAL COMMERCIAL RICE,Glutinous,,76.53,Daily-Price-Index-February-6-2026.pdf
2026-02-06,LOCAL COMMERCIAL RICE,Other Special,White Rice,58.96,Daily-Price-Index-February-6-2026.pdf
2026-02-06,LOCAL COMMERCIAL RICE,Premium,5% broken,52.16,Daily-Price-Index-February-6-2026.pdf
2026-02-06,LOCAL COMMERCIAL RICE,Well Milled,1-19% bran streak,45.60,Daily-Price-Index-February-6-2026.pdf
2026-02-06,LOCAL COMMERCIAL RICE,Regular Milled,20-40% bran streak,41.60,Daily-Price-Index-February-6-2026.pdf
2026-02-07,IMPORTED COMMERCIAL RICE,Basmati,,217.50,Daily-Price-Index-February-7-2026.pdf
2026-02-07,IMPORTED COMMERCIAL RICE,Glutinous,,60.98,Daily-Price-Index-February-7-2026.pdf
2026-02-07,IMPORTED COMMERCIAL RICE,Japonica/Jasponica,,62.44,Daily-Price-Index-February-7-2026.pdf
2026-02-07,IMPORTED COMMERCIAL RICE,Other Special,White Rice,60.65,Daily-Price-Index-February-7-2026.pdf
2026-02-07,IMPORTED COMMERCIAL RICE,Premium,5% broken,54.71,Daily-Price-Index-February-7-2026.pdf
2026-02-07,IMPORTED COMMERCIAL RICE,Well Milled,1-19% bran streak,46.30,Daily-Price-Index-February-7-2026.pdf
2026-02-07,IMPORTED COMMERCIAL RICE,Regular Milled,20-40% bran streak,40.72,Daily-Price-Index-February-7-2026.pdf
2026-02-07,LOCAL COMMERCIAL RICE,Glutinous,,76.42,Daily-Price-Index-February-7-2026.pdf
2026-02-07,LOCAL COMMERCIAL RICE,Other Special,White Rice,59.04,Daily-Price-Index-February-7-2026.pdf
2026-02-07,LOCAL COMMERCIAL RICE,Premium,5% broken,52.34,Daily-Price-Index-February-7-2026.pdf
2026-02-07,LOCAL COMMERCIAL RICE,Well Milled,1-19% bran streak,45.63,Daily-Price-Index-February-7-2026.pdf
2026-02-07,LOCAL COMMERCIAL RICE,Regular Milled,20-40% bran streak,41.64,Daily-Price-Index-February-7-2026.pdf
2026-02-08,IMPORTED COMMERCIAL RICE,Basmati,,190.00,Daily-Price-Index-February-8-2026.pdf
2026-02-08,IMPORTED COMMERCIAL RICE,Glutinous,,62.00,Daily-Price-Index-February-8-2026.pdf
2026-02-08,IMPORTED COMMERCIAL RICE,Japonica/Jasponica,,62.50,Daily-Price-Index-February-8-2026.pdf
2026-02-08,IMPORTED COMMERCIAL RICE,Other Special,White Rice,61.40,Daily-Price-Index-February-8-2026.pdf
2026-02-08,IMPORTED COMMERCIAL RICE,Premium,5% broken,54.27,Daily-Price-Index-February-8-2026.pdf
2026-02-08,IMPORTED COMMERCIAL RICE,Well Milled,1-19% bran streak,46.50,Daily-Price-Index-February-8-2026.pdf
2026-02-08,IMPORTED COMMERCIAL RICE,Regular Milled,20-40% bran streak,41.00,Daily-Price-Index-February-8-2026.pdf
2026-02-08,LOCAL COMMERCIAL RICE,Glutinous,,65.00,Daily-Price-Index-February-8-2026.pdf
2026-02-08,LOCAL COMMERCIAL RICE,Other Special,White Rice,58.90,Daily-Price-Index-February-8-2026.pdf
2026-02-08,LOCAL COMMERCIAL RICE,Premium,5% broken,51.45,Daily-Price-Index-February-8-2026.pdf
2026-02-08,LOCAL COMMERCIAL RICE,Well Milled,1-19% bran streak,46.44,Daily-Price-Index-February-8-2026.pdf
2026-02-08,LOCAL COMMERCIAL RICE,Regular Milled,20-40% bran streak,41.88,Daily-Price-Index-February-8-2026.pdf
2026-02-09,IMPORTED COMMERCIAL RICE,Basmati,,217.50,Daily-Price-Index-February-9-2026.pdf
2026-02-09,IMPORTED COMMERCIAL RICE,Glutinous,,60.71,Daily-Price-Index-February-9-2026.pdf
2026-02-09,IMPORTED COMMERCIAL RICE,Japonica/Jasponica,,62.53,Daily-Price-Index-February-9-2026.pdf
2026-02-09,IMPORTED COMMERCIAL RICE,Other Special,White Rice,60.64,Daily-Price-Index-February-9-2026.pdf
2026-02-09,IMPORTED COMMERCIAL RICE,Premium,5% broken,54.85,Daily-Price-Index-February-9-2026.pdf
2026-02-09,IMPORTED COMMERCIAL RICE,Well Milled,1-19% bran streak,46.30,Daily-Price-Index-February-9-2026.pdf
2026-02-09,IMPORTED COMMERCIAL RICE,Regular Milled,20-40% bran streak,40.72,Daily-Price-Index-February-9-2026.pdf
2026-02-09,LOCAL COMMERCIAL RICE,Glutinous,,76.17,Daily-Price-Index-February-9-2026.pdf
2026-02-09,LOCAL COMMERCIAL RICE,Other Special,White Rice,58.98,Daily-Price-Index-February-9-2026.pdf
2026-02-09,LOCAL COMMERCIAL RICE,Premium,5% broken,52.29,Daily-Price-Index-February-9-2026.pdf
2026-02-09,LOCAL COMMERCIAL RICE,Well Milled,1-19% bran streak,45.60,Daily-Price-Index-February-9-2026.pdf
2026-02-09,LOCAL COMMERCIAL RICE,Regular Milled,20-40% bran streak,41.60,Daily-Price-Index-February-9-2026.pdf
2026-02-10,IMPORTED COMMERCIAL RICE,Basmati,,217.50,Daily-Price-Index-February-10-2026.pdf
2026-02-10,IMPORTED COMMERCIAL RICE,Glutinous,,60.93,Daily-Price-Index-February-10-2026.pdf
2026-02-10,IMPORTED COMMERCIAL RICE,Japonica/Jasponica,,62.61,Daily-Price-Index-February-10-2026.pdf
2026-02-10,IMPORTED COMMERCIAL RICE,Other Special,White Rice,60.60,Daily-Price-Index-February-10-2026.pdf
2026-02-10,IMPORTED COMMERCIAL RICE,Premium,5% broken,55.25,Daily-Price-Index-February-10-2026.pdf
2026-02-10,IMPORTED COMMERCIAL RICE,Well Milled,1-19% bran streak,51.27,Daily-Price-Index-February-10-2026.pdf
2026-02-10,IMPORTED COMMERCIAL RICE,Regular Milled,20-40% bran streak,40.63,Daily-Price-Index-February-10-2026.pdf
2026-02-10,LOCAL COMMERCIAL RICE,Glutinous,,74.13,Daily-Price-Index-February-10-2026.pdf
2026-02-10,LOCAL COMMERCIAL RICE,Other Special,White Rice,58.82,Daily-Price-Index-February-10-2026.pdf
2026-02-10,LOCAL COMMERCIAL RICE,Premium,5% broken,51.65,Daily-Price-Index-February-10-2026.pdf
2026-02-10,LOCAL COMMERCIAL RICE,Well Milled,1-19% bran streak,45.29,Daily-Price-Index-February-10-2026.pdf
2026-02-10,LOCAL COMMERCIAL RICE,Regular Milled,20-40% bran streak,41.13,Daily-Price-Index-February-10-2026.pdf
2026-02-11,IMPORTED COMMERCIAL RICE,Basmati,,207.86,Daily-Price-Index-February-11-2026.pdf
2026-02-11,IMPORTED COMMERCIAL RICE,Glutinous,,60.93,Daily-Price-Index-February-11-2026.pdf
2026-02-11,IMPORTED COMMERCIAL RICE,Japonica/Jasponica,,63.00,Daily-Price-Index-February-11-2026.pdf
2026-02-11,IMPORTED COMMERCIAL RICE,Other Special,White Rice,60.60,Daily-Price-Index-February-11-2026.pdf
2026-02-11,IMPORTED COMMERCIAL RICE,Premium,5% broken,55.72,Daily-Price-Index-February-11-2026.pdf
2026-02-11,IMPORTED COMMERCIAL RICE,Well Milled,1-19% bran streak,51.27,Daily-Price-Index-February-11-2026.pdf
2026-02-11,IMPORTED COMMERCIAL RICE,Regular Milled,20-40% bran streak,40.63,Daily-Price-Index-February-11-2026.pdf
2026-02-11,LOCAL COMMERCIAL RICE,Glutinous,,77.30,Daily-Price-Index-February-11-2026.pdf
2026-02-11,LOCAL COMMERCIAL RICE,Other Special,White Rice,58.92,Daily-Price-Index-February-11-2026.pdf
2026-02-11,LOCAL COMMERCIAL RICE,Premium,5% broken,51.63,Daily-Price-Index-February-11-2026.pdf
2026-02-11,LOCAL COMMERCIAL RICE,Well Milled,1-19% bran streak,45.43,Daily-Price-Index-February-11-2026.pdf
2026-02-11,LOCAL COMMERCIAL RICE,Regular Milled,20-40% bran streak,41.12,Daily-Price-Index-February-11-2026.pdf
2026-02-12,IMPORTED COMMERCIAL RICE,Basmati,,207.86,Daily-Price-Index-February-12-2026.pdf
2026-02-12,IMPORTED COMMERCIAL RICE,Glutinous,,60.93,Daily-Price-Index-February-12-2026.pdf
2026-02-12,IMPORTED COMMERCIAL RICE,Japonica/Jasponica,,62.61,Daily-Price-Index-February-12-2026.pdf
2026-02-12,IMPORTED COMMERCIAL RICE,Other Special,White Rice,60.60,Daily-Price-Index-February-12-2026.pdf
2026-02-12,IMPORTED COMMERCIAL RICE,Premium,5% broken,55.61,Daily-Price-Index-February-12-2026.pdf
2026-02-12,IMPORTED COMMERCIAL RICE,Well Milled,1-19% bran streak,50.87,Daily-Price-Index-February-12-2026.pdf
2026-02-12,IMPORTED COMMERCIAL RICE,Regular Milled,20-40% bran streak,40.63,Daily-Price-Index-February-12-2026.pdf
2026-02-12,LOCAL COMMERCIAL RICE,Glutinous,,74.13,Daily-Price-Index-February-12-2026.pdf
2026-02-12,LOCAL COMMERCIAL RICE,Other Special,White Rice,58.94,Daily-Price-Index-February-12-2026.pdf
2026-02-12,LOCAL COMMERCIAL RICE,Premium,5% broken,51.90,Daily-Price-Index-February-12-2026.pdf
2026-02-12,LOCAL COMMERCIAL RICE,Well Milled,1-19% bran streak,45.51,Daily-Price-Index-February-12-2026.pdf
2026-02-12,LOCAL COMMERCIAL RICE,Regular Milled,20-40% bran streak,41.21,Daily-Price-Index-February-12-2026.pdf
2026-02-13,IMPORTED COMMERCIAL RICE,Basmati,,207.86,Daily-Price-Index-February-13-2026.pdf
2026-02-13,IMPORTED COMMERCIAL RICE,Glutinous,,60.93,Daily-Price-Index-February-13-2026.pdf
2026-02-13,IMPORTED COMMERCIAL RICE,Japonica/Jasponica,,62.61,Daily-Price-Index-February-13-2026.pdf
2026-02-13,IMPORTED COMMERCIAL RICE,Other Special,White Rice,60.60,Daily-Price-Index-February-13-2026.pdf
2026-02-13,IMPORTED COMMERCIAL RICE,Premium,5% broken,55.68,Daily-Price-Index-February-13-2026.pdf
2026-02-13,IMPORTED COMMERCIAL RICE,Well Milled,1-19% bran streak,50.87,Daily-Price-Index-February-13-2026.pdf
2026-02-13,IMPORTED COMMERCIAL RICE,Regular Milled,20-40% bran streak,40.63,Daily-Price-Index-February-13-2026.pdf
2026-02-13,LOCAL COMMERCIAL RICE,Glutinous,,74.13,Daily-Price-Index-February-13-2026.pdf
2026-02-13,LOCAL COMMERCIAL RICE,Other Special,White Rice,58.94,Daily-Price-Index-February-13-2026.pdf
2026-02-13,LOCAL COMMERCIAL RICE,Premium,5% broken,51.93,Daily-Price-Index-February-13-2026.pdf
2026-02-13,LOCAL COMMERCIAL RICE,Well Milled,1-19% bran streak,45.51,Daily-Price-Index-February-13-2026.pdf
2026-02-13,LOCAL COMMERCIAL RICE,Regular Milled,20-40% bran streak,41.21,Daily-Price-Index-February-13-2026.pdf
2026-02-14,IMPORTED COMMERCIAL RICE,Basmati,,207.86,Daily-Price-Index-February-14-2026.pdf
2026-02-14,IMPORTED COMMERCIAL RICE,Glutinous,,60.97,Daily-Price-Index-February-14-2026.pdf
2026-02-14,IMPORTED COMMERCIAL RICE,Japonica/Jasponica,,62.61,Daily-Price-Index-February-14-2026.pdf
2026-02-14,IMPORTED COMMERCIAL RICE,Other Special,White Rice,60.60,Daily-Price-Index-February-14-2026.pdf
2026-02-14,IMPORTED COMMERCIAL RICE,Premium,5% broken,55.62,Daily-Price-Index-February-14-2026.pdf
2026-02-14,IMPORTED COMMERCIAL RICE,Well Milled,1-19% bran streak,51.13,Daily-Price-Index-February-14-2026.pdf
2026-02-14,IMPORTED COMMERCIAL RICE,Regular Milled,20-40% bran streak,40.35,Daily-Price-Index-February-14-2026.pdf
2026-02-14,LOCAL COMMERCIAL RICE,Glutinous,,74.13,Daily-Price-Index-February-14-2026.pdf
2026-02-14,LOCAL COMMERCIAL RICE,Other Special,White Rice,59.00,Daily-Price-Index-February-14-2026.pdf
2026-02-14,LOCAL COMMERCIAL RICE,Premium,5% broken,51.85,Daily-Price-Index-February-14-2026.pdf
2026-02-14,LOCAL COMMERCIAL RICE,Well Milled,1-19% bran streak,45.46,Daily-Price-Index-February-14-2026.pdf
2026-02-14,LOCAL COMMERCIAL RICE,Regular Milled,20-40% bran streak,41.09,Daily-Price-Index-February-14-2026.pdf
2026-02-15,IMPORTED COMMERCIAL RICE,Basmati,,195.00,Daily-Price-Index-February-15-2026.pdf
2026-02-15,IMPORTED COMMERCIAL RICE,Glutinous,,62.13,Daily-Price-Index-February-15-2026.pdf
2026-02-15,IMPORTED COMMERCIAL RICE,Japonica/Jasponica,,62.60,Daily-Price-Index-February-15-2026.pdf
2026-02-15,IMPORTED COMMERCIAL RICE,Other Special,White Rice,61.17,Daily-Price-Index-February-15-2026.pdf
2026-02-15,IMPORTED COMMERCIAL RICE,Premium,5% broken,55.00,Daily-Price-Index-February-15-2026.pdf
2026-02-15,IMPORTED COMMERCIAL RICE,Well Milled,1-19% bran streak,46.50,Daily-Price-Index-February-15-2026.pdf
2026-02-15,IMPORTED COMMERCIAL RICE,Regular Milled,20-40% bran streak,40.00,Daily-Price-Index-February-15-2026.pdf
2026-02-15,LOCAL COMMERCIAL RICE,Glutinous,,77.50,Daily-Price-Index-February-15-2026.pdf
2026-02-15,LOCAL COMMERCIAL RICE,Other Special,White Rice,58.82,Daily-Price-Index-February-15-2026.pdf
2026-02-15,LOCAL COMMERCIAL RICE,Premium,5% broken,52.00,Daily-Price-Index-February-15-2026.pdf
2026-02-15,LOCAL COMMERCIAL RICE,Well Milled,1-19% bran streak,45.33,Daily-Price-Index-February-15-2026.pdf
2026-02-15,LOCAL COMMERCIAL RICE,Regular Milled,20-40% bran streak,40.71,Daily-Price-Index-February-15-2026.pdf
2026-02-16,IMPORTED COMMERCIAL RICE,Basmati,,207.86,Daily-Price-Index-February-16-2026.pdf
2026-02-16,IMPORTED COMMERCIAL RICE,Glutinous,,60.93,Daily-Price-Index-February-16-2026.pdf
2026-02-16,IMPORTED COMMERCIAL RICE,Japonica/Jasponica,,62.71,Daily-Price-Index-February-16-2026.pdf
2026-02-16,IMPORTED COMMERCIAL RICE,Other Special,White Rice,60.63,Daily-Price-Index-February-16-2026.pdf
2026-02-16,IMPORTED COMMERCIAL RICE,Premium,5% broken,55.97,Daily-Price-Index-February-16-2026.pdf
2026-02-16,IMPORTED COMMERCIAL RICE,Well Milled,1-19% bran streak,49.54,Daily-Price-Index-February-16-2026.pdf
2026-02-16,IMPORTED COMMERCIAL RICE,Regular Milled,20-40% bran streak,40.63,Daily-Price-Index-February-16-2026.pdf
2026-02-16,LOCAL COMMERCIAL RICE,Glutinous,,73.94,Daily-Price-Index-February-16-2026.pdf
2026-02-16,LOCAL COMMERCIAL RICE,Other Special,White Rice,58.90,Daily-Price-Index-February-16-2026.pdf
2026-02-16,LOCAL COMMERCIAL RICE,Premium,5% broken,52.02,Daily-Price-Index-February-16-2026.pdf
2026-02-16,LOCAL COMMERCIAL RICE,Well Milled,1-19% bran streak,45.89,Daily-Price-Index-February-16-2026.pdf
2026-02-16,LOCAL COMMERCIAL RICE,Regular Milled,20-40% bran streak,41.09,Daily-Price-Index-February-16-2026.pdf
2026-02-17,IMPORTED COMMERCIAL RICE,Basmati,,207.86,Daily-Price-Index-February-17-2026.pdf
2026-02-17,IMPORTED COMMERCIAL RICE,Glutinous,,61.05,Daily-Price-Index-February-17-2026.pdf
2026-02-17,IMPORTED COMMERCIAL RICE,Japonica/Jasponica,,62.71,Daily-Price-Index-February-17-2026.pdf
2026-02-17,IMPORTED COMMERCIAL RICE,Other Special,White Rice,60.63,Daily-Price-Index-February-17-2026.pdf
2026-02-17,IMPORTED COMMERCIAL RICE,Premium,5% broken,56.20,Daily-Price-Index-February-17-2026.pdf
2026-02-17,IMPORTED COMMERCIAL RICE,Well Milled,1-19% bran streak,46.95,Daily-Price-Index-February-17-2026.pdf
2026-02-17,IMPORTED COMMERCIAL RICE,Regular Milled,20-40% bran streak,40.63,Daily-Price-Index-February-17-2026.pdf
2026-02-17,LOCAL COMMERCIAL RICE,Glutinous,,74.21,Daily-Price-Index-February-17-2026.pdf
2026-02-17,LOCAL COMMERCIAL RICE,Other Special,White Rice,58.90,Daily-Price-Index-February-17-2026.pdf
2026-02-17,LOCAL COMMERCIAL RICE,Premium,5% broken,52.02,Daily-Price-Index-February-17-2026.pdf
2026-02-17,LOCAL COMMERCIAL RICE,Well Milled,1-19% bran streak,45.91,Daily-Price-Index-February-17-2026.pdf
2026-02-17,LOCAL COMMERCIAL RICE,Regular Milled,20-40% bran streak,41.13,Daily-Price-Index-February-17-2026.pdf
2026-02-18,IMPORTED COMMERCIAL RICE,Basmati,,207.86,Daily-Price-Index-February-18-2026.pdf
2026-02-18,IMPORTED COMMERCIAL RICE,Glutinous,,61.05,Daily-Price-Index-February-18-2026.pdf
2026-02-18,IMPORTED COMMERCIAL RICE,Japonica/Jasponica,,62.71,Daily-Price-Index-February-18-2026.pdf
2026-02-18,IMPORTED COMMERCIAL RICE,Other Special,White Rice,60.63,Daily-Price-Index-February-18-2026.pdf
2026-02-18,IMPORTED COMMERCIAL RICE,Premium,5% broken,56.42,Daily-Price-Index-February-18-2026.pdf
2026-02-18,IMPORTED COMMERCIAL RICE,Well Milled,1-19% bran streak,47.00,Daily-Price-Index-February-18-2026.pdf
2026-02-18,IMPORTED COMMERCIAL RICE,Regular Milled,20-40% bran streak,41.18,Daily-Price-Index-February-18-2026.pdf
2026-02-18,LOCAL COMMERCIAL RICE,Glutinous,,74.21,Daily-Price-Index-February-18-2026.pdf
2026-02-18,LOCAL COMMERCIAL RICE,Other Special,White Rice,58.88,Daily-Price-Index-February-18-2026.pdf
2026-02-18,LOCAL COMMERCIAL RICE,Premium,5% broken,52.10,Daily-Price-Index-February-18-2026.pdf
2026-02-18,LOCAL COMMERCIAL RICE,Well Milled,1-19% bran streak,45.95,Daily-Price-Index-February-18-2026.pdf
2026-02-18,LOCAL COMMERCIAL RICE,Regular Milled,20-40% bran streak,41.13,Daily-Price-Index-February-18-2026.pdf
2026-02-19,IMPORTED COMMERCIAL RICE,Basmati,,207.86,Daily-Price-Index-February-19-2026.pdf
2026-02-19,IMPORTED COMMERCIAL RICE,Glutinous,,61.05,Daily-Price-Index-February-19-2026.pdf
2026-02-19,IMPORTED COMMERCIAL RICE,Japonica/Jasponica,,62.71,Daily-Price-Index-February-19-2026.pdf
2026-02-19,IMPORTED COMMERCIAL RICE,Other Special,White Rice,60.63,Daily-Price-Index-February-19-2026.pdf
2026-02-19,IMPORTED COMMERCIAL RICE,Premium,5% broken,56.45,Daily-Price-Index-February-19-2026.pdf
2026-02-19,IMPORTED COMMERCIAL RICE,Well Milled,1-19% bran streak,47.18,Daily-Price-Index-February-19-2026.pdf
2026-02-19,IMPORTED COMMERCIAL RICE,Regular Milled,20-40% bran streak,41.18,Daily-Price-Index-February-19-2026.pdf
2026-02-19,LOCAL COMMERCIAL RICE,Glutinous,,74.21,Daily-Price-Index-February-19-2026.pdf
2026-02-19,LOCAL COMMERCIAL RICE,Other Special,White Rice,58.88,Daily-Price-Index-February-19-2026.pdf
2026-02-19,LOCAL COMMERCIAL RICE,Premium,5% broken,52.08,Daily-Price-Index-February-19-2026.pdf
2026-02-19,LOCAL COMMERCIAL RICE,Well Milled,1-19% bran streak,45.95,Daily-Price-Index-February-19-2026.pdf
2026-02-19,LOCAL COMMERCIAL RICE,Regular Milled,20-40% bran streak,41.13,Daily-Price-Index-February-19-2026.pdf
2026-02-20,IMPORTED COMMERCIAL RICE,Basmati,,207.86,Daily-Price-Index-February-20-2026.pdf
2026-02-20,IMPORTED COMMERCIAL RICE,Glutinous,,61.05,Daily-Price-Index-February-20-2026.pdf
2026-02-20,IMPORTED COMMERCIAL RICE,Japonica/Jasponica,,62.97,Daily-Price-Index-February-20-2026.pdf
2026-02-20,IMPORTED COMMERCIAL RICE,Other Special,White Rice,60.63,Daily-Price-Index-February-20-2026.pdf
2026-02-20,IMPORTED COMMERCIAL RICE,Premium,5% broken,56.61,Daily-Price-Index-February-20-2026.pdf
2026-02-20,IMPORTED COMMERCIAL RICE,Well Milled,1-19% bran streak,47.10,Daily-Price-Index-February-20-2026.pdf
2026-02-20,IMPORTED COMMERCIAL RICE,Regular Milled,20-40% bran streak,41.24,Daily-Price-Index-February-20-2026.pdf
2026-02-20,LOCAL COMMERCIAL RICE,Glutinous,,75.13,Daily-Price-Index-February-20-2026.pdf
2026-02-20,LOCAL COMMERCIAL RICE,Other Special,White Rice,58.81,Daily-Price-Index-February-20-2026.pdf
2026-02-20,LOCAL COMMERCIAL RICE,Premium,5% broken,52.11,Daily-Price-Index-February-20-2026.pdf
2026-02-20,LOCAL COMMERCIAL RICE,Well Milled,1-19% bran streak,45.96,Daily-Price-Index-February-20-2026.pdf
2026-02-20,LOCAL COMMERCIAL RICE,Regular Milled,20-40% bran streak,41.15,Daily-Price-Index-February-20-2026.pdf
2026-02-21,IMPORTED COMMERCIAL RICE,Basmati,,217.50,Daily-Price-Index-February-21-2026.pdf
2026-02-21,IMPORTED COMMERCIAL RICE,Glutinous,,61.34,Daily-Price-Index-February-21-2026.pdf
2026-02-21,IMPORTED COMMERCIAL RICE,Japonica/Jasponica,,63.31,Daily-Price-Index-February-21-2026.pdf
2026-02-21,IMPORTED COMMERCIAL RICE,Other Special,White Rice,60.63,Daily-Price-Index-February-21-2026.pdf
2026-02-21,IMPORTED COMMERCIAL RICE,Premium,5% broken,56.84,Daily-Price-Index-February-21-2026.pdf
2026-02-21,IMPORTED COMMERCIAL RICE,Well Milled,1-19% bran streak,48.28,Daily-Price-Index-February-21-2026.pdf
2026-02-21,IMPORTED COMMERCIAL RICE,Regular Milled,20-40% bran streak,42.21,Daily-Price-Index-February-21-2026.pdf
2026-02-21,LOCAL COMMERCIAL RICE,Glutinous,,75.13,Daily-Price-Index-February-21-2026.pdf
2026-02-21,LOCAL COMMERCIAL RICE,Other Special,White Rice,58.78,Daily-Price-Index-February-21-2026.pdf
2026-02-21,LOCAL COMMERCIAL RICE,Premium,5% broken,52.08,Daily-Price-Index-February-21-2026.pdf
2026-02-21,LOCAL COMMERCIAL RICE,Well Milled,1-19% bran streak,45.91,Daily-Price-Index-February-21-2026.pdf
2026-02-21,LOCAL COMMERCIAL RICE,Regular Milled,20-40% bran streak,40.98,Daily-Price-Index-February-21-2026.pdf
2026-02-22,IMPORTED COMMERCIAL RICE,Basmati,,176.67,Daily-Price-Index-February-22-2026.pdf
2026-02-22,IMPORTED COMMERCIAL RICE,Glutinous,,63.00,Daily-Price-Index-February-22-2026.pdf
2026-02-22,IMPORTED COMMERCIAL RICE,Japonica/Jasponica,,62.00,Daily-Price-Index-February-22-2026.pdf
2026-02-22,IMPORTED COMMERCIAL RICE,Other Special,White Rice,61.00,Daily-Price-Index-February-22-2026.pdf
2026-02-22,IMPORTED COMMERCIAL RICE,Premium,5% broken,55.67,Daily-Price-Index-February-22-2026.pdf
2026-02-22,IMPORTED COMMERCIAL RICE,Well Milled,1-19% bran streak,47.25,Daily-Price-Index-February-22-2026.pdf
2026-02-22,IMPORTED COMMERCIAL RICE,Regular Milled,20-40% bran streak,41.25,Daily-Price-Index-February-22-2026.pdf
2026-02-22,LOCAL COMMERCIAL RICE,Glutinous,,75.00,Daily-Price-Index-February-22-2026.pdf
2026-02-22,LOCAL COMMERCIAL RICE,Other Special,White Rice,59.00,Daily-Price-Index-February-22-2026.pdf
2026-02-22,LOCAL COMMERCIAL RICE,Premium,5% broken,52.30,Daily-Price-Index-February-22-2026.pdf
2026-02-22,LOCAL COMMERCIAL RICE,Well Milled,1-19% bran streak,46.86,Daily-Price-Index-February-22-2026.pdf
2026-02-22,LOCAL COMMERCIAL RICE,Regular Milled,20-40% bran streak,41.14,Daily-Price-Index-February-22-2026.pdf
2026-02-23,IMPORTED COMMERCIAL RICE,Basmati,,207.86,Daily-Price-Index-February-23-2026.pdf
2026-02-23,IMPORTED COMMERCIAL RICE,Glutinous,,61.22,Daily-Price-Index-February-23-2026.pdf
2026-02-23,IMPORTED COMMERCIAL RICE,Japonica/Jasponica,,63.15,Daily-Price-Index-February-23-2026.pdf
2026-02-23,IMPORTED COMMERCIAL RICE,Other Special,White Rice,60.83,Daily-Price-Index-February-23-2026.pdf
2026-02-23,IMPORTED COMMERCIAL RICE,Premium,5% broken,57.36,Daily-Price-Index-February-23-2026.pdf
2026-02-23,IMPORTED COMMERCIAL RICE,Well Milled,1-19% bran streak,47.07,Daily-Price-Index-February-23-2026.pdf
2026-02-23,IMPORTED COMMERCIAL RICE,Regular Milled,20-40% bran streak,41.44,Daily-Price-Index-February-23-2026.pdf
2026-02-23,LOCAL COMMERCIAL RICE,Glutinous,,73.94,Daily-Price-Index-February-23-2026.pdf
2026-02-23,LOCAL COMMERCIAL RICE,Other Special,White Rice,58.93,Daily-Price-Index-February-23-2026.pdf
2026-02-23,LOCAL COMMERCIAL RICE,Premium,5% broken,52.38,Daily-Price-Index-February-23-2026.pdf
2026-02-23,LOCAL COMMERCIAL RICE,Well Milled,1-19% bran streak,45.97,Daily-Price-Index-February-23-2026.pdf
2026-02-23,LOCAL COMMERCIAL RICE,Regular Milled,20-40% bran streak,41.16,Daily-Price-Index-February-23-2026.pdf
2026-02-24,IMPORTED COMMERCIAL RICE,Basmati,,200.83,Daily-Price-Index-February-24-2026.pdf
2026-02-24,IMPORTED COMMERCIAL RICE,Glutinous,,61.22,Daily-Price-Index-February-24-2026.pdf
2026-02-24,IMPORTED COMMERCIAL RICE,Japonica/Jasponica,,63.61,Daily-Price-Index-February-24-2026.pdf
2026-02-24,IMPORTED COMMERCIAL RICE,Other Special,White Rice,60.79,Daily-Price-Index-February-24-2026.pdf
2026-02-24,IMPORTED COMMERCIAL RICE,Premium,5% broken,57.04,Daily-Price-Index-February-24-2026.pdf
2026-02-24,IMPORTED COMMERCIAL RICE,Well Milled,1-19% bran streak,47.19,Daily-Price-Index-February-24-2026.pdf
2026-02-24,IMPORTED COMMERCIAL RICE,Regular Milled,20-40% bran streak,41.24,Daily-Price-Index-February-24-2026.pdf
2026-02-24,LOCAL COMMERCIAL RICE,Glutinous,,77.07,Daily-Price-Index-February-24-2026.pdf
2026-02-24,LOCAL COMMERCIAL RICE,Other Special,White Rice,58.91,Daily-Price-Index-February-24-2026.pdf
2026-02-24,LOCAL COMMERCIAL RICE,Premium,5% broken,52.19,Daily-Price-Index-February-24-2026.pdf
2026-02-24,LOCAL COMMERCIAL RICE,Well Milled,1-19% bran streak,45.88,Daily-Price-Index-February-24-2026.pdf
2026-02-24,LOCAL COMMERCIAL RICE,Regular Milled,20-40% bran streak,41.00,Daily-Price-Index-February-24-2026.pdf
2026-02-25,IMPORTED COMMERCIAL RICE,Basmati,,200.83,Daily-Price-Index-February-25-2026.pdf
2026-02-25,IMPORTED COMMERCIAL RICE,Glutinous,,61.22,Daily-Price-Index-February-25-2026.pdf
2026-02-25,IMPORTED COMMERCIAL RICE,Japonica/Jasponica,,63.15,Daily-Price-Index-February-25-2026.pdf
2026-02-25,IMPORTED COMMERCIAL RICE,Other Special,White Rice,60.79,Daily-Price-Index-February-25-2026.pdf
2026-02-25,IMPORTED COMMERCIAL RICE,Premium,5% broken,57.29,Daily-Price-Index-February-25-2026.pdf
2026-02-25,IMPORTED COMMERCIAL RICE,Well Milled,1-19% bran streak,47.32,Daily-Price-Index-February-25-2026.pdf
2026-02-25,IMPORTED COMMERCIAL RICE,Regular Milled,20-40% bran streak,41.24,Daily-Price-Index-February-25-2026.pdf
2026-02-25,LOCAL COMMERCIAL RICE,Glutinous,,73.94,Daily-Price-Index-February-25-2026.pdf
2026-02-25,LOCAL COMMERCIAL RICE,Other Special,White Rice,58.93,Daily-Price-Index-February-25-2026.pdf
2026-02-25,LOCAL COMMERCIAL RICE,Premium,5% broken,52.50,Daily-Price-Index-February-25-2026.pdf
2026-02-25,LOCAL COMMERCIAL RICE,Well Milled,1-19% bran streak,45.99,Daily-Price-Index-February-25-2026.pdf
2026-02-25,LOCAL COMMERCIAL RICE,Regular Milled,20-40% bran streak,40.98,Daily-Price-Index-February-25-2026.pdf
2026-02-26,IMPORTED COMMERCIAL RICE,Basmati,,200.83,Daily-Price-Index-February-26-2026.pdf
2026-02-26,IMPORTED COMMERCIAL RICE,Glutinous,,61.19,Daily-Price-Index-February-26-2026.pdf
2026-02-26,IMPORTED COMMERCIAL RICE,Japonica/Jasponica,,63.15,Daily-Price-Index-February-26-2026.pdf
2026-02-26,IMPORTED COMMERCIAL RICE,Other Special,White Rice,60.79,Daily-Price-Index-February-26-2026.pdf
2026-02-26,IMPORTED COMMERCIAL RICE,Premium,5% broken,57.49,Daily-Price-Index-February-26-2026.pdf
2026-02-26,IMPORTED COMMERCIAL RICE,Well Milled,1-19% bran streak,47.32,Daily-Price-Index-February-26-2026.pdf
2026-02-26,IMPORTED COMMERCIAL RICE,Regular Milled,20-40% bran streak,41.31,Daily-Price-Index-February-26-2026.pdf
2026-02-26,LOCAL COMMERCIAL RICE,Glutinous,,73.69,Daily-Price-Index-February-26-2026.pdf
2026-02-26,LOCAL COMMERCIAL RICE,Other Special,White Rice,59.01,Daily-Price-Index-February-26-2026.pdf
2026-02-26,LOCAL COMMERCIAL RICE,Premium,5% broken,52.62,Daily-Price-Index-February-26-2026.pdf
2026-02-26,LOCAL COMMERCIAL RICE,Well Milled,1-19% bran streak,46.26,Daily-Price-Index-February-26-2026.pdf
2026-02-26,LOCAL COMMERCIAL RICE,Regular Milled,20-40% bran streak,41.07,Daily-Price-Index-February-26-2026.pdf
2026-02-27,IMPORTED COMMERCIAL RICE,Basmati,,200.83,Daily-Price-Index-February-27-2026.pdf
2026-02-27,IMPORTED COMMERCIAL RICE,Glutinous,,61.19,Daily-Price-Index-February-27-2026.pdf
2026-02-27,IMPORTED COMMERCIAL RICE,Japonica/Jasponica,,63.15,Daily-Price-Index-February-27-2026.pdf
2026-02-27,IMPORTED COMMERCIAL RICE,Other Special,White Rice,60.79,Daily-Price-Index-February-27-2026.pdf
2026-02-27,IMPORTED COMMERCIAL RICE,Premium,5% broken,57.48,Daily-Price-Index-February-27-2026.pdf
2026-02-27,IMPORTED COMMERCIAL RICE,Well Milled,1-19% bran streak,47.37,Daily-Price-Index-February-27-2026.pdf
2026-02-27,IMPORTED COMMERCIAL RICE,Regular Milled,20-40% bran streak,41.31,Daily-Price-Index-February-27-2026.pdf
2026-02-27,LOCAL COMMERCIAL RICE,Glutinous,,73.69,Daily-Price-Index-February-27-2026.pdf
2026-02-27,LOCAL COMMERCIAL RICE,Other Special,White Rice,59.01,Daily-Price-Index-February-27-2026.pdf
2026-02-27,LOCAL COMMERCIAL RICE,Premium,5% broken,52.59,Daily-Price-Index-February-27-2026.pdf
2026-02-27,LOCAL COMMERCIAL RICE,Well Milled,1-19% bran streak,46.06,Daily-Price-Index-February-27-2026.pdf
2026-02-27,LOCAL COMMERCIAL RICE,Regular Milled,20-40% bran streak,41.07,Daily-Price-Index-February-27-2026.pdf
2026-02-28,IMPORTED COMMERCIAL RICE,Basmati,,200.83,Daily-Price-Index-February-28-2026.pdf
2026-02-28,IMPORTED COMMERCIAL RICE,Glutinous,,61.17,Daily-Price-Index-February-28-2026.pdf
2026-02-28,IMPORTED COMMERCIAL RICE,Japonica/Jasponica,,61.21,Daily-Price-Index-February-28-2026.pdf
2026-02-28,IMPORTED COMMERCIAL RICE,Other Special,White Rice,60.79,Daily-Price-Index-February-28-2026.pdf
2026-02-28,IMPORTED COMMERCIAL RICE,Premium,5% broken,57.42,Daily-Price-Index-February-28-2026.pdf
2026-02-28,IMPORTED COMMERCIAL RICE,Well Milled,1-19% bran streak,47.28,Daily-Price-Index-February-28-2026.pdf
2026-02-28,IMPORTED COMMERCIAL RICE,Regular Milled,20-40% bran streak,41.31,Daily-Price-Index-February-28-2026.pdf
2026-02-28,LOCAL COMMERCIAL RICE,Glutinous,,68.73,Daily-Price-Index-February-28-2026.pdf
2026-02-28,LOCAL COMMERCIAL RICE,Other Special,White Rice,58.90,Daily-Price-Index-February-28-2026.pdf
2026-02-28,LOCAL COMMERCIAL RICE,Premium,5% broken,52.44,Daily-Price-Index-February-28-2026.pdf
2026-02-28,LOCAL COMMERCIAL RICE,Well Milled,1-19% bran streak,46.24,Daily-Price-Index-February-28-2026.pdf
2026-02-28,LOCAL COMMERCIAL RICE,Regular Milled,20-40% bran streak,41.13,Daily-Price-Index-February-28-2026.pdf
2026-03-01,IMPORTED COMMERCIAL RICE,Basmati,,170.00,Daily-Price-Index-March-1-2026.pdf
2026-03-01,IMPORTED COMMERCIAL RICE,Glutinous,,63.43,Daily-Price-Index-March-1-2026.pdf
2026-03-01,IMPORTED COMMERCIAL RICE,Japonica/Jasponica,,62.67,Daily-Price-Index-March-1-2026.pdf
2026-03-01,IMPORTED COMMERCIAL RICE,Other Special,White Rice,61.00,Daily-Price-Index-March-1-2026.pdf
2026-03-01,IMPORTED COMMERCIAL RICE,Premium,5% broken,56.80,Daily-Price-Index-March-1-2026.pdf
2026-03-01,IMPORTED COMMERCIAL RICE,Well Milled,1-19% bran streak,47.25,Daily-Price-Index-March-1-2026.pdf
2026-03-01,IMPORTED COMMERCIAL RICE,Regular Milled,20-40% bran streak,41.25,Daily-Price-Index-March-1-2026.pdf
2026-03-01,LOCAL COMMERCIAL RICE,Glutinous,,78.75,Daily-Price-Index-March-1-2026.pdf
2026-03-01,LOCAL COMMERCIAL RICE,Other Special,White Rice,59.60,Daily-Price-Index-March-1-2026.pdf
2026-03-01,LOCAL COMMERCIAL RICE,Premium,5% broken,52.18,Daily-Price-Index-March-1-2026.pdf
2026-03-01,LOCAL COMMERCIAL RICE,Well Milled,1-19% bran streak,45.71,Daily-Price-Index-March-1-2026.pdf
2026-03-01,LOCAL COMMERCIAL RICE,Regular Milled,20-40% bran streak,41.00,Daily-Price-Index-March-1-2026.pdf
2026-03-02,IMPORTED COMMERCIAL RICE,Basmati,,199.17,Daily-Price-Index-March-2-2026.pdf
2026-03-02,IMPORTED COMMERCIAL RICE,Glutinous,,61.09,Daily-Price-Index-March-2-2026.pdf
2026-03-02,IMPORTED COMMERCIAL RICE,Japonica/Jasponica,,63.48,Daily-Price-Index-March-2-2026.pdf
2026-03-02,IMPORTED COMMERCIAL RICE,Other Special,White Rice,60.71,Daily-Price-Index-March-2-2026.pdf
2026-03-02,IMPORTED COMMERCIAL RICE,Premium,5% broken,57.29,Daily-Price-Index-March-2-2026.pdf
2026-03-02,IMPORTED COMMERCIAL RICE,Well Milled,1-19% bran streak,47.38,Daily-Price-Index-March-2-2026.pdf
2026-03-02,IMPORTED COMMERCIAL RICE,Regular Milled,20-40% bran streak,41.53,Daily-Price-Index-March-2-2026.pdf
2026-03-02,LOCAL COMMERCIAL RICE,Glutinous,,79.13,Daily-Price-Index-March-2-2026.pdf
2026-03-02,LOCAL COMMERCIAL RICE,Other Special,White Rice,59.53,Daily-Price-Index-March-2-2026.pdf
2026-03-02,LOCAL COMMERCIAL RICE,Premium,5% broken,53.18,Daily-Price-Index-March-2-2026.pdf
2026-03-02,LOCAL COMMERCIAL RICE,Well Milled,1-19% bran streak,46.60,Daily-Price-Index-March-2-2026.pdf
2026-03-02,LOCAL COMMERCIAL RICE,Regular Milled,20-40% bran streak,41.41,Daily-Price-Index-March-2-2026.pdf
2026-03-03,IMPORTED COMMERCIAL RICE,Basmati,,206.43,Daily-Price-Index-March-3-2026.pdf
2026-03-03,IMPORTED COMMERCIAL RICE,Glutinous,,61.16,Daily-Price-Index-March-3-2026.pdf
2026-03-03,IMPORTED COMMERCIAL RICE,Japonica/Jasponica,,63.53,Daily-Price-Index-March-3-2026.pdf
2026-03-03,IMPORTED COMMERCIAL RICE,Other Special,White Rice,60.68,Daily-Price-Index-March-3-2026.pdf
2026-03-03,IMPORTED COMMERCIAL RICE,Premium,5% broken,57.31,Daily-Price-Index-March-3-2026.pdf
2026-03-03,IMPORTED COMMERCIAL RICE,Well Milled,1-19% bran streak,47.49,Daily-Price-Index-March-3-2026.pdf
2026-03-03,IMPORTED COMMERCIAL RICE,Regular Milled,20-40% bran streak,41.31,Daily-Price-Index-March-3-2026.pdf
2026-03-03,LOCAL COMMERCIAL RICE,Glutinous,,76.65,Daily-Price-Index-March-3-2026.pdf
2026-03-03,LOCAL COMMERCIAL RICE,Other Special,White Rice,59.35,Daily-Price-Index-March-3-2026.pdf
2026-03-03,LOCAL COMMERCIAL RICE,Premium,5% broken,52.85,Daily-Price-Index-March-3-2026.pdf
2026-03-03,LOCAL COMMERCIAL RICE,Well Milled,1-19% bran streak,46.13,Daily-Price-Index-March-3-2026.pdf
2026-03-03,LOCAL COMMERCIAL RICE,Regular Milled,20-40% bran streak,40.98,Daily-Price-Index-March-3-2026.pdf
2026-03-04,IMPORTED COMMERCIAL RICE,Basmati,,206.43,Daily-Price-Index-March-4-2026.pdf
2026-03-04,IMPORTED COMMERCIAL RICE,Glutinous,,61.59,Daily-Price-Index-March-4-2026.pdf
2026-03-04,IMPORTED COMMERCIAL RICE,Japonica/Jasponica,,61.82,Daily-Price-Index-March-4-2026.pdf
2026-03-04,IMPORTED COMMERCIAL RICE,Other Special,White Rice,60.30,Daily-Price-Index-March-4-2026.pdf
2026-03-04,IMPORTED COMMERCIAL RICE,Premium,5% broken,57.42,Daily-Price-Index-March-4-2026.pdf
2026-03-04,IMPORTED COMMERCIAL RICE,Well Milled,1-19% bran streak,47.38,Daily-Price-Index-March-4-2026.pdf
2026-03-04,IMPORTED COMMERCIAL RICE,Regular Milled,20-40% bran streak,41.46,Daily-Price-Index-March-4-2026.pdf
2026-03-04,LOCAL COMMERCIAL RICE,Glutinous,,75.03,Daily-Price-Index-March-4-2026.pdf
2026-03-04,LOCAL COMMERCIAL RICE,Other Special,White Rice,59.34,Daily-Price-Index-March-4-2026.pdf
2026-03-04,LOCAL COMMERCIAL RICE,Premium,5% broken,53.16,Daily-Price-Index-March-4-2026.pdf
2026-03-04,LOCAL COMMERCIAL RICE,Well Milled,1-19% bran streak,46.48,Daily-Price-Index-March-4-2026.pdf
2026-03-04,LOCAL COMMERCIAL RICE,Regular Milled,20-40% bran streak,41.38,Daily-Price-Index-March-4-2026.pdf
2026-03-05,IMPORTED COMMERCIAL RICE,Basmati,,206.43,Daily-Price-Index-March-5-2026.pdf
2026-03-05,IMPORTED COMMERCIAL RICE,Glutinous,,61.17,Daily-Price-Index-March-5-2026.pdf
2026-03-05,IMPORTED COMMERCIAL RICE,Japonica/Jasponica,,61.41,Daily-Price-Index-March-5-2026.pdf
2026-03-05,IMPORTED COMMERCIAL RICE,Other Special,White Rice,60.68,Daily-Price-Index-March-5-2026.pdf
2026-03-05,IMPORTED COMMERCIAL RICE,Premium,5% broken,57.63,Daily-Price-Index-March-5-2026.pdf
2026-03-05,IMPORTED COMMERCIAL RICE,Well Milled,1-19% bran streak,47.43,Daily-Price-Index-March-5-2026.pdf
2026-03-05,IMPORTED COMMERCIAL RICE,Regular Milled,20-40% bran streak,41.31,Daily-Price-Index-March-5-2026.pdf
2026-03-05,LOCAL COMMERCIAL RICE,Glutinous,,71.18,Daily-Price-Index-March-5-2026.pdf
2026-03-05,LOCAL COMMERCIAL RICE,Other Special,White Rice,59.12,Daily-Price-Index-March-5-2026.pdf
2026-03-05,LOCAL COMMERCIAL RICE,Premium,5% broken,53.22,Daily-Price-Index-March-5-2026.pdf
2026-03-05,LOCAL COMMERCIAL RICE,Well Milled,1-19% bran streak,46.42,Daily-Price-Index-March-5-2026.pdf
2026-03-05,LOCAL COMMERCIAL RICE,Regular Milled,20-40% bran streak,41.29,Daily-Price-Index-March-5-2026.pdf
2026-03-06,IMPORTED COMMERCIAL RICE,Basmati,,206.43,Daily-Price-Index-March-6-2026.pdf
2026-03-06,IMPORTED COMMERCIAL RICE,Glutinous,,61.18,Daily-Price-Index-March-6-2026.pdf
2026-03-06,IMPORTED COMMERCIAL RICE,Japonica/Jasponica,,63.15,Daily-Price-Index-March-6-2026.pdf
2026-03-06,IMPORTED COMMERCIAL RICE,Other Special,White Rice,60.68,Daily-Price-Index-March-6-2026.pdf
2026-03-06,IMPORTED COMMERCIAL RICE,Premium,5% broken,57.66,Daily-Price-Index-March-6-2026.pdf
2026-03-06,IMPORTED COMMERCIAL RICE,Well Milled,1-19% bran streak,47.55,Daily-Price-Index-March-6-2026.pdf
2026-03-06,IMPORTED COMMERCIAL RICE,Regular Milled,20-40% bran streak,41.31,Daily-Price-Index-March-6-2026.pdf
2026-03-06,LOCAL COMMERCIAL RICE,Glutinous,,74.89,Daily-Price-Index-March-6-2026.pdf
2026-03-06,LOCAL COMMERCIAL RICE,Other Special,White Rice,59.52,Daily-Price-Index-March-6-2026.pdf
2026-03-06,LOCAL COMMERCIAL RICE,Premium,5% broken,53.51,Daily-Price-Index-March-6-2026.pdf
2026-03-06,LOCAL COMMERCIAL RICE,Well Milled,1-19% bran streak,46.40,Daily-Price-Index-March-6-2026.pdf
2026-03-06,LOCAL COMMERCIAL RICE,Regular Milled,20-40% bran streak,41.33,Daily-Price-Index-March-6-2026.pdf
2026-03-07,IMPORTED COMMERCIAL RICE,Basmati,,206.43,Daily-Price-Index-March-7-2026.pdf
2026-03-07,IMPORTED COMMERCIAL RICE,Glutinous,,61.10,Daily-Price-Index-March-7-2026.pdf
2026-03-07,IMPORTED COMMERCIAL RICE,Japonica/Jasponica,,63.21,Daily-Price-Index-March-7-2026.pdf
2026-03-07,IMPORTED COMMERCIAL RICE,Other Special,White Rice,60.68,Daily-Price-Index-March-7-2026.pdf
2026-03-07,IMPORTED COMMERCIAL RICE,Premium,5% broken,57.56,Daily-Price-Index-March-7-2026.pdf
2026-03-07,IMPORTED COMMERCIAL RICE,Well Milled,1-19% bran streak,47.58,Daily-Price-Index-March-7-2026.pdf
2026-03-07,IMPORTED COMMERCIAL RICE,Regular Milled,20-40% bran streak,41.53,Daily-Price-Index-March-7-2026.pdf
2026-03-07,LOCAL COMMERCIAL RICE,Glutinous,,77.84,Daily-Price-Index-March-7-2026.pdf
2026-03-07,LOCAL COMMERCIAL RICE,Other Special,White Rice,59.62,Daily-Price-Index-March-7-2026.pdf
2026-03-07,LOCAL COMMERCIAL RICE,Premium,5% broken,53.86,Daily-Price-Index-March-7-2026.pdf
2026-03-07,LOCAL COMMERCIAL RICE,Well Milled,1-19% bran streak,46.67,Daily-Price-Index-March-7-2026.pdf
2026-03-07,LOCAL COMMERCIAL RICE,Regular Milled,20-40% bran streak,41.53,Daily-Price-Index-March-7-2026.pdf
2026-03-08,IMPORTED COMMERCIAL RICE,Basmati,,180.00,Daily-Price-Index-March-8-2026.pdf
2026-03-08,IMPORTED COMMERCIAL RICE,Glutinous,,64.00,Daily-Price-Index-March-8-2026.pdf
2026-03-08,IMPORTED COMMERCIAL RICE,Japonica/Jasponica,,63.00,Daily-Price-Index-March-8-2026.pdf
2026-03-08,IMPORTED COMMERCIAL RICE,Other Special,White Rice,61.40,Daily-Price-Index-March-8-2026.pdf
2026-03-08,IMPORTED COMMERCIAL RICE,Premium,5% broken,57.33,Daily-Price-Index-March-8-2026.pdf
2026-03-08,IMPORTED COMMERCIAL RICE,Well Milled,1-19% bran streak,48.20,Daily-Price-Index-March-8-2026.pdf
2026-03-08,IMPORTED COMMERCIAL RICE,Regular Milled,20-40% bran streak,42.67,Daily-Price-Index-March-8-2026.pdf
2026-03-08,LOCAL COMMERCIAL RICE,Glutinous,,81.67,Daily-Price-Index-March-8-2026.pdf
2026-03-08,LOCAL COMMERCIAL RICE,Other Special,White Rice,59.40,Daily-Price-Index-March-8-2026.pdf
2026-03-08,LOCAL COMMERCIAL RICE,Premium,5% broken,53.80,Daily-Price-Index-March-8-2026.pdf
2026-03-08,LOCAL COMMERCIAL RICE,Well Milled,1-19% bran streak,48.17,Daily-Price-Index-March-8-2026.pdf
2026-03-08,LOCAL COMMERCIAL RICE,Regular Milled,20-40% bran streak,42.38,Daily-Price-Index-March-8-2026.pdf
2026-03-13,IMPORTED COMMERCIAL RICE,Basmati,,206.43,Daily-Price-Index-March-13-2026.pdf
2026-03-13,IMPORTED COMMERCIAL RICE,Glutinous,,61.23,Daily-Price-Index-March-13-2026.pdf
2026-03-13,IMPORTED COMMERCIAL RICE,Japonica/Jasponica,,63.26,Daily-Price-Index-March-13-2026.pdf
2026-03-13,IMPORTED COMMERCIAL RICE,Other Special,White Rice,60.65,Daily-Price-Index-March-13-2026.pdf
2026-03-13,IMPORTED COMMERCIAL RICE,Premium,5% broken,57.86,Daily-Price-Index-March-13-2026.pdf
2026-03-13,IMPORTED COMMERCIAL RICE,Well Milled,1-19% bran streak,47.62,Daily-Price-Index-March-13-2026.pdf
2026-03-13,IMPORTED COMMERCIAL RICE,Regular Milled,20-40% bran streak,42.13,Daily-Price-Index-March-13-2026.pdf
2026-03-13,LOCAL COMMERCIAL RICE,Glutinous,,74.86,Daily-Price-Index-March-13-2026.pdf
2026-03-13,LOCAL COMMERCIAL RICE,Other Special,White Rice,59.55,Daily-Price-Index-March-13-2026.pdf
2026-03-13,LOCAL COMMERCIAL RICE,Premium,5% broken,53.50,Daily-Price-Index-March-13-2026.pdf
2026-03-13,LOCAL COMMERCIAL RICE,Well Milled,1-19% bran streak,46.45,Daily-Price-Index-March-13-2026.pdf
2026-03-13,LOCAL COMMERCIAL RICE,Regular Milled,20-40% bran streak,41.28,Daily-Price-Index-March-13-2026.pdf
2026-03-14,IMPORTED COMMERCIAL RICE,Basmati,,215.83,Daily-Price-Index-March-14-2026.pdf
2026-03-14,IMPORTED COMMERCIAL RICE,Glutinous,,61.39,Daily-Price-Index-March-14-2026.pdf
2026-03-14,IMPORTED COMMERCIAL RICE,Japonica/Jasponica,,63.26,Daily-Price-Index-March-14-2026.pdf
2026-03-14,IMPORTED COMMERCIAL RICE,Other Special,White Rice,60.65,Daily-Price-Index-March-14-2026.pdf
2026-03-14,IMPORTED COMMERCIAL RICE,Premium,5% broken,57.85,Daily-Price-Index-March-14-2026.pdf
2026-03-14,IMPORTED COMMERCIAL RICE,Well Milled,1-19% bran streak,47.92,Daily-Price-Index-March-14-2026.pdf
2026-03-14,IMPORTED COMMERCIAL RICE,Regular Milled,20-40% bran streak,42.50,Daily-Price-Index-March-14-2026.pdf
2026-03-14,LOCAL COMMERCIAL RICE,Glutinous,,74.86,Daily-Price-Index-March-14-2026.pdf
2026-03-14,LOCAL COMMERCIAL RICE,Other Special,White Rice,59.57,Daily-Price-Index-March-14-2026.pdf
2026-03-14,LOCAL COMMERCIAL RICE,Premium,5% broken,53.39,Daily-Price-Index-March-14-2026.pdf
2026-03-14,LOCAL COMMERCIAL RICE,Well Milled,1-19% bran streak,46.51,Daily-Price-Index-March-14-2026.pdf
2026-03-14,LOCAL COMMERCIAL RICE,Regular Milled,20-40% bran streak,41.28,Daily-Price-Index-March-14-2026.pdf
2026-03-15,IMPORTED COMMERCIAL RICE,Basmati,,173.33,Daily-Price-Index-March-15-2026.pdf
2026-03-15,IMPORTED COMMERCIAL RICE,Glutinous,,62.88,Daily-Price-Index-March-15-2026.pdf
2026-03-15,IMPORTED COMMERCIAL RICE,Japonica/Jasponica,,63.00,Daily-Price-Index-March-15-2026.pdf
2026-03-15,IMPORTED COMMERCIAL RICE,Other Special,White Rice,61.00,Daily-Price-Index-March-15-2026.pdf
2026-03-15,IMPORTED COMMERCIAL RICE,Premium,5% broken,57.45,Daily-Price-Index-March-15-2026.pdf
2026-03-15,IMPORTED COMMERCIAL RICE,Well Milled,1-19% bran streak,47.57,Daily-Price-Index-March-15-2026.pdf
2026-03-15,IMPORTED COMMERCIAL RICE,Regular Milled,20-40% bran streak,41.25,Daily-Price-Index-March-15-2026.pdf
2026-03-15,LOCAL COMMERCIAL RICE,Glutinous,,78.75,Daily-Price-Index-March-15-2026.pdf
2026-03-15,LOCAL COMMERCIAL RICE,Other Special,White Rice,59.50,Daily-Price-Index-March-15-2026.pdf
2026-03-15,LOCAL COMMERCIAL RICE,Premium,5% broken,54.27,Daily-Price-Index-March-15-2026.pdf
2026-03-15,LOCAL COMMERCIAL RICE,Well Milled,1-19% bran streak,48.00,Daily-Price-Index-March-15-2026.pdf
2026-03-15,LOCAL COMMERCIAL RICE,Regular Milled,20-40% bran streak,42.14,Daily-Price-Index-March-15-2026.pdf
2026-03-16,IMPORTED COMMERCIAL RICE,Basmati,,206.43,Daily-Price-Index-March-16-2026.pdf
2026-03-16,IMPORTED COMMERCIAL RICE,Glutinous,,61.23,Daily-Price-Index-March-16-2026.pdf
2026-03-16,IMPORTED COMMERCIAL RICE,Japonica/Jasponica,,63.17,Daily-Price-Index-March-16-2026.pdf
2026-03-16,IMPORTED COMMERCIAL RICE,Other Special,White Rice,60.65,Daily-Price-Index-March-16-2026.pdf
2026-03-16,IMPORTED COMMERCIAL RICE,Premium,5% broken,57.90,Daily-Price-Index-March-16-2026.pdf
2026-03-16,IMPORTED COMMERCIAL RICE,Well Milled,1-19% bran streak,47.64,Daily-Price-Index-March-16-2026.pdf
2026-03-16,IMPORTED COMMERCIAL RICE,Regular Milled,20-40% bran streak,42.13,Daily-Price-Index-March-16-2026.pdf
2026-03-16,LOCAL COMMERCIAL RICE,Glutinous,,75.07,Daily-Price-Index-March-16-2026.pdf
2026-03-16,LOCAL COMMERCIAL RICE,Other Special,White Rice,59.41,Daily-Price-Index-March-16-2026.pdf
2026-03-16,LOCAL COMMERCIAL RICE,Premium,5% broken,53.60,Daily-Price-Index-March-16-2026.pdf
2026-03-16,LOCAL COMMERCIAL RICE,Well Milled,1-19% bran streak,46.78,Daily-Price-Index-March-16-2026.pdf
2026-03-16,LOCAL COMMERCIAL RICE,Regular Milled,20-40% bran streak,41.31,Daily-Price-Index-March-16-2026.pdf
2026-03-17,IMPORTED COMMERCIAL RICE,Basmati,,206.43,Daily-Price-Index-March-17-2026.pdf
2026-03-17,IMPORTED COMMERCIAL RICE,Glutinous,,61.23,Daily-Price-Index-March-17-2026.pdf
2026-03-17,IMPORTED COMMERCIAL RICE,Japonica/Jasponica,,63.17,Daily-Price-Index-March-17-2026.pdf
2026-03-17,IMPORTED COMMERCIAL RICE,Other Special,White Rice,60.71,Daily-Price-Index-March-17-2026.pdf
2026-03-17,IMPORTED COMMERCIAL RICE,Premium,5% broken,58.19,Daily-Price-Index-March-17-2026.pdf
2026-03-17,IMPORTED COMMERCIAL RICE,Well Milled,1-19% bran streak,47.63,Daily-Price-Index-March-17-2026.pdf
2026-03-17,IMPORTED COMMERCIAL RICE,Regular Milled,20-40% bran streak,42.91,Daily-Price-Index-March-17-2026.pdf
2026-03-17,LOCAL COMMERCIAL RICE,Glutinous,,75.07,Daily-Price-Index-March-17-2026.pdf
2026-03-17,LOCAL COMMERCIAL RICE,Other Special,White Rice,59.61,Daily-Price-Index-March-17-2026.pdf
2026-03-17,LOCAL COMMERCIAL RICE,Premium,5% broken,54.05,Daily-Price-Index-March-17-2026.pdf
2026-03-17,LOCAL COMMERCIAL RICE,Well Milled,1-19% bran streak,47.27,Daily-Price-Index-March-17-2026.pdf
2026-03-17,LOCAL COMMERCIAL RICE,Regular Milled,20-40% bran streak,41.65,Daily-Price-Index-March-17-2026.pdf
2026-03-18,IMPORTED COMMERCIAL RICE,Basmati,,206.43,Daily-Price-Index-March-18-2026.pdf
2026-03-18,IMPORTED COMMERCIAL RICE,Glutinous,,61.20,Daily-Price-Index-March-18-2026.pdf
2026-03-18,IMPORTED COMMERCIAL RICE,Japonica/Jasponica,,63.17,Daily-Price-Index-March-18-2026.pdf
2026-03-18,IMPORTED COMMERCIAL RICE,Other Special,White Rice,60.71,Daily-Price-Index-March-18-2026.pdf
2026-03-18,IMPORTED COMMERCIAL RICE,Premium,5% broken,58.69,Daily-Price-Index-March-18-2026.pdf
2026-03-18,IMPORTED COMMERCIAL RICE,Well Milled,1-19% bran streak,47.91,Daily-Price-Index-March-18-2026.pdf
2026-03-18,IMPORTED COMMERCIAL RICE,Regular Milled,20-40% bran streak,43.22,Daily-Price-Index-March-18-2026.pdf
2026-03-18,LOCAL COMMERCIAL RICE,Glutinous,,75.07,Daily-Price-Index-March-18-2026.pdf
2026-03-18,LOCAL COMMERCIAL RICE,Other Special,White Rice,59.86,Daily-Price-Index-March-18-2026.pdf
2026-03-18,LOCAL COMMERCIAL RICE,Premium,5% broken,54.19,Daily-Price-Index-March-18-2026.pdf
2026-03-18,LOCAL COMMERCIAL RICE,Well Milled,1-19% bran streak,47.56,Daily-Price-Index-March-18-2026.pdf
2026-03-18,LOCAL COMMERCIAL RICE,Regular Milled,20-40% bran streak,41.84,Daily-Price-Index-March-18-2026.pdf
2026-03-19,IMPORTED COMMERCIAL RICE,Basmati,,206.43,Daily-Price-Index-March-19-2026.pdf
2026-03-19,IMPORTED COMMERCIAL RICE,Glutinous,,61.20,Daily-Price-Index-March-19-2026.pdf
2026-03-19,IMPORTED COMMERCIAL RICE,Japonica/Jasponica,,63.17,Daily-Price-Index-March-19-2026.pdf
2026-03-19,IMPORTED COMMERCIAL RICE,Other Special,White Rice,60.71,Daily-Price-Index-March-19-2026.pdf
2026-03-19,IMPORTED COMMERCIAL RICE,Premium,5% broken,58.91,Daily-Price-Index-March-19-2026.pdf
2026-03-19,IMPORTED COMMERCIAL RICE,Well Milled,1-19% bran streak,47.89,Daily-Price-Index-March-19-2026.pdf
2026-03-19,IMPORTED COMMERCIAL RICE,Regular Milled,20-40% bran streak,43.22,Daily-Price-Index-March-19-2026.pdf
2026-03-19,LOCAL COMMERCIAL RICE,Glutinous,,75.07,Daily-Price-Index-March-19-2026.pdf
2026-03-19,LOCAL COMMERCIAL RICE,Other Special,White Rice,60.01,Daily-Price-Index-March-19-2026.pdf
2026-03-19,LOCAL COMMERCIAL RICE,Premium,5% broken,54.33,Daily-Price-Index-March-19-2026.pdf
2026-03-19,LOCAL COMMERCIAL RICE,Well Milled,1-19% bran streak,47.56,Daily-Price-Index-March-19-2026.pdf
2026-03-19,LOCAL COMMERCIAL RICE,Regular Milled,20-40% bran streak,42.00,Daily-Price-Index-March-19-2026.pdf
2026-03-20,IMPORTED COMMERCIAL RICE,Basmati,,206.43,Daily-Price-Index-March-20-2026.pdf
2026-03-20,IMPORTED COMMERCIAL RICE,Glutinous,,61.20,Daily-Price-Index-March-20-2026.pdf
2026-03-20,IMPORTED COMMERCIAL RICE,Japonica/Jasponica,,63.17,Daily-Price-Index-March-20-2026.pdf
2026-03-20,IMPORTED COMMERCIAL RICE,Other Special,White Rice,61.04,Daily-Price-Index-March-20-2026.pdf
2026-03-20,IMPORTED COMMERCIAL RICE,Premium,5% broken,58.82,Daily-Price-Index-March-20-2026.pdf
2026-03-20,IMPORTED COMMERCIAL RICE,Well Milled,1-19% bran streak,47.94,Daily-Price-Index-March-20-2026.pdf
2026-03-20,IMPORTED COMMERCIAL RICE,Regular Milled,20-40% bran streak,43.22,Daily-Price-Index-March-20-2026.pdf
2026-03-20,LOCAL COMMERCIAL RICE,Glutinous,,75.07,Daily-Price-Index-March-20-2026.pdf
2026-03-20,LOCAL COMMERCIAL RICE,Other Special,White Rice,60.27,Daily-Price-Index-March-20-2026.pdf
2026-03-20,LOCAL COMMERCIAL RICE,Premium,5% broken,54.28,Daily-Price-Index-March-20-2026.pdf
2026-03-20,LOCAL COMMERCIAL RICE,Well Milled,1-19% bran streak,47.77,Daily-Price-Index-March-20-2026.pdf
2026-03-20,LOCAL COMMERCIAL RICE,Regular Milled,20-40% bran streak,41.84,Daily-Price-Index-March-20-2026.pdf
2026-03-21,IMPORTED COMMERCIAL RICE,Basmati,,206.43,Daily-Price-Index-March-21-2026.pdf
2026-03-21,IMPORTED COMMERCIAL RICE,Glutinous,,61.60,Daily-Price-Index-March-21-2026.pdf
2026-03-21,IMPORTED COMMERCIAL RICE,Japonica/Jasponica,,63.17,Daily-Price-Index-March-21-2026.pdf
2026-03-21,IMPORTED COMMERCIAL RICE,Other Special,White Rice,60.70,Daily-Price-Index-March-21-2026.pdf
2026-03-21,IMPORTED COMMERCIAL RICE,Premium,5% broken,58.96,Daily-Price-Index-March-21-2026.pdf
2026-03-21,IMPORTED COMMERCIAL RICE,Well Milled,1-19% bran streak,47.90,Daily-Price-Index-March-21-2026.pdf
2026-03-21,IMPORTED COMMERCIAL RICE,Regular Milled,20-40% bran streak,43.22,Daily-Price-Index-March-21-2026.pdf
2026-03-21,LOCAL COMMERCIAL RICE,Glutinous,,75.24,Daily-Price-Index-March-21-2026.pdf
2026-03-21,LOCAL COMMERCIAL RICE,Other Special,White Rice,60.43,Daily-Price-Index-March-21-2026.pdf
2026-03-21,LOCAL COMMERCIAL RICE,Premium,5% broken,54.86,Daily-Price-Index-March-21-2026.pdf
2026-03-21,LOCAL COMMERCIAL RICE,Well Milled,1-19% bran streak,48.28,Daily-Price-Index-March-21-2026.pdf
2026-03-21,LOCAL COMMERCIAL RICE,Regular Milled,20-40% bran streak,41.73,Daily-Price-Index-March-21-2026.pdf
2026-03-22,IMPORTED COMMERCIAL RICE,Basmati,,192.50,Daily-Price-Index-March-22-2026.pdf
2026-03-22,IMPORTED COMMERCIAL RICE,Glutinous,,63.83,Daily-Price-Index-March-22-2026.pdf
2026-03-22,IMPORTED COMMERCIAL RICE,Japonica/Jasponica,,63.75,Daily-Price-Index-March-22-2026.pdf
2026-03-22,IMPORTED COMMERCIAL RICE,Other Special,White Rice,61.20,Daily-Price-Index-March-22-2026.pdf
2026-03-22,IMPORTED COMMERCIAL RICE,Premium,5% broken,58.18,Daily-Price-Index-March-22-2026.pdf
2026-03-22,IMPORTED COMMERCIAL RICE,Well Milled,1-19% bran streak,48.75,Daily-Price-Index-March-22-2026.pdf
2026-03-22,IMPORTED COMMERCIAL RICE,Regular Milled,20-40% bran streak,44.00,Daily-Price-Index-March-22-2026.pdf
2026-03-22,LOCAL COMMERCIAL RICE,Glutinous,,72.40,Daily-Price-Index-March-22-2026.pdf
2026-03-22,LOCAL COMMERCIAL RICE,Other Special,White Rice,59.56,Daily-Price-Index-March-22-2026.pdf
2026-03-22,LOCAL COMMERCIAL RICE,Premium,5% broken,54.73,Daily-Price-Index-March-22-2026.pdf
2026-03-22,LOCAL COMMERCIAL RICE,Well Milled,1-19% bran streak,49.63,Daily-Price-Index-March-22-2026.pdf
2026-03-22,LOCAL COMMERCIAL RICE,Regular Milled,20-40% bran streak,44.22,Daily-Price-Index-March-22-2026.pdf
2026-03-23,IMPORTED COMMERCIAL RICE,Basmati,,202.78,Daily-Price-Index-March-23-2026.pdf
2026-03-23,IMPORTED COMMERCIAL RICE,Glutinous,,61.75,Daily-Price-Index-March-23-2026.pdf
2026-03-23,IMPORTED COMMERCIAL RICE,Japonica/Jasponica,,63.70,Daily-Price-Index-March-23-2026.pdf
2026-03-23,IMPORTED COMMERCIAL RICE,Other Special,White Rice,60.68,Daily-Price-Index-March-23-2026.pdf
2026-03-23,IMPORTED COMMERCIAL RICE,Premium,5% broken,58.83,Daily-Price-Index-March-23-2026.pdf
2026-03-23,IMPORTED COMMERCIAL RICE,Well Milled,1-19% bran streak,47.85,Daily-Price-Index-March-23-2026.pdf
2026-03-23,IMPORTED COMMERCIAL RICE,Regular Milled,20-40% bran streak,43.57,Daily-Price-Index-March-23-2026.pdf
2026-03-23,LOCAL COMMERCIAL RICE,Glutinous,,73.98,Daily-Price-Index-March-23-2026.pdf
2026-03-23,LOCAL COMMERCIAL RICE,Other Special,White Rice,60.25,Daily-Price-Index-March-23-2026.pdf
2026-03-23,LOCAL COMMERCIAL RICE,Premium,5% broken,54.59,Daily-Price-Index-March-23-2026.pdf
2026-03-23,LOCAL COMMERCIAL RICE,Well Milled,1-19% bran streak,48.14,Daily-Price-Index-March-23-2026.pdf
2026-03-23,LOCAL COMMERCIAL RICE,Regular Milled,20-40% bran streak,42.37,Daily-Price-Index-March-23-2026.pdf
2026-03-24,IMPORTED COMMERCIAL RICE,Basmati,,206.43,Daily-Price-Index-March-24-2026.pdf
2026-03-24,IMPORTED COMMERCIAL RICE,Glutinous,,61.55,Daily-Price-Index-March-24-2026.pdf
2026-03-24,IMPORTED COMMERCIAL RICE,Japonica/Jasponica,,63.17,Daily-Price-Index-March-24-2026.pdf
2026-03-24,IMPORTED COMMERCIAL RICE,Other Special,White Rice,60.96,Daily-Price-Index-March-24-2026.pdf
2026-03-24,IMPORTED COMMERCIAL RICE,Premium,5% broken,58.71,Daily-Price-Index-March-24-2026.pdf
2026-03-24,IMPORTED COMMERCIAL RICE,Well Milled,1-19% bran streak,47.95,Daily-Price-Index-March-24-2026.pdf
2026-03-24,IMPORTED COMMERCIAL RICE,Regular Milled,20-40% bran streak,43.22,Daily-Price-Index-March-24-2026.pdf
2026-03-24,LOCAL COMMERCIAL RICE,Glutinous,,75.24,Daily-Price-Index-March-24-2026.pdf
2026-03-24,LOCAL COMMERCIAL RICE,Other Special,White Rice,60.30,Daily-Price-Index-March-24-2026.pdf
2026-03-24,LOCAL COMMERCIAL RICE,Premium,5% broken,54.65,Daily-Price-Index-March-24-2026.pdf
2026-03-24,LOCAL COMMERCIAL RICE,Well Milled,1-19% bran streak,48.15,Daily-Price-Index-March-24-2026.pdf
2026-03-24,LOCAL COMMERCIAL RICE,Regular Milled,20-40% bran streak,42.29,Daily-Price-Index-March-24-2026.pdf
2026-03-25,IMPORTED COMMERCIAL RICE,Basmati,,206.43,Daily-Price-Index-March-25-2026.pdf
2026-03-25,IMPORTED COMMERCIAL RICE,Glutinous,,61.55,Daily-Price-Index-March-25-2026.pdf
2026-03-25,IMPORTED COMMERCIAL RICE,Japonica/Jasponica,,63.17,Daily-Price-Index-March-25-2026.pdf
2026-03-25,IMPORTED COMMERCIAL RICE,Other Special,White Rice,60.79,Daily-Price-Index-March-25-2026.pdf
2026-03-25,IMPORTED COMMERCIAL RICE,Premium,5% broken,58.71,Daily-Price-Index-March-25-2026.pdf
2026-03-25,IMPORTED COMMERCIAL RICE,Well Milled,1-19% bran streak,47.96,Daily-Price-Index-March-25-2026.pdf
2026-03-25,IMPORTED COMMERCIAL RICE,Regular Milled,20-40% bran streak,43.22,Daily-Price-Index-March-25-2026.pdf
2026-03-25,LOCAL COMMERCIAL RICE,Glutinous,,75.24,Daily-Price-Index-March-25-2026.pdf
2026-03-25,LOCAL COMMERCIAL RICE,Other Special,White Rice,60.47,Daily-Price-Index-March-25-2026.pdf
2026-03-25,LOCAL COMMERCIAL RICE,Premium,5% broken,55.25,Daily-Price-Index-March-25-2026.pdf
2026-03-25,LOCAL COMMERCIAL RICE,Well Milled,1-19% bran streak,49.34,Daily-Price-Index-March-25-2026.pdf
2026-03-25,LOCAL COMMERCIAL RICE,Regular Milled,20-40% bran streak,42.83,Daily-Price-Index-March-25-2026.pdf
2026-03-26,IMPORTED COMMERCIAL RICE,Basmati,,206.43,Daily-Price-Index-March-26-2026.pdf
2026-03-26,IMPORTED COMMERCIAL RICE,Glutinous,,61.68,Daily-Price-Index-March-26-2026.pdf
2026-03-26,IMPORTED COMMERCIAL RICE,Japonica/Jasponica,,63.17,Daily-Price-Index-March-26-2026.pdf
2026-03-26,IMPORTED COMMERCIAL RICE,Other Special,White Rice,60.79,Daily-Price-Index-March-26-2026.pdf
2026-03-26,IMPORTED COMMERCIAL RICE,Premium,5% broken,58.71,Daily-Price-Index-March-26-2026.pdf
2026-03-26,IMPORTED COMMERCIAL RICE,Well Milled,1-19% bran streak,47.93,Daily-Price-Index-March-26-2026.pdf
2026-03-26,IMPORTED COMMERCIAL RICE,Regular Milled,20-40% bran streak,43.22,Daily-Price-Index-March-26-2026.pdf
2026-03-26,LOCAL COMMERCIAL RICE,Glutinous,,75.24,Daily-Price-Index-March-26-2026.pdf
2026-03-26,LOCAL COMMERCIAL RICE,Other Special,White Rice,60.46,Daily-Price-Index-March-26-2026.pdf
2026-03-26,LOCAL COMMERCIAL RICE,Premium,5% broken,55.29,Daily-Price-Index-March-26-2026.pdf
2026-03-26,LOCAL COMMERCIAL RICE,Well Milled,1-19% bran streak,49.38,Daily-Price-Index-March-26-2026.pdf
2026-03-26,LOCAL COMMERCIAL RICE,Regular Milled,20-40% bran streak,42.90,Daily-Price-Index-March-26-2026.pdf
2026-03-27,IMPORTED COMMERCIAL RICE,Basmati,,206.43,Daily-Price-Index-March-27-2026.pdf
2026-03-27,IMPORTED COMMERCIAL RICE,Glutinous,,61.68,Daily-Price-Index-March-27-2026.pdf
2026-03-27,IMPORTED COMMERCIAL RICE,Japonica/Jasponica,,63.17,Daily-Price-Index-March-27-2026.pdf
2026-03-27,IMPORTED COMMERCIAL RICE,Other Special,White Rice,61.17,Daily-Price-Index-March-27-2026.pdf
2026-03-27,IMPORTED COMMERCIAL RICE,Premium,5% broken,58.91,Daily-Price-Index-March-27-2026.pdf
2026-03-27,IMPORTED COMMERCIAL RICE,Well Milled,1-19% bran streak,47.92,Daily-Price-Index-March-27-2026.pdf
2026-03-27,IMPORTED COMMERCIAL RICE,Regular Milled,20-40% bran streak,43.22,Daily-Price-Index-March-27-2026.pdf
2026-03-27,LOCAL COMMERCIAL RICE,Glutinous,,75.24,Daily-Price-Index-March-27-2026.pdf
2026-03-27,LOCAL COMMERCIAL RICE,Other Special,White Rice,60.43,Daily-Price-Index-March-27-2026.pdf
2026-03-27,LOCAL COMMERCIAL RICE,Premium,5% broken,55.29,Daily-Price-Index-March-27-2026.pdf
2026-03-27,LOCAL COMMERCIAL RICE,Well Milled,1-19% bran streak,49.51,Daily-Price-Index-March-27-2026.pdf
2026-03-27,LOCAL COMMERCIAL RICE,Regular Milled,20-40% bran streak,43.07,Daily-Price-Index-March-27-2026.pdf
2026-03-28,IMPORTED COMMERCIAL RICE,Basmati,,206.43,Daily-Price-Index-March-28-2026.pdf
2026-03-28,IMPORTED COMMERCIAL RICE,Glutinous,,61.75,Daily-Price-Index-March-28-2026.pdf
2026-03-28,IMPORTED COMMERCIAL RICE,Japonica/Jasponica,,63.17,Daily-Price-Index-March-28-2026.pdf
2026-03-28,IMPORTED COMMERCIAL RICE,Other Special,White Rice,61.17,Daily-Price-Index-March-28-2026.pdf
2026-03-28,IMPORTED COMMERCIAL RICE,Premium,5% broken,58.82,Daily-Price-Index-March-28-2026.pdf
2026-03-28,IMPORTED COMMERCIAL RICE,Well Milled,1-19% bran streak,47.95,Daily-Price-Index-March-28-2026.pdf
2026-03-28,IMPORTED COMMERCIAL RICE,Regular Milled,20-40% bran streak,43.22,Daily-Price-Index-March-28-2026.pdf
2026-03-28,LOCAL COMMERCIAL RICE,Glutinous,,75.24,Daily-Price-Index-March-28-2026.pdf
2026-03-28,LOCAL COMMERCIAL RICE,Other Special,White Rice,60.43,Daily-Price-Index-March-28-2026.pdf
2026-03-28,LOCAL COMMERCIAL RICE,Premium,5% broken,55.41,Daily-Price-Index-March-28-2026.pdf
2026-03-28,LOCAL COMMERCIAL RICE,Well Milled,1-19% bran streak,49.33,Daily-Price-Index-March-28-2026.pdf
2026-03-28,LOCAL COMMERCIAL RICE,Regular Milled,20-40% bran streak,43.80,Daily-Price-Index-March-28-2026.pdf
2026-03-29,IMPORTED COMMERCIAL RICE,Basmati,,192.50,Daily-Price-Index-March-29-2026.pdf
2026-03-29,IMPORTED COMMERCIAL RICE,Glutinous,,63.88,Daily-Price-Index-March-29-2026.pdf
2026-03-29,IMPORTED COMMERCIAL RICE,Japonica/Jasponica,,64.50,Daily-Price-Index-March-29-2026.pdf
2026-03-29,IMPORTED COMMERCIAL RICE,Other Special,White Rice,60.80,Daily-Price-Index-March-29-2026.pdf
2026-03-29,IMPORTED COMMERCIAL RICE,Premium,5% broken,59.08,Daily-Price-Index-March-29-2026.pdf
2026-03-29,IMPORTED COMMERCIAL RICE,Well Milled,1-19% bran streak,48.25,Daily-Price-Index-March-29-2026.pdf
2026-03-29,IMPORTED COMMERCIAL RICE,Regular Milled,20-40% bran streak,44.00,Daily-Price-Index-March-29-2026.pdf
2026-03-29,LOCAL COMMERCIAL RICE,Glutinous,,77.00,Daily-Price-Index-March-29-2026.pdf
2026-03-29,LOCAL COMMERCIAL RICE,Other Special,White Rice,60.90,Daily-Price-Index-March-29-2026.pdf
2026-03-29,LOCAL COMMERCIAL RICE,Premium,5% broken,55.33,Daily-Price-Index-March-29-2026.pdf
2026-03-29,LOCAL COMMERCIAL RICE,Well Milled,1-19% bran streak,51.11,Daily-Price-Index-March-29-2026.pdf
2026-03-29,LOCAL COMMERCIAL RICE,Regular Milled,20-40% bran streak,45.00,Daily-Price-Index-March-29-2026.pdf
2026-03-30,IMPORTED COMMERCIAL RICE,Basmati,,206.43,Daily-Price-Index-March-30-2026.pdf
2026-03-30,IMPORTED COMMERCIAL RICE,Glutinous,,61.68,Daily-Price-Index-March-30-2026.pdf
2026-03-30,IMPORTED COMMERCIAL RICE,Japonica/Jasponica,,63.63,Daily-Price-Index-March-30-2026.pdf
2026-03-30,IMPORTED COMMERCIAL RICE,Other Special,White Rice,61.17,Daily-Price-Index-March-30-2026.pdf
2026-03-30,IMPORTED COMMERCIAL RICE,Premium,5% broken,58.82,Daily-Price-Index-March-30-2026.pdf
2026-03-30,IMPORTED COMMERCIAL RICE,Well Milled,1-19% bran streak,47.95,Daily-Price-Index-March-30-2026.pdf
2026-03-30,IMPORTED COMMERCIAL RICE,Regular Milled,20-40% bran streak,43.40,Daily-Price-Index-March-30-2026.pdf
2026-03-30,LOCAL COMMERCIAL RICE,Glutinous,,76.22,Daily-Price-Index-March-30-2026.pdf
2026-03-30,LOCAL COMMERCIAL RICE,Other Special,White Rice,60.58,Daily-Price-Index-March-30-2026.pdf
2026-03-30,LOCAL COMMERCIAL RICE,Premium,5% broken,55.51,Daily-Price-Index-March-30-2026.pdf
2026-03-30,LOCAL COMMERCIAL RICE,Well Milled,1-19% bran streak,49.41,Daily-Price-Index-March-30-2026.pdf
2026-03-30,LOCAL COMMERCIAL RICE,Regular Milled,20-40% bran streak,44.05,Daily-Price-Index-March-30-2026.pdf
2026-03-31,IMPORTED COMMERCIAL RICE,Basmati,,206.43,Daily-Price-Index-March-31-2026.pdf
2026-03-31,IMPORTED COMMERCIAL RICE,Glutinous,,62.07,Daily-Price-Index-March-31-2026.pdf
2026-03-31,IMPORTED COMMERCIAL RICE,Japonica/Jasponica,,63.74,Daily-Price-Index-March-31-2026.pdf
2026-03-31,IMPORTED COMMERCIAL RICE,Other Special,White Rice,61.17,Daily-Price-Index-March-31-2026.pdf
2026-03-31,IMPORTED COMMERCIAL RICE,Premium,5% broken,59.00,Daily-Price-Index-March-31-2026.pdf
2026-03-31,IMPORTED COMMERCIAL RICE,Well Milled,1-19% bran streak,47.95,Daily-Price-Index-March-31-2026.pdf
2026-03-31,IMPORTED COMMERCIAL RICE,Regular Milled,20-40% bran streak,43.40,Daily-Price-Index-March-31-2026.pdf
2026-03-31,LOCAL COMMERCIAL RICE,Glutinous,,76.22,Daily-Price-Index-March-31-2026.pdf
2026-03-31,LOCAL COMMERCIAL RICE,Other Special,White Rice,60.88,Daily-Price-Index-March-31-2026.pdf
2026-03-31,LOCAL COMMERCIAL RICE,Premium,5% broken,55.50,Daily-Price-Index-March-31-2026.pdf
2026-03-31,LOCAL COMMERCIAL RICE,Well Milled,1-19% bran streak,49.70,Daily-Price-Index-March-31-2026.pdf
2026-03-31,LOCAL COMMERCIAL RICE,Regular Milled,20-40% bran streak,43.61,Daily-Price-Index-March-31-2026.pdf
2026-04-01,IMPORTED COMMERCIAL RICE,Basmati,,206.43,Daily-Price-Index-April-1-2026.pdf
2026-04-01,IMPORTED COMMERCIAL RICE,Glutinous,,61.66,Daily-Price-Index-April-1-2026.pdf
2026-04-01,IMPORTED COMMERCIAL RICE,Japonica/Jasponica,,63.63,Daily-Price-Index-April-1-2026.pdf
2026-04-01,IMPORTED COMMERCIAL RICE,Other Special,White Rice,61.17,Daily-Price-Index-April-1-2026.pdf
2026-04-01,IMPORTED COMMERCIAL RICE,Premium,5% broken,58.92,Daily-Price-Index-April-1-2026.pdf
2026-04-01,IMPORTED COMMERCIAL RICE,Well Milled,1-19% bran streak,47.96,Daily-Price-Index-April-1-2026.pdf
2026-04-01,IMPORTED COMMERCIAL RICE,Regular Milled,20-40% bran streak,43.22,Daily-Price-Index-April-1-2026.pdf
2026-04-01,LOCAL COMMERCIAL RICE,Glutinous,,76.85,Daily-Price-Index-April-1-2026.pdf
2026-04-01,LOCAL COMMERCIAL RICE,Other Special,White Rice,60.58,Daily-Price-Index-April-1-2026.pdf
2026-04-01,LOCAL COMMERCIAL RICE,Premium,5% broken,55.64,Daily-Price-Index-April-1-2026.pdf
2026-04-01,LOCAL COMMERCIAL RICE,Well Milled,1-19% bran streak,49.81,Daily-Price-Index-April-1-2026.pdf
2026-04-01,LOCAL COMMERCIAL RICE,Regular Milled,20-40% bran streak,43.71,Daily-Price-Index-April-1-2026.pdf
2026-04-02,IMPORTED COMMERCIAL RICE,Basmati,,206.43,Daily-Price-Index-April-2-2026.pdf
2026-04-02,IMPORTED COMMERCIAL RICE,Glutinous,,61.66,Daily-Price-Index-April-2-2026.pdf
2026-04-02,IMPORTED COMMERCIAL RICE,Japonica/Jasponica,,63.58,Daily-Price-Index-April-2-2026.pdf
2026-04-02,IMPORTED COMMERCIAL RICE,Other Special,White Rice,61.17,Daily-Price-Index-April-2-2026.pdf
2026-04-02,IMPORTED COMMERCIAL RICE,Premium,5% broken,58.92,Daily-Price-Index-April-2-2026.pdf
2026-04-02,IMPORTED COMMERCIAL RICE,Well Milled,1-19% bran streak,47.96,Daily-Price-Index-April-2-2026.pdf
2026-04-02,IMPORTED COMMERCIAL RICE,Regular Milled,20-40% bran streak,43.22,Daily-Price-Index-April-2-2026.pdf
2026-04-02,LOCAL COMMERCIAL RICE,Glutinous,,76.53,Daily-Price-Index-April-2-2026.pdf
2026-04-02,LOCAL COMMERCIAL RICE,Other Special,White Rice,60.57,Daily-Price-Index-April-2-2026.pdf
2026-04-02,LOCAL COMMERCIAL RICE,Premium,5% broken,55.63,Daily-Price-Index-April-2-2026.pdf
2026-04-02,LOCAL COMMERCIAL RICE,Well Milled,1-19% bran streak,49.81,Daily-Price-Index-April-2-2026.pdf
2026-04-02,LOCAL COMMERCIAL RICE,Regular Milled,20-40% bran streak,43.71,Daily-Price-Index-April-2-2026.pdf
2026-04-03,IMPORTED COMMERCIAL RICE,Basmati,,199.17,Daily-Price-Index-April-3-2026.pdf
2026-04-03,IMPORTED COMMERCIAL RICE,Glutinous,,61.57,Daily-Price-Index-April-3-2026.pdf
2026-04-03,IMPORTED COMMERCIAL RICE,Japonica/Jasponica,,61.32,Daily-Price-Index-April-3-2026.pdf
2026-04-03,IMPORTED COMMERCIAL RICE,Other Special,White Rice,61.33,Daily-Price-Index-April-3-2026.pdf
2026-04-03,IMPORTED COMMERCIAL RICE,Premium,5% broken,58.89,Daily-Price-Index-April-3-2026.pdf
2026-04-03,IMPORTED COMMERCIAL RICE,Well Milled,1-19% bran streak,47.94,Daily-Price-Index-April-3-2026.pdf
2026-04-03,IMPORTED COMMERCIAL RICE,Regular Milled,20-40% bran streak,42.86,Daily-Price-Index-April-3-2026.pdf
2026-04-03,LOCAL COMMERCIAL RICE,Glutinous,,72.64,Daily-Price-Index-April-3-2026.pdf
2026-04-03,LOCAL COMMERCIAL RICE,Other Special,White Rice,60.03,Daily-Price-Index-April-3-2026.pdf
2026-04-03,LOCAL COMMERCIAL RICE,Premium,5% broken,55.64,Daily-Price-Index-April-3-2026.pdf
2026-04-03,LOCAL COMMERCIAL RICE,Well Milled,1-19% bran streak,49.91,Daily-Price-Index-April-3-2026.pdf
2026-04-03,LOCAL COMMERCIAL RICE,Regular Milled,20-40% bran streak,43.27,Daily-Price-Index-April-3-2026.pdf
2026-04-04,IMPORTED COMMERCIAL RICE,Basmati,,192.00,Daily-Price-Index-April-4-2026.pdf
2026-04-04,IMPORTED COMMERCIAL RICE,Glutinous,,61.75,Daily-Price-Index-April-4-2026.pdf
2026-04-04,IMPORTED COMMERCIAL RICE,Japonica/Jasponica,,63.87,Daily-Price-Index-April-4-2026.pdf
2026-04-04,IMPORTED COMMERCIAL RICE,Other Special,White Rice,61.47,Daily-Price-Index-April-4-2026.pdf
2026-04-04,IMPORTED COMMERCIAL RICE,Premium,5% broken,58.87,Daily-Price-Index-April-4-2026.pdf
2026-04-04,IMPORTED COMMERCIAL RICE,Well Milled,1-19% bran streak,47.95,Daily-Price-Index-April-4-2026.pdf
2026-04-04,IMPORTED COMMERCIAL RICE,Regular Milled,20-40% bran streak,43.60,Daily-Price-Index-April-4-2026.pdf
2026-04-04,LOCAL COMMERCIAL RICE,Glutinous,,78.28,Daily-Price-Index-April-4-2026.pdf
2026-04-04,LOCAL COMMERCIAL RICE,Other Special,White Rice,60.66,Daily-Price-Index-April-4-2026.pdf
2026-04-04,LOCAL COMMERCIAL RICE,Premium,5% broken,55.63,Daily-Price-Index-April-4-2026.pdf
2026-04-04,LOCAL COMMERCIAL RICE,Well Milled,1-19% bran streak,49.94,Daily-Price-Index-April-4-2026.pdf
2026-04-04,LOCAL COMMERCIAL RICE,Regular Milled,20-40% bran streak,43.68,Daily-Price-Index-April-4-2026.pdf
2026-04-05,IMPORTED COMMERCIAL RICE,Basmati,,206.67,Daily-Price-Index-April-5-2026.pdf
2026-04-05,IMPORTED COMMERCIAL RICE,Glutinous,,64.60,Daily-Price-Index-April-5-2026.pdf
2026-04-05,IMPORTED COMMERCIAL RICE,Japonica/Jasponica,,66.00,Daily-Price-Index-April-5-2026.pdf
2026-04-05,IMPORTED COMMERCIAL RICE,Other Special,White Rice,60.25,Daily-Price-Index-April-5-2026.pdf
2026-04-05,IMPORTED COMMERCIAL RICE,Premium,5% broken,58.78,Daily-Price-Index-April-5-2026.pdf
2026-04-05,IMPORTED COMMERCIAL RICE,Well Milled,1-19% bran streak,48.33,Daily-Price-Index-April-5-2026.pdf
2026-04-05,IMPORTED COMMERCIAL RICE,Regular Milled,20-40% bran streak,44.00,Daily-Price-Index-April-5-2026.pdf
2026-04-05,LOCAL COMMERCIAL RICE,Glutinous,,76.25,Daily-Price-Index-April-5-2026.pdf
2026-04-05,LOCAL COMMERCIAL RICE,Other Special,White Rice,59.86,Daily-Price-Index-April-5-2026.pdf
2026-04-05,LOCAL COMMERCIAL RICE,Premium,5% broken,55.44,Daily-Price-Index-April-5-2026.pdf
2026-04-05,LOCAL COMMERCIAL RICE,Well Milled,1-19% bran streak,50.17,Daily-Price-Index-April-5-2026.pdf
2026-04-05,LOCAL COMMERCIAL RICE,Regular Milled,20-40% bran streak,44.17,Daily-Price-Index-April-5-2026.pdf
2026-04-06,IMPORTED COMMERCIAL RICE,Basmati,,210.83,Daily-Price-Index-April-6-2026.pdf
2026-04-06,IMPORTED COMMERCIAL RICE,Glutinous,,61.20,Daily-Price-Index-April-6-2026.pdf
2026-04-06,IMPORTED COMMERCIAL RICE,Japonica/Jasponica,,63.67,Daily-Price-Index-April-6-2026.pdf
2026-04-06,IMPORTED COMMERCIAL RICE,Other Special,White Rice,61.09,Daily-Price-Index-April-6-2026.pdf
2026-04-06,IMPORTED COMMERCIAL RICE,Premium,5% broken,59.23,Daily-Price-Index-April-6-2026.pdf
2026-04-06,IMPORTED COMMERCIAL RICE,Well Milled,1-19% bran streak,47.94,Daily-Price-Index-April-6-2026.pdf
2026-04-06,IMPORTED COMMERCIAL RICE,Regular Milled,20-40% bran streak,43.22,Daily-Price-Index-April-6-2026.pdf
2026-04-06,LOCAL COMMERCIAL RICE,Glutinous,,76.48,Daily-Price-Index-April-6-2026.pdf
2026-04-06,LOCAL COMMERCIAL RICE,Other Special,White Rice,60.56,Daily-Price-Index-April-6-2026.pdf
2026-04-06,LOCAL COMMERCIAL RICE,Premium,5% broken,55.84,Daily-Price-Index-April-6-2026.pdf
2026-04-06,LOCAL COMMERCIAL RICE,Well Milled,1-19% bran streak,49.73,Daily-Price-Index-April-6-2026.pdf
2026-04-06,LOCAL COMMERCIAL RICE,Regular Milled,20-40% bran streak,43.79,Daily-Price-Index-April-6-2026.pdf
2026-04-07,IMPORTED COMMERCIAL RICE,Basmati,,210.83,Daily-Price-Index-April-7-2026.pdf
2026-04-07,IMPORTED COMMERCIAL RICE,Glutinous,,61.31,Daily-Price-Index-April-7-2026.pdf
2026-04-07,IMPORTED COMMERCIAL RICE,Japonica/Jasponica,,64.31,Daily-Price-Index-April-7-2026.pdf
2026-04-07,IMPORTED COMMERCIAL RICE,Other Special,White Rice,61.13,Daily-Price-Index-April-7-2026.pdf
2026-04-07,IMPORTED COMMERCIAL RICE,Premium,5% broken,59.24,Daily-Price-Index-April-7-2026.pdf
2026-04-07,IMPORTED COMMERCIAL RICE,Well Milled,1-19% bran streak,47.91,Daily-Price-Index-April-7-2026.pdf
2026-04-07,IMPORTED COMMERCIAL RICE,Regular Milled,20-40% bran streak,43.22,Daily-Price-Index-April-7-2026.pdf
2026-04-07,LOCAL COMMERCIAL RICE,Glutinous,,80.78,Daily-Price-Index-April-7-2026.pdf
2026-04-07,LOCAL COMMERCIAL RICE,Other Special,White Rice,60.59,Daily-Price-Index-April-7-2026.pdf
2026-04-07,LOCAL COMMERCIAL RICE,Premium,5% broken,55.77,Daily-Price-Index-April-7-2026.pdf
2026-04-07,LOCAL COMMERCIAL RICE,Well Milled,1-19% bran streak,49.37,Daily-Price-Index-April-7-2026.pdf
2026-04-07,LOCAL COMMERCIAL RICE,Regular Milled,20-40% bran streak,43.77,Daily-Price-Index-April-7-2026.pdf
2026-04-08,IMPORTED COMMERCIAL RICE,Basmati,,210.83,Daily-Price-Index-April-8-2026.pdf
2026-04-08,IMPORTED COMMERCIAL RICE,Glutinous,,61.05,Daily-Price-Index-April-8-2026.pdf
2026-04-08,IMPORTED COMMERCIAL RICE,Japonica/Jasponica,,63.82,Daily-Price-Index-April-8-2026.pdf
2026-04-08,IMPORTED COMMERCIAL RICE,Other Special,White Rice,60.89,Daily-Price-Index-April-8-2026.pdf
2026-04-08,IMPORTED COMMERCIAL RICE,Premium,5% broken,59.55,Daily-Price-Index-April-8-2026.pdf
2026-04-08,IMPORTED COMMERCIAL RICE,Well Milled,1-19% bran streak,47.92,Daily-Price-Index-April-8-2026.pdf
2026-04-08,IMPORTED COMMERCIAL RICE,Regular Milled,20-40% bran streak,43.00,Daily-Price-Index-April-8-2026.pdf
2026-04-08,LOCAL COMMERCIAL RICE,Glutinous,,75.13,Daily-Price-Index-April-8-2026.pdf
2026-04-08,LOCAL COMMERCIAL RICE,Other Special,White Rice,60.66,Daily-Price-Index-April-8-2026.pdf
2026-04-08,LOCAL COMMERCIAL RICE,Premium,5% broken,56.20,Daily-Price-Index-April-8-2026.pdf
2026-04-08,LOCAL COMMERCIAL RICE,Well Milled,1-19% bran streak,50.16,Daily-Price-Index-April-8-2026.pdf
2026-04-08,LOCAL COMMERCIAL RICE,Regular Milled,20-40% bran streak,43.73,Daily-Price-Index-April-8-2026.pdf
2026-04-09,IMPORTED COMMERCIAL RICE,Basmati,,210.83,Daily-Price-Index-April-9-2026.pdf
2026-04-09,IMPORTED COMMERCIAL RICE,Glutinous,,61.35,Daily-Price-Index-April-9-2026.pdf
2026-04-09,IMPORTED COMMERCIAL RICE,Japonica/Jasponica,,63.97,Daily-Price-Index-April-9-2026.pdf
2026-04-09,IMPORTED COMMERCIAL RICE,Other Special,White Rice,61.27,Daily-Price-Index-April-9-2026.pdf
2026-04-09,IMPORTED COMMERCIAL RICE,Premium,5% broken,59.47,Daily-Price-Index-April-9-2026.pdf
2026-04-09,IMPORTED COMMERCIAL RICE,Well Milled,1-19% bran streak,47.92,Daily-Price-Index-April-9-2026.pdf
2026-04-09,IMPORTED COMMERCIAL RICE,Regular Milled,20-40% bran streak,43.25,Daily-Price-Index-April-9-2026.pdf
2026-04-09,LOCAL COMMERCIAL RICE,Glutinous,,76.72,Daily-Price-Index-April-9-2026.pdf
2026-04-09,LOCAL COMMERCIAL RICE,Other Special,White Rice,60.54,Daily-Price-Index-April-9-2026.pdf
2026-04-09,LOCAL COMMERCIAL RICE,Premium,5% broken,55.87,Daily-Price-Index-April-9-2026.pdf
2026-04-09,LOCAL COMMERCIAL RICE,Well Milled,1-19% bran streak,50.03,Daily-Price-Index-April-9-2026.pdf
2026-04-09,LOCAL COMMERCIAL RICE,Regular Milled,20-40% bran streak,44.70,Daily-Price-Index-April-9-2026.pdf
2026-04-10,IMPORTED COMMERCIAL RICE,Basmati,,210.83,Daily-Price-Index-April-10-2026.pdf
2026-04-10,IMPORTED COMMERCIAL RICE,Glutinous,,61.14,Daily-Price-Index-April-10-2026.pdf
2026-04-10,IMPORTED COMMERCIAL RICE,Japonica/Jasponica,,64.65,Daily-Price-Index-April-10-2026.pdf
2026-04-10,IMPORTED COMMERCIAL RICE,Other Special,White Rice,61.38,Daily-Price-Index-April-10-2026.pdf
2026-04-10,IMPORTED COMMERCIAL RICE,Premium,5% broken,59.69,Daily-Price-Index-April-10-2026.pdf
2026-04-10,IMPORTED COMMERCIAL RICE,Well Milled,1-19% bran streak,47.94,Daily-Price-Index-April-10-2026.pdf
2026-04-10,IMPORTED COMMERCIAL RICE,Regular Milled,20-40% bran streak,43.25,Daily-Price-Index-April-10-2026.pdf
2026-04-10,LOCAL COMMERCIAL RICE,Glutinous,,73.86,Daily-Price-Index-April-10-2026.pdf
2026-04-10,LOCAL COMMERCIAL RICE,Other Special,White Rice,60.40,Daily-Price-Index-April-10-2026.pdf
2026-04-10,LOCAL COMMERCIAL RICE,Premium,5% broken,55.79,Daily-Price-Index-April-10-2026.pdf
2026-04-10,LOCAL COMMERCIAL RICE,Well Milled,1-19% bran streak,49.72,Daily-Price-Index-April-10-2026.pdf
2026-04-10,LOCAL COMMERCIAL RICE,Regular Milled,20-40% bran streak,44.58,Daily-Price-Index-April-10-2026.pdf
2026-04-11,IMPORTED COMMERCIAL RICE,Basmati,,210.83,Daily-Price-Index-April-11-2026.pdf
2026-04-11,IMPORTED COMMERCIAL RICE,Glutinous,,61.32,Daily-Price-Index-April-11-2026.pdf
2026-04-11,IMPORTED COMMERCIAL RICE,Japonica/Jasponica,,64.06,Daily-Price-Index-April-11-2026.pdf
2026-04-11,IMPORTED COMMERCIAL RICE,Other Special,White Rice,61.27,Daily-Price-Index-April-11-2026.pdf
2026-04-11,IMPORTED COMMERCIAL RICE,Premium,5% broken,59.39,Daily-Price-Index-April-11-2026.pdf
2026-04-11,IMPORTED COMMERCIAL RICE,Well Milled,1-19% bran streak,47.95,Daily-Price-Index-April-11-2026.pdf
2026-04-11,IMPORTED COMMERCIAL RICE,Regular Milled,20-40% bran streak,43.25,Daily-Price-Index-April-11-2026.pdf
2026-04-11,LOCAL COMMERCIAL RICE,Glutinous,,76.72,Daily-Price-Index-April-11-2026.pdf
2026-04-11,LOCAL COMMERCIAL RICE,Other Special,White Rice,60.60,Daily-Price-Index-April-11-2026.pdf
2026-04-11,LOCAL COMMERCIAL RICE,Premium,5% broken,55.92,Daily-Price-Index-April-11-2026.pdf
2026-04-11,LOCAL COMMERCIAL RICE,Well Milled,1-19% bran streak,50.08,Daily-Price-Index-April-11-2026.pdf
2026-04-11,LOCAL COMMERCIAL RICE,Regular Milled,20-40% bran streak,44.75,Daily-Price-Index-April-11-2026.pdf
2026-04-12,IMPORTED COMMERCIAL RICE,Basmati,,196.67,Daily-Price-Index-April-12-2026.pdf
2026-04-12,IMPORTED COMMERCIAL RICE,Glutinous,,64.13,Daily-Price-Index-April-12-2026.pdf
2026-04-12,IMPORTED COMMERCIAL RICE,Japonica/Jasponica,,64.50,Daily-Price-Index-April-12-2026.pdf
2026-04-12,IMPORTED COMMERCIAL RICE,Other Special,White Rice,61.50,Daily-Price-Index-April-12-2026.pdf
2026-04-12,IMPORTED COMMERCIAL RICE,Premium,5% broken,59.50,Daily-Price-Index-April-12-2026.pdf
2026-04-12,IMPORTED COMMERCIAL RICE,Well Milled,1-19% bran streak,48.25,Daily-Price-Index-April-12-2026.pdf
2026-04-12,IMPORTED COMMERCIAL RICE,Regular Milled,20-40% bran streak,43.00,Daily-Price-Index-April-12-2026.pdf
2026-04-12,LOCAL COMMERCIAL RICE,Glutinous,,79.00,Daily-Price-Index-April-12-2026.pdf
2026-04-12,LOCAL COMMERCIAL RICE,Other Special,White Rice,60.90,Daily-Price-Index-April-12-2026.pdf
2026-04-12,LOCAL COMMERCIAL RICE,Premium,5% broken,55.25,Daily-Price-Index-April-12-2026.pdf
2026-04-12,LOCAL COMMERCIAL RICE,Well Milled,1-19% bran streak,51.14,Daily-Price-Index-April-12-2026.pdf
2026-04-12,LOCAL COMMERCIAL RICE,Regular Milled,20-40% bran streak,43.63,Daily-Price-Index-April-12-2026.pdf
2026-04-13,IMPORTED COMMERCIAL RICE,Basmati,,210.83,Daily-Price-Index-April-13-2026.pdf
2026-04-13,IMPORTED COMMERCIAL RICE,Glutinous,,61.10,Daily-Price-Index-April-13-2026.pdf
2026-04-13,IMPORTED COMMERCIAL RICE,Japonica/Jasponica,,63.76,Daily-Price-Index-April-13-2026.pdf
2026-04-13,IMPORTED COMMERCIAL RICE,Other Special,White Rice,61.27,Daily-Price-Index-April-13-2026.pdf
2026-04-13,IMPORTED COMMERCIAL RICE,Premium,5% broken,59.57,Daily-Price-Index-April-13-2026.pdf
2026-04-13,IMPORTED COMMERCIAL RICE,Well Milled,1-19% bran streak,47.95,Daily-Price-Index-April-13-2026.pdf
2026-04-13,IMPORTED COMMERCIAL RICE,Regular Milled,20-40% bran streak,43.25,Daily-Price-Index-April-13-2026.pdf
2026-04-13,LOCAL COMMERCIAL RICE,Glutinous,,77.00,Daily-Price-Index-April-13-2026.pdf
2026-04-13,LOCAL COMMERCIAL RICE,Other Special,White Rice,60.74,Daily-Price-Index-April-13-2026.pdf
2026-04-13,LOCAL COMMERCIAL RICE,Premium,5% broken,55.71,Daily-Price-Index-April-13-2026.pdf
2026-04-13,LOCAL COMMERCIAL RICE,Well Milled,1-19% bran streak,50.27,Daily-Price-Index-April-13-2026.pdf
2026-04-13,LOCAL COMMERCIAL RICE,Regular Milled,20-40% bran streak,45.50,Daily-Price-Index-April-13-2026.pdf
2026-04-14,IMPORTED COMMERCIAL RICE,Basmati,,210.83,Daily-Price-Index-April-14-2026.pdf
2026-04-14,IMPORTED COMMERCIAL RICE,Glutinous,,61.31,Daily-Price-Index-April-14-2026.pdf
2026-04-14,IMPORTED COMMERCIAL RICE,Japonica/Jasponica,,63.82,Daily-Price-Index-April-14-2026.pdf
2026-04-14,IMPORTED COMMERCIAL RICE,Other Special,White Rice,61.27,Daily-Price-Index-April-14-2026.pdf
2026-04-14,IMPORTED COMMERCIAL RICE,Premium,5% broken,59.46,Daily-Price-Index-April-14-2026.pdf
2026-04-14,IMPORTED COMMERCIAL RICE,Well Milled,1-19% bran streak,47.96,Daily-Price-Index-April-14-2026.pdf
2026-04-14,IMPORTED COMMERCIAL RICE,Regular Milled,20-40% bran streak,43.25,Daily-Price-Index-April-14-2026.pdf
2026-04-14,LOCAL COMMERCIAL RICE,Glutinous,,75.33,Daily-Price-Index-April-14-2026.pdf
2026-04-14,LOCAL COMMERCIAL RICE,Other Special,White Rice,60.64,Daily-Price-Index-April-14-2026.pdf
2026-04-14,LOCAL COMMERCIAL RICE,Premium,5% broken,55.81,Daily-Price-Index-April-14-2026.pdf
2026-04-14,LOCAL COMMERCIAL RICE,Well Milled,1-19% bran streak,49.88,Daily-Price-Index-April-14-2026.pdf
2026-04-14,LOCAL COMMERCIAL RICE,Regular Milled,20-40% bran streak,44.67,Daily-Price-Index-April-14-2026.pdf
2026-04-15,IMPORTED COMMERCIAL RICE,Basmati,,210.83,Daily-Price-Index-April-15-2026.pdf
2026-04-15,IMPORTED COMMERCIAL RICE,Glutinous,,61.35,Daily-Price-Index-April-15-2026.pdf
2026-04-15,IMPORTED COMMERCIAL RICE,Japonica/Jasponica,,63.85,Daily-Price-Index-April-15-2026.pdf
2026-04-15,IMPORTED COMMERCIAL RICE,Other Special,White Rice,61.27,Daily-Price-Index-April-15-2026.pdf
2026-04-15,IMPORTED COMMERCIAL RICE,Premium,5% broken,59.37,Daily-Price-Index-April-15-2026.pdf
2026-04-15,IMPORTED COMMERCIAL RICE,Well Milled,1-19% bran streak,47.96,Daily-Price-Index-April-15-2026.pdf
2026-04-15,IMPORTED COMMERCIAL RICE,Regular Milled,20-40% bran streak,43.25,Daily-Price-Index-April-15-2026.pdf
2026-04-15,LOCAL COMMERCIAL RICE,Glutinous,,75.33,Daily-Price-Index-April-15-2026.pdf
2026-04-15,LOCAL COMMERCIAL RICE,Other Special,White Rice,60.66,Daily-Price-Index-April-15-2026.pdf
2026-04-15,LOCAL COMMERCIAL RICE,Premium,5% broken,55.80,Daily-Price-Index-April-15-2026.pdf
2026-04-15,LOCAL COMMERCIAL RICE,Well Milled,1-19% bran streak,49.94,Daily-Price-Index-April-15-2026.pdf
2026-04-15,LOCAL COMMERCIAL RICE,Regular Milled,20-40% bran streak,44.59,Daily-Price-Index-April-15-2026.pdf
2026-04-18,IMPORTED COMMERCIAL RICE,Basmati,,210.83,Daily-Price-Index-April-18-2026.pdf
2026-04-18,IMPORTED COMMERCIAL RICE,Glutinous,,61.36,Daily-Price-Index-April-18-2026.pdf
2026-04-18,IMPORTED COMMERCIAL RICE,Japonica/Jasponica,,63.95,Daily-Price-Index-April-18-2026.pdf
2026-04-18,IMPORTED COMMERCIAL RICE,Other Special,White Rice,61.27,Daily-Price-Index-April-18-2026.pdf
2026-04-18,IMPORTED COMMERCIAL RICE,Premium,5% broken,59.32,Daily-Price-Index-April-18-2026.pdf
2026-04-18,IMPORTED COMMERCIAL RICE,Well Milled,1-19% bran streak,47.96,Daily-Price-Index-April-18-2026.pdf
2026-04-18,IMPORTED COMMERCIAL RICE,Regular Milled,20-40% bran streak,43.25,Daily-Price-Index-April-18-2026.pdf
2026-04-18,LOCAL COMMERCIAL RICE,Glutinous,,75.33,Daily-Price-Index-April-18-2026.pdf
2026-04-18,LOCAL COMMERCIAL RICE,Other Special,White Rice,60.75,Daily-Price-Index-April-18-2026.pdf
2026-04-18,LOCAL COMMERCIAL RICE,Premium,5% broken,55.77,Daily-Price-Index-April-18-2026.pdf
2026-04-18,LOCAL COMMERCIAL RICE,Well Milled,1-19% bran streak,49.88,Daily-Price-Index-April-18-2026.pdf
2026-04-18,LOCAL COMMERCIAL RICE,Regular Milled,20-40% bran streak,44.37,Daily-Price-Index-April-18-2026.pdf
2026-04-19,IMPORTED COMMERCIAL RICE,Basmati,,193.33,Daily-Price-Index-April-19-2026.pdf
2026-04-19,IMPORTED COMMERCIAL RICE,Glutinous,,64.00,Daily-Price-Index-April-19-2026.pdf
2026-04-19,IMPORTED COMMERCIAL RICE,Japonica/Jasponica,,64.50,Daily-Price-Index-April-19-2026.pdf
2026-04-19,IMPORTED COMMERCIAL RICE,Other Special,White Rice,60.25,Daily-Price-Index-April-19-2026.pdf
2026-04-19,IMPORTED COMMERCIAL RICE,Premium,5% broken,59.22,Daily-Price-Index-April-19-2026.pdf
2026-04-19,IMPORTED COMMERCIAL RICE,Well Milled,1-19% bran streak,48.00,Daily-Price-Index-April-19-2026.pdf
2026-04-19,IMPORTED COMMERCIAL RICE,Regular Milled,20-40% bran streak,45.50,Daily-Price-Index-April-19-2026.pdf
2026-04-19,LOCAL COMMERCIAL RICE,Glutinous,,67.50,Daily-Price-Index-April-19-2026.pdf
2026-04-19,LOCAL COMMERCIAL RICE,Other Special,White Rice,61.57,Daily-Price-Index-April-19-2026.pdf
2026-04-19,LOCAL COMMERCIAL RICE,Premium,5% broken,56.44,Daily-Price-Index-April-19-2026.pdf
2026-04-19,LOCAL COMMERCIAL RICE,Well Milled,1-19% bran streak,51.50,Daily-Price-Index-April-19-2026.pdf
2026-04-19,LOCAL COMMERCIAL RICE,Regular Milled,20-40% bran streak,43.80,Daily-Price-Index-April-19-2026.pdf
2026-04-20,IMPORTED COMMERCIAL RICE,Basmati,,210.83,Daily-Price-Index-April-20-2026.pdf
2026-04-20,IMPORTED COMMERCIAL RICE,Glutinous,,61.72,Daily-Price-Index-April-20-2026.pdf
2026-04-20,IMPORTED COMMERCIAL RICE,Japonica/Jasponica,,64.08,Daily-Price-Index-April-20-2026.pdf
2026-04-20,IMPORTED COMMERCIAL RICE,Other Special,White Rice,61.50,Daily-Price-Index-April-20-2026.pdf
2026-04-20,IMPORTED COMMERCIAL RICE,Premium,5% broken,59.54,Daily-Price-Index-April-20-2026.pdf
2026-04-20,IMPORTED COMMERCIAL RICE,Well Milled,1-19% bran streak,48.06,Daily-Price-Index-April-20-2026.pdf
2026-04-20,IMPORTED COMMERCIAL RICE,Regular Milled,20-40% bran streak,42.50,Daily-Price-Index-April-20-2026.pdf
2026-04-20,LOCAL COMMERCIAL RICE,Glutinous,,74.78,Daily-Price-Index-April-20-2026.pdf
2026-04-20,LOCAL COMMERCIAL RICE,Other Special,White Rice,60.76,Daily-Price-Index-April-20-2026.pdf
2026-04-20,LOCAL COMMERCIAL RICE,Premium,5% broken,55.88,Daily-Price-Index-April-20-2026.pdf
2026-04-20,LOCAL COMMERCIAL RICE,Well Milled,1-19% bran streak,50.23,Daily-Price-Index-April-20-2026.pdf
2026-04-20,LOCAL COMMERCIAL RICE,Regular Milled,20-40% bran streak,44.38,Daily-Price-Index-April-20-2026.pdf
2026-04-21,IMPORTED COMMERCIAL RICE,Basmati,,210.83,Daily-Price-Index-April-21-2026.pdf
2026-04-21,IMPORTED COMMERCIAL RICE,Glutinous,,61.41,Daily-Price-Index-April-21-2026.pdf
2026-04-21,IMPORTED COMMERCIAL RICE,Japonica/Jasponica,,63.60,Daily-Price-Index-April-21-2026.pdf
2026-04-21,IMPORTED COMMERCIAL RICE,Other Special,White Rice,61.40,Daily-Price-Index-April-21-2026.pdf
2026-04-21,IMPORTED COMMERCIAL RICE,Premium,5% broken,59.36,Daily-Price-Index-April-21-2026.pdf
2026-04-21,IMPORTED COMMERCIAL RICE,Well Milled,1-19% bran streak,48.05,Daily-Price-Index-April-21-2026.pdf
2026-04-21,IMPORTED COMMERCIAL RICE,Regular Milled,20-40% bran streak,42.50,Daily-Price-Index-April-21-2026.pdf
2026-04-21,LOCAL COMMERCIAL RICE,Glutinous,,75.80,Daily-Price-Index-April-21-2026.pdf
2026-04-21,LOCAL COMMERCIAL RICE,Other Special,White Rice,60.80,Daily-Price-Index-April-21-2026.pdf
2026-04-21,LOCAL COMMERCIAL RICE,Premium,5% broken,55.88,Daily-Price-Index-April-21-2026.pdf
2026-04-21,LOCAL COMMERCIAL RICE,Well Milled,1-19% bran streak,50.40,Daily-Price-Index-April-21-2026.pdf
2026-04-21,LOCAL COMMERCIAL RICE,Regular Milled,20-40% bran streak,44.67,Daily-Price-Index-April-21-2026.pdf
2026-04-22,IMPORTED COMMERCIAL RICE,Basmati,,210.83,Daily-Price-Index-April-22-2026.pdf
2026-04-22,IMPORTED COMMERCIAL RICE,Glutinous,,61.41,Daily-Price-Index-April-22-2026.pdf
2026-04-22,IMPORTED COMMERCIAL RICE,Japonica/Jasponica,,63.63,Daily-Price-Index-April-22-2026.pdf
2026-04-22,IMPORTED COMMERCIAL RICE,Other Special,White Rice,61.40,Daily-Price-Index-April-22-2026.pdf
2026-04-22,IMPORTED COMMERCIAL RICE,Premium,5% broken,59.30,Daily-Price-Index-April-22-2026.pdf
2026-04-22,IMPORTED COMMERCIAL RICE,Well Milled,1-19% bran streak,48.05,Daily-Price-Index-April-22-2026.pdf
2026-04-22,IMPORTED COMMERCIAL RICE,Regular Milled,20-40% bran streak,42.50,Daily-Price-Index-April-22-2026.pdf
2026-04-22,LOCAL COMMERCIAL RICE,Glutinous,,75.26,Daily-Price-Index-April-22-2026.pdf
2026-04-22,LOCAL COMMERCIAL RICE,Other Special,White Rice,60.70,Daily-Price-Index-April-22-2026.pdf
2026-04-22,LOCAL COMMERCIAL RICE,Premium,5% broken,55.86,Daily-Price-Index-April-22-2026.pdf
2026-04-22,LOCAL COMMERCIAL RICE,Well Milled,1-19% bran streak,50.68,Daily-Price-Index-April-22-2026.pdf
2026-04-22,LOCAL COMMERCIAL RICE,Regular Milled,20-40% bran streak,45.06,Daily-Price-Index-April-22-2026.pdf
2026-04-24,IMPORTED COMMERCIAL RICE,Basmati,,210.83,Daily-Price-Index-April-24-2026.pdf
2026-04-24,IMPORTED COMMERCIAL RICE,Glutinous,,61.79,Daily-Price-Index-April-24-2026.pdf
2026-04-24,IMPORTED COMMERCIAL RICE,Japonica/Jasponica,,63.65,Daily-Price-Index-April-24-2026.pdf
2026-04-24,IMPORTED COMMERCIAL RICE,Other Special,White Rice,60.58,Daily-Price-Index-April-24-2026.pdf
2026-04-24,IMPORTED COMMERCIAL RICE,Premium,5% broken,59.10,Daily-Price-Index-April-24-2026.pdf
2026-04-24,IMPORTED COMMERCIAL RICE,Well Milled,1-19% bran streak,48.05,Daily-Price-Index-April-24-2026.pdf
2026-04-24,IMPORTED COMMERCIAL RICE,Regular Milled,20-40% bran streak,42.50,Daily-Price-Index-April-24-2026.pdf
2026-04-24,LOCAL COMMERCIAL RICE,Glutinous,,75.80,Daily-Price-Index-April-24-2026.pdf
2026-04-24,LOCAL COMMERCIAL RICE,Other Special,White Rice,60.73,Daily-Price-Index-April-24-2026.pdf
2026-04-24,LOCAL COMMERCIAL RICE,Premium,5% broken,56.05,Daily-Price-Index-April-24-2026.pdf
2026-04-24,LOCAL COMMERCIAL RICE,Well Milled,1-19% bran streak,50.46,Daily-Price-Index-April-24-2026.pdf
2026-04-24,LOCAL COMMERCIAL RICE,Regular Milled,20-40% bran streak,44.88,Daily-Price-Index-April-24-2026.pdf
2026-04-25,IMPORTED COMMERCIAL RICE,Basmati,,210.83,Daily-Price-Index-April-25-2026.pdf
2026-04-25,IMPORTED COMMERCIAL RICE,Glutinous,,61.58,Daily-Price-Index-April-25-2026.pdf
2026-04-25,IMPORTED COMMERCIAL RICE,Japonica/Jasponica,,63.71,Daily-Price-Index-April-25-2026.pdf
2026-04-25,IMPORTED COMMERCIAL RICE,Other Special,White Rice,60.86,Daily-Price-Index-April-25-2026.pdf
2026-04-25,IMPORTED COMMERCIAL RICE,Premium,5% broken,59.11,Daily-Price-Index-April-25-2026.pdf
2026-04-25,IMPORTED COMMERCIAL RICE,Well Milled,1-19% bran streak,48.05,Daily-Price-Index-April-25-2026.pdf
2026-04-25,IMPORTED COMMERCIAL RICE,Regular Milled,20-40% bran streak,42.50,Daily-Price-Index-April-25-2026.pdf
2026-04-25,LOCAL COMMERCIAL RICE,Glutinous,,75.35,Daily-Price-Index-April-25-2026.pdf
2026-04-25,LOCAL COMMERCIAL RICE,Other Special,White Rice,60.47,Daily-Price-Index-April-25-2026.pdf
2026-04-25,LOCAL COMMERCIAL RICE,Premium,5% broken,55.69,Daily-Price-Index-April-25-2026.pdf
2026-04-25,LOCAL COMMERCIAL RICE,Well Milled,1-19% bran streak,50.18,Daily-Price-Index-April-25-2026.pdf
2026-04-25,LOCAL COMMERCIAL RICE,Regular Milled,20-40% bran streak,45.00,Daily-Price-Index-April-25-2026.pdf
2026-04-26,IMPORTED COMMERCIAL RICE,Basmati,,200.00,Daily-Price-Index-April-26-2026.pdf
2026-04-26,IMPORTED COMMERCIAL RICE,Glutinous,,61.87,Daily-Price-Index-April-26-2026.pdf
2026-04-26,IMPORTED COMMERCIAL RICE,Japonica/Jasponica,,65.33,Daily-Price-Index-April-26-2026.pdf
2026-04-26,IMPORTED COMMERCIAL RICE,Other Special,White Rice,61.80,Daily-Price-Index-April-26-2026.pdf
2026-04-26,IMPORTED COMMERCIAL RICE,Premium,5% broken,59.38,Daily-Price-Index-April-26-2026.pdf
2026-04-26,IMPORTED COMMERCIAL RICE,Well Milled,1-19% bran streak,48.00,Daily-Price-Index-April-26-2026.pdf
2026-04-26,IMPORTED COMMERCIAL RICE,Regular Milled,20-40% bran streak,43.00,Daily-Price-Index-April-26-2026.pdf
2026-04-26,LOCAL COMMERCIAL RICE,Glutinous,,75.00,Daily-Price-Index-April-26-2026.pdf
2026-04-26,LOCAL COMMERCIAL RICE,Other Special,White Rice,59.78,Daily-Price-Index-April-26-2026.pdf
2026-04-26,LOCAL COMMERCIAL RICE,Premium,5% broken,55.94,Daily-Price-Index-April-26-2026.pdf
2026-04-26,LOCAL COMMERCIAL RICE,Well Milled,1-19% bran streak,51.08,Daily-Price-Index-April-26-2026.pdf
2026-04-26,LOCAL COMMERCIAL RICE,Regular Milled,20-40% bran streak,44.44,Daily-Price-Index-April-26-2026.pdf
2026-04-27,IMPORTED COMMERCIAL RICE,Basmati,,210.83,Daily-Price-Index-April-27-2026.pdf
2026-04-27,IMPORTED COMMERCIAL RICE,Glutinous,,61.64,Daily-Price-Index-April-27-2026.pdf
2026-04-27,IMPORTED COMMERCIAL RICE,Japonica/Jasponica,,63.47,Daily-Price-Index-April-27-2026.pdf
2026-04-27,IMPORTED COMMERCIAL RICE,Other Special,White Rice,61.86,Daily-Price-Index-April-27-2026.pdf
2026-04-27,IMPORTED COMMERCIAL RICE,Premium,5% broken,58.87,Daily-Price-Index-April-27-2026.pdf
2026-04-27,IMPORTED COMMERCIAL RICE,Well Milled,1-19% bran streak,48.00,Daily-Price-Index-April-27-2026.pdf
2026-04-27,IMPORTED COMMERCIAL RICE,Regular Milled,20-40% bran streak,42.50,Daily-Price-Index-April-27-2026.pdf
2026-04-27,LOCAL COMMERCIAL RICE,Glutinous,,75.80,Daily-Price-Index-April-27-2026.pdf
2026-04-27,LOCAL COMMERCIAL RICE,Other Special,White Rice,60.65,Daily-Price-Index-April-27-2026.pdf
2026-04-27,LOCAL COMMERCIAL RICE,Premium,5% broken,55.75,Daily-Price-Index-April-27-2026.pdf
2026-04-27,LOCAL COMMERCIAL RICE,Well Milled,1-19% bran streak,50.58,Daily-Price-Index-April-27-2026.pdf
2026-04-27,LOCAL COMMERCIAL RICE,Regular Milled,20-40% bran streak,45.22,Daily-Price-Index-April-27-2026.pdf
2026-04-28,IMPORTED COMMERCIAL RICE,Basmati,,210.83,Daily-Price-Index-April-28-2026.pdf
2026-04-28,IMPORTED COMMERCIAL RICE,Glutinous,,61.51,Daily-Price-Index-April-28-2026.pdf
2026-04-28,IMPORTED COMMERCIAL RICE,Japonica/Jasponica,,63.56,Daily-Price-Index-April-28-2026.pdf
2026-04-28,IMPORTED COMMERCIAL RICE,Other Special,White Rice,61.54,Daily-Price-Index-April-28-2026.pdf
2026-04-28,IMPORTED COMMERCIAL RICE,Premium,5% broken,58.77,Daily-Price-Index-April-28-2026.pdf
2026-04-28,IMPORTED COMMERCIAL RICE,Well Milled,1-19% bran streak,48.00,Daily-Price-Index-April-28-2026.pdf
2026-04-28,IMPORTED COMMERCIAL RICE,Regular Milled,20-40% bran streak,42.50,Daily-Price-Index-April-28-2026.pdf
2026-04-28,LOCAL COMMERCIAL RICE,Glutinous,,75.26,Daily-Price-Index-April-28-2026.pdf
2026-04-28,LOCAL COMMERCIAL RICE,Other Special,White Rice,60.63,Daily-Price-Index-April-28-2026.pdf
2026-04-28,LOCAL COMMERCIAL RICE,Premium,5% broken,55.81,Daily-Price-Index-April-28-2026.pdf
2026-04-28,LOCAL COMMERCIAL RICE,Well Milled,1-19% bran streak,50.64,Daily-Price-Index-April-28-2026.pdf
2026-04-28,LOCAL COMMERCIAL RICE,Regular Milled,20-40% bran streak,45.26,Daily-Price-Index-April-28-2026.pdf
2026-04-29,IMPORTED COMMERCIAL RICE,Basmati,,210.83,Daily-Price-Index-April-29-2026.pdf
2026-04-29,IMPORTED COMMERCIAL RICE,Glutinous,,61.43,Daily-Price-Index-April-29-2026.pdf
2026-04-29,IMPORTED COMMERCIAL RICE,Japonica/Jasponica,,63.48,Daily-Price-Index-April-29-2026.pdf
2026-04-29,IMPORTED COMMERCIAL RICE,Other Special,White Rice,61.52,Daily-Price-Index-April-29-2026.pdf
2026-04-29,IMPORTED COMMERCIAL RICE,Premium,5% broken,58.79,Daily-Price-Index-April-29-2026.pdf
2026-04-29,IMPORTED COMMERCIAL RICE,Well Milled,1-19% bran streak,48.00,Daily-Price-Index-April-29-2026.pdf
2026-04-29,IMPORTED COMMERCIAL RICE,Regular Milled,20-40% bran streak,42.50,Daily-Price-Index-April-29-2026.pdf
2026-04-29,LOCAL COMMERCIAL RICE,Glutinous,,75.80,Daily-Price-Index-April-29-2026.pdf
2026-04-29,LOCAL COMMERCIAL RICE,Other Special,White Rice,60.60,Daily-Price-Index-April-29-2026.pdf
2026-04-29,LOCAL COMMERCIAL RICE,Premium,5% broken,55.71,Daily-Price-Index-April-29-2026.pdf
2026-04-29,LOCAL COMMERCIAL RICE,Well Milled,1-19% bran streak,50.58,Daily-Price-Index-April-29-2026.pdf
2026-04-29,LOCAL COMMERCIAL RICE,Regular Milled,20-40% bran streak,44.86,Daily-Price-Index-April-29-2026.pdf
2026-04-30,IMPORTED COMMERCIAL RICE,Basmati,,210.83,Daily-Price-Index-April-30-2026.pdf
2026-04-30,IMPORTED COMMERCIAL RICE,Glutinous,,61.34,Daily-Price-Index-April-30-2026.pdf
2026-04-30,IMPORTED COMMERCIAL RICE,Japonica/Jasponica,,63.78,Daily-Price-Index-April-30-2026.pdf
2026-04-30,IMPORTED COMMERCIAL RICE,Other Special,White Rice,60.70,Daily-Price-Index-April-30-2026.pdf
2026-04-30,IMPORTED COMMERCIAL RICE,Premium,5% broken,58.65,Daily-Price-Index-April-30-2026.pdf
2026-04-30,IMPORTED COMMERCIAL RICE,Well Milled,1-19% bran streak,48.00,Daily-Price-Index-April-30-2026.pdf
2026-04-30,IMPORTED COMMERCIAL RICE,Regular Milled,20-40% bran streak,42.50,Daily-Price-Index-April-30-2026.pdf
2026-04-30,LOCAL COMMERCIAL RICE,Glutinous,,75.80,Daily-Price-Index-April-30-2026.pdf
2026-04-30,LOCAL COMMERCIAL RICE,Other Special,White Rice,60.58,Daily-Price-Index-April-30-2026.pdf
2026-04-30,LOCAL COMMERCIAL RICE,Premium,5% broken,55.69,Daily-Price-Index-April-30-2026.pdf
2026-04-30,LOCAL COMMERCIAL RICE,Well Milled,1-19% bran streak,50.53,Daily-Price-Index-April-30-2026.pdf
2026-04-30,LOCAL COMMERCIAL RICE,Regular Milled,20-40% bran streak,45.00,Daily-Price-Index-April-30-2026.pdf
2026-05-01,IMPORTED COMMERCIAL RICE,Basmati,,210.83,Daily-Price-Index-May-1-2026.pdf
2026-05-01,IMPORTED COMMERCIAL RICE,Glutinous,,61.60,Daily-Price-Index-May-1-2026.pdf
2026-05-01,IMPORTED COMMERCIAL RICE,Japonica/Jasponica,,63.78,Daily-Price-Index-May-1-2026.pdf
2026-05-01,IMPORTED COMMERCIAL RICE,Other Special,White Rice,60.36,Daily-Price-Index-May-1-2026.pdf
2026-05-01,IMPORTED COMMERCIAL RICE,Premium,5% broken,58.57,Daily-Price-Index-May-1-2026.pdf
2026-05-01,IMPORTED COMMERCIAL RICE,Well Milled,1-19% bran streak,48.00,Daily-Price-Index-May-1-2026.pdf
2026-05-01,IMPORTED COMMERCIAL RICE,Regular Milled,20-40% bran streak,42.50,Daily-Price-Index-May-1-2026.pdf
2026-05-01,LOCAL COMMERCIAL RICE,Glutinous,,75.80,Daily-Price-Index-May-1-2026.pdf
2026-05-01,LOCAL COMMERCIAL RICE,Other Special,White Rice,60.76,Daily-Price-Index-May-1-2026.pdf
2026-05-01,LOCAL COMMERCIAL RICE,Premium,5% broken,55.93,Daily-Price-Index-May-1-2026.pdf
2026-05-01,LOCAL COMMERCIAL RICE,Well Milled,1-19% bran streak,50.67,Daily-Price-Index-May-1-2026.pdf
2026-05-01,LOCAL COMMERCIAL RICE,Regular Milled,20-40% bran streak,44.69,Daily-Price-Index-May-1-2026.pdf
2026-05-02,IMPORTED COMMERCIAL RICE,Basmati,,210.83,Daily-Price-Index-May-2-2026.pdf
2026-05-02,IMPORTED COMMERCIAL RICE,Glutinous,,61.60,Daily-Price-Index-May-2-2026.pdf
2026-05-02,IMPORTED COMMERCIAL RICE,Japonica/Jasponica,,63.90,Daily-Price-Index-May-2-2026.pdf
2026-05-02,IMPORTED COMMERCIAL RICE,Other Special,White Rice,60.36,Daily-Price-Index-May-2-2026.pdf
2026-05-02,IMPORTED COMMERCIAL RICE,Premium,5% broken,58.56,Daily-Price-Index-May-2-2026.pdf
2026-05-02,IMPORTED COMMERCIAL RICE,Well Milled,1-19% bran streak,48.00,Daily-Price-Index-May-2-2026.pdf
2026-05-02,IMPORTED COMMERCIAL RICE,Regular Milled,20-40% bran streak,42.50,Daily-Price-Index-May-2-2026.pdf
2026-05-02,LOCAL COMMERCIAL RICE,Glutinous,,75.80,Daily-Price-Index-May-2-2026.pdf
2026-05-02,LOCAL COMMERCIAL RICE,Other Special,White Rice,60.76,Daily-Price-Index-May-2-2026.pdf
2026-05-02,LOCAL COMMERCIAL RICE,Premium,5% broken,55.93,Daily-Price-Index-May-2-2026.pdf
2026-05-02,LOCAL COMMERCIAL RICE,Well Milled,1-19% bran streak,50.66,Daily-Price-Index-May-2-2026.pdf
2026-05-02,LOCAL COMMERCIAL RICE,Regular Milled,20-40% bran streak,44.85,Daily-Price-Index-May-2-2026.pdf
2026-05-02,KADIWA RICE-FOR-ALL,P20 Benteng Bigas Meron Na,kg,20.00,Weekly-Average-Prices-April-27-May-2-2026.pdf
2026-05-02,IMPORTED COMMERCIAL RICE,Basmati,kg,210.83,Weekly-Average-Prices-April-27-May-2-2026.pdf
2026-05-02,IMPORTED COMMERCIAL RICE,Glutinous,kg,61.52,Weekly-Average-Prices-April-27-May-2-2026.pdf
2026-05-02,IMPORTED COMMERCIAL RICE,Japonica/Jasponica,kg,63.67,Weekly-Average-Prices-April-27-May-2-2026.pdf
2026-05-02,IMPORTED COMMERCIAL RICE,Other Special,White Rice,61.09,Weekly-Average-Prices-April-27-May-2-2026.pdf
2026-05-02,IMPORTED COMMERCIAL RICE,Premium,5% broken,58.71,Weekly-Average-Prices-April-27-May-2-2026.pdf
2026-05-02,IMPORTED COMMERCIAL RICE,Well Milled,1-19% bran streak,48.00,Weekly-Average-Prices-April-27-May-2-2026.pdf
2026-05-02,IMPORTED COMMERCIAL RICE,Regular Milled,20-40% bran streak,42.50,Weekly-Average-Prices-April-27-May-2-2026.pdf
2026-05-02,LOCAL COMMERCIAL RICE,Glutinous,kg,75.71,Weekly-Average-Prices-April-27-May-2-2026.pdf
2026-05-02,LOCAL COMMERCIAL RICE,Other Special,White Rice,60.66,Weekly-Average-Prices-April-27-May-2-2026.pdf
2026-05-02,LOCAL COMMERCIAL RICE,Premium,5% broken,55.80,Weekly-Average-Prices-April-27-May-2-2026.pdf
2026-05-02,LOCAL COMMERCIAL RICE,Well Milled,1-19% bran streak,50.61,Weekly-Average-Prices-April-27-May-2-2026.pdf
2026-05-02,LOCAL COMMERCIAL RICE,Regular Milled,20-40% bran streak,44.99,Weekly-Average-Prices-April-27-May-2-2026.pdf
2026-05-03,IMPORTED COMMERCIAL RICE,Basmati,,215.00,Daily-Price-Index-May-3-2026.pdf
2026-05-03,IMPORTED COMMERCIAL RICE,Glutinous,,62.15,Daily-Price-Index-May-3-2026.pdf
2026-05-03,IMPORTED COMMERCIAL RICE,Japonica/Jasponica,,67.29,Daily-Price-Index-May-3-2026.pdf
2026-05-03,IMPORTED COMMERCIAL RICE,Other Special,White Rice,61.50,Daily-Price-Index-May-3-2026.pdf
2026-05-03,IMPORTED COMMERCIAL RICE,Premium,5% broken,58.53,Daily-Price-Index-May-3-2026.pdf
2026-05-03,IMPORTED COMMERCIAL RICE,Well Milled,1-19% bran streak,48.00,Daily-Price-Index-May-3-2026.pdf
2026-05-03,IMPORTED COMMERCIAL RICE,Regular Milled,20-40% bran streak,43.00,Daily-Price-Index-May-3-2026.pdf
2026-05-03,LOCAL COMMERCIAL RICE,Glutinous,,72.00,Daily-Price-Index-May-3-2026.pdf
2026-05-03,LOCAL COMMERCIAL RICE,Other Special,White Rice,59.24,Daily-Price-Index-May-3-2026.pdf
2026-05-03,LOCAL COMMERCIAL RICE,Premium,5% broken,56.53,Daily-Price-Index-May-3-2026.pdf
2026-05-03,LOCAL COMMERCIAL RICE,Well Milled,1-19% bran streak,50.15,Daily-Price-Index-May-3-2026.pdf
2026-05-03,LOCAL COMMERCIAL RICE,Regular Milled,20-40% bran streak,45.50,Daily-Price-Index-May-3-2026.pdf
2026-05-04,IMPORTED COMMERCIAL RICE,Basmati,,210.83,Daily-Price-Index-May-4-2026.pdf
2026-05-04,IMPORTED COMMERCIAL RICE,Glutinous,,60.62,Daily-Price-Index-May-4-2026.pdf
2026-05-04,IMPORTED COMMERCIAL RICE,Japonica/Jasponica,,64.00,Daily-Price-Index-May-4-2026.pdf
2026-05-04,IMPORTED COMMERCIAL RICE,Other Special,White Rice,60.68,Daily-Price-Index-May-4-2026.pdf
2026-05-04,IMPORTED COMMERCIAL RICE,Premium,5% broken,58.53,Daily-Price-Index-May-4-2026.pdf
2026-05-04,IMPORTED COMMERCIAL RICE,Well Milled,1-19% bran streak,48.00,Daily-Price-Index-May-4-2026.pdf
2026-05-04,IMPORTED COMMERCIAL RICE,Regular Milled,20-40% bran streak,42.50,Daily-Price-Index-May-4-2026.pdf
2026-05-04,LOCAL COMMERCIAL RICE,Glutinous,,74.32,Daily-Price-Index-May-4-2026.pdf
2026-05-04,LOCAL COMMERCIAL RICE,Other Special,White Rice,60.64,Daily-Price-Index-May-4-2026.pdf
2026-05-04,LOCAL COMMERCIAL RICE,Premium,5% broken,55.71,Daily-Price-Index-May-4-2026.pdf
2026-05-04,LOCAL COMMERCIAL RICE,Well Milled,1-19% bran streak,50.46,Daily-Price-Index-May-4-2026.pdf
2026-05-04,LOCAL COMMERCIAL RICE,Regular Milled,20-40% bran streak,45.33,Daily-Price-Index-May-4-2026.pdf
2026-05-05,IMPORTED COMMERCIAL RICE,Basmati,,210.83,Daily-Price-Index-May-5-2026.pdf
2026-05-05,IMPORTED COMMERCIAL RICE,Glutinous,,61.39,Daily-Price-Index-May-5-2026.pdf
2026-05-05,IMPORTED COMMERCIAL RICE,Japonica/Jasponica,,63.94,Daily-Price-Index-May-5-2026.pdf
2026-05-05,IMPORTED COMMERCIAL RICE,Other Special,White Rice,60.36,Daily-Price-Index-May-5-2026.pdf
2026-05-05,IMPORTED COMMERCIAL RICE,Premium,5% broken,58.31,Daily-Price-Index-May-5-2026.pdf
2026-05-05,IMPORTED COMMERCIAL RICE,Well Milled,1-19% bran streak,48.00,Daily-Price-Index-May-5-2026.pdf
2026-05-05,IMPORTED COMMERCIAL RICE,Regular Milled,20-40% bran streak,42.50,Daily-Price-Index-May-5-2026.pdf
2026-05-05,LOCAL COMMERCIAL RICE,Glutinous,,76.98,Daily-Price-Index-May-5-2026.pdf
2026-05-05,LOCAL COMMERCIAL RICE,Other Special,White Rice,60.73,Daily-Price-Index-May-5-2026.pdf
2026-05-05,LOCAL COMMERCIAL RICE,Premium,5% broken,55.98,Daily-Price-Index-May-5-2026.pdf
2026-05-05,LOCAL COMMERCIAL RICE,Well Milled,1-19% bran streak,50.97,Daily-Price-Index-May-5-2026.pdf
2026-05-05,LOCAL COMMERCIAL RICE,Regular Milled,20-40% bran streak,44.79,Daily-Price-Index-May-5-2026.pdf
2026-05-06,IMPORTED COMMERCIAL RICE,Basmati,,210.83,Daily-Price-Index-May-6-2026.pdf
2026-05-06,IMPORTED COMMERCIAL RICE,Glutinous,,61.18,Daily-Price-Index-May-6-2026.pdf
2026-05-06,IMPORTED COMMERCIAL RICE,Japonica/Jasponica,,63.82,Daily-Price-Index-May-6-2026.pdf
2026-05-06,IMPORTED COMMERCIAL RICE,Other Special,White Rice,60.70,Daily-Price-Index-May-6-2026.pdf
2026-05-06,IMPORTED COMMERCIAL RICE,Premium,5% broken,58.38,Daily-Price-Index-May-6-2026.pdf
2026-05-06,IMPORTED COMMERCIAL RICE,Well Milled,1-19% bran streak,48.00,Daily-Price-Index-May-6-2026.pdf
2026-05-06,IMPORTED COMMERCIAL RICE,Regular Milled,20-40% bran streak,42.50,Daily-Price-Index-May-6-2026.pdf
2026-05-06,LOCAL COMMERCIAL RICE,Glutinous,,75.26,Daily-Price-Index-May-6-2026.pdf
2026-05-06,LOCAL COMMERCIAL RICE,Other Special,White Rice,60.62,Daily-Price-Index-May-6-2026.pdf
2026-05-06,LOCAL COMMERCIAL RICE,Premium,5% broken,55.79,Daily-Price-Index-May-6-2026.pdf
2026-05-06,LOCAL COMMERCIAL RICE,Well Milled,1-19% bran streak,50.76,Daily-Price-Index-May-6-2026.pdf
2026-05-06,LOCAL COMMERCIAL RICE,Regular Milled,20-40% bran streak,45.19,Daily-Price-Index-May-6-2026.pdf
2026-05-07,IMPORTED COMMERCIAL RICE,Basmati,,210.83,Daily-Price-Index-May-7-2026.pdf
2026-05-07,IMPORTED COMMERCIAL RICE,Glutinous,,61.31,Daily-Price-Index-May-7-2026.pdf
2026-05-07,IMPORTED COMMERCIAL RICE,Japonica/Jasponica,,63.90,Daily-Price-Index-May-7-2026.pdf
2026-05-07,IMPORTED COMMERCIAL RICE,Other Special,White Rice,60.26,Daily-Price-Index-May-7-2026.pdf
2026-05-07,IMPORTED COMMERCIAL RICE,Premium,5% broken,58.29,Daily-Price-Index-May-7-2026.pdf
2026-05-07,IMPORTED COMMERCIAL RICE,Well Milled,1-19% bran streak,48.02,Daily-Price-Index-May-7-2026.pdf
2026-05-07,IMPORTED COMMERCIAL RICE,Regular Milled,20-40% bran streak,42.50,Daily-Price-Index-May-7-2026.pdf
2026-05-07,LOCAL COMMERCIAL RICE,Glutinous,,76.41,Daily-Price-Index-May-7-2026.pdf
2026-05-07,LOCAL COMMERCIAL RICE,Other Special,White Rice,60.41,Daily-Price-Index-May-7-2026.pdf
2026-05-07,LOCAL COMMERCIAL RICE,Premium,5% broken,55.60,Daily-Price-Index-May-7-2026.pdf
2026-05-07,LOCAL COMMERCIAL RICE,Well Milled,1-19% bran streak,50.44,Daily-Price-Index-May-7-2026.pdf
2026-05-07,LOCAL COMMERCIAL RICE,Regular Milled,20-40% bran streak,45.11,Daily-Price-Index-May-7-2026.pdf
2026-05-09,IMPORTED COMMERCIAL RICE,Basmati,,210.83,Daily-Price-Index-May-9-2026.pdf
2026-05-09,IMPORTED COMMERCIAL RICE,Glutinous,,61.31,Daily-Price-Index-May-9-2026.pdf
2026-05-09,IMPORTED COMMERCIAL RICE,Japonica/Jasponica,,63.90,Daily-Price-Index-May-9-2026.pdf
2026-05-09,IMPORTED COMMERCIAL RICE,Other Special,White Rice,59.85,Daily-Price-Index-May-9-2026.pdf
2026-05-09,IMPORTED COMMERCIAL RICE,Premium,5% broken,58.28,Daily-Price-Index-May-9-2026.pdf
2026-05-09,IMPORTED COMMERCIAL RICE,Well Milled,1-19% bran streak,48.02,Daily-Price-Index-May-9-2026.pdf
2026-05-09,IMPORTED COMMERCIAL RICE,Regular Milled,20-40% bran streak,42.50,Daily-Price-Index-May-9-2026.pdf
2026-05-09,LOCAL COMMERCIAL RICE,Glutinous,,76.41,Daily-Price-Index-May-9-2026.pdf
2026-05-09,LOCAL COMMERCIAL RICE,Other Special,White Rice,60.42,Daily-Price-Index-May-9-2026.pdf
2026-05-09,LOCAL COMMERCIAL RICE,Premium,5% broken,55.63,Daily-Price-Index-May-9-2026.pdf
2026-05-09,LOCAL COMMERCIAL RICE,Well Milled,1-19% bran streak,50.41,Daily-Price-Index-May-9-2026.pdf
2026-05-09,LOCAL COMMERCIAL RICE,Regular Milled,20-40% bran streak,45.10,Daily-Price-Index-May-9-2026.pdf
2026-05-10,IMPORTED COMMERCIAL RICE,Basmati,,250.00,Daily-Price-Index-May-10-2026.pdf
2026-05-10,IMPORTED COMMERCIAL RICE,Glutinous,,61.64,Daily-Price-Index-May-10-2026.pdf
2026-05-10,IMPORTED COMMERCIAL RICE,Japonica/Jasponica,,67.00,Daily-Price-Index-May-10-2026.pdf
2026-05-10,IMPORTED COMMERCIAL RICE,Other Special,White Rice,60.50,Daily-Price-Index-May-10-2026.pdf
2026-05-10,IMPORTED COMMERCIAL RICE,Premium,5% broken,58.33,Daily-Price-Index-May-10-2026.pdf
2026-05-10,IMPORTED COMMERCIAL RICE,Well Milled,1-19% bran streak,48.00,Daily-Price-Index-May-10-2026.pdf
2026-05-10,IMPORTED COMMERCIAL RICE,Regular Milled,20-40% bran streak,43.00,Daily-Price-Index-May-10-2026.pdf
2026-05-10,LOCAL COMMERCIAL RICE,Glutinous,,75.00,Daily-Price-Index-May-10-2026.pdf
2026-05-10,LOCAL COMMERCIAL RICE,Other Special,White Rice,60.13,Daily-Price-Index-May-10-2026.pdf
2026-05-10,LOCAL COMMERCIAL RICE,Premium,5% broken,56.00,Daily-Price-Index-May-10-2026.pdf
2026-05-10,LOCAL COMMERCIAL RICE,Well Milled,1-19% bran streak,50.83,Daily-Price-Index-May-10-2026.pdf
2026-05-10,LOCAL COMMERCIAL RICE,Regular Milled,20-40% bran streak,45.88,Daily-Price-Index-May-10-2026.pdf
2026-05-11,IMPORTED COMMERCIAL RICE,Basmati,,210.83,Daily-Price-Index-May-11-2026.pdf
2026-05-11,IMPORTED COMMERCIAL RICE,Glutinous,,61.31,Daily-Price-Index-May-11-2026.pdf
2026-05-11,IMPORTED COMMERCIAL RICE,Japonica/Jasponica,,63.90,Daily-Price-Index-May-11-2026.pdf
2026-05-11,IMPORTED COMMERCIAL RICE,Other Special,White Rice,59.85,Daily-Price-Index-May-11-2026.pdf
2026-05-11,IMPORTED COMMERCIAL RICE,Premium,5% broken,58.20,Daily-Price-Index-May-11-2026.pdf
2026-05-11,IMPORTED COMMERCIAL RICE,Well Milled,1-19% bran streak,48.02,Daily-Price-Index-May-11-2026.pdf
2026-05-11,IMPORTED COMMERCIAL RICE,Regular Milled,20-40% bran streak,42.50,Daily-Price-Index-May-11-2026.pdf
2026-05-11,LOCAL COMMERCIAL RICE,Glutinous,,76.41,Daily-Price-Index-May-11-2026.pdf
2026-05-11,LOCAL COMMERCIAL RICE,Other Special,White Rice,60.46,Daily-Price-Index-May-11-2026.pdf
2026-05-11,LOCAL COMMERCIAL RICE,Premium,5% broken,55.65,Daily-Price-Index-May-11-2026.pdf
2026-05-11,LOCAL COMMERCIAL RICE,Well Milled,1-19% bran streak,50.32,Daily-Price-Index-May-11-2026.pdf
2026-05-11,LOCAL COMMERCIAL RICE,Regular Milled,20-40% bran streak,45.10,Daily-Price-Index-May-11-2026.pdf
2026-05-12,IMPORTED COMMERCIAL RICE,Basmati,,210.83,Daily-Price-Index-May-12-2026.pdf
2026-05-12,IMPORTED COMMERCIAL RICE,Glutinous,,61.31,Daily-Price-Index-May-12-2026.pdf
2026-05-12,IMPORTED COMMERCIAL RICE,Japonica/Jasponica,,63.90,Daily-Price-Index-May-12-2026.pdf
2026-05-12,IMPORTED COMMERCIAL RICE,Other Special,White Rice,59.74,Daily-Price-Index-May-12-2026.pdf
2026-05-12,IMPORTED COMMERCIAL RICE,Premium,5% broken,58.14,Daily-Price-Index-May-12-2026.pdf
2026-05-12,IMPORTED COMMERCIAL RICE,Well Milled,1-19% bran streak,48.04,Daily-Price-Index-May-12-2026.pdf
2026-05-12,IMPORTED COMMERCIAL RICE,Regular Milled,20-40% bran streak,42.50,Daily-Price-Index-May-12-2026.pdf
2026-05-12,LOCAL COMMERCIAL RICE,Glutinous,,76.41,Daily-Price-Index-May-12-2026.pdf
2026-05-12,LOCAL COMMERCIAL RICE,Other Special,White Rice,60.46,Daily-Price-Index-May-12-2026.pdf
2026-05-12,LOCAL COMMERCIAL RICE,Premium,5% broken,55.65,Daily-Price-Index-May-12-2026.pdf
2026-05-12,LOCAL COMMERCIAL RICE,Well Milled,1-19% bran streak,50.28,Daily-Price-Index-May-12-2026.pdf
2026-05-12,LOCAL COMMERCIAL RICE,Regular Milled,20-40% bran streak,45.10,Daily-Price-Index-May-12-2026.pdf
2026-05-13,IMPORTED COMMERCIAL RICE,Basmati,,210.83,Daily-Price-Index-May-13-2026.pdf
2026-05-13,IMPORTED COMMERCIAL RICE,Glutinous,,61.31,Daily-Price-Index-May-13-2026.pdf
2026-05-13,IMPORTED COMMERCIAL RICE,Japonica/Jasponica,,63.90,Daily-Price-Index-May-13-2026.pdf
2026-05-13,IMPORTED COMMERCIAL RICE,Other Special,White Rice,59.67,Daily-Price-Index-May-13-2026.pdf
2026-05-13,IMPORTED COMMERCIAL RICE,Premium,5% broken,58.08,Daily-Price-Index-May-13-2026.pdf
2026-05-13,IMPORTED COMMERCIAL RICE,Well Milled,1-19% bran streak,48.04,Daily-Price-Index-May-13-2026.pdf
2026-05-13,IMPORTED COMMERCIAL RICE,Regular Milled,20-40% bran streak,42.50,Daily-Price-Index-May-13-2026.pdf
2026-05-13,LOCAL COMMERCIAL RICE,Glutinous,,76.41,Daily-Price-Index-May-13-2026.pdf
2026-05-13,LOCAL COMMERCIAL RICE,Other Special,White Rice,60.48,Daily-Price-Index-May-13-2026.pdf
2026-05-13,LOCAL COMMERCIAL RICE,Premium,5% broken,55.73,Daily-Price-Index-May-13-2026.pdf
2026-05-13,LOCAL COMMERCIAL RICE,Well Milled,1-19% bran streak,50.30,Daily-Price-Index-May-13-2026.pdf
2026-05-13,LOCAL COMMERCIAL RICE,Regular Milled,20-40% bran streak,45.15,Daily-Price-Index-May-13-2026.pdf
2026-05-14,IMPORTED COMMERCIAL RICE,Basmati,,210.83,Daily-Price-Index-May-14-2026.pdf
2026-05-14,IMPORTED COMMERCIAL RICE,Glutinous,,61.31,Daily-Price-Index-May-14-2026.pdf
2026-05-14,IMPORTED COMMERCIAL RICE,Japonica/Jasponica,,63.90,Daily-Price-Index-May-14-2026.pdf
2026-05-14,IMPORTED COMMERCIAL RICE,Other Special,White Rice,59.74,Daily-Price-Index-May-14-2026.pdf
2026-05-14,IMPORTED COMMERCIAL RICE,Premium,5% broken,58.05,Daily-Price-Index-May-14-2026.pdf
2026-05-14,IMPORTED COMMERCIAL RICE,Well Milled,1-19% bran streak,48.11,Daily-Price-Index-May-14-2026.pdf
2026-05-14,IMPORTED COMMERCIAL RICE,Regular Milled,20-40% bran streak,42.50,Daily-Price-Index-May-14-2026.pdf
2026-05-14,LOCAL COMMERCIAL RICE,Glutinous,,76.04,Daily-Price-Index-May-14-2026.pdf
2026-05-14,LOCAL COMMERCIAL RICE,Other Special,White Rice,60.46,Daily-Price-Index-May-14-2026.pdf
2026-05-14,LOCAL COMMERCIAL RICE,Premium,5% broken,55.72,Daily-Price-Index-May-14-2026.pdf
2026-05-14,LOCAL COMMERCIAL RICE,Well Milled,1-19% bran streak,50.29,Daily-Price-Index-May-14-2026.pdf
2026-05-14,LOCAL COMMERCIAL RICE,Regular Milled,20-40% bran streak,45.13,Daily-Price-Index-May-14-2026.pdf
2026-05-15,IMPORTED COMMERCIAL RICE,Basmati,,223.00,Daily-Price-Index-May-15-2026.pdf
2026-05-15,IMPORTED COMMERCIAL RICE,Glutinous,,61.31,Daily-Price-Index-May-15-2026.pdf
2026-05-15,IMPORTED COMMERCIAL RICE,Japonica/Jasponica,,63.60,Daily-Price-Index-May-15-2026.pdf
2026-05-15,IMPORTED COMMERCIAL RICE,Other Special,White Rice,59.42,Daily-Price-Index-May-15-2026.pdf
2026-05-15,IMPORTED COMMERCIAL RICE,Premium,5% broken,56.78,Daily-Price-Index-May-15-2026.pdf
2026-05-15,IMPORTED COMMERCIAL RICE,Well Milled,1-19% bran streak,48.11,Daily-Price-Index-May-15-2026.pdf
2026-05-15,IMPORTED COMMERCIAL RICE,Regular Milled,20-40% bran streak,42.50,Daily-Price-Index-May-15-2026.pdf
2026-05-15,LOCAL COMMERCIAL RICE,Glutinous,,76.04,Daily-Price-Index-May-15-2026.pdf
2026-05-15,LOCAL COMMERCIAL RICE,Other Special,White Rice,60.28,Daily-Price-Index-May-15-2026.pdf
2026-05-15,LOCAL COMMERCIAL RICE,Premium,5% broken,55.46,Daily-Price-Index-May-15-2026.pdf
2026-05-15,LOCAL COMMERCIAL RICE,Well Milled,1-19% bran streak,50.26,Daily-Price-Index-May-15-2026.pdf
2026-05-15,LOCAL COMMERCIAL RICE,Regular Milled,20-40% bran streak,45.33,Daily-Price-Index-May-15-2026.pdf
2026-05-16,IMPORTED COMMERCIAL RICE,Basmati,,223.00,Daily-Price-Index-May-16-2026.pdf
2026-05-16,IMPORTED COMMERCIAL RICE,Glutinous,,61.45,Daily-Price-Index-May-16-2026.pdf
2026-05-16,IMPORTED COMMERCIAL RICE,Japonica/Jasponica,,63.67,Daily-Price-Index-May-16-2026.pdf
2026-05-16,IMPORTED COMMERCIAL RICE,Other Special,White Rice,59.42,Daily-Price-Index-May-16-2026.pdf
2026-05-16,IMPORTED COMMERCIAL RICE,Premium,5% broken,56.23,Daily-Price-Index-May-16-2026.pdf
2026-05-16,IMPORTED COMMERCIAL RICE,Well Milled,1-19% bran streak,48.05,Daily-Price-Index-May-16-2026.pdf
2026-05-16,IMPORTED COMMERCIAL RICE,Regular Milled,20-40% bran streak,42.50,Daily-Price-Index-May-16-2026.pdf
2026-05-16,LOCAL COMMERCIAL RICE,Glutinous,,76.69,Daily-Price-Index-May-16-2026.pdf
2026-05-16,LOCAL COMMERCIAL RICE,Other Special,White Rice,60.14,Daily-Price-Index-May-16-2026.pdf
2026-05-16,LOCAL COMMERCIAL RICE,Premium,5% broken,55.36,Daily-Price-Index-May-16-2026.pdf
2026-05-16,LOCAL COMMERCIAL RICE,Well Milled,1-19% bran streak,50.19,Daily-Price-Index-May-16-2026.pdf
2026-05-16,LOCAL COMMERCIAL RICE,Regular Milled,20-40% bran streak,45.38,Daily-Price-Index-May-16-2026.pdf
2026-05-17,IMPORTED COMMERCIAL RICE,Glutinous,,61.00,Daily-Price-Index-May-17-2026.pdf
2026-05-17,IMPORTED COMMERCIAL RICE,Japonica/Jasponica,,63.33,Daily-Price-Index-May-17-2026.pdf
2026-05-17,IMPORTED COMMERCIAL RICE,Other Special,White Rice,59.00,Daily-Price-Index-May-17-2026.pdf
2026-05-17,IMPORTED COMMERCIAL RICE,Premium,5% broken,55.94,Daily-Price-Index-May-17-2026.pdf
2026-05-17,IMPORTED COMMERCIAL RICE,Well Milled,1-19% bran streak,48.00,Daily-Price-Index-May-17-2026.pdf
2026-05-17,IMPORTED COMMERCIAL RICE,Regular Milled,20-40% bran streak,43.00,Daily-Price-Index-May-17-2026.pdf
2026-05-17,LOCAL COMMERCIAL RICE,Glutinous,,70.00,Daily-Price-Index-May-17-2026.pdf
2026-05-17,LOCAL COMMERCIAL RICE,Other Special,White Rice,59.60,Daily-Price-Index-May-17-2026.pdf
2026-05-17,LOCAL COMMERCIAL RICE,Premium,5% broken,55.53,Daily-Price-Index-May-17-2026.pdf
2026-05-17,LOCAL COMMERCIAL RICE,Well Milled,1-19% bran streak,49.67,Daily-Price-Index-May-17-2026.pdf
2026-05-17,LOCAL COMMERCIAL RICE,Regular Milled,20-40% bran streak,44.83,Daily-Price-Index-May-17-2026.pdf
2026-05-18,IMPORTED COMMERCIAL RICE,Basmati,,220.00,Daily-Price-Index-May-18-2026.pdf
2026-05-18,IMPORTED COMMERCIAL RICE,Glutinous,,61.63,Daily-Price-Index-May-18-2026.pdf
2026-05-18,IMPORTED COMMERCIAL RICE,Japonica/Jasponica,,64.49,Daily-Price-Index-May-18-2026.pdf
2026-05-18,IMPORTED COMMERCIAL RICE,Other Special,White Rice,58.53,Daily-Price-Index-May-18-2026.pdf
2026-05-18,IMPORTED COMMERCIAL RICE,Premium,5% broken,55.38,Daily-Price-Index-May-18-2026.pdf
2026-05-18,IMPORTED COMMERCIAL RICE,Well Milled,1-19% bran streak,48.07,Daily-Price-Index-May-18-2026.pdf
2026-05-18,IMPORTED COMMERCIAL RICE,Regular Milled,20-40% bran streak,42.50,Daily-Price-Index-May-18-2026.pdf
2026-05-18,LOCAL COMMERCIAL RICE,Glutinous,,76.66,Daily-Price-Index-May-18-2026.pdf
2026-05-18,LOCAL COMMERCIAL RICE,Other Special,White Rice,60.42,Daily-Price-Index-May-18-2026.pdf
2026-05-18,LOCAL COMMERCIAL RICE,Premium,5% broken,55.33,Daily-Price-Index-May-18-2026.pdf
2026-05-18,LOCAL COMMERCIAL RICE,Well Milled,1-19% bran streak,50.33,Daily-Price-Index-May-18-2026.pdf
2026-05-18,LOCAL COMMERCIAL RICE,Regular Milled,20-40% bran streak,45.56,Daily-Price-Index-May-18-2026.pdf
2026-05-19,IMPORTED COMMERCIAL RICE,Basmati,,220.00,Daily-Price-Index-May-19-2026.pdf
2026-05-19,IMPORTED COMMERCIAL RICE,Glutinous,,61.31,Daily-Price-Index-May-19-2026.pdf
2026-05-19,IMPORTED COMMERCIAL RICE,Japonica/Jasponica,,63.18,Daily-Price-Index-May-19-2026.pdf
2026-05-19,IMPORTED COMMERCIAL RICE,Other Special,White Rice,59.40,Daily-Price-Index-May-19-2026.pdf
2026-05-19,IMPORTED COMMERCIAL RICE,Premium,5% broken,52.98,Daily-Price-Index-May-19-2026.pdf
2026-05-19,IMPORTED COMMERCIAL RICE,Well Milled,1-19% bran streak,48.02,Daily-Price-Index-May-19-2026.pdf
2026-05-19,IMPORTED COMMERCIAL RICE,Regular Milled,20-40% bran streak,42.50,Daily-Price-Index-May-19-2026.pdf
2026-05-19,LOCAL COMMERCIAL RICE,Glutinous,,75.95,Daily-Price-Index-May-19-2026.pdf
2026-05-19,LOCAL COMMERCIAL RICE,Other Special,White Rice,60.52,Daily-Price-Index-May-19-2026.pdf
2026-05-19,LOCAL COMMERCIAL RICE,Premium,5% broken,55.38,Daily-Price-Index-May-19-2026.pdf
2026-05-19,LOCAL COMMERCIAL RICE,Well Milled,1-19% bran streak,49.96,Daily-Price-Index-May-19-2026.pdf
2026-05-19,LOCAL COMMERCIAL RICE,Regular Milled,20-40% bran streak,45.43,Daily-Price-Index-May-19-2026.pdf
2026-05-20,IMPORTED COMMERCIAL RICE,Basmati,,220.00,Daily-Price-Index-May-20-2026.pdf
2026-05-20,IMPORTED COMMERCIAL RICE,Glutinous,,61.31,Daily-Price-Index-May-20-2026.pdf
2026-05-20,IMPORTED COMMERCIAL RICE,Japonica/Jasponica,,63.18,Daily-Price-Index-May-20-2026.pdf
2026-05-20,IMPORTED COMMERCIAL RICE,Other Special,White Rice,60.20,Daily-Price-Index-May-20-2026.pdf
2026-05-20,IMPORTED COMMERCIAL RICE,Premium,5% broken,52.62,Daily-Price-Index-May-20-2026.pdf
2026-05-20,IMPORTED COMMERCIAL RICE,Well Milled,1-19% bran streak,48.02,Daily-Price-Index-May-20-2026.pdf
2026-05-20,IMPORTED COMMERCIAL RICE,Regular Milled,20-40% bran streak,42.50,Daily-Price-Index-May-20-2026.pdf
2026-05-20,LOCAL COMMERCIAL RICE,Glutinous,,75.59,Daily-Price-Index-May-20-2026.pdf
2026-05-20,LOCAL COMMERCIAL RICE,Other Special,White Rice,60.55,Daily-Price-Index-May-20-2026.pdf
2026-05-20,LOCAL COMMERCIAL RICE,Premium,5% broken,55.39,Daily-Price-Index-May-20-2026.pdf
2026-05-20,LOCAL COMMERCIAL RICE,Well Milled,1-19% bran streak,50.00,Daily-Price-Index-May-20-2026.pdf
2026-05-20,LOCAL COMMERCIAL RICE,Regular Milled,20-40% bran streak,45.43,Daily-Price-Index-May-20-2026.pdf
2026-05-21,IMPORTED COMMERCIAL RICE,Basmati,,220.00,Daily-Price-Index-May-21-2026.pdf
2026-05-21,IMPORTED COMMERCIAL RICE,Glutinous,,61.31,Daily-Price-Index-May-21-2026.pdf
2026-05-21,IMPORTED COMMERCIAL RICE,Japonica/Jasponica,,63.18,Daily-Price-Index-May-21-2026.pdf
2026-05-21,IMPORTED COMMERCIAL RICE,Other Special,White Rice,60.20,Daily-Price-Index-May-21-2026.pdf
2026-05-21,IMPORTED COMMERCIAL RICE,Premium,5% broken,52.40,Daily-Price-Index-May-21-2026.pdf
2026-05-21,IMPORTED COMMERCIAL RICE,Well Milled,1-19% bran streak,48.02,Daily-Price-Index-May-21-2026.pdf
2026-05-21,IMPORTED COMMERCIAL RICE,Regular Milled,20-40% bran streak,42.50,Daily-Price-Index-May-21-2026.pdf
2026-05-21,LOCAL COMMERCIAL RICE,Glutinous,,76.32,Daily-Price-Index-May-21-2026.pdf
2026-05-21,LOCAL COMMERCIAL RICE,Other Special,White Rice,60.56,Daily-Price-Index-May-21-2026.pdf
2026-05-21,LOCAL COMMERCIAL RICE,Premium,5% broken,55.28,Daily-Price-Index-May-21-2026.pdf
2026-05-21,LOCAL COMMERCIAL RICE,Well Milled,1-19% bran streak,49.89,Daily-Price-Index-May-21-2026.pdf
2026-05-21,LOCAL COMMERCIAL RICE,Regular Milled,20-40% bran streak,45.13,Daily-Price-Index-May-21-2026.pdf
2026-05-22,IMPORTED COMMERCIAL RICE,Basmati,,220.00,Daily-Price-Index-May-22-2026.pdf
2026-05-22,IMPORTED COMMERCIAL RICE,Glutinous,,61.19,Daily-Price-Index-May-22-2026.pdf
2026-05-22,IMPORTED COMMERCIAL RICE,Japonica/Jasponica,,63.18,Daily-Price-Index-May-22-2026.pdf
2026-05-22,IMPORTED COMMERCIAL RICE,Other Special,White Rice,60.20,Daily-Price-Index-May-22-2026.pdf
2026-05-22,IMPORTED COMMERCIAL RICE,Premium,5% broken,52.22,Daily-Price-Index-May-22-2026.pdf
2026-05-22,IMPORTED COMMERCIAL RICE,Well Milled,1-19% bran streak,48.02,Daily-Price-Index-May-22-2026.pdf
2026-05-22,IMPORTED COMMERCIAL RICE,Regular Milled,20-40% bran streak,42.50,Daily-Price-Index-May-22-2026.pdf
2026-05-22,LOCAL COMMERCIAL RICE,Glutinous,,76.32,Daily-Price-Index-May-22-2026.pdf
2026-05-22,LOCAL COMMERCIAL RICE,Other Special,White Rice,60.54,Daily-Price-Index-May-22-2026.pdf
2026-05-22,LOCAL COMMERCIAL RICE,Premium,5% broken,55.24,Daily-Price-Index-May-22-2026.pdf
2026-05-22,LOCAL COMMERCIAL RICE,Well Milled,1-19% bran streak,49.89,Daily-Price-Index-May-22-2026.pdf
2026-05-22,LOCAL COMMERCIAL RICE,Regular Milled,20-40% bran streak,45.13,Daily-Price-Index-May-22-2026.pdf
2026-05-23,IMPORTED COMMERCIAL RICE,Basmati,,220.00,Daily-Price-Index-May-23-2026.pdf
2026-05-23,IMPORTED COMMERCIAL RICE,Glutinous,,61.19,Daily-Price-Index-May-23-2026.pdf
2026-05-23,IMPORTED COMMERCIAL RICE,Japonica/Jasponica,,63.18,Daily-Price-Index-May-23-2026.pdf
2026-05-23,IMPORTED COMMERCIAL RICE,Other Special,White Rice,60.20,Daily-Price-Index-May-23-2026.pdf
2026-05-23,IMPORTED COMMERCIAL RICE,Premium,5% broken,52.22,Daily-Price-Index-May-23-2026.pdf
2026-05-23,IMPORTED COMMERCIAL RICE,Well Milled,1-19% bran streak,48.02,Daily-Price-Index-May-23-2026.pdf
2026-05-23,IMPORTED COMMERCIAL RICE,Regular Milled,20-40% bran streak,42.50,Daily-Price-Index-May-23-2026.pdf
2026-05-23,LOCAL COMMERCIAL RICE,Glutinous,,76.32,Daily-Price-Index-May-23-2026.pdf
2026-05-23,LOCAL COMMERCIAL RICE,Other Special,White Rice,60.54,Daily-Price-Index-May-23-2026.pdf
2026-05-23,LOCAL COMMERCIAL RICE,Premium,5% broken,55.24,Daily-Price-Index-May-23-2026.pdf
2026-05-23,LOCAL COMMERCIAL RICE,Well Milled,1-19% bran streak,49.89,Daily-Price-Index-May-23-2026.pdf
2026-05-23,LOCAL COMMERCIAL RICE,Regular Milled,20-40% bran streak,45.13,Daily-Price-Index-May-23-2026.pdf
2026-05-24,IMPORTED COMMERCIAL RICE,Glutinous,,61.65,Daily-Price-Index-May-24-2026.pdf
2026-05-24,IMPORTED COMMERCIAL RICE,Japonica/Jasponica,,63.75,Daily-Price-Index-May-24-2026.pdf
2026-05-24,IMPORTED COMMERCIAL RICE,Other Special,White Rice,60.50,Daily-Price-Index-May-24-2026.pdf
2026-05-24,IMPORTED COMMERCIAL RICE,Premium,5% broken,53.63,Daily-Price-Index-May-24-2026.pdf
2026-05-24,IMPORTED COMMERCIAL RICE,Well Milled,1-19% bran streak,48.00,Daily-Price-Index-May-24-2026.pdf
2026-05-24,IMPORTED COMMERCIAL RICE,Regular Milled,20-40% bran streak,43.00,Daily-Price-Index-May-24-2026.pdf
2026-05-24,LOCAL COMMERCIAL RICE,Glutinous,,72.00,Daily-Price-Index-May-24-2026.pdf
2026-05-24,LOCAL COMMERCIAL RICE,Other Special,White Rice,59.44,Daily-Price-Index-May-24-2026.pdf
2026-05-24,LOCAL COMMERCIAL RICE,Premium,5% broken,54.82,Daily-Price-Index-May-24-2026.pdf
2026-05-24,LOCAL COMMERCIAL RICE,Well Milled,1-19% bran streak,50.00,Daily-Price-Index-May-24-2026.pdf
2026-05-24,LOCAL COMMERCIAL RICE,Regular Milled,20-40% bran streak,45.00,Daily-Price-Index-May-24-2026.pdf
2026-05-25,IMPORTED COMMERCIAL RICE,Basmati,,210.00,Daily-Price-Index-May-25-2026.pdf
2026-05-25,IMPORTED COMMERCIAL RICE,Glutinous,,61.62,Daily-Price-Index-May-25-2026.pdf
2026-05-25,IMPORTED COMMERCIAL RICE,Japonica/Jasponica,,63.18,Daily-Price-Index-May-25-2026.pdf
2026-05-25,IMPORTED COMMERCIAL RICE,Other Special,White Rice,59.50,Daily-Price-Index-May-25-2026.pdf
2026-05-25,IMPORTED COMMERCIAL RICE,Premium,5% broken,51.57,Daily-Price-Index-May-25-2026.pdf
2026-05-25,IMPORTED COMMERCIAL RICE,Well Milled,1-19% bran streak,48.02,Daily-Price-Index-May-25-2026.pdf
2026-05-25,IMPORTED COMMERCIAL RICE,Regular Milled,20-40% bran streak,42.50,Daily-Price-Index-May-25-2026.pdf
2026-05-25,LOCAL COMMERCIAL RICE,Glutinous,,76.14,Daily-Price-Index-May-25-2026.pdf
2026-05-25,LOCAL COMMERCIAL RICE,Other Special,White Rice,60.79,Daily-Price-Index-May-25-2026.pdf
2026-05-25,LOCAL COMMERCIAL RICE,Premium,5% broken,55.47,Daily-Price-Index-May-25-2026.pdf
2026-05-25,LOCAL COMMERCIAL RICE,Well Milled,1-19% bran streak,49.96,Daily-Price-Index-May-25-2026.pdf
2026-05-25,LOCAL COMMERCIAL RICE,Regular Milled,20-40% bran streak,44.78,Daily-Price-Index-May-25-2026.pdf
2026-05-26,IMPORTED COMMERCIAL RICE,Basmati,,210.00,Daily-Price-Index-May-26-2026.pdf
2026-05-26,IMPORTED COMMERCIAL RICE,Glutinous,,61.19,Daily-Price-Index-May-26-2026.pdf
2026-05-26,IMPORTED COMMERCIAL RICE,Japonica/Jasponica,,63.21,Daily-Price-Index-May-26-2026.pdf
2026-05-26,IMPORTED COMMERCIAL RICE,Other Special,White Rice,59.53,Daily-Price-Index-May-26-2026.pdf
2026-05-26,IMPORTED COMMERCIAL RICE,Premium,5% broken,51.45,Daily-Price-Index-May-26-2026.pdf
2026-05-26,IMPORTED COMMERCIAL RICE,Well Milled,1-19% bran streak,48.03,Daily-Price-Index-May-26-2026.pdf
2026-05-26,IMPORTED COMMERCIAL RICE,Regular Milled,20-40% bran streak,42.50,Daily-Price-Index-May-26-2026.pdf
2026-05-26,LOCAL COMMERCIAL RICE,Glutinous,,80.02,Daily-Price-Index-May-26-2026.pdf
2026-05-26,LOCAL COMMERCIAL RICE,Other Special,White Rice,60.32,Daily-Price-Index-May-26-2026.pdf
2026-05-26,LOCAL COMMERCIAL RICE,Premium,5% broken,54.94,Daily-Price-Index-May-26-2026.pdf
2026-05-26,LOCAL COMMERCIAL RICE,Well Milled,1-19% bran streak,49.47,Daily-Price-Index-May-26-2026.pdf
2026-05-26,LOCAL COMMERCIAL RICE,Regular Milled,20-40% bran streak,45.19,Daily-Price-Index-May-26-2026.pdf
2026-05-27,IMPORTED COMMERCIAL RICE,Basmati,,210.00,Daily-Price-Index-May-27-2026.pdf
2026-05-27,IMPORTED COMMERCIAL RICE,Glutinous,,61.09,Daily-Price-Index-May-27-2026.pdf
2026-05-27,IMPORTED COMMERCIAL RICE,Japonica/Jasponica,,63.20,Daily-Price-Index-May-27-2026.pdf
2026-05-27,IMPORTED COMMERCIAL RICE,Other Special,White Rice,59.53,Daily-Price-Index-May-27-2026.pdf
2026-05-27,IMPORTED COMMERCIAL RICE,Premium,5% broken,51.46,Daily-Price-Index-May-27-2026.pdf
2026-05-27,IMPORTED COMMERCIAL RICE,Well Milled,1-19% bran streak,48.02,Daily-Price-Index-May-27-2026.pdf
2026-05-27,IMPORTED COMMERCIAL RICE,Regular Milled,20-40% bran streak,42.50,Daily-Price-Index-May-27-2026.pdf
2026-05-27,LOCAL COMMERCIAL RICE,Glutinous,,76.17,Daily-Price-Index-May-27-2026.pdf
2026-05-27,LOCAL COMMERCIAL RICE,Other Special,White Rice,60.37,Daily-Price-Index-May-27-2026.pdf
2026-05-27,LOCAL COMMERCIAL RICE,Premium,5% broken,55.19,Daily-Price-Index-May-27-2026.pdf
2026-05-27,LOCAL COMMERCIAL RICE,Well Milled,1-19% bran streak,49.94,Daily-Price-Index-May-27-2026.pdf
2026-05-27,LOCAL COMMERCIAL RICE,Regular Milled,20-40% bran streak,45.02,Daily-Price-Index-May-27-2026.pdf
2026-05-30,IMPORTED COMMERCIAL RICE,Basmati,,210.00,Daily-Price-Index-May-30-2026.pdf
2026-05-30,IMPORTED COMMERCIAL RICE,Glutinous,,61.10,Daily-Price-Index-May-30-2026.pdf
2026-05-30,IMPORTED COMMERCIAL RICE,Japonica/Jasponica,,62.98,Daily-Price-Index-May-30-2026.pdf
2026-05-30,IMPORTED COMMERCIAL RICE,Other Special,White Rice,59.86,Daily-Price-Index-May-30-2026.pdf
2026-05-30,IMPORTED COMMERCIAL RICE,Premium,5% broken,51.09,Daily-Price-Index-May-30-2026.pdf
2026-05-30,IMPORTED COMMERCIAL RICE,Well Milled,1-19% bran streak,48.02,Daily-Price-Index-May-30-2026.pdf
2026-05-30,IMPORTED COMMERCIAL RICE,Regular Milled,20-40% bran streak,42.50,Daily-Price-Index-May-30-2026.pdf
2026-05-30,LOCAL COMMERCIAL RICE,Glutinous,,78.83,Daily-Price-Index-May-30-2026.pdf
2026-05-30,LOCAL COMMERCIAL RICE,Other Special,White Rice,60.07,Daily-Price-Index-May-30-2026.pdf
2026-05-30,LOCAL COMMERCIAL RICE,Premium,5% broken,54.46,Daily-Price-Index-May-30-2026.pdf
2026-05-30,LOCAL COMMERCIAL RICE,Well Milled,1-19% bran streak,49.37,Daily-Price-Index-May-30-2026.pdf
2026-05-30,LOCAL COMMERCIAL RICE,Regular Milled,20-40% bran streak,45.07,Daily-Price-Index-May-30-2026.pdf
2026-05-31,IMPORTED COMMERCIAL RICE,Glutinous,,61.75,Daily-Price-Index-May-31-2026.pdf
2026-05-31,IMPORTED COMMERCIAL RICE,Japonica/Jasponica,,63.57,Daily-Price-Index-May-31-2026.pdf
2026-05-31,IMPORTED COMMERCIAL RICE,Other Special,White Rice,61.00,Daily-Price-Index-May-31-2026.pdf
2026-05-31,IMPORTED COMMERCIAL RICE,Premium,5% broken,52.22,Daily-Price-Index-May-31-2026.pdf
2026-05-31,IMPORTED COMMERCIAL RICE,Well Milled,1-19% bran streak,48.00,Daily-Price-Index-May-31-2026.pdf
2026-05-31,IMPORTED COMMERCIAL RICE,Regular Milled,20-40% bran streak,43.00,Daily-Price-Index-May-31-2026.pdf
2026-05-31,LOCAL COMMERCIAL RICE,Glutinous,,72.00,Daily-Price-Index-May-31-2026.pdf
2026-05-31,LOCAL COMMERCIAL RICE,Other Special,White Rice,59.07,Daily-Price-Index-May-31-2026.pdf
2026-05-31,LOCAL COMMERCIAL RICE,Premium,5% broken,54.36,Daily-Price-Index-May-31-2026.pdf
2026-05-31,LOCAL COMMERCIAL RICE,Well Milled,1-19% bran streak,49.33,Daily-Price-Index-May-31-2026.pdf
2026-05-31,LOCAL COMMERCIAL RICE,Regular Milled,20-40% bran streak,43.67,Daily-Price-Index-May-31-2026.pdf
2026-06-01,IMPORTED COMMERCIAL RICE,Basmati,,210.00,Daily-Price-Index-June-1-2026.pdf
2026-06-01,IMPORTED COMMERCIAL RICE,Glutinous,,61.10,Daily-Price-Index-June-1-2026.pdf
2026-06-01,IMPORTED COMMERCIAL RICE,Japonica/Jasponica,,62.98,Daily-Price-Index-June-1-2026.pdf
2026-06-01,IMPORTED COMMERCIAL RICE,Other Special,White Rice,59.86,Daily-Price-Index-June-1-2026.pdf
2026-06-01,IMPORTED COMMERCIAL RICE,Premium,5% broken,50.97,Daily-Price-Index-June-1-2026.pdf
2026-06-01,IMPORTED COMMERCIAL RICE,Well Milled,1-19% bran streak,48.02,Daily-Price-Index-June-1-2026.pdf
2026-06-01,IMPORTED COMMERCIAL RICE,Regular Milled,20-40% bran streak,42.50,Daily-Price-Index-June-1-2026.pdf
2026-06-01,LOCAL COMMERCIAL RICE,Glutinous,,79.25,Daily-Price-Index-June-1-2026.pdf
2026-06-01,LOCAL COMMERCIAL RICE,Other Special,White Rice,60.14,Daily-Price-Index-June-1-2026.pdf
2026-06-01,LOCAL COMMERCIAL RICE,Premium,5% broken,54.53,Daily-Price-Index-June-1-2026.pdf
2026-06-01,LOCAL COMMERCIAL RICE,Well Milled,1-19% bran streak,49.39,Daily-Price-Index-June-1-2026.pdf
2026-06-01,LOCAL COMMERCIAL RICE,Regular Milled,20-40% bran streak,45.02,Daily-Price-Index-June-1-2026.pdf
2026-06-02,IMPORTED COMMERCIAL RICE,Basmati,,210.00,Daily-Price-Index-June-2-2026.pdf
2026-06-02,IMPORTED COMMERCIAL RICE,Glutinous,,61.17,Daily-Price-Index-June-2-2026.pdf
2026-06-02,IMPORTED COMMERCIAL RICE,Japonica/Jasponica,,63.02,Daily-Price-Index-June-2-2026.pdf
2026-06-02,IMPORTED COMMERCIAL RICE,Other Special,White Rice,59.86,Daily-Price-Index-June-2-2026.pdf
2026-06-02,IMPORTED COMMERCIAL RICE,Premium,5% broken,51.01,Daily-Price-Index-June-2-2026.pdf
2026-06-02,IMPORTED COMMERCIAL RICE,Well Milled,1-19% bran streak,48.02,Daily-Price-Index-June-2-2026.pdf
2026-06-02,IMPORTED COMMERCIAL RICE,Regular Milled,20-40% bran streak,42.50,Daily-Price-Index-June-2-2026.pdf
2026-06-02,LOCAL COMMERCIAL RICE,Glutinous,,75.93,Daily-Price-Index-June-2-2026.pdf
2026-06-02,LOCAL COMMERCIAL RICE,Other Special,White Rice,60.19,Daily-Price-Index-June-2-2026.pdf
2026-06-02,LOCAL COMMERCIAL RICE,Premium,5% broken,54.81,Daily-Price-Index-June-2-2026.pdf
2026-06-02,LOCAL COMMERCIAL RICE,Well Milled,1-19% bran streak,49.84,Daily-Price-Index-June-2-2026.pdf
2026-06-02,LOCAL COMMERCIAL RICE,Regular Milled,20-40% bran streak,44.86,Daily-Price-Index-June-2-2026.pdf
2026-06-03,IMPORTED COMMERCIAL RICE,Basmati,,210.00,Daily-Price-Index-June-3-2026.pdf
2026-06-03,IMPORTED COMMERCIAL RICE,Glutinous,,61.39,Daily-Price-Index-June-3-2026.pdf
2026-06-03,IMPORTED COMMERCIAL RICE,Japonica/Jasponica,,63.02,Daily-Price-Index-June-3-2026.pdf
2026-06-03,IMPORTED COMMERCIAL RICE,Other Special,White Rice,59.00,Daily-Price-Index-June-3-2026.pdf
2026-06-03,IMPORTED COMMERCIAL RICE,Premium,5% broken,51.08,Daily-Price-Index-June-3-2026.pdf
2026-06-03,IMPORTED COMMERCIAL RICE,Well Milled,1-19% bran streak,48.02,Daily-Price-Index-June-3-2026.pdf
2026-06-03,IMPORTED COMMERCIAL RICE,Regular Milled,20-40% bran streak,42.50,Daily-Price-Index-June-3-2026.pdf
2026-06-03,LOCAL COMMERCIAL RICE,Glutinous,,75.93,Daily-Price-Index-June-3-2026.pdf
2026-06-03,LOCAL COMMERCIAL RICE,Other Special,White Rice,60.52,Daily-Price-Index-June-3-2026.pdf
2026-06-03,LOCAL COMMERCIAL RICE,Premium,5% broken,54.98,Daily-Price-Index-June-3-2026.pdf
2026-06-03,LOCAL COMMERCIAL RICE,Well Milled,1-19% bran streak,49.73,Daily-Price-Index-June-3-2026.pdf
2026-06-03,LOCAL COMMERCIAL RICE,Regular Milled,20-40% bran streak,44.57,Daily-Price-Index-June-3-2026.pdf
2026-06-04,IMPORTED COMMERCIAL RICE,Basmati,,210.00,Daily-Price-Index-June-4-2026.pdf
2026-06-04,IMPORTED COMMERCIAL RICE,Glutinous,,61.08,Daily-Price-Index-June-4-2026.pdf
2026-06-04,IMPORTED COMMERCIAL RICE,Japonica/Jasponica,,62.72,Daily-Price-Index-June-4-2026.pdf
2026-06-04,IMPORTED COMMERCIAL RICE,Other Special,White Rice,59.86,Daily-Price-Index-June-4-2026.pdf
2026-06-04,IMPORTED COMMERCIAL RICE,Premium,5% broken,50.97,Daily-Price-Index-June-4-2026.pdf
2026-06-04,IMPORTED COMMERCIAL RICE,Well Milled,1-19% bran streak,48.00,Daily-Price-Index-June-4-2026.pdf
2026-06-04,IMPORTED COMMERCIAL RICE,Regular Milled,20-40% bran streak,42.50,Daily-Price-Index-June-4-2026.pdf
2026-06-04,LOCAL COMMERCIAL RICE,Glutinous,,75.93,Daily-Price-Index-June-4-2026.pdf
2026-06-04,LOCAL COMMERCIAL RICE,Other Special,White Rice,60.16,Daily-Price-Index-June-4-2026.pdf
2026-06-04,LOCAL COMMERCIAL RICE,Premium,5% broken,54.81,Daily-Price-Index-June-4-2026.pdf
2026-06-04,LOCAL COMMERCIAL RICE,Well Milled,1-19% bran streak,49.65,Daily-Price-Index-June-4-2026.pdf
2026-06-04,LOCAL COMMERCIAL RICE,Regular Milled,20-40% bran streak,44.86,Daily-Price-Index-June-4-2026.pdf
2026-06-05,IMPORTED COMMERCIAL RICE,Basmati,,210.00,Daily-Price-Index-June-5-2026.pdf
2026-06-05,IMPORTED COMMERCIAL RICE,Glutinous,,61.07,Daily-Price-Index-June-5-2026.pdf
2026-06-05,IMPORTED COMMERCIAL RICE,Japonica/Jasponica,,62.77,Daily-Price-Index-June-5-2026.pdf
2026-06-05,IMPORTED COMMERCIAL RICE,Other Special,White Rice,59.86,Daily-Price-Index-June-5-2026.pdf
2026-06-05,IMPORTED COMMERCIAL RICE,Premium,5% broken,50.83,Daily-Price-Index-June-5-2026.pdf
2026-06-05,IMPORTED COMMERCIAL RICE,Well Milled,1-19% bran streak,48.00,Daily-Price-Index-June-5-2026.pdf
2026-06-05,IMPORTED COMMERCIAL RICE,Regular Milled,20-40% bran streak,42.50,Daily-Price-Index-June-5-2026.pdf
2026-06-05,LOCAL COMMERCIAL RICE,Glutinous,,76.98,Daily-Price-Index-June-5-2026.pdf
2026-06-05,LOCAL COMMERCIAL RICE,Other Special,White Rice,59.99,Daily-Price-Index-June-5-2026.pdf
2026-06-05,LOCAL COMMERCIAL RICE,Premium,5% broken,54.78,Daily-Price-Index-June-5-2026.pdf
2026-06-05,LOCAL COMMERCIAL RICE,Well Milled,1-19% bran streak,49.73,Daily-Price-Index-June-5-2026.pdf
2026-06-05,LOCAL COMMERCIAL RICE,Regular Milled,20-40% bran streak,44.95,Daily-Price-Index-June-5-2026.pdf
2026-06-06,IMPORTED COMMERCIAL RICE,Basmati,,210.00,Daily-Price-Index-June-6-2026.pdf
2026-06-06,IMPORTED COMMERCIAL RICE,Glutinous,,60.95,Daily-Price-Index-June-6-2026.pdf
2026-06-06,IMPORTED COMMERCIAL RICE,Japonica/Jasponica,,62.77,Daily-Price-Index-June-6-2026.pdf
2026-06-06,IMPORTED COMMERCIAL RICE,Other Special,White Rice,59.86,Daily-Price-Index-June-6-2026.pdf
2026-06-06,IMPORTED COMMERCIAL RICE,Premium,5% broken,50.80,Daily-Price-Index-June-6-2026.pdf
2026-06-06,IMPORTED COMMERCIAL RICE,Well Milled,1-19% bran streak,48.00,Daily-Price-Index-June-6-2026.pdf
2026-06-06,IMPORTED COMMERCIAL RICE,Regular Milled,20-40% bran streak,42.50,Daily-Price-Index-June-6-2026.pdf
2026-06-06,LOCAL COMMERCIAL RICE,Glutinous,,76.56,Daily-Price-Index-June-6-2026.pdf
2026-06-06,LOCAL COMMERCIAL RICE,Other Special,White Rice,59.96,Daily-Price-Index-June-6-2026.pdf
2026-06-06,LOCAL COMMERCIAL RICE,Premium,5% broken,54.77,Daily-Price-Index-June-6-2026.pdf
2026-06-06,LOCAL COMMERCIAL RICE,Well Milled,1-19% bran streak,49.65,Daily-Price-Index-June-6-2026.pdf
2026-06-06,LOCAL COMMERCIAL RICE,Regular Milled,20-40% bran streak,45.00,Daily-Price-Index-June-6-2026.pdf
2026-06-07,IMPORTED COMMERCIAL RICE,Glutinous,,61.06,Daily-Price-Index-June-7-2026.pdf
2026-06-07,IMPORTED COMMERCIAL RICE,Japonica/Jasponica,,63.63,Daily-Price-Index-June-7-2026.pdf
2026-06-07,IMPORTED COMMERCIAL RICE,Other Special,White Rice,60.40,Daily-Price-Index-June-7-2026.pdf
2026-06-07,IMPORTED COMMERCIAL RICE,Premium,5% broken,52.53,Daily-Price-Index-June-7-2026.pdf
2026-06-07,IMPORTED COMMERCIAL RICE,Well Milled,1-19% bran streak,48.00,Daily-Price-Index-June-7-2026.pdf
2026-06-07,IMPORTED COMMERCIAL RICE,Regular Milled,20-40% bran streak,43.00,Daily-Price-Index-June-7-2026.pdf
2026-06-07,LOCAL COMMERCIAL RICE,Glutinous,,70.00,Daily-Price-Index-June-7-2026.pdf
2026-06-07,LOCAL COMMERCIAL RICE,Other Special,White Rice,58.67,Daily-Price-Index-June-7-2026.pdf
2026-06-07,LOCAL COMMERCIAL RICE,Premium,5% broken,54.36,Daily-Price-Index-June-7-2026.pdf
2026-06-07,LOCAL COMMERCIAL RICE,Well Milled,1-19% bran streak,49.29,Daily-Price-Index-June-7-2026.pdf
2026-06-07,LOCAL COMMERCIAL RICE,Regular Milled,20-40% bran streak,43.78,Daily-Price-Index-June-7-2026.pdf
2026-06-08,IMPORTED COMMERCIAL RICE,Basmati,,210.00,Daily-Price-Index-June-8-2026.pdf
2026-06-08,IMPORTED COMMERCIAL RICE,Glutinous,,60.95,Daily-Price-Index-June-8-2026.pdf
2026-06-08,IMPORTED COMMERCIAL RICE,Japonica/Jasponica,,62.77,Daily-Price-Index-June-8-2026.pdf
2026-06-08,IMPORTED COMMERCIAL RICE,Other Special,White Rice,59.86,Daily-Price-Index-June-8-2026.pdf
2026-06-08,IMPORTED COMMERCIAL RICE,Premium,5% broken,50.91,Daily-Price-Index-June-8-2026.pdf
2026-06-08,IMPORTED COMMERCIAL RICE,Well Milled,1-19% bran streak,47.94,Daily-Price-Index-June-8-2026.pdf
2026-06-08,IMPORTED COMMERCIAL RICE,Regular Milled,20-40% bran streak,42.50,Daily-Price-Index-June-8-2026.pdf
2026-06-08,LOCAL COMMERCIAL RICE,Glutinous,,76.56,Daily-Price-Index-June-8-2026.pdf
2026-06-08,LOCAL COMMERCIAL RICE,Other Special,White Rice,59.96,Daily-Price-Index-June-8-2026.pdf
2026-06-08,LOCAL COMMERCIAL RICE,Premium,5% broken,54.76,Daily-Price-Index-June-8-2026.pdf
2026-06-08,LOCAL COMMERCIAL RICE,Well Milled,1-19% bran streak,49.55,Daily-Price-Index-June-8-2026.pdf
2026-06-08,LOCAL COMMERCIAL RICE,Regular Milled,20-40% bran streak,44.71,Daily-Price-Index-June-8-2026.pdf
2026-06-09,IMPORTED COMMERCIAL RICE,Basmati,,205.00,Daily-Price-Index-June-9-2026.pdf
2026-06-09,IMPORTED COMMERCIAL RICE,Glutinous,,61.03,Daily-Price-Index-June-9-2026.pdf
2026-06-09,IMPORTED COMMERCIAL RICE,Japonica/Jasponica,,62.51,Daily-Price-Index-June-9-2026.pdf
2026-06-09,IMPORTED COMMERCIAL RICE,Other Special,White Rice,59.53,Daily-Price-Index-June-9-2026.pdf
2026-06-09,IMPORTED COMMERCIAL RICE,Premium,5% broken,50.74,Daily-Price-Index-June-9-2026.pdf
2026-06-09,IMPORTED COMMERCIAL RICE,Well Milled,1-19% bran streak,47.94,Daily-Price-Index-June-9-2026.pdf
2026-06-09,IMPORTED COMMERCIAL RICE,Regular Milled,20-40% bran streak,42.50,Daily-Price-Index-June-9-2026.pdf
2026-06-09,LOCAL COMMERCIAL RICE,Glutinous,,76.56,Daily-Price-Index-June-9-2026.pdf
2026-06-09,LOCAL COMMERCIAL RICE,Other Special,White Rice,59.79,Daily-Price-Index-June-9-2026.pdf
2026-06-09,LOCAL COMMERCIAL RICE,Premium,5% broken,54.82,Daily-Price-Index-June-9-2026.pdf
2026-06-09,LOCAL COMMERCIAL RICE,Well Milled,1-19% bran streak,49.66,Daily-Price-Index-June-9-2026.pdf
2026-06-09,LOCAL COMMERCIAL RICE,Regular Milled,20-40% bran streak,44.77,Daily-Price-Index-June-9-2026.pdf
2026-06-10,IMPORTED COMMERCIAL RICE,Basmati,,205.00,Daily-Price-Index-June-10-2026.pdf
2026-06-10,IMPORTED COMMERCIAL RICE,Glutinous,,61.04,Daily-Price-Index-June-10-2026.pdf
2026-06-10,IMPORTED COMMERCIAL RICE,Japonica/Jasponica,,62.49,Daily-Price-Index-June-10-2026.pdf
2026-06-10,IMPORTED COMMERCIAL RICE,Other Special,White Rice,59.53,Daily-Price-Index-June-10-2026.pdf
2026-06-10,IMPORTED COMMERCIAL RICE,Premium,5% broken,50.79,Daily-Price-Index-June-10-2026.pdf
2026-06-10,IMPORTED COMMERCIAL RICE,Well Milled,1-19% bran streak,47.94,Daily-Price-Index-June-10-2026.pdf
2026-06-10,IMPORTED COMMERCIAL RICE,Regular Milled,20-40% bran streak,42.50,Daily-Price-Index-June-10-2026.pdf
2026-06-10,LOCAL COMMERCIAL RICE,Glutinous,,75.93,Daily-Price-Index-June-10-2026.pdf
2026-06-10,LOCAL COMMERCIAL RICE,Other Special,White Rice,59.95,Daily-Price-Index-June-10-2026.pdf
2026-06-10,LOCAL COMMERCIAL RICE,Premium,5% broken,54.73,Daily-Price-Index-June-10-2026.pdf
2026-06-10,LOCAL COMMERCIAL RICE,Well Milled,1-19% bran streak,49.52,Daily-Price-Index-June-10-2026.pdf
2026-06-10,LOCAL COMMERCIAL RICE,Regular Milled,20-40% bran streak,44.71,Daily-Price-Index-June-10-2026.pdf
2026-06-11,IMPORTED COMMERCIAL RICE,Basmati,,205.00,Daily-Price-Index-June-11-2026.pdf
2026-06-11,IMPORTED COMMERCIAL RICE,Glutinous,,61.04,Daily-Price-Index-June-11-2026.pdf
2026-06-11,IMPORTED COMMERCIAL RICE,Japonica/Jasponica,,62.49,Daily-Price-Index-June-11-2026.pdf
2026-06-11,IMPORTED COMMERCIAL RICE,Other Special,White Rice,59.53,Daily-Price-Index-June-11-2026.pdf
2026-06-11,IMPORTED COMMERCIAL RICE,Premium,5% broken,50.77,Daily-Price-Index-June-11-2026.pdf
2026-06-11,IMPORTED COMMERCIAL RICE,Well Milled,1-19% bran streak,47.94,Daily-Price-Index-June-11-2026.pdf
2026-06-11,IMPORTED COMMERCIAL RICE,Regular Milled,20-40% bran streak,42.50,Daily-Price-Index-June-11-2026.pdf
2026-06-11,LOCAL COMMERCIAL RICE,Glutinous,,75.93,Daily-Price-Index-June-11-2026.pdf
2026-06-11,LOCAL COMMERCIAL RICE,Other Special,White Rice,59.95,Daily-Price-Index-June-11-2026.pdf
2026-06-11,LOCAL COMMERCIAL RICE,Premium,5% broken,54.73,Daily-Price-Index-June-11-2026.pdf
2026-06-11,LOCAL COMMERCIAL RICE,Well Milled,1-19% bran streak,49.53,Daily-Price-Index-June-11-2026.pdf
2026-06-11,LOCAL COMMERCIAL RICE,Regular Milled,20-40% bran streak,44.70,Daily-Price-Index-June-11-2026.pdf
2026-06-12,IMPORTED COMMERCIAL RICE,Basmati,,194.00,Daily-Price-Index-June-12-2026.pdf
2026-06-12,IMPORTED COMMERCIAL RICE,Glutinous,,61.04,Daily-Price-Index-June-12-2026.pdf
2026-06-12,IMPORTED COMMERCIAL RICE,Japonica/Jasponica,,62.49,Daily-Price-Index-June-12-2026.pdf
2026-06-12,IMPORTED COMMERCIAL RICE,Other Special,White Rice,59.56,Daily-Price-Index-June-12-2026.pdf
2026-06-12,IMPORTED COMMERCIAL RICE,Premium,5% broken,50.74,Daily-Price-Index-June-12-2026.pdf
2026-06-12,IMPORTED COMMERCIAL RICE,Well Milled,1-19% bran streak,47.94,Daily-Price-Index-June-12-2026.pdf
2026-06-12,IMPORTED COMMERCIAL RICE,Regular Milled,20-40% bran streak,42.50,Daily-Price-Index-June-12-2026.pdf
2026-06-12,LOCAL COMMERCIAL RICE,Glutinous,,75.93,Daily-Price-Index-June-12-2026.pdf
2026-06-12,LOCAL COMMERCIAL RICE,Other Special,White Rice,59.91,Daily-Price-Index-June-12-2026.pdf
2026-06-12,LOCAL COMMERCIAL RICE,Premium,5% broken,54.73,Daily-Price-Index-June-12-2026.pdf
2026-06-12,LOCAL COMMERCIAL RICE,Well Milled,1-19% bran streak,49.55,Daily-Price-Index-June-12-2026.pdf
2026-06-12,LOCAL COMMERCIAL RICE,Regular Milled,20-40% bran streak,44.70,Daily-Price-Index-June-12-2026.pdf
2026-06-13,IMPORTED COMMERCIAL RICE,Basmati,,194.00,Daily-Price-Index-June-13-2026.pdf
2026-06-13,IMPORTED COMMERCIAL RICE,Glutinous,,60.92,Daily-Price-Index-June-13-2026.pdf
2026-06-13,IMPORTED COMMERCIAL RICE,Japonica/Jasponica,,62.47,Daily-Price-Index-June-13-2026.pdf
2026-06-13,IMPORTED COMMERCIAL RICE,Other Special,White Rice,59.56,Daily-Price-Index-June-13-2026.pdf
2026-06-13,IMPORTED COMMERCIAL RICE,Premium,5% broken,50.78,Daily-Price-Index-June-13-2026.pdf
2026-06-13,IMPORTED COMMERCIAL RICE,Well Milled,1-19% bran streak,47.94,Daily-Price-Index-June-13-2026.pdf
2026-06-13,IMPORTED COMMERCIAL RICE,Regular Milled,20-40% bran streak,42.50,Daily-Price-Index-June-13-2026.pdf
2026-06-13,LOCAL COMMERCIAL RICE,Glutinous,,75.43,Daily-Price-Index-June-13-2026.pdf
2026-06-13,LOCAL COMMERCIAL RICE,Other Special,White Rice,60.00,Daily-Price-Index-June-13-2026.pdf
2026-06-13,LOCAL COMMERCIAL RICE,Premium,5% broken,54.78,Daily-Price-Index-June-13-2026.pdf
2026-06-13,LOCAL COMMERCIAL RICE,Well Milled,1-19% bran streak,49.49,Daily-Price-Index-June-13-2026.pdf
2026-06-13,LOCAL COMMERCIAL RICE,Regular Milled,20-40% bran streak,44.45,Daily-Price-Index-June-13-2026.pdf
2026-06-14,IMPORTED COMMERCIAL RICE,Glutinous,,61.13,Daily-Price-Index-June-14-2026.pdf
2026-06-14,IMPORTED COMMERCIAL RICE,Japonica/Jasponica,,61.75,Daily-Price-Index-June-14-2026.pdf
2026-06-14,IMPORTED COMMERCIAL RICE,Other Special,White Rice,59.67,Daily-Price-Index-June-14-2026.pdf
2026-06-14,IMPORTED COMMERCIAL RICE,Premium,5% broken,50.89,Daily-Price-Index-June-14-2026.pdf
2026-06-14,IMPORTED COMMERCIAL RICE,Well Milled,1-19% bran streak,47.69,Daily-Price-Index-June-14-2026.pdf
2026-06-14,LOCAL COMMERCIAL RICE,Glutinous,,70.00,Daily-Price-Index-June-14-2026.pdf
2026-06-14,LOCAL COMMERCIAL RICE,Other Special,White Rice,58.82,Daily-Price-Index-June-14-2026.pdf
2026-06-14,LOCAL COMMERCIAL RICE,Premium,5% broken,53.79,Daily-Price-Index-June-14-2026.pdf
2026-06-14,LOCAL COMMERCIAL RICE,Well Milled,1-19% bran streak,48.30,Daily-Price-Index-June-14-2026.pdf
2026-06-14,LOCAL COMMERCIAL RICE,Regular Milled,20-40% bran streak,41.00,Daily-Price-Index-June-14-2026.pdf
2026-06-15,IMPORTED COMMERCIAL RICE,Basmati,,194.00,Daily-Price-Index-June-15-2026.pdf
2026-06-15,IMPORTED COMMERCIAL RICE,Glutinous,,61.04,Daily-Price-Index-June-15-2026.pdf
2026-06-15,IMPORTED COMMERCIAL RICE,Japonica/Jasponica,,62.49,Daily-Price-Index-June-15-2026.pdf
2026-06-15,IMPORTED COMMERCIAL RICE,Other Special,White Rice,59.56,Daily-Price-Index-June-15-2026.pdf
2026-06-15,IMPORTED COMMERCIAL RICE,Premium,5% broken,50.76,Daily-Price-Index-June-15-2026.pdf
2026-06-15,IMPORTED COMMERCIAL RICE,Well Milled,1-19% bran streak,47.94,Daily-Price-Index-June-15-2026.pdf
2026-06-15,LOCAL COMMERCIAL RICE,Glutinous,,75.93,Daily-Price-Index-June-15-2026.pdf
2026-06-15,LOCAL COMMERCIAL RICE,Other Special,White Rice,59.88,Daily-Price-Index-June-15-2026.pdf
2026-06-15,LOCAL COMMERCIAL RICE,Premium,5% broken,54.73,Daily-Price-Index-June-15-2026.pdf
2026-06-15,LOCAL COMMERCIAL RICE,Well Milled,1-19% bran streak,49.55,Daily-Price-Index-June-15-2026.pdf
2026-06-15,LOCAL COMMERCIAL RICE,Regular Milled,20-40% bran streak,44.70,Daily-Price-Index-June-15-2026.pdf
2026-06-16,IMPORTED COMMERCIAL RICE,Basmati,,194.00,Daily-Price-Index-June-16-2026.pdf
2026-06-16,IMPORTED COMMERCIAL RICE,Glutinous,,61.17,Daily-Price-Index-June-16-2026.pdf
2026-06-16,IMPORTED COMMERCIAL RICE,Japonica/Jasponica,,62.63,Daily-Price-Index-June-16-2026.pdf
2026-06-16,IMPORTED COMMERCIAL RICE,Other Special,White Rice,59.56,Daily-Price-Index-June-16-2026.pdf
2026-06-16,IMPORTED COMMERCIAL RICE,Premium,5% broken,50.75,Daily-Price-Index-June-16-2026.pdf
2026-06-16,IMPORTED COMMERCIAL RICE,Well Milled,1-19% bran streak,47.94,Daily-Price-Index-June-16-2026.pdf
2026-06-16,LOCAL COMMERCIAL RICE,Glutinous,,75.93,Daily-Price-Index-June-16-2026.pdf
2026-06-16,LOCAL COMMERCIAL RICE,Other Special,White Rice,60.04,Daily-Price-Index-June-16-2026.pdf
2026-06-16,LOCAL COMMERCIAL RICE,Premium,5% broken,54.54,Daily-Price-Index-June-16-2026.pdf
2026-06-16,LOCAL COMMERCIAL RICE,Well Milled,1-19% bran streak,49.26,Daily-Price-Index-June-16-2026.pdf
2026-06-16,LOCAL COMMERCIAL RICE,Regular Milled,20-40% bran streak,44.71,Daily-Price-Index-June-16-2026.pdf
2026-06-17,IMPORTED COMMERCIAL RICE,Basmati,,194.00,Daily-Price-Index-June-17-2026.pdf
2026-06-17,IMPORTED COMMERCIAL RICE,Glutinous,,61.11,Daily-Price-Index-June-17-2026.pdf
2026-06-17,IMPORTED COMMERCIAL RICE,Japonica/Jasponica,,62.87,Daily-Price-Index-June-17-2026.pdf
2026-06-17,IMPORTED COMMERCIAL RICE,Other Special,White Rice,59.56,Daily-Price-Index-June-17-2026.pdf
2026-06-17,IMPORTED COMMERCIAL RICE,Premium,5% broken,50.65,Daily-Price-Index-June-17-2026.pdf
2026-06-17,IMPORTED COMMERCIAL RICE,Well Milled,1-19% bran streak,47.92,Daily-Price-Index-June-17-2026.pdf
2026-06-17,LOCAL COMMERCIAL RICE,Glutinous,,78.04,Daily-Price-Index-June-17-2026.pdf
2026-06-17,LOCAL COMMERCIAL RICE,Other Special,White Rice,60.05,Daily-Price-Index-June-17-2026.pdf
2026-06-17,LOCAL COMMERCIAL RICE,Premium,5% broken,54.57,Daily-Price-Index-June-17-2026.pdf
2026-06-17,LOCAL COMMERCIAL RICE,Well Milled,1-19% bran streak,49.32,Daily-Price-Index-June-17-2026.pdf
2026-06-17,LOCAL COMMERCIAL RICE,Regular Milled,20-40% bran streak,44.57,Daily-Price-Index-June-17-2026.pdf
2026-06-18,IMPORTED COMMERCIAL RICE,Basmati,,194.00,Daily-Price-Index-June-18-2026.pdf
2026-06-18,IMPORTED COMMERCIAL RICE,Glutinous,,61.09,Daily-Price-Index-June-18-2026.pdf
2026-06-18,IMPORTED COMMERCIAL RICE,Japonica/Jasponica,,62.77,Daily-Price-Index-June-18-2026.pdf
2026-06-18,IMPORTED COMMERCIAL RICE,Other Special,White Rice,59.56,Daily-Price-Index-June-18-2026.pdf
2026-06-18,IMPORTED COMMERCIAL RICE,Premium,5% broken,50.63,Daily-Price-Index-June-18-2026.pdf
2026-06-18,IMPORTED COMMERCIAL RICE,Well Milled,1-19% bran streak,47.92,Daily-Price-Index-June-18-2026.pdf
2026-06-18,LOCAL COMMERCIAL RICE,Glutinous,,78.04,Daily-Price-Index-June-18-2026.pdf
2026-06-18,LOCAL COMMERCIAL RICE,Other Special,White Rice,60.05,Daily-Price-Index-June-18-2026.pdf
2026-06-18,LOCAL COMMERCIAL RICE,Premium,5% broken,54.55,Daily-Price-Index-June-18-2026.pdf
2026-06-18,LOCAL COMMERCIAL RICE,Well Milled,1-19% bran streak,49.32,Daily-Price-Index-June-18-2026.pdf
2026-06-18,LOCAL COMMERCIAL RICE,Regular Milled,20-40% bran streak,45.05,Daily-Price-Index-June-18-2026.pdf
2026-06-19,IMPORTED COMMERCIAL RICE,Basmati,,194.00,Daily-Price-Index-June-19-2026.pdf
2026-06-19,IMPORTED COMMERCIAL RICE,Glutinous,,61.13,Daily-Price-Index-June-19-2026.pdf
2026-06-19,IMPORTED COMMERCIAL RICE,Japonica/Jasponica,,62.74,Daily-Price-Index-June-19-2026.pdf
2026-06-19,IMPORTED COMMERCIAL RICE,Other Special,White Rice,60.15,Daily-Price-Index-June-19-2026.pdf
2026-06-19,IMPORTED COMMERCIAL RICE,Premium,5% broken,50.55,Daily-Price-Index-June-19-2026.pdf
2026-06-19,IMPORTED COMMERCIAL RICE,Well Milled,1-19% bran streak,47.91,Daily-Price-Index-June-19-2026.pdf
2026-06-19,LOCAL COMMERCIAL RICE,Glutinous,,77.13,Daily-Price-Index-June-19-2026.pdf
2026-06-19,LOCAL COMMERCIAL RICE,Other Special,White Rice,60.07,Daily-Price-Index-June-19-2026.pdf
2026-06-19,LOCAL COMMERCIAL RICE,Premium,5% broken,54.49,Daily-Price-Index-June-19-2026.pdf
2026-06-19,LOCAL COMMERCIAL RICE,Well Milled,1-19% bran streak,49.25,Daily-Price-Index-June-19-2026.pdf
2026-06-19,LOCAL COMMERCIAL RICE,Regular Milled,20-40% bran streak,44.76,Daily-Price-Index-June-19-2026.pdf
2026-06-20,IMPORTED COMMERCIAL RICE,Basmati,,205.00,Daily-Price-Index-June-20-2026.pdf
2026-06-20,IMPORTED COMMERCIAL RICE,Glutinous,,61.20,Daily-Price-Index-June-20-2026.pdf
2026-06-20,IMPORTED COMMERCIAL RICE,Japonica/Jasponica,,62.44,Daily-Price-Index-June-20-2026.pdf
2026-06-20,IMPORTED COMMERCIAL RICE,Other Special,White Rice,59.56,Daily-Price-Index-June-20-2026.pdf
2026-06-20,IMPORTED COMMERCIAL RICE,Premium,5% broken,50.66,Daily-Price-Index-June-20-2026.pdf
2026-06-20,IMPORTED COMMERCIAL RICE,Well Milled,1-19% bran streak,47.91,Daily-Price-Index-June-20-2026.pdf
2026-06-20,LOCAL COMMERCIAL RICE,Glutinous,,77.98,Daily-Price-Index-June-20-2026.pdf
2026-06-20,LOCAL COMMERCIAL RICE,Other Special,White Rice,59.84,Daily-Price-Index-June-20-2026.pdf
2026-06-20,LOCAL COMMERCIAL RICE,Premium,5% broken,54.31,Daily-Price-Index-June-20-2026.pdf
2026-06-20,LOCAL COMMERCIAL RICE,Well Milled,1-19% bran streak,49.18,Daily-Price-Index-June-20-2026.pdf
2026-06-20,LOCAL COMMERCIAL RICE,Regular Milled,20-40% bran streak,44.83,Daily-Price-Index-June-20-2026.pdf
2026-06-21,IMPORTED COMMERCIAL RICE,Glutinous,,60.47,Daily-Price-Index-June-21-2026.pdf
2026-06-21,IMPORTED COMMERCIAL RICE,Japonica/Jasponica,,63.00,Daily-Price-Index-June-21-2026.pdf
2026-06-21,IMPORTED COMMERCIAL RICE,Other Special,White Rice,60.00,Daily-Price-Index-June-21-2026.pdf
2026-06-21,IMPORTED COMMERCIAL RICE,Premium,5% broken,50.88,Daily-Price-Index-June-21-2026.pdf
2026-06-21,IMPORTED COMMERCIAL RICE,Well Milled,1-19% bran streak,47.86,Daily-Price-Index-June-21-2026.pdf
2026-06-21,LOCAL COMMERCIAL RICE,Glutinous,,77.00,Daily-Price-Index-June-21-2026.pdf
2026-06-21,LOCAL COMMERCIAL RICE,Other Special,White Rice,59.20,Daily-Price-Index-June-21-2026.pdf
2026-06-21,LOCAL COMMERCIAL RICE,Premium,5% broken,54.67,Daily-Price-Index-June-21-2026.pdf
2026-06-21,LOCAL COMMERCIAL RICE,Well Milled,1-19% bran streak,49.55,Daily-Price-Index-June-21-2026.pdf
2026-06-21,LOCAL COMMERCIAL RICE,Regular Milled,20-40% bran streak,43.40,Daily-Price-Index-June-21-2026.pdf
2026-06-22,IMPORTED COMMERCIAL RICE,Basmati,,194.00,Daily-Price-Index-June-22-2026.pdf
2026-06-22,IMPORTED COMMERCIAL RICE,Glutinous,,61.81,Daily-Price-Index-June-22-2026.pdf
2026-06-22,IMPORTED COMMERCIAL RICE,Japonica/Jasponica,,62.12,Daily-Price-Index-June-22-2026.pdf
2026-06-22,IMPORTED COMMERCIAL RICE,Other Special,White Rice,58.53,Daily-Price-Index-June-22-2026.pdf
2026-06-22,IMPORTED COMMERCIAL RICE,Premium,5% broken,50.64,Daily-Price-Index-June-22-2026.pdf
2026-06-22,IMPORTED COMMERCIAL RICE,Well Milled,1-19% bran streak,48.08,Daily-Price-Index-June-22-2026.pdf
2026-06-22,IMPORTED COMMERCIAL RICE,Regular Milled,20-40% bran streak,49.00,Daily-Price-Index-June-22-2026.pdf
2026-06-22,LOCAL COMMERCIAL RICE,Glutinous,,77.12,Daily-Price-Index-June-22-2026.pdf
2026-06-22,LOCAL COMMERCIAL RICE,Other Special,White Rice,59.77,Daily-Price-Index-June-22-2026.pdf
2026-06-22,LOCAL COMMERCIAL RICE,Premium,5% broken,54.38,Daily-Price-Index-June-22-2026.pdf
2026-06-22,LOCAL COMMERCIAL RICE,Well Milled,1-19% bran streak,49.64,Daily-Price-Index-June-22-2026.pdf
2026-06-22,LOCAL COMMERCIAL RICE,Regular Milled,20-40% bran streak,46.10,Daily-Price-Index-June-22-2026.pdf
2026-06-23,IMPORTED COMMERCIAL RICE,Basmati,,194.00,Daily-Price-Index-June-23-2026.pdf
2026-06-23,IMPORTED COMMERCIAL RICE,Glutinous,,61.31,Daily-Price-Index-June-23-2026.pdf
2026-06-23,IMPORTED COMMERCIAL RICE,Japonica/Jasponica,,61.95,Daily-Price-Index-June-23-2026.pdf
2026-06-23,IMPORTED COMMERCIAL RICE,Other Special,White Rice,59.06,Daily-Price-Index-June-23-2026.pdf
2026-06-23,IMPORTED COMMERCIAL RICE,Premium,5% broken,50.64,Daily-Price-Index-June-23-2026.pdf
2026-06-23,IMPORTED COMMERCIAL RICE,Well Milled,1-19% bran streak,48.02,Daily-Price-Index-June-23-2026.pdf
2026-06-23,IMPORTED COMMERCIAL RICE,Regular Milled,20-40% bran streak,49.33,Daily-Price-Index-June-23-2026.pdf
2026-06-23,LOCAL COMMERCIAL RICE,Glutinous,,77.23,Daily-Price-Index-June-23-2026.pdf
2026-06-23,LOCAL COMMERCIAL RICE,Other Special,White Rice,59.78,Daily-Price-Index-June-23-2026.pdf
2026-06-23,LOCAL COMMERCIAL RICE,Premium,5% broken,54.41,Daily-Price-Index-June-23-2026.pdf
2026-06-23,LOCAL COMMERCIAL RICE,Well Milled,1-19% bran streak,49.51,Daily-Price-Index-June-23-2026.pdf
2026-06-23,LOCAL COMMERCIAL RICE,Regular Milled,20-40% bran streak,45.54,Daily-Price-Index-June-23-2026.pdf
2026-06-24,IMPORTED COMMERCIAL RICE,Basmati,,194.00,Daily-Price-Index-June-24-2026.pdf
2026-06-24,IMPORTED COMMERCIAL RICE,Glutinous,,60.86,Daily-Price-Index-June-24-2026.pdf
2026-06-24,IMPORTED COMMERCIAL RICE,Japonica/Jasponica,,61.94,Daily-Price-Index-June-24-2026.pdf
2026-06-24,IMPORTED COMMERCIAL RICE,Other Special,White Rice,60.14,Daily-Price-Index-June-24-2026.pdf
2026-06-24,IMPORTED COMMERCIAL RICE,Premium,5% broken,50.45,Daily-Price-Index-June-24-2026.pdf
2026-06-24,IMPORTED COMMERCIAL RICE,Well Milled,1-19% bran streak,47.96,Daily-Price-Index-June-24-2026.pdf
2026-06-24,LOCAL COMMERCIAL RICE,Glutinous,,78.65,Daily-Price-Index-June-24-2026.pdf
2026-06-24,LOCAL COMMERCIAL RICE,Other Special,White Rice,59.88,Daily-Price-Index-June-24-2026.pdf
2026-06-24,LOCAL COMMERCIAL RICE,Premium,5% broken,54.11,Daily-Price-Index-June-24-2026.pdf
2026-06-24,LOCAL COMMERCIAL RICE,Well Milled,1-19% bran streak,49.15,Daily-Price-Index-June-24-2026.pdf
2026-06-24,LOCAL COMMERCIAL RICE,Regular Milled,20-40% bran streak,44.69,Daily-Price-Index-June-24-2026.pdf
2026-06-25,IMPORTED COMMERCIAL RICE,Basmati,,194.00,Daily-Price-Index-June-25-2026.pdf
2026-06-25,IMPORTED COMMERCIAL RICE,Glutinous,,61.76,Daily-Price-Index-June-25-2026.pdf
2026-06-25,IMPORTED COMMERCIAL RICE,Japonica/Jasponica,,60.50,Daily-Price-Index-June-25-2026.pdf
2026-06-25,IMPORTED COMMERCIAL RICE,Other Special,White Rice,60.14,Daily-Price-Index-June-25-2026.pdf
2026-06-25,IMPORTED COMMERCIAL RICE,Premium,5% broken,50.60,Daily-Price-Index-June-25-2026.pdf
2026-06-25,IMPORTED COMMERCIAL RICE,Well Milled,1-19% bran streak,47.96,Daily-Price-Index-June-25-2026.pdf
2026-06-25,LOCAL COMMERCIAL RICE,Glutinous,,79.13,Daily-Price-Index-June-25-2026.pdf
2026-06-25,LOCAL COMMERCIAL RICE,Other Special,White Rice,59.71,Daily-Price-Index-June-25-2026.pdf
2026-06-25,LOCAL COMMERCIAL RICE,Premium,5% broken,54.37,Daily-Price-Index-June-25-2026.pdf
2026-06-25,LOCAL COMMERCIAL RICE,Well Milled,1-19% bran streak,49.27,Daily-Price-Index-June-25-2026.pdf
2026-06-25,LOCAL COMMERCIAL RICE,Regular Milled,20-40% bran streak,44.64,Daily-Price-Index-June-25-2026.pdf
2026-06-26,IMPORTED COMMERCIAL RICE,Basmati,,195.00,Daily-Price-Index-June-26-2026.pdf
2026-06-26,IMPORTED COMMERCIAL RICE,Glutinous,,61.61,Daily-Price-Index-June-26-2026.pdf
2026-06-26,IMPORTED COMMERCIAL RICE,Japonica/Jasponica,,60.76,Daily-Price-Index-June-26-2026.pdf
2026-06-26,IMPORTED COMMERCIAL RICE,Other Special,White Rice,60.14,Daily-Price-Index-June-26-2026.pdf
2026-06-26,IMPORTED COMMERCIAL RICE,Premium,5% broken,50.60,Daily-Price-Index-June-26-2026.pdf
2026-06-26,IMPORTED COMMERCIAL RICE,Well Milled,1-19% bran streak,47.95,Daily-Price-Index-June-26-2026.pdf
2026-06-26,LOCAL COMMERCIAL RICE,Glutinous,,79.13,Daily-Price-Index-June-26-2026.pdf
2026-06-26,LOCAL COMMERCIAL RICE,Other Special,White Rice,59.74,Daily-Price-Index-June-26-2026.pdf
2026-06-26,LOCAL COMMERCIAL RICE,Premium,5% broken,54.14,Daily-Price-Index-June-26-2026.pdf
2026-06-26,LOCAL COMMERCIAL RICE,Well Milled,1-19% bran streak,49.15,Daily-Price-Index-June-26-2026.pdf
2026-06-26,LOCAL COMMERCIAL RICE,Regular Milled,20-40% bran streak,44.40,Daily-Price-Index-June-26-2026.pdf
2026-06-27,IMPORTED COMMERCIAL RICE,Basmati,,195.00,Daily-Price-Index-June-27-2026.pdf
2026-06-27,IMPORTED COMMERCIAL RICE,Glutinous,,61.39,Daily-Price-Index-June-27-2026.pdf
2026-06-27,IMPORTED COMMERCIAL RICE,Japonica/Jasponica,,60.82,Daily-Price-Index-June-27-2026.pdf
2026-06-27,IMPORTED COMMERCIAL RICE,Other Special,White Rice,59.59,Daily-Price-Index-June-27-2026.pdf
2026-06-27,IMPORTED COMMERCIAL RICE,Premium,5% broken,50.71,Daily-Price-Index-June-27-2026.pdf
2026-06-27,IMPORTED COMMERCIAL RICE,Well Milled,1-19% bran streak,47.95,Daily-Price-Index-June-27-2026.pdf
2026-06-27,LOCAL COMMERCIAL RICE,Glutinous,,80.47,Daily-Price-Index-June-27-2026.pdf
2026-06-27,LOCAL COMMERCIAL RICE,Other Special,White Rice,59.79,Daily-Price-Index-June-27-2026.pdf
2026-06-27,LOCAL COMMERCIAL RICE,Premium,5% broken,54.21,Daily-Price-Index-June-27-2026.pdf
2026-06-27,LOCAL COMMERCIAL RICE,Well Milled,1-19% bran streak,49.16,Daily-Price-Index-June-27-2026.pdf
2026-06-27,LOCAL COMMERCIAL RICE,Regular Milled,20-40% bran streak,44.48,Daily-Price-Index-June-27-2026.pdf
2026-06-28,IMPORTED COMMERCIAL RICE,Basmati,,195.00,Daily-Price-Index-June-28-2026.pdf
2026-06-28,IMPORTED COMMERCIAL RICE,Glutinous,,61.34,Daily-Price-Index-June-28-2026.pdf
2026-06-28,IMPORTED COMMERCIAL RICE,Japonica/Jasponica,,60.82,Daily-Price-Index-June-28-2026.pdf
2026-06-28,IMPORTED COMMERCIAL RICE,Other Special,White Rice,59.59,Daily-Price-Index-June-28-2026.pdf
2026-06-28,IMPORTED COMMERCIAL RICE,Premium,5% broken,50.71,Daily-Price-Index-June-28-2026.pdf
2026-06-28,IMPORTED COMMERCIAL RICE,Well Milled,1-19% bran streak,47.95,Daily-Price-Index-June-28-2026.pdf
2026-06-28,LOCAL COMMERCIAL RICE,Glutinous,,80.47,Daily-Price-Index-June-28-2026.pdf
2026-06-28,LOCAL COMMERCIAL RICE,Other Special,White Rice,59.63,Daily-Price-Index-June-28-2026.pdf
2026-06-28,LOCAL COMMERCIAL RICE,Premium,5% broken,53.96,Daily-Price-Index-June-28-2026.pdf
2026-06-28,LOCAL COMMERCIAL RICE,Well Milled,1-19% bran streak,49.13,Daily-Price-Index-June-28-2026.pdf
2026-06-28,LOCAL COMMERCIAL RICE,Regular Milled,20-40% bran streak,44.60,Daily-Price-Index-June-28-2026.pdf
2026-06-29,IMPORTED COMMERCIAL RICE,Basmati,,195.00,Daily-Price-Index-June-29-2026.pdf
2026-06-29,IMPORTED COMMERCIAL RICE,Glutinous,,61.38,Daily-Price-Index-June-29-2026.pdf
2026-06-29,IMPORTED COMMERCIAL RICE,Japonica/Jasponica,,60.77,Daily-Price-Index-June-29-2026.pdf
2026-06-29,IMPORTED COMMERCIAL RICE,Other Special,White Rice,59.59,Daily-Price-Index-June-29-2026.pdf
2026-06-29,IMPORTED COMMERCIAL RICE,Premium,5% broken,50.71,Daily-Price-Index-June-29-2026.pdf
2026-06-29,IMPORTED COMMERCIAL RICE,Well Milled,1-19% bran streak,48.05,Daily-Price-Index-June-29-2026.pdf
2026-06-29,IMPORTED COMMERCIAL RICE,Regular Milled,20-40% bran streak,49.25,Daily-Price-Index-June-29-2026.pdf
2026-06-29,LOCAL COMMERCIAL RICE,Glutinous,,78.84,Daily-Price-Index-June-29-2026.pdf
2026-06-29,LOCAL COMMERCIAL RICE,Other Special,White Rice,59.82,Daily-Price-Index-June-29-2026.pdf
2026-06-29,LOCAL COMMERCIAL RICE,Premium,5% broken,54.30,Daily-Price-Index-June-29-2026.pdf
2026-06-29,LOCAL COMMERCIAL RICE,Well Milled,1-19% bran streak,49.42,Daily-Price-Index-June-29-2026.pdf
2026-06-29,LOCAL COMMERCIAL RICE,Regular Milled,20-40% bran streak,44.73,Daily-Price-Index-June-29-2026.pdf
2026-06-30,IMPORTED COMMERCIAL RICE,Basmati,,195.00,Daily-Price-Index-June-30-2026.pdf
2026-06-30,IMPORTED COMMERCIAL RICE,Glutinous,,61.38,Daily-Price-Index-June-30-2026.pdf
2026-06-30,IMPORTED COMMERCIAL RICE,Japonica/Jasponica,,60.78,Daily-Price-Index-June-30-2026.pdf
2026-06-30,IMPORTED COMMERCIAL RICE,Other Special,White Rice,59.59,Daily-Price-Index-June-30-2026.pdf
2026-06-30,IMPORTED COMMERCIAL RICE,Premium,5% broken,50.71,Daily-Price-Index-June-30-2026.pdf
2026-06-30,IMPORTED COMMERCIAL RICE,Well Milled,1-19% bran streak,48.05,Daily-Price-Index-June-30-2026.pdf
2026-06-30,IMPORTED COMMERCIAL RICE,Regular Milled,20-40% bran streak,49.25,Daily-Price-Index-June-30-2026.pdf
2026-06-30,LOCAL COMMERCIAL RICE,Glutinous,,79.18,Daily-Price-Index-June-30-2026.pdf
2026-06-30,LOCAL COMMERCIAL RICE,Other Special,White Rice,59.82,Daily-Price-Index-June-30-2026.pdf
2026-06-30,LOCAL COMMERCIAL RICE,Premium,5% broken,54.36,Daily-Price-Index-June-30-2026.pdf
2026-06-30,LOCAL COMMERCIAL RICE,Well Milled,1-19% bran streak,49.42,Daily-Price-Index-June-30-2026.pdf
2026-06-30,LOCAL COMMERCIAL RICE,Regular Milled,20-40% bran streak,44.71,Daily-Price-Index-June-30-2026.pdf
2026-07-01,IMPORTED COMMERCIAL RICE,Basmati,,195.00,Daily-Price-Index-July-1-2026.pdf
2026-07-01,IMPORTED COMMERCIAL RICE,Glutinous,,61.26,Daily-Price-Index-July-1-2026.pdf
2026-07-01,IMPORTED COMMERCIAL RICE,Japonica/Jasponica,,60.77,Daily-Price-Index-July-1-2026.pdf
2026-07-01,IMPORTED COMMERCIAL RICE,Other Special,White Rice,59.59,Daily-Price-Index-July-1-2026.pdf
2026-07-01,IMPORTED COMMERCIAL RICE,Premium,5% broken,50.66,Daily-Price-Index-July-1-2026.pdf
2026-07-01,IMPORTED COMMERCIAL RICE,Well Milled,1-19% bran streak,47.94,Daily-Price-Index-July-1-2026.pdf
2026-07-01,LOCAL COMMERCIAL RICE,Glutinous,,79.05,Daily-Price-Index-July-1-2026.pdf
2026-07-01,LOCAL COMMERCIAL RICE,Other Special,White Rice,59.78,Daily-Price-Index-July-1-2026.pdf
2026-07-01,LOCAL COMMERCIAL RICE,Premium,5% broken,54.13,Daily-Price-Index-July-1-2026.pdf
2026-07-01,LOCAL COMMERCIAL RICE,Well Milled,1-19% bran streak,49.17,Daily-Price-Index-July-1-2026.pdf
2026-07-01,LOCAL COMMERCIAL RICE,Regular Milled,20-40% bran streak,44.40,Daily-Price-Index-July-1-2026.pdf
2026-07-02,IMPORTED COMMERCIAL RICE,Basmati,,195.00,Daily-Price-Index-July-2-2026.pdf
2026-07-02,IMPORTED COMMERCIAL RICE,Glutinous,,61.26,Daily-Price-Index-July-2-2026.pdf
2026-07-02,IMPORTED COMMERCIAL RICE,Japonica/Jasponica,,60.76,Daily-Price-Index-July-2-2026.pdf
2026-07-02,IMPORTED COMMERCIAL RICE,Other Special,White Rice,59.39,Daily-Price-Index-July-2-2026.pdf
2026-07-02,IMPORTED COMMERCIAL RICE,Premium,5% broken,50.73,Daily-Price-Index-July-2-2026.pdf
2026-07-02,IMPORTED COMMERCIAL RICE,Well Milled,1-19% bran streak,47.94,Daily-Price-Index-July-2-2026.pdf
2026-07-02,LOCAL COMMERCIAL RICE,Glutinous,,78.96,Daily-Price-Index-July-2-2026.pdf
2026-07-02,LOCAL COMMERCIAL RICE,Other Special,White Rice,59.78,Daily-Price-Index-July-2-2026.pdf
2026-07-02,LOCAL COMMERCIAL RICE,Premium,5% broken,54.14,Daily-Price-Index-July-2-2026.pdf
2026-07-02,LOCAL COMMERCIAL RICE,Well Milled,1-19% bran streak,49.19,Daily-Price-Index-July-2-2026.pdf
2026-07-02,LOCAL COMMERCIAL RICE,Regular Milled,20-40% bran streak,44.38,Daily-Price-Index-July-2-2026.pdf
2026-07-03,IMPORTED COMMERCIAL RICE,Basmati,,195.00,Daily-Price-Index-July-3-2026.pdf
2026-07-03,IMPORTED COMMERCIAL RICE,Glutinous,,61.38,Daily-Price-Index-July-3-2026.pdf
2026-07-03,IMPORTED COMMERCIAL RICE,Japonica/Jasponica,,60.57,Daily-Price-Index-July-3-2026.pdf
2026-07-03,IMPORTED COMMERCIAL RICE,Other Special,White Rice,58.69,Daily-Price-Index-July-3-2026.pdf
2026-07-03,IMPORTED COMMERCIAL RICE,Premium,5% broken,50.77,Daily-Price-Index-July-3-2026.pdf
2026-07-03,IMPORTED COMMERCIAL RICE,Well Milled,1-19% bran streak,47.95,Daily-Price-Index-July-3-2026.pdf
2026-07-03,LOCAL COMMERCIAL RICE,Glutinous,,78.96,Daily-Price-Index-July-3-2026.pdf
2026-07-03,LOCAL COMMERCIAL RICE,Other Special,White Rice,59.93,Daily-Price-Index-July-3-2026.pdf
2026-07-03,LOCAL COMMERCIAL RICE,Premium,5% broken,54.25,Daily-Price-Index-July-3-2026.pdf
2026-07-03,LOCAL COMMERCIAL RICE,Well Milled,1-19% bran streak,49.28,Daily-Price-Index-July-3-2026.pdf
2026-07-03,LOCAL COMMERCIAL RICE,Regular Milled,20-40% bran streak,44.35,Daily-Price-Index-July-3-2026.pdf
2026-07-04,IMPORTED COMMERCIAL RICE,Basmati,,176.67,Daily-Price-Index-July-4-2026.pdf
2026-07-04,IMPORTED COMMERCIAL RICE,Glutinous,,60.60,Daily-Price-Index-July-4-2026.pdf
2026-07-04,IMPORTED COMMERCIAL RICE,Japonica/Jasponica,,60.69,Daily-Price-Index-July-4-2026.pdf
2026-07-04,IMPORTED COMMERCIAL RICE,Other Special,White Rice,59.59,Daily-Price-Index-July-4-2026.pdf
2026-07-04,IMPORTED COMMERCIAL RICE,Premium,5% broken,50.84,Daily-Price-Index-July-4-2026.pdf
2026-07-04,IMPORTED COMMERCIAL RICE,Well Milled,1-19% bran streak,47.95,Daily-Price-Index-July-4-2026.pdf
2026-07-04,LOCAL COMMERCIAL RICE,Glutinous,,70.91,Daily-Price-Index-July-4-2026.pdf
2026-07-04,LOCAL COMMERCIAL RICE,Other Special,White Rice,59.36,Daily-Price-Index-July-4-2026.pdf
2026-07-04,LOCAL COMMERCIAL RICE,Premium,5% broken,53.80,Daily-Price-Index-July-4-2026.pdf
2026-07-04,LOCAL COMMERCIAL RICE,Well Milled,1-19% bran streak,48.75,Daily-Price-Index-July-4-2026.pdf
2026-07-04,LOCAL COMMERCIAL RICE,Regular Milled,20-40% bran streak,44.25,Daily-Price-Index-July-4-2026.pdf
2026-07-05,IMPORTED COMMERCIAL RICE,Basmati,,190.00,Daily-Price-Index-July-5-2026.pdf
2026-07-05,IMPORTED COMMERCIAL RICE,Glutinous,,60.77,Daily-Price-Index-July-5-2026.pdf
2026-07-05,IMPORTED COMMERCIAL RICE,Japonica/Jasponica,,60.69,Daily-Price-Index-July-5-2026.pdf
2026-07-05,IMPORTED COMMERCIAL RICE,Other Special,White Rice,59.56,Daily-Price-Index-July-5-2026.pdf
2026-07-05,IMPORTED COMMERCIAL RICE,Premium,5% broken,50.81,Daily-Price-Index-July-5-2026.pdf
2026-07-05,IMPORTED COMMERCIAL RICE,Well Milled,1-19% bran streak,47.94,Daily-Price-Index-July-5-2026.pdf
2026-07-05,LOCAL COMMERCIAL RICE,Glutinous,,71.47,Daily-Price-Index-July-5-2026.pdf
2026-07-05,LOCAL COMMERCIAL RICE,Other Special,White Rice,59.26,Daily-Price-Index-July-5-2026.pdf
2026-07-05,LOCAL COMMERCIAL RICE,Premium,5% broken,53.63,Daily-Price-Index-July-5-2026.pdf
2026-07-05,LOCAL COMMERCIAL RICE,Well Milled,1-19% bran streak,48.77,Daily-Price-Index-July-5-2026.pdf
2026-07-05,LOCAL COMMERCIAL RICE,Regular Milled,20-40% bran streak,44.53,Daily-Price-Index-July-5-2026.pdf
2026-07-05,KADIWA RICE-FOR-ALL,P20 Benteng Bigas Meron Na,kg,20.00,Weekly-Average-Prices-June-29-July-5-2026.pdf
2026-07-05,IMPORTED COMMERCIAL RICE,Basmati,kg,192.40,Weekly-Average-Prices-June-29-July-5-2026.pdf
2026-07-05,IMPORTED COMMERCIAL RICE,Glutinous,kg,61.16,Weekly-Average-Prices-June-29-July-5-2026.pdf
2026-07-05,IMPORTED COMMERCIAL RICE,Japonica/Jasponica,kg,60.72,Weekly-Average-Prices-June-29-July-5-2026.pdf
2026-07-05,IMPORTED COMMERCIAL RICE,Other Special,White Rice,59.43,Weekly-Average-Prices-June-29-July-5-2026.pdf
2026-07-05,IMPORTED COMMERCIAL RICE,Premium,5% broken,50.74,Weekly-Average-Prices-June-29-July-5-2026.pdf
2026-07-05,IMPORTED COMMERCIAL RICE,Well Milled,1-19% bran streak,47.97,Weekly-Average-Prices-June-29-July-5-2026.pdf
2026-07-05,IMPORTED COMMERCIAL RICE,Regular Milled,20-40% bran streak,49.25,Weekly-Average-Prices-June-29-July-5-2026.pdf
2026-07-05,LOCAL COMMERCIAL RICE,Glutinous,kg,77.27,Weekly-Average-Prices-June-29-July-5-2026.pdf
2026-07-05,LOCAL COMMERCIAL RICE,Other Special,White Rice,59.70,Weekly-Average-Prices-June-29-July-5-2026.pdf
2026-07-05,LOCAL COMMERCIAL RICE,Premium,5% broken,54.11,Weekly-Average-Prices-June-29-July-5-2026.pdf
2026-07-05,LOCAL COMMERCIAL RICE,Well Milled,1-19% bran streak,49.16,Weekly-Average-Prices-June-29-July-5-2026.pdf
2026-07-05,LOCAL COMMERCIAL RICE,Regular Milled,20-40% bran streak,44.48,Weekly-Average-Prices-June-29-July-5-2026.pdf
2026-07-06,IMPORTED COMMERCIAL RICE,Basmati,,195.00,Daily-Price-Index-July-6-2026.pdf
2026-07-06,IMPORTED COMMERCIAL RICE,Glutinous,,61.03,Daily-Price-Index-July-6-2026.pdf
2026-07-06,IMPORTED COMMERCIAL RICE,Japonica/Jasponica,,60.90,Daily-Price-Index-July-6-2026.pdf
2026-07-06,IMPORTED COMMERCIAL RICE,Other Special,White Rice,59.39,Daily-Price-Index-July-6-2026.pdf
2026-07-06,IMPORTED COMMERCIAL RICE,Premium,5% broken,50.76,Daily-Price-Index-July-6-2026.pdf
2026-07-06,IMPORTED COMMERCIAL RICE,Well Milled,1-19% bran streak,47.95,Daily-Price-Index-July-6-2026.pdf
2026-07-06,LOCAL COMMERCIAL RICE,Glutinous,,78.79,Daily-Price-Index-July-6-2026.pdf
2026-07-06,LOCAL COMMERCIAL RICE,Other Special,White Rice,59.87,Daily-Price-Index-July-6-2026.pdf
2026-07-06,LOCAL COMMERCIAL RICE,Premium,5% broken,54.10,Daily-Price-Index-July-6-2026.pdf
2026-07-06,LOCAL COMMERCIAL RICE,Well Milled,1-19% bran streak,49.19,Daily-Price-Index-July-6-2026.pdf
2026-07-06,LOCAL COMMERCIAL RICE,Regular Milled,20-40% bran streak,44.46,Daily-Price-Index-July-6-2026.pdf
2026-07-07,IMPORTED COMMERCIAL RICE,Basmati,,195.00,Daily-Price-Index-July-7-2026.pdf
2026-07-07,IMPORTED COMMERCIAL RICE,Glutinous,,61.04,Daily-Price-Index-July-7-2026.pdf
2026-07-07,IMPORTED COMMERCIAL RICE,Japonica/Jasponica,,60.90,Daily-Price-Index-July-7-2026.pdf
2026-07-07,IMPORTED COMMERCIAL RICE,Other Special,White Rice,59.39,Daily-Price-Index-July-7-2026.pdf
2026-07-07,IMPORTED COMMERCIAL RICE,Premium,5% broken,50.73,Daily-Price-Index-July-7-2026.pdf
2026-07-07,IMPORTED COMMERCIAL RICE,Well Milled,1-19% bran streak,47.95,Daily-Price-Index-July-7-2026.pdf
2026-07-07,LOCAL COMMERCIAL RICE,Glutinous,,78.79,Daily-Price-Index-July-7-2026.pdf
2026-07-07,LOCAL COMMERCIAL RICE,Other Special,White Rice,59.86,Daily-Price-Index-July-7-2026.pdf
2026-07-07,LOCAL COMMERCIAL RICE,Premium,5% broken,54.10,Daily-Price-Index-July-7-2026.pdf
2026-07-07,LOCAL COMMERCIAL RICE,Well Milled,1-19% bran streak,49.19,Daily-Price-Index-July-7-2026.pdf
2026-07-07,LOCAL COMMERCIAL RICE,Regular Milled,20-40% bran streak,44.46,Daily-Price-Index-July-7-2026.pdf
2026-07-08,IMPORTED COMMERCIAL RICE,Basmati,,195.00,Daily-Price-Index-July-8-2026.pdf
2026-07-08,IMPORTED COMMERCIAL RICE,Glutinous,,60.97,Daily-Price-Index-July-8-2026.pdf
2026-07-08,IMPORTED COMMERCIAL RICE,Japonica/Jasponica,,60.82,Daily-Price-Index-July-8-2026.pdf
2026-07-08,IMPORTED COMMERCIAL RICE,Other Special,White Rice,59.42,Daily-Price-Index-July-8-2026.pdf
2026-07-08,IMPORTED COMMERCIAL RICE,Premium,5% broken,50.91,Daily-Price-Index-July-8-2026.pdf
2026-07-08,IMPORTED COMMERCIAL RICE,Well Milled,1-19% bran streak,47.95,Daily-Price-Index-July-8-2026.pdf
2026-07-08,LOCAL COMMERCIAL RICE,Glutinous,,78.20,Daily-Price-Index-July-8-2026.pdf
2026-07-08,LOCAL COMMERCIAL RICE,Other Special,White Rice,59.96,Daily-Price-Index-July-8-2026.pdf
2026-07-08,LOCAL COMMERCIAL RICE,Premium,5% broken,54.12,Daily-Price-Index-July-8-2026.pdf
2026-07-08,LOCAL COMMERCIAL RICE,Well Milled,1-19% bran streak,49.17,Daily-Price-Index-July-8-2026.pdf
2026-07-08,LOCAL COMMERCIAL RICE,Regular Milled,20-40% bran streak,44.42,Daily-Price-Index-July-8-2026.pdf
2026-07-09,IMPORTED COMMERCIAL RICE,Basmati,,195.00,Daily-Price-Index-July-9-2026.pdf
2026-07-09,IMPORTED COMMERCIAL RICE,Glutinous,,60.97,Daily-Price-Index-July-9-2026.pdf
2026-07-09,IMPORTED COMMERCIAL RICE,Japonica/Jasponica,,60.82,Daily-Price-Index-July-9-2026.pdf
2026-07-09,IMPORTED COMMERCIAL RICE,Other Special,White Rice,59.42,Daily-Price-Index-July-9-2026.pdf
2026-07-09,IMPORTED COMMERCIAL RICE,Premium,5% broken,50.91,Daily-Price-Index-July-9-2026.pdf
2026-07-09,IMPORTED COMMERCIAL RICE,Well Milled,1-19% bran streak,47.95,Daily-Price-Index-July-9-2026.pdf
2026-07-09,LOCAL COMMERCIAL RICE,Glutinous,,78.20,Daily-Price-Index-July-9-2026.pdf
2026-07-09,LOCAL COMMERCIAL RICE,Other Special,White Rice,59.96,Daily-Price-Index-July-9-2026.pdf
2026-07-09,LOCAL COMMERCIAL RICE,Premium,5% broken,54.12,Daily-Price-Index-July-9-2026.pdf
2026-07-09,LOCAL COMMERCIAL RICE,Well Milled,1-19% bran streak,49.17,Daily-Price-Index-July-9-2026.pdf
2026-07-09,LOCAL COMMERCIAL RICE,Regular Milled,20-40% bran streak,44.42,Daily-Price-Index-July-9-2026.pdf
2026-07-10,IMPORTED COMMERCIAL RICE,Basmati,,195.00,Daily-Price-Index-July-10-2026.pdf
2026-07-10,IMPORTED COMMERCIAL RICE,Glutinous,,60.97,Daily-Price-Index-July-10-2026.pdf
2026-07-10,IMPORTED COMMERCIAL RICE,Japonica/Jasponica,,60.82,Daily-Price-Index-July-10-2026.pdf
2026-07-10,IMPORTED COMMERCIAL RICE,Other Special,White Rice,59.42,Daily-Price-Index-July-10-2026.pdf
2026-07-10,IMPORTED COMMERCIAL RICE,Premium,5% broken,50.95,Daily-Price-Index-July-10-2026.pdf
2026-07-10,IMPORTED COMMERCIAL RICE,Well Milled,1-19% bran streak,47.95,Daily-Price-Index-July-10-2026.pdf
2026-07-10,LOCAL COMMERCIAL RICE,Glutinous,,78.20,Daily-Price-Index-July-10-2026.pdf
2026-07-10,LOCAL COMMERCIAL RICE,Other Special,White Rice,59.96,Daily-Price-Index-July-10-2026.pdf
2026-07-10,LOCAL COMMERCIAL RICE,Premium,5% broken,54.12,Daily-Price-Index-July-10-2026.pdf
2026-07-10,LOCAL COMMERCIAL RICE,Well Milled,1-19% bran streak,49.15,Daily-Price-Index-July-10-2026.pdf
2026-07-10,LOCAL COMMERCIAL RICE,Regular Milled,20-40% bran streak,44.58,Daily-Price-Index-July-10-2026.pdf
2026-07-11,IMPORTED COMMERCIAL RICE,Basmati,,176.67,Daily-Price-Index-July-11-2026.pdf
2026-07-11,IMPORTED COMMERCIAL RICE,Glutinous,,60.32,Daily-Price-Index-July-11-2026.pdf
2026-07-11,IMPORTED COMMERCIAL RICE,Japonica/Jasponica,,61.10,Daily-Price-Index-July-11-2026.pdf
2026-07-11,IMPORTED COMMERCIAL RICE,Other Special,White Rice,58.69,Daily-Price-Index-July-11-2026.pdf
2026-07-11,IMPORTED COMMERCIAL RICE,Premium,5% broken,51.20,Daily-Price-Index-July-11-2026.pdf
2026-07-11,IMPORTED COMMERCIAL RICE,Well Milled,1-19% bran streak,47.94,Daily-Price-Index-July-11-2026.pdf
2026-07-11,LOCAL COMMERCIAL RICE,Glutinous,,72.31,Daily-Price-Index-July-11-2026.pdf
2026-07-11,LOCAL COMMERCIAL RICE,Other Special,White Rice,59.82,Daily-Price-Index-July-11-2026.pdf
2026-07-11,LOCAL COMMERCIAL RICE,Premium,5% broken,54.00,Daily-Price-Index-July-11-2026.pdf
2026-07-11,LOCAL COMMERCIAL RICE,Well Milled,1-19% bran streak,48.63,Daily-Price-Index-July-11-2026.pdf
2026-07-11,LOCAL COMMERCIAL RICE,Regular Milled,20-40% bran streak,44.36,Daily-Price-Index-July-11-2026.pdf
2026-07-12,IMPORTED COMMERCIAL RICE,Basmati,,176.67,Daily-Price-Index-July-12-2026.pdf
2026-07-12,IMPORTED COMMERCIAL RICE,Glutinous,,60.31,Daily-Price-Index-July-12-2026.pdf
2026-07-12,IMPORTED COMMERCIAL RICE,Japonica/Jasponica,,60.84,Daily-Price-Index-July-12-2026.pdf
2026-07-12,IMPORTED COMMERCIAL RICE,Other Special,White Rice,59.39,Daily-Price-Index-July-12-2026.pdf
2026-07-12,IMPORTED COMMERCIAL RICE,Premium,5% broken,51.12,Daily-Price-Index-July-12-2026.pdf
2026-07-12,IMPORTED COMMERCIAL RICE,Well Milled,1-19% bran streak,48.01,Daily-Price-Index-July-12-2026.pdf
2026-07-12,LOCAL COMMERCIAL RICE,Glutinous,,71.93,Daily-Price-Index-July-12-2026.pdf
2026-07-12,LOCAL COMMERCIAL RICE,Other Special,White Rice,59.45,Daily-Price-Index-July-12-2026.pdf
2026-07-12,LOCAL COMMERCIAL RICE,Premium,5% broken,53.52,Daily-Price-Index-July-12-2026.pdf
2026-07-12,LOCAL COMMERCIAL RICE,Well Milled,1-19% bran streak,48.17,Daily-Price-Index-July-12-2026.pdf
2026-07-12,LOCAL COMMERCIAL RICE,Regular Milled,20-40% bran streak,44.50,Daily-Price-Index-July-12-2026.pdf
2026-07-13,IMPORTED COMMERCIAL RICE,Basmati,,195.00,Daily-Price-Index-July-13-2026.pdf
2026-07-13,IMPORTED COMMERCIAL RICE,Glutinous,,61.09,Daily-Price-Index-July-13-2026.pdf
2026-07-13,IMPORTED COMMERCIAL RICE,Japonica/Jasponica,,60.87,Daily-Price-Index-July-13-2026.pdf
2026-07-13,IMPORTED COMMERCIAL RICE,Other Special,White Rice,59.42,Daily-Price-Index-July-13-2026.pdf
2026-07-13,IMPORTED COMMERCIAL RICE,Premium,5% broken,51.02,Daily-Price-Index-July-13-2026.pdf
2026-07-13,IMPORTED COMMERCIAL RICE,Well Milled,1-19% bran streak,47.95,Daily-Price-Index-July-13-2026.pdf
2026-07-13,LOCAL COMMERCIAL RICE,Glutinous,,78.88,Daily-Price-Index-July-13-2026.pdf
2026-07-13,LOCAL COMMERCIAL RICE,Other Special,White Rice,59.89,Daily-Price-Index-July-13-2026.pdf
2026-07-13,LOCAL COMMERCIAL RICE,Premium,5% broken,54.08,Daily-Price-Index-July-13-2026.pdf
2026-07-13,LOCAL COMMERCIAL RICE,Well Milled,1-19% bran streak,49.03,Daily-Price-Index-July-13-2026.pdf
2026-07-13,LOCAL COMMERCIAL RICE,Regular Milled,20-40% bran streak,44.59,Daily-Price-Index-July-13-2026.pdf
2026-07-14,IMPORTED COMMERCIAL RICE,Basmati,,195.00,Daily-Price-Index-July-14-2026-1.pdf
2026-07-14,IMPORTED COMMERCIAL RICE,Glutinous,,61.09,Daily-Price-Index-July-14-2026-1.pdf
2026-07-14,IMPORTED COMMERCIAL RICE,Japonica/Jasponica,,60.87,Daily-Price-Index-July-14-2026-1.pdf
2026-07-14,IMPORTED COMMERCIAL RICE,Other Special,White Rice,59.42,Daily-Price-Index-July-14-2026-1.pdf
2026-07-14,IMPORTED COMMERCIAL RICE,Premium,5% broken,51.20,Daily-Price-Index-July-14-2026-1.pdf
2026-07-14,IMPORTED COMMERCIAL RICE,Well Milled,1-19% bran streak,47.95,Daily-Price-Index-July-14-2026-1.pdf
2026-07-14,LOCAL COMMERCIAL RICE,Glutinous,,78.88,Daily-Price-Index-July-14-2026-1.pdf
2026-07-14,LOCAL COMMERCIAL RICE,Other Special,White Rice,59.88,Daily-Price-Index-July-14-2026-1.pdf
2026-07-14,LOCAL COMMERCIAL RICE,Premium,5% broken,54.08,Daily-Price-Index-July-14-2026-1.pdf
2026-07-14,LOCAL COMMERCIAL RICE,Well Milled,1-19% bran streak,49.03,Daily-Price-Index-July-14-2026-1.pdf
2026-07-14,LOCAL COMMERCIAL RICE,Regular Milled,20-40% bran streak,44.58,Daily-Price-Index-July-14-2026-1.pdf
2026-07-15,IMPORTED COMMERCIAL RICE,Basmati,,195.00,Daily-Price-Index-July-15-2026.pdf
2026-07-15,IMPORTED COMMERCIAL RICE,Glutinous,,61.09,Daily-Price-Index-July-15-2026.pdf
2026-07-15,IMPORTED COMMERCIAL RICE,Japonica/Jasponica,,60.94,Daily-Price-Index-July-15-2026.pdf
2026-07-15,IMPORTED COMMERCIAL RICE,Other Special,White Rice,59.42,Daily-Price-Index-July-15-2026.pdf
2026-07-15,IMPORTED COMMERCIAL RICE,Premium,5% broken,51.27,Daily-Price-Index-July-15-2026.pdf
2026-07-15,IMPORTED COMMERCIAL RICE,Well Milled,1-19% bran streak,47.95,Daily-Price-Index-July-15-2026.pdf
2026-07-15,LOCAL COMMERCIAL RICE,Glutinous,,78.88,Daily-Price-Index-July-15-2026.pdf
2026-07-15,LOCAL COMMERCIAL RICE,Other Special,White Rice,59.86,Daily-Price-Index-July-15-2026.pdf
2026-07-15,LOCAL COMMERCIAL RICE,Premium,5% broken,54.05,Daily-Price-Index-July-15-2026.pdf
2026-07-15,LOCAL COMMERCIAL RICE,Well Milled,1-19% bran streak,49.03,Daily-Price-Index-July-15-2026.pdf
2026-07-15,LOCAL COMMERCIAL RICE,Regular Milled,20-40% bran streak,44.56,Daily-Price-Index-July-15-2026.pdf
2026-07-16,IMPORTED COMMERCIAL RICE,Basmati,,195.00,Daily-Price-Index-July-16-2026.pdf
2026-07-16,IMPORTED COMMERCIAL RICE,Glutinous,,61.09,Daily-Price-Index-July-16-2026.pdf
2026-07-16,IMPORTED COMMERCIAL RICE,Japonica/Jasponica,,61.19,Daily-Price-Index-July-16-2026.pdf
2026-07-16,IMPORTED COMMERCIAL RICE,Other Special,White Rice,59.42,Daily-Price-Index-July-16-2026.pdf
2026-07-16,IMPORTED COMMERCIAL RICE,Premium,5% broken,51.35,Daily-Price-Index-July-16-2026.pdf
2026-07-16,IMPORTED COMMERCIAL RICE,Well Milled,1-19% bran streak,47.95,Daily-Price-Index-July-16-2026.pdf
2026-07-16,LOCAL COMMERCIAL RICE,Glutinous,,80.82,Daily-Price-Index-July-16-2026.pdf
2026-07-16,LOCAL COMMERCIAL RICE,Other Special,White Rice,59.84,Daily-Price-Index-July-16-2026.pdf
2026-07-16,LOCAL COMMERCIAL RICE,Premium,5% broken,53.99,Daily-Price-Index-July-16-2026.pdf
2026-07-16,LOCAL COMMERCIAL RICE,Well Milled,1-19% bran streak,48.76,Daily-Price-Index-July-16-2026.pdf
2026-07-16,LOCAL COMMERCIAL RICE,Regular Milled,20-40% bran streak,44.49,Daily-Price-Index-July-16-2026.pdf
2026-07-17,IMPORTED COMMERCIAL RICE,Basmati,,195.00,Daily-Price-Index-July-17-2026.pdf
2026-07-17,IMPORTED COMMERCIAL RICE,Glutinous,,61.07,Daily-Price-Index-July-17-2026.pdf
2026-07-17,IMPORTED COMMERCIAL RICE,Japonica/Jasponica,,60.75,Daily-Price-Index-July-17-2026.pdf
2026-07-17,IMPORTED COMMERCIAL RICE,Other Special,White Rice,59.15,Daily-Price-Index-July-17-2026.pdf
2026-07-17,IMPORTED COMMERCIAL RICE,Premium,5% broken,51.16,Daily-Price-Index-July-17-2026.pdf
2026-07-17,IMPORTED COMMERCIAL RICE,Well Milled,1-19% bran streak,47.95,Daily-Price-Index-July-17-2026.pdf
2026-07-17,LOCAL COMMERCIAL RICE,Glutinous,,78.79,Daily-Price-Index-July-17-2026.pdf
2026-07-17,LOCAL COMMERCIAL RICE,Other Special,White Rice,59.90,Daily-Price-Index-July-17-2026.pdf
2026-07-17,LOCAL COMMERCIAL RICE,Premium,5% broken,54.01,Daily-Price-Index-July-17-2026.pdf
2026-07-17,LOCAL COMMERCIAL RICE,Well Milled,1-19% bran streak,48.96,Daily-Price-Index-July-17-2026.pdf
2026-07-17,LOCAL COMMERCIAL RICE,Regular Milled,20-40% bran streak,44.55,Daily-Price-Index-July-17-2026.pdf
2026-07-18,IMPORTED COMMERCIAL RICE,Basmati,,176.67,Daily-Price-Index-July-18-2026.pdf
2026-07-18,IMPORTED COMMERCIAL RICE,Glutinous,,60.65,Daily-Price-Index-July-18-2026.pdf
2026-07-18,IMPORTED COMMERCIAL RICE,Japonica/Jasponica,,60.85,Daily-Price-Index-July-18-2026.pdf
2026-07-18,IMPORTED COMMERCIAL RICE,Other Special,White Rice,59.15,Daily-Price-Index-July-18-2026.pdf
2026-07-18,IMPORTED COMMERCIAL RICE,Premium,5% broken,51.48,Daily-Price-Index-July-18-2026.pdf
2026-07-18,IMPORTED COMMERCIAL RICE,Well Milled,1-19% bran streak,47.91,Daily-Price-Index-July-18-2026.pdf
2026-07-18,LOCAL COMMERCIAL RICE,Glutinous,,70.50,Daily-Price-Index-July-18-2026.pdf
2026-07-18,LOCAL COMMERCIAL RICE,Other Special,White Rice,59.51,Daily-Price-Index-July-18-2026.pdf
2026-07-18,LOCAL COMMERCIAL RICE,Premium,5% broken,53.71,Daily-Price-Index-July-18-2026.pdf
2026-07-18,LOCAL COMMERCIAL RICE,Well Milled,1-19% bran streak,48.40,Daily-Price-Index-July-18-2026.pdf
2026-07-18,LOCAL COMMERCIAL RICE,Regular Milled,20-40% bran streak,44.56,Daily-Price-Index-July-18-2026.pdf
2026-07-19,IMPORTED COMMERCIAL RICE,Basmati,,176.67,Daily-Price-Index-July-19-2026.pdf
2026-07-19,IMPORTED COMMERCIAL RICE,Glutinous,,60.86,Daily-Price-Index-July-19-2026.pdf
2026-07-19,IMPORTED COMMERCIAL RICE,Japonica/Jasponica,,60.85,Daily-Price-Index-July-19-2026.pdf
2026-07-19,IMPORTED COMMERCIAL RICE,Other Special,White Rice,59.15,Daily-Price-Index-July-19-2026.pdf
2026-07-19,IMPORTED COMMERCIAL RICE,Premium,5% broken,51.48,Daily-Price-Index-July-19-2026.pdf
2026-07-19,IMPORTED COMMERCIAL RICE,Well Milled,1-19% bran streak,47.91,Daily-Price-Index-July-19-2026.pdf
2026-07-19,LOCAL COMMERCIAL RICE,Glutinous,,70.63,Daily-Price-Index-July-19-2026.pdf
2026-07-19,LOCAL COMMERCIAL RICE,Other Special,White Rice,59.52,Daily-Price-Index-July-19-2026.pdf
2026-07-19,LOCAL COMMERCIAL RICE,Premium,5% broken,53.66,Daily-Price-Index-July-19-2026.pdf
2026-07-19,LOCAL COMMERCIAL RICE,Well Milled,1-19% bran streak,48.15,Daily-Price-Index-July-19-2026.pdf
2026-07-19,LOCAL COMMERCIAL RICE,Regular Milled,20-40% bran streak,44.53,Daily-Price-Index-July-19-2026.pdf
2026-07-20,IMPORTED COMMERCIAL RICE,Basmati,,195.00,Daily-Price-Index-July-20-2026.pdf
2026-07-20,IMPORTED COMMERCIAL RICE,Glutinous,,61.55,Daily-Price-Index-July-20-2026.pdf
2026-07-20,IMPORTED COMMERCIAL RICE,Japonica/Jasponica,,60.85,Daily-Price-Index-July-20-2026.pdf
2026-07-20,IMPORTED COMMERCIAL RICE,Other Special,White Rice,59.15,Daily-Price-Index-July-20-2026.pdf
2026-07-20,IMPORTED COMMERCIAL RICE,Premium,5% broken,51.37,Daily-Price-Index-July-20-2026.pdf
2026-07-20,IMPORTED COMMERCIAL RICE,Well Milled,1-19% bran streak,47.95,Daily-Price-Index-July-20-2026.pdf
2026-07-20,LOCAL COMMERCIAL RICE,Glutinous,,78.38,Daily-Price-Index-July-20-2026.pdf
2026-07-20,LOCAL COMMERCIAL RICE,Other Special,White Rice,59.87,Daily-Price-Index-July-20-2026.pdf
2026-07-20,LOCAL COMMERCIAL RICE,Premium,5% broken,54.10,Daily-Price-Index-July-20-2026.pdf
2026-07-20,LOCAL COMMERCIAL RICE,Well Milled,1-19% bran streak,48.62,Daily-Price-Index-July-20-2026.pdf
2026-07-20,LOCAL COMMERCIAL RICE,Regular Milled,20-40% bran streak,44.40,Daily-Price-Index-July-20-2026.pdf
2026-07-21,IMPORTED COMMERCIAL RICE,Basmati,,195.00,Daily-Price-Index-July-21-2026.pdf
2026-07-21,IMPORTED COMMERCIAL RICE,Glutinous,,61.55,Daily-Price-Index-July-21-2026.pdf
2026-07-21,IMPORTED COMMERCIAL RICE,Japonica/Jasponica,,60.85,Daily-Price-Index-July-21-2026.pdf
2026-07-21,IMPORTED COMMERCIAL RICE,Other Special,White Rice,59.15,Daily-Price-Index-July-21-2026.pdf
2026-07-21,IMPORTED COMMERCIAL RICE,Premium,5% broken,51.41,Daily-Price-Index-July-21-2026.pdf
2026-07-21,IMPORTED COMMERCIAL RICE,Well Milled,1-19% bran streak,47.95,Daily-Price-Index-July-21-2026.pdf
2026-07-21,LOCAL COMMERCIAL RICE,Glutinous,,78.38,Daily-Price-Index-July-21-2026.pdf
2026-07-21,LOCAL COMMERCIAL RICE,Other Special,White Rice,59.87,Daily-Price-Index-July-21-2026.pdf
2026-07-21,LOCAL COMMERCIAL RICE,Premium,5% broken,54.13,Daily-Price-Index-July-21-2026.pdf
2026-07-21,LOCAL COMMERCIAL RICE,Well Milled,1-19% bran streak,48.62,Daily-Price-Index-July-21-2026.pdf
2026-07-21,LOCAL COMMERCIAL RICE,Regular Milled,20-40% bran streak,44.40,Daily-Price-Index-July-21-2026.pdf
2026-07-22,IMPORTED COMMERCIAL RICE,Basmati,,195.00,Daily-Price-Index-July-22-2026.pdf
2026-07-22,IMPORTED COMMERCIAL RICE,Glutinous,,61.58,Daily-Price-Index-July-22-2026.pdf
2026-07-22,IMPORTED COMMERCIAL RICE,Japonica/Jasponica,,60.82,Daily-Price-Index-July-22-2026.pdf
2026-07-22,IMPORTED COMMERCIAL RICE,Other Special,White Rice,59.53,Daily-Price-Index-July-22-2026.pdf
2026-07-22,IMPORTED COMMERCIAL RICE,Premium,5% broken,51.43,Daily-Price-Index-July-22-2026.pdf
2026-07-22,IMPORTED COMMERCIAL RICE,Well Milled,1-19% bran streak,47.93,Daily-Price-Index-July-22-2026.pdf
2026-07-22,LOCAL COMMERCIAL RICE,Glutinous,,78.48,Daily-Price-Index-July-22-2026.pdf
2026-07-22,LOCAL COMMERCIAL RICE,Other Special,White Rice,59.83,Daily-Price-Index-July-22-2026.pdf
2026-07-22,LOCAL COMMERCIAL RICE,Premium,5% broken,54.14,Daily-Price-Index-July-22-2026.pdf
2026-07-22,LOCAL COMMERCIAL RICE,Well Milled,1-19% bran streak,48.70,Daily-Price-Index-July-22-2026.pdf
2026-07-22,LOCAL COMMERCIAL RICE,Regular Milled,20-40% bran streak,44.40,Daily-Price-Index-July-22-2026.pdf
2026-07-23,IMPORTED COMMERCIAL RICE,Basmati,,195.00,Daily-Price-Index-July-23-2026.pdf
2026-07-23,IMPORTED COMMERCIAL RICE,Glutinous,,61.58,Daily-Price-Index-July-23-2026.pdf
2026-07-23,IMPORTED COMMERCIAL RICE,Japonica/Jasponica,,60.82,Daily-Price-Index-July-23-2026.pdf
2026-07-23,IMPORTED COMMERCIAL RICE,Other Special,White Rice,59.53,Daily-Price-Index-July-23-2026.pdf
2026-07-23,IMPORTED COMMERCIAL RICE,Premium,5% broken,51.43,Daily-Price-Index-July-23-2026.pdf
2026-07-23,IMPORTED COMMERCIAL RICE,Well Milled,1-19% bran streak,47.93,Daily-Price-Index-July-23-2026.pdf
2026-07-23,LOCAL COMMERCIAL RICE,Glutinous,,78.48,Daily-Price-Index-July-23-2026.pdf
2026-07-23,LOCAL COMMERCIAL RICE,Other Special,White Rice,59.84,Daily-Price-Index-July-23-2026.pdf
2026-07-23,LOCAL COMMERCIAL RICE,Premium,5% broken,54.14,Daily-Price-Index-July-23-2026.pdf
2026-07-23,LOCAL COMMERCIAL RICE,Well Milled,1-19% bran streak,48.68,Daily-Price-Index-July-23-2026.pdf
2026-07-23,LOCAL COMMERCIAL RICE,Regular Milled,20-40% bran streak,44.40,Daily-Price-Index-July-23-2026.pdf
2026-07-24,IMPORTED COMMERCIAL RICE,Basmati,,195.00,Daily-Price-Index-July-24-2026.pdf
2026-07-24,IMPORTED COMMERCIAL RICE,Glutinous,,61.58,Daily-Price-Index-July-24-2026.pdf
2026-07-24,IMPORTED COMMERCIAL RICE,Japonica/Jasponica,,60.82,Daily-Price-Index-July-24-2026.pdf
2026-07-24,IMPORTED COMMERCIAL RICE,Other Special,White Rice,59.53,Daily-Price-Index-July-24-2026.pdf
2026-07-24,IMPORTED COMMERCIAL RICE,Premium,5% broken,51.43,Daily-Price-Index-July-24-2026.pdf
2026-07-24,IMPORTED COMMERCIAL RICE,Well Milled,1-19% bran streak,47.93,Daily-Price-Index-July-24-2026.pdf
2026-07-24,LOCAL COMMERCIAL RICE,Glutinous,,78.48,Daily-Price-Index-July-24-2026.pdf
2026-07-24,LOCAL COMMERCIAL RICE,Other Special,White Rice,59.84,Daily-Price-Index-July-24-2026.pdf
2026-07-24,LOCAL COMMERCIAL RICE,Premium,5% broken,54.13,Daily-Price-Index-July-24-2026.pdf
2026-07-24,LOCAL COMMERCIAL RICE,Well Milled,1-19% bran streak,48.68,Daily-Price-Index-July-24-2026.pdf
2026-07-24,LOCAL COMMERCIAL RICE,Regular Milled,20-40% bran streak,44.40,Daily-Price-Index-July-24-2026.pdf
2026-07-25,IMPORTED COMMERCIAL RICE,Basmati,,176.67,Daily-Price-Index-July-25-2026.pdf
2026-07-25,IMPORTED COMMERCIAL RICE,Glutinous,,60.27,Daily-Price-Index-July-25-2026.pdf
2026-07-25,IMPORTED COMMERCIAL RICE,Japonica/Jasponica,,60.82,Daily-Price-Index-July-25-2026.pdf
2026-07-25,IMPORTED COMMERCIAL RICE,Other Special,White Rice,59.53,Daily-Price-Index-July-25-2026.pdf
2026-07-25,IMPORTED COMMERCIAL RICE,Premium,5% broken,51.62,Daily-Price-Index-July-25-2026.pdf
2026-07-25,IMPORTED COMMERCIAL RICE,Well Milled,1-19% bran streak,47.92,Daily-Price-Index-July-25-2026.pdf
2026-07-25,LOCAL COMMERCIAL RICE,Glutinous,,71.25,Daily-Price-Index-July-25-2026.pdf
2026-07-25,LOCAL COMMERCIAL RICE,Other Special,White Rice,59.48,Daily-Price-Index-July-25-2026.pdf
2026-07-25,LOCAL COMMERCIAL RICE,Premium,5% broken,53.71,Daily-Price-Index-July-25-2026.pdf
2026-07-25,LOCAL COMMERCIAL RICE,Well Milled,1-19% bran streak,48.11,Daily-Price-Index-July-25-2026.pdf
2026-07-25,LOCAL COMMERCIAL RICE,Regular Milled,20-40% bran streak,44.46,Daily-Price-Index-July-25-2026.pdf
2026-07-26,IMPORTED COMMERCIAL RICE,Basmati,,176.67,Daily-Price-Index-July-26-2026.pdf
2026-07-26,IMPORTED COMMERCIAL RICE,Glutinous,,60.38,Daily-Price-Index-July-26-2026.pdf
2026-07-26,IMPORTED COMMERCIAL RICE,Japonica/Jasponica,,60.80,Daily-Price-Index-July-26-2026.pdf
2026-07-26,IMPORTED COMMERCIAL RICE,Other Special,White Rice,59.50,Daily-Price-Index-July-26-2026.pdf
2026-07-26,IMPORTED COMMERCIAL RICE,Premium,5% broken,51.47,Daily-Price-Index-July-26-2026.pdf
2026-07-26,IMPORTED COMMERCIAL RICE,Well Milled,1-19% bran streak,47.92,Daily-Price-Index-July-26-2026.pdf
2026-07-26,LOCAL COMMERCIAL RICE,Glutinous,,70.81,Daily-Price-Index-July-26-2026.pdf
2026-07-26,LOCAL COMMERCIAL RICE,Other Special,White Rice,59.40,Daily-Price-Index-July-26-2026.pdf
2026-07-26,LOCAL COMMERCIAL RICE,Premium,5% broken,53.66,Daily-Price-Index-July-26-2026.pdf
2026-07-26,LOCAL COMMERCIAL RICE,Well Milled,1-19% bran streak,48.14,Daily-Price-Index-July-26-2026.pdf
2026-07-26,LOCAL COMMERCIAL RICE,Regular Milled,20-40% bran streak,44.58,Daily-Price-Index-July-26-2026.pdf
2026-07-27,IMPORTED COMMERCIAL RICE,Basmati,,195.00,Daily-Price-Index-July-27-2026.pdf
2026-07-27,IMPORTED COMMERCIAL RICE,Glutinous,,61.87,Daily-Price-Index-July-27-2026.pdf
2026-07-27,IMPORTED COMMERCIAL RICE,Japonica/Jasponica,,60.79,Daily-Price-Index-July-27-2026.pdf
2026-07-27,IMPORTED COMMERCIAL RICE,Other Special,White Rice,59.53,Daily-Price-Index-July-27-2026.pdf
2026-07-27,IMPORTED COMMERCIAL RICE,Premium,5% broken,51.55,Daily-Price-Index-July-27-2026.pdf
2026-07-27,IMPORTED COMMERCIAL RICE,Well Milled,1-19% bran streak,47.90,Daily-Price-Index-July-27-2026.pdf
2026-07-27,LOCAL COMMERCIAL RICE,Glutinous,,78.86,Daily-Price-Index-July-27-2026.pdf
2026-07-27,LOCAL COMMERCIAL RICE,Other Special,White Rice,60.13,Daily-Price-Index-July-27-2026.pdf
2026-07-27,LOCAL COMMERCIAL RICE,Premium,5% broken,54.31,Daily-Price-Index-July-27-2026.pdf
2026-07-27,LOCAL COMMERCIAL RICE,Well Milled,1-19% bran streak,48.57,Daily-Price-Index-July-27-2026.pdf
2026-07-27,LOCAL COMMERCIAL RICE,Regular Milled,20-40% bran streak,44.07,Daily-Price-Index-July-27-2026.pdf
2026-07-28,IMPORTED COMMERCIAL RICE,Basmati,,195.00,Daily-Price-Index-July-28-2026.pdf
2026-07-28,IMPORTED COMMERCIAL RICE,Glutinous,,61.87,Daily-Price-Index-July-28-2026.pdf
2026-07-28,IMPORTED COMMERCIAL RICE,Japonica/Jasponica,,60.79,Daily-Price-Index-July-28-2026.pdf
2026-07-28,IMPORTED COMMERCIAL RICE,Other Special,White Rice,59.53,Daily-Price-Index-July-28-2026.pdf
2026-07-28,IMPORTED COMMERCIAL RICE,Premium,5% broken,51.55,Daily-Price-Index-July-28-2026.pdf
2026-07-28,IMPORTED COMMERCIAL RICE,Well Milled,1-19% bran streak,47.90,Daily-Price-Index-July-28-2026.pdf
2026-07-28,LOCAL COMMERCIAL RICE,Glutinous,,78.86,Daily-Price-Index-July-28-2026.pdf
2026-07-28,LOCAL COMMERCIAL RICE,Other Special,White Rice,60.13,Daily-Price-Index-July-28-2026.pdf
2026-07-28,LOCAL COMMERCIAL RICE,Premium,5% broken,54.31,Daily-Price-Index-July-28-2026.pdf
2026-07-28,LOCAL COMMERCIAL RICE,Well Milled,1-19% bran streak,48.54,Daily-Price-Index-July-28-2026.pdf
2026-07-28,LOCAL COMMERCIAL RICE,Regular Milled,20-40% bran streak,44.07,Daily-Price-Index-July-28-2026.pdf
2026-07-29,IMPORTED COMMERCIAL RICE,Basmati,,195.00,Daily-Price-Index-July-29-2026.pdf
2026-07-29,IMPORTED COMMERCIAL RICE,Glutinous,,61.10,Daily-Price-Index-July-29-2026.pdf
2026-07-29,IMPORTED COMMERCIAL RICE,Japonica/Jasponica,,60.80,Daily-Price-Index-July-29-2026.pdf
2026-07-29,IMPORTED COMMERCIAL RICE,Other Special,White Rice,59.50,Daily-Price-Index-July-29-2026.pdf
2026-07-29,IMPORTED COMMERCIAL RICE,Premium,5% broken,51.36,Daily-Price-Index-July-29-2026.pdf
2026-07-29,IMPORTED COMMERCIAL RICE,Well Milled,1-19% bran streak,47.90,Daily-Price-Index-July-29-2026.pdf
2026-07-29,LOCAL COMMERCIAL RICE,Glutinous,,78.66,Daily-Price-Index-July-29-2026.pdf
2026-07-29,LOCAL COMMERCIAL RICE,Other Special,White Rice,59.73,Daily-Price-Index-July-29-2026.pdf
2026-07-29,LOCAL COMMERCIAL RICE,Premium,5% broken,54.17,Daily-Price-Index-July-29-2026.pdf
2026-07-29,LOCAL COMMERCIAL RICE,Well Milled,1-19% bran streak,48.65,Daily-Price-Index-July-29-2026.pdf
2026-07-29,LOCAL COMMERCIAL RICE,Regular Milled,20-40% bran streak,44.43,Daily-Price-Index-July-29-2026.pdf
2026-07-30,IMPORTED COMMERCIAL RICE,Basmati,,195.00,Daily-Price-Index-July-30-2026.pdf
2026-07-30,IMPORTED COMMERCIAL RICE,Glutinous,,61.27,Daily-Price-Index-July-30-2026.pdf
2026-07-30,IMPORTED COMMERCIAL RICE,Japonica/Jasponica,,60.80,Daily-Price-Index-July-30-2026.pdf
2026-07-30,IMPORTED COMMERCIAL RICE,Other Special,White Rice,59.29,Daily-Price-Index-July-30-2026.pdf
2026-07-30,IMPORTED COMMERCIAL RICE,Premium,5% broken,51.35,Daily-Price-Index-July-30-2026.pdf
2026-07-30,IMPORTED COMMERCIAL RICE,Well Milled,1-19% bran streak,47.93,Daily-Price-Index-July-30-2026.pdf
2026-07-30,LOCAL COMMERCIAL RICE,Glutinous,,77.87,Daily-Price-Index-July-30-2026.pdf
2026-07-30,LOCAL COMMERCIAL RICE,Other Special,White Rice,59.94,Daily-Price-Index-July-30-2026.pdf
2026-07-30,LOCAL COMMERCIAL RICE,Premium,5% broken,54.22,Daily-Price-Index-July-30-2026.pdf
2026-07-30,LOCAL COMMERCIAL RICE,Well Milled,1-19% bran streak,48.47,Daily-Price-Index-July-30-2026.pdf
2026-07-30,LOCAL COMMERCIAL RICE,Regular Milled,20-40% bran streak,44.26,Daily-Price-Index-July-30-2026.pdf
2026-07-31,IMPORTED COMMERCIAL RICE,Basmati,,195.00,Daily-Price-Index-July-31-2026.pdf
2026-07-31,IMPORTED COMMERCIAL RICE,Glutinous,,61.15,Daily-Price-Index-July-31-2026.pdf
2026-07-31,IMPORTED COMMERCIAL RICE,Japonica/Jasponica,,60.90,Daily-Price-Index-July-31-2026.pdf
2026-07-31,IMPORTED COMMERCIAL RICE,Other Special,White Rice,60.00,Daily-Price-Index-July-31-2026.pdf
2026-07-31,IMPORTED COMMERCIAL RICE,Premium,5% broken,51.36,Daily-Price-Index-July-31-2026.pdf
2026-07-31,IMPORTED COMMERCIAL RICE,Well Milled,1-19% bran streak,47.87,Daily-Price-Index-July-31-2026.pdf
2026-07-31,LOCAL COMMERCIAL RICE,Glutinous,,77.87,Daily-Price-Index-July-31-2026.pdf
2026-07-31,LOCAL COMMERCIAL RICE,Other Special,White Rice,59.75,Daily-Price-Index-July-31-2026.pdf
2026-07-31,LOCAL COMMERCIAL RICE,Premium,5% broken,54.09,Daily-Price-Index-July-31-2026.pdf
2026-07-31,LOCAL COMMERCIAL RICE,Well Milled,1-19% bran streak,48.47,Daily-Price-Index-July-31-2026.pdf
2026-07-31,LOCAL COMMERCIAL RICE,Regular Milled,20-40% bran streak,44.25,Daily-Price-Index-July-31-2026.pdf
2026-08-02,IMPORTED COMMERCIAL RICE,Basmati,,176.67,Daily-Price-Index-August-2-2026.pdf
2026-08-02,IMPORTED COMMERCIAL RICE,Glutinous,,60.32,Daily-Price-Index-August-2-2026.pdf
2026-08-02,IMPORTED COMMERCIAL RICE,Japonica/Jasponica,,60.90,Daily-Price-Index-August-2-2026.pdf
2026-08-02,IMPORTED COMMERCIAL RICE,Other Special,White Rice,59.61,Daily-Price-Index-August-2-2026.pdf
2026-08-02,IMPORTED COMMERCIAL RICE,Premium,5% broken,51.64,Daily-Price-Index-August-2-2026.pdf
2026-08-02,IMPORTED COMMERCIAL RICE,Well Milled,1-19% bran streak,47.85,Daily-Price-Index-August-2-2026.pdf
2026-08-02,LOCAL COMMERCIAL RICE,Glutinous,,70.81,Daily-Price-Index-August-2-2026.pdf
2026-08-02,LOCAL COMMERCIAL RICE,Other Special,White Rice,59.42,Daily-Price-Index-August-2-2026.pdf
2026-08-02,LOCAL COMMERCIAL RICE,Premium,5% broken,53.69,Daily-Price-Index-August-2-2026.pdf
2026-08-02,LOCAL COMMERCIAL RICE,Well Milled,1-19% bran streak,48.06,Daily-Price-Index-August-2-2026.pdf
2026-08-02,LOCAL COMMERCIAL RICE,Regular Milled,20-40% bran streak,44.65,Daily-Price-Index-August-2-2026.pdf
2026-08-02,KADIWA RICE-FOR-ALL,P20 Benteng Bigas Meron Na,kg,20.00,Weekly-Average-Prices-July-27-August-2-2026.pdf
2026-08-02,IMPORTED COMMERCIAL RICE,Basmati,kg,190.77,Weekly-Average-Prices-July-27-August-2-2026.pdf
2026-08-02,IMPORTED COMMERCIAL RICE,Glutinous,kg,61.12,Weekly-Average-Prices-July-27-August-2-2026.pdf
2026-08-02,IMPORTED COMMERCIAL RICE,Japonica/Jasponica,kg,60.84,Weekly-Average-Prices-July-27-August-2-2026.pdf
2026-08-02,IMPORTED COMMERCIAL RICE,Other Special,White Rice,59.59,Weekly-Average-Prices-July-27-August-2-2026.pdf
2026-08-02,IMPORTED COMMERCIAL RICE,Premium,5% broken,51.48,Weekly-Average-Prices-July-27-August-2-2026.pdf
2026-08-02,IMPORTED COMMERCIAL RICE,Well Milled,1-19% bran streak,47.89,Weekly-Average-Prices-July-27-August-2-2026.pdf
2026-08-02,LOCAL COMMERCIAL RICE,Glutinous,kg,76.63,Weekly-Average-Prices-July-27-August-2-2026.pdf
2026-08-02,LOCAL COMMERCIAL RICE,Other Special,White Rice,59.80,Weekly-Average-Prices-July-27-August-2-2026.pdf
2026-08-02,LOCAL COMMERCIAL RICE,Premium,5% broken,54.08,Weekly-Average-Prices-July-27-August-2-2026.pdf
2026-08-02,LOCAL COMMERCIAL RICE,Well Milled,1-19% bran streak,48.41,Weekly-Average-Prices-July-27-August-2-2026.pdf
2026-08-02,LOCAL COMMERCIAL RICE,Regular Milled,20-40% bran streak,44.32,Weekly-Average-Prices-July-27-August-2-2026.pdf
2026-08-03,IMPORTED COMMERCIAL RICE,Basmati,,195.00,Daily-Price-Index-August-3-2026.pdf
2026-08-03,IMPORTED COMMERCIAL RICE,Glutinous,,61.16,Daily-Price-Index-August-3-2026.pdf
2026-08-03,IMPORTED COMMERCIAL RICE,Japonica/Jasponica,,60.89,Daily-Price-Index-August-3-2026.pdf
2026-08-03,IMPORTED COMMERCIAL RICE,Other Special,White Rice,60.13,Daily-Price-Index-August-3-2026.pdf
2026-08-03,IMPORTED COMMERCIAL RICE,Premium,5% broken,51.45,Daily-Price-Index-August-3-2026.pdf
2026-08-03,IMPORTED COMMERCIAL RICE,Well Milled,1-19% bran streak,47.88,Daily-Price-Index-August-3-2026.pdf
2026-08-03,LOCAL COMMERCIAL RICE,Glutinous,,77.40,Daily-Price-Index-August-3-2026.pdf
2026-08-03,LOCAL COMMERCIAL RICE,Other Special,White Rice,59.65,Daily-Price-Index-August-3-2026.pdf
2026-08-03,LOCAL COMMERCIAL RICE,Premium,5% broken,54.02,Daily-Price-Index-August-3-2026.pdf
2026-08-03,LOCAL COMMERCIAL RICE,Well Milled,1-19% bran streak,48.47,Daily-Price-Index-August-3-2026.pdf
2026-08-03,LOCAL COMMERCIAL RICE,Regular Milled,20-40% bran streak,44.14,Daily-Price-Index-August-3-2026.pdf
2026-08-04,IMPORTED COMMERCIAL RICE,Basmati,,195.00,Daily-Price-Index-August-4-2026.pdf
2026-08-04,IMPORTED COMMERCIAL RICE,Glutinous,,61.09,Daily-Price-Index-August-4-2026.pdf
2026-08-04,IMPORTED COMMERCIAL RICE,Japonica/Jasponica,,60.92,Daily-Price-Index-August-4-2026.pdf
2026-08-04,IMPORTED COMMERCIAL RICE,Other Special,White Rice,59.74,Daily-Price-Index-August-4-2026.pdf
2026-08-04,IMPORTED COMMERCIAL RICE,Premium,5% broken,51.57,Daily-Price-Index-August-4-2026.pdf
2026-08-04,IMPORTED COMMERCIAL RICE,Well Milled,1-19% bran streak,47.84,Daily-Price-Index-August-4-2026.pdf
2026-08-04,LOCAL COMMERCIAL RICE,Glutinous,,78.66,Daily-Price-Index-August-4-2026.pdf
2026-08-04,LOCAL COMMERCIAL RICE,Other Special,White Rice,59.89,Daily-Price-Index-August-4-2026.pdf
2026-08-04,LOCAL COMMERCIAL RICE,Premium,5% broken,54.12,Daily-Price-Index-August-4-2026.pdf
2026-08-04,LOCAL COMMERCIAL RICE,Well Milled,1-19% bran streak,48.54,Daily-Price-Index-August-4-2026.pdf
2026-08-04,LOCAL COMMERCIAL RICE,Regular Milled,20-40% bran streak,44.40,Daily-Price-Index-August-4-2026.pdf
2026-08-05,IMPORTED COMMERCIAL RICE,Basmati,,195.00,Daily-Price-Index-August-5-2026.pdf
2026-08-05,IMPORTED COMMERCIAL RICE,Glutinous,,61.01,Daily-Price-Index-August-5-2026.pdf
2026-08-05,IMPORTED COMMERCIAL RICE,Japonica/Jasponica,,61.00,Daily-Price-Index-August-5-2026.pdf
2026-08-05,IMPORTED COMMERCIAL RICE,Other Special,White Rice,59.74,Daily-Price-Index-August-5-2026.pdf
2026-08-05,IMPORTED COMMERCIAL RICE,Premium,5% broken,51.71,Daily-Price-Index-August-5-2026.pdf
2026-08-05,IMPORTED COMMERCIAL RICE,Well Milled,1-19% bran streak,47.80,Daily-Price-Index-August-5-2026.pdf
2026-08-05,LOCAL COMMERCIAL RICE,Glutinous,,78.66,Daily-Price-Index-August-5-2026.pdf
2026-08-05,LOCAL COMMERCIAL RICE,Other Special,White Rice,59.95,Daily-Price-Index-August-5-2026.pdf
2026-08-05,LOCAL COMMERCIAL RICE,Premium,5% broken,54.13,Daily-Price-Index-August-5-2026.pdf
2026-08-05,LOCAL COMMERCIAL RICE,Well Milled,1-19% bran streak,48.50,Daily-Price-Index-August-5-2026.pdf
2026-08-05,LOCAL COMMERCIAL RICE,Regular Milled,20-40% bran streak,44.58,Daily-Price-Index-August-5-2026.pdf
2026-08-06,IMPORTED COMMERCIAL RICE,Basmati,,195.00,Daily-Price-Index-August-6-2026.pdf
2026-08-06,IMPORTED COMMERCIAL RICE,Glutinous,,61.09,Daily-Price-Index-August-6-2026.pdf
2026-08-06,IMPORTED COMMERCIAL RICE,Japonica/Jasponica,,60.92,Daily-Price-Index-August-6-2026.pdf
2026-08-06,IMPORTED COMMERCIAL RICE,Other Special,White Rice,59.74,Daily-Price-Index-August-6-2026.pdf
2026-08-06,IMPORTED COMMERCIAL RICE,Premium,5% broken,51.66,Daily-Price-Index-August-6-2026.pdf
2026-08-06,IMPORTED COMMERCIAL RICE,Well Milled,1-19% bran streak,47.83,Daily-Price-Index-August-6-2026.pdf
2026-08-06,LOCAL COMMERCIAL RICE,Glutinous,,78.66,Daily-Price-Index-August-6-2026.pdf
2026-08-06,LOCAL COMMERCIAL RICE,Other Special,White Rice,59.88,Daily-Price-Index-August-6-2026.pdf
2026-08-06,LOCAL COMMERCIAL RICE,Premium,5% broken,54.15,Daily-Price-Index-August-6-2026.pdf
2026-08-06,LOCAL COMMERCIAL RICE,Well Milled,1-19% bran streak,48.54,Daily-Price-Index-August-6-2026.pdf
2026-08-06,LOCAL COMMERCIAL RICE,Regular Milled,20-40% bran streak,44.52,Daily-Price-Index-August-6-2026.pdf
2026-08-07,IMPORTED COMMERCIAL RICE,Basmati,,195.00,Daily-Price-Index-August-7-2026.pdf
2026-08-07,IMPORTED COMMERCIAL RICE,Glutinous,,61.09,Daily-Price-Index-August-7-2026.pdf
2026-08-07,IMPORTED COMMERCIAL RICE,Japonica/Jasponica,,60.92,Daily-Price-Index-August-7-2026.pdf
2026-08-07,IMPORTED COMMERCIAL RICE,Other Special,White Rice,59.74,Daily-Price-Index-August-7-2026.pdf
2026-08-07,IMPORTED COMMERCIAL RICE,Premium,5% broken,51.64,Daily-Price-Index-August-7-2026.pdf
2026-08-07,IMPORTED COMMERCIAL RICE,Well Milled,1-19% bran streak,47.83,Daily-Price-Index-August-7-2026.pdf
2026-08-07,LOCAL COMMERCIAL RICE,Glutinous,,79.00,Daily-Price-Index-August-7-2026.pdf
2026-08-07,LOCAL COMMERCIAL RICE,Other Special,White Rice,59.88,Daily-Price-Index-August-7-2026.pdf
2026-08-07,LOCAL COMMERCIAL RICE,Premium,5% broken,54.15,Daily-Price-Index-August-7-2026.pdf
2026-08-07,LOCAL COMMERCIAL RICE,Well Milled,1-19% bran streak,48.54,Daily-Price-Index-August-7-2026.pdf
2026-08-07,LOCAL COMMERCIAL RICE,Regular Milled,20-40% bran streak,44.61,Daily-Price-Index-August-7-2026.pdf
2026-08-08,IMPORTED COMMERCIAL RICE,Basmati,,176.67,Daily-Price-Index-August-8-2026.pdf
2026-08-08,IMPORTED COMMERCIAL RICE,Glutinous,,60.32,Daily-Price-Index-August-8-2026.pdf
2026-08-08,IMPORTED COMMERCIAL RICE,Japonica/Jasponica,,60.83,Daily-Price-Index-August-8-2026.pdf
2026-08-08,IMPORTED COMMERCIAL RICE,Other Special,White Rice,59.72,Daily-Price-Index-August-8-2026.pdf
2026-08-08,IMPORTED COMMERCIAL RICE,Premium,5% broken,51.84,Daily-Price-Index-August-8-2026.pdf
2026-08-08,IMPORTED COMMERCIAL RICE,Well Milled,1-19% bran streak,47.78,Daily-Price-Index-August-8-2026.pdf
2026-08-08,LOCAL COMMERCIAL RICE,Glutinous,,71.07,Daily-Price-Index-August-8-2026.pdf
2026-08-08,LOCAL COMMERCIAL RICE,Other Special,White Rice,59.53,Daily-Price-Index-August-8-2026.pdf
2026-08-08,LOCAL COMMERCIAL RICE,Premium,5% broken,53.73,Daily-Price-Index-August-8-2026.pdf
2026-08-08,LOCAL COMMERCIAL RICE,Well Milled,1-19% bran streak,48.03,Daily-Price-Index-August-8-2026.pdf
2026-08-08,LOCAL COMMERCIAL RICE,Regular Milled,20-40% bran streak,44.78,Daily-Price-Index-August-8-2026.pdf
2026-08-09,IMPORTED COMMERCIAL RICE,Basmati,,190.00,Daily-Price-Index-August-9-2026.pdf
2026-08-09,IMPORTED COMMERCIAL RICE,Glutinous,,60.39,Daily-Price-Index-August-9-2026.pdf
2026-08-09,IMPORTED COMMERCIAL RICE,Japonica/Jasponica,,60.83,Daily-Price-Index-August-9-2026.pdf
2026-08-09,IMPORTED COMMERCIAL RICE,Other Special,White Rice,59.74,Daily-Price-Index-August-9-2026.pdf
2026-08-09,IMPORTED COMMERCIAL RICE,Premium,5% broken,51.81,Daily-Price-Index-August-9-2026.pdf
2026-08-09,IMPORTED COMMERCIAL RICE,Well Milled,1-19% bran streak,47.78,Daily-Price-Index-August-9-2026.pdf
2026-08-09,LOCAL COMMERCIAL RICE,Glutinous,,70.22,Daily-Price-Index-August-9-2026.pdf
2026-08-09,LOCAL COMMERCIAL RICE,Other Special,White Rice,59.11,Daily-Price-Index-August-9-2026.pdf
2026-08-09,LOCAL COMMERCIAL RICE,Premium,5% broken,53.58,Daily-Price-Index-August-9-2026.pdf
2026-08-09,LOCAL COMMERCIAL RICE,Well Milled,1-19% bran streak,48.18,Daily-Price-Index-August-9-2026.pdf
2026-08-09,LOCAL COMMERCIAL RICE,Regular Milled,20-40% bran streak,45.12,Daily-Price-Index-August-9-2026.pdf
2026-08-10,IMPORTED COMMERCIAL RICE,Basmati,,195.00,Daily-Price-Index-August-10-2026.pdf
2026-08-10,IMPORTED COMMERCIAL RICE,Glutinous,,61.26,Daily-Price-Index-August-10-2026.pdf
2026-08-10,IMPORTED COMMERCIAL RICE,Japonica/Jasponica,,60.89,Daily-Price-Index-August-10-2026.pdf
2026-08-10,IMPORTED COMMERCIAL RICE,Other Special,White Rice,60.25,Daily-Price-Index-August-10-2026.pdf
2026-08-10,IMPORTED COMMERCIAL RICE,Premium,5% broken,51.49,Daily-Price-Index-August-10-2026.pdf
2026-08-10,IMPORTED COMMERCIAL RICE,Well Milled,1-19% bran streak,47.80,Daily-Price-Index-August-10-2026.pdf
2026-08-10,LOCAL COMMERCIAL RICE,Glutinous,,82.32,Daily-Price-Index-August-10-2026.pdf
2026-08-10,LOCAL COMMERCIAL RICE,Other Special,White Rice,59.69,Daily-Price-Index-August-10-2026.pdf
2026-08-10,LOCAL COMMERCIAL RICE,Premium,5% broken,53.99,Daily-Price-Index-August-10-2026.pdf
2026-08-10,LOCAL COMMERCIAL RICE,Well Milled,1-19% bran streak,48.07,Daily-Price-Index-August-10-2026.pdf
2026-08-10,LOCAL COMMERCIAL RICE,Regular Milled,20-40% bran streak,44.31,Daily-Price-Index-August-10-2026.pdf
2026-08-11,IMPORTED COMMERCIAL RICE,Basmati,,195.00,Daily-Price-Index-August-11-2026.pdf
2026-08-11,IMPORTED COMMERCIAL RICE,Glutinous,,61.26,Daily-Price-Index-August-11-2026.pdf
2026-08-11,IMPORTED COMMERCIAL RICE,Japonica/Jasponica,,60.93,Daily-Price-Index-August-11-2026.pdf
2026-08-11,IMPORTED COMMERCIAL RICE,Other Special,White Rice,60.25,Daily-Price-Index-August-11-2026.pdf
2026-08-11,IMPORTED COMMERCIAL RICE,Premium,5% broken,51.64,Daily-Price-Index-August-11-2026.pdf
2026-08-11,IMPORTED COMMERCIAL RICE,Well Milled,1-19% bran streak,47.81,Daily-Price-Index-August-11-2026.pdf
2026-08-11,LOCAL COMMERCIAL RICE,Glutinous,,77.84,Daily-Price-Index-August-11-2026.pdf
2026-08-11,LOCAL COMMERCIAL RICE,Other Special,White Rice,59.73,Daily-Price-Index-August-11-2026.pdf
2026-08-11,LOCAL COMMERCIAL RICE,Premium,5% broken,54.04,Daily-Price-Index-August-11-2026.pdf
2026-08-11,LOCAL COMMERCIAL RICE,Well Milled,1-19% bran streak,48.38,Daily-Price-Index-August-11-2026.pdf
2026-08-11,LOCAL COMMERCIAL RICE,Regular Milled,20-40% bran streak,44.36,Daily-Price-Index-August-11-2026.pdf
2026-08-12,IMPORTED COMMERCIAL RICE,Basmati,,176.67,Daily-Price-Index-August-12-2026.pdf
2026-08-12,IMPORTED COMMERCIAL RICE,Glutinous,,61.18,Daily-Price-Index-August-12-2026.pdf
2026-08-12,IMPORTED COMMERCIAL RICE,Japonica/Jasponica,,60.84,Daily-Price-Index-August-12-2026.pdf
2026-08-12,IMPORTED COMMERCIAL RICE,Other Special,White Rice,59.74,Daily-Price-Index-August-12-2026.pdf
2026-08-12,IMPORTED COMMERCIAL RICE,Premium,5% broken,51.88,Daily-Price-Index-August-12-2026.pdf
2026-08-12,IMPORTED COMMERCIAL RICE,Well Milled,1-19% bran streak,47.81,Daily-Price-Index-August-12-2026.pdf
2026-08-12,LOCAL COMMERCIAL RICE,Glutinous,,78.00,Daily-Price-Index-August-12-2026.pdf
2026-08-12,LOCAL COMMERCIAL RICE,Other Special,White Rice,59.84,Daily-Price-Index-August-12-2026.pdf
2026-08-12,LOCAL COMMERCIAL RICE,Premium,5% broken,54.12,Daily-Price-Index-August-12-2026.pdf
2026-08-12,LOCAL COMMERCIAL RICE,Well Milled,1-19% bran streak,48.31,Daily-Price-Index-August-12-2026.pdf
2026-08-12,LOCAL COMMERCIAL RICE,Regular Milled,20-40% bran streak,44.53,Daily-Price-Index-August-12-2026.pdf
2026-08-13,IMPORTED COMMERCIAL RICE,Basmati,,195.00,Daily-Price-Index-August-13-2026.pdf
2026-08-13,IMPORTED COMMERCIAL RICE,Glutinous,,61.35,Daily-Price-Index-August-13-2026.pdf
2026-08-13,IMPORTED COMMERCIAL RICE,Japonica/Jasponica,,60.84,Daily-Price-Index-August-13-2026.pdf
2026-08-13,IMPORTED COMMERCIAL RICE,Other Special,White Rice,59.74,Daily-Price-Index-August-13-2026.pdf
2026-08-13,IMPORTED COMMERCIAL RICE,Premium,5% broken,51.78,Daily-Price-Index-August-13-2026.pdf
2026-08-13,IMPORTED COMMERCIAL RICE,Well Milled,1-19% bran streak,47.82,Daily-Price-Index-August-13-2026.pdf
2026-08-13,LOCAL COMMERCIAL RICE,Glutinous,,79.09,Daily-Price-Index-August-13-2026.pdf
2026-08-13,LOCAL COMMERCIAL RICE,Other Special,White Rice,59.90,Daily-Price-Index-August-13-2026.pdf
2026-08-13,LOCAL COMMERCIAL RICE,Premium,5% broken,54.18,Daily-Price-Index-August-13-2026.pdf
2026-08-13,LOCAL COMMERCIAL RICE,Well Milled,1-19% bran streak,48.50,Daily-Price-Index-August-13-2026.pdf
2026-08-13,LOCAL COMMERCIAL RICE,Regular Milled,20-40% bran streak,44.61,Daily-Price-Index-August-13-2026.pdf
2026-08-14,IMPORTED COMMERCIAL RICE,Basmati,,195.00,Daily-Price-Index-August-14-2026.pdf
2026-08-14,IMPORTED COMMERCIAL RICE,Glutinous,,61.35,Daily-Price-Index-August-14-2026.pdf
2026-08-14,IMPORTED COMMERCIAL RICE,Japonica/Jasponica,,60.84,Daily-Price-Index-August-14-2026.pdf
2026-08-14,IMPORTED COMMERCIAL RICE,Other Special,White Rice,59.74,Daily-Price-Index-August-14-2026.pdf
2026-08-14,IMPORTED COMMERCIAL RICE,Premium,5% broken,51.78,Daily-Price-Index-August-14-2026.pdf
2026-08-14,IMPORTED COMMERCIAL RICE,Well Milled,1-19% bran streak,47.78,Daily-Price-Index-August-14-2026.pdf
2026-08-14,LOCAL COMMERCIAL RICE,Glutinous,,79.09,Daily-Price-Index-August-14-2026.pdf
2026-08-14,LOCAL COMMERCIAL RICE,Other Special,White Rice,59.95,Daily-Price-Index-August-14-2026.pdf
2026-08-14,LOCAL COMMERCIAL RICE,Premium,5% broken,54.18,Daily-Price-Index-August-14-2026.pdf
2026-08-14,LOCAL COMMERCIAL RICE,Well Milled,1-19% bran streak,48.50,Daily-Price-Index-August-14-2026.pdf
2026-08-14,LOCAL COMMERCIAL RICE,Regular Milled,20-40% bran streak,44.61,Daily-Price-Index-August-14-2026.pdf
2026-08-15,IMPORTED COMMERCIAL RICE,Basmati,,176.67,Daily-Price-Index-August-15-2026.pdf
2026-08-15,IMPORTED COMMERCIAL RICE,Glutinous,,60.46,Daily-Price-Index-August-15-2026.pdf
2026-08-15,IMPORTED COMMERCIAL RICE,Japonica/Jasponica,,60.93,Daily-Price-Index-August-15-2026.pdf
2026-08-15,IMPORTED COMMERCIAL RICE,Other Special,White Rice,59.00,Daily-Price-Index-August-15-2026.pdf
2026-08-15,IMPORTED COMMERCIAL RICE,Premium,5% broken,52.27,Daily-Price-Index-August-15-2026.pdf
2026-08-15,IMPORTED COMMERCIAL RICE,Well Milled,1-19% bran streak,47.73,Daily-Price-Index-August-15-2026.pdf
2026-08-15,LOCAL COMMERCIAL RICE,Glutinous,,74.84,Daily-Price-Index-August-15-2026.pdf
2026-08-15,LOCAL COMMERCIAL RICE,Other Special,White Rice,60.27,Daily-Price-Index-August-15-2026.pdf
2026-08-15,LOCAL COMMERCIAL RICE,Premium,5% broken,54.43,Daily-Price-Index-August-15-2026.pdf
2026-08-15,LOCAL COMMERCIAL RICE,Well Milled,1-19% bran streak,48.35,Daily-Price-Index-August-15-2026.pdf
2026-08-15,LOCAL COMMERCIAL RICE,Regular Milled,20-40% bran streak,44.68,Daily-Price-Index-August-15-2026.pdf
2026-08-16,IMPORTED COMMERCIAL RICE,Basmati,,190.00,Daily-Price-Index-August-16-2026.pdf
2026-08-16,IMPORTED COMMERCIAL RICE,Glutinous,,60.63,Daily-Price-Index-August-16-2026.pdf
2026-08-16,IMPORTED COMMERCIAL RICE,Japonica/Jasponica,,60.84,Daily-Price-Index-August-16-2026.pdf
2026-08-16,IMPORTED COMMERCIAL RICE,Other Special,White Rice,59.60,Daily-Price-Index-August-16-2026.pdf
2026-08-16,IMPORTED COMMERCIAL RICE,Premium,5% broken,51.99,Daily-Price-Index-August-16-2026.pdf
2026-08-16,IMPORTED COMMERCIAL RICE,Well Milled,1-19% bran streak,47.76,Daily-Price-Index-August-16-2026.pdf
2026-08-16,LOCAL COMMERCIAL RICE,Glutinous,,71.75,Daily-Price-Index-August-16-2026.pdf
2026-08-16,LOCAL COMMERCIAL RICE,Other Special,White Rice,59.55,Daily-Price-Index-August-16-2026.pdf
2026-08-16,LOCAL COMMERCIAL RICE,Premium,5% broken,53.69,Daily-Price-Index-August-16-2026.pdf
2026-08-16,LOCAL COMMERCIAL RICE,Well Milled,1-19% bran streak,48.04,Daily-Price-Index-August-16-2026.pdf
2026-08-16,LOCAL COMMERCIAL RICE,Regular Milled,20-40% bran streak,44.78,Daily-Price-Index-August-16-2026.pdf
2026-08-17,IMPORTED COMMERCIAL RICE,Basmati,,210.00,Daily-Price-Index-August-17-2026.pdf
2026-08-17,IMPORTED COMMERCIAL RICE,Glutinous,,61.23,Daily-Price-Index-August-17-2026.pdf
2026-08-17,IMPORTED COMMERCIAL RICE,Japonica/Jasponica,,60.84,Daily-Price-Index-August-17-2026.pdf
2026-08-17,IMPORTED COMMERCIAL RICE,Other Special,White Rice,59.60,Daily-Price-Index-August-17-2026.pdf
2026-08-17,IMPORTED COMMERCIAL RICE,Premium,5% broken,51.95,Daily-Price-Index-August-17-2026.pdf
2026-08-17,IMPORTED COMMERCIAL RICE,Well Milled,1-19% bran streak,47.78,Daily-Price-Index-August-17-2026.pdf
2026-08-17,LOCAL COMMERCIAL RICE,Glutinous,,79.09,Daily-Price-Index-August-17-2026.pdf
2026-08-17,LOCAL COMMERCIAL RICE,Other Special,White Rice,59.90,Daily-Price-Index-August-17-2026.pdf
2026-08-17,LOCAL COMMERCIAL RICE,Premium,5% broken,54.16,Daily-Price-Index-August-17-2026.pdf
2026-08-17,LOCAL COMMERCIAL RICE,Well Milled,1-19% bran streak,48.53,Daily-Price-Index-August-17-2026.pdf
2026-08-17,LOCAL COMMERCIAL RICE,Regular Milled,20-40% bran streak,44.61,Daily-Price-Index-August-17-2026.pdf
2026-08-18,IMPORTED COMMERCIAL RICE,Basmati,,210.00,Daily-Price-Index-August-18-2026.pdf
2026-08-18,IMPORTED COMMERCIAL RICE,Glutinous,,61.22,Daily-Price-Index-August-18-2026.pdf
2026-08-18,IMPORTED COMMERCIAL RICE,Japonica/Jasponica,,60.78,Daily-Price-Index-August-18-2026.pdf
2026-08-18,IMPORTED COMMERCIAL RICE,Other Special,White Rice,59.60,Daily-Price-Index-August-18-2026.pdf
2026-08-18,IMPORTED COMMERCIAL RICE,Premium,5% broken,51.96,Daily-Price-Index-August-18-2026.pdf
2026-08-18,IMPORTED COMMERCIAL RICE,Well Milled,1-19% bran streak,47.80,Daily-Price-Index-August-18-2026.pdf
2026-08-18,LOCAL COMMERCIAL RICE,Glutinous,,79.09,Daily-Price-Index-August-18-2026.pdf
2026-08-18,LOCAL COMMERCIAL RICE,Other Special,White Rice,59.90,Daily-Price-Index-August-18-2026.pdf
2026-08-18,LOCAL COMMERCIAL RICE,Premium,5% broken,54.16,Daily-Price-Index-August-18-2026.pdf
2026-08-18,LOCAL COMMERCIAL RICE,Well Milled,1-19% bran streak,48.54,Daily-Price-Index-August-18-2026.pdf
2026-08-18,LOCAL COMMERCIAL RICE,Regular Milled,20-40% bran streak,44.72,Daily-Price-Index-August-18-2026.pdf
2026-08-19,IMPORTED COMMERCIAL RICE,Basmati,,190.00,Daily-Price-Index-August-19-2026.pdf
2026-08-19,IMPORTED COMMERCIAL RICE,Glutinous,,61.17,Daily-Price-Index-August-19-2026.pdf
2026-08-19,IMPORTED COMMERCIAL RICE,Japonica/Jasponica,,61.00,Daily-Price-Index-August-19-2026.pdf
2026-08-19,IMPORTED COMMERCIAL RICE,Other Special,White Rice,59.12,Daily-Price-Index-August-19-2026.pdf
2026-08-19,IMPORTED COMMERCIAL RICE,Premium,5% broken,52.31,Daily-Price-Index-August-19-2026.pdf
2026-08-19,IMPORTED COMMERCIAL RICE,Well Milled,1-19% bran streak,47.79,Daily-Price-Index-August-19-2026.pdf
2026-08-19,IMPORTED COMMERCIAL RICE,Regular Milled,20-40% bran streak,45.00,Daily-Price-Index-August-19-2026.pdf
2026-08-19,LOCAL COMMERCIAL RICE,Glutinous,,80.56,Daily-Price-Index-August-19-2026.pdf
2026-08-19,LOCAL COMMERCIAL RICE,Other Special,White Rice,60.27,Daily-Price-Index-August-19-2026.pdf
2026-08-19,LOCAL COMMERCIAL RICE,Premium,5% broken,54.58,Daily-Price-Index-August-19-2026.pdf
2026-08-19,LOCAL COMMERCIAL RICE,Well Milled,1-19% bran streak,48.44,Daily-Price-Index-August-19-2026.pdf
2026-08-19,LOCAL COMMERCIAL RICE,Regular Milled,20-40% bran streak,44.77,Daily-Price-Index-August-19-2026.pdf
2026-08-20,IMPORTED COMMERCIAL RICE,Basmati,,210.00,Daily-Price-Index-August-20-2026.pdf
2026-08-20,IMPORTED COMMERCIAL RICE,Glutinous,,61.33,Daily-Price-Index-August-20-2026.pdf
2026-08-20,IMPORTED COMMERCIAL RICE,Japonica/Jasponica,,60.75,Daily-Price-Index-August-20-2026.pdf
2026-08-20,IMPORTED COMMERCIAL RICE,Other Special,White Rice,59.12,Daily-Price-Index-August-20-2026.pdf
2026-08-20,IMPORTED COMMERCIAL RICE,Premium,5% broken,52.16,Daily-Price-Index-August-20-2026.pdf
2026-08-20,IMPORTED COMMERCIAL RICE,Well Milled,1-19% bran streak,47.80,Daily-Price-Index-August-20-2026.pdf
2026-08-20,IMPORTED COMMERCIAL RICE,Regular Milled,20-40% bran streak,45.25,Daily-Price-Index-August-20-2026.pdf
2026-08-20,LOCAL COMMERCIAL RICE,Glutinous,,79.54,Daily-Price-Index-August-20-2026.pdf
2026-08-20,LOCAL COMMERCIAL RICE,Other Special,White Rice,60.11,Daily-Price-Index-August-20-2026.pdf
2026-08-20,LOCAL COMMERCIAL RICE,Premium,5% broken,54.22,Daily-Price-Index-August-20-2026.pdf
2026-08-20,LOCAL COMMERCIAL RICE,Well Milled,1-19% bran streak,48.53,Daily-Price-Index-August-20-2026.pdf
2026-08-20,LOCAL COMMERCIAL RICE,Regular Milled,20-40% bran streak,44.72,Daily-Price-Index-August-20-2026.pdf
2026-08-21,IMPORTED COMMERCIAL RICE,Basmati,,210.00,Daily-Price-Index-August-21-2026.pdf
2026-08-21,IMPORTED COMMERCIAL RICE,Glutinous,,61.33,Daily-Price-Index-August-21-2026.pdf
2026-08-21,IMPORTED COMMERCIAL RICE,Japonica/Jasponica,,60.75,Daily-Price-Index-August-21-2026.pdf
2026-08-21,IMPORTED COMMERCIAL RICE,Other Special,White Rice,59.12,Daily-Price-Index-August-21-2026.pdf
2026-08-21,IMPORTED COMMERCIAL RICE,Premium,5% broken,52.20,Daily-Price-Index-August-21-2026.pdf
2026-08-21,IMPORTED COMMERCIAL RICE,Well Milled,1-19% bran streak,47.80,Daily-Price-Index-August-21-2026.pdf
2026-08-21,IMPORTED COMMERCIAL RICE,Regular Milled,20-40% bran streak,45.25,Daily-Price-Index-August-21-2026.pdf
2026-08-21,LOCAL COMMERCIAL RICE,Glutinous,,79.09,Daily-Price-Index-August-21-2026.pdf
2026-08-21,LOCAL COMMERCIAL RICE,Other Special,White Rice,60.14,Daily-Price-Index-August-21-2026.pdf
2026-08-21,LOCAL COMMERCIAL RICE,Premium,5% broken,54.25,Daily-Price-Index-August-21-2026.pdf
2026-08-21,LOCAL COMMERCIAL RICE,Well Milled,1-19% bran streak,48.56,Daily-Price-Index-August-21-2026.pdf
2026-08-21,LOCAL COMMERCIAL RICE,Regular Milled,20-40% bran streak,44.76,Daily-Price-Index-August-21-2026.pdf
2026-08-22,IMPORTED COMMERCIAL RICE,Basmati,,190.00,Daily-Price-Index-August-22-2026.pdf
2026-08-22,IMPORTED COMMERCIAL RICE,Glutinous,,60.48,Daily-Price-Index-August-22-2026.pdf
2026-08-22,IMPORTED COMMERCIAL RICE,Japonica/Jasponica,,60.75,Daily-Price-Index-August-22-2026.pdf
2026-08-22,IMPORTED COMMERCIAL RICE,Other Special,White Rice,59.74,Daily-Price-Index-August-22-2026.pdf
2026-08-22,IMPORTED COMMERCIAL RICE,Premium,5% broken,52.41,Daily-Price-Index-August-22-2026.pdf
2026-08-22,IMPORTED COMMERCIAL RICE,Well Milled,1-19% bran streak,47.76,Daily-Price-Index-August-22-2026.pdf
2026-08-22,IMPORTED COMMERCIAL RICE,Regular Milled,20-40% bran streak,45.25,Daily-Price-Index-August-22-2026.pdf
2026-08-22,LOCAL COMMERCIAL RICE,Glutinous,,71.19,Daily-Price-Index-August-22-2026.pdf
2026-08-22,LOCAL COMMERCIAL RICE,Other Special,White Rice,59.59,Daily-Price-Index-August-22-2026.pdf
2026-08-22,LOCAL COMMERCIAL RICE,Premium,5% broken,53.66,Daily-Price-Index-August-22-2026.pdf
2026-08-22,LOCAL COMMERCIAL RICE,Well Milled,1-19% bran streak,48.07,Daily-Price-Index-August-22-2026.pdf
2026-08-22,LOCAL COMMERCIAL RICE,Regular Milled,20-40% bran streak,44.92,Daily-Price-Index-August-22-2026.pdf
2026-08-23,IMPORTED COMMERCIAL RICE,Basmati,,183.33,Daily-Price-Index-August-23-2026.pdf
2026-08-23,IMPORTED COMMERCIAL RICE,Glutinous,,60.48,Daily-Price-Index-August-23-2026.pdf
2026-08-23,IMPORTED COMMERCIAL RICE,Japonica/Jasponica,,60.77,Daily-Price-Index-August-23-2026.pdf
2026-08-23,IMPORTED COMMERCIAL RICE,Other Special,White Rice,59.72,Daily-Price-Index-August-23-2026.pdf
2026-08-23,IMPORTED COMMERCIAL RICE,Premium,5% broken,52.44,Daily-Price-Index-August-23-2026.pdf
2026-08-23,IMPORTED COMMERCIAL RICE,Well Milled,1-19% bran streak,47.75,Daily-Price-Index-August-23-2026.pdf
2026-08-23,IMPORTED COMMERCIAL RICE,Regular Milled,20-40% bran streak,45.25,Daily-Price-Index-August-23-2026.pdf
2026-08-23,LOCAL COMMERCIAL RICE,Glutinous,,70.73,Daily-Price-Index-August-23-2026.pdf
2026-08-23,LOCAL COMMERCIAL RICE,Other Special,White Rice,59.58,Daily-Price-Index-August-23-2026.pdf
2026-08-23,LOCAL COMMERCIAL RICE,Premium,5% broken,53.62,Daily-Price-Index-August-23-2026.pdf
2026-08-23,LOCAL COMMERCIAL RICE,Well Milled,1-19% bran streak,48.10,Daily-Price-Index-August-23-2026.pdf
2026-08-23,LOCAL COMMERCIAL RICE,Regular Milled,20-40% bran streak,45.08,Daily-Price-Index-August-23-2026.pdf
2026-08-24,IMPORTED COMMERCIAL RICE,Basmati,,200.00,Daily-Price-Index-August-24-2026.pdf
2026-08-24,IMPORTED COMMERCIAL RICE,Glutinous,,61.21,Daily-Price-Index-August-24-2026.pdf
2026-08-24,IMPORTED COMMERCIAL RICE,Japonica/Jasponica,,60.63,Daily-Price-Index-August-24-2026.pdf
2026-08-24,IMPORTED COMMERCIAL RICE,Other Special,White Rice,59.74,Daily-Price-Index-August-24-2026.pdf
2026-08-24,IMPORTED COMMERCIAL RICE,Premium,5% broken,52.47,Daily-Price-Index-August-24-2026.pdf
2026-08-24,IMPORTED COMMERCIAL RICE,Well Milled,1-19% bran streak,47.77,Daily-Price-Index-August-24-2026.pdf
2026-08-24,IMPORTED COMMERCIAL RICE,Regular Milled,20-40% bran streak,45.25,Daily-Price-Index-August-24-2026.pdf
2026-08-24,LOCAL COMMERCIAL RICE,Glutinous,,78.91,Daily-Price-Index-August-24-2026.pdf
2026-08-24,LOCAL COMMERCIAL RICE,Other Special,White Rice,59.95,Daily-Price-Index-August-24-2026.pdf
2026-08-24,LOCAL COMMERCIAL RICE,Premium,5% broken,54.10,Daily-Price-Index-August-24-2026.pdf
2026-08-24,LOCAL COMMERCIAL RICE,Well Milled,1-19% bran streak,48.54,Daily-Price-Index-August-24-2026.pdf
2026-08-24,LOCAL COMMERCIAL RICE,Regular Milled,20-40% bran streak,44.82,Daily-Price-Index-August-24-2026.pdf
2026-08-25,IMPORTED COMMERCIAL RICE,Basmati,,200.00,Daily-Price-Index-August-25-2026.pdf
2026-08-25,IMPORTED COMMERCIAL RICE,Glutinous,,61.22,Daily-Price-Index-August-25-2026.pdf
2026-08-25,IMPORTED COMMERCIAL RICE,Japonica/Jasponica,,60.57,Daily-Price-Index-August-25-2026.pdf
2026-08-25,IMPORTED COMMERCIAL RICE,Other Special,White Rice,59.74,Daily-Price-Index-August-25-2026.pdf
2026-08-25,IMPORTED COMMERCIAL RICE,Premium,5% broken,52.49,Daily-Price-Index-August-25-2026.pdf
2026-08-25,IMPORTED COMMERCIAL RICE,Well Milled,1-19% bran streak,47.77,Daily-Price-Index-August-25-2026.pdf
2026-08-25,IMPORTED COMMERCIAL RICE,Regular Milled,20-40% bran streak,45.25,Daily-Price-Index-August-25-2026.pdf
2026-08-25,LOCAL COMMERCIAL RICE,Glutinous,,79.35,Daily-Price-Index-August-25-2026.pdf
2026-08-25,LOCAL COMMERCIAL RICE,Other Special,White Rice,59.98,Daily-Price-Index-August-25-2026.pdf
2026-08-25,LOCAL COMMERCIAL RICE,Premium,5% broken,54.11,Daily-Price-Index-August-25-2026.pdf
2026-08-25,LOCAL COMMERCIAL RICE,Well Milled,1-19% bran streak,48.54,Daily-Price-Index-August-25-2026.pdf
2026-08-25,LOCAL COMMERCIAL RICE,Regular Milled,20-40% bran streak,44.80,Daily-Price-Index-August-25-2026.pdf
2026-08-26,IMPORTED COMMERCIAL RICE,Basmati,,200.00,Daily-Price-Index-August-26-2026.pdf
2026-08-26,IMPORTED COMMERCIAL RICE,Glutinous,,61.20,Daily-Price-Index-August-26-2026.pdf
2026-08-26,IMPORTED COMMERCIAL RICE,Japonica/Jasponica,,60.51,Daily-Price-Index-August-26-2026.pdf
2026-08-26,IMPORTED COMMERCIAL RICE,Other Special,White Rice,59.74,Daily-Price-Index-August-26-2026.pdf
2026-08-26,IMPORTED COMMERCIAL RICE,Premium,5% broken,52.50,Daily-Price-Index-August-26-2026.pdf
2026-08-26,IMPORTED COMMERCIAL RICE,Well Milled,1-19% bran streak,47.75,Daily-Price-Index-August-26-2026.pdf
2026-08-26,IMPORTED COMMERCIAL RICE,Regular Milled,20-40% bran streak,45.25,Daily-Price-Index-August-26-2026.pdf
2026-08-26,LOCAL COMMERCIAL RICE,Glutinous,,78.70,Daily-Price-Index-August-26-2026.pdf
2026-08-26,LOCAL COMMERCIAL RICE,Other Special,White Rice,60.05,Daily-Price-Index-August-26-2026.pdf
2026-08-26,LOCAL COMMERCIAL RICE,Premium,5% broken,54.19,Daily-Price-Index-August-26-2026.pdf
2026-08-26,LOCAL COMMERCIAL RICE,Well Milled,1-19% bran streak,48.64,Daily-Price-Index-August-26-2026.pdf
2026-08-26,LOCAL COMMERCIAL RICE,Regular Milled,20-40% bran streak,44.87,Daily-Price-Index-August-26-2026.pdf
2026-08-27,IMPORTED COMMERCIAL RICE,Basmati,,200.00,Daily-Price-Index-August-27-2026.pdf
2026-08-27,IMPORTED COMMERCIAL RICE,Glutinous,,61.20,Daily-Price-Index-August-27-2026.pdf
2026-08-27,IMPORTED COMMERCIAL RICE,Japonica/Jasponica,,60.50,Daily-Price-Index-August-27-2026.pdf
2026-08-27,IMPORTED COMMERCIAL RICE,Other Special,White Rice,59.74,Daily-Price-Index-August-27-2026.pdf
2026-08-27,IMPORTED COMMERCIAL RICE,Premium,5% broken,52.55,Daily-Price-Index-August-27-2026.pdf
2026-08-27,IMPORTED COMMERCIAL RICE,Well Milled,1-19% bran streak,47.73,Daily-Price-Index-August-27-2026.pdf
2026-08-27,IMPORTED COMMERCIAL RICE,Regular Milled,20-40% bran streak,45.25,Daily-Price-Index-August-27-2026.pdf
2026-08-27,LOCAL COMMERCIAL RICE,Glutinous,,78.70,Daily-Price-Index-August-27-2026.pdf
2026-08-27,LOCAL COMMERCIAL RICE,Other Special,White Rice,60.05,Daily-Price-Index-August-27-2026.pdf
2026-08-27,LOCAL COMMERCIAL RICE,Premium,5% broken,54.19,Daily-Price-Index-August-27-2026.pdf
2026-08-27,LOCAL COMMERCIAL RICE,Well Milled,1-19% bran streak,48.60,Daily-Price-Index-August-27-2026.pdf
2026-08-27,LOCAL COMMERCIAL RICE,Regular Milled,20-40% bran streak,44.87,Daily-Price-Index-August-27-2026.pdf
2026-08-28,IMPORTED COMMERCIAL RICE,Basmati,,200.00,Daily-Price-Index-August-28-2026.pdf
2026-08-28,IMPORTED COMMERCIAL RICE,Glutinous,,61.28,Daily-Price-Index-August-28-2026.pdf
2026-08-28,IMPORTED COMMERCIAL RICE,Japonica/Jasponica,,60.50,Daily-Price-Index-August-28-2026.pdf
2026-08-28,IMPORTED COMMERCIAL RICE,Other Special,White Rice,59.74,Daily-Price-Index-August-28-2026.pdf
2026-08-28,IMPORTED COMMERCIAL RICE,Premium,5% broken,52.62,Daily-Price-Index-August-28-2026.pdf
2026-08-28,IMPORTED COMMERCIAL RICE,Well Milled,1-19% bran streak,47.73,Daily-Price-Index-August-28-2026.pdf
2026-08-28,IMPORTED COMMERCIAL RICE,Regular Milled,20-40% bran streak,45.25,Daily-Price-Index-August-28-2026.pdf
2026-08-28,LOCAL COMMERCIAL RICE,Glutinous,,78.70,Daily-Price-Index-August-28-2026.pdf
2026-08-28,LOCAL COMMERCIAL RICE,Other Special,White Rice,60.00,Daily-Price-Index-August-28-2026.pdf
2026-08-28,LOCAL COMMERCIAL RICE,Premium,5% broken,54.22,Daily-Price-Index-August-28-2026.pdf
2026-08-28,LOCAL COMMERCIAL RICE,Well Milled,1-19% bran streak,48.61,Daily-Price-Index-August-28-2026.pdf
2026-08-28,LOCAL COMMERCIAL RICE,Regular Milled,20-40% bran streak,44.87,Daily-Price-Index-August-28-2026.pdf
2026-08-29,IMPORTED COMMERCIAL RICE,Basmati,,183.33,Daily-Price-Index-August-29-2026.pdf
2026-08-29,IMPORTED COMMERCIAL RICE,Glutinous,,60.65,Daily-Price-Index-August-29-2026.pdf
2026-08-29,IMPORTED COMMERCIAL RICE,Japonica/Jasponica,,60.54,Daily-Price-Index-August-29-2026.pdf
2026-08-29,IMPORTED COMMERCIAL RICE,Other Special,White Rice,59.74,Daily-Price-Index-August-29-2026.pdf
2026-08-29,IMPORTED COMMERCIAL RICE,Premium,5% broken,53.28,Daily-Price-Index-August-29-2026.pdf
2026-08-29,IMPORTED COMMERCIAL RICE,Well Milled,1-19% bran streak,47.73,Daily-Price-Index-August-29-2026.pdf
2026-08-29,IMPORTED COMMERCIAL RICE,Regular Milled,20-40% bran streak,46.00,Daily-Price-Index-August-29-2026.pdf
2026-08-29,LOCAL COMMERCIAL RICE,Glutinous,,69.46,Daily-Price-Index-August-29-2026.pdf
2026-08-29,LOCAL COMMERCIAL RICE,Other Special,White Rice,59.61,Daily-Price-Index-August-29-2026.pdf
2026-08-29,LOCAL COMMERCIAL RICE,Premium,5% broken,53.74,Daily-Price-Index-August-29-2026.pdf
2026-08-29,LOCAL COMMERCIAL RICE,Well Milled,1-19% bran streak,48.13,Daily-Price-Index-August-29-2026.pdf
2026-08-29,LOCAL COMMERCIAL RICE,Regular Milled,20-40% bran streak,45.10,Daily-Price-Index-August-29-2026.pdf
2026-08-30,IMPORTED COMMERCIAL RICE,Basmati,,183.33,Daily-Price-Index-August-30-2026.pdf
2026-08-30,IMPORTED COMMERCIAL RICE,Glutinous,,60.49,Daily-Price-Index-August-30-2026.pdf
2026-08-30,IMPORTED COMMERCIAL RICE,Japonica/Jasponica,,60.50,Daily-Price-Index-August-30-2026.pdf
2026-08-30,IMPORTED COMMERCIAL RICE,Other Special,White Rice,59.12,Daily-Price-Index-August-30-2026.pdf
2026-08-30,IMPORTED COMMERCIAL RICE,Premium,5% broken,53.72,Daily-Price-Index-August-30-2026.pdf
2026-08-30,IMPORTED COMMERCIAL RICE,Well Milled,1-19% bran streak,47.64,Daily-Price-Index-August-30-2026.pdf
2026-08-30,IMPORTED COMMERCIAL RICE,Regular Milled,20-40% bran streak,45.25,Daily-Price-Index-August-30-2026.pdf
2026-08-30,LOCAL COMMERCIAL RICE,Glutinous,,70.63,Daily-Price-Index-August-30-2026.pdf
2026-08-30,LOCAL COMMERCIAL RICE,Other Special,White Rice,60.12,Daily-Price-Index-August-30-2026.pdf
2026-08-30,LOCAL COMMERCIAL RICE,Premium,5% broken,54.33,Daily-Price-Index-August-30-2026.pdf
2026-08-30,LOCAL COMMERCIAL RICE,Well Milled,1-19% bran streak,48.56,Daily-Price-Index-August-30-2026.pdf
2026-08-30,LOCAL COMMERCIAL RICE,Regular Milled,20-40% bran streak,45.50,Daily-Price-Index-August-30-2026.pdf
2026-08-31,IMPORTED COMMERCIAL RICE,Basmati,,200.00,Daily-Price-Index-August-31-2026.pdf
2026-08-31,IMPORTED COMMERCIAL RICE,Glutinous,,61.14,Daily-Price-Index-August-31-2026.pdf
2026-08-31,IMPORTED COMMERCIAL RICE,Japonica/Jasponica,,60.26,Daily-Price-Index-August-31-2026.pdf
2026-08-31,IMPORTED COMMERCIAL RICE,Other Special,White Rice,59.12,Daily-Price-Index-August-31-2026.pdf
2026-08-31,IMPORTED COMMERCIAL RICE,Premium,5% broken,53.70,Daily-Price-Index-August-31-2026.pdf
2026-08-31,IMPORTED COMMERCIAL RICE,Well Milled,1-19% bran streak,47.69,Daily-Price-Index-August-31-2026.pdf
2026-08-31,IMPORTED COMMERCIAL RICE,Regular Milled,20-40% bran streak,45.00,Daily-Price-Index-August-31-2026.pdf
2026-08-31,LOCAL COMMERCIAL RICE,Glutinous,,79.15,Daily-Price-Index-August-31-2026.pdf
2026-08-31,LOCAL COMMERCIAL RICE,Other Special,White Rice,60.65,Daily-Price-Index-August-31-2026.pdf
2026-08-31,LOCAL COMMERCIAL RICE,Premium,5% broken,54.70,Daily-Price-Index-August-31-2026.pdf
2026-08-31,LOCAL COMMERCIAL RICE,Well Milled,1-19% bran streak,48.94,Daily-Price-Index-August-31-2026.pdf
2026-08-31,LOCAL COMMERCIAL RICE,Regular Milled,20-40% bran streak,44.96,Daily-Price-Index-August-31-2026.pdf
2026-09-01,IMPORTED COMMERCIAL RICE,Basmati,,200.00,Daily-Price-Index-September-1-2026.pdf
2026-09-01,IMPORTED COMMERCIAL RICE,Glutinous,,61.18,Daily-Price-Index-September-1-2026.pdf
2026-09-01,IMPORTED COMMERCIAL RICE,Japonica/Jasponica,,60.50,Daily-Price-Index-September-1-2026.pdf
2026-09-01,IMPORTED COMMERCIAL RICE,Other Special,White Rice,59.12,Daily-Price-Index-September-1-2026.pdf
2026-09-01,IMPORTED COMMERCIAL RICE,Premium,5% broken,53.52,Daily-Price-Index-September-1-2026.pdf
2026-09-01,IMPORTED COMMERCIAL RICE,Well Milled,1-19% bran streak,47.71,Daily-Price-Index-September-1-2026.pdf
2026-09-01,IMPORTED COMMERCIAL RICE,Regular Milled,20-40% bran streak,45.25,Daily-Price-Index-September-1-2026.pdf
2026-09-01,LOCAL COMMERCIAL RICE,Glutinous,,76.27,Daily-Price-Index-September-1-2026.pdf
2026-09-01,LOCAL COMMERCIAL RICE,Other Special,White Rice,60.43,Daily-Price-Index-September-1-2026.pdf
2026-09-01,LOCAL COMMERCIAL RICE,Premium,5% broken,54.61,Daily-Price-Index-September-1-2026.pdf
2026-09-01,LOCAL COMMERCIAL RICE,Well Milled,1-19% bran streak,49.13,Daily-Price-Index-September-1-2026.pdf
2026-09-01,LOCAL COMMERCIAL RICE,Regular Milled,20-40% bran streak,45.38,Daily-Price-Index-September-1-2026.pdf
2026-09-02,IMPORTED COMMERCIAL RICE,Basmati,,200.00,Daily-Price-Index-September-2-2026.pdf
2026-09-02,IMPORTED COMMERCIAL RICE,Glutinous,,61.27,Daily-Price-Index-September-2-2026.pdf
2026-09-02,IMPORTED COMMERCIAL RICE,Japonica/Jasponica,,60.50,Daily-Price-Index-September-2-2026.pdf
2026-09-02,IMPORTED COMMERCIAL RICE,Other Special,White Rice,59.74,Daily-Price-Index-September-2-2026.pdf
2026-09-02,IMPORTED COMMERCIAL RICE,Premium,5% broken,52.98,Daily-Price-Index-September-2-2026.pdf
2026-09-02,IMPORTED COMMERCIAL RICE,Well Milled,1-19% bran streak,47.72,Daily-Price-Index-September-2-2026.pdf
2026-09-02,IMPORTED COMMERCIAL RICE,Regular Milled,20-40% bran streak,45.25,Daily-Price-Index-September-2-2026.pdf
2026-09-02,LOCAL COMMERCIAL RICE,Glutinous,,78.70,Daily-Price-Index-September-2-2026.pdf
2026-09-02,LOCAL COMMERCIAL RICE,Other Special,White Rice,60.04,Daily-Price-Index-September-2-2026.pdf
2026-09-02,LOCAL COMMERCIAL RICE,Premium,5% broken,54.11,Daily-Price-Index-September-2-2026.pdf
2026-09-02,LOCAL COMMERCIAL RICE,Well Milled,1-19% bran streak,48.57,Daily-Price-Index-September-2-2026.pdf
2026-09-02,LOCAL COMMERCIAL RICE,Regular Milled,20-40% bran streak,44.87,Daily-Price-Index-September-2-2026.pdf
2026-09-03,IMPORTED COMMERCIAL RICE,Basmati,,200.00,Daily-Price-Index-September-3-2026.pdf
2026-09-03,IMPORTED COMMERCIAL RICE,Glutinous,,61.27,Daily-Price-Index-September-3-2026.pdf
2026-09-03,IMPORTED COMMERCIAL RICE,Japonica/Jasponica,,60.50,Daily-Price-Index-September-3-2026.pdf
2026-09-03,IMPORTED COMMERCIAL RICE,Other Special,White Rice,59.74,Daily-Price-Index-September-3-2026.pdf
2026-09-03,IMPORTED COMMERCIAL RICE,Premium,5% broken,52.96,Daily-Price-Index-September-3-2026.pdf
2026-09-03,IMPORTED COMMERCIAL RICE,Well Milled,1-19% bran streak,47.71,Daily-Price-Index-September-3-2026.pdf
2026-09-03,IMPORTED COMMERCIAL RICE,Regular Milled,20-40% bran streak,45.25,Daily-Price-Index-September-3-2026.pdf
2026-09-03,LOCAL COMMERCIAL RICE,Glutinous,,79.15,Daily-Price-Index-September-3-2026.pdf
2026-09-03,LOCAL COMMERCIAL RICE,Other Special,White Rice,60.04,Daily-Price-Index-September-3-2026.pdf
2026-09-03,LOCAL COMMERCIAL RICE,Premium,5% broken,54.11,Daily-Price-Index-September-3-2026.pdf
2026-09-03,LOCAL COMMERCIAL RICE,Well Milled,1-19% bran streak,48.67,Daily-Price-Index-September-3-2026.pdf
2026-09-03,LOCAL COMMERCIAL RICE,Regular Milled,20-40% bran streak,44.87,Daily-Price-Index-September-3-2026.pdf
2026-09-04,IMPORTED COMMERCIAL RICE,Basmati,,200.00,Daily-Price-Index-September-4-2026.pdf
2026-09-04,IMPORTED COMMERCIAL RICE,Glutinous,,61.27,Daily-Price-Index-September-4-2026.pdf
2026-09-04,IMPORTED COMMERCIAL RICE,Japonica/Jasponica,,60.50,Daily-Price-Index-September-4-2026.pdf
2026-09-04,IMPORTED COMMERCIAL RICE,Other Special,White Rice,59.74,Daily-Price-Index-September-4-2026.pdf
2026-09-04,IMPORTED COMMERCIAL RICE,Premium,5% broken,53.00,Daily-Price-Index-September-4-2026.pdf
2026-09-04,IMPORTED COMMERCIAL RICE,Well Milled,1-19% bran streak,47.71,Daily-Price-Index-September-4-2026.pdf
2026-09-04,IMPORTED COMMERCIAL RICE,Regular Milled,20-40% bran streak,45.25,Daily-Price-Index-September-4-2026.pdf
2026-09-04,LOCAL COMMERCIAL RICE,Glutinous,,79.15,Daily-Price-Index-September-4-2026.pdf
2026-09-04,LOCAL COMMERCIAL RICE,Other Special,White Rice,60.09,Daily-Price-Index-September-4-2026.pdf
2026-09-04,LOCAL COMMERCIAL RICE,Premium,5% broken,54.08,Daily-Price-Index-September-4-2026.pdf
2026-09-04,LOCAL COMMERCIAL RICE,Well Milled,1-19% bran streak,48.67,Daily-Price-Index-September-4-2026.pdf
2026-09-04,LOCAL COMMERCIAL RICE,Regular Milled,20-40% bran streak,44.79,Daily-Price-Index-September-4-2026.pdf
