pmo,port_type,container_type,movemnet_type,service_area,month,year,month_year,quarter,volume_teus
pmo cip,cpa port,Fulls,inbound,domestic,january,2022,Jan-22,Q1_2022,857
pmo cip,cpa port,Empties,inbound,domestic,january,2022,Jan-22,Q1_2022,
pmo cip,cpa port,Fulls,outbound,domestic,january,2022,Jan-22,Q1_2022,170
pmo cip,cpa port,Empties,outbound,domestic,january,2022,Jan-22,Q1_2022,536
pmo cip,cpa port,Fulls,import,foreign,january,2022,Jan-22,Q1_2022,20808
pmo cip,cpa port,Empties,import,foreign,january,2022,Jan-22,Q1_2022,1
pmo cip,cpa port,Fulls,export,foreign,january,2022,Jan-22,Q1_2022,3578
pmo cip,cpa port,Empties,export,foreign,january,2022,Jan-22,Q1_2022,13403
pmo pier 4,cpa port,Fulls,inbound,domestic,january,2022,Jan-22,Q1_2022,11419
pmo pier 4,cpa port,Empties,inbound,domestic,january,2022,Jan-22,Q1_2022,361
pmo pier 4,cpa port,Fulls,outbound,domestic,january,2022,Jan-22,Q1_2022,6852.5
pmo pier 4,cpa port,Empties,outbound,domestic,january,2022,Jan-22,Q1_2022,2841
pmo pier 3,cpa port,Fulls,inbound,domestic,january,2022,Jan-22,Q1_2022,194
pmo pier 3,cpa port,Empties,inbound,domestic,january,2022,Jan-22,Q1_2022,98
pmo pier 3,cpa port,Fulls,outbound,domestic,january,2022,Jan-22,Q1_2022,238.5
pmo pier 3,cpa port,Empties,outbound,domestic,january,2022,Jan-22,Q1_2022,0
pmo pier 3,cpa port,Fulls,import,foreign,january,2022,Jan-22,Q1_2022,
pmo pier 3,cpa port,Empties,import,foreign,january,2022,Jan-22,Q1_2022,
pmo pier 3,cpa port,Fulls,export,foreign,january,2022,Jan-22,Q1_2022,
pmo pier 3,cpa port,Empties,export,foreign,january,2022,Jan-22,Q1_2022,
pmo pier 1,cpa port,Fulls,Inbound,Domestic,January,2022,Jan-22,Q1_2022,239.5
pmo pier 1,cpa port,Empties,Inbound,Domestic,January,2022,Jan-22,Q1_2022,387
pmo pier 1,cpa port,Fulls,Outbound,Domestic,January,2022,Jan-22,Q1_2022,719.5
pmo pier 1,cpa port,Empties,Outbound,Domestic,January,2022,Jan-22,Q1_2022,95
pmo pier 1,private port,Fulls,Inbound,Domestic,January,2022,Jan-22,Q1_2022,2894
pmo pier 1,private port,Empties,Inbound,Domestic,January,2022,Jan-22,Q1_2022,227
pmo pier 1,private port,Fulls,Outbound,Domestic,January,2022,Jan-22,Q1_2022,396
pmo pier 1,private port,Empties,Outbound,Domestic,January,2022,Jan-22,Q1_2022,1889.5
pmo mandaue,private port,Fulls,inbound,domestic,january,2022,Jan-22,Q1_2022,1745
pmo mandaue,private port,Empties,inbound,domestic,january,2022,Jan-22,Q1_2022,
pmo mandaue,private port,Fulls,outbound,domestic,january,2022,Jan-22,Q1_2022,1318.5
pmo mandaue,private port,Empties,outbound,domestic,january,2022,Jan-22,Q1_2022,
pmo mandaue,private port,Fulls,import,foreign,january,2022,Jan-22,Q1_2022,
pmo mandaue,private port,Empties,import,foreign,january,2022,Jan-22,Q1_2022,
pmo mandaue,private port,Fulls,export,foreign,january,2022,Jan-22,Q1_2022,
pmo mandaue,private port,Empties,export,foreign,january,2022,Jan-22,Q1_2022,
pmo argao,private port,Fulls,inbound,domestic,january,2022,Jan-22,Q1_2022,
pmo argao,private port,Empties,inbound,domestic,january,2022,Jan-22,Q1_2022,374
pmo argao,private port,Fulls,outbound,domestic,january,2022,Jan-22,Q1_2022,374
pmo argao,private port,Empties,outbound,domestic,january,2022,Jan-22,Q1_2022,
pmo argao,private port,Fulls,import,foreign,january,2022,Jan-22,Q1_2022,
pmo argao,private port,Empties,import,foreign,january,2022,Jan-22,Q1_2022,
pmo argao,private port,Fulls,export,foreign,january,2022,Jan-22,Q1_2022,
pmo argao,private port,Empties,export,foreign,january,2022,Jan-22,Q1_2022,
pmo cip,cpa port,Fulls,inbound,domestic,february,2022,Feb-22,Q1_2022,588
pmo cip,cpa port,Empties,inbound,domestic,february,2022,Feb-22,Q1_2022,
pmo cip,cpa port,Fulls,outbound,domestic,february,2022,Feb-22,Q1_2022,100
pmo cip,cpa port,Empties,outbound,domestic,february,2022,Feb-22,Q1_2022,138
pmo cip,cpa port,Fulls,import,foreign,february,2022,Feb-22,Q1_2022,14292
pmo cip,cpa port,Empties,import,foreign,february,2022,Feb-22,Q1_2022,16
pmo cip,cpa port,Fulls,export,foreign,february,2022,Feb-22,Q1_2022,4574
pmo cip,cpa port,Empties,export,foreign,february,2022,Feb-22,Q1_2022,12916
pmo pier 4,cpa port,Fulls,inbound,domestic,february,2022,Feb-22,Q1_2022,12427.5
pmo pier 4,cpa port,Empties,inbound,domestic,february,2022,Feb-22,Q1_2022,287.5
pmo pier 4,cpa port,Fulls,outbound,domestic,february,2022,Feb-22,Q1_2022,7856.5
pmo pier 4,cpa port,Empties,outbound,domestic,february,2022,Feb-22,Q1_2022,3049
pmo pier 4,cpa port,Fulls,import,foreign,february,2022,Feb-22,Q1_2022,
pmo pier 4,cpa port,Empties,import,foreign,february,2022,Feb-22,Q1_2022,
pmo pier 4,cpa port,Fulls,export,foreign,february,2022,Feb-22,Q1_2022,
pmo pier 4,cpa port,Empties,export,foreign,february,2022,Feb-22,Q1_2022,
pmo pier 3,cpa port,Fulls,inbound,domestic,february,2022,Feb-22,Q1_2022,189.5
pmo pier 3,cpa port,Empties,inbound,domestic,february,2022,Feb-22,Q1_2022,233.5
pmo pier 3,cpa port,Fulls,outbound,domestic,february,2022,Feb-22,Q1_2022,373
pmo pier 3,cpa port,Empties,outbound,domestic,february,2022,Feb-22,Q1_2022,0
pmo pier 3,cpa port,Fulls,import,foreign,february,2022,Feb-22,Q1_2022,
pmo pier 3,cpa port,Empties,import,foreign,february,2022,Feb-22,Q1_2022,
pmo pier 3,cpa port,Fulls,export,foreign,february,2022,Feb-22,Q1_2022,
pmo pier 3,cpa port,Empties,export,foreign,february,2022,Feb-22,Q1_2022,
pmo pier 1,cpa port,Fulls,Inbound,Domestic,February,2022,Feb-22,Q1_2022,264
pmo pier 1,cpa port,Empties,Inbound,Domestic,February,2022,Feb-22,Q1_2022,365
pmo pier 1,cpa port,Fulls,Outbound,Domestic,February,2022,Feb-22,Q1_2022,652
pmo pier 1,cpa port,Empties,Outbound,Domestic,February,2022,Feb-22,Q1_2022,40.5
pmo pier 1,private port,Fulls,Inbound,Domestic,February,2022,Feb-22,Q1_2022,2894.5
pmo pier 1,private port,Empties,Inbound,Domestic,February,2022,Feb-22,Q1_2022,6
pmo pier 1,private port,Fulls,Outbound,Domestic,February,2022,Feb-22,Q1_2022,292.5
pmo pier 1,private port,Empties,Outbound,Domestic,February,2022,Feb-22,Q1_2022,2706
pmo mandaue,private port,Fulls,inbound,domestic,february,2022,Feb-22,Q1_2022,2630
pmo mandaue,private port,Empties,inbound,domestic,february,2022,Feb-22,Q1_2022,1
pmo mandaue,private port,Fulls,outbound,domestic,february,2022,Feb-22,Q1_2022,1690
pmo mandaue,private port,Empties,outbound,domestic,february,2022,Feb-22,Q1_2022,365
pmo mandaue,private port,Fulls,import,foreign,february,2022,Feb-22,Q1_2022,
pmo mandaue,private port,Empties,import,foreign,february,2022,Feb-22,Q1_2022,
pmo mandaue,private port,Fulls,export,foreign,february,2022,Feb-22,Q1_2022,
pmo mandaue,private port,Empties,export,foreign,february,2022,Feb-22,Q1_2022,
pmo argao,cpa port,Fulls,inbound,domestic,february,2022,Feb-22,Q1_2022,
pmo argao,cpa port,Empties,inbound,domestic,february,2022,Feb-22,Q1_2022,
pmo argao,cpa port,Fulls,outbound,domestic,february,2022,Feb-22,Q1_2022,
pmo argao,cpa port,Empties,outbound,domestic,february,2022,Feb-22,Q1_2022,
pmo argao,cpa port,Fulls,import,foreign,february,2022,Feb-22,Q1_2022,
pmo argao,cpa port,Empties,import,foreign,february,2022,Feb-22,Q1_2022,
pmo argao,cpa port,Fulls,export,foreign,february,2022,Feb-22,Q1_2022,
pmo argao,cpa port,Empties,export,foreign,february,2022,Feb-22,Q1_2022,
pmo argao,lgu port,Fulls,inbound,domestic,february,2022,Feb-22,Q1_2022,
pmo argao,lgu port,Empties,inbound,domestic,february,2022,Feb-22,Q1_2022,
pmo argao,lgu port,Fulls,outbound,domestic,february,2022,Feb-22,Q1_2022,
pmo argao,lgu port,Empties,outbound,domestic,february,2022,Feb-22,Q1_2022,
pmo argao,lgu port,Fulls,import,foreign,february,2022,Feb-22,Q1_2022,
pmo argao,lgu port,Empties,import,foreign,february,2022,Feb-22,Q1_2022,
pmo argao,lgu port,Fulls,export,foreign,february,2022,Feb-22,Q1_2022,
pmo argao,lgu port,Empties,export,foreign,february,2022,Feb-22,Q1_2022,
pmo argao,private port,Fulls,inbound,domestic,february,2022,Feb-22,Q1_2022,685
pmo argao,private port,Empties,inbound,domestic,february,2022,Feb-22,Q1_2022,722
pmo argao,private port,Fulls,outbound,domestic,february,2022,Feb-22,Q1_2022,
pmo argao,private port,Empties,outbound,domestic,february,2022,Feb-22,Q1_2022,
pmo argao,private port,Fulls,import,foreign,february,2022,Feb-22,Q1_2022,
pmo argao,private port,Empties,import,foreign,february,2022,Feb-22,Q1_2022,
pmo argao,private port,Fulls,export,foreign,february,2022,Feb-22,Q1_2022,
pmo argao,private port,Empties,export,foreign,february,2022,Feb-22,Q1_2022,
pmo cip,cpa port,Fulls,inbound,domestic,march,2022,Mar-22,Q1_2022,1489
pmo cip,cpa port,Empties,inbound,domestic,march,2022,Mar-22,Q1_2022,4
pmo cip,cpa port,Fulls,outbound,domestic,march,2022,Mar-22,Q1_2022,245
pmo cip,cpa port,Empties,outbound,domestic,march,2022,Mar-22,Q1_2022,726
pmo cip,cpa port,Fulls,import,foreign,march,2022,Mar-22,Q1_2022,16647.5
pmo cip,cpa port,Empties,import,foreign,march,2022,Mar-22,Q1_2022,42
pmo cip,cpa port,Fulls,export,foreign,march,2022,Mar-22,Q1_2022,6447
pmo cip,cpa port,Empties,export,foreign,march,2022,Mar-22,Q1_2022,18363
pmo cip,lgu port,Fulls,inbound,domestic,march,2022,Mar-22,Q1_2022,
pmo cip,lgu port,Empties,inbound,domestic,march,2022,Mar-22,Q1_2022,
pmo cip,lgu port,Fulls,outbound,domestic,march,2022,Mar-22,Q1_2022,
pmo cip,lgu port,Empties,outbound,domestic,march,2022,Mar-22,Q1_2022,
pmo cip,lgu port,Fulls,import,foreign,march,2022,Mar-22,Q1_2022,
pmo cip,lgu port,Empties,import,foreign,march,2022,Mar-22,Q1_2022,
pmo cip,lgu port,Fulls,export,foreign,march,2022,Mar-22,Q1_2022,
pmo cip,lgu port,Empties,export,foreign,march,2022,Mar-22,Q1_2022,
pmo cip,private port,Fulls,inbound,domestic,march,2022,Mar-22,Q1_2022,
pmo cip,private port,Empties,inbound,domestic,march,2022,Mar-22,Q1_2022,
pmo cip,private port,Fulls,outbound,domestic,march,2022,Mar-22,Q1_2022,
pmo cip,private port,Empties,outbound,domestic,march,2022,Mar-22,Q1_2022,
pmo cip,private port,Fulls,import,foreign,march,2022,Mar-22,Q1_2022,
pmo cip,private port,Empties,import,foreign,march,2022,Mar-22,Q1_2022,
pmo cip,private port,Fulls,export,foreign,march,2022,Mar-22,Q1_2022,
pmo cip,private port,Empties,export,foreign,march,2022,Mar-22,Q1_2022,
pmo pier 4,cpa port,Fulls,inbound,domestic,march,2022,Mar-22,Q1_2022,15073
pmo pier 4,cpa port,Empties,inbound,domestic,march,2022,Mar-22,Q1_2022,505.5
pmo pier 4,cpa port,Fulls,outbound,domestic,march,2022,Mar-22,Q1_2022,8982
pmo pier 4,cpa port,Empties,outbound,domestic,march,2022,Mar-22,Q1_2022,3967
pmo pier 4,cpa port,Fulls,import,foreign,march,2022,Mar-22,Q1_2022,
pmo pier 4,cpa port,Empties,import,foreign,march,2022,Mar-22,Q1_2022,
pmo pier 4,cpa port,Fulls,export,foreign,march,2022,Mar-22,Q1_2022,
pmo pier 4,cpa port,Empties,export,foreign,march,2022,Mar-22,Q1_2022,
pmo pier 3,cpa port,Fulls,inbound,domestic,march,2022,Mar-22,Q1_2022,81.5
pmo pier 3,cpa port,Empties,inbound,domestic,march,2022,Mar-22,Q1_2022,169.5
pmo pier 3,cpa port,Fulls,outbound,domestic,march,2022,Mar-22,Q1_2022,285.5
pmo pier 3,cpa port,Empties,outbound,domestic,march,2022,Mar-22,Q1_2022,0
pmo pier 3,cpa port,Fulls,import,foreign,march,2022,Mar-22,Q1_2022,
pmo pier 3,cpa port,Empties,import,foreign,march,2022,Mar-22,Q1_2022,
pmo pier 3,cpa port,Fulls,export,foreign,march,2022,Mar-22,Q1_2022,
pmo pier 3,cpa port,Empties,export,foreign,march,2022,Mar-22,Q1_2022,
pmo mandaue,private port,Fulls,inbound,domestic,march,2022,Mar-22,Q1_2022,2914
pmo mandaue,private port,Empties,inbound,domestic,march,2022,Mar-22,Q1_2022,
pmo mandaue,private port,Fulls,outbound,domestic,march,2022,Mar-22,Q1_2022,1826
pmo mandaue,private port,Empties,outbound,domestic,march,2022,Mar-22,Q1_2022,246
pmo mandaue,private port,Fulls,import,foreign,march,2022,Mar-22,Q1_2022,
pmo mandaue,private port,Empties,import,foreign,march,2022,Mar-22,Q1_2022,
pmo mandaue,private port,Fulls,export,foreign,march,2022,Mar-22,Q1_2022,
pmo mandaue,private port,Empties,export,foreign,march,2022,Mar-22,Q1_2022,
pmo mandaue,cpa port,Fulls,inbound,domestic,march,2022,Mar-22,Q1_2022,
pmo mandaue,cpa port,Empties,inbound,domestic,march,2022,Mar-22,Q1_2022,
pmo mandaue,cpa port,Fulls,outbound,domestic,march,2022,Mar-22,Q1_2022,
pmo mandaue,cpa port,Empties,outbound,domestic,march,2022,Mar-22,Q1_2022,
pmo mandaue,cpa port,Fulls,import,foreign,march,2022,Mar-22,Q1_2022,
pmo mandaue,cpa port,Empties,import,foreign,march,2022,Mar-22,Q1_2022,
pmo mandaue,cpa port,Fulls,export,foreign,march,2022,Mar-22,Q1_2022,
pmo mandaue,cpa port,Empties,export,foreign,march,2022,Mar-22,Q1_2022,
pmo mandaue,lgu port,Fulls,inbound,domestic,march,2022,Mar-22,Q1_2022,
pmo mandaue,lgu port,Empties,inbound,domestic,march,2022,Mar-22,Q1_2022,
pmo mandaue,lgu port,Fulls,outbound,domestic,march,2022,Mar-22,Q1_2022,
pmo mandaue,lgu port,Empties,outbound,domestic,march,2022,Mar-22,Q1_2022,
pmo mandaue,lgu port,Fulls,import,foreign,march,2022,Mar-22,Q1_2022,
pmo mandaue,lgu port,Empties,import,foreign,march,2022,Mar-22,Q1_2022,
pmo mandaue,lgu port,Fulls,export,foreign,march,2022,Mar-22,Q1_2022,
pmo mandaue,lgu port,Empties,export,foreign,march,2022,Mar-22,Q1_2022,
pmo pier 1,cpa port,Fulls,Inbound,domestic,march,2022,Mar-22,Q1_2022,328
pmo pier 1,cpa port,Empties,Inbound,domestic,march,2022,Mar-22,Q1_2022,498
pmo pier 1,cpa port,Fulls,Outbound,domestic,march,2022,Mar-22,Q1_2022,748
pmo pier 1,cpa port,Empties,Outbound,domestic,march,2022,Mar-22,Q1_2022,58.5
pmo pier 1,private port,Fulls,Inbound,domestic,march,2022,Mar-22,Q1_2022,3081.5
pmo pier 1,private port,Empties,Inbound,domestic,march,2022,Mar-22,Q1_2022,91
pmo pier 1,private port,Fulls,Outbound,domestic,march,2022,Mar-22,Q1_2022,557
pmo pier 1,private port,Empties,Outbound,domestic,march,2022,Mar-22,Q1_2022,2759
pmo argao,cpa port,Fulls,inbound,domestic,march,2022,Mar-22,Q1_2022,
pmo argao,cpa port,Empties,inbound,domestic,march,2022,Mar-22,Q1_2022,
pmo argao,cpa port,Fulls,outbound,domestic,march,2022,Mar-22,Q1_2022,
pmo argao,cpa port,Empties,outbound,domestic,march,2022,Mar-22,Q1_2022,
pmo argao,cpa port,Fulls,import,foreign,march,2022,Mar-22,Q1_2022,
pmo argao,cpa port,Empties,import,foreign,march,2022,Mar-22,Q1_2022,
pmo argao,cpa port,Fulls,export,foreign,march,2022,Mar-22,Q1_2022,
pmo argao,cpa port,Empties,export,foreign,march,2022,Mar-22,Q1_2022,
pmo argao,lgu port,Fulls,inbound,domestic,march,2022,Mar-22,Q1_2022,
pmo argao,lgu port,Empties,inbound,domestic,march,2022,Mar-22,Q1_2022,
pmo argao,lgu port,Fulls,outbound,domestic,march,2022,Mar-22,Q1_2022,
pmo argao,lgu port,Empties,outbound,domestic,march,2022,Mar-22,Q1_2022,
pmo argao,lgu port,Fulls,import,foreign,march,2022,Mar-22,Q1_2022,
pmo argao,lgu port,Empties,import,foreign,march,2022,Mar-22,Q1_2022,
pmo argao,lgu port,Fulls,export,foreign,march,2022,Mar-22,Q1_2022,
pmo argao,lgu port,Empties,export,foreign,march,2022,Mar-22,Q1_2022,
pmo argao,private port,Fulls,inbound,domestic,march,2022,Mar-22,Q1_2022,
pmo argao,private port,Empties,inbound,domestic,march,2022,Mar-22,Q1_2022,634
pmo argao,private port,Fulls,outbound,domestic,march,2022,Mar-22,Q1_2022,544
pmo argao,private port,Empties,outbound,domestic,march,2022,Mar-22,Q1_2022,
pmo argao,private port,Fulls,import,foreign,march,2022,Mar-22,Q1_2022,
pmo argao,private port,Empties,import,foreign,march,2022,Mar-22,Q1_2022,
pmo argao,private port,Fulls,export,foreign,march,2022,Mar-22,Q1_2022,
pmo argao,private port,Empties,export,foreign,march,2022,Mar-22,Q1_2022,
pmo cip,cpa port,Fulls,inbound,domestic,april,2022,Apr-22,Q2_2022,920
pmo cip,cpa port,Empties,inbound,domestic,april,2022,Apr-22,Q2_2022,
pmo cip,cpa port,Fulls,outbound,domestic,april,2022,Apr-22,Q2_2022,98
pmo cip,cpa port,Empties,outbound,domestic,april,2022,Apr-22,Q2_2022,263
pmo cip,cpa port,Fulls,import,foreign,april,2022,Apr-22,Q2_2022,13112.75
pmo cip,cpa port,Empties,import,foreign,april,2022,Apr-22,Q2_2022,15
pmo cip,cpa port,Fulls,export,foreign,april,2022,Apr-22,Q2_2022,4281
pmo cip,cpa port,Empties,export,foreign,april,2022,Apr-22,Q2_2022,11756
pmo cip,lgu port,Fulls,inbound,domestic,april,2022,Apr-22,Q2_2022,
pmo cip,lgu port,Empties,inbound,domestic,april,2022,Apr-22,Q2_2022,
pmo cip,lgu port,Fulls,outbound,domestic,april,2022,Apr-22,Q2_2022,
pmo cip,lgu port,Empties,outbound,domestic,april,2022,Apr-22,Q2_2022,
pmo cip,lgu port,Fulls,import,foreign,april,2022,Apr-22,Q2_2022,
pmo cip,lgu port,Empties,import,foreign,april,2022,Apr-22,Q2_2022,
pmo cip,lgu port,Fulls,export,foreign,april,2022,Apr-22,Q2_2022,
pmo cip,lgu port,Empties,export,foreign,april,2022,Apr-22,Q2_2022,
pmo cip,private port,Fulls,inbound,domestic,april,2022,Apr-22,Q2_2022,
pmo cip,private port,Empties,inbound,domestic,april,2022,Apr-22,Q2_2022,
pmo cip,private port,Fulls,outbound,domestic,april,2022,Apr-22,Q2_2022,
pmo cip,private port,Empties,outbound,domestic,april,2022,Apr-22,Q2_2022,
pmo cip,private port,Fulls,import,foreign,april,2022,Apr-22,Q2_2022,
pmo cip,private port,Empties,import,foreign,april,2022,Apr-22,Q2_2022,
pmo cip,private port,Fulls,export,foreign,april,2022,Apr-22,Q2_2022,
pmo cip,private port,Empties,export,foreign,april,2022,Apr-22,Q2_2022,
pmo pier 4,cpa port,Fulls,inbound,domestic,april,2022,Apr-22,Q2_2022,13605
pmo pier 4,cpa port,Empties,inbound,domestic,april,2022,Apr-22,Q2_2022,412.5
pmo pier 4,cpa port,Fulls,outbound,domestic,april,2022,Apr-22,Q2_2022,9093
pmo pier 4,cpa port,Empties,outbound,domestic,april,2022,Apr-22,Q2_2022,3449.5
pmo pier 4,cpa port,Fulls,import,foreign,april,2022,Apr-22,Q2_2022,
pmo pier 4,cpa port,Empties,import,foreign,april,2022,Apr-22,Q2_2022,
pmo pier 4,cpa port,Fulls,export,foreign,april,2022,Apr-22,Q2_2022,
pmo pier 4,cpa port,Empties,export,foreign,april,2022,Apr-22,Q2_2022,
pmo pier 3,cpa port,Fulls,inbound,domestic,april,2022,Apr-22,Q2_2022,251.5
pmo pier 3,cpa port,Empties,inbound,domestic,april,2022,Apr-22,Q2_2022,225
pmo pier 3,cpa port,Fulls,outbound,domestic,april,2022,Apr-22,Q2_2022,394.5
pmo pier 3,cpa port,Empties,outbound,domestic,april,2022,Apr-22,Q2_2022,0
pmo pier 3,cpa port,Fulls,import,foreign,april,2022,Apr-22,Q2_2022,
pmo pier 3,cpa port,Empties,import,foreign,april,2022,Apr-22,Q2_2022,
pmo pier 3,cpa port,Fulls,export,foreign,april,2022,Apr-22,Q2_2022,
pmo pier 3,cpa port,Empties,export,foreign,april,2022,Apr-22,Q2_2022,
pmo pier 1,cpa port,Fulls,Inbound,Domestic,april,2022,Apr-22,Q2_2022,252
pmo pier 1,cpa port,Empties,Inbound,Domestic,april,2022,Apr-22,Q2_2022,416
pmo pier 1,cpa port,Fulls,Outbound,Domestic,april,2022,Apr-22,Q2_2022,689
pmo pier 1,cpa port,Empties,Outbound,Domestic,april,2022,Apr-22,Q2_2022,36
pmo pier 1,private port,Fulls,Inbound,Domestic,april,2022,Apr-22,Q2_2022,3254
pmo pier 1,private port,Empties,Inbound,Domestic,april,2022,Apr-22,Q2_2022,52
pmo pier 1,private port,Fulls,Outbound,Domestic,april,2022,Apr-22,Q2_2022,397.5
pmo pier 1,private port,Empties,Outbound,Domestic,april,2022,Apr-22,Q2_2022,3125.5
pmo argao,cpa port,Fulls,inbound,domestic,april,2022,Apr-22,Q2_2022,
pmo argao,cpa port,Empties,inbound,domestic,april,2022,Apr-22,Q2_2022,
pmo argao,cpa port,Fulls,outbound,domestic,april,2022,Apr-22,Q2_2022,
pmo argao,cpa port,Empties,outbound,domestic,april,2022,Apr-22,Q2_2022,
pmo argao,cpa port,Fulls,import,foreign,april,2022,Apr-22,Q2_2022,
pmo argao,cpa port,Empties,import,foreign,april,2022,Apr-22,Q2_2022,
pmo argao,cpa port,Fulls,export,foreign,april,2022,Apr-22,Q2_2022,
pmo argao,cpa port,Empties,export,foreign,april,2022,Apr-22,Q2_2022,
pmo argao,lgu port,Fulls,inbound,domestic,april,2022,Apr-22,Q2_2022,
pmo argao,lgu port,Empties,inbound,domestic,april,2022,Apr-22,Q2_2022,
pmo argao,lgu port,Fulls,outbound,domestic,april,2022,Apr-22,Q2_2022,
pmo argao,lgu port,Empties,outbound,domestic,april,2022,Apr-22,Q2_2022,
pmo argao,lgu port,Fulls,import,foreign,april,2022,Apr-22,Q2_2022,
pmo argao,lgu port,Empties,import,foreign,april,2022,Apr-22,Q2_2022,
pmo argao,lgu port,Fulls,export,foreign,april,2022,Apr-22,Q2_2022,
pmo argao,lgu port,Empties,export,foreign,april,2022,Apr-22,Q2_2022,
pmo argao,private port,Fulls,inbound,domestic,april,2022,Apr-22,Q2_2022,
pmo argao,private port,Empties,inbound,domestic,april,2022,Apr-22,Q2_2022,472
pmo argao,private port,Fulls,outbound,domestic,april,2022,Apr-22,Q2_2022,474
pmo argao,private port,Empties,outbound,domestic,april,2022,Apr-22,Q2_2022,
pmo argao,private port,Fulls,import,foreign,april,2022,Apr-22,Q2_2022,
pmo argao,private port,Empties,import,foreign,april,2022,Apr-22,Q2_2022,
pmo argao,private port,Fulls,export,foreign,april,2022,Apr-22,Q2_2022,
pmo argao,private port,Empties,export,foreign,april,2022,Apr-22,Q2_2022,
pmo mandaue,private port,Fulls,inbound,domestic,april,2022,Apr-22,Q2_2022,1939
pmo mandaue,private port,Empties,inbound,domestic,april,2022,Apr-22,Q2_2022,117
pmo mandaue,private port,Fulls,outbound,domestic,april,2022,Apr-22,Q2_2022,1591
pmo mandaue,private port,Empties,outbound,domestic,april,2022,Apr-22,Q2_2022,124
pmo mandaue,private port,Fulls,import,foreign,april,2022,Apr-22,Q2_2022,
pmo mandaue,private port,Empties,import,foreign,april,2022,Apr-22,Q2_2022,
pmo mandaue,private port,Fulls,export,foreign,april,2022,Apr-22,Q2_2022,
pmo mandaue,private port,Empties,export,foreign,april,2022,Apr-22,Q2_2022,
pmo mandaue,cpa port,Fulls,inbound,domestic,april,2022,Apr-22,Q2_2022,
pmo mandaue,cpa port,Empties,inbound,domestic,april,2022,Apr-22,Q2_2022,
pmo mandaue,cpa port,Fulls,outbound,domestic,april,2022,Apr-22,Q2_2022,
pmo mandaue,cpa port,Empties,outbound,domestic,april,2022,Apr-22,Q2_2022,
pmo mandaue,cpa port,Fulls,import,foreign,april,2022,Apr-22,Q2_2022,
pmo mandaue,cpa port,Empties,import,foreign,april,2022,Apr-22,Q2_2022,
pmo mandaue,cpa port,Fulls,export,foreign,april,2022,Apr-22,Q2_2022,
pmo mandaue,cpa port,Empties,export,foreign,april,2022,Apr-22,Q2_2022,
pmo mandaue,lgu port,Fulls,inbound,domestic,april,2022,Apr-22,Q2_2022,
pmo mandaue,lgu port,Empties,inbound,domestic,april,2022,Apr-22,Q2_2022,
pmo mandaue,lgu port,Fulls,outbound,domestic,april,2022,Apr-22,Q2_2022,
pmo mandaue,lgu port,Empties,outbound,domestic,april,2022,Apr-22,Q2_2022,
pmo mandaue,lgu port,Fulls,import,foreign,april,2022,Apr-22,Q2_2022,
pmo mandaue,lgu port,Empties,import,foreign,april,2022,Apr-22,Q2_2022,
pmo mandaue,lgu port,Fulls,export,foreign,april,2022,Apr-22,Q2_2022,
pmo mandaue,lgu port,Empties,export,foreign,april,2022,Apr-22,Q2_2022,
pmo cip,cpa port,Fulls,inbound,domestic,may,2022,May-22,Q2_2022,1688
pmo cip,cpa port,Empties,inbound,domestic,may,2022,May-22,Q2_2022,
pmo cip,cpa port,Fulls,outbound,domestic,may,2022,May-22,Q2_2022,678
pmo cip,cpa port,Empties,outbound,domestic,may,2022,May-22,Q2_2022,679
pmo cip,cpa port,Fulls,import,foreign,may,2022,May-22,Q2_2022,19410.75
pmo cip,cpa port,Empties,import,foreign,may,2022,May-22,Q2_2022,
pmo cip,cpa port,Fulls,export,foreign,may,2022,May-22,Q2_2022,6813
pmo cip,cpa port,Empties,export,foreign,may,2022,May-22,Q2_2022,13104
pmo cip,lgu port,Fulls,inbound,domestic,may,2022,May-22,Q2_2022,
pmo cip,lgu port,Empties,inbound,domestic,may,2022,May-22,Q2_2022,
pmo cip,lgu port,Fulls,outbound,domestic,may,2022,May-22,Q2_2022,
pmo cip,lgu port,Empties,outbound,domestic,may,2022,May-22,Q2_2022,
pmo cip,lgu port,Fulls,import,foreign,may,2022,May-22,Q2_2022,
pmo cip,lgu port,Empties,import,foreign,may,2022,May-22,Q2_2022,
pmo cip,lgu port,Fulls,export,foreign,may,2022,May-22,Q2_2022,
pmo cip,lgu port,Empties,export,foreign,may,2022,May-22,Q2_2022,
pmo cip,private port,Fulls,inbound,domestic,may,2022,May-22,Q2_2022,
pmo cip,private port,Empties,inbound,domestic,may,2022,May-22,Q2_2022,
pmo cip,private port,Fulls,outbound,domestic,may,2022,May-22,Q2_2022,
pmo cip,private port,Empties,outbound,domestic,may,2022,May-22,Q2_2022,
pmo cip,private port,Fulls,import,foreign,may,2022,May-22,Q2_2022,
pmo cip,private port,Empties,import,foreign,may,2022,May-22,Q2_2022,
pmo cip,private port,Fulls,export,foreign,may,2022,May-22,Q2_2022,
pmo cip,private port,Empties,export,foreign,may,2022,May-22,Q2_2022,
pmo pier 4,cpa port,Fulls,inbound,domestic,may,2022,May-22,Q2_2022,13639
pmo pier 4,cpa port,Empties,inbound,domestic,may,2022,May-22,Q2_2022,548.5
pmo pier 4,cpa port,Fulls,outbound,domestic,may,2022,May-22,Q2_2022,9440
pmo pier 4,cpa port,Empties,outbound,domestic,may,2022,May-22,Q2_2022,4374
pmo pier 4,cpa port,Fulls,import,foreign,may,2022,May-22,Q2_2022,
pmo pier 4,cpa port,Empties,import,foreign,may,2022,May-22,Q2_2022,
pmo pier 4,cpa port,Fulls,export,foreign,may,2022,May-22,Q2_2022,
pmo pier 4,cpa port,Empties,export,foreign,may,2022,May-22,Q2_2022,
pmo pier 3,cpa port,Fulls,inbound,domestic,may,2022,May-22,Q2_2022,97
pmo pier 3,cpa port,Empties,inbound,domestic,may,2022,May-22,Q2_2022,109.5
pmo pier 3,cpa port,Fulls,outbound,domestic,may,2022,May-22,Q2_2022,166.5
pmo pier 3,cpa port,Empties,outbound,domestic,may,2022,May-22,Q2_2022,0
pmo pier 3,cpa port,Fulls,import,foreign,may,2022,May-22,Q2_2022,
pmo pier 3,cpa port,Empties,import,foreign,may,2022,May-22,Q2_2022,
pmo pier 3,cpa port,Fulls,export,foreign,may,2022,May-22,Q2_2022,
pmo pier 3,cpa port,Empties,export,foreign,may,2022,May-22,Q2_2022,
pmo pier 1,cpa port,Fulls,Inbound,Domestic,may,2022,May-22,Q2_2022,267.5
pmo pier 1,cpa port,Empties,Inbound,Domestic,may,2022,May-22,Q2_2022,525
pmo pier 1,cpa port,Fulls,Outbound,Domestic,may,2022,May-22,Q2_2022,649.5
pmo pier 1,cpa port,Empties,Outbound,Domestic,may,2022,May-22,Q2_2022,42
pmo pier 1,private port,Fulls,Inbound,Domestic,may,2022,May-22,Q2_2022,2871
pmo pier 1,private port,Fulls,Outbound,Domestic,may,2022,May-22,Q2_2022,544
pmo pier 1,private port,Empties,Outbound,Domestic,may,2022,May-22,Q2_2022,2146
pmo mandaue,private port,Fulls,inbound,domestic,may,2022,May-22,Q2_2022,2217
pmo mandaue,private port,Empties,inbound,domestic,may,2022,May-22,Q2_2022,98
pmo mandaue,private port,Fulls,outbound,domestic,may,2022,May-22,Q2_2022,1428.5
pmo mandaue,private port,Empties,outbound,domestic,may,2022,May-22,Q2_2022,20
pmo mandaue,private port,Fulls,import,foreign,may,2022,May-22,Q2_2022,
pmo mandaue,private port,Empties,import,foreign,may,2022,May-22,Q2_2022,
pmo mandaue,private port,Fulls,export,foreign,may,2022,May-22,Q2_2022,
pmo mandaue,private port,Empties,export,foreign,may,2022,May-22,Q2_2022,
pmo mandaue,cpa port,Fulls,inbound,domestic,may,2022,May-22,Q2_2022,
pmo mandaue,cpa port,Empties,inbound,domestic,may,2022,May-22,Q2_2022,
pmo mandaue,cpa port,Fulls,outbound,domestic,may,2022,May-22,Q2_2022,
pmo mandaue,cpa port,Empties,outbound,domestic,may,2022,May-22,Q2_2022,
pmo mandaue,cpa port,Fulls,import,foreign,may,2022,May-22,Q2_2022,
pmo mandaue,cpa port,Empties,import,foreign,may,2022,May-22,Q2_2022,
pmo mandaue,cpa port,Fulls,export,foreign,may,2022,May-22,Q2_2022,
pmo mandaue,cpa port,Empties,export,foreign,may,2022,May-22,Q2_2022,
pmo mandaue,lgu port,Fulls,inbound,domestic,may,2022,May-22,Q2_2022,
pmo mandaue,lgu port,Empties,inbound,domestic,may,2022,May-22,Q2_2022,
pmo mandaue,lgu port,Fulls,outbound,domestic,may,2022,May-22,Q2_2022,
pmo mandaue,lgu port,Empties,outbound,domestic,may,2022,May-22,Q2_2022,
pmo mandaue,lgu port,Fulls,import,foreign,may,2022,May-22,Q2_2022,
pmo mandaue,lgu port,Empties,import,foreign,may,2022,May-22,Q2_2022,
pmo mandaue,lgu port,Fulls,export,foreign,may,2022,May-22,Q2_2022,
pmo mandaue,lgu port,Empties,export,foreign,may,2022,May-22,Q2_2022,
pmo argao,cpa port,Fulls,inbound,domestic,may,2022,May-22,Q2_2022,
pmo argao,cpa port,Empties,inbound,domestic,may,2022,May-22,Q2_2022,
pmo argao,cpa port,Fulls,outbound,domestic,may,2022,May-22,Q2_2022,
pmo argao,cpa port,Empties,outbound,domestic,may,2022,May-22,Q2_2022,
pmo argao,cpa port,Fulls,import,foreign,may,2022,May-22,Q2_2022,
pmo argao,cpa port,Empties,import,foreign,may,2022,May-22,Q2_2022,
pmo argao,cpa port,Fulls,export,foreign,may,2022,May-22,Q2_2022,
pmo argao,cpa port,Empties,export,foreign,may,2022,May-22,Q2_2022,
pmo argao,lgu port,Fulls,inbound,domestic,may,2022,May-22,Q2_2022,
pmo argao,lgu port,Empties,inbound,domestic,may,2022,May-22,Q2_2022,
pmo argao,lgu port,Fulls,outbound,domestic,may,2022,May-22,Q2_2022,
pmo argao,lgu port,Empties,outbound,domestic,may,2022,May-22,Q2_2022,
pmo argao,lgu port,Fulls,import,foreign,may,2022,May-22,Q2_2022,
pmo argao,lgu port,Empties,import,foreign,may,2022,May-22,Q2_2022,
pmo argao,lgu port,Fulls,export,foreign,may,2022,May-22,Q2_2022,
pmo argao,lgu port,Empties,export,foreign,may,2022,May-22,Q2_2022,
pmo argao,private port,Fulls,inbound,domestic,may,2022,May-22,Q2_2022,
pmo argao,private port,Empties,inbound,domestic,may,2022,May-22,Q2_2022,558
pmo argao,private port,Fulls,outbound,domestic,may,2022,May-22,Q2_2022,560
pmo argao,private port,Empties,outbound,domestic,may,2022,May-22,Q2_2022,
pmo argao,private port,Fulls,import,foreign,may,2022,May-22,Q2_2022,
pmo argao,private port,Empties,import,foreign,may,2022,May-22,Q2_2022,
pmo argao,private port,Fulls,export,foreign,may,2022,May-22,Q2_2022,
pmo argao,private port,Empties,export,foreign,may,2022,May-22,Q2_2022,
pmo cip,cpa port,Fulls,inbound,domestic,june,2022,Jun-22,Q2_2022,1164
pmo cip,cpa port,Empties,inbound,domestic,june,2022,Jun-22,Q2_2022,
pmo cip,cpa port,Fulls,outbound,domestic,june,2022,Jun-22,Q2_2022,522
pmo cip,cpa port,Empties,outbound,domestic,june,2022,Jun-22,Q2_2022,291
pmo cip,cpa port,Fulls,import,foreign,june,2022,Jun-22,Q2_2022,17539.25
pmo cip,cpa port,Empties,import,foreign,june,2022,Jun-22,Q2_2022,17
pmo cip,cpa port,Fulls,export,foreign,june,2022,Jun-22,Q2_2022,5240
pmo cip,cpa port,Empties,export,foreign,june,2022,Jun-22,Q2_2022,14622
pmo cip,lgu port,Fulls,inbound,domestic,june,2022,Jun-22,Q2_2022,
pmo cip,lgu port,Empties,inbound,domestic,june,2022,Jun-22,Q2_2022,
pmo cip,lgu port,Fulls,outbound,domestic,june,2022,Jun-22,Q2_2022,
pmo cip,lgu port,Empties,outbound,domestic,june,2022,Jun-22,Q2_2022,
pmo cip,lgu port,Fulls,import,foreign,june,2022,Jun-22,Q2_2022,
pmo cip,lgu port,Empties,import,foreign,june,2022,Jun-22,Q2_2022,
pmo cip,lgu port,Fulls,export,foreign,june,2022,Jun-22,Q2_2022,
pmo cip,lgu port,Empties,export,foreign,june,2022,Jun-22,Q2_2022,
pmo cip,private port,Fulls,inbound,domestic,june,2022,Jun-22,Q2_2022,
pmo cip,private port,Empties,inbound,domestic,june,2022,Jun-22,Q2_2022,
pmo cip,private port,Fulls,outbound,domestic,june,2022,Jun-22,Q2_2022,
pmo cip,private port,Empties,outbound,domestic,june,2022,Jun-22,Q2_2022,
pmo cip,private port,Fulls,import,foreign,june,2022,Jun-22,Q2_2022,
pmo cip,private port,Empties,import,foreign,june,2022,Jun-22,Q2_2022,
pmo cip,private port,Fulls,export,foreign,june,2022,Jun-22,Q2_2022,
pmo cip,private port,Empties,export,foreign,june,2022,Jun-22,Q2_2022,
pmo pier 4,cpa port,Fulls,inbound,domestic,june,2022,Jun-22,Q2_2022,13812.5
pmo pier 4,cpa port,Empties,inbound,domestic,june,2022,Jun-22,Q2_2022,532
pmo pier 4,cpa port,Fulls,outbound,domestic,june,2022,Jun-22,Q2_2022,10585
pmo pier 4,cpa port,Empties,outbound,domestic,june,2022,Jun-22,Q2_2022,3806.5
pmo pier 4,cpa port,Fulls,import,foreign,june,2022,Jun-22,Q2_2022,
pmo pier 4,cpa port,Empties,import,foreign,june,2022,Jun-22,Q2_2022,
pmo pier 4,cpa port,Fulls,export,foreign,june,2022,Jun-22,Q2_2022,
pmo pier 4,cpa port,Empties,export,foreign,june,2022,Jun-22,Q2_2022,
pmo pier 4,cpa port,Fulls,inbound,domestic,june,2022,Jun-22,Q2_2022,
pmo pier 4,cpa port,Empties,inbound,domestic,june,2022,Jun-22,Q2_2022,
pmo pier 4,cpa port,Fulls,outbound,domestic,june,2022,Jun-22,Q2_2022,
pmo pier 4,cpa port,Empties,outbound,domestic,june,2022,Jun-22,Q2_2022,
pmo pier 4,cpa port,Fulls,import,foreign,june,2022,Jun-22,Q2_2022,
pmo pier 4,cpa port,Empties,import,foreign,june,2022,Jun-22,Q2_2022,
pmo pier 4,cpa port,Fulls,export,foreign,june,2022,Jun-22,Q2_2022,
pmo pier 4,cpa port,Empties,export,foreign,june,2022,Jun-22,Q2_2022,
pmo pier 4,cpa port,Fulls,inbound,domestic,june,2022,Jun-22,Q2_2022,
pmo pier 4,cpa port,Empties,inbound,domestic,june,2022,Jun-22,Q2_2022,
pmo pier 4,cpa port,Fulls,outbound,domestic,june,2022,Jun-22,Q2_2022,
pmo pier 4,cpa port,Empties,outbound,domestic,june,2022,Jun-22,Q2_2022,
pmo pier 4,cpa port,Fulls,import,foreign,june,2022,Jun-22,Q2_2022,
pmo pier 4,cpa port,Empties,import,foreign,june,2022,Jun-22,Q2_2022,
pmo pier 4,cpa port,Fulls,export,foreign,june,2022,Jun-22,Q2_2022,
pmo pier 4,cpa port,Empties,export,foreign,june,2022,Jun-22,Q2_2022,
pmo pier 3,cpa port,Fulls,inbound,domestic,june,2022,Jun-22,Q2_2022,323
pmo pier 3,cpa port,Empties,inbound,domestic,june,2022,Jun-22,Q2_2022,232.5
pmo pier 3,cpa port,Fulls,outbound,domestic,june,2022,Jun-22,Q2_2022,530
pmo pier 3,cpa port,Empties,outbound,domestic,june,2022,Jun-22,Q2_2022,0
pmo pier 3,cpa port,Fulls,import,foreign,june,2022,Jun-22,Q2_2022,
pmo pier 3,cpa port,Empties,import,foreign,june,2022,Jun-22,Q2_2022,
pmo pier 3,cpa port,Fulls,export,foreign,june,2022,Jun-22,Q2_2022,
pmo pier 3,cpa port,Empties,export,foreign,june,2022,Jun-22,Q2_2022,
pmo pier 1,cpa port,Fulls,Inbound,Domestic,June,2022,Jun-22,Q2_2022,291.5
pmo pier 1,cpa port,Empties,Inbound,Domestic,June,2022,Jun-22,Q2_2022,548
pmo pier 1,cpa port,Fulls,Outbound,Domestic,June,2022,Jun-22,Q2_2022,764
pmo pier 1,cpa port,Empties,Outbound,Domestic,June,2022,Jun-22,Q2_2022,48
pmo pier 1,private port,Fulls,Inbound,Domestic,June,2022,Jun-22,Q2_2022,2746
pmo pier 1,private port,Empties,Inbound,Domestic,June,2022,Jun-22,Q2_2022,61
pmo pier 1,private port,Fulls,Outbound,Domestic,June,2022,Jun-22,Q2_2022,424
pmo pier 1,private port,Empties,Outbound,Domestic,June,2022,Jun-22,Q2_2022,2401
pmo mandaue,private port,Fulls,inbound,domestic,june,2022,Jun-22,Q2_2022,2109
pmo mandaue,private port,Empties,inbound,domestic,june,2022,Jun-22,Q2_2022,120
pmo mandaue,private port,Fulls,outbound,domestic,june,2022,Jun-22,Q2_2022,1989
pmo mandaue,private port,Empties,outbound,domestic,june,2022,Jun-22,Q2_2022,
pmo mandaue,private port,Fulls,import,foreign,june,2022,Jun-22,Q2_2022,
pmo mandaue,private port,Empties,import,foreign,june,2022,Jun-22,Q2_2022,
pmo mandaue,private port,Fulls,export,foreign,june,2022,Jun-22,Q2_2022,
pmo mandaue,private port,Empties,export,foreign,june,2022,Jun-22,Q2_2022,
pmo mandaue,cpa port,Fulls,inbound,domestic,june,2022,Jun-22,Q2_2022,
pmo mandaue,cpa port,Empties,inbound,domestic,june,2022,Jun-22,Q2_2022,
pmo mandaue,cpa port,Fulls,outbound,domestic,june,2022,Jun-22,Q2_2022,
pmo mandaue,cpa port,Empties,outbound,domestic,june,2022,Jun-22,Q2_2022,
pmo mandaue,cpa port,Fulls,import,foreign,june,2022,Jun-22,Q2_2022,
pmo mandaue,cpa port,Empties,import,foreign,june,2022,Jun-22,Q2_2022,
pmo mandaue,cpa port,Fulls,export,foreign,june,2022,Jun-22,Q2_2022,
pmo mandaue,cpa port,Empties,export,foreign,june,2022,Jun-22,Q2_2022,
pmo mandaue,lgu port,Fulls,inbound,domestic,june,2022,Jun-22,Q2_2022,
pmo mandaue,lgu port,Empties,inbound,domestic,june,2022,Jun-22,Q2_2022,
pmo mandaue,lgu port,Fulls,outbound,domestic,june,2022,Jun-22,Q2_2022,
pmo mandaue,lgu port,Empties,outbound,domestic,june,2022,Jun-22,Q2_2022,
pmo mandaue,lgu port,Fulls,import,foreign,june,2022,Jun-22,Q2_2022,
pmo mandaue,lgu port,Empties,import,foreign,june,2022,Jun-22,Q2_2022,
pmo mandaue,lgu port,Fulls,export,foreign,june,2022,Jun-22,Q2_2022,
pmo mandaue,lgu port,Empties,export,foreign,june,2022,Jun-22,Q2_2022,
pmo argao,cpa port,Fulls,inbound,domestic,june,2022,Jun-22,Q2_2022,
pmo argao,cpa port,Empties,inbound,domestic,june,2022,Jun-22,Q2_2022,
pmo argao,cpa port,Fulls,outbound,domestic,june,2022,Jun-22,Q2_2022,
pmo argao,cpa port,Empties,outbound,domestic,june,2022,Jun-22,Q2_2022,
pmo argao,cpa port,Fulls,import,foreign,june,2022,Jun-22,Q2_2022,
pmo argao,cpa port,Empties,import,foreign,june,2022,Jun-22,Q2_2022,
pmo argao,cpa port,Fulls,export,foreign,june,2022,Jun-22,Q2_2022,
pmo argao,cpa port,Empties,export,foreign,june,2022,Jun-22,Q2_2022,
pmo argao,lgu port,Fulls,inbound,domestic,june,2022,Jun-22,Q2_2022,
pmo argao,lgu port,Empties,inbound,domestic,june,2022,Jun-22,Q2_2022,
pmo argao,lgu port,Fulls,outbound,domestic,june,2022,Jun-22,Q2_2022,
pmo argao,lgu port,Empties,outbound,domestic,june,2022,Jun-22,Q2_2022,
pmo argao,lgu port,Fulls,import,foreign,june,2022,Jun-22,Q2_2022,
pmo argao,lgu port,Empties,import,foreign,june,2022,Jun-22,Q2_2022,
pmo argao,lgu port,Fulls,export,foreign,june,2022,Jun-22,Q2_2022,
pmo argao,lgu port,Empties,export,foreign,june,2022,Jun-22,Q2_2022,
pmo argao,private port,Fulls,inbound,domestic,june,2022,Jun-22,Q2_2022,
pmo argao,private port,Empties,inbound,domestic,june,2022,Jun-22,Q2_2022,658
pmo argao,private port,Fulls,outbound,domestic,june,2022,Jun-22,Q2_2022,654
pmo argao,private port,Empties,outbound,domestic,june,2022,Jun-22,Q2_2022,
pmo argao,private port,Fulls,import,foreign,june,2022,Jun-22,Q2_2022,
pmo argao,private port,Empties,import,foreign,june,2022,Jun-22,Q2_2022,
pmo argao,private port,Fulls,export,foreign,june,2022,Jun-22,Q2_2022,
pmo argao,private port,Empties,export,foreign,june,2022,Jun-22,Q2_2022,
pmo cip,cpa port,Fulls,inbound,domestic,july,2022,Jul-22,Q3_2022,1025
pmo cip,cpa port,Empties,inbound,domestic,july,2022,Jul-22,Q3_2022,
pmo cip,cpa port,Fulls,outbound,domestic,july,2022,Jul-22,Q3_2022,523
pmo cip,cpa port,Empties,outbound,domestic,july,2022,Jul-22,Q3_2022,219
pmo cip,cpa port,Fulls,import,foreign,july,2022,Jul-22,Q3_2022,17934
pmo cip,cpa port,Empties,import,foreign,july,2022,Jul-22,Q3_2022,56
pmo cip,cpa port,Fulls,export,foreign,july,2022,Jul-22,Q3_2022,4458
pmo cip,cpa port,Empties,export,foreign,july,2022,Jul-22,Q3_2022,13243
pmo cip,lgu port,Fulls,inbound,domestic,july,2022,Jul-22,Q3_2022,
pmo cip,lgu port,Empties,inbound,domestic,july,2022,Jul-22,Q3_2022,
pmo cip,lgu port,Fulls,outbound,domestic,july,2022,Jul-22,Q3_2022,
pmo cip,lgu port,Empties,outbound,domestic,july,2022,Jul-22,Q3_2022,
pmo cip,lgu port,Fulls,import,foreign,july,2022,Jul-22,Q3_2022,
pmo cip,lgu port,Empties,import,foreign,july,2022,Jul-22,Q3_2022,
pmo cip,lgu port,Fulls,export,foreign,july,2022,Jul-22,Q3_2022,
pmo cip,lgu port,Empties,export,foreign,july,2022,Jul-22,Q3_2022,
pmo cip,private port,Fulls,inbound,domestic,july,2022,Jul-22,Q3_2022,
pmo cip,private port,Empties,inbound,domestic,july,2022,Jul-22,Q3_2022,
pmo cip,private port,Fulls,outbound,domestic,july,2022,Jul-22,Q3_2022,
pmo cip,private port,Empties,outbound,domestic,july,2022,Jul-22,Q3_2022,
pmo cip,private port,Fulls,import,foreign,july,2022,Jul-22,Q3_2022,
pmo cip,private port,Empties,import,foreign,july,2022,Jul-22,Q3_2022,
pmo cip,private port,Fulls,export,foreign,july,2022,Jul-22,Q3_2022,
pmo cip,private port,Empties,export,foreign,july,2022,Jul-22,Q3_2022,
pmo pier 4,cpa port,Fulls,inbound,domestic,july,2022,Jul-22,Q3_2022,14223.5
pmo pier 4,cpa port,Empties,inbound,domestic,july,2022,Jul-22,Q3_2022,524
pmo pier 4,cpa port,Fulls,outbound,domestic,july,2022,Jul-22,Q3_2022,9424.5
pmo pier 4,cpa port,Empties,outbound,domestic,july,2022,Jul-22,Q3_2022,4061
pmo pier 4,cpa port,Fulls,import,foreign,july,2022,Jul-22,Q3_2022,
pmo pier 4,cpa port,Empties,import,foreign,july,2022,Jul-22,Q3_2022,
pmo pier 4,cpa port,Fulls,export,foreign,july,2022,Jul-22,Q3_2022,
pmo pier 4,cpa port,Empties,export,foreign,july,2022,Jul-22,Q3_2022,
pmo pier 4,cpa port,Fulls,inbound,domestic,july,2022,Jul-22,Q3_2022,
pmo pier 4,cpa port,Empties,inbound,domestic,july,2022,Jul-22,Q3_2022,
pmo pier 4,cpa port,Fulls,outbound,domestic,july,2022,Jul-22,Q3_2022,
pmo pier 4,cpa port,Empties,outbound,domestic,july,2022,Jul-22,Q3_2022,
pmo pier 4,cpa port,Fulls,import,foreign,july,2022,Jul-22,Q3_2022,
pmo pier 4,cpa port,Empties,import,foreign,july,2022,Jul-22,Q3_2022,
pmo pier 4,cpa port,Fulls,export,foreign,july,2022,Jul-22,Q3_2022,
pmo pier 4,cpa port,Empties,export,foreign,july,2022,Jul-22,Q3_2022,
pmo pier 3,cpa port,Fulls,inbound,domestic,july,2022,Jul-22,Q3_2022,160.5
pmo pier 3,cpa port,Empties,inbound,domestic,july,2022,Jul-22,Q3_2022,230.5
pmo pier 3,cpa port,Fulls,outbound,domestic,july,2022,Jul-22,Q3_2022,353
pmo pier 3,cpa port,Empties,outbound,domestic,july,2022,Jul-22,Q3_2022,0
pmo pier 3,cpa port,Fulls,import,foreign,july,2022,Jul-22,Q3_2022,
pmo pier 3,cpa port,Empties,import,foreign,july,2022,Jul-22,Q3_2022,
pmo pier 3,cpa port,Fulls,export,foreign,july,2022,Jul-22,Q3_2022,
pmo pier 3,cpa port,Empties,export,foreign,july,2022,Jul-22,Q3_2022,
pmo pier 3,lgu port,Fulls,inbound,domestic,july,2022,Jul-22,Q3_2022,
pmo pier 3,lgu port,Empties,inbound,domestic,july,2022,Jul-22,Q3_2022,
pmo pier 3,lgu port,Fulls,outbound,domestic,july,2022,Jul-22,Q3_2022,
pmo pier 3,lgu port,Empties,outbound,domestic,july,2022,Jul-22,Q3_2022,
pmo pier 3,lgu port,Fulls,import,foreign,july,2022,Jul-22,Q3_2022,
pmo pier 3,lgu port,Empties,import,foreign,july,2022,Jul-22,Q3_2022,
pmo pier 3,lgu port,Fulls,export,foreign,july,2022,Jul-22,Q3_2022,
pmo pier 3,lgu port,Empties,export,foreign,july,2022,Jul-22,Q3_2022,
pmo pier 3,private port,Fulls,inbound,domestic,july,2022,Jul-22,Q3_2022,
pmo pier 3,private port,Empties,inbound,domestic,july,2022,Jul-22,Q3_2022,
pmo pier 3,private port,Fulls,outbound,domestic,july,2022,Jul-22,Q3_2022,
pmo pier 3,private port,Empties,outbound,domestic,july,2022,Jul-22,Q3_2022,
pmo pier 3,private port,Fulls,import,foreign,july,2022,Jul-22,Q3_2022,
pmo pier 3,private port,Empties,import,foreign,july,2022,Jul-22,Q3_2022,
pmo pier 3,private port,Fulls,export,foreign,july,2022,Jul-22,Q3_2022,
pmo pier 3,private port,Empties,export,foreign,july,2022,Jul-22,Q3_2022,
pmo pier 1,cpa port,Fulls,Inbound,Domestic,July,2022,Jul-22,Q3_2022,353.5
pmo pier 1,cpa port,Empties,Inbound,Domestic,July,2022,Jul-22,Q3_2022,606
pmo pier 1,cpa port,Fulls,Outbound,Domestic,July,2022,Jul-22,Q3_2022,830
pmo pier 1,cpa port,Empties,Outbound,Domestic,July,2022,Jul-22,Q3_2022,55
pmo pier 1,private port,Fulls,Inbound,Domestic,July,2022,Jul-22,Q3_2022,2910
pmo pier 1,private port,Empties,Inbound,Domestic,July,2022,Jul-22,Q3_2022,80
pmo pier 1,private port,Fulls,Outbound,Domestic,July,2022,Jul-22,Q3_2022,572
pmo pier 1,private port,Empties,Outbound,Domestic,July,2022,Jul-22,Q3_2022,2505
pmo mandaue,private port,Fulls,inbound,domestic,july,2022,Jul-22,Q3_2022,2243
pmo mandaue,private port,Empties,inbound,domestic,july,2022,Jul-22,Q3_2022,30
pmo mandaue,private port,Fulls,outbound,domestic,july,2022,Jul-22,Q3_2022,1678.25
pmo mandaue,private port,Empties,outbound,domestic,july,2022,Jul-22,Q3_2022,100
pmo mandaue,private port,Fulls,import,foreign,july,2022,Jul-22,Q3_2022,
pmo mandaue,private port,Empties,import,foreign,july,2022,Jul-22,Q3_2022,
pmo mandaue,private port,Fulls,export,foreign,july,2022,Jul-22,Q3_2022,
pmo mandaue,private port,Empties,export,foreign,july,2022,Jul-22,Q3_2022,
pmo mandaue,cpa port,Fulls,inbound,domestic,july,2022,Jul-22,Q3_2022,
pmo mandaue,cpa port,Empties,inbound,domestic,july,2022,Jul-22,Q3_2022,
pmo mandaue,cpa port,Fulls,outbound,domestic,july,2022,Jul-22,Q3_2022,
pmo mandaue,cpa port,Empties,outbound,domestic,july,2022,Jul-22,Q3_2022,
pmo mandaue,cpa port,Fulls,import,foreign,july,2022,Jul-22,Q3_2022,
pmo mandaue,cpa port,Empties,import,foreign,july,2022,Jul-22,Q3_2022,
pmo mandaue,cpa port,Fulls,export,foreign,july,2022,Jul-22,Q3_2022,
pmo mandaue,cpa port,Empties,export,foreign,july,2022,Jul-22,Q3_2022,
pmo mandaue,lgu port,Fulls,inbound,domestic,july,2022,Jul-22,Q3_2022,
pmo mandaue,lgu port,Empties,inbound,domestic,july,2022,Jul-22,Q3_2022,
pmo mandaue,lgu port,Fulls,outbound,domestic,july,2022,Jul-22,Q3_2022,
pmo mandaue,lgu port,Empties,outbound,domestic,july,2022,Jul-22,Q3_2022,
pmo mandaue,lgu port,Fulls,import,foreign,july,2022,Jul-22,Q3_2022,
pmo mandaue,lgu port,Empties,import,foreign,july,2022,Jul-22,Q3_2022,
pmo mandaue,lgu port,Fulls,export,foreign,july,2022,Jul-22,Q3_2022,
pmo mandaue,lgu port,Empties,export,foreign,july,2022,Jul-22,Q3_2022,
pmo argao,cpa port,Fulls,inbound,domestic,july,2022,Jul-22,Q3_2022,
pmo argao,cpa port,Empties,inbound,domestic,july,2022,Jul-22,Q3_2022,
pmo argao,cpa port,Fulls,outbound,domestic,july,2022,Jul-22,Q3_2022,
pmo argao,cpa port,Empties,outbound,domestic,july,2022,Jul-22,Q3_2022,
pmo argao,cpa port,Fulls,import,foreign,july,2022,Jul-22,Q3_2022,
pmo argao,cpa port,Empties,import,foreign,july,2022,Jul-22,Q3_2022,
pmo argao,cpa port,Fulls,export,foreign,july,2022,Jul-22,Q3_2022,
pmo argao,cpa port,Empties,export,foreign,july,2022,Jul-22,Q3_2022,
pmo argao,lgu port,Fulls,inbound,domestic,july,2022,Jul-22,Q3_2022,
pmo argao,lgu port,Empties,inbound,domestic,july,2022,Jul-22,Q3_2022,
pmo argao,lgu port,Fulls,outbound,domestic,july,2022,Jul-22,Q3_2022,
pmo argao,lgu port,Empties,outbound,domestic,july,2022,Jul-22,Q3_2022,
pmo argao,lgu port,Fulls,import,foreign,july,2022,Jul-22,Q3_2022,
pmo argao,lgu port,Empties,import,foreign,july,2022,Jul-22,Q3_2022,
pmo argao,lgu port,Fulls,export,foreign,july,2022,Jul-22,Q3_2022,
pmo argao,lgu port,Empties,export,foreign,july,2022,Jul-22,Q3_2022,
pmo argao,private port,Fulls,inbound,domestic,july,2022,Jul-22,Q3_2022,
pmo argao,private port,Empties,inbound,domestic,july,2022,Jul-22,Q3_2022,658
pmo argao,private port,Fulls,outbound,domestic,july,2022,Jul-22,Q3_2022,664
pmo argao,private port,Empties,outbound,domestic,july,2022,Jul-22,Q3_2022,
pmo argao,private port,Fulls,import,foreign,july,2022,Jul-22,Q3_2022,
pmo argao,private port,Empties,import,foreign,july,2022,Jul-22,Q3_2022,
pmo argao,private port,Fulls,export,foreign,july,2022,Jul-22,Q3_2022,
pmo argao,private port,Empties,export,foreign,july,2022,Jul-22,Q3_2022,
pmo cip,cpa port,Fulls,inbound,domestic,august,2022,Aug-22,Q3_2022,1277
pmo cip,cpa port,Empties,inbound,domestic,august,2022,Aug-22,Q3_2022,
pmo cip,cpa port,Fulls,outbound,domestic,august,2022,Aug-22,Q3_2022,364
pmo cip,cpa port,Empties,outbound,domestic,august,2022,Aug-22,Q3_2022,673
pmo cip,cpa port,Fulls,import,foreign,august,2022,Aug-22,Q3_2022,20271.25
pmo cip,cpa port,Empties,import,foreign,august,2022,Aug-22,Q3_2022,41
pmo cip,cpa port,Fulls,export,foreign,august,2022,Aug-22,Q3_2022,3871
pmo cip,cpa port,Empties,export,foreign,august,2022,Aug-22,Q3_2022,14587.75
pmo cip,lgu port,Fulls,inbound,domestic,august,2022,Aug-22,Q3_2022,
pmo cip,lgu port,Empties,inbound,domestic,august,2022,Aug-22,Q3_2022,
pmo cip,lgu port,Fulls,outbound,domestic,august,2022,Aug-22,Q3_2022,
pmo cip,lgu port,Empties,outbound,domestic,august,2022,Aug-22,Q3_2022,
pmo cip,lgu port,Fulls,import,foreign,august,2022,Aug-22,Q3_2022,
pmo cip,lgu port,Empties,import,foreign,august,2022,Aug-22,Q3_2022,
pmo cip,lgu port,Fulls,export,foreign,august,2022,Aug-22,Q3_2022,
pmo cip,lgu port,Empties,export,foreign,august,2022,Aug-22,Q3_2022,
pmo cip,private port,Fulls,inbound,domestic,august,2022,Aug-22,Q3_2022,6
pmo cip,private port,Empties,inbound,domestic,august,2022,Aug-22,Q3_2022,
pmo cip,private port,Fulls,outbound,domestic,august,2022,Aug-22,Q3_2022,6
pmo cip,private port,Empties,outbound,domestic,august,2022,Aug-22,Q3_2022,
pmo cip,private port,Fulls,import,foreign,august,2022,Aug-22,Q3_2022,
pmo cip,private port,Empties,import,foreign,august,2022,Aug-22,Q3_2022,
pmo cip,private port,Fulls,export,foreign,august,2022,Aug-22,Q3_2022,
pmo cip,private port,Empties,export,foreign,august,2022,Aug-22,Q3_2022,
pmo pier 4,cpa port,Fulls,inbound,domestic,august,2022,Aug-22,Q3_2022,14252.5
pmo pier 4,cpa port,Empties,inbound,domestic,august,2022,Aug-22,Q3_2022,696
pmo pier 4,cpa port,Fulls,outbound,domestic,august,2022,Aug-22,Q3_2022,9030
pmo pier 4,cpa port,Empties,outbound,domestic,august,2022,Aug-22,Q3_2022,3364.5
pmo pier 3,cpa port,Fulls,inbound,domestic,august,2022,Aug-22,Q3_2022,166.5
pmo pier 3,cpa port,Empties,inbound,domestic,august,2022,Aug-22,Q3_2022,92.5
pmo pier 3,cpa port,Fulls,outbound,domestic,august,2022,Aug-22,Q3_2022,250.5
pmo pier 3,cpa port,Empties,outbound,domestic,august,2022,Aug-22,Q3_2022,0
pmo pier 3,cpa port,Fulls,import,foreign,august,2022,Aug-22,Q3_2022,
pmo pier 3,cpa port,Empties,import,foreign,august,2022,Aug-22,Q3_2022,
pmo pier 3,cpa port,Fulls,export,foreign,august,2022,Aug-22,Q3_2022,
pmo pier 3,cpa port,Empties,export,foreign,august,2022,Aug-22,Q3_2022,
pmo pier 1,cpa port,Fulls,Inbound,domestic,august,2022,Aug-22,Q3_2022,298
pmo pier 1,cpa port,Empties,Inbound,domestic,august,2022,Aug-22,Q3_2022,590.5
pmo pier 1,cpa port,Fulls,Outbound,domestic,august,2022,Aug-22,Q3_2022,696.5
pmo pier 1,cpa port,Empties,Outbound,domestic,august,2022,Aug-22,Q3_2022,87.5
pmo pier 1,private port,Fulls,Inbound,domestic,august,2022,Aug-22,Q3_2022,919
pmo pier 1,private port,Empties,Inbound,domestic,august,2022,Aug-22,Q3_2022,82
pmo pier 1,private port,Fulls,Outbound,domestic,august,2022,Aug-22,Q3_2022,239
pmo pier 1,private port,Empties,Outbound,domestic,august,2022,Aug-22,Q3_2022,649
pmo mandaue,private port,Fulls,inbound,domestic,august,2022,Aug-22,Q3_2022,2047
pmo mandaue,private port,Empties,inbound,domestic,august,2022,Aug-22,Q3_2022,
pmo mandaue,private port,Fulls,outbound,domestic,august,2022,Aug-22,Q3_2022,1688
pmo mandaue,private port,Empties,outbound,domestic,august,2022,Aug-22,Q3_2022,46
pmo mandaue,private port,Fulls,import,foreign,august,2022,Aug-22,Q3_2022,
pmo mandaue,private port,Empties,import,foreign,august,2022,Aug-22,Q3_2022,
pmo mandaue,private port,Fulls,export,foreign,august,2022,Aug-22,Q3_2022,
pmo mandaue,private port,Empties,export,foreign,august,2022,Aug-22,Q3_2022,
pmo mandaue,cpa port,Fulls,inbound,domestic,august,2022,Aug-22,Q3_2022,
pmo mandaue,cpa port,Empties,inbound,domestic,august,2022,Aug-22,Q3_2022,
pmo mandaue,cpa port,Fulls,outbound,domestic,august,2022,Aug-22,Q3_2022,
pmo mandaue,cpa port,Empties,outbound,domestic,august,2022,Aug-22,Q3_2022,
pmo mandaue,cpa port,Fulls,import,foreign,august,2022,Aug-22,Q3_2022,
pmo mandaue,cpa port,Empties,import,foreign,august,2022,Aug-22,Q3_2022,
pmo mandaue,cpa port,Fulls,export,foreign,august,2022,Aug-22,Q3_2022,
pmo mandaue,cpa port,Empties,export,foreign,august,2022,Aug-22,Q3_2022,
pmo mandaue,lgu port,Fulls,inbound,domestic,august,2022,Aug-22,Q3_2022,
pmo mandaue,lgu port,Empties,inbound,domestic,august,2022,Aug-22,Q3_2022,
pmo mandaue,lgu port,Fulls,outbound,domestic,august,2022,Aug-22,Q3_2022,
pmo mandaue,lgu port,Empties,outbound,domestic,august,2022,Aug-22,Q3_2022,
pmo mandaue,lgu port,Fulls,import,foreign,august,2022,Aug-22,Q3_2022,
pmo mandaue,lgu port,Empties,import,foreign,august,2022,Aug-22,Q3_2022,
pmo mandaue,lgu port,Fulls,export,foreign,august,2022,Aug-22,Q3_2022,
pmo mandaue,lgu port,Empties,export,foreign,august,2022,Aug-22,Q3_2022,
pmo toledo,cpa port,Fulls,inbound,domestic,august,2022,Aug-22,Q3_2022,130
pmo toledo,cpa port,Empties,inbound,domestic,august,2022,Aug-22,Q3_2022,185
pmo toledo,cpa port,Fulls,outbound,domestic,august,2022,Aug-22,Q3_2022,
pmo toledo,cpa port,Empties,outbound,domestic,august,2022,Aug-22,Q3_2022,
pmo toledo,cpa port,Fulls,import,foreign,august,2022,Aug-22,Q3_2022,
pmo toledo,cpa port,Empties,import,foreign,august,2022,Aug-22,Q3_2022,
pmo toledo,cpa port,Fulls,export,foreign,august,2022,Aug-22,Q3_2022,
pmo toledo,cpa port,Empties,export,foreign,august,2022,Aug-22,Q3_2022,
pmo toledo,lgu port,Fulls,inbound,domestic,august,2022,Aug-22,Q3_2022,
pmo toledo,lgu port,Empties,inbound,domestic,august,2022,Aug-22,Q3_2022,
pmo toledo,lgu port,Fulls,outbound,domestic,august,2022,Aug-22,Q3_2022,
pmo toledo,lgu port,Empties,outbound,domestic,august,2022,Aug-22,Q3_2022,
pmo toledo,lgu port,Fulls,import,foreign,august,2022,Aug-22,Q3_2022,
pmo toledo,lgu port,Empties,import,foreign,august,2022,Aug-22,Q3_2022,
pmo toledo,lgu port,Fulls,export,foreign,august,2022,Aug-22,Q3_2022,
pmo toledo,lgu port,Empties,export,foreign,august,2022,Aug-22,Q3_2022,
pmo toledo,private port,Fulls,inbound,domestic,august,2022,Aug-22,Q3_2022,
pmo toledo,private port,Empties,inbound,domestic,august,2022,Aug-22,Q3_2022,
pmo toledo,private port,Fulls,outbound,domestic,august,2022,Aug-22,Q3_2022,
pmo toledo,private port,Empties,outbound,domestic,august,2022,Aug-22,Q3_2022,
pmo toledo,private port,Fulls,import,foreign,august,2022,Aug-22,Q3_2022,
pmo toledo,private port,Empties,import,foreign,august,2022,Aug-22,Q3_2022,
pmo toledo,private port,Fulls,export,foreign,august,2022,Aug-22,Q3_2022,
pmo toledo,private port,Empties,export,foreign,august,2022,Aug-22,Q3_2022,
pmo argao,cpa port,Fulls,inbound,domestic,august,2022,Aug-22,Q3_2022,
pmo argao,cpa port,Empties,inbound,domestic,august,2022,Aug-22,Q3_2022,
pmo argao,cpa port,Fulls,outbound,domestic,august,2022,Aug-22,Q3_2022,
pmo argao,cpa port,Empties,outbound,domestic,august,2022,Aug-22,Q3_2022,
pmo argao,cpa port,Fulls,import,foreign,august,2022,Aug-22,Q3_2022,
pmo argao,cpa port,Empties,import,foreign,august,2022,Aug-22,Q3_2022,
pmo argao,cpa port,Fulls,export,foreign,august,2022,Aug-22,Q3_2022,
pmo argao,cpa port,Empties,export,foreign,august,2022,Aug-22,Q3_2022,
pmo argao,lgu port,Fulls,inbound,domestic,august,2022,Aug-22,Q3_2022,
pmo argao,lgu port,Empties,inbound,domestic,august,2022,Aug-22,Q3_2022,
pmo argao,lgu port,Fulls,outbound,domestic,august,2022,Aug-22,Q3_2022,
pmo argao,lgu port,Empties,outbound,domestic,august,2022,Aug-22,Q3_2022,
pmo argao,lgu port,Fulls,import,foreign,august,2022,Aug-22,Q3_2022,
pmo argao,lgu port,Empties,import,foreign,august,2022,Aug-22,Q3_2022,
pmo argao,lgu port,Fulls,export,foreign,august,2022,Aug-22,Q3_2022,
pmo argao,lgu port,Empties,export,foreign,august,2022,Aug-22,Q3_2022,
pmo argao,private port,Fulls,inbound,domestic,august,2022,Aug-22,Q3_2022,
pmo argao,private port,Empties,inbound,domestic,august,2022,Aug-22,Q3_2022,469
pmo argao,private port,Fulls,outbound,domestic,august,2022,Aug-22,Q3_2022,464
pmo argao,private port,Empties,outbound,domestic,august,2022,Aug-22,Q3_2022,
pmo argao,private port,Fulls,import,foreign,august,2022,Aug-22,Q3_2022,
pmo argao,private port,Empties,import,foreign,august,2022,Aug-22,Q3_2022,
pmo argao,private port,Fulls,export,foreign,august,2022,Aug-22,Q3_2022,
pmo argao,private port,Empties,export,foreign,august,2022,Aug-22,Q3_2022,
pmo cip,cpa port,Fulls,inbound,domestic,september,2022,Sep-22,Q3_2022,1654
pmo cip,cpa port,Empties,inbound,domestic,september,2022,Sep-22,Q3_2022,
pmo cip,cpa port,Fulls,outbound,domestic,september,2022,Sep-22,Q3_2022,516
pmo cip,cpa port,Empties,outbound,domestic,september,2022,Sep-22,Q3_2022,1072
pmo cip,cpa port,Fulls,import,foreign,september,2022,Sep-22,Q3_2022,18228.25
pmo cip,cpa port,Empties,import,foreign,september,2022,Sep-22,Q3_2022,10
pmo cip,cpa port,Fulls,export,foreign,september,2022,Sep-22,Q3_2022,4382
pmo cip,cpa port,Empties,export,foreign,september,2022,Sep-22,Q3_2022,15349
pmo cip,lgu port,Fulls,inbound,domestic,september,2022,Sep-22,Q3_2022,
pmo cip,lgu port,Empties,inbound,domestic,september,2022,Sep-22,Q3_2022,
pmo cip,lgu port,Fulls,outbound,domestic,september,2022,Sep-22,Q3_2022,
pmo cip,lgu port,Empties,outbound,domestic,september,2022,Sep-22,Q3_2022,
pmo cip,lgu port,Fulls,import,foreign,september,2022,Sep-22,Q3_2022,
pmo cip,lgu port,Empties,import,foreign,september,2022,Sep-22,Q3_2022,
pmo cip,lgu port,Fulls,export,foreign,september,2022,Sep-22,Q3_2022,
pmo cip,lgu port,Empties,export,foreign,september,2022,Sep-22,Q3_2022,
pmo cip,private port,Fulls,inbound,domestic,september,2022,Sep-22,Q3_2022,
pmo cip,private port,Empties,inbound,domestic,september,2022,Sep-22,Q3_2022,
pmo cip,private port,Fulls,outbound,domestic,september,2022,Sep-22,Q3_2022,
pmo cip,private port,Empties,outbound,domestic,september,2022,Sep-22,Q3_2022,
pmo cip,private port,Fulls,import,foreign,september,2022,Sep-22,Q3_2022,
pmo cip,private port,Empties,import,foreign,september,2022,Sep-22,Q3_2022,
pmo cip,private port,Fulls,export,foreign,september,2022,Sep-22,Q3_2022,
pmo cip,private port,Empties,export,foreign,september,2022,Sep-22,Q3_2022,
pmo pier 4,cpa port,Fulls,inbound,domestic,september,2022,Sep-22,Q3_2022,13298.5
pmo pier 4,cpa port,Empties,inbound,domestic,september,2022,Sep-22,Q3_2022,488
pmo pier 4,cpa port,Fulls,outbound,domestic,september,2022,Sep-22,Q3_2022,7604.5
pmo pier 4,cpa port,Empties,outbound,domestic,september,2022,Sep-22,Q3_2022,3787.5
pmo pier 4,cpa port,Fulls,import,foreign,september,2022,Sep-22,Q3_2022,
pmo pier 4,cpa port,Empties,import,foreign,september,2022,Sep-22,Q3_2022,
pmo pier 4,cpa port,Fulls,export,foreign,september,2022,Sep-22,Q3_2022,
pmo pier 4,cpa port,Empties,export,foreign,september,2022,Sep-22,Q3_2022,
pmo pier 3,cpa port,Fulls,inbound,domestic,september,2022,Sep-22,Q3_2022,201.5
pmo pier 3,cpa port,Empties,inbound,domestic,september,2022,Sep-22,Q3_2022,64.5
pmo pier 3,cpa port,Fulls,outbound,domestic,september,2022,Sep-22,Q3_2022,237.5
pmo pier 3,cpa port,Empties,outbound,domestic,september,2022,Sep-22,Q3_2022,0
pmo pier 3,cpa port,Fulls,import,foreign,september,2022,Sep-22,Q3_2022,
pmo pier 3,cpa port,Empties,import,foreign,september,2022,Sep-22,Q3_2022,
pmo pier 3,cpa port,Fulls,export,foreign,september,2022,Sep-22,Q3_2022,
pmo pier 3,cpa port,Empties,export,foreign,september,2022,Sep-22,Q3_2022,
pmo pier 1,cpa port,Fulls,Inbound,Domestic,September,2022,Sep-22,Q3_2022,242
pmo pier 1,cpa port,Empties,Inbound,Domestic,September,2022,Sep-22,Q3_2022,613.5
pmo pier 1,cpa port,Fulls,Outbound,Domestic,September,2022,Sep-22,Q3_2022,705.5
pmo pier 1,cpa port,Empties,Outbound,Domestic,September,2022,Sep-22,Q3_2022,123
pmo pier 1,private port,Fulls,Inbound,Domestic,September,2022,Sep-22,Q3_2022,2499.5
pmo pier 1,private port,Empties,Inbound,Domestic,September,2022,Sep-22,Q3_2022,63
pmo pier 1,private port,Fulls,Outbound,Domestic,September,2022,Sep-22,Q3_2022,223
pmo pier 1,private port,Empties,Outbound,Domestic,September,2022,Sep-22,Q3_2022,2390
pmo mandaue,private port,Fulls,inbound,domestic,September,2022,Sep-22,Q3_2022,2232.5
pmo mandaue,private port,Empties,inbound,domestic,September,2022,Sep-22,Q3_2022,
pmo mandaue,private port,Fulls,outbound,domestic,September,2022,Sep-22,Q3_2022,1685
pmo mandaue,private port,Empties,outbound,domestic,September,2022,Sep-22,Q3_2022,21
pmo mandaue,private port,Fulls,import,foreign,September,2022,Sep-22,Q3_2022,
pmo mandaue,private port,Empties,import,foreign,September,2022,Sep-22,Q3_2022,
pmo mandaue,private port,Fulls,export,foreign,September,2022,Sep-22,Q3_2022,
pmo mandaue,private port,Empties,export,foreign,September,2022,Sep-22,Q3_2022,
pmo mandaue,cpa port,Fulls,inbound,domestic,September,2022,Sep-22,Q3_2022,
pmo mandaue,cpa port,Empties,inbound,domestic,September,2022,Sep-22,Q3_2022,
pmo mandaue,cpa port,Fulls,outbound,domestic,September,2022,Sep-22,Q3_2022,
pmo mandaue,cpa port,Empties,outbound,domestic,September,2022,Sep-22,Q3_2022,
pmo mandaue,cpa port,Fulls,import,foreign,September,2022,Sep-22,Q3_2022,
pmo mandaue,cpa port,Empties,import,foreign,September,2022,Sep-22,Q3_2022,
pmo mandaue,cpa port,Fulls,export,foreign,September,2022,Sep-22,Q3_2022,
pmo mandaue,cpa port,Empties,export,foreign,September,2022,Sep-22,Q3_2022,
pmo mandaue,lgu port,Fulls,inbound,domestic,September,2022,Sep-22,Q3_2022,
pmo mandaue,lgu port,Empties,inbound,domestic,September,2022,Sep-22,Q3_2022,
pmo mandaue,lgu port,Fulls,outbound,domestic,September,2022,Sep-22,Q3_2022,
pmo mandaue,lgu port,Empties,outbound,domestic,September,2022,Sep-22,Q3_2022,
pmo mandaue,lgu port,Fulls,import,foreign,September,2022,Sep-22,Q3_2022,
pmo mandaue,lgu port,Empties,import,foreign,September,2022,Sep-22,Q3_2022,
pmo mandaue,lgu port,Fulls,export,foreign,September,2022,Sep-22,Q3_2022,
pmo mandaue,lgu port,Empties,export,foreign,September,2022,Sep-22,Q3_2022,
pmo toledo,cpa port,Fulls,inbound,domestic,september,2022,Sep-22,Q3_2022,
pmo toledo,cpa port,Empties,inbound,domestic,september,2022,Sep-22,Q3_2022,289
pmo toledo,cpa port,Fulls,outbound,domestic,september,2022,Sep-22,Q3_2022,295
pmo toledo,cpa port,Empties,outbound,domestic,september,2022,Sep-22,Q3_2022,17
pmo toledo,cpa port,Fulls,import,foreign,september,2022,Sep-22,Q3_2022,
pmo toledo,cpa port,Empties,import,foreign,september,2022,Sep-22,Q3_2022,
pmo toledo,cpa port,Fulls,export,foreign,september,2022,Sep-22,Q3_2022,
pmo toledo,cpa port,Empties,export,foreign,september,2022,Sep-22,Q3_2022,
pmo toledo,lgu port,Fulls,inbound,domestic,september,2022,Sep-22,Q3_2022,0
pmo toledo,lgu port,Empties,inbound,domestic,september,2022,Sep-22,Q3_2022,0
pmo toledo,lgu port,Fulls,outbound,domestic,september,2022,Sep-22,Q3_2022,0
pmo toledo,lgu port,Empties,outbound,domestic,september,2022,Sep-22,Q3_2022,0
pmo toledo,lgu port,Fulls,import,foreign,september,2022,Sep-22,Q3_2022,
pmo toledo,lgu port,Empties,import,foreign,september,2022,Sep-22,Q3_2022,
pmo toledo,lgu port,Fulls,export,foreign,september,2022,Sep-22,Q3_2022,
pmo toledo,lgu port,Empties,export,foreign,september,2022,Sep-22,Q3_2022,
pmo toledo,private port,Fulls,inbound,domestic,september,2022,Sep-22,Q3_2022,0
pmo toledo,private port,Empties,inbound,domestic,september,2022,Sep-22,Q3_2022,0
pmo toledo,private port,Fulls,outbound,domestic,september,2022,Sep-22,Q3_2022,0
pmo toledo,private port,Empties,outbound,domestic,september,2022,Sep-22,Q3_2022,
pmo toledo,private port,Fulls,import,foreign,september,2022,Sep-22,Q3_2022,
pmo toledo,private port,Empties,import,foreign,september,2022,Sep-22,Q3_2022,
pmo toledo,private port,Fulls,export,foreign,september,2022,Sep-22,Q3_2022,
pmo toledo,private port,Empties,export,foreign,september,2022,Sep-22,Q3_2022,
pmo argao,cpa port,Fulls,inbound,domestic,september,2022,Sep-22,Q3_2022,
pmo argao,cpa port,Empties,inbound,domestic,september,2022,Sep-22,Q3_2022,
pmo argao,cpa port,Fulls,outbound,domestic,september,2022,Sep-22,Q3_2022,
pmo argao,cpa port,Empties,outbound,domestic,september,2022,Sep-22,Q3_2022,
pmo argao,cpa port,Fulls,import,foreign,september,2022,Sep-22,Q3_2022,
pmo argao,cpa port,Empties,import,foreign,september,2022,Sep-22,Q3_2022,
pmo argao,cpa port,Fulls,export,foreign,september,2022,Sep-22,Q3_2022,
pmo argao,cpa port,Empties,export,foreign,september,2022,Sep-22,Q3_2022,
pmo argao,lgu port,Fulls,inbound,domestic,september,2022,Sep-22,Q3_2022,
pmo argao,lgu port,Empties,inbound,domestic,september,2022,Sep-22,Q3_2022,
pmo argao,lgu port,Fulls,outbound,domestic,september,2022,Sep-22,Q3_2022,
pmo argao,lgu port,Empties,outbound,domestic,september,2022,Sep-22,Q3_2022,
pmo argao,lgu port,Fulls,import,foreign,september,2022,Sep-22,Q3_2022,
pmo argao,lgu port,Empties,import,foreign,september,2022,Sep-22,Q3_2022,
pmo argao,lgu port,Fulls,export,foreign,september,2022,Sep-22,Q3_2022,
pmo argao,lgu port,Empties,export,foreign,september,2022,Sep-22,Q3_2022,
pmo argao,private port,Fulls,inbound,domestic,september,2022,Sep-22,Q3_2022,
pmo argao,private port,Empties,inbound,domestic,september,2022,Sep-22,Q3_2022,569
pmo argao,private port,Fulls,outbound,domestic,september,2022,Sep-22,Q3_2022,564
pmo argao,private port,Empties,outbound,domestic,september,2022,Sep-22,Q3_2022,
pmo argao,private port,Fulls,import,foreign,september,2022,Sep-22,Q3_2022,
pmo argao,private port,Empties,import,foreign,september,2022,Sep-22,Q3_2022,
pmo argao,private port,Fulls,export,foreign,september,2022,Sep-22,Q3_2022,
pmo argao,private port,Empties,export,foreign,september,2022,Sep-22,Q3_2022,
pmo cip,cpa port,Fulls,inbound,domestic,october,2022,Oct-22,Q4_2022,1598
pmo cip,cpa port,Empties,inbound,domestic,october,2022,Oct-22,Q4_2022,
pmo cip,cpa port,Fulls,outbound,domestic,october,2022,Oct-22,Q4_2022,517
pmo cip,cpa port,Empties,outbound,domestic,october,2022,Oct-22,Q4_2022,746
pmo cip,cpa port,Fulls,import,foreign,october,2022,Oct-22,Q4_2022,15975
pmo cip,cpa port,Empties,import,foreign,october,2022,Oct-22,Q4_2022,
pmo cip,cpa port,Fulls,export,foreign,october,2022,Oct-22,Q4_2022,4117.25
pmo cip,cpa port,Empties,export,foreign,october,2022,Oct-22,Q4_2022,14967.5
pmo cip,lgu port,Fulls,inbound,domestic,october,2022,Oct-22,Q4_2022,
pmo cip,lgu port,Empties,inbound,domestic,october,2022,Oct-22,Q4_2022,
pmo cip,lgu port,Fulls,outbound,domestic,october,2022,Oct-22,Q4_2022,
pmo cip,lgu port,Empties,outbound,domestic,october,2022,Oct-22,Q4_2022,
pmo cip,lgu port,Fulls,import,foreign,october,2022,Oct-22,Q4_2022,
pmo cip,lgu port,Empties,import,foreign,october,2022,Oct-22,Q4_2022,
pmo cip,lgu port,Fulls,export,foreign,october,2022,Oct-22,Q4_2022,
pmo cip,lgu port,Empties,export,foreign,october,2022,Oct-22,Q4_2022,
pmo cip,private port,Fulls,inbound,domestic,october,2022,Oct-22,Q4_2022,
pmo cip,private port,Empties,inbound,domestic,october,2022,Oct-22,Q4_2022,
pmo cip,private port,Fulls,outbound,domestic,october,2022,Oct-22,Q4_2022,
pmo cip,private port,Empties,outbound,domestic,october,2022,Oct-22,Q4_2022,
pmo cip,private port,Fulls,import,foreign,october,2022,Oct-22,Q4_2022,
pmo cip,private port,Empties,import,foreign,october,2022,Oct-22,Q4_2022,
pmo cip,private port,Fulls,export,foreign,october,2022,Oct-22,Q4_2022,
pmo cip,private port,Empties,export,foreign,october,2022,Oct-22,Q4_2022,
pmo pier 4,cpa port,Fulls,inbound,domestic,october,2022,Oct-22,Q4_2022,13353.5
pmo pier 4,cpa port,Empties,inbound,domestic,october,2022,Oct-22,Q4_2022,471.5
pmo pier 4,cpa port,Fulls,outbound,domestic,october,2022,Oct-22,Q4_2022,7773
pmo pier 4,cpa port,Empties,outbound,domestic,october,2022,Oct-22,Q4_2022,3152
pmo pier 4,cpa port,Fulls,import,foreign,october,2022,Oct-22,Q4_2022,
pmo pier 4,cpa port,Empties,import,foreign,october,2022,Oct-22,Q4_2022,
pmo pier 4,cpa port,Fulls,export,foreign,october,2022,Oct-22,Q4_2022,
pmo pier 4,cpa port,Empties,export,foreign,october,2022,Oct-22,Q4_2022,
pmo pier 3,cpa port,Fulls,inbound,domestic,october,2022,Oct-22,Q4_2022,220.5
pmo pier 3,cpa port,Empties,inbound,domestic,october,2022,Oct-22,Q4_2022,123.5
pmo pier 3,cpa port,Fulls,outbound,domestic,october,2022,Oct-22,Q4_2022,317.5
pmo pier 3,cpa port,Empties,outbound,domestic,october,2022,Oct-22,Q4_2022,0
pmo pier 3,cpa port,Fulls,import,foreign,october,2022,Oct-22,Q4_2022,
pmo pier 3,cpa port,Empties,import,foreign,october,2022,Oct-22,Q4_2022,
pmo pier 3,cpa port,Fulls,export,foreign,october,2022,Oct-22,Q4_2022,
pmo pier 3,cpa port,Empties,export,foreign,october,2022,Oct-22,Q4_2022,
pmo mandaue,private port,Fulls,inbound,domestic,October,2022,Oct-22,Q4_2022,2309
pmo mandaue,private port,Empties,inbound,domestic,October,2022,Oct-22,Q4_2022,110
pmo mandaue,private port,Fulls,outbound,domestic,October,2022,Oct-22,Q4_2022,1789
pmo mandaue,private port,Empties,outbound,domestic,October,2022,Oct-22,Q4_2022,10
pmo mandaue,private port,Fulls,import,foreign,October,2022,Oct-22,Q4_2022,
pmo mandaue,private port,Empties,import,foreign,October,2022,Oct-22,Q4_2022,
pmo mandaue,private port,Fulls,export,foreign,October,2022,Oct-22,Q4_2022,
pmo mandaue,private port,Empties,export,foreign,October,2022,Oct-22,Q4_2022,
pmo mandaue,cpa port,Fulls,inbound,domestic,October,2022,Oct-22,Q4_2022,
pmo mandaue,cpa port,Empties,inbound,domestic,October,2022,Oct-22,Q4_2022,
pmo mandaue,cpa port,Fulls,outbound,domestic,October,2022,Oct-22,Q4_2022,
pmo mandaue,cpa port,Empties,outbound,domestic,October,2022,Oct-22,Q4_2022,
pmo mandaue,cpa port,Fulls,import,foreign,October,2022,Oct-22,Q4_2022,
pmo mandaue,cpa port,Empties,import,foreign,October,2022,Oct-22,Q4_2022,
pmo mandaue,cpa port,Fulls,export,foreign,October,2022,Oct-22,Q4_2022,
pmo mandaue,cpa port,Empties,export,foreign,October,2022,Oct-22,Q4_2022,
pmo mandaue,lgu port,Fulls,inbound,domestic,October,2022,Oct-22,Q4_2022,
pmo mandaue,lgu port,Empties,inbound,domestic,October,2022,Oct-22,Q4_2022,
pmo mandaue,lgu port,Fulls,outbound,domestic,October,2022,Oct-22,Q4_2022,
pmo mandaue,lgu port,Empties,outbound,domestic,October,2022,Oct-22,Q4_2022,
pmo mandaue,lgu port,Fulls,import,foreign,October,2022,Oct-22,Q4_2022,
pmo mandaue,lgu port,Empties,import,foreign,October,2022,Oct-22,Q4_2022,
pmo mandaue,lgu port,Fulls,export,foreign,October,2022,Oct-22,Q4_2022,
pmo mandaue,lgu port,Empties,export,foreign,October,2022,Oct-22,Q4_2022,
pmo argao,cpa port,Fulls,inbound,domestic,october,2022,Oct-22,Q4_2022,
pmo argao,cpa port,Empties,inbound,domestic,october,2022,Oct-22,Q4_2022,
pmo argao,cpa port,Fulls,outbound,domestic,october,2022,Oct-22,Q4_2022,
pmo argao,cpa port,Empties,outbound,domestic,october,2022,Oct-22,Q4_2022,
pmo argao,cpa port,Fulls,import,foreign,october,2022,Oct-22,Q4_2022,
pmo argao,cpa port,Empties,import,foreign,october,2022,Oct-22,Q4_2022,
pmo argao,cpa port,Fulls,export,foreign,october,2022,Oct-22,Q4_2022,
pmo argao,cpa port,Empties,export,foreign,october,2022,Oct-22,Q4_2022,
pmo argao,lgu port,Fulls,inbound,domestic,october,2022,Oct-22,Q4_2022,
pmo argao,lgu port,Empties,inbound,domestic,october,2022,Oct-22,Q4_2022,
pmo argao,lgu port,Fulls,outbound,domestic,october,2022,Oct-22,Q4_2022,
pmo argao,lgu port,Empties,outbound,domestic,october,2022,Oct-22,Q4_2022,
pmo argao,lgu port,Fulls,import,foreign,october,2022,Oct-22,Q4_2022,
pmo argao,lgu port,Empties,import,foreign,october,2022,Oct-22,Q4_2022,
pmo argao,lgu port,Fulls,export,foreign,october,2022,Oct-22,Q4_2022,
pmo argao,lgu port,Empties,export,foreign,october,2022,Oct-22,Q4_2022,
pmo argao,private port,Fulls,inbound,domestic,october,2022,Oct-22,Q4_2022,
pmo argao,private port,Empties,inbound,domestic,october,2022,Oct-22,Q4_2022,562
pmo argao,private port,Fulls,outbound,domestic,october,2022,Oct-22,Q4_2022,564
pmo argao,private port,Empties,outbound,domestic,october,2022,Oct-22,Q4_2022,
pmo argao,private port,Fulls,import,foreign,october,2022,Oct-22,Q4_2022,
pmo argao,private port,Empties,import,foreign,october,2022,Oct-22,Q4_2022,
pmo argao,private port,Fulls,export,foreign,october,2022,Oct-22,Q4_2022,
pmo argao,private port,Empties,export,foreign,october,2022,Oct-22,Q4_2022,
pmo pier 1,cpa port,Fulls,Inbound,Domestic,October,2022,Oct-22,Q4_2022,236.5
pmo pier 1,cpa port,Empties,Inbound,Domestic,October,2022,Oct-22,Q4_2022,636
pmo pier 1,cpa port,Fulls,Outbound,Domestic,October,2022,Oct-22,Q4_2022,727
pmo pier 1,cpa port,Empties,Outbound,Domestic,October,2022,Oct-22,Q4_2022,74
pmo pier 1,private port,Fulls,Inbound,Domestic,October,2022,Oct-22,Q4_2022,3735
pmo pier 1,private port,Empties,Inbound,Domestic,October,2022,Oct-22,Q4_2022,193
pmo pier 1,private port,Fulls,Outbound,Domestic,October,2022,Oct-22,Q4_2022,738.5
pmo pier 1,private port,Empties,Outbound,Domestic,October,2022,Oct-22,Q4_2022,2915
pmo cip,cpa port,Fulls,inbound,domestic,november,2022,Nov-22,Q4_2022,1468
pmo cip,cpa port,Empties,inbound,domestic,november,2022,Nov-22,Q4_2022,3
pmo cip,cpa port,Fulls,outbound,domestic,november,2022,Nov-22,Q4_2022,530
pmo cip,cpa port,Empties,outbound,domestic,november,2022,Nov-22,Q4_2022,335
pmo cip,cpa port,Fulls,import,foreign,november,2022,Nov-22,Q4_2022,17053.25
pmo cip,cpa port,Empties,import,foreign,november,2022,Nov-22,Q4_2022,108
pmo cip,cpa port,Fulls,export,foreign,november,2022,Nov-22,Q4_2022,4552.25
pmo cip,cpa port,Empties,export,foreign,november,2022,Nov-22,Q4_2022,13158.25
pmo cip,lgu port,Fulls,inbound,domestic,november,2022,Nov-22,Q4_2022,
pmo cip,lgu port,Empties,inbound,domestic,november,2022,Nov-22,Q4_2022,
pmo cip,lgu port,Fulls,outbound,domestic,november,2022,Nov-22,Q4_2022,
pmo cip,lgu port,Empties,outbound,domestic,november,2022,Nov-22,Q4_2022,
pmo cip,lgu port,Fulls,import,foreign,november,2022,Nov-22,Q4_2022,
pmo cip,lgu port,Empties,import,foreign,november,2022,Nov-22,Q4_2022,
pmo cip,lgu port,Fulls,export,foreign,november,2022,Nov-22,Q4_2022,
pmo cip,lgu port,Empties,export,foreign,november,2022,Nov-22,Q4_2022,
pmo cip,private port,Fulls,inbound,domestic,november,2022,Nov-22,Q4_2022,
pmo cip,private port,Empties,inbound,domestic,november,2022,Nov-22,Q4_2022,
pmo cip,private port,Fulls,outbound,domestic,november,2022,Nov-22,Q4_2022,
pmo cip,private port,Empties,outbound,domestic,november,2022,Nov-22,Q4_2022,
pmo cip,private port,Fulls,import,foreign,november,2022,Nov-22,Q4_2022,
pmo cip,private port,Empties,import,foreign,november,2022,Nov-22,Q4_2022,
pmo cip,private port,Fulls,export,foreign,november,2022,Nov-22,Q4_2022,
pmo cip,private port,Empties,export,foreign,november,2022,Nov-22,Q4_2022,
pmo pier 4,cpa port,Fulls,inbound,domestic,november,2022,Nov-22,Q4_2022,13125
pmo pier 4,cpa port,Empties,inbound,domestic,november,2022,Nov-22,Q4_2022,505
pmo pier 4,cpa port,Fulls,outbound,domestic,november,2022,Nov-22,Q4_2022,8693.5
pmo pier 4,cpa port,Empties,outbound,domestic,november,2022,Nov-22,Q4_2022,2301.5
pmo pier 4,cpa port,Fulls,import,foreign,november,2022,Nov-22,Q4_2022,
pmo pier 4,cpa port,Empties,import,foreign,november,2022,Nov-22,Q4_2022,
pmo pier 4,cpa port,Fulls,export,foreign,november,2022,Nov-22,Q4_2022,
pmo pier 4,cpa port,Empties,export,foreign,november,2022,Nov-22,Q4_2022,
pmo pier 3,cpa port,Fulls,inbound,domestic,november,2022,Nov-22,Q4_2022,142
pmo pier 3,cpa port,Empties,inbound,domestic,november,2022,Nov-22,Q4_2022,159.5
pmo pier 3,cpa port,Fulls,outbound,domestic,november,2022,Nov-22,Q4_2022,284
pmo pier 3,cpa port,Empties,outbound,domestic,november,2022,Nov-22,Q4_2022,0
pmo pier 3,cpa port,Fulls,import,foreign,november,2022,Nov-22,Q4_2022,
pmo pier 3,cpa port,Empties,import,foreign,november,2022,Nov-22,Q4_2022,
pmo pier 3,cpa port,Fulls,export,foreign,november,2022,Nov-22,Q4_2022,
pmo pier 3,cpa port,Empties,export,foreign,november,2022,Nov-22,Q4_2022,
pmo pier 1,cpa port,Fulls,Inbound,Domestic,November,2022,Nov-22,Q4_2022,222.5
pmo pier 1,cpa port,Empties,Inbound,Domestic,November,2022,Nov-22,Q4_2022,721.5
pmo pier 1,cpa port,Fulls,Outbound,Domestic,November,2022,Nov-22,Q4_2022,842.5
pmo pier 1,cpa port,Empties,Outbound,Domestic,November,2022,Nov-22,Q4_2022,83.5
pmo pier 1,private port,Fulls,Inbound,Domestic,November,2022,Nov-22,Q4_2022,4985.5
pmo pier 1,private port,Empties,Inbound,Domestic,November,2022,Nov-22,Q4_2022,510
pmo pier 1,private port,Fulls,Outbound,Domestic,November,2022,Nov-22,Q4_2022,1335
pmo pier 1,private port,Empties,Outbound,Domestic,November,2022,Nov-22,Q4_2022,3866
pmo mandaue,private port,Fulls,inbound,domestic,November,2022,Nov-22,Q4_2022,2272
pmo mandaue,private port,Empties,inbound,domestic,November,2022,Nov-22,Q4_2022,77
pmo mandaue,private port,Fulls,outbound,domestic,November,2022,Nov-22,Q4_2022,1453
pmo mandaue,private port,Empties,outbound,domestic,November,2022,Nov-22,Q4_2022,217
pmo mandaue,private port,Fulls,import,foreign,November,2022,Nov-22,Q4_2022,
pmo mandaue,private port,Empties,import,foreign,November,2022,Nov-22,Q4_2022,
pmo mandaue,private port,Fulls,export,foreign,November,2022,Nov-22,Q4_2022,
pmo mandaue,private port,Empties,export,foreign,November,2022,Nov-22,Q4_2022,
pmo mandaue,cpa port,Fulls,inbound,domestic,November,2022,Nov-22,Q4_2022,
pmo mandaue,cpa port,Empties,inbound,domestic,November,2022,Nov-22,Q4_2022,
pmo mandaue,cpa port,Fulls,outbound,domestic,November,2022,Nov-22,Q4_2022,
pmo mandaue,cpa port,Empties,outbound,domestic,November,2022,Nov-22,Q4_2022,
pmo mandaue,cpa port,Fulls,import,foreign,November,2022,Nov-22,Q4_2022,
pmo mandaue,cpa port,Empties,import,foreign,November,2022,Nov-22,Q4_2022,
pmo mandaue,cpa port,Fulls,export,foreign,November,2022,Nov-22,Q4_2022,
pmo mandaue,cpa port,Empties,export,foreign,November,2022,Nov-22,Q4_2022,
pmo mandaue,lgu port,Fulls,inbound,domestic,November,2022,Nov-22,Q4_2022,
pmo mandaue,lgu port,Empties,inbound,domestic,November,2022,Nov-22,Q4_2022,
pmo mandaue,lgu port,Fulls,outbound,domestic,November,2022,Nov-22,Q4_2022,
pmo mandaue,lgu port,Empties,outbound,domestic,November,2022,Nov-22,Q4_2022,
pmo mandaue,lgu port,Fulls,import,foreign,November,2022,Nov-22,Q4_2022,
pmo mandaue,lgu port,Empties,import,foreign,November,2022,Nov-22,Q4_2022,
pmo mandaue,lgu port,Fulls,export,foreign,November,2022,Nov-22,Q4_2022,
pmo mandaue,lgu port,Empties,export,foreign,November,2022,Nov-22,Q4_2022,
pmo toledo,cpa port,Fulls,inbound,domestic,november,2022,Nov-22,Q4_2022,
pmo toledo,cpa port,Empties,inbound,domestic,november,2022,Nov-22,Q4_2022,90
pmo toledo,cpa port,Fulls,outbound,domestic,november,2022,Nov-22,Q4_2022,
pmo toledo,cpa port,Empties,outbound,domestic,november,2022,Nov-22,Q4_2022,
pmo toledo,cpa port,Fulls,import,foreign,november,2022,Nov-22,Q4_2022,
pmo toledo,cpa port,Empties,import,foreign,november,2022,Nov-22,Q4_2022,
pmo toledo,cpa port,Fulls,export,foreign,november,2022,Nov-22,Q4_2022,
pmo toledo,cpa port,Empties,export,foreign,november,2022,Nov-22,Q4_2022,
pmo toledo,lgu port,Fulls,inbound,domestic,november,2022,Nov-22,Q4_2022,
pmo toledo,lgu port,Empties,inbound,domestic,november,2022,Nov-22,Q4_2022,
pmo toledo,lgu port,Fulls,outbound,domestic,november,2022,Nov-22,Q4_2022,
pmo toledo,lgu port,Empties,outbound,domestic,november,2022,Nov-22,Q4_2022,
pmo toledo,lgu port,Fulls,import,foreign,november,2022,Nov-22,Q4_2022,
pmo toledo,lgu port,Empties,import,foreign,november,2022,Nov-22,Q4_2022,
pmo toledo,lgu port,Fulls,export,foreign,november,2022,Nov-22,Q4_2022,
pmo toledo,lgu port,Empties,export,foreign,november,2022,Nov-22,Q4_2022,
pmo toledo,private port,Fulls,inbound,domestic,november,2022,Nov-22,Q4_2022,
pmo toledo,private port,Empties,inbound,domestic,november,2022,Nov-22,Q4_2022,
pmo toledo,private port,Fulls,outbound,domestic,november,2022,Nov-22,Q4_2022,
pmo toledo,private port,Empties,outbound,domestic,november,2022,Nov-22,Q4_2022,
pmo toledo,private port,Fulls,import,foreign,november,2022,Nov-22,Q4_2022,
pmo toledo,private port,Empties,import,foreign,november,2022,Nov-22,Q4_2022,
pmo toledo,private port,Fulls,export,foreign,november,2022,Nov-22,Q4_2022,
pmo toledo,private port,Empties,export,foreign,november,2022,Nov-22,Q4_2022,
pmo argao,cpa port,Fulls,inbound,domestic,november,2022,Nov-22,Q4_2022,
pmo argao,cpa port,Empties,inbound,domestic,november,2022,Nov-22,Q4_2022,
pmo argao,cpa port,Fulls,outbound,domestic,november,2022,Nov-22,Q4_2022,
pmo argao,cpa port,Empties,outbound,domestic,november,2022,Nov-22,Q4_2022,
pmo argao,cpa port,Fulls,import,foreign,november,2022,Nov-22,Q4_2022,
pmo argao,cpa port,Empties,import,foreign,november,2022,Nov-22,Q4_2022,
pmo argao,cpa port,Fulls,export,foreign,november,2022,Nov-22,Q4_2022,
pmo argao,cpa port,Empties,export,foreign,november,2022,Nov-22,Q4_2022,
pmo argao,lgu port,Fulls,inbound,domestic,november,2022,Nov-22,Q4_2022,
pmo argao,lgu port,Empties,inbound,domestic,november,2022,Nov-22,Q4_2022,
pmo argao,lgu port,Fulls,outbound,domestic,november,2022,Nov-22,Q4_2022,
pmo argao,lgu port,Empties,outbound,domestic,november,2022,Nov-22,Q4_2022,
pmo argao,lgu port,Fulls,import,foreign,november,2022,Nov-22,Q4_2022,
pmo argao,lgu port,Empties,import,foreign,november,2022,Nov-22,Q4_2022,
pmo argao,lgu port,Fulls,export,foreign,november,2022,Nov-22,Q4_2022,
pmo argao,lgu port,Empties,export,foreign,november,2022,Nov-22,Q4_2022,
pmo argao,private port,Fulls,inbound,domestic,november,2022,Nov-22,Q4_2022,
pmo argao,private port,Empties,inbound,domestic,november,2022,Nov-22,Q4_2022,476
pmo argao,private port,Fulls,outbound,domestic,november,2022,Nov-22,Q4_2022,476
pmo argao,private port,Empties,outbound,domestic,november,2022,Nov-22,Q4_2022,
pmo argao,private port,Fulls,import,foreign,november,2022,Nov-22,Q4_2022,
pmo argao,private port,Empties,import,foreign,november,2022,Nov-22,Q4_2022,
pmo argao,private port,Fulls,export,foreign,november,2022,Nov-22,Q4_2022,
pmo argao,private port,Empties,export,foreign,november,2022,Nov-22,Q4_2022,
pmo cip,cpa port,Fulls,inbound,domestic,december,2022,Dec-22,Q4_2022,1728
pmo cip,cpa port,Empties,inbound,domestic,december,2022,Dec-22,Q4_2022,10
pmo cip,cpa port,Fulls,outbound,domestic,december,2022,Dec-22,Q4_2022,767
pmo cip,cpa port,Empties,outbound,domestic,december,2022,Dec-22,Q4_2022,657
pmo cip,cpa port,Fulls,import,foreign,december,2022,Dec-22,Q4_2022,17497
pmo cip,cpa port,Empties,import,foreign,december,2022,Dec-22,Q4_2022,110
pmo cip,cpa port,Fulls,export,foreign,december,2022,Dec-22,Q4_2022,4386
pmo cip,cpa port,Empties,export,foreign,december,2022,Dec-22,Q4_2022,11616.75
pmo cip,lgu port,Fulls,inbound,domestic,december,2022,Dec-22,Q4_2022,
pmo cip,lgu port,Empties,inbound,domestic,december,2022,Dec-22,Q4_2022,
pmo cip,lgu port,Fulls,outbound,domestic,december,2022,Dec-22,Q4_2022,
pmo cip,lgu port,Empties,outbound,domestic,december,2022,Dec-22,Q4_2022,
pmo cip,lgu port,Fulls,import,foreign,december,2022,Dec-22,Q4_2022,
pmo cip,lgu port,Empties,import,foreign,december,2022,Dec-22,Q4_2022,
pmo cip,lgu port,Fulls,export,foreign,december,2022,Dec-22,Q4_2022,
pmo cip,lgu port,Empties,export,foreign,december,2022,Dec-22,Q4_2022,
pmo cip,private port,Fulls,inbound,domestic,december,2022,Dec-22,Q4_2022,
pmo cip,private port,Empties,inbound,domestic,december,2022,Dec-22,Q4_2022,
pmo cip,private port,Fulls,outbound,domestic,december,2022,Dec-22,Q4_2022,
pmo cip,private port,Empties,outbound,domestic,december,2022,Dec-22,Q4_2022,
pmo cip,private port,Fulls,import,foreign,december,2022,Dec-22,Q4_2022,
pmo cip,private port,Empties,import,foreign,december,2022,Dec-22,Q4_2022,
pmo cip,private port,Fulls,export,foreign,december,2022,Dec-22,Q4_2022,
pmo cip,private port,Empties,export,foreign,december,2022,Dec-22,Q4_2022,
pmo pier 3,cpa port,Fulls,inbound,domestic,december,2022,Dec-22,Q4_2022,160.5
pmo pier 3,cpa port,Empties,inbound,domestic,december,2022,Dec-22,Q4_2022,146.5
pmo pier 3,cpa port,Fulls,outbound,domestic,december,2022,Dec-22,Q4_2022,296.5
pmo pier 3,cpa port,Empties,outbound,domestic,december,2022,Dec-22,Q4_2022,0
pmo pier 3,cpa port,Fulls,import,foreign,december,2022,Dec-22,Q4_2022,
pmo pier 3,cpa port,Empties,import,foreign,december,2022,Dec-22,Q4_2022,
pmo pier 3,cpa port,Fulls,export,foreign,december,2022,Dec-22,Q4_2022,
pmo pier 3,cpa port,Empties,export,foreign,december,2022,Dec-22,Q4_2022,
pmo pier 3,lgu port,Fulls,inbound,domestic,december,2022,Dec-22,Q4_2022,
pmo pier 3,lgu port,Empties,inbound,domestic,december,2022,Dec-22,Q4_2022,
pmo pier 3,lgu port,Fulls,outbound,domestic,december,2022,Dec-22,Q4_2022,
pmo pier 3,lgu port,Empties,outbound,domestic,december,2022,Dec-22,Q4_2022,
pmo pier 3,lgu port,Fulls,import,foreign,december,2022,Dec-22,Q4_2022,
pmo pier 3,lgu port,Empties,import,foreign,december,2022,Dec-22,Q4_2022,
pmo pier 3,lgu port,Fulls,export,foreign,december,2022,Dec-22,Q4_2022,
pmo pier 3,lgu port,Empties,export,foreign,december,2022,Dec-22,Q4_2022,
pmo pier 3,private port,Fulls,inbound,domestic,december,2022,Dec-22,Q4_2022,
pmo pier 3,private port,Empties,inbound,domestic,december,2022,Dec-22,Q4_2022,
pmo pier 3,private port,Fulls,outbound,domestic,december,2022,Dec-22,Q4_2022,
pmo pier 3,private port,Empties,outbound,domestic,december,2022,Dec-22,Q4_2022,
pmo pier 3,private port,Fulls,import,foreign,december,2022,Dec-22,Q4_2022,
pmo pier 3,private port,Empties,import,foreign,december,2022,Dec-22,Q4_2022,
pmo pier 3,private port,Fulls,export,foreign,december,2022,Dec-22,Q4_2022,
pmo pier 3,private port,Empties,export,foreign,december,2022,Dec-22,Q4_2022,
pmo mandaue,private port,Fulls,inbound,domestic,december,2022,Dec-22,Q4_2022,2168
pmo mandaue,private port,Empties,inbound,domestic,december,2022,Dec-22,Q4_2022,26
pmo mandaue,private port,Fulls,outbound,domestic,december,2022,Dec-22,Q4_2022,1502
pmo mandaue,private port,Empties,outbound,domestic,december,2022,Dec-22,Q4_2022,211
pmo mandaue,private port,Fulls,import,foreign,december,2022,Dec-22,Q4_2022,
pmo mandaue,private port,Empties,import,foreign,december,2022,Dec-22,Q4_2022,
pmo mandaue,private port,Fulls,export,foreign,december,2022,Dec-22,Q4_2022,
pmo mandaue,private port,Empties,export,foreign,december,2022,Dec-22,Q4_2022,
pmo mandaue,cpa port,Fulls,inbound,domestic,december,2022,Dec-22,Q4_2022,
pmo mandaue,cpa port,Empties,inbound,domestic,december,2022,Dec-22,Q4_2022,
pmo mandaue,cpa port,Fulls,outbound,domestic,december,2022,Dec-22,Q4_2022,
pmo mandaue,cpa port,Empties,outbound,domestic,december,2022,Dec-22,Q4_2022,
pmo mandaue,cpa port,Fulls,import,foreign,december,2022,Dec-22,Q4_2022,
pmo mandaue,cpa port,Empties,import,foreign,december,2022,Dec-22,Q4_2022,
pmo mandaue,cpa port,Fulls,export,foreign,december,2022,Dec-22,Q4_2022,
pmo mandaue,cpa port,Empties,export,foreign,december,2022,Dec-22,Q4_2022,
pmo mandaue,lgu port,Fulls,inbound,domestic,december,2022,Dec-22,Q4_2022,
pmo mandaue,lgu port,Empties,inbound,domestic,december,2022,Dec-22,Q4_2022,
pmo mandaue,lgu port,Fulls,outbound,domestic,december,2022,Dec-22,Q4_2022,
pmo mandaue,lgu port,Empties,outbound,domestic,december,2022,Dec-22,Q4_2022,
pmo mandaue,lgu port,Fulls,import,foreign,december,2022,Dec-22,Q4_2022,
pmo mandaue,lgu port,Empties,import,foreign,december,2022,Dec-22,Q4_2022,
pmo mandaue,lgu port,Fulls,export,foreign,december,2022,Dec-22,Q4_2022,
pmo mandaue,lgu port,Empties,export,foreign,december,2022,Dec-22,Q4_2022,
pmo argao,cpa port,Fulls,inbound,domestic,december,2022,Dec-22,Q4_2022,
pmo argao,cpa port,Empties,inbound,domestic,december,2022,Dec-22,Q4_2022,
pmo argao,cpa port,Fulls,outbound,domestic,december,2022,Dec-22,Q4_2022,
pmo argao,cpa port,Empties,outbound,domestic,december,2022,Dec-22,Q4_2022,
pmo argao,cpa port,Fulls,import,foreign,december,2022,Dec-22,Q4_2022,
pmo argao,cpa port,Empties,import,foreign,december,2022,Dec-22,Q4_2022,
pmo argao,cpa port,Fulls,export,foreign,december,2022,Dec-22,Q4_2022,
pmo argao,cpa port,Empties,export,foreign,december,2022,Dec-22,Q4_2022,
pmo argao,lgu port,Fulls,inbound,domestic,december,2022,Dec-22,Q4_2022,
pmo argao,lgu port,Empties,inbound,domestic,december,2022,Dec-22,Q4_2022,
pmo argao,lgu port,Fulls,outbound,domestic,december,2022,Dec-22,Q4_2022,
pmo argao,lgu port,Empties,outbound,domestic,december,2022,Dec-22,Q4_2022,
pmo argao,lgu port,Fulls,import,foreign,december,2022,Dec-22,Q4_2022,
pmo argao,lgu port,Empties,import,foreign,december,2022,Dec-22,Q4_2022,
pmo argao,lgu port,Fulls,export,foreign,december,2022,Dec-22,Q4_2022,
pmo argao,lgu port,Empties,export,foreign,december,2022,Dec-22,Q4_2022,
pmo argao,private port,Fulls,inbound,domestic,december,2022,Dec-22,Q4_2022,
pmo argao,private port,Empties,inbound,domestic,december,2022,Dec-22,Q4_2022,669
pmo argao,private port,Fulls,outbound,domestic,december,2022,Dec-22,Q4_2022,563
pmo argao,private port,Empties,outbound,domestic,december,2022,Dec-22,Q4_2022,
pmo argao,private port,Fulls,import,foreign,december,2022,Dec-22,Q4_2022,
pmo argao,private port,Empties,import,foreign,december,2022,Dec-22,Q4_2022,
pmo argao,private port,Fulls,export,foreign,december,2022,Dec-22,Q4_2022,
pmo argao,private port,Empties,export,foreign,december,2022,Dec-22,Q4_2022,
pmo pier 1,cpa port,Fulls,Inbound,Domestic,december,2022,Dec-22,Q4_2022,376.5
pmo pier 1,cpa port,Empties,Inbound,Domestic,december,2022,Dec-22,Q4_2022,618.5
pmo pier 1,cpa port,Fulls,Outbound,Domestic,december,2022,Dec-22,Q4_2022,776
pmo pier 1,cpa port,Empties,Outbound,Domestic,december,2022,Dec-22,Q4_2022,73
pmo pier 1,private port,Fulls,Inbound,Domestic,december,2022,Dec-22,Q4_2022,4384.5
pmo pier 1,private port,Empties,Inbound,Domestic,december,2022,Dec-22,Q4_2022,132
pmo pier 1,private port,Fulls,Outbound,Domestic,december,2022,Dec-22,Q4_2022,1666
pmo pier 1,private port,Empties,Outbound,Domestic,december,2022,Dec-22,Q4_2022,3847
pmopier 4,cpa port,Fulls,inbound,domestic,december,2022,Dec-22,Q4_2022,12748.5
pmopier 4,cpa port,Empties,inbound,domestic,december,2022,Dec-22,Q4_2022,477.5
pmopier 4,cpa port,Fulls,outbound,domestic,december,2022,Dec-22,Q4_2022,7252
pmopier 4,cpa port,Empties,outbound,domestic,december,2022,Dec-22,Q4_2022,2321
pmo cip,cpa port,Fulls,inbound,domestic,january,2023,Jan-23,Q1_2023,1514
pmo cip,cpa port,Empties,inbound,domestic,january,2023,Jan-23,Q1_2023,8
pmo cip,cpa port,Fulls,outbound,domestic,january,2023,Jan-23,Q1_2023,427
pmo cip,cpa port,Empties,outbound,domestic,january,2023,Jan-23,Q1_2023,558
pmo cip,cpa port,Fulls,import,foreign,january,2023,Jan-23,Q1_2023,16066.75
pmo cip,cpa port,Empties,import,foreign,january,2023,Jan-23,Q1_2023,40
pmo cip,cpa port,Fulls,export,foreign,january,2023,Jan-23,Q1_2023,4481
pmo cip,cpa port,Empties,export,foreign,january,2023,Jan-23,Q1_2023,14078.25
pmo cip,lgu port,Fulls,inbound,domestic,january,2023,Jan-23,Q1_2023,
pmo cip,lgu port,Empties,inbound,domestic,january,2023,Jan-23,Q1_2023,
pmo cip,lgu port,Fulls,outbound,domestic,january,2023,Jan-23,Q1_2023,
pmo cip,lgu port,Empties,outbound,domestic,january,2023,Jan-23,Q1_2023,
pmo cip,lgu port,Fulls,import,foreign,january,2023,Jan-23,Q1_2023,
pmo cip,lgu port,Empties,import,foreign,january,2023,Jan-23,Q1_2023,
pmo cip,lgu port,Fulls,export,foreign,january,2023,Jan-23,Q1_2023,
pmo cip,lgu port,Empties,export,foreign,january,2023,Jan-23,Q1_2023,
pmo cip,private port,Fulls,inbound,domestic,january,2023,Jan-23,Q1_2023,
pmo cip,private port,Empties,inbound,domestic,january,2023,Jan-23,Q1_2023,
pmo cip,private port,Fulls,outbound,domestic,january,2023,Jan-23,Q1_2023,
pmo cip,private port,Empties,outbound,domestic,january,2023,Jan-23,Q1_2023,
pmo cip,private port,Fulls,import,foreign,january,2023,Jan-23,Q1_2023,
pmo cip,private port,Empties,import,foreign,january,2023,Jan-23,Q1_2023,
pmo cip,private port,Fulls,export,foreign,january,2023,Jan-23,Q1_2023,
pmo cip,private port,Empties,export,foreign,january,2023,Jan-23,Q1_2023,
pmo pier 4,cpa port,Fulls,inbound,domestic,january,2023,Jan-23,Q1_2023,10698
pmo pier 4,cpa port,Empties,inbound,domestic,january,2023,Jan-23,Q1_2023,608.5
pmo pier 4,cpa port,Fulls,outbound,domestic,january,2023,Jan-23,Q1_2023,6433.5
pmo pier 4,cpa port,Empties,outbound,domestic,january,2023,Jan-23,Q1_2023,2627
pmo pier 4,cpa port,Fulls,inbound,domestic transshipment,january,2023,Jan-23,Q1_2023,187
pmo pier 4,cpa port,Fulls,outbound,domestic transshipment,january,2023,Jan-23,Q1_2023,187
pmo pier 4,cpa port,Empties,inbound,domestic transshipment,january,2023,Jan-23,Q1_2023,93
pmo pier 4,cpa port,Empties,outbound,domestic transshipment,january,2023,Jan-23,Q1_2023,97
pmo pier 3,cpa port,Fulls,inbound,domestic,january,2023,Jan-23,Q1_2023,128
pmo pier 3,cpa port,Empties,inbound,domestic,january,2023,Jan-23,Q1_2023,149.5
pmo pier 3,cpa port,Fulls,outbound,domestic,january,2023,Jan-23,Q1_2023,254
pmo pier 3,cpa port,Empties,outbound,domestic,january,2023,Jan-23,Q1_2023,0
pmo pier 1,cpa port,Fulls,Inbound,Domestic,January,2023,Jan-23,Q1_2023,338.5
pmo pier 1,cpa port,Empties,Inbound,Domestic,January,2023,Jan-23,Q1_2023,656.5
pmo pier 1,cpa port,Fulls,Outbound,Domestic,January,2023,Jan-23,Q1_2023,741
pmo pier 1,cpa port,Empties,Outbound,Domestic,January,2023,Jan-23,Q1_2023,123
pmo pier 1,private port,Fulls,Inbound,Domestic,January,2023,Jan-23,Q1_2023,4188.5
pmo pier 1,private port,Empties,Inbound,Domestic,January,2023,Jan-23,Q1_2023,340
pmo pier 1,private port,Fulls,Outbound,Domestic,January,2023,Jan-23,Q1_2023,1679.5
pmo pier 1,private port,Empties,Outbound,Domestic,January,2023,Jan-23,Q1_2023,3218
pmo mandaue,private port,Fulls,inbound,domestic,january,2023,Jan-23,Q1_2023,2127.5
pmo mandaue,private port,Empties,inbound,domestic,january,2023,Jan-23,Q1_2023,29
pmo mandaue,private port,Fulls,outbound,domestic,january,2023,Jan-23,Q1_2023,1352
pmo mandaue,private port,Empties,outbound,domestic,january,2023,Jan-23,Q1_2023,123
pmo mandaue,private port,Fulls,import,foreign,january,2023,Jan-23,Q1_2023,
pmo mandaue,private port,Empties,import,foreign,january,2023,Jan-23,Q1_2023,
pmo mandaue,private port,Fulls,export,foreign,january,2023,Jan-23,Q1_2023,
pmo mandaue,private port,Empties,export,foreign,january,2023,Jan-23,Q1_2023,
pmo mandaue,cpa port,Fulls,inbound,domestic,january,2023,Jan-23,Q1_2023,
pmo mandaue,cpa port,Empties,inbound,domestic,january,2023,Jan-23,Q1_2023,
pmo mandaue,cpa port,Fulls,outbound,domestic,january,2023,Jan-23,Q1_2023,
pmo mandaue,cpa port,Empties,outbound,domestic,january,2023,Jan-23,Q1_2023,
pmo mandaue,cpa port,Fulls,import,foreign,january,2023,Jan-23,Q1_2023,
pmo mandaue,cpa port,Empties,import,foreign,january,2023,Jan-23,Q1_2023,
pmo mandaue,cpa port,Fulls,export,foreign,january,2023,Jan-23,Q1_2023,
pmo mandaue,cpa port,Empties,export,foreign,january,2023,Jan-23,Q1_2023,
pmo mandaue,lgu port,Fulls,inbound,domestic,january,2023,Jan-23,Q1_2023,
pmo mandaue,lgu port,Empties,inbound,domestic,january,2023,Jan-23,Q1_2023,
pmo mandaue,lgu port,Fulls,outbound,domestic,january,2023,Jan-23,Q1_2023,
pmo mandaue,lgu port,Empties,outbound,domestic,january,2023,Jan-23,Q1_2023,
pmo mandaue,lgu port,Fulls,import,foreign,january,2023,Jan-23,Q1_2023,
pmo mandaue,lgu port,Empties,import,foreign,january,2023,Jan-23,Q1_2023,
pmo mandaue,lgu port,Fulls,export,foreign,january,2023,Jan-23,Q1_2023,
pmo mandaue,lgu port,Empties,export,foreign,january,2023,Jan-23,Q1_2023,
pmo toledo,cpa port,Fulls,inbound,domestic,january,2023,Jan-23,Q1_2023,0
pmo toledo,cpa port,Empties,inbound,domestic,january,2023,Jan-23,Q1_2023,121
pmo toledo,cpa port,Fulls,outbound,domestic,january,2023,Jan-23,Q1_2023,3
pmo toledo,cpa port,Empties,outbound,domestic,january,2023,Jan-23,Q1_2023,0
pmo toledo,cpa port,Fulls,import,foreign,january,2023,Jan-23,Q1_2023,
pmo toledo,cpa port,Empties,import,foreign,january,2023,Jan-23,Q1_2023,
pmo toledo,cpa port,Fulls,export,foreign,january,2023,Jan-23,Q1_2023,
pmo toledo,cpa port,Empties,export,foreign,january,2023,Jan-23,Q1_2023,
pmo toledo,lgu port,Fulls,inbound,domestic,january,2023,Jan-23,Q1_2023,
pmo toledo,lgu port,Empties,inbound,domestic,january,2023,Jan-23,Q1_2023,
pmo toledo,lgu port,Fulls,outbound,domestic,january,2023,Jan-23,Q1_2023,
pmo toledo,lgu port,Empties,outbound,domestic,january,2023,Jan-23,Q1_2023,
pmo toledo,lgu port,Fulls,import,foreign,january,2023,Jan-23,Q1_2023,
pmo toledo,lgu port,Empties,import,foreign,january,2023,Jan-23,Q1_2023,
pmo toledo,lgu port,Fulls,export,foreign,january,2023,Jan-23,Q1_2023,
pmo toledo,lgu port,Empties,export,foreign,january,2023,Jan-23,Q1_2023,
pmo toledo,private port,Fulls,inbound,domestic,january,2023,Jan-23,Q1_2023,
pmo toledo,private port,Empties,inbound,domestic,january,2023,Jan-23,Q1_2023,
pmo toledo,private port,Fulls,outbound,domestic,january,2023,Jan-23,Q1_2023,
pmo toledo,private port,Empties,outbound,domestic,january,2023,Jan-23,Q1_2023,
pmo toledo,private port,Fulls,import,foreign,january,2023,Jan-23,Q1_2023,
pmo toledo,private port,Empties,import,foreign,january,2023,Jan-23,Q1_2023,
pmo toledo,private port,Fulls,export,foreign,january,2023,Jan-23,Q1_2023,
pmo toledo,private port,Empties,export,foreign,january,2023,Jan-23,Q1_2023,
pmo argao,cpa port,Fulls,inbound,domestic,january,2023,Jan-23,Q1_2023,
pmo argao,cpa port,Empties,inbound,domestic,january,2023,Jan-23,Q1_2023,
pmo argao,cpa port,Fulls,outbound,domestic,january,2023,Jan-23,Q1_2023,
pmo argao,cpa port,Empties,outbound,domestic,january,2023,Jan-23,Q1_2023,
pmo argao,cpa port,Fulls,import,foreign,january,2023,Jan-23,Q1_2023,
pmo argao,cpa port,Empties,import,foreign,january,2023,Jan-23,Q1_2023,
pmo argao,cpa port,Fulls,export,foreign,january,2023,Jan-23,Q1_2023,
pmo argao,cpa port,Empties,export,foreign,january,2023,Jan-23,Q1_2023,
pmo argao,lgu port,Fulls,inbound,domestic,january,2023,Jan-23,Q1_2023,
pmo argao,lgu port,Empties,inbound,domestic,january,2023,Jan-23,Q1_2023,
pmo argao,lgu port,Fulls,outbound,domestic,january,2023,Jan-23,Q1_2023,
pmo argao,lgu port,Empties,outbound,domestic,january,2023,Jan-23,Q1_2023,
pmo argao,lgu port,Fulls,import,foreign,january,2023,Jan-23,Q1_2023,
pmo argao,lgu port,Empties,import,foreign,january,2023,Jan-23,Q1_2023,
pmo argao,lgu port,Fulls,export,foreign,january,2023,Jan-23,Q1_2023,
pmo argao,lgu port,Empties,export,foreign,january,2023,Jan-23,Q1_2023,
pmo argao,private port,Fulls,inbound,domestic,january,2023,Jan-23,Q1_2023,
pmo argao,private port,Empties,inbound,domestic,january,2023,Jan-23,Q1_2023,377
pmo argao,private port,Fulls,outbound,domestic,january,2023,Jan-23,Q1_2023,445
pmo argao,private port,Empties,outbound,domestic,january,2023,Jan-23,Q1_2023,
pmo argao,private port,Fulls,import,foreign,january,2023,Jan-23,Q1_2023,
pmo argao,private port,Empties,import,foreign,january,2023,Jan-23,Q1_2023,
pmo argao,private port,Fulls,export,foreign,january,2023,Jan-23,Q1_2023,
pmo argao,private port,Empties,export,foreign,january,2023,Jan-23,Q1_2023,
pmo cip,cpa port,Fulls,inbound,domestic,february,2023,Feb-23,Q1_2023,1427
pmo cip,cpa port,Empties,inbound,domestic,february,2023,Feb-23,Q1_2023,
pmo cip,cpa port,Fulls,outbound,domestic,february,2023,Feb-23,Q1_2023,303
pmo cip,cpa port,Empties,outbound,domestic,february,2023,Feb-23,Q1_2023,300
pmo cip,cpa port,Fulls,import,foreign,february,2023,Feb-23,Q1_2023,12223.25
pmo cip,cpa port,Empties,import,foreign,february,2023,Feb-23,Q1_2023,86
pmo cip,cpa port,Fulls,export,foreign,february,2023,Feb-23,Q1_2023,4353
pmo cip,cpa port,Empties,export,foreign,february,2023,Feb-23,Q1_2023,13512.25
pmo cip,lgu port,Fulls,inbound,domestic,february,2023,Feb-23,Q1_2023,
pmo cip,lgu port,Empties,inbound,domestic,february,2023,Feb-23,Q1_2023,
pmo cip,lgu port,Fulls,outbound,domestic,february,2023,Feb-23,Q1_2023,
pmo cip,lgu port,Empties,outbound,domestic,february,2023,Feb-23,Q1_2023,
pmo cip,lgu port,Fulls,import,foreign,february,2023,Feb-23,Q1_2023,
pmo cip,lgu port,Empties,import,foreign,february,2023,Feb-23,Q1_2023,
pmo cip,lgu port,Fulls,export,foreign,february,2023,Feb-23,Q1_2023,
pmo cip,lgu port,Empties,export,foreign,february,2023,Feb-23,Q1_2023,
pmo cip,private port,Fulls,inbound,domestic,february,2023,Feb-23,Q1_2023,6
pmo cip,private port,Empties,inbound,domestic,february,2023,Feb-23,Q1_2023,10
pmo cip,private port,Fulls,outbound,domestic,february,2023,Feb-23,Q1_2023,8
pmo cip,private port,Empties,outbound,domestic,february,2023,Feb-23,Q1_2023,
pmo cip,private port,Fulls,import,foreign,february,2023,Feb-23,Q1_2023,
pmo cip,private port,Empties,import,foreign,february,2023,Feb-23,Q1_2023,
pmo cip,private port,Fulls,export,foreign,february,2023,Feb-23,Q1_2023,
pmo cip,private port,Empties,export,foreign,february,2023,Feb-23,Q1_2023,
pmo pier 4,cpa port,Fulls,inbound,domestic,february,2023,Feb-23,Q1_2023,10743
pmo pier 4,cpa port,Empties,inbound,domestic,february,2023,Feb-23,Q1_2023,605.5
pmo pier 4,cpa port,Fulls,outbound,domestic,february,2023,Feb-23,Q1_2023,6407
pmo pier 4,cpa port,Empties,outbound,domestic,february,2023,Feb-23,Q1_2023,2023
pmo pier 4,cpa port,Fulls,import,foreign,february,2023,Feb-23,Q1_2023,
pmo pier 4,cpa port,Empties,import,foreign,february,2023,Feb-23,Q1_2023,
pmo pier 4,cpa port,Fulls,export,foreign,february,2023,Feb-23,Q1_2023,
pmo pier 4,cpa port,Empties,export,foreign,february,2023,Feb-23,Q1_2023,
pmo pier 4,cpa port,Fulls,inbound,domestic transshipment,february,2023,Feb-23,Q1_2023,367
pmo pier 4,cpa port,Fulls,outbound,domestic transshipment,february,2023,Feb-23,Q1_2023,374.5
pmo pier 4,cpa port,Empties,inbound,domestic transshipment,february,2023,Feb-23,Q1_2023,0
pmo pier 4,cpa port,Empties,outbound,domestic transshipment,february,2023,Feb-23,Q1_2023,0
pmo pier 3,cpa port,Fulls,inbound,domestic,february,2023,Feb-23,Q1_2023,154.5
pmo pier 3,cpa port,Empties,inbound,domestic,february,2023,Feb-23,Q1_2023,164
pmo pier 3,cpa port,Fulls,outbound,domestic,february,2023,Feb-23,Q1_2023,285
pmo pier 3,cpa port,Empties,outbound,domestic,february,2023,Feb-23,Q1_2023,0
pmo pier 3,cpa port,Fulls,import,foreign,february,2023,Feb-23,Q1_2023,
pmo pier 3,cpa port,Empties,import,foreign,february,2023,Feb-23,Q1_2023,
pmo pier 3,cpa port,Fulls,export,foreign,february,2023,Feb-23,Q1_2023,
pmo pier 3,cpa port,Empties,export,foreign,february,2023,Feb-23,Q1_2023,
pmo pier 1,cpa port,Fulls,Inbound,domestic,February,2023,Feb-23,Q1_2023,366.5
pmo pier 1,cpa port,Empties,Inbound,domestic,February,2023,Feb-23,Q1_2023,466.5
pmo pier 1,cpa port,Fulls,outbound,domestic,February,2023,Feb-23,Q1_2023,624.5
pmo pier 1,cpa port,Empties,outbound,domestic,February,2023,Feb-23,Q1_2023,165
pmo pier 1,private port,Fulls,inbound,domestic,February,2023,Feb-23,Q1_2023,3399
pmo pier 1,private port,Empties,inbound,domestic,February,2023,Feb-23,Q1_2023,571
pmo pier 1,private port,Fulls,outbound,domestic,February,2023,Feb-23,Q1_2023,1171
pmo pier 1,private port,Empties,outbound,domestic,February,2023,Feb-23,Q1_2023,2943
pmo mandaue,private port,Fulls,inbound,domestic,february,2023,Feb-23,Q1_2023,1991
pmo mandaue,private port,Empties,inbound,domestic,february,2023,Feb-23,Q1_2023,50
pmo mandaue,private port,Fulls,outbound,domestic,february,2023,Feb-23,Q1_2023,1431
pmo mandaue,private port,Empties,outbound,domestic,february,2023,Feb-23,Q1_2023,127
pmo mandaue,private port,Fulls,import,foreign,february,2023,Feb-23,Q1_2023,
pmo mandaue,private port,Empties,import,foreign,february,2023,Feb-23,Q1_2023,
pmo mandaue,private port,Fulls,export,foreign,february,2023,Feb-23,Q1_2023,
pmo mandaue,private port,Empties,export,foreign,february,2023,Feb-23,Q1_2023,
pmo mandaue,cpa port,Fulls,inbound,domestic,february,2023,Feb-23,Q1_2023,
pmo mandaue,cpa port,Empties,inbound,domestic,february,2023,Feb-23,Q1_2023,
pmo mandaue,cpa port,Fulls,outbound,domestic,february,2023,Feb-23,Q1_2023,
pmo mandaue,cpa port,Empties,outbound,domestic,february,2023,Feb-23,Q1_2023,
pmo mandaue,cpa port,Fulls,import,foreign,february,2023,Feb-23,Q1_2023,
pmo mandaue,cpa port,Empties,import,foreign,february,2023,Feb-23,Q1_2023,
pmo mandaue,cpa port,Fulls,export,foreign,february,2023,Feb-23,Q1_2023,
pmo mandaue,cpa port,Empties,export,foreign,february,2023,Feb-23,Q1_2023,
pmo mandaue,lgu port,Fulls,inbound,domestic,february,2023,Feb-23,Q1_2023,
pmo mandaue,lgu port,Empties,inbound,domestic,february,2023,Feb-23,Q1_2023,
pmo mandaue,lgu port,Fulls,outbound,domestic,february,2023,Feb-23,Q1_2023,
pmo mandaue,lgu port,Empties,outbound,domestic,february,2023,Feb-23,Q1_2023,
pmo mandaue,lgu port,Fulls,import,foreign,february,2023,Feb-23,Q1_2023,
pmo mandaue,lgu port,Empties,import,foreign,february,2023,Feb-23,Q1_2023,
pmo mandaue,lgu port,Fulls,export,foreign,february,2023,Feb-23,Q1_2023,
pmo mandaue,lgu port,Empties,export,foreign,february,2023,Feb-23,Q1_2023,
pmo argao,cpa port,Fulls,inbound,domestic,february,2023,Feb-23,Q1_2023,
pmo argao,cpa port,Empties,inbound,domestic,february,2023,Feb-23,Q1_2023,
pmo argao,cpa port,Fulls,outbound,domestic,february,2023,Feb-23,Q1_2023,
pmo argao,cpa port,Empties,outbound,domestic,february,2023,Feb-23,Q1_2023,
pmo argao,cpa port,Fulls,import,foreign,february,2023,Feb-23,Q1_2023,
pmo argao,cpa port,Empties,import,foreign,february,2023,Feb-23,Q1_2023,
pmo argao,cpa port,Fulls,export,foreign,february,2023,Feb-23,Q1_2023,
pmo argao,cpa port,Empties,export,foreign,february,2023,Feb-23,Q1_2023,
pmo argao,lgu port,Fulls,inbound,domestic,february,2023,Feb-23,Q1_2023,
pmo argao,lgu port,Empties,inbound,domestic,february,2023,Feb-23,Q1_2023,
pmo argao,lgu port,Fulls,outbound,domestic,february,2023,Feb-23,Q1_2023,
pmo argao,lgu port,Empties,outbound,domestic,february,2023,Feb-23,Q1_2023,
pmo argao,lgu port,Fulls,import,foreign,february,2023,Feb-23,Q1_2023,
pmo argao,lgu port,Empties,import,foreign,february,2023,Feb-23,Q1_2023,
pmo argao,lgu port,Fulls,export,foreign,february,2023,Feb-23,Q1_2023,
pmo argao,lgu port,Empties,export,foreign,february,2023,Feb-23,Q1_2023,
pmo argao,private port,Fulls,inbound,domestic,february,2023,Feb-23,Q1_2023,
pmo argao,private port,Empties,inbound,domestic,february,2023,Feb-23,Q1_2023,451
pmo argao,private port,Fulls,outbound,domestic,february,2023,Feb-23,Q1_2023,484
pmo argao,private port,Empties,outbound,domestic,february,2023,Feb-23,Q1_2023,
pmo argao,private port,Fulls,import,foreign,february,2023,Feb-23,Q1_2023,
pmo argao,private port,Empties,import,foreign,february,2023,Feb-23,Q1_2023,
pmo argao,private port,Fulls,export,foreign,february,2023,Feb-23,Q1_2023,
pmo argao,private port,Empties,export,foreign,february,2023,Feb-23,Q1_2023,
pmo cip,cpa port,Fulls,inbound,domestic,march,2023,Mar-23,Q1_2023,1500
pmo cip,cpa port,Empties,inbound,domestic,march,2023,Mar-23,Q1_2023,
pmo cip,cpa port,Fulls,outbound,domestic,march,2023,Mar-23,Q1_2023,391
pmo cip,cpa port,Empties,outbound,domestic,march,2023,Mar-23,Q1_2023,856
pmo cip,cpa port,Fulls,import,foreign,march,2023,Mar-23,Q1_2023,15242
pmo cip,cpa port,Empties,import,foreign,march,2023,Mar-23,Q1_2023,3
pmo cip,cpa port,Fulls,export,foreign,march,2023,Mar-23,Q1_2023,4368
pmo cip,cpa port,Empties,export,foreign,march,2023,Mar-23,Q1_2023,9838.25
pmo cip,lgu port,Fulls,inbound,domestic,march,2023,Mar-23,Q1_2023,
pmo cip,lgu port,Empties,inbound,domestic,march,2023,Mar-23,Q1_2023,
pmo cip,lgu port,Fulls,outbound,domestic,march,2023,Mar-23,Q1_2023,
pmo cip,lgu port,Empties,outbound,domestic,march,2023,Mar-23,Q1_2023,
pmo cip,lgu port,Fulls,import,foreign,march,2023,Mar-23,Q1_2023,
pmo cip,lgu port,Empties,import,foreign,march,2023,Mar-23,Q1_2023,
pmo cip,lgu port,Fulls,export,foreign,march,2023,Mar-23,Q1_2023,
pmo cip,lgu port,Empties,export,foreign,march,2023,Mar-23,Q1_2023,
pmo cip,private port,Fulls,inbound,domestic,march,2023,Mar-23,Q1_2023,10
pmo cip,private port,Empties,inbound,domestic,march,2023,Mar-23,Q1_2023,
pmo cip,private port,Fulls,outbound,domestic,march,2023,Mar-23,Q1_2023,
pmo cip,private port,Empties,outbound,domestic,march,2023,Mar-23,Q1_2023,
pmo cip,private port,Fulls,import,foreign,march,2023,Mar-23,Q1_2023,
pmo cip,private port,Empties,import,foreign,march,2023,Mar-23,Q1_2023,
pmo cip,private port,Fulls,export,foreign,march,2023,Mar-23,Q1_2023,
pmo cip,private port,Empties,export,foreign,march,2023,Mar-23,Q1_2023,
pmo pier 4,cpa port,Fulls,inbound,domestic,march,2023,Mar-23,Q1_2023,13350.25
pmo pier 4,cpa port,Empties,inbound,domestic,march,2023,Mar-23,Q1_2023,752.5
pmo pier 4,cpa port,Fulls,outbound,domestic,march,2023,Mar-23,Q1_2023,7158.5
pmo pier 4,cpa port,Empties,outbound,domestic,march,2023,Mar-23,Q1_2023,2900
pmo pier 4,cpa port,Fulls,import,foreign,march,2023,Mar-23,Q1_2023,
pmo pier 4,cpa port,Empties,import,foreign,march,2023,Mar-23,Q1_2023,
pmo pier 4,cpa port,Fulls,export,foreign,march,2023,Mar-23,Q1_2023,
pmo pier 4,cpa port,Empties,export,foreign,march,2023,Mar-23,Q1_2023,
pmo pier 3,cpa port,Fulls,inbound,domestic,march,2023,Mar-23,Q1_2023,173
pmo pier 3,cpa port,Empties,inbound,domestic,march,2023,Mar-23,Q1_2023,213.5
pmo pier 3,cpa port,Fulls,outbound,domestic,march,2023,Mar-23,Q1_2023,364.5
pmo pier 3,cpa port,Empties,outbound,domestic,march,2023,Mar-23,Q1_2023,0
pmo pier 3,cpa port,Fulls,import,foreign,march,2023,Mar-23,Q1_2023,
pmo pier 3,cpa port,Empties,import,foreign,march,2023,Mar-23,Q1_2023,
pmo pier 3,cpa port,Fulls,export,foreign,march,2023,Mar-23,Q1_2023,
pmo pier 3,cpa port,Empties,export,foreign,march,2023,Mar-23,Q1_2023,
pmo pier 1,cpa port,Fulls,Inbound,Domestic,march,2023,Mar-23,Q1_2023,403
pmo pier 1,cpa port,Empties,Inbound,Domestic,march,2023,Mar-23,Q1_2023,601.5
pmo pier 1,cpa port,Fulls,Outbound,Domestic,march,2023,Mar-23,Q1_2023,813
pmo pier 1,cpa port,Empties,Outbound,Domestic,march,2023,Mar-23,Q1_2023,123
pmo pier 1,private port,Fulls,Inbound,Domestic,march,2023,Mar-23,Q1_2023,4539
pmo pier 1,private port,Empties,Inbound,Domestic,march,2023,Mar-23,Q1_2023,556
pmo pier 1,private port,Fulls,Outbound,Domestic,march,2023,Mar-23,Q1_2023,1500
pmo pier 1,private port,Empties,Outbound,Domestic,march,2023,Mar-23,Q1_2023,2769
pmo mandaue,private port,Fulls,inbound,domestic,march,2023,Mar-23,Q1_2023,2585.25
pmo mandaue,private port,Empties,inbound,domestic,march,2023,Mar-23,Q1_2023,60
pmo mandaue,private port,Fulls,outbound,domestic,march,2023,Mar-23,Q1_2023,1632
pmo mandaue,private port,Empties,outbound,domestic,march,2023,Mar-23,Q1_2023,253
pmo mandaue,private port,Fulls,import,foreign,march,2023,Mar-23,Q1_2023,
pmo mandaue,private port,Empties,import,foreign,march,2023,Mar-23,Q1_2023,
pmo mandaue,private port,Fulls,export,foreign,march,2023,Mar-23,Q1_2023,
pmo mandaue,private port,Empties,export,foreign,march,2023,Mar-23,Q1_2023,
pmo mandaue,cpa port,Fulls,inbound,domestic,march,2023,Mar-23,Q1_2023,
pmo mandaue,cpa port,Empties,inbound,domestic,march,2023,Mar-23,Q1_2023,
pmo mandaue,cpa port,Fulls,outbound,domestic,march,2023,Mar-23,Q1_2023,
pmo mandaue,cpa port,Empties,outbound,domestic,march,2023,Mar-23,Q1_2023,
pmo mandaue,cpa port,Fulls,import,foreign,march,2023,Mar-23,Q1_2023,
pmo mandaue,cpa port,Empties,import,foreign,march,2023,Mar-23,Q1_2023,
pmo mandaue,cpa port,Fulls,export,foreign,march,2023,Mar-23,Q1_2023,
pmo mandaue,cpa port,Empties,export,foreign,march,2023,Mar-23,Q1_2023,
pmo mandaue,lgu port,Fulls,inbound,domestic,march,2023,Mar-23,Q1_2023,
pmo mandaue,lgu port,Empties,inbound,domestic,march,2023,Mar-23,Q1_2023,
pmo mandaue,lgu port,Fulls,outbound,domestic,march,2023,Mar-23,Q1_2023,
pmo mandaue,lgu port,Empties,outbound,domestic,march,2023,Mar-23,Q1_2023,
pmo mandaue,lgu port,Fulls,import,foreign,march,2023,Mar-23,Q1_2023,
pmo mandaue,lgu port,Empties,import,foreign,march,2023,Mar-23,Q1_2023,
pmo mandaue,lgu port,Fulls,export,foreign,march,2023,Mar-23,Q1_2023,
pmo mandaue,lgu port,Empties,export,foreign,march,2023,Mar-23,Q1_2023,
pmo argao,cpa port,Fulls,inbound,domestic,march,2023,Mar-23,Q1_2023,
pmo argao,cpa port,Empties,inbound,domestic,march,2023,Mar-23,Q1_2023,
pmo argao,cpa port,Fulls,outbound,domestic,march,2023,Mar-23,Q1_2023,
pmo argao,cpa port,Empties,outbound,domestic,march,2023,Mar-23,Q1_2023,
pmo argao,cpa port,Fulls,import,foreign,march,2023,Mar-23,Q1_2023,
pmo argao,cpa port,Empties,import,foreign,march,2023,Mar-23,Q1_2023,
pmo argao,cpa port,Fulls,export,foreign,march,2023,Mar-23,Q1_2023,
pmo argao,cpa port,Empties,export,foreign,march,2023,Mar-23,Q1_2023,
pmo argao,lgu port,Fulls,inbound,domestic,march,2023,Mar-23,Q1_2023,
pmo argao,lgu port,Empties,inbound,domestic,march,2023,Mar-23,Q1_2023,
pmo argao,lgu port,Fulls,outbound,domestic,march,2023,Mar-23,Q1_2023,
pmo argao,lgu port,Empties,outbound,domestic,march,2023,Mar-23,Q1_2023,
pmo argao,lgu port,Fulls,import,foreign,march,2023,Mar-23,Q1_2023,
pmo argao,lgu port,Empties,import,foreign,march,2023,Mar-23,Q1_2023,
pmo argao,lgu port,Fulls,export,foreign,march,2023,Mar-23,Q1_2023,
pmo argao,lgu port,Empties,export,foreign,march,2023,Mar-23,Q1_2023,
pmo argao,private port,Fulls,inbound,domestic,march,2023,Mar-23,Q1_2023,
pmo argao,private port,Empties,inbound,domestic,march,2023,Mar-23,Q1_2023,729
pmo argao,private port,Fulls,outbound,domestic,march,2023,Mar-23,Q1_2023,649
pmo argao,private port,Empties,outbound,domestic,march,2023,Mar-23,Q1_2023,
pmo argao,private port,Fulls,import,foreign,march,2023,Mar-23,Q1_2023,
pmo argao,private port,Empties,import,foreign,march,2023,Mar-23,Q1_2023,
pmo argao,private port,Fulls,export,foreign,march,2023,Mar-23,Q1_2023,
pmo argao,private port,Empties,export,foreign,march,2023,Mar-23,Q1_2023,
pmo cip,cpa port,Fulls,inbound,domestic,april,2023,Apr-23,Q2_2023,1068
pmo cip,cpa port,Empties,inbound,domestic,april,2023,Apr-23,Q2_2023,
pmo cip,cpa port,Fulls,outbound,domestic,april,2023,Apr-23,Q2_2023,326
pmo cip,cpa port,Empties,outbound,domestic,april,2023,Apr-23,Q2_2023,386
pmo cip,cpa port,Fulls,import,foreign,april,2023,Apr-23,Q2_2023,19873.75
pmo cip,cpa port,Empties,import,foreign,april,2023,Apr-23,Q2_2023,100
pmo cip,cpa port,Fulls,export,foreign,april,2023,Apr-23,Q2_2023,5193.25
pmo cip,cpa port,Empties,export,foreign,april,2023,Apr-23,Q2_2023,13826.75
pmo cip,lgu port,Fulls,inbound,domestic,april,2023,Apr-23,Q2_2023,
pmo cip,lgu port,Empties,inbound,domestic,april,2023,Apr-23,Q2_2023,
pmo cip,lgu port,Fulls,outbound,domestic,april,2023,Apr-23,Q2_2023,
pmo cip,lgu port,Empties,outbound,domestic,april,2023,Apr-23,Q2_2023,
pmo cip,lgu port,Fulls,import,foreign,april,2023,Apr-23,Q2_2023,
pmo cip,lgu port,Empties,import,foreign,april,2023,Apr-23,Q2_2023,
pmo cip,lgu port,Fulls,export,foreign,april,2023,Apr-23,Q2_2023,
pmo cip,lgu port,Empties,export,foreign,april,2023,Apr-23,Q2_2023,
pmo cip,private port,Fulls,inbound,domestic,april,2023,Apr-23,Q2_2023,
pmo cip,private port,Empties,inbound,domestic,april,2023,Apr-23,Q2_2023,
pmo cip,private port,Fulls,outbound,domestic,april,2023,Apr-23,Q2_2023,
pmo cip,private port,Empties,outbound,domestic,april,2023,Apr-23,Q2_2023,
pmo cip,private port,Fulls,import,foreign,april,2023,Apr-23,Q2_2023,
pmo cip,private port,Empties,import,foreign,april,2023,Apr-23,Q2_2023,
pmo cip,private port,Fulls,export,foreign,april,2023,Apr-23,Q2_2023,
pmo cip,private port,Empties,export,foreign,april,2023,Apr-23,Q2_2023,
pmo pier 4,cpa port,Fulls,inbound,domestic transshipment,march,2023,Mar-23,Q2_2023,304
pmo pier 4,cpa port,Fulls,outbound,domestic transshipment,march,2023,Mar-23,Q2_2023,304
pmo pier 4,cpa port,Empties,inbound,domestic transshipment,march,2023,Mar-23,Q2_2023,84
pmo pier 4,cpa port,Empties,outbound,domestic transshipment,march,2023,Mar-23,Q2_2023,84
pmo pier 4,cpa port,Fulls,inbound,domestic,april,2023,Apr-23,Q2_2023,11267.5
pmo pier 4,cpa port,Empties,inbound,domestic,april,2023,Apr-23,Q2_2023,856.5
pmo pier 4,cpa port,Fulls,outbound,domestic,april,2023,Apr-23,Q2_2023,6522.5
pmo pier 4,cpa port,Empties,outbound,domestic,april,2023,Apr-23,Q2_2023,2628.75
pmo pier 4,cpa port,Fulls,inbound,domestic transshipment,april,2023,Apr-23,Q2_2023,484
pmo pier 4,cpa port,Fulls,outbound,domestic transshipment,april,2023,Apr-23,Q2_2023,484
pmo pier 4,cpa port,Empties,inbound,domestic transshipment,april,2023,Apr-23,Q2_2023,6
pmo pier 4,cpa port,Empties,outbound,domestic transshipment,april,2023,Apr-23,Q2_2023,6
pmo pier 4,cpa port,Fulls,import,foreign,april,2023,Apr-23,Q2_2023,
pmo pier 4,cpa port,Empties,import,foreign,april,2023,Apr-23,Q2_2023,
pmo pier 4,cpa port,Fulls,export,foreign,april,2023,Apr-23,Q2_2023,
pmo pier 4,cpa port,Empties,export,foreign,april,2023,Apr-23,Q2_2023,
pmo pier 3,cpa port,Fulls,inbound,domestic,april,2023,Apr-23,Q2_2023,128.5
pmo pier 3,cpa port,Empties,inbound,domestic,april,2023,Apr-23,Q2_2023,91.5
pmo pier 3,cpa port,Fulls,outbound,domestic,april,2023,Apr-23,Q2_2023,222
pmo pier 3,cpa port,Empties,outbound,domestic,april,2023,Apr-23,Q2_2023,0
pmo pier 3,cpa port,Fulls,import,foreign,april,2023,Apr-23,Q2_2023,
pmo pier 3,cpa port,Empties,import,foreign,april,2023,Apr-23,Q2_2023,
pmo pier 3,cpa port,Fulls,export,foreign,april,2023,Apr-23,Q2_2023,
pmo pier 3,cpa port,Empties,export,foreign,april,2023,Apr-23,Q2_2023,
pmo pier 3,lgu port,Fulls,inbound,domestic,april,2023,Apr-23,Q2_2023,
pmo pier 3,lgu port,Empties,inbound,domestic,april,2023,Apr-23,Q2_2023,
pmo pier 3,lgu port,Fulls,outbound,domestic,april,2023,Apr-23,Q2_2023,
pmo pier 3,lgu port,Empties,outbound,domestic,april,2023,Apr-23,Q2_2023,
pmo pier 3,lgu port,Fulls,import,foreign,april,2023,Apr-23,Q2_2023,
pmo pier 3,lgu port,Empties,import,foreign,april,2023,Apr-23,Q2_2023,
pmo pier 3,lgu port,Fulls,export,foreign,april,2023,Apr-23,Q2_2023,
pmo pier 3,lgu port,Empties,export,foreign,april,2023,Apr-23,Q2_2023,
pmo pier 3,private port,Fulls,inbound,domestic,april,2023,Apr-23,Q2_2023,
pmo pier 3,private port,Empties,inbound,domestic,april,2023,Apr-23,Q2_2023,
pmo pier 3,private port,Fulls,outbound,domestic,april,2023,Apr-23,Q2_2023,
pmo pier 3,private port,Empties,outbound,domestic,april,2023,Apr-23,Q2_2023,
pmo pier 3,private port,Fulls,import,foreign,april,2023,Apr-23,Q2_2023,
pmo pier 3,private port,Empties,import,foreign,april,2023,Apr-23,Q2_2023,
pmo pier 3,private port,Fulls,export,foreign,april,2023,Apr-23,Q2_2023,
pmo pier 3,private port,Empties,export,foreign,april,2023,Apr-23,Q2_2023,
pmo pier 1,cpa port,Fulls,Inbound,Domestic,april,2023,Apr-23,Q2_2023,375.5
pmo pier 1,cpa port,Empties,Inbound,Domestic,april,2023,Apr-23,Q2_2023,524
pmo pier 1,cpa port,Fulls,Outbound,Domestic,april,2023,Apr-23,Q2_2023,800.5
pmo pier 1,cpa port,Empties,Outbound,Domestic,april,2023,Apr-23,Q2_2023,84.5
pmo pier 1,private port,Fulls,Inbound,Domestic,april,2023,Apr-23,Q2_2023,2939
pmo pier 1,private port,Empties,Inbound,Domestic,april,2023,Apr-23,Q2_2023,369
pmo pier 1,private port,Fulls,Outbound,Domestic,april,2023,Apr-23,Q2_2023,924
pmo pier 1,private port,Empties,Outbound,Domestic,april,2023,Apr-23,Q2_2023,2461
pmo mandaue,private port,Fulls,inbound,domestic,april,2023,Apr-23,Q2_2023,1972
pmo mandaue,private port,Empties,inbound,domestic,april,2023,Apr-23,Q2_2023,
pmo mandaue,private port,Fulls,outbound,domestic,april,2023,Apr-23,Q2_2023,1209
pmo mandaue,private port,Empties,outbound,domestic,april,2023,Apr-23,Q2_2023,158
pmo mandaue,private port,Fulls,import,foreign,april,2023,Apr-23,Q2_2023,
pmo mandaue,private port,Empties,import,foreign,april,2023,Apr-23,Q2_2023,
pmo mandaue,private port,Fulls,export,foreign,april,2023,Apr-23,Q2_2023,
pmo mandaue,private port,Empties,export,foreign,april,2023,Apr-23,Q2_2023,
pmo mandaue,cpa port,Fulls,inbound,domestic,april,2023,Apr-23,Q2_2023,
pmo mandaue,cpa port,Empties,inbound,domestic,april,2023,Apr-23,Q2_2023,
pmo mandaue,cpa port,Fulls,outbound,domestic,april,2023,Apr-23,Q2_2023,
pmo mandaue,cpa port,Empties,outbound,domestic,april,2023,Apr-23,Q2_2023,
pmo mandaue,cpa port,Fulls,import,foreign,april,2023,Apr-23,Q2_2023,
pmo mandaue,cpa port,Empties,import,foreign,april,2023,Apr-23,Q2_2023,
pmo mandaue,cpa port,Fulls,export,foreign,april,2023,Apr-23,Q2_2023,
pmo mandaue,cpa port,Empties,export,foreign,april,2023,Apr-23,Q2_2023,
pmo mandaue,lgu port,Fulls,inbound,domestic,april,2023,Apr-23,Q2_2023,
pmo mandaue,lgu port,Empties,inbound,domestic,april,2023,Apr-23,Q2_2023,
pmo mandaue,lgu port,Fulls,outbound,domestic,april,2023,Apr-23,Q2_2023,
pmo mandaue,lgu port,Empties,outbound,domestic,april,2023,Apr-23,Q2_2023,
pmo mandaue,lgu port,Fulls,import,foreign,april,2023,Apr-23,Q2_2023,
pmo mandaue,lgu port,Empties,import,foreign,april,2023,Apr-23,Q2_2023,
pmo mandaue,lgu port,Fulls,export,foreign,april,2023,Apr-23,Q2_2023,
pmo mandaue,lgu port,Empties,export,foreign,april,2023,Apr-23,Q2_2023,
pmo argao,cpa port,Fulls,inbound,domestic,april,2023,Apr-23,Q2_2023,
pmo argao,cpa port,Empties,inbound,domestic,april,2023,Apr-23,Q2_2023,
pmo argao,cpa port,Fulls,outbound,domestic,april,2023,Apr-23,Q2_2023,
pmo argao,cpa port,Empties,outbound,domestic,april,2023,Apr-23,Q2_2023,
pmo argao,cpa port,Fulls,import,foreign,april,2023,Apr-23,Q2_2023,
pmo argao,cpa port,Empties,import,foreign,april,2023,Apr-23,Q2_2023,
pmo argao,cpa port,Fulls,export,foreign,april,2023,Apr-23,Q2_2023,
pmo argao,cpa port,Empties,export,foreign,april,2023,Apr-23,Q2_2023,
pmo argao,lgu port,Fulls,inbound,domestic,april,2023,Apr-23,Q2_2023,
pmo argao,lgu port,Empties,inbound,domestic,april,2023,Apr-23,Q2_2023,
pmo argao,lgu port,Fulls,outbound,domestic,april,2023,Apr-23,Q2_2023,
pmo argao,lgu port,Empties,outbound,domestic,april,2023,Apr-23,Q2_2023,
pmo argao,lgu port,Fulls,import,foreign,april,2023,Apr-23,Q2_2023,
pmo argao,lgu port,Empties,import,foreign,april,2023,Apr-23,Q2_2023,
pmo argao,lgu port,Fulls,export,foreign,april,2023,Apr-23,Q2_2023,
pmo argao,lgu port,Empties,export,foreign,april,2023,Apr-23,Q2_2023,
pmo argao,private port,Fulls,inbound,domestic,april,2023,Apr-23,Q2_2023,
pmo argao,private port,Empties,inbound,domestic,april,2023,Apr-23,Q2_2023,492
pmo argao,private port,Fulls,outbound,domestic,april,2023,Apr-23,Q2_2023,456
pmo argao,private port,Empties,outbound,domestic,april,2023,Apr-23,Q2_2023,
pmo argao,private port,Fulls,import,foreign,april,2023,Apr-23,Q2_2023,
pmo argao,private port,Empties,import,foreign,april,2023,Apr-23,Q2_2023,
pmo argao,private port,Fulls,export,foreign,april,2023,Apr-23,Q2_2023,
pmo argao,private port,Empties,export,foreign,april,2023,Apr-23,Q2_2023,
pmo cip,cpa port,Fulls,inbound,domestic,may,2023,May-23,Q2_2023,1948
pmo cip,cpa port,Empties,inbound,domestic,may,2023,May-23,Q2_2023,80
pmo cip,cpa port,Fulls,outbound,domestic,may,2023,May-23,Q2_2023,784
pmo cip,cpa port,Empties,outbound,domestic,may,2023,May-23,Q2_2023,1114
pmo cip,cpa port,Fulls,import,foreign,may,2023,May-23,Q2_2023,17478
pmo cip,cpa port,Empties,import,foreign,may,2023,May-23,Q2_2023,220
pmo cip,cpa port,Fulls,export,foreign,may,2023,May-23,Q2_2023,4998.25
pmo cip,cpa port,Empties,export,foreign,may,2023,May-23,Q2_2023,14249.75
pmo cip,lgu port,Fulls,inbound,domestic,may,2023,May-23,Q2_2023,
pmo cip,lgu port,Empties,inbound,domestic,may,2023,May-23,Q2_2023,
pmo cip,lgu port,Fulls,outbound,domestic,may,2023,May-23,Q2_2023,
pmo cip,lgu port,Empties,outbound,domestic,may,2023,May-23,Q2_2023,
pmo cip,lgu port,Fulls,import,foreign,may,2023,May-23,Q2_2023,
pmo cip,lgu port,Empties,import,foreign,may,2023,May-23,Q2_2023,
pmo cip,lgu port,Fulls,export,foreign,may,2023,May-23,Q2_2023,
pmo cip,lgu port,Empties,export,foreign,may,2023,May-23,Q2_2023,
pmo cip,private port,Fulls,inbound,domestic,may,2023,May-23,Q2_2023,
pmo cip,private port,Empties,inbound,domestic,may,2023,May-23,Q2_2023,
pmo cip,private port,Fulls,outbound,domestic,may,2023,May-23,Q2_2023,
pmo cip,private port,Empties,outbound,domestic,may,2023,May-23,Q2_2023,
pmo cip,private port,Fulls,import,foreign,may,2023,May-23,Q2_2023,
pmo cip,private port,Empties,import,foreign,may,2023,May-23,Q2_2023,
pmo cip,private port,Fulls,export,foreign,may,2023,May-23,Q2_2023,
pmo cip,private port,Empties,export,foreign,may,2023,May-23,Q2_2023,
pmo pier 4,cpa port,Fulls,inbound,domestic,may,2023,May-23,Q2_2023,12900.5
pmo pier 4,cpa port,Empties,inbound,domestic,may,2023,May-23,Q2_2023,688
pmo pier 4,cpa port,Fulls,outbound,domestic,may,2023,May-23,Q2_2023,8033
pmo pier 4,cpa port,Empties,outbound,domestic,may,2023,May-23,Q2_2023,2041
pmo pier 4,cpa port,Fulls,inbound,domestic transshipment,may,2023,May-23,Q2_2023,29
pmo pier 4,cpa port,Fulls,outbound,domestic transshipment,may,2023,May-23,Q2_2023,29
pmo pier 4,cpa port,Empties,inbound,domestic transshipment,may,2023,May-23,Q2_2023,0
pmo pier 4,cpa port,Empties,outbound,domestic transshipment,may,2023,May-23,Q2_2023,0
pmo pier 3,cpa port,Fulls,inbound,domestic,may,2023,May-23,Q2_2023,196.5
pmo pier 3,cpa port,Empties,inbound,domestic,may,2023,May-23,Q2_2023,115
pmo pier 3,cpa port,Fulls,outbound,domestic,may,2023,May-23,Q2_2023,285
pmo pier 3,cpa port,Empties,outbound,domestic,may,2023,May-23,Q2_2023,0
pmo pier 3,cpa port,Fulls,import,foreign,may,2023,May-23,Q2_2023,
pmo pier 3,cpa port,Empties,import,foreign,may,2023,May-23,Q2_2023,
pmo pier 3,cpa port,Fulls,export,foreign,may,2023,May-23,Q2_2023,
pmo pier 3,cpa port,Empties,export,foreign,may,2023,May-23,Q2_2023,
pmo pier 1,cpa port,Fulls,Inbound,Domestic,may,2023,May-23,Q2_2023,500.5
pmo pier 1,cpa port,Empties,Inbound,Domestic,may,2023,May-23,Q2_2023,596
pmo pier 1,cpa port,Fulls,Outbound,Domestic,may,2023,May-23,Q2_2023,883
pmo pier 1,cpa port,Empties,Outbound,Domestic,may,2023,May-23,Q2_2023,148
pmo pier 1,private port,Fulls,Inbound,Domestic,may,2023,May-23,Q2_2023,3611
pmo pier 1,private port,Empties,Inbound,Domestic,may,2023,May-23,Q2_2023,208
pmo pier 1,private port,Fulls,Outbound,Domestic,may,2023,May-23,Q2_2023,971
pmo pier 1,private port,Empties,Outbound,Domestic,may,2023,May-23,Q2_2023,2903
pmo mandaue,private port,Fulls,inbound,domestic,may,2023,May-23,Q2_2023,2181
pmo mandaue,private port,Empties,inbound,domestic,may,2023,May-23,Q2_2023,
pmo mandaue,private port,Fulls,outbound,domestic,may,2023,May-23,Q2_2023,1505
pmo mandaue,private port,Empties,outbound,domestic,may,2023,May-23,Q2_2023,351
pmo mandaue,private port,Fulls,import,foreign,may,2023,May-23,Q2_2023,
pmo mandaue,private port,Empties,import,foreign,may,2023,May-23,Q2_2023,
pmo mandaue,private port,Fulls,export,foreign,may,2023,May-23,Q2_2023,
pmo mandaue,private port,Empties,export,foreign,may,2023,May-23,Q2_2023,
pmo mandaue,cpa port,Fulls,inbound,domestic,may,2023,May-23,Q2_2023,
pmo mandaue,cpa port,Empties,inbound,domestic,may,2023,May-23,Q2_2023,
pmo mandaue,cpa port,Fulls,outbound,domestic,may,2023,May-23,Q2_2023,
pmo mandaue,cpa port,Empties,outbound,domestic,may,2023,May-23,Q2_2023,
pmo mandaue,cpa port,Fulls,import,foreign,may,2023,May-23,Q2_2023,
pmo mandaue,cpa port,Empties,import,foreign,may,2023,May-23,Q2_2023,
pmo mandaue,cpa port,Fulls,export,foreign,may,2023,May-23,Q2_2023,
pmo mandaue,cpa port,Empties,export,foreign,may,2023,May-23,Q2_2023,
pmo mandaue,lgu port,Fulls,inbound,domestic,may,2023,May-23,Q2_2023,
pmo mandaue,lgu port,Empties,inbound,domestic,may,2023,May-23,Q2_2023,
pmo mandaue,lgu port,Fulls,outbound,domestic,may,2023,May-23,Q2_2023,
pmo mandaue,lgu port,Empties,outbound,domestic,may,2023,May-23,Q2_2023,
pmo mandaue,lgu port,Fulls,import,foreign,may,2023,May-23,Q2_2023,
pmo mandaue,lgu port,Empties,import,foreign,may,2023,May-23,Q2_2023,
pmo mandaue,lgu port,Fulls,export,foreign,may,2023,May-23,Q2_2023,
pmo mandaue,lgu port,Empties,export,foreign,may,2023,May-23,Q2_2023,
pmo argao,cpa port,Fulls,inbound,domestic,may,2023,May-23,Q2_2023,
pmo argao,cpa port,Empties,inbound,domestic,may,2023,May-23,Q2_2023,
pmo argao,cpa port,Fulls,outbound,domestic,may,2023,May-23,Q2_2023,
pmo argao,cpa port,Empties,outbound,domestic,may,2023,May-23,Q2_2023,
pmo argao,cpa port,Fulls,import,foreign,may,2023,May-23,Q2_2023,
pmo argao,cpa port,Empties,import,foreign,may,2023,May-23,Q2_2023,
pmo argao,cpa port,Fulls,export,foreign,may,2023,May-23,Q2_2023,
pmo argao,cpa port,Empties,export,foreign,may,2023,May-23,Q2_2023,
pmo argao,lgu port,Fulls,inbound,domestic,may,2023,May-23,Q2_2023,
pmo argao,lgu port,Empties,inbound,domestic,may,2023,May-23,Q2_2023,
pmo argao,lgu port,Fulls,outbound,domestic,may,2023,May-23,Q2_2023,
pmo argao,lgu port,Empties,outbound,domestic,may,2023,May-23,Q2_2023,
pmo argao,lgu port,Fulls,import,foreign,may,2023,May-23,Q2_2023,
pmo argao,lgu port,Empties,import,foreign,may,2023,May-23,Q2_2023,
pmo argao,lgu port,Fulls,export,foreign,may,2023,May-23,Q2_2023,
pmo argao,lgu port,Empties,export,foreign,may,2023,May-23,Q2_2023,
pmo argao,private port,Fulls,inbound,domestic,may,2023,May-23,Q2_2023,
pmo argao,private port,Empties,inbound,domestic,may,2023,May-23,Q2_2023,520
pmo argao,private port,Fulls,outbound,domestic,may,2023,May-23,Q2_2023,511
pmo argao,private port,Empties,outbound,domestic,may,2023,May-23,Q2_2023,
pmo argao,private port,Fulls,import,foreign,may,2023,May-23,Q2_2023,
pmo argao,private port,Empties,import,foreign,may,2023,May-23,Q2_2023,
pmo argao,private port,Fulls,export,foreign,may,2023,May-23,Q2_2023,
pmo argao,private port,Empties,export,foreign,may,2023,May-23,Q2_2023,
pmo cip,cpa port,Fulls,inbound,domestic,june,2023,Jun-23,Q2_2023,1410
pmo cip,cpa port,Empties,inbound,domestic,june,2023,Jun-23,Q2_2023,5
pmo cip,cpa port,Fulls,outbound,domestic,june,2023,Jun-23,Q2_2023,361
pmo cip,cpa port,Empties,outbound,domestic,june,2023,Jun-23,Q2_2023,835
pmo cip,cpa port,Fulls,import,foreign,june,2023,Jun-23,Q2_2023,16280
pmo cip,cpa port,Empties,import,foreign,june,2023,Jun-23,Q2_2023,183
pmo cip,cpa port,Fulls,export,foreign,june,2023,Jun-23,Q2_2023,4179
pmo cip,cpa port,Empties,export,foreign,june,2023,Jun-23,Q2_2023,13995.75
pmo cip,lgu port,Fulls,inbound,domestic,june,2023,Jun-23,Q2_2023,
pmo cip,lgu port,Empties,inbound,domestic,june,2023,Jun-23,Q2_2023,
pmo cip,lgu port,Fulls,outbound,domestic,june,2023,Jun-23,Q2_2023,
pmo cip,lgu port,Empties,outbound,domestic,june,2023,Jun-23,Q2_2023,
pmo cip,lgu port,Fulls,import,foreign,june,2023,Jun-23,Q2_2023,
pmo cip,lgu port,Empties,import,foreign,june,2023,Jun-23,Q2_2023,
pmo cip,lgu port,Fulls,export,foreign,june,2023,Jun-23,Q2_2023,
pmo cip,lgu port,Empties,export,foreign,june,2023,Jun-23,Q2_2023,
pmo cip,private port,Fulls,inbound,domestic,june,2023,Jun-23,Q2_2023,
pmo cip,private port,Empties,inbound,domestic,june,2023,Jun-23,Q2_2023,
pmo cip,private port,Fulls,outbound,domestic,june,2023,Jun-23,Q2_2023,
pmo cip,private port,Empties,outbound,domestic,june,2023,Jun-23,Q2_2023,
pmo cip,private port,Fulls,import,foreign,june,2023,Jun-23,Q2_2023,
pmo cip,private port,Empties,import,foreign,june,2023,Jun-23,Q2_2023,
pmo cip,private port,Fulls,export,foreign,june,2023,Jun-23,Q2_2023,
pmo cip,private port,Empties,export,foreign,june,2023,Jun-23,Q2_2023,
pmo pier 4,cpa port,Fulls,import,foreign,june,2023,Jun-23,Q2_2023,
pmo pier 4,cpa port,Fulls,inbound,domestic,june,2023,Jun-23,Q2_2023,10979
pmo pier 4,cpa port,Empties,inbound,domestic,june,2023,Jun-23,Q2_2023,548
pmo pier 4,cpa port,Fulls,outbound,domestic,june,2023,Jun-23,Q2_2023,6949
pmo pier 4,cpa port,Empties,outbound,domestic,june,2023,Jun-23,Q2_2023,1972
pmo pier 4,cpa port,Fulls,import,foreign,june,2023,Jun-23,Q2_2023,
pmo pier 4,cpa port,Empties,import,foreign,june,2023,Jun-23,Q2_2023,
pmo pier 4,cpa port,Fulls,export,foreign,june,2023,Jun-23,Q2_2023,
pmo pier 4,cpa port,Empties,export,foreign,june,2023,Jun-23,Q2_2023,
pmo pier 4,cpa port,Fulls,inbound,domestic transshipment,june,2023,Jun-23,Q2_2023,171
pmo pier 4,cpa port,Fulls,outbound,domestic transshipment,june,2023,Jun-23,Q2_2023,171
pmo pier 4,cpa port,Empties,inbound,domestic transshipment,june,2023,Jun-23,Q2_2023,548
pmo pier 4,cpa port,Empties,outbound,domestic transshipment,june,2023,Jun-23,Q2_2023,0
pmo pier 4,cpa port,Fulls,import,foreign,june,2023,Jun-23,Q2_2023,0
pmo pier 4,cpa port,Empties,import,foreign,june,2023,Jun-23,Q2_2023,
pmo pier 4,cpa port,Fulls,export,foreign,june,2023,Jun-23,Q2_2023,
pmo pier 4,cpa port,Empties,export,foreign,june,2023,Jun-23,Q2_2023,
pmo pier 4,cpa port,Fulls,inbound,domestic,june,2023,Jun-23,Q2_2023,
pmo pier 4,cpa port,Empties,inbound,domestic,june,2023,Jun-23,Q2_2023,
pmo pier 4,cpa port,Fulls,outbound,domestic,june,2023,Jun-23,Q2_2023,
pmo pier 4,cpa port,Empties,outbound,domestic,june,2023,Jun-23,Q2_2023,
pmo pier 4,cpa port,Fulls,import,foreign,june,2023,Jun-23,Q2_2023,
pmo pier 4,cpa port,Empties,import,foreign,june,2023,Jun-23,Q2_2023,
pmo pier 4,cpa port,Fulls,export,foreign,june,2023,Jun-23,Q2_2023,
pmo pier 4,cpa port,Empties,export,foreign,june,2023,Jun-23,Q2_2023,
pmo pier 3,cpa port,Fulls,inbound,domestic,june,2023,Jun-23,Q2_2023,189
pmo pier 3,cpa port,Empties,inbound,domestic,june,2023,Jun-23,Q2_2023,156.5
pmo pier 3,cpa port,Fulls,outbound,domestic,june,2023,Jun-23,Q2_2023,296
pmo pier 3,cpa port,Empties,outbound,domestic,june,2023,Jun-23,Q2_2023,0
pmo pier 3,cpa port,Fulls,import,foreign,june,2023,Jun-23,Q2_2023,
pmo pier 3,cpa port,Empties,import,foreign,june,2023,Jun-23,Q2_2023,
pmo pier 3,cpa port,Fulls,export,foreign,june,2023,Jun-23,Q2_2023,
pmo pier 3,cpa port,Empties,export,foreign,june,2023,Jun-23,Q2_2023,
pmo pier 1,cpa port,Fulls,Inbound,Domestic,june,2023,Jun-23,Q2_2023,428.5
pmo pier 1,cpa port,Empties,Inbound,Domestic,june,2023,Jun-23,Q2_2023,548
pmo pier 1,cpa port,Fulls,Outbound,Domestic,june,2023,Jun-23,Q2_2023,780.5
pmo pier 1,cpa port,Empties,Outbound,Domestic,june,2023,Jun-23,Q2_2023,116.5
pmo pier 1,cpa port,Trans. Fulls,Outbound,Domestic,june,2023,Jun-23,Q2_2023,12.5
pmo pier 1,private port,Fulls,Inbound,Domestic,june,2023,Jun-23,Q2_2023,5198
pmo pier 1,private port,Empties,Inbound,Domestic,june,2023,Jun-23,Q2_2023,36
pmo pier 1,private port,Fulls,Outbound,Domestic,june,2023,Jun-23,Q2_2023,1617
pmo pier 1,private port,Empties,Outbound,Domestic,june,2023,Jun-23,Q2_2023,3871
pmo mandaue,private port,Fulls,inbound,domestic,june,2023,Jun-23,Q2_2023,2330
pmo mandaue,private port,Empties,inbound,domestic,june,2023,Jun-23,Q2_2023,
pmo mandaue,private port,Fulls,outbound,domestic,june,2023,Jun-23,Q2_2023,1516
pmo mandaue,private port,Empties,outbound,domestic,june,2023,Jun-23,Q2_2023,316
pmo mandaue,private port,Fulls,import,foreign,june,2023,Jun-23,Q2_2023,
pmo mandaue,private port,Empties,import,foreign,june,2023,Jun-23,Q2_2023,
pmo mandaue,private port,Fulls,export,foreign,june,2023,Jun-23,Q2_2023,
pmo mandaue,private port,Empties,export,foreign,june,2023,Jun-23,Q2_2023,
pmo mandaue,cpa port,Fulls,inbound,domestic,june,2023,Jun-23,Q2_2023,
pmo mandaue,cpa port,Empties,inbound,domestic,june,2023,Jun-23,Q2_2023,
pmo mandaue,cpa port,Fulls,outbound,domestic,june,2023,Jun-23,Q2_2023,
pmo mandaue,cpa port,Empties,outbound,domestic,june,2023,Jun-23,Q2_2023,
pmo mandaue,cpa port,Fulls,import,foreign,june,2023,Jun-23,Q2_2023,
pmo mandaue,cpa port,Empties,import,foreign,june,2023,Jun-23,Q2_2023,
pmo mandaue,cpa port,Fulls,export,foreign,june,2023,Jun-23,Q2_2023,
pmo mandaue,cpa port,Empties,export,foreign,june,2023,Jun-23,Q2_2023,
pmo mandaue,lgu port,Fulls,inbound,domestic,june,2023,Jun-23,Q2_2023,
pmo mandaue,lgu port,Empties,inbound,domestic,june,2023,Jun-23,Q2_2023,
pmo mandaue,lgu port,Fulls,outbound,domestic,june,2023,Jun-23,Q2_2023,
pmo mandaue,lgu port,Empties,outbound,domestic,june,2023,Jun-23,Q2_2023,
pmo mandaue,lgu port,Fulls,import,foreign,june,2023,Jun-23,Q2_2023,
pmo mandaue,lgu port,Empties,import,foreign,june,2023,Jun-23,Q2_2023,
pmo mandaue,lgu port,Fulls,export,foreign,june,2023,Jun-23,Q2_2023,
pmo mandaue,lgu port,Empties,export,foreign,june,2023,Jun-23,Q2_2023,
pmo argao,cpa port,Fulls,inbound,domestic,june,2023,Jun-23,Q2_2023,
pmo argao,cpa port,Empties,inbound,domestic,june,2023,Jun-23,Q2_2023,
pmo argao,cpa port,Fulls,outbound,domestic,june,2023,Jun-23,Q2_2023,
pmo argao,cpa port,Empties,outbound,domestic,june,2023,Jun-23,Q2_2023,
pmo argao,cpa port,Fulls,import,foreign,june,2023,Jun-23,Q2_2023,
pmo argao,cpa port,Empties,import,foreign,june,2023,Jun-23,Q2_2023,
pmo argao,cpa port,Fulls,export,foreign,june,2023,Jun-23,Q2_2023,
pmo argao,cpa port,Empties,export,foreign,june,2023,Jun-23,Q2_2023,
pmo argao,lgu port,Fulls,inbound,domestic,june,2023,Jun-23,Q2_2023,
pmo argao,lgu port,Empties,inbound,domestic,june,2023,Jun-23,Q2_2023,
pmo argao,lgu port,Fulls,outbound,domestic,june,2023,Jun-23,Q2_2023,
pmo argao,lgu port,Empties,outbound,domestic,june,2023,Jun-23,Q2_2023,
pmo argao,lgu port,Fulls,import,foreign,june,2023,Jun-23,Q2_2023,
pmo argao,lgu port,Empties,import,foreign,june,2023,Jun-23,Q2_2023,
pmo argao,lgu port,Fulls,export,foreign,june,2023,Jun-23,Q2_2023,
pmo argao,lgu port,Empties,export,foreign,june,2023,Jun-23,Q2_2023,
pmo argao,private port,Fulls,inbound,domestic,june,2023,Jun-23,Q2_2023,
pmo argao,private port,Empties,inbound,domestic,june,2023,Jun-23,Q2_2023,678
pmo argao,private port,Fulls,outbound,domestic,june,2023,Jun-23,Q2_2023,396
pmo argao,private port,Empties,outbound,domestic,june,2023,Jun-23,Q2_2023,
pmo argao,private port,Fulls,import,foreign,june,2023,Jun-23,Q2_2023,
pmo argao,private port,Empties,import,foreign,june,2023,Jun-23,Q2_2023,
pmo argao,private port,Fulls,export,foreign,june,2023,Jun-23,Q2_2023,
pmo argao,private port,Empties,export,foreign,june,2023,Jun-23,Q2_2023,
pmo cip,cpa port,Fulls,inbound,domestic,july,2023,Jul-23,Q3_2023,676
pmo cip,cpa port,Empties,inbound,domestic,july,2023,Jul-23,Q3_2023,
pmo cip,cpa port,Fulls,outbound,domestic,july,2023,Jul-23,Q3_2023,143
pmo cip,cpa port,Empties,outbound,domestic,july,2023,Jul-23,Q3_2023,406
pmo cip,cpa port,Fulls,import,foreign,july,2023,Jul-23,Q3_2023,14700.5
pmo cip,cpa port,Empties,import,foreign,july,2023,Jul-23,Q3_2023,816
pmo cip,cpa port,Fulls,export,foreign,july,2023,Jul-23,Q3_2023,4179.25
pmo cip,cpa port,Empties,export,foreign,july,2023,Jul-23,Q3_2023,13839.25
pmo cip,lgu port,Fulls,inbound,domestic,july,2023,Jul-23,Q3_2023,
pmo cip,lgu port,Empties,inbound,domestic,july,2023,Jul-23,Q3_2023,
pmo cip,lgu port,Fulls,outbound,domestic,july,2023,Jul-23,Q3_2023,
pmo cip,lgu port,Empties,outbound,domestic,july,2023,Jul-23,Q3_2023,
pmo cip,lgu port,Fulls,import,foreign,july,2023,Jul-23,Q3_2023,
pmo cip,lgu port,Empties,import,foreign,july,2023,Jul-23,Q3_2023,
pmo cip,lgu port,Fulls,export,foreign,july,2023,Jul-23,Q3_2023,
pmo cip,lgu port,Empties,export,foreign,july,2023,Jul-23,Q3_2023,
pmo cip,private port,Fulls,inbound,domestic,july,2023,Jul-23,Q3_2023,13
pmo cip,private port,Empties,inbound,domestic,july,2023,Jul-23,Q3_2023,
pmo cip,private port,Fulls,outbound,domestic,july,2023,Jul-23,Q3_2023,9
pmo cip,private port,Empties,outbound,domestic,july,2023,Jul-23,Q3_2023,
pmo cip,private port,Fulls,import,foreign,july,2023,Jul-23,Q3_2023,
pmo cip,private port,Empties,import,foreign,july,2023,Jul-23,Q3_2023,
pmo cip,private port,Fulls,export,foreign,july,2023,Jul-23,Q3_2023,
pmo cip,private port,Empties,export,foreign,july,2023,Jul-23,Q3_2023,
pmo pier 4,cpa port,Empties,import,foreign,july,2023,Jul-23,Q3_2023,
pmo pier 4,cpa port,Fulls,inbound,domestic,july,2023,Jul-23,Q3_2023,10417
pmo pier 4,cpa port,Empties,inbound,domestic,july,2023,Jul-23,Q3_2023,344
pmo pier 4,cpa port,Fulls,outbound,domestic,july,2023,Jul-23,Q3_2023,6801.5
pmo pier 4,cpa port,Empties,outbound,domestic,july,2023,Jul-23,Q3_2023,1864
pmo pier 4,cpa port,Fulls,import,foreign,july,2023,Jul-23,Q3_2023,
pmo pier 4,cpa port,Empties,import,foreign,july,2023,Jul-23,Q3_2023,
pmo pier 4,cpa port,Fulls,export,foreign,july,2023,Jul-23,Q3_2023,
pmo pier 4,cpa port,Empties,export,foreign,july,2023,Jul-23,Q3_2023,
pmo pier 4,cpa port,Fulls,inbound,domestic transshipment,july,2023,Jul-23,Q3_2023,170
pmo pier 4,cpa port,Empties,outbound,domestic transshipment,july,2023,Jul-23,Q3_2023,0
pmo pier 4,cpa port,Fulls,inbound,domestic transshipment,july,2023,Jul-23,Q3_2023,170
pmo pier 4,cpa port,Empties,outbound,domestic transshipment,july,2023,Jul-23,Q3_2023,0
pmo pier 3,cpa port,Fulls,inbound,domestic,july,2023,Jul-23,Q3_2023,150
pmo pier 3,cpa port,Empties,inbound,domestic,july,2023,Jul-23,Q3_2023,159.5
pmo pier 3,cpa port,Fulls,outbound,domestic,july,2023,Jul-23,Q3_2023,273
pmo pier 3,cpa port,Empties,outbound,domestic,july,2023,Jul-23,Q3_2023,0
pmo pier 3,cpa port,Fulls,import,foreign,july,2023,Jul-23,Q3_2023,
pmo pier 3,cpa port,Empties,import,foreign,july,2023,Jul-23,Q3_2023,
pmo pier 3,cpa port,Fulls,export,foreign,july,2023,Jul-23,Q3_2023,
pmo pier 3,cpa port,Empties,export,foreign,july,2023,Jul-23,Q3_2023,
pmo mandaue,private port,Fulls,inbound,domestic,july,2023,Jul-23,Q3_2023,2336
pmo mandaue,private port,Empties,inbound,domestic,july,2023,Jul-23,Q3_2023,30
pmo mandaue,private port,Fulls,outbound,domestic,july,2023,Jul-23,Q3_2023,1417.5
pmo mandaue,private port,Empties,outbound,domestic,july,2023,Jul-23,Q3_2023,639
pmo mandaue,private port,Fulls,import,foreign,july,2023,Jul-23,Q3_2023,
pmo mandaue,private port,Empties,import,foreign,july,2023,Jul-23,Q3_2023,
pmo mandaue,private port,Fulls,export,foreign,july,2023,Jul-23,Q3_2023,
pmo mandaue,private port,Empties,export,foreign,july,2023,Jul-23,Q3_2023,
pmo mandaue,cpa port,Fulls,inbound,domestic,july,2023,Jul-23,Q3_2023,
pmo mandaue,cpa port,Empties,inbound,domestic,july,2023,Jul-23,Q3_2023,
pmo mandaue,cpa port,Fulls,outbound,domestic,july,2023,Jul-23,Q3_2023,
pmo mandaue,cpa port,Empties,outbound,domestic,july,2023,Jul-23,Q3_2023,
pmo mandaue,cpa port,Fulls,import,foreign,july,2023,Jul-23,Q3_2023,
pmo mandaue,cpa port,Empties,import,foreign,july,2023,Jul-23,Q3_2023,
pmo mandaue,cpa port,Fulls,export,foreign,july,2023,Jul-23,Q3_2023,
pmo mandaue,cpa port,Empties,export,foreign,july,2023,Jul-23,Q3_2023,
pmo mandaue,lgu port,Fulls,inbound,domestic,july,2023,Jul-23,Q3_2023,
pmo mandaue,lgu port,Empties,inbound,domestic,july,2023,Jul-23,Q3_2023,
pmo mandaue,lgu port,Fulls,outbound,domestic,july,2023,Jul-23,Q3_2023,
pmo mandaue,lgu port,Empties,outbound,domestic,july,2023,Jul-23,Q3_2023,
pmo mandaue,lgu port,Fulls,import,foreign,july,2023,Jul-23,Q3_2023,
pmo mandaue,lgu port,Empties,import,foreign,july,2023,Jul-23,Q3_2023,
pmo mandaue,lgu port,Fulls,export,foreign,july,2023,Jul-23,Q3_2023,
pmo mandaue,lgu port,Empties,export,foreign,july,2023,Jul-23,Q3_2023,
pmo argao,cpa port,Fulls,inbound,domestic,july,2023,Jul-23,Q3_2023,
pmo argao,cpa port,Empties,inbound,domestic,july,2023,Jul-23,Q3_2023,
pmo argao,cpa port,Fulls,outbound,domestic,july,2023,Jul-23,Q3_2023,
pmo argao,cpa port,Empties,outbound,domestic,july,2023,Jul-23,Q3_2023,
pmo argao,cpa port,Fulls,import,foreign,july,2023,Jul-23,Q3_2023,
pmo argao,cpa port,Empties,import,foreign,july,2023,Jul-23,Q3_2023,
pmo argao,cpa port,Fulls,export,foreign,july,2023,Jul-23,Q3_2023,
pmo argao,cpa port,Empties,export,foreign,july,2023,Jul-23,Q3_2023,
pmo argao,lgu port,Fulls,inbound,domestic,july,2023,Jul-23,Q3_2023,
pmo argao,lgu port,Empties,inbound,domestic,july,2023,Jul-23,Q3_2023,
pmo argao,lgu port,Fulls,outbound,domestic,july,2023,Jul-23,Q3_2023,
pmo argao,lgu port,Empties,outbound,domestic,july,2023,Jul-23,Q3_2023,
pmo argao,lgu port,Fulls,import,foreign,july,2023,Jul-23,Q3_2023,
pmo argao,lgu port,Empties,import,foreign,july,2023,Jul-23,Q3_2023,
pmo argao,lgu port,Fulls,export,foreign,july,2023,Jul-23,Q3_2023,
pmo argao,lgu port,Empties,export,foreign,july,2023,Jul-23,Q3_2023,
pmo argao,private port,Fulls,inbound,domestic,july,2023,Jul-23,Q3_2023,
pmo argao,private port,Empties,inbound,domestic,july,2023,Jul-23,Q3_2023,386
pmo argao,private port,Fulls,outbound,domestic,july,2023,Jul-23,Q3_2023,337
pmo argao,private port,Empties,outbound,domestic,july,2023,Jul-23,Q3_2023,
pmo argao,private port,Fulls,import,foreign,july,2023,Jul-23,Q3_2023,
pmo argao,private port,Empties,import,foreign,july,2023,Jul-23,Q3_2023,
pmo argao,private port,Fulls,export,foreign,july,2023,Jul-23,Q3_2023,
pmo argao,private port,Empties,export,foreign,july,2023,Jul-23,Q3_2023,
pmo pier 1,cpa port,Fulls,Inbound,Domestic,july,2023,Jul-23,Q3_2023,459
pmo pier 1,cpa port,Empties,Inbound,Domestic,july,2023,Jul-23,Q3_2023,576
pmo pier 1,cpa port,Fulls,Outbound,Domestic,july,2023,Jul-23,Q3_2023,899
pmo pier 1,cpa port,Empties,Outbound,Domestic,july,2023,Jul-23,Q3_2023,130.5
pmo pier 1,private port,Fulls,Inbound,Domestic,july,2023,Jul-23,Q3_2023,5060
pmo pier 1,private port,Empties,Inbound,Domestic,july,2023,Jul-23,Q3_2023,70
pmo pier 1,private port,Fulls,Outbound,Domestic,july,2023,Jul-23,Q3_2023,1751
pmo pier 1,private port,Empties,Outbound,Domestic,july,2023,Jul-23,Q3_2023,2907
pmo cip,cpa port,Fulls,inbound,domestic,august,2023,Aug-23,Q3_2023,33
pmo cip,cpa port,Empties,inbound,domestic,august,2023,Aug-23,Q3_2023,7
pmo cip,cpa port,Fulls,outbound,domestic,august,2023,Aug-23,Q3_2023,17
pmo cip,cpa port,Empties,outbound,domestic,august,2023,Aug-23,Q3_2023,6
pmo cip,cpa port,Fulls,import,foreign,august,2023,Aug-23,Q3_2023,18936.5
pmo cip,cpa port,Empties,import,foreign,august,2023,Aug-23,Q3_2023,136
pmo cip,cpa port,Fulls,export,foreign,august,2023,Aug-23,Q3_2023,4352
pmo cip,cpa port,Empties,export,foreign,august,2023,Aug-23,Q3_2023,14635
pmo cip,lgu port,Fulls,inbound,domestic,august,2023,Aug-23,Q3_2023,
pmo cip,lgu port,Empties,inbound,domestic,august,2023,Aug-23,Q3_2023,
pmo cip,lgu port,Fulls,outbound,domestic,august,2023,Aug-23,Q3_2023,
pmo cip,lgu port,Empties,outbound,domestic,august,2023,Aug-23,Q3_2023,
pmo cip,lgu port,Fulls,import,foreign,august,2023,Aug-23,Q3_2023,
pmo cip,lgu port,Empties,import,foreign,august,2023,Aug-23,Q3_2023,
pmo cip,lgu port,Fulls,export,foreign,august,2023,Aug-23,Q3_2023,
pmo cip,lgu port,Empties,export,foreign,august,2023,Aug-23,Q3_2023,
pmo cip,private port,Fulls,inbound,domestic,august,2023,Aug-23,Q3_2023,10
pmo cip,private port,Empties,inbound,domestic,august,2023,Aug-23,Q3_2023,5
pmo cip,private port,Fulls,outbound,domestic,august,2023,Aug-23,Q3_2023,2
pmo cip,private port,Empties,outbound,domestic,august,2023,Aug-23,Q3_2023,
pmo cip,private port,Fulls,import,foreign,august,2023,Aug-23,Q3_2023,
pmo cip,private port,Empties,import,foreign,august,2023,Aug-23,Q3_2023,
pmo cip,private port,Fulls,export,foreign,august,2023,Aug-23,Q3_2023,
pmo cip,private port,Empties,export,foreign,august,2023,Aug-23,Q3_2023,
pmo pier 4,cpa port,Fulls,export,foreign,august,2023,Aug-23,Q3_2023,
pmo pier 4,cpa port,Fulls,inbound,domestic,august,2023,Aug-23,Q3_2023,11797
pmo pier 4,cpa port,Empties,inbound,domestic,august,2023,Aug-23,Q3_2023,405
pmo pier 4,cpa port,Fulls,outbound,domestic,august,2023,Aug-23,Q3_2023,6640
pmo pier 4,cpa port,Empties,outbound,domestic,august,2023,Aug-23,Q3_2023,2196
pmo pier 4,cpa port,Fulls,import,foreign,august,2023,Aug-23,Q3_2023,
pmo pier 4,cpa port,Empties,import,foreign,august,2023,Aug-23,Q3_2023,
pmo pier 4,cpa port,Fulls,export,foreign,august,2023,Aug-23,Q3_2023,
pmo pier 4,cpa port,Empties,export,foreign,august,2023,Aug-23,Q3_2023,
pmo pier 4,cpa port,Fulls,inbound,domestic transshipment,august,2023,Aug-23,Q3_2023,421
pmo pier 4,cpa port,Empties,inbound,domestic transshipment,august,2023,Aug-23,Q3_2023,4
pmo pier 4,cpa port,Fulls,outbound,domestic transshipment,august,2023,Aug-23,Q3_2023,421
pmo pier 4,cpa port,Empties,outbound,domestic transshipment,august,2023,Aug-23,Q3_2023,4
pmo pier 3,cpa port,Fulls,inbound,domestic,august,2023,Aug-23,Q3_2023,142.5
pmo pier 3,cpa port,Empties,inbound,domestic,august,2023,Aug-23,Q3_2023,143
pmo pier 3,cpa port,Fulls,outbound,domestic,august,2023,Aug-23,Q3_2023,274
pmo pier 3,cpa port,Empties,outbound,domestic,august,2023,Aug-23,Q3_2023,0
pmo pier 3,cpa port,Fulls,import,foreign,august,2023,Aug-23,Q3_2023,
pmo pier 3,cpa port,Empties,import,foreign,august,2023,Aug-23,Q3_2023,
pmo pier 3,cpa port,Fulls,export,foreign,august,2023,Aug-23,Q3_2023,
pmo pier 3,cpa port,Empties,export,foreign,august,2023,Aug-23,Q3_2023,
pmo pier 1,cpa port,Fulls,Inbound,Domestic,august,2023,Aug-23,Q3_2023,300.5
pmo pier 1,cpa port,Empties,Inbound,Domestic,august,2023,Aug-23,Q3_2023,565.5
pmo pier 1,cpa port,Fulls,Outbound,Domestic,august,2023,Aug-23,Q3_2023,764.5
pmo pier 1,cpa port,Empties,Outbound,Domestic,august,2023,Aug-23,Q3_2023,121
pmo pier 1,cpa port,Fulls,In DomTrans,Domestic,august,2023,Aug-23,Q3_2023,2.5
pmo pier 1,private port,Fulls,Inbound,Domestic,august,2023,Aug-23,Q3_2023,6557
pmo pier 1,private port,Empties,Inbound,Domestic,august,2023,Aug-23,Q3_2023,194
pmo pier 1,private port,Fulls,Outbound,Domestic,august,2023,Aug-23,Q3_2023,1794
pmo pier 1,private port,Empties,Outbound,Domestic,august,2023,Aug-23,Q3_2023,3234
pmo mandaue,private port,Fulls,inbound,domestic,august,2023,Aug-23,Q3_2023,2770.5
pmo mandaue,private port,Empties,inbound,domestic,august,2023,Aug-23,Q3_2023,14
pmo mandaue,private port,Fulls,outbound,domestic,august,2023,Aug-23,Q3_2023,1726
pmo mandaue,private port,Empties,outbound,domestic,august,2023,Aug-23,Q3_2023,617
pmo mandaue,private port,Fulls,import,foreign,august,2023,Aug-23,Q3_2023,
pmo mandaue,private port,Empties,import,foreign,august,2023,Aug-23,Q3_2023,
pmo mandaue,private port,Fulls,export,foreign,august,2023,Aug-23,Q3_2023,
pmo mandaue,private port,Empties,export,foreign,august,2023,Aug-23,Q3_2023,
pmo mandaue,cpa port,Fulls,inbound,domestic,august,2023,Aug-23,Q3_2023,
pmo mandaue,cpa port,Empties,inbound,domestic,august,2023,Aug-23,Q3_2023,
pmo mandaue,cpa port,Fulls,outbound,domestic,august,2023,Aug-23,Q3_2023,
pmo mandaue,cpa port,Empties,outbound,domestic,august,2023,Aug-23,Q3_2023,
pmo mandaue,cpa port,Fulls,import,foreign,august,2023,Aug-23,Q3_2023,
pmo mandaue,cpa port,Empties,import,foreign,august,2023,Aug-23,Q3_2023,
pmo mandaue,cpa port,Fulls,export,foreign,august,2023,Aug-23,Q3_2023,
pmo mandaue,cpa port,Empties,export,foreign,august,2023,Aug-23,Q3_2023,
pmo mandaue,lgu port,Fulls,inbound,domestic,august,2023,Aug-23,Q3_2023,
pmo mandaue,lgu port,Empties,inbound,domestic,august,2023,Aug-23,Q3_2023,
pmo mandaue,lgu port,Fulls,outbound,domestic,august,2023,Aug-23,Q3_2023,
pmo mandaue,lgu port,Empties,outbound,domestic,august,2023,Aug-23,Q3_2023,
pmo mandaue,lgu port,Fulls,import,foreign,august,2023,Aug-23,Q3_2023,
pmo mandaue,lgu port,Empties,import,foreign,august,2023,Aug-23,Q3_2023,
pmo mandaue,lgu port,Fulls,export,foreign,august,2023,Aug-23,Q3_2023,
pmo mandaue,lgu port,Empties,export,foreign,august,2023,Aug-23,Q3_2023,
pmo argao,cpa port,Fulls,inbound,domestic,august,2023,Aug-23,Q3_2023,
pmo argao,cpa port,Empties,inbound,domestic,august,2023,Aug-23,Q3_2023,300
pmo argao,cpa port,Fulls,outbound,domestic,august,2023,Aug-23,Q3_2023,105
pmo argao,cpa port,Empties,outbound,domestic,august,2023,Aug-23,Q3_2023,
pmo argao,cpa port,Fulls,import,foreign,august,2023,Aug-23,Q3_2023,
pmo argao,cpa port,Empties,import,foreign,august,2023,Aug-23,Q3_2023,
pmo argao,cpa port,Fulls,export,foreign,august,2023,Aug-23,Q3_2023,
pmo argao,cpa port,Empties,export,foreign,august,2023,Aug-23,Q3_2023,
pmo argao,lgu port,Fulls,inbound,domestic,august,2023,Aug-23,Q3_2023,
pmo argao,lgu port,Empties,inbound,domestic,august,2023,Aug-23,Q3_2023,
pmo argao,lgu port,Fulls,outbound,domestic,august,2023,Aug-23,Q3_2023,
pmo argao,lgu port,Empties,outbound,domestic,august,2023,Aug-23,Q3_2023,
pmo argao,lgu port,Fulls,import,foreign,august,2023,Aug-23,Q3_2023,
pmo argao,lgu port,Empties,import,foreign,august,2023,Aug-23,Q3_2023,
pmo argao,lgu port,Fulls,export,foreign,august,2023,Aug-23,Q3_2023,
pmo argao,lgu port,Empties,export,foreign,august,2023,Aug-23,Q3_2023,
pmo argao,private port,Fulls,inbound,domestic,august,2023,Aug-23,Q3_2023,
pmo argao,private port,Empties,inbound,domestic,august,2023,Aug-23,Q3_2023,
pmo argao,private port,Fulls,outbound,domestic,august,2023,Aug-23,Q3_2023,
pmo argao,private port,Empties,outbound,domestic,august,2023,Aug-23,Q3_2023,
pmo argao,private port,Fulls,import,foreign,august,2023,Aug-23,Q3_2023,
pmo argao,private port,Empties,import,foreign,august,2023,Aug-23,Q3_2023,
pmo argao,private port,Fulls,export,foreign,august,2023,Aug-23,Q3_2023,
pmo argao,private port,Empties,export,foreign,august,2023,Aug-23,Q3_2023,
pmo cip,cpa port,Fulls,inbound,domestic,september,2023,Sep-23,Q3_2023,56
pmo cip,cpa port,Empties,inbound,domestic,september,2023,Sep-23,Q3_2023,5
pmo cip,cpa port,Fulls,outbound,domestic,september,2023,Sep-23,Q3_2023,33
pmo cip,cpa port,Empties,outbound,domestic,september,2023,Sep-23,Q3_2023,10
pmo cip,cpa port,Fulls,import,foreign,september,2023,Sep-23,Q3_2023,16064
pmo cip,cpa port,Empties,import,foreign,september,2023,Sep-23,Q3_2023,272
pmo cip,cpa port,Fulls,export,foreign,september,2023,Sep-23,Q3_2023,4305.25
pmo cip,cpa port,Empties,export,foreign,september,2023,Sep-23,Q3_2023,13598.25
pmo cip,lgu port,Fulls,inbound,domestic,september,2023,Sep-23,Q3_2023,
pmo cip,lgu port,Empties,inbound,domestic,september,2023,Sep-23,Q3_2023,
pmo cip,lgu port,Fulls,outbound,domestic,september,2023,Sep-23,Q3_2023,
pmo cip,lgu port,Empties,outbound,domestic,september,2023,Sep-23,Q3_2023,
pmo cip,lgu port,Fulls,import,foreign,september,2023,Sep-23,Q3_2023,
pmo cip,lgu port,Empties,import,foreign,september,2023,Sep-23,Q3_2023,
pmo cip,lgu port,Fulls,export,foreign,september,2023,Sep-23,Q3_2023,
pmo cip,lgu port,Empties,export,foreign,september,2023,Sep-23,Q3_2023,
pmo cip,private port,Fulls,inbound,domestic,september,2023,Sep-23,Q3_2023,
pmo cip,private port,Empties,inbound,domestic,september,2023,Sep-23,Q3_2023,
pmo cip,private port,Fulls,outbound,domestic,september,2023,Sep-23,Q3_2023,
pmo cip,private port,Empties,outbound,domestic,september,2023,Sep-23,Q3_2023,
pmo cip,private port,Fulls,import,foreign,september,2023,Sep-23,Q3_2023,
pmo cip,private port,Empties,import,foreign,september,2023,Sep-23,Q3_2023,
pmo cip,private port,Fulls,export,foreign,september,2023,Sep-23,Q3_2023,
pmo cip,private port,Empties,export,foreign,september,2023,Sep-23,Q3_2023,
pmo pier 4,cpa port,Empties,export,foreign,september,2023,Sep-23,Q3_2023,
pmo pier 4,cpa port,Fulls,inbound,domestic,september,2023,Sep-23,Q3_2023,10629.75
pmo pier 4,cpa port,Empties,inbound,domestic,september,2023,Sep-23,Q3_2023,486.5
pmo pier 4,cpa port,Fulls,outbound,domestic,september,2023,Sep-23,Q3_2023,6991.5
pmo pier 4,cpa port,Empties,outbound,domestic,september,2023,Sep-23,Q3_2023,1854
pmo pier 4,cpa port,Fulls,import,foreign,september,2023,Sep-23,Q3_2023,
pmo pier 4,cpa port,Empties,import,foreign,september,2023,Sep-23,Q3_2023,
pmo pier 4,cpa port,Fulls,export,foreign,september,2023,Sep-23,Q3_2023,
pmo pier 4,cpa port,Empties,export,foreign,september,2023,Sep-23,Q3_2023,
pmo pier 4,cpa port,Fulls,inbound,domestic transshipment,september,2023,Sep-23,Q3_2023,276
pmo pier 4,cpa port,Empties,inbound,domestic transshipment,september,2023,Sep-23,Q3_2023,
pmo pier 4,cpa port,Fulls,outbound,domestic transshipment,september,2023,Sep-23,Q3_2023,276
pmo pier 4,cpa port,Empties,outbound,domestic transshipment,september,2023,Sep-23,Q3_2023,
pmo pier 3,cpa port,Fulls,inbound,domestic,september,2023,Sep-23,Q3_2023,187
pmo pier 3,cpa port,Empties,inbound,domestic,september,2023,Sep-23,Q3_2023,95
pmo pier 3,cpa port,Fulls,outbound,domestic,september,2023,Sep-23,Q3_2023,186.5
pmo pier 3,cpa port,Empties,outbound,domestic,september,2023,Sep-23,Q3_2023,0
pmo pier 1,cpa port,Fulls,Inbound,domestic,september,2023,Sep-23,Q3_2023,309.5
pmo pier 1,cpa port,Empties,Inbound,domestic,september,2023,Sep-23,Q3_2023,636.5
pmo pier 1,cpa port,Fulls,Outbound,domestic,september,2023,Sep-23,Q3_2023,831.5
pmo pier 1,cpa port,Empties,Outbound,domestic,september,2023,Sep-23,Q3_2023,97.5
pmo pier 1,private port,Fulls,Inbound,domestic,september,2023,Sep-23,Q3_2023,5854
pmo pier 1,private port,Empties,Inbound,domestic,september,2023,Sep-23,Q3_2023,116
pmo pier 1,private port,Fulls,Outbound,domestic,september,2023,Sep-23,Q3_2023,1834
pmo pier 1,private port,Empties,Outbound,domestic,september,2023,Sep-23,Q3_2023,4333
pmo mandaue,private port,Fulls,inbound,domestic,september,2023,Sep-23,Q3_2023,2673
pmo mandaue,private port,Empties,inbound,domestic,september,2023,Sep-23,Q3_2023,66
pmo mandaue,private port,Fulls,outbound,domestic,september,2023,Sep-23,Q3_2023,1860
pmo mandaue,private port,Empties,outbound,domestic,september,2023,Sep-23,Q3_2023,130
pmo mandaue,private port,Fulls,import,foreign,september,2023,Sep-23,Q3_2023,
pmo mandaue,private port,Empties,import,foreign,september,2023,Sep-23,Q3_2023,
pmo mandaue,private port,Fulls,export,foreign,september,2023,Sep-23,Q3_2023,
pmo mandaue,private port,Empties,export,foreign,september,2023,Sep-23,Q3_2023,
pmo mandaue,cpa port,Fulls,inbound,domestic,september,2023,Sep-23,Q3_2023,
pmo mandaue,cpa port,Empties,inbound,domestic,september,2023,Sep-23,Q3_2023,
pmo mandaue,cpa port,Fulls,outbound,domestic,september,2023,Sep-23,Q3_2023,
pmo mandaue,cpa port,Empties,outbound,domestic,september,2023,Sep-23,Q3_2023,
pmo mandaue,cpa port,Fulls,import,foreign,september,2023,Sep-23,Q3_2023,
pmo mandaue,cpa port,Empties,import,foreign,september,2023,Sep-23,Q3_2023,
pmo mandaue,cpa port,Fulls,export,foreign,september,2023,Sep-23,Q3_2023,
pmo mandaue,cpa port,Empties,export,foreign,september,2023,Sep-23,Q3_2023,
pmo mandaue,lgu port,Fulls,inbound,domestic,september,2023,Sep-23,Q3_2023,
pmo mandaue,lgu port,Empties,inbound,domestic,september,2023,Sep-23,Q3_2023,
pmo mandaue,lgu port,Fulls,outbound,domestic,september,2023,Sep-23,Q3_2023,
pmo mandaue,lgu port,Empties,outbound,domestic,september,2023,Sep-23,Q3_2023,
pmo mandaue,lgu port,Fulls,import,foreign,september,2023,Sep-23,Q3_2023,
pmo mandaue,lgu port,Empties,import,foreign,september,2023,Sep-23,Q3_2023,
pmo mandaue,lgu port,Fulls,export,foreign,september,2023,Sep-23,Q3_2023,
pmo mandaue,lgu port,Empties,export,foreign,september,2023,Sep-23,Q3_2023,
pmo argao,cpa port,Fulls,inbound,domestic,september,2023,Sep-23,Q3_2023,
pmo argao,cpa port,Empties,inbound,domestic,september,2023,Sep-23,Q3_2023,
pmo argao,cpa port,Fulls,outbound,domestic,september,2023,Sep-23,Q3_2023,
pmo argao,cpa port,Empties,outbound,domestic,september,2023,Sep-23,Q3_2023,
pmo argao,cpa port,Fulls,import,foreign,september,2023,Sep-23,Q3_2023,
pmo argao,cpa port,Empties,import,foreign,september,2023,Sep-23,Q3_2023,
pmo argao,cpa port,Fulls,export,foreign,september,2023,Sep-23,Q3_2023,
pmo argao,cpa port,Empties,export,foreign,september,2023,Sep-23,Q3_2023,
pmo argao,lgu port,Fulls,inbound,domestic,september,2023,Sep-23,Q3_2023,
pmo argao,lgu port,Empties,inbound,domestic,september,2023,Sep-23,Q3_2023,
pmo argao,lgu port,Fulls,outbound,domestic,september,2023,Sep-23,Q3_2023,
pmo argao,lgu port,Empties,outbound,domestic,september,2023,Sep-23,Q3_2023,
pmo argao,lgu port,Fulls,import,foreign,september,2023,Sep-23,Q3_2023,
pmo argao,lgu port,Empties,import,foreign,september,2023,Sep-23,Q3_2023,
pmo argao,lgu port,Fulls,export,foreign,september,2023,Sep-23,Q3_2023,
pmo argao,lgu port,Empties,export,foreign,september,2023,Sep-23,Q3_2023,
pmo argao,private port,Fulls,inbound,domestic,september,2023,Sep-23,Q3_2023,
pmo argao,private port,Empties,inbound,domestic,september,2023,Sep-23,Q3_2023,167
pmo argao,private port,Fulls,outbound,domestic,september,2023,Sep-23,Q3_2023,159
pmo argao,private port,Empties,outbound,domestic,september,2023,Sep-23,Q3_2023,
pmo argao,private port,Fulls,import,foreign,september,2023,Sep-23,Q3_2023,
pmo argao,private port,Empties,import,foreign,september,2023,Sep-23,Q3_2023,
pmo argao,private port,Fulls,export,foreign,september,2023,Sep-23,Q3_2023,
pmo argao,private port,Empties,export,foreign,september,2023,Sep-23,Q3_2023,
pmo cip,cpa port,Fulls,inbound,domestic,october,2023,Oct-23,Q4_2023,42
pmo cip,cpa port,Empties,inbound,domestic,october,2023,Oct-23,Q4_2023,
pmo cip,cpa port,Fulls,outbound,domestic,october,2023,Oct-23,Q4_2023,14
pmo cip,cpa port,Empties,outbound,domestic,october,2023,Oct-23,Q4_2023,
pmo cip,cpa port,Fulls,import,foreign,october,2023,Oct-23,Q4_2023,16853
pmo cip,cpa port,Empties,import,foreign,october,2023,Oct-23,Q4_2023,352
pmo cip,cpa port,Fulls,export,foreign,october,2023,Oct-23,Q4_2023,4928
pmo cip,cpa port,Empties,export,foreign,october,2023,Oct-23,Q4_2023,12874.75
pmo cip,lgu port,Fulls,inbound,domestic,october,2023,Oct-23,Q4_2023,
pmo cip,lgu port,Empties,inbound,domestic,october,2023,Oct-23,Q4_2023,
pmo cip,lgu port,Fulls,outbound,domestic,october,2023,Oct-23,Q4_2023,
pmo cip,lgu port,Empties,outbound,domestic,october,2023,Oct-23,Q4_2023,
pmo cip,lgu port,Fulls,import,foreign,october,2023,Oct-23,Q4_2023,
pmo cip,lgu port,Empties,import,foreign,october,2023,Oct-23,Q4_2023,
pmo cip,lgu port,Fulls,export,foreign,october,2023,Oct-23,Q4_2023,
pmo cip,lgu port,Empties,export,foreign,october,2023,Oct-23,Q4_2023,
pmo cip,private port,Fulls,inbound,domestic,october,2023,Oct-23,Q4_2023,36
pmo cip,private port,Empties,inbound,domestic,october,2023,Oct-23,Q4_2023,
pmo cip,private port,Fulls,outbound,domestic,october,2023,Oct-23,Q4_2023,33
pmo cip,private port,Empties,outbound,domestic,october,2023,Oct-23,Q4_2023,
pmo cip,private port,Fulls,import,foreign,october,2023,Oct-23,Q4_2023,
pmo cip,private port,Empties,import,foreign,october,2023,Oct-23,Q4_2023,
pmo cip,private port,Fulls,export,foreign,october,2023,Oct-23,Q4_2023,
pmo cip,private port,Empties,export,foreign,october,2023,Oct-23,Q4_2023,
pmo pier 4,cpa port,Fulls,inbound,domestic,october,2023,Oct-23,Q4_2023,11833
pmo pier 4,cpa port,Empties,inbound,domestic,october,2023,Oct-23,Q4_2023,305.5
pmo pier 4,cpa port,Fulls,outbound,domestic,october,2023,Oct-23,Q4_2023,7398
pmo pier 4,cpa port,Empties,outbound,domestic,october,2023,Oct-23,Q4_2023,1999
pmo pier 4,cpa port,Fulls,inbound,domestic transshipment,october,2023,Oct-23,Q4_2023,365
pmo pier 4,cpa port,Empties,inbound,domestic transshipment,october,2023,Oct-23,Q4_2023,
pmo pier 4,cpa port,Fulls,outbound,domestic transshipment,october,2023,Oct-23,Q4_2023,365
pmo pier 4,cpa port,Empties,outbound,domestic transshipment,october,2023,Oct-23,Q4_2023,
pmo pier 4,cpa port,Fulls,import,foreign,october,2023,Oct-23,Q4_2023,
pmo pier 4,cpa port,Empties,import,foreign,october,2023,Oct-23,Q4_2023,
pmo pier 4,cpa port,Fulls,export,foreign,october,2023,Oct-23,Q4_2023,
pmo pier 4,cpa port,Empties,export,foreign,october,2023,Oct-23,Q4_2023,
pmo pier 3,cpa port,Fulls,inbound,domestic,october,2023,Oct-23,Q4_2023,186.5
pmo pier 3,cpa port,Empties,inbound,domestic,october,2023,Oct-23,Q4_2023,93
pmo pier 3,cpa port,Fulls,outbound,domestic,october,2023,Oct-23,Q4_2023,271
pmo pier 3,cpa port,Empties,outbound,domestic,october,2023,Oct-23,Q4_2023,0
pmo pier 3,cpa port,Fulls,import,foreign,october,2023,Oct-23,Q4_2023,
pmo pier 3,cpa port,Empties,import,foreign,october,2023,Oct-23,Q4_2023,
pmo pier 3,cpa port,Fulls,export,foreign,october,2023,Oct-23,Q4_2023,
pmo pier 3,cpa port,Empties,export,foreign,october,2023,Oct-23,Q4_2023,
pmo pier 1,cpa port,Fulls,Inbound,Domestic,october,2023,Oct-23,Q4_2023,341
pmo pier 1,cpa port,Empties,Inbound,Domestic,october,2023,Oct-23,Q4_2023,649
pmo pier 1,cpa port,Fulls,Outbound,Domestic,october,2023,Oct-23,Q4_2023,841.5
pmo pier 1,cpa port,Empties,Outbound,Domestic,october,2023,Oct-23,Q4_2023,118
pmo pier 1,private port,Fulls,Inbound,Domestic,october,2023,Oct-23,Q4_2023,6576
pmo pier 1,private port,Empties,Inbound,Domestic,october,2023,Oct-23,Q4_2023,244
pmo pier 1,private port,Fulls,Outbound,Domestic,october,2023,Oct-23,Q4_2023,1622
pmo pier 1,private port,Empties,Outbound,Domestic,october,2023,Oct-23,Q4_2023,4250
pmo mandaue,private port,Fulls,inbound,domestic,october,2023,Oct-23,Q4_2023,2235.5
pmo mandaue,private port,Empties,inbound,domestic,october,2023,Oct-23,Q4_2023,9
pmo mandaue,private port,Fulls,outbound,domestic,october,2023,Oct-23,Q4_2023,1709.25
pmo mandaue,private port,Empties,outbound,domestic,october,2023,Oct-23,Q4_2023,158
pmo mandaue,private port,Fulls,import,foreign,october,2023,Oct-23,Q4_2023,
pmo mandaue,private port,Empties,import,foreign,october,2023,Oct-23,Q4_2023,
pmo mandaue,private port,Fulls,export,foreign,october,2023,Oct-23,Q4_2023,
pmo mandaue,private port,Empties,export,foreign,october,2023,Oct-23,Q4_2023,
pmo mandaue,cpa port,Fulls,inbound,domestic,october,2023,Oct-23,Q4_2023,
pmo mandaue,cpa port,Empties,inbound,domestic,october,2023,Oct-23,Q4_2023,
pmo mandaue,cpa port,Fulls,outbound,domestic,october,2023,Oct-23,Q4_2023,
pmo mandaue,cpa port,Empties,outbound,domestic,october,2023,Oct-23,Q4_2023,
pmo mandaue,cpa port,Fulls,import,foreign,october,2023,Oct-23,Q4_2023,
pmo mandaue,cpa port,Empties,import,foreign,october,2023,Oct-23,Q4_2023,
pmo mandaue,cpa port,Fulls,export,foreign,october,2023,Oct-23,Q4_2023,
pmo mandaue,cpa port,Empties,export,foreign,october,2023,Oct-23,Q4_2023,
pmo mandaue,lgu port,Fulls,inbound,domestic,october,2023,Oct-23,Q4_2023,
pmo mandaue,lgu port,Empties,inbound,domestic,october,2023,Oct-23,Q4_2023,
pmo mandaue,lgu port,Fulls,outbound,domestic,october,2023,Oct-23,Q4_2023,
pmo mandaue,lgu port,Empties,outbound,domestic,october,2023,Oct-23,Q4_2023,
pmo mandaue,lgu port,Fulls,import,foreign,october,2023,Oct-23,Q4_2023,
pmo mandaue,lgu port,Empties,import,foreign,october,2023,Oct-23,Q4_2023,
pmo mandaue,lgu port,Fulls,export,foreign,october,2023,Oct-23,Q4_2023,
pmo mandaue,lgu port,Empties,export,foreign,october,2023,Oct-23,Q4_2023,
pmo argao,cpa port,Fulls,inbound,domestic,october,2023,Oct-23,Q4_2023,
pmo argao,cpa port,Empties,inbound,domestic,october,2023,Oct-23,Q4_2023,
pmo argao,cpa port,Fulls,outbound,domestic,october,2023,Oct-23,Q4_2023,
pmo argao,cpa port,Empties,outbound,domestic,october,2023,Oct-23,Q4_2023,
pmo argao,cpa port,Fulls,import,foreign,october,2023,Oct-23,Q4_2023,
pmo argao,cpa port,Empties,import,foreign,october,2023,Oct-23,Q4_2023,
pmo argao,cpa port,Fulls,export,foreign,october,2023,Oct-23,Q4_2023,
pmo argao,cpa port,Empties,export,foreign,october,2023,Oct-23,Q4_2023,
pmo argao,lgu port,Fulls,inbound,domestic,october,2023,Oct-23,Q4_2023,
pmo argao,lgu port,Empties,inbound,domestic,october,2023,Oct-23,Q4_2023,
pmo argao,lgu port,Fulls,outbound,domestic,october,2023,Oct-23,Q4_2023,
pmo argao,lgu port,Empties,outbound,domestic,october,2023,Oct-23,Q4_2023,
pmo argao,lgu port,Fulls,import,foreign,october,2023,Oct-23,Q4_2023,
pmo argao,lgu port,Empties,import,foreign,october,2023,Oct-23,Q4_2023,
pmo argao,lgu port,Fulls,export,foreign,october,2023,Oct-23,Q4_2023,
pmo argao,lgu port,Empties,export,foreign,october,2023,Oct-23,Q4_2023,
pmo argao,private port,Fulls,inbound,domestic,october,2023,Oct-23,Q4_2023,
pmo argao,private port,Empties,inbound,domestic,october,2023,Oct-23,Q4_2023,214
pmo argao,private port,Fulls,outbound,domestic,october,2023,Oct-23,Q4_2023,167
pmo argao,private port,Empties,outbound,domestic,october,2023,Oct-23,Q4_2023,
pmo argao,private port,Fulls,import,foreign,october,2023,Oct-23,Q4_2023,
pmo argao,private port,Empties,import,foreign,october,2023,Oct-23,Q4_2023,
pmo argao,private port,Fulls,export,foreign,october,2023,Oct-23,Q4_2023,
pmo argao,private port,Empties,export,foreign,october,2023,Oct-23,Q4_2023,
pmo cip,cpa port,Fulls,inbound,domestic,november,2023,Nov-23,Q4_2023,12
pmo cip,cpa port,Empties,inbound,domestic,november,2023,Nov-23,Q4_2023,
pmo cip,cpa port,Fulls,outbound,domestic,november,2023,Nov-23,Q4_2023,2
pmo cip,cpa port,Empties,outbound,domestic,november,2023,Nov-23,Q4_2023,10
pmo cip,cpa port,Fulls,import,foreign,november,2023,Nov-23,Q4_2023,19519
pmo cip,cpa port,Empties,import,foreign,november,2023,Nov-23,Q4_2023,165
pmo cip,cpa port,Fulls,export,foreign,november,2023,Nov-23,Q4_2023,4124
pmo cip,cpa port,Empties,export,foreign,november,2023,Nov-23,Q4_2023,14697.5
pmo cip,lgu port,Fulls,inbound,domestic,november,2023,Nov-23,Q4_2023,
pmo cip,lgu port,Empties,inbound,domestic,november,2023,Nov-23,Q4_2023,
pmo cip,lgu port,Fulls,outbound,domestic,november,2023,Nov-23,Q4_2023,
pmo cip,lgu port,Empties,outbound,domestic,november,2023,Nov-23,Q4_2023,
pmo cip,lgu port,Fulls,import,foreign,november,2023,Nov-23,Q4_2023,
pmo cip,lgu port,Empties,import,foreign,november,2023,Nov-23,Q4_2023,
pmo cip,lgu port,Fulls,export,foreign,november,2023,Nov-23,Q4_2023,
pmo cip,lgu port,Empties,export,foreign,november,2023,Nov-23,Q4_2023,
pmo cip,private port,Fulls,inbound,domestic,november,2023,Nov-23,Q4_2023,23
pmo cip,private port,Empties,inbound,domestic,november,2023,Nov-23,Q4_2023,7
pmo cip,private port,Fulls,outbound,domestic,november,2023,Nov-23,Q4_2023,
pmo cip,private port,Empties,outbound,domestic,november,2023,Nov-23,Q4_2023,
pmo cip,private port,Fulls,import,foreign,november,2023,Nov-23,Q4_2023,
pmo cip,private port,Empties,import,foreign,november,2023,Nov-23,Q4_2023,
pmo cip,private port,Fulls,export,foreign,november,2023,Nov-23,Q4_2023,
pmo cip,private port,Empties,export,foreign,november,2023,Nov-23,Q4_2023,
pmo pier 4,cpa port,Fulls,inbound,domestic,november,2023,Nov-23,Q4_2023,10724
pmo pier 4,cpa port,Empties,inbound,domestic,november,2023,Nov-23,Q4_2023,1154.5
pmo pier 4,cpa port,Fulls,outbound,domestic,november,2023,Nov-23,Q4_2023,6058.5
pmo pier 4,cpa port,Empties,outbound,domestic,november,2023,Nov-23,Q4_2023,3155
pmo pier 4,cpa port,Fulls,import,foreign,november,2023,Nov-23,Q4_2023,
pmo pier 4,cpa port,Empties,import,foreign,november,2023,Nov-23,Q4_2023,
pmo pier 4,cpa port,Fulls,export,foreign,november,2023,Nov-23,Q4_2023,
pmo pier 4,cpa port,Empties,export,foreign,november,2023,Nov-23,Q4_2023,
pmo pier 4,cpa port,Fulls,inbound,domestic transshipment,november,2023,Nov-23,Q4_2023,490
pmo pier 4,cpa port,Empties,inbound,domestic transshipment,november,2023,Nov-23,Q4_2023,
pmo pier 4,cpa port,Fulls,outbound,domestic transshipment,november,2023,Nov-23,Q4_2023,490
pmo pier 4,cpa port,Empties,outbound,domestic transshipment,november,2023,Nov-23,Q4_2023,
pmo pier 4,cpa port,Fulls,inbound,domestic transshipment,november,2023,Nov-23,Q4_2023,
pmo pier 4,cpa port,Empties,inbound,domestic transshipment,november,2023,Nov-23,Q4_2023,
pmo pier 4,cpa port,Fulls,outbound,domestic transshipment,november,2023,Nov-23,Q4_2023,
pmo pier 4,cpa port,Empties,outbound,domestic transshipment,november,2023,Nov-23,Q4_2023,
pmo pier 4,cpa port,Fulls,inbound,domestic transshipment,november,2023,Nov-23,Q4_2023,
pmo pier 4,cpa port,Empties,inbound,domestic transshipment,november,2023,Nov-23,Q4_2023,
pmo pier 4,cpa port,Fulls,outbound,domestic transshipment,november,2023,Nov-23,Q4_2023,
pmo pier 4,cpa port,Empties,outbound,domestic transshipment,november,2023,Nov-23,Q4_2023,
pmo pier 3,cpa port,Fulls,inbound,domestic,november,2023,Nov-23,Q4_2023,145
pmo pier 3,cpa port,Empties,inbound,domestic,november,2023,Nov-23,Q4_2023,112
pmo pier 3,cpa port,Fulls,outbound,domestic,november,2023,Nov-23,Q4_2023,277.5
pmo pier 3,cpa port,Empties,outbound,domestic,november,2023,Nov-23,Q4_2023,17
pmo pier 3,cpa port,Fulls,import,foreign,november,2023,Nov-23,Q4_2023,
pmo pier 3,cpa port,Empties,import,foreign,november,2023,Nov-23,Q4_2023,
pmo pier 3,cpa port,Fulls,export,foreign,november,2023,Nov-23,Q4_2023,
pmo pier 3,cpa port,Empties,export,foreign,november,2023,Nov-23,Q4_2023,
pmo pier 1,cpa port,Fulls,Inbound,domestic,november,2023,Nov-23,Q4_2023,314.5
pmo pier 1,cpa port,Empties,Inbound,domestic,november,2023,Nov-23,Q4_2023,550
pmo pier 1,cpa port,Fulls,Outbound,domestic,november,2023,Nov-23,Q4_2023,762
pmo pier 1,cpa port,Empties,Outbound,domestic,november,2023,Nov-23,Q4_2023,80
pmo pier 1,private port,Fulls,Inbound,domestic,november,2023,Nov-23,Q4_2023,1352
pmo pier 1,private port,Empties,Inbound,domestic,november,2023,Nov-23,Q4_2023,15
pmo pier 1,private port,Fulls,Outbound,domestic,november,2023,Nov-23,Q4_2023,436
pmo pier 1,private port,Empties,Outbound,domestic,november,2023,Nov-23,Q4_2023,957
pmo mandaue,private port,Fulls,inbound,domestic,november,2023,Nov-23,Q4_2023,2723
pmo mandaue,private port,Empties,inbound,domestic,november,2023,Nov-23,Q4_2023,351
pmo mandaue,private port,Fulls,outbound,domestic,november,2023,Nov-23,Q4_2023,1652
pmo mandaue,private port,Empties,outbound,domestic,november,2023,Nov-23,Q4_2023,333
pmo mandaue,private port,Fulls,import,foreign,november,2023,Nov-23,Q4_2023,
pmo mandaue,private port,Empties,import,foreign,november,2023,Nov-23,Q4_2023,
pmo mandaue,private port,Fulls,export,foreign,november,2023,Nov-23,Q4_2023,
pmo mandaue,private port,Empties,export,foreign,november,2023,Nov-23,Q4_2023,
pmo mandaue,cpa port,Fulls,inbound,domestic,november,2023,Nov-23,Q4_2023,
pmo mandaue,cpa port,Empties,inbound,domestic,november,2023,Nov-23,Q4_2023,
pmo mandaue,cpa port,Fulls,outbound,domestic,november,2023,Nov-23,Q4_2023,
pmo mandaue,cpa port,Empties,outbound,domestic,november,2023,Nov-23,Q4_2023,
pmo mandaue,cpa port,Fulls,import,foreign,november,2023,Nov-23,Q4_2023,
pmo mandaue,cpa port,Empties,import,foreign,november,2023,Nov-23,Q4_2023,
pmo mandaue,cpa port,Fulls,export,foreign,november,2023,Nov-23,Q4_2023,
pmo mandaue,cpa port,Empties,export,foreign,november,2023,Nov-23,Q4_2023,
pmo mandaue,lgu port,Fulls,inbound,domestic,november,2023,Nov-23,Q4_2023,
pmo mandaue,lgu port,Empties,inbound,domestic,november,2023,Nov-23,Q4_2023,
pmo mandaue,lgu port,Fulls,outbound,domestic,november,2023,Nov-23,Q4_2023,
pmo mandaue,lgu port,Empties,outbound,domestic,november,2023,Nov-23,Q4_2023,
pmo mandaue,lgu port,Fulls,import,foreign,november,2023,Nov-23,Q4_2023,
pmo mandaue,lgu port,Empties,import,foreign,november,2023,Nov-23,Q4_2023,
pmo mandaue,lgu port,Fulls,export,foreign,november,2023,Nov-23,Q4_2023,
pmo mandaue,lgu port,Empties,export,foreign,november,2023,Nov-23,Q4_2023,
pmo argao,cpa port,Fulls,inbound,domestic,november,2023,Nov-23,Q4_2023,
pmo argao,cpa port,Empties,inbound,domestic,november,2023,Nov-23,Q4_2023,
pmo argao,cpa port,Fulls,outbound,domestic,november,2023,Nov-23,Q4_2023,
pmo argao,cpa port,Empties,outbound,domestic,november,2023,Nov-23,Q4_2023,
pmo argao,cpa port,Fulls,import,foreign,november,2023,Nov-23,Q4_2023,
pmo argao,cpa port,Empties,import,foreign,november,2023,Nov-23,Q4_2023,
pmo argao,cpa port,Fulls,export,foreign,november,2023,Nov-23,Q4_2023,
pmo argao,cpa port,Empties,export,foreign,november,2023,Nov-23,Q4_2023,
pmo argao,lgu port,Fulls,inbound,domestic,november,2023,Nov-23,Q4_2023,
pmo argao,lgu port,Empties,inbound,domestic,november,2023,Nov-23,Q4_2023,
pmo argao,lgu port,Fulls,outbound,domestic,november,2023,Nov-23,Q4_2023,
pmo argao,lgu port,Empties,outbound,domestic,november,2023,Nov-23,Q4_2023,
pmo argao,lgu port,Fulls,import,foreign,november,2023,Nov-23,Q4_2023,
pmo argao,lgu port,Empties,import,foreign,november,2023,Nov-23,Q4_2023,
pmo argao,lgu port,Fulls,export,foreign,november,2023,Nov-23,Q4_2023,
pmo argao,lgu port,Empties,export,foreign,november,2023,Nov-23,Q4_2023,
pmo argao,private port,Fulls,inbound,domestic,november,2023,Nov-23,Q4_2023,
pmo argao,private port,Empties,inbound,domestic,november,2023,Nov-23,Q4_2023,253
pmo argao,private port,Fulls,outbound,domestic,november,2023,Nov-23,Q4_2023,242
pmo argao,private port,Empties,outbound,domestic,november,2023,Nov-23,Q4_2023,
pmo argao,private port,Fulls,import,foreign,november,2023,Nov-23,Q4_2023,
pmo argao,private port,Empties,import,foreign,november,2023,Nov-23,Q4_2023,
pmo argao,private port,Fulls,export,foreign,november,2023,Nov-23,Q4_2023,
pmo argao,private port,Empties,export,foreign,november,2023,Nov-23,Q4_2023,
pmo cip,cpa port,Fulls,inbound,domestic,december,2023,Dec-23,Q4_2023,26
pmo cip,cpa port,Empties,inbound,domestic,december,2023,Dec-23,Q4_2023,
pmo cip,cpa port,Fulls,outbound,domestic,december,2023,Dec-23,Q4_2023,34
pmo cip,cpa port,Empties,outbound,domestic,december,2023,Dec-23,Q4_2023,
pmo cip,cpa port,Fulls,import,foreign,december,2023,Dec-23,Q4_2023,16777.25
pmo cip,cpa port,Empties,import,foreign,december,2023,Dec-23,Q4_2023,22
pmo cip,cpa port,Fulls,export,foreign,december,2023,Dec-23,Q4_2023,4417
pmo cip,cpa port,Empties,export,foreign,december,2023,Dec-23,Q4_2023,15104
pmo cip,lgu port,Fulls,inbound,domestic,december,2023,Dec-23,Q4_2023,
pmo cip,lgu port,Empties,inbound,domestic,december,2023,Dec-23,Q4_2023,
pmo cip,lgu port,Fulls,outbound,domestic,december,2023,Dec-23,Q4_2023,
pmo cip,lgu port,Empties,outbound,domestic,december,2023,Dec-23,Q4_2023,
pmo cip,lgu port,Fulls,import,foreign,december,2023,Dec-23,Q4_2023,
pmo cip,lgu port,Empties,import,foreign,december,2023,Dec-23,Q4_2023,
pmo cip,lgu port,Fulls,export,foreign,december,2023,Dec-23,Q4_2023,
pmo cip,lgu port,Empties,export,foreign,december,2023,Dec-23,Q4_2023,
pmo cip,private port,Fulls,inbound,domestic,december,2023,Dec-23,Q4_2023,28
pmo cip,private port,Empties,inbound,domestic,december,2023,Dec-23,Q4_2023,
pmo cip,private port,Fulls,outbound,domestic,december,2023,Dec-23,Q4_2023,6
pmo cip,private port,Empties,outbound,domestic,december,2023,Dec-23,Q4_2023,
pmo cip,private port,Fulls,import,foreign,december,2023,Dec-23,Q4_2023,
pmo cip,private port,Empties,import,foreign,december,2023,Dec-23,Q4_2023,
pmo cip,private port,Fulls,export,foreign,december,2023,Dec-23,Q4_2023,
pmo cip,private port,Empties,export,foreign,december,2023,Dec-23,Q4_2023,
pmo pier 4,cpa port,Fulls,inbound,domestic,december,2023,Dec-23,Q4_2023,12203
pmo pier 4,cpa port,Empties,inbound,domestic,december,2023,Dec-23,Q4_2023,699
pmo pier 4,cpa port,Fulls,outbound,domestic,december,2023,Dec-23,Q4_2023,7018
pmo pier 4,cpa port,Empties,outbound,domestic,december,2023,Dec-23,Q4_2023,1441
pmo pier 4,cpa port,Fulls,import,foreign,december,2023,Dec-23,Q4_2023,
pmo pier 4,cpa port,Empties,import,foreign,december,2023,Dec-23,Q4_2023,
pmo pier 4,cpa port,Fulls,export,foreign,december,2023,Dec-23,Q4_2023,
pmo pier 4,cpa port,Empties,export,foreign,december,2023,Dec-23,Q4_2023,
pmo pier 4,cpa port,Fulls,inbound,domestic,december,2023,Dec-23,Q4_2023,
pmo pier 4,cpa port,Empties,inbound,domestic,december,2023,Dec-23,Q4_2023,
pmo pier 4,cpa port,Fulls,outbound,domestic,december,2023,Dec-23,Q4_2023,
pmo pier 4,cpa port,Empties,outbound,domestic,december,2023,Dec-23,Q4_2023,
pmo pier 4,cpa port,Fulls,import,foreign,december,2023,Dec-23,Q4_2023,
pmo pier 4,cpa port,Empties,import,foreign,december,2023,Dec-23,Q4_2023,
pmo pier 4,cpa port,Fulls,export,foreign,december,2023,Dec-23,Q4_2023,
pmo pier 4,cpa port,Empties,export,foreign,december,2023,Dec-23,Q4_2023,
pmo pier 4,cpa port,Fulls,import,foreign,december,2023,Dec-23,Q4_2023,
pmo pier 4,cpa port,Empties,import,foreign,december,2023,Dec-23,Q4_2023,
pmo pier 4,cpa port,Fulls,export,foreign,december,2023,Dec-23,Q4_2023,
pmo pier 4,cpa port,Empties,export,foreign,december,2023,Dec-23,Q4_2023,
pmo pier 4,cpa port,Fulls,inbound,domestic transshipment,december,2023,Dec-23,Q4_2023,24
pmo pier 4,cpa port,Empties,outbound,domestic transshipment,december,2023,Dec-23,Q4_2023,
pmo pier 3,cpa port,Fulls,inbound,domestic,december,2023,Dec-23,Q4_2023,114
pmo pier 3,cpa port,Empties,inbound,domestic,december,2023,Dec-23,Q4_2023,146
pmo pier 3,cpa port,Fulls,outbound,domestic,december,2023,Dec-23,Q4_2023,264.5
pmo pier 3,cpa port,Empties,outbound,domestic,december,2023,Dec-23,Q4_2023,0
pmo pier 3,cpa port,Fulls,import,foreign,december,2023,Dec-23,Q4_2023,
pmo pier 3,cpa port,Empties,import,foreign,december,2023,Dec-23,Q4_2023,
pmo pier 3,cpa port,Fulls,export,foreign,december,2023,Dec-23,Q4_2023,
pmo pier 3,cpa port,Empties,export,foreign,december,2023,Dec-23,Q4_2023,
pmo pier 1,cpa port,Fulls,inbound,domestic,december,2023,Dec-23,Q4_2023,311.5
pmo pier 1,cpa port,Empties,inbound,domestic,december,2023,Dec-23,Q4_2023,584
pmo pier 1,cpa port,Fulls,outbound,domestic,december,2023,Dec-23,Q4_2023,847.5
pmo pier 1,cpa port,Empties,outbound,domestic,december,2023,Dec-23,Q4_2023,72.5
pmo pier 1,private port,Fulls,inbound,domestic,december,2023,Dec-23,Q4_2023,5802
pmo pier 1,private port,Empties,inbound,domestic,december,2023,Dec-23,Q4_2023,156
pmo pier 1,private port,Fulls,outbound,domestic,december,2023,Dec-23,Q4_2023,1478
pmo pier 1,private port,Empties,Outbound,Domestic,december,2023,Dec-23,Q4_2023,3147
pmo mandaue,private port,Fulls,inbound,domestic,december,2023,Dec-23,Q4_2023,2879
pmo mandaue,private port,Empties,inbound,domestic,december,2023,Dec-23,Q4_2023,99
pmo mandaue,private port,Fulls,outbound,domestic,december,2023,Dec-23,Q4_2023,1594
pmo mandaue,private port,Empties,outbound,domestic,december,2023,Dec-23,Q4_2023,531
pmo mandaue,private port,Fulls,import,foreign,december,2023,Dec-23,Q4_2023,
pmo mandaue,private port,Empties,import,foreign,december,2023,Dec-23,Q4_2023,
pmo mandaue,private port,Fulls,export,foreign,december,2023,Dec-23,Q4_2023,
pmo mandaue,private port,Empties,export,foreign,december,2023,Dec-23,Q4_2023,
pmo mandaue,cpa port,Fulls,inbound,domestic,december,2023,Dec-23,Q4_2023,
pmo mandaue,cpa port,Empties,inbound,domestic,december,2023,Dec-23,Q4_2023,
pmo mandaue,cpa port,Fulls,outbound,domestic,december,2023,Dec-23,Q4_2023,
pmo mandaue,cpa port,Empties,outbound,domestic,december,2023,Dec-23,Q4_2023,
pmo mandaue,cpa port,Fulls,import,foreign,december,2023,Dec-23,Q4_2023,
pmo mandaue,cpa port,Empties,import,foreign,december,2023,Dec-23,Q4_2023,
pmo mandaue,cpa port,Fulls,export,foreign,december,2023,Dec-23,Q4_2023,
pmo mandaue,cpa port,Empties,export,foreign,december,2023,Dec-23,Q4_2023,
pmo mandaue,lgu port,Fulls,inbound,domestic,december,2023,Dec-23,Q4_2023,
pmo mandaue,lgu port,Empties,inbound,domestic,december,2023,Dec-23,Q4_2023,
pmo mandaue,lgu port,Fulls,outbound,domestic,december,2023,Dec-23,Q4_2023,
pmo mandaue,lgu port,Empties,outbound,domestic,december,2023,Dec-23,Q4_2023,
pmo mandaue,lgu port,Fulls,import,foreign,december,2023,Dec-23,Q4_2023,
pmo mandaue,lgu port,Empties,import,foreign,december,2023,Dec-23,Q4_2023,
pmo mandaue,lgu port,Fulls,export,foreign,december,2023,Dec-23,Q4_2023,
pmo mandaue,lgu port,Empties,export,foreign,december,2023,Dec-23,Q4_2023,
pmo cip,cpa port,Fulls,inbound,domestic,january,2024,Jan-24,Q1_2024,18
pmo cip,cpa port,Empties,inbound,domestic,january,2024,Jan-24,Q1_2024,12
pmo cip,cpa port,Fulls,outbound,domestic,january,2024,Jan-24,Q1_2024,26
pmo cip,cpa port,Empties,outbound,domestic,january,2024,Jan-24,Q1_2024,
pmo cip,cpa port,Fulls,import,foreign,january,2024,Jan-24,Q1_2024,18142.25
pmo cip,cpa port,Empties,import,foreign,january,2024,Jan-24,Q1_2024,317
pmo cip,cpa port,Fulls,export,foreign,january,2024,Jan-24,Q1_2024,4173.25
pmo cip,cpa port,Empties,export,foreign,january,2024,Jan-24,Q1_2024,15199.5
pmo cip,lgu port,Fulls,inbound,domestic,january,2024,Jan-24,Q1_2024,
pmo cip,lgu port,Empties,inbound,domestic,january,2024,Jan-24,Q1_2024,
pmo cip,lgu port,Fulls,outbound,domestic,january,2024,Jan-24,Q1_2024,
pmo cip,lgu port,Empties,outbound,domestic,january,2024,Jan-24,Q1_2024,
pmo cip,lgu port,Fulls,import,foreign,january,2024,Jan-24,Q1_2024,
pmo cip,lgu port,Empties,import,foreign,january,2024,Jan-24,Q1_2024,
pmo cip,lgu port,Fulls,export,foreign,january,2024,Jan-24,Q1_2024,
pmo cip,lgu port,Empties,export,foreign,january,2024,Jan-24,Q1_2024,
pmo cip,private port,Fulls,inbound,domestic,january,2024,Jan-24,Q1_2024,
pmo cip,private port,Empties,inbound,domestic,january,2024,Jan-24,Q1_2024,
pmo cip,private port,Fulls,outbound,domestic,january,2024,Jan-24,Q1_2024,
pmo cip,private port,Empties,outbound,domestic,january,2024,Jan-24,Q1_2024,
pmo cip,private port,Fulls,import,foreign,january,2024,Jan-24,Q1_2024,
pmo cip,private port,Empties,import,foreign,january,2024,Jan-24,Q1_2024,
pmo cip,private port,Fulls,export,foreign,january,2024,Jan-24,Q1_2024,
pmo cip,private port,Empties,export,foreign,january,2024,Jan-24,Q1_2024,
pmo pier 4,cpa port,Fulls,inbound,domestic,january,2024,Jan-24,Q1_2024,9630
pmo pier 4,cpa port,Empties,inbound,domestic,january,2024,Jan-24,Q1_2024,704
pmo pier 4,cpa port,Fulls,outbound,domestic,january,2024,Jan-24,Q1_2024,6147
pmo pier 4,cpa port,Empties,outbound,domestic,january,2024,Jan-24,Q1_2024,3007
pmo pier 4,cpa port,Fulls,import,foreign,january,2024,Jan-24,Q1_2024,
pmo pier 4,cpa port,Empties,import,foreign,january,2024,Jan-24,Q1_2024,
pmo pier 4,cpa port,Fulls,export,foreign,january,2024,Jan-24,Q1_2024,
pmo pier 4,cpa port,Empties,export,foreign,january,2024,Jan-24,Q1_2024,
pmo pier 4,cpa port,Fulls,inbound,domestic transshipment,january,2024,Jan-24,Q1_2024,456
pmo pier 4,cpa port,Fulls,outbound,domestic transshipment,january,2024,Jan-24,Q1_2024,456
pmo pier 4,cpa port,Empties,inbound,domestic transshipment,january,2024,Jan-24,Q1_2024,
pmo pier 4,cpa port,Empties,outbound,domestic transshipment,january,2024,Jan-24,Q1_2024,
pmo pier 3,cpa port,Fulls,inbound,domestic,january,2024,Jan-24,Q1_2024,66.5
pmo pier 3,cpa port,Empties,inbound,domestic,january,2024,Jan-24,Q1_2024,192.5
pmo pier 3,cpa port,Fulls,outbound,domestic,january,2024,Jan-24,Q1_2024,234
pmo pier 3,cpa port,Empties,outbound,domestic,january,2024,Jan-24,Q1_2024,0
pmo pier 3,cpa port,Fulls,import,foreign,january,2024,Jan-24,Q1_2024,
pmo pier 3,cpa port,Empties,import,foreign,january,2024,Jan-24,Q1_2024,
pmo pier 3,cpa port,Fulls,export,foreign,january,2024,Jan-24,Q1_2024,
pmo pier 3,cpa port,Empties,export,foreign,january,2024,Jan-24,Q1_2024,
pmo pier 3,lgu port,Fulls,inbound,domestic,january,2024,Jan-24,Q1_2024,
pmo pier 3,lgu port,Empties,inbound,domestic,january,2024,Jan-24,Q1_2024,
pmo pier 3,lgu port,Fulls,outbound,domestic,january,2024,Jan-24,Q1_2024,
pmo pier 3,lgu port,Empties,outbound,domestic,january,2024,Jan-24,Q1_2024,
pmo pier 3,lgu port,Fulls,import,foreign,january,2024,Jan-24,Q1_2024,
pmo pier 3,lgu port,Empties,import,foreign,january,2024,Jan-24,Q1_2024,
pmo pier 3,lgu port,Fulls,export,foreign,january,2024,Jan-24,Q1_2024,
pmo pier 3,lgu port,Empties,export,foreign,january,2024,Jan-24,Q1_2024,
pmo pier 3,private port,Fulls,inbound,domestic,january,2024,Jan-24,Q1_2024,
pmo pier 3,private port,Empties,inbound,domestic,january,2024,Jan-24,Q1_2024,
pmo pier 3,private port,Fulls,outbound,domestic,january,2024,Jan-24,Q1_2024,
pmo pier 3,private port,Empties,outbound,domestic,january,2024,Jan-24,Q1_2024,
pmo pier 3,private port,Fulls,import,foreign,january,2024,Jan-24,Q1_2024,
pmo pier 3,private port,Empties,import,foreign,january,2024,Jan-24,Q1_2024,
pmo pier 3,private port,Fulls,export,foreign,january,2024,Jan-24,Q1_2024,
pmo pier 3,private port,Empties,export,foreign,january,2024,Jan-24,Q1_2024,
pmo pier 1,cpa port,Fulls,Inbound,Domestic,January,2024,Jan-24,Q1_2024,416.5
pmo pier 1,cpa port,Empties,Inbound,Domestic,January,2024,Jan-24,Q1_2024,572
pmo pier 1,cpa port,Fulls,Outbound,Domestic,January,2024,Jan-24,Q1_2024,830.5
pmo pier 1,cpa port,Empties,Outbound,Domestic,January,2024,Jan-24,Q1_2024,112
pmo pier 1,private port,Fulls,Inbound,Domestic,January,2024,Jan-24,Q1_2024,5133
pmo pier 1,private port,Empties,Inbound,Domestic,January,2024,Jan-24,Q1_2024,5
pmo pier 1,private port,Fulls,Outbound,Domestic,January,2024,Jan-24,Q1_2024,1459
pmo pier 1,private port,Empties,Outbound,Domestic,January,2024,Jan-24,Q1_2024,3787
pmo mandaue,private port,Fulls,inbound,domestic,january,2024,Jan-24,Q1_2024,2515
pmo mandaue,private port,Empties,inbound,domestic,january,2024,Jan-24,Q1_2024,26
pmo mandaue,private port,Fulls,outbound,domestic,january,2024,Jan-24,Q1_2024,2036
pmo mandaue,private port,Empties,outbound,domestic,january,2024,Jan-24,Q1_2024,398.5
pmo mandaue,private port,Fulls,import,foreign,january,2024,Jan-24,Q1_2024,
pmo mandaue,private port,Empties,import,foreign,january,2024,Jan-24,Q1_2024,
pmo mandaue,private port,Fulls,export,foreign,january,2024,Jan-24,Q1_2024,
pmo mandaue,private port,Empties,export,foreign,january,2024,Jan-24,Q1_2024,
pmo mandaue,cpa port,Fulls,inbound,domestic,january,2024,Jan-24,Q1_2024,
pmo mandaue,cpa port,Empties,inbound,domestic,january,2024,Jan-24,Q1_2024,
pmo mandaue,cpa port,Fulls,outbound,domestic,january,2024,Jan-24,Q1_2024,
pmo mandaue,cpa port,Empties,outbound,domestic,january,2024,Jan-24,Q1_2024,
pmo mandaue,cpa port,Fulls,import,foreign,january,2024,Jan-24,Q1_2024,
pmo mandaue,cpa port,Empties,import,foreign,january,2024,Jan-24,Q1_2024,
pmo mandaue,cpa port,Fulls,export,foreign,january,2024,Jan-24,Q1_2024,
pmo mandaue,cpa port,Empties,export,foreign,january,2024,Jan-24,Q1_2024,
pmo mandaue,lgu port,Fulls,inbound,domestic,january,2024,Jan-24,Q1_2024,
pmo mandaue,lgu port,Empties,inbound,domestic,january,2024,Jan-24,Q1_2024,
pmo mandaue,lgu port,Fulls,outbound,domestic,january,2024,Jan-24,Q1_2024,
pmo mandaue,lgu port,Empties,outbound,domestic,january,2024,Jan-24,Q1_2024,
pmo mandaue,lgu port,Fulls,import,foreign,january,2024,Jan-24,Q1_2024,
pmo mandaue,lgu port,Empties,import,foreign,january,2024,Jan-24,Q1_2024,
pmo mandaue,lgu port,Fulls,export,foreign,january,2024,Jan-24,Q1_2024,
pmo mandaue,lgu port,Empties,export,foreign,january,2024,Jan-24,Q1_2024,
pmo argao,cpa port,Fulls,inbound,domestic,january,2024,Jan-24,Q1_2024,
pmo argao,cpa port,Empties,inbound,domestic,january,2024,Jan-24,Q1_2024,
pmo argao,cpa port,Fulls,outbound,domestic,january,2024,Jan-24,Q1_2024,
pmo argao,cpa port,Empties,outbound,domestic,january,2024,Jan-24,Q1_2024,
pmo argao,cpa port,Fulls,import,foreign,january,2024,Jan-24,Q1_2024,
pmo argao,cpa port,Empties,import,foreign,january,2024,Jan-24,Q1_2024,
pmo argao,cpa port,Fulls,export,foreign,january,2024,Jan-24,Q1_2024,
pmo argao,cpa port,Empties,export,foreign,january,2024,Jan-24,Q1_2024,
pmo argao,lgu port,Fulls,inbound,domestic,january,2024,Jan-24,Q1_2024,
pmo argao,lgu port,Empties,inbound,domestic,january,2024,Jan-24,Q1_2024,
pmo argao,lgu port,Fulls,outbound,domestic,january,2024,Jan-24,Q1_2024,
pmo argao,lgu port,Empties,outbound,domestic,january,2024,Jan-24,Q1_2024,
pmo argao,lgu port,Fulls,import,foreign,january,2024,Jan-24,Q1_2024,
pmo argao,lgu port,Empties,import,foreign,january,2024,Jan-24,Q1_2024,
pmo argao,lgu port,Fulls,export,foreign,january,2024,Jan-24,Q1_2024,
pmo argao,lgu port,Empties,export,foreign,january,2024,Jan-24,Q1_2024,
pmo argao,private port,Fulls,inbound,domestic,january,2024,Jan-24,Q1_2024,
pmo argao,private port,Empties,inbound,domestic,january,2024,Jan-24,Q1_2024,115
pmo argao,private port,Fulls,outbound,domestic,january,2024,Jan-24,Q1_2024,
pmo argao,private port,Empties,outbound,domestic,january,2024,Jan-24,Q1_2024,90
pmo argao,private port,Fulls,import,foreign,january,2024,Jan-24,Q1_2024,
pmo argao,private port,Empties,import,foreign,january,2024,Jan-24,Q1_2024,
pmo argao,private port,Fulls,export,foreign,january,2024,Jan-24,Q1_2024,
pmo argao,private port,Empties,export,foreign,january,2024,Jan-24,Q1_2024,
pmo cip,cpa port,Fulls,inbound,domestic,february,2024,Feb-24,Q1_2024,16
pmo cip,cpa port,Empties,inbound,domestic,february,2024,Feb-24,Q1_2024,
pmo cip,cpa port,Fulls,outbound,domestic,february,2024,Feb-24,Q1_2024,27
pmo cip,cpa port,Empties,outbound,domestic,february,2024,Feb-24,Q1_2024,10
pmo cip,cpa port,Fulls,import,foreign,february,2024,Feb-24,Q1_2024,18446.25
pmo cip,cpa port,Empties,import,foreign,february,2024,Feb-24,Q1_2024,27
pmo cip,cpa port,Fulls,export,foreign,february,2024,Feb-24,Q1_2024,3808
pmo cip,cpa port,Empties,export,foreign,february,2024,Feb-24,Q1_2024,14267.5
pmo cip,private port,Fulls,inbound,domestic,february,2024,Feb-24,Q1_2024,
pmo cip,private port,Empties,inbound,domestic,february,2024,Feb-24,Q1_2024,
pmo cip,private port,Fulls,outbound,domestic,february,2024,Feb-24,Q1_2024,
pmo cip,private port,Empties,outbound,domestic,february,2024,Feb-24,Q1_2024,
pmo cip,private port,Fulls,import,foreign,february,2024,Feb-24,Q1_2024,
pmo cip,private port,Empties,import,foreign,february,2024,Feb-24,Q1_2024,
pmo cip,private port,Fulls,export,foreign,february,2024,Feb-24,Q1_2024,
pmo cip,private port,Empties,export,foreign,february,2024,Feb-24,Q1_2024,
pmo pier 4,cpa port,Fulls,inbound,domestic,february,2024,Feb-24,Q1_2024,11054.5
pmo pier 4,cpa port,Empties,inbound,domestic,february,2024,Feb-24,Q1_2024,725
pmo pier 4,cpa port,Fulls,outbound,domestic,february,2024,Feb-24,Q1_2024,6031.5
pmo pier 4,cpa port,Empties,outbound,domestic,february,2024,Feb-24,Q1_2024,2258.5
pmo pier 4,cpa port,Fulls,import,foreign,february,2024,Feb-24,Q1_2024,
pmo pier 4,cpa port,Empties,import,foreign,february,2024,Feb-24,Q1_2024,
pmo pier 4,cpa port,Fulls,export,foreign,february,2024,Feb-24,Q1_2024,
pmo pier 4,cpa port,Empties,export,foreign,february,2024,Feb-24,Q1_2024,
pmo pier 4,cpa port,Fulls,inbound,domestic transshipment,february,2024,Feb-24,Q1_2024,576
pmo pier 4,cpa port,Fulls,outbound,domestic transshipment,february,2024,Feb-24,Q1_2024,576
pmo pier 4,cpa port,Empties,inbound,domestic transshipment,february,2024,Feb-24,Q1_2024,
pmo pier 4,cpa port,Empties,outbound,domestic transshipment,february,2024,Feb-24,Q1_2024,
pmo pier 3,cpa port,Fulls,inbound,domestic,february,2024,Feb-24,Q1_2024,90.5
pmo pier 3,cpa port,Empties,inbound,domestic,february,2024,Feb-24,Q1_2024,202
pmo pier 3,cpa port,Fulls,outbound,domestic,february,2024,Feb-24,Q1_2024,270
pmo pier 3,cpa port,Empties,outbound,domestic,february,2024,Feb-24,Q1_2024,0
pmo pier 1,cpa port,Fulls,Inbound,Domestic,February,2024,Feb-24,Q1_2024,394
pmo pier 1,cpa port,Empties,Inbound,Domestic,February,2024,Feb-24,Q1_2024,482.5
pmo pier 1,cpa port,Fulls,Outbound,Domestic,February,2024,Feb-24,Q1_2024,713
pmo pier 1,cpa port,Empties,Outbound,Domestic,February,2024,Feb-24,Q1_2024,94
pmo pier 1,private port,Fulls,Inbound,Domestic,February,2024,Feb-24,Q1_2024,6440.25
pmo pier 1,private port,Empties,Inbound,Domestic,February,2024,Feb-24,Q1_2024,25
pmo pier 1,private port,Fulls,Outbound,Domestic,February,2024,Feb-24,Q1_2024,2015
pmo pier 1,private port,Empties,Outbound,Domestic,February,2024,Feb-24,Q1_2024,4074
pmo mandaue,private port,Fulls,inbound,domestic,february,2024,Feb-24,Q1_2024,2626
pmo mandaue,private port,Empties,inbound,domestic,february,2024,Feb-24,Q1_2024,10
pmo mandaue,private port,Fulls,outbound,domestic,february,2024,Feb-24,Q1_2024,1921
pmo mandaue,private port,Empties,outbound,domestic,february,2024,Feb-24,Q1_2024,40
pmo mandaue,private port,Fulls,import,foreign,february,2024,Feb-24,Q1_2024,
pmo mandaue,private port,Empties,import,foreign,february,2024,Feb-24,Q1_2024,
pmo mandaue,private port,Fulls,export,foreign,february,2024,Feb-24,Q1_2024,
pmo mandaue,private port,Empties,export,foreign,february,2024,Feb-24,Q1_2024,
pmo argao,private port,Fulls,inbound,domestic,february,2024,Feb-24,Q1_2024,12
pmo argao,private port,Empties,inbound,domestic,february,2024,Feb-24,Q1_2024,245
pmo argao,private port,Fulls,outbound,domestic,february,2024,Feb-24,Q1_2024,256
pmo argao,private port,Empties,outbound,domestic,february,2024,Feb-24,Q1_2024,
pmo argao,private port,Fulls,import,foreign,february,2024,Feb-24,Q1_2024,
pmo argao,private port,Empties,import,foreign,february,2024,Feb-24,Q1_2024,
pmo argao,private port,Fulls,export,foreign,february,2024,Feb-24,Q1_2024,
pmo argao,private port,Empties,export,foreign,february,2024,Feb-24,Q1_2024,
pmo cip,cpa port,Fulls,inbound,domestic,march,2024,Mar-24,Q1_2024,38
pmo cip,cpa port,Empties,inbound,domestic,march,2024,Mar-24,Q1_2024,
pmo cip,cpa port,Fulls,outbound,domestic,march,2024,Mar-24,Q1_2024,12
pmo cip,cpa port,Empties,outbound,domestic,march,2024,Mar-24,Q1_2024,6
pmo cip,cpa port,Fulls,import,foreign,march,2024,Mar-24,Q1_2024,15539.75
pmo cip,cpa port,Empties,import,foreign,march,2024,Mar-24,Q1_2024,309
pmo cip,cpa port,Fulls,export,foreign,march,2024,Mar-24,Q1_2024,5267
pmo cip,cpa port,Empties,export,foreign,march,2024,Mar-24,Q1_2024,15736.75
pmo pier 4,cpa port,Fulls,inbound,domestic,march,2024,Mar-24,Q1_2024,11370
pmo pier 4,cpa port,Empties,inbound,domestic,march,2024,Mar-24,Q1_2024,933
pmo pier 4,cpa port,Fulls,outbound,domestic,march,2024,Mar-24,Q1_2024,6316.5
pmo pier 4,cpa port,Empties,outbound,domestic,march,2024,Mar-24,Q1_2024,2235.5
pmo pier 4,cpa port,Fulls,import,foreign,march,2024,Mar-24,Q1_2024,
pmo pier 4,cpa port,Empties,import,foreign,march,2024,Mar-24,Q1_2024,
pmo pier 4,cpa port,Fulls,export,foreign,march,2024,Mar-24,Q1_2024,
pmo pier 4,cpa port,Empties,export,foreign,march,2024,Mar-24,Q1_2024,
pmo pier 4,cpa port,Fulls,inbound,domestic transshipment,march,2024,Mar-24,Q1_2024,511
pmo pier 4,cpa port,Fulls,outbound,domestic transshipment,march,2024,Mar-24,Q1_2024,511
pmo pier 4,cpa port,Empties,inbound,domestic transshipment,march,2024,Mar-24,Q1_2024,1
pmo pier 4,cpa port,Empties,outbound,domestic transshipment,march,2024,Mar-24,Q1_2024,1
pmo pier 3,cpa port,Fulls,inbound,domestic,march,2024,Mar-24,Q1_2024,109
pmo pier 3,cpa port,Empties,inbound,domestic,march,2024,Mar-24,Q1_2024,136.5
pmo pier 3,cpa port,Fulls,outbound,domestic,march,2024,Mar-24,Q1_2024,230
pmo pier 3,cpa port,Empties,outbound,domestic,march,2024,Mar-24,Q1_2024,0
pmo pier 1,cpa port,Fulls,Inbound,domestic,march,2024,Mar-24,Q1_2024,380.5
pmo pier 1,cpa port,Empties,Inbound,domestic,march,2024,Mar-24,Q1_2024,543.5
pmo pier 1,cpa port,Fulls,Outbound,domestic,march,2024,Mar-24,Q1_2024,775
pmo pier 1,cpa port,Empties,Outbound,domestic,march,2024,Mar-24,Q1_2024,104
pmo pier 1,private port,Fulls,Inbound,domestic,march,2024,Mar-24,Q1_2024,7115.5
pmo pier 1,private port,Empties,Inbound,domestic,march,2024,Mar-24,Q1_2024,137.5
pmo pier 1,private port,Fulls,Outbound,domestic,march,2024,Mar-24,Q1_2024,2192
pmo pier 1,private port,Empties,Outbound,domestic,march,2024,Mar-24,Q1_2024,4883
pmo mandaue,private port,Fulls,inbound,domestic,march,2024,Mar-24,Q1_2024,2954
pmo mandaue,private port,Empties,inbound,domestic,march,2024,Mar-24,Q1_2024,12
pmo mandaue,private port,Fulls,outbound,domestic,march,2024,Mar-24,Q1_2024,1884
pmo mandaue,private port,Empties,outbound,domestic,march,2024,Mar-24,Q1_2024,354
pmo mandaue,private port,Fulls,import,foreign,march,2024,Mar-24,Q1_2024,
pmo mandaue,private port,Empties,import,foreign,march,2024,Mar-24,Q1_2024,
pmo mandaue,private port,Fulls,export,foreign,march,2024,Mar-24,Q1_2024,
pmo mandaue,private port,Empties,export,foreign,march,2024,Mar-24,Q1_2024,
pmo argao,private port,Fulls,inbound,domestic,march,2024,Mar-24,Q1_2024,3
pmo argao,private port,Empties,inbound,domestic,march,2024,Mar-24,Q1_2024,96
pmo argao,private port,Fulls,outbound,domestic,march,2024,Mar-24,Q1_2024,80
pmo argao,private port,Empties,outbound,domestic,march,2024,Mar-24,Q1_2024,
pmo argao,private port,Fulls,import,foreign,march,2024,Mar-24,Q1_2024,
pmo argao,private port,Empties,import,foreign,march,2024,Mar-24,Q1_2024,
pmo argao,private port,Fulls,export,foreign,march,2024,Mar-24,Q1_2024,
pmo argao,private port,Empties,export,foreign,march,2024,Mar-24,Q1_2024,
pmo cip,cpa port,Fulls,inbound,domestic,april,2024,Apr-24,Q2_2024,
pmo cip,cpa port,Empties,inbound,domestic,april,2024,Apr-24,Q2_2024,
pmo cip,cpa port,Fulls,outbound,domestic,april,2024,Apr-24,Q2_2024,
pmo cip,cpa port,Empties,outbound,domestic,april,2024,Apr-24,Q2_2024,
pmo cip,cpa port,Fulls,import,foreign,april,2024,Apr-24,Q2_2024,19077.75
pmo cip,cpa port,Empties,import,foreign,april,2024,Apr-24,Q2_2024,128
pmo cip,cpa port,Fulls,export,foreign,april,2024,Apr-24,Q2_2024,4659
pmo cip,cpa port,Empties,export,foreign,april,2024,Apr-24,Q2_2024,13762.25
pmo cip,private port,Fulls,inbound,domestic,april,2024,Apr-24,Q2_2024,
pmo cip,private port,Empties,inbound,domestic,april,2024,Apr-24,Q2_2024,
pmo cip,private port,Fulls,outbound,domestic,april,2024,Apr-24,Q2_2024,
pmo cip,private port,Empties,outbound,domestic,april,2024,Apr-24,Q2_2024,
pmo cip,private port,Fulls,import,foreign,april,2024,Apr-24,Q2_2024,
pmo cip,private port,Empties,import,foreign,april,2024,Apr-24,Q2_2024,
pmo cip,private port,Fulls,export,foreign,april,2024,Apr-24,Q2_2024,
pmo cip,private port,Empties,export,foreign,april,2024,Apr-24,Q2_2024,
pmo pier 4,cpa port,Fulls,inbound,domestic,april,2024,Apr-24,Q2_2024,10069.5
pmo pier 4,cpa port,Empties,inbound,domestic,april,2024,Apr-24,Q2_2024,342
pmo pier 4,cpa port,Fulls,outbound,domestic,april,2024,Apr-24,Q2_2024,6592.5
pmo pier 4,cpa port,Empties,outbound,domestic,april,2024,Apr-24,Q2_2024,1889.5
pmo pier 4,cpa port,Fulls,inbound,domestic transshipment,april,2024,Apr-24,Q2_2024,599
pmo pier 4,cpa port,Fulls,outbound,domestic transshipment,april,2024,Apr-24,Q2_2024,599
pmo pier 4,cpa port,Empties,inbound,domestic transshipment,april,2024,Apr-24,Q2_2024,134
pmo pier 4,cpa port,Empties,outbound,domestic transshipment,april,2024,Apr-24,Q2_2024,134
pmo pier 4,cpa port,Fulls,import,foreign,april,2024,Apr-24,Q2_2024,
pmo pier 4,cpa port,Empties,import,foreign,april,2024,Apr-24,Q2_2024,
pmo pier 4,cpa port,Fulls,export,foreign,april,2024,Apr-24,Q2_2024,
pmo pier 4,cpa port,Empties,export,foreign,april,2024,Apr-24,Q2_2024,
pmo pier 3,cpa port,Fulls,inbound,domestic,april,2024,Apr-24,Q2_2024,168
pmo pier 3,cpa port,Empties,inbound,domestic,april,2024,Apr-24,Q2_2024,132.5
pmo pier 3,cpa port,Fulls,outbound,domestic,april,2024,Apr-24,Q2_2024,242
pmo pier 3,cpa port,Empties,outbound,domestic,april,2024,Apr-24,Q2_2024,0
pmo pier 1,cpa port,Fulls,inbound,Domestic,april,2024,Apr-24,Q2_2024,414.5
pmo pier 1,cpa port,Empties,inbound,Domestic,april,2024,Apr-24,Q2_2024,510.5
pmo pier 1,cpa port,Fulls,outbound,Domestic,april,2024,Apr-24,Q2_2024,752.5
pmo pier 1,cpa port,Empties,outbound,Domestic,april,2024,Apr-24,Q2_2024,119.5
pmo pier 1,private port,Fulls,inbound,Domestic,april,2024,Apr-24,Q2_2024,6270
pmo pier 1,private port,Empties,inbound,Domestic,april,2024,Apr-24,Q2_2024,102
pmo pier 1,private port,Fulls,outbound,Domestic,april,2024,Apr-24,Q2_2024,2015
pmo pier 1,private port,Empties,outbound,Domestic,april,2024,Apr-24,Q2_2024,3120
pmo mandaue,private port,Fulls,inbound,domestic,april,2024,Apr-24,Q2_2024,2461
pmo mandaue,private port,Empties,inbound,domestic,april,2024,Apr-24,Q2_2024,82
pmo mandaue,private port,Fulls,outbound,domestic,april,2024,Apr-24,Q2_2024,2023
pmo mandaue,private port,Empties,outbound,domestic,april,2024,Apr-24,Q2_2024,361
pmo mandaue,private port,Fulls,import,foreign,april,2024,Apr-24,Q2_2024,
pmo mandaue,private port,Empties,import,foreign,april,2024,Apr-24,Q2_2024,
pmo mandaue,private port,Fulls,export,foreign,april,2024,Apr-24,Q2_2024,
pmo mandaue,private port,Empties,export,foreign,april,2024,Apr-24,Q2_2024,
pmo argao,private port,Fulls,inbound,domestic,april,2024,Apr-24,Q2_2024,2
pmo argao,private port,Empties,inbound,domestic,april,2024,Apr-24,Q2_2024,
pmo argao,private port,Fulls,outbound,domestic,april,2024,Apr-24,Q2_2024,29
pmo argao,private port,Empties,outbound,domestic,april,2024,Apr-24,Q2_2024,50
pmo argao,private port,Fulls,import,foreign,april,2024,Apr-24,Q2_2024,
pmo argao,private port,Empties,import,foreign,april,2024,Apr-24,Q2_2024,
pmo argao,private port,Fulls,export,foreign,april,2024,Apr-24,Q2_2024,
pmo argao,private port,Empties,export,foreign,april,2024,Apr-24,Q2_2024,
pmo cip,cpa port,Fulls,inbound,domestic,may,2024,May-24,Q2_2024,20
pmo cip,cpa port,Empties,inbound,domestic,may,2024,May-24,Q2_2024,
pmo cip,cpa port,Fulls,outbound,domestic,may,2024,May-24,Q2_2024,11
pmo cip,cpa port,Empties,outbound,domestic,may,2024,May-24,Q2_2024,
pmo cip,cpa port,Fulls,import,foreign,may,2024,May-24,Q2_2024,17556.25
pmo cip,cpa port,Empties,import,foreign,may,2024,May-24,Q2_2024,335
pmo cip,cpa port,Fulls,export,foreign,may,2024,May-24,Q2_2024,5062
pmo cip,cpa port,Empties,export,foreign,may,2024,May-24,Q2_2024,12885
pmo cip,private port,Fulls,inbound,domestic,may,2024,May-24,Q2_2024,
pmo cip,private port,Empties,inbound,domestic,may,2024,May-24,Q2_2024,
pmo cip,private port,Fulls,outbound,domestic,may,2024,May-24,Q2_2024,
pmo cip,private port,Empties,outbound,domestic,may,2024,May-24,Q2_2024,
pmo cip,private port,Fulls,import,foreign,may,2024,May-24,Q2_2024,
pmo cip,private port,Empties,import,foreign,may,2024,May-24,Q2_2024,
pmo cip,private port,Fulls,export,foreign,may,2024,May-24,Q2_2024,
pmo cip,private port,Empties,export,foreign,may,2024,May-24,Q2_2024,
pmo pier 4,cpa port,Fulls,inbound,domestic,may,2024,May-24,Q2_2024,10302.5
pmo pier 4,cpa port,Empties,inbound,domestic,may,2024,May-24,Q2_2024,1233
pmo pier 4,cpa port,Fulls,outbound,domestic,may,2024,May-24,Q2_2024,6726
pmo pier 4,cpa port,Empties,outbound,domestic,may,2024,May-24,Q2_2024,2058
pmo pier 4,cpa port,Fulls,inbound,domestic transshipment,may,2024,May-24,Q2_2024,785
pmo pier 4,cpa port,Fulls,outbound,domestic transshipment,may,2024,May-24,Q2_2024,785
pmo pier 4,cpa port,Empties,inbound,domestic transshipment,may,2024,May-24,Q2_2024,16
pmo pier 4,cpa port,Empties,outbound,domestic transshipment,may,2024,May-24,Q2_2024,16
pmo pier 3,cpa port,Fulls,inbound,domestic,may,2024,May-24,Q2_2024,214
pmo pier 3,cpa port,Empties,inbound,domestic,may,2024,May-24,Q2_2024,88
pmo pier 3,cpa port,Fulls,outbound,domestic,may,2024,May-24,Q2_2024,191.5
pmo pier 3,cpa port,Empties,outbound,domestic,may,2024,May-24,Q2_2024,11
pmo pier 3,cpa port,DomTrans Fulls,inbound,domestic,may,2024,May-24,Q2_2024,25.5
pmo pier 3,cpa port,Fulls,import,foreign,may,2024,May-24,Q2_2024,
pmo pier 3,cpa port,Empties,import,foreign,may,2024,May-24,Q2_2024,
pmo pier 3,cpa port,Fulls,export,foreign,may,2024,May-24,Q2_2024,
pmo pier 3,cpa port,Empties,export,foreign,may,2024,May-24,Q2_2024,
pmo pier 1,cpa port,Fulls,Inbound,Domestic,may,2024,May-24,Q2_2024,401
pmo pier 1,cpa port,Empties,Inbound,Domestic,may,2024,May-24,Q2_2024,558
pmo pier 1,cpa port,Fulls,Outbound,Domestic,may,2024,May-24,Q2_2024,821.5
pmo pier 1,cpa port,Empties,Outbound,Domestic,may,2024,May-24,Q2_2024,123
pmo pier 1,private port,Fulls,Inbound,Domestic,may,2024,May-24,Q2_2024,7188
pmo pier 1,private port,Empties,Inbound,Domestic,may,2024,May-24,Q2_2024,93
pmo pier 1,private port,Fulls,Outbound,Domestic,may,2024,May-24,Q2_2024,2274
pmo pier 1,private port,Empties,Outbound,Domestic,may,2024,May-24,Q2_2024,3645
pmo pier 1,private port,Empties,Export,Foreign,may,2024,May-24,Q2_2024,1337
pmo mandaue,private port,Fulls,inbound,domestic,may,2024,May-24,Q2_2024,2744.25
pmo mandaue,private port,Empties,inbound,domestic,may,2024,May-24,Q2_2024,60
pmo mandaue,private port,Fulls,outbound,domestic,may,2024,May-24,Q2_2024,1998
pmo mandaue,private port,Empties,outbound,domestic,may,2024,May-24,Q2_2024,400
pmo mandaue,private port,Fulls,import,foreign,may,2024,May-24,Q2_2024,
pmo mandaue,private port,Empties,import,foreign,may,2024,May-24,Q2_2024,
pmo mandaue,private port,Fulls,export,foreign,may,2024,May-24,Q2_2024,
pmo mandaue,private port,Empties,export,foreign,may,2024,May-24,Q2_2024,
pmo mandaue,cpa port,Fulls,inbound,domestic,may,2024,May-24,Q2_2024,
pmo mandaue,cpa port,Empties,inbound,domestic,may,2024,May-24,Q2_2024,
pmo mandaue,cpa port,Fulls,outbound,domestic,may,2024,May-24,Q2_2024,
pmo mandaue,cpa port,Empties,outbound,domestic,may,2024,May-24,Q2_2024,
pmo mandaue,cpa port,Fulls,import,foreign,may,2024,May-24,Q2_2024,
pmo mandaue,cpa port,Empties,import,foreign,may,2024,May-24,Q2_2024,
pmo mandaue,cpa port,Fulls,export,foreign,may,2024,May-24,Q2_2024,
pmo mandaue,cpa port,Empties,export,foreign,may,2024,May-24,Q2_2024,
pmo mandaue,lgu port,Fulls,inbound,domestic,may,2024,May-24,Q2_2024,
pmo mandaue,lgu port,Empties,inbound,domestic,may,2024,May-24,Q2_2024,
pmo mandaue,lgu port,Fulls,outbound,domestic,may,2024,May-24,Q2_2024,
pmo mandaue,lgu port,Empties,outbound,domestic,may,2024,May-24,Q2_2024,
pmo mandaue,lgu port,Fulls,import,foreign,may,2024,May-24,Q2_2024,
pmo mandaue,lgu port,Empties,import,foreign,may,2024,May-24,Q2_2024,
pmo mandaue,lgu port,Fulls,export,foreign,may,2024,May-24,Q2_2024,
pmo mandaue,lgu port,Empties,export,foreign,may,2024,May-24,Q2_2024,
pmo argao,cpa port,Fulls,inbound,domestic,may,2024,May-24,Q2_2024,
pmo argao,cpa port,Empties,inbound,domestic,may,2024,May-24,Q2_2024,
pmo argao,cpa port,Fulls,outbound,domestic,may,2024,May-24,Q2_2024,
pmo argao,cpa port,Empties,outbound,domestic,may,2024,May-24,Q2_2024,
pmo argao,cpa port,Fulls,import,foreign,may,2024,May-24,Q2_2024,
pmo argao,cpa port,Empties,import,foreign,may,2024,May-24,Q2_2024,
pmo argao,cpa port,Fulls,export,foreign,may,2024,May-24,Q2_2024,
pmo argao,cpa port,Empties,export,foreign,may,2024,May-24,Q2_2024,
pmo argao,lgu port,Fulls,inbound,domestic,may,2024,May-24,Q2_2024,
pmo argao,lgu port,Empties,inbound,domestic,may,2024,May-24,Q2_2024,
pmo argao,lgu port,Fulls,outbound,domestic,may,2024,May-24,Q2_2024,
pmo argao,lgu port,Empties,outbound,domestic,may,2024,May-24,Q2_2024,
pmo argao,lgu port,Fulls,import,foreign,may,2024,May-24,Q2_2024,
pmo argao,lgu port,Empties,import,foreign,may,2024,May-24,Q2_2024,
pmo argao,lgu port,Fulls,export,foreign,may,2024,May-24,Q2_2024,
pmo argao,lgu port,Empties,export,foreign,may,2024,May-24,Q2_2024,
pmo argao,private port,Fulls,inbound,domestic,may,2024,May-24,Q2_2024,98
pmo argao,private port,Empties,inbound,domestic,may,2024,May-24,Q2_2024,35
pmo argao,private port,Fulls,outbound,domestic,may,2024,May-24,Q2_2024,90
pmo argao,private port,Empties,outbound,domestic,may,2024,May-24,Q2_2024,
pmo argao,private port,Fulls,import,foreign,may,2024,May-24,Q2_2024,
pmo argao,private port,Empties,import,foreign,may,2024,May-24,Q2_2024,
pmo argao,private port,Fulls,export,foreign,may,2024,May-24,Q2_2024,
pmo argao,private port,Empties,export,foreign,may,2024,May-24,Q2_2024,
pmo cip,cpa port,Fulls,inbound,domestic,june,2024,Jun-24,Q2_2024,45
pmo cip,cpa port,Empties,inbound,domestic,june,2024,Jun-24,Q2_2024,
pmo cip,cpa port,Fulls,outbound,domestic,june,2024,Jun-24,Q2_2024,8
pmo cip,cpa port,Empties,outbound,domestic,june,2024,Jun-24,Q2_2024,46
pmo cip,cpa port,Fulls,import,foreign,june,2024,Jun-24,Q2_2024,21939
pmo cip,cpa port,Empties,import,foreign,june,2024,Jun-24,Q2_2024,715
pmo cip,cpa port,Fulls,export,foreign,june,2024,Jun-24,Q2_2024,4449
pmo cip,cpa port,Empties,export,foreign,june,2024,Jun-24,Q2_2024,16527.75
pmo cip,private port,Fulls,inbound,domestic,june,2024,Jun-24,Q2_2024,
pmo cip,private port,Empties,inbound,domestic,june,2024,Jun-24,Q2_2024,
pmo cip,private port,Fulls,outbound,domestic,june,2024,Jun-24,Q2_2024,
pmo cip,private port,Empties,outbound,domestic,june,2024,Jun-24,Q2_2024,
pmo cip,private port,Fulls,import,foreign,june,2024,Jun-24,Q2_2024,
pmo cip,private port,Empties,import,foreign,june,2024,Jun-24,Q2_2024,
pmo cip,private port,Fulls,export,foreign,june,2024,Jun-24,Q2_2024,
pmo cip,private port,Empties,export,foreign,june,2024,Jun-24,Q2_2024,
pmo pier 4,cpa port,Fulls,import,foreign,june,2024,Jun-24,Q2_2024,
pmo pier 4,cpa port,Fulls,inbound,domestic,june,2024,Jun-24,Q2_2024,10219
pmo pier 4,cpa port,Empties,inbound,domestic,june,2024,Jun-24,Q2_2024,1646.5
pmo pier 4,cpa port,Fulls,outbound,domestic,june,2024,Jun-24,Q2_2024,6635.5
pmo pier 4,cpa port,Empties,outbound,domestic,june,2024,Jun-24,Q2_2024,1809
pmo pier 4,cpa port,Fulls,import,foreign,june,2024,Jun-24,Q2_2024,
pmo pier 4,cpa port,Empties,import,foreign,june,2024,Jun-24,Q2_2024,
pmo pier 4,cpa port,Fulls,export,foreign,june,2024,Jun-24,Q2_2024,
pmo pier 4,cpa port,Empties,export,foreign,june,2024,Jun-24,Q2_2024,
pmo pier 4,cpa port,Fulls,inbound,domestic transshipment,june,2024,Jun-24,Q2_2024,716
pmo pier 4,cpa port,Fulls,outbound,domestic transshipment,june,2024,Jun-24,Q2_2024,716
pmo pier 4,cpa port,Empties,inbound,domestic transshipment,june,2024,Jun-24,Q2_2024,42
pmo pier 4,cpa port,Empties,outbound,domestic transshipment,june,2024,Jun-24,Q2_2024,42
pmo pier 4,cpa port,Fulls,import,foreign,june,2024,Jun-24,Q2_2024,
pmo pier 4,cpa port,Empties,import,foreign,june,2024,Jun-24,Q2_2024,
pmo pier 4,cpa port,Fulls,export,foreign,june,2024,Jun-24,Q2_2024,
pmo pier 4,cpa port,Empties,export,foreign,june,2024,Jun-24,Q2_2024,
pmo pier 4,cpa port,Fulls,inbound,domestic,june,2024,Jun-24,Q2_2024,
pmo pier 4,cpa port,Empties,inbound,domestic,june,2024,Jun-24,Q2_2024,
pmo pier 4,cpa port,Fulls,outbound,domestic,june,2024,Jun-24,Q2_2024,
pmo pier 4,cpa port,Empties,outbound,domestic,june,2024,Jun-24,Q2_2024,
pmo pier 4,cpa port,Fulls,import,foreign,june,2024,Jun-24,Q2_2024,
pmo pier 4,cpa port,Empties,import,foreign,june,2024,Jun-24,Q2_2024,
pmo pier 4,cpa port,Fulls,export,foreign,june,2024,Jun-24,Q2_2024,
pmo pier 4,cpa port,Empties,export,foreign,june,2024,Jun-24,Q2_2024,
pmo pier 3,cpa port,Fulls,inbound,domestic,june,2024,Jun-24,Q2_2024,850.5
pmo pier 3,cpa port,Empties,inbound,domestic,june,2024,Jun-24,Q2_2024,203.5
pmo pier 3,cpa port,Fulls,outbound,domestic,june,2024,Jun-24,Q2_2024,908
pmo pier 3,cpa port,Empties,outbound,domestic,june,2024,Jun-24,Q2_2024,187
pmo pier 3,cpa port,Fulls,import,foreign,june,2024,Jun-24,Q2_2024,
pmo pier 3,cpa port,Empties,import,foreign,june,2024,Jun-24,Q2_2024,
pmo pier 3,cpa port,Fulls,export,foreign,june,2024,Jun-24,Q2_2024,
pmo pier 3,cpa port,Empties,export,foreign,june,2024,Jun-24,Q2_2024,
pmo pier 1,cpa port,Fulls,Inbound,Domestic,june,2024,Jun-24,Q2_2024,422
pmo pier 1,cpa port,Empties,Inbound,Domestic,june,2024,Jun-24,Q2_2024,456.5
pmo pier 1,cpa port,Fulls,Outbound,Domestic,june,2024,Jun-24,Q2_2024,729.5
pmo pier 1,cpa port,Empties,Outbound,Domestic,june,2024,Jun-24,Q2_2024,114.5
pmo pier 1,private port,Fulls,Inbound,Domestic,june,2024,Jun-24,Q2_2024,5328
pmo pier 1,private port,Empties,Inbound,Domestic,june,2024,Jun-24,Q2_2024,119
pmo pier 1,private port,Fulls,Outbound,Domestic,june,2024,Jun-24,Q2_2024,2045
pmo pier 1,private port,Empties,Outbound,Domestic,june,2024,Jun-24,Q2_2024,3659
pmo mandaue,private port,Fulls,inbound,domestic,june,2024,Jun-24,Q2_2024,2939
pmo mandaue,private port,Empties,inbound,domestic,june,2024,Jun-24,Q2_2024,
pmo mandaue,private port,Fulls,outbound,domestic,june,2024,Jun-24,Q2_2024,2037
pmo mandaue,private port,Empties,outbound,domestic,june,2024,Jun-24,Q2_2024,44
pmo mandaue,private port,Fulls,import,foreign,june,2024,Jun-24,Q2_2024,
pmo mandaue,private port,Empties,import,foreign,june,2024,Jun-24,Q2_2024,
pmo mandaue,private port,Fulls,export,foreign,june,2024,Jun-24,Q2_2024,
pmo mandaue,private port,Empties,export,foreign,june,2024,Jun-24,Q2_2024,
pmo argao,cpa port,Fulls,inbound,domestic,june,2024,Jun-24,Q2_2024,
pmo argao,cpa port,Empties,inbound,domestic,june,2024,Jun-24,Q2_2024,
pmo argao,cpa port,Fulls,outbound,domestic,june,2024,Jun-24,Q2_2024,
pmo argao,cpa port,Empties,outbound,domestic,june,2024,Jun-24,Q2_2024,
pmo argao,cpa port,Fulls,import,foreign,june,2024,Jun-24,Q2_2024,
pmo argao,cpa port,Empties,import,foreign,june,2024,Jun-24,Q2_2024,
pmo argao,cpa port,Fulls,export,foreign,june,2024,Jun-24,Q2_2024,
pmo argao,cpa port,Empties,export,foreign,june,2024,Jun-24,Q2_2024,
pmo argao,lgu port,Fulls,inbound,domestic,june,2024,Jun-24,Q2_2024,
pmo argao,lgu port,Empties,inbound,domestic,june,2024,Jun-24,Q2_2024,
pmo argao,lgu port,Fulls,outbound,domestic,june,2024,Jun-24,Q2_2024,
pmo argao,lgu port,Empties,outbound,domestic,june,2024,Jun-24,Q2_2024,
pmo argao,lgu port,Fulls,import,foreign,june,2024,Jun-24,Q2_2024,
pmo argao,lgu port,Empties,import,foreign,june,2024,Jun-24,Q2_2024,
pmo argao,lgu port,Fulls,export,foreign,june,2024,Jun-24,Q2_2024,
pmo argao,lgu port,Empties,export,foreign,june,2024,Jun-24,Q2_2024,
pmo argao,private port,Fulls,inbound,domestic,june,2024,Jun-24,Q2_2024,132
pmo argao,private port,Empties,inbound,domestic,june,2024,Jun-24,Q2_2024,90
pmo argao,private port,Fulls,outbound,domestic,june,2024,Jun-24,Q2_2024,254
pmo argao,private port,Empties,outbound,domestic,june,2024,Jun-24,Q2_2024,110
pmo argao,private port,Fulls,import,foreign,june,2024,Jun-24,Q2_2024,
pmo argao,private port,Empties,import,foreign,june,2024,Jun-24,Q2_2024,
pmo argao,private port,Fulls,export,foreign,june,2024,Jun-24,Q2_2024,
pmo argao,private port,Empties,export,foreign,june,2024,Jun-24,Q2_2024,
pmo cip,cpa port,Fulls,inbound,domestic,july,2024,Jul-24,Q3_2024,26
pmo cip,cpa port,Empties,inbound,domestic,july,2024,Jul-24,Q3_2024,
pmo cip,cpa port,Fulls,outbound,domestic,july,2024,Jul-24,Q3_2024,
pmo cip,cpa port,Empties,outbound,domestic,july,2024,Jul-24,Q3_2024,1
pmo cip,cpa port,Fulls,import,foreign,july,2024,Jul-24,Q3_2024,18867.25
pmo cip,cpa port,Empties,import,foreign,july,2024,Jul-24,Q3_2024,
pmo cip,cpa port,Fulls,export,foreign,july,2024,Jul-24,Q3_2024,4018
pmo cip,cpa port,Empties,export,foreign,july,2024,Jul-24,Q3_2024,17170.5
pmo cip,private port,Fulls,inbound,domestic,july,2024,Jul-24,Q3_2024,30
pmo cip,private port,Empties,inbound,domestic,july,2024,Jul-24,Q3_2024,
pmo cip,private port,Fulls,outbound,domestic,july,2024,Jul-24,Q3_2024,3
pmo cip,private port,Empties,outbound,domestic,july,2024,Jul-24,Q3_2024,30
pmo cip,private port,Fulls,import,foreign,july,2024,Jul-24,Q3_2024,
pmo cip,private port,Empties,import,foreign,july,2024,Jul-24,Q3_2024,
pmo cip,private port,Fulls,export,foreign,july,2024,Jul-24,Q3_2024,
pmo cip,private port,Empties,export,foreign,july,2024,Jul-24,Q3_2024,
pmo pier 4,cpa port,Empties,import,foreign,july,2024,Jul-24,Q3_2024,
pmo pier 4,cpa port,Fulls,inbound,domestic,july,2024,Jul-24,Q3_2024,9999
pmo pier 4,cpa port,Empties,inbound,domestic,july,2024,Jul-24,Q3_2024,745.5
pmo pier 4,cpa port,Fulls,outbound,domestic,july,2024,Jul-24,Q3_2024,6501.5
pmo pier 4,cpa port,Empties,outbound,domestic,july,2024,Jul-24,Q3_2024,1483
pmo pier 4,cpa port,Fulls,import,foreign,july,2024,Jul-24,Q3_2024,
pmo pier 4,cpa port,Empties,import,foreign,july,2024,Jul-24,Q3_2024,
pmo pier 4,cpa port,Fulls,export,foreign,july,2024,Jul-24,Q3_2024,
pmo pier 4,cpa port,Empties,export,foreign,july,2024,Jul-24,Q3_2024,
pmo pier 4,cpa port,Fulls,inbound,domestic transshipment,july,2024,Jul-24,Q3_2024,502
pmo pier 4,cpa port,Fulls,outbound,domestic transshipment,july,2024,Jul-24,Q3_2024,502
pmo pier 4,cpa port,Empties,inbound,domestic transshipment,july,2024,Jul-24,Q3_2024,25
pmo pier 4,cpa port,Empties,outbound,domestic transshipment,july,2024,Jul-24,Q3_2024,25
pmo pier 3,cpa port,Fulls,inbound,domestic,july,2024,Jul-24,Q3_2024,2154
pmo pier 3,cpa port,Empties,inbound,domestic,july,2024,Jul-24,Q3_2024,1321.5
pmo pier 3,cpa port,Fulls,outbound,domestic,july,2024,Jul-24,Q3_2024,1877
pmo pier 3,cpa port,Empties,outbound,domestic,july,2024,Jul-24,Q3_2024,381
pmo pier 3,cpa port,Fulls,import,foreign,july,2024,Jul-24,Q3_2024,
pmo pier 3,cpa port,Empties,import,foreign,july,2024,Jul-24,Q3_2024,
pmo pier 3,cpa port,Fulls,export,foreign,july,2024,Jul-24,Q3_2024,
pmo pier 3,cpa port,Empties,export,foreign,july,2024,Jul-24,Q3_2024,
pmo pier 1,cpa port,Fulls,Inbound,Domestic,July,2024,Jul-24,Q3_2024,365
pmo pier 1,cpa port,Empties,Inbound,Domestic,July,2024,Jul-24,Q3_2024,432
pmo pier 1,cpa port,Fulls,Outbound,Domestic,July,2024,Jul-24,Q3_2024,717.5
pmo pier 1,cpa port,Empties,Outbound,Domestic,July,2024,Jul-24,Q3_2024,110.5
pmo pier 1,private port,Fulls,Inbound,Domestic,July,2024,Jul-24,Q3_2024,7528
pmo pier 1,private port,Empties,Inbound,Domestic,July,2024,Jul-24,Q3_2024,103
pmo pier 1,private port,Fulls,Outbound,Domestic,July,2024,Jul-24,Q3_2024,2642
pmo pier 1,private port,Empties,Outbound,Domestic,July,2024,Jul-24,Q3_2024,4518
pmo pier 1,private port,Fulls,Import,Foreign,July,2024,Jul-24,Q3_2024,766.25
pmo pier 1,private port,Empties,Import,Foreign,July,2024,Jul-24,Q3_2024,4
pmo pier 1,private port,Fulls,Export,Foreign,July,2024,Jul-24,Q3_2024,61
pmo pier 1,private port,Empties,Export,Foreign,July,2024,Jul-24,Q3_2024,433.25
pmo mandaue,private port,Fulls,inbound,domestic,july,2024,Jul-24,Q3_2024,2682
pmo mandaue,private port,Empties,inbound,domestic,july,2024,Jul-24,Q3_2024,10
pmo mandaue,private port,Fulls,outbound,domestic,july,2024,Jul-24,Q3_2024,2183
pmo mandaue,private port,Empties,outbound,domestic,july,2024,Jul-24,Q3_2024,20
pmo mandaue,private port,Fulls,import,foreign,july,2024,Jul-24,Q3_2024,
pmo mandaue,private port,Empties,import,foreign,july,2024,Jul-24,Q3_2024,
pmo mandaue,private port,Fulls,export,foreign,july,2024,Jul-24,Q3_2024,
pmo mandaue,private port,Empties,export,foreign,july,2024,Jul-24,Q3_2024,
pmo mandaue,cpa port,Fulls,inbound,domestic,july,2024,Jul-24,Q3_2024,
pmo mandaue,cpa port,Empties,inbound,domestic,july,2024,Jul-24,Q3_2024,
pmo mandaue,cpa port,Fulls,outbound,domestic,july,2024,Jul-24,Q3_2024,
pmo mandaue,cpa port,Empties,outbound,domestic,july,2024,Jul-24,Q3_2024,
pmo mandaue,cpa port,Fulls,import,foreign,july,2024,Jul-24,Q3_2024,
pmo mandaue,cpa port,Empties,import,foreign,july,2024,Jul-24,Q3_2024,
pmo mandaue,cpa port,Fulls,export,foreign,july,2024,Jul-24,Q3_2024,
pmo mandaue,cpa port,Empties,export,foreign,july,2024,Jul-24,Q3_2024,
pmo mandaue,lgu port,Fulls,inbound,domestic,july,2024,Jul-24,Q3_2024,
pmo mandaue,lgu port,Empties,inbound,domestic,july,2024,Jul-24,Q3_2024,
pmo mandaue,lgu port,Fulls,outbound,domestic,july,2024,Jul-24,Q3_2024,
pmo mandaue,lgu port,Empties,outbound,domestic,july,2024,Jul-24,Q3_2024,
pmo mandaue,lgu port,Fulls,import,foreign,july,2024,Jul-24,Q3_2024,
pmo mandaue,lgu port,Empties,import,foreign,july,2024,Jul-24,Q3_2024,
pmo mandaue,lgu port,Fulls,export,foreign,july,2024,Jul-24,Q3_2024,
pmo mandaue,lgu port,Empties,export,foreign,july,2024,Jul-24,Q3_2024,
pmo argao,cpa port,Fulls,inbound,domestic,july,2024,Jul-24,Q3_2024,
pmo argao,cpa port,Empties,inbound,domestic,july,2024,Jul-24,Q3_2024,
pmo argao,cpa port,Fulls,outbound,domestic,july,2024,Jul-24,Q3_2024,
pmo argao,cpa port,Empties,outbound,domestic,july,2024,Jul-24,Q3_2024,
pmo argao,cpa port,Fulls,import,foreign,july,2024,Jul-24,Q3_2024,
pmo argao,cpa port,Empties,import,foreign,july,2024,Jul-24,Q3_2024,
pmo argao,cpa port,Fulls,export,foreign,july,2024,Jul-24,Q3_2024,
pmo argao,cpa port,Empties,export,foreign,july,2024,Jul-24,Q3_2024,
pmo argao,lgu port,Fulls,inbound,domestic,july,2024,Jul-24,Q3_2024,
pmo argao,lgu port,Empties,inbound,domestic,july,2024,Jul-24,Q3_2024,
pmo argao,lgu port,Fulls,outbound,domestic,july,2024,Jul-24,Q3_2024,
pmo argao,lgu port,Empties,outbound,domestic,july,2024,Jul-24,Q3_2024,
pmo argao,lgu port,Fulls,import,foreign,july,2024,Jul-24,Q3_2024,
pmo argao,lgu port,Empties,import,foreign,july,2024,Jul-24,Q3_2024,
pmo argao,lgu port,Fulls,export,foreign,july,2024,Jul-24,Q3_2024,
pmo argao,lgu port,Empties,export,foreign,july,2024,Jul-24,Q3_2024,
pmo argao,private port,Fulls,inbound,domestic,july,2024,Jul-24,Q3_2024,221
pmo argao,private port,Empties,inbound,domestic,july,2024,Jul-24,Q3_2024,176
pmo argao,private port,Fulls,outbound,domestic,july,2024,Jul-24,Q3_2024,250
pmo argao,private port,Empties,outbound,domestic,july,2024,Jul-24,Q3_2024,
pmo argao,private port,Fulls,import,foreign,july,2024,Jul-24,Q3_2024,
pmo argao,private port,Empties,import,foreign,july,2024,Jul-24,Q3_2024,
pmo argao,private port,Fulls,export,foreign,july,2024,Jul-24,Q3_2024,
pmo argao,private port,Empties,export,foreign,july,2024,Jul-24,Q3_2024,
pmo cip,cpa port,Fulls,inbound,domestic,august,2024,Aug-24,Q3_2024,89
pmo cip,cpa port,Empties,inbound,domestic,august,2024,Aug-24,Q3_2024,
pmo cip,cpa port,Fulls,outbound,domestic,august,2024,Aug-24,Q3_2024,4
pmo cip,cpa port,Empties,outbound,domestic,august,2024,Aug-24,Q3_2024,78
pmo cip,cpa port,Fulls,import,foreign,august,2024,Aug-24,Q3_2024,13880
pmo cip,cpa port,Empties,import,foreign,august,2024,Aug-24,Q3_2024,58
pmo cip,cpa port,Fulls,export,foreign,august,2024,Aug-24,Q3_2024,3759
pmo cip,cpa port,Empties,export,foreign,august,2024,Aug-24,Q3_2024,11828
pmo cip,private port,Fulls,inbound,domestic,august,2024,Aug-24,Q3_2024,
pmo cip,private port,Empties,inbound,domestic,august,2024,Aug-24,Q3_2024,10
pmo cip,private port,Fulls,outbound,domestic,august,2024,Aug-24,Q3_2024,20
pmo cip,private port,Empties,outbound,domestic,august,2024,Aug-24,Q3_2024,
pmo cip,private port,Fulls,import,foreign,august,2024,Aug-24,Q3_2024,
pmo cip,private port,Empties,import,foreign,august,2024,Aug-24,Q3_2024,
pmo cip,private port,Fulls,export,foreign,august,2024,Aug-24,Q3_2024,
pmo cip,private port,Empties,export,foreign,august,2024,Aug-24,Q3_2024,
pmo cip,cpa port,Fulls,inbound,domestic,september,2024,Sep-24,Q3_2024,71
pmo cip,cpa port,Empties,inbound,domestic,september,2024,Sep-24,Q3_2024,
pmo cip,cpa port,Fulls,outbound,domestic,september,2024,Sep-24,Q3_2024,1
pmo cip,cpa port,Empties,outbound,domestic,september,2024,Sep-24,Q3_2024,50
pmo cip,cpa port,Fulls,import,foreign,september,2024,Sep-24,Q3_2024,11663.5
pmo cip,cpa port,Empties,import,foreign,september,2024,Sep-24,Q3_2024,170
pmo cip,cpa port,Fulls,export,foreign,september,2024,Sep-24,Q3_2024,3162
pmo cip,cpa port,Empties,export,foreign,september,2024,Sep-24,Q3_2024,9232
pmo cip,private port,Fulls,inbound,domestic,september,2024,Sep-24,Q3_2024,
pmo cip,private port,Empties,inbound,domestic,september,2024,Sep-24,Q3_2024,
pmo cip,private port,Fulls,outbound,domestic,september,2024,Sep-24,Q3_2024,
pmo cip,private port,Empties,outbound,domestic,september,2024,Sep-24,Q3_2024,
pmo cip,private port,Fulls,import,foreign,september,2024,Sep-24,Q3_2024,
pmo cip,private port,Empties,import,foreign,september,2024,Sep-24,Q3_2024,
pmo cip,private port,Fulls,export,foreign,september,2024,Sep-24,Q3_2024,
pmo cip,private port,Empties,export,foreign,september,2024,Sep-24,Q3_2024,
pmo pier 4,cpa port,Fulls,export,foreign,august,2024,Aug-24,Q3_2024,
pmo pier 4,cpa port,Fulls,inbound,domestic,august,2024,Aug-24,Q3_2024,10712
pmo pier 4,cpa port,Empties,inbound,domestic,august,2024,Aug-24,Q3_2024,773.5
pmo pier 4,cpa port,Fulls,outbound,domestic,august,2024,Aug-24,Q3_2024,6381.5
pmo pier 4,cpa port,Empties,outbound,domestic,august,2024,Aug-24,Q3_2024,1272.5
pmo pier 4,cpa port,Fulls,import,foreign,august,2024,Aug-24,Q3_2024,
pmo pier 4,cpa port,Empties,import,foreign,august,2024,Aug-24,Q3_2024,
pmo pier 4,cpa port,Fulls,export,foreign,august,2024,Aug-24,Q3_2024,
pmo pier 4,cpa port,Empties,export,foreign,august,2024,Aug-24,Q3_2024,
pmo pier 4,cpa port,Fulls,inbound,domestic transshipment,august,2024,Aug-24,Q3_2024,612
pmo pier 4,cpa port,Empties,inbound,domestic transshipment,august,2024,Aug-24,Q3_2024,612
pmo pier 4,cpa port,Fulls,outbound,domestic transshipment,august,2024,Aug-24,Q3_2024,0
pmo pier 4,cpa port,Empties,outbound,domestic transshipment,august,2024,Aug-24,Q3_2024,0
pmo pier 4,cpa port,Empties,export,foreign,september,2024,Sep-24,Q3_2024,
pmo pier 4,cpa port,Fulls,inbound,domestic,september,2024,Sep-24,Q3_2024,10675.5
pmo pier 4,cpa port,Empties,inbound,domestic,september,2024,Sep-24,Q3_2024,419
pmo pier 4,cpa port,Fulls,outbound,domestic,september,2024,Sep-24,Q3_2024,6530
pmo pier 4,cpa port,Empties,outbound,domestic,september,2024,Sep-24,Q3_2024,1582
pmo pier 4,cpa port,Fulls,import,foreign,september,2024,Sep-24,Q3_2024,
pmo pier 4,cpa port,Empties,import,foreign,september,2024,Sep-24,Q3_2024,
pmo pier 4,cpa port,Fulls,export,foreign,september,2024,Sep-24,Q3_2024,
pmo pier 4,cpa port,Empties,export,foreign,september,2024,Sep-24,Q3_2024,
pmo pier 4,cpa port,Fulls,inbound,domestic transshipment,september,2024,Sep-24,Q3_2024,644
pmo pier 4,cpa port,Fulls,outbound,domestic transshipment,september,2024,Sep-24,Q3_2024,644
pmo pier 4,cpa port,Empties,inbound,domestic transshipment,september,2024,Sep-24,Q3_2024,
pmo pier 4,cpa port,Empties,outbound,domestic transshipment,september,2024,Sep-24,Q3_2024,
pmo pier 3,cpa port,Fulls,inbound,domestic,august,2024,Aug-24,Q3_2024,1218
pmo pier 3,cpa port,Empties,inbound,domestic,august,2024,Aug-24,Q3_2024,715.5
pmo pier 3,cpa port,Fulls,outbound,domestic,august,2024,Aug-24,Q3_2024,1941
pmo pier 3,cpa port,Empties,outbound,domestic,august,2024,Aug-24,Q3_2024,123
pmo pier 3,cpa port,Fulls,import,foreign,august,2024,Aug-24,Q3_2024,
pmo pier 3,cpa port,Empties,import,foreign,august,2024,Aug-24,Q3_2024,
pmo pier 3,cpa port,Fulls,export,foreign,august,2024,Aug-24,Q3_2024,
pmo pier 3,cpa port,Empties,export,foreign,august,2024,Aug-24,Q3_2024,
pmo pier 3,cpa port,Fulls,inbound,domestic,september,2024,Sep-24,Q3_2024,1782
pmo pier 3,cpa port,Empties,inbound,domestic,september,2024,Sep-24,Q3_2024,396.5
pmo pier 3,cpa port,Fulls,outbound,domestic,september,2024,Sep-24,Q3_2024,1892
pmo pier 3,cpa port,Empties,outbound,domestic,september,2024,Sep-24,Q3_2024,164
pmo pier 3,cpa port,Fulls,import,foreign,september,2024,Sep-24,Q3_2024,
pmo pier 3,cpa port,Empties,import,foreign,september,2024,Sep-24,Q3_2024,
pmo pier 3,cpa port,Fulls,export,foreign,september,2024,Sep-24,Q3_2024,
pmo pier 3,cpa port,Empties,export,foreign,september,2024,Sep-24,Q3_2024,
pmo pier 1,cpa port,Fulls,Inbound,Domestic,august,2024,Aug-24,Q3_2024,357
pmo pier 1,cpa port,Empties,Inbound,Domestic,august,2024,Aug-24,Q3_2024,416.5
pmo pier 1,cpa port,Fulls,Outbound,Domestic,august,2024,Aug-24,Q3_2024,696
pmo pier 1,cpa port,Empties,Outbound,Domestic,august,2024,Aug-24,Q3_2024,81
pmo pier 1,private port,Fulls,Inbound,Domestic,august,2024,Aug-24,Q3_2024,6945
pmo pier 1,private port,Empties,Inbound,Domestic,august,2024,Aug-24,Q3_2024,482
pmo pier 1,private port,Fulls,Outbound,Domestic,august,2024,Aug-24,Q3_2024,2584
pmo pier 1,private port,Empties,Outbound,Domestic,august,2024,Aug-24,Q3_2024,3988
pmo pier 1,private port,Fulls,Import,Foreign,august,2024,Aug-24,Q3_2024,6638.25
pmo pier 1,private port,Empties,Import,Foreign,august,2024,Aug-24,Q3_2024,20
pmo pier 1,private port,Fulls,Export,Foreign,august,2024,Aug-24,Q3_2024,725.25
pmo pier 1,private port,Empties,Export,Foreign,august,2024,Aug-24,Q3_2024,5258.5
pmo pier 1,cpa port,Fulls,Inbound,Domestic,september,2024,Sep-24,Q3_2024,303
pmo pier 1,cpa port,Empties,Inbound,Domestic,september,2024,Sep-24,Q3_2024,451
pmo pier 1,cpa port,Fulls,Outbound,Domestic,september,2024,Sep-24,Q3_2024,674.5
pmo pier 1,cpa port,Empties,Outbound,Domestic,september,2024,Sep-24,Q3_2024,98.5
pmo pier 1,private port,Fulls,Inbound,Domestic,september,2024,Sep-24,Q3_2024,2194.25
pmo pier 1,private port,Empties,Inbound,Domestic,september,2024,Sep-24,Q3_2024,1
pmo pier 1,private port,Fulls,Outbound,Domestic,september,2024,Sep-24,Q3_2024,904
pmo pier 1,private port,Empties,Outbound,Domestic,september,2024,Sep-24,Q3_2024,835
pmo pier 1,private port,Fulls,Import,Foreign,september,2024,Sep-24,Q3_2024,7692.5
pmo pier 1,private port,Empties,Import,Foreign,september,2024,Sep-24,Q3_2024,12
pmo pier 1,private port,Fulls,Export,Foreign,september,2024,Sep-24,Q3_2024,748
pmo pier 1,private port,Empties,Export,Foreign,september,2024,Sep-24,Q3_2024,6686.5
pmo mandaue,private port,Fulls,inbound,domestic,august,2024,Aug-24,Q3_2024,2748
pmo mandaue,private port,Empties,inbound,domestic,august,2024,Aug-24,Q3_2024,28
pmo mandaue,private port,Fulls,outbound,domestic,august,2024,Aug-24,Q3_2024,1982
pmo mandaue,private port,Empties,outbound,domestic,august,2024,Aug-24,Q3_2024,25
pmo mandaue,private port,Fulls,import,foreign,august,2024,Aug-24,Q3_2024,
pmo mandaue,private port,Empties,import,foreign,august,2024,Aug-24,Q3_2024,
pmo mandaue,private port,Fulls,export,foreign,august,2024,Aug-24,Q3_2024,
pmo mandaue,private port,Empties,export,foreign,august,2024,Aug-24,Q3_2024,
pmo mandaue,cpa port,Fulls,inbound,domestic,august,2024,Aug-24,Q3_2024,
pmo mandaue,cpa port,Empties,inbound,domestic,august,2024,Aug-24,Q3_2024,
pmo mandaue,cpa port,Fulls,outbound,domestic,august,2024,Aug-24,Q3_2024,
pmo mandaue,cpa port,Empties,outbound,domestic,august,2024,Aug-24,Q3_2024,
pmo mandaue,cpa port,Fulls,import,foreign,august,2024,Aug-24,Q3_2024,
pmo mandaue,cpa port,Empties,import,foreign,august,2024,Aug-24,Q3_2024,
pmo mandaue,cpa port,Fulls,export,foreign,august,2024,Aug-24,Q3_2024,
pmo mandaue,cpa port,Empties,export,foreign,august,2024,Aug-24,Q3_2024,
pmo mandaue,lgu port,Fulls,inbound,domestic,august,2024,Aug-24,Q3_2024,
pmo mandaue,lgu port,Empties,inbound,domestic,august,2024,Aug-24,Q3_2024,
pmo mandaue,lgu port,Fulls,outbound,domestic,august,2024,Aug-24,Q3_2024,
pmo mandaue,lgu port,Empties,outbound,domestic,august,2024,Aug-24,Q3_2024,
pmo mandaue,lgu port,Fulls,import,foreign,august,2024,Aug-24,Q3_2024,
pmo mandaue,lgu port,Empties,import,foreign,august,2024,Aug-24,Q3_2024,
pmo mandaue,lgu port,Fulls,export,foreign,august,2024,Aug-24,Q3_2024,
pmo mandaue,lgu port,Empties,export,foreign,august,2024,Aug-24,Q3_2024,
pmo argao,cpa port,Fulls,inbound,domestic,august,2024,Aug-24,Q3_2024,
pmo argao,cpa port,Empties,inbound,domestic,august,2024,Aug-24,Q3_2024,
pmo argao,cpa port,Fulls,outbound,domestic,august,2024,Aug-24,Q3_2024,
pmo argao,cpa port,Empties,outbound,domestic,august,2024,Aug-24,Q3_2024,
pmo argao,cpa port,Fulls,import,foreign,august,2024,Aug-24,Q3_2024,
pmo argao,cpa port,Empties,import,foreign,august,2024,Aug-24,Q3_2024,
pmo argao,cpa port,Fulls,export,foreign,august,2024,Aug-24,Q3_2024,
pmo argao,cpa port,Empties,export,foreign,august,2024,Aug-24,Q3_2024,
pmo argao,lgu port,Fulls,inbound,domestic,august,2024,Aug-24,Q3_2024,
pmo argao,lgu port,Empties,inbound,domestic,august,2024,Aug-24,Q3_2024,
pmo argao,lgu port,Fulls,outbound,domestic,august,2024,Aug-24,Q3_2024,
pmo argao,lgu port,Empties,outbound,domestic,august,2024,Aug-24,Q3_2024,
pmo argao,lgu port,Fulls,import,foreign,august,2024,Aug-24,Q3_2024,
pmo argao,lgu port,Empties,import,foreign,august,2024,Aug-24,Q3_2024,
pmo argao,lgu port,Fulls,export,foreign,august,2024,Aug-24,Q3_2024,
pmo argao,lgu port,Empties,export,foreign,august,2024,Aug-24,Q3_2024,
pmo argao,private port,Fulls,inbound,domestic,august,2024,Aug-24,Q3_2024,123
pmo argao,private port,Empties,inbound,domestic,august,2024,Aug-24,Q3_2024,112
pmo argao,private port,Fulls,outbound,domestic,august,2024,Aug-24,Q3_2024,347
pmo argao,private port,Empties,outbound,domestic,august,2024,Aug-24,Q3_2024,124
pmo argao,private port,Fulls,import,foreign,august,2024,Aug-24,Q3_2024,
pmo argao,private port,Empties,import,foreign,august,2024,Aug-24,Q3_2024,
pmo argao,private port,Fulls,export,foreign,august,2024,Aug-24,Q3_2024,
pmo argao,private port,Empties,export,foreign,august,2024,Aug-24,Q3_2024,
pmo argao,cpa port,Fulls,inbound,domestic,september,2024,Sep-24,Q3_2024,
pmo argao,cpa port,Empties,inbound,domestic,september,2024,Sep-24,Q3_2024,
pmo argao,cpa port,Fulls,outbound,domestic,september,2024,Sep-24,Q3_2024,
pmo argao,cpa port,Empties,outbound,domestic,september,2024,Sep-24,Q3_2024,
pmo argao,cpa port,Fulls,import,foreign,september,2024,Sep-24,Q3_2024,
pmo argao,cpa port,Empties,import,foreign,september,2024,Sep-24,Q3_2024,
pmo argao,cpa port,Fulls,export,foreign,september,2024,Sep-24,Q3_2024,
pmo argao,cpa port,Empties,export,foreign,september,2024,Sep-24,Q3_2024,
pmo argao,lgu port,Fulls,inbound,domestic,september,2024,Sep-24,Q3_2024,
pmo argao,lgu port,Empties,inbound,domestic,september,2024,Sep-24,Q3_2024,
pmo argao,lgu port,Fulls,outbound,domestic,september,2024,Sep-24,Q3_2024,
pmo argao,lgu port,Empties,outbound,domestic,september,2024,Sep-24,Q3_2024,
pmo argao,lgu port,Fulls,import,foreign,september,2024,Sep-24,Q3_2024,
pmo argao,lgu port,Empties,import,foreign,september,2024,Sep-24,Q3_2024,
pmo argao,lgu port,Fulls,export,foreign,september,2024,Sep-24,Q3_2024,
pmo argao,lgu port,Empties,export,foreign,september,2024,Sep-24,Q3_2024,
pmo argao,private port,Fulls,inbound,domestic,september,2024,Sep-24,Q3_2024,20
pmo argao,private port,Empties,inbound,domestic,september,2024,Sep-24,Q3_2024,179
pmo argao,private port,Fulls,outbound,domestic,september,2024,Sep-24,Q3_2024,32
pmo argao,private port,Empties,outbound,domestic,september,2024,Sep-24,Q3_2024,53
pmo argao,private port,Fulls,import,foreign,september,2024,Sep-24,Q3_2024,
pmo argao,private port,Empties,import,foreign,september,2024,Sep-24,Q3_2024,
pmo argao,private port,Fulls,export,foreign,september,2024,Sep-24,Q3_2024,
pmo argao,private port,Empties,export,foreign,september,2024,Sep-24,Q3_2024,
pmo cip,cpa port,Fulls,inbound,domestic,october,2024,Oct-24,Q4_2024,40
pmo cip,cpa port,Empties,inbound,domestic,october,2024,Oct-24,Q4_2024,
pmo cip,cpa port,Fulls,outbound,domestic,october,2024,Oct-24,Q4_2024,6
pmo cip,cpa port,Empties,outbound,domestic,october,2024,Oct-24,Q4_2024,20
pmo cip,cpa port,Fulls,import,foreign,october,2024,Oct-24,Q4_2024,13678.5
pmo cip,cpa port,Empties,import,foreign,october,2024,Oct-24,Q4_2024,84
pmo cip,cpa port,Fulls,export,foreign,october,2024,Oct-24,Q4_2024,4265
pmo cip,cpa port,Empties,export,foreign,october,2024,Oct-24,Q4_2024,9543.25
pmo cip,private port,Fulls,inbound,domestic,october,2024,Oct-24,Q4_2024,
pmo cip,private port,Empties,inbound,domestic,october,2024,Oct-24,Q4_2024,
pmo cip,private port,Fulls,outbound,domestic,october,2024,Oct-24,Q4_2024,
pmo cip,private port,Empties,outbound,domestic,october,2024,Oct-24,Q4_2024,
pmo cip,private port,Fulls,import,foreign,october,2024,Oct-24,Q4_2024,
pmo cip,private port,Empties,import,foreign,october,2024,Oct-24,Q4_2024,
pmo cip,private port,Fulls,export,foreign,october,2024,Oct-24,Q4_2024,
pmo cip,private port,Empties,export,foreign,october,2024,Oct-24,Q4_2024,
pmo cip,cpa port,Fulls,inbound,domestic,november,2024,Nov-24,Q4_2024,16
pmo cip,cpa port,Empties,inbound,domestic,november,2024,Nov-24,Q4_2024,
pmo cip,cpa port,Fulls,outbound,domestic,november,2024,Nov-24,Q4_2024,4
pmo cip,cpa port,Empties,outbound,domestic,november,2024,Nov-24,Q4_2024,
pmo cip,cpa port,Fulls,import,foreign,november,2024,Nov-24,Q4_2024,12221.75
pmo cip,cpa port,Empties,import,foreign,november,2024,Nov-24,Q4_2024,70
pmo cip,cpa port,Fulls,export,foreign,november,2024,Nov-24,Q4_2024,3921
pmo cip,cpa port,Empties,export,foreign,november,2024,Nov-24,Q4_2024,10785
pmo cip,private port,Fulls,inbound,domestic,november,2024,Nov-24,Q4_2024,16
pmo cip,private port,Empties,inbound,domestic,november,2024,Nov-24,Q4_2024,
pmo cip,private port,Fulls,outbound,domestic,november,2024,Nov-24,Q4_2024,
pmo cip,private port,Empties,outbound,domestic,november,2024,Nov-24,Q4_2024,
pmo cip,private port,Fulls,import,foreign,november,2024,Nov-24,Q4_2024,
pmo cip,private port,Empties,import,foreign,november,2024,Nov-24,Q4_2024,
pmo cip,private port,Fulls,export,foreign,november,2024,Nov-24,Q4_2024,
pmo cip,private port,Empties,export,foreign,november,2024,Nov-24,Q4_2024,
pmo pier 4,cpa port,Fulls,inbound,domestic,october,2024,Oct-24,Q4_2024,11002
pmo pier 4,cpa port,Empties,inbound,domestic,october,2024,Oct-24,Q4_2024,832
pmo pier 4,cpa port,Fulls,outbound,domestic,october,2024,Oct-24,Q4_2024,7731.5
pmo pier 4,cpa port,Empties,outbound,domestic,october,2024,Oct-24,Q4_2024,1606
pmo pier 4,cpa port,Fulls,inbound,domestic transshipment,october,2024,Oct-24,Q4_2024,1125
pmo pier 4,cpa port,Fulls,outbound,domestic transshipment,october,2024,Oct-24,Q4_2024,1125
pmo pier 4,cpa port,Empties,inbound,domestic transshipment,october,2024,Oct-24,Q4_2024,
pmo pier 4,cpa port,Empties,outbound,domestic transshipment,october,2024,Oct-24,Q4_2024,
pmo pier 4,cpa port,Fulls,import,foreign,october,2024,Oct-24,Q4_2024,
pmo pier 4,cpa port,Empties,import,foreign,october,2024,Oct-24,Q4_2024,
pmo pier 4,cpa port,Fulls,export,foreign,october,2024,Oct-24,Q4_2024,
pmo pier 4,cpa port,Empties,export,foreign,october,2024,Oct-24,Q4_2024,
pmo pier 4,cpa port,Fulls,inbound,domestic,november,2024,Nov-24,Q4_2024,11829
pmo pier 4,cpa port,Empties,inbound,domestic,november,2024,Nov-24,Q4_2024,703
pmo pier 4,cpa port,Fulls,outbound,domestic,november,2024,Nov-24,Q4_2024,7784.5
pmo pier 4,cpa port,Empties,outbound,domestic,november,2024,Nov-24,Q4_2024,1653
pmo pier 4,cpa port,Fulls,import,foreign,november,2024,Nov-24,Q4_2024,
pmo pier 4,cpa port,Empties,import,foreign,november,2024,Nov-24,Q4_2024,
pmo pier 4,cpa port,Fulls,export,foreign,november,2024,Nov-24,Q4_2024,
pmo pier 4,cpa port,Empties,export,foreign,november,2024,Nov-24,Q4_2024,
pmo pier 4,cpa port,Fulls,inbound,domestic transshipment,november,2024,Nov-24,Q4_2024,813
pmo pier 4,cpa port,Fulls,outbound,domestic transshipment,november,2024,Nov-24,Q4_2024,813
pmo pier 4,cpa port,Empties,inbound,domestic transshipment,november,2024,Nov-24,Q4_2024,
pmo pier 4,cpa port,Empties,outbound,domestic transshipment,november,2024,Nov-24,Q4_2024,
pmo pier 3,cpa port,Fulls,inbound,domestic,october,2024,Oct-24,Q4_2024,672.5
pmo pier 3,cpa port,Empties,inbound,domestic,october,2024,Oct-24,Q4_2024,156
pmo pier 3,cpa port,Fulls,outbound,domestic,october,2024,Oct-24,Q4_2024,635
pmo pier 3,cpa port,Empties,outbound,domestic,october,2024,Oct-24,Q4_2024,0
pmo pier 3,cpa port,Fulls,import,foreign,october,2024,Oct-24,Q4_2024,
pmo pier 3,cpa port,Empties,import,foreign,october,2024,Oct-24,Q4_2024,
pmo pier 3,cpa port,Fulls,export,foreign,october,2024,Oct-24,Q4_2024,
pmo pier 3,cpa port,Empties,export,foreign,october,2024,Oct-24,Q4_2024,
pmo pier 3,cpa port,Fulls,inbound,domestic,november,2024,Nov-24,Q4_2024,164.5
pmo pier 3,cpa port,Empties,inbound,domestic,november,2024,Nov-24,Q4_2024,65
pmo pier 3,cpa port,Fulls,outbound,domestic,november,2024,Nov-24,Q4_2024,165.5
pmo pier 3,cpa port,Empties,outbound,domestic,november,2024,Nov-24,Q4_2024,0
pmo pier 3,cpa port,Fulls,import,foreign,november,2024,Nov-24,Q4_2024,
pmo pier 3,cpa port,Empties,import,foreign,november,2024,Nov-24,Q4_2024,
pmo pier 3,cpa port,Fulls,export,foreign,november,2024,Nov-24,Q4_2024,
pmo pier 3,cpa port,Empties,export,foreign,november,2024,Nov-24,Q4_2024,
pmo pier 1,cpa port,Fulls,Inbound,Domestic,October,2024,Oct-24,Q4_2024,416
pmo pier 1,cpa port,Empties,Inbound,Domestic,October,2024,Oct-24,Q4_2024,409.5
pmo pier 1,cpa port,Fulls,Outbound,Domestic,October,2024,Oct-24,Q4_2024,674
pmo pier 1,cpa port,Empties,Outbound,Domestic,October,2024,Oct-24,Q4_2024,98.5
pmo pier 1,private port,Fulls,Inbound,Domestic,October,2024,Oct-24,Q4_2024,6711.25
pmo pier 1,private port,Empties,Inbound,Domestic,October,2024,Oct-24,Q4_2024,59
pmo pier 1,private port,Fulls,Outbound,Domestic,October,2024,Oct-24,Q4_2024,2049
pmo pier 1,private port,Empties,Outbound,Domestic,October,2024,Oct-24,Q4_2024,3087
pmo pier 1,private port,Fulls,Import,Foreign,October,2024,Oct-24,Q4_2024,7996.25
pmo pier 1,private port,Empties,Import,Foreign,October,2024,Oct-24,Q4_2024,12
pmo pier 1,private port,Fulls,Export,Foreign,October,2024,Oct-24,Q4_2024,526
pmo pier 1,private port,Empties,Export,Foreign,October,2024,Oct-24,Q4_2024,8300.25
pmo pier 1,cpa port,Fulls,Inbound,Domestic,November,2024,Nov-24,Q4_2024,382.5
pmo pier 1,cpa port,Empties,Inbound,Domestic,November,2024,Nov-24,Q4_2024,485
pmo pier 1,cpa port,Fulls,Outbound,Domestic,November,2024,Nov-24,Q4_2024,744
pmo pier 1,cpa port,Empties,Outbound,Domestic,November,2024,Nov-24,Q4_2024,107
pmo pier 1,private port,Fulls,Inbound,Domestic,November,2024,Nov-24,Q4_2024,7211.5
pmo pier 1,private port,Empties,Inbound,Domestic,November,2024,Nov-24,Q4_2024,13.5
pmo pier 1,private port,Fulls,Outbound,Domestic,November,2024,Nov-24,Q4_2024,2382
pmo pier 1,private port,Empties,Outbound,Domestic,November,2024,Nov-24,Q4_2024,4377
pmo pier 1,private port,Fulls,Import,Foreign,November,2024,Nov-24,Q4_2024,8289.75
pmo pier 1,private port,Fulls,Export,Foreign,November,2024,Nov-24,Q4_2024,566
pmo pier 1,private port,Empties,Export,Foreign,November,2024,Nov-24,Q4_2024,10872.25
pmo mandaue,private port,Fulls,inbound,domestic,October,2024,Oct-24,Q4_2024,2319
pmo mandaue,private port,Empties,inbound,domestic,October,2024,Oct-24,Q4_2024,
pmo mandaue,private port,Fulls,outbound,domestic,October,2024,Oct-24,Q4_2024,1856
pmo mandaue,private port,Empties,outbound,domestic,October,2024,Oct-24,Q4_2024,26
pmo mandaue,private port,Fulls,import,foreign,October,2024,Oct-24,Q4_2024,
pmo mandaue,private port,Empties,import,foreign,October,2024,Oct-24,Q4_2024,
pmo mandaue,private port,Fulls,export,foreign,October,2024,Oct-24,Q4_2024,
pmo mandaue,private port,Empties,export,foreign,October,2024,Oct-24,Q4_2024,
pmo mandaue,private port,Fulls,inbound,domestic,November,2024,Nov-24,Q4_2024,2187
pmo mandaue,private port,Empties,inbound,domestic,November,2024,Nov-24,Q4_2024,
pmo mandaue,private port,Fulls,outbound,domestic,November,2024,Nov-24,Q4_2024,1964
pmo mandaue,private port,Empties,outbound,domestic,November,2024,Nov-24,Q4_2024,40
pmo mandaue,private port,Fulls,import,foreign,November,2024,Nov-24,Q4_2024,
pmo mandaue,private port,Empties,import,foreign,November,2024,Nov-24,Q4_2024,
pmo mandaue,private port,Fulls,export,foreign,November,2024,Nov-24,Q4_2024,
pmo mandaue,private port,Empties,export,foreign,November,2024,Nov-24,Q4_2024,
pmo argao,cpa port,Fulls,inbound,domestic,october,2024,Oct-24,Q4_2024,
pmo argao,cpa port,Empties,inbound,domestic,october,2024,Oct-24,Q4_2024,
pmo argao,cpa port,Fulls,outbound,domestic,october,2024,Oct-24,Q4_2024,
pmo argao,cpa port,Empties,outbound,domestic,october,2024,Oct-24,Q4_2024,
pmo argao,cpa port,Fulls,import,foreign,october,2024,Oct-24,Q4_2024,
pmo argao,cpa port,Empties,import,foreign,october,2024,Oct-24,Q4_2024,
pmo argao,cpa port,Fulls,export,foreign,october,2024,Oct-24,Q4_2024,
pmo argao,cpa port,Empties,export,foreign,october,2024,Oct-24,Q4_2024,
pmo argao,lgu port,Fulls,inbound,domestic,october,2024,Oct-24,Q4_2024,
pmo argao,lgu port,Empties,inbound,domestic,october,2024,Oct-24,Q4_2024,
pmo argao,lgu port,Fulls,outbound,domestic,october,2024,Oct-24,Q4_2024,
pmo argao,lgu port,Empties,outbound,domestic,october,2024,Oct-24,Q4_2024,
pmo argao,lgu port,Fulls,import,foreign,october,2024,Oct-24,Q4_2024,
pmo argao,lgu port,Empties,import,foreign,october,2024,Oct-24,Q4_2024,
pmo argao,lgu port,Fulls,export,foreign,october,2024,Oct-24,Q4_2024,
pmo argao,lgu port,Empties,export,foreign,october,2024,Oct-24,Q4_2024,
pmo argao,private port,Fulls,inbound,domestic,october,2024,Oct-24,Q4_2024,217
pmo argao,private port,Empties,inbound,domestic,october,2024,Oct-24,Q4_2024,259
pmo argao,private port,Fulls,outbound,domestic,october,2024,Oct-24,Q4_2024,101
pmo argao,private port,Empties,outbound,domestic,october,2024,Oct-24,Q4_2024,30
pmo argao,private port,Fulls,import,foreign,october,2024,Oct-24,Q4_2024,
pmo argao,private port,Empties,import,foreign,october,2024,Oct-24,Q4_2024,
pmo argao,private port,Fulls,export,foreign,october,2024,Oct-24,Q4_2024,
pmo argao,private port,Empties,export,foreign,october,2024,Oct-24,Q4_2024,
pmo argao,cpa port,Fulls,inbound,domestic,november,2024,Nov-24,Q4_2024,
pmo argao,cpa port,Empties,inbound,domestic,november,2024,Nov-24,Q4_2024,
pmo argao,cpa port,Fulls,outbound,domestic,november,2024,Nov-24,Q4_2024,
pmo argao,cpa port,Empties,outbound,domestic,november,2024,Nov-24,Q4_2024,
pmo argao,cpa port,Fulls,import,foreign,november,2024,Nov-24,Q4_2024,
pmo argao,cpa port,Empties,import,foreign,november,2024,Nov-24,Q4_2024,
pmo argao,cpa port,Fulls,export,foreign,november,2024,Nov-24,Q4_2024,
pmo argao,cpa port,Empties,export,foreign,november,2024,Nov-24,Q4_2024,
pmo argao,lgu port,Fulls,inbound,domestic,november,2024,Nov-24,Q4_2024,
pmo argao,lgu port,Empties,inbound,domestic,november,2024,Nov-24,Q4_2024,
pmo argao,lgu port,Fulls,outbound,domestic,november,2024,Nov-24,Q4_2024,
pmo argao,lgu port,Empties,outbound,domestic,november,2024,Nov-24,Q4_2024,
pmo argao,lgu port,Fulls,import,foreign,november,2024,Nov-24,Q4_2024,
pmo argao,lgu port,Empties,import,foreign,november,2024,Nov-24,Q4_2024,
pmo argao,lgu port,Fulls,export,foreign,november,2024,Nov-24,Q4_2024,
pmo argao,lgu port,Empties,export,foreign,november,2024,Nov-24,Q4_2024,
pmo argao,private port,Fulls,inbound,domestic,november,2024,Nov-24,Q4_2024,
pmo argao,private port,Empties,inbound,domestic,november,2024,Nov-24,Q4_2024,253
pmo argao,private port,Fulls,outbound,domestic,november,2024,Nov-24,Q4_2024,242
pmo argao,private port,Empties,outbound,domestic,november,2024,Nov-24,Q4_2024,
pmo argao,private port,Fulls,import,foreign,november,2024,Nov-24,Q4_2024,
pmo argao,private port,Empties,import,foreign,november,2024,Nov-24,Q4_2024,
pmo argao,private port,Fulls,export,foreign,november,2024,Nov-24,Q4_2024,
pmo argao,private port,Empties,export,foreign,november,2024,Nov-24,Q4_2024,
pmo cip,cpa port,Fulls,inbound,domestic,december,2024,Dec-24,Q4_2024,14
pmo cip,cpa port,Empties,inbound,domestic,december,2024,Dec-24,Q4_2024,
pmo cip,cpa port,Fulls,outbound,domestic,december,2024,Dec-24,Q4_2024,3
pmo cip,cpa port,Empties,outbound,domestic,december,2024,Dec-24,Q4_2024,38
pmo cip,cpa port,Fulls,import,foreign,december,2024,Dec-24,Q4_2024,13169.25
pmo cip,cpa port,Empties,import,foreign,december,2024,Dec-24,Q4_2024,52
pmo cip,cpa port,Fulls,export,foreign,december,2024,Dec-24,Q4_2024,3657
pmo cip,cpa port,Empties,export,foreign,december,2024,Dec-24,Q4_2024,9821.5
pmo cip,private port,Fulls,inbound,domestic,december,2024,Dec-24,Q4_2024,
pmo cip,private port,Empties,inbound,domestic,december,2024,Dec-24,Q4_2024,
pmo cip,private port,Fulls,outbound,domestic,december,2024,Dec-24,Q4_2024,
pmo cip,private port,Empties,outbound,domestic,december,2024,Dec-24,Q4_2024,
pmo cip,private port,Fulls,import,foreign,december,2024,Dec-24,Q4_2024,
pmo cip,private port,Empties,import,foreign,december,2024,Dec-24,Q4_2024,
pmo cip,private port,Fulls,export,foreign,december,2024,Dec-24,Q4_2024,
pmo cip,private port,Empties,export,foreign,december,2024,Dec-24,Q4_2024,
pmo pier 4,cpa port,Fulls,inbound,domestic,december,2024,Dec-24,Q4_2024,11564.5
pmo pier 4,cpa port,Empties,inbound,domestic,december,2024,Dec-24,Q4_2024,1060
pmo pier 4,cpa port,Fulls,outbound,domestic,december,2024,Dec-24,Q4_2024,6866
pmo pier 4,cpa port,Empties,outbound,domestic,december,2024,Dec-24,Q4_2024,1990
pmo pier 4,cpa port,Fulls,inbound,domestic transshipment,december,2024,Dec-24,Q4_2024,564
pmo pier 4,cpa port,Fulls,outbound,domestic transshipment,december,2024,Dec-24,Q4_2024,564
pmo pier 4,cpa port,Empties,inbound,domestic transshipment,december,2024,Dec-24,Q4_2024,30
pmo pier 4,cpa port,Empties,outbound,domestic transshipment,december,2024,Dec-24,Q4_2024,30
pmo pier 4,cpa port,Fulls,import,foreign,december,2024,Dec-24,Q4_2024,
pmo pier 4,cpa port,Empties,import,foreign,december,2024,Dec-24,Q4_2024,
pmo pier 4,cpa port,Fulls,export,foreign,december,2024,Dec-24,Q4_2024,
pmo pier 4,cpa port,Empties,export,foreign,december,2024,Dec-24,Q4_2024,
pmo pier 4,cpa port,Fulls,inbound,domestic,december,2024,Dec-24,Q4_2024,
pmo pier 4,cpa port,Empties,inbound,domestic,december,2024,Dec-24,Q4_2024,
pmo pier 4,cpa port,Fulls,outbound,domestic,december,2024,Dec-24,Q4_2024,
pmo pier 4,cpa port,Empties,outbound,domestic,december,2024,Dec-24,Q4_2024,
pmo pier 4,cpa port,Fulls,import,foreign,december,2024,Dec-24,Q4_2024,
pmo pier 4,cpa port,Empties,import,foreign,december,2024,Dec-24,Q4_2024,
pmo pier 4,cpa port,Fulls,export,foreign,december,2024,Dec-24,Q4_2024,
pmo pier 4,cpa port,Empties,export,foreign,december,2024,Dec-24,Q4_2024,
pmo pier 4,cpa port,Fulls,import,foreign,december,2024,Dec-24,Q4_2024,
pmo pier 4,cpa port,Empties,import,foreign,december,2024,Dec-24,Q4_2024,
pmo pier 4,cpa port,Fulls,export,foreign,december,2024,Dec-24,Q4_2024,
pmo pier 4,cpa port,Empties,export,foreign,december,2024,Dec-24,Q4_2024,
pmo pier 3,cpa port,Fulls,inbound,domestic,december,2024,Dec-24,Q4_2024,166
pmo pier 3,cpa port,Empties,inbound,domestic,december,2024,Dec-24,Q4_2024,96.5
pmo pier 3,cpa port,Fulls,outbound,domestic,december,2024,Dec-24,Q4_2024,188
pmo pier 3,cpa port,Empties,outbound,domestic,december,2024,Dec-24,Q4_2024,0
pmo pier 3,cpa port,Fulls,import,foreign,december,2024,Dec-24,Q4_2024,
pmo pier 3,cpa port,Empties,import,foreign,december,2024,Dec-24,Q4_2024,
pmo pier 3,cpa port,Fulls,export,foreign,december,2024,Dec-24,Q4_2024,
pmo pier 3,cpa port,Empties,export,foreign,december,2024,Dec-24,Q4_2024,
pmo pier 1,cpa port,Fulls,inbound,Domestic,december,2024,Dec-24,Q4_2024,304.5
pmo pier 1,cpa port,Empties,inbound,Domestic,december,2024,Dec-24,Q4_2024,541
pmo pier 1,cpa port,Fulls,outbound,Domestic,december,2024,Dec-24,Q4_2024,760.5
pmo pier 1,cpa port,Empties,outbound,Domestic,december,2024,Dec-24,Q4_2024,83.5
pmo pier 1,private port,Fulls,inbound,Domestic,december,2024,Dec-24,Q4_2024,7702.25
pmo pier 1,private port,Empties,inbound,Domestic,december,2024,Dec-24,Q4_2024,509
pmo pier 1,private port,Fulls,outbound,Domestic,december,2024,Dec-24,Q4_2024,2761
pmo pier 1,private port,Empties,outbound,Domestic,december,2024,Dec-24,Q4_2024,4058
pmo pier 1,private port,Fulls,Import,Foreign,december,2024,Dec-24,Q4_2024,8275.75
pmo pier 1,private port,Fulls,Export,Foreign,december,2024,Dec-24,Q4_2024,382
pmo pier 1,private port,Empties,Export,Foreign,december,2024,Dec-24,Q4_2024,9533.75
pmo mandaue,private port,Fulls,inbound,domestic,december,2024,Dec-24,Q4_2024,2542
pmo mandaue,private port,Empties,inbound,domestic,december,2024,Dec-24,Q4_2024,
pmo mandaue,private port,Fulls,outbound,domestic,december,2024,Dec-24,Q4_2024,2068
pmo mandaue,private port,Empties,outbound,domestic,december,2024,Dec-24,Q4_2024,163
pmo mandaue,private port,Fulls,import,foreign,december,2024,Dec-24,Q4_2024,
pmo mandaue,private port,Empties,import,foreign,december,2024,Dec-24,Q4_2024,
pmo mandaue,private port,Fulls,export,foreign,december,2024,Dec-24,Q4_2024,
pmo mandaue,private port,Empties,export,foreign,december,2024,Dec-24,Q4_2024,
pmo argao,cpa port,Fulls,inbound,domestic,december,2024,Dec-24,Q4_2024,
pmo argao,cpa port,Empties,inbound,domestic,december,2024,Dec-24,Q4_2024,
pmo argao,cpa port,Fulls,outbound,domestic,december,2024,Dec-24,Q4_2024,
pmo argao,cpa port,Empties,outbound,domestic,december,2024,Dec-24,Q4_2024,
pmo argao,cpa port,Fulls,import,foreign,december,2024,Dec-24,Q4_2024,
pmo argao,cpa port,Empties,import,foreign,december,2024,Dec-24,Q4_2024,
pmo argao,cpa port,Fulls,export,foreign,december,2024,Dec-24,Q4_2024,
pmo argao,cpa port,Empties,export,foreign,december,2024,Dec-24,Q4_2024,
pmo argao,lgu port,Fulls,inbound,domestic,december,2024,Dec-24,Q4_2024,
pmo argao,lgu port,Empties,inbound,domestic,december,2024,Dec-24,Q4_2024,
pmo argao,lgu port,Fulls,outbound,domestic,december,2024,Dec-24,Q4_2024,
pmo argao,lgu port,Empties,outbound,domestic,december,2024,Dec-24,Q4_2024,
pmo argao,lgu port,Fulls,import,foreign,december,2024,Dec-24,Q4_2024,
pmo argao,lgu port,Empties,import,foreign,december,2024,Dec-24,Q4_2024,
pmo argao,lgu port,Fulls,export,foreign,december,2024,Dec-24,Q4_2024,
pmo argao,lgu port,Empties,export,foreign,december,2024,Dec-24,Q4_2024,
pmo argao,private port,Fulls,inbound,domestic,december,2024,Dec-24,Q4_2024,34
pmo argao,private port,Empties,inbound,domestic,december,2024,Dec-24,Q4_2024,222
pmo argao,private port,Fulls,outbound,domestic,december,2024,Dec-24,Q4_2024,
pmo argao,private port,Empties,outbound,domestic,december,2024,Dec-24,Q4_2024,33
pmo argao,private port,Fulls,import,foreign,december,2024,Dec-24,Q4_2024,
pmo argao,private port,Empties,import,foreign,december,2024,Dec-24,Q4_2024,
pmo argao,private port,Fulls,export,foreign,december,2024,Dec-24,Q4_2024,
pmo argao,private port,Empties,export,foreign,december,2024,Dec-24,Q4_2024,
pmo cip,cpa port,Fulls,inbound,domestic,january,2025,Jan-25,Q1_2025,32
pmo cip,cpa port,Empties,inbound,domestic,january,2025,Jan-25,Q1_2025,
pmo cip,cpa port,Fulls,outbound,domestic,january,2025,Jan-25,Q1_2025,9
pmo cip,cpa port,Empties,outbound,domestic,january,2025,Jan-25,Q1_2025,39
pmo cip,cpa port,Fulls,import,foreign,january,2025,Jan-25,Q1_2025,"13,073"
pmo cip,cpa port,Empties,import,foreign,january,2025,Jan-25,Q1_2025,94
pmo cip,cpa port,Fulls,export,foreign,january,2025,Jan-25,Q1_2025,"3,500"
pmo cip,cpa port,Empties,export,foreign,january,2025,Jan-25,Q1_2025,"11,334"
pmo cip,private port,Fulls,inbound,domestic,january,2025,Jan-25,Q1_2025,
pmo cip,private port,Empties,inbound,domestic,january,2025,Jan-25,Q1_2025,
pmo cip,private port,Fulls,outbound,domestic,january,2025,Jan-25,Q1_2025,
pmo cip,private port,Empties,outbound,domestic,january,2025,Jan-25,Q1_2025,
pmo cip,private port,Fulls,import,foreign,january,2025,Jan-25,Q1_2025,
pmo cip,private port,Empties,import,foreign,january,2025,Jan-25,Q1_2025,
pmo cip,private port,Fulls,export,foreign,january,2025,Jan-25,Q1_2025,
pmo cip,private port,Empties,export,foreign,january,2025,Jan-25,Q1_2025,
pmo pier 4,cpa port,Fulls,inbound,domestic,january,2025,Jan-25,Q1_2025,10069
pmo pier 4,cpa port,Empties,inbound,domestic,january,2025,Jan-25,Q1_2025,599.5
pmo pier 4,cpa port,Fulls,outbound,domestic,january,2025,Jan-25,Q1_2025,6453
pmo pier 4,cpa port,Empties,outbound,domestic,january,2025,Jan-25,Q1_2025,1469.5
pmo pier 4,cpa port,Fulls,import,foreign,january,2025,Jan-25,Q1_2025,
pmo pier 4,cpa port,Empties,import,foreign,january,2025,Jan-25,Q1_2025,
pmo pier 4,cpa port,Fulls,export,foreign,january,2025,Jan-25,Q1_2025,
pmo pier 4,cpa port,Empties,export,foreign,january,2025,Jan-25,Q1_2025,
pmo pier 4,cpa port,Fulls,inbound,domestic transshipment,january,2025,Jan-25,Q1_2025,451
pmo pier 4,cpa port,Fulls,outbound,domestic transshipment,january,2025,Jan-25,Q1_2025,451
pmo pier 4,cpa port,Empties,inbound,domestic transshipment,january,2025,Jan-25,Q1_2025,0
pmo pier 4,cpa port,Empties,outbound,domestic transshipment,january,2025,Jan-25,Q1_2025,0
pmo pier 3,cpa port,Fulls,inbound,domestic,january,2025,Jan-25,Q1_2025,164.5
pmo pier 3,cpa port,Empties,inbound,domestic,january,2025,Jan-25,Q1_2025,125
pmo pier 3,cpa port,Fulls,outbound,domestic,january,2025,Jan-25,Q1_2025,195.5
pmo pier 3,cpa port,Empties,outbound,domestic,january,2025,Jan-25,Q1_2025,38.5
pmo pier 3,cpa port,Fulls,import,foreign,january,2025,Jan-25,Q1_2025,
pmo pier 3,cpa port,Empties,import,foreign,january,2025,Jan-25,Q1_2025,
pmo pier 3,cpa port,Fulls,export,foreign,january,2025,Jan-25,Q1_2025,
pmo pier 3,cpa port,Empties,export,foreign,january,2025,Jan-25,Q1_2025,
pmo pier 1,cpa port,Fulls,Inbound,Domestic,January,2025,Jan-25,Q1_2025,345
pmo pier 1,cpa port,Empties,Inbound,Domestic,January,2025,Jan-25,Q1_2025,423
pmo pier 1,cpa port,Fulls,Outbound,Domestic,January,2025,Jan-25,Q1_2025,770.5
pmo pier 1,cpa port,Empties,Outbound,Domestic,January,2025,Jan-25,Q1_2025,97.5
pmo pier 1,private port,Fulls,Inbound,Domestic,January,2025,Jan-25,Q1_2025,3029.25
pmo pier 1,private port,Empties,Inbound,Domestic,January,2025,Jan-25,Q1_2025,45
pmo pier 1,private port,Fulls,Outbound,Domestic,January,2025,Jan-25,Q1_2025,1039
pmo pier 1,private port,Empties,Outbound,Domestic,January,2025,Jan-25,Q1_2025,1448
pmo pier 1,private port,Fulls,Import,Foreign,January,2025,Jan-25,Q1_2025,6901.75
pmo pier 1,private port,Fulls,Export,Foreign,January,2025,Jan-25,Q1_2025,377.75
pmo pier 1,private port,Empties,Export,Foreign,January,2025,Jan-25,Q1_2025,6244
pmo mandaue,private port,Fulls,inbound,domestic,january,2025,Jan-25,Q1_2025,2083
pmo mandaue,private port,Empties,inbound,domestic,january,2025,Jan-25,Q1_2025,34
pmo mandaue,private port,Fulls,outbound,domestic,january,2025,Jan-25,Q1_2025,1989
pmo mandaue,private port,Empties,outbound,domestic,january,2025,Jan-25,Q1_2025,51
pmo mandaue,private port,Fulls,import,foreign,january,2025,Jan-25,Q1_2025,
pmo mandaue,private port,Empties,import,foreign,january,2025,Jan-25,Q1_2025,
pmo mandaue,private port,Fulls,export,foreign,january,2025,Jan-25,Q1_2025,
pmo mandaue,private port,Empties,export,foreign,january,2025,Jan-25,Q1_2025,
pmo mandaue,cpa port,Fulls,inbound,domestic,january,2025,Jan-25,Q1_2025,
pmo mandaue,cpa port,Empties,inbound,domestic,january,2025,Jan-25,Q1_2025,
pmo mandaue,cpa port,Fulls,outbound,domestic,january,2025,Jan-25,Q1_2025,
pmo mandaue,cpa port,Empties,outbound,domestic,january,2025,Jan-25,Q1_2025,
pmo mandaue,cpa port,Fulls,import,foreign,january,2025,Jan-25,Q1_2025,
pmo mandaue,cpa port,Empties,import,foreign,january,2025,Jan-25,Q1_2025,
pmo mandaue,cpa port,Fulls,export,foreign,january,2025,Jan-25,Q1_2025,
pmo mandaue,cpa port,Empties,export,foreign,january,2025,Jan-25,Q1_2025,
pmo mandaue,lgu port,Fulls,inbound,domestic,january,2025,Jan-25,Q1_2025,
pmo mandaue,lgu port,Empties,inbound,domestic,january,2025,Jan-25,Q1_2025,
pmo mandaue,lgu port,Fulls,outbound,domestic,january,2025,Jan-25,Q1_2025,
pmo mandaue,lgu port,Empties,outbound,domestic,january,2025,Jan-25,Q1_2025,
pmo mandaue,lgu port,Fulls,import,foreign,january,2025,Jan-25,Q1_2025,
pmo mandaue,lgu port,Empties,import,foreign,january,2025,Jan-25,Q1_2025,
pmo mandaue,lgu port,Fulls,export,foreign,january,2025,Jan-25,Q1_2025,
pmo mandaue,lgu port,Empties,export,foreign,january,2025,Jan-25,Q1_2025,
pmo argao,cpa port,Fulls,inbound,domestic,january,2025,Jan-25,Q1_2025,
pmo argao,cpa port,Empties,inbound,domestic,january,2025,Jan-25,Q1_2025,
pmo argao,cpa port,Fulls,outbound,domestic,january,2025,Jan-25,Q1_2025,
pmo argao,cpa port,Empties,outbound,domestic,january,2025,Jan-25,Q1_2025,
pmo argao,cpa port,Fulls,import,foreign,january,2025,Jan-25,Q1_2025,
pmo argao,cpa port,Empties,import,foreign,january,2025,Jan-25,Q1_2025,
pmo argao,cpa port,Fulls,export,foreign,january,2025,Jan-25,Q1_2025,
pmo argao,cpa port,Empties,export,foreign,january,2025,Jan-25,Q1_2025,
pmo argao,lgu port,Fulls,inbound,domestic,january,2025,Jan-25,Q1_2025,
pmo argao,lgu port,Empties,inbound,domestic,january,2025,Jan-25,Q1_2025,
pmo argao,lgu port,Fulls,outbound,domestic,january,2025,Jan-25,Q1_2025,
pmo argao,lgu port,Empties,outbound,domestic,january,2025,Jan-25,Q1_2025,
pmo argao,lgu port,Fulls,import,foreign,january,2025,Jan-25,Q1_2025,
pmo argao,lgu port,Empties,import,foreign,january,2025,Jan-25,Q1_2025,
pmo argao,lgu port,Fulls,export,foreign,january,2025,Jan-25,Q1_2025,
pmo argao,lgu port,Empties,export,foreign,january,2025,Jan-25,Q1_2025,
pmo argao,private port,Fulls,inbound,domestic,january,2025,Jan-25,Q1_2025,29
pmo argao,private port,Empties,inbound,domestic,january,2025,Jan-25,Q1_2025,24
pmo argao,private port,Fulls,outbound,domestic,january,2025,Jan-25,Q1_2025,90
pmo argao,private port,Empties,outbound,domestic,january,2025,Jan-25,Q1_2025,
pmo argao,private port,Fulls,import,foreign,january,2025,Jan-25,Q1_2025,
pmo argao,private port,Empties,import,foreign,january,2025,Jan-25,Q1_2025,
pmo argao,private port,Fulls,export,foreign,january,2025,Jan-25,Q1_2025,
pmo argao,private port,Empties,export,foreign,january,2025,Jan-25,Q1_2025,
pmo cip,cpa port,Fulls,inbound,domestic,february,2025,Feb-25,Q1_2025,38
pmo cip,cpa port,Empties,inbound,domestic,february,2025,Feb-25,Q1_2025,
pmo cip,cpa port,Fulls,outbound,domestic,february,2025,Feb-25,Q1_2025,1
pmo cip,cpa port,Empties,outbound,domestic,february,2025,Feb-25,Q1_2025,43
pmo cip,cpa port,Fulls,import,foreign,february,2025,Feb-25,Q1_2025,9868
pmo cip,cpa port,Empties,import,foreign,february,2025,Feb-25,Q1_2025,136
pmo cip,cpa port,Fulls,export,foreign,february,2025,Feb-25,Q1_2025,2650
pmo cip,cpa port,Empties,export,foreign,february,2025,Feb-25,Q1_2025,10219.75
pmo cip,private port,Fulls,inbound,domestic,february,2025,Feb-25,Q1_2025,
pmo cip,private port,Empties,inbound,domestic,february,2025,Feb-25,Q1_2025,
pmo cip,private port,Fulls,outbound,domestic,february,2025,Feb-25,Q1_2025,
pmo cip,private port,Empties,outbound,domestic,february,2025,Feb-25,Q1_2025,
pmo cip,private port,Fulls,import,foreign,february,2025,Feb-25,Q1_2025,
pmo cip,private port,Empties,import,foreign,february,2025,Feb-25,Q1_2025,
pmo cip,private port,Fulls,export,foreign,february,2025,Feb-25,Q1_2025,
pmo cip,private port,Empties,export,foreign,february,2025,Feb-25,Q1_2025,
pmo pier 4,cpa port,Fulls,inbound,domestic,february,2025,Feb-25,Q1_2025,10912.5
pmo pier 4,cpa port,Empties,inbound,domestic,february,2025,Feb-25,Q1_2025,631.5
pmo pier 4,cpa port,Fulls,outbound,domestic,february,2025,Feb-25,Q1_2025,6180
pmo pier 4,cpa port,Empties,outbound,domestic,february,2025,Feb-25,Q1_2025,2424
pmo pier 4,cpa port,Fulls,import,foreign,february,2025,Feb-25,Q1_2025,
pmo pier 4,cpa port,Empties,import,foreign,february,2025,Feb-25,Q1_2025,
pmo pier 4,cpa port,Fulls,export,foreign,february,2025,Feb-25,Q1_2025,
pmo pier 4,cpa port,Empties,export,foreign,february,2025,Feb-25,Q1_2025,
pmo pier 4,cpa port,Fulls,inbound,domestic transshipment,february,2025,Feb-25,Q1_2025,145
pmo pier 4,cpa port,Fulls,outbound,domestic transshipment,february,2025,Feb-25,Q1_2025,145
pmo pier 4,cpa port,Empties,inbound,domestic transshipment,february,2025,Feb-25,Q1_2025,0
pmo pier 4,cpa port,Empties,outbound,domestic transshipment,february,2025,Feb-25,Q1_2025,0
pmo pier 3,cpa port,Fulls,inbound,domestic,february,2025,Feb-25,Q1_2025,218
pmo pier 3,cpa port,Empties,inbound,domestic,february,2025,Feb-25,Q1_2025,122.5
pmo pier 3,cpa port,Fulls,outbound,domestic,february,2025,Feb-25,Q1_2025,209.5
pmo pier 3,cpa port,Empties,outbound,domestic,february,2025,Feb-25,Q1_2025,0
pmo pier 3,cpa port,Fulls,import,foreign,february,2025,Feb-25,Q1_2025,
pmo pier 3,cpa port,Empties,import,foreign,february,2025,Feb-25,Q1_2025,
pmo pier 3,cpa port,Fulls,export,foreign,february,2025,Feb-25,Q1_2025,
pmo pier 3,cpa port,Empties,export,foreign,february,2025,Feb-25,Q1_2025,
pmo pier 1,cpa port,Fulls,Inbound,Domestic,february,2025,Feb-25,Q1_2025,373.5
pmo pier 1,cpa port,Empties,Inbound,Domestic,february,2025,Feb-25,Q1_2025,404
pmo pier 1,cpa port,Fulls,Outbound,Domestic,february,2025,Feb-25,Q1_2025,738.5
pmo pier 1,cpa port,Empties,Outbound,Domestic,february,2025,Feb-25,Q1_2025,93.5
pmo pier 1,private port,Fulls,Inbound,Domestic,february,2025,Feb-25,Q1_2025,5838
pmo pier 1,private port,Empties,Inbound,Domestic,february,2025,Feb-25,Q1_2025,158
pmo pier 1,private port,Fulls,Outbound,Domestic,february,2025,Feb-25,Q1_2025,1353
pmo pier 1,private port,Empties,Outbound,Domestic,february,2025,Feb-25,Q1_2025,3790
pmo pier 1,private port,Fulls,Import,Foreign,february,2025,Feb-25,Q1_2025,6567.75
pmo pier 1,private port,Empties,Import,Foreign,february,2025,Feb-25,Q1_2025,35
pmo pier 1,private port,Fulls,Export,Foreign,february,2025,Feb-25,Q1_2025,2833
pmo pier 1,private port,Empties,Export,Foreign,february,2025,Feb-25,Q1_2025,7234
pmo mandaue,private port,Fulls,inbound,domestic,february,2025,Feb-25,Q1_2025,2086
pmo mandaue,private port,Empties,inbound,domestic,february,2025,Feb-25,Q1_2025,18
pmo mandaue,private port,Fulls,outbound,domestic,february,2025,Feb-25,Q1_2025,1756
pmo mandaue,private port,Empties,outbound,domestic,february,2025,Feb-25,Q1_2025,
pmo mandaue,private port,Fulls,import,foreign,february,2025,Feb-25,Q1_2025,
pmo mandaue,private port,Empties,import,foreign,february,2025,Feb-25,Q1_2025,
pmo mandaue,private port,Fulls,export,foreign,february,2025,Feb-25,Q1_2025,
pmo mandaue,private port,Empties,export,foreign,february,2025,Feb-25,Q1_2025,
pmo mandaue,cpa port,Fulls,inbound,domestic,february,2025,Feb-25,Q1_2025,
pmo mandaue,cpa port,Empties,inbound,domestic,february,2025,Feb-25,Q1_2025,
pmo mandaue,cpa port,Fulls,outbound,domestic,february,2025,Feb-25,Q1_2025,
pmo mandaue,cpa port,Empties,outbound,domestic,february,2025,Feb-25,Q1_2025,
pmo mandaue,cpa port,Fulls,import,foreign,february,2025,Feb-25,Q1_2025,
pmo mandaue,cpa port,Empties,import,foreign,february,2025,Feb-25,Q1_2025,
pmo mandaue,cpa port,Fulls,export,foreign,february,2025,Feb-25,Q1_2025,
pmo mandaue,cpa port,Empties,export,foreign,february,2025,Feb-25,Q1_2025,
pmo mandaue,lgu port,Fulls,inbound,domestic,february,2025,Feb-25,Q1_2025,
pmo mandaue,lgu port,Empties,inbound,domestic,february,2025,Feb-25,Q1_2025,
pmo mandaue,lgu port,Fulls,outbound,domestic,february,2025,Feb-25,Q1_2025,
pmo mandaue,lgu port,Empties,outbound,domestic,february,2025,Feb-25,Q1_2025,
pmo mandaue,lgu port,Fulls,import,foreign,february,2025,Feb-25,Q1_2025,
pmo mandaue,lgu port,Empties,import,foreign,february,2025,Feb-25,Q1_2025,
pmo mandaue,lgu port,Fulls,export,foreign,february,2025,Feb-25,Q1_2025,
pmo mandaue,lgu port,Empties,export,foreign,february,2025,Feb-25,Q1_2025,
pmo argao,cpa port,Fulls,inbound,domestic,february,2025,Feb-25,Q1_2025,
pmo argao,cpa port,Empties,inbound,domestic,february,2025,Feb-25,Q1_2025,
pmo argao,cpa port,Fulls,outbound,domestic,february,2025,Feb-25,Q1_2025,
pmo argao,cpa port,Empties,outbound,domestic,february,2025,Feb-25,Q1_2025,
pmo argao,cpa port,Fulls,import,foreign,february,2025,Feb-25,Q1_2025,
pmo argao,cpa port,Empties,import,foreign,february,2025,Feb-25,Q1_2025,
pmo argao,cpa port,Fulls,export,foreign,february,2025,Feb-25,Q1_2025,
pmo argao,cpa port,Empties,export,foreign,february,2025,Feb-25,Q1_2025,
pmo argao,lgu port,Fulls,inbound,domestic,february,2025,Feb-25,Q1_2025,
pmo argao,lgu port,Empties,inbound,domestic,february,2025,Feb-25,Q1_2025,
pmo argao,lgu port,Fulls,outbound,domestic,february,2025,Feb-25,Q1_2025,
pmo argao,lgu port,Empties,outbound,domestic,february,2025,Feb-25,Q1_2025,
pmo argao,lgu port,Fulls,import,foreign,february,2025,Feb-25,Q1_2025,
pmo argao,lgu port,Empties,import,foreign,february,2025,Feb-25,Q1_2025,
pmo argao,lgu port,Fulls,export,foreign,february,2025,Feb-25,Q1_2025,
pmo argao,lgu port,Empties,export,foreign,february,2025,Feb-25,Q1_2025,
pmo argao,private port,Fulls,inbound,domestic,february,2025,Feb-25,Q1_2025,12
pmo argao,private port,Empties,inbound,domestic,february,2025,Feb-25,Q1_2025,245
pmo argao,private port,Fulls,outbound,domestic,february,2025,Feb-25,Q1_2025,256
pmo argao,private port,Empties,outbound,domestic,february,2025,Feb-25,Q1_2025,
pmo argao,private port,Fulls,import,foreign,february,2025,Feb-25,Q1_2025,
pmo argao,private port,Empties,import,foreign,february,2025,Feb-25,Q1_2025,
pmo argao,private port,Fulls,export,foreign,february,2025,Feb-25,Q1_2025,
pmo argao,private port,Empties,export,foreign,february,2025,Feb-25,Q1_2025,
pmo cip,cpa port,Fulls,inbound,domestic,march,2025,Mar-25,Q1_2025,44
pmo cip,cpa port,Empties,inbound,domestic,march,2025,Mar-25,Q1_2025,
pmo cip,cpa port,Fulls,outbound,domestic,march,2025,Mar-25,Q1_2025,34
pmo cip,cpa port,Empties,outbound,domestic,march,2025,Mar-25,Q1_2025,
pmo cip,cpa port,Fulls,import,foreign,march,2025,Mar-25,Q1_2025,12219.25
pmo cip,cpa port,Empties,import,foreign,march,2025,Mar-25,Q1_2025,222
pmo cip,cpa port,Fulls,export,foreign,march,2025,Mar-25,Q1_2025,3398
pmo cip,cpa port,Empties,export,foreign,march,2025,Mar-25,Q1_2025,10942
pmo cip,private port,Fulls,inbound,domestic,march,2025,Mar-25,Q1_2025,
pmo cip,private port,Empties,inbound,domestic,march,2025,Mar-25,Q1_2025,
pmo cip,private port,Fulls,outbound,domestic,march,2025,Mar-25,Q1_2025,
pmo cip,private port,Empties,outbound,domestic,march,2025,Mar-25,Q1_2025,
pmo cip,private port,Fulls,import,foreign,march,2025,Mar-25,Q1_2025,
pmo cip,private port,Empties,import,foreign,march,2025,Mar-25,Q1_2025,
pmo cip,private port,Fulls,export,foreign,march,2025,Mar-25,Q1_2025,
pmo cip,private port,Empties,export,foreign,march,2025,Mar-25,Q1_2025,
pmo pier 4,cpa port,Fulls,inbound,domestic,march,2025,Mar-25,Q1_2025,12056.5
pmo pier 4,cpa port,Empties,inbound,domestic,march,2025,Mar-25,Q1_2025,730
pmo pier 4,cpa port,Fulls,outbound,domestic,march,2025,Mar-25,Q1_2025,7806.5
pmo pier 4,cpa port,Empties,outbound,domestic,march,2025,Mar-25,Q1_2025,1905.5
pmo pier 4,cpa port,Fulls,import,foreign,march,2025,Mar-25,Q1_2025,
pmo pier 4,cpa port,Empties,import,foreign,march,2025,Mar-25,Q1_2025,
pmo pier 4,cpa port,Fulls,export,foreign,march,2025,Mar-25,Q1_2025,
pmo pier 4,cpa port,Empties,export,foreign,march,2025,Mar-25,Q1_2025,
pmo pier 4,cpa port,Fulls,inbound,domestic transshipment,march,2025,Mar-25,Q1_2025,887
pmo pier 4,cpa port,Fulls,outbound,domestic transshipment,march,2025,Mar-25,Q1_2025,887
pmo pier 4,cpa port,Empties,inbound,domestic transshipment,march,2025,Mar-25,Q1_2025,
pmo pier 4,cpa port,Empties,outbound,domestic transshipment,march,2025,Mar-25,Q1_2025,
pmo pier 3,cpa port,Fulls,inbound,domestic,march,2025,Mar-25,Q1_2025,259.5
pmo pier 3,cpa port,Empties,inbound,domestic,march,2025,Mar-25,Q1_2025,163.5
pmo pier 3,cpa port,Fulls,outbound,domestic,march,2025,Mar-25,Q1_2025,234.5
pmo pier 3,cpa port,Empties,outbound,domestic,march,2025,Mar-25,Q1_2025,0
pmo pier 3,cpa port,Fulls,import,foreign,march,2025,Mar-25,Q1_2025,
pmo pier 3,cpa port,Empties,import,foreign,march,2025,Mar-25,Q1_2025,
pmo pier 3,cpa port,Fulls,export,foreign,march,2025,Mar-25,Q1_2025,
pmo pier 3,cpa port,Empties,export,foreign,march,2025,Mar-25,Q1_2025,
pmo pier 1,cpa port,Fulls,Inbound,domestic,march,2025,Mar-25,Q1_2025,428
pmo pier 1,cpa port,Empties,Inbound,domestic,march,2025,Mar-25,Q1_2025,578.5
pmo pier 1,cpa port,Fulls,Outbound,domestic,march,2025,Mar-25,Q1_2025,912
pmo pier 1,cpa port,Empties,Outbound,domestic,march,2025,Mar-25,Q1_2025,104.5
pmo pier 1,private port,Fulls,Inbound,domestic,march,2025,Mar-25,Q1_2025,5363
pmo pier 1,private port,Empties,Inbound,domestic,march,2025,Mar-25,Q1_2025,60
pmo pier 1,private port,Fulls,Outbound,domestic,march,2025,Mar-25,Q1_2025,1969
pmo pier 1,private port,Empties,Outbound,domestic,march,2025,Mar-25,Q1_2025,1433
pmo pier 1,private port,Fulls,Import,foreign,march,2025,Mar-25,Q1_2025,4906.25
pmo pier 1,private port,Empties,Import,foreign,march,2025,Mar-25,Q1_2025,4
pmo pier 1,private port,Fulls,Export,foreign,march,2025,Mar-25,Q1_2025,371
pmo pier 1,private port,Empties,Export,foreign,march,2025,Mar-25,Q1_2025,5778.5
pmo mandaue,private port,Fulls,inbound,domestic,march,2025,Mar-25,Q1_2025,2361
pmo mandaue,private port,Empties,inbound,domestic,march,2025,Mar-25,Q1_2025,77
pmo mandaue,private port,Fulls,outbound,domestic,march,2025,Mar-25,Q1_2025,2367
pmo mandaue,private port,Empties,outbound,domestic,march,2025,Mar-25,Q1_2025,
pmo mandaue,private port,Fulls,import,foreign,march,2025,Mar-25,Q1_2025,
pmo mandaue,private port,Empties,import,foreign,march,2025,Mar-25,Q1_2025,
pmo mandaue,private port,Fulls,export,foreign,march,2025,Mar-25,Q1_2025,
pmo mandaue,private port,Empties,export,foreign,march,2025,Mar-25,Q1_2025,
pmo mandaue,cpa port,Fulls,inbound,domestic,march,2025,Mar-25,Q1_2025,
pmo mandaue,cpa port,Empties,inbound,domestic,march,2025,Mar-25,Q1_2025,
pmo mandaue,cpa port,Fulls,outbound,domestic,march,2025,Mar-25,Q1_2025,
pmo mandaue,cpa port,Empties,outbound,domestic,march,2025,Mar-25,Q1_2025,
pmo mandaue,cpa port,Fulls,import,foreign,march,2025,Mar-25,Q1_2025,
pmo mandaue,cpa port,Empties,import,foreign,march,2025,Mar-25,Q1_2025,
pmo mandaue,cpa port,Fulls,export,foreign,march,2025,Mar-25,Q1_2025,
pmo mandaue,cpa port,Empties,export,foreign,march,2025,Mar-25,Q1_2025,
pmo mandaue,lgu port,Fulls,inbound,domestic,march,2025,Mar-25,Q1_2025,
pmo mandaue,lgu port,Empties,inbound,domestic,march,2025,Mar-25,Q1_2025,
pmo mandaue,lgu port,Fulls,outbound,domestic,march,2025,Mar-25,Q1_2025,
pmo mandaue,lgu port,Empties,outbound,domestic,march,2025,Mar-25,Q1_2025,
pmo mandaue,lgu port,Fulls,import,foreign,march,2025,Mar-25,Q1_2025,
pmo mandaue,lgu port,Empties,import,foreign,march,2025,Mar-25,Q1_2025,
pmo mandaue,lgu port,Fulls,export,foreign,march,2025,Mar-25,Q1_2025,
pmo mandaue,lgu port,Empties,export,foreign,march,2025,Mar-25,Q1_2025,
pmo argao,cpa port,Fulls,inbound,domestic,march,2025,Mar-25,Q1_2025,
pmo argao,cpa port,Empties,inbound,domestic,march,2025,Mar-25,Q1_2025,
pmo argao,cpa port,Fulls,outbound,domestic,march,2025,Mar-25,Q1_2025,
pmo argao,cpa port,Empties,outbound,domestic,march,2025,Mar-25,Q1_2025,
pmo argao,cpa port,Fulls,import,foreign,march,2025,Mar-25,Q1_2025,
pmo argao,cpa port,Empties,import,foreign,march,2025,Mar-25,Q1_2025,
pmo argao,cpa port,Fulls,export,foreign,march,2025,Mar-25,Q1_2025,
pmo argao,cpa port,Empties,export,foreign,march,2025,Mar-25,Q1_2025,
pmo argao,lgu port,Fulls,inbound,domestic,march,2025,Mar-25,Q1_2025,
pmo argao,lgu port,Empties,inbound,domestic,march,2025,Mar-25,Q1_2025,
pmo argao,lgu port,Fulls,outbound,domestic,march,2025,Mar-25,Q1_2025,
pmo argao,lgu port,Empties,outbound,domestic,march,2025,Mar-25,Q1_2025,
pmo argao,lgu port,Fulls,import,foreign,march,2025,Mar-25,Q1_2025,
pmo argao,lgu port,Empties,import,foreign,march,2025,Mar-25,Q1_2025,
pmo argao,lgu port,Fulls,export,foreign,march,2025,Mar-25,Q1_2025,
pmo argao,lgu port,Empties,export,foreign,march,2025,Mar-25,Q1_2025,
pmo argao,private port,Fulls,inbound,domestic,march,2025,Mar-25,Q1_2025,1
pmo argao,private port,Empties,inbound,domestic,march,2025,Mar-25,Q1_2025,169
pmo argao,private port,Fulls,outbound,domestic,march,2025,Mar-25,Q1_2025,17
pmo argao,private port,Empties,outbound,domestic,march,2025,Mar-25,Q1_2025,5
pmo argao,private port,Fulls,import,foreign,march,2025,Mar-25,Q1_2025,
pmo argao,private port,Empties,import,foreign,march,2025,Mar-25,Q1_2025,
pmo argao,private port,Fulls,export,foreign,march,2025,Mar-25,Q1_2025,
pmo argao,private port,Empties,export,foreign,march,2025,Mar-25,Q1_2025,
