listing_id,description,location,city_token,price_php,bedrooms,bathrooms,floor_area_sqm,land_area_sqm,latitude,longitude,occurrence,source
1,"Preselling 2-Storey Townhouses in Village East Executive Subdivision, Cainta","Santo Domingo, Cainta",Cainta,9500000,4,3,144.0,136.0,14.582341,121.118044,first,"Kaggle klekzee/phillipines-housing-market (portal scrape, 2024)"
2,"Affordable House & Lot with Complete Amenities for Sale in Santa Maria, Bulacan","San Vicente, Santa Maria",Santa Maria,4400000,3,2,63.2,80.0,14.807715,121.002402,first,"Kaggle klekzee/phillipines-housing-market (portal scrape, 2024)"
3,5BR 2-Storey House and Lot for Sale in Tarlac City at Camella Tarlac | Ella 110sqm,"Camella Tarlac Access Rd. Maliwalo, Tarlac",Tarlac,7810000,5,3,100.0,110.0,15.477785,120.614075,first,"Kaggle klekzee/phillipines-housing-market (portal scrape, 2024)"
4,"Maya Solo 3 Bedrooms Single Detached House for Sale in Gabon, Abucay, Bataan","Gabon, Abucay",Abucay,,3,2,67.0,88.0,14.717814,120.531325,first,"Kaggle klekzee/phillipines-housing-market (portal scrape, 2024)"
5,Futura Homes Zamboanga | Amber 2BR Townhouse End Unit for Sale in Zamboanga City | Futura by Filinvest,"Zambowood Rd. Boalan, Zamboanga",Zamboanga,3275000,2,1,40.3,78.4,6.948389,122.114889,first,"Kaggle klekzee/phillipines-housing-market (portal scrape, 2024)"
6,"Springfield View | Molave House and Lot for Sale in Tanza, Cavite | Futura by Filinvest","Remulla Drive Tanza-Naic Rd. Sahud Ulan, Tanza",Tanza,3167300,,,39.6,100.0,14.363135,120.820776,first,"Kaggle klekzee/phillipines-housing-market (portal scrape, 2024)"
7,"2BR 2-Storey Townhouse for Sale at Marytown Place Ph2 in Santa Maria, Bulacan | Inner Unit (IRIS)","Santa Maria-San Jose Rd. Bulac, Santa Maria",Santa Maria,1800000,2,2,52.0,40.0,14.827975,121.000389,first,"Kaggle klekzee/phillipines-housing-market (portal scrape, 2024)"
8,"5BR 2-Storey House and Lot for Sale in Subic, Zambales at Camella Subic | Freya 121sqm","Aningway Sacatihan, Subic",Subic,8428000,5,3,142.0,121.0,14.913178,120.228242,first,"Kaggle klekzee/phillipines-housing-market (portal scrape, 2024)"
9,2-Bedroom House and Lot For Sale in Camella Pili,"Zone 1 Brgy. Cadlan Pili Camarines Sur Cadlan, Pili",Pili,3565000,2,1,46.0,63.0,13.59799,123.243066,first,"Kaggle klekzee/phillipines-housing-market (portal scrape, 2024)"
10,"3BR 3-Storey Townhouse for Sale near Alabang in Likha Residences, Muntinlupa | End Unit (Garden Unit)","Km. 19 West Service Rd. Cupang, Muntinlupa",Muntinlupa,28650000,3,3,219.3,90.0,14.427001,121.045278,first,"Kaggle klekzee/phillipines-housing-market (portal scrape, 2024)"
11,"3-Bedroom House for Sale in Mexico, Pampanga at The Lakeshore | Akan Model","Km.71, North Luzon Expressway Panipuan, Mexico",Mexico,3500000,3,2,102.4,154.0,15.094185,120.670158,first,"Kaggle klekzee/phillipines-housing-market (portal scrape, 2024)"
12,"3BR 2-Storey Townhouse for Sale in Davao City, Davao del Sur at PHINMA Maayo Tugbok | Bulan Model","Tugbok, Davao",Davao,5300000,3,2,70.3,67.0,7.103538,125.494847,first,"Kaggle klekzee/phillipines-housing-market (portal scrape, 2024)"
13,"2 bedroom Townhouse for Sale in San Rafael, Bulacan at Primeworld Enclave","Caingin, San Rafael",San Rafael,1800000,2,1,46.0,41.0,14.971747,120.943443,first,"Kaggle klekzee/phillipines-housing-market (portal scrape, 2024)"
14,"4BR 2-Storey House and Lot for Sale in Cabanatuan, Nueva Ecija at Camella Nueva Ecija | Dana 99sqm","Emilio Vergara Hwy Santa Arcadia, Cabanatuan",Cabanatuan,7337000,4,3,85.0,99.0,15.471078,120.982131,first,"Kaggle klekzee/phillipines-housing-market (portal scrape, 2024)"
15,Luxury 2 Storey Residential House  Sun Valley Parañaque City,"Sun Valley, Paranaque",Paranaque,45001005,6,5,337.0,350.0,14.488841,121.032517,first,"Kaggle klekzee/phillipines-housing-market (portal scrape, 2024)"
16,3-Bedroom House and Lot for Sale in Pavia Iloilo at Parc Regency Residences | STEPHANIE Model,"Ungka Ii, Pavia",Pavia,4080345,3,2,52.0,80.0,10.752901,122.537603,first,"Kaggle klekzee/phillipines-housing-market (portal scrape, 2024)"
17,"5BR 2-Storey House and Lot for Sale in Subic, Zambales at Camella Subic | Freya 176sqm","Aningway Sacatihan, Subic",Subic,10082000,5,3,142.0,176.0,14.913178,120.228242,first,"Kaggle klekzee/phillipines-housing-market (portal scrape, 2024)"
18,"2BR 2-Storey Townhouse for Sale in San Rafael, Bulacan at Primeworld Enclave","Caingin, San Rafael",San Rafael,1800000,2,1,46.0,41.0,14.971747,120.943443,first,"Kaggle klekzee/phillipines-housing-market (portal scrape, 2024)"
19,"4BR Single Detached House and Lot for Sale in Lipa, Batangas | The Villages at Lipa - Sierra Village, SD119","Bugtong Na Pulo, Lipa",Lipa,7500000,4,3,119.0,150.0,13.998431,121.167459,first,"Kaggle klekzee/phillipines-housing-market (portal scrape, 2024)"
20,"3-Bedroom Townhouse for Sale in General Trias, Cavite at Lancaster New City | ALICE Model","Pasong Camachile I, General Trias",General Trias,2292960,3,1,40.0,40.0,14.372321,120.897674,first,"Kaggle klekzee/phillipines-housing-market (portal scrape, 2024)"
21,For Sale 2BR 2-Storey House and Lot in Tarlac City at Camella Tarlac | Bella 88sqm,"Camella Tarlac Access Rd. Maliwalo, Tarlac",Tarlac,5251000,2,2,53.0,88.0,15.477785,120.614075,first,"Kaggle klekzee/phillipines-housing-market (portal scrape, 2024)"
22,"3-Bedroom Townhouse for Sale in Tanza, Cavite at Micara Estates | PORTIA Typical End Unit w/ Fence","Antero Soriano Highway Sahud Ulan, Tanza",Tanza,2258057,3,1,45.0,62.0,14.366749,120.818448,first,"Kaggle klekzee/phillipines-housing-market (portal scrape, 2024)"
23,5BR 2-Storey House and Lot for Sale in Tarlac City at Camella Tarlac | Greta w/ CB 176sqm,"Camella Tarlac Access Rd. Maliwalo, Tarlac",Tarlac,11757000,5,3,166.0,176.0,15.477785,120.614075,first,"Kaggle klekzee/phillipines-housing-market (portal scrape, 2024)"
24,"2-Bedroom 2-Storey Townhouse for Sale in Mabalacat, Pampanga at Talanai Homes | MAHOGANY","Sapang Biabas, Mabalacat",Mabalacat,1400000,2,1,40.0,40.0,15.198775,120.60261,first,"Kaggle klekzee/phillipines-housing-market (portal scrape, 2024)"
25,"Townhouse with 3 Bedrooms for Sale in Davao City, Davao del Sur at PHINMA Maayo Tugbok | Bulan Model","Tugbok, Davao",Davao,5300000,3,2,70.3,67.0,7.103538,125.494847,first,"Kaggle klekzee/phillipines-housing-market (portal scrape, 2024)"
26,Likha Residences | Pre-selling 3BR 3-Storey Townhouse for Sale near Alabang in Muntinlupa | Typical Unit,"Cupang, Muntinlupa",Muntinlupa,32342000,3,3,247.4,93.0,14.437884,121.050321,first,"Kaggle klekzee/phillipines-housing-market (portal scrape, 2024)"
27,"3BR 3-Storey Townhouse for Sale near Alabang in Likha Residences, Muntinlupa | End Unit (Garden Unit)","Km. 19 West Service Rd. Cupang, Muntinlupa",Muntinlupa,26393000,3,3,219.3,91.0,14.427001,121.045278,first,"Kaggle klekzee/phillipines-housing-market (portal scrape, 2024)"
28,"3-Bedroom Townhouse for Sale in General Trias, Cavite at Lancaster New City | ANICA Model","Pasong Camachile I, General Trias",General Trias,2389000,3,1,50.0,50.0,14.372321,120.897674,first,"Kaggle klekzee/phillipines-housing-market (portal scrape, 2024)"
29,"5BR 2-Storey House and Lot for Sale in Subic, Zambales at Camella Subic | Greta 246sqm","Aningway Sacatihan, Subic",Subic,12772000,5,3,166.0,246.0,14.913178,120.228242,first,"Kaggle klekzee/phillipines-housing-market (portal scrape, 2024)"
30,"House and Lot for Sale in Highlands Subdivision, Brgy. Palo-Alto, Calamba Laguna","Palo-Alto, Calamba",Calamba,3500000,,,,104.0,14.183955,121.10729,first,"Kaggle klekzee/phillipines-housing-market (portal scrape, 2024)"
31,"Preselling 2-Storey Townhouses in Village East Executive Subdivision, Cainta","Santo Domingo, Cainta",Cainta,9500000,4,3,144.0,136.0,14.582341,121.118044,repeat,"Kaggle klekzee/phillipines-housing-market (portal scrape, 2024)"
32,"Affordable House & Lot with Complete Amenities for Sale in Santa Maria, Bulacan","San Vicente, Santa Maria",Santa Maria,4400000,3,2,63.2,80.0,14.807715,121.002402,repeat,"Kaggle klekzee/phillipines-housing-market (portal scrape, 2024)"
33,5BR 2-Storey House and Lot for Sale in Tarlac City at Camella Tarlac | Ella 110sqm,"Camella Tarlac Access Rd. Maliwalo, Tarlac",Tarlac,7810000,5,3,100.0,110.0,15.477785,120.614075,repeat,"Kaggle klekzee/phillipines-housing-market (portal scrape, 2024)"
34,"Maya Solo 3 Bedrooms Single Detached House for Sale in Gabon, Abucay, Bataan","Gabon, Abucay",Abucay,,3,2,67.0,88.0,14.717814,120.531325,repeat,"Kaggle klekzee/phillipines-housing-market (portal scrape, 2024)"
35,Futura Homes Zamboanga | Amber 2BR Townhouse End Unit for Sale in Zamboanga City | Futura by Filinvest,"Zambowood Rd. Boalan, Zamboanga",Zamboanga,3275000,2,1,40.3,78.4,6.948389,122.114889,repeat,"Kaggle klekzee/phillipines-housing-market (portal scrape, 2024)"
36,"Springfield View | Molave House and Lot for Sale in Tanza, Cavite | Futura by Filinvest","Remulla Drive Tanza-Naic Rd. Sahud Ulan, Tanza",Tanza,3167300,,,39.6,100.0,14.363135,120.820776,repeat,"Kaggle klekzee/phillipines-housing-market (portal scrape, 2024)"
37,"2BR 2-Storey Townhouse for Sale at Marytown Place Ph2 in Santa Maria, Bulacan | Inner Unit (IRIS)","Santa Maria-San Jose Rd. Bulac, Santa Maria",Santa Maria,1800000,2,2,52.0,40.0,14.827975,121.000389,repeat,"Kaggle klekzee/phillipines-housing-market (portal scrape, 2024)"
38,"5BR 2-Storey House and Lot for Sale in Subic, Zambales at Camella Subic | Freya 121sqm","Aningway Sacatihan, Subic",Subic,8428000,5,3,142.0,121.0,14.913178,120.228242,repeat,"Kaggle klekzee/phillipines-housing-market (portal scrape, 2024)"
39,2-Bedroom House and Lot For Sale in Camella Pili,"Zone 1 Brgy. Cadlan Pili Camarines Sur Cadlan, Pili",Pili,3565000,2,1,46.0,63.0,13.59799,123.243066,repeat,"Kaggle klekzee/phillipines-housing-market (portal scrape, 2024)"
40,"3BR 3-Storey Townhouse for Sale near Alabang in Likha Residences, Muntinlupa | End Unit (Garden Unit)","Km. 19 West Service Rd. Cupang, Muntinlupa",Muntinlupa,28650000,3,3,219.3,90.0,14.427001,121.045278,repeat,"Kaggle klekzee/phillipines-housing-market (portal scrape, 2024)"
41,"3-Bedroom House for Sale in Mexico, Pampanga at The Lakeshore | Akan Model","Km.71, North Luzon Expressway Panipuan, Mexico",Mexico,3500000,3,2,102.4,154.0,15.094185,120.670158,repeat,"Kaggle klekzee/phillipines-housing-market (portal scrape, 2024)"
42,"3BR 2-Storey Townhouse for Sale in Davao City, Davao del Sur at PHINMA Maayo Tugbok | Bulan Model","Tugbok, Davao",Davao,5300000,3,2,70.3,67.0,7.103538,125.494847,repeat,"Kaggle klekzee/phillipines-housing-market (portal scrape, 2024)"
43,"2 bedroom Townhouse for Sale in San Rafael, Bulacan at Primeworld Enclave","Caingin, San Rafael",San Rafael,1800000,2,1,46.0,41.0,14.971747,120.943443,repeat,"Kaggle klekzee/phillipines-housing-market (portal scrape, 2024)"
44,"4BR 2-Storey House and Lot for Sale in Cabanatuan, Nueva Ecija at Camella Nueva Ecija | Dana 99sqm","Emilio Vergara Hwy Santa Arcadia, Cabanatuan",Cabanatuan,7337000,4,3,85.0,99.0,15.471078,120.982131,repeat,"Kaggle klekzee/phillipines-housing-market (portal scrape, 2024)"
45,Luxury 2 Storey Residential House  Sun Valley Parañaque City,"Sun Valley, Paranaque",Paranaque,45001005,6,5,337.0,350.0,14.488841,121.032517,repeat,"Kaggle klekzee/phillipines-housing-market (portal scrape, 2024)"
46,3-Bedroom House and Lot for Sale in Pavia Iloilo at Parc Regency Residences | STEPHANIE Model,"Ungka Ii, Pavia",Pavia,4080345,3,2,52.0,80.0,10.752901,122.537603,repeat,"Kaggle klekzee/phillipines-housing-market (portal scrape, 2024)"
47,"4-Bedroom Townhouse for Sale in Imus, Cavite at Lancaster New City | ADELLE Model","Alapan Ii-A, Imus",Imus,3336800,4,2,70.0,60.0,14.408452,120.896496,first,"Kaggle klekzee/phillipines-housing-market (portal scrape, 2024)"
48,"5BR 2-Storey House and Lot for Sale in Subic, Zambales at Camella Subic | Freya 176sqm","Aningway Sacatihan, Subic",Subic,10082000,5,3,142.0,176.0,14.913178,120.228242,repeat,"Kaggle klekzee/phillipines-housing-market (portal scrape, 2024)"
49,"2BR 2-Storey Townhouse for Sale in San Rafael, Bulacan at Primeworld Enclave","Caingin, San Rafael",San Rafael,1800000,2,1,46.0,41.0,14.971747,120.943443,repeat,"Kaggle klekzee/phillipines-housing-market (portal scrape, 2024)"
50,"4BR Single Detached House and Lot for Sale in Lipa, Batangas | The Villages at Lipa - Sierra Village, SD119","Bugtong Na Pulo, Lipa",Lipa,7500000,4,3,119.0,150.0,13.998431,121.167459,repeat,"Kaggle klekzee/phillipines-housing-market (portal scrape, 2024)"
51,"3-Bedroom Townhouse for Sale in General Trias, Cavite at Lancaster New City | ALICE Model","Pasong Camachile I, General Trias",General Trias,2292960,3,1,40.0,40.0,14.372321,120.897674,repeat,"Kaggle klekzee/phillipines-housing-market (portal scrape, 2024)"
52,For Sale 2BR 2-Storey House and Lot in Tarlac City at Camella Tarlac | Bella 88sqm,"Camella Tarlac Access Rd. Maliwalo, Tarlac",Tarlac,5251000,2,2,53.0,88.0,15.477785,120.614075,repeat,"Kaggle klekzee/phillipines-housing-market (portal scrape, 2024)"
53,5BR 2-Storey House and Lot for Sale in Tarlac City at Camella Tarlac | Greta w/ CB 176sqm,"Camella Tarlac Access Rd. Maliwalo, Tarlac",Tarlac,11757000,5,3,166.0,176.0,15.477785,120.614075,repeat,"Kaggle klekzee/phillipines-housing-market (portal scrape, 2024)"
54,"3-Bedroom Townhouse for Sale in Tanza, Cavite at Micara Estates | PORTIA Typical End Unit w/ Fence","Antero Soriano Highway Sahud Ulan, Tanza",Tanza,2258057,3,1,45.0,62.0,14.366749,120.818448,repeat,"Kaggle klekzee/phillipines-housing-market (portal scrape, 2024)"
55,"2-Bedroom 2-Storey Townhouse for Sale in Mabalacat, Pampanga at Talanai Homes | MAHOGANY","Sapang Biabas, Mabalacat",Mabalacat,1400000,2,1,40.0,40.0,15.198775,120.60261,repeat,"Kaggle klekzee/phillipines-housing-market (portal scrape, 2024)"
56,"Townhouse with 3 Bedrooms for Sale in Davao City, Davao del Sur at PHINMA Maayo Tugbok | Bulan Model","Tugbok, Davao",Davao,5300000,3,2,70.3,67.0,7.103538,125.494847,repeat,"Kaggle klekzee/phillipines-housing-market (portal scrape, 2024)"
57,"3BR 3-Storey Townhouse for Sale near Alabang in Likha Residences, Muntinlupa | End Unit (Garden Unit)","Km. 19 West Service Rd. Cupang, Muntinlupa",Muntinlupa,26393000,3,3,219.3,91.0,14.427001,121.045278,repeat,"Kaggle klekzee/phillipines-housing-market (portal scrape, 2024)"
58,Likha Residences | Pre-selling 3BR 3-Storey Townhouse for Sale near Alabang in Muntinlupa | Typical Unit,"Cupang, Muntinlupa",Muntinlupa,32342000,3,3,247.4,93.0,14.437884,121.050321,repeat,"Kaggle klekzee/phillipines-housing-market (portal scrape, 2024)"
59,"3-Bedroom Townhouse for Sale in General Trias, Cavite at Lancaster New City | ANICA Model","Pasong Camachile I, General Trias",General Trias,2389000,3,1,50.0,50.0,14.372321,120.897674,repeat,"Kaggle klekzee/phillipines-housing-market (portal scrape, 2024)"
60,"House and Lot for Sale in Highlands Subdivision, Brgy. Palo-Alto, Calamba Laguna","Palo-Alto, Calamba",Calamba,3500000,,,,104.0,14.183955,121.10729,repeat,"Kaggle klekzee/phillipines-housing-market (portal scrape, 2024)"
61,"House and Lot for Sale in Highlands Subdivision, Brgy. Palo-Alto, Calamba Laguna","Palo-Alto, Calamba",Calamba,3500000,,,,104.0,14.183955,121.10729,repeat,"Kaggle klekzee/phillipines-housing-market (portal scrape, 2024)"
62,"BIG DISCOUNT (up to 500k)! For Sale 3BR Single Attached House and Lot at PTC Suncrest in Imus, Cavite | Rosanna Model","Carsadang Bago I, Imus",Imus,5234791,3,2,75.0,112.0,14.428919,120.928888,first,"Kaggle klekzee/phillipines-housing-market (portal scrape, 2024)"
63,"Residential House and Lot near Ayala for Sale in San Antonio, Makati","San Antonio, Makati",Makati,,12,8,500.0,1032.0,14.562156,121.008609,first,"Kaggle klekzee/phillipines-housing-market (portal scrape, 2024)"
64,"5BR 2-Storey House and Lot for Sale in Malolos, Bulacan at Camella Provence | Freya","Longos, Malolos",Malolos,12069000,5,3,142.0,176.0,14.87426,120.791534,first,"Kaggle klekzee/phillipines-housing-market (portal scrape, 2024)"
65,"2BR 2-Storey Townhouse for Sale in Dasmariñas, Cavite | The Villas at Dasmariñas Highlands","Aguinaldo Highway San Agustin I, Dasmarinas",Dasmarinas,3267000,2,2,76.2,66.0,14.321427,120.94188,first,"Kaggle klekzee/phillipines-housing-market (portal scrape, 2024)"
66,"3-Bedroom Townhouse for Sale in Imus, Cavite at Lancaster New City | ALICE Model","Alapan Ii-A, Imus",Imus,2292960,3,1,40.0,40.0,14.408452,120.896496,first,"Kaggle klekzee/phillipines-housing-market (portal scrape, 2024)"
67,"5BR 2-Storey House and Lot for Sale in Malolos, Bulacan at Camella Provence | Greta","Longos, Malolos",Malolos,12902000,5,3,166.0,176.0,14.87426,120.791534,first,"Kaggle klekzee/phillipines-housing-market (portal scrape, 2024)"
68,4-Bedroom House and Lot for Sale in Pavia Iloilo at Parc Regency Residences | AMANDA Model,"Ungka Ii, Pavia",Pavia,6379520,4,3,100.0,120.0,10.752901,122.537603,first,"Kaggle klekzee/phillipines-housing-market (portal scrape, 2024)"
69,"Tierra Vista | Crissa 2BR House - Inner Unit for Sale in San Rafael, Bulacan | Futura by Filinvest","San Rafael Estates San Roque, San Rafael",San Rafael,1979000,2,1,38.9,41.4,15.012624,120.934132,first,"Kaggle klekzee/phillipines-housing-market (portal scrape, 2024)"
70,1BR Rowhouse for Sale at Marytown Place in Santa Maria Bulacan | Bare 2-Storey Corner Unit (ROSE),"Santa Maria-San Jose Rd. Bulac, Santa Maria",Santa Maria,1675000,1,1,44.0,40.0,14.827975,121.000389,first,"Kaggle klekzee/phillipines-housing-market (portal scrape, 2024)"
71,1BR Rowhouse for Sale at Marytown Place in Santa Maria Bulacan | Bare 2-Storey End Unit (ROSE),"Santa Maria-San Jose Rd. Bulac, Santa Maria",Santa Maria,1675000,1,1,44.0,40.0,14.827975,121.000389,first,"Kaggle klekzee/phillipines-housing-market (portal scrape, 2024)"
72,"3BR House and Lot for Sale in San Jose, Batangas at PHINMA Maayo San Jose | Salva Premier, 500K Discount Promo + Appliance Bundle!","President Jose P. Laurel Hwy Banaybanay Ii, San Jose",San Jose,7400000,3,3,125.0,,13.918423,121.105495,first,"Kaggle klekzee/phillipines-housing-market (portal scrape, 2024)"
73,"RFO 2BR 2-Storey House and Lot for Sale in Subic, Zambales at Camella Subic | Angeli SF","Aningway Sacatihan, Subic",Subic,2605000,2,1,42.0,54.0,14.913178,120.228242,first,"Kaggle klekzee/phillipines-housing-market (portal scrape, 2024)"
74,"4BR 2-Storey Single Attached House and Lot for Sale in Compostela, Cebu at Amoa | Asta Model","Tamiao, Compostela",Compostela,7021000,4,2,82.0,120.0,10.438288,123.994725,first,"Kaggle klekzee/phillipines-housing-market (portal scrape, 2024)"
75,"3-Bedroom House for Sale in Mexico, Pampanga at The Lakeshore | Como Model","Km.71, North Luzon Expressway Panipuan, Mexico",Mexico,2747500,3,2,78.5,154.0,15.094185,120.670158,first,"Kaggle klekzee/phillipines-housing-market (portal scrape, 2024)"
76,"3BR 3-Storey Townhouse for Sale near Alabang in Likha Residences, Muntinlupa | Typical Unit","Km. 19 West Service Rd. Cupang, Muntinlupa",Muntinlupa,32184000,3,3,247.4,92.0,14.427001,121.045278,first,"Kaggle klekzee/phillipines-housing-market (portal scrape, 2024)"
77,"4BR 2-Storey House and Lot for Sale in Malolos, Bulacan at Camella Provence | Dana w/ CB","Longos, Malolos",Malolos,7798000,4,3,85.0,110.0,14.87426,120.791534,first,"Kaggle klekzee/phillipines-housing-market (portal scrape, 2024)"
78,"Ready For You: 2BR 2-Storey SD House and Lot (Asha) for Sale in Compostela, Cebu at Amoa","Tamiao, Compostela",Compostela,6130000,2,1,,,10.438288,123.994725,first,"Kaggle klekzee/phillipines-housing-market (portal scrape, 2024)"
79,"4-Bedroom House and Lot for Sale in Kawit, Cavite at Lancaster New City | BRIANA Model","San Sebastian, Kawit",Kawit,6756360,4,3,110.0,100.0,14.412979,120.888668,first,"Kaggle klekzee/phillipines-housing-market (portal scrape, 2024)"
80,RUSH SALE - RFO Lipa Batangas Pag-ibig Financing 2 Bedroom Townhouse for sale,"San Jose, Lipa",Lipa,,2,2,48.0,50.0,13.937769,121.186093,first,"Kaggle klekzee/phillipines-housing-market (portal scrape, 2024)"
81,"3-Bedroom 2-Storey House and Lot for Sale in Mabalacat, Pampanga at Talanai Homes | AGOHO","Sapang Biabas, Mabalacat",Mabalacat,2706500,3,2,62.0,65.0,15.198775,120.60261,first,"Kaggle klekzee/phillipines-housing-market (portal scrape, 2024)"
82,"3-Bedroom Townhouse for Sale in Imus, Cavite at Lancaster New City | ANICA Model","Alapan Ii-A, Imus",Imus,2389000,3,1,50.0,50.0,14.408452,120.896496,first,"Kaggle klekzee/phillipines-housing-market (portal scrape, 2024)"
83,"Single Detached House for Sale near EVIA and MCX, Muntinlupa","Victoria South Alabang Tunasan, Muntinlupa",Muntinlupa,13500000,3,2,140.0,240.0,14.353783,121.006791,first,"Kaggle klekzee/phillipines-housing-market (portal scrape, 2024)"
84,"4-Bedroom House and Lot for Sale in General Trias, Cavite at Lancaster New City | ALEXANDRA Model","Pasong Camachile I, General Trias",General Trias,7410000,4,3,100.0,120.0,14.372321,120.897674,first,"Kaggle klekzee/phillipines-housing-market (portal scrape, 2024)"
85,[05422-T-259] House & Lot for sale in Northfields Executive Village at Malolos Bulacan,"Lot 14 Block 26 J Abad Santos Street Northfields Executive Village Phase 1 Barangay Longos Malolos Bulacan Longos, Malolos",Malolos,5900000,3,6,232.9,200.0,14.88435,120.801427,first,"Kaggle klekzee/phillipines-housing-market (portal scrape, 2024)"
86,"3BR Single Attached House and Lot for Sale in Mexico, Pampanga at Ajoya Pampanga","Eden, Mexico",Mexico,4113000,3,2,72.0,88.0,15.126253,120.658013,first,"Kaggle klekzee/phillipines-housing-market (portal scrape, 2024)"
87,"Pre-selling 3BR 3-Storey Townhouse for Sale near Alabang in Likha Residences, Muntinlupa | Unit Facing Clubhouse","Km. 19 West Service Rd. Cupang, Muntinlupa",Muntinlupa,31706000,3,3,247.4,92.0,14.427001,121.045278,first,"Kaggle klekzee/phillipines-housing-market (portal scrape, 2024)"
88,1BR Rowhouse for Sale at Marytown Place in Santa Maria Bulacan | Bare 2-Storey Inner Unit (ROSE),"Santa Maria-San Jose Rd. Bulac, Santa Maria",Santa Maria,1675000,1,1,44.0,40.0,14.827975,121.000389,first,"Kaggle klekzee/phillipines-housing-market (portal scrape, 2024)"
89,"3BR 3-Storey Townhouse for Sale near Alabang in Likha Residences, Muntinlupa | End Unit (Garden Unit)","Km. 19 West Service Rd. Cupang, Muntinlupa",Muntinlupa,28804000,3,3,219.3,91.0,14.427001,121.045278,first,"Kaggle klekzee/phillipines-housing-market (portal scrape, 2024)"
90,"3-Bedroom House and Lot for Sale in Imus, Cavite at Lancaster New City | GABRIELLE Model","Alapan Ii-A, Imus",Imus,6650000,3,2,84.0,120.0,14.408452,120.896496,first,"Kaggle klekzee/phillipines-housing-market (portal scrape, 2024)"
91,"Townhouse for Sale in San Rafael, Bulacan at Primeworld Enclave","Caingin, San Rafael",San Rafael,1800000,2,1,46.0,41.0,14.971747,120.943443,first,"Kaggle klekzee/phillipines-housing-market (portal scrape, 2024)"
92,"3BR 3-Storey Townhouse for Sale near Alabang in Likha Residences, Muntinlupa | End Unit (Garden Unit)","Km. 19 West Service Rd. Cupang, Muntinlupa",Muntinlupa,28678000,3,3,219.3,91.0,14.427001,121.045278,first,"Kaggle klekzee/phillipines-housing-market (portal scrape, 2024)"
93,"2-Bedroom House for Sale in Mexico, Pampanga at The Lakeshore | Imperial Model","Km.71, North Luzon Expressway Panipuan, Mexico",Mexico,1837500,2,2,52.5,154.0,15.094185,120.670158,first,"Kaggle klekzee/phillipines-housing-market (portal scrape, 2024)"
94,"3BR 3-Storey Townhouse for Sale near Alabang in Likha Residences, Muntinlupa | End Unit (Garden Unit)","Km. 19 West Service Rd. Cupang, Muntinlupa",Muntinlupa,27676000,3,3,219.3,91.0,14.427001,121.045278,first,"Kaggle klekzee/phillipines-housing-market (portal scrape, 2024)"
95,"2BR Townhouse for Sale in Lipa, Batangas | The Villages at Lipa - Brook Village, TH53","Bugtong Na Pulo, Lipa",Lipa,4000000,2,1,53.0,52.0,13.998431,121.167459,first,"Kaggle klekzee/phillipines-housing-market (portal scrape, 2024)"
96,"Ready For You: 1BR SA House and Lot (Ananda) for Sale in Compostela, Cebu at Amoa at Php 90,416 monthly amortization","Tamiao, Compostela",Compostela,5580000,1,1,,,10.438288,123.994725,first,"Kaggle klekzee/phillipines-housing-market (portal scrape, 2024)"
97,"3-Bedroom Townhouse for Sale in Imus, Cavite at Lancaster New City | THEA Model","Alapan Ii-A, Imus",Imus,2632250,3,2,60.0,50.0,14.408452,120.896496,first,"Kaggle klekzee/phillipines-housing-market (portal scrape, 2024)"
98,"4-Bedroom House and Lot for Sale in Pavia, Iloilo at Parc Regency Residences | OLIVE Model","Ungka Ii, Pavia",Pavia,5337920,4,2,80.0,120.0,10.752901,122.537603,first,"Kaggle klekzee/phillipines-housing-market (portal scrape, 2024)"
99,"3-Bedroom Townhouse for Sale in Kawit, Cavite at Lancaster New City | ALICE Model","San Sebastian, Kawit",Kawit,2292960,3,1,40.0,40.0,14.412979,120.888668,first,"Kaggle klekzee/phillipines-housing-market (portal scrape, 2024)"
100,"3BR 2-Storey Single Attached House and Lot for Sale in Tanza, Cavite | Las Brisas at Tierra del Sol","Governor'S Dr. Tanauan, Tanza",Tanza,4337472,3,2,112.5,72.0,14.291414,120.830298,first,"Kaggle klekzee/phillipines-housing-market (portal scrape, 2024)"
101,"For Sale 3BR 2-Storey Single Attached House and Lot in Tanza, Cavite | Las Brisas at Tierra del Sol","Governor'S Dr. Tanauan, Tanza",Tanza,4337472,3,2,112.5,72.0,14.291414,120.830298,first,"Kaggle klekzee/phillipines-housing-market (portal scrape, 2024)"
102,"2BR 2-Storey Townhouse for Sale in Brgy. Caypombo, Santa Maria, Bulacan at Las Palmas","Cay Pombo, Santa Maria",Santa Maria,2178000,2,1,44.0,36.0,14.851695,120.979377,first,"Kaggle klekzee/phillipines-housing-market (portal scrape, 2024)"
103,"2BR 2-Storey Townhouse for Sale in Davao City, Davao del Sur at PHINMA Maayo Tugbok | Adlaw Model","Tugbok, Davao",Davao,3600000,2,2,48.3,50.0,7.103538,125.494847,first,"Kaggle klekzee/phillipines-housing-market (portal scrape, 2024)"
104,"3-Bedroom Townhouse for Sale in Tanza, Cavite at Micara Estates | PORTIA Typical Corner Unit w/ Fence","Antero Soriano Highway Sahud Ulan, Tanza",Tanza,2839149,3,1,45.0,62.0,14.366749,120.818448,first,"Kaggle klekzee/phillipines-housing-market (portal scrape, 2024)"
105,"3-Bedroom Townhouse for Sale in General Trias, Cavite at Lancaster New City | THEA Model","Pasong Camachile I, General Trias",General Trias,2632250,3,2,60.0,50.0,14.372321,120.897674,first,"Kaggle klekzee/phillipines-housing-market (portal scrape, 2024)"
106,"2BR House and Lot for Sale in Mexico, Pampanga | Parklane at The Lakeshore, Imperial","San Rafael, Mexico",Mexico,1837500,2,2,52.5,,15.087496,120.674239,first,"Kaggle klekzee/phillipines-housing-market (portal scrape, 2024)"
107,"4-Bedroom Townhouse for Sale in Kawit, Cavite at Lancaster New City | ADELLE Model","San Sebastian, Kawit",Kawit,3336800,4,2,70.0,60.0,14.412979,120.888668,first,"Kaggle klekzee/phillipines-housing-market (portal scrape, 2024)"
108,"3-Bedroom House for Sale in Mexico, Pampanga at The Lakeshore | Hyde Model","Km.71, North Luzon Expressway Panipuan, Mexico",Mexico,2705850,3,2,77.3,154.0,15.094185,120.670158,first,"Kaggle klekzee/phillipines-housing-market (portal scrape, 2024)"
109,"For Sale 2-Bedroom 2-Storey Townhouse in Mabalacat, Pampanga at Talanai Homes | MAHOGANY","Sapang Biabas, Mabalacat",Mabalacat,1400000,2,1,40.0,40.0,15.198775,120.60261,first,"Kaggle klekzee/phillipines-housing-market (portal scrape, 2024)"
110,02376 Brand New Ponte Verde House for Sale in Davao City,"Buhangin, Davao",Davao,21500000,5,4,300.0,200.0,7.146969,125.594051,first,"Kaggle klekzee/phillipines-housing-market (portal scrape, 2024)"
111,"3-Bedroom House and Lot for Sale in Imus, Cavite at Lancaster New City | AIRA Model","Alapan Ii-A, Imus",Imus,5282600,3,2,80.0,92.0,14.408452,120.896496,first,"Kaggle klekzee/phillipines-housing-market (portal scrape, 2024)"
112,"Ready For You: Townhouse for Sale in Capas, Tarlac at Ajoya Capas","Talaga, Capas",Capas,2351000,,2,49.0,50.0,15.383744,120.587083,first,"Kaggle klekzee/phillipines-housing-market (portal scrape, 2024)"
113,"Ready For You: 3BR SA House and Lot for Sale in Cabanatuan, Nueva Ecija at Ajoya Cabanatuan at Php 43,175 monthly amortization","Valle Cruz, Cabanatuan",Cabanatuan,5381000,3,2,80.0,203.0,15.479984,120.992041,first,"Kaggle klekzee/phillipines-housing-market (portal scrape, 2024)"
114,"For Sale 3-Bedroom Townhouse in Tanza, Cavite at Micara Estates | PORTIA Typical End Unit w/ Fence","Antero Soriano Highway Sahud Ulan, Tanza",Tanza,2258057,3,1,45.0,62.0,14.366749,120.818448,first,"Kaggle klekzee/phillipines-housing-market (portal scrape, 2024)"
115,"For Sale 3BR 2-Storey House and Lot in Cabanatuan, Nueva Ecija at Camella Nueva Ecija | Cara w/ CB 99sqm","Emilio Vergara Hwy Santa Arcadia, Cabanatuan",Cabanatuan,5991000,3,2,66.0,99.0,15.471078,120.982131,first,"Kaggle klekzee/phillipines-housing-market (portal scrape, 2024)"
116,"Townhouse with 2 Bedrooms for Sale in Davao City, Davao del Sur at PHINMA Maayo Tugbok | Adlaw Model","Tugbok, Davao",Davao,3600000,2,2,48.3,50.0,7.103538,125.494847,first,"Kaggle klekzee/phillipines-housing-market (portal scrape, 2024)"
117,"For Sale RFO 2BR 2-Storey Townhouse in Cabanatuan, Nueva Ecija at Camella Nueva Ecija | Reana IU 36sqm","Emilio Vergara Hwy Santa Arcadia, Cabanatuan",Cabanatuan,2972000,2,1,40.0,36.0,15.471078,120.982131,first,"Kaggle klekzee/phillipines-housing-market (portal scrape, 2024)"
118,"2BR 2-Storey Townhouse for Sale in Mabalacat, Pampanga at Talanai Homes | MAHOGANY","Sapang Biabas, Mabalacat",Mabalacat,1400000,2,1,40.0,40.0,15.198775,120.60261,first,"Kaggle klekzee/phillipines-housing-market (portal scrape, 2024)"
119,"For Sale 4BR 2-Storey House and Lot in Cabanatuan, Nueva Ecija at Camella Nueva Ecija | Dani 99sqm","Emilio Vergara Hwy Santa Arcadia, Cabanatuan",Cabanatuan,7315000,4,3,83.0,99.0,15.471078,120.982131,first,"Kaggle klekzee/phillipines-housing-market (portal scrape, 2024)"
120,"4BR Single Attached House and Lot for Sale in Mexico, Pampanga at Ajoya Pampanga","Eden, Mexico",Mexico,5278000,4,3,91.0,143.0,15.126253,120.658013,first,"Kaggle klekzee/phillipines-housing-market (portal scrape, 2024)"
121,"2BR Single Attached House and Lot for Sale in Mexico, Pampanga at Ajoya Pampanga","Eden, Mexico",Mexico,3970000,2,2,59.0,88.0,15.126253,120.658013,first,"Kaggle klekzee/phillipines-housing-market (portal scrape, 2024)"
122,"Austine Homes | Amber 2BR Townhouse for Sale in Mabalacat, Pampanga | Futura by Filinvest","Santa Maria, Mabalacat",Mabalacat,1979000,2,1,40.4,43.2,15.227008,120.592201,first,"Kaggle klekzee/phillipines-housing-market (portal scrape, 2024)"
123,"New Leaf | Diana 2BR SA House for Sale in Trece Martires, Cavite | Futura by Filinvest","The Wood Estates, Brgy. Hugo Perez, Trece Martires",Trece Martires,3148800,2,1,37.3,70.0,14.310065,120.872129,first,"Kaggle klekzee/phillipines-housing-market (portal scrape, 2024)"
124,"5BR 2-Storey House and Lot for Sale in Subic, Zambales at Camella Subic | Ella w/ CB 158sqm","Aningway Sacatihan, Subic",Subic,8434000,5,3,100.0,158.0,14.913178,120.228242,first,"Kaggle klekzee/phillipines-housing-market (portal scrape, 2024)"
125,"Ready For You: 2BR SA House and Lot for Sale in Mexico, Pampanga at Ajoya Pampanga at Php 31,975 monthly amortization","Eden, Mexico",Mexico,3979000,2,2,59.0,88.0,15.126253,120.658013,first,"Kaggle klekzee/phillipines-housing-market (portal scrape, 2024)"
126,"3-Bedroom House and Lot for Sale in Imus, Cavite at Lancaster New City | CHESSA Model","Alapan Ii-A, Imus",Imus,5978000,3,3,90.0,100.0,14.408452,120.896496,first,"Kaggle klekzee/phillipines-housing-market (portal scrape, 2024)"
127,"For Sale 3-Bedroom 2-Storey House and Lot in Mabalacat, Pampanga at Talanai Homes | AGOHO","Sapang Biabas, Mabalacat",Mabalacat,2706500,3,2,62.0,65.0,15.198775,120.60261,first,"Kaggle klekzee/phillipines-housing-market (portal scrape, 2024)"
128,"4BR 2-Storey House and Lot for Sale in Subic, Zambales at Camella Subic | Dani w/ CB 217sqm","Aningway Sacatihan, Subic",Subic,10501000,4,3,83.0,217.0,14.913178,120.228242,first,"Kaggle klekzee/phillipines-housing-market (portal scrape, 2024)"
129,"3-Bedroom House and Lot for Sale in General Trias, Cavite at Lancaster New City | GABRIELLE Model","Pasong Camachile I, General Trias",General Trias,6650000,3,2,84.0,120.0,14.372321,120.897674,first,"Kaggle klekzee/phillipines-housing-market (portal scrape, 2024)"
130,"3-Bedroom House and Lot for Sale in General Trias, Cavite at Lancaster New City | CHESSA Model","Pasong Camachile I, General Trias",General Trias,5978000,3,3,90.0,100.0,14.372321,120.897674,first,"Kaggle klekzee/phillipines-housing-market (portal scrape, 2024)"
131,"3BR House and Lot for Sale in Mexico, Pampanga | Parklane at The Lakeshore, Hyde","San Rafael, Mexico",Mexico,2705850,3,2,77.3,,15.087496,120.674239,first,"Kaggle klekzee/phillipines-housing-market (portal scrape, 2024)"
132,"BIG DISCOUNT (up to 500k)! For Sale 3-Bedroom Single Attached House and Lot at PTC Suncrest in Imus, Cavite | Rosanna Model","Carsadang Bago I, Imus",Imus,5234791,3,2,75.0,112.0,14.428919,120.928888,first,"Kaggle klekzee/phillipines-housing-market (portal scrape, 2024)"
133,RFO 5BR 2-Storey House and Lot for Sale in Tarlac City at Camella Tarlac | Greta w/ CB 143sqm,"Camella Tarlac Access Rd. Maliwalo, Tarlac",Tarlac,10748000,5,3,166.0,143.0,15.477785,120.614075,first,"Kaggle klekzee/phillipines-housing-market (portal scrape, 2024)"
134,"3BR 3-Storey Townhouse for Sale near Alabang in Likha Residences, Muntinlupa | End Unit (Garden Unit)","Km. 19 West Service Rd. Cupang, Muntinlupa",Muntinlupa,26365000,3,3,219.3,90.0,14.427001,121.045278,first,"Kaggle klekzee/phillipines-housing-market (portal scrape, 2024)"
135,"2BR 2-Storey Townhouse for Sale in Malolos, Bulacan at Camella Provence | Arielle IU","Longos, Malolos",Malolos,3025000,2,1,36.0,42.0,14.87426,120.791534,first,"Kaggle klekzee/phillipines-housing-market (portal scrape, 2024)"
136,"3BR 3-Storey Townhouse for Sale near Alabang in Likha Residences, Muntinlupa | Unit Facing Clubhouse (Garden Unit)","Km. 19 West Service Rd. Cupang, Muntinlupa",Muntinlupa,28348000,3,3,219.3,105.0,14.427001,121.045278,first,"Kaggle klekzee/phillipines-housing-market (portal scrape, 2024)"
137,"For Sale 4BR 3-Storey Townhouse in Dasmariñas, Cavite | The Villas at Dasmariñas Highlands","Aguinaldo Highway San Agustin I, Dasmarinas",Dasmarinas,9500000,4,4,132.0,66.0,14.321427,120.94188,first,"Kaggle klekzee/phillipines-housing-market (portal scrape, 2024)"
138,2BR 2-Storey House and Lot for Sale in Tarlac City at Camella Tarlac | Bella 99sqm,"Camella Tarlac Access Rd. Maliwalo, Tarlac",Tarlac,5705000,2,2,53.0,99.0,15.477785,120.614075,first,"Kaggle klekzee/phillipines-housing-market (portal scrape, 2024)"
139,RFO 2BR 2-Storey House and Lot for Sale in Tarlac City at Camella Tarlac | Ezabelle Combo Lot 96sqm,"Camella Tarlac Access Rd. Maliwalo, Tarlac",Tarlac,5174000,2,1,46.0,96.0,15.477785,120.614075,first,"Kaggle klekzee/phillipines-housing-market (portal scrape, 2024)"
140,"RFO 2-Storey House and Lot w/ 1BR Provision for Sale in Subic, Zambales at Camella Subic | Aleah","Aningway Sacatihan, Subic",Subic,2341000,1,1,33.0,70.0,14.913178,120.228242,first,"Kaggle klekzee/phillipines-housing-market (portal scrape, 2024)"
141,"RFO 3BR 2-Storey House and Lot for Sale in Malolos, Bulacan at Camella Provence | Jade","Longos, Malolos",Malolos,10413000,3,2,76.0,128.0,14.87426,120.791534,first,"Kaggle klekzee/phillipines-housing-market (portal scrape, 2024)"
142,"RFO 2BR 2-Storey House and Lot for Sale in Malolos, Bulacan at Camella Provence | Mika","Longos, Malolos",Malolos,5179000,2,1,46.0,60.0,14.87426,120.791534,first,"Kaggle klekzee/phillipines-housing-market (portal scrape, 2024)"
143,"RFO 2BR 2-Storey House and Lot for Sale in Malolos, Bulacan at Camella Provence | Bella 88sqm","Longos, Malolos",Malolos,6005000,2,2,53.0,88.0,14.87426,120.791534,first,"Kaggle klekzee/phillipines-housing-market (portal scrape, 2024)"
144,"For Sale 3BR 2-Storey House and Lot in Cabanatuan, Nueva Ecija at Camella Nueva Ecija | Cara 99sqm","Emilio Vergara Hwy Santa Arcadia, Cabanatuan",Cabanatuan,6200000,3,2,66.0,99.0,15.471078,120.982131,first,"Kaggle klekzee/phillipines-housing-market (portal scrape, 2024)"
145,"For Sale RFO 2BR 2-Storey House and Lot in Cabanatuan, Nueva Ecija at Camella Nueva Ecija | Criselle 63sqm","Emilio Vergara Hwy Santa Arcadia, Cabanatuan",Cabanatuan,4454000,2,1,40.0,63.0,15.471078,120.982131,first,"Kaggle klekzee/phillipines-housing-market (portal scrape, 2024)"
146,"RFO 2BR 2-Storey House and Lot for Sale in Cabanatuan, Nueva Ecija at Camella Nueva Ecija | Mika 63sqm","Emilio Vergara Hwy Santa Arcadia, Cabanatuan",Cabanatuan,4458000,2,1,46.0,63.0,15.471078,120.982131,first,"Kaggle klekzee/phillipines-housing-market (portal scrape, 2024)"
147,"RFO 3BR 2-Storey House and Lot for Sale in Cabanatuan, Nueva Ecija at Camella Nueva Ecija | Carmela","Emilio Vergara Hwy Santa Arcadia, Cabanatuan",Cabanatuan,8915000,3,2,66.0,121.0,15.471078,120.982131,first,"Kaggle klekzee/phillipines-housing-market (portal scrape, 2024)"
148,2BR 2-Storey House and Lot for Sale in Cabanatuan Nueva Ecija at Camella Nueva Ecija | Ezabelle 63sqm,"Emilio Vergara Hwy Santa Arcadia, Cabanatuan",Cabanatuan,4270000,2,1,46.0,63.0,15.471078,120.982131,first,"Kaggle klekzee/phillipines-housing-market (portal scrape, 2024)"
149,"2BR 2-Storey House and Lot for Sale in Cabanatuan, Nueva Ecija at Camella Nueva Ecija | Criselle 63sqm","Emilio Vergara Hwy Santa Arcadia, Cabanatuan",Cabanatuan,4263000,2,1,40.0,63.0,15.468244,120.976414,first,"Kaggle klekzee/phillipines-housing-market (portal scrape, 2024)"
150,"RFO 4BR 2-Storey House and Lot for Sale in Cabanatuan, Nueva Ecija at Camella Nueva Ecija | Dani 99sqm","Emilio Vergara Hwy Santa Arcadia, Cabanatuan",Cabanatuan,7503000,4,3,83.0,99.0,15.468244,120.976414,first,"Kaggle klekzee/phillipines-housing-market (portal scrape, 2024)"
151,"RFO 3BR 2-Storey House and Lot for Sale in Cabanatuan, Nueva Ecija at Camella Nueva Ecija | Carmela","Emilio Vergara Hwy Santa Arcadia, Cabanatuan",Cabanatuan,8915000,3,2,66.0,121.0,15.468244,120.976414,repeat,"Kaggle klekzee/phillipines-housing-market (portal scrape, 2024)"
152,"RFO 2BR 2-Storey House and Lot for Sale in Cabanatuan, Nueva Ecija at Camella Nueva Ecija | Mika 63sqm","Emilio Vergara Hwy Santa Arcadia, Cabanatuan",Cabanatuan,4458000,2,1,46.0,63.0,15.468244,120.976414,repeat,"Kaggle klekzee/phillipines-housing-market (portal scrape, 2024)"
153,"For Sale RFO 2BR 2-Storey House and Lot in Cabanatuan, Nueva Ecija at Camella Nueva Ecija | Criselle 63sqm","Emilio Vergara Hwy Santa Arcadia, Cabanatuan",Cabanatuan,4454000,2,1,40.0,63.0,15.468244,120.976414,repeat,"Kaggle klekzee/phillipines-housing-market (portal scrape, 2024)"
154,RFO 2BR 2-Storey House and Lot for Sale in Tarlac City at Camella Tarlac | Ezabelle Combo Lot 96sqm,"Camella Tarlac Access Rd. Maliwalo, Tarlac",Tarlac,5174000,2,1,46.0,96.0,15.477785,120.614075,repeat,"Kaggle klekzee/phillipines-housing-market (portal scrape, 2024)"
155,"RFO 2BR 2-Storey House and Lot for Sale in Cabanatuan, Nueva Ecija at Camella Nueva Ecija | Mika 60sqm","Emilio Vergara Hwy Santa Arcadia, Cabanatuan",Cabanatuan,4633000,2,1,46.0,60.0,15.468244,120.976414,first,"Kaggle klekzee/phillipines-housing-market (portal scrape, 2024)"
156,"3BR 3-Storey Townhouse for Sale near Alabang in Likha Residences, Muntinlupa | End Unit (Garden Unit)","Km. 19 West Service Rd. Cupang, Muntinlupa",Muntinlupa,26393000,3,3,219.3,91.0,14.432163,121.045242,repeat,"Kaggle klekzee/phillipines-housing-market (portal scrape, 2024)"
157,"2BR House and Lot for Sale in Mexico, Pampanga | Flavorscapes at The Lakeshore, Nest","Divisoria, Mexico",Mexico,4710000,2,2,72.0,121.0,15.092489,120.682798,first,"Kaggle klekzee/phillipines-housing-market (portal scrape, 2024)"
158,Futura Homes Koronadal | Amber 2BR Townhouse Inner Unit for Sale in South Cotabato | Futura by Filinvest,"Purok Hurtado Concepcion, Koronadal",Koronadal,2683000,2,1,40.3,50.4,6.491881,124.799431,first,"Kaggle klekzee/phillipines-housing-market (portal scrape, 2024)"
159,"3BR 3-Storey Townhouse for Sale near Alabang in Likha Residences, Muntinlupa | Typical Unit (Garden Unit)","Km. 19 West Service Rd. Cupang, Muntinlupa",Muntinlupa,28348000,3,3,219.3,105.0,14.432163,121.045242,first,"Kaggle klekzee/phillipines-housing-market (portal scrape, 2024)"
160,"3BR 3-Storey Townhouse for Sale near Alabang in Likha Residences, Muntinlupa | Typical End Unit (Garden Unit)",,(no location given),28376000,3,3,219.3,106.0,14.432163,121.045242,first,"Kaggle klekzee/phillipines-housing-market (portal scrape, 2024)"
161,"For Sale 3BR House and Lot in Urdaneta, Pangasinan at Camella Urdaneta | Cara 110sqm","Macarthur Hwy Anonas, Urdaneta",Urdaneta,6286000,3,2,66.0,110.0,16.001583,120.576056,first,"Kaggle klekzee/phillipines-housing-market (portal scrape, 2024)"
162,"L-R-1-249- Acquired Property for Sale in Lot 8, Block 12, 7th Road, Sta. Monica Heights Subdivision, Phase 1, Brgy. San Rafael, Tarlac City, Tarlac - Retail","San Rafael, Tarlac",Tarlac,4216700,,,169.0,180.0,15.321954,120.596149,first,"Kaggle klekzee/phillipines-housing-market (portal scrape, 2024)"
163,"3BR 2-Storey House and Lot for Sale in Subic, Zambales at Camella Subic | Cara 146sqm","Aningway Sacatihan, Subic",Subic,6810000,3,2,66.0,146.0,14.913178,120.228242,first,"Kaggle klekzee/phillipines-housing-market (portal scrape, 2024)"
164,"4-Bedroom House and Lot for Sale in Imus, Cavite at Lancaster New City | BRIANA Model","Alapan Ii-A, Imus",Imus,6756360,4,3,110.0,100.0,14.408452,120.896496,first,"Kaggle klekzee/phillipines-housing-market (portal scrape, 2024)"
165,"1BR House and Lot for Sale in Mexico, Pampanga | Flavorscapes at The Lakeshore, Duo Work Live","Divisoria, Mexico",Mexico,1635170,1,1,78.7,,14.432163,121.045242,first,"Kaggle klekzee/phillipines-housing-market (portal scrape, 2024)"
166,"3BR 3-Storey Townhouse for Sale near Alabang in Likha Residences, Muntinlupa | Typical Unit","Km. 19 West Service Rd. Cupang, Muntinlupa",Muntinlupa,33792000,3,3,247.4,93.0,14.432163,121.045242,first,"Kaggle klekzee/phillipines-housing-market (portal scrape, 2024)"
167,"3BR 3-Storey Townhouse for Sale near Alabang in Likha Residences, Muntinlupa | End Unit (Garden Unit)","Km. 19 West Service Rd. Cupang, Muntinlupa",Muntinlupa,26393000,3,3,219.3,91.0,14.432163,121.045242,repeat,"Kaggle klekzee/phillipines-housing-market (portal scrape, 2024)"
168,"RFO House and Lot For Sale in Summerfield, Antipolo City, Rizal","San Jose, Antipolo",Antipolo,5700000,4,3,90.0,78.0,14.585375,121.18228,first,"Kaggle klekzee/phillipines-housing-market (portal scrape, 2024)"
169,"Pre-selling 3BR 3-Storey Townhouse for Sale near Alabang in Likha Residences, Muntinlupa | Unit Facing Clubhouse","Km. 19 West Service Rd. Cupang, Muntinlupa",Muntinlupa,32539000,3,3,247.4,93.0,14.432163,121.045242,first,"Kaggle klekzee/phillipines-housing-market (portal scrape, 2024)"
170,"3BR 3-Storey Townhouse for Sale near Alabang in Likha Residences, Muntinlupa | Typical Unit (Garden Unit)","Km. 19 West Service Rd. Cupang, Muntinlupa",Muntinlupa,28348000,3,3,219.3,105.0,14.432163,121.045242,repeat,"Kaggle klekzee/phillipines-housing-market (portal scrape, 2024)"
171,"3BR 3-Storey Townhouse for Sale near Alabang in Likha Residences, Muntinlupa | End Unit (Garden Unit)","Km. 19 West Service Rd. Cupang, Muntinlupa",Muntinlupa,28776000,3,3,219.3,90.0,14.432163,121.045242,first,"Kaggle klekzee/phillipines-housing-market (portal scrape, 2024)"
172,2BR 2-Storey House and Lot for Sale in Tarlac City at Camella Tarlac | Frielle 88sqm,"Camella Tarlac Access Rd. Maliwalo, Tarlac",Tarlac,4872000,2,1,50.0,88.0,15.477785,120.614075,first,"Kaggle klekzee/phillipines-housing-market (portal scrape, 2024)"
173,3BR 2-Storey House and Lot for Sale in Tarlac City at Camella Tarlac | Cara w/ CB 99sqm,"Camella Tarlac Access Rd. Maliwalo, Tarlac",Tarlac,6319000,3,2,66.0,99.0,15.477785,120.614075,first,"Kaggle klekzee/phillipines-housing-market (portal scrape, 2024)"
174,RFO 2BR 2-Storey House and Lot for Sale in Tarlac City at Camella Tarlac | Marga 72sqm,"Camella Tarlac Access Rd. Maliwalo, Tarlac",Tarlac,4315000,2,1,46.0,72.0,15.477785,120.614075,first,"Kaggle klekzee/phillipines-housing-market (portal scrape, 2024)"
175,"3BR 2-Storey House and Lot for Sale in Subic, Zambales at Camella Subic | Cara w/ CB 150sqm","Aningway Sacatihan, Subic",Subic,7907000,3,2,66.0,150.0,14.913178,120.228242,first,"Kaggle klekzee/phillipines-housing-market (portal scrape, 2024)"
176,"5BR 2-Storey House and Lot for Sale in Subic, Zambales at Camella Subic | Ella w/ CB 121sqm","Aningway Sacatihan, Subic",Subic,7421000,5,3,100.0,121.0,14.913178,120.228242,first,"Kaggle klekzee/phillipines-housing-market (portal scrape, 2024)"
177,"4BR 2-Storey House and Lot for Sale in Subic, Zambales at Camella Subic | Dani 99sqm","Aningway Sacatihan, Subic",Subic,6087000,4,3,83.0,99.0,14.913178,120.228242,first,"Kaggle klekzee/phillipines-housing-market (portal scrape, 2024)"
178,"4BR 3-Storey Townhouse for Sale in Dasmariñas, Cavite | The Villas at Dasmariñas Highlands","Aguinaldo Highway San Agustin I, Dasmarinas",Dasmarinas,9500000,4,4,132.0,66.0,14.315297,120.945097,first,"Kaggle klekzee/phillipines-housing-market (portal scrape, 2024)"
179,"3BR 3-Storey Townhouse for Sale near Alabang in Likha Residences, Muntinlupa | Corner Unit Facing Clubhouse (Garden Unit)","Km. 19 West Service Rd. Cupang, Muntinlupa",Muntinlupa,28572000,3,3,219.3,103.0,14.432163,121.045242,first,"Kaggle klekzee/phillipines-housing-market (portal scrape, 2024)"
180,For Sale 3BR 2-Storey House and Lot in Tarlac City at Camella Tarlac | Cara 88sqm,"Camella Tarlac Access Rd. Maliwalo, Tarlac",Tarlac,5776000,3,2,66.0,88.0,15.477785,120.614075,first,"Kaggle klekzee/phillipines-housing-market (portal scrape, 2024)"
181,"3BR 3-Storey Townhouse for Sale near Alabang in Likha Residences, Muntinlupa | End Unit (Garden Unit)","Km. 19 West Service Rd. Cupang, Muntinlupa",Muntinlupa,26365000,3,3,219.3,90.0,14.432163,121.045242,repeat,"Kaggle klekzee/phillipines-housing-market (portal scrape, 2024)"
182,"3BR House and Lot for Sale in Mexico, Pampanga | Flavorscapes at The Lakeshore, Cocoon","Divisoria, Mexico",Mexico,3190000,3,2,60.0,80.0,14.432163,121.045242,first,"Kaggle klekzee/phillipines-housing-market (portal scrape, 2024)"
183,"3BR 2-Storey House and Lot for Sale in Subic, Zambales at Camella Subic | Cara w/ CB 162sqm","Aningway Sacatihan, Subic",Subic,8277000,3,2,66.0,162.0,14.913178,120.228242,first,"Kaggle klekzee/phillipines-housing-market (portal scrape, 2024)"
184,for sale alli house and lot 2 bedroom at  camella butuan city,"Camella Prima Butuan, Barangay Ampayon, Butuan City Ampayon, Butuan",Butuan,4480180,2,1,40.0,88.0,8.955797,125.590057,first,"Kaggle klekzee/phillipines-housing-market (portal scrape, 2024)"
185,"2BR 2-Storey House and Lot for Sale in Mabalacat, Pampanga at Talanai Homes | APITONG","Sapang Biabas, Mabalacat",Mabalacat,2224500,2,1,50.0,65.0,15.198775,120.60261,first,"Kaggle klekzee/phillipines-housing-market (portal scrape, 2024)"
186,Likha Residences | Pre-selling 3BR 3-Storey Townhouse for Sale near Alabang in Muntinlupa | Typical Unit,"Cupang, Muntinlupa",Muntinlupa,31348000,3,3,247.4,92.0,14.437884,121.050321,first,"Kaggle klekzee/phillipines-housing-market (portal scrape, 2024)"
187,"5BR 2-Storey House and Lot for Sale in Cabanatuan, Nueva Ecija at Camella Nueva Ecija | Freya 132sqm","Emilio Vergara Hwy Santa Arcadia, Cabanatuan",Cabanatuan,9584000,5,3,142.0,132.0,15.468244,120.976414,first,"Kaggle klekzee/phillipines-housing-market (portal scrape, 2024)"
188,"RFO 5BR 2-Storey House and Lot for Sale in Cabanatuan, Nueva Ecija at Camella Nueva Ecija | Ella 110sqm","Emilio Vergara Hwy Santa Arcadia, Cabanatuan",Cabanatuan,7618000,5,3,100.0,110.0,15.468244,120.976414,first,"Kaggle klekzee/phillipines-housing-market (portal scrape, 2024)"
189,"BTS 2BR 2-Storey House and Lot for Sale in Cabanatuan, Nueva Ecija at Camella Nueva Ecija | Criselle 63sqm","Emilio Vergara Hwy Santa Arcadia, Cabanatuan",Cabanatuan,4383000,2,1,40.0,63.0,15.468244,120.976414,first,"Kaggle klekzee/phillipines-housing-market (portal scrape, 2024)"
190,"Single Storey Modern Smart House For Sale in Bayanihan, BF Homes, Paranaque City","B.F. Homes, Paranaque",Paranaque,31800000,4,5,,308.0,14.446279,121.027411,first,"Kaggle klekzee/phillipines-housing-market (portal scrape, 2024)"
191,"4BR 2-Storey House and Lot for Sale in Subic, Zambales at Camella Subic | Dani 146sqm","Aningway Sacatihan, Subic",Subic,7340000,4,3,83.0,146.0,14.913178,120.228242,first,"Kaggle klekzee/phillipines-housing-market (portal scrape, 2024)"
192,Avida Land an Ayala land Company House and Lot in Pampanga,"Mining, Angeles",Angeles,8000000,3,2,84.0,84.0,15.145128,120.602853,first,"Kaggle klekzee/phillipines-housing-market (portal scrape, 2024)"
193,"3BR 3-Storey Townhouse for Sale near Alabang in Likha Residences, Muntinlupa | Unit Facing Clubhouse","Km. 19 West Service Rd. Cupang, Muntinlupa",Muntinlupa,34016000,3,3,247.4,93.0,14.432163,121.045242,first,"Kaggle klekzee/phillipines-housing-market (portal scrape, 2024)"
194,"3-Bedroom Townhouse for Sale in Kawit, Cavite at Lancaster New City | ANICA Model","San Sebastian, Kawit",Kawit,2389000,3,1,50.0,50.0,14.412979,120.888668,first,"Kaggle klekzee/phillipines-housing-market (portal scrape, 2024)"
195,"3BR Single Attached House and Lot for Sale in Lipa, Batangas | The Villages at Lipa - Brook Village, SA65","Bugtong Na Pulo, Lipa",Lipa,4928000,3,1,65.0,116.0,13.998431,121.167459,first,"Kaggle klekzee/phillipines-housing-market (portal scrape, 2024)"
196,"Ready For You: 2BR Townhouse (TH53) for Sale in Lipa, Batangas | The Villages at Lipa - Brook Village at Php 63,433 monthly amortization","Bugtong Na Pulo, Lipa",Lipa,4006000,2,1,53.0,52.0,13.998431,121.167459,first,"Kaggle klekzee/phillipines-housing-market (portal scrape, 2024)"
197,"5BR 2-Storey House and Lot for Sale in Cabanatuan, Nueva Ecija at Camella Nueva Ecija | Greta 143sqm","Emilio Vergara Hwy Santa Arcadia, Cabanatuan",Cabanatuan,10956000,5,3,166.0,143.0,15.468244,120.976414,first,"Kaggle klekzee/phillipines-housing-market (portal scrape, 2024)"
198,"4BR 2-Storey House and Lot for Sale in Cabanatuan, Nueva Ecija at Camella Nueva Ecija | Dana w/ CB 141sqm","Emilio Vergara Hwy Santa Arcadia, Cabanatuan",Cabanatuan,8686000,4,3,85.0,141.0,15.468244,120.976414,first,"Kaggle klekzee/phillipines-housing-market (portal scrape, 2024)"
199,"2BR 2-Storey Townhouse for Sale in Cabanatuan, Nueva Ecija at Camella Nueva Ecija | Arielle EU 65sqm","Emilio Vergara Hwy Santa Arcadia, Cabanatuan",Cabanatuan,3230000,2,1,36.0,65.0,15.468244,120.976414,first,"Kaggle klekzee/phillipines-housing-market (portal scrape, 2024)"
200,"RFO 2BR 2-Storey House and Lot for Sale in Cabanatuan, Nueva Ecija at Camella Nueva Ecija | Bella 89sqm","Emilio Vergara Hwy Santa Arcadia, Cabanatuan",Cabanatuan,5772000,2,2,53.0,89.0,15.468244,120.976414,first,"Kaggle klekzee/phillipines-housing-market (portal scrape, 2024)"
201,"5BR 2-Storey House and Lot for Sale in Cabanatuan, Nueva Ecija at Camella Nueva Ecija | Freya 121sqm","Emilio Vergara Hwy Santa Arcadia, Cabanatuan",Cabanatuan,8732000,5,3,142.0,121.0,15.468244,120.976414,first,"Kaggle klekzee/phillipines-housing-market (portal scrape, 2024)"
202,"RFO 4BR 2-Storey House and Lot for Sale in Cabanatuan, Nueva Ecija at Camella Nueva Ecija | Dana Combo 204sqm","Emilio Vergara Hwy Santa Arcadia, Cabanatuan",Cabanatuan,10863000,4,3,85.0,204.0,15.468244,120.976414,first,"Kaggle klekzee/phillipines-housing-market (portal scrape, 2024)"
203,"2BR 2-Storey Townhouse for Sale in Cabanatuan, Nueva Ecija at Camella Nueva Ecija | Arielle IU 42sqm","Emilio Vergara Hwy Santa Arcadia, Cabanatuan",Cabanatuan,2793000,2,1,36.0,42.0,15.468244,120.976414,first,"Kaggle klekzee/phillipines-housing-market (portal scrape, 2024)"
204,"2BR 2-Storey Townhouse for Sale in Cabanatuan, Nueva Ecija at Camella Nueva Ecija | Arielle EU 63sqm","Emilio Vergara Hwy Santa Arcadia, Cabanatuan",Cabanatuan,3309000,2,1,36.0,63.0,15.468244,120.976414,first,"Kaggle klekzee/phillipines-housing-market (portal scrape, 2024)"
205,"3BR 2-Storey House and Lot for Sale in Cabanatuan, Nueva Ecija at Camella Nueva Ecija | Cara w/ CB 110sqm","Emilio Vergara Hwy Santa Arcadia, Cabanatuan",Cabanatuan,6650000,3,2,66.0,110.0,15.468244,120.976414,first,"Kaggle klekzee/phillipines-housing-market (portal scrape, 2024)"
206,"2BR 2-Storey House and Lot for Sale in Cabanatuan, Nueva Ecija at Camella Nueva Ecija | Bella 88sqm","Emilio Vergara Hwy Santa Arcadia, Cabanatuan",Cabanatuan,5079000,2,2,53.0,88.0,15.468244,120.976414,first,"Kaggle klekzee/phillipines-housing-market (portal scrape, 2024)"
207,"2BR 2-Storey Townhouse for Sale in Cabanatuan, Nueva Ecija at Camella Nueva Ecija | Arielle IU 40sqm","Emilio Vergara Hwy Santa Arcadia, Cabanatuan",Cabanatuan,2698000,2,1,36.0,40.0,15.468244,120.976414,first,"Kaggle klekzee/phillipines-housing-market (portal scrape, 2024)"
208,"RFO 5BR 2-Storey House and Lot for Sale in Cabanatuan, Nueva Ecija at Camella Nueva Ecija | Elaisa","Emilio Vergara Hwy Santa Arcadia, Cabanatuan",Cabanatuan,10692000,5,3,97.0,121.0,15.468244,120.976414,first,"Kaggle klekzee/phillipines-housing-market (portal scrape, 2024)"
209,"RFO 2BR 2-Storey Townhouse for Sale in Cabanatuan, Nueva Ecija at Camella Nueva Ecija | Ravena EU","Emilio Vergara Hwy Santa Arcadia, Cabanatuan",Cabanatuan,4263000,2,1,40.0,60.0,15.468244,120.976414,first,"Kaggle klekzee/phillipines-housing-market (portal scrape, 2024)"
210,"4-Bedroom 3-Storey Townhouse for Sale in Dasmariñas, Cavite | The Villas at Dasmariñas Highlands","Aguinaldo Highway San Agustin I, Dasmarinas",Dasmarinas,9500000,4,4,132.0,66.0,14.315297,120.945097,first,"Kaggle klekzee/phillipines-housing-market (portal scrape, 2024)"
211,"3BR 3-Storey Townhouse for Sale near Alabang in Likha Residences, Muntinlupa | Typical Unit (Garden Unit)","Km. 19 West Service Rd. Cupang, Muntinlupa",Muntinlupa,28090000,3,3,219.3,90.0,14.432163,121.045242,first,"Kaggle klekzee/phillipines-housing-market (portal scrape, 2024)"
212,"4BR 2-Storey Single Detached House and Lot for Sale in Compostela, Cebu at Amoa | Asha Model","Tamiao, Compostela",Compostela,7021000,4,2,82.0,120.0,10.438288,123.994725,first,"Kaggle klekzee/phillipines-housing-market (portal scrape, 2024)"
213,"Ready For You: Duplex House and Lot Side by Side for Sale in Capas, Tarlac at Ajoya Capas at Php 28,108.33 monthly amortization","Talaga, Capas",Capas,3573000,,2,66.0,80.0,15.383744,120.587083,first,"Kaggle klekzee/phillipines-housing-market (portal scrape, 2024)"
214,"For Sale 3BR Single Attached-Complete House and Lot in Santa Maria, Bulacan at North Orchard Residences","Caysio Rd. Caysio, Santa Maria",Santa Maria,5183808,3,2,75.3,80.0,14.84823,120.969695,first,"Kaggle klekzee/phillipines-housing-market (portal scrape, 2024)"
215,"3BR 2-Storey House and Lot for Sale in Malolos, Bulacan at Camella Provence | Cara w/ CB 99sqm","Longos, Malolos",Malolos,6924000,3,2,66.0,99.0,14.87426,120.791534,first,"Kaggle klekzee/phillipines-housing-market (portal scrape, 2024)"
216,"For Sale 3-Bedroom Townhouse in Tanza, Cavite at Micara Estates | PORTIA Typical Corner Unit w/ Fence","Antero Soriano Highway Sahud Ulan, Tanza",Tanza,2839149,3,1,45.0,62.0,14.372626,120.826214,first,"Kaggle klekzee/phillipines-housing-market (portal scrape, 2024)"
217,"Beautiful House and Lot with 4BR for Sale in BF East Phase 6, Muntinlupa City","Cupang, Muntinlupa",Muntinlupa,43000000,4,3,400.0,350.0,14.437884,121.050321,first,"Kaggle klekzee/phillipines-housing-market (portal scrape, 2024)"
218,4 Bedrooms Single House in Katarungan Village in Muntinlupa City,"Daang Hari Alabang Poblacion, Muntinlupa",Muntinlupa,13000000,4,2,219.0,120.0,14.384051,121.00836,first,"Kaggle klekzee/phillipines-housing-market (portal scrape, 2024)"
219,"RFO 2BR 2-Storey Townhouse for Sale in Cabanatuan, Nueva Ecija at Camella Nueva Ecija | Ravena IU","Emilio Vergara Hwy Santa Arcadia, Cabanatuan",Cabanatuan,3302000,2,1,40.0,42.0,15.468244,120.976414,first,"Kaggle klekzee/phillipines-housing-market (portal scrape, 2024)"
220,"2BR 2-Storey Townhouse for Sale in Compostela, Cebu at Amoa | AMITA - End","Tamiao, Compostela",Compostela,4389000,2,2,53.0,70.0,10.438288,123.994725,first,"Kaggle klekzee/phillipines-housing-market (portal scrape, 2024)"
221,5BR 2-Storey House and Lot for Sale in Tarlac City at Camella Tarlac | Freya w/ CB 176sqm,"Camella Tarlac Access Rd. Maliwalo, Tarlac",Tarlac,11245000,5,3,142.0,176.0,15.477785,120.614075,first,"Kaggle klekzee/phillipines-housing-market (portal scrape, 2024)"
222,"3-Bedroom House and Lot for Sale in General Trias, Cavite at Lancaster New City | AIRA Model","Pasong Camachile I, General Trias",General Trias,5282600,3,2,80.0,92.0,14.372321,120.897674,first,"Kaggle klekzee/phillipines-housing-market (portal scrape, 2024)"
223,"3BR 2-Storey House and Lot for Sale in Malolos, Bulacan at Camella Provence | Cara","Longos, Malolos",Malolos,6754000,3,2,66.0,99.0,14.87426,120.791534,first,"Kaggle klekzee/phillipines-housing-market (portal scrape, 2024)"
224,"2 Storey, 2 Bedroom, House & Lot @ Praverde Residences in Dasmariñas, Cavite","Governor'S Dr, 4114 Dasmarinas, Philippines Paliparan I, Dasmarinas",Dasmarinas,10746000,3,3,115.0,121.0,14.296432,120.966603,first,"Kaggle klekzee/phillipines-housing-market (portal scrape, 2024)"
225,"3-Bedroom House and Lot for Sale in Pavia, Iloilo at Parc Regency Residences | PALMS Model","Ungka Ii, Pavia",Pavia,3198000,3,2,60.0,100.0,10.752901,122.537603,first,"Kaggle klekzee/phillipines-housing-market (portal scrape, 2024)"
226,"Ventura Real | Sapphire 2BR House for Sale in Calamba, Laguna | Futura by Filinvest","Pueblo Solana In Ciudad De Calamba Bubuyan, Calamba",Calamba,4678200,2,1,62.8,88.0,14.170827,121.099638,first,"Kaggle klekzee/phillipines-housing-market (portal scrape, 2024)"
227,"3BR 3-Storey Townhouse for Sale near Alabang in Likha Residences, Muntinlupa | Typical Unit (Garden Unit)","Km. 19 West Service Rd. Cupang, Muntinlupa",Muntinlupa,27088000,3,3,219.3,90.0,14.432163,121.045242,first,"Kaggle klekzee/phillipines-housing-market (portal scrape, 2024)"
228,"3BR SD House and Lot for Sale in Urdaneta, Pangasinan at Camella Urdaneta | Cara w/ CB 141sqm","Macarthur Hwy Anonas, Urdaneta",Urdaneta,8237000,3,2,66.0,141.0,16.001583,120.576056,first,"Kaggle klekzee/phillipines-housing-market (portal scrape, 2024)"
229,"New Fields Phase 2 | 2BR House and Lot for Sale in Teresa, Rizal | Futura by Filinvest","Manna East Dalig, Teresa",Teresa,4470800,2,1,40.3,85.0,14.566399,121.21573,first,"Kaggle klekzee/phillipines-housing-market (portal scrape, 2024)"
230,"3-Bedroom House and Lot for Sale in Kawit, Cavite at Lancaster New City | MARGARET Model","San Sebastian, Kawit",Kawit,5690000,3,2,72.0,100.0,14.412979,120.888668,first,"Kaggle klekzee/phillipines-housing-market (portal scrape, 2024)"
231,"Ready For You: 1BR SD House and Lot (Aruna) for Sale in Compostela, Cebu at Amoa","Tamiao, Compostela",Compostela,6033000,1,1,,,10.438288,123.994725,first,"Kaggle klekzee/phillipines-housing-market (portal scrape, 2024)"
232,"2-Storey House, 5 Bedrooms in Camella Silang Terrazas| Freya","Adlas, Silang",Silang,12684000,5,3,142.0,174.0,14.256841,120.965521,first,"Kaggle klekzee/phillipines-housing-market (portal scrape, 2024)"
233,"4-Bedroom House and Lot for Sale in General Trias, Cavite at Lancaster New City | BRIANA Model","Pasong Camachile I, General Trias",General Trias,6756360,4,3,110.0,100.0,14.372321,120.897674,first,"Kaggle klekzee/phillipines-housing-market (portal scrape, 2024)"
234,"3BR 3-Storey Townhouse for Sale near Alabang in Likha Residences, Muntinlupa | Typical Unit (Garden Unit)","Km. 19 West Service Rd. Cupang, Muntinlupa",Muntinlupa,28216000,3,3,219.3,90.0,14.432163,121.045242,first,"Kaggle klekzee/phillipines-housing-market (portal scrape, 2024)"
235,Likha Residences | Pre-selling 3BR 3-Storey Townhouse for Sale near Alabang in Muntinlupa | Typical Unit,"Cupang, Muntinlupa",Muntinlupa,31111000,3,3,247.4,92.0,14.437884,121.050321,first,"Kaggle klekzee/phillipines-housing-market (portal scrape, 2024)"
236,"Pre-selling 3BR 3-Storey Townhouse for Sale near Alabang in Likha Residences, Muntinlupa | Typical Unit","Km. 19 West Service Rd. Cupang, Muntinlupa",Muntinlupa,31111000,3,3,247.4,92.0,14.432163,121.045242,first,"Kaggle klekzee/phillipines-housing-market (portal scrape, 2024)"
237,"3BR 3-Storey Townhouse for Sale near Alabang in Likha Residences, Muntinlupa | Corner Unit (Garden Unit)","Km. 19 West Service Rd. Cupang, Muntinlupa",Muntinlupa,26953000,3,3,219.3,91.0,14.432163,121.045242,first,"Kaggle klekzee/phillipines-housing-market (portal scrape, 2024)"
238,Likha Residences | Pre-selling 3BR 3-Storey Townhouse for Sale near Alabang in Muntinlupa | Unit Facing Clubhouse,"Cupang, Muntinlupa",Muntinlupa,32539000,3,3,247.4,93.0,14.437884,121.050321,first,"Kaggle klekzee/phillipines-housing-market (portal scrape, 2024)"
239,"3BR 3-Storey Townhouse for Sale near Alabang in Likha Residences, Muntinlupa | Corner Unit","Km. 19 West Service Rd. Cupang, Muntinlupa",Muntinlupa,34604000,3,3,247.4,94.0,14.432163,121.045242,first,"Kaggle klekzee/phillipines-housing-market (portal scrape, 2024)"
240,"3BR 3-Storey Townhouse for Sale near Alabang in Likha Residences, Muntinlupa | End Unit (Garden Unit)","Km. 19 West Service Rd. Cupang, Muntinlupa",Muntinlupa,26365000,3,3,219.3,90.0,14.432163,121.045242,repeat,"Kaggle klekzee/phillipines-housing-market (portal scrape, 2024)"
241,"3BR 3-Storey Townhouse for Sale near Alabang in Likha Residences, Muntinlupa | End Unit (Garden Unit)","Km. 19 West Service Rd. Cupang, Muntinlupa",Muntinlupa,26365000,3,3,219.3,90.0,14.432163,121.045242,repeat,"Kaggle klekzee/phillipines-housing-market (portal scrape, 2024)"
242,"Shophouse for Sale in Capas, Tarlac at Ajoya Capas","Talaga, Capas",Capas,8723000,,2,99.0,60.0,15.383744,120.587083,first,"Kaggle klekzee/phillipines-housing-market (portal scrape, 2024)"
243,"RFO 3BR 3-Storey Townhouse for Sale near Alabang in Likha Residences, Muntinlupa | Unit Facing Clubhouse","Km. 19 West Service Rd. Cupang, Muntinlupa",Muntinlupa,32568000,3,3,247.4,92.0,14.432163,121.045242,first,"Kaggle klekzee/phillipines-housing-market (portal scrape, 2024)"
244,"3BR Single Attached-Complete House and Lot for Sale in Santa Maria, Bulacan at North Orchard Residences","Caysio Rd. Caysio, Santa Maria",Santa Maria,5183808,3,2,75.3,80.0,14.84823,120.969695,first,"Kaggle klekzee/phillipines-housing-market (portal scrape, 2024)"
245,Futura Homes Koronadal | Amber 2BR Duplex House for Sale in South Cotabato | Futura by Filinvest,"Purok Hurtado Concepcion, Koronadal",Koronadal,3528200,2,1,40.3,84.0,6.491881,124.799431,first,"Kaggle klekzee/phillipines-housing-market (portal scrape, 2024)"
246,"5BR 2-Storey House and Lot for Sale in Subic, Zambales at Camella Subic | Ella w/ CB 163sqm","Aningway Sacatihan, Subic",Subic,8463000,5,3,100.0,163.0,14.913178,120.228242,first,"Kaggle klekzee/phillipines-housing-market (portal scrape, 2024)"
247,"2BR 2-Storey House and Lot for Sale in Subic, Zambales at Camella Subic | Criselle 73sqm","Aningway Sacatihan, Subic",Subic,3790000,2,1,40.0,73.0,14.913178,120.228242,first,"Kaggle klekzee/phillipines-housing-market (portal scrape, 2024)"
248,"3BR 2-Storey House and Lot for Sale in Subic, Zambales at Camella Subic | Cara 95sqm","Aningway Sacatihan, Subic",Subic,6060000,3,2,66.0,95.0,14.913178,120.228242,first,"Kaggle klekzee/phillipines-housing-market (portal scrape, 2024)"
249,3-Bedroom Quadruplex House and Lot for Sale in General Trias Cavite at Minami Residences | HANNA Model,"Arnaldo Highway Santiago, General Trias",General Trias,4058400,3,2,54.0,80.0,14.344321,120.905845,first,"Kaggle klekzee/phillipines-housing-market (portal scrape, 2024)"
250,"Townhouse for Sale 2 bedroom in San Rafael, Bulacan at Primeworld Enclave","Caingin, San Rafael",San Rafael,1800000,2,1,46.0,41.0,14.971747,120.943443,first,"Kaggle klekzee/phillipines-housing-market (portal scrape, 2024)"
251,RFO 5BR 2-Storey House and Lot for Sale in Tarlac City at Camella Tarlac | Elaisa w/ CB 145sqm,"Camella Tarlac Access Rd. Maliwalo, Tarlac",Tarlac,8938000,5,3,97.0,145.0,15.477785,120.614075,first,"Kaggle klekzee/phillipines-housing-market (portal scrape, 2024)"
252,4BR 2-Storey House and Lot for Sale in Tarlac City at Camella Tarlac | Dani 99sqm,"Camella Tarlac Access Rd. Maliwalo, Tarlac",Tarlac,7056000,4,3,83.0,99.0,15.477785,120.614075,first,"Kaggle klekzee/phillipines-housing-market (portal scrape, 2024)"
253,5BR 2-Storey House and Lot for Sale in Tarlac City at Camella Tarlac | Greta w/ CB 198sqm,"Camella Tarlac Access Rd. Maliwalo, Tarlac",Tarlac,12383000,5,3,166.0,198.0,15.477785,120.614075,first,"Kaggle klekzee/phillipines-housing-market (portal scrape, 2024)"
254,5BR 2-Storey House and Lot for Sale in Tarlac City at Camella Tarlac | Freya w/ CB 202sqm,"Camella Tarlac Access Rd. Maliwalo, Tarlac",Tarlac,11510000,5,3,142.0,202.0,15.477785,120.614075,first,"Kaggle klekzee/phillipines-housing-market (portal scrape, 2024)"
255,2BR 2-Storey House and Lot for Sale in Tarlac City at Camella Tarlac | Bella 88sqm,"Camella Tarlac Access Rd. Maliwalo, Tarlac",Tarlac,5406000,2,2,53.0,88.0,15.477785,120.614075,first,"Kaggle klekzee/phillipines-housing-market (portal scrape, 2024)"
256,2BR 2-Storey Townhouse for Sale in Tarlac City at Camella Tarlac | Arielle IU 42sqm,"Camella Tarlac Access Rd. Maliwalo, Tarlac",Tarlac,2742000,2,1,36.0,42.0,15.477785,120.614075,first,"Kaggle klekzee/phillipines-housing-market (portal scrape, 2024)"
257,5BR 2-Storey House and Lot for Sale in Tarlac City at Camella Tarlac | Ella w/ CB 176sqm,"Camella Tarlac Access Rd. Maliwalo, Tarlac",Tarlac,10159000,5,3,100.0,176.0,15.477785,120.614075,first,"Kaggle klekzee/phillipines-housing-market (portal scrape, 2024)"
258,5BR 2-Storey House and Lot for Sale in Tarlac City at Camella Tarlac | Ella w/ CB 121sqm,"Camella Tarlac Access Rd. Maliwalo, Tarlac",Tarlac,8228000,5,3,100.0,121.0,15.477785,120.614075,first,"Kaggle klekzee/phillipines-housing-market (portal scrape, 2024)"
259,2BR 2-Storey Townhouse for Sale in Tarlac City at Camella Tarlac | Arielle IU 48sqm,"Camella Tarlac Access Rd. Maliwalo, Tarlac",Tarlac,2871000,2,1,36.0,48.0,15.477785,120.614075,first,"Kaggle klekzee/phillipines-housing-market (portal scrape, 2024)"
260,"Ready For You: 2BR 2-Storey Townhouse (Amita) for Sale in Compostela, Cebu at Amoa at Php 45,824 monthly amortization","Tamiao, Compostela",Compostela,5049000,2,2,53.0,50.0,10.438288,123.994725,first,"Kaggle klekzee/phillipines-housing-market (portal scrape, 2024)"
261,2BR 2-Storey Townhouse for Sale in Tarlac City at Camella Tarlac | Arielle EU 63sqm,"Camella Tarlac Access Rd. Maliwalo, Tarlac",Tarlac,3066000,2,1,36.0,63.0,15.477785,120.614075,first,"Kaggle klekzee/phillipines-housing-market (portal scrape, 2024)"
262,"5BR 2-Storey House and Lot for Sale in Cabanatuan, Nueva Ecija at Camella Nueva Ecija | Ella w/ CB 121sqm","Emilio Vergara Hwy Santa Arcadia, Cabanatuan",Cabanatuan,7650000,5,3,100.0,121.0,15.468244,120.976414,first,"Kaggle klekzee/phillipines-housing-market (portal scrape, 2024)"
263,"5BR 2-Storey House and Lot for Sale in Cabanatuan, Nueva Ecija at Camella Nueva Ecija | Ella w/ CB 141sqm","Emilio Vergara Hwy Santa Arcadia, Cabanatuan",Cabanatuan,9153000,5,3,100.0,141.0,15.468244,120.976414,first,"Kaggle klekzee/phillipines-housing-market (portal scrape, 2024)"
264,"OG 2BR 2-Storey House and Lot for Sale in Cabanatuan, Nueva Ecija at Camella Nueva Ecija | Ezabelle 64sqm","Emilio Vergara Hwy Santa Arcadia, Cabanatuan",Cabanatuan,4787000,2,1,46.0,64.0,15.468244,120.976414,first,"Kaggle klekzee/phillipines-housing-market (portal scrape, 2024)"
265,3BR 2-Storey House and Lot for Sale in Cabanatuan Nueva Ecija at Camella Nueva Ecija | Cara 99sqm,"Emilio Vergara Hwy Santa Arcadia, Cabanatuan",Cabanatuan,6497000,3,2,66.0,99.0,15.468244,120.976414,first,"Kaggle klekzee/phillipines-housing-market (portal scrape, 2024)"
266,2BR 2-Storey House and Lot for Sale in Tarlac City at Camella Tarlac | Frielle 99sqm,"Camella Tarlac Access Rd. Maliwalo, Tarlac",Tarlac,5031000,2,1,50.0,99.0,15.477785,120.614075,first,"Kaggle klekzee/phillipines-housing-market (portal scrape, 2024)"
267,"4BR Single Attached House and Lot for Sale in Lipa, Batangas | The Villages at Lipa - Brook Village, SA80","Bugtong Na Pulo, Lipa",Lipa,5692000,4,2,80.0,100.0,13.998431,121.167459,first,"Kaggle klekzee/phillipines-housing-market (portal scrape, 2024)"
268,"For Sale 3-Bedroom Quadruplex House and Lot in General Trias, Cavite at Minami Residences | HANNA Model","Arnaldo Highway Santiago, General Trias",General Trias,4058400,3,2,54.0,80.0,14.344321,120.905845,first,"Kaggle klekzee/phillipines-housing-market (portal scrape, 2024)"
269,"3BR Single Detached House and Lot for Sale in Cabanatuan, Nueva Ecija at Ajoya Cabanatuan","Valle Cruz, Cabanatuan",Cabanatuan,4896200,3,2,81.0,117.0,15.479984,120.992041,first,"Kaggle klekzee/phillipines-housing-market (portal scrape, 2024)"
270,"5BR 2-Storey House and Lot for Sale in Subic, Zambales at Camella Subic | Freya 153sqm","Aningway Sacatihan, Subic",Subic,9185000,5,3,142.0,153.0,14.913178,120.228242,first,"Kaggle klekzee/phillipines-housing-market (portal scrape, 2024)"
271,"4BR Single Attached House and Lot for Sale in Lipa, Batangas | The Villages at Lipa - Brook Village, SA80","Bugtong Na Pulo, Lipa",Lipa,5692000,4,2,80.0,100.0,13.998431,121.167459,repeat,"Kaggle klekzee/phillipines-housing-market (portal scrape, 2024)"
272,"For Sale : Townhouse Near SM Tanza Cavite with Carport, as low as 8K Monthly!","Julugan I, Tanza",Tanza,1650408,2,1,44.0,36.0,14.405343,120.842879,first,"Kaggle klekzee/phillipines-housing-market (portal scrape, 2024)"
273,"5BR 2-Storey House and Lot for Sale in Cabanatuan, Nueva Ecija at Camella Nueva Ecija | Ella w/ CB 121sqm","Emilio Vergara Hwy Santa Arcadia, Cabanatuan",Cabanatuan,7650000,5,3,100.0,121.0,15.468244,120.976414,repeat,"Kaggle klekzee/phillipines-housing-market (portal scrape, 2024)"
274,"5BR 2-Storey House and Lot for Sale in Cabanatuan, Nueva Ecija at Camella Nueva Ecija | Ella w/ CB 141sqm","Emilio Vergara Hwy Santa Arcadia, Cabanatuan",Cabanatuan,9153000,5,3,100.0,141.0,15.468244,120.976414,repeat,"Kaggle klekzee/phillipines-housing-market (portal scrape, 2024)"
275,3BR 2-Storey House and Lot for Sale in Cabanatuan Nueva Ecija at Camella Nueva Ecija | Cara 99sqm,"Emilio Vergara Hwy Santa Arcadia, Cabanatuan",Cabanatuan,6497000,3,2,66.0,99.0,15.468244,120.976414,repeat,"Kaggle klekzee/phillipines-housing-market (portal scrape, 2024)"
276,"OG 2BR 2-Storey House and Lot for Sale in Cabanatuan, Nueva Ecija at Camella Nueva Ecija | Ezabelle 64sqm","Emilio Vergara Hwy Santa Arcadia, Cabanatuan",Cabanatuan,4787000,2,1,46.0,64.0,15.468244,120.976414,repeat,"Kaggle klekzee/phillipines-housing-market (portal scrape, 2024)"
277,5BR 2-Storey House and Lot for Sale in Cabanatuan Nueva Ecija at Camella Nueva Ecija | Greta 143sqm,"Emilio Vergara Hwy Santa Arcadia, Cabanatuan",Cabanatuan,10575000,5,3,166.0,143.0,15.468244,120.976414,first,"Kaggle klekzee/phillipines-housing-market (portal scrape, 2024)"
278,"RFO 2BR 2-Storey House and Lot for Sale in Cabanatuan, Nueva Ecija at Camella Nueva Ecija | Marga 54sqm","Emilio Vergara Hwy Santa Arcadia, Cabanatuan",Cabanatuan,4259000,2,1,46.0,54.0,15.468244,120.976414,first,"Kaggle klekzee/phillipines-housing-market (portal scrape, 2024)"
279,"For Sale 2BR 2-Storey House and Lot in Cabanatuan, Nueva Ecija at Camella Nueva Ecija | Bella 88sqm","Emilio Vergara Hwy Santa Arcadia, Cabanatuan",Cabanatuan,5425000,2,2,53.0,88.0,15.468244,120.976414,first,"Kaggle klekzee/phillipines-housing-market (portal scrape, 2024)"
280,"For Sale 2BR 2-Storey Townhouse in Cabanatuan, Nueva Ecija at Camella Nueva Ecija | Arielle EU 63sqm","Emilio Vergara Hwy Santa Arcadia, Cabanatuan",Cabanatuan,3146000,2,1,36.0,63.0,15.468244,120.976414,first,"Kaggle klekzee/phillipines-housing-market (portal scrape, 2024)"
281,"RFO 2BR 2-Storey Townhouse for Sale in Cabanatuan, Nueva Ecija at Camella Nueva Ecija | Arielle IU 36sqm","Emilio Vergara Hwy Santa Arcadia, Cabanatuan",Cabanatuan,2799000,2,1,36.0,36.0,15.468244,120.976414,first,"Kaggle klekzee/phillipines-housing-market (portal scrape, 2024)"
282,"RFO 3BR 2-Storey House and Lot for Sale in Cabanatuan, Nueva Ecija at Camella Nueva Ecija | Mara CL","Emilio Vergara Hwy Santa Arcadia, Cabanatuan",Cabanatuan,7240000,3,2,53.0,133.0,15.468244,120.976414,first,"Kaggle klekzee/phillipines-housing-market (portal scrape, 2024)"
283,"RFO 2BR 2-Storey House and Lot for Sale in Cabanatuan, Nueva Ecija at Camella Nueva Ecija | Reva","Emilio Vergara Hwy Santa Arcadia, Cabanatuan",Cabanatuan,4348000,2,1,40.0,63.0,15.468244,120.976414,first,"Kaggle klekzee/phillipines-housing-market (portal scrape, 2024)"
284,"2BR 2-Storey Townhouse for Sale in Compostela, Cebu at Amoa | AMITA - Mid","Tamiao, Compostela",Compostela,4389000,2,2,53.0,50.0,10.438288,123.994725,first,"Kaggle klekzee/phillipines-housing-market (portal scrape, 2024)"
285,"2BR 2-Storey House and Lot for Sale in Subic, Zambales at Camella Subic | Bella 95sqm","Aningway Sacatihan, Subic",Subic,5578000,2,2,53.0,95.0,14.913178,120.228242,first,"Kaggle klekzee/phillipines-housing-market (portal scrape, 2024)"
286,"3BR House and Lot for Sale in Urdaneta, Pangasinan at Camella Urdaneta | Cara w/ CB 158sqm","Macarthur Hwy Anonas, Urdaneta",Urdaneta,8727000,3,2,66.0,158.0,16.001583,120.576056,first,"Kaggle klekzee/phillipines-housing-market (portal scrape, 2024)"
287,"3BR House and Lot for Sale in Urdaneta, Pangasinan at Camella Urdaneta | Cara 88sqm","Macarthur Hwy Anonas, Urdaneta",Urdaneta,5301000,3,2,66.0,88.0,16.001583,120.576056,first,"Kaggle klekzee/phillipines-housing-market (portal scrape, 2024)"
288,"3BR SD House and Lot for Sale in Urdaneta, Pangasinan at Camella Urdaneta | Cara w/ CB 174sqm","Macarthur Hwy Anonas, Urdaneta",Urdaneta,9375000,3,2,66.0,174.0,16.001583,120.576056,first,"Kaggle klekzee/phillipines-housing-market (portal scrape, 2024)"
289,"Austine Homes | P500 2BR Townhouse for Sale in Mabalacat, Pampanga | Futura by Filinvest","Santa Maria, Mabalacat",Mabalacat,1979000,2,1,38.9,43.2,15.227008,120.592201,first,"Kaggle klekzee/phillipines-housing-market (portal scrape, 2024)"
290,Likha Residences | Pre-selling 3BR 3-Storey Townhouse for Sale near Alabang in Muntinlupa | Unit Facing Clubhouse,"Cupang, Muntinlupa",Muntinlupa,32539000,3,3,247.4,93.0,14.437884,121.050321,repeat,"Kaggle klekzee/phillipines-housing-market (portal scrape, 2024)"
291,"Pre-selling 3BR 3-Storey Townhouse for Sale near Alabang in Likha Residences, Muntinlupa | Typical Unit","Km. 19 West Service Rd. Cupang, Muntinlupa",Muntinlupa,31348000,3,3,247.4,92.0,14.432163,121.045242,first,"Kaggle klekzee/phillipines-housing-market (portal scrape, 2024)"
292,"3BR 3-Storey Townhouse for Sale near Alabang in Likha Residences, Muntinlupa | Typical End Unit","Km. 19 West Service Rd. Cupang, Muntinlupa",Muntinlupa,32514000,3,3,247.4,92.0,14.432163,121.045242,first,"Kaggle klekzee/phillipines-housing-market (portal scrape, 2024)"
293,Likha Residences | Pre-selling 3BR 3-Storey Townhouse for Sale near Alabang in Muntinlupa | Unit Facing Clubhouse,"Cupang, Muntinlupa",Muntinlupa,32539000,3,3,247.4,93.0,14.437884,121.050321,repeat,"Kaggle klekzee/phillipines-housing-market (portal scrape, 2024)"
294,"Pre-selling 3BR 3-Storey Townhouse for Sale near Alabang in Likha Residences, Muntinlupa | Corner Unit","Km. 19 West Service Rd. Cupang, Muntinlupa",Muntinlupa,32331000,3,3,247.4,94.0,14.432163,121.045242,first,"Kaggle klekzee/phillipines-housing-market (portal scrape, 2024)"
295,"RFO 3BR 3-Storey Townhouse for Sale near Alabang in Likha Residences, Muntinlupa | Typical Unit","Km. 19 West Service Rd. Cupang, Muntinlupa",Muntinlupa,32184000,3,3,247.4,92.0,14.432163,121.045242,first,"Kaggle klekzee/phillipines-housing-market (portal scrape, 2024)"
296,"Pre-selling 3BR 3-Storey Townhouse for Sale near Alabang in Likha Residences, Muntinlupa | Unit Facing Clubhouse","Km. 19 West Service Rd. Cupang, Muntinlupa",Muntinlupa,32539000,3,3,247.4,93.0,14.432163,121.045242,repeat,"Kaggle klekzee/phillipines-housing-market (portal scrape, 2024)"
297,"3BR 3-Storey Townhouse for Sale near Alabang in Likha Residences, Muntinlupa | Unit Facing Clubhouse",,(no location given),34016000,3,3,247.4,93.0,14.432163,121.045242,first,"Kaggle klekzee/phillipines-housing-market (portal scrape, 2024)"
298,"3BR 3-Storey Townhouse for Sale near Alabang in Likha Residences, Muntinlupa | Unit Facing Clubhouse","Km. 19 West Service Rd. Cupang, Muntinlupa",Muntinlupa,34016000,3,3,247.4,93.0,14.432163,121.045242,repeat,"Kaggle klekzee/phillipines-housing-market (portal scrape, 2024)"
299,Likha Residences | Pre-selling 3BR 3-Storey Townhouse for Sale near Alabang in Muntinlupa | Corner Unit,"Cupang, Muntinlupa",Muntinlupa,32331000,3,3,247.4,94.0,14.437884,121.050321,first,"Kaggle klekzee/phillipines-housing-market (portal scrape, 2024)"
300,"Pre-selling 3BR 3-Storey Townhouse for Sale near Alabang in Likha Residences, Muntinlupa | Unit Facing Clubhouse","Km. 19 West Service Rd. Cupang, Muntinlupa",Muntinlupa,32539000,3,3,247.4,93.0,14.432163,121.045242,repeat,"Kaggle klekzee/phillipines-housing-market (portal scrape, 2024)"
301,"3BR 3-Storey Townhouse for Sale near Alabang in Likha Residences, Muntinlupa | Typical Unit (Garden Unit)",,(no location given),27088000,3,3,219.3,90.0,14.432163,121.045242,first,"Kaggle klekzee/phillipines-housing-market (portal scrape, 2024)"
302,"3BR 3-Storey Townhouse for Sale near Alabang in Likha Residences, Muntinlupa | Typical Unit (Garden Unit)","Km. 19 West Service Rd. Cupang, Muntinlupa",Muntinlupa,27088000,3,3,219.3,90.0,14.432163,121.045242,repeat,"Kaggle klekzee/phillipines-housing-market (portal scrape, 2024)"
303,Likha Residences | Pre-selling 3BR 3-Storey Townhouse for Sale near Alabang in Muntinlupa | Unit Facing Clubhouse,"Cupang, Muntinlupa",Muntinlupa,31706000,3,3,247.4,92.0,14.437884,121.050321,first,"Kaggle klekzee/phillipines-housing-market (portal scrape, 2024)"
304,"3BR 3-Storey Townhouse for Sale near Alabang in Likha Residences, Muntinlupa | End Unit (Garden Unit)","Km. 19 West Service Rd. Cupang, Muntinlupa",Muntinlupa,26365000,3,3,219.3,90.0,14.432163,121.045242,repeat,"Kaggle klekzee/phillipines-housing-market (portal scrape, 2024)"
305,"3BR 3-Storey Townhouse for Sale near Alabang in Likha Residences, Muntinlupa | Corner Unit (Garden Unit)","Km. 19 West Service Rd. Cupang, Muntinlupa",Muntinlupa,27676000,3,3,219.3,91.0,14.432163,121.045242,first,"Kaggle klekzee/phillipines-housing-market (portal scrape, 2024)"
306,"3BR 3-Storey Townhouse for Sale near Alabang in Likha Residences, Muntinlupa | Typical End Unit (Garden Unit)","Km. 19 West Service Rd. Cupang, Muntinlupa",Muntinlupa,29098000,3,3,219.3,106.0,14.432163,121.045242,first,"Kaggle klekzee/phillipines-housing-market (portal scrape, 2024)"
307,"3BR 3-Storey Townhouse for Sale near Alabang in Likha Residences, Muntinlupa | Unit Facing Clubhouse","Km. 19 West Service Rd. Cupang, Muntinlupa",Muntinlupa,34016000,3,3,247.4,93.0,14.432163,121.045242,repeat,"Kaggle klekzee/phillipines-housing-market (portal scrape, 2024)"
308,"2BR 2-Storey House and Lot for Sale in Subic, Zambales at Camella Subic | Bella SF 88sqm","Aningway Sacatihan, Subic",Subic,4866000,2,2,53.0,88.0,14.913178,120.228242,first,"Kaggle klekzee/phillipines-housing-market (portal scrape, 2024)"
309,5BR 2-Storey House and Lot for Sale in Tarlac City at Camella Tarlac | Freya w/ CB 198sqm,"Camella Tarlac Access Rd. Maliwalo, Tarlac",Tarlac,11871000,5,3,142.0,198.0,15.477785,120.614075,first,"Kaggle klekzee/phillipines-housing-market (portal scrape, 2024)"
310,4BR 2-Storey House and Lot for Sale in Tarlac City at Camella Tarlac | Dani 104sqm,"Camella Tarlac Access Rd. Maliwalo, Tarlac",Tarlac,6893000,4,3,83.0,104.0,15.477785,120.614075,first,"Kaggle klekzee/phillipines-housing-market (portal scrape, 2024)"
311,2BR 2-Storey House and Lot for Sale in Tarlac City at Camella Tarlac | Ezabelle 66sqm,"Camella Tarlac Access Rd. Maliwalo, Tarlac",Tarlac,3999000,2,1,46.0,66.0,15.477785,120.614075,first,"Kaggle klekzee/phillipines-housing-market (portal scrape, 2024)"
312,For Sale RFO 2BR 2-Storey House and Lot in Tarlac City at Camella Tarlac | Ezabelle Combo Lot 96sqm,"Camella Tarlac Access Rd. Maliwalo, Tarlac",Tarlac,5192000,2,1,46.0,96.0,15.477785,120.614075,first,"Kaggle klekzee/phillipines-housing-market (portal scrape, 2024)"
313,RFO 2BR 2-Storey House and Lot for Sale in Tarlac City at Camella Tarlac | Ezabelle 63sqm,"Camella Tarlac Access Rd. Maliwalo, Tarlac",Tarlac,4488000,2,1,46.0,63.0,15.477785,120.614075,first,"Kaggle klekzee/phillipines-housing-market (portal scrape, 2024)"
314,2BR 2-Storey House and Lot for Sale in Tarlac City at Camella Tarlac | Ezabelle 63sqm,"Camella Tarlac Access Rd. Maliwalo, Tarlac",Tarlac,3559000,2,1,46.0,63.0,15.477785,120.614075,first,"Kaggle klekzee/phillipines-housing-market (portal scrape, 2024)"
315,"2BR 2-Storey House and Lot for Sale in Subic, Zambales at Camella Subic | Bella SF 115sqm","Aningway Sacatihan, Subic",Subic,5605000,2,2,53.0,115.0,14.913178,120.228242,first,"Kaggle klekzee/phillipines-housing-market (portal scrape, 2024)"
316,"3-Bedroom House and Lot for Sale in Kawit, Cavite at Lancaster New City | CHESSA Model","San Sebastian, Kawit",Kawit,5978000,3,3,90.0,100.0,14.412979,120.888668,first,"Kaggle klekzee/phillipines-housing-market (portal scrape, 2024)"
317,"5BR 2-Storey House and Lot for Sale in Subic, Zambales at Camella Subic | Greta 176sqm","Aningway Sacatihan, Subic",Subic,10770000,5,3,166.0,176.0,14.913178,120.228242,first,"Kaggle klekzee/phillipines-housing-market (portal scrape, 2024)"
318,"5BR 2-Storey House and Lot for Sale in Subic, Zambales at Camella Subic | Freya 190sqm","Aningway Sacatihan, Subic",Subic,11739000,5,3,142.0,190.0,14.913178,120.228242,first,"Kaggle klekzee/phillipines-housing-market (portal scrape, 2024)"
319,"3BR Single Attached House and Lot for Sale in Cabanatuan, Nueva Ecija at Ajoya Cabanatuan","Valle Cruz, Cabanatuan",Cabanatuan,4772388,3,2,80.0,203.0,15.479984,120.992041,first,"Kaggle klekzee/phillipines-housing-market (portal scrape, 2024)"
320,"4-Bedroom House and Lot for Sale in Kawit, Cavite at Lancaster New City | ALEXANDRA Model","San Sebastian, Kawit",Kawit,7410000,4,3,100.0,120.0,14.412979,120.888668,first,"Kaggle klekzee/phillipines-housing-market (portal scrape, 2024)"
321,3-Bedroom House and Lot for Sale in Pavia Iloilo at Parc Regency Residences | MADELYN Model,"Ungka Ii, Pavia",Pavia,4436364,3,2,72.0,100.0,10.752901,122.537603,first,"Kaggle klekzee/phillipines-housing-market (portal scrape, 2024)"
322,"3BR House and Lot for Sale in San Jose, Batangas at PHINMA Maayo San Jose | Trinidad Model, 500K Discount Promo w/ Solar Panel + Appliance Bundle!","President Jose P. Laurel Hwy Banaybanay Ii, San Jose",San Jose,8700000,3,3,84.8,125.2,13.918423,121.105495,first,"Kaggle klekzee/phillipines-housing-market (portal scrape, 2024)"
323,"3BR 2-Storey House and Lot for Sale in Mabalacat, Pampanga at Talanai Homes | AGOHO","Sapang Biabas, Mabalacat",Mabalacat,2706500,3,2,62.0,65.0,15.198775,120.60261,first,"Kaggle klekzee/phillipines-housing-market (portal scrape, 2024)"
324,"3BR 3-Storey Townhouse for Sale near Alabang in Likha Residences, Muntinlupa | End Unit (Garden Unit)","Km. 19 West Service Rd. Cupang, Muntinlupa",Muntinlupa,26953000,3,3,219.3,91.0,14.430274,121.045259,first,"Kaggle klekzee/phillipines-housing-market (portal scrape, 2024)"
325,"For Sale 3BR House and Lot in San Jose, Batangas at PHINMA Maayo San Jose | Trinidad Model, 500K Discount Promo w/ Solar Panel + Appliance Bundle!","President Jose P. Laurel Hwy Banaybanay Ii, San Jose",San Jose,8700000,3,3,84.8,125.2,13.918423,121.105495,first,"Kaggle klekzee/phillipines-housing-market (portal scrape, 2024)"
326,"Ready For You: Shophouse for Sale in Cabanatuan, Nueva Ecija at Ajoya Cabanatuan","Valle Cruz, Cabanatuan",Cabanatuan,7452000,3,2,80.0,203.0,15.479984,120.992041,first,"Kaggle klekzee/phillipines-housing-market (portal scrape, 2024)"
327,"3-Bedroom House and Lot for Sale in General Trias, Cavite at Lancaster New City | MARGARET Model","Pasong Camachile I, General Trias",General Trias,5690000,3,2,72.0,100.0,14.372321,120.897674,first,"Kaggle klekzee/phillipines-housing-market (portal scrape, 2024)"
328,"Ready For You: Shophouse for Sale in Capas, Tarlac at Ajoya Capas at Php 75,608.33 monthly amortization","Talaga, Capas",Capas,9273000,,2,99.0,60.0,15.383744,120.587083,first,"Kaggle klekzee/phillipines-housing-market (portal scrape, 2024)"
329,"2BR House and Lot for Sale in Urdaneta, Pangasinan at Camella Urdaneta | Bella 110sqm","Macarthur Hwy Anonas, Urdaneta",Urdaneta,5691000,2,2,53.0,110.0,16.001583,120.576056,first,"Kaggle klekzee/phillipines-housing-market (portal scrape, 2024)"
330,"5BR 2-Storey House and Lot for Sale in Subic, Zambales at Camella Subic | Greta 230sqm","Aningway Sacatihan, Subic",Subic,13479000,5,3,166.0,230.0,14.913178,120.228242,first,"Kaggle klekzee/phillipines-housing-market (portal scrape, 2024)"
331,"4-Bedroom House and Lot for Sale in Kawit, Cavite at Lancaster New City | ALEXANDRA Model","San Sebastian, Kawit",Kawit,7410000,4,3,100.0,120.0,14.412979,120.888668,repeat,"Kaggle klekzee/phillipines-housing-market (portal scrape, 2024)"
332,"Ready For You: Shophouse for Sale in Capas, Tarlac at Ajoya Capas at Php 75,608.33 monthly amortization","Talaga, Capas",Capas,9273000,,2,99.0,60.0,15.383744,120.587083,repeat,"Kaggle klekzee/phillipines-housing-market (portal scrape, 2024)"
333,"2BR House and Lot for Sale in Urdaneta, Pangasinan at Camella Urdaneta | Bella 246sqm","Macarthur Hwy Anonas, Urdaneta",Urdaneta,8434000,2,2,53.0,246.0,16.001583,120.576056,first,"Kaggle klekzee/phillipines-housing-market (portal scrape, 2024)"
334,"3BR 3-Storey Townhouse for Sale near Alabang in Likha Residences, Muntinlupa | End Unit (Garden Unit)","Km. 19 West Service Rd. Cupang, Muntinlupa",Muntinlupa,28678000,3,3,219.3,91.0,14.430274,121.045259,repeat,"Kaggle klekzee/phillipines-housing-market (portal scrape, 2024)"
335,"4BR Single Detached House and Lot for Sale in Cabanatuan, Nueva Ecija at Ajoya Cabanatuan","Valle Cruz, Cabanatuan",Cabanatuan,5772333,4,2,96.0,196.0,15.479984,120.992041,first,"Kaggle klekzee/phillipines-housing-market (portal scrape, 2024)"
336,"3BR 3-Storey Townhouse for Sale near Alabang in Likha Residences, Muntinlupa | End Unit (Garden Unit)","Km. 19 West Service Rd. Cupang, Muntinlupa",Muntinlupa,26953000,3,3,219.3,91.0,14.430274,121.045259,repeat,"Kaggle klekzee/phillipines-housing-market (portal scrape, 2024)"
337,"For Sale 3BR House and Lot in San Jose, Batangas at PHINMA Maayo San Jose | Trinidad Model, 500K Discount Promo w/ Solar Panel + Appliance Bundle!","President Jose P. Laurel Hwy Banaybanay Ii, San Jose",San Jose,8700000,3,3,84.8,125.2,13.918423,121.105495,repeat,"Kaggle klekzee/phillipines-housing-market (portal scrape, 2024)"
338,"2BR 2-Storey Townhouse for Sale in Malolos, Bulacan at Camella Provence | Arielle EU 74sqm","Longos, Malolos",Malolos,4079000,2,1,36.0,74.0,14.87426,120.791534,first,"Kaggle klekzee/phillipines-housing-market (portal scrape, 2024)"
339,"RFO 4BR 2-Storey House and Lot for Sale in Malolos, Bulacan at Camella Provence | Drina w/ CB","Longos, Malolos",Malolos,12576000,4,3,83.0,132.0,14.87426,120.791534,first,"Kaggle klekzee/phillipines-housing-market (portal scrape, 2024)"
340,"4BR 2-Storey House and Lot for Sale in Malolos, Bulacan at Camella Provence | Dana","Longos, Malolos",Malolos,7425000,4,3,85.0,99.0,14.87426,120.791534,first,"Kaggle klekzee/phillipines-housing-market (portal scrape, 2024)"
341,"RFO 2BR 2-Storey House and Lot for Sale in Malolos, Bulacan at Camella Provence | Criselle 63sqm","Longos, Malolos",Malolos,4414000,2,1,36.0,63.0,14.87426,120.791534,first,"Kaggle klekzee/phillipines-housing-market (portal scrape, 2024)"
342,"2BR 2-Storey House and Lot for Sale in Cabanatuan, Nueva Ecija at Camella Nueva Ecija | Ezabelle 63sqm","Emilio Vergara Hwy Santa Arcadia, Cabanatuan",Cabanatuan,4608000,2,1,46.0,63.0,15.468244,120.976414,first,"Kaggle klekzee/phillipines-housing-market (portal scrape, 2024)"
343,"RFO 5BR 2-Storey House and Lot for Sale in Subic, Zambales at Camella Subic | Freya 142sqm","Aningway Sacatihan, Subic",Subic,10185000,5,3,142.0,142.0,14.913178,120.228242,first,"Kaggle klekzee/phillipines-housing-market (portal scrape, 2024)"
344,2BR 2-Storey House and Lot for Sale in Cabanatuan Nueva Ecija at Camella Nueva Ecija | Criselle 63sqm,"Emilio Vergara Hwy Santa Arcadia, Cabanatuan",Cabanatuan,3702000,2,1,40.0,63.0,15.468244,120.976414,first,"Kaggle klekzee/phillipines-housing-market (portal scrape, 2024)"
345,"RFO 2BR 2-Storey House and Lot for Sale in Cabanatuan, Nueva Ecija at Camella Nueva Ecija | Reana 64sqm","Emilio Vergara Hwy Santa Arcadia, Cabanatuan",Cabanatuan,4432000,2,1,40.0,64.0,15.468244,120.976414,first,"Kaggle klekzee/phillipines-housing-market (portal scrape, 2024)"
346,"5BR 2-Storey House and Lot for Sale in Cabanatuan, Nueva Ecija at Camella Nueva Ecija | Ella 121sqm","Emilio Vergara Hwy Santa Arcadia, Cabanatuan",Cabanatuan,8158000,5,3,100.0,121.0,15.468244,120.976414,first,"Kaggle klekzee/phillipines-housing-market (portal scrape, 2024)"
347,"4BR 2-Storey House and Lot for Sale in Cabanatuan, Nueva Ecija at Camella Nueva Ecija | Dani w/ CB","Emilio Vergara Hwy Santa Arcadia, Cabanatuan",Cabanatuan,7764000,4,3,83.0,110.0,15.468244,120.976414,first,"Kaggle klekzee/phillipines-housing-market (portal scrape, 2024)"
348,"For Sale 2BR 2-Storey Townhouse in Cabanatuan, Nueva Ecija at Camella Nueva Ecija | Arielle IU 42sqm","Emilio Vergara Hwy Santa Arcadia, Cabanatuan",Cabanatuan,2717000,2,1,36.0,42.0,15.468244,120.976414,first,"Kaggle klekzee/phillipines-housing-market (portal scrape, 2024)"
349,"RFO 2BR 2-Storey Townhouse for Sale in Cabanatuan, Nueva Ecija at Camella Nueva Ecija | Arielle EU 54sqm","Emilio Vergara Hwy Santa Arcadia, Cabanatuan",Cabanatuan,3228000,2,1,36.0,54.0,15.468244,120.976414,first,"Kaggle klekzee/phillipines-housing-market (portal scrape, 2024)"
350,"Pineview | Molave 2BR SD House and Lot for Sale in Tanza, Cavite | Futura by Filinvest","Antero-Soriano Hwy, Remulla Drive Tanza-Naic Rd. Sahud Ulan, Tanza",Tanza,3643800,2,1,39.6,100.0,14.363135,120.820776,first,"Kaggle klekzee/phillipines-housing-market (portal scrape, 2024)"
351,"For Sale 5BR 2-Storey House and Lot in Cabanatuan, Nueva Ecija at Camella Nueva Ecija | Greta 143sqm","Emilio Vergara Hwy Santa Arcadia, Cabanatuan",Cabanatuan,10061000,5,3,166.0,143.0,15.468244,120.976414,first,"Kaggle klekzee/phillipines-housing-market (portal scrape, 2024)"
352,"5BR 2-Storey House and Lot for Sale in Cabanatuan, Nueva Ecija at Camella Nueva Ecija | Ella w/ CB 132sqm","Emilio Vergara Hwy Santa Arcadia, Cabanatuan",Cabanatuan,8608000,5,3,100.0,132.0,15.468244,120.976414,first,"Kaggle klekzee/phillipines-housing-market (portal scrape, 2024)"
353,"5BR 2-Storey House and Lot for Sale in Cabanatuan, Nueva Ecija at Camella Nueva Ecija | Freya 143sqm","Emilio Vergara Hwy Santa Arcadia, Cabanatuan",Cabanatuan,10354000,5,3,142.0,143.0,15.468244,120.976414,first,"Kaggle klekzee/phillipines-housing-market (portal scrape, 2024)"
354,"4BR 2-Storey House and Lot for Sale in Cabanatuan, Nueva Ecija at Camella Nueva Ecija | Dana w/ CB 120sqm","Emilio Vergara Hwy Santa Arcadia, Cabanatuan",Cabanatuan,8086000,4,3,85.0,120.0,15.468244,120.976414,first,"Kaggle klekzee/phillipines-housing-market (portal scrape, 2024)"
355,"2BR 2-Storey House and Lot for Sale in Cabanatuan, Nueva Ecija at Camella Nueva Ecija | Bella 96sqm","Emilio Vergara Hwy Santa Arcadia, Cabanatuan",Cabanatuan,5779000,2,2,53.0,96.0,15.468244,120.976414,first,"Kaggle klekzee/phillipines-housing-market (portal scrape, 2024)"
356,"RFO 5BR 2-Storey House and Lot for Sale in Subic, Zambales at Camella Subic | Greta 198sqm","Aningway Sacatihan, Subic",Subic,12866000,5,3,166.0,198.0,14.913178,120.228242,first,"Kaggle klekzee/phillipines-housing-market (portal scrape, 2024)"
357,"Newly Renovated 2 Storey House and Lot for Sale in Cainta, Rizal","San Isidro, Cainta",Cainta,10500000,3,3,120.0,132.0,14.609256,121.110638,first,"Kaggle klekzee/phillipines-housing-market (portal scrape, 2024)"
358,"3-Bedroom House for Sale in Mexico, Pampanga at The Lakeshore | Tahoe Model","Km.71, North Luzon Expressway Panipuan, Mexico",Mexico,3116400,3,2,89.5,154.0,15.094185,120.670158,first,"Kaggle klekzee/phillipines-housing-market (portal scrape, 2024)"
359,"5BR 2-Storey House and Lot for Sale in Subic, Zambales at Camella Subic | Greta 190sqm","Aningway Sacatihan, Subic",Subic,12035000,5,3,166.0,190.0,14.913178,120.228242,first,"Kaggle klekzee/phillipines-housing-market (portal scrape, 2024)"
360,"RFO RFO FOR SALE House & Lot in Bacoor, Cavite with BIG LOT Area near CAVITEX","Buhay Na Tubig, Imus",Imus,15500000,2,1,60.0,185.0,14.406971,120.956507,first,"Kaggle klekzee/phillipines-housing-market (portal scrape, 2024)"
361,"50% off on Reservation Fee and 1st Equity Payment (Complete Finished 2 Storey Townhouse in Hana South, Trece Martires Cavite)","Cabuco, Trece Martires",Trece Martires,2089739,2,2,40.0,45.0,14.279205,120.844632,first,"Kaggle klekzee/phillipines-housing-market (portal scrape, 2024)"
362,"Futura Homes Palm Estates | Elisa SA 2BR House for Sale in Talisay, Negros Occ. | Futura by Filinvest","Efigenio Lizares, Talisay",Talisay,3079100,2,1,34.2,84.0,10.742542,122.998761,first,"Kaggle klekzee/phillipines-housing-market (portal scrape, 2024)"
363,"M-R-3-25- Acquired Property for Sale in Unit C, 18/F, Vierra Condominium (Now known as Marfori Tower), Brittany Bay (Lakefront), Brgy. Sucat, Muntinlupa City - Retail","Sucat, Muntinlupa",Muntinlupa,7110000,,,79.0,,14.45698,121.053159,first,"Kaggle klekzee/phillipines-housing-market (portal scrape, 2024)"
364,"50% Discount on 1st Equity Payment! 2-Bedroom LYCA Townhouse for Sale at Hana South in Trece Martires, Cavite","Cabuco, Trece Martires",Trece Martires,1918427,2,2,38.0,36.0,14.279205,120.844632,first,"Kaggle klekzee/phillipines-housing-market (portal scrape, 2024)"
365,"4BR 2-Storey House and Lot for Sale in Subic, Zambales at Camella Subic | Dani w/ CB 110sqm","Aningway Sacatihan, Subic",Subic,6480000,4,3,83.0,110.0,14.913178,120.228242,first,"Kaggle klekzee/phillipines-housing-market (portal scrape, 2024)"
366,"House and Lot for Sale in San Miguel Village, Poblacion, Makati City","Poblacion, Makati",Makati,85000000,,,890.0,481.5,14.566261,121.031385,first,"Kaggle klekzee/phillipines-housing-market (portal scrape, 2024)"
367,"Semi-furnished 2-storey house for sale in Orange Grove Matina, Davao City","Orange Grv, 8000 Davao City, Philippines Matina Pangi, Davao",Davao,8000000,4,3,133.5,122.0,7.082417,125.561773,first,"Kaggle klekzee/phillipines-housing-market (portal scrape, 2024)"
368,02348 Ponte Verde Davao House for sale by Patrimonio Realty,"Buhangin, Davao",Davao,17500000,5,4,260.0,232.0,7.146969,125.594051,first,"Kaggle klekzee/phillipines-housing-market (portal scrape, 2024)"
369,"Springfield View | Walnut Basic House and Lot for Sale in Tanza, Cavite | Futura by Filinvest","Remulla Drive Tanza-Naic Rd. Sahud Ulan, Tanza",Tanza,5820400,,,67.5,100.0,14.363135,120.820776,first,"Kaggle klekzee/phillipines-housing-market (portal scrape, 2024)"
370,"4-Bedroom House and Lot for Sale in Imus, Cavite at Lancaster New City | ALEXANDRA Model","Alapan Ii-A, Imus",Imus,7410000,4,3,100.0,120.0,14.408452,120.896496,first,"Kaggle klekzee/phillipines-housing-market (portal scrape, 2024)"
371,"Pineview | Walnut 3BR SA House and Lot for Sale in Tanza, Cavite | Futura by Filinvest","Antero-Soriano Hwy, Remulla Drive Tanza-Naic Rd. Sahud Ulan, Tanza",Tanza,3649500,3,1,67.5,100.0,14.363135,120.820776,first,"Kaggle klekzee/phillipines-housing-market (portal scrape, 2024)"
372,"3-Bedroom Quadruplex House and Lot for Sale in General Trias, Cavite at Minami Residences | HANNA Model","Arnaldo Highway Santiago, General Trias",General Trias,4058400,3,2,54.0,80.0,14.340939,120.907379,first,"Kaggle klekzee/phillipines-housing-market (portal scrape, 2024)"
373,Likha Residences | Pre-selling 3BR 3-Storey Townhouse for Sale near Alabang in Muntinlupa | Unit Facing Clubhouse,"Cupang, Muntinlupa",Muntinlupa,32539000,3,3,247.4,93.0,14.437884,121.050321,repeat,"Kaggle klekzee/phillipines-housing-market (portal scrape, 2024)"
374,"3BR 3-Storey Townhouse for Sale near Alabang in Likha Residences, Muntinlupa | Unit Facing Clubhouse (Garden Unit)","Km. 19 West Service Rd. Cupang, Muntinlupa",Muntinlupa,28628000,3,3,219.3,105.0,14.430274,121.045259,first,"Kaggle klekzee/phillipines-housing-market (portal scrape, 2024)"
375,"3BR 3-Storey Townhouse for Sale near Alabang in Likha Residences, Muntinlupa | End Unit (Garden Unit)","Km. 19 West Service Rd. Cupang, Muntinlupa",Muntinlupa,26393000,3,3,219.3,91.0,14.430274,121.045259,repeat,"Kaggle klekzee/phillipines-housing-market (portal scrape, 2024)"
376,"3BR 3-Storey Townhouse for Sale near Alabang in Likha Residences, Muntinlupa | Typical Unit (Garden Unit)","Km. 19 West Service Rd. Cupang, Muntinlupa",Muntinlupa,28090000,3,3,219.3,90.0,14.430274,121.045259,repeat,"Kaggle klekzee/phillipines-housing-market (portal scrape, 2024)"
377,"3BR 3-Storey Townhouse for Sale near Alabang in Likha Residences, Muntinlupa | Corner Unit (Garden Unit)","Km. 19 West Service Rd. Cupang, Muntinlupa",Muntinlupa,26953000,3,3,219.3,91.0,14.430274,121.045259,repeat,"Kaggle klekzee/phillipines-housing-market (portal scrape, 2024)"
378,"3BR 3-Storey Townhouse for Sale near Alabang in Likha Residences, Muntinlupa | End Unit (Garden Unit)","Km. 19 West Service Rd. Cupang, Muntinlupa",Muntinlupa,29196000,3,3,219.3,105.0,14.430274,121.045259,first,"Kaggle klekzee/phillipines-housing-market (portal scrape, 2024)"
379,"3BR 3-Storey Townhouse for Sale near Alabang in Likha Residences, Muntinlupa | Typical Unit (Garden Unit)","Km. 19 West Service Rd. Cupang, Muntinlupa",Muntinlupa,28636000,3,3,219.3,105.0,14.430274,121.045259,first,"Kaggle klekzee/phillipines-housing-market (portal scrape, 2024)"
380,"Pre-selling 3BR 3-Storey Townhouse for Sale near Alabang in Likha Residences, Muntinlupa | Unit Facing Clubhouse","Km. 19 West Service Rd. Cupang, Muntinlupa",Muntinlupa,32539000,3,3,247.4,93.0,14.430274,121.045259,repeat,"Kaggle klekzee/phillipines-housing-market (portal scrape, 2024)"
381,"3BR 3-Storey Townhouse for Sale near Alabang in Likha Residences, Muntinlupa | End Unit (Garden Unit)","Km. 19 West Service Rd. Cupang, Muntinlupa",Muntinlupa,26981000,3,3,219.3,92.0,14.430274,121.045259,first,"Kaggle klekzee/phillipines-housing-market (portal scrape, 2024)"
382,"50% off on Reservation Fee and 1st Equity Payment (Complete Finished 2 Storey Townhouse in Hana South, Trece Martires Cavite)","Cabuco, Trece Martires",Trece Martires,2089739,2,2,40.0,45.0,14.279205,120.844632,repeat,"Kaggle klekzee/phillipines-housing-market (portal scrape, 2024)"
383,"BIG DISCOUNT (up to 500k)! 3-Bedroom Single Attached House and Lot for Sale at PTC Suncrest in Imus, Cavite | Rosanna Model","Carsadang Bago I, Imus",Imus,5234791,3,2,75.0,80.0,14.428919,120.928888,first,"Kaggle klekzee/phillipines-housing-market (portal scrape, 2024)"
384,"Pre-selling 5 bedroom House and Lot For Sale in Binangonan, Rizal","Bilibiran, Binangonan",Binangonan,,5,3,142.0,397.0,14.497979,121.175162,first,"Kaggle klekzee/phillipines-housing-market (portal scrape, 2024)"
385,4BR 2-Storey House and Lot for Sale in Tarlac City at Camella Tarlac | Dani w/ CB 121sqm,"Camella Tarlac Access Rd. Maliwalo, Tarlac",Tarlac,7805000,4,3,83.0,121.0,15.477785,120.614075,first,"Kaggle klekzee/phillipines-housing-market (portal scrape, 2024)"
386,RFO 2BR 2-Storey House and Lot for Sale in Tarlac City at Camella Tarlac | Ezabelle 72sqm,"Camella Tarlac Access Rd. Maliwalo, Tarlac",Tarlac,4359000,2,1,46.0,72.0,15.477785,120.614075,first,"Kaggle klekzee/phillipines-housing-market (portal scrape, 2024)"
387,2BR 2-Storey House and Lot for Sale in Tarlac City at Camella Tarlac | Criselle 63sqm,"Camella Tarlac Access Rd. Maliwalo, Tarlac",Tarlac,4057000,2,1,40.0,63.0,15.477785,120.614075,first,"Kaggle klekzee/phillipines-housing-market (portal scrape, 2024)"
388,3BR 2-Storey House and Lot for Sale in Tarlac City at Camella Tarlac | Cara 88sqm,"Camella Tarlac Access Rd. Maliwalo, Tarlac",Tarlac,5869000,3,2,66.0,88.0,15.477785,120.614075,first,"Kaggle klekzee/phillipines-housing-market (portal scrape, 2024)"
389,RFO 4BR 2-Storey House and Lot for Sale in Tarlac City at Camella Tarlac | Dana 121sqm,"Camella Tarlac Access Rd. Maliwalo, Tarlac",Tarlac,8079000,4,3,85.0,121.0,15.477785,120.614075,first,"Kaggle klekzee/phillipines-housing-market (portal scrape, 2024)"
390,RFO 2BR 2-Storey Townhouse for Sale in Tarlac City at Camella Tarlac | Arielle EU 115sqm,"Camella Tarlac Access Rd. Maliwalo, Tarlac",Tarlac,4944000,2,1,36.0,115.0,15.477785,120.614075,first,"Kaggle klekzee/phillipines-housing-market (portal scrape, 2024)"
391,Futura Homes Koronadal | Amber 2BR Townhouse End Unit for Sale in South Cotabato | Futura by Filinvest,"Purok Hurtado Concepcion, Koronadal",Koronadal,3136800,2,1,40.3,78.4,6.491881,124.799431,first,"Kaggle klekzee/phillipines-housing-market (portal scrape, 2024)"
392,"BIG DISCOUNT (up to 500k)! 3-Bedroom Single Attached House and Lot for Sale at PTC Suncrest in Imus, Cavite | Rosanna Model","Carsadang Bago I, Imus",Imus,5234791,3,2,75.0,80.0,14.428919,120.928888,repeat,"Kaggle klekzee/phillipines-housing-market (portal scrape, 2024)"
393,"4BR 2-Storey House and Lot for Sale in Subic, Zambales at Camella Subic | Dani w/ CB 121sqm","Aningway Sacatihan, Subic",Subic,6753000,4,3,83.0,121.0,14.913178,120.228242,first,"Kaggle klekzee/phillipines-housing-market (portal scrape, 2024)"
394,"3BR 3-Storey Townhouse for Sale near Alabang in Likha Residences, Muntinlupa | Typical Unit (Garden Unit)","Km. 19 West Service Rd. Cupang, Muntinlupa",Muntinlupa,27088000,3,3,219.3,90.0,14.430274,121.045259,repeat,"Kaggle klekzee/phillipines-housing-market (portal scrape, 2024)"
395,"5BR 2-Storey House and Lot for Sale in Subic, Zambales at Camella Subic | Freya 246sqm","Aningway Sacatihan, Subic",Subic,12069000,5,3,142.0,246.0,14.913178,120.228242,first,"Kaggle klekzee/phillipines-housing-market (portal scrape, 2024)"
396,"2BR 2-Storey House and Lot for Sale in Subic, Zambales at Camella Subic | Bella 88sqm","Aningway Sacatihan, Subic",Subic,5362000,2,2,53.0,88.0,14.913178,120.228242,first,"Kaggle klekzee/phillipines-housing-market (portal scrape, 2024)"
397,RFO 4BR 2-Storey House and Lot for Sale in Tarlac City at Camella Tarlac | Dana 121sqm,"Camella Tarlac Access Rd. Maliwalo, Tarlac",Tarlac,8079000,4,3,85.0,121.0,15.477785,120.614075,repeat,"Kaggle klekzee/phillipines-housing-market (portal scrape, 2024)"
398,3BR 2-Storey House and Lot for Sale in Tarlac City at Camella Tarlac | Cara 88sqm,"Camella Tarlac Access Rd. Maliwalo, Tarlac",Tarlac,5869000,3,2,66.0,88.0,15.477785,120.614075,repeat,"Kaggle klekzee/phillipines-housing-market (portal scrape, 2024)"
399,4BR 2-Storey House and Lot for Sale in Tarlac City at Camella Tarlac | Dani w/ CB 121sqm,"Camella Tarlac Access Rd. Maliwalo, Tarlac",Tarlac,7805000,4,3,83.0,121.0,15.477785,120.614075,repeat,"Kaggle klekzee/phillipines-housing-market (portal scrape, 2024)"
400,RFO 2BR 2-Storey House and Lot for Sale in Tarlac City at Camella Tarlac | Ezabelle 72sqm,"Camella Tarlac Access Rd. Maliwalo, Tarlac",Tarlac,4359000,2,1,46.0,72.0,15.477785,120.614075,repeat,"Kaggle klekzee/phillipines-housing-market (portal scrape, 2024)"
401,RFO 2BR 2-Storey House and Lot for Sale in Tarlac City at Camella Tarlac | Frielle 91sqm,"Camella Tarlac Access Rd. Maliwalo, Tarlac",Tarlac,5074000,2,1,50.0,91.0,15.477785,120.614075,first,"Kaggle klekzee/phillipines-housing-market (portal scrape, 2024)"
402,5BR 2-Storey House and Lot for Sale in Tarlac City at Camella Tarlac | Greta w/ CB 236sqm,"Camella Tarlac Access Rd. Maliwalo, Tarlac",Tarlac,12941000,5,3,166.0,236.0,15.477785,120.614075,first,"Kaggle klekzee/phillipines-housing-market (portal scrape, 2024)"
403,2BR 2-Storey House and Lot for Sale in Tarlac City at Camella Tarlac | Criselle 63sqm,"Camella Tarlac Access Rd. Maliwalo, Tarlac",Tarlac,4057000,2,1,40.0,63.0,15.477785,120.614075,repeat,"Kaggle klekzee/phillipines-housing-market (portal scrape, 2024)"
404,RFO 2BR 2-Storey Townhouse for Sale in Tarlac City at Camella Tarlac | Arielle EU 115sqm,"Camella Tarlac Access Rd. Maliwalo, Tarlac",Tarlac,4944000,2,1,36.0,115.0,15.477785,120.614075,repeat,"Kaggle klekzee/phillipines-housing-market (portal scrape, 2024)"
405,"Pre-selling 5 bedroom House and Lot For Sale in Binangonan, Rizal","Bilibiran, Binangonan",Binangonan,,5,3,142.0,397.0,14.497979,121.175162,repeat,"Kaggle klekzee/phillipines-housing-market (portal scrape, 2024)"
406,"For Sale 2BR 2-Storey House and Lot in Mabalacat, Pampanga at Talanai Homes | APITONG","Sapang Biabas, Mabalacat",Mabalacat,2224500,2,1,50.0,65.0,15.198775,120.60261,first,"Kaggle klekzee/phillipines-housing-market (portal scrape, 2024)"
407,"2BR House and Lot for Sale in Urdaneta, Pangasinan at Camella Urdaneta | Bella 88sqm","Macarthur Hwy Anonas, Urdaneta",Urdaneta,4706000,2,2,53.0,88.0,16.001583,120.576056,first,"Kaggle klekzee/phillipines-housing-market (portal scrape, 2024)"
408,"Futura Homes Palm Estates | Amber Duplex 2BR House for Sale in Talisay, Negros Occ. | Futura by Filinvest","Efigenio Lizares, Talisay",Talisay,3185000,2,1,40.3,84.0,10.742542,122.998761,first,"Kaggle klekzee/phillipines-housing-market (portal scrape, 2024)"
409,"2BR House and Lot for Sale in Urdaneta, Pangasinan at Camella Urdaneta | Bella 96sqm","Macarthur Hwy Anonas, Urdaneta",Urdaneta,5301000,2,2,53.0,96.0,16.001583,120.576056,first,"Kaggle klekzee/phillipines-housing-market (portal scrape, 2024)"
410,"3-Bedroom House for Sale in Mexico, Pampanga at The Lakeshore | Pebble Model","Km.71, North Luzon Expressway Panipuan, Mexico",Mexico,2146550,3,2,61.3,154.0,15.094185,120.670158,first,"Kaggle klekzee/phillipines-housing-market (portal scrape, 2024)"
411,"2 Storey, 5 Bedrooms, House & Lot @ Praverde Residences in Dasmariñas, Cavite","Governor'S Dr, 4114 Dasmarinas, Philippines Paliparan Iii, Dasmarinas",Dasmarinas,14451000,5,3,142.0,154.0,14.301957,120.88374,first,"Kaggle klekzee/phillipines-housing-market (portal scrape, 2024)"
412,"4-Bedroom Townhouse for Sale in General Trias, Cavite at Lancaster New City | ADELLE Model","Pasong Camachile I, General Trias",General Trias,3336800,4,2,70.0,60.0,14.372321,120.897674,first,"Kaggle klekzee/phillipines-housing-market (portal scrape, 2024)"
413,"2BR 2-Storey House and Lot for Sale in Malolos, Bulacan at Camella Provence | Criselle 63sqm","Longos, Malolos",Malolos,4196000,2,1,40.0,63.0,14.87426,120.791534,first,"Kaggle klekzee/phillipines-housing-market (portal scrape, 2024)"
414,"2BR 2-Storey House and Lot for Sale in Malolos, Bulacan at Camella Provence | Bella 88sqm","Longos, Malolos",Malolos,5733000,2,2,53.0,88.0,14.87426,120.791534,first,"Kaggle klekzee/phillipines-housing-market (portal scrape, 2024)"
415,"RFO 2BR 2-Storey Townhouse for Sale in Malolos, Bulacan at Camella Provence | Arielle EU 104sqm","Longos, Malolos",Malolos,5544000,2,1,36.0,104.0,14.87426,120.791534,first,"Kaggle klekzee/phillipines-housing-market (portal scrape, 2024)"
416,"RFO 3BR 2-Storey House and Lot for Sale in Malolos, Bulacan at Camella Provence | Cara w/ CB 99sqm","Longos, Malolos",Malolos,7810000,3,2,66.0,99.0,14.87426,120.791534,first,"Kaggle klekzee/phillipines-housing-market (portal scrape, 2024)"
417,"5BR 2-Storey House and Lot for Sale in Malolos, Bulacan at Camella Provence | Ella w/ CB","Longos, Malolos",Malolos,8298000,5,3,100.0,110.0,14.87426,120.791534,first,"Kaggle klekzee/phillipines-housing-market (portal scrape, 2024)"
418,"2BR 2-Storey House and Lot for Sale in Malolos, Bulacan at Camella Provence | Ezabelle","Longos, Malolos",Malolos,4466000,2,1,46.0,63.0,14.87426,120.791534,first,"Kaggle klekzee/phillipines-housing-market (portal scrape, 2024)"
419,"RFO 3BR 3-Storey Townhouse for Sale near Alabang in Likha Residences, Muntinlupa | Typical Unit","Km. 19 West Service Rd. Cupang, Muntinlupa",Muntinlupa,32184000,3,3,247.4,92.0,14.430274,121.045259,repeat,"Kaggle klekzee/phillipines-housing-market (portal scrape, 2024)"
420,"RFO 2BR 2-Storey House and Lot for Sale in Subic, Zambales at Camella Subic | Mika SF","Aningway Sacatihan, Subic",Subic,4594000,2,1,46.0,63.0,14.913178,120.228242,first,"Kaggle klekzee/phillipines-housing-market (portal scrape, 2024)"
421,"2BR 2-Storey House and Lot for Sale in Cabanatuan, Nueva Ecija at Camella Nueva Ecija | Ezabelle 60sqm","Emilio Vergara Hwy Santa Arcadia, Cabanatuan",Cabanatuan,4160000,2,1,46.0,60.0,15.468244,120.976414,first,"Kaggle klekzee/phillipines-housing-market (portal scrape, 2024)"
422,"For Sale 4BR 2-Storey House and Lot in Cabanatuan, Nueva Ecija at Camella Nueva Ecija | Dana w/ CB 110sqm","Emilio Vergara Hwy Santa Arcadia, Cabanatuan",Cabanatuan,6884000,4,3,85.0,110.0,15.468244,120.976414,first,"Kaggle klekzee/phillipines-housing-market (portal scrape, 2024)"
423,"3BR 2-Storey House and Lot for Sale in Cabanatuan, Nueva Ecija at Camella Nueva Ecija | Cara 96sqm","Emilio Vergara Hwy Santa Arcadia, Cabanatuan",Cabanatuan,6262000,3,2,66.0,96.0,15.468244,120.976414,first,"Kaggle klekzee/phillipines-housing-market (portal scrape, 2024)"
424,"RFO 3BR 2-Storey House and Lot for Sale in Cabanatuan, Nueva Ecija at Camella Nueva Ecija | Cara w/ CB 99sqm","Emilio Vergara Hwy Santa Arcadia, Cabanatuan",Cabanatuan,6559000,3,2,66.0,99.0,15.468244,120.976414,first,"Kaggle klekzee/phillipines-housing-market (portal scrape, 2024)"
425,"5BR 2-Storey House and Lot for Sale in Cabanatuan, Nueva Ecija at Camella Nueva Ecija | Ella 141sqm","Emilio Vergara Hwy Santa Arcadia, Cabanatuan",Cabanatuan,9003000,5,3,100.0,141.0,15.468244,120.976414,first,"Kaggle klekzee/phillipines-housing-market (portal scrape, 2024)"
426,"For Sale 3BR 2-Storey House and Lot in Cabanatuan, Nueva Ecija at Camella Nueva Ecija | Cara 96sqm","Emilio Vergara Hwy Santa Arcadia, Cabanatuan",Cabanatuan,6347000,3,2,66.0,96.0,15.468244,120.976414,first,"Kaggle klekzee/phillipines-housing-market (portal scrape, 2024)"
427,"House and Lot at Portofino Heights Las Piñas City, Metro Manila","Almanza Dos, Las Pinas",Las Pinas,35000000,5,5,380.0,350.0,14.424732,121.014573,first,"Kaggle klekzee/phillipines-housing-market (portal scrape, 2024)"
428,"RFO 2BR 2-Storey House and Lot for Sale in Cabanatuan, Nueva Ecija at Camella Nueva Ecija | Marga 60sqm","Emilio Vergara Hwy Santa Arcadia, Cabanatuan",Cabanatuan,4904000,2,1,46.0,60.0,15.468244,120.976414,first,"Kaggle klekzee/phillipines-housing-market (portal scrape, 2024)"
429,"RFO 2BR 2-Storey House and Lot for Sale in Cabanatuan, Nueva Ecija at Camella Nueva Ecija | Marga 63sqm","Emilio Vergara Hwy Santa Arcadia, Cabanatuan",Cabanatuan,5282000,2,1,46.0,63.0,15.468244,120.976414,first,"Kaggle klekzee/phillipines-housing-market (portal scrape, 2024)"
430,"BTS 2BR 2-Storey House and Lot for Sale in Cabanatuan, Nueva Ecija at Camella Nueva Ecija | Ezabelle 60sqm","Emilio Vergara Hwy Santa Arcadia, Cabanatuan",Cabanatuan,4281000,2,1,46.0,60.0,15.468244,120.976414,first,"Kaggle klekzee/phillipines-housing-market (portal scrape, 2024)"
431,For Sale RFO 2BR 2-Storey House and Lot in Cabanatuan Nueva Ecija at Camella Nueva Ecija | Ezabelle 63sqm,"Emilio Vergara Hwy Santa Arcadia, Cabanatuan",Cabanatuan,4364000,2,1,36.0,63.0,15.468244,120.976414,first,"Kaggle klekzee/phillipines-housing-market (portal scrape, 2024)"
432,"RFO 2BR 2-Storey House and Lot for Sale in Cabanatuan, Nueva Ecija at Camella Nueva Ecija | Criselle 63sqm","Emilio Vergara Hwy Santa Arcadia, Cabanatuan",Cabanatuan,4393000,2,1,40.0,63.0,15.468244,120.976414,first,"Kaggle klekzee/phillipines-housing-market (portal scrape, 2024)"
433,Futura Homes Zamboanga | Amber 2BR Townhouse Inner Unit for Sale in Zamboanga City | Futura by Filinvest,"Zambowood Rd. Boalan, Zamboanga",Zamboanga,2450200,2,1,40.3,50.4,6.948389,122.114889,first,"Kaggle klekzee/phillipines-housing-market (portal scrape, 2024)"
434,For sale Beautiful House and Lot in Carcar! Spacious and Overlooking,"Perrelos, Carcar",Carcar,11000000,3,3,442.0,283.0,10.114343,123.674767,first,"Kaggle klekzee/phillipines-housing-market (portal scrape, 2024)"
435,"Modern Asian Industrial House with Garden Space, Roof Deck","San Isidro, Cainta",Cainta,14700000,4,3,255.0,187.0,14.609256,121.110638,first,"Kaggle klekzee/phillipines-housing-market (portal scrape, 2024)"
436,"L-R-1-33- Acquired Property for Sale in Lot 1, Block 2, corner of Road Lot 4 and Road Lot 7, Sapphire Homes, Brgy. San Jose/Bintog, Plaridel, Bulacan - Retail","Bintog, Plaridel",Plaridel,3312600,,,144.0,105.0,14.902708,120.889013,first,"Kaggle klekzee/phillipines-housing-market (portal scrape, 2024)"
437,2BR 2-Storey Townhouse for Sale in Tarlac City at Camella Tarlac | Arielle EU 98sqm,"Camella Tarlac Access Rd. Maliwalo, Tarlac",Tarlac,4540000,2,1,36.0,98.0,15.477785,120.614075,first,"Kaggle klekzee/phillipines-housing-market (portal scrape, 2024)"
438,"2BR Townhouse for Sale in San Jose, Batangas at PHINMA Maayo San Jose | Rosario Model, Appliance Bundle Promo!","President Jose P. Laurel Hwy Banaybanay Ii, San Jose",San Jose,4062500,2,2,48.3,50.0,13.918423,121.105495,first,"Kaggle klekzee/phillipines-housing-market (portal scrape, 2024)"
439,"BIG DISCOUNT (up to 500k)! 3BR Single Attached House and Lot for Sale at PTC Suncrest in Imus, Cavite | Rosanna Model","Carsadang Bago I, Imus",Imus,5234791,3,2,75.0,80.0,14.428919,120.928888,first,"Kaggle klekzee/phillipines-housing-market (portal scrape, 2024)"
440,"2BR Townhouse for Sale in Mexico, Pampanga | Flavorscapes at The Lakeshore, Alcove","Divisoria, Mexico",Mexico,2530000,2,2,48.0,45.5,14.432163,121.045242,first,"Kaggle klekzee/phillipines-housing-market (portal scrape, 2024)"
441,"New Leaf | Bernice 1BR SA House for Sale in Trece Martires, Cavite | Futura by Filinvest","The Wood Estates, Brgy. Hugo Perez, Trece Martires",Trece Martires,2149700,1,1,27.2,69.0,14.310065,120.872129,first,"Kaggle klekzee/phillipines-housing-market (portal scrape, 2024)"
442,"For Sale 2BR Townhouse in San Jose, Batangas at PHINMA Maayo San Jose | Rosario Model, Appliance Bundle Promo!","President Jose P. Laurel Hwy Banaybanay Ii, San Jose",San Jose,4062500,2,2,48.3,50.0,13.918423,121.105495,first,"Kaggle klekzee/phillipines-housing-market (portal scrape, 2024)"
443,"2 Storey, 5 Bedrooms, House & Lot @ Praverde Residences in Dasmariñas, Cavite","Governor'S Dr, 4114 Dasmarinas, Philippines Paliparan Iii, Dasmarinas",Dasmarinas,14986000,5,3,166.0,154.0,14.301957,120.88374,first,"Kaggle klekzee/phillipines-housing-market (portal scrape, 2024)"
444,"Duplex House and Lot Side by Side for Sale in Capas, Tarlac at Ajoya Capas","Talaga, Capas",Capas,3060000,,2,66.0,80.0,15.383744,120.587083,first,"Kaggle klekzee/phillipines-housing-market (portal scrape, 2024)"
445,"2-Bedroom 2-Storey House and Lot for Sale in Mabalacat, Pampanga at Talanai Homes | APITONG","Sapang Biabas, Mabalacat",Mabalacat,2224500,2,1,50.0,65.0,15.198775,120.60261,first,"Kaggle klekzee/phillipines-housing-market (portal scrape, 2024)"
446,[05365-N-315] House & Lot for sale in Roxas District at Quezon City Metro Manila,"#91 ( Lot 16 Block Lch-1 ) Waling-Waling Street Roxas District Quezon City Metro Manila Roxas, Quezon City",Quezon City,5000000,,,167.5,200.0,14.695986,121.057394,first,"Kaggle klekzee/phillipines-housing-market (portal scrape, 2024)"
447,"Claremont Phase 4 | Opal 3BR Single Attached House for Sale in Mabalacat, Pampanga | Futura by Filinvest","Santa Maria, Mabalacat",Mabalacat,3825700,3,,53.6,88.0,15.227008,120.592201,first,"Kaggle klekzee/phillipines-housing-market (portal scrape, 2024)"
448,The Elements Brand New Town House in Las Pinas City,"Metrocor-B Homes, Talon 5, Las Pinas City Talon Singko, Las Pinas",Las Pinas,8897000,4,3,143.0,80.0,14.423519,120.996698,first,"Kaggle klekzee/phillipines-housing-market (portal scrape, 2024)"
449,"3BR Beach House and Lot for Sale in San Juan, Batangas at Seafront Residences","San Juan - Laiya Rd. Calubcub Ii, San Juan",San Juan,12099000,3,2,100.0,200.0,13.742563,121.425724,first,"Kaggle klekzee/phillipines-housing-market (portal scrape, 2024)"
450,"For Sale 3 BR Single Detached House at Montecelio Residences Concepcion, Tarlac","Alfonso, Concepcion",Concepcion,3340000,3,2,107.6,100.0,15.329086,120.639432,first,"Kaggle klekzee/phillipines-housing-market (portal scrape, 2024)"
451,House and lot BF homes Parañaque,"B.F. Homes, Paranaque",Paranaque,35000000,4,6,330.0,280.0,14.446279,121.027411,first,"Kaggle klekzee/phillipines-housing-market (portal scrape, 2024)"
452,"Ready For You: 3BR Beach House and Lot for Sale in San Juan, Batangas at Seafront Residences at Php 250,815 monthly amortization","San Juan - Laiya Rd. Calubcub Ii, San Juan",San Juan,18771000,3,2,100.0,200.0,13.742563,121.425724,first,"Kaggle klekzee/phillipines-housing-market (portal scrape, 2024)"
453,RFO 5BR 2-Storey House and Lot for Sale in Tarlac City at Camella Tarlac | Ella 148sqm,"Camella Tarlac Access Rd. Maliwalo, Tarlac",Tarlac,9683000,5,3,100.0,148.0,15.477785,120.614075,first,"Kaggle klekzee/phillipines-housing-market (portal scrape, 2024)"
454,"4BR Beach House and Lot for Sale in San Juan, Batangas at Seafront Residences","San Juan - Laiya Rd. Calubcub Ii, San Juan",San Juan,15450000,4,3,150.0,200.0,13.742563,121.425724,first,"Kaggle klekzee/phillipines-housing-market (portal scrape, 2024)"
455,RFO 2BR 2-Storey Townhouse for Sale in Tarlac City at Camella Tarlac | Arielle EU 205sqm,"Camella Tarlac Access Rd. Maliwalo, Tarlac",Tarlac,7408000,2,1,36.0,205.0,15.477785,120.614075,first,"Kaggle klekzee/phillipines-housing-market (portal scrape, 2024)"
456,"House and Lot with 3 Bedrooms for Sale in Davao City, Davao del Sur at PHINMA Maayo Tugbok | Tanglaw Model","Tugbok, Davao",Davao,8500000,3,3,74.3,80.0,7.103538,125.494847,first,"Kaggle klekzee/phillipines-housing-market (portal scrape, 2024)"
457,"Brand New 3 br Full furnished Beachhouse in San Juan, Laiya Batangas","Calubcub Ii, San Juan",San Juan,30000000,3,3,337.0,312.0,13.736747,121.420371,first,"Kaggle klekzee/phillipines-housing-market (portal scrape, 2024)"
458,RFO 4BR 2-Storey House and Lot for Sale in Tarlac City at Camella Tarlac | Dana w/ CB 121sqm,"Camella Tarlac Access Rd. Maliwalo, Tarlac",Tarlac,8229000,4,3,85.0,121.0,15.477785,120.614075,first,"Kaggle klekzee/phillipines-housing-market (portal scrape, 2024)"
459,"Brand New Duplex House For Sale in Las Piñas. 4 Bedroom, Furnished","Pamplona Tres, Las Pinas",Las Pinas,,4,4,160.0,91.5,14.449823,120.978289,first,"Kaggle klekzee/phillipines-housing-market (portal scrape, 2024)"
460,"Sandia Homes | Bernice SA 1BR House for Sale in Tanauan, Batangas | Futura by Filinvest","Cale, Tanauan",Tanauan,1496900,1,1,27.2,60.0,14.117721,121.094099,first,"Kaggle klekzee/phillipines-housing-market (portal scrape, 2024)"
461,"5BR Single Attached House and Lot for Sale in Lipa, Batangas | The Villages at Lipa - Sierra Village, SA150","Bugtong Na Pulo, Lipa",Lipa,9841000,5,3,150.0,150.0,13.998431,121.167459,first,"Kaggle klekzee/phillipines-housing-market (portal scrape, 2024)"
462,"RFO 1BR 2-Storey Rowhouse for Sale at Marytown Place in Santa Maria, Bulacan | B1 L23 (ROSE-INNER)","Santa Maria-San Jose Rd. Bulac, Santa Maria",Santa Maria,1675000,1,1,44.0,40.0,14.827975,121.000389,first,"Kaggle klekzee/phillipines-housing-market (portal scrape, 2024)"
463,Modern Industrial House for sale in Antipolo boundary of Marikina,"Cupang, Antipolo",Antipolo,17890000,4,3,246.0,121.0,14.636006,121.124048,first,"Kaggle klekzee/phillipines-housing-market (portal scrape, 2024)"
464,"Townhouse For Sale in The Alcove at Palmera Homes, Quezon City - Resort Style","Santa Monica, Quezon City",Quezon City,18287829,3,3,176.0,79.0,14.725202,121.043347,first,"Kaggle klekzee/phillipines-housing-market (portal scrape, 2024)"
465,"3BR Single Attached-Complete House and Lot for Sale in Santa Maria, Bulacan | North Orchard Residences","Caysio Rd. Caysio, Santa Maria",Santa Maria,5183808,3,2,75.3,80.0,14.84823,120.969695,first,"Kaggle klekzee/phillipines-housing-market (portal scrape, 2024)"
466,"3BR 2-Storey House and Lot for Sale in Subic, Zambales at Camella Subic | Cara w/ CB 118sqm","Aningway Sacatihan, Subic",Subic,6249000,3,2,66.0,118.0,14.913178,120.228242,first,"Kaggle klekzee/phillipines-housing-market (portal scrape, 2024)"
467,For Sale: BF Resort Village House - Ready for Move In!,"Almanza Dos, Las Pinas",Las Pinas,18000000,4,3,382.0,192.0,14.424732,121.014573,first,"Kaggle klekzee/phillipines-housing-market (portal scrape, 2024)"
468,"RFO 2BR House and Lot for Sale in Urdaneta, Pangasinan at Camella Urdaneta | Bella 96sqm","Macarthur Hwy Anonas, Urdaneta",Urdaneta,5442000,2,2,53.0,96.0,16.001583,120.576056,first,"Kaggle klekzee/phillipines-housing-market (portal scrape, 2024)"
469,3BR 2-Storey House and Lot for Sale in Tarlac City at Camella Tarlac | Cara w/ CB 104sqm,"Camella Tarlac Access Rd. Maliwalo, Tarlac",Tarlac,6346000,3,2,66.0,104.0,15.477785,120.614075,first,"Kaggle klekzee/phillipines-housing-market (portal scrape, 2024)"
470,"3BR Single Detached House and Lot for Sale in Lipa, Batangas | The Villages at Lipa - Sierra Village, SD103","Bugtong Na Pulo, Lipa",Lipa,7367000,3,2,103.0,132.0,13.998431,121.167459,first,"Kaggle klekzee/phillipines-housing-market (portal scrape, 2024)"
471,"Duplex House and Lot Back to Back for Sale in Capas, Tarlac at Ajoya Capas","Talaga, Capas",Capas,3192000,,2,75.0,90.0,15.383744,120.587083,first,"Kaggle klekzee/phillipines-housing-market (portal scrape, 2024)"
472,"5BR Single Detached House and Lot for Sale in Mexico, Pampanga at Ajoya Pampanga","Eden, Mexico",Mexico,6311000,5,3,107.0,141.0,15.126253,120.658013,first,"Kaggle klekzee/phillipines-housing-market (portal scrape, 2024)"
473,"3BR 2-Storey House and Lot for Sale in Subic, Zambales at Camella Subic | Cara w/ CB 99sqm","Aningway Sacatihan, Subic",Subic,5706000,3,2,66.0,99.0,14.913178,120.228242,first,"Kaggle klekzee/phillipines-housing-market (portal scrape, 2024)"
474,"3-Bedroom House and Lot for Sale in Kawit, Cavite at Lancaster New City | GABRIELLE Model","San Sebastian, Kawit",Kawit,6650000,3,2,84.0,120.0,14.412979,120.888668,first,"Kaggle klekzee/phillipines-housing-market (portal scrape, 2024)"
475,"2BR 2-Storey House and Lot for Sale in Subic, Zambales at Camella Subic | Ezabelle 74sqm","Aningway Sacatihan, Subic",Subic,3984000,2,1,46.0,74.0,14.913178,120.228242,first,"Kaggle klekzee/phillipines-housing-market (portal scrape, 2024)"
476,Charming Loyola Grand Villas House and Lot for Sale in Quezon City,"Matandang Balara, Quezon City",Quezon City,110000000,12,12,1200.0,1000.0,14.67168,121.074534,first,"Kaggle klekzee/phillipines-housing-market (portal scrape, 2024)"
477,For Sale | Spacious 3-story Townhouse | Ametta Place | Pasig,"Mercedes Ave, Pasig, 1600 Metro Manila 14.566745440863722, 121.09773643837426 San Miguel, Pasig",Pasig,19500000,3,3,183.0,110.0,14.569311,121.081044,first,"Kaggle klekzee/phillipines-housing-market (portal scrape, 2024)"
478,Prime Single House and Lot for Sale in Greenwoods Executive Village Cainta Pasig,"Olive St, 1900 Cainta, Philippines San Juan, Cainta",Cainta,18000000,6,4,244.0,158.0,14.552207,121.10396,first,"Kaggle klekzee/phillipines-housing-market (portal scrape, 2024)"
479,"For Sale Two (2) Storey Townhouse with Roofdeck in Cupang, Antipolo","21 Stirrup St., Rancho Estate 2 Subd., Cupang, Antipolo City Concepcion Dos, Marikina",Marikina,10900000,5,3,180.0,120.0,14.640047,121.127247,first,"Kaggle klekzee/phillipines-housing-market (portal scrape, 2024)"
480,4BR 2-Storey House and Lot for Sale in Tarlac City at Camella Tarlac | Dani w/ CB 110sqm,"Camella Tarlac Access Rd. Maliwalo, Tarlac",Tarlac,7201000,4,3,83.0,110.0,15.477785,120.614075,first,"Kaggle klekzee/phillipines-housing-market (portal scrape, 2024)"
481,"Erin Model House for Sale at Averdeen Estates NUVALI in Calamba City, Laguna","Laguerta, Calamba",Calamba,,3,2,95.0,169.0,14.172737,121.085257,first,"Kaggle klekzee/phillipines-housing-market (portal scrape, 2024)"
482,Old two-storey residential house For Sale Located at  Urdanenta  City,"San Vicente, Urdaneta",Urdaneta,4000000,3,2,60.0,247.0,15.982355,120.579942,first,"Kaggle klekzee/phillipines-housing-market (portal scrape, 2024)"
483,"Hanna Model SF House For Sale in Camella Sierra Metro East, Antipolo City","Dalig, Antipolo",Antipolo,,3,2,60.0,121.0,14.573045,121.186472,first,"Kaggle klekzee/phillipines-housing-market (portal scrape, 2024)"
484,3 Bedroom House For Sale at Camella Urdanenta,"Anonas, Urdaneta",Urdaneta,6728000,3,2,66.0,99.0,15.998027,120.575441,first,"Kaggle klekzee/phillipines-housing-market (portal scrape, 2024)"
485,House For Sale Located at Camella Urdanenta City,"Anonas, Urdaneta",Urdaneta,8116000,4,3,83.0,121.0,15.998027,120.575441,first,"Kaggle klekzee/phillipines-housing-market (portal scrape, 2024)"
486,"Townhouse For Sale at Jade Residences, Malagasang, Imus, Cavite","Malagasang I-C, Imus",Imus,2688000,2,1,50.0,60.0,14.390544,120.927375,first,"Kaggle klekzee/phillipines-housing-market (portal scrape, 2024)"
487,"3-Bedroom House and Lot for Sale in Kawit, Cavite at Lancaster New City | AIRA Model","San Sebastian, Kawit",Kawit,5282600,3,2,80.0,92.0,14.412979,120.888668,first,"Kaggle klekzee/phillipines-housing-market (portal scrape, 2024)"
488,For sale Preselling 2 Storey Modern Samantha 5 Bedrooms House in Muntinlupa,"Tunasan, Muntinlupa",Muntinlupa,16884800,5,3,195.0,240.0,14.380113,121.051483,first,"Kaggle klekzee/phillipines-housing-market (portal scrape, 2024)"
489,"5 Bedroom House For Sale at Camella Urdaneta City, Pangasinan","Anonas, Urdaneta",Urdaneta,11576000,5,3,166.0,154.0,15.998027,120.575441,first,"Kaggle klekzee/phillipines-housing-market (portal scrape, 2024)"
490,Advance Construction 5-Bedrooms House and Lot near Koronadal New Public Terminal,"Robredo Street San Isidro, Koronadal",Koronadal,10793502,5,3,166.0,143.0,6.480398,124.853887,first,"Kaggle klekzee/phillipines-housing-market (portal scrape, 2024)"
491,2BR 2-Storey House and Lot for Sale in Tarlac City at Camella Tarlac | Criselle 66sqm,"Camella Tarlac Access Rd. Maliwalo, Tarlac",Tarlac,3900000,2,1,40.0,66.0,15.477785,120.614075,first,"Kaggle klekzee/phillipines-housing-market (portal scrape, 2024)"
492,"2 3 Bedroom House For Sale Locatee at Camella Urdanenta City,","Anonas, Urdaneta",Urdaneta,6728000,3,2,66.0,99.0,15.998027,120.575441,first,"Kaggle klekzee/phillipines-housing-market (portal scrape, 2024)"
493,"2BR Single Attached House and Lot for Sale in Cabanatuan, Nueva Ecija at Ajoya Cabanatuan","Valle Cruz, Cabanatuan",Cabanatuan,3957188,2,2,75.0,135.0,15.479984,120.992041,first,"Kaggle klekzee/phillipines-housing-market (portal scrape, 2024)"
494,"3 Bedrooms with Balcony for Sale in Alta Eminenza San Jose Del Monte, Bulacan","Bayani Rd, 3023 San Jose Del Monte, Philippines Tungkong Mangga, San Jose Del Monte",San Jose Del Monte,5295000,3,1,102.0,63.0,14.805522,121.069493,first,"Kaggle klekzee/phillipines-housing-market (portal scrape, 2024)"
495,2 Bedroom Single Attached at Mirasville Malasiqui,"Banawang, Malasiqui",Malasiqui,2250000,2,1,56.0,54.0,15.922827,120.424396,first,"Kaggle klekzee/phillipines-housing-market (portal scrape, 2024)"
496,"3BR House and Lot for Sale in Urdaneta, Pangasinan at Camella Urdaneta | Cara 121sqm","Macarthur Hwy Anonas, Urdaneta",Urdaneta,6079000,3,2,66.0,121.0,16.001583,120.576056,first,"Kaggle klekzee/phillipines-housing-market (portal scrape, 2024)"
497,"3BR SD House and Lot for Sale in Urdaneta, Pangasinan at Camella Urdaneta | Cara w/ CB 142sqm","Macarthur Hwy Anonas, Urdaneta",Urdaneta,8271000,3,2,66.0,142.0,16.001583,120.576056,first,"Kaggle klekzee/phillipines-housing-market (portal scrape, 2024)"
498,"BTS 3BR SD House and Lot for Sale in Urdaneta, Pangasinan at Camella Urdaneta | Cara 117sqm","Macarthur Hwy Anonas, Urdaneta",Urdaneta,8158000,3,2,66.0,117.0,16.001583,120.576056,first,"Kaggle klekzee/phillipines-housing-market (portal scrape, 2024)"
499,"3BR House and Lot for Sale in Urdaneta, Pangasinan at Camella Urdaneta | Cara w/ CB 121sqm","Macarthur Hwy Anonas, Urdaneta",Urdaneta,7474000,3,2,66.0,121.0,16.001583,120.576056,first,"Kaggle klekzee/phillipines-housing-market (portal scrape, 2024)"
500,"Futura Homes San Pedro | 3BR Iris House and Lot for Sale in San Pedro, Laguna | Futura by Filinvest","San Vicente Rd. San Vicente, San Pedro",San Pedro,10152900,3,2,,150.0,14.355616,121.04798,first,"Kaggle klekzee/phillipines-housing-market (portal scrape, 2024)"
501,"4BR SD House and Lot for Sale in Urdaneta, Pangasinan at Camella Urdaneta | Dani w/ CB 157sqm","Macarthur Hwy Anonas, Urdaneta",Urdaneta,9431000,4,3,83.0,157.0,16.001583,120.576056,first,"Kaggle klekzee/phillipines-housing-market (portal scrape, 2024)"
502,"For Sale 4BR House and Lot in Urdaneta, Pangasinan at Camella Urdaneta | Dana 110sqm","Macarthur Hwy Anonas, Urdaneta",Urdaneta,6928000,4,3,85.0,110.0,16.001583,120.576056,first,"Kaggle klekzee/phillipines-housing-market (portal scrape, 2024)"
503,"5BR House and Lot for Sale in Urdaneta, Pangasinan at Camella Urdaneta | Freya 154sqm","Macarthur Hwy Anonas, Urdaneta",Urdaneta,10653000,5,3,142.0,154.0,16.001583,120.576056,first,"Kaggle klekzee/phillipines-housing-market (portal scrape, 2024)"
504,"5BR House and Lot for Sale in Urdaneta, Pangasinan at Camella Urdaneta | Freya 132sqm","Macarthur Hwy Anonas, Urdaneta",Urdaneta,9987000,5,3,142.0,132.0,16.001583,120.576056,first,"Kaggle klekzee/phillipines-housing-market (portal scrape, 2024)"
505,"5BR House and Lot for Sale in Urdaneta, Pangasinan at Camella Urdaneta | Ella 145sqm","Macarthur Hwy Anonas, Urdaneta",Urdaneta,7755000,5,3,100.0,145.0,16.001583,120.576056,first,"Kaggle klekzee/phillipines-housing-market (portal scrape, 2024)"
506,"5BR House and Lot for Sale in Urdaneta, Pangasinan at Camella Urdaneta | Greta 154sqm","Macarthur Hwy Anonas, Urdaneta",Urdaneta,11576000,5,3,166.0,154.0,16.001583,120.576056,first,"Kaggle klekzee/phillipines-housing-market (portal scrape, 2024)"
507,"5BR House and Lot for Sale in Urdaneta, Pangasinan at Camella Urdaneta | Freya 133sqm","Macarthur Hwy Anonas, Urdaneta",Urdaneta,10022000,5,3,142.0,133.0,16.001583,120.576056,first,"Kaggle klekzee/phillipines-housing-market (portal scrape, 2024)"
508,"Valle Dulce | 1BR Bernice SA House and Lot for Sale in Calamba, Laguna | Futura by Filinvest","Pueblo Solana, Ciudad De Calamba Bubuyan, Calamba",Calamba,1740000,1,1,29.2,70.0,14.166742,121.106356,first,"Kaggle klekzee/phillipines-housing-market (portal scrape, 2024)"
509,"RFO 3BR House and Lot for Sale in Urdaneta, Pangasinan at Camella Urdaneta | Cara 89sqm","Macarthur Hwy Anonas, Urdaneta",Urdaneta,5465000,3,2,66.0,89.0,16.001583,120.576056,first,"Kaggle klekzee/phillipines-housing-market (portal scrape, 2024)"
510,"3BR House and Lot for Sale in Urdaneta, Pangasinan at Camella Urdaneta | Cara w/ CB 125sqm","Macarthur Hwy Anonas, Urdaneta",Urdaneta,7685000,3,2,66.0,125.0,16.001583,120.576056,first,"Kaggle klekzee/phillipines-housing-market (portal scrape, 2024)"
511,"3BR House and Lot for Sale in Urdaneta, Pangasinan at Camella Urdaneta | Cara w/ CB 101sqm","Macarthur Hwy Anonas, Urdaneta",Urdaneta,6796000,3,2,66.0,101.0,16.001583,120.576056,first,"Kaggle klekzee/phillipines-housing-market (portal scrape, 2024)"
512,"3BR House and Lot for Sale in Urdaneta, Pangasinan at Camella Urdaneta | Cara w/ CB 100sqm","Macarthur Hwy Anonas, Urdaneta",Urdaneta,6762000,3,2,66.0,100.0,16.001583,120.576056,first,"Kaggle klekzee/phillipines-housing-market (portal scrape, 2024)"
513,"3BR House and Lot for Sale in Urdaneta, Pangasinan at Camella Urdaneta | Cara 100sqm","Macarthur Hwy Anonas, Urdaneta",Urdaneta,6007000,3,2,66.0,100.0,16.001583,120.576056,first,"Kaggle klekzee/phillipines-housing-market (portal scrape, 2024)"
514,"4BR SD House and Lot for Sale in Urdaneta, Pangasinan at Camella Urdaneta | Dani w/ CB 174sqm","Macarthur Hwy Anonas, Urdaneta",Urdaneta,10017000,4,3,83.0,174.0,16.001583,120.576056,first,"Kaggle klekzee/phillipines-housing-market (portal scrape, 2024)"
515,"4BR House and Lot for Sale in Urdaneta, Pangasinan at Camella Urdaneta | Dana 246sqm","Macarthur Hwy Anonas, Urdaneta",Urdaneta,9671000,4,3,85.0,246.0,16.001583,120.576056,first,"Kaggle klekzee/phillipines-housing-market (portal scrape, 2024)"
516,"4BR House and Lot for Sale in Urdaneta, Pangasinan at Camella Urdaneta | Dana 110sqm","Macarthur Hwy Anonas, Urdaneta",Urdaneta,8259000,4,3,85.0,110.0,16.001583,120.576056,first,"Kaggle klekzee/phillipines-housing-market (portal scrape, 2024)"
517,"4BR House and Lot for Sale in Urdaneta, Pangasinan at Camella Urdaneta | Dana 99sqm","Macarthur Hwy Anonas, Urdaneta",Urdaneta,7820000,4,3,85.0,99.0,16.001583,120.576056,first,"Kaggle klekzee/phillipines-housing-market (portal scrape, 2024)"
518,"44 sqm House and lot for sale in Bloomfield Terraces, Morong, Rizal | PAG-IBIG","Morong, Calabarzon, Philippines Morong",Philippines Morong,1600000,2,1,44.0,36.0,14.534385,121.152706,first,"Kaggle klekzee/phillipines-housing-market (portal scrape, 2024)"
519,"5BR House and Lot for Sale in Urdaneta, Pangasinan at Camella Urdaneta | Greta 168sqm","Macarthur Hwy Anonas, Urdaneta",Urdaneta,12160000,5,3,166.0,168.0,16.001583,120.576056,first,"Kaggle klekzee/phillipines-housing-market (portal scrape, 2024)"
520,"4BR House and Lot for Sale in Urdaneta, Pangasinan at Camella Urdaneta | Dana 121sqm","Macarthur Hwy Anonas, Urdaneta",Urdaneta,6721000,4,3,85.0,121.0,16.001583,120.576056,first,"Kaggle klekzee/phillipines-housing-market (portal scrape, 2024)"
521,"4BR SD House and Lot for Sale in Urdaneta, Pangasinan at Camella Urdaneta | Dani w/ CB 172sqm","Macarthur Hwy Anonas, Urdaneta",Urdaneta,9948000,4,3,83.0,172.0,16.001583,120.576056,first,"Kaggle klekzee/phillipines-housing-market (portal scrape, 2024)"
522,"4BR SD House and Lot for Sale in Urdaneta, Pangasinan at Camella Urdaneta | Dani w/ CB 142sqm","Macarthur Hwy Anonas, Urdaneta",Urdaneta,8914000,4,3,83.0,142.0,16.001583,120.576056,first,"Kaggle klekzee/phillipines-housing-market (portal scrape, 2024)"
523,"4BR House and Lot for Sale in Urdaneta, Pangasinan at Camella Urdaneta | Dani w/ CB 130sqm","Macarthur Hwy Anonas, Urdaneta",Urdaneta,8500000,4,3,83.0,130.0,16.001583,120.576056,first,"Kaggle klekzee/phillipines-housing-market (portal scrape, 2024)"
524,"5BR House and Lot for Sale in Urdaneta, Pangasinan at Camella Urdaneta | Ella 246sqm","Macarthur Hwy Anonas, Urdaneta",Urdaneta,10050000,5,3,100.0,246.0,16.001583,120.576056,first,"Kaggle klekzee/phillipines-housing-market (portal scrape, 2024)"
525,"3BR House and Lot for Sale in Urdaneta, Pangasinan at Camella Urdaneta | Cara 110sqm","Macarthur Hwy Anonas, Urdaneta",Urdaneta,7617000,3,2,66.0,110.0,16.001583,120.576056,first,"Kaggle klekzee/phillipines-housing-market (portal scrape, 2024)"
526,"3BR House and Lot for Sale in Urdaneta, Pangasinan at Camella Urdaneta | Cara 96sqm","Macarthur Hwy Anonas, Urdaneta",Urdaneta,5896000,3,2,66.0,96.0,16.001583,120.576056,first,"Kaggle klekzee/phillipines-housing-market (portal scrape, 2024)"
527,"3BR House and Lot for Sale in Urdaneta, Pangasinan at Camella Urdaneta | Cara w/ CB 157sqm","Macarthur Hwy Anonas, Urdaneta",Urdaneta,8788000,3,2,66.0,157.0,16.001583,120.576056,first,"Kaggle klekzee/phillipines-housing-market (portal scrape, 2024)"
528,"3BR SD House and Lot for Sale in Urdaneta, Pangasinan at Camella Urdaneta | Cara w/ CB 172sqm","Macarthur Hwy Anonas, Urdaneta",Urdaneta,9306000,3,2,66.0,172.0,16.001583,120.576056,first,"Kaggle klekzee/phillipines-housing-market (portal scrape, 2024)"
529,"3BR House and Lot for Sale in Urdaneta, Pangasinan at Camella Urdaneta | Cara w/ CB 153sqm","Macarthur Hwy Anonas, Urdaneta",Urdaneta,8558000,3,2,66.0,153.0,16.001583,120.576056,first,"Kaggle klekzee/phillipines-housing-market (portal scrape, 2024)"
530,"3BR House and Lot for Sale in Urdaneta, Pangasinan at Camella Urdaneta | Cara 246sqm","Macarthur Hwy Anonas, Urdaneta",Urdaneta,9029000,3,2,66.0,246.0,16.001583,120.576056,first,"Kaggle klekzee/phillipines-housing-market (portal scrape, 2024)"
531,"RFO 2BR Townhouse for Sale in Urdaneta, Pangasinan at Camella Urdaneta | Margarita EU","Macarthur Hwy Anonas, Urdaneta",Urdaneta,4219000,2,1,46.0,56.0,16.001583,120.576056,first,"Kaggle klekzee/phillipines-housing-market (portal scrape, 2024)"
532,"4BR SD House and Lot for Sale in Urdaneta, Pangasinan at Camella Urdaneta | Dani w/ CB 141sqm","Macarthur Hwy Anonas, Urdaneta",Urdaneta,8879000,4,3,83.0,141.0,16.001583,120.576056,first,"Kaggle klekzee/phillipines-housing-market (portal scrape, 2024)"
533,"RFO 2BR House and Lot for Sale in Urdaneta, Pangasinan at Camella Urdaneta | Ezabelle 63sqm","Macarthur Hwy Anonas, Urdaneta",Urdaneta,4948000,2,1,46.0,63.0,16.001583,120.576056,first,"Kaggle klekzee/phillipines-housing-market (portal scrape, 2024)"
534,"BTS 5BR House and Lot for Sale in Urdaneta, Pangasinan at Camella Urdaneta | Greta 174sqm","Macarthur Hwy Anonas, Urdaneta",Urdaneta,13459000,5,3,166.0,174.0,16.001583,120.576056,first,"Kaggle klekzee/phillipines-housing-market (portal scrape, 2024)"
535,"5BR House and Lot for Sale in Urdaneta, Pangasinan at Camella Urdaneta | Freya 143sqm","Macarthur Hwy Anonas, Urdaneta",Urdaneta,10367000,5,3,142.0,143.0,16.001583,120.576056,first,"Kaggle klekzee/phillipines-housing-market (portal scrape, 2024)"
536,"BTS 5BR House and Lot for Sale in Urdaneta, Pangasinan at Camella Urdaneta | Freya 157sqm","Macarthur Hwy Anonas, Urdaneta",Urdaneta,11940000,5,3,142.0,157.0,16.001583,120.576056,first,"Kaggle klekzee/phillipines-housing-market (portal scrape, 2024)"
537,"4BR House and Lot for Sale in Urdaneta, Pangasinan at Camella Urdaneta | Dani w/ CB 158sqm","Macarthur Hwy Anonas, Urdaneta",Urdaneta,9370000,4,3,83.0,158.0,16.001583,120.576056,first,"Kaggle klekzee/phillipines-housing-market (portal scrape, 2024)"
538,"4BR House and Lot for Sale in Urdaneta, Pangasinan at Camella Urdaneta | Dani w/ CB 121sqm","Macarthur Hwy Anonas, Urdaneta",Urdaneta,8116000,4,3,83.0,121.0,16.001583,120.576056,first,"Kaggle klekzee/phillipines-housing-market (portal scrape, 2024)"
539,"3BR House and Lot for Sale in Urdaneta, Pangasinan at Camella Urdaneta | Cara w/ CB 130sqm","Macarthur Hwy Anonas, Urdaneta",Urdaneta,7857000,3,2,66.0,130.0,16.001583,120.576056,first,"Kaggle klekzee/phillipines-housing-market (portal scrape, 2024)"
540,"3BR House and Lot for Sale in Urdaneta, Pangasinan at Camella Urdaneta | Cara w/ CB 99sqm","Macarthur Hwy Anonas, Urdaneta",Urdaneta,6728000,3,2,66.0,99.0,16.001583,120.576056,first,"Kaggle klekzee/phillipines-housing-market (portal scrape, 2024)"
541,"3BR House and Lot for Sale in Urdaneta, Pangasinan at Camella Urdaneta | Cara w/ CB 140sqm","Macarthur Hwy Anonas, Urdaneta",Urdaneta,8202000,3,2,66.0,140.0,16.001583,120.576056,first,"Kaggle klekzee/phillipines-housing-market (portal scrape, 2024)"
542,"BTS 5BR House and Lot for Sale in Urdaneta, Pangasinan at Camella Urdaneta | Freya 143sqm","Macarthur Hwy Anonas, Urdaneta",Urdaneta,11286000,5,3,142.0,143.0,16.001583,120.576056,first,"Kaggle klekzee/phillipines-housing-market (portal scrape, 2024)"
543,"5BR House and Lot for Sale in Urdaneta, Pangasinan at Camella Urdaneta | Greta 174sqm","Macarthur Hwy Anonas, Urdaneta",Urdaneta,11483000,5,3,166.0,174.0,16.001583,120.576056,first,"Kaggle klekzee/phillipines-housing-market (portal scrape, 2024)"
544,"5BR House and Lot for Sale in Urdaneta, Pangasinan at Camella Urdaneta | Freya 161sqm","Macarthur Hwy Anonas, Urdaneta",Urdaneta,10987000,5,3,142.0,161.0,16.001583,120.576056,first,"Kaggle klekzee/phillipines-housing-market (portal scrape, 2024)"
545,"4BR House and Lot for Sale in Urdaneta, Pangasinan at Camella Urdaneta | Dani w/ CB 140sqm","Macarthur Hwy Anonas, Urdaneta",Urdaneta,8845000,4,3,83.0,140.0,16.001583,120.576056,first,"Kaggle klekzee/phillipines-housing-market (portal scrape, 2024)"
546,"4BR House and Lot for Sale in Urdaneta, Pangasinan at Camella Urdaneta | Dani w/ CB 125sqm","Macarthur Hwy Anonas, Urdaneta",Urdaneta,8328000,4,3,83.0,125.0,16.001583,120.576056,first,"Kaggle klekzee/phillipines-housing-market (portal scrape, 2024)"
547,"BTS 2BR House and Lot for Sale in Urdaneta, Pangasinan at Camella Urdaneta | Ezabelle 63sqm","Macarthur Hwy Anonas, Urdaneta",Urdaneta,4998000,2,1,46.0,63.0,16.001583,120.576056,first,"Kaggle klekzee/phillipines-housing-market (portal scrape, 2024)"
548,"Brand New Modern 3 Storey House and Lot In BF Resort Village, Las Piñas City","Almanza Dos, Las Pinas",Las Pinas,24300000,4,5,338.0,196.0,14.424732,121.014573,first,"Kaggle klekzee/phillipines-housing-market (portal scrape, 2024)"
549,"Affordable House and Lot For Sale near Ayala Alabang, Muntinlupa City","Alabang, Muntinlupa",Muntinlupa,10840000,3,3,140.0,240.0,14.418564,121.044722,first,"Kaggle klekzee/phillipines-housing-market (portal scrape, 2024)"
550,Rush Resale House and Lot In Nuvali Below Market Price Avida Woodhill Settings,"Canlubang, Calamba",Calamba,6800000,2,1,52.0,130.0,14.216032,121.108038,first,"Kaggle klekzee/phillipines-housing-market (portal scrape, 2024)"
551,"4 Bedroom Bungalow House For Sale in Sun Valley, Parañaque City","Sun Valley, Paranaque",Paranaque,19500000,4,4,250.0,430.0,14.488841,121.032517,first,"Kaggle klekzee/phillipines-housing-market (portal scrape, 2024)"
552,San Miguel Village Makati City 4 Bedroom House and Lot for Sale,"San Miguel Village, Makati",Makati,78000000,4,2,300.0,325.0,14.567265,121.025519,first,"Kaggle klekzee/phillipines-housing-market (portal scrape, 2024)"
553,A Modern Resort Inspired Townhomes Community in Antipolo City,"San Roque, Antipolo",Antipolo,6503750,3,3,103.0,60.0,14.584069,121.173146,first,"Kaggle klekzee/phillipines-housing-market (portal scrape, 2024)"
554,"Corner Commercial House & Lot for sale in Mansasa, Tagbilaran City","Cpg Avenue Cor Katipunan Street Mansasa, Tagbilaran",Tagbilaran,40000000,10,8,,1574.0,9.636691,123.862074,first,"Kaggle klekzee/phillipines-housing-market (portal scrape, 2024)"
555,"Gorgeous House and Lot For Sale in Fairview, Quezon City, Metro Manila","Neopolitan, Fairview, Quezon City Fairview, Quezon City",Quezon City,45000000,6,6,600.0,600.0,14.715848,121.0591,first,"Kaggle klekzee/phillipines-housing-market (portal scrape, 2024)"
556,"House & Lot with Ocean and Mountain View for sale in Santa Maria, Ilocos Sur","Lingsat, Santa Maria",Santa Maria,6500000,3,2,194.0,746.0,17.375694,120.453626,first,"Kaggle klekzee/phillipines-housing-market (portal scrape, 2024)"
557,Brand New Tagaytay Midlands House Overlooking Taal,"Quiling, Talisay",Talisay,69000000,3,4,370.0,807.0,14.094445,121.038303,first,"Kaggle klekzee/phillipines-housing-market (portal scrape, 2024)"
558,"For Sale: 4 Bedroom House and Lot in Villagio di Xavier, Biñan, Laguna","Villagio Di Xavier Prima Casa , Binan, Laguna Mampalasan, Binan",Binan,8700000,4,4,100.0,140.0,14.320346,121.086785,first,"Kaggle klekzee/phillipines-housing-market (portal scrape, 2024)"
559,FOR SALE: Brand New Premium Duplex Near Bonifacio Global City,"Afpovai, Western Bicutan, Taguig City Western Bicutan, Taguig",Taguig,55000000,4,4,410.0,200.0,14.527161,121.039771,first,"Kaggle klekzee/phillipines-housing-market (portal scrape, 2024)"
560,"For Sale: 5 Bedroom House and Lot for Sale in Ayala Alabang Village, Muntinlupa!","Ayala Alabang, Muntinlupa",Muntinlupa,139250000,5,5,337.0,557.0,14.42261,121.026941,first,"Kaggle klekzee/phillipines-housing-market (portal scrape, 2024)"
561,2-Storey House & Lot for Sale in Villas Magallanes Subdivision,"Villa Magallanes Subdivision Agus, Lapu Lapu City Agus, Lapu-Lapu",Lapu-Lapu,15000000,3,,280.0,150.0,12.404927,119.86143,first,"Kaggle klekzee/phillipines-housing-market (portal scrape, 2024)"
562,“The Zen Oasis” 5 bedroom for sale,"Tali Beach Balagtas, Batangas City",Batangas City,200000000,5,5,700.0,804.0,14.122653,120.583086,first,"Kaggle klekzee/phillipines-housing-market (portal scrape, 2024)"
563,Treveia House For Sale,Calamba,Calamba,30000000,4,4,302.0,250.0,14.206022,121.15565,first,"Kaggle klekzee/phillipines-housing-market (portal scrape, 2024)"
564,"Newly Renovated House and Lot in Capitol Hills Golf Subdivision, Quezon City","Matandang Balara, Quezon City",Quezon City,85000000,4,5,474.0,448.0,14.67168,121.074534,first,"Kaggle klekzee/phillipines-housing-market (portal scrape, 2024)"
565,"5-Bedroom House & Lot for Sale in Bel-Air 3 Village, Makati City","Bel-Air, Makati",Makati,268000000,5,4,,665.0,14.562034,121.028094,first,"Kaggle klekzee/phillipines-housing-market (portal scrape, 2024)"
566,Townhouse in Scout Area,"Scout Area Diliman, Quezon City",Quezon City,35530000,3,4,201.0,104.0,14.636129,121.033584,first,"Kaggle klekzee/phillipines-housing-market (portal scrape, 2024)"
567,"Pre-selling Duplex House (Twinhomes) for sale at Tanza, Cavite","Halayhay, Tanza",Tanza,4032000,3,2,55.0,80.0,14.374011,120.812271,first,"Kaggle klekzee/phillipines-housing-market (portal scrape, 2024)"
568,AYALA PLANTAZIONNE VERDANA HOMES,"Zone 15, Talisay",Talisay,19500000,4,5,400.0,352.0,10.721301,122.967192,first,"Kaggle klekzee/phillipines-housing-market (portal scrape, 2024)"
569,"3 Bedroom House for Sale with Spacious Lot in Angeles City, Pampanga","Pulung Maragul, Angeles",Angeles,11000000,3,2,,300.0,15.161848,120.607668,first,"Kaggle klekzee/phillipines-housing-market (portal scrape, 2024)"
570,"Dana Model House For Sale at Camella Sierra, Antipolo City, Rizal","Dalig, Antipolo",Antipolo,,4,3,85.0,99.0,14.573045,121.186472,first,"Kaggle klekzee/phillipines-housing-market (portal scrape, 2024)"
571,4 Bedroom Brand New Single Detached House for Sale in Dasmariñas Cavite,"Paliparan I, Dasmarinas",Dasmarinas,9150000,4,3,187.0,132.0,14.319503,120.985399,first,"Kaggle klekzee/phillipines-housing-market (portal scrape, 2024)"
572,"For Sale RFO & Fully Furnished House & Lot Along Daanghari, Las Piñas City","Almanza Dos, Las Pinas",Las Pinas,37150000,3,3,208.0,240.0,14.424732,121.014573,first,"Kaggle klekzee/phillipines-housing-market (portal scrape, 2024)"
573,"Duplex for Sale in Pilar Village, Las Piñas City, Metro Manila","Pilar, Las Pinas",Las Pinas,9800000,3,3,180.0,120.0,14.425263,121.005866,first,"Kaggle klekzee/phillipines-housing-market (portal scrape, 2024)"
574,"Affordable Elegant House and Lot For Sale in Fleur De Lis Village, Tuguegarao","Fluer De Lis Village Larion Alto, Tuguegarao",Tuguegarao,4400000,3,2,110.0,201.0,17.630468,121.719471,first,"Kaggle klekzee/phillipines-housing-market (portal scrape, 2024)"
575,"4 Bedroom House for Sale in Ayala Westgrove Heights with Amazing Views, Silang","Inchican, Silang",Silang,89000000,4,4,600.0,396.0,14.251055,121.052737,first,"Kaggle klekzee/phillipines-housing-market (portal scrape, 2024)"
576,FOR SALE: 5 Bedroom Two Storey House in San Fernando City near SM Telabastagan,"Exclusive Subdivision Near Sm Telabastagan Telabastagan, San Fernando",San Fernando,16900000,5,4,315.0,240.0,15.100353,120.47126,first,"Kaggle klekzee/phillipines-housing-market (portal scrape, 2024)"
577,House for Sale in Avina Model At Sentrina Alaminos Laguna,"Blk 1 Lot 20 Sentrina Alaminos Brgy.San Benito,Alaminos,Laguna Along Maharlika National Highway San Benito, Alaminos",Alaminos,4307299,3,2,85.0,89.0,14.065252,121.281668,first,"Kaggle klekzee/phillipines-housing-market (portal scrape, 2024)"
578,"For Sale 2 Storey with balcony, 2BR ; 1 MBR ; 1Extra Room Living, Dasmariñas","Governor'S Dr, 4114 Dasmarinas, Philippines Paliparan Ii, Dasmarinas",Dasmarinas,10646000,4,3,115.0,121.0,14.304986,120.898129,first,"Kaggle klekzee/phillipines-housing-market (portal scrape, 2024)"
579,"RFO 2 Bedrooms Mid Unit Townhouse with Carport for Sale in Pandi, Bulacan","Sta. Maria-Pandi Rd, Pandi, Philippines Poblacion, Pandi",Pandi,2265619,2,1,40.0,44.0,14.846365,120.95441,first,"Kaggle klekzee/phillipines-housing-market (portal scrape, 2024)"
580,"2 Storey Single Detached House and Lot For Sale in Dasmariñas, Cavite","Sampaloc Ii, Dasmarinas",Dasmarinas,10900000,3,4,103.0,168.0,14.287514,120.960121,first,"Kaggle klekzee/phillipines-housing-market (portal scrape, 2024)"
581,Futura Homes House and Lot for Sale in San Pedro Laguna,"San Pedro, San Pablo",San Pablo,10125900,3,2,100.0,212.0,14.582341,121.118044,first,"Kaggle klekzee/phillipines-housing-market (portal scrape, 2024)"
582,"For Sale RFO Chateau Townhouse w/ Individual T&B, 1 Maids Room, Las Piñas","Almanza Dos, Las Pinas",Las Pinas,22683000,3,3,161.0,120.0,14.424732,121.014573,first,"Kaggle klekzee/phillipines-housing-market (portal scrape, 2024)"
583,Brand New Semi-Furnished Italian 5 BR House Near Alabang,"Molino Iii, Bacoor",Bacoor,15000000,5,3,174.0,160.0,14.398172,120.978222,first,"Kaggle klekzee/phillipines-housing-market (portal scrape, 2024)"
584,"For Sale: Modern House and Lot in Royale Tagaytay Estates, Cavite","Royale Tagaytay Estates, Cavite Buck Estate, Alfonso",Alfonso,,4,4,280.0,317.0,14.083504,120.860816,first,"Kaggle klekzee/phillipines-housing-market (portal scrape, 2024)"
585,"3 Bedrooms ; 2 T&B ; Carport and Balcony For Sale, Dasmariñas","Paliparan Ii, Dasmarinas",Dasmarinas,9913000,3,2,98.0,121.0,14.302691,120.993435,first,"Kaggle klekzee/phillipines-housing-market (portal scrape, 2024)"
586,"2 Storey ; 5BR ; 3 T&B ; Carport and Balcony with porch For Sale, Dasmariñas","Governor'S Dr, 4114 Dasmarinas, Philippines Paliparan Ii, Dasmarinas",Dasmarinas,14906000,5,3,166.0,169.0,14.304986,120.898129,first,"Kaggle klekzee/phillipines-housing-market (portal scrape, 2024)"
587,"2-Storey Single Firewall, 2 Bedrooms, 2 Toilet & baths For Sale, Dasmariñas","Governor'S Dr, 4114 Dasmarinas, Philippines Paliparan Ii, Dasmarinas",Dasmarinas,7093000,2,2,53.0,99.0,14.304986,120.898129,first,"Kaggle klekzee/phillipines-housing-market (portal scrape, 2024)"
588,"Beachfront Vacation House for Sale Located at Dumanjug City, Cebu","Calaboon, Dumanjug",Dumanjug,50000000,4,5,,1000.0,10.056328,123.421241,first,"Kaggle klekzee/phillipines-housing-market (portal scrape, 2024)"
589,"Modern Design House & Lot for Sale in Mondo Bambini, Biñan, Laguna","Binan, Binan",Binan,11500000,3,2,118.0,90.0,14.331387,121.081196,first,"Kaggle klekzee/phillipines-housing-market (portal scrape, 2024)"
590,"For Sale: Modern Townhouse, Alora Series at Phirst Park Homes Calauan, Laguna","Phirst Park Homes Calauan, Laguna, Philippines Masiit, Calauan",Calauan,,1,1,41.0,36.0,14.169254,121.271415,first,"Kaggle klekzee/phillipines-housing-market (portal scrape, 2024)"
591,"House for Sale in Llano Subdivision, Caloocan City","Llano Road Llano, Caloocan",Caloocan,4500000,3,2,77.0,80.0,14.732596,121.012419,first,"Kaggle klekzee/phillipines-housing-market (portal scrape, 2024)"
592,"Duplex House For Sale in Las Piñas Pamplona 3 near Alabang, 5 Bedroom w/ Garden","Pamplona Tres, Las Pinas",Las Pinas,,5,4,160.0,91.5,14.449823,120.978289,first,"Kaggle klekzee/phillipines-housing-market (portal scrape, 2024)"
593,"3 BR Townhouse RFO Unit for Sale in Porac, Pampanga","Manibaug Paralaya, Porac",Porac,2294060,3,1,62.5,50.0,15.115543,120.566052,first,"Kaggle klekzee/phillipines-housing-market (portal scrape, 2024)"
594,"For Sale: 3 Bedroom 2 story single attached house and lot in Carmona, Cavite","Stone Bridge Estates Mabuhay, Carmona",Carmona,5001920,3,2,85.0,80.0,14.303029,121.041293,first,"Kaggle klekzee/phillipines-housing-market (portal scrape, 2024)"
595,"For Sale: 5 Bedroom Townhouse Unit in West Avenue, Quezon City","Diliman, Quezon City",Quezon City,42500000,5,5,500.0,126.0,14.636129,121.033584,first,"Kaggle klekzee/phillipines-housing-market (portal scrape, 2024)"
596,"Brand New 5 Bedroom House and Lot near Alabang, Bacoor, Cavite","Citta Italia Roma, Bacoor Cavite Molino Iii, Bacoor",Bacoor,13500000,5,3,174.0,160.0,14.408176,120.955332,first,"Kaggle klekzee/phillipines-housing-market (portal scrape, 2024)"
597,"3 Bedroom modern Townhouse for Sale along Arnaldo Hway, Gen Trias, Cavite|Hanna","Santiago, General Trias, Calabarzon, Philippines Santiago, General Trias",General Trias,4000000,3,2,54.0,80.0,14.344136,120.867554,first,"Kaggle klekzee/phillipines-housing-market (portal scrape, 2024)"
598,"2 Bedroom House and Lot for Sale in Lipa City, Batangas","Phirst Park Homes Lipa Cove, San Lucas, Lipa, Batangas, Philippines San Lucas, Lipa",Lipa,1660120,2,1,36.0,40.0,14.015951,121.181278,first,"Kaggle klekzee/phillipines-housing-market (portal scrape, 2024)"
599,"For Sale 2 Storey with Balcony and Carport ; 5BR ; 2T&B ; 1MT&B, Dasmariñas","Governor'S Dr, 4114 Dasmarinas, Philippines Paliparan Ii, Dasmarinas",Dasmarinas,14371000,5,3,142.0,168.0,14.304986,120.898129,first,"Kaggle klekzee/phillipines-housing-market (portal scrape, 2024)"
600,Exclusive House and Lot for Sale at Brizlane Residences Tandang Sora Quezon City,"Cenacle Rd, 1128 Quezon City, Philippines Culiat, Quezon City",Quezon City,19495000,5,4,312.0,94.0,14.664747,121.044367,first,"Kaggle klekzee/phillipines-housing-market (portal scrape, 2024)"
601,Exclusive House and Lot for Sale at Brizlane Residences Tandang Sora Quezon City,"Cenacle Rd, 1128 Quezon City, Philippines Culiat, Quezon City",Quezon City,19495000,5,4,312.0,94.0,14.664747,121.044367,repeat,"Kaggle klekzee/phillipines-housing-market (portal scrape, 2024)"
602,New House and Lot For Sale in Enclave Alabang near Ayala Alabang in Las Piñas,"Almanza Dos, Las Pinas",Las Pinas,150000000,3,4,600.0,375.0,14.424732,121.014573,first,"Kaggle klekzee/phillipines-housing-market (portal scrape, 2024)"
603,"For Sale 4 Bedroom Townhouse with Roof Deck in Mahogany Place 3, Taguig City","Bambang, Taguig",Taguig,35000000,4,2,310.0,105.0,14.525747,121.072915,first,"Kaggle klekzee/phillipines-housing-market (portal scrape, 2024)"
604,"For Sale House and Lot Filinvest Cainta Rizal, 4 Bedroom + 2 Garage, Promo Price","San Isidro, Cainta",Cainta,13900000,4,4,143.0,182.0,14.609256,121.110638,first,"Kaggle klekzee/phillipines-housing-market (portal scrape, 2024)"
605,"For Sale : Brand New Modern House in Mckinley Hill Village, Taguig!","Mckinley Hill, Taguig",Taguig,,5,6,642.0,288.0,14.533049,121.052429,first,"Kaggle klekzee/phillipines-housing-market (portal scrape, 2024)"
606,295 sqm House and Lot Glades Timberland San Mateo near Quezon City,"Silangan, San Mateo",San Mateo,19100000,3,3,113.0,295.0,14.65764,121.15091,first,"Kaggle klekzee/phillipines-housing-market (portal scrape, 2024)"
607,3 BR HOUSE AND LOT IN FRONT OF SPRING RESORT! INSTALLMENT,"Buenavista, Pagadian City, Zamboanga Peninsula, Philippines Buenavista, Pagadian",Pagadian,300000,3,2,80.0,100.0,7.818277,123.361057,first,"Kaggle klekzee/phillipines-housing-market (portal scrape, 2024)"
608,Near SLEX 3 Bedroom Pag-ibig House Sale Stonebridge Carmona Cavite,"Mabuhay, Carmona",Carmona,5679520,3,2,90.0,88.0,14.310859,121.049743,first,"Kaggle klekzee/phillipines-housing-market (portal scrape, 2024)"
609,"For Sale 2BR Corner House Angelo Unit in Granville 3, Catalunan Pequeño, Davao","Catalunan Pequeno, Davao",Davao,1500000,2,1,30.0,77.0,7.075435,125.520254,first,"Kaggle klekzee/phillipines-housing-market (portal scrape, 2024)"
610,"For sale: 5 bedroom House in San Luis, Baguio City","San Luis Village, Baguio City, Cordillera Administrative Region, Philippines San Luis Village, Baguio",Baguio,10000000,5,3,,250.0,16.409373,120.563323,first,"Kaggle klekzee/phillipines-housing-market (portal scrape, 2024)"
611,Townhouse Modern Design In Antipolo Near Robinson's Mall,"San Isidro, Antipolo",Antipolo,5973000,3,2,64.0,60.0,14.589803,121.18199,first,"Kaggle klekzee/phillipines-housing-market (portal scrape, 2024)"
612,READY FOR OCCUPANCY 4- bedroom single house and lot for sale in Cebu City,"Bacayan, Cebu",Cebu,10500000,4,3,199.0,143.0,10.386957,123.921265,first,"Kaggle klekzee/phillipines-housing-market (portal scrape, 2024)"
613,Pre Selling House and Lot at Parklane Settings Vermosa in Imus Cavite,"Brgy Pasong Buaya Ii Imus Cavite Daang Hari Pasong Buaya Ii, Imus",Imus,11598000,3,2,67.0,132.0,14.37909,120.916792,first,"Kaggle klekzee/phillipines-housing-market (portal scrape, 2024)"
614,Beautiful 5 Beds | 5 Baths Luxury Residential Home For Sale in Insular Village,"Pampanga, Davao",Davao,,,5,623.0,1128.0,7.119057,125.648679,first,"Kaggle klekzee/phillipines-housing-market (portal scrape, 2024)"
615,Industrial-inspired 2 Bedrooms House and Lot,"Tuyo, Balanga",Balanga,2900000,2,1,40.0,66.0,14.694609,120.53768,first,"Kaggle klekzee/phillipines-housing-market (portal scrape, 2024)"
616,House and Lot for Sale with Golf Course View in Silang Cavite near Tagaytay,Silang,Silang,16800000,3,3,165.0,119.0,14.223624,120.97415,first,"Kaggle klekzee/phillipines-housing-market (portal scrape, 2024)"
617,"Modern Contemporary House for Sale in Angeles City, Pampanga","Capaya, Angeles",Angeles,12000000,4,4,180.0,120.0,15.140721,120.626283,first,"Kaggle klekzee/phillipines-housing-market (portal scrape, 2024)"
618,"For Sale Mountain House with Overlooking Views & Pool - Minglanilla, Cebu","Pakigne, Minglanilla",Minglanilla,13600000,3,3,318.0,1200.0,10.260382,123.797739,first,"Kaggle klekzee/phillipines-housing-market (portal scrape, 2024)"
619,"For Sale:5BR |Modern Furnished 2-Storey House w/ Roof Deck & Garden,San Fernando","San Fernando Pampanga Telabastagan, San Fernando",San Fernando,29900000,5,5,650.0,540.0,15.10155,120.621542,first,"Kaggle klekzee/phillipines-housing-market (portal scrape, 2024)"
620,"Newly Renovated 5 Bedroom House and Lot For Sale in San Fernando, Pampanga","Telabastagan, San Fernando",San Fernando,25000000,5,4,250.0,520.0,15.114283,120.608872,first,"Kaggle klekzee/phillipines-housing-market (portal scrape, 2024)"
621,"High End and Modern House and Lot for Sale in South Drive, Baguio City","South Drive, Baguio",Baguio,45000000,4,5,518.0,144.0,16.407675,120.60863,first,"Kaggle klekzee/phillipines-housing-market (portal scrape, 2024)"
622,"For Sale - Breathtaking Beach House in Calatagan, Batangas",Calatagan,Calatagan,,8,,,25000.0,13.832988,120.632236,first,"Kaggle klekzee/phillipines-housing-market (portal scrape, 2024)"
623,For Sale: 4BR Bungalow House and Lot at BF HEVA Parañaque City,"B.F. Homes, Paranaque",Paranaque,17500000,4,3,160.0,204.0,14.446279,121.027411,first,"Kaggle klekzee/phillipines-housing-market (portal scrape, 2024)"
624,"For Sale: 4 Bedroom House in Molave Highlands, Consolacion, Cebu","Lamac, Consolacion",Consolacion,12500000,4,3,227.0,209.0,10.387685,123.968097,first,"Kaggle klekzee/phillipines-housing-market (portal scrape, 2024)"
625,"For Sale 4 Bedrooms and 2 Car Garage in Montecelio Residences Concepcion, Tarlac","Alfonso, Concepcion",Concepcion,3690000,4,3,122.9,112.5,15.329086,120.639432,first,"Kaggle klekzee/phillipines-housing-market (portal scrape, 2024)"
626,House and Lot For Sale in Marulas Valenzuela,"A. Ponciano St, 1441 Valenzuela, Philippines Marulas, Valenzuela",Valenzuela,9200000,3,3,120.0,65.0,14.673696,120.981712,first,"Kaggle klekzee/phillipines-housing-market (portal scrape, 2024)"
627,"For Sale 4 Bedroom Bungalow House in Catalunan Grande, Davao City","Catalunan Grande, Davao",Davao,14200000,4,4,200.0,332.0,7.080164,125.543794,first,"Kaggle klekzee/phillipines-housing-market (portal scrape, 2024)"
628,House and Lot for Sale,Caloocan,Caloocan,4500000,3,1,96.0,,14.651348,120.9724,first,"Kaggle klekzee/phillipines-housing-market (portal scrape, 2024)"
629,"For Sale Pre-selling Modern Design Two (2) Storey Corner Duplex House, Parañaque","Don Bosco, Paranaque",Paranaque,23500000,5,4,276.0,215.0,14.48433,121.031421,first,"Kaggle klekzee/phillipines-housing-market (portal scrape, 2024)"
630,"3-Storey Townhouse For Sale in North Olympus Subdivision, Quezon City","Fairview, Quezon City",Quezon City,5710000,3,3,116.0,43.0,14.705523,121.074282,first,"Kaggle klekzee/phillipines-housing-market (portal scrape, 2024)"
631,"For Sale: 6 Bedroom House & Lot in Varsity Hills at Loyola Heights, Quezon City","Loyola Heights, Quezon City",Quezon City,98000000,6,5,350.0,1000.0,14.64109,121.073778,first,"Kaggle klekzee/phillipines-housing-market (portal scrape, 2024)"
632,For Sale: Well-maintained 2-Storey House with pool at Loyola Grand Villas,"Matandang Balara, Quezon City",Quezon City,85000000,4,5,600.0,587.0,14.67168,121.074534,first,"Kaggle klekzee/phillipines-housing-market (portal scrape, 2024)"
633,"For Sale:Madonna Residences|Single Detached House 4BR w/ 2 Carport, San Fernando","Sindalan, San Fernando",San Fernando,6062500,4,3,150.0,164.0,15.078511,120.641521,first,"Kaggle klekzee/phillipines-housing-market (portal scrape, 2024)"
634,"Duplex House and Lot 10 bedroom for Sale in Mabalacat, Clark","Dapdap, Mabalacat",Mabalacat,1600000,3,1,45.0,40.3,15.185893,120.589649,first,"Kaggle klekzee/phillipines-housing-market (portal scrape, 2024)"
635,4-Bedroom House For Sale at Bel Air Residences Lipa (Athena),"Marauoy, Lipa",Lipa,10210000,4,3,172.0,165.0,13.964301,121.166062,first,"Kaggle klekzee/phillipines-housing-market (portal scrape, 2024)"
636,"For Sale Brand New Bungalow House 4 Bedrooms - BF Homes, Parañaque City","B.F. Homes, Paranaque",Paranaque,,4,3,256.0,280.0,14.446279,121.027411,first,"Kaggle klekzee/phillipines-housing-market (portal scrape, 2024)"
637,"House & Lot For Sale near Clark Airport and SM Pampanga, Angeles","Deca Home Clark Residences, Margot Angeles Pampanga Margot, Angeles",Angeles,2800000,2,2,140.0,70.0,15.166743,120.52232,first,"Kaggle klekzee/phillipines-housing-market (portal scrape, 2024)"
638,"Reduced For Sale : House in Ma. Luisa Estate, Phase 1 with spectacular view Cebu","Banilad, Cebu",Cebu,65000000,6,8,918.0,566.0,10.346519,123.911112,first,"Kaggle klekzee/phillipines-housing-market (portal scrape, 2024)"
639,Kamuning (Area in Quezon City) Townhouse 5 Bedroom 3 Storey For Sale,"Kamuning, Quezon City",Quezon City,13000000,5,4,170.0,60.0,14.627544,121.039062,first,"Kaggle klekzee/phillipines-housing-market (portal scrape, 2024)"
640,"Santorini House for Sale in Angeles City, Pampanga","Amsic, Angeles",Angeles,25000000,5,5,246.0,289.0,15.156003,120.570803,first,"Kaggle klekzee/phillipines-housing-market (portal scrape, 2024)"
641,"House 9 for sale at Pinewoods Golf & Country Estates, Baguio City","Asin Road, Baguio",Baguio,60000000,4,5,310.0,537.0,16.402172,120.563999,first,"Kaggle klekzee/phillipines-housing-market (portal scrape, 2024)"
642,Overlooking 5- Bedroom Single Detached House and Lot for sale in Talisay Cebu,"Linao, Talisay, Central Visayas, Philippines Linao, Talisay",Talisay,14800000,5,4,227.0,420.0,10.26183,123.818265,first,"Kaggle klekzee/phillipines-housing-market (portal scrape, 2024)"
643,"Ready For Occupancy RFO 4 Bedrooms Aircons House Sale in Carmona, Cavite","Lantic, Carmona",Carmona,5232628,4,2,104.0,100.0,14.298343,121.049342,first,"Kaggle klekzee/phillipines-housing-market (portal scrape, 2024)"
644,"For sale House in La Verandilla Homes, congressional Ave Ext., Quezon City","Culiat, Quezon City",Quezon City,12500000,4,4,140.0,78.0,14.667962,121.056591,first,"Kaggle klekzee/phillipines-housing-market (portal scrape, 2024)"
645,"House For Sale in Malinta, Valenzuela City","Maple St., St. Jude Subd., Malinta, 1440 Valenzuela, Philippines Malinta, Valenzuela",Valenzuela,9500000,5,4,120.0,60.0,14.688164,120.963599,first,"Kaggle klekzee/phillipines-housing-market (portal scrape, 2024)"
646,"Brand New House for Sale in Ayala Alabang, Muntinlupa City, Metro Manila","Ayala Alabang, Muntinlupa",Muntinlupa,170000000,6,5,750.0,574.0,14.42261,121.026941,first,"Kaggle klekzee/phillipines-housing-market (portal scrape, 2024)"
647,"5 Bedroom House For Sale in Saint Thomas Estates Dontogan Green Valley, Baguio","Dontogan, Baguio",Baguio,27000000,5,2,350.0,180.0,16.382987,120.569294,first,"Kaggle klekzee/phillipines-housing-market (portal scrape, 2024)"
648,Renovated Modern Two-Storey House and Lot for Sale in UPS 5 Parañaque,"San Isidro, Paranaque",Paranaque,8800000,4,3,190.0,105.0,14.471127,121.007666,first,"Kaggle klekzee/phillipines-housing-market (portal scrape, 2024)"
649,"2 Storey Duplex House for Sale in Naic, Cavite | Pag-ibig financing","Sabang, Naic, Calabarzon, Philippines Sabang, Naic",Naic,1460000,2,1,45.5,54.0,14.326513,120.803111,first,"Kaggle klekzee/phillipines-housing-market (portal scrape, 2024)"
650,"For Sale A Superb Finish 3BR Modern House in B.F. Homes, Parañaque","B.F. Homes, Paranaque",Paranaque,16500000,3,3,200.0,150.0,14.446279,121.027411,first,"Kaggle klekzee/phillipines-housing-market (portal scrape, 2024)"
651,"5 Bedroom House For Sale in Ayala Alabang Village, Muntinlupa City","Ayala Alabang, Muntinlupa",Muntinlupa,400000000,5,5,1000.0,855.0,14.42261,121.026941,first,"Kaggle klekzee/phillipines-housing-market (portal scrape, 2024)"
652,Pre-Selling 2-Storey House at Madonna Residences Sindalan San Fernando Pampanga,"Sindalan, San Fernando",San Fernando,7052000,4,3,135.0,164.0,15.078511,120.641521,first,"Kaggle klekzee/phillipines-housing-market (portal scrape, 2024)"
653,"For Sale Brand New Modern Two (2) Storey House In BF Homes, Parañaque City","B.F. Homes, Paranaque",Paranaque,21000000,4,4,260.0,189.0,14.446279,121.027411,first,"Kaggle klekzee/phillipines-housing-market (portal scrape, 2024)"
654,"House For Sale in Springside Gentri Homes in General Trias, Cavite","Along Governor Ferrer Drive Pasong Kawayan I, General Trias",General Trias,2900000,3,2,60.8,69.0,14.345243,120.878854,first,"Kaggle klekzee/phillipines-housing-market (portal scrape, 2024)"
655,"4 Bedroom House & Lot for Sale: Ayala Alabang Village, Muntinlupa City","Ayala Alabang, Muntinlupa",Muntinlupa,200000000,4,4,1200.0,690.0,14.42261,121.026941,first,"Kaggle klekzee/phillipines-housing-market (portal scrape, 2024)"
656,Valle Verde 1 Townhouse for Sale in Pasig,"Valle Verde 1, Pasig",Pasig,45000000,3,3,170.0,150.0,14.575383,121.070281,first,"Kaggle klekzee/phillipines-housing-market (portal scrape, 2024)"
657,"Centerville compound, adjacent House for sale at Mira Nila Homes, Quezon City","Culiat, Quezon City",Quezon City,12000000,4,4,220.0,85.0,14.667962,121.056591,first,"Kaggle klekzee/phillipines-housing-market (portal scrape, 2024)"
658,"Rush Sale! Bungalow House in Rancho 1, Marikina City Lot 373 sq.m.","Concepcion Dos, Marikina",Marikina,19500000,4,3,200.0,373.0,14.640589,121.120818,first,"Kaggle klekzee/phillipines-housing-market (portal scrape, 2024)"
659,For Sale Brand New High Ceiling Bungalow House and Lot in Angeles -  near Clark,"Telabastagan, San Fernando",San Fernando,8300000,3,2,135.0,150.0,15.114283,120.608872,first,"Kaggle klekzee/phillipines-housing-market (portal scrape, 2024)"
660,"5bedrooms Townhouse Unit at Pineglades Residences, Project 8, Quezon City","Bahay Toro, Quezon City, National Capital Region, Philippines Project 8, Quezon City",Quezon City,16495000,4,3,214.0,86.0,14.666451,121.0236,first,"Kaggle klekzee/phillipines-housing-market (portal scrape, 2024)"
661,"For Sale: Loyola Grand Villas, House and Lot in Matandang Balara, Quezon City","Matandang Balara, Quezon City",Quezon City,160000000,6,5,800.0,1000.0,14.67168,121.074534,first,"Kaggle klekzee/phillipines-housing-market (portal scrape, 2024)"
662,"Rania 4 Bedrooms House and Lot For Sale in Bacolor, Pampanga near to SM","Cabalantian, Bacolor",Bacolor,6434920,4,3,151.0,182.0,15.005106,120.669158,first,"Kaggle klekzee/phillipines-housing-market (portal scrape, 2024)"
663,Ayala Alabang House For Sale,Muntinlupa,Muntinlupa,185000000,,,,,14.389263,121.04491,first,"Kaggle klekzee/phillipines-housing-market (portal scrape, 2024)"
664,For Sale: Colinas Verdes House and lot with pool in Bulacan,"Tungkong Mangga, San Jose Del Monte",San Jose Del Monte,20000000,3,6,300.0,250.0,14.790322,121.073271,first,"Kaggle klekzee/phillipines-housing-market (portal scrape, 2024)"
665,"overlooking house and lot for sale in albur, bohol 1,529 sq.m","Tagbuane, Alburquerque",Alburquerque,5400000,3,2,250.0,1529.0,9.608606,123.975344,first,"Kaggle klekzee/phillipines-housing-market (portal scrape, 2024)"
666,"Brand New Fully Furnished 3-Bedroom Duplex House For Sale in Angeles, Pampanga","Capaya, Angeles",Angeles,8200000,3,3,170.0,120.0,15.140721,120.626283,first,"Kaggle klekzee/phillipines-housing-market (portal scrape, 2024)"
667,5-Bedroom Unit House in Savannah Iloilo for Sale,"Savannah Abilay Norte, Oton",Oton,15843000,5,3,166.0,143.0,10.74505,122.504256,first,"Kaggle klekzee/phillipines-housing-market (portal scrape, 2024)"
668,"For Sale Corner House & Lot in Southgrove Estates, Imus, Cavite","Pasong Buaya Ii, Imus",Imus,13000000,4,3,117.0,281.0,14.381742,120.968223,first,"Kaggle klekzee/phillipines-housing-market (portal scrape, 2024)"
669,"4 Bedroom House and Lot For Sale at Tierra Nueva Village, Muntinlupa City","Cupang, Muntinlupa",Muntinlupa,56000000,4,4,400.0,375.0,14.437884,121.050321,first,"Kaggle klekzee/phillipines-housing-market (portal scrape, 2024)"
670,3 Bedroom House & Lot in Amparo Caloocan sells for 5.3M only,"Marang Amparo Caloocan City Amparo, Caloocan",Caloocan,5340000,3,2,83.0,53.0,14.751835,121.071879,first,"Kaggle klekzee/phillipines-housing-market (portal scrape, 2024)"
671,Canyon Woods Tagaytay House For Sale,"San Gregorio, Laurel",Laurel,26500000,5,5,650.0,430.0,14.029624,120.885546,first,"Kaggle klekzee/phillipines-housing-market (portal scrape, 2024)"
672,"For Sale: 4 Bedroom Duplex House in Varsity Hills, Loyola Heights, Quezon City","C. Salvador Loyola Heights, Quezon City",Quezon City,49000000,4,3,350.0,240.0,14.640824,121.072318,first,"Kaggle klekzee/phillipines-housing-market (portal scrape, 2024)"
673,"4BR Brand New House And Lot In Treviea, Nuvali","Canlubang, Calamba",Calamba,34000000,4,4,302.0,250.0,14.216032,121.108038,first,"Kaggle klekzee/phillipines-housing-market (portal scrape, 2024)"
674,"3-Bedroom House & Lot For Sale at Bel Air Residences Lipa City, Batangas","Bel-Air Residences, Marauoy, Lipa City, Batangas, Philippines Marauoy, Lipa",Lipa,8210000,3,3,165.0,139.0,13.963056,121.172059,first,"Kaggle klekzee/phillipines-housing-market (portal scrape, 2024)"
675,For Sale House in San Fernando Single Attached 4-Bedroom w/ Carport and Balcony,San Fernando,San Fernando,6600000,4,3,160.0,128.0,15.058757,120.631483,first,"Kaggle klekzee/phillipines-housing-market (portal scrape, 2024)"
676,"For Sale! Nuvali Townhouse Brand New Unit P700k discount in Calamba, Laguna","Canlubang, Calamba",Calamba,5000000,3,2,60.0,50.6,14.216032,121.108038,first,"Kaggle klekzee/phillipines-housing-market (portal scrape, 2024)"
677,3 Bedroom Townhose For Sale in Pleasantfields in Tanza Cavite,"Santol, Tanza",Tanza,2918752,3,1,50.0,63.0,14.374818,120.873379,first,"Kaggle klekzee/phillipines-housing-market (portal scrape, 2024)"
678,For Sale 3 Bedroom Townhouse in Tuscany North Estate Burot Tarlac-uno,"Burot, Tarlac",Tarlac,1750000,3,1,42.0,48.0,15.413985,120.600176,first,"Kaggle klekzee/phillipines-housing-market (portal scrape, 2024)"
679,Sophisticated Huge House With Pool For Sale In Essel Park Subd. Angeles City,"Telabastagan, San Fernando",San Fernando,45000000,6,7,537.0,900.0,15.114283,120.608872,first,"Kaggle klekzee/phillipines-housing-market (portal scrape, 2024)"
680,For Sale 4 Bedrooms Single Attached House and Lot in Antipolo,"San Roque, Antipolo",Antipolo,,4,3,93.0,112.0,14.584069,121.173146,first,"Kaggle klekzee/phillipines-housing-market (portal scrape, 2024)"
681,Pre Selling House and Lot for sale thru Pag-Ibig Financing in Trece Martires,"Lapidario Rd, 4109 Trece Martires City, Philippines Lapidario, Trece Martires",Trece Martires,3114170,2,2,57.0,50.0,14.266775,120.867618,first,"Kaggle klekzee/phillipines-housing-market (portal scrape, 2024)"
682,"4 Bedroom House and Lot for Sale at The Fountain Grove, Bacolod City","Talisay, Estefania, Bacolod City, Negros Occidental Matab-Ang, Talisay",Talisay,11129760,4,3,192.0,180.0,10.725479,123.007125,first,"Kaggle klekzee/phillipines-housing-market (portal scrape, 2024)"
683,"Brand New Modern Industrial Design House For Sale in Manila Southwoods, Carmona","Cabilang Baybay, Carmona",Carmona,105000000,5,5,565.0,915.0,14.317501,121.051212,first,"Kaggle klekzee/phillipines-housing-market (portal scrape, 2024)"
684,5Bedrooms for Sale in Brizlane Residences Tandang Sora Quezon City.,"Cenacle Rd, 1128 Quezon City, Philippines Culiat, Quezon City",Quezon City,19495000,5,4,312.0,98.0,14.664747,121.044367,first,"Kaggle klekzee/phillipines-housing-market (portal scrape, 2024)"
685,"Single Attached house in Laguna, Rosepointe Santa Rosa,2 to 3 bedrooms, Near Sm","Rosepointe Tagapo, Santa Rosa",Santa Rosa,5450000,3,1,102.0,80.0,14.315052,121.106983,first,"Kaggle klekzee/phillipines-housing-market (portal scrape, 2024)"
686,"4 Bedroom House and Lot For Sale at Tierra Nueva Village, Muntinlupa City","Cupang, Muntinlupa",Muntinlupa,56000000,4,4,400.0,375.0,14.437884,121.050321,repeat,"Kaggle klekzee/phillipines-housing-market (portal scrape, 2024)"
687,Ayala Westgrove Heights 2 Storey House 5 Bedrooms for Sale,"Inchican, Silang",Silang,55000000,5,,530.0,410.0,14.251055,121.052737,first,"Kaggle klekzee/phillipines-housing-market (portal scrape, 2024)"
688,"3-Bedroom House For Sale in Greenmeadows, Mabalacat, Pampanga","Mabiga, Mabalacat",Mabalacat,,3,3,99.0,66.0,15.213314,120.579919,first,"Kaggle klekzee/phillipines-housing-market (portal scrape, 2024)"
689,"3 Bedroom Townhouse for Sale in Jeanette Gardens 1, Las Piñas City","Pulang Lupa Uno, Las Pinas",Las Pinas,5980000,3,2,95.0,58.0,14.476485,120.971921,first,"Kaggle klekzee/phillipines-housing-market (portal scrape, 2024)"
690,For Sale 4BR Single Detached House & Lot near New Clark Green City in Capas,"Cubcub, Capas",Capas,5887000,3,2,98.0,198.0,15.33299,120.59148,first,"Kaggle klekzee/phillipines-housing-market (portal scrape, 2024)"
691,For Sale 4BR Single Detached House & Lot near New Clark Green City in Capas,"Cubcub, Capas",Capas,5887000,3,2,98.0,198.0,15.33299,120.59148,repeat,"Kaggle klekzee/phillipines-housing-market (portal scrape, 2024)"
692,"4 Bedroom House and Lot For Sale in Ayala Alabang Village, Muntinlupa City","Ayala Alabang, Muntinlupa",Muntinlupa,150000000,4,4,500.0,550.0,14.42261,121.026941,first,"Kaggle klekzee/phillipines-housing-market (portal scrape, 2024)"
693,New Manila House and Lot with 3 Bedrooms for Sale in Quezon City,"New Manila, Quezon City",Quezon City,188955000,3,3,350.0,969.0,14.613414,121.029142,first,"Kaggle klekzee/phillipines-housing-market (portal scrape, 2024)"
694,"5 Bedroom House and Lot For Sale in Ayala Alabang Village, Muntinlupa City","Ayala Alabang, Muntinlupa",Muntinlupa,220000000,5,5,749.0,883.0,14.42261,121.026941,first,"Kaggle klekzee/phillipines-housing-market (portal scrape, 2024)"
695,"Linnea Model - Affordable House and Lot Single Attached For Sale, General Trias","Panungyanan, General Trias, Calabarzon, Philippines Panungyanan, General Trias",General Trias,4136000,3,2,77.3,120.0,14.250582,120.917102,first,"Kaggle klekzee/phillipines-housing-market (portal scrape, 2024)"
696,"Affordable 2 Storey Townhouse with 2 Bedroom for sale in Pandi, Bulacan","Siling Matanda, Pandi",Pandi,1227966,2,1,46.6,40.0,14.904148,120.989765,first,"Kaggle klekzee/phillipines-housing-market (portal scrape, 2024)"
697,"Introducing Paradise: Your Dream House for sale in Lapu-Lapu City, Cebu!","Mactan, Lapu-Lapu",Lapu-Lapu,,4,,300.0,363.0,10.288094,123.972291,first,"Kaggle klekzee/phillipines-housing-market (portal scrape, 2024)"
698,Clean Title Brand New House and Lot For Sale in Baliuag 5 Bedroom 2 Car Garage,"Along Calle Rizal, Brgy Sta Barbara Baliuag City Bulacan Santa Barbara, Baliuag",Baliuag,9800012,5,3,209.0,204.0,14.940713,120.860617,first,"Kaggle klekzee/phillipines-housing-market (portal scrape, 2024)"
699,JADE Model Duplex at Olovarez Homes Southwoods Binan,"San Francisco, Binan",Binan,5899500,2,2,70.9,84.0,14.333261,121.05575,first,"Kaggle klekzee/phillipines-housing-market (portal scrape, 2024)"
700,5BR House and Lot for Sale in New Manila Quezon City,"New Manila, Quezon City",Quezon City,130000000,5,5,550.0,300.0,14.613414,121.029142,first,"Kaggle klekzee/phillipines-housing-market (portal scrape, 2024)"
701,"For Sale: 3 Bedroom with Carport Affordable House & Lot in Lumina Tanza, Cavite","Lumina Tanza, Bagtas, Tanza, Cavite, Philippines Bagtas, Tanza",Tanza,2762000,3,1,53.0,63.0,14.333798,120.845612,first,"Kaggle klekzee/phillipines-housing-market (portal scrape, 2024)"
702,"For Sale Townhouse 3-BR provision, Pag-Ibig Housing Loan, Lipa City","Santo Toribio, Lipa",Lipa,1280000,3,1,45.0,36.0,13.910793,121.215828,first,"Kaggle klekzee/phillipines-housing-market (portal scrape, 2024)"
703,"Duplex 3 bedrooms  For Sale in St. Monique Valais Binangonan, Rizal","Gulod, Binangonan",Binangonan,3000000,3,3,132.0,66.0,14.348117,121.21572,first,"Kaggle klekzee/phillipines-housing-market (portal scrape, 2024)"
704,RFO Sleek 4-Bedroom Single Attached House w/ Only 10% DP–Modern Living Made Easy,"San Isidro, Antipolo",Antipolo,13500000,4,3,187.0,170.0,14.589803,121.18199,first,"Kaggle klekzee/phillipines-housing-market (portal scrape, 2024)"
705,"House and Lot For Sale in Ayala Alabang Village, Muntinlupa City","Ayala Alabang, Muntinlupa",Muntinlupa,163000000,4,4,304.0,741.0,14.42261,121.026941,first,"Kaggle klekzee/phillipines-housing-market (portal scrape, 2024)"
706,READY FOR OCCUPANCY 2- bedroom townhouse for sale in Consolacion Cebu,"Nangka, Consolacion, Central Visayas, Philippines Nangka, Consolacion",Consolacion,4638990,2,2,78.0,50.0,10.370351,123.964276,first,"Kaggle klekzee/phillipines-housing-market (portal scrape, 2024)"
707,Brand new Corner House. Clark Manor Dau Mabalacat Pamp. near Clark,"Duquit, Mabalacat",Mabalacat,11800000,3,3,190.0,137.0,15.177934,120.60137,first,"Kaggle klekzee/phillipines-housing-market (portal scrape, 2024)"
708,"More Freebies,Preselling House for Sale in Madonna Residences, Sn Fdo. Pampanga","Sindalan, San Fernando",San Fernando,7350000,4,43,135.0,164.0,15.078511,120.641521,first,"Kaggle klekzee/phillipines-housing-market (portal scrape, 2024)"
709,House for Sale in Clark Manor Pampanga near Clark,"Duquit, Mabalacat",Mabalacat,12500000,4,4,203.0,120.0,15.177934,120.60137,first,"Kaggle klekzee/phillipines-housing-market (portal scrape, 2024)"
710,"Newly Built 4 Bedroom House for Sale in Lapu-Lapu City, Cebu","Subabasbas, Lapu-Lapu",Lapu-Lapu,15000000,4,2,126.0,147.0,10.269803,123.969026,first,"Kaggle klekzee/phillipines-housing-market (portal scrape, 2024)"
711,"For Sale: RFO 2 Bedroom House and Lot In Pleasantfields, Tanza, Cavite","Santol, Tanza",Tanza,2989049,2,1,50.0,50.0,14.374818,120.873379,first,"Kaggle klekzee/phillipines-housing-market (portal scrape, 2024)"
712,"5 Bedroom Brand New House with Pool for Sale in Talisay City, Cebu","Cadulawan, Talisay",Talisay,48000000,5,7,769.0,407.0,10.278923,123.843323,first,"Kaggle klekzee/phillipines-housing-market (portal scrape, 2024)"
713,"House and Lot For Sale w/ Balcony & Carport in Mabalacat, Pampanga","Sapang Biabas, Mabalacat",Mabalacat,2164500,2,1,50.0,65.0,15.198775,120.60261,first,"Kaggle klekzee/phillipines-housing-market (portal scrape, 2024)"
714,6 Bedroom Ultra Modern House and Lot in Ayala Alabang Village,"Ayala Alabang, Muntinlupa",Muntinlupa,540000000,6,6,987.0,1442.0,14.42261,121.026941,first,"Kaggle klekzee/phillipines-housing-market (portal scrape, 2024)"
715,"House and Lot For Sale Along National Highway in Junob, Dumaguete City","Junob, Dumaguete",Dumaguete,65000000,8,5,1000.0,3289.0,9.295849,123.283357,first,"Kaggle klekzee/phillipines-housing-market (portal scrape, 2024)"
716,"Brand New House For Sale in Ayala Alabang Village, Muntinlupa City","Ayala Alabang, Muntinlupa",Muntinlupa,470000000,7,7,1500.0,900.0,14.42261,121.026941,first,"Kaggle klekzee/phillipines-housing-market (portal scrape, 2024)"
717,"4 Bedroom House and Lot For Sale in Ayala Alabang Village, Muntinlupa City","Ayala Alabang, Muntinlupa",Muntinlupa,110000000,4,5,400.0,300.0,14.42261,121.026941,first,"Kaggle klekzee/phillipines-housing-market (portal scrape, 2024)"
718,"5 Bedroom House and Lot For Sale in Ayala Alabang Village, Muntinlupa City","Ayala Alabang, Muntinlupa",Muntinlupa,188000000,5,5,800.0,688.0,14.42261,121.026941,first,"Kaggle klekzee/phillipines-housing-market (portal scrape, 2024)"
719,"Pre-Selling 5BR Townhouse for sale in New Manila, Quezon City","Rosal Street Corner Betty Go New Manila, Quezon City",Quezon City,60000000,5,5,384.0,122.0,14.622244,121.041675,first,"Kaggle klekzee/phillipines-housing-market (portal scrape, 2024)"
720,"4-Bedroom Luxurious House and Lot with Balcony For Sale in Imus, Cavite","Anabu I-D, Imus",Imus,11300000,4,3,203.0,150.0,14.389312,120.938141,first,"Kaggle klekzee/phillipines-housing-market (portal scrape, 2024)"
721,"2-Storey Single Detached, 4 Bedroom House Dasmariñas","Salitran Iii, Dasmarinas",Dasmarinas,9270000,4,3,121.0,120.0,14.343762,120.945253,first,"Kaggle klekzee/phillipines-housing-market (portal scrape, 2024)"
722,"4 Bedroom 2 Bath, Fully Furnished House and Lot For Sale in Diamond Heights","Communal, Davao",Davao,7600000,4,4,100.0,100.0,7.141302,125.622619,first,"Kaggle klekzee/phillipines-housing-market (portal scrape, 2024)"
723,"RFO Townhouse for sale in San Juan, 5 Bedrooms, 3 Car Garage","Pasadena, San Juan",San Juan,35120000,5,5,264.0,92.6,14.608727,121.033251,first,"Kaggle klekzee/phillipines-housing-market (portal scrape, 2024)"
724,"RFO Townhouse for sale in San Juan, 4 Bedrooms, 3 Car Garage","Pasadena, San Juan",San Juan,35710000,4,4,257.0,82.0,14.608727,121.033251,first,"Kaggle klekzee/phillipines-housing-market (portal scrape, 2024)"
725,"5 Bedroom Single Detached House and lot in Daang Reyna, Alabang (SAMANTHA)","Alabang, Muntinlupa",Muntinlupa,16884800,5,4,195.0,240.0,14.418564,121.044722,first,"Kaggle klekzee/phillipines-housing-market (portal scrape, 2024)"
726,"Brand New Townhouse in Better Living, Parañaque City For Sale","Don Bosco, Paranaque",Paranaque,,4,4,150.0,87.0,14.48433,121.031421,first,"Kaggle klekzee/phillipines-housing-market (portal scrape, 2024)"
727,Spacious Single Attached House and Lot near Bocaue Exit,"Caysio Road, Santa Maria, Bulacan Caysio, Santa Maria",Santa Maria,5400000,3,2,75.3,80.0,14.84823,120.969695,first,"Kaggle klekzee/phillipines-housing-market (portal scrape, 2024)"
728,"RFO Townhouse for sale in San Juan, 3 Bedrooms, 2 Car Garage","Pasadena, San Juan",San Juan,24590000,3,2,183.0,54.7,14.608727,121.033251,first,"Kaggle klekzee/phillipines-housing-market (portal scrape, 2024)"
729,"4 Bedrooms House and Lot in 186 Averilla, San Juan City, Metro Manila","186 Averilla St., San Juan City Little Baguio, San Juan",San Juan,42000000,4,5,280.0,100.0,14.597523,121.03383,first,"Kaggle klekzee/phillipines-housing-market (portal scrape, 2024)"
730,"4BR 3-Storey Duplex House for Sale at Palmera Homes 1 in Novaliches, Quezon City","Brgy. Sta. Monica Novaliches, Quezon City",Quezon City,10280000,4,4,220.0,92.0,14.714905,121.047459,first,"Kaggle klekzee/phillipines-housing-market (portal scrape, 2024)"
731,"Duplex House For Sale near Clark, Hamana Homes, Magalang, Pampanga","Santo Rosario, Magalang",Magalang,3185421,3,2,54.0,90.0,15.244796,120.637134,first,"Kaggle klekzee/phillipines-housing-market (portal scrape, 2024)"
732,"3 Bedroom House and Lot For Sale in Southdale Nuvali, Laguna, Preselling","Nuvali Blvd, 4026 Santa Rosa, Philippines Canlubang, Calamba",Calamba,10762500,3,2,85.0,138.0,14.237482,121.057834,first,"Kaggle klekzee/phillipines-housing-market (portal scrape, 2024)"
733,"For Sale Contemporary House in Dau, Mabalacat near Bus Terminal & Airport","Dau, Mabalacat",Mabalacat,8300000,3,3,144.0,100.0,15.176073,120.588735,first,"Kaggle klekzee/phillipines-housing-market (portal scrape, 2024)"
734,RFO 2 Storey Townhouse for sale in East Fairview near Commonwealth Quezon City,"East Fairview Near Commonwealth Quezon City Fairview, Quezon City",Quezon City,6200000,3,3,100.0,30.0,14.705675,121.074802,first,"Kaggle klekzee/phillipines-housing-market (portal scrape, 2024)"
735,"For Sale 4-Bedroom House in Bali Mansions South Forbes, Silang, Cavite","Inchican, Silang",Silang,35000000,4,5,368.0,277.0,14.251055,121.052737,first,"Kaggle klekzee/phillipines-housing-market (portal scrape, 2024)"
736,"Pre-selling 3-Bedroom House for Sale in Filinvest II, Quezon City","Batasan Hills, Quezon City",Quezon City,14000000,3,3,170.0,121.0,14.686258,121.099335,first,"Kaggle klekzee/phillipines-housing-market (portal scrape, 2024)"
737,Cottonwood Heights Antipolo House & Lot For Sale in Rizal,"San Luis, Antipolo",Antipolo,16000000,2,2,100.0,200.0,14.604328,121.198142,first,"Kaggle klekzee/phillipines-housing-market (portal scrape, 2024)"
738,"3-Bedroom Townhouse with Roof Deck for Sale at Project 8, Quezon City","Lot 2-A Benefits Corner Dividend Street Project 8, Quezon City",Quezon City,12800000,3,3,165.0,52.0,14.672038,121.017908,first,"Kaggle klekzee/phillipines-housing-market (portal scrape, 2024)"
739,For Sale Ready For Occupancy Affordable Townhouse in Quezon City,"Bagbag, Quezon City",Quezon City,5116623,3,2,68.0,50.0,14.698486,121.032786,first,"Kaggle klekzee/phillipines-housing-market (portal scrape, 2024)"
740,"L-TH-1-196 - Acquired Property for Sale in, Lot 41, Block 8, Modena Street, Camella Bulakan Subdivision, Phase 1, Brgy. Matungao, Bulacan, Bulacan","Matungao, Bulacan",Bulacan,2182300,,,26.5,107.0,14.803097,120.880413,first,"Kaggle klekzee/phillipines-housing-market (portal scrape, 2024)"
741,"3 Bedrooms, 2 Toilet and Bath House and Lot for Sale in Pulilan, Bulacan","Poblacion, Pulilan",Pulilan,15000000,3,2,250.0,484.0,14.902206,120.848791,first,"Kaggle klekzee/phillipines-housing-market (portal scrape, 2024)"
742,"For Sale: Brand New 5 Bedroom Modern House in Ayala Alabang Village, Muntinlupa","Ayala Alabang, Muntinlupa",Muntinlupa,420000000,5,6,1172.0,762.0,14.42261,121.026941,first,"Kaggle klekzee/phillipines-housing-market (portal scrape, 2024)"
743,Refreshing New Townhouse near Banawe Area,"Lourdes, Quezon City",Quezon City,33000000,4,5,309.0,93.0,14.625804,121.002046,first,"Kaggle klekzee/phillipines-housing-market (portal scrape, 2024)"
744,OLD HOUSE & LOT POBLACION MAKATI FOR SALE near Makati Ave,"Poblacion, Makati",Makati,78000000,3,3,250.0,150.0,14.566261,121.031385,first,"Kaggle klekzee/phillipines-housing-market (portal scrape, 2024)"
745,"5 Bedroom House and Lot For Sale in Las Pinas Rotale Estate, Las Pinas",Las Pinas,Las Pinas,19500000,5,4,386.0,251.0,14.480901,120.981786,first,"Kaggle klekzee/phillipines-housing-market (portal scrape, 2024)"
746,"Brand New 4 Bedroom Townhouse For Sale in Sanville Subd., Quezon City","Culiat, Quezon City",Quezon City,24430000,4,4,350.0,110.0,14.667962,121.056591,first,"Kaggle klekzee/phillipines-housing-market (portal scrape, 2024)"
747,"Siargao Beach Front Villas For Sale in General Luna, Surigao del Norte","Poblacion V, General Luna",General Luna,250000000,4,3,200.0,3000.0,14.133337,120.904197,first,"Kaggle klekzee/phillipines-housing-market (portal scrape, 2024)"
748,Townhouse for sale in EDSA Muñoz Congressional Avenue Quezon City SNR Project 8,"Congressional Avenue, Quezon City",Quezon City,11300000,3,3,120.0,60.0,14.667943,121.034044,first,"Kaggle klekzee/phillipines-housing-market (portal scrape, 2024)"
749,"4-Bedroom House in Tuscania Garden Residences, Guadalupe, Cebu City for Sale","Guadalupe, Cebu",Cebu,15000000,4,3,150.0,120.0,9.734033,123.365637,first,"Kaggle klekzee/phillipines-housing-market (portal scrape, 2024)"
750,McKinley Hill Village 4BR House & Lot For Sale in Taguig near BGC,"Mckinley Hill, Taguig",Taguig,115000000,4,4,324.0,190.0,14.533049,121.052429,first,"Kaggle klekzee/phillipines-housing-market (portal scrape, 2024)"
751,For Sale: Brand New Modern Luxury 5 BR Home with Pool in Ayala Alabang,"Ayala Alabang, Muntinlupa",Muntinlupa,250000000,5,5,700.0,747.0,14.42261,121.026941,first,"Kaggle klekzee/phillipines-housing-market (portal scrape, 2024)"
752,"4 Bedroom House and Lot for Sale at Madonna Residences, San Fernando, Pampanga","Barangay Sindalan, San Fernando, Pampanga Sindalan, San Fernando",San Fernando,7650000,4,3,135.0,164.0,15.077132,120.648224,first,"Kaggle klekzee/phillipines-housing-market (portal scrape, 2024)"
753,"House and Lot for sale at Ayala Alabang Village, Muntinlupa City","Ayala Alabang, Muntinlupa",Muntinlupa,188000000,4,4,800.0,688.0,14.42261,121.026941,first,"Kaggle klekzee/phillipines-housing-market (portal scrape, 2024)"
754,"Billion Peso Mansion Estate for sale at Tivoli Royale, Quezon City","Batasan Hills, Quezon City",Quezon City,1200000000,5,7,1024.0,8000.0,14.686258,121.099335,first,"Kaggle klekzee/phillipines-housing-market (portal scrape, 2024)"
755,"House and Lot For Sale in Victoria Place Executive Village, Pasig City",Pasig,Pasig,24000000,5,3,450.0,250.0,14.560517,121.076434,first,"Kaggle klekzee/phillipines-housing-market (portal scrape, 2024)"
756,"Complete Turnover Townhouse for sale in Tanza, Cavite","Sanja Mayor, Tanza",Tanza,,3,2,60.0,52.0,14.375072,120.854151,first,"Kaggle klekzee/phillipines-housing-market (portal scrape, 2024)"
757,"Bare type Townhouse for sale in San Fernando, Pampanga","Del Carmen, San Fernando",San Fernando,1873945,2,1,47.0,40.0,15.048745,120.688289,first,"Kaggle klekzee/phillipines-housing-market (portal scrape, 2024)"
758,Ayala Alabang Brand New House for Sale,"Ayala Alabang, Muntinlupa",Muntinlupa,180000000,3,3,650.0,650.0,14.42261,121.026941,first,"Kaggle klekzee/phillipines-housing-market (portal scrape, 2024)"
759,"4 Bedroom House and Lot for Sale in Almanza Dos, Las Piñas City","Almanza Dos, Las Pinas",Las Pinas,7000000,4,2,150.0,163.0,14.423436,121.022342,first,"Kaggle klekzee/phillipines-housing-market (portal scrape, 2024)"
760,House and Lot in Lipa,"F. Rodelas Rd. Barangay Bolbok Lipa City Bolbok, Lipa",Lipa,2913000,3,2,60.5,50.0,13.925115,121.152253,first,"Kaggle klekzee/phillipines-housing-market (portal scrape, 2024)"
761,"For Sale Brand New Colonial-Style House in Verdana Homes Mamplasan, Laguna","Langkiwa, Binan",Binan,,3,3,250.0,202.0,14.298984,121.059708,first,"Kaggle klekzee/phillipines-housing-market (portal scrape, 2024)"
762,Brand New Modern 3-Storey House & Lot for Sale in Parañaque City,"Sun Valley, Paranaque",Paranaque,12000000,5,5,210.0,75.0,14.488841,121.032517,first,"Kaggle klekzee/phillipines-housing-market (portal scrape, 2024)"
763,Ayala Alabang Muntinlupa House and lot for sale with pool,"Ayala Alabang, Muntinlupa",Muntinlupa,180000000,4,5,600.0,720.0,14.42261,121.026941,first,"Kaggle klekzee/phillipines-housing-market (portal scrape, 2024)"
764,"5BR Brand New House and Lot for Sale in Mckinley Hill Village, Taguig City","Mckinley Hill Dr, 1634 Taguig City, Philippines Mckinley Hill, Taguig",Taguig,198000000,5,6,642.0,288.0,14.534662,121.051966,first,"Kaggle klekzee/phillipines-housing-market (portal scrape, 2024)"
765,"For Sale: 3-Storey House and Lot in Antipolo, Rizal [Near Robinsons Antipolo]","San Luis, Antipolo",Antipolo,19500000,5,5,,542.0,14.604328,121.198142,first,"Kaggle klekzee/phillipines-housing-market (portal scrape, 2024)"
766,"Aldea Grove Estates 3 Bedroom House and Lot for Sale in Angeles, Pampanga","Aldea Grove Estate Angeles Pampanga Mining, Angeles",Angeles,10810000,3,2,95.0,129.0,15.140846,120.609307,first,"Kaggle klekzee/phillipines-housing-market (portal scrape, 2024)"
767,"Townhouse for Sale near SM at Evergreen Executive Village, Caloocan","Bagumbong, Caloocan City North, National Capital Region, Philippines Bagumbong, Caloocan",Caloocan,3700000,3,1,57.0,56.3,14.755257,121.020524,first,"Kaggle klekzee/phillipines-housing-market (portal scrape, 2024)"
768,"Single Detached House for Sale near Dona Carmen MRT Station, Quezon City","Fairview, Quezon City",Quezon City,18000000,5,3,300.0,400.0,14.705523,121.074282,first,"Kaggle klekzee/phillipines-housing-market (portal scrape, 2024)"
769,"McKinley Hill Village: House For Sale, Lot 189m2, Floor 450m2, 4BR, Taguig City","Mckinley Hill, Taguig",Taguig,135000000,4,5,450.0,189.0,14.533049,121.052429,first,"Kaggle klekzee/phillipines-housing-market (portal scrape, 2024)"
770,"4 Bedroom House for Sale in BF Resort Village, Las Piñas City","Talon Dos, Las Pinas",Las Pinas,8500000,4,2,160.0,102.0,14.433089,120.984705,first,"Kaggle klekzee/phillipines-housing-market (portal scrape, 2024)"
771,Fully Furnished House and Lot For Sale in Filinvest 2 Commonwealth Quezon City,"Filinvest 2 Batasan Commonwealth Quezon City Townhouse Katipunan, Teachers Village, Up Diliman, Ateneo, Miriam, City Hall, Philippine Kidney Hospital, Heart Center, Lung Center, Mrt Edsa, Sm North Edsa, Trinoma Congress, Batasang Pambansa House And Lot, Commonwealth, Quezon City",Quezon City,22500000,4,4,246.0,194.0,14.657426,121.068759,first,"Kaggle klekzee/phillipines-housing-market (portal scrape, 2024)"
772,3 Garage 4BR Townhouse For Sale in Tandang Sora Quezon City Nr Mindanao Avenue,"Tandang Sora, Quezon City",Quezon City,9750000,4,4,148.7,58.5,14.681864,121.032201,first,"Kaggle klekzee/phillipines-housing-market (portal scrape, 2024)"
773,"For Sale Senior-Friendly Bungalow House in BF Homes, Parañaque City","B.F. Homes, Paranaque",Paranaque,24950000,5,4,250.0,280.0,14.446279,121.027411,first,"Kaggle klekzee/phillipines-housing-market (portal scrape, 2024)"
774,"For Sale: 4 Bedroom House in Valle Verde 5, Pasig City, Metro Manila","Ugong, Pasig",Pasig,162000000,4,4,400.0,479.0,14.584131,121.073246,first,"Kaggle klekzee/phillipines-housing-market (portal scrape, 2024)"
775,"For Sale Luxurious Mansion in Ayala Alabang Village, Muntinlupa City","Ayala Alabang, Muntinlupa",Muntinlupa,,7,7,1500.0,900.0,14.42261,121.026941,first,"Kaggle klekzee/phillipines-housing-market (portal scrape, 2024)"
776,2-Storey Townhouse with 3 Bedrooms for Sale in Quezon City (RFO),"Novaliches, Quezon City",Quezon City,5710000,3,4,117.0,43.3,14.72094,121.038922,first,"Kaggle klekzee/phillipines-housing-market (portal scrape, 2024)"
777,"4 Bedroom Modern Contemporary House for Sale in Pristina North, Talamban, Cebu","Talamban, Cebu",Cebu,35000000,4,4,300.0,336.0,10.369357,123.916932,first,"Kaggle klekzee/phillipines-housing-market (portal scrape, 2024)"
778,"Brand New BF Homes Modern House for sale in B.F. Homes, Parañaque","B.F. Homes, Paranaque",Paranaque,34000000,4,5,380.0,286.0,14.446279,121.027411,first,"Kaggle klekzee/phillipines-housing-market (portal scrape, 2024)"
779,3 Storey Townhouse For Sale in Project 8 nr EDSA Munoz Congressional Quezon City,"Project 8, Quezon City",Quezon City,9700000,3,3,200.0,80.0,14.664186,121.020172,first,"Kaggle klekzee/phillipines-housing-market (portal scrape, 2024)"
780,Full sea view House and lot for sale at Playa Calatagan - beautiful sea view,"Playa Calatagan House And Lot For Sale Santa Ana, Calatagan",Calatagan,29000000,5,4,200.0,591.0,13.794907,120.644526,first,"Kaggle klekzee/phillipines-housing-market (portal scrape, 2024)"
781,"House and Lot For Sale at Santa Rosa Estates 2 in Sta. Rosa, Laguna","Santo Domingo, Santa Rosa",Santa Rosa,,4,4,250.0,225.0,14.245956,121.046152,first,"Kaggle klekzee/phillipines-housing-market (portal scrape, 2024)"
782,Brand New Modern Two Storey House in Angeles City,"Amsic, Angeles",Angeles,11500000,4,3,190.0,120.0,15.156003,120.570803,first,"Kaggle klekzee/phillipines-housing-market (portal scrape, 2024)"
783,"For Sale 4 Bedrooms 2 Garage Single Detached House in Better Living, Parañaque","Don Bosco, Paranaque",Paranaque,18500000,4,4,350.0,210.0,14.48433,121.031421,first,"Kaggle klekzee/phillipines-housing-market (portal scrape, 2024)"
784,"For Sale Single Attached House and Lot with P200K Promo Discount, San Pablo","San Ignacio, San Pablo",San Pablo,3200000,3,2,54.0,88.0,14.046279,121.34242,first,"Kaggle klekzee/phillipines-housing-market (portal scrape, 2024)"
785,"Affordable 4 Bedrooms House and Lot for Sale in Angeles City, Pampanga","Sapalibutad, Angeles",Angeles,7224820,4,3,189.0,182.0,15.163809,120.617542,first,"Kaggle klekzee/phillipines-housing-market (portal scrape, 2024)"
786,"3BR Townhouse For Sale in Ortigas Avenue Extension, Pasig City","Birmingham Metropolis 3 Countryside Pasig City Santa Lucia, Pasig",Pasig,6450000,3,2,70.0,60.0,14.582367,121.100383,first,"Kaggle klekzee/phillipines-housing-market (portal scrape, 2024)"
787,"Modern 5 Bedroom Townhouse for Sale in New Manila, Quezon City","New Manila, Quezon City",Quezon City,87000000,5,5,620.0,112.0,14.613414,121.029142,first,"Kaggle klekzee/phillipines-housing-market (portal scrape, 2024)"
788,For Sale 3BR House in BluHomes Katmon: Eco-Friendly Homes in San Jose del Monte,"Rosanna Heights, Barangay San Manuel, San Jose Del Monte, Bulacan Tungkong Mangga, San Jose Del Monte",San Jose Del Monte,5763000,3,2,70.5,72.0,14.735248,121.068698,first,"Kaggle klekzee/phillipines-housing-market (portal scrape, 2024)"
789,"4-BR Single-Attached House and Lot in San Miguel, Pasig City","San Miguel, Pasig",Pasig,8500000,4,,120.0,91.0,14.565868,121.085557,first,"Kaggle klekzee/phillipines-housing-market (portal scrape, 2024)"
790,3BR Townhouse for sale in Pasong Tamo Tandang Sora Quezon City nr Congressional,"Tandang Sora Quezon City House And Lot Nr Congressional Mindanao Avenue Visayas Avenue Commonwealth Teachers Village, Up Diliman, Ateneo, Project 8, Philippine Kidney Hospital, Heart Lung Center Sm North Edsa, Trinoma, Quirino Highway, Novaliches, Sauyo, Pasong Tamo, Quezon City",Quezon City,7300000,3,3,91.6,47.9,14.656084,121.072032,first,"Kaggle klekzee/phillipines-housing-market (portal scrape, 2024)"
791,"Fully Furnished House and Lot in Pulu Amsic, Angeles City For Sale","Amsic, Angeles",Angeles,18500000,4,3,217.0,246.0,15.156003,120.570803,first,"Kaggle klekzee/phillipines-housing-market (portal scrape, 2024)"
792,"San Lorenzo Village 2 Storey House 5 Bedroom for Sale, Makati City","San Lorenzo, Makati",Makati,200000000,5,5,,470.0,14.550877,121.020783,first,"Kaggle klekzee/phillipines-housing-market (portal scrape, 2024)"
793,Fully Furnished 5 Bedrooms House for Sale in Tagaytay City with 2 Car Garage,"Buck Estate, Alfonso",Alfonso,25000000,5,4,,226.0,14.0835,120.854279,first,"Kaggle klekzee/phillipines-housing-market (portal scrape, 2024)"
794,House and Lot For Sale with Pool at Dasmariñas Village  Makati City,"Dasmarinas, Makati",Makati,750000000,5,5,600.0,1012.0,14.540143,121.026976,first,"Kaggle klekzee/phillipines-housing-market (portal scrape, 2024)"
795,RUSH SALE 4 BEDROOM BRAND NEW MODERN MINIMALIST HOUSE IN MAA,"Ma-A, Davao",Davao,13600000,4,3,148.0,150.0,7.080714,125.582716,first,"Kaggle klekzee/phillipines-housing-market (portal scrape, 2024)"
796,"For Sale 4 Storey Townhouse at Sampaloc, Manila City","Philippines, Manila, Barangay 521, San Diego Sampaloc, Manila",Manila,11900000,3,4,180.0,52.5,14.613036,120.981643,first,"Kaggle klekzee/phillipines-housing-market (portal scrape, 2024)"
797,Rush Sale!! 5 Bedroom Brand New & Fully Furnished House near Davao Airport,"Buhangin, Davao",Davao,14000000,5,4,300.0,162.0,7.146969,125.594051,first,"Kaggle klekzee/phillipines-housing-market (portal scrape, 2024)"
798,"Walking distance Property near SLU Annex, Baguio City for Sale!","Pinget, Baguio",Baguio,6800000,1,1,35.0,168.0,16.427507,120.585098,first,"Kaggle klekzee/phillipines-housing-market (portal scrape, 2024)"
799,"Nuvali Treveia House and Lot with 4BR for Sale in Canlubang, Calamba, Laguna","Treveia, Nuvali, Barangay Canlubang, Calamba City, Laguna Canlubang, Calamba",Calamba,30000000,4,4,302.0,250.0,14.206911,121.066125,first,"Kaggle klekzee/phillipines-housing-market (portal scrape, 2024)"
800,House and Lot for sale in Mandaluyong City,Mandaluyong,Mandaluyong,33000000,4,4,275.0,201.0,14.577439,121.033897,first,"Kaggle klekzee/phillipines-housing-market (portal scrape, 2024)"
801,"For Sale 5 Bedrooms Modern Zen House in Ayala Westgrove Heights, Silang Cavite","Puting Kahoy, Silang",Silang,,5,5,600.0,576.0,14.215865,121.031631,first,"Kaggle klekzee/phillipines-housing-market (portal scrape, 2024)"
802,"3 Bedrooms House with Garage For Sale in Liliesville, Caloocan City","Camarin, Caloocan",Caloocan,5600000,3,3,97.0,50.0,14.756039,121.049289,first,"Kaggle klekzee/phillipines-housing-market (portal scrape, 2024)"
803,MODERN SCANDINAVIAN HOUSE IN ANGELES CITY,"Amsic, Angeles",Angeles,15500000,4,3,220.0,165.0,15.156003,120.570803,first,"Kaggle klekzee/phillipines-housing-market (portal scrape, 2024)"
804,"BF Northwest, Parañaque: House and Lot for Sale, with Pool, 5BR, 4 parking, New","B.F. Homes, Paranaque",Paranaque,90000000,5,6,860.0,586.0,14.446279,121.027411,first,"Kaggle klekzee/phillipines-housing-market (portal scrape, 2024)"
805,Brand New Two - Storey House in Angeles City,Angeles,Angeles,9500000,4,3,190.0,120.0,15.138935,120.587532,first,"Kaggle klekzee/phillipines-housing-market (portal scrape, 2024)"
806,Treveia Nuvali House And Lot For Sale,"Canlubang, Calamba",Calamba,30000000,4,4,302.0,250.0,14.216032,121.108038,first,"Kaggle klekzee/phillipines-housing-market (portal scrape, 2024)"
807,"6-BR Brand New Modern Contemporary House in Mirala Nuvali, Calamba","Canlubang, Calamba",Calamba,45000000,6,5,442.0,448.0,14.216032,121.108038,first,"Kaggle klekzee/phillipines-housing-market (portal scrape, 2024)"
808,"4 Bedroom House with Panoramic View in Kishanta, Talisay City, Cebu","Lagtang, Talisay",Talisay,28000000,4,4,330.0,200.0,10.266949,123.833517,first,"Kaggle klekzee/phillipines-housing-market (portal scrape, 2024)"
809,VERSAILLES PALACE ALABANG GLOBAL CITY,"Almanza Dos, Las Pinas",Las Pinas,29000000,3,5,220.0,256.0,14.423436,121.022342,first,"Kaggle klekzee/phillipines-housing-market (portal scrape, 2024)"
810,5 bedroom Brand New Mckinley Hill Village house for sale Taguig,"Fort Bonifacio, Taguig",Taguig,132000000,5,5,,188.0,14.549425,121.050972,first,"Kaggle klekzee/phillipines-housing-market (portal scrape, 2024)"
811,Ayala Westgrove Heights 4-Bedroom House For Sale,"Puting Kahoy, Silang",Silang,68000000,4,5,506.0,389.0,14.215865,121.031631,first,"Kaggle klekzee/phillipines-housing-market (portal scrape, 2024)"
812,"3 Bedroom Townhouse for Sale in AFPOVAI, Taguig","Western Bicutan, Taguig",Taguig,11000000,3,3,100.0,30.0,14.509527,121.038024,first,"Kaggle klekzee/phillipines-housing-market (portal scrape, 2024)"
813,"For sale 2 Bedroom Townhouse along the highway in San Pablo, Laguna","San Ignacio, San Pablo",San Pablo,1800000,2,1,40.0,44.0,14.046279,121.34242,first,"Kaggle klekzee/phillipines-housing-market (portal scrape, 2024)"
814,5 bedroom Brand New Mckinley Hill Village house for sale Taguig,"Fort Bonifacio, Taguig",Taguig,132000000,5,5,,188.0,14.549425,121.050972,repeat,"Kaggle klekzee/phillipines-housing-market (portal scrape, 2024)"
815,VERSAILLES PALACE ALABANG GLOBAL CITY,"Almanza Dos, Las Pinas",Las Pinas,29000000,3,5,220.0,256.0,14.423436,121.022342,repeat,"Kaggle klekzee/phillipines-housing-market (portal scrape, 2024)"
816,"4-Bedroom House and Lot for Sale in Mining, Angeles City, Pampanga","Mining, Angeles, Pampanga, Philippines Mining, Angeles",Angeles,12000000,4,3,186.0,120.0,15.140849,120.609038,first,"Kaggle klekzee/phillipines-housing-market (portal scrape, 2024)"
817,Rush Sale 3-Bedroom Townhouse near SM Southmall in Las Piñas City,"Talon Singko, Las Pinas",Las Pinas,7000000,3,3,112.0,89.0,14.429277,121.003215,first,"Kaggle klekzee/phillipines-housing-market (portal scrape, 2024)"
818,"East Fairview House and Lot 3 Bedrooms, 3 Toilet and Bath, Quezon City For Sale","Fairview, Quezon City",Quezon City,8350000,3,3,102.0,68.0,14.705523,121.074282,first,"Kaggle klekzee/phillipines-housing-market (portal scrape, 2024)"
819,Philamlife Village Las Pinas House and Lot for Sale,"Almanza Dos, Las Pinas",Las Pinas,25000000,4,5,250.0,235.0,14.423436,121.022342,first,"Kaggle klekzee/phillipines-housing-market (portal scrape, 2024)"
820,"5-Bedroom House and Lot for Sale in Manila Southwoods, Carmona, Cavite","Cabilang Baybay, Carmona",Carmona,62000000,5,5,447.0,816.0,14.317501,121.051212,first,"Kaggle klekzee/phillipines-housing-market (portal scrape, 2024)"
821,House and Lot for Sale in Silang Cavite Near Nuvali,"Inchican, Silang",Silang,35400000,4,4,391.0,336.0,14.251055,121.052737,first,"Kaggle klekzee/phillipines-housing-market (portal scrape, 2024)"
822,"RFO House For Sale in Serra Homes Filinvest East Homes, Cainta","San Isidro, Cainta",Cainta,16800000,4,4,221.2,201.9,14.609256,121.110638,first,"Kaggle klekzee/phillipines-housing-market (portal scrape, 2024)"
823,For Sale : 3 Bedroom House & Lot at Scout Area in Quezon City,"Sacred Heart, Quezon City",Quezon City,66060000,3,2,,367.0,14.631391,121.038916,first,"Kaggle klekzee/phillipines-housing-market (portal scrape, 2024)"
824,"Great Deal Alabang Hills, Muntinlupa: House for Sale, Lot area 603 sqm","Cupang, Muntinlupa",Muntinlupa,78000000,4,5,382.1,603.0,14.437884,121.050321,first,"Kaggle klekzee/phillipines-housing-market (portal scrape, 2024)"
825,"The NEST ROYALE 3-4 Storey 3-4 BR H&L, Maid's Rm, Cainta-Marikina","Santo Nino, Cainta",Cainta,14582000,4,4,264.0,100.0,14.58179,121.118995,first,"Kaggle klekzee/phillipines-housing-market (portal scrape, 2024)"
826,2-Storey Townhouse Unit with 6 Bedrooms for Sale in Quezon City (RFO),"Fairview, Quezon City",Quezon City,9930000,6,4,160.0,68.0,14.705523,121.074282,first,"Kaggle klekzee/phillipines-housing-market (portal scrape, 2024)"
827,"For Sale : 2 Storey House & Lot in Villamar 1st Street at Tambo, Parañaque City","Tambo, Paranaque",Paranaque,96000000,,,700.0,800.0,14.517308,120.993381,first,"Kaggle klekzee/phillipines-housing-market (portal scrape, 2024)"
828,3BR House and Lot at Cerritos Trails Village for Sale,"Daang Hari Road, Bacoor",Bacoor,7800000,3,3,83.0,103.0,14.390641,120.979292,first,"Kaggle klekzee/phillipines-housing-market (portal scrape, 2024)"
829,4-BR Prime Residential House in Sun Valley Estates & Golf Club Antipolo,"Sun Valley Estates Brgy San Juan Antipolo City Bagong Nayon, Antipolo",Antipolo,16650000,4,5,172.0,264.0,14.647145,121.18608,first,"Kaggle klekzee/phillipines-housing-market (portal scrape, 2024)"
830,"Single Attached House 3 Storey for Sale in West Fairview, Quezon City","Carnation, 1118 Quezon City, Philippines Fairview, Quezon City",Quezon City,9850000,6,5,170.4,74.5,14.701094,121.062505,first,"Kaggle klekzee/phillipines-housing-market (portal scrape, 2024)"
831,"For Sale 3 Bedroom House and Lot in St. Ignatius Village, Quezon City","Saint Ignatius, Quezon City",Quezon City,61440000,3,3,250.0,384.0,14.61308,121.07296,first,"Kaggle klekzee/phillipines-housing-market (portal scrape, 2024)"
832,"Abigail 4 Bedrooms House and Lot for sale in San Fernando, Pampanga","Sindalan, San Fernando, Central Luzon, Philippines Sindalan, San Fernando",San Fernando,7350000,4,3,135.0,164.0,15.080598,120.641609,first,"Kaggle klekzee/phillipines-housing-market (portal scrape, 2024)"
833,"For Sale Venare Nuvali Brand New House and Lot in Calamba, Laguna","Canlubang, Calamba",Calamba,30000000,4,4,310.0,243.0,14.216032,121.108038,first,"Kaggle klekzee/phillipines-housing-market (portal scrape, 2024)"
834,For Sale Spacious Contemporary Split Level Home in Ayala Alabang with Big Garden,"Ayala Alabang, Muntinlupa",Muntinlupa,222250000,4,4,700.0,910.0,14.42261,121.026941,first,"Kaggle klekzee/phillipines-housing-market (portal scrape, 2024)"
835,Ayala Alabang Village House & Lot,"Ayala Alabang, Muntinlupa",Muntinlupa,205000000,6,4,600.0,870.0,14.42261,121.026941,first,"Kaggle klekzee/phillipines-housing-market (portal scrape, 2024)"
836,3 Car Garage 4BR Townhouse For Sale in Tandang Sora Quezon City Mindanao Avenue,"Tandang Sora, Quezon City",Quezon City,9850000,4,4,150.0,58.7,14.681864,121.032201,first,"Kaggle klekzee/phillipines-housing-market (portal scrape, 2024)"
837,"2-storey house 5 Bedrooms, 3 T&B, FOR SALE: Bel-Air Village Phase 3, Makati City","Bel-Air, Makati",Makati,400000000,5,3,654.0,698.0,14.562034,121.028094,first,"Kaggle klekzee/phillipines-housing-market (portal scrape, 2024)"
838,"For Sale: 2 Storey Valenzuela Townhouse near Tandang Sora, Valenzuela City","Ugong, Valenzuela",Valenzuela,5696435,3,3,82.0,65.0,14.695199,121.011204,first,"Kaggle klekzee/phillipines-housing-market (portal scrape, 2024)"
839,Silvana Heights Townhouse for Sale in Pandi Bulacan thru Pagibig financing,"Cacarong Matanda, Pandi",Pandi,1227966,2,1,46.6,36.0,14.903651,120.967827,first,"Kaggle klekzee/phillipines-housing-market (portal scrape, 2024)"
840,"The Alcove 3 Storey Townhouse For Sale in Santa Monica, Quezon City","Santa Monica, Quezon City",Quezon City,10670517,3,3,143.0,66.0,14.725202,121.043347,first,"Kaggle klekzee/phillipines-housing-market (portal scrape, 2024)"
841,3 Car Garage 4BR Townhouse For Sale in Tandang Sora Quezon City Mindanao Avenue,"Tandang Sora, Quezon City",Quezon City,9850000,4,4,150.0,58.7,14.681864,121.032201,repeat,"Kaggle klekzee/phillipines-housing-market (portal scrape, 2024)"
842,"Affordable 2 Bedroom Townhouse in Tanauan, Tanza, Cavite for Sale","Tanauan, Tanza",Tanza,1860000,2,1,40.0,60.5,14.292327,120.82908,first,"Kaggle klekzee/phillipines-housing-market (portal scrape, 2024)"
843,"For Sale Ayala Westgrove Heights 6-Bedroom House at Silang, Cavite","Puting Kahoy, Silang",Silang,95000000,6,5,668.0,478.0,14.215865,121.031631,first,"Kaggle klekzee/phillipines-housing-market (portal scrape, 2024)"
844,"3 Bedroom - Corner Lot , w/ Mt. Malarayat View at Brookside Summit Point Lipa","Plaridel, Lipa",Lipa,5900000,4,3,88.4,240.0,13.999915,121.17892,first,"Kaggle klekzee/phillipines-housing-market (portal scrape, 2024)"
845,For Sale: 3 Storey Semi Furnished House in Parañaque,Paranaque,Paranaque,16000000,4,4,350.0,120.0,14.500812,120.991533,first,"Kaggle klekzee/phillipines-housing-market (portal scrape, 2024)"
846,"Alvendia By Rockwell Townhouse for Sale in Santa Lucia, San Juan City","Santa Lucia, San Juan",San Juan,40000000,3,3,272.0,,14.597872,121.035164,first,"Kaggle klekzee/phillipines-housing-market (portal scrape, 2024)"
847,RUSH! GREENWOODS PASIG - 4 Bedroom House and Lot with Balcony for Sale,Pasig,Pasig,9000000,4,2,300.0,120.0,14.560517,121.076434,first,"Kaggle klekzee/phillipines-housing-market (portal scrape, 2024)"
848,Furnished House and Lot with Pool near Clark for Sale!,"Amsic, Angeles",Angeles,30000000,6,5,350.0,800.0,15.156003,120.570803,first,"Kaggle klekzee/phillipines-housing-market (portal scrape, 2024)"
849,"4Bedroom RFO Townhouse For Sale in Teachers Village, Quezon City near Kamias","Diliman, Quezon City",Quezon City,12900000,3,3,130.0,48.5,14.636129,121.033584,first,"Kaggle klekzee/phillipines-housing-market (portal scrape, 2024)"
850,"For Sale 186 sqm Lot with 3 BR in La Posada Village, Sucat, Muntinlupa City","Sucat, Muntinlupa",Muntinlupa,28000000,3,2,219.0,186.0,14.45698,121.053159,first,"Kaggle klekzee/phillipines-housing-market (portal scrape, 2024)"
851,Silvana Heights Townhouse for Sale in Pandi Bulacan thru Pagibig financing,"Cacarong Matanda, Pandi",Pandi,1227966,2,1,46.6,36.0,14.903651,120.967827,repeat,"Kaggle klekzee/phillipines-housing-market (portal scrape, 2024)"
852,"The Alcove 3 Storey Townhouse For Sale in Santa Monica, Quezon City","Santa Monica, Quezon City",Quezon City,10670517,3,3,143.0,66.0,14.725202,121.043347,repeat,"Kaggle klekzee/phillipines-housing-market (portal scrape, 2024)"
853,"2-storey house 5 Bedrooms, 3 T&B, FOR SALE: Bel-Air Village Phase 3, Makati City","Bel-Air, Makati",Makati,400000000,5,3,654.0,698.0,14.562034,121.028094,repeat,"Kaggle klekzee/phillipines-housing-market (portal scrape, 2024)"
854,"FOR SALE 3 Bedrooms, 2 Toilet and Bath","Brgy Tanauan Tanza Cavite Tanauan, Tanza",Tanza,4337472,3,2,112.5,72.0,14.29386,120.82989,first,"Kaggle klekzee/phillipines-housing-market (portal scrape, 2024)"
855,"For Sale: 2 Storey Valenzuela Townhouse near Tandang Sora, Valenzuela City","Ugong, Valenzuela",Valenzuela,5696435,3,3,82.0,65.0,14.695199,121.011204,repeat,"Kaggle klekzee/phillipines-housing-market (portal scrape, 2024)"
856,FS.   Brand new M  Residences by Victor Consunji in Capitol hills QC,"Capitol Hills, Quezon City",Quezon City,36500000,4,3,212.0,126.0,14.670354,121.090615,first,"Kaggle klekzee/phillipines-housing-market (portal scrape, 2024)"
857,"For Sale ! Modern House in White Plains, Quezon City, Metro Manila","White Plains, Quezon City",Quezon City,165000000,6,6,800.0,433.0,14.603275,121.071303,first,"Kaggle klekzee/phillipines-housing-market (portal scrape, 2024)"
858,5 Bedroom House and Lot For Sale in MetroGate Tagaytay Estates,"Francisco, Tagaytay",Tagaytay,21251400,5,,180.0,352.0,14.136826,120.986852,first,"Kaggle klekzee/phillipines-housing-market (portal scrape, 2024)"
859,"Ayala Westgrove Heights Brand New Modern Zen House For Sale, Silang","Puting Kahoy, Silang",Silang,68000000,4,4,508.0,380.0,14.215865,121.031631,first,"Kaggle klekzee/phillipines-housing-market (portal scrape, 2024)"
860,Townhouse For Sale Near Grace Christian College Quezon City,"Balingasa, Quezon City",Quezon City,40700000,4,4,329.0,124.0,14.650536,121.001701,first,"Kaggle klekzee/phillipines-housing-market (portal scrape, 2024)"
861,"For Sale: Antoinette Model House at Versailles in Almanza Dos, Las Piñas City","Daang Hari Road Almanza Dos, Las Pinas",Las Pinas,37858000,3,4,278.0,252.0,14.396248,121.011364,first,"Kaggle klekzee/phillipines-housing-market (portal scrape, 2024)"
862,"4 Bedroom House and Lot For Sale in Magallanes Village, Makati City","Magallanes, Makati",Makati,125000000,4,4,400.0,401.0,14.541971,121.019333,first,"Kaggle klekzee/phillipines-housing-market (portal scrape, 2024)"
863,Molave Highlands Subdivision in Consolacion Cebu,"Molave Highland Subdivision Lamac, Consolacion",Consolacion,17500000,3,2,250.0,202.0,10.390353,123.968344,first,"Kaggle klekzee/phillipines-housing-market (portal scrape, 2024)"
864,"Beverly Hills Subdivision For Sale 5 bedroom house and lot in Antipolo, Rizal","Mambugan, Antipolo",Antipolo,70000000,5,8,600.0,800.0,14.618824,121.140367,first,"Kaggle klekzee/phillipines-housing-market (portal scrape, 2024)"
865,"3BR/3T&B House and Lot for sale in Panglao Island, Dauis, Bohol","Tabalong, Dauis",Dauis,13500000,3,3,200.0,1000.0,9.623345,123.819831,first,"Kaggle klekzee/phillipines-housing-market (portal scrape, 2024)"
866,"House For Sale in Katarungan Village, Muntinlupa City, Metro Manila","Poblacion, Muntinlupa",Muntinlupa,20000000,3,2,300.0,300.0,14.389145,121.04498,first,"Kaggle klekzee/phillipines-housing-market (portal scrape, 2024)"
867,"P8,333.00 Low Monthly, Great Deal House And Lot Samal for Sale","Del Monte, Island Of Garden Samal, Samal",Samal,2500000,2,1,42.0,100.0,7.039109,125.739679,first,"Kaggle klekzee/phillipines-housing-market (portal scrape, 2024)"
868,"5 Bedroom Home for Sale in Dap-dap, Lapu-Lapu City, Vistamar","Dapdap, Mactan Island, Cebu, Lapu-Lapu City, Philippines Mactan, Lapu-Lapu",Lapu-Lapu,35000000,5,,320.0,496.0,10.301274,124.013857,first,"Kaggle klekzee/phillipines-housing-market (portal scrape, 2024)"
869,"For Sale! 4 Storey House with 6 Parking Slots in White Plains, Quezon City","White Plains, Quezon City",Quezon City,165000000,6,5,850.0,433.0,14.603275,121.071303,first,"Kaggle klekzee/phillipines-housing-market (portal scrape, 2024)"
870,"Furniture Included 3BR 3 Storey Townhouse for sale in Union Village, Quezon City","Culiat, Quezon City",Quezon City,15500000,3,4,185.0,78.0,14.667962,121.056591,first,"Kaggle klekzee/phillipines-housing-market (portal scrape, 2024)"
871,"House and Lot with Gazebo For Sale in The Mango Manor, Canyon Woods, Batangas!",Talisay,Talisay,56000000,6,5,687.0,421.0,14.093935,121.021809,first,"Kaggle klekzee/phillipines-housing-market (portal scrape, 2024)"
872,Ayala Westgrove Heights Modern House For Sale,"Puting Kahoy, Silang",Silang,60500000,4,4,600.0,450.0,14.215865,121.031631,first,"Kaggle klekzee/phillipines-housing-market (portal scrape, 2024)"
873,"Beautiful 4-Bedroom House For Sale at El Monte Verde, Consolacion","El Monteverde Subd, 6001 Consolacion, Philippines Lamac, Consolacion",Consolacion,29000000,4,4,304.0,356.0,10.38953,123.964295,first,"Kaggle klekzee/phillipines-housing-market (portal scrape, 2024)"
874,"6 Bedroom House and Lot for sale in Ayala Alabang, Muntinlupa City","Ayala Alabang, Muntinlupa",Muntinlupa,170000000,6,5,500.0,695.0,14.42261,121.026941,first,"Kaggle klekzee/phillipines-housing-market (portal scrape, 2024)"
875,Modern and Elegant Townhouse for Sale at New Haven Village in Quezon City,"Kaligayahan, Quezon City",Quezon City,10280000,5,3,197.0,77.0,14.738361,121.050883,first,"Kaggle klekzee/phillipines-housing-market (portal scrape, 2024)"
876,Brand New Modern Contemporary House with Swimming Pool in Angeles City,Angeles,Angeles,15700000,4,3,165.0,220.0,15.138935,120.587532,first,"Kaggle klekzee/phillipines-housing-market (portal scrape, 2024)"
877,"Brand New, Semi-furnished Modern House and Lot in San Fernando, Pampanga","Telabastagan, San Fernando",San Fernando,10000000,4,3,128.0,150.0,15.114283,120.608872,first,"Kaggle klekzee/phillipines-housing-market (portal scrape, 2024)"
878,"3-Storey Brand New 5BR Townhouse in Valle Verde 6, Pasig City for Sale | Unit 3","Ugong, Pasig",Pasig,100000000,5,5,460.0,190.0,14.584131,121.073246,first,"Kaggle klekzee/phillipines-housing-market (portal scrape, 2024)"
879,"For Sale: Luxury House with Big Garden Mabalacat, Pampanga","Clark, Mabalacat",Mabalacat,19000000,3,3,245.0,433.0,15.192032,120.579523,first,"Kaggle klekzee/phillipines-housing-market (portal scrape, 2024)"
880,Brand new House w/ swimming pool For Sale in Angeles Pamp. near Clark,"Cuayan, Angeles",Angeles,12800000,3,3,172.0,165.0,15.149137,120.545812,first,"Kaggle klekzee/phillipines-housing-market (portal scrape, 2024)"
881,Ayala Southvale Primera House and Lot for Sale,"Ayala Southvale Primera Bacoor, Cavite Molino I, Bacoor",Bacoor,70000000,4,4,480.0,518.0,14.399713,120.999054,first,"Kaggle klekzee/phillipines-housing-market (portal scrape, 2024)"
882,"5 Bedrooms House for Sale in Hillsborough, Alabang Village, Muntinlupa","Cupang, Muntinlupa",Muntinlupa,66000000,5,5,500.0,450.0,14.437884,121.050321,first,"Kaggle klekzee/phillipines-housing-market (portal scrape, 2024)"
883,"L-R-1-829- Acquired Property for Sale in Lot 3, Block 1, Road Lot 3, Woodlands Subd., Brgy. Viga, Calamba City, Laguna - Retail","Makiling, Calamba",Calamba,3354800,,,149.0,132.0,14.154413,121.136803,first,"Kaggle klekzee/phillipines-housing-market (portal scrape, 2024)"
884,"2-Storey House for Sale in BF Homes, Parañaque City, Metro Manila","B.F. Homes, Paranaque",Paranaque,25000000,5,4,300.0,280.0,14.446279,121.027411,first,"Kaggle klekzee/phillipines-housing-market (portal scrape, 2024)"
885,"3 Bedroom Townhouse with Garage in Nia Village, Quezon City","Tandang Sora, Quezon City",Quezon City,10900000,3,3,140.0,80.0,14.681864,121.032201,first,"Kaggle klekzee/phillipines-housing-market (portal scrape, 2024)"
886,"For Sale : Green Valley Townhomes in Valle Verde, Pasig City","Ugong, Pasig",Pasig,36500000,4,3,240.0,170.0,14.584131,121.073246,first,"Kaggle klekzee/phillipines-housing-market (portal scrape, 2024)"
887,3BR Beautiful Tuscany Estate Exclusive Subdivision House and Lot Package (NRFO),"Biday, San Fernando",San Fernando,5364000,3,2,80.0,81.0,16.639055,120.324961,first,"Kaggle klekzee/phillipines-housing-market (portal scrape, 2024)"
888,"Ayala Westgrove Heights Ridge House With An Elevator, Silang For Sale","Inchican, Silang",Silang,89000000,4,4,600.0,396.0,14.251055,121.052737,first,"Kaggle klekzee/phillipines-housing-market (portal scrape, 2024)"
889,"2BR Fairway Townhouse For Sale in Canyon Woods Residential, Laurel","San Gregorio, Laurel",Laurel,5000000,2,3,120.0,82.0,14.029624,120.885546,first,"Kaggle klekzee/phillipines-housing-market (portal scrape, 2024)"
890,"Brand New Smart House for Sale in Tivoli Royale, Quezon City","Matandang Balara, Quezon City",Quezon City,120000000,8,7,720.0,402.0,14.67168,121.074534,first,"Kaggle klekzee/phillipines-housing-market (portal scrape, 2024)"
891,Culiat (Area in Quezon City) near Visayas Avenue 3 Bedroom 2 Storey Townhouse,"Culiat, Quezon City",Quezon City,9500000,3,3,136.5,83.7,14.667962,121.056591,first,"Kaggle klekzee/phillipines-housing-market (portal scrape, 2024)"
892,"Mirala Nuvali 6 Bedrooms Modern Contemporary House For Sale, Calamba, Laguna","Canlubang, Calamba",Calamba,35000000,6,7,400.0,367.0,14.216032,121.108038,first,"Kaggle klekzee/phillipines-housing-market (portal scrape, 2024)"
893,"Brand New Renovated House for Sale in Pilar Village, Las Piñas City","Pilar, Las Pinas",Las Pinas,9500000,2,2,145.0,192.0,14.425263,121.005866,first,"Kaggle klekzee/phillipines-housing-market (portal scrape, 2024)"
894,Loyola Grand Villas 13 Bedrooms for Sale,"Loyola Heights, Quezon City",Quezon City,120000000,13,13,1250.0,1000.0,14.64109,121.073778,first,"Kaggle klekzee/phillipines-housing-market (portal scrape, 2024)"
895,"Fully Furnished House & Lot in Buena Vista Subdivision, Mabalacat for Sale!","Santa Maria, Mabalacat",Mabalacat,19000000,3,3,245.0,433.0,15.227008,120.592201,first,"Kaggle klekzee/phillipines-housing-market (portal scrape, 2024)"
896,Ayala Westgrove Heights Silang House For Sale 4-BR Brand New Modern Contemporary,"Puting Kahoy, Silang",Silang,60000000,4,4,446.0,352.0,14.215865,121.031631,first,"Kaggle klekzee/phillipines-housing-market (portal scrape, 2024)"
897,House and Lot in Teachers Village,"Teachers Village East, Quezon City",Quezon City,33000000,3,,,412.0,14.644231,121.059698,first,"Kaggle klekzee/phillipines-housing-market (portal scrape, 2024)"
898,Brand New 3 Storey Duplex Katarungan Village,"Katarungan Poblacion, Muntinlupa",Muntinlupa,8000000,4,4,210.0,78.0,14.388919,121.025527,first,"Kaggle klekzee/phillipines-housing-market (portal scrape, 2024)"
899,Well Maintained House for Sale in BF Resort Village Las Piñas,"Talon Dos, Las Pinas",Las Pinas,25000000,6,6,380.0,420.0,14.433089,120.984705,first,"Kaggle klekzee/phillipines-housing-market (portal scrape, 2024)"
900,"Rest House farm for sale in Maligaya, Dinalupihan, Bataan","Maligaya, Dinalupihan",Dinalupihan,14000000,4,3,200.0,10000.0,14.862591,120.426405,first,"Kaggle klekzee/phillipines-housing-market (portal scrape, 2024)"
901,"Rest House farm for sale in Maligaya, Dinalupihan, Bataan","Maligaya, Dinalupihan",Dinalupihan,14000000,4,3,200.0,10000.0,14.862591,120.426405,repeat,"Kaggle klekzee/phillipines-housing-market (portal scrape, 2024)"
902,"Ready For Occupancy Townhouse Unit Located for sale in Betterliving, Parañaque","Don Bosco, Paranaque",Paranaque,14000000,4,4,225.0,118.0,14.48433,121.031421,first,"Kaggle klekzee/phillipines-housing-market (portal scrape, 2024)"
903,Brand New 3 Storey Duplex Katarungan Village,"Katarungan Poblacion, Muntinlupa",Muntinlupa,8000000,4,4,210.0,78.0,14.388919,121.025527,repeat,"Kaggle klekzee/phillipines-housing-market (portal scrape, 2024)"
904,"Tropical Minimalist House For Sale in Anvaya Cove, Morong, Bataan","Sabang, Morong",Morong,65000000,4,4,400.0,575.0,14.696367,120.252941,first,"Kaggle klekzee/phillipines-housing-market (portal scrape, 2024)"
905,"Townhouse for sale in Pasong Tamo, Tandang Sora Quezon City Near Congressional","Pasong Tamo, Quezon City",Quezon City,7300000,3,3,91.6,47.9,14.682723,121.061708,first,"Kaggle klekzee/phillipines-housing-market (portal scrape, 2024)"
906,"5 Bedroom House for Sale in Bacoor Boulevard, Cavite - floor free community","Mambog Ii, Bacoor",Bacoor,25000000,5,5,232.1,175.0,14.424357,120.951383,first,"Kaggle klekzee/phillipines-housing-market (portal scrape, 2024)"
907,4BR Brand New Duplex House with Overlooking View for sale in Taytay,"San Juan, Taytay",Taytay,10400000,4,3,190.0,110.0,14.558564,121.136031,first,"Kaggle klekzee/phillipines-housing-market (portal scrape, 2024)"
908,"4.75M 3BR Townhouse Unit with 1 Car Garage for Sale in Fairview, Quezon City","Fairview, Quezon City",Quezon City,4750000,3,2,91.2,60.0,14.705523,121.074282,first,"Kaggle klekzee/phillipines-housing-market (portal scrape, 2024)"
909,"For Sale : 4-Bedrooms House and Lot in Tagaytay City, Cavite","Francisco, Tagaytay",Tagaytay,14500800,4,2,120.0,240.0,14.136826,120.986852,first,"Kaggle klekzee/phillipines-housing-market (portal scrape, 2024)"
910,For Sale 4-Bedroom House at an Exclusive Subdivision in Iloilo City,"Sta. Cruz, Arevalo, Iloilo City Mohon, Iloilo",Iloilo,7900000,4,4,175.0,240.0,10.686101,122.504952,first,"Kaggle klekzee/phillipines-housing-market (portal scrape, 2024)"
911,Dagupan City 4BR Customized & Modern Design House and Lot Package,"Bonuan Boquig, Dagupan",Dagupan,5730000,4,2,100.0,190.0,16.077498,120.358025,first,"Kaggle klekzee/phillipines-housing-market (portal scrape, 2024)"
912,"Private Hot Spring Resort in Los Baños, Laguna - Corner lot","Lalakay, Los Banos",Los Banos,28500000,5,4,300.0,321.0,14.172944,121.214222,first,"Kaggle klekzee/phillipines-housing-market (portal scrape, 2024)"
913,"Charming House and Lot For Sale in Camp 7, Baguio City, Benguet","Camp 7, Baguio",Baguio,25000000,5,3,250.0,183.0,16.382395,120.602035,first,"Kaggle klekzee/phillipines-housing-market (portal scrape, 2024)"
914,"For Sale rent to own Townhouse near Patts College, SM BF, Jaka Plaza, Parañaque","San Isidro, Paranaque",Paranaque,4660000,2,2,36.0,38.0,14.471127,121.007666,first,"Kaggle klekzee/phillipines-housing-market (portal scrape, 2024)"
915,"new price 16.5m only marcelo bungalow, parañaque","Marcelo Green Village, Paranaque, National Capital Region, Philippines Marcelo Green Village, Paranaque",Paranaque,16500000,4,4,250.0,370.0,14.469644,121.04016,first,"Kaggle klekzee/phillipines-housing-market (portal scrape, 2024)"
916,"3-Bedroom Duplex House and Lot For Sale in San Miguel, Pasig City","San Miguel, Pasig",Pasig,7000000,3,2,100.3,72.0,14.565868,121.085557,first,"Kaggle klekzee/phillipines-housing-market (portal scrape, 2024)"
917,3-Bedroom Merville House Property for Sale in Parañaque City,"Merville, Paranaque",Paranaque,38000000,3,3,330.0,420.0,14.501909,121.026668,first,"Kaggle klekzee/phillipines-housing-market (portal scrape, 2024)"
918,"Affordable 2 Bedroom House and lot for sale in St. San Antonio, Biñan, Laguna","San Antonio, Binan",Binan,2650000,2,1,43.0,45.0,14.327945,121.091288,first,"Kaggle klekzee/phillipines-housing-market (portal scrape, 2024)"
919,"A White Beachfront Resthouse for Sale in San Juan, Batangas","Calubcub Ii, San Juan",San Juan,85000000,5,6,1080.0,1700.0,13.736747,121.420371,first,"Kaggle klekzee/phillipines-housing-market (portal scrape, 2024)"
920,Ayala Alabang Village House and Lot For Sale Modern Mansion with Pool Muntinlupa,"Ayala Alabang, Muntinlupa",Muntinlupa,420000000,7,7,1233.0,816.0,14.42261,121.026941,first,"Kaggle klekzee/phillipines-housing-market (portal scrape, 2024)"
921,"2 Story House and Lot for sale in Baguio, Benguet","Loakan Proper, Baguio",Baguio,7900000,4,2,90.0,100.0,16.375454,120.613781,first,"Kaggle klekzee/phillipines-housing-market (portal scrape, 2024)"
922,House And Lot In Tugbok,"Tugbok, Davao",Davao,20000000,3,2,200.0,281.0,7.103538,125.494847,first,"Kaggle klekzee/phillipines-housing-market (portal scrape, 2024)"
923,"Fully Furnished 4-Bedroom House and Lot for Sale in Angeles City, Pampanga",Angeles,Angeles,24000000,4,4,290.0,246.0,15.138935,120.587532,first,"Kaggle klekzee/phillipines-housing-market (portal scrape, 2024)"
924,"WJV Heights Bare Unit 2-Storey Townhouse for Sale in Liburon, Carcar City","Liburon, Carcar",Carcar,2350000,3,1,47.0,40.0,10.116989,123.652507,first,"Kaggle klekzee/phillipines-housing-market (portal scrape, 2024)"
925,4BR Beautiful Tuscany Estate Exclusive Subdivision Housefor sale in San Fernando,"Biday, San Fernando",San Fernando,8691000,4,3,143.0,94.0,16.639055,120.324961,first,"Kaggle klekzee/phillipines-housing-market (portal scrape, 2024)"
926,Newly painted House and Lot for Sale in Greenwoods Executive Village Pasig City,"San Miguel, Pasig",Pasig,26950000,5,,500.0,362.0,14.565868,121.085557,first,"Kaggle klekzee/phillipines-housing-market (portal scrape, 2024)"
927,"House for Sale at Greenhills East, San Juan City near Corinthian Gardens","Greenhills, San Juan, National Capital Region, Philippines Greenhills, San Juan",San Juan,,7,7,1357.0,1000.0,14.602634,121.047731,first,"Kaggle klekzee/phillipines-housing-market (portal scrape, 2024)"
928,"House and 2 Lots Package for sale (RFO) in Tuscany Estate, San Fernando","Biday, San Fernando",San Fernando,10542000,3,2,134.0,188.0,16.639055,120.324961,first,"Kaggle klekzee/phillipines-housing-market (portal scrape, 2024)"
929,BLS2021-033 | For sale| 2-Storey Single Detached Duplex House  in Parañaque,"Don Bosco, Paranaque",Paranaque,18000000,6,6,235.5,210.0,14.48433,121.031421,first,"Kaggle klekzee/phillipines-housing-market (portal scrape, 2024)"
930,Townhouse For sale in Mandaluyong city 3 Car garage,"Plainview, Mandaluyong",Mandaluyong,22800000,4,4,228.0,55.0,14.576696,121.034781,first,"Kaggle klekzee/phillipines-housing-market (portal scrape, 2024)"
931,Large House for sale Exquisite Haven in Baguio City! Your Dream Lifestyle Awaits,"Bakakeng North, Baguio",Baguio,20000000,4,3,280.0,600.0,16.38366,120.59123,first,"Kaggle klekzee/phillipines-housing-market (portal scrape, 2024)"
932,"4-BR Magallanes Village, Makati House and Lot For Sale Narciso Realty","Magallanes, Makati",Makati,115000000,4,3,275.0,350.0,14.541971,121.019333,first,"Kaggle klekzee/phillipines-housing-market (portal scrape, 2024)"
933,Baguio City Overlooking Customized & Modern Design House and Lot Package,"Camp 7, Baguio",Baguio,17970000,5,3,150.0,335.0,16.382395,120.602035,first,"Kaggle klekzee/phillipines-housing-market (portal scrape, 2024)"
934,"For Sale : 5BR House and Lot in BF Homes, Parañaque City | 1DS-064","B. F. Homes, Paranaque, National Capital Region, Philippines B.F. Homes, Paranaque",Paranaque,45000000,5,5,459.3,308.0,14.451633,121.024794,first,"Kaggle klekzee/phillipines-housing-market (portal scrape, 2024)"
935,"For sale Townhouse Property Near Tagaytay, Cavite","Mendez Crossing East, Tagaytay",Tagaytay,2044125,3,1,54.0,50.0,14.098654,120.921795,first,"Kaggle klekzee/phillipines-housing-market (portal scrape, 2024)"
936,"For Sale: Modern & Elegant Townhouse in Vermont Royale Executive Village, Rizal","Mayamot, Antipolo",Antipolo,12500000,4,3,211.0,90.0,14.624835,121.121359,first,"Kaggle klekzee/phillipines-housing-market (portal scrape, 2024)"
937,5 Bedroom Modern High End Interior House in Guadalupe,"Guada Plains Guadalupe, Cebu",Cebu,25000000,5,4,211.0,182.0,10.329218,123.883039,first,"Kaggle klekzee/phillipines-housing-market (portal scrape, 2024)"
938,San Juan 4BR Near the Beach  Modern Design House and Lot Package (RFO),"Panicsican, San Juan",San Juan,9750000,4,2,148.0,140.0,16.662439,120.330638,first,"Kaggle klekzee/phillipines-housing-market (portal scrape, 2024)"
939,"RFO House and Lot for sale in San Pedro, Laguna near SLEX-MCX, Munt., Alabang","San Antonio, San Pedro",San Pedro,7500000,5,3,188.0,197.0,14.356554,121.025228,first,"Kaggle klekzee/phillipines-housing-market (portal scrape, 2024)"
940,"4 Bedroom House and Lot for sale at South Breeze in Biñan, Laguna (Federique)","San Francisco, Binan",Binan,13070000,4,3,147.0,304.0,14.333261,121.05575,first,"Kaggle klekzee/phillipines-housing-market (portal scrape, 2024)"
941,For Sale 4-Bedroom House & Lot along Cirilo Street near Don Antonio Quezon City,"Cirilo Street, Isidora Hills Subdivision Holy Spirit, Quezon City",Quezon City,26000000,4,3,110.0,476.0,14.683745,121.078212,first,"Kaggle klekzee/phillipines-housing-market (portal scrape, 2024)"
942,Brand New Modern Tropical Design Home for Sale in Ayala Heights Quezon City.,"Matandang Balara, Quezon City",Quezon City,168000000,5,5,820.0,476.0,14.67168,121.074534,first,"Kaggle klekzee/phillipines-housing-market (portal scrape, 2024)"
943,"Beautiful House with 3 Bedrooms at Portofino Heights, Las Piñas City For Sale","Almanza Dos, Las Pinas",Las Pinas,55000000,3,,334.0,564.0,14.423436,121.022342,first,"Kaggle klekzee/phillipines-housing-market (portal scrape, 2024)"
944,RFO House and Lot for sale in the heart of Quezon City!,Quezon City,Quezon City,35530000,4,3,198.0,111.0,14.651055,121.048625,first,"Kaggle klekzee/phillipines-housing-market (portal scrape, 2024)"
945,2 Sty 4BR Ayala Heights House and Lot for Sale- Quezon City,"Diliman, Quezon City",Quezon City,110000000,4,5,450.0,800.0,14.636129,121.033584,first,"Kaggle klekzee/phillipines-housing-market (portal scrape, 2024)"
946,PASAY HOUSE FOR SALE,"San Roque, Pasay",Pasay,120000000,11,7,,730.2,6.940629,122.039024,first,"Kaggle klekzee/phillipines-housing-market (portal scrape, 2024)"
947,"Affordable Townhouse Unit for Sale in Tanauan Ctiy, Batangas! Inquire Now!","Bagumbayan, Tanauan",Tanauan,1838000,2,1,44.5,58.5,14.074199,121.138914,first,"Kaggle klekzee/phillipines-housing-market (portal scrape, 2024)"
948,4 Bedroom Single Attached House for Sale Molino Bacoor Cavite,"Molino Iii, Bacoor",Bacoor,8500000,4,3,180.0,200.0,14.398172,120.978222,first,"Kaggle klekzee/phillipines-housing-market (portal scrape, 2024)"
949,House and Lot For Sale Ayala Alabang Muntinlupa with Pool,"Ayala Alabang, Muntinlupa",Muntinlupa,310000000,5,5,1000.0,700.0,14.42261,121.026941,first,"Kaggle klekzee/phillipines-housing-market (portal scrape, 2024)"
950,"3 Bedroom House for Sale at McKinley Hill Village, Taguig near McKinley West","Mckinley Hill Dr, 1634 Taguig City, Philippines Pinagsama, Taguig",Taguig,112000000,3,4,420.0,198.0,14.534662,121.051966,first,"Kaggle klekzee/phillipines-housing-market (portal scrape, 2024)"
951,Customized North Olympus Subdivision Phase - 1 Quezon City,"Philippines, Caloocan City North, Barangay 172, Thaddevs Kaligayahan, Quezon City",Quezon City,6000000,3,2,155.0,100.0,14.749255,121.042756,first,"Kaggle klekzee/phillipines-housing-market (portal scrape, 2024)"
952,"Brand New 2 Storey House for Sale in BF Homes, Paranaque City","B.F. Homes, Paranaque",Paranaque,26500000,4,4,350.0,293.0,14.446279,121.027411,first,"Kaggle klekzee/phillipines-housing-market (portal scrape, 2024)"
953,"House and lot For Sale at Saint Ignatius Village, Quezon City","Saint Ignatius, Quezon City",Quezon City,73780000,3,3,250.0,434.0,14.61308,121.07296,first,"Kaggle klekzee/phillipines-housing-market (portal scrape, 2024)"
954,"2 Bedroom Townhouse for sale in San Rafael, Bulacan","Pinacpinacan, San Rafael",San Rafael,1200000,2,1,44.0,36.0,14.997727,120.913296,first,"Kaggle klekzee/phillipines-housing-market (portal scrape, 2024)"
955,5 Bedrooms House and Lot For Sale in Tagum City,"Visayan Village, Tagum",Tagum,8005320,5,3,100.0,,7.431843,125.803791,first,"Kaggle klekzee/phillipines-housing-market (portal scrape, 2024)"
956,"AFPOVAI House and Lot for Sale - Phase 5 in AFPOVAI, Fort Bonifacio, Taguig City","Fort Bonifacio, Taguig",Taguig,63000000,4,4,172.0,400.0,14.549425,121.050972,first,"Kaggle klekzee/phillipines-housing-market (portal scrape, 2024)"
957,"L-R-1-784- Acquired Property for Sale in Lot 16, Block 5, Alley 2, Road Lot 5, Villa Clara Homes, Brgy. San Sebastian, Hagonoy, Bulacan - Retail","San Sebastian, Hagonoy",Hagonoy,4377000,,,215.0,196.0,14.832172,120.734937,first,"Kaggle klekzee/phillipines-housing-market (portal scrape, 2024)"
958,Corner House and Lot for Sale inside High End Subdivision in Lapu-Lapu,"Marigondon, Lapu-Lapu",Lapu-Lapu,7500000,3,3,180.0,136.0,10.274424,123.976083,first,"Kaggle klekzee/phillipines-housing-market (portal scrape, 2024)"
959,2 Storey House and Lot for Sale in Corinthian Gardens Quezon City,"Ugong Norte, Quezon City",Quezon City,370000000,4,4,700.0,899.0,14.597737,121.070475,first,"Kaggle klekzee/phillipines-housing-market (portal scrape, 2024)"
960,New North Olympus Brand New Townhouse for Sale in Quezon City - jojo  Obra,"Kaligayahan, Quezon City",Quezon City,4200000,3,2,65.0,48.0,14.738361,121.050883,first,"Kaggle klekzee/phillipines-housing-market (portal scrape, 2024)"
961,"Golfer's Paradise Home - 5-BR House For Sale in Tagaytay Highlands, Talisay","Tranca, Talisay",Talisay,60000000,5,6,700.0,400.0,14.107578,121.052738,first,"Kaggle klekzee/phillipines-housing-market (portal scrape, 2024)"
962,Modern Industrial House & Lot For Sale in Manila Southwoods with pool & view,"Manila Southwoods Cabilang Baybay, Carmona",Carmona,105000000,5,5,565.0,915.0,14.322068,121.039644,first,"Kaggle klekzee/phillipines-housing-market (portal scrape, 2024)"
963,"4-Bedroom Duplex House and Lot for Sale in Ridgemont, Taytay, Rizal","San Isidro, Taytay",Taytay,9800000,4,3,170.1,82.0,14.576654,121.133182,first,"Kaggle klekzee/phillipines-housing-market (portal scrape, 2024)"
964,Renovated 3BR Townhouse in near Wack-Wack Manda shaw edsa,"Plainview, Mandaluyong",Mandaluyong,24000000,3,2,82.0,200.0,14.576696,121.034781,first,"Kaggle klekzee/phillipines-housing-market (portal scrape, 2024)"
965,For Sale: Bungalow Pool Villa House in Angeles City Pampanga,"Balibago, Angeles",Angeles,9500000,3,2,185.0,320.0,15.168674,120.590351,first,"Kaggle klekzee/phillipines-housing-market (portal scrape, 2024)"
966,"5 Bedroom Modern House For Sale in Vista Real Classica 2 Homes, Quezon City","Batasan Hills, Quezon City",Quezon City,48000000,5,4,316.5,353.0,14.686258,121.099335,first,"Kaggle klekzee/phillipines-housing-market (portal scrape, 2024)"
967,"3-Storey Duplex House and Lot For Sale at Ridgemont, Taytay (overlooking view)","San Isidro, Taytay",Taytay,12500000,4,4,219.8,95.0,14.576654,121.133182,first,"Kaggle klekzee/phillipines-housing-market (portal scrape, 2024)"
968,"House & Lot with Ground Floor Bedroom For Sale in Dasmariñas, Cavite","Paliparan I, Dasmarinas",Dasmarinas,,5,3,142.0,168.0,14.319503,120.985399,first,"Kaggle klekzee/phillipines-housing-market (portal scrape, 2024)"
969,"Brand New House 4 Bedroom For Sale in Dau, Mabalacat, Pampanga","Dau, Mabalacat",Mabalacat,27000000,4,4,350.0,251.0,15.176073,120.588735,first,"Kaggle klekzee/phillipines-housing-market (portal scrape, 2024)"
970,"Pre-selling 2-Storey Townhouse For Sale at Molino VII, Bacoor, Cavite","Molino Vii, Bacoor",Bacoor,4600000,3,2,114.0,90.0,14.403348,120.997701,first,"Kaggle klekzee/phillipines-housing-market (portal scrape, 2024)"
971,"3BR Townhouse in Sampaloc, Manila City For Sale near UST Manila","M Dela Fuente Sampaloc Manila Sampaloc, Manila",Manila,13000000,3,,130.0,50.0,14.614296,120.991122,first,"Kaggle klekzee/phillipines-housing-market (portal scrape, 2024)"
972,"2-Storey House and Lot for sale in Avida Settings Bacoor, Cavite","Avida Setting Bacoor Cavite Molino Iv, Bacoor",Bacoor,18000000,6,6,432.0,278.0,14.360126,120.985191,first,"Kaggle klekzee/phillipines-housing-market (portal scrape, 2024)"
973,3-Bedroom Townhouse For Sale in Las Piñas (walking distance to SM Southmall),"Almanza Uno, Las Pinas",Las Pinas,8574500,3,2,124.0,80.0,14.424732,121.014573,first,"Kaggle klekzee/phillipines-housing-market (portal scrape, 2024)"
974,"Rush Sale Old House and Lot in San Miguel Village, Makati City","Poblacion, Makati",Makati,80000000,4,3,326.0,326.0,14.566261,121.031385,first,"Kaggle klekzee/phillipines-housing-market (portal scrape, 2024)"
975,"5 Bedroom House w/ Vacant Lot in Sto. Niño Village in Dove Street, Mandaue","Dove Street, Banilad, Mandaue City Banilad, Mandaue",Mandaue,50000000,5,5,300.0,852.0,10.348065,123.920123,first,"Kaggle klekzee/phillipines-housing-market (portal scrape, 2024)"
976,Brand New 3 Story Townhouse in East Fairview Q.C. Philhomes - Jojo F Obra,"Philippines, Quezon City, Fairview Fairview, Quezon City",Quezon City,7500000,4,4,138.0,58.0,14.706779,121.073236,first,"Kaggle klekzee/phillipines-housing-market (portal scrape, 2024)"
977,Brand New 5 Bedroom House and Lot for Sale at Alabang West Village Las Piñas,"Almanza Dos, Las Pinas",Las Pinas,79500000,5,5,542.0,333.0,14.423436,121.022342,first,"Kaggle klekzee/phillipines-housing-market (portal scrape, 2024)"
978,"Prime Location, Modern Living: Stylish Triplex Townhouse Near Skyway","Sun Valley, Paranaque",Paranaque,8800000,3,3,118.0,66.0,14.488841,121.032517,first,"Kaggle klekzee/phillipines-housing-market (portal scrape, 2024)"
979,"5BR, 5Toilet Single House with Attic Indang, Cavite","Calumpang Lejos I, Indang",Indang,7500000,5,5,150.0,220.0,14.237025,120.845127,first,"Kaggle klekzee/phillipines-housing-market (portal scrape, 2024)"
980,"Beach House For Sale in Calatagan Batangas, Ideal for Resthouse",Calatagan,Calatagan,,5,3,965.0,965.0,13.832988,120.632236,first,"Kaggle klekzee/phillipines-housing-market (portal scrape, 2024)"
981,nice location  modern single house and lot for sale in marcelo green village,"Marcelo Green Village, Paranaque, National Capital Region, Philippines Marcelo Green Village, Paranaque",Paranaque,26000000,5,4,271.0,251.0,14.469644,121.04016,first,"Kaggle klekzee/phillipines-housing-market (portal scrape, 2024)"
982,"3 Bedroom Townhouse for Sale in San Juan, Modern and Practical Design","Onse, San Juan",San Juan,15300000,3,3,143.0,27.0,14.60174,121.031455,first,"Kaggle klekzee/phillipines-housing-market (portal scrape, 2024)"
983,3 Storey Modern Contemporary Design Corner house and Lot for Sale in Tierra,"Bigaa, Cabuyao",Cabuyao,16000000,4,3,370.0,198.0,14.291122,121.128816,first,"Kaggle klekzee/phillipines-housing-market (portal scrape, 2024)"
984,"Well-ventilated 3-Bedroom Home for Sale in BF Homes, International","B.F. International Village, Las Pinas",Las Pinas,18500000,3,3,270.0,332.0,14.448373,121.009817,first,"Kaggle klekzee/phillipines-housing-market (portal scrape, 2024)"
985,"FOR SALE - Townhouse in Brgy. Teacher East Village, Quezon City","Teachers Village East, Quezon City",Quezon City,22995980,3,4,277.1,68.0,14.644231,121.059698,first,"Kaggle klekzee/phillipines-housing-market (portal scrape, 2024)"
986,"Woodside by Endurahomes - Alameda Townhouse Unit for Sale in Tanza City, Cavite","Paradahan I, Tanza",Tanza,1846470,2,1,39.0,60.0,14.325241,120.860092,first,"Kaggle klekzee/phillipines-housing-market (portal scrape, 2024)"
987,4 Bedroom House and Lot For Sale in General Trias Near Tagaytay property,"Panungyanan, General Trias",General Trias,4000000,4,2,81.0,110.0,14.234956,120.921787,first,"Kaggle klekzee/phillipines-housing-market (portal scrape, 2024)"
988,4 Bedroom House and Lot for Sale in Sabella Village General Trias Cavite,"Panungyanan, General Trias",General Trias,4000000,4,2,81.0,110.0,14.234956,120.921787,first,"Kaggle klekzee/phillipines-housing-market (portal scrape, 2024)"
989,"5 Bedroom House for Sale with Pool & Elevator at Hillsborough, Muntinlupa City","Buckingham, 1771 Muntinlupa, Philippines Cupang, Muntinlupa",Muntinlupa,90000000,5,5,700.0,400.0,14.439902,121.037381,first,"Kaggle klekzee/phillipines-housing-market (portal scrape, 2024)"
990,2 Storey Ready for Occupancy Townhouse in NIA Tandang Sora Quezon City Last Unit,"Tandang Sora, Quezon City, National Capital Region, Philippines Tandang Sora, Quezon City",Quezon City,8200000,3,2,112.0,60.0,14.68176,121.043656,first,"Kaggle klekzee/phillipines-housing-market (portal scrape, 2024)"
991,"3 Bedroom Single Detach House for Sale in Merville, Parañaque City","Merville, Paranaque",Paranaque,24000000,3,2,250.0,348.0,14.501909,121.026668,first,"Kaggle klekzee/phillipines-housing-market (portal scrape, 2024)"
992,"6 Bedroom House for Sale with Pool in Terrazas De Punta Fuego, Nasugbu, Batangas","Natipuan, Nasugbu",Nasugbu,35000000,6,6,434.0,405.0,14.120002,120.623908,first,"Kaggle klekzee/phillipines-housing-market (portal scrape, 2024)"
993,Dagupan City 3BR Customized & Modern Design House and Lot Package,"Bonuan Boquig, Dagupan",Dagupan,4920000,3,2,80.0,180.0,16.077498,120.358025,first,"Kaggle klekzee/phillipines-housing-market (portal scrape, 2024)"
994,"House and lot for Sale in Greenwoods Executive Village, Pasig City","Pinagbuhatan, Pasig",Pasig,30000000,6,5,500.0,204.0,14.557409,121.090966,first,"Kaggle klekzee/phillipines-housing-market (portal scrape, 2024)"
995,For Sale Ready For Occupancy (RFO) House and Lot at Beverly Hills at Lipa City,"Kayumanggi, Lipa",Lipa,4059035,3,2,102.0,129.0,13.923144,121.159383,first,"Kaggle klekzee/phillipines-housing-market (portal scrape, 2024)"
996,Pre-Owned Stylish 3 Storey Home with Swimming Pool for Sale in Muntinlupa City,"Tunasan, Muntinlupa",Muntinlupa,63500000,7,7,700.0,460.0,14.380113,121.051483,first,"Kaggle klekzee/phillipines-housing-market (portal scrape, 2024)"
997,"Single Detached House and Lot with Garden in Sun Valley Estates, Antipolo City","Bagong Nayon, Antipolo",Antipolo,18000000,4,3,204.0,254.0,14.626188,121.168501,first,"Kaggle klekzee/phillipines-housing-market (portal scrape, 2024)"
998,Modern 5 Bedroom Bungalow House and Lot with Big Garden and Pool at Antipolo,"Mambugan, Antipolo",Antipolo,25000000,5,5,300.0,610.0,14.618824,121.140367,first,"Kaggle klekzee/phillipines-housing-market (portal scrape, 2024)"
999,"For Sale: Brand New House and Lot with Best View in Ayala Heights, Quezon City","Matandang Balara, Quezon City",Quezon City,168000000,5,5,820.0,480.0,14.67168,121.074534,first,"Kaggle klekzee/phillipines-housing-market (portal scrape, 2024)"
1000,"Semi-Furnished 2 Storey House and Lot for sale at Woodridge Park, Davao City","Woodridge Park Subd., Ma-A, Davao City Ma-A, Davao",Davao,20000000,3,3,160.0,169.0,7.098967,125.581842,first,"Kaggle klekzee/phillipines-housing-market (portal scrape, 2024)"
1001,"Brand New 3BR Townhouse for Sale in Cresta Verde, Quezon City, Philhomes","Cresta Verde Ave, Quezon City, Philippines Santa Monica, Quezon City",Quezon City,5400000,3,2,70.0,67.5,14.71942,121.047508,first,"Kaggle klekzee/phillipines-housing-market (portal scrape, 2024)"
1002,"2 Duplex Unit Sale in Brgy. Merville, Parañaque City with Rental Income","Merville, Paranaque",Paranaque,20000000,6,4,260.0,150.0,14.501909,121.026668,first,"Kaggle klekzee/phillipines-housing-market (portal scrape, 2024)"
1003,Timeless-Designed Single Detached House and Lot at Don Antonio Heights,"Holy Spirit, Quezon City",Quezon City,10500000,3,2,180.0,176.0,14.683863,121.076103,first,"Kaggle klekzee/phillipines-housing-market (portal scrape, 2024)"
1004,"House For Sale (RFO) Antonina Expanded - Valley Verde Villas, Lipa City Batangas","Mabini, Lipa",Lipa,4500000,3,2,80.0,80.0,13.896812,121.149163,first,"Kaggle klekzee/phillipines-housing-market (portal scrape, 2024)"
1005,5 Bedroom House in Talisay (Valencia 16),"Lawaan Ii, Talisay",Talisay,16000000,5,4,400.0,180.0,10.253557,123.832139,first,"Kaggle klekzee/phillipines-housing-market (portal scrape, 2024)"
1006,For Sale Luxury House in Jardine de Busay w/ Pool in Cebu City,"Busay, Cebu",Cebu,120000000,5,9,1500.0,1458.0,9.917291,123.429455,first,"Kaggle klekzee/phillipines-housing-market (portal scrape, 2024)"
1007,FOR SALE PRE-SELLING TRIPLEX HOUSE AND LOT IN LAS PIÑAS CITY NEAR AT SM SOUTHMAL,"Pilar, Las Pinas",Las Pinas,8600000,3,3,130.0,80.0,14.425263,121.005866,first,"Kaggle klekzee/phillipines-housing-market (portal scrape, 2024)"
1008,4 Bedroom House & Lot w/ Treated Bamboo Guest House in Negros Oriental for Sale,"Liptong, Bacong",Bacong,12000000,4,3,300.0,3267.0,9.261889,123.245437,first,"Kaggle klekzee/phillipines-housing-market (portal scrape, 2024)"
1009,"2-Storey House For Sale in Hillsborough Alabang, Muntinlupa City","Buckingham, 1771 Muntinlupa, Philippines Cupang, Muntinlupa",Muntinlupa,43000000,4,5,400.0,380.0,14.439902,121.037381,first,"Kaggle klekzee/phillipines-housing-market (portal scrape, 2024)"
1010,"For Sale! Enchanting 3 Storey Triplex House in Sihanouk Village, Las Piñas City","Talon Kuatro, Las Pinas",Las Pinas,,4,4,167.0,68.0,14.441145,120.998938,first,"Kaggle klekzee/phillipines-housing-market (portal scrape, 2024)"
1011,"Townhouse For Sale at Riverside Residences, Santa Lucia, Pasig City","Santa Lucia, Pasig",Pasig,8530000,3,3,133.0,90.0,14.584264,121.101303,first,"Kaggle klekzee/phillipines-housing-market (portal scrape, 2024)"
1012,"For Sale 3BR House at McKinley Hill Village near McKinley West, Taguig City","Mckinley Hill Dr, 1634 Taguig City, Philippines Pinagsama, Taguig",Taguig,112000000,3,4,420.0,198.0,14.534662,121.051966,first,"Kaggle klekzee/phillipines-housing-market (portal scrape, 2024)"
1013,Hillsborough Alabang 2 Storey House For Sale in Muntinlupa near Alabang West,"Buckingham, 1771 Muntinlupa, Philippines Cupang, Muntinlupa",Muntinlupa,43000000,4,5,380.0,400.0,14.439902,121.037381,first,"Kaggle klekzee/phillipines-housing-market (portal scrape, 2024)"
1014,"Prime Elevated House & Lot with 5 Bedrooms in White Plains, Quezon City for Sale","White Plains, Quezon City",Quezon City,153600000,5,4,,768.0,14.603275,121.071303,first,"Kaggle klekzee/phillipines-housing-market (portal scrape, 2024)"
1015,"For Sale: 5 Bedroom House & Lot in BF Resort Village, Las Piñas City","Almanza Uno, Las Pinas",Las Pinas,16500000,5,5,300.0,194.0,14.424732,121.014573,first,"Kaggle klekzee/phillipines-housing-market (portal scrape, 2024)"
1016,"House w/ Swimming Pool for Sale in Inner Circle, Las Piñas City","Almanza Uno, Las Pinas",Las Pinas,73900000,8,5,548.0,662.0,14.424732,121.014573,first,"Kaggle klekzee/phillipines-housing-market (portal scrape, 2024)"
1017,"Magnificent 5BR House in Ayala Alabang Village, Muntinlupa for Sale","Ayala Alabang, Muntinlupa",Muntinlupa,420000000,5,6,1600.0,868.0,14.42261,121.026941,first,"Kaggle klekzee/phillipines-housing-market (portal scrape, 2024)"
1018,"Ready to Occupy| Smart Home |2 Storey House and Lot for sale in Woodridge Park Subd., Davao","Woodridge Park Ma-A, Davao",Davao,20000000,4,3,180.0,180.0,7.100911,125.587471,first,"Kaggle klekzee/phillipines-housing-market (portal scrape, 2024)"
1019,For Sale: Brand New Spacious Duplex with Elevator near BGC,"Western Bicutan, Taguig",Taguig,,4,5,410.0,200.0,14.509527,121.038024,first,"Kaggle klekzee/phillipines-housing-market (portal scrape, 2024)"
1020,Brand New 120sqm Duplex Unit in Betterliving Parañaque,"Don Bosco, Paranaque",Paranaque,14000000,4,3,200.0,120.0,14.48433,121.031421,first,"Kaggle klekzee/phillipines-housing-market (portal scrape, 2024)"
1021,"Ready to Occupy| Smart Home |2 Storey House and Lot for sale in Woodridge Park Subd., Davao","Woodridge Park Ma-A, Davao",Davao,20000000,4,3,180.0,180.0,7.100911,125.587471,repeat,"Kaggle klekzee/phillipines-housing-market (portal scrape, 2024)"
1022,"Warm Modern Townhouse for sale in Sikatuna Village, Quezon City -Keziah","Sikatuna Village, Quezon City",Quezon City,16500000,2,3,170.0,100.0,14.638335,121.059524,first,"Kaggle klekzee/phillipines-housing-market (portal scrape, 2024)"
1023,Serene and Private Townhouse for Sale in Quezon City,"Teachers Village East, Quezon City",Quezon City,23000000,3,4,152.0,53.0,14.644231,121.059698,first,"Kaggle klekzee/phillipines-housing-market (portal scrape, 2024)"
1024,Newly Built With Modern Design House In BF Resort Village Las Pinas City,"Talon Dos Bf Resort Talon Dos, Las Pinas",Las Pinas,14300000,4,3,186.0,110.0,14.433089,120.984705,first,"Kaggle klekzee/phillipines-housing-market (portal scrape, 2024)"
1025,"For Sale 2 Bedroom House (Jane) Unit in Florida Villas, Longos, Malolos,Bulacan","Macarthur Hwy Longos, Malolos",Malolos,4000000,2,2,80.0,88.0,14.867308,120.802959,first,"Kaggle klekzee/phillipines-housing-market (portal scrape, 2024)"
1026,"House and Lot For Sale, Bungalow Type, 3 Bedrooms, 120Sqm","Bitas, Cabanatuan",Cabanatuan,,3,2,70.0,120.0,15.496949,120.977869,first,"Kaggle klekzee/phillipines-housing-market (portal scrape, 2024)"
1027,4BR House with Swimming Pool - Overlooking ! (Julienne 18),"Lagtang, Talisay",Talisay,18000000,4,3,240.0,334.0,10.266949,123.833517,first,"Kaggle klekzee/phillipines-housing-market (portal scrape, 2024)"
1028,"House and Lot for Sale at South Forbes Mansions, Silang, Cavite","Inchican, Silang",Silang,55000000,4,6,400.0,530.0,14.251055,121.052737,first,"Kaggle klekzee/phillipines-housing-market (portal scrape, 2024)"
1029,Ready for Occupancy Modern Townhouse,"Bucao St., Nia Village Tandang Sora , Quezon City Tandang Sora, Quezon City",Quezon City,9800000,3,3,119.0,64.0,14.690985,121.046496,first,"Kaggle klekzee/phillipines-housing-market (portal scrape, 2024)"
1030,House And Lot For Sale In Dumaguete City,"Bagacay, Dumaguete City, Central Visayas, Philippines Bagacay, Dumaguete",Dumaguete,11000000,4,4,90.0,526.0,9.301489,123.292931,first,"Kaggle klekzee/phillipines-housing-market (portal scrape, 2024)"
1031,House and Lot with 3 Bedrooms for Sale at Merville Park in Parañaque City,"Merville, Paranaque",Paranaque,30000000,3,2,212.0,377.0,14.501909,121.026668,first,"Kaggle klekzee/phillipines-housing-market (portal scrape, 2024)"
1032,"Ayala Alabang House for Sale on Madrigal Avenue, old house with a pool","Ayala Alabang, Muntinlupa",Muntinlupa,199000000,5,5,600.0,625.0,14.42261,121.026941,first,"Kaggle klekzee/phillipines-housing-market (portal scrape, 2024)"
1033,4BR Near the Beach Customized & Modern Design House and Lot Package in Dagupan,"Bonuan Boquig, Dagupan",Dagupan,6750000,4,2,100.0,275.0,16.077498,120.358025,first,"Kaggle klekzee/phillipines-housing-market (portal scrape, 2024)"
1034,"3 Storey High-End House and Lot located in New Manila, Quezon City For Sale","New Manila, Quezon City",Quezon City,90000000,5,5,489.2,198.0,14.613414,121.029142,first,"Kaggle klekzee/phillipines-housing-market (portal scrape, 2024)"
1035,"Greenmeadows Subdivision, Quezon City, 4 Bedrooms House & Lot for Sale","Greenmeadows Subdivision, Ugong Norte, Murphy, Quezon City, 1110 Ugong Norte, Quezon City",Quezon City,180000000,4,4,358.3,866.3,14.598259,121.075084,first,"Kaggle klekzee/phillipines-housing-market (portal scrape, 2024)"
1036,Monte Vista Subdivision House and Lot for Sale w/ 4 Car Garage in Markina City,"Monte Vista Subdivision, 1802 Marikina, Philippines Industrial Valley, Marikina",Marikina,,6,7,606.3,450.0,14.628461,121.0772,first,"Kaggle klekzee/phillipines-housing-market (portal scrape, 2024)"
1037,"New in the market ! For Sale Luntala Townhouse in Valle Verde 7, Pasig","Ugong, Pasig",Pasig,55000000,4,3,208.0,,14.584131,121.073246,first,"Kaggle klekzee/phillipines-housing-market (portal scrape, 2024)"
1038,3 Storey Brand New House For Sale in Cinco Hermanos - Marikina,"Industrial Valley, Marikina",Marikina,32000000,3,3,300.0,300.0,14.627104,121.080003,first,"Kaggle klekzee/phillipines-housing-market (portal scrape, 2024)"
1039,"Taguig Mckinley Hill Village 3-BR House For Sale, Well Maintained","Mckinley Hill Dr, 1634 Taguig City, Philippines Pinagsama, Taguig",Taguig,112000000,3,4,420.0,198.0,14.534662,121.051966,first,"Kaggle klekzee/phillipines-housing-market (portal scrape, 2024)"
1040,"House and Lot for Sale in Valle Verde 4, Pasig City, Metro Manila","Valle Verde 4, Pasig",Pasig,250000000,7,7,800.0,911.0,14.585878,121.069276,first,"Kaggle klekzee/phillipines-housing-market (portal scrape, 2024)"
1041,Newly Renovated and Modern Classic Design House and Lot For Sale in Mandaluyong,"San Jose, Mandaluyong",Mandaluyong,87000000,4,3,640.0,432.0,14.581119,121.029575,first,"Kaggle klekzee/phillipines-housing-market (portal scrape, 2024)"
1042,Parkwood Greens Executive Village Pasig Nice Victorian House & Lot For Sale,"Suarez Ave, Pasig, Philippines Maybunga, Pasig",Pasig,75000000,5,5,581.0,653.0,14.581684,121.085454,first,"Kaggle klekzee/phillipines-housing-market (portal scrape, 2024)"
1043,For Sale Well-Built Home on a Corner Lot at an Exclusive Subdivision in Iloilo,"Bito-On, Iloilo",Iloilo,14000000,3,3,216.0,260.0,11.461403,123.208654,first,"Kaggle klekzee/phillipines-housing-market (portal scrape, 2024)"
1044,For Sale- 3 Storey Residential House & Lot at The Orchard Golf and Country Club,"Salitran Iv, Dasmarinas",Dasmarinas,30000000,6,8,650.0,300.0,14.343603,120.938254,first,"Kaggle klekzee/phillipines-housing-market (portal scrape, 2024)"
1045,"5-Bedroom House and Lot For Sale in Angeles City, Pampanga near Clark","Cuayan, Angeles",Angeles,23800000,5,7,342.0,208.0,15.149137,120.545812,first,"Kaggle klekzee/phillipines-housing-market (portal scrape, 2024)"
1046,2 Bedroom House and Lot for Sale at Casa Segovia in Bulacan (Duplex 44.50 sqm),"Hinukay, Baliuag",Baliuag,1668179,2,1,44.5,,15.009299,120.883355,first,"Kaggle klekzee/phillipines-housing-market (portal scrape, 2024)"
1047,"Stunning Ultra Modern House and Lot for Sale in Multinational Village, Parañaque","Moonwalk, Paranaque",Paranaque,150000000,6,6,800.0,450.0,14.491858,121.014671,first,"Kaggle klekzee/phillipines-housing-market (portal scrape, 2024)"
1048,"Brand New 4-Bedroom House for Sale in Angeles, Pampanga Near MQ Mall and NLEX","Angeles, Pampanga Near Mq Mall And Nlex, Pampanga, Philippines Angeles",Philippines Angeles,11500000,4,3,190.0,120.0,15.028151,120.692006,first,"Kaggle klekzee/phillipines-housing-market (portal scrape, 2024)"
1049,"4 Bedrooms House and Lot for Sale in Citta Italia, Bacoor Cavite","Buhay Na Tubig, Imus",Imus,22500000,4,3,300.0,152.0,14.406971,120.956507,first,"Kaggle klekzee/phillipines-housing-market (portal scrape, 2024)"
1050,Ready for occupancy RFO single detached house and lot dasmarinas near la salle,"Salitran Iii, Dasmarinas",Dasmarinas,10980000,4,3,129.0,144.0,14.343762,120.945253,first,"Kaggle klekzee/phillipines-housing-market (portal scrape, 2024)"
1051,"5-Bedroom House and Lot For Sale in Angeles City, Pampanga near Clark","Cuayan, Angeles",Angeles,23800000,5,7,342.0,208.0,15.149137,120.545812,repeat,"Kaggle klekzee/phillipines-housing-market (portal scrape, 2024)"
1052,"Stunning Ultra Modern House and Lot for Sale in Multinational Village, Parañaque","Moonwalk, Paranaque",Paranaque,150000000,6,6,800.0,450.0,14.491858,121.014671,repeat,"Kaggle klekzee/phillipines-housing-market (portal scrape, 2024)"
1053,"New Built 2 Storey Brand New House for Sale in South Point, Cabuyao Laguna","South Point, Cabuyao Laguna Diezmo, Cabuyao",Cabuyao,12500000,4,4,200.0,216.0,14.242681,121.113787,first,"Kaggle klekzee/phillipines-housing-market (portal scrape, 2024)"
1054,7 BR House Richgate Square Camp 7 Baguio City,"Camp 7, Baguio",Baguio,25000000,7,4,250.0,500.0,16.382395,120.602035,first,"Kaggle klekzee/phillipines-housing-market (portal scrape, 2024)"
1055,"House and Lot For Sale in Sulodpan, Bacong, Negros Oriental.","Bacong, Central Visayas, Philippines Sulodpan, Bacong",Bacong,11000000,4,3,200.0,1000.0,9.26667,123.284423,first,"Kaggle klekzee/phillipines-housing-market (portal scrape, 2024)"
1056,4 Bedroom House and Lot For Sale in Blue Ridge Quezon City with Pool,"Blue Ridge A, Quezon City",Quezon City,95000000,4,4,400.0,412.0,14.619062,121.073121,first,"Kaggle klekzee/phillipines-housing-market (portal scrape, 2024)"
1057,"House and Lot for sale at Acropolis at Golden Horizon in Trece Martires, Cavite (Sofia)","Perez Rd Perez, Trece Martires",Trece Martires,6864091,4,3,110.0,211.2,14.287142,120.896059,first,"Kaggle klekzee/phillipines-housing-market (portal scrape, 2024)"
1058,DASMARINAS VILLAGE 5 BEDROOM HOUSE FOR SALE,"Dasmarinas, Makati",Makati,450000000,5,5,600.0,630.0,14.540143,121.026976,first,"Kaggle klekzee/phillipines-housing-market (portal scrape, 2024)"
1059,North Olympus Subdivision Novaliches,Caloocan,Caloocan,3500000,2,2,,,14.651348,120.9724,first,"Kaggle klekzee/phillipines-housing-market (portal scrape, 2024)"
1060,Ayala Alabang Village Brand New 5BR House And Lot For Sale,Muntinlupa,Muntinlupa,420000000,5,5,1172.0,762.0,14.389263,121.04491,first,"Kaggle klekzee/phillipines-housing-market (portal scrape, 2024)"
1061,"Two Storey House for Sale in Ayala Alabang Village, Muntinlupa City","Ayala Alabang, Muntinlupa",Muntinlupa,188000000,7,7,800.0,688.0,14.42261,121.026941,first,"Kaggle klekzee/phillipines-housing-market (portal scrape, 2024)"
1062,"For Sale: 3 Bedroom House and Lot in Gruet Heights, San Juan","Maytunas, San Juan",San Juan,37380000,3,3,254.0,77.7,14.594282,121.031553,first,"Kaggle klekzee/phillipines-housing-market (portal scrape, 2024)"
1063,"For Sale: 3 Bedroom House and Lot in Katarungan Village, Muntinlupa","Poblacion, Muntinlupa",Muntinlupa,10000000,3,4,314.0,157.0,14.389145,121.04498,first,"Kaggle klekzee/phillipines-housing-market (portal scrape, 2024)"
1064,"Rush Sale 6 -Bedroom Bungalow House and Lot near SM Lanang, Davao City","Sasa, Davao",Davao,12000000,6,5,260.0,300.0,7.124803,125.661226,first,"Kaggle klekzee/phillipines-housing-market (portal scrape, 2024)"
1065,"Fully Furnished 4 Bedroom House and Lot For Sale in Mandurriao, Iloilo City","Mandurriao, Iloilo",Iloilo,4800000,4,2,150.0,172.0,10.717891,122.536854,first,"Kaggle klekzee/phillipines-housing-market (portal scrape, 2024)"
1066,Cheap House and Lot for Sale in Dumaguete,"Mangnao-Canal, Dumaguete",Dumaguete,1800000,2,1,60.0,80.0,9.293173,123.29896,first,"Kaggle klekzee/phillipines-housing-market (portal scrape, 2024)"
1067,For Sale 3 Bedroom Single Attached House in Calamba Laguna. No Move-in Fee,"Majada Labas, Calamba",Calamba,2710000,3,1,45.0,63.0,14.194316,121.105675,first,"Kaggle klekzee/phillipines-housing-market (portal scrape, 2024)"
1068,"San Rafael, Tarlac City, Foreclosed House and Lot - 10108000000356","Lot 153 Block 3, Road Lot 1, Filomena Subdivision San Rafael, Tarlac",Tarlac,1140000,1,1,60.0,200.0,15.44995,120.599163,first,"Kaggle klekzee/phillipines-housing-market (portal scrape, 2024)"
1069,2-Bedrooms House & Lot in Koronadal City( Payment mode: Installment-Spotcash),"Robredo Street Carpenter Hill, Koronadal",Koronadal,3543147,2,1,40.0,88.0,6.433304,124.878687,first,"Kaggle klekzee/phillipines-housing-market (portal scrape, 2024)"
1070,"Bright and Airy 2-Storey House for Sale in Mission Hills Havila, Antipolo, Rizal","Dalig, Antipolo",Antipolo,17000000,4,3,308.0,250.0,14.573045,121.186472,first,"Kaggle klekzee/phillipines-housing-market (portal scrape, 2024)"
1071,"3-Bedroom House and Lot for Sale in Kaylaway, Nasugbu, Batangas (Charles 70)","Phirst Editions, Kaylaway, Nasugbu, Batangas, Philippines Kaylaway, Nasugbu",Nasugbu,5451654,3,2,99.0,70.0,14.076704,120.840569,first,"Kaggle klekzee/phillipines-housing-market (portal scrape, 2024)"
1072,"L-R-1-844- Acquired Property for Sale in No. 108 (Lot 892), Bonifacio Street, Brgy. Sto. Niño, Lumban, Laguna","Santo Nino, Lumban",Lumban,2500000,,,180.0,73.0,8.089212,123.720088,first,"Kaggle klekzee/phillipines-housing-market (portal scrape, 2024)"
1073,"4 Bedrooms house and Lot for Sale at Bingag,Panglao Island, Bohol","Bingag, Dauis",Dauis,3500000,4,2,94.0,300.0,9.620669,123.805373,first,"Kaggle klekzee/phillipines-housing-market (portal scrape, 2024)"
1074,Stunning 2 Storey House and Lot with 345 square meters in Davao City for Sale,"Catalunan Grande, Davao",Davao,16000000,5,5,220.0,345.0,7.080164,125.543794,first,"Kaggle klekzee/phillipines-housing-market (portal scrape, 2024)"
1075,"3-Storey House and Lot with 6 Bedrooms for Sale at Metrogate Dasmariñas, Cavite","San Agustin I, Dasmarinas",Dasmarinas,6300000,6,4,263.0,120.0,14.31326,120.946669,first,"Kaggle klekzee/phillipines-housing-market (portal scrape, 2024)"
1076,For Sale Townhouse/ Duplex New Built in Vista Verde Cainta,"Alicante St. Visa Verde Executive Village , Cainta San Isidro, Cainta",Cainta,9500000,4,3,185.0,110.0,14.613655,121.112737,first,"Kaggle klekzee/phillipines-housing-market (portal scrape, 2024)"
1077,"For Sale 2-Storey 3 Bedroom Single-family House with Garage, Porch, Makati","237 Apitong Street Comembo, Makati",Makati,18000000,3,2,157.4,122.8,14.550363,121.062031,first,"Kaggle klekzee/phillipines-housing-market (portal scrape, 2024)"
1078,"N-R-1-81:  Acquired Property  for Sale in Lot 53, Block 11, Camella Homes Subdivision, Phase II / Expansion, Brgy. San Isidro, General Santos City, South Cotabato","San Isidro, General Santos City",General Santos City,2456000,,,70.0,88.0,6.143747,125.179168,first,"Kaggle klekzee/phillipines-housing-market (portal scrape, 2024)"
1079,"4 bedrooms House & Lot for Sale 45 minutes to airport,BGC and Makati","The Mango Grove, Santo Tomas Batangas Barangay Iv, Santo Tomas",Santo Tomas,3752000,4,3,109.3,100.0,14.101217,121.139042,first,"Kaggle klekzee/phillipines-housing-market (portal scrape, 2024)"
1080,Ultramodern Luxury Home in Ayala Alabang village Muntinlupa nr Daang hari rd,"Ayala Alabang, Muntinlupa",Muntinlupa,460000000,7,7,1500.0,900.0,14.42261,121.026941,first,"Kaggle klekzee/phillipines-housing-market (portal scrape, 2024)"
1081,Breathtaking Brand New Modern Asian House and Lot For Sale in Casa Milan QC,"Novaliches, Quezon City",Quezon City,45000000,5,5,400.0,300.0,14.72094,121.038922,first,"Kaggle klekzee/phillipines-housing-market (portal scrape, 2024)"
1082,5BR Luxury Haven with overlooking views for Sale in Tivoli Royale QC,"Batasan Hills, Quezon City",Quezon City,115000000,5,6,655.0,300.0,14.686258,121.099335,first,"Kaggle klekzee/phillipines-housing-market (portal scrape, 2024)"
1083,"Brand New Aira 3 Bedrooms, 2 Toilets & Bath For Sale in General Trias, Cavite","Alapan Ii-B, Imus",Imus,5569300,3,2,80.0,106.0,14.400794,120.907707,first,"Kaggle klekzee/phillipines-housing-market (portal scrape, 2024)"
1084,For Sale: Beautiful Brand New 2 Storey House in BF Resort Village Las Piñas City,"Talon Uno, Las Pinas",Las Pinas,26000000,4,4,315.0,204.0,14.44789,120.985398,first,"Kaggle klekzee/phillipines-housing-market (portal scrape, 2024)"
1085,3 Bedroom House and Lot for sale at Victoria South of Alabang (Samantha),"Tunasan, Muntinlupa",Muntinlupa,16884800,3,2,195.0,240.0,14.380113,121.051483,first,"Kaggle klekzee/phillipines-housing-market (portal scrape, 2024)"
1086,"For Sale: Opal Model House at Amonsagana Health & Wellness, Balamban City, Cebu","Pondol, Balamban",Balamban,16800000,3,2,272.0,471.0,10.489358,123.712234,first,"Kaggle klekzee/phillipines-housing-market (portal scrape, 2024)"
1087,"L-R-1-472- Acquired Property for Sale in Lot 3797-D, Brgy. Magtaquing / Paitan, San Carlos City, Pangasinan - Retail","Paitan-Panoypoy, San Carlos",San Carlos,10400000,,,417.0,2467.0,15.915975,120.347797,first,"Kaggle klekzee/phillipines-housing-market (portal scrape, 2024)"
1088,"L-R-1-693- Acquired Property for Sale in Lot 1, Block 1, Via Romania St., Roma - Citta Italia, Brgy. Molino, Bacoor City, Cavite - Retail","Molino Iii, Bacoor",Bacoor,11058400,,,327.0,239.0,14.398172,120.978222,first,"Kaggle klekzee/phillipines-housing-market (portal scrape, 2024)"
1089,"3 Bedroom House and Lot for Sale at Grand Royale in Malolos, Bulacan (Louisa)","Bulihan, Malolos",Malolos,4383680,3,2,67.0,96.0,14.861428,120.80675,first,"Kaggle klekzee/phillipines-housing-market (portal scrape, 2024)"
1090,Kamuning 2 Car Garage Townhouse Spacious Bedrooms Plus Roofdeck SD,"Kamuning, Quezon City, National Capital Region, Philippines Kamuning, Quezon City",Quezon City,16500000,3,4,260.0,80.0,14.627692,121.039896,first,"Kaggle klekzee/phillipines-housing-market (portal scrape, 2024)"
1091,"Stylish overlooking home with pool inside Loyola Grand Villas, Quezon City","Matandang Balara, Quezon City",Quezon City,148000000,5,5,800.0,1000.0,14.67168,121.074534,first,"Kaggle klekzee/phillipines-housing-market (portal scrape, 2024)"
1092,house and lot for sale id 14869,"Isugan, Bacong, Central Visayas, Philippines Isugan, Bacong",Bacong,5000000,3,2,110.0,270.0,9.264903,123.272633,first,"Kaggle klekzee/phillipines-housing-market (portal scrape, 2024)"
1093,4 Bedroom House & Lot for Sale 30mins from Alabang - The Mango Grove Santo Tomas,"The Mango Grove, Brgy San Roque, Sto Tomas Batangas Barangay Iv, Santo Tomas",Santo Tomas,4356000,4,3,109.3,150.0,14.101217,121.139042,first,"Kaggle klekzee/phillipines-housing-market (portal scrape, 2024)"
1094,"L-R-1-561- Acquired Property for Sale in Lot 1153-B (Psd-294712), Soriano Street, Brgy. Mulawin, Pagsanjan, Laguna - Retail","Maulawin, Pagsanjan",Pagsanjan,3399300,,,246.2,403.0,14.269932,121.452811,first,"Kaggle klekzee/phillipines-housing-market (portal scrape, 2024)"
1095,"5 Bedrooms House and Lot for Sale in Praverde, Dasmariñas, Cavite","Praverde Paliparan I, Dasmarinas",Dasmarinas,14986000,5,3,166.0,169.0,14.283462,120.99071,first,"Kaggle klekzee/phillipines-housing-market (portal scrape, 2024)"
1096,"L-TH-1-261: Acquired Property Townhouse for Sale in Lot 7, Block 37, Lychee St., Cedar Residences, Carmona Estates, Phase 4, Brgy. Lantic, Carmona, Cavite","Lantic, Carmona",Carmona,1292000,1,,40.0,40.0,14.298343,121.049342,first,"Kaggle klekzee/phillipines-housing-market (portal scrape, 2024)"
1097,"Brand New 4 BR House for Sale in BF Homes Property, Parañaque","B.F. International Village, Las Pinas",Las Pinas,18300000,4,3,255.0,203.0,14.448373,121.009817,first,"Kaggle klekzee/phillipines-housing-market (portal scrape, 2024)"
1098,2 Bedrooms Single House with Parking Space For Sale in Wellford Homes Malolos,"Longos, Malolos",Malolos,3969280,2,2,74.0,89.0,14.87426,120.791534,first,"Kaggle klekzee/phillipines-housing-market (portal scrape, 2024)"
1099,House & Lot - Meycauayan Bulacan,"Bahay Pare, Meycauayan",Meycauayan,3500000,4,2,80.0,80.0,14.768102,121.012844,first,"Kaggle klekzee/phillipines-housing-market (portal scrape, 2024)"
1100,Mckinley Hill Village Taguig Brand-new House & Lot for sale,"Mckinley Hill, Taguig",Taguig,140000000,5,6,513.0,189.0,14.533049,121.052429,first,"Kaggle klekzee/phillipines-housing-market (portal scrape, 2024)"
1101,"Single detach house in Foggy Heights Village, Tagaytay","San Jose, Tagaytay",Tagaytay,8500000,4,3,180.0,110.0,14.121324,120.968208,first,"Kaggle klekzee/phillipines-housing-market (portal scrape, 2024)"
1102,"2 Bedroom 2 Storey Townhouse in Greenwoods Estate, Paombong, Bulacan","Kapitangan, Paombong",Paombong,1914154,2,1,38.0,36.0,14.864711,120.788091,first,"Kaggle klekzee/phillipines-housing-market (portal scrape, 2024)"
1103,"House & Lot for Sale in Bentley Park Subdivision Marcos Highway, Antipolo, Rizal","Santa Cruz, Antipolo",Antipolo,14600000,4,3,300.0,215.0,14.616057,121.169788,first,"Kaggle klekzee/phillipines-housing-market (portal scrape, 2024)"
1104,2 Bedroom Townhouse for Sale in Cyberville General Trias-Cyber Zoe Dup,"Brgy. Santiago, Gen. Trias, Cavite Santiago, General Trias",General Trias,1800940,2,,52.6,80.0,14.337867,120.908401,first,"Kaggle klekzee/phillipines-housing-market (portal scrape, 2024)"
1105,Bria San Pablo 08/23 Update | 2 Bedrooms Townhouse with Free Fence for sale,"San Gregorio, San Pablo",San Pablo,2100000,2,1,44.0,36.0,14.049493,121.328926,first,"Kaggle klekzee/phillipines-housing-market (portal scrape, 2024)"
1106,For sale House and Lot with 4 bedrooms Pre-Selling in San Jose del Monte,"Sapang Palay, San Jose Del Monte",San Jose Del Monte,10674000,5,3,166.0,143.0,14.84692,121.042527,first,"Kaggle klekzee/phillipines-housing-market (portal scrape, 2024)"
1107,Rush Sale! P16.5M NET Xavierville 1 Old House L.A.161 sqm,"Loyola Heights, Quezon City",Quezon City,16500000,4,3,260.0,161.0,14.64109,121.073778,first,"Kaggle klekzee/phillipines-housing-market (portal scrape, 2024)"
1108,"For Sale: 4-Bedroom House and Lot with Gazebo in Corinthian Gardens, Quezon City","Ugong Norte, Quezon City",Quezon City,360000000,4,4,750.0,600.0,14.597737,121.070475,first,"Kaggle klekzee/phillipines-housing-market (portal scrape, 2024)"
1109,House & Lot for Sale in Marikina City,"Concepcion Dos, Marikina",Marikina,12000000,3,2,,240.0,14.640589,121.120818,first,"Kaggle klekzee/phillipines-housing-market (portal scrape, 2024)"
1110,"Barandal, Calamba City, Foreclosed Residential – House and Lot -10001000011957","Lot 13 Blk 4, Road Lot 12, Carmel Village Phase 2 Barandal, Calamba",Calamba,1340000,1,1,48.0,80.0,14.188264,121.12794,first,"Kaggle klekzee/phillipines-housing-market (portal scrape, 2024)"
1111,"Single Bungalow Resthouse for Sale in Hermosa, Bataan","Brgy. Mabiga, Hermosa, Bataan Mabiga, Hermosa",Hermosa,28000000,3,3,500.0,7624.0,14.817594,120.390179,first,"Kaggle klekzee/phillipines-housing-market (portal scrape, 2024)"
1112,House For Sale in Loyola Grand Villas Quezon City,"Matandang Balara, Quezon City",Quezon City,190000000,5,7,1200.0,900.0,14.67168,121.074534,first,"Kaggle klekzee/phillipines-housing-market (portal scrape, 2024)"
1113,Idesia Lipa 01/24 Update | 2 Bedrooms Single Attached House and Lot For Sale,"Inosloban, Lipa",Lipa,5026399,2,1,52.3,80.0,13.975828,121.169215,first,"Kaggle klekzee/phillipines-housing-market (portal scrape, 2024)"
1114,"House for Sale in JBC Green Acre Homes Subdivision, Mangaldan, Pangasinan","Jbc Green Acre Homes Subdivision Guiguilonen, Mangaldan",Mangaldan,7800000,5,4,153.0,210.0,16.071884,120.41119,first,"Kaggle klekzee/phillipines-housing-market (portal scrape, 2024)"
1115,zero dp house for sale in greenwoods executive village pasig,"Pinagbuhatan, Pasig",Pasig,7500000,4,4,180.0,60.0,14.557409,121.090966,first,"Kaggle klekzee/phillipines-housing-market (portal scrape, 2024)"
1116,5 Bedrooms Single Detached Complete House Sale Victoria Alabang Manila,"Tunasan, Muntinlupa",Muntinlupa,16884800,5,4,195.0,240.0,14.380113,121.051483,first,"Kaggle klekzee/phillipines-housing-market (portal scrape, 2024)"
1117,"For Sale 4BR House & Lot at Calatagan, Batangas 10 mins away Matabungkay Beach","Talisay, Calatagan",Calatagan,12000000,4,3,300.0,2500.0,13.90734,120.627555,first,"Kaggle klekzee/phillipines-housing-market (portal scrape, 2024)"
1118,La Vista Corner House for Sale in Quezon City,"Pansol, Quezon City",Quezon City,308000000,10,10,1000.0,2055.0,14.652798,121.081524,first,"Kaggle klekzee/phillipines-housing-market (portal scrape, 2024)"
1119,Elegant & Overlooking Diana House with 3 Bedrooms in Chateau de Paz Subdivision,"Totolan, Dauis",Dauis,8800000,3,3,99.8,153.0,9.635249,123.84874,first,"Kaggle klekzee/phillipines-housing-market (portal scrape, 2024)"
1120,"For sale House and Lot at Marina Baytown East, Brgy. Tambo, Parañaque City","Tambo, Paranaque",Paranaque,,6,6,647.5,680.0,14.517308,120.993381,first,"Kaggle klekzee/phillipines-housing-market (portal scrape, 2024)"
1121,"4 Bedroom House with Landscaped Garden for Sale for 7.5M, Angeles City",Angeles,Angeles,6800021,4,3,100.0,128.0,15.138935,120.587532,first,"Kaggle klekzee/phillipines-housing-market (portal scrape, 2024)"
1122,Brand New Beautiful House For Sale In Banawa Cebu City,"Banawa, Cebu",Cebu,11000000,4,3,90.0,120.0,10.312412,123.876716,first,"Kaggle klekzee/phillipines-housing-market (portal scrape, 2024)"
1123,For Sale Modern Design Three (3) Storey Duplex House and Lot in Las Piñas City,"Pilar, Las Pinas",Las Pinas,8200000,4,3,153.7,58.7,14.425263,121.005866,first,"Kaggle klekzee/phillipines-housing-market (portal scrape, 2024)"
1124,Brand New House 3 BED ROOMS in Antipolo City,"Cupang, Antipolo",Antipolo,9970700,3,3,167.0,120.0,14.636006,121.124048,first,"Kaggle klekzee/phillipines-housing-market (portal scrape, 2024)"
1125,"L-R-1-1136- Acquired Property  for Sale in Lot 168-B-5-B, Purok 7, Brgy. San Miguel / Poblacion, Majayjay, Laguna","San Miguel, Majayjay",Majayjay,2254920,,,160.7,109.0,14.144383,121.470951,first,"Kaggle klekzee/phillipines-housing-market (portal scrape, 2024)"
1126,"For Sale: Pre Owned Modern House in Pampanga near SM Telabastagan, San Fernando","Baliti, San Fernando",San Fernando,12000000,3,3,200.0,180.0,15.105583,120.624256,first,"Kaggle klekzee/phillipines-housing-market (portal scrape, 2024)"
1127,2 Storey Townhouse for Sale Near Cubao Q.C.,"84F Brgy Claro Aguho Street, Project 3, Quezon City Near Cubao Claro, Quezon City",Quezon City,6000000,5,2,120.0,60.7,14.631446,121.059255,first,"Kaggle klekzee/phillipines-housing-market (portal scrape, 2024)"
1128,"4 Bedroom, 3 Bathrooms House and Lot For Sale in Guadalupe, Cebu City","Guadalupe, Cebu",Cebu,17000000,4,3,380.0,242.0,9.734033,123.365637,first,"Kaggle klekzee/phillipines-housing-market (portal scrape, 2024)"
1129,"Rush Sale: 2-Storey House with Lap Pool in Talibeach Subd. Nasugbu, Batangas","Talibeach Balaytigui, Nasugbu",Nasugbu,60000000,3,4,,1500.0,14.124093,120.606386,first,"Kaggle klekzee/phillipines-housing-market (portal scrape, 2024)"
1130,"Big 4BR Mactan House 593 only 300 meters from the sea, for sale 19.5M","Maribago, Lapu-Lapu",Lapu-Lapu,19500000,4,4,300.0,554.0,10.285072,123.992972,first,"Kaggle klekzee/phillipines-housing-market (portal scrape, 2024)"
1131,Pre Owned 2 BR Townhouse For Sale in Paranaque City,Paranaque,Paranaque,3000000,2,1,104.0,52.0,14.500812,120.991533,first,"Kaggle klekzee/phillipines-housing-market (portal scrape, 2024)"
1132,4 Bedroom Single Attached Unit for sale at Sterling Residences One (Sicily),"Governor'S Dr Sabang, Naic",Naic,6488074,4,2,132.3,100.0,14.304817,120.805493,first,"Kaggle klekzee/phillipines-housing-market (portal scrape, 2024)"
1133,Brand New Modern House with Full Basement on a Corner Lot For Sale,"Alabang, Muntinlupa Ayala Alabang, Muntinlupa",Muntinlupa,420000000,5,5,1172.0,762.0,14.423614,121.029874,first,"Kaggle klekzee/phillipines-housing-market (portal scrape, 2024)"
1134,"For Sale Brand New Modern Design Two (2) Storey Duplex House and Lot, Las Piñas","Manuyo Dos, Las Pinas",Las Pinas,16500000,5,5,260.0,121.0,14.471096,120.99171,first,"Kaggle klekzee/phillipines-housing-market (portal scrape, 2024)"
1135,"For Sale House and Lot, Bungalow Type, 2 Bedrooms, 120Sqm","Bitas, Cabanatuan",Cabanatuan,,2,1,55.0,120.0,15.496949,120.977869,first,"Kaggle klekzee/phillipines-housing-market (portal scrape, 2024)"
1136,"250 sqm High Quality House for Sale in Lapu-Lapu City, Cebu - White Sands","Maribago, Lapu-Lapu City, Central Visayas, Philippines Maribago, Lapu-Lapu",Lapu-Lapu,15500000,3,2,340.0,250.0,10.293342,124.001226,first,"Kaggle klekzee/phillipines-housing-market (portal scrape, 2024)"
1137,"House and Lot For Sale, 2 Storey - Single Attached, 3 Bedrooms, 120sqm","Bitas, Cabanatuan",Cabanatuan,,3,2,82.0,120.0,15.496949,120.977869,first,"Kaggle klekzee/phillipines-housing-market (portal scrape, 2024)"
1138,4 Bedrooms Modern Contemporary House and Lot For Sale in Antipolo near puregold,"San Roque, Antipolo",Antipolo,12500000,4,3,180.0,120.0,14.523478,121.155499,first,"Kaggle klekzee/phillipines-housing-market (portal scrape, 2024)"
1139,For Sale Corner Bungalow House and Lot in BF Almanza Las Piñas,"Almanza Dos, Las Pinas",Las Pinas,17500000,4,4,200.0,263.0,14.423436,121.022342,first,"Kaggle klekzee/phillipines-housing-market (portal scrape, 2024)"
1140,5 Bedrooms Elegantly Finished 3 Storey Brand new townhouse in Pilar Village Las,"Dona. Pilar Aguirre Ave, 1750 Las Pinas, Philippines Pilar, Las Pinas",Las Pinas,8500000,5,4,160.0,80.0,14.429313,121.009786,first,"Kaggle klekzee/phillipines-housing-market (portal scrape, 2024)"
1141,For Sale Townhouse in Wellford Homes Malolos with Pagibig Financing.,"Longos, Malolos",Malolos,2074000,2,1,64.8,63.0,14.87426,120.791534,first,"Kaggle klekzee/phillipines-housing-market (portal scrape, 2024)"
1142,"4BR Gorgeous Modern Asian Home For Sale in Antipolo City, Rizal","Dela Paz, Antipolo",Antipolo,14000000,4,3,240.0,173.0,14.588667,121.173978,first,"Kaggle klekzee/phillipines-housing-market (portal scrape, 2024)"
1143,3 Bedroom House and Lot at Celestis 2 in Antipolo Rizal (Inner),"San Luis, Antipolo",Antipolo,5017800,3,2,61.0,70.0,14.604328,121.198142,first,"Kaggle klekzee/phillipines-housing-market (portal scrape, 2024)"
1144,Designer Dimensione Modern Industrial House and Lot For Sale in Ayala Alabang.,"Ayala Alabang, Muntinlupa",Muntinlupa,440000000,7,7,1232.0,816.0,14.42261,121.026941,first,"Kaggle klekzee/phillipines-housing-market (portal scrape, 2024)"
1145,Brand New 2 Storey Duplex House & Lot For Sale In Better Living Parañaque,"Along United Nation St. Betterliving Subdivision Don Bosco, Paranaque",Paranaque,14000000,4,4,180.0,140.0,14.483539,121.020182,first,"Kaggle klekzee/phillipines-housing-market (portal scrape, 2024)"
1146,2 HOUSE & LOT /2 House property 9 BR 4 T&B 3 Car Garage,"Ortigas Avenue, Pasig",Pasig,16000000,9,4,190.0,240.0,14.588994,121.067869,first,"Kaggle klekzee/phillipines-housing-market (portal scrape, 2024)"
1147,"L-R-1-1174: Acquired Property  for Sale in Lot 24, Block 17, corner of Gomez and Ramirez Sts., San Antonio Heights, Phase 3, Brgy. San Antonio, Santo Tomas, Batangas","San Antonio, Santo Tomas",Santo Tomas,5085600,,,192.0,156.0,15.861588,120.564115,first,"Kaggle klekzee/phillipines-housing-market (portal scrape, 2024)"
1148,"L-R-1-118- Acquired Property for Sale in No. 457 (Lot 2500-H), Albayda Compound, Purok 4/Brgy. Pinagbayanan, Pila, Laguna (Interior) - Retail","Pinagbayanan, Pila",Pila,3890500,,,285.0,339.0,14.250045,121.359381,first,"Kaggle klekzee/phillipines-housing-market (portal scrape, 2024)"
1149,"Smart Home with Elevator for Sale in Ayala Alabang Village, Muntinlupa City","Ayala Alabang, Muntinlupa",Muntinlupa,460000000,7,7,900.0,1500.0,14.42261,121.026941,first,"Kaggle klekzee/phillipines-housing-market (portal scrape, 2024)"
1150,3 Bedroom beach house Property for Sale in Sea Front Residences,San Juan,San Juan,13554567,3,3,100.0,200.0,13.744011,121.428183,first,"Kaggle klekzee/phillipines-housing-market (portal scrape, 2024)"
1151,"3-Bedrooms Townhouse for sale at Tanza Cavite, Portia","Antero Soriano Hiway, Sahud-Ulan, Tanza Cavite Sahud Ulan, Tanza",Tanza,1951400,3,2,40.0,45.0,14.371703,120.824667,first,"Kaggle klekzee/phillipines-housing-market (portal scrape, 2024)"
1152,"Discover this charming 2-storey house and lot in El Rio, Davao City","Buhangin, Davao",Davao,3800000,2,2,93.0,60.0,7.146969,125.594051,first,"Kaggle klekzee/phillipines-housing-market (portal scrape, 2024)"
1153,house and lot for sale in dumaguete,"Batinguel, Dumaguete City, Central Visayas, Philippines Batinguel, Dumaguete",Dumaguete,12500000,5,3,500.0,938.0,9.314658,123.285722,first,"Kaggle klekzee/phillipines-housing-market (portal scrape, 2024)"
1154,For Sale Huge Two Story House with Swimming Pool For Leasehold in Mabalacat,"Clark, Mabalacat",Mabalacat,57000000,5,5,338.0,1187.0,15.192032,120.579523,first,"Kaggle klekzee/phillipines-housing-market (portal scrape, 2024)"
1155,Modern Futuristic home 7 bedroom for sale in ayala alabang,"Ayala Alabang, Muntinlupa",Muntinlupa,,7,7,1500.0,900.0,14.42261,121.026941,first,"Kaggle klekzee/phillipines-housing-market (portal scrape, 2024)"
1156,"Townhouse For Sale! Foreclosed Property! in BF Resort Village, Las Piñas City","Talon Dos, Las Pinas",Las Pinas,5250000,,,93.0,52.0,14.433089,120.984705,first,"Kaggle klekzee/phillipines-housing-market (portal scrape, 2024)"
1157,"3 Bedroom House for Sale in Royal Palms Panglao 1 - Turriano B, Dauis, Bohol","Dauis - Panglao Rd, Dao, Panglao, 6340 Bohol Dao, Dauis",Dauis,4000000,3,2,60.0,120.0,9.601732,123.807614,first,"Kaggle klekzee/phillipines-housing-market (portal scrape, 2024)"
1158,"Rush Sale! House and Lot Property in San Lorenzo Village, Makati City","9 Rocha, Makati, 1223 Kalakhang Maynila San Lorenzo, Makati",Makati,179000000,3,3,448.0,,14.548714,121.016856,first,"Kaggle klekzee/phillipines-housing-market (portal scrape, 2024)"
1159,Antipolo House For Sale inside Golf Village,"Inarawan, Antipolo",Antipolo,18000000,4,3,265.0,475.0,14.624656,121.180352,first,"Kaggle klekzee/phillipines-housing-market (portal scrape, 2024)"
1160,"113 sqm 3BR Townhouse with 2 Parking Slots for Sale in Kapitolyo, Pasig City","Kapitolyo, Pasig",Pasig,25800000,3,3,212.0,113.0,14.571165,121.059498,first,"Kaggle klekzee/phillipines-housing-market (portal scrape, 2024)"
1161,"3-Bedroom Townhouse for Sale at Lancaster New City in General Trias, Cavite","Tapia, General Trias",General Trias,2133600,3,1,40.0,50.0,14.363041,120.880349,first,"Kaggle klekzee/phillipines-housing-market (portal scrape, 2024)"
1162,Magallanes Village Makati | House and Lot For Sale,"Magallanes Village, Makati Magallanes, Makati",Makati,118000000,3,3,300.0,350.0,14.539336,121.016296,first,"Kaggle klekzee/phillipines-housing-market (portal scrape, 2024)"
1163,"3 Bedroom Hermoso House and Lot for Sale in Royal Palms Panglao 1, Dauis, Bohol","Dauis - Panglao Rd, Dao, Panglao, 6340 Bohol Dao, Dauis",Dauis,6700000,3,2,81.0,180.0,9.601732,123.807614,first,"Kaggle klekzee/phillipines-housing-market (portal scrape, 2024)"
1164,"V-R-2-107:  Acquired Property  for Sale in Lot 28, Block 7, Camella Savannah, Brgy. Abilay Norte / Polo Maestra Vita, Oton, Iloilo","Polo Maestra Bita, Oton",Oton,4219500,,,123.0,191.0,10.741526,122.506208,first,"Kaggle klekzee/phillipines-housing-market (portal scrape, 2024)"
1165,"Discounted 50% Reservation Fee House For Sale in Imus, Cavite","Carsadang Bago I, 4103 Imus, Philippines Carsadang Bago I, Imus",Imus,4000000,3,2,65.0,85.0,14.435663,120.921964,first,"Kaggle klekzee/phillipines-housing-market (portal scrape, 2024)"
1166,House For Sale in Ayala Alabang Muntinlupa City.,"Muntinlupa, National Capital Region, Philippines Ayala Alabang, Muntinlupa",Muntinlupa,420000000,5,6,1600.0,868.0,14.410427,121.039888,first,"Kaggle klekzee/phillipines-housing-market (portal scrape, 2024)"
1167,Spacious and Airy House and Lot For Sale in San Juan City,"Onse, San Juan",San Juan,39500000,4,3,500.0,287.0,14.60174,121.031455,first,"Kaggle klekzee/phillipines-housing-market (portal scrape, 2024)"
1168,AVIDA VILLAGE CERISE NUVALI Newly-Renovated House for Starting Family FOR SALE!,"Block 20 Lot 10 Copper St., Avida Village Cerise Nuvali Canlubang, Calamba",Calamba,5000000,2,1,60.0,110.0,14.193032,121.086537,first,"Kaggle klekzee/phillipines-housing-market (portal scrape, 2024)"
1169,Verdana Homes Mamplasan (Biñan) 3-Storey Asian Balinese House for Sale!,"Phase 2 Block 22 Lot 5 (10 Apitong St.) Verdana Homes Mamplasan Langkiwa, Binan",Binan,21500000,4,3,250.0,200.0,14.300694,121.071175,first,"Kaggle klekzee/phillipines-housing-market (portal scrape, 2024)"
1170,Brand New house for sale in Bali Mansion South Forbes Golf City Silang Cavite,"Bali Mansion Inchican, Silang",Silang,35000000,4,5,368.0,277.0,14.251545,121.050451,first,"Kaggle klekzee/phillipines-housing-market (portal scrape, 2024)"
1171,2 Car Garage New Heaven Villas Townhouse for Sale near Landers,"Kaligayahan, Quezon City",Quezon City,10280000,5,3,220.0,77.0,14.738361,121.050883,first,"Kaggle klekzee/phillipines-housing-market (portal scrape, 2024)"
1172,"Elegant Two Storey House with Pool For Sale at Angeles City, Pampanga.",Angeles,Angeles,22000000,3,3,200.0,250.0,15.138935,120.587532,first,"Kaggle klekzee/phillipines-housing-market (portal scrape, 2024)"
1173,"Sanville Subdivision, Quezon City | Four Bedroom House and Lot For Sale - #6305","Culiat, Quezon City",Quezon City,35000000,4,3,350.0,496.0,14.667962,121.056591,first,"Kaggle klekzee/phillipines-housing-market (portal scrape, 2024)"
1174,House and Lot for sale in BF Northwest BF Homes Paranaque,"B.F. Homes, Paranaque",Paranaque,33000000,5,4,288.0,300.0,14.446279,121.027411,first,"Kaggle klekzee/phillipines-housing-market (portal scrape, 2024)"
1175,Katarungan Village Muntinlupa Affordable 3-BR Townhouse For Sale,"Poblacion, Muntinlupa",Muntinlupa,3950000,3,2,65.0,50.0,14.389145,121.04498,first,"Kaggle klekzee/phillipines-housing-market (portal scrape, 2024)"
1176,BF Tahanan Village | Five Bedroom House and Lot for Sale at Parañaque - #6092,"B.F. Homes, Paranaque",Paranaque,45000000,5,5,375.0,280.0,14.446279,121.027411,first,"Kaggle klekzee/phillipines-housing-market (portal scrape, 2024)"
1177,"2 Bedroom House for Sale in San Pedro, Laguna - Southview Homes","San Vicente, San Pedro",San Pedro,4900000,2,1,61.0,70.0,14.356201,121.048101,first,"Kaggle klekzee/phillipines-housing-market (portal scrape, 2024)"
1178,"Nice House for Sale in BF Homes, Paranaque City","B.F. Homes, Paranaque",Paranaque,26000000,4,4,350.0,289.0,14.446279,121.027411,first,"Kaggle klekzee/phillipines-housing-market (portal scrape, 2024)"
1179,"Susana Heights, Muntinlupa City House and Lot for Sale! 2 Storey 6 Bedroom","Tunasan, Muntinlupa, National Capital Region, Philippines Tunasan, Muntinlupa",Muntinlupa,52000000,6,4,480.0,500.0,14.372264,121.03616,first,"Kaggle klekzee/phillipines-housing-market (portal scrape, 2024)"
1180,"House and Lot For Sale in A Subdivision, Candau-Ay, Dumaguete City","Candau-Ay, Dumaguete City, Central Visayas, Philippines Candau-Ay, Dumaguete",Dumaguete,5500000,2,2,110.0,121.0,9.3126,123.26802,first,"Kaggle klekzee/phillipines-housing-market (portal scrape, 2024)"
1181,"910sqm 6BR Stunning Bnrad New House in Ayala Heights, Quezon City For Sale","Ayala Heights, Quezon City",Quezon City,188000000,6,6,910.0,510.0,14.662461,121.088139,first,"Kaggle klekzee/phillipines-housing-market (portal scrape, 2024)"
1182,"Relaxing & Exquisite House and Lot at BF Homes, Paranaque City","B.F. Homes, Paranaque",Paranaque,32500000,4,4,268.0,287.0,14.446279,121.027411,first,"Kaggle klekzee/phillipines-housing-market (portal scrape, 2024)"
1183,3 Bedroom Townhouse located along SRP Road for Sale,"Philippines, Talisay, Cansojong, Srp Cansojong, Talisay",Talisay,6000000,3,3,120.0,64.0,10.260691,123.863432,first,"Kaggle klekzee/phillipines-housing-market (portal scrape, 2024)"
1184,2-Storey Single Firewall For Sale in Camella Cerritos General Santos City,"Lagao, General Santos City",General Santos City,8000000,5,3,142.0,121.0,6.128079,125.190378,first,"Kaggle klekzee/phillipines-housing-market (portal scrape, 2024)"
1185,182sqm 3BR 3 Storey Townhouse for sale near Teachers Village Diliman Quezon City,"Diliman, Quezon City",Quezon City,12230000,3,3,182.9,62.8,14.636129,121.033584,first,"Kaggle klekzee/phillipines-housing-market (portal scrape, 2024)"
1186,"Modern Zen House and Lot for sale in B.F. Homes, Parañaque","B.F. Homes (Paranaque) B.F. Homes, Paranaque",Paranaque,18500000,3,3,300.0,204.0,14.447512,121.029457,first,"Kaggle klekzee/phillipines-housing-market (portal scrape, 2024)"
1187,"Brand New Modern 4 Bedrooms Home for Sale in BF Homes, Parañaque City","B.F. Homes, Paranaque",Paranaque,28900000,4,4,270.0,204.0,14.446279,121.027411,first,"Kaggle klekzee/phillipines-housing-market (portal scrape, 2024)"
1188,3 Bedroom Single Attached House and Lot for Sale at Muntinlupa City,"Muntinlupa, Metro Manila, Philippines Muntinlupa",Philippines Muntinlupa,8000000,3,2,83.0,120.0,14.410427,121.039888,first,"Kaggle klekzee/phillipines-housing-market (portal scrape, 2024)"
1189,"Elegant Duplex House and Lot for Sale in San Mateo, Rizal near Quezon City","Ampid I, San Mateo",San Mateo,9798000,4,3,155.0,104.0,14.680997,121.119294,first,"Kaggle klekzee/phillipines-housing-market (portal scrape, 2024)"
1190,"2 Storey House and Lot for Sale in Filinvest 2, Batasan Hills, Quezon City","Bagong Silangan, Quezon City",Quezon City,20000000,5,5,300.0,240.0,14.697861,121.110409,first,"Kaggle klekzee/phillipines-housing-market (portal scrape, 2024)"
1191,Exclusive Living: Ayala Alabang Village House for Sale in Muntinlupa,"Ayala Alabang, Muntinlupa",Muntinlupa,110000000,4,5,400.0,300.0,14.42261,121.026941,first,"Kaggle klekzee/phillipines-housing-market (portal scrape, 2024)"
1192,House & Lot with pool at Royale Tagaytay Estates,"Buck Estate, Alfonso",Alfonso,25000000,4,3,450.0,392.0,14.0835,120.854279,first,"Kaggle klekzee/phillipines-housing-market (portal scrape, 2024)"
1193,"Luxurious House with Swimming Pool For Sale in San Fernando, Pampanga","Telabastagan, San Fernando",San Fernando,45000000,5,6,432.0,1565.0,15.114283,120.608872,first,"Kaggle klekzee/phillipines-housing-market (portal scrape, 2024)"
1194,"Beautiful And Brandnew House For Sale in Matandang Balara, Quezon City","Matandang Balara, Quezon City",Quezon City,105000000,5,5,650.0,330.0,14.67168,121.074534,first,"Kaggle klekzee/phillipines-housing-market (portal scrape, 2024)"
1195,"Brand New Modern Designed House for Sale in Tahanan Village, Parañaque City","B.F. Homes, Paranaque",Paranaque,36000000,5,6,325.0,280.0,14.446279,121.027411,first,"Kaggle klekzee/phillipines-housing-market (portal scrape, 2024)"
1196,St. Joseph Richfield Phase 2 | 08/23 Update | 2 Bedrooms Townhouse House and Lot,"Tagapo, Santa Rosa",Santa Rosa,2090585,2,1,42.0,50.0,14.313641,121.100103,first,"Kaggle klekzee/phillipines-housing-market (portal scrape, 2024)"
1197,Marikina Heights TOWNHOUSE  2 Storey 3 bedroom with Parking,"Ordonez St. Corner Champaca St. Marikina Heights, Marikina",Marikina,6900000,3,2,88.9,53.0,14.65209,121.122933,first,"Kaggle klekzee/phillipines-housing-market (portal scrape, 2024)"
1198,"2 Storey Residential Unit For Sale in Bangkas Heights, Davao City","Bangkas Heights, Davao",Davao,17000000,2,2,250.0,338.0,7.057936,125.490741,first,"Kaggle klekzee/phillipines-housing-market (portal scrape, 2024)"
1199,Rush For Sale Furnished Italian Inspired House - Taguig City,"Ususan, Taguig",Taguig,,5,6,182.0,232.0,14.542369,121.055016,first,"Kaggle klekzee/phillipines-housing-market (portal scrape, 2024)"
1200,"2BR Bungalow House and Lot for sale near New Clark City, Tarlac","Kathrynville, Cutcut, Capas,Tarlac Cutcut 1St, Capas",Capas,1755000,,1,35.0,96.0,15.324521,120.590263,first,"Kaggle klekzee/phillipines-housing-market (portal scrape, 2024)"
1201,"For Sale: Brand New 4-Bedroom House & Lot in Mabalacat, Pampanga","Atlu-Bola, Mabalacat",Mabalacat,10700000,4,2,150.0,120.0,15.231726,120.57175,first,"Kaggle klekzee/phillipines-housing-market (portal scrape, 2024)"
1202,South Point Villas 01/24 Update | 3 Bedroom Townhouse House For Sale in Alaminos,"Barangay Ii, Alaminos",Alaminos,1144549,3,1,46.6,40.0,14.073336,121.256544,first,"Kaggle klekzee/phillipines-housing-market (portal scrape, 2024)"
1203,"3 Bedroom House for Sale in San Pedro, Laguna - Southview Homes","San Vicente, San Pedro",San Pedro,5500000,3,2,76.0,70.0,14.356201,121.048101,first,"Kaggle klekzee/phillipines-housing-market (portal scrape, 2024)"
1204,"5 Bedrooms House and Lot For Sale in Aniban I, Bacoor, Cavite","Aniban I, Bacoor",Bacoor,16000000,5,6,411.0,360.0,14.459785,120.962746,first,"Kaggle klekzee/phillipines-housing-market (portal scrape, 2024)"
1205,"For Sale Single Detached House for As Low As 37,432 Monthly, Marilao, Bulacan","Loma De Gato, Marilao",Marilao,7521360,3,2,90.0,112.0,14.791277,121.008308,first,"Kaggle klekzee/phillipines-housing-market (portal scrape, 2024)"
1206,"Newly Renovated Townhouse for sale at Circulo Verde, Quezon City","Bagumbayan, Quezon City",Quezon City,25000000,3,4,198.0,,14.606358,121.081891,first,"Kaggle klekzee/phillipines-housing-market (portal scrape, 2024)"
1207,"Two (2) Bedroom House and Lot at Victoria Homes, Muntinlupa City For Sale","Magenta St., Saphhire Hills, Victoria Homes, Muntinlupa City Tunasan, Muntinlupa",Muntinlupa,2700000,2,1,37.0,79.0,14.36342,121.018018,first,"Kaggle klekzee/phillipines-housing-market (portal scrape, 2024)"
1208,Luxury Brand New 6BR House and Lot for Sale in Ayala Alabang Village,"Ayala Alabang Muntinlupa Metro Manila Ayala Alabang, Muntinlupa",Muntinlupa,540000000,6,7,1442.0,987.0,14.428209,121.026675,first,"Kaggle klekzee/phillipines-housing-market (portal scrape, 2024)"
1209,"Sumacab Este, Cabanatuan City, Foreclosed House and Lot - 10108000000347","Lot 16 Block 13, Amazon Street, Lakewood City Subdivision Sumacab Este, Cabanatuan",Cabanatuan,3155000,1,1,191.0,204.0,15.456723,120.95991,first,"Kaggle klekzee/phillipines-housing-market (portal scrape, 2024)"
1210,"Rare, small cut Dasmarinas Village Makati Property","Dasmarinas, Makati",Makati,,5,4,400.0,614.0,14.540143,121.026976,first,"Kaggle klekzee/phillipines-housing-market (portal scrape, 2024)"
1211,"900sqm 7BR Bright & Airy Brand new House for sale in Whiteplains, Quezon City","White Plains, Quezon City",Quezon City,208000000,7,6,900.0,464.0,14.603275,121.071303,first,"Kaggle klekzee/phillipines-housing-market (portal scrape, 2024)"
1212,3 Bedroom Single Detached House For Sale Along Gov. Drive Trece Martires Cavite,"Cabuco, Trece Martires",Trece Martires,5739667,3,2,75.0,120.0,14.279205,120.844632,first,"Kaggle klekzee/phillipines-housing-market (portal scrape, 2024)"
1213,FOR SALE: House & Lot in Moonwalk PH 1 Paranaque*,"Moonwalk, Paranaque",Paranaque,21400000,5,3,300.0,400.0,14.491858,121.014671,first,"Kaggle klekzee/phillipines-housing-market (portal scrape, 2024)"
1214,For Sale 4-Bedroom Contemporary Spanish Style Home w/ Big lot area in Talisay.,"Cansojong, Talisay",Talisay,36000000,5,4,309.0,2080.0,10.249523,123.854883,first,"Kaggle klekzee/phillipines-housing-market (portal scrape, 2024)"
1215,"For Sale Residential House and Lot in SSS Village, Marikina City","Concepcion Dos, Marikina",Marikina,8500000,2,1,63.0,288.0,14.640589,121.120818,first,"Kaggle klekzee/phillipines-housing-market (portal scrape, 2024)"
1216,3 Bedroom House and Lot at Celestis 2 in Antipolo Rizal (Corner),"San Luis, Antipolo",Antipolo,6448937,3,2,76.0,90.0,14.604328,121.198142,first,"Kaggle klekzee/phillipines-housing-market (portal scrape, 2024)"
1217,"For Sale : 6-Bedroom House in Monteverde Royale, Taytay, Rizal","San Juan, Taytay",Taytay,45000000,6,7,700.0,561.0,14.558564,121.136031,first,"Kaggle klekzee/phillipines-housing-market (portal scrape, 2024)"
1218,"3 Bedroom Townhouse for sale in Sierra Manor Residences at San Isidro, Rizal","Don Mariano Ave San Isidro, Angono",Angono,5177819,3,2,73.1,41.0,14.538909,121.160112,first,"Kaggle klekzee/phillipines-housing-market (portal scrape, 2024)"
1219,Single Attached House and Lot in Lipa Batangas,"San Lucas, Lipa",Lipa,4169183,2,1,54.0,113.0,14.017376,121.183649,first,"Kaggle klekzee/phillipines-housing-market (portal scrape, 2024)"
1220,House for Sale in Angeles City with Huge Garden and Private Swimming Pool,"Malabanias, Angeles",Angeles,,4,5,300.0,1098.0,15.150944,120.589826,first,"Kaggle klekzee/phillipines-housing-market (portal scrape, 2024)"
1221,"460sqm 5BR Bnew Modern House for sale in Santa Ana, Taytay, Rizal","Santa Ana, Taytay",Taytay,42500000,5,5,460.0,300.0,14.565423,121.1268,first,"Kaggle klekzee/phillipines-housing-market (portal scrape, 2024)"
1222,2 Storey House and Lot for Sale in Filinvest 2 Batasan Hills  Quezon City,"1 Bagong Silangan, Quezon City",Quezon City,17500000,5,3,300.0,240.0,14.697861,121.110409,first,"Kaggle klekzee/phillipines-housing-market (portal scrape, 2024)"
1223,Brand New House and Lot For Sale Capitol Homes Quezon City with Pool,"Matandang Balara, Quezon City",Quezon City,92000000,5,5,421.0,400.0,14.67168,121.074534,first,"Kaggle klekzee/phillipines-housing-market (portal scrape, 2024)"
1224,Francis Court Townhouse  | Five Bedroom Townhouse for Sale at San Juan - #5842,"Pasadena, San Juan",San Juan,57000000,5,4,385.0,,14.608727,121.033251,first,"Kaggle klekzee/phillipines-housing-market (portal scrape, 2024)"
1225,"Duplex House For Sale in Dumaguete, Negros Oriental - PHP 10M",Dumaguete,Dumaguete,10000000,6,4,318.0,210.0,9.305478,123.308045,first,"Kaggle klekzee/phillipines-housing-market (portal scrape, 2024)"
1226,For Sale Modern Asian House in Summerhills subd Antipolo city,"Dela Paz, Antipolo",Antipolo,14000000,4,3,240.0,173.0,14.588667,121.173978,first,"Kaggle klekzee/phillipines-housing-market (portal scrape, 2024)"
1227,"Fully Furnished Modern Designed Two Storey House for Sale in Tahanan Village, Pa","Tahanan Village B.F. Homes, Paranaque",Paranaque,30000000,4,4,300.0,280.0,14.450661,121.03005,first,"Kaggle klekzee/phillipines-housing-market (portal scrape, 2024)"
1228,"For Sale: Bungalow House & Lot in Valencia Estates, Valencia, Bukidnon","Valencia Estates, Valencia, Bukidnon Lumbo, Vallencia",Vallencia,5000000,2,2,60.0,150.0,7.889825,125.071714,first,"Kaggle klekzee/phillipines-housing-market (portal scrape, 2024)"
1229,3-BR Brand New House for Sale at Eastville Filinvest Cainta East,"San Isidro, Cainta",Cainta,19500000,3,3,188.0,172.0,14.609256,121.110638,first,"Kaggle klekzee/phillipines-housing-market (portal scrape, 2024)"
1230,6 Bedroom Modern Corner lot Haven with swimming pool located in Pasig city.,"Rosario, Pasig",Pasig,29000000,6,6,450.0,191.0,14.59049,121.088272,first,"Kaggle klekzee/phillipines-housing-market (portal scrape, 2024)"
1231,"330 sqm House in San Miguel Village, Makati City","San Miguel Village, Makati",Makati,125000000,4,3,300.0,330.0,14.567265,121.025519,first,"Kaggle klekzee/phillipines-housing-market (portal scrape, 2024)"
1232,Dagupan City 3BR Customized & Modern Design House and Lot Package,"Bonuan Boquig, Dagupan",Dagupan,5040000,3,2,80.0,190.0,16.077498,120.358025,first,"Kaggle klekzee/phillipines-housing-market (portal scrape, 2024)"
1233,For Sale House and Lot Ayala Alabang Village  Muntinlupa City,"Ayala Alabang, Muntinlupa",Muntinlupa,125000000,4,5,400.0,300.0,14.42261,121.026941,first,"Kaggle klekzee/phillipines-housing-market (portal scrape, 2024)"
1234,"House and Lot for Sale in BF Homes Quezon City, Metro Manila","Holy Spirit, Quezon City",Quezon City,45000000,5,5,350.0,464.0,14.683863,121.076103,first,"Kaggle klekzee/phillipines-housing-market (portal scrape, 2024)"
1235,South Bay Parañaque 6BR Fully-furnished Elegant House for Sale,"B.F. Homes, Paranaque",Paranaque,49000000,5,5,450.0,510.0,14.446279,121.027411,first,"Kaggle klekzee/phillipines-housing-market (portal scrape, 2024)"
1236,"For Sale Brand New Townhouse in Filinvest 2, Quezon City","Batasan Hills, Quezon City",Quezon City,15000000,5,4,303.0,90.0,14.686258,121.099335,first,"Kaggle klekzee/phillipines-housing-market (portal scrape, 2024)"
1237,"3 Bedroom House and Lot For Sale in Quezon City, West Avenue","West Triangle, Quezon City",Quezon City,25000000,3,3,270.0,101.0,14.643273,121.030815,first,"Kaggle klekzee/phillipines-housing-market (portal scrape, 2024)"
1238,"For Sale: 2 Storey Corner House and Lot in Pulo, Cabuyao, Laguna","Pulo, Cabuyao, Laguna, Philippines Pulo, Cabuyao",Cabuyao,30000000,5,4,550.0,386.0,14.242064,121.130005,first,"Kaggle klekzee/phillipines-housing-market (portal scrape, 2024)"
1239,"House and Lot for Sale at Alabang West Village, Daang Hari Road, Las Piñas City","Daang Hari, 1751 Las Pinas, Philippines Almanza Dos, Las Pinas",Las Pinas,50000000,5,5,323.0,302.0,14.413329,121.015906,first,"Kaggle klekzee/phillipines-housing-market (portal scrape, 2024)"
1240,"Well Maintained Two Storey House for Sale in Ayala Alabang Village, Muntinlupa C","Ayala Alabang Village Ayala Alabang, Muntinlupa",Muntinlupa,120000000,4,5,400.0,720.0,14.42261,121.026941,first,"Kaggle klekzee/phillipines-housing-market (portal scrape, 2024)"
1241,BF Bayanihan Village  | Five Bedroom House and Lot For Sale at Parañaque - #6091,"B.F. Homes, Paranaque",Paranaque,37500000,5,5,375.0,280.0,14.446279,121.027411,first,"Kaggle klekzee/phillipines-housing-market (portal scrape, 2024)"
1242,Exquisite Modern Designer House in Urdaneta Village Makati City for Sale,"Urdaneta, Makati",Makati,800000000,5,5,700.0,1156.0,14.556078,121.029623,first,"Kaggle klekzee/phillipines-housing-market (portal scrape, 2024)"
1243,"Bungalow House for SALE in West Kamias, Quezon City","West Kamias, Quezon City",Quezon City,28000000,6,2,,300.0,14.630559,121.04954,first,"Kaggle klekzee/phillipines-housing-market (portal scrape, 2024)"
1244,"For Sale: House & Lot in Vista Valley Executive Village, Marikina City","Santo Nino, Marikina",Marikina,18000000,3,3,260.0,144.0,14.640385,121.09663,first,"Kaggle klekzee/phillipines-housing-market (portal scrape, 2024)"
1245,Capitol 8 House and Lot for Sale! Pasig City,"Kapitolyo, Pasig",Pasig,120000000,3,3,,444.0,14.571165,121.059498,first,"Kaggle klekzee/phillipines-housing-market (portal scrape, 2024)"
1246,"4 Bedrooms House and Lot for Sale in Cebu City, Cebu - Clean Title",Cebu,Cebu,10000000,4,1,,184.0,10.293106,123.902077,first,"Kaggle klekzee/phillipines-housing-market (portal scrape, 2024)"
1247,"3 Bedroom Duplex Unit for sale at Santevi in San Pablo, Laguna","Pan-Philippine Hwy San Vicente, San Pablo",San Pablo,3400000,3,2,66.0,80.0,14.006015,121.336227,first,"Kaggle klekzee/phillipines-housing-market (portal scrape, 2024)"
1248,"3 Bedroom House and Lot for Sale in Jaro Ilo-ilo, Casa Mira Iloilo","Jaro, Iloilo",Iloilo,3816956,3,2,53.2,72.0,10.746734,122.57672,first,"Kaggle klekzee/phillipines-housing-market (portal scrape, 2024)"
1249,4 Bedroom House and Lot For Sale with Roof Deck in Cabuyao Laguna,"Casile, Cabuyao",Cabuyao,17500000,4,3,250.0,214.0,14.20154,121.037062,first,"Kaggle klekzee/phillipines-housing-market (portal scrape, 2024)"
1250,"For Sale: White Sand Beach House Property in Dapitan City, Zamboanga del Norte","Canlucani, Dapitan City, Zamboanga Peninsula, Philippines Canlucani, Dapitan",Dapitan,,2,6,300.0,5300.0,8.706211,123.425974,first,"Kaggle klekzee/phillipines-housing-market (portal scrape, 2024)"
1251,"Ready for Occupancy 2 Storey Duplex House for sale at San Roque, Talisay, Cebu","88 Brookside San Roque Talisay San Roque, Talisay",Talisay,6449458,4,2,86.0,110.0,10.253593,123.859118,first,"Kaggle klekzee/phillipines-housing-market (portal scrape, 2024)"
1252,"Welcome to your future home in Robinsons Highlands, Buhangin, Davao City","Buhangin, Davao",Davao,18500000,4,4,190.0,184.0,7.146969,125.594051,first,"Kaggle klekzee/phillipines-housing-market (portal scrape, 2024)"
1253,3 Storey Townhouse for Sale in Tandang Sora near Mindanao Avenue Quezon City,"1 Tandang Sora, Quezon City",Quezon City,8000000,3,2,110.0,45.0,14.686832,121.035975,first,"Kaggle klekzee/phillipines-housing-market (portal scrape, 2024)"
1254,"3 bedroom Townhouse For Sale in Lancaster New City, Gentri","Tapia, General Trias",General Trias,2245920,3,1,40.0,50.0,14.363041,120.880349,first,"Kaggle klekzee/phillipines-housing-market (portal scrape, 2024)"
1255,"For Sale Ancestral House & Lot Circa 1928 Earnshaw, Manila (Neg.)","Sampaloc, Manila",Manila,27000000,6,6,,180.0,14.60314,120.993417,first,"Kaggle klekzee/phillipines-housing-market (portal scrape, 2024)"
1256,"Brand New House in exclusive Subdivision, South Pacific Golf and Leisure Estate","Bago Oshiro, Davao",Davao,16000000,5,4,210.0,208.0,7.077437,125.496389,first,"Kaggle klekzee/phillipines-housing-market (portal scrape, 2024)"
1257,4 BR Modern Elegant Home for Sale in Novaliches Quezon City near SM Fairview,"Novaliches, Quezon City",Quezon City,45000000,5,5,400.0,300.0,14.72094,121.038922,first,"Kaggle klekzee/phillipines-housing-market (portal scrape, 2024)"
1258,2-Storey House And Lot For Sale At Royal Villas West Amadeo Cavite,"Salaban, Amadeo",Amadeo,12000000,6,5,110.0,240.0,14.129662,120.933205,first,"Kaggle klekzee/phillipines-housing-market (portal scrape, 2024)"
1259,"M-R-3-36- Acquired Property for Sale in Unit 301 Makati South Hills Condominium, East Service Road, Brgy. San Martin de Porres, Parañaque City (w/ Parking slot) - Retail","San Martin De Porres, Paranaque",Paranaque,4770850,,,136.3,,14.498487,121.043206,first,"Kaggle klekzee/phillipines-housing-market (portal scrape, 2024)"
1260,"Beautiful, Fully Renovated House for Sale in Ayala Alabang Village, Muntinlupa","Ayala Alabang, Muntinlupa",Muntinlupa,130000000,4,4,500.0,550.0,14.42261,121.026941,first,"Kaggle klekzee/phillipines-housing-market (portal scrape, 2024)"
1261,4 Bedroom with 3 parking House and Lot For Sale near Davao International Airport,"Priscilla Estates Cabantian, Davao",Davao,10500000,4,3,130.0,300.0,7.129499,125.626192,first,"Kaggle klekzee/phillipines-housing-market (portal scrape, 2024)"
1262,"For Sale 3-BR Bungalow House at Moonville Subd., Bgy. Sun Valley Parañaque City","Sun Valley, Paranaque",Paranaque,38000000,3,3,417.0,472.0,14.488841,121.032517,first,"Kaggle klekzee/phillipines-housing-market (portal scrape, 2024)"
1263,House and Lot For Sale Ayala Alabang Muntinlupa Modern Mansion Smart Home Ready,"Ayala Alabang, Muntinlupa",Muntinlupa,420000000,7,7,1233.0,816.0,14.42261,121.026941,first,"Kaggle klekzee/phillipines-housing-market (portal scrape, 2024)"
1264,"House and Lot For Sale at Pahara Southwoods City, Carmona, Cavite","Cabilang Baybay, Carmona",Carmona,23609000,3,2,243.0,240.0,14.317501,121.051212,first,"Kaggle klekzee/phillipines-housing-market (portal scrape, 2024)"
1265,"For Sale Brand New Townhouse in Kamuning, Quezon City","K-3Rd Street Kamuning, Quezon City",Quezon City,16500000,4,4,240.0,60.0,14.629239,121.045864,first,"Kaggle klekzee/phillipines-housing-market (portal scrape, 2024)"
1266,"For Sale: 315 sqm Pre-Owned Residential House & Lot in West Crame, San Juan City","West Crame, San Juan",San Juan,28000000,8,4,420.0,315.0,14.60631,121.050265,first,"Kaggle klekzee/phillipines-housing-market (portal scrape, 2024)"
1267,"Modern House and Lot in Vista Real Classica, Quezon City For Sale","Batasan Hills, Quezon City",Quezon City,72000000,4,4,504.0,300.0,14.686258,121.099335,first,"Kaggle klekzee/phillipines-housing-market (portal scrape, 2024)"
1268,"New Duplex Townhouse For Sale in San Antonio, Parañaque City","San Antonio, Paranaque",Paranaque,9500000,4,4,250.0,117.0,14.468983,121.021122,first,"Kaggle klekzee/phillipines-housing-market (portal scrape, 2024)"
1269,"Brand New Modern House in a Corner Lot For Sale in Ayala Alabang, Muntinlupa","Ayala Alabang, Muntinlupa",Muntinlupa,420000000,5,5,1172.0,762.0,14.42261,121.026941,first,"Kaggle klekzee/phillipines-housing-market (portal scrape, 2024)"
1270,"House and Lot for Sale at Phase 1 Vista Verde Executive, Cainta","San Isidro, Cainta",Cainta,,3,3,148.0,139.5,14.609256,121.110638,first,"Kaggle klekzee/phillipines-housing-market (portal scrape, 2024)"
1271,"Bagbaguin, Sta. Maria, Bulacan, Foreclosed House and Lot - 10001000011919","Lot No. 1521-A-5-B, No.757 Fatima Street Bagbaguin, Santa Maria",Santa Maria,4280000,1,1,156.0,250.0,14.814285,120.956837,first,"Kaggle klekzee/phillipines-housing-market (portal scrape, 2024)"
1272,"2  Bedroom Home with Additions, Strong Water, Near Amenities in SN Mateo Rizal","Santo Nino, San Mateo",San Mateo,2000000,2,2,80.0,120.0,14.636737,121.094298,first,"Kaggle klekzee/phillipines-housing-market (portal scrape, 2024)"
1273,5 Bedroom House and Lot for Sale at Portofino Heights in Las Piñas City,"Almanza Dos, Las Pinas",Las Pinas,70000000,5,5,490.0,,14.423436,121.022342,first,"Kaggle klekzee/phillipines-housing-market (portal scrape, 2024)"
1274,"Single Attached House in San Isidro,Antipolo City near Wilcon","San Isidro, Antipolo",Antipolo,8000000,4,3,166.0,108.0,14.589803,121.18199,first,"Kaggle klekzee/phillipines-housing-market (portal scrape, 2024)"
1275,"L-R-1-376- Acquired Property for Sale in Lots 11 and 12, Block 5, Ilang-Ilang Street, Villa Adelina Subdivision, Phase 3, Brgy. Sta. Clara/Bulilan Sur, Pila, Laguna - Retail","Santa Clara Sur, Pila",Pila,3997800,,,160.0,341.0,14.227467,121.365473,first,"Kaggle klekzee/phillipines-housing-market (portal scrape, 2024)"
1276,Greenwoods Executive Village House and Lot for Sale! Pasig City,"San Miguel, Pasig",Pasig,29000000,5,4,334.0,235.0,14.565868,121.085557,first,"Kaggle klekzee/phillipines-housing-market (portal scrape, 2024)"
1277,"5 level house House and Lot for Sale in Maria Luisa Estate Park, Cebu City","Maria Luisa Estate Park Cebu City Budla-An, Cebu",Cebu,220000000,10,7,1522.0,735.0,10.361307,123.895694,first,"Kaggle klekzee/phillipines-housing-market (portal scrape, 2024)"
1278,Brand New Two Storey Modern Contemporary House for sale in San Fernando,San Fernando,San Fernando,16800000,4,3,240.0,180.0,15.058757,120.631483,first,"Kaggle klekzee/phillipines-housing-market (portal scrape, 2024)"
1279,"3BR Brand New House and Lot for Sale in Havila Township, Antipolo City","Dalig, Antipolo",Antipolo,11160100,3,3,90.0,150.0,14.573045,121.186472,first,"Kaggle klekzee/phillipines-housing-market (portal scrape, 2024)"
1280,"2-Bedroom House and Lot for Sale in Sorsogon, Bicol","Camella Cabid-An, Sorsogon City, Sorsogon, Bicol, Philippines Cabid-An, Sorsogon",Sorsogon,2860000,2,1,36.0,44.0,12.97666,124.039307,first,"Kaggle klekzee/phillipines-housing-market (portal scrape, 2024)"
1281,For Sale : Fully Furnished Beach House by the Cliff in Nasugbu Batangas,"Natipuan, Nasugbu",Nasugbu,,5,5,,1160.0,14.120002,120.623908,first,"Kaggle klekzee/phillipines-housing-market (portal scrape, 2024)"
1282,For Sale: House and Lot in Sucat Muntinlupa (Pre-owned) w/ 2 Car Garage,"Sucat, Muntinlupa",Muntinlupa,24000000,4,,250.0,300.0,14.45698,121.053159,first,"Kaggle klekzee/phillipines-housing-market (portal scrape, 2024)"
1283,For Sale 360 sqm 5BR Astounding Brand New House in BF Homes Parañaque,"B.F. Homes, Paranaque",Paranaque,34800000,5,5,360.0,280.0,14.446279,121.027411,first,"Kaggle klekzee/phillipines-housing-market (portal scrape, 2024)"
1284,"Ayala Alabang Village, Muntinlupa City | 5BR House and Lot For Sale","Ayala Alabang, Muntinlupa",Muntinlupa,158000000,5,,,600.0,14.42261,121.026941,first,"Kaggle klekzee/phillipines-housing-market (portal scrape, 2024)"
1285,"For Sale 3BR Dream House in Court Yard of Maia Alta, Antipolo","Piazetta Street, The Court Yard Of Maia Alta, Dalig, Antipolo City Dalig, Antipolo",Antipolo,8500000,3,3,186.0,183.0,14.570906,121.187639,first,"Kaggle klekzee/phillipines-housing-market (portal scrape, 2024)"
1286,Elegant House with Pool and Sunset Overview For Sale in Davao City Davao del Sur,Davao,Davao,70000000,6,6,780.0,1500.0,7.064831,125.608062,first,"Kaggle klekzee/phillipines-housing-market (portal scrape, 2024)"
1287,"V-R-2-123:  Acquired Property House and Lot for Sale in Lot 2, Block 4, Cornel Place St., Bayswater Homes Subdivision, Brgy. Agus / Marigondon, Lapu-Lapu City, Cebu","Agus, Lapu-Lapu",Lapu-Lapu,6592000,,,160.0,160.0,10.280755,123.984302,first,"Kaggle klekzee/phillipines-housing-market (portal scrape, 2024)"
1288,"L-TH-1-165- Acquired Property for Sale in Lot 5, PCS-04-026829, Bologna St., Cosmopolitan Homes, Brgy. Bocohan, Lucena City","Bocohan, Lucena",Lucena,1376000,,,43.0,65.0,13.957689,121.590884,first,"Kaggle klekzee/phillipines-housing-market (portal scrape, 2024)"
1289,"L-TH-1-48- Acquired Property for Sale in Lot 2, Block 25, Rue Dorothee Street, Saint Monique Valais, Phase4, Brgy. Kalawaan, Binangonan, Rizal - Retail","Kalawaan, Binangonan",Binangonan,1726000,1,,80.0,66.0,14.485263,121.187113,first,"Kaggle klekzee/phillipines-housing-market (portal scrape, 2024)"
1290,"4 Bedrooms Brand New Townhouse Unit for Sale in Pasay City, Metro Manila","Pasay Rotonda, Pasay",Pasay,13500000,4,4,216.0,72.0,14.538043,121.000624,first,"Kaggle klekzee/phillipines-housing-market (portal scrape, 2024)"
1291,[04845-SFO-345] House & Lot for sale in Brgy del Rosario at San Fernando City Pampanga,"Lot 9-B Corazon Street Saint Bernadette Heights Subdivision Barangay Del Rosario City Of San Fernando Pampanga Del Rosario, San Fernando",San Fernando,5500000,3,5,202.5,120.0,15.069301,120.646772,first,"Kaggle klekzee/phillipines-housing-market (portal scrape, 2024)"
1292,"L-R-1-1083 Acquired Property for Sale in Lot 2-A-7 (PSD-04-127564), corner of Sabang Road & Lot 2-A-5, Brgy. Concepcion, San Pablo City, Laguna","Concepcion, San Pablo",San Pablo,3615000,,,154.0,261.0,14.079361,121.338904,first,"Kaggle klekzee/phillipines-housing-market (portal scrape, 2024)"
1293,Modern Asian 3-Storey House with Pool in Greenwoods Executive Village Pasig City,"San Miguel, Pasig",Pasig,25500000,7,6,350.0,150.0,14.565868,121.085557,first,"Kaggle klekzee/phillipines-housing-market (portal scrape, 2024)"
1294,3 Storey Spacious Single Detached House with Attic in Las Piñas,"Almanza Dos, Las Pinas",Las Pinas,35868400,4,4,278.0,240.0,14.423436,121.022342,first,"Kaggle klekzee/phillipines-housing-market (portal scrape, 2024)"
1295,For Sale Brand New Bungalow House with 4 Bedrooms and Bath in Las Piñas City,"Pilar, Las Pinas",Las Pinas,16500000,4,4,195.0,280.0,14.425263,121.005866,first,"Kaggle klekzee/phillipines-housing-market (portal scrape, 2024)"
1296,"L-R-1-1039-Acquired Property for Sale in Lots 17 and 19, Block 2, Road Lot 2 corner Road Lot 3, Dona Crisanta Subdivision, Brgy. San Roque, Rosario, Batangas","San Roque, Rosario",Rosario,5250000,,,250.0,250.0,13.855072,121.203224,first,"Kaggle klekzee/phillipines-housing-market (portal scrape, 2024)"
1297,[03438-SFO-279] House & Lot for sale in Brgy Tabang at Plaridel Bulacan,"Lots 1, 2 And 3 Along Existing Road Sitio Bagong Sikat Barangay Tabang Plaridel Tabang, Plaridel",Plaridel,8000000,3,4,344.0,1058.0,14.875071,120.86731,first,"Kaggle klekzee/phillipines-housing-market (portal scrape, 2024)"
1298,Brand New Modern Design Townhouse with 1car garage in Las Pinas,"Pamplona Dos, Las Pinas",Las Pinas,6300000,3,2,100.0,79.0,14.449603,120.975087,first,"Kaggle klekzee/phillipines-housing-market (portal scrape, 2024)"
1299,For Sale Pre Owned Well Maintained House and Lot BF Homes Parañaque City,"B.F. Homes Paranaque Metro Manila B.F. Homes, Paranaque",Paranaque,18000000,3,4,220.0,288.0,14.447512,121.029457,first,"Kaggle klekzee/phillipines-housing-market (portal scrape, 2024)"
1300,"Fully Furnished Bungalow House For Sale in BF Homes, Parañaque City","B.F. Homes, Paranaque",Paranaque,23000000,4,3,200.0,221.0,14.446279,121.027411,first,"Kaggle klekzee/phillipines-housing-market (portal scrape, 2024)"
1301,Townhouse for sale at Sunrise Alexa Subdivision Hills (Daisy Model),"Dely St Muntingdilaw, Antipolo",Antipolo,5002500,2,2,81.0,60.0,14.59847,121.128293,first,"Kaggle klekzee/phillipines-housing-market (portal scrape, 2024)"
1302,"L-R-1-591- Acquired Property for Sale in Lot 1292-B-1-C-2, Pablico St., Anonuevo Subdivision, Brgy. Pinagsanjan, Pagsanjan, Laguna - Retail","Pinagsanjan, Pagsanjan",Pagsanjan,3522000,,,160.0,156.0,14.268239,121.458199,first,"Kaggle klekzee/phillipines-housing-market (portal scrape, 2024)"
1303,"Amanda 2 Storey House & Lot for Sale in Governor's Hills, General Trias, Cavite","Biclatan, General Trias",General Trias,8455880,4,2,167.0,154.0,14.27803,120.915855,first,"Kaggle klekzee/phillipines-housing-market (portal scrape, 2024)"
1304,"Modern Industrial House with Spacious Attic For sale in Merville Park, Paranaque","Merville, Paranaque",Paranaque,60000000,4,5,627.0,306.0,14.501909,121.026668,first,"Kaggle klekzee/phillipines-housing-market (portal scrape, 2024)"
1305,"General Santos City, Foreclosed Residential – House and Lot -10093000000089","Lot I-14 (Block 16, Lot 14), Along Grenada Street, Camella Homes Phase 1 San Isidro, General Santos City",General Santos City,1970000,1,1,46.0,77.0,6.145105,125.189583,first,"Kaggle klekzee/phillipines-housing-market (portal scrape, 2024)"
1306,3-BR Bungalow House For Sale w/ Rentable 4 Apartment Units & a 2-Bedroom House,"San Isidro, Paranaque",Paranaque,18000000,3,3,300.0,450.0,14.471127,121.007666,first,"Kaggle klekzee/phillipines-housing-market (portal scrape, 2024)"
1307,4 BR Modern Chic House & Lot for Sale in Upper Antipolo near Robinsons Antipolo,"Inarawan, Antipolo",Antipolo,15000000,4,3,170.0,127.0,14.624656,121.180352,first,"Kaggle klekzee/phillipines-housing-market (portal scrape, 2024)"
1308,"Fully Furnished House and Lot for Sale in Canyon Woods near Tagaytay, Laurel","Tagaytay Nasugbu Hwy, 4213 Balayan, Philippines San Gregorio, Laurel",Laurel,17000000,3,4,800.0,290.0,14.109051,120.956103,first,"Kaggle klekzee/phillipines-housing-market (portal scrape, 2024)"
1309,"Barandal, Calamba City, Foreclosed Residential – House and Lot- 10001000012389","Block 9, Lot 23, Along Road Lot 4, Carmel Village Phase 2B Barandal, Calamba",Calamba,1350000,1,1,48.0,80.0,14.18789,121.125168,first,"Kaggle klekzee/phillipines-housing-market (portal scrape, 2024)"
1310,"For Sale: House and Lot in Camella Cabid-An, Sorsogon along Maharlika Highway","Cabid-An, Sorsogon Cabid-An, Sorsogon",Sorsogon,6142000,3,2,66.0,88.0,12.974248,124.039891,first,"Kaggle klekzee/phillipines-housing-market (portal scrape, 2024)"
1311,"The 3-Bedroom Townhouse for Sale in Lancaster New City in Imus, Cavite","Alapan Ii-B, Imus",Imus,2666000,3,2,60.0,50.0,14.400794,120.907707,first,"Kaggle klekzee/phillipines-housing-market (portal scrape, 2024)"
1312,SMART HOME in DAANG HARI 4 BR House and Lot - BACOOR,"Daang Hari Road, Bacoor",Bacoor,,4,4,131.0,141.0,14.390641,120.979292,first,"Kaggle klekzee/phillipines-housing-market (portal scrape, 2024)"
1313,"3 Bedroom Single Detached Unit at Elisa Homes in Bacoor, Cavite (St. Raphael)-Buyer","Molino-Paliparan Rd Molino Iv, Bacoor",Bacoor,8000000,3,2,81.0,120.0,14.369669,120.981032,first,"Kaggle klekzee/phillipines-housing-market (portal scrape, 2024)"
1314,Brand New Modern Industrial House and Lot For Sale in Kingsville Royale Antipolo,"Inarawan, Antipolo",Antipolo,15000000,4,3,258.0,180.0,14.624656,121.180352,first,"Kaggle klekzee/phillipines-housing-market (portal scrape, 2024)"
1315,"L-R-1-1000- Acquired Property for Sale in Lot 9, Block 236, Vermillon Drive, Mabuhay City Subdivision, Phase 1-E, Brgy. Mamatid, Cabuyao City, Laguna","Mamatid, Cabuyao",Cabuyao,1189675,,,72.3,81.0,14.235037,121.151888,first,"Kaggle klekzee/phillipines-housing-market (portal scrape, 2024)"
1316,"House for Sale in Doña Pilar Sasa, Davao City","Dona Pilar Sasa, Davao City Sasa, Davao",Davao,16000000,5,4,167.0,152.0,7.120101,125.650584,first,"Kaggle klekzee/phillipines-housing-market (portal scrape, 2024)"
1317,"800sqm 5BR Airy & Bright Modern House For Sale in Ayala Alabang, Muntinlupa City","Ayala Alabang, Muntinlupa",Muntinlupa,213000000,5,5,800.0,660.0,14.42261,121.026941,first,"Kaggle klekzee/phillipines-housing-market (portal scrape, 2024)"
1318,"Affordable and Good Quality House For Sale Here in Porac, Pampanga","Salu, Porac",Porac,869000,1,1,32.0,62.0,15.018837,120.541295,first,"Kaggle klekzee/phillipines-housing-market (portal scrape, 2024)"
1319,"6-Bedroom House and Lot For Sale in Royale Cebu Subdivision, Consolacion","Poblacion Occidental, Consolacion",Consolacion,22000000,6,5,400.0,394.0,10.374186,123.95294,first,"Kaggle klekzee/phillipines-housing-market (portal scrape, 2024)"
1320,"3 Bedroom Single Attached House and Lot For Sale in Alaminos, Laguna","Brgy 3 Poblacion Alaminos Laguna Barangay Iii, Alaminos",Alaminos,6270000,3,2,77.0,140.0,14.072848,121.25564,first,"Kaggle klekzee/phillipines-housing-market (portal scrape, 2024)"
1321,A 3 Bedroom House and Lot Available in Silang Cavite Near Tagaytay.,"Kalubkob, Silang",Silang,5781000,3,3,108.0,117.0,14.208871,120.952871,first,"Kaggle klekzee/phillipines-housing-market (portal scrape, 2024)"
1322,"Jibao-An, Pavoa, Foreclosed Residential – House and Lot - 10080000000416","Lot 13 Block 17, Along Road Lot 22. Camella Lessandra A Jibao-An, Pavia",Pavia,1300000,1,1,48.0,70.0,10.755535,122.515659,first,"Kaggle klekzee/phillipines-housing-market (portal scrape, 2024)"
1323,"L-R-1-1295: Acquired Property House and Lot for Sale in Lot 17, Block 12, Apo St., Brgy. Mabini Homesite, Cabanatuan City, Nueva Ecija","Lot 17, Block 12, Apo St., Brgy. Mabini Homesite, Cabanatuan City, Nueva Ecija Mabini Homesite, Cabanatuan",Cabanatuan,1412800,1,,64.0,180.0,15.478573,120.977895,first,"Kaggle klekzee/phillipines-housing-market (portal scrape, 2024)"
1324,House and Lot for sale at Sunrise Alexa Subdivision Hills (Louvelle Model),"Dely St Muntingdilaw, Antipolo",Antipolo,7257800,3,2,93.0,155.0,14.59847,121.128293,first,"Kaggle klekzee/phillipines-housing-market (portal scrape, 2024)"
1325,For Sale Pre-selling Modern Design Two (2) Storey Single House and Lot Las Piñas,"Talon Dos, Las Pinas",Las Pinas,15800000,4,3,175.0,115.3,14.433089,120.984705,first,"Kaggle klekzee/phillipines-housing-market (portal scrape, 2024)"
1326,"2-Bedrooms Mikaela RFO Townhouse for Sale in Camella Aklan at Numancia, Aklan","Joyao-Joyao, Numancia",Numancia,2959000,2,1,46.0,44.0,11.696384,122.331027,first,"Kaggle klekzee/phillipines-housing-market (portal scrape, 2024)"
1327,"For Sale Ready For Occupancy 2 Bedrooms Rowhouse in Numancia, Aklan","Joyao-Joyao, Numancia, Western Visayas, Philippines Joyao-Joyao, Numancia",Numancia,1969000,1,1,22.0,44.0,11.696384,122.331027,first,"Kaggle klekzee/phillipines-housing-market (portal scrape, 2024)"
1328,"House & Lot for Sale in Kishanta Subd., Talisay, Cebu | 3 Bedroom","Lagtang, Talisay, Central Visayas, Philippines Lagtang, Talisay",Talisay,13000000,3,2,172.0,150.0,10.269869,123.834224,first,"Kaggle klekzee/phillipines-housing-market (portal scrape, 2024)"
1329,2 Bedroom Townhouse For Sale in Camella Pili near CWC and Naga Airport,"Maharlika Hwy, 4418 Pili, Philippines Palestina, Pili",Pili,,2,2,42.0,,13.563815,123.269788,first,"Kaggle klekzee/phillipines-housing-market (portal scrape, 2024)"
1330,"Unfinished House and Lot for Sale in Concepcion Uno, Marikina","Concepcion Uno, Marikina",Marikina,6500000,5,3,300.0,380.0,14.651074,121.103823,first,"Kaggle klekzee/phillipines-housing-market (portal scrape, 2024)"
1331,"Brand New Single Detached House for Sale in BF Resort, Las Piñas","Talon Uno, Las Pinas",Las Pinas,15000000,4,4,220.0,111.0,14.44789,120.985398,first,"Kaggle klekzee/phillipines-housing-market (portal scrape, 2024)"
1332,2 Bedroom House and Lot Unit for Sale at White Plains Porac (Tangerine),"Salu, Porac",Porac,1227000,2,1,39.0,107.0,15.018837,120.541295,first,"Kaggle klekzee/phillipines-housing-market (portal scrape, 2024)"
1333,"L-TH-1-134- Acquired Property for Sale in Lot 2A, Psd 394736, Cogeo Avenue, Cogeo Village, Brgy. Bagong Nayon, Antipolo City, Rizal - Retail","Bagong Nayon, Antipolo",Antipolo,3398700,1,,243.0,77.0,14.626188,121.168501,first,"Kaggle klekzee/phillipines-housing-market (portal scrape, 2024)"
1334,For Sale: 2 Storey Townhouse in Antipolo City w/ 3BR (nr Robinson’s Mall) PH2857,"Cupang, Antipolo",Antipolo,6560400,3,2,99.3,60.7,14.636006,121.124048,first,"Kaggle klekzee/phillipines-housing-market (portal scrape, 2024)"
1335,"Fully Furnished House For Sale in Villa de Mercedes Subd. in Toril, Davao City","Toril, Davao",Davao,19500000,4,4,330.0,550.0,7.038071,125.465138,first,"Kaggle klekzee/phillipines-housing-market (portal scrape, 2024)"
1336,2-Bedroom Single Firewall Ezabelle Unit House for sale in Camella Sorsogon - Pre-selling,"Camella Homes, Cabid-An, Sorsogon, Bicol, Philippines Cabid-An, Sorsogon",Sorsogon,4340000,2,1,46.0,66.0,12.97666,124.039307,first,"Kaggle klekzee/phillipines-housing-market (portal scrape, 2024)"
1337,"5BR Multi-Level Modern House and Lot for Sale in Greenwoods Exec. Village,Cainta","San Andres, Cainta",Cainta,26500000,5,5,350.0,150.0,14.573892,121.111182,first,"Kaggle klekzee/phillipines-housing-market (portal scrape, 2024)"
1338,"Brandnew House and Lot for sale in Woodridge Subd Ma-a, Davao City","Ma-A, Davao",Davao,16000000,4,4,202.0,180.0,7.080714,125.582716,first,"Kaggle klekzee/phillipines-housing-market (portal scrape, 2024)"
1339,House for Sale in Naic Cavite,"Timalan Balsahan, Naic",Naic,1600000,2,1,47.0,54.0,14.335894,120.787139,first,"Kaggle klekzee/phillipines-housing-market (portal scrape, 2024)"
1340,House and lot for Sale Dasmarinas for as low as 12000 Monthly Thru Pag ibig,"Langkaan I, Dasmarinas",Dasmarinas,2068000,2,1,44.5,58.5,14.293724,120.936684,first,"Kaggle klekzee/phillipines-housing-market (portal scrape, 2024)"
1341,"4-Bedroom House and lot for sale in Molino III, Bacoor, Cavite RFO","Along Molino Road Molino Iii, Bacoor",Bacoor,8231063,4,3,98.0,131.0,14.396947,120.941335,first,"Kaggle klekzee/phillipines-housing-market (portal scrape, 2024)"
1342,"House and Lot for Sale at SRE1 near Solenad, All Home, Nuvali. Santa Rosa City!","Don Jose, Santa Rosa",Santa Rosa,18000000,5,4,304.0,200.0,14.254829,121.066462,first,"Kaggle klekzee/phillipines-housing-market (portal scrape, 2024)"
1343,"L-R-1-1134- Acquired Property  for Sale in Lots 329-C-3 and 329-C-1-A, Brgy. Talisay, Calatagan, Batangas","Talisay, Calatagan",Calatagan,8825300,,,375.0,1768.0,13.90734,120.627555,first,"Kaggle klekzee/phillipines-housing-market (portal scrape, 2024)"
1344,"L-S-5-201604-2:Acquired Property for Sale Lot 11-B, Emerald Coast Executive Village, Brgy. Peas/Duale, Limay, Bataan","Duale, Limay",Limay,1665200,1,,80.0,62.0,14.557832,120.587472,first,"Kaggle klekzee/phillipines-housing-market (portal scrape, 2024)"
1345,"L-R-1-1025- Acquired Property for Sale in Lot 16, Block 25, Mimosa Lane St., Acacia Park Homes Subdivision, Brgy. Saimsim, Calamba City, Laguna","Saimsim, Calamba",Calamba,3500000,,,157.3,65.0,14.167438,121.146168,first,"Kaggle klekzee/phillipines-housing-market (portal scrape, 2024)"
1346,"Alyza Single Detached in Victoria South of Alabang, Muntinlupa","Tunasan, Muntinlupa",Muntinlupa,13000000,3,3,140.0,240.0,14.380113,121.051483,first,"Kaggle klekzee/phillipines-housing-market (portal scrape, 2024)"
1347,Charming and Cozy Feels Duplex House and Lot For Sale in Lower Antipolo,"Mayamot, Antipolo",Antipolo,13000000,4,3,144.0,120.0,14.624835,121.121359,first,"Kaggle klekzee/phillipines-housing-market (portal scrape, 2024)"
1348,"For Sale Modern Design Corner Three (3) Storey Single Attached House, Las Piñas","Talon Dos, Las Pinas",Las Pinas,15000000,5,4,240.0,122.0,14.433089,120.984705,first,"Kaggle klekzee/phillipines-housing-market (portal scrape, 2024)"
1349,House and Lot with Infinity Pool Brand New For Sale in Antipolo City,"Inarawan, Antipolo",Antipolo,50000000,4,5,495.0,521.0,14.624656,121.180352,first,"Kaggle klekzee/phillipines-housing-market (portal scrape, 2024)"
1350,"Suntrust Verona 4 Bedroom House and Lot for Sale in Silang, Cavite,- Gisella","Hoyo, Silang",Silang,6546210,4,2,116.4,176.0,14.195498,121.006491,first,"Kaggle klekzee/phillipines-housing-market (portal scrape, 2024)"
1351,"5BR Multi-Level Modern House and Lot for Sale in Greenwoods Exec. Village,Cainta","San Andres, Cainta",Cainta,26500000,5,5,350.0,150.0,14.573892,121.111182,repeat,"Kaggle klekzee/phillipines-housing-market (portal scrape, 2024)"
1352,"V-R-2-113: Acquired Property  for Sale in Lot 18 and 20, Block 3, Road Lot 3, Edzaville Subdivision, Brgy. Binicuil, Kabankalan, Negros Occidental","Binicuil, Kabankalan",Kabankalan,4202000,,,170.1,200.0,10.02164,122.822478,first,"Kaggle klekzee/phillipines-housing-market (portal scrape, 2024)"
1353,"5 Bedroom Mansion for sale in Ayala Alabang Village, Muntinlupa","Ayala Alabang, Muntinlupa",Muntinlupa,900000000,5,5,1080.0,2571.0,14.42261,121.026941,first,"Kaggle klekzee/phillipines-housing-market (portal scrape, 2024)"
1354,Newly Renovated 3 Bedroom House for Sale in BF Homes Parañaque,"B.F. Homes, Paranaque",Paranaque,17800000,3,2,280.0,280.0,14.446279,121.027411,first,"Kaggle klekzee/phillipines-housing-market (portal scrape, 2024)"
1355,"Modern Contemporary House for sale in Greenwoods Pasig city near Taguig, Makati","San Miguel, Pasig",Pasig,25000000,6,6,380.0,150.0,14.565868,121.085557,first,"Kaggle klekzee/phillipines-housing-market (portal scrape, 2024)"
1356,"3-Bedroom Townhouse For Sale in Lancris Premier, Don Bosco, Parañaque City","San Antonio, Paranaque, National Capital Region, Philippines Don Bosco, Paranaque",Paranaque,9488617,3,3,121.0,100.0,14.467409,121.025604,first,"Kaggle klekzee/phillipines-housing-market (portal scrape, 2024)"
1357,3 Bedroom Townhouse Unit for sale at Courtyards at Golden Horizon (Stefania),"Hugo Perez Rd Perez, Trece Martires",Trece Martires,2110795,3,2,64.3,50.0,14.282215,120.890555,first,"Kaggle klekzee/phillipines-housing-market (portal scrape, 2024)"
1358,Sale: 5 Bedrooms Brand New Townhouse in New Manila near Robinsons Magnolia,"New Manila, Quezon City",Quezon City,65000000,5,5,488.0,167.0,14.613414,121.029142,first,"Kaggle klekzee/phillipines-housing-market (portal scrape, 2024)"
1359,For Sale Brand New Modern Design Two (2) Storey Triplex House and Lot Parañaque,"Sun Valley, Paranaque, National Capital Region, Philippines Sun Valley, Paranaque",Paranaque,9200000,4,3,118.7,66.0,14.49175,121.039863,first,"Kaggle klekzee/phillipines-housing-market (portal scrape, 2024)"
1360,Single Attached House and Lot For Sale in Zabarte Subd. Quezon City,"Penguin St., Zabarte Subd., Quezon City Kaligayahan, Quezon City",Quezon City,5480000,3,2,94.4,60.0,14.739411,121.05098,first,"Kaggle klekzee/phillipines-housing-market (portal scrape, 2024)"
1361,"For Sale > 3 Bedroom House and Lot in Dasmariñas, Cavite inside FCIE Compound","Langkaan I, Dasmarinas",Dasmarinas,3200000,3,2,110.0,150.0,14.293724,120.936684,first,"Kaggle klekzee/phillipines-housing-market (portal scrape, 2024)"
1362,Townhouse for sale at Sunrise Alexa Subdivision Hills (Jaden Model),"Dely St Muntingdilaw, Antipolo",Antipolo,5324500,2,2,88.0,60.0,14.59847,121.128293,first,"Kaggle klekzee/phillipines-housing-market (portal scrape, 2024)"
1363,"L-S-5-201604-3- Acquired Property for Sale in Unit 13-A, Ruby St.,  EMERALD COAST EXECUTIVE VILLAGE, Brgy. Peas/Duale, Limay, Bataan - Sub","Duale, Limay",Limay,1665200,1,,80.0,62.0,14.557832,120.587472,first,"Kaggle klekzee/phillipines-housing-market (portal scrape, 2024)"
1364,"For Sale 3-Storey Country House in Golden City in Taytay, Rizal","Taytay, Calabarzon, Philippines San Isidro, Taytay",Taytay,,6,5,300.0,139.0,14.578587,121.139033,first,"Kaggle klekzee/phillipines-housing-market (portal scrape, 2024)"
1365,Brandnew house w pool im Mckinley Hill nr BGC Taguig,"Mckinley Hill, Taguig",Taguig,208000000,5,6,642.0,288.0,14.533049,121.052429,first,"Kaggle klekzee/phillipines-housing-market (portal scrape, 2024)"
1366,"House for Sale with Swimming Pool in Merville Park, Parañaque City","Merville, Paranaque",Paranaque,78000000,4,4,300.0,705.0,14.501909,121.026668,first,"Kaggle klekzee/phillipines-housing-market (portal scrape, 2024)"
1367,"L-R-1-831- Acquired Property for Sale in Lot 7 & 8, Block 1, Andaman Village, Brgy. Gulang - Gulang, Lucena City, Quezon - Retail","Gulang-Gulang, Lucena",Lucena,6691520,,,379.0,308.0,13.96075,121.60979,first,"Kaggle klekzee/phillipines-housing-market (portal scrape, 2024)"
1368,"Corner House and Lot with Basement in Sun Valley Residential Estate, Antipolo","Inarawan, Antipolo",Antipolo,68000000,7,7,884.0,523.0,14.624656,121.180352,first,"Kaggle klekzee/phillipines-housing-market (portal scrape, 2024)"
1369,"Brand New House for Sale in South Forbes Villas,  near Ayala Westgrove Heights","Inchican, Silang",Silang,17990000,3,2,220.0,150.0,14.251055,121.052737,first,"Kaggle klekzee/phillipines-housing-market (portal scrape, 2024)"
1370,"Fully Furnished House and Lot for Sale in Forbes Park, Makati","Forbes Park, Makati, National Capital Region, Philippines Forbes Park, Makati",Makati,2500000000,5,7,2100.0,1525.0,14.54656,121.037613,first,"Kaggle klekzee/phillipines-housing-market (portal scrape, 2024)"
1371,Valle Verde 2 Maintained House and Lot for Sale in Pasig City,"Valle Verde 2, Pasig",Pasig,165000000,4,4,,509.0,14.581705,121.072744,first,"Kaggle klekzee/phillipines-housing-market (portal scrape, 2024)"
1372,"V-R-2-102: Acquired Property  for Sale in Lot 29, Block 7, Road Lot 2, Golden River Village, Brgy. Taculing, Bacolod City, Negros Occidental","Taculing, Bacolod",Bacolod,2663200,,,90.0,96.0,10.647965,122.952962,first,"Kaggle klekzee/phillipines-housing-market (portal scrape, 2024)"
1373,Rush For Assume House and Lot for sale Located at Cagayan de Oro,"Lumbia, Cagayan De Oro",Cagayan De Oro,,4,3,85.0,99.0,8.398235,124.595222,first,"Kaggle klekzee/phillipines-housing-market (portal scrape, 2024)"
1374,Spacious 4 Bedroom with comfort room For Sale - House and Lot in Lapu-Lapu City,"Agus, Lapu-Lapu",Lapu-Lapu,9000000,4,5,156.0,150.0,10.280755,123.984302,first,"Kaggle klekzee/phillipines-housing-market (portal scrape, 2024)"
1375,St Joseph Ridgeview 01/24 Update | Single Attached House for sale in San Pedro,"Langgam, San Pedro",San Pedro,2484027,1,1,26.0,84.0,14.326921,121.017831,first,"Kaggle klekzee/phillipines-housing-market (portal scrape, 2024)"
1376,[05094-CEB-138] Townhouse for sale in Brgy Lahug at Cebu City Cebu,"Lot 74 G And F Wilson Street ( Interior Of Fulton Street ) Barangay Lahug Cebu City Cebu Lahug, Cebu",Cebu,6500000,3,4,184.0,130.0,10.335196,123.902654,first,"Kaggle klekzee/phillipines-housing-market (portal scrape, 2024)"
1377,Preselling 3 Bedroom 2 Carpark In Parang Marikina,"Parang, Marikina",Marikina,6500000,3,2,81.0,88.8,14.658944,121.111817,first,"Kaggle klekzee/phillipines-housing-market (portal scrape, 2024)"
1378,Townhouse For Sale in North Fairview with 1 Car Garage and 3 Bedrooms. PH2594,"Fairview, Quezon City",Quezon City,6950000,3,3,96.0,60.0,14.705523,121.074282,first,"Kaggle klekzee/phillipines-housing-market (portal scrape, 2024)"
1379,"7 Bedroom House and Lot For Sale at Muntinlupa, Metro Manila","Alabang, Muntinlupa",Muntinlupa,63500000,7,7,700.0,460.0,14.418564,121.044722,first,"Kaggle klekzee/phillipines-housing-market (portal scrape, 2024)"
1380,elegant single detached house in bf resort village las pinas city,"Talon Dos Bf Resort Talon Dos, Las Pinas",Las Pinas,15000000,4,3,210.0,111.0,14.433089,120.984705,first,"Kaggle klekzee/phillipines-housing-market (portal scrape, 2024)"
1381,"2 Bedroom House and Lot for Sale at Grand Royale in Malolos, Bulacan (Freya)","Bulihan, Malolos",Malolos,3812480,2,2,52.0,96.0,14.861428,120.80675,first,"Kaggle klekzee/phillipines-housing-market (portal scrape, 2024)"
1382,4 Bedroom Stunning Pre-selling House and Lot For Sale in Paranaque City,"B.F. Homes, Paranaque",Paranaque,45000000,4,4,350.0,280.0,14.446279,121.027411,first,"Kaggle klekzee/phillipines-housing-market (portal scrape, 2024)"
1383,"Rent-to-Own 3 Bedroom in Sunny Homes, Padre Garcia, Batangas For Sale","Banaybanay, Padre Garcia",Padre Garcia,2300000,3,1,48.0,52.0,13.89982,121.218229,first,"Kaggle klekzee/phillipines-housing-market (portal scrape, 2024)"
1384,2 Storey House and Lot with Spacious Garden in Baguio City,"Bakakeng North, Baguio",Baguio,20000000,3,4,280.0,408.0,16.38366,120.59123,first,"Kaggle klekzee/phillipines-housing-market (portal scrape, 2024)"
1385,"For sale 3 Bedroom House with Swimming Pool, 4 Bathroom, Car Park, 1 Maidroom","Hibok-Hibok, Block 20, Lot 12, Pulu Amsic Subdivision Amsic, Angeles",Angeles,19900000,3,4,240.0,246.0,15.157801,120.569181,first,"Kaggle klekzee/phillipines-housing-market (portal scrape, 2024)"
1386,"For Sale > Single Detached corner House, St . Francis Homes XI, Biñan Laguna","St. Francis Homes Xi, Binan Laguna Canlalay, Binan",Binan,9000000,5,3,280.0,279.0,14.322993,121.092795,first,"Kaggle klekzee/phillipines-housing-market (portal scrape, 2024)"
1387,"Ready For Occupancy House and Lot for Sale in San Pablo, Laguna","San Vicente, San Pablo",San Pablo,3500000,3,2,57.4,80.0,14.022669,121.341639,first,"Kaggle klekzee/phillipines-housing-market (portal scrape, 2024)"
1388,3 Bedrooms and 2 Car garage Townhouse For Sale in Antipolo City PH2885,"Antipolo, Calabarzon, Philippines San Roque, Antipolo",Antipolo,6503750,3,3,130.7,60.0,14.573705,121.170855,first,"Kaggle klekzee/phillipines-housing-market (portal scrape, 2024)"
1389,"4 Bedroom Single Attached Unit for sale at Santevi in San Pablo, Laguna","Pan-Philippine Hwy San Vicente, San Pablo",San Pablo,3700000,4,2,85.0,74.0,14.006015,121.336227,first,"Kaggle klekzee/phillipines-housing-market (portal scrape, 2024)"
1390,[04783-C-251] House & Lot for sale in Laguna Bel-Air 2 at Sta Rosa City Laguna,Sta Rosa City Laguna,Sta Rosa City Laguna,6800000,4,3,187.2,137.0,14.277583,121.092687,first,"Kaggle klekzee/phillipines-housing-market (portal scrape, 2024)"
1391,"L-R-1-534- Acquired Property for Sale in Lot 32, Block 10, Wilfredo St., San Rafael Estate, Phase 2, Brgy. San Antonio / Santiago, Sto. Tomas, Batangas - Retail","San Antonio, Santo Tomas",Santo Tomas,7352100,,,229.7,288.0,15.861588,120.564115,first,"Kaggle klekzee/phillipines-housing-market (portal scrape, 2024)"
1392,"3 Bedroom Townhouse Unit for sale at Santevi in San Pablo, Laguna","Pan-Philippine Hwy San Vicente, San Pablo",San Pablo,2600000,3,2,54.7,50.0,14.006015,121.336227,first,"Kaggle klekzee/phillipines-housing-market (portal scrape, 2024)"
1393,RFO 2 Storey Townhouse For Sale w/ 4BR in Marikina Heights PH2886,"Panorama St, 1811 Marikina, Philippines Marikina Heights, Marikina",Marikina,6600000,4,2,140.0,70.0,14.63942,121.128904,first,"Kaggle klekzee/phillipines-housing-market (portal scrape, 2024)"
1394,"For Sale: 3-BR Two-Storey House and Lot (San Fernando City, Pampanga)","Del Carmen, San Fernando",San Fernando,5000000,3,2,150.0,81.0,15.048745,120.688289,first,"Kaggle klekzee/phillipines-housing-market (portal scrape, 2024)"
1395,3 Bedroom House and Lot for Sale at Menzi New Town in Bukidnon (Kentisbury),"Damilag, Manolo Fortich",Manolo Fortich,1700000,3,2,52.5,116.0,8.355328,124.812605,first,"Kaggle klekzee/phillipines-housing-market (portal scrape, 2024)"
1396,"Tungkop, Minglanilla, Foreclosed Residential – House and Lot - 10067000001707","Lot 12, Block 8, Along Unnamed Subd. Road, Tungkop, Minglanilla",Minglanilla,3200000,1,1,124.0,124.0,10.240811,123.787471,first,"Kaggle klekzee/phillipines-housing-market (portal scrape, 2024)"
1397,"L-R-1-1057- Acquired Property for Sale in Lot 269, Lopez Jaena St., Brgy. Poblacion 2, Batangas City, Batangas","Barangay 2, Batangas City",Batangas City,5728000,1,,329.0,172.0,13.755265,121.060825,first,"Kaggle klekzee/phillipines-housing-market (portal scrape, 2024)"
1398,"Mandalagan, Bacolod, Foreclosed Residential – House and Lot - 10088000000266","Lot 15 Block 4, Along Road Lot 4, Camella Pine Grove Phase 2 Mandalagan, Bacolod",Bacolod,3100000,1,1,83.0,91.0,10.689608,122.973867,first,"Kaggle klekzee/phillipines-housing-market (portal scrape, 2024)"
1399,15M | House and Lot for Sale in Mayamot Antipolo City,"Mayamot, Antipolo",Antipolo,15000000,3,3,160.0,120.0,14.624835,121.121359,first,"Kaggle klekzee/phillipines-housing-market (portal scrape, 2024)"
1400,"House for Sale in San Pedro, Laguna","Calendola, San Pedro",San Pedro,,1,1,26.0,60.0,14.342312,121.0362,first,"Kaggle klekzee/phillipines-housing-market (portal scrape, 2024)"
1401,"L-R-1-1286: Acquired Property House and Lot for Sale in Lot 2, Block 23, Calle Cantabria, Camella Solamente, Brgy. Soro-Soro Karsada, Batangas City, Batangas","Lot 2, Block 23, Calle Cantabria, Camella Solamente, Brgy. Soro-Soro Karsada, Batangas City, Batangas Sorosoro Karsada, Batangas City",Batangas City,2530398,1,,67.6,88.0,13.799945,121.076479,first,"Kaggle klekzee/phillipines-housing-market (portal scrape, 2024)"
1402,"Two Storey RFO 3 Bedroom Duplex House for Sale in Hermosa, Bataan","Balsic, Hermosa",Hermosa,2100000,3,1,70.0,118.0,14.864511,120.490254,first,"Kaggle klekzee/phillipines-housing-market (portal scrape, 2024)"
1403,2 Bedroom House and Lot Unit for Sale at White Plains Porac (Jasmine),"Salu, Porac",Porac,1788000,2,1,44.0,107.0,15.018837,120.541295,first,"Kaggle klekzee/phillipines-housing-market (portal scrape, 2024)"
1404,Tagaytay Executive Semi-Furnished House For Sale near Fora Mall,"Olivarez Tagaytay San Jose, Tagaytay",Tagaytay,14900000,5,7,350.0,264.0,14.119626,120.957719,first,"Kaggle klekzee/phillipines-housing-market (portal scrape, 2024)"
1405,"2 Bedroom Siena Single Attached for sale at Paradisimo in Malainen Luma, Cavite","Malainen Luma, Naic",Naic,1815200,2,1,38.0,84.0,14.270612,120.791922,first,"Kaggle klekzee/phillipines-housing-market (portal scrape, 2024)"
1406,"2 Bedroom End Unit Townhouse at Elisa Homes in Bacoor, Cavite (Canalily Model)-Investment","Molino-Paliparan Rd Molino Iv, Bacoor",Bacoor,3697532,2,1,42.4,72.0,14.369669,120.981032,first,"Kaggle klekzee/phillipines-housing-market (portal scrape, 2024)"
1407,"3 Bedroom Townhouse Unit at Marquina Residences in Antipolo, Rizal","Santan St Cupang, Antipolo",Antipolo,4150000,3,2,78.3,50.0,14.637161,121.133269,first,"Kaggle klekzee/phillipines-housing-market (portal scrape, 2024)"
1408,"3-Bedroom House For Sale in Treelane Subdivision, Imus, Cavite","Carsadang Bago, Imus, Calabarzon, Philippines Carsadang Bago I, Imus",Imus,3200000,3,3,94.0,50.0,14.429095,120.928898,first,"Kaggle klekzee/phillipines-housing-market (portal scrape, 2024)"
1409,"L-R-1-900- Acquired Property for Sale in Lot 15159, Pinsal Falls Road, Brgy. Laslasong Sur, Santa Maria, Ilocos Sur","Laslasong Sur, Santa Maria",Santa Maria,4763300,,,225.0,1382.0,17.388063,120.494962,first,"Kaggle klekzee/phillipines-housing-market (portal scrape, 2024)"
1410,BF Homes House for Sale Parañaque,"B.F. Homes, Paranaque",Paranaque,32500000,5,4,370.0,280.0,14.446279,121.027411,first,"Kaggle klekzee/phillipines-housing-market (portal scrape, 2024)"
1411,"Modern 4BR House and Lot for sale - Lindenwood, Muntinlupa City","Tunasan, Muntinlupa",Muntinlupa,50000000,4,4,475.0,338.0,14.380113,121.051483,first,"Kaggle klekzee/phillipines-housing-market (portal scrape, 2024)"
1412,"Duplex House For Sale in New Intramuros Village, Quezon City","Diliman, Quezon City",Quezon City,13000000,3,3,180.0,60.0,14.636129,121.033584,first,"Kaggle klekzee/phillipines-housing-market (portal scrape, 2024)"
1413,"L-R-1-1310: Acquired Property House & Lot for Sale in Lot 1, Block 21A, Costa Brava corner Girona Sts., Montefaro West Village, Phase 3, Brgy. Bucandala, Imus City, Cavite","Lot 1, Block 21A, Costa Brava Corner Girona Sts., Montefaro West Village, Phase 3, Brgy. Bucandala, Imus City, Cavite Alapan I-B, Imus",Imus,2783100,1,,69.0,129.0,14.420584,120.923422,first,"Kaggle klekzee/phillipines-housing-market (portal scrape, 2024)"
1414,MODERN SCANDINAVIAN HOUSE IN ANGELES CITY,"Amsic, Angeles",Angeles,12800000,4,4,128.0,150.0,15.156003,120.570803,first,"Kaggle klekzee/phillipines-housing-market (portal scrape, 2024)"
1415,3Story House and Lot for Sale in San Mateo Woodland Hills With view Deck,"Silangan, San Mateo",San Mateo,14000000,3,3,240.0,152.0,14.656719,121.150809,first,"Kaggle klekzee/phillipines-housing-market (portal scrape, 2024)"
1416,"L-R-1-339- Acquired Property for Sale in Lot 39, Block 5, Italy Street, Ivory Crest Village, Brgy. Salitran, Dasmari","Salitran I, Dasmarinas",Dasmarinas,2180000,,,116.0,55.0,14.350232,120.937867,first,"Kaggle klekzee/phillipines-housing-market (portal scrape, 2024)"
1417,"2 Bedroom House & Lot For Sale at Kohana Grove, Silang, Cavite","Sabutan, Silang",Silang,3500000,2,2,67.0,80.0,14.22995,120.974336,first,"Kaggle klekzee/phillipines-housing-market (portal scrape, 2024)"
1418,"L-R-1-873- Acquired Property for Sale in Lot 6014 Cad-381-D, Brgy. Nambalan, Santa Ignacia, Tarlac - Retail","Nambalan, Santa Ignacia",Santa Ignacia,359600,,,64.0,334.0,15.600566,120.459403,first,"Kaggle klekzee/phillipines-housing-market (portal scrape, 2024)"
1419,"L-S-1-201604-77- Acquired Property for Sale in Block 4, Lot 10, Kensington Village, Lancaster New City, Brgy. Navarro, Gen. Trias, Cavite","Navarro, General Trias",General Trias,1822290,,,63.8,50.0,14.38637,120.901773,first,"Kaggle klekzee/phillipines-housing-market (portal scrape, 2024)"
1420,Elegant Brand New Townhouse For Sale in BF Homes Paranaque. Semi-Furnished.,"B. F. Homes, Paranaque, National Capital Region, Philippines B.F. Homes, Paranaque",Paranaque,31800000,5,,470.0,165.0,14.451633,121.024794,first,"Kaggle klekzee/phillipines-housing-market (portal scrape, 2024)"
1421,"L-R-1-436- Acquired Property for Sale in Lot 11, Block 2, Road Lot K (Road Lot 1), Victoria Subdivision, Brgy. De La Paz, Bi","De La Paz, Binan",Binan,3953040,,,337.7,289.0,14.348972,121.08492,first,"Kaggle klekzee/phillipines-housing-market (portal scrape, 2024)"
1422,"80 sqm Lot with 3 Bedrooms near Congressional, Quezon City","Congressional Avenue, Quezon City",Quezon City,10900000,3,1,140.0,80.0,14.667943,121.034044,first,"Kaggle klekzee/phillipines-housing-market (portal scrape, 2024)"
1423,4-Bedroom House with Garden for Sale at Orchard Golf and Country Club Dasmariñas,"Salitran I, Dasmarinas",Dasmarinas,35000000,4,4,301.0,491.0,14.350232,120.937867,first,"Kaggle klekzee/phillipines-housing-market (portal scrape, 2024)"
1424,"L-R-1-351- Acquired Property for Sale in Lot 11, Block 4, Road Lot 3, Villa Corazon III Subdivision, Brgy. Poblacion / Sta. Clara Sur, Pila, Laguna - Retail","Santa Clara Sur, Pila",Pila,1378190,,,78.1,110.0,14.227467,121.365473,first,"Kaggle klekzee/phillipines-housing-market (portal scrape, 2024)"
1425,Beautiful well maintained House and Lot for sale in Camella Homes Silang,"Buho, Silang",Silang,8500000,3,3,120.0,108.0,14.138665,120.955398,first,"Kaggle klekzee/phillipines-housing-market (portal scrape, 2024)"
1426,Prime Two Storey Fourplex 4 Bedroom For Sale along C6 Highway Taytay Rizal,"San Juan, Taytay",Taytay,4700000,4,4,120.0,60.0,14.558564,121.136031,first,"Kaggle klekzee/phillipines-housing-market (portal scrape, 2024)"
1427,"Single Detached Pre-owned House and Lot For Sale in Better Living, Paranaque","Don Bosco, Paranaque",Paranaque,15500000,4,3,260.0,200.0,14.48433,121.031421,first,"Kaggle klekzee/phillipines-housing-market (portal scrape, 2024)"
1428,"Brand New House and Lot for sale in Granville Subdivision, Davao City","Catalunan Pequeno, Davao",Davao,3000000,2,1,36.0,120.0,7.075435,125.520254,first,"Kaggle klekzee/phillipines-housing-market (portal scrape, 2024)"
1429,"345 sqm Lot with 7 Bedrooms in Tokyo Mansions, Silang, Cavite","Inchican, Silang",Silang,39000000,7,4,300.0,345.0,14.251055,121.052737,first,"Kaggle klekzee/phillipines-housing-market (portal scrape, 2024)"
1430,"Ready to Occupy & Fully Furnished House and Lot for Sale in San Remigio, Cebu","Tambongon, San Remigio",San Remigio,3500000,,,30.0,915.0,11.011334,123.927405,first,"Kaggle klekzee/phillipines-housing-market (portal scrape, 2024)"
1431,For Sale: Single Attached 3 bedrooms in Caloocan nr in SM Fairview with parking,"Saranay Road Bagumbong Caloocan City Bagumbong, Caloocan",Caloocan,4438000,3,2,72.0,80.0,14.754782,121.025667,first,"Kaggle klekzee/phillipines-housing-market (portal scrape, 2024)"
1432,"3 Bedroom Townhouse For Sale in Westdale Villas, Tanza via Cavitex","Punta I, Tanza",Tanza,1690000,3,1,45.0,36.0,14.35217,120.859848,first,"Kaggle klekzee/phillipines-housing-market (portal scrape, 2024)"
1433,"2-Storey Townhouse for sale in Rosario, Pasig City, Metro Manila","De Castro Ave, Pasig, Philippines Rosario, Pasig",Pasig,7000000,3,3,110.0,73.0,14.588065,121.09729,first,"Kaggle klekzee/phillipines-housing-market (portal scrape, 2024)"
1434,"Fully Furnished House and lot For Sale in Taytay, Rizal near SM Taytay",Taytay,Taytay,9000000,4,2,160.0,111.0,14.5707,121.13202,first,"Kaggle klekzee/phillipines-housing-market (portal scrape, 2024)"
1435,Brand New Two-Storey Single Detached Modern House for sale in Parañaque,"B.F. Homes, Paranaque",Paranaque,24000000,3,3,290.0,204.0,14.446279,121.027411,first,"Kaggle klekzee/phillipines-housing-market (portal scrape, 2024)"
1436,"2 Bedroom, 2 Storey House and Lot for Sale in Alaminos Laguna (1st Class Subd.)","Barangay Ii, Alaminos",Alaminos,4433750,2,2,106.0,138.0,14.073336,121.256544,first,"Kaggle klekzee/phillipines-housing-market (portal scrape, 2024)"
1437,2 Bedroom Single Attached Unit for sale at The Granary,"San Antonio Rd San Antonio, Binan",Binan,2750000,2,1,43.0,45.0,14.331369,121.085528,first,"Kaggle klekzee/phillipines-housing-market (portal scrape, 2024)"
1438,[04851-BAC-159] House & Lot for sale in Brgy Taculing at Bacolod City Negros Occidental,"Lot 5 Block 10 Torquise Street City Heights Subdivision Barangay Taculing Bacolod City Negros Occidental Taculing, Bacolod",Bacolod,7000000,3,4,226.0,240.0,10.652872,122.955398,first,"Kaggle klekzee/phillipines-housing-market (portal scrape, 2024)"
1439,"Rush Sale: Townhouse Unit in Vallejo Phase 3 Ext near Vermosa, Imus","Pasong Buaya Ii, Imus",Imus,3400000,2,1,80.0,57.5,14.381742,120.968223,first,"Kaggle klekzee/phillipines-housing-market (portal scrape, 2024)"
1440,"3 Bedroom Townhouse Unit at Bloomfield Heights in Antipolo, Rizal (Inner)","C. Lawis Ext San Luis, Antipolo",Antipolo,4000000,3,2,80.0,48.0,14.590873,121.188202,first,"Kaggle klekzee/phillipines-housing-market (portal scrape, 2024)"
1441,"4 Storey Semi Furnished Townhouse For Sale in Teachers Village, Quezon City","Teachers Village East, Quezon City",Quezon City,22600000,4,4,265.7,68.0,14.644231,121.059698,first,"Kaggle klekzee/phillipines-housing-market (portal scrape, 2024)"
1442,"Foreclosed Property For Sale in Mabuhay Homes in Santa Rosa, Laguna","Dila, Santa Rosa",Santa Rosa,3700000,,,200.0,372.0,14.289847,121.109587,first,"Kaggle klekzee/phillipines-housing-market (portal scrape, 2024)"
1443,"Townhouse For Sale in Teachers Village, Quezon City near Araneta Center","Teachers Village East, Quezon City",Quezon City,16000000,3,3,175.0,67.0,14.644231,121.059698,first,"Kaggle klekzee/phillipines-housing-market (portal scrape, 2024)"
1444,New Townhouse For Sale - Exclusive Village in Pasig City,"Santa Lucia, Pasig",Pasig,8530000,3,2,132.0,90.0,14.584264,121.101303,first,"Kaggle klekzee/phillipines-housing-market (portal scrape, 2024)"
1445,"Cara House & Lot 3 Bedroom with Balcony & Carport near Tagaytay for Sale, Silang","Biga I, Silang",Silang,7494000,3,2,66.0,121.0,14.244965,120.975701,first,"Kaggle klekzee/phillipines-housing-market (portal scrape, 2024)"
1446,CONTEMPORARY 5 Bedroom Townhome FOR SALE ALABANG MUNTINLUPA,"Alabang, Muntinlupa",Muntinlupa,,5,6,237.0,,14.418564,121.044722,first,"Kaggle klekzee/phillipines-housing-market (portal scrape, 2024)"
1447,3 Bedroom House and Lot (Unna Regular) at Phirst Park Homes Calamba,"Kaunlaran Rd Palo-Alto, Calamba",Calamba,4500505,3,2,54.0,96.0,14.185964,121.108153,first,"Kaggle klekzee/phillipines-housing-market (portal scrape, 2024)"
1448,[04750-O-318] Townhouse for sale in Cuesta Verde Executive Village at Antipolo City Rizal,"Lot 10 Block 21 Coolidge Street Cuesta Verde Executive Village Phase 2 Barangay Dalig Antipolo City Rizal Dalig, Antipolo",Antipolo,5200000,6,6,192.7,157.0,14.574249,121.181225,first,"Kaggle klekzee/phillipines-housing-market (portal scrape, 2024)"
1449,"L-R-1-1103 - Acquired Property for Sale in Lot 11, Block 3, (LRC) PSD-41084, Road Lot 1, Abacan Subdivision, Brgy. Calicanto, Batangas City, Batangas","Calicanto, Batangas City",Batangas City,4308966,,,185.4,346.0,13.764829,121.055784,first,"Kaggle klekzee/phillipines-housing-market (portal scrape, 2024)"
1450,"The Villages at Lipa Single Attached 5 Bedroom House For Sale in Lipa, Batangas","Bugtong Na Pulo, Lipa",Lipa,8365000,5,3,150.0,150.0,13.998431,121.167459,first,"Kaggle klekzee/phillipines-housing-market (portal scrape, 2024)"
1451,"RFO 3 Bedroom Duplex Bungalow House and Lot for Sale in Balsic, Hermosa, Bataan","Balsic, Hermosa",Hermosa,1700000,3,1,40.0,70.0,14.864511,120.490254,first,"Kaggle klekzee/phillipines-housing-market (portal scrape, 2024)"
1452,"L-R-1-373- Acquired Property for Sale in Lot 38, Block 10, Road Lot 3, Celina Homes Technopark Subdivision, Brgy. Loma, Bi","Loma, Binan",Binan,2000000,,,115.0,63.0,14.2813,121.064443,first,"Kaggle klekzee/phillipines-housing-market (portal scrape, 2024)"
1453,"3 Bedroom Townhouse for Sale in Hamilton Residences, Imus, Cavite","Bucandala Iii, Imus",Imus,3702000,3,,94.0,50.0,14.409919,120.925022,first,"Kaggle klekzee/phillipines-housing-market (portal scrape, 2024)"
1454,"Batal, Santiago City, Foreclosed Residential – House and Lot - 10079700000101","Lot 14 Block 6, Road Lot 2, Ruby Drive, Camella Santiago City Batal, Santiago",Santiago,3000000,1,1,90.0,119.0,16.697039,121.573792,first,"Kaggle klekzee/phillipines-housing-market (portal scrape, 2024)"
1455,"5 Bedroom Modern Tropical House and Lot For Sale in BF Homes, Paranaque City","B.F. Homes, Paranaque",Paranaque,36000000,5,4,250.0,204.0,14.446279,121.027411,first,"Kaggle klekzee/phillipines-housing-market (portal scrape, 2024)"
1456,"Fully Furnished House and Lot for Sale in an Exclusive Subdivision, Davao City","Buhangin, Davao",Davao,15900000,5,3,300.0,162.0,7.146969,125.594051,first,"Kaggle klekzee/phillipines-housing-market (portal scrape, 2024)"
1457,"Abilay Norte, Oton, Foreclosed Residential – House and Lot - 10080000000179","Block 13 Lot 3, Along Road Lot 14, Savannah Glen D Camella Abilay Norte, Oton",Oton,2085000,1,1,,,10.751705,122.494846,first,"Kaggle klekzee/phillipines-housing-market (portal scrape, 2024)"
1458,"4 Bedroom House and Lot for sale in General Trias, Cavite. near Tagaytay","Panungyanan, General Trias",General Trias,4500000,4,2,81.0,100.0,14.234956,120.921787,first,"Kaggle klekzee/phillipines-housing-market (portal scrape, 2024)"
1459,"Two-Storey House and Lot For Sale in Westwoods Grand Subdivision, Iloilo City","Dungon, Iloilo",Iloilo,8000000,4,3,240.0,212.0,10.726003,122.539162,first,"Kaggle klekzee/phillipines-housing-market (portal scrape, 2024)"
1460,"Newly Built 2-Storey House & Lot for Sale in Mandurriao, Iloilo City","Ana Ros Subdivision, Hibao-An Norte, Mandurriao Mandurriao, Iloilo",Iloilo,5500000,3,3,112.0,100.0,10.729845,122.525158,first,"Kaggle klekzee/phillipines-housing-market (portal scrape, 2024)"
1461,[03968-O-246] House & Lot for sale in Palmera Hills 2 at Taytay Rizal,"Lot 3 Block 3 Pcs-04-002881 Diamond Street Palmera Hills 2 Barangay Dolores Taytay Dolores, Taytay",Taytay,6800000,4,4,208.8,281.0,14.577758,121.149976,first,"Kaggle klekzee/phillipines-housing-market (portal scrape, 2024)"
1462,[03673-C-175] House & Lot for sale in Jardin Leonila Subdivision at Los Baños Laguna,"Lots 5, 6, 7 & 8 Jardin Leonila Subdivision Barangay Maahas Los Banos Laguna Maahas, Los Banos",Los Banos,6643000,9,5,438.0,480.0,14.179208,121.252268,first,"Kaggle klekzee/phillipines-housing-market (portal scrape, 2024)"
1463,"Barandal, Calamba City, Foreclosed Residential – House and Lot - 10001000012334","Lot 1 Blk 11, Road Lot 8 Corner Road Lot 2, Carmel Village Barandal, Calamba",Calamba,1860000,1,1,48.0,159.0,14.206278,121.11942,first,"Kaggle klekzee/phillipines-housing-market (portal scrape, 2024)"
1464,"2 Bedroom Single Detached Bungalow House and Lot for Sale in Capas, Tarlac","The Regina Northview Subdivision, Cutcut I, Capas, Tarlac Cutcut 1St, Capas",Capas,2177000,2,1,36.0,100.0,15.311661,120.581107,first,"Kaggle klekzee/phillipines-housing-market (portal scrape, 2024)"
1465,RUSH SALE! UNFINISHED 3 STOREY  HOUSE AND LOT FOR SALE,"Bagong Nayon 1 Bagong Nayon, Antipolo",Antipolo,5800000,7,5,151.0,150.0,14.629722,121.167721,first,"Kaggle klekzee/phillipines-housing-market (portal scrape, 2024)"
1466,"4 Bedroom Duplex Unit for sale at Westridge Residences in Lawa, Laguna","Lawa, Calamba",Calamba,2400000,4,2,62.2,60.0,14.205275,121.147464,first,"Kaggle klekzee/phillipines-housing-market (portal scrape, 2024)"
1467,"L-S-5-201604-50- Acquired Property  for Sale in Lot 28, Block 6, Citta Grande Subdivision, Phase 5, Brgy. Silangan Isabang / Ibabang Iyam, Lucena City, Quezon","Ibabang Iyam, Lucena",Lucena,1856100,,,60.0,60.0,13.926297,121.601293,first,"Kaggle klekzee/phillipines-housing-market (portal scrape, 2024)"
1468,"3-Bedroom House and Lot Sale at The Hillside in Hillcrest Subdivision, Davao","Farmington Street, Hillcrest Subdivision, Talomo District, Diversion Road Talomo, Davao",Davao,2662000,3,2,38.0,121.0,7.066156,125.562714,first,"Kaggle klekzee/phillipines-housing-market (portal scrape, 2024)"
1469,"L-R-1-190- Acquired Property for Sale in Lot 3-B, Brgy. Awai, San Jacinto, Pangasinan (No TD on Improvement) - Retail","Awai, San Jacinto",San Jacinto,5142000,,,71.0,10000.0,16.095645,120.481035,first,"Kaggle klekzee/phillipines-housing-market (portal scrape, 2024)"
1470,"Overlooking Multi-level Modern Home For Sale in Havila Township, Taytay","Santa Ana, Taytay",Taytay,34000000,4,3,350.0,192.0,14.565423,121.1268,first,"Kaggle klekzee/phillipines-housing-market (portal scrape, 2024)"
1471,Brand New Muji Theme House For Sale in Angeles City **Price is NEGOTIABLE,"Pandan, Angeles",Angeles,28000000,4,3,272.0,221.0,15.152033,120.608862,first,"Kaggle klekzee/phillipines-housing-market (portal scrape, 2024)"
1472,2 Bedroom Townhouse Unit for Sale at Quezon City in July Extension,"Project 8, Quezon City",Quezon City,5000000,2,1,69.0,35.0,14.664186,121.020172,first,"Kaggle klekzee/phillipines-housing-market (portal scrape, 2024)"
1473,"Abilay Norte, Oton, Foreclosed Residential – House and Lot - 10080000000410","Lot 20, Blk 5, Along Cherry St., Savannah Glen F Abilay Norte, Oton",Oton,1400000,1,1,46.0,91.0,10.748699,122.502588,first,"Kaggle klekzee/phillipines-housing-market (portal scrape, 2024)"
1474,House and Lot For Sale in Manito Albay,"It-Ba, Manito",Manito,25000000,7,5,,573.0,13.12427,123.869183,first,"Kaggle klekzee/phillipines-housing-market (portal scrape, 2024)"
1475,Ready For Occupancy House For Sale in Dasmariñas Cavite. Near La Salle Cavite,"Salitran I, Dasmarinas",Dasmarinas,10980000,3,3,110.0,120.0,14.350232,120.937867,first,"Kaggle klekzee/phillipines-housing-market (portal scrape, 2024)"
1476,5 Bedroom Sophisticated Brand New 2-Storey House for sale in Greenwoods Pasig,"San Miguel, Pasig",Pasig,15500000,5,3,180.0,120.0,14.565868,121.085557,first,"Kaggle klekzee/phillipines-housing-market (portal scrape, 2024)"
1477,"Royal Pines House and Lot For Sale ! 600 sqm Lot Area for 22M, Tagaytay City","Maharlika West, Tagaytay",Tagaytay,22000000,4,4,400.0,600.0,14.097783,120.943094,first,"Kaggle klekzee/phillipines-housing-market (portal scrape, 2024)"
1478,Villa House 11 bedroom in Pulu Amsic Subdivision for sale,"Apo Street, Pulu Amsic Subdivision Amsic, Angeles",Angeles,220000000,11,12,2200.0,1399.0,15.158929,120.569209,first,"Kaggle klekzee/phillipines-housing-market (portal scrape, 2024)"
1479,"4BR House and Lot for sale at Kaybagal North, Tagaytay, Cavite","Kaybagal North, Tagaytay",Tagaytay,13000000,4,5,300.0,400.0,14.122175,120.935419,first,"Kaggle klekzee/phillipines-housing-market (portal scrape, 2024)"
1480,2 Bedroom House and Lot for Sale at Amaia Scapes Rizal (Inner),"Tatala Rd Tatala, Binangonan",Binangonan,2500000,2,1,50.0,64.0,14.475623,121.205456,first,"Kaggle klekzee/phillipines-housing-market (portal scrape, 2024)"
1481,Furnished Modern Design House For Sale Near Skyway Betterliving Parañaque,"Don Bosco, Paranaque",Paranaque,18500000,5,5,240.0,210.0,14.48433,121.031421,first,"Kaggle klekzee/phillipines-housing-market (portal scrape, 2024)"
1482,"V-R-2-81- Acquired Property for Sale in Lot 3, Block 11, Scrub Pine St., Savannah Glen E3 Subdivision, Brgy. Abilay Norte, Oton, Iloilo","Abilay Norte, Oton",Oton,2340000,,,60.0,144.0,10.744577,122.492046,first,"Kaggle klekzee/phillipines-housing-market (portal scrape, 2024)"
1483,"L-R-1-1007 - Acquired Property for Sale in Lot 42, Block 17, Balagtas St., San Isidro Village, Phase 2, Brgy. San Isidro, Batangas City, Batangas","San Isidro, Batangas City",Batangas City,4209500,,,153.0,115.0,13.733626,121.076536,first,"Kaggle klekzee/phillipines-housing-market (portal scrape, 2024)"
1484,4 Bedrooms House and Lot For Sale near Makati and Global City Taguig,"M Residences At Mahogany Place 3, Acacia Estates, Taguig City Bambang, Taguig",Taguig,22749290,4,4,119.3,75.0,14.522607,121.067572,first,"Kaggle klekzee/phillipines-housing-market (portal scrape, 2024)"
1485,"RFO Prime Luxury New Townhouse For Sale at Acacia Estates, Taguig City","Bambang, Taguig",Taguig,24372955,4,3,166.0,75.0,14.525747,121.072915,first,"Kaggle klekzee/phillipines-housing-market (portal scrape, 2024)"
1486,[04426-O-290] House & Lot for sale in Cuesta Verde Executive Village at Antipolo City Rizal,"Lots 1 And 2 Block 25 Coolidge Street Corner Buchanan Street Cuesta Verde Executive Village Phase 2 Barangay Dalig Antipolo City Rizal Dalig, Antipolo",Antipolo,8000000,6,7,239.0,269.0,14.574239,121.1813,first,"Kaggle klekzee/phillipines-housing-market (portal scrape, 2024)"
1487,"Dayun - A Small Vacation House For Sale in Tonggo, San Fernando Cebu","Greenhills, San Fernando, Central Visayas, Philippines Tonggo, San Fernando",San Fernando,1500000,1,1,,109.0,10.143524,123.675666,first,"Kaggle klekzee/phillipines-housing-market (portal scrape, 2024)"
1488,"Chloe 1-Storey House for sale at Villa Conchita, Bago Gallera, Davao City","Bago Gallera, Davao",Davao,6050000,4,3,90.6,180.0,7.054649,125.510294,first,"Kaggle klekzee/phillipines-housing-market (portal scrape, 2024)"
1489,"2 Storey House & Lot For Sale in South Forbes, Silang Cavite","Inchican, Silang",Silang,17000000,4,4,230.0,150.0,14.251055,121.052737,first,"Kaggle klekzee/phillipines-housing-market (portal scrape, 2024)"
1490,Carnation Single Attached House for sale at Tanauan Park Place,"Bagumbayan, Tanauan",Tanauan,2500000,3,2,66.0,100.0,14.074199,121.138914,first,"Kaggle klekzee/phillipines-housing-market (portal scrape, 2024)"
1491,Newly Built Modern House in Greenwoods Executive Village (Corner Lot) for Sale!,"San Miguel, Pasig",Pasig,16500000,4,3,182.0,127.0,14.565868,121.085557,first,"Kaggle klekzee/phillipines-housing-market (portal scrape, 2024)"
1492,For Sale 3 Bedroom House in Cebu City Philippines (across NorthGen Hospital),"Acropolis Residences, Kauswagan Rd., Brgy. Talamban, Cebu City Philippines (Across Northgen Hospital) Talamban, Cebu",Cebu,7258203,3,2,161.0,60.0,10.374126,123.91122,first,"Kaggle klekzee/phillipines-housing-market (portal scrape, 2024)"
1493,"7 Carport Elegant Modern Contemporary House and Lot For Sale in Taytay, Rizal","Dalig, Antipolo",Antipolo,65000000,8,7,670.0,555.0,14.573045,121.186472,first,"Kaggle klekzee/phillipines-housing-market (portal scrape, 2024)"
1494,New Manila Townhouse For Sale in QC (Semi Furnished) Near Robinsons Magnolia,"New Manila, Quezon City",Quezon City,52000000,3,3,380.0,162.3,14.613414,121.029142,first,"Kaggle klekzee/phillipines-housing-market (portal scrape, 2024)"
1495,"Modern-Asian House & Lot For Sale in Santa Rosa, Laguna","Santo Domingo, Santa Rosa",Santa Rosa,13000000,4,3,230.0,150.0,14.245956,121.046152,first,"Kaggle klekzee/phillipines-housing-market (portal scrape, 2024)"
1496,"5 Bedroom House and Lot for sale in Asisan, Tagaytay","Asisan, Tagaytay",Tagaytay,16000000,5,2,180.0,540.0,14.098639,120.908756,first,"Kaggle klekzee/phillipines-housing-market (portal scrape, 2024)"
1497,"For Sale: Affordable 3 Bedroom Townhouse at Sea Breeze Residene, Talisay","Pooc, Talisay",Talisay,4500000,3,2,90.0,55.0,10.238378,123.824438,first,"Kaggle klekzee/phillipines-housing-market (portal scrape, 2024)"
1498,Modern 4BR House with Swimming Pool in AFPOVAI Taguig for Sale,"Western Bicutan, Taguig",Taguig,45000000,4,3,370.0,200.0,14.509527,121.038024,first,"Kaggle klekzee/phillipines-housing-market (portal scrape, 2024)"
1499,Modern House w/ Overlooking Mountain view in Antipolo nr Sumulong hwy SM Masinag,Antipolo,Antipolo,78000000,5,5,822.0,556.0,14.587197,121.175925,first,"Kaggle klekzee/phillipines-housing-market (portal scrape, 2024)"
1500,[04847-CEB-124] Townhouse for sale in Brgy Tuyod at Consolacion Cebu,"Lot 69 Block 2 Pueblo El Grande Subdivision Phase 3 Barangay Tayud Consolacion Cebu Tayud, Consolacion",Consolacion,5500000,2,4,112.0,120.0,10.369595,123.984277,first,"Kaggle klekzee/phillipines-housing-market (portal scrape, 2024)"
