country_iso,country,date,rank,article,project,views_ceil,count_basis,source
US,United States,2026-08-24,1,Shelley_Fabares,en.wikipedia,415800,rounded,Wikimedia Analytics pageviews API (CC0)
US,United States,2026-08-24,2,Jed_York,en.wikipedia,209800,rounded,Wikimedia Analytics pageviews API (CC0)
US,United States,2026-08-24,3,Enes_Kanter_Freedom,en.wikipedia,205000,rounded,Wikimedia Analytics pageviews API (CC0)
US,United States,2026-08-24,4,Murder_of_Sonya_Massey,en.wikipedia,165400,rounded,Wikimedia Analytics pageviews API (CC0)
US,United States,2026-08-24,5,Mike_Farrell,en.wikipedia,156700,rounded,Wikimedia Analytics pageviews API (CC0)
US,United States,2026-08-24,6,Hayden_Panettiere,en.wikipedia,103700,rounded,Wikimedia Analytics pageviews API (CC0)
US,United States,2026-08-24,7,Natasha_Cloud,en.wikipedia,92700,rounded,Wikimedia Analytics pageviews API (CC0)
US,United States,2026-08-24,8,Lanterns_(TV_series),en.wikipedia,81400,rounded,Wikimedia Analytics pageviews API (CC0)
US,United States,2026-08-24,9,Deaths_in_2026,en.wikipedia,70700,rounded,Wikimedia Analytics pageviews API (CC0)
US,United States,2026-08-24,10,"Neatsville,_Kentucky",en.wikipedia,60300,rounded,Wikimedia Analytics pageviews API (CC0)
US,United States,2026-08-24,11,Shiyazh_Pete,en.wikipedia,58400,rounded,Wikimedia Analytics pageviews API (CC0)
US,United States,2026-08-24,12,Lou_Adler,en.wikipedia,54100,rounded,Wikimedia Analytics pageviews API (CC0)
US,United States,2026-08-24,13,Spider-Man:_Brand_New_Day,en.wikipedia,49200,rounded,Wikimedia Analytics pageviews API (CC0)
US,United States,2026-08-24,14,Natalie_Harp,en.wikipedia,48900,rounded,Wikimedia Analytics pageviews API (CC0)
US,United States,2026-08-24,15,The_Odyssey_(2026_film),en.wikipedia,44700,rounded,Wikimedia Analytics pageviews API (CC0)
US,United States,2026-08-24,16,Denise_DeBartolo_York,en.wikipedia,44100,rounded,Wikimedia Analytics pageviews API (CC0)
US,United States,2026-08-24,17,Limonene,en.wikipedia,44000,rounded,Wikimedia Analytics pageviews API (CC0)
US,United States,2026-08-24,18,Nanette_Fabray,en.wikipedia,43500,rounded,Wikimedia Analytics pageviews API (CC0)
US,United States,2026-08-24,19,Manhunters_(DC_Comics),en.wikipedia,38900,rounded,Wikimedia Analytics pageviews API (CC0)
US,United States,2026-08-24,20,Lesbian_Space_Princess,en.wikipedia,38800,rounded,Wikimedia Analytics pageviews API (CC0)
US,United States,2026-08-25,1,Dolly_Parton,en.wikipedia,3642100,rounded,Wikimedia Analytics pageviews API (CC0)
US,United States,2026-08-25,2,Jed_York,en.wikipedia,152100,rounded,Wikimedia Analytics pageviews API (CC0)
US,United States,2026-08-25,3,Shelley_Fabares,en.wikipedia,139400,rounded,Wikimedia Analytics pageviews API (CC0)
US,United States,2026-08-25,4,Kwanza_Jones,en.wikipedia,123900,rounded,Wikimedia Analytics pageviews API (CC0)
US,United States,2026-08-25,5,José_E._Feliciano,en.wikipedia,98000,rounded,Wikimedia Analytics pageviews API (CC0)
US,United States,2026-08-25,6,Deaths_in_2026,en.wikipedia,91100,rounded,Wikimedia Analytics pageviews API (CC0)
US,United States,2026-08-25,7,Hayden_Panettiere,en.wikipedia,86900,rounded,Wikimedia Analytics pageviews API (CC0)
US,United States,2026-08-25,8,Enes_Kanter_Freedom,en.wikipedia,79600,rounded,Wikimedia Analytics pageviews API (CC0)
US,United States,2026-08-25,9,Stella_Parton,en.wikipedia,74100,rounded,Wikimedia Analytics pageviews API (CC0)
US,United States,2026-08-25,10,Randy_Parton,en.wikipedia,65900,rounded,Wikimedia Analytics pageviews API (CC0)
US,United States,2026-08-25,11,Rachel_Parton_George,en.wikipedia,65500,rounded,Wikimedia Analytics pageviews API (CC0)
US,United States,2026-08-25,12,"Neatsville,_Kentucky",en.wikipedia,59600,rounded,Wikimedia Analytics pageviews API (CC0)
US,United States,2026-08-25,13,Mike_Farrell,en.wikipedia,51200,rounded,Wikimedia Analytics pageviews API (CC0)
US,United States,2026-08-25,14,Lanterns_(TV_series),en.wikipedia,46200,rounded,Wikimedia Analytics pageviews API (CC0)
US,United States,2026-08-25,15,Bill_Owens_(songwriter),en.wikipedia,45500,rounded,Wikimedia Analytics pageviews API (CC0)
US,United States,2026-08-25,16,Abdul_El-Sayed,en.wikipedia,45000,rounded,Wikimedia Analytics pageviews API (CC0)
US,United States,2026-08-25,17,Limonene,en.wikipedia,42300,rounded,Wikimedia Analytics pageviews API (CC0)
US,United States,2026-08-25,18,Spider-Man:_Brand_New_Day,en.wikipedia,38600,rounded,Wikimedia Analytics pageviews API (CC0)
US,United States,2026-08-25,19,I_Will_Always_Love_You,en.wikipedia,38400,rounded,Wikimedia Analytics pageviews API (CC0)
US,United States,2026-08-25,20,Porter_Wagoner,en.wikipedia,38000,rounded,Wikimedia Analytics pageviews API (CC0)
US,United States,2026-08-26,1,Dolly_Parton,en.wikipedia,2067900,rounded,Wikimedia Analytics pageviews API (CC0)
US,United States,2026-08-26,2,Tim_Curry,en.wikipedia,1974000,rounded,Wikimedia Analytics pageviews API (CC0)
US,United States,2026-08-26,3,Search,ja.wikipedia,349500,rounded,Wikimedia Analytics pageviews API (CC0)
US,United States,2026-08-26,4,List_of_Tim_Curry_performances,en.wikipedia,165100,rounded,Wikimedia Analytics pageviews API (CC0)
US,United States,2026-08-26,5,Kyle_Singler,en.wikipedia,123600,rounded,Wikimedia Analytics pageviews API (CC0)
US,United States,2026-08-26,6,Stella_Parton,en.wikipedia,107900,rounded,Wikimedia Analytics pageviews API (CC0)
US,United States,2026-08-26,7,Deaths_in_2026,en.wikipedia,101800,rounded,Wikimedia Analytics pageviews API (CC0)
US,United States,2026-08-26,8,Hayden_Panettiere,en.wikipedia,98600,rounded,Wikimedia Analytics pageviews API (CC0)
US,United States,2026-08-26,9,Rachel_Parton_George,en.wikipedia,94200,rounded,Wikimedia Analytics pageviews API (CC0)
US,United States,2026-08-26,10,Randy_Parton,en.wikipedia,86200,rounded,Wikimedia Analytics pageviews API (CC0)
US,United States,2026-08-26,11,Shelley_Fabares,en.wikipedia,76000,rounded,Wikimedia Analytics pageviews API (CC0)
US,United States,2026-08-26,12,Kenny_Rogers,en.wikipedia,76000,rounded,Wikimedia Analytics pageviews API (CC0)
US,United States,2026-08-26,13,Porter_Wagoner,en.wikipedia,74900,rounded,Wikimedia Analytics pageviews API (CC0)
US,United States,2026-08-26,14,The_Rocky_Horror_Picture_Show,en.wikipedia,69900,rounded,Wikimedia Analytics pageviews API (CC0)
US,United States,2026-08-26,15,I_Will_Always_Love_You,en.wikipedia,68700,rounded,Wikimedia Analytics pageviews API (CC0)
US,United States,2026-08-26,16,Kwanza_Jones,en.wikipedia,65700,rounded,Wikimedia Analytics pageviews API (CC0)
US,United States,2026-08-26,17,Darline_Graham,en.wikipedia,61700,rounded,Wikimedia Analytics pageviews API (CC0)
US,United States,2026-08-26,18,Jed_York,en.wikipedia,61100,rounded,Wikimedia Analytics pageviews API (CC0)
US,United States,2026-08-26,19,Dollywood,en.wikipedia,60900,rounded,Wikimedia Analytics pageviews API (CC0)
US,United States,2026-08-26,20,"Neatsville,_Kentucky",en.wikipedia,60600,rounded,Wikimedia Analytics pageviews API (CC0)
US,United States,2026-08-27,1,Tim_Curry,en.wikipedia,925000,rounded,Wikimedia Analytics pageviews API (CC0)
US,United States,2026-08-27,2,Dolly_Parton,en.wikipedia,749800,rounded,Wikimedia Analytics pageviews API (CC0)
US,United States,2026-08-27,3,Peter_Cullen,en.wikipedia,571900,rounded,Wikimedia Analytics pageviews API (CC0)
US,United States,2026-08-27,4,Lake_Ontario,en.wikipedia,140500,rounded,Wikimedia Analytics pageviews API (CC0)
US,United States,2026-08-27,5,Killing_of_the_Clancy_children,en.wikipedia,117200,rounded,Wikimedia Analytics pageviews API (CC0)
US,United States,2026-08-27,6,Samuel_Monroe_Jr.,en.wikipedia,115200,rounded,Wikimedia Analytics pageviews API (CC0)
US,United States,2026-08-27,7,Yayoi_Kusama,en.wikipedia,110400,rounded,Wikimedia Analytics pageviews API (CC0)
US,United States,2026-08-27,8,Deaths_in_2026,en.wikipedia,98300,rounded,Wikimedia Analytics pageviews API (CC0)
US,United States,2026-08-27,9,The_Rocky_Horror_Picture_Show,en.wikipedia,90600,rounded,Wikimedia Analytics pageviews API (CC0)
US,United States,2026-08-27,10,List_of_Tim_Curry_performances,en.wikipedia,88500,rounded,Wikimedia Analytics pageviews API (CC0)
US,United States,2026-08-27,11,Hayden_Panettiere,en.wikipedia,86400,rounded,Wikimedia Analytics pageviews API (CC0)
US,United States,2026-08-27,12,Jaye_P._Morgan,en.wikipedia,80200,rounded,Wikimedia Analytics pageviews API (CC0)
US,United States,2026-08-27,13,Jed_York,en.wikipedia,72800,rounded,Wikimedia Analytics pageviews API (CC0)
US,United States,2026-08-27,14,Stella_Parton,en.wikipedia,61800,rounded,Wikimedia Analytics pageviews API (CC0)
US,United States,2026-08-27,15,2026_Nepal_floods,en.wikipedia,61800,rounded,Wikimedia Analytics pageviews API (CC0)
US,United States,2026-08-27,16,Kyle_Singler,en.wikipedia,59800,rounded,Wikimedia Analytics pageviews API (CC0)
US,United States,2026-08-27,17,"Neatsville,_Kentucky",en.wikipedia,55900,rounded,Wikimedia Analytics pageviews API (CC0)
US,United States,2026-08-27,18,Ratko_Mladić,en.wikipedia,54200,rounded,Wikimedia Analytics pageviews API (CC0)
US,United States,2026-08-27,19,Rachel_Parton_George,en.wikipedia,49100,rounded,Wikimedia Analytics pageviews API (CC0)
US,United States,2026-08-27,20,Nepal,en.wikipedia,48100,rounded,Wikimedia Analytics pageviews API (CC0)
US,United States,2026-08-28,1,Dolly_Parton,en.wikipedia,372500,rounded,Wikimedia Analytics pageviews API (CC0)
US,United States,2026-08-28,2,Tim_Curry,en.wikipedia,281800,rounded,Wikimedia Analytics pageviews API (CC0)
US,United States,2026-08-28,3,Search,ja.wikipedia,232700,rounded,Wikimedia Analytics pageviews API (CC0)
US,United States,2026-08-28,4,Peter_Cullen,en.wikipedia,211900,rounded,Wikimedia Analytics pageviews API (CC0)
US,United States,2026-08-28,5,Harald_V,en.wikipedia,172300,rounded,Wikimedia Analytics pageviews API (CC0)
US,United States,2026-08-28,6,Killing_of_the_Clancy_children,en.wikipedia,145000,rounded,Wikimedia Analytics pageviews API (CC0)
US,United States,2026-08-28,7,.xyz,en.wikipedia,126000,rounded,Wikimedia Analytics pageviews API (CC0)
US,United States,2026-08-28,8,Lake_Ontario,en.wikipedia,110900,rounded,Wikimedia Analytics pageviews API (CC0)
US,United States,2026-08-28,9,Haakon_VIII,en.wikipedia,106200,rounded,Wikimedia Analytics pageviews API (CC0)
US,United States,2026-08-28,10,Deaths_in_2026,en.wikipedia,85400,rounded,Wikimedia Analytics pageviews API (CC0)
US,United States,2026-08-28,11,Buddy_(2026_film),en.wikipedia,76700,rounded,Wikimedia Analytics pageviews API (CC0)
US,United States,2026-08-28,12,Milo_Yiannopoulos,en.wikipedia,64300,rounded,Wikimedia Analytics pageviews API (CC0)
US,United States,2026-08-28,13,"Neatsville,_Kentucky",en.wikipedia,64100,rounded,Wikimedia Analytics pageviews API (CC0)
US,United States,2026-08-28,14,Coyote_vs._Acme,en.wikipedia,57100,rounded,Wikimedia Analytics pageviews API (CC0)
US,United States,2026-08-28,15,Hayden_Panettiere,en.wikipedia,55300,rounded,Wikimedia Analytics pageviews API (CC0)
US,United States,2026-08-28,16,Samuel_Monroe_Jr.,en.wikipedia,53500,rounded,Wikimedia Analytics pageviews API (CC0)
US,United States,2026-08-28,17,Big_Brother_28_(American_season),en.wikipedia,51500,rounded,Wikimedia Analytics pageviews API (CC0)
US,United States,2026-08-28,18,"Ingrid_Alexandra,_Crown_Princess_of_Norway",en.wikipedia,49700,rounded,Wikimedia Analytics pageviews API (CC0)
US,United States,2026-08-28,19,The_Rocky_Horror_Picture_Show,en.wikipedia,47800,rounded,Wikimedia Analytics pageviews API (CC0)
US,United States,2026-08-28,20,Ratko_Mladić,en.wikipedia,46100,rounded,Wikimedia Analytics pageviews API (CC0)
US,United States,2026-08-29,1,Dolly_Parton,en.wikipedia,269100,rounded,Wikimedia Analytics pageviews API (CC0)
US,United States,2026-08-29,2,.xyz,en.wikipedia,156800,rounded,Wikimedia Analytics pageviews API (CC0)
US,United States,2026-08-29,3,Tim_Curry,en.wikipedia,141900,rounded,Wikimedia Analytics pageviews API (CC0)
US,United States,2026-08-29,4,Killing_of_the_Clancy_children,en.wikipedia,137600,rounded,Wikimedia Analytics pageviews API (CC0)
US,United States,2026-08-29,5,Milo_Yiannopoulos,en.wikipedia,85400,rounded,Wikimedia Analytics pageviews API (CC0)
US,United States,2026-08-29,6,Buddy_(2026_film),en.wikipedia,75700,rounded,Wikimedia Analytics pageviews API (CC0)
US,United States,2026-08-29,7,Harald_V,en.wikipedia,75500,rounded,Wikimedia Analytics pageviews API (CC0)
US,United States,2026-08-29,8,Coyote_vs._Acme,en.wikipedia,72200,rounded,Wikimedia Analytics pageviews API (CC0)
US,United States,2026-08-29,9,Deaths_in_2026,en.wikipedia,69700,rounded,Wikimedia Analytics pageviews API (CC0)
US,United States,2026-08-29,10,Peter_Cullen,en.wikipedia,63400,rounded,Wikimedia Analytics pageviews API (CC0)
US,United States,2026-08-29,11,"Neatsville,_Kentucky",en.wikipedia,63100,rounded,Wikimedia Analytics pageviews API (CC0)
US,United States,2026-08-29,12,The_Whisper_Man,en.wikipedia,62700,rounded,Wikimedia Analytics pageviews API (CC0)
US,United States,2026-08-29,13,Haakon_VIII,en.wikipedia,58700,rounded,Wikimedia Analytics pageviews API (CC0)
US,United States,2026-08-29,14,Пинап,ru.wikipedia,57800,rounded,Wikimedia Analytics pageviews API (CC0)
US,United States,2026-08-29,15,Dimethylmercury,en.wikipedia,52300,rounded,Wikimedia Analytics pageviews API (CC0)
US,United States,2026-08-29,16,Umar_Nurmagomedov,en.wikipedia,48800,rounded,Wikimedia Analytics pageviews API (CC0)
US,United States,2026-08-29,17,Karen_Wetterhahn,en.wikipedia,46700,rounded,Wikimedia Analytics pageviews API (CC0)
US,United States,2026-08-29,18,Limonene,en.wikipedia,44000,rounded,Wikimedia Analytics pageviews API (CC0)
US,United States,2026-08-29,19,Cary_Stayner,en.wikipedia,42500,rounded,Wikimedia Analytics pageviews API (CC0)
US,United States,2026-08-29,20,Hayden_Panettiere,en.wikipedia,39800,rounded,Wikimedia Analytics pageviews API (CC0)
US,United States,2026-08-30,1,Dolly_Parton,en.wikipedia,234100,rounded,Wikimedia Analytics pageviews API (CC0)
US,United States,2026-08-30,2,All_In_(2026),en.wikipedia,145700,rounded,Wikimedia Analytics pageviews API (CC0)
US,United States,2026-08-30,3,Killing_of_the_Clancy_children,en.wikipedia,103400,rounded,Wikimedia Analytics pageviews API (CC0)
US,United States,2026-08-30,4,Tim_Curry,en.wikipedia,90200,rounded,Wikimedia Analytics pageviews API (CC0)
US,United States,2026-08-30,5,The_Whisper_Man,en.wikipedia,81100,rounded,Wikimedia Analytics pageviews API (CC0)
US,United States,2026-08-30,6,Coyote_vs._Acme,en.wikipedia,75900,rounded,Wikimedia Analytics pageviews API (CC0)
US,United States,2026-08-30,7,Deaths_in_2026,en.wikipedia,66700,rounded,Wikimedia Analytics pageviews API (CC0)
US,United States,2026-08-30,8,Buddy_(2026_film),en.wikipedia,66600,rounded,Wikimedia Analytics pageviews API (CC0)
US,United States,2026-08-30,9,Lake_Ontario,en.wikipedia,62400,rounded,Wikimedia Analytics pageviews API (CC0)
US,United States,2026-08-30,10,"Neatsville,_Kentucky",en.wikipedia,62100,rounded,Wikimedia Analytics pageviews API (CC0)
US,United States,2026-08-30,11,Curaçao,en.wikipedia,53500,rounded,Wikimedia Analytics pageviews API (CC0)
US,United States,2026-08-30,12,Aaron_Donald,en.wikipedia,52400,rounded,Wikimedia Analytics pageviews API (CC0)
US,United States,2026-08-30,13,9_to_5_(film),en.wikipedia,46600,rounded,Wikimedia Analytics pageviews API (CC0)
US,United States,2026-08-30,14,Limonene,en.wikipedia,45100,rounded,Wikimedia Analytics pageviews API (CC0)
US,United States,2026-08-30,15,Spider-Man:_Brand_New_Day,en.wikipedia,43700,rounded,Wikimedia Analytics pageviews API (CC0)
US,United States,2026-08-30,16,NXT_Heatwave_(2026),en.wikipedia,41500,rounded,Wikimedia Analytics pageviews API (CC0)
US,United States,2026-08-30,17,The_Odyssey_(2026_film),en.wikipedia,38700,rounded,Wikimedia Analytics pageviews API (CC0)
US,United States,2026-08-30,18,Scottie_Scheffler,en.wikipedia,36300,rounded,Wikimedia Analytics pageviews API (CC0)
US,United States,2026-08-30,19,Big_Brother_28_(American_season),en.wikipedia,35600,rounded,Wikimedia Analytics pageviews API (CC0)
US,United States,2026-08-30,20,Harald_V,en.wikipedia,34200,rounded,Wikimedia Analytics pageviews API (CC0)
GB,United Kingdom,2026-08-24,1,Graeme_Dott,en.wikipedia,39300,rounded,Wikimedia Analytics pageviews API (CC0)
GB,United Kingdom,2026-08-24,2,Álvaro_Arbeloa,en.wikipedia,28500,rounded,Wikimedia Analytics pageviews API (CC0)
GB,United Kingdom,2026-08-24,3,Kevin_Keegan,en.wikipedia,26300,rounded,Wikimedia Analytics pageviews API (CC0)
GB,United Kingdom,2026-08-24,4,"Josh_King_(footballer,_born_2007)",en.wikipedia,25000,rounded,Wikimedia Analytics pageviews API (CC0)
GB,United Kingdom,2026-08-24,5,Deaths_in_2026,en.wikipedia,22000,rounded,Wikimedia Analytics pageviews API (CC0)
GB,United Kingdom,2026-08-24,6,"Nico_González_(footballer,_born_2002)",en.wikipedia,20800,rounded,Wikimedia Analytics pageviews API (CC0)
GB,United Kingdom,2026-08-24,7,Xabi_Alonso,en.wikipedia,16000,rounded,Wikimedia Analytics pageviews API (CC0)
GB,United Kingdom,2026-08-24,8,Sting_(musician),en.wikipedia,14800,rounded,Wikimedia Analytics pageviews API (CC0)
GB,United Kingdom,2026-08-24,9,The_Odyssey_(2026_film),en.wikipedia,14000,rounded,Wikimedia Analytics pageviews API (CC0)
GB,United Kingdom,2026-08-24,10,Lanterns_(TV_series),en.wikipedia,13900,rounded,Wikimedia Analytics pageviews API (CC0)
GB,United Kingdom,2026-08-24,11,Morgan_Rogers,en.wikipedia,13600,rounded,Wikimedia Analytics pageviews API (CC0)
GB,United Kingdom,2026-08-24,12,Hayden_Panettiere,en.wikipedia,13600,rounded,Wikimedia Analytics pageviews API (CC0)
GB,United Kingdom,2026-08-24,13,Spider-Man:_Brand_New_Day,en.wikipedia,13300,rounded,Wikimedia Analytics pageviews API (CC0)
GB,United Kingdom,2026-08-24,14,Opinion_polling_for_the_next_United_Kingdom_general_election,en.wikipedia,12800,rounded,Wikimedia Analytics pageviews API (CC0)
GB,United Kingdom,2026-08-24,15,Rose_Leslie,en.wikipedia,12600,rounded,Wikimedia Analytics pageviews API (CC0)
GB,United Kingdom,2026-08-24,16,Ludwig_(2024_TV_series),en.wikipedia,11700,rounded,Wikimedia Analytics pageviews API (CC0)
GB,United Kingdom,2026-08-24,17,Russ_Abbot,en.wikipedia,10700,rounded,Wikimedia Analytics pageviews API (CC0)
GB,United Kingdom,2026-08-24,18,Julián_Alvarez,en.wikipedia,10100,rounded,Wikimedia Analytics pageviews API (CC0)
GB,United Kingdom,2026-08-24,19,Fulham_F.C.,en.wikipedia,9300,rounded,Wikimedia Analytics pageviews API (CC0)
GB,United Kingdom,2026-08-24,20,Storm_Shadow,en.wikipedia,9100,rounded,Wikimedia Analytics pageviews API (CC0)
GB,United Kingdom,2026-08-25,1,Dolly_Parton,en.wikipedia,806200,rounded,Wikimedia Analytics pageviews API (CC0)
GB,United Kingdom,2026-08-25,2,Billy_Boston,en.wikipedia,36000,rounded,Wikimedia Analytics pageviews API (CC0)
GB,United Kingdom,2026-08-25,3,Deaths_in_2026,en.wikipedia,29000,rounded,Wikimedia Analytics pageviews API (CC0)
GB,United Kingdom,2026-08-25,4,Stella_Parton,en.wikipedia,21600,rounded,Wikimedia Analytics pageviews API (CC0)
GB,United Kingdom,2026-08-25,5,Randy_Parton,en.wikipedia,20900,rounded,Wikimedia Analytics pageviews API (CC0)
GB,United Kingdom,2026-08-25,6,Rachel_Parton_George,en.wikipedia,19800,rounded,Wikimedia Analytics pageviews API (CC0)
GB,United Kingdom,2026-08-25,7,Savinho,en.wikipedia,19700,rounded,Wikimedia Analytics pageviews API (CC0)
GB,United Kingdom,2026-08-25,8,List_of_songs_recorded_by_Dolly_Parton,en.wikipedia,16600,rounded,Wikimedia Analytics pageviews API (CC0)
GB,United Kingdom,2026-08-25,9,LASK,en.wikipedia,16500,rounded,Wikimedia Analytics pageviews API (CC0)
GB,United Kingdom,2026-08-25,10,Liam_Delap,en.wikipedia,16500,rounded,Wikimedia Analytics pageviews API (CC0)
GB,United Kingdom,2026-08-25,11,Hayden_Panettiere,en.wikipedia,14600,rounded,Wikimedia Analytics pageviews API (CC0)
GB,United Kingdom,2026-08-25,12,Thank_You/en,thankyou.wikipedia,14100,rounded,Wikimedia Analytics pageviews API (CC0)
GB,United Kingdom,2026-08-25,13,Bill_Owens_(songwriter),en.wikipedia,14100,rounded,Wikimedia Analytics pageviews API (CC0)
GB,United Kingdom,2026-08-25,14,Graeme_Dott,en.wikipedia,14000,rounded,Wikimedia Analytics pageviews API (CC0)
GB,United Kingdom,2026-08-25,15,Opinion_polling_for_the_next_United_Kingdom_general_election,en.wikipedia,13300,rounded,Wikimedia Analytics pageviews API (CC0)
GB,United Kingdom,2026-08-25,16,"Nico_González_(footballer,_born_2002)",en.wikipedia,12800,rounded,Wikimedia Analytics pageviews API (CC0)
GB,United Kingdom,2026-08-25,17,Carlos_Baleba,en.wikipedia,12700,rounded,Wikimedia Analytics pageviews API (CC0)
GB,United Kingdom,2026-08-25,18,The_Odyssey_(2026_film),en.wikipedia,11800,rounded,Wikimedia Analytics pageviews API (CC0)
GB,United Kingdom,2026-08-25,19,Sophie_Willan,en.wikipedia,11800,rounded,Wikimedia Analytics pageviews API (CC0)
GB,United Kingdom,2026-08-25,20,Paul_Heaton,en.wikipedia,11400,rounded,Wikimedia Analytics pageviews API (CC0)
GB,United Kingdom,2026-08-26,1,Dolly_Parton,en.wikipedia,550400,rounded,Wikimedia Analytics pageviews API (CC0)
GB,United Kingdom,2026-08-26,2,Tim_Curry,en.wikipedia,520300,rounded,Wikimedia Analytics pageviews API (CC0)
GB,United Kingdom,2026-08-26,3,List_of_Tim_Curry_performances,en.wikipedia,36700,rounded,Wikimedia Analytics pageviews API (CC0)
GB,United Kingdom,2026-08-26,4,Deaths_in_2026,en.wikipedia,33100,rounded,Wikimedia Analytics pageviews API (CC0)
GB,United Kingdom,2026-08-26,5,Stella_Parton,en.wikipedia,28700,rounded,Wikimedia Analytics pageviews API (CC0)
GB,United Kingdom,2026-08-26,6,Rachel_Parton_George,en.wikipedia,27400,rounded,Wikimedia Analytics pageviews API (CC0)
GB,United Kingdom,2026-08-26,7,Randy_Parton,en.wikipedia,25300,rounded,Wikimedia Analytics pageviews API (CC0)
GB,United Kingdom,2026-08-26,8,Raheem_Sterling,en.wikipedia,21900,rounded,Wikimedia Analytics pageviews API (CC0)
GB,United Kingdom,2026-08-26,9,Kenny_Rogers,en.wikipedia,21200,rounded,Wikimedia Analytics pageviews API (CC0)
GB,United Kingdom,2026-08-26,10,Leslie_Ash,en.wikipedia,21100,rounded,Wikimedia Analytics pageviews API (CC0)
GB,United Kingdom,2026-08-26,11,Ismaïla_Sarr,en.wikipedia,20900,rounded,Wikimedia Analytics pageviews API (CC0)
GB,United Kingdom,2026-08-26,12,I_Will_Always_Love_You,en.wikipedia,18500,rounded,Wikimedia Analytics pageviews API (CC0)
GB,United Kingdom,2026-08-26,13,"Nico_González_(footballer,_born_2002)",en.wikipedia,18300,rounded,Wikimedia Analytics pageviews API (CC0)
GB,United Kingdom,2026-08-26,14,The_Rocky_Horror_Picture_Show,en.wikipedia,18200,rounded,Wikimedia Analytics pageviews API (CC0)
GB,United Kingdom,2026-08-26,15,Dollywood,en.wikipedia,16500,rounded,Wikimedia Analytics pageviews API (CC0)
GB,United Kingdom,2026-08-26,16,Hayden_Panettiere,en.wikipedia,16400,rounded,Wikimedia Analytics pageviews API (CC0)
GB,United Kingdom,2026-08-26,17,Bill_Owens_(songwriter),en.wikipedia,15900,rounded,Wikimedia Analytics pageviews API (CC0)
GB,United Kingdom,2026-08-26,18,Miley_Cyrus,en.wikipedia,15000,rounded,Wikimedia Analytics pageviews API (CC0)
GB,United Kingdom,2026-08-26,19,Richard_O'Brien,en.wikipedia,14500,rounded,Wikimedia Analytics pageviews API (CC0)
GB,United Kingdom,2026-08-26,20,Anita_Harris,en.wikipedia,14200,rounded,Wikimedia Analytics pageviews API (CC0)
GB,United Kingdom,2026-08-27,1,Tim_Curry,en.wikipedia,225800,rounded,Wikimedia Analytics pageviews API (CC0)
GB,United Kingdom,2026-08-27,2,Dolly_Parton,en.wikipedia,145200,rounded,Wikimedia Analytics pageviews API (CC0)
GB,United Kingdom,2026-08-27,3,Peter_Cullen,en.wikipedia,113000,rounded,Wikimedia Analytics pageviews API (CC0)
GB,United Kingdom,2026-08-27,4,Ratko_Mladić,en.wikipedia,37900,rounded,Wikimedia Analytics pageviews API (CC0)
GB,United Kingdom,2026-08-27,5,Deaths_in_2026,en.wikipedia,31700,rounded,Wikimedia Analytics pageviews API (CC0)
GB,United Kingdom,2026-08-27,6,Bradley_Barcola,en.wikipedia,30500,rounded,Wikimedia Analytics pageviews API (CC0)
GB,United Kingdom,2026-08-27,7,Yayoi_Kusama,en.wikipedia,30200,rounded,Wikimedia Analytics pageviews API (CC0)
GB,United Kingdom,2026-08-27,8,The_Rocky_Horror_Picture_Show,en.wikipedia,24300,rounded,Wikimedia Analytics pageviews API (CC0)
GB,United Kingdom,2026-08-27,9,Lake_Ontario,en.wikipedia,21900,rounded,Wikimedia Analytics pageviews API (CC0)
GB,United Kingdom,2026-08-27,10,Harald_V,en.wikipedia,19800,rounded,Wikimedia Analytics pageviews API (CC0)
GB,United Kingdom,2026-08-27,11,Richard_O'Brien,en.wikipedia,18900,rounded,Wikimedia Analytics pageviews API (CC0)
GB,United Kingdom,2026-08-27,12,Mattéo_Guendouzi,en.wikipedia,18100,rounded,Wikimedia Analytics pageviews API (CC0)
GB,United Kingdom,2026-08-27,13,2026–27_UEFA_Champions_League,en.wikipedia,17900,rounded,Wikimedia Analytics pageviews API (CC0)
GB,United Kingdom,2026-08-27,14,Killing_of_the_Clancy_children,en.wikipedia,16200,rounded,Wikimedia Analytics pageviews API (CC0)
GB,United Kingdom,2026-08-27,15,List_of_Tim_Curry_performances,en.wikipedia,15100,rounded,Wikimedia Analytics pageviews API (CC0)
GB,United Kingdom,2026-08-27,16,Jenni_Murray,en.wikipedia,14700,rounded,Wikimedia Analytics pageviews API (CC0)
GB,United Kingdom,2026-08-27,17,Liam_Delap,en.wikipedia,14600,rounded,Wikimedia Analytics pageviews API (CC0)
GB,United Kingdom,2026-08-27,18,Hayden_Panettiere,en.wikipedia,14200,rounded,Wikimedia Analytics pageviews API (CC0)
GB,United Kingdom,2026-08-27,19,John_McGinn,en.wikipedia,13900,rounded,Wikimedia Analytics pageviews API (CC0)
GB,United Kingdom,2026-08-27,20,Sandra_Bullock,en.wikipedia,13800,rounded,Wikimedia Analytics pageviews API (CC0)
GB,United Kingdom,2026-08-28,1,Harald_V,en.wikipedia,95900,rounded,Wikimedia Analytics pageviews API (CC0)
GB,United Kingdom,2026-08-28,2,Dolly_Parton,en.wikipedia,84300,rounded,Wikimedia Analytics pageviews API (CC0)
GB,United Kingdom,2026-08-28,3,Tim_Curry,en.wikipedia,67000,rounded,Wikimedia Analytics pageviews API (CC0)
GB,United Kingdom,2026-08-28,4,Haakon_VIII,en.wikipedia,45000,rounded,Wikimedia Analytics pageviews API (CC0)
GB,United Kingdom,2026-08-28,5,Peter_Cullen,en.wikipedia,32900,rounded,Wikimedia Analytics pageviews API (CC0)
GB,United Kingdom,2026-08-28,6,"Ingrid_Alexandra,_Crown_Princess_of_Norway",en.wikipedia,29100,rounded,Wikimedia Analytics pageviews API (CC0)
GB,United Kingdom,2026-08-28,7,Deaths_in_2026,en.wikipedia,27900,rounded,Wikimedia Analytics pageviews API (CC0)
GB,United Kingdom,2026-08-28,8,Lake_Ontario,en.wikipedia,26600,rounded,Wikimedia Analytics pageviews API (CC0)
GB,United Kingdom,2026-08-28,9,Olav_V,en.wikipedia,26500,rounded,Wikimedia Analytics pageviews API (CC0)
GB,United Kingdom,2026-08-28,10,Killing_of_the_Clancy_children,en.wikipedia,24000,rounded,Wikimedia Analytics pageviews API (CC0)
GB,United Kingdom,2026-08-28,11,Fontaines_D.C.,en.wikipedia,23000,rounded,Wikimedia Analytics pageviews API (CC0)
GB,United Kingdom,2026-08-28,12,Haakon_(King_of_Norway),en.wikipedia,20000,rounded,Wikimedia Analytics pageviews API (CC0)
GB,United Kingdom,2026-08-28,13,Haakon_VII,en.wikipedia,19300,rounded,Wikimedia Analytics pageviews API (CC0)
GB,United Kingdom,2026-08-28,14,Mette-Marit_Tjessem_Høiby,en.wikipedia,19100,rounded,Wikimedia Analytics pageviews API (CC0)
GB,United Kingdom,2026-08-28,15,Marius_Borg_Høiby,en.wikipedia,18300,rounded,Wikimedia Analytics pageviews API (CC0)
GB,United Kingdom,2026-08-28,16,The_Whisper_Man,en.wikipedia,16600,rounded,Wikimedia Analytics pageviews API (CC0)
GB,United Kingdom,2026-08-28,17,Princess_Märtha_Louise_of_Norway,en.wikipedia,16500,rounded,Wikimedia Analytics pageviews API (CC0)
GB,United Kingdom,2026-08-28,18,Queen_Mette-Marit_of_Norway,en.wikipedia,16100,rounded,Wikimedia Analytics pageviews API (CC0)
GB,United Kingdom,2026-08-28,19,Ratko_Mladić,en.wikipedia,15700,rounded,Wikimedia Analytics pageviews API (CC0)
GB,United Kingdom,2026-08-28,20,S.C.U._Torreense,en.wikipedia,15600,rounded,Wikimedia Analytics pageviews API (CC0)
GB,United Kingdom,2026-08-29,1,Moses_Itauma,en.wikipedia,69300,rounded,Wikimedia Analytics pageviews API (CC0)
GB,United Kingdom,2026-08-29,2,Dolly_Parton,en.wikipedia,55100,rounded,Wikimedia Analytics pageviews API (CC0)
GB,United Kingdom,2026-08-29,3,Filip_Hrgović,en.wikipedia,48500,rounded,Wikimedia Analytics pageviews API (CC0)
GB,United Kingdom,2026-08-29,4,"Víctor_Muñoz_(footballer,_born_2003)",en.wikipedia,39500,rounded,Wikimedia Analytics pageviews API (CC0)
GB,United Kingdom,2026-08-29,5,Tim_Curry,en.wikipedia,34900,rounded,Wikimedia Analytics pageviews API (CC0)
GB,United Kingdom,2026-08-29,6,Andrew_Ridgeley,en.wikipedia,32300,rounded,Wikimedia Analytics pageviews API (CC0)
GB,United Kingdom,2026-08-29,7,George_Michael,en.wikipedia,29900,rounded,Wikimedia Analytics pageviews API (CC0)
GB,United Kingdom,2026-08-29,8,The_Whisper_Man,en.wikipedia,25900,rounded,Wikimedia Analytics pageviews API (CC0)
GB,United Kingdom,2026-08-29,9,Killing_of_the_Clancy_children,en.wikipedia,24900,rounded,Wikimedia Analytics pageviews API (CC0)
GB,United Kingdom,2026-08-29,10,Never_Say_Never_Again,en.wikipedia,23600,rounded,Wikimedia Analytics pageviews API (CC0)
GB,United Kingdom,2026-08-29,11,Deaths_in_2026,en.wikipedia,23100,rounded,Wikimedia Analytics pageviews API (CC0)
GB,United Kingdom,2026-08-29,12,Milo_Yiannopoulos,en.wikipedia,21100,rounded,Wikimedia Analytics pageviews API (CC0)
GB,United Kingdom,2026-08-29,13,Harald_V,en.wikipedia,20500,rounded,Wikimedia Analytics pageviews API (CC0)
GB,United Kingdom,2026-08-29,14,Matthias_Jaissle,en.wikipedia,18900,rounded,Wikimedia Analytics pageviews API (CC0)
GB,United Kingdom,2026-08-29,15,Jai_Arrow,en.wikipedia,17400,rounded,Wikimedia Analytics pageviews API (CC0)
GB,United Kingdom,2026-08-29,16,Umar_Nurmagomedov,en.wikipedia,16000,rounded,Wikimedia Analytics pageviews API (CC0)
GB,United Kingdom,2026-08-29,17,Haakon_VIII,en.wikipedia,15700,rounded,Wikimedia Analytics pageviews API (CC0)
GB,United Kingdom,2026-08-29,18,Raye,en.wikipedia,14800,rounded,Wikimedia Analytics pageviews API (CC0)
GB,United Kingdom,2026-08-29,19,The_Odyssey_(2026_film),en.wikipedia,14700,rounded,Wikimedia Analytics pageviews API (CC0)
GB,United Kingdom,2026-08-29,20,Kelly_Rowland,en.wikipedia,14300,rounded,Wikimedia Analytics pageviews API (CC0)
GB,United Kingdom,2026-08-30,1,All_In_(2026),en.wikipedia,61400,rounded,Wikimedia Analytics pageviews API (CC0)
GB,United Kingdom,2026-08-30,2,Dolly_Parton,en.wikipedia,41300,rounded,Wikimedia Analytics pageviews API (CC0)
GB,United Kingdom,2026-08-30,3,Moses_Itauma,en.wikipedia,39900,rounded,Wikimedia Analytics pageviews API (CC0)
GB,United Kingdom,2026-08-30,4,Filip_Hrgović,en.wikipedia,37400,rounded,Wikimedia Analytics pageviews API (CC0)
GB,United Kingdom,2026-08-30,5,The_Whisper_Man,en.wikipedia,28400,rounded,Wikimedia Analytics pageviews API (CC0)
GB,United Kingdom,2026-08-30,6,Emiliano_Martínez,en.wikipedia,26100,rounded,Wikimedia Analytics pageviews API (CC0)
GB,United Kingdom,2026-08-30,7,Iliman_Ndiaye,en.wikipedia,25100,rounded,Wikimedia Analytics pageviews API (CC0)
GB,United Kingdom,2026-08-30,8,Tim_Curry,en.wikipedia,24100,rounded,Wikimedia Analytics pageviews API (CC0)
GB,United Kingdom,2026-08-30,9,Vigil_(TV_series),en.wikipedia,22500,rounded,Wikimedia Analytics pageviews API (CC0)
GB,United Kingdom,2026-08-30,10,Malick_Yalcouyé,en.wikipedia,22500,rounded,Wikimedia Analytics pageviews API (CC0)
GB,United Kingdom,2026-08-30,11,Deaths_in_2026,en.wikipedia,21900,rounded,Wikimedia Analytics pageviews API (CC0)
GB,United Kingdom,2026-08-30,12,Killing_of_the_Clancy_children,en.wikipedia,20700,rounded,Wikimedia Analytics pageviews API (CC0)
GB,United Kingdom,2026-08-30,13,Ben-Hur_(1959_film),en.wikipedia,18200,rounded,Wikimedia Analytics pageviews API (CC0)
GB,United Kingdom,2026-08-30,14,Hamza_Yassin,en.wikipedia,17300,rounded,Wikimedia Analytics pageviews API (CC0)
GB,United Kingdom,2026-08-30,15,The_Odyssey_(2026_film),en.wikipedia,15400,rounded,Wikimedia Analytics pageviews API (CC0)
GB,United Kingdom,2026-08-30,16,Spider-Man:_Brand_New_Day,en.wikipedia,12900,rounded,Wikimedia Analytics pageviews API (CC0)
GB,United Kingdom,2026-08-30,17,"Julio_Enciso_(footballer,_born_2004)",en.wikipedia,12800,rounded,Wikimedia Analytics pageviews API (CC0)
GB,United Kingdom,2026-08-30,18,Florence_Welch,en.wikipedia,12700,rounded,Wikimedia Analytics pageviews API (CC0)
GB,United Kingdom,2026-08-30,19,Notting_Hill_Carnival,en.wikipedia,12700,rounded,Wikimedia Analytics pageviews API (CC0)
GB,United Kingdom,2026-08-30,20,Richarlison,en.wikipedia,11800,rounded,Wikimedia Analytics pageviews API (CC0)
IN,India,2026-08-24,1,Awarapan_2,en.wikipedia,51500,rounded,Wikimedia Analytics pageviews API (CC0)
IN,India,2026-08-24,2,Spider-Man:_Brand_New_Day,en.wikipedia,40700,rounded,Wikimedia Analytics pageviews API (CC0)
IN,India,2026-08-24,3,Toxic_(2026_film),en.wikipedia,40000,rounded,Wikimedia Analytics pageviews API (CC0)
IN,India,2026-08-24,4,2026_Men's_FIH_Hockey_World_Cup,en.wikipedia,40000,rounded,Wikimedia Analytics pageviews API (CC0)
IN,India,2026-08-24,5,XXX_(film_series),en.wikipedia,37100,rounded,Wikimedia Analytics pageviews API (CC0)
IN,India,2026-08-24,6,.xxx,en.wikipedia,33200,rounded,Wikimedia Analytics pageviews API (CC0)
IN,India,2026-08-24,7,Bethlehem_Kudumba_Unit,en.wikipedia,31700,rounded,Wikimedia Analytics pageviews API (CC0)
IN,India,2026-08-24,8,Vishwanath_&_Sons,en.wikipedia,31100,rounded,Wikimedia Analytics pageviews API (CC0)
IN,India,2026-08-24,9,XXX:_State_of_the_Union,en.wikipedia,30800,rounded,Wikimedia Analytics pageviews API (CC0)
IN,India,2026-08-24,10,Irumudi,en.wikipedia,23700,rounded,Wikimedia Analytics pageviews API (CC0)
IN,India,2026-08-24,11,Shiva_Nirvana,en.wikipedia,21400,rounded,Wikimedia Analytics pageviews API (CC0)
IN,India,2026-08-24,12,The_Odyssey_(2026_film),en.wikipedia,21300,rounded,Wikimedia Analytics pageviews API (CC0)
IN,India,2026-08-24,13,List_of_highest-grossing_films,en.wikipedia,20000,rounded,Wikimedia Analytics pageviews API (CC0)
IN,India,2026-08-24,14,List_of_Hindi_films_of_2026,en.wikipedia,19700,rounded,Wikimedia Analytics pageviews API (CC0)
IN,India,2026-08-24,15,XXXX_(beer),en.wikipedia,19400,rounded,Wikimedia Analytics pageviews API (CC0)
IN,India,2026-08-24,16,Dhruv_Jurel,en.wikipedia,19000,rounded,Wikimedia Analytics pageviews API (CC0)
IN,India,2026-08-24,17,Batwara_1947,en.wikipedia,17800,rounded,Wikimedia Analytics pageviews API (CC0)
IN,India,2026-08-24,18,Saransh_Jain,en.wikipedia,17500,rounded,Wikimedia Analytics pageviews API (CC0)
IN,India,2026-08-24,19,XXX_(2002_film),en.wikipedia,16800,rounded,Wikimedia Analytics pageviews API (CC0)
IN,India,2026-08-24,20,2026_Women's_FIH_Hockey_World_Cup,en.wikipedia,16800,rounded,Wikimedia Analytics pageviews API (CC0)
IN,India,2026-08-25,1,Toxic_(2026_film),en.wikipedia,77800,rounded,Wikimedia Analytics pageviews API (CC0)
IN,India,2026-08-25,2,Awarapan_2,en.wikipedia,51800,rounded,Wikimedia Analytics pageviews API (CC0)
IN,India,2026-08-25,3,XXX_(film_series),en.wikipedia,42100,rounded,Wikimedia Analytics pageviews API (CC0)
IN,India,2026-08-25,4,Spider-Man:_Brand_New_Day,en.wikipedia,36200,rounded,Wikimedia Analytics pageviews API (CC0)
IN,India,2026-08-25,5,.xxx,en.wikipedia,36000,rounded,Wikimedia Analytics pageviews API (CC0)
IN,India,2026-08-25,6,Bethlehem_Kudumba_Unit,en.wikipedia,31600,rounded,Wikimedia Analytics pageviews API (CC0)
IN,India,2026-08-25,7,"I,_Nobody",en.wikipedia,31100,rounded,Wikimedia Analytics pageviews API (CC0)
IN,India,2026-08-25,8,XXX:_State_of_the_Union,en.wikipedia,30500,rounded,Wikimedia Analytics pageviews API (CC0)
IN,India,2026-08-25,9,XXX_(2002_film),en.wikipedia,29500,rounded,Wikimedia Analytics pageviews API (CC0)
IN,India,2026-08-25,10,Geetu_Mohandas,en.wikipedia,25400,rounded,Wikimedia Analytics pageviews API (CC0)
IN,India,2026-08-25,11,Vishwanath_&_Sons,en.wikipedia,23900,rounded,Wikimedia Analytics pageviews API (CC0)
IN,India,2026-08-25,12,List_of_highest-grossing_films,en.wikipedia,19500,rounded,Wikimedia Analytics pageviews API (CC0)
IN,India,2026-08-25,13,List_of_Hindi_films_of_2026,en.wikipedia,19400,rounded,Wikimedia Analytics pageviews API (CC0)
IN,India,2026-08-25,14,Neem_Karoli_Baba,en.wikipedia,19300,rounded,Wikimedia Analytics pageviews API (CC0)
IN,India,2026-08-25,15,The_Odyssey_(2026_film),en.wikipedia,19000,rounded,Wikimedia Analytics pageviews API (CC0)
IN,India,2026-08-25,16,2026_Men's_FIH_Hockey_World_Cup,en.wikipedia,18400,rounded,Wikimedia Analytics pageviews API (CC0)
IN,India,2026-08-25,17,Irumudi,en.wikipedia,17600,rounded,Wikimedia Analytics pageviews API (CC0)
IN,India,2026-08-25,18,Onam,en.wikipedia,17300,rounded,Wikimedia Analytics pageviews API (CC0)
IN,India,2026-08-25,19,Shiva_Nirvana,en.wikipedia,16900,rounded,Wikimedia Analytics pageviews API (CC0)
IN,India,2026-08-25,20,Hanuman_Ansh,en.wikipedia,16600,rounded,Wikimedia Analytics pageviews API (CC0)
IN,India,2026-08-26,1,Toxic_(2026_film),en.wikipedia,648200,rounded,Wikimedia Analytics pageviews API (CC0)
IN,India,2026-08-26,2,Kuku_Kohli,en.wikipedia,158700,rounded,Wikimedia Analytics pageviews API (CC0)
IN,India,2026-08-26,3,Geetu_Mohandas,en.wikipedia,93900,rounded,Wikimedia Analytics pageviews API (CC0)
IN,India,2026-08-26,4,Aruna_Irani,en.wikipedia,65900,rounded,Wikimedia Analytics pageviews API (CC0)
IN,India,2026-08-26,5,Dolly_Parton,en.wikipedia,62700,rounded,Wikimedia Analytics pageviews API (CC0)
IN,India,2026-08-26,6,XXX_(film_series),en.wikipedia,56100,rounded,Wikimedia Analytics pageviews API (CC0)
IN,India,2026-08-26,7,Awarapan_2,en.wikipedia,43900,rounded,Wikimedia Analytics pageviews API (CC0)
IN,India,2026-08-26,8,XXX:_State_of_the_Union,en.wikipedia,43800,rounded,Wikimedia Analytics pageviews API (CC0)
IN,India,2026-08-26,9,Onam,en.wikipedia,43200,rounded,Wikimedia Analytics pageviews API (CC0)
IN,India,2026-08-26,10,.xxx,en.wikipedia,41900,rounded,Wikimedia Analytics pageviews API (CC0)
IN,India,2026-08-26,11,Yash_(actor),en.wikipedia,34600,rounded,Wikimedia Analytics pageviews API (CC0)
IN,India,2026-08-26,12,Spider-Man:_Brand_New_Day,en.wikipedia,34000,rounded,Wikimedia Analytics pageviews API (CC0)
IN,India,2026-08-26,13,XXX_(2002_film),en.wikipedia,33800,rounded,Wikimedia Analytics pageviews API (CC0)
IN,India,2026-08-26,14,Rukmini_Vasanth,en.wikipedia,32000,rounded,Wikimedia Analytics pageviews API (CC0)
IN,India,2026-08-26,15,Bethlehem_Kudumba_Unit,en.wikipedia,30500,rounded,Wikimedia Analytics pageviews API (CC0)
IN,India,2026-08-26,16,Moothon,en.wikipedia,23100,rounded,Wikimedia Analytics pageviews API (CC0)
IN,India,2026-08-26,17,Rajeev_Ravi,en.wikipedia,23100,rounded,Wikimedia Analytics pageviews API (CC0)
IN,India,2026-08-26,18,XXXX_(beer),en.wikipedia,22500,rounded,Wikimedia Analytics pageviews API (CC0)
IN,India,2026-08-26,19,"I,_Nobody",en.wikipedia,22300,rounded,Wikimedia Analytics pageviews API (CC0)
IN,India,2026-08-26,20,Tara_Sutaria,en.wikipedia,22100,rounded,Wikimedia Analytics pageviews API (CC0)
IN,India,2026-08-27,1,Toxic_(2026_film),en.wikipedia,672300,rounded,Wikimedia Analytics pageviews API (CC0)
IN,India,2026-08-27,2,.xxx,en.wikipedia,110100,rounded,Wikimedia Analytics pageviews API (CC0)
IN,India,2026-08-27,3,Geetu_Mohandas,en.wikipedia,91000,rounded,Wikimedia Analytics pageviews API (CC0)
IN,India,2026-08-27,4,Kuku_Kohli,en.wikipedia,73000,rounded,Wikimedia Analytics pageviews API (CC0)
IN,India,2026-08-27,5,Rukmini_Vasanth,en.wikipedia,36500,rounded,Wikimedia Analytics pageviews API (CC0)
IN,India,2026-08-27,6,Awarapan_2,en.wikipedia,36000,rounded,Wikimedia Analytics pageviews API (CC0)
IN,India,2026-08-27,7,Yash_(actor),en.wikipedia,32400,rounded,Wikimedia Analytics pageviews API (CC0)
IN,India,2026-08-27,8,Sukumara_Kurup,en.wikipedia,31600,rounded,Wikimedia Analytics pageviews API (CC0)
IN,India,2026-08-27,9,Bethlehem_Kudumba_Unit,en.wikipedia,31100,rounded,Wikimedia Analytics pageviews API (CC0)
IN,India,2026-08-27,10,2026_Nepal_floods,en.wikipedia,30100,rounded,Wikimedia Analytics pageviews API (CC0)
IN,India,2026-08-27,11,Spider-Man:_Brand_New_Day,en.wikipedia,29800,rounded,Wikimedia Analytics pageviews API (CC0)
IN,India,2026-08-27,12,Aruna_Irani,en.wikipedia,29500,rounded,Wikimedia Analytics pageviews API (CC0)
IN,India,2026-08-27,13,XXX_(film_series),en.wikipedia,25400,rounded,Wikimedia Analytics pageviews API (CC0)
IN,India,2026-08-27,14,Hanuman_Ansh,en.wikipedia,24900,rounded,Wikimedia Analytics pageviews API (CC0)
IN,India,2026-08-27,15,Moothon,en.wikipedia,22800,rounded,Wikimedia Analytics pageviews API (CC0)
IN,India,2026-08-27,16,Tara_Sutaria,en.wikipedia,22200,rounded,Wikimedia Analytics pageviews API (CC0)
IN,India,2026-08-27,17,Neem_Karoli_Baba,en.wikipedia,22000,rounded,Wikimedia Analytics pageviews API (CC0)
IN,India,2026-08-27,18,Kiara_Advani,en.wikipedia,22000,rounded,Wikimedia Analytics pageviews API (CC0)
IN,India,2026-08-27,19,Raksha_Bandhan,en.wikipedia,21700,rounded,Wikimedia Analytics pageviews API (CC0)
IN,India,2026-08-27,20,List_of_highest-grossing_Indian_films,en.wikipedia,21100,rounded,Wikimedia Analytics pageviews API (CC0)
IN,India,2026-08-28,1,Toxic_(2026_film),en.wikipedia,452500,rounded,Wikimedia Analytics pageviews API (CC0)
IN,India,2026-08-28,2,.xxx,en.wikipedia,111900,rounded,Wikimedia Analytics pageviews API (CC0)
IN,India,2026-08-28,3,Geetu_Mohandas,en.wikipedia,51200,rounded,Wikimedia Analytics pageviews API (CC0)
IN,India,2026-08-28,4,Raksha_Bandhan,en.wikipedia,42600,rounded,Wikimedia Analytics pageviews API (CC0)
IN,India,2026-08-28,5,Hanuman_Ansh,en.wikipedia,34300,rounded,Wikimedia Analytics pageviews API (CC0)
IN,India,2026-08-28,6,Bethlehem_Kudumba_Unit,en.wikipedia,34000,rounded,Wikimedia Analytics pageviews API (CC0)
IN,India,2026-08-28,7,Awarapan_2,en.wikipedia,32100,rounded,Wikimedia Analytics pageviews API (CC0)
IN,India,2026-08-28,8,Spider-Man:_Brand_New_Day,en.wikipedia,30400,rounded,Wikimedia Analytics pageviews API (CC0)
IN,India,2026-08-28,9,Sukumara_Kurup,en.wikipedia,29700,rounded,Wikimedia Analytics pageviews API (CC0)
IN,India,2026-08-28,10,2026_Nepal_floods,en.wikipedia,27700,rounded,Wikimedia Analytics pageviews API (CC0)
IN,India,2026-08-28,11,Neem_Karoli_Baba,en.wikipedia,27500,rounded,Wikimedia Analytics pageviews API (CC0)
IN,India,2026-08-28,12,2026_Men's_FIH_Hockey_World_Cup,en.wikipedia,26800,rounded,Wikimedia Analytics pageviews API (CC0)
IN,India,2026-08-28,13,XXX,en.wikipedia,25900,rounded,Wikimedia Analytics pageviews API (CC0)
IN,India,2026-08-28,14,XXXX_(beer),en.wikipedia,23500,rounded,Wikimedia Analytics pageviews API (CC0)
IN,India,2026-08-28,15,Rukmini_Vasanth,en.wikipedia,22000,rounded,Wikimedia Analytics pageviews API (CC0)
IN,India,2026-08-28,16,Alpha_(2026_film),en.wikipedia,21900,rounded,Wikimedia Analytics pageviews API (CC0)
IN,India,2026-08-28,17,Subhash_Chandra,en.wikipedia,21600,rounded,Wikimedia Analytics pageviews API (CC0)
IN,India,2026-08-28,18,Yash_(actor),en.wikipedia,21000,rounded,Wikimedia Analytics pageviews API (CC0)
IN,India,2026-08-28,19,Vishwanath_&_Sons,en.wikipedia,20000,rounded,Wikimedia Analytics pageviews API (CC0)
IN,India,2026-08-28,20,XXX_(film_series),en.wikipedia,19000,rounded,Wikimedia Analytics pageviews API (CC0)
IN,India,2026-08-29,1,Toxic_(2026_film),en.wikipedia,374200,rounded,Wikimedia Analytics pageviews API (CC0)
IN,India,2026-08-29,2,.xxx,en.wikipedia,81900,rounded,Wikimedia Analytics pageviews API (CC0)
IN,India,2026-08-29,3,Hanuman_Ansh,en.wikipedia,55400,rounded,Wikimedia Analytics pageviews API (CC0)
IN,India,2026-08-29,4,Neem_Karoli_Baba,en.wikipedia,42200,rounded,Wikimedia Analytics pageviews API (CC0)
IN,India,2026-08-29,5,Bethlehem_Kudumba_Unit,en.wikipedia,39300,rounded,Wikimedia Analytics pageviews API (CC0)
IN,India,2026-08-29,6,Awarapan_2,en.wikipedia,35200,rounded,Wikimedia Analytics pageviews API (CC0)
IN,India,2026-08-29,7,Spider-Man:_Brand_New_Day,en.wikipedia,34900,rounded,Wikimedia Analytics pageviews API (CC0)
IN,India,2026-08-29,8,XXX,en.wikipedia,32300,rounded,Wikimedia Analytics pageviews API (CC0)
IN,India,2026-08-29,9,Geetu_Mohandas,en.wikipedia,31100,rounded,Wikimedia Analytics pageviews API (CC0)
IN,India,2026-08-29,10,XXXX_(beer),en.wikipedia,27300,rounded,Wikimedia Analytics pageviews API (CC0)
IN,India,2026-08-29,11,Subhash_Chandra,en.wikipedia,26700,rounded,Wikimedia Analytics pageviews API (CC0)
IN,India,2026-08-29,12,Alpha_(2026_film),en.wikipedia,26000,rounded,Wikimedia Analytics pageviews API (CC0)
IN,India,2026-08-29,13,WWW_(film),en.wikipedia,23200,rounded,Wikimedia Analytics pageviews API (CC0)
IN,India,2026-08-29,14,XXX_(film_series),en.wikipedia,23000,rounded,Wikimedia Analytics pageviews API (CC0)
IN,India,2026-08-29,15,Vishwanath_&_Sons,en.wikipedia,22400,rounded,Wikimedia Analytics pageviews API (CC0)
IN,India,2026-08-29,16,2026_Nepal_floods,en.wikipedia,21900,rounded,Wikimedia Analytics pageviews API (CC0)
IN,India,2026-08-29,17,List_of_highest-grossing_films,en.wikipedia,21900,rounded,Wikimedia Analytics pageviews API (CC0)
IN,India,2026-08-29,18,Michael_Jackson,en.wikipedia,20400,rounded,Wikimedia Analytics pageviews API (CC0)
IN,India,2026-08-29,19,2026_Men's_FIH_Hockey_World_Cup,en.wikipedia,19600,rounded,Wikimedia Analytics pageviews API (CC0)
IN,India,2026-08-29,20,List_of_Hindi_films_of_2026,en.wikipedia,18700,rounded,Wikimedia Analytics pageviews API (CC0)
IN,India,2026-08-30,1,Toxic_(2026_film),en.wikipedia,317300,rounded,Wikimedia Analytics pageviews API (CC0)
IN,India,2026-08-30,2,Hanuman_Ansh,en.wikipedia,73600,rounded,Wikimedia Analytics pageviews API (CC0)
IN,India,2026-08-30,3,Neem_Karoli_Baba,en.wikipedia,54500,rounded,Wikimedia Analytics pageviews API (CC0)
IN,India,2026-08-30,4,.xxx,en.wikipedia,44900,rounded,Wikimedia Analytics pageviews API (CC0)
IN,India,2026-08-30,5,Bethlehem_Kudumba_Unit,en.wikipedia,44600,rounded,Wikimedia Analytics pageviews API (CC0)
IN,India,2026-08-30,6,Spider-Man:_Brand_New_Day,en.wikipedia,36800,rounded,Wikimedia Analytics pageviews API (CC0)
IN,India,2026-08-30,7,XXX,en.wikipedia,36500,rounded,Wikimedia Analytics pageviews API (CC0)
IN,India,2026-08-30,8,Awarapan_2,en.wikipedia,30900,rounded,Wikimedia Analytics pageviews API (CC0)
IN,India,2026-08-30,9,Vishwanath_&_Sons,en.wikipedia,25900,rounded,Wikimedia Analytics pageviews API (CC0)
IN,India,2026-08-30,10,Alpha_(2026_film),en.wikipedia,25100,rounded,Wikimedia Analytics pageviews API (CC0)
IN,India,2026-08-30,11,Michael_Jackson,en.wikipedia,23400,rounded,Wikimedia Analytics pageviews API (CC0)
IN,India,2026-08-30,12,Kuku_Kohli,en.wikipedia,23200,rounded,Wikimedia Analytics pageviews API (CC0)
IN,India,2026-08-30,13,Geetu_Mohandas,en.wikipedia,22800,rounded,Wikimedia Analytics pageviews API (CC0)
IN,India,2026-08-30,14,XXX_(film_series),en.wikipedia,21900,rounded,Wikimedia Analytics pageviews API (CC0)
IN,India,2026-08-30,15,List_of_highest-grossing_films,en.wikipedia,20900,rounded,Wikimedia Analytics pageviews API (CC0)
IN,India,2026-08-30,16,2026_Men's_FIH_Hockey_World_Cup,en.wikipedia,20500,rounded,Wikimedia Analytics pageviews API (CC0)
IN,India,2026-08-30,17,The_Odyssey_(2026_film),en.wikipedia,19900,rounded,Wikimedia Analytics pageviews API (CC0)
IN,India,2026-08-30,18,2026_Nepal_floods,en.wikipedia,19900,rounded,Wikimedia Analytics pageviews API (CC0)
IN,India,2026-08-30,19,XXXX_(beer),en.wikipedia,19800,rounded,Wikimedia Analytics pageviews API (CC0)
IN,India,2026-08-30,20,List_of_Hindi_films_of_2026,en.wikipedia,18400,rounded,Wikimedia Analytics pageviews API (CC0)
PH,Philippines,2026-08-24,1,Miss_World_2026,en.wikipedia,7700,rounded,Wikimedia Analytics pageviews API (CC0)
PH,Philippines,2026-08-24,2,Spider-Man:_Brand_New_Day,en.wikipedia,3400,rounded,Wikimedia Analytics pageviews API (CC0)
PH,Philippines,2026-08-24,3,Insidious:_Out_of_the_Further,en.wikipedia,3100,rounded,Wikimedia Analytics pageviews API (CC0)
PH,Philippines,2026-08-24,4,ChatGPT,en.wikipedia,2800,rounded,Wikimedia Analytics pageviews API (CC0)
PH,Philippines,2026-08-24,5,Asia_Rose_Simpson,en.wikipedia,2800,rounded,Wikimedia Analytics pageviews API (CC0)
PH,Philippines,2026-08-24,6,Alexandra_Eala,en.wikipedia,2500,rounded,Wikimedia Analytics pageviews API (CC0)
PH,Philippines,2026-08-24,7,2026_Pacific_typhoon_season,en.wikipedia,2300,rounded,Wikimedia Analytics pageviews API (CC0)
PH,Philippines,2026-08-24,8,Lanterns_(TV_series),en.wikipedia,2200,rounded,Wikimedia Analytics pageviews API (CC0)
PH,Philippines,2026-08-24,9,Natasha_Cloud,en.wikipedia,2200,rounded,Wikimedia Analytics pageviews API (CC0)
PH,Philippines,2026-08-24,10,Insidious_(film_series),en.wikipedia,2100,rounded,Wikimedia Analytics pageviews API (CC0)
PH,Philippines,2026-08-24,11,Enes_Kanter_Freedom,en.wikipedia,2000,rounded,Wikimedia Analytics pageviews API (CC0)
PH,Philippines,2026-08-24,12,The_Odyssey_(2026_film),en.wikipedia,1800,rounded,Wikimedia Analytics pageviews API (CC0)
PH,Philippines,2026-08-24,13,2026_Zamboanga_City_school_shooting,en.wikipedia,1600,rounded,Wikimedia Analytics pageviews API (CC0)
PH,Philippines,2026-08-24,14,Lesbian_Space_Princess,en.wikipedia,1600,rounded,Wikimedia Analytics pageviews API (CC0)
PH,Philippines,2026-08-24,15,Obsession_(2025_film),en.wikipedia,1500,rounded,Wikimedia Analytics pageviews API (CC0)
PH,Philippines,2026-08-24,16,List_of_highest-grossing_films,en.wikipedia,1400,rounded,Wikimedia Analytics pageviews API (CC0)
PH,Philippines,2026-08-24,17,José_Rizal,en.wikipedia,1300,rounded,Wikimedia Analytics pageviews API (CC0)
PH,Philippines,2026-08-24,18,Klay_Thompson,en.wikipedia,1300,rounded,Wikimedia Analytics pageviews API (CC0)
PH,Philippines,2026-08-25,1,Dolly_Parton,en.wikipedia,12100,rounded,Wikimedia Analytics pageviews API (CC0)
PH,Philippines,2026-08-25,2,Miss_World_2026,en.wikipedia,6500,rounded,Wikimedia Analytics pageviews API (CC0)
PH,Philippines,2026-08-25,3,ChatGPT,en.wikipedia,4100,rounded,Wikimedia Analytics pageviews API (CC0)
PH,Philippines,2026-08-25,4,Spider-Man:_Brand_New_Day,en.wikipedia,3200,rounded,Wikimedia Analytics pageviews API (CC0)
PH,Philippines,2026-08-25,5,Jang_Dong-yoon,en.wikipedia,3000,rounded,Wikimedia Analytics pageviews API (CC0)
PH,Philippines,2026-08-25,6,Asia_Rose_Simpson,en.wikipedia,2600,rounded,Wikimedia Analytics pageviews API (CC0)
PH,Philippines,2026-08-25,7,Insidious:_Out_of_the_Further,en.wikipedia,2200,rounded,Wikimedia Analytics pageviews API (CC0)
PH,Philippines,2026-08-25,8,2026_AVC_Women's_Volleyball_Continental_Championship,en.wikipedia,2100,rounded,Wikimedia Analytics pageviews API (CC0)
PH,Philippines,2026-08-25,9,Alexandra_Eala,en.wikipedia,1900,rounded,Wikimedia Analytics pageviews API (CC0)
PH,Philippines,2026-08-25,10,Lesbian_Space_Princess,en.wikipedia,1700,rounded,Wikimedia Analytics pageviews API (CC0)
PH,Philippines,2026-08-25,11,Insidious_(film_series),en.wikipedia,1600,rounded,Wikimedia Analytics pageviews API (CC0)
PH,Philippines,2026-08-25,12,2026_Zamboanga_City_school_shooting,en.wikipedia,1600,rounded,Wikimedia Analytics pageviews API (CC0)
PH,Philippines,2026-08-25,13,José_Rizal,en.wikipedia,1500,rounded,Wikimedia Analytics pageviews API (CC0)
PH,Philippines,2026-08-25,14,Enes_Kanter_Freedom,en.wikipedia,1500,rounded,Wikimedia Analytics pageviews API (CC0)
PH,Philippines,2026-08-25,15,The_Odyssey_(2026_film),en.wikipedia,1500,rounded,Wikimedia Analytics pageviews API (CC0)
PH,Philippines,2026-08-25,16,List_of_highest-grossing_films,en.wikipedia,1500,rounded,Wikimedia Analytics pageviews API (CC0)
PH,Philippines,2026-08-25,17,Lanterns_(TV_series),en.wikipedia,1400,rounded,Wikimedia Analytics pageviews API (CC0)
PH,Philippines,2026-08-25,18,Obsession_(2025_film),en.wikipedia,1400,rounded,Wikimedia Analytics pageviews API (CC0)
PH,Philippines,2026-08-25,19,Bing_Loyzaga,en.wikipedia,1400,rounded,Wikimedia Analytics pageviews API (CC0)
PH,Philippines,2026-08-25,20,El_Chapo,en.wikipedia,1300,rounded,Wikimedia Analytics pageviews API (CC0)
PH,Philippines,2026-08-26,1,Dolly_Parton,en.wikipedia,32200,rounded,Wikimedia Analytics pageviews API (CC0)
PH,Philippines,2026-08-26,2,Tim_Curry,en.wikipedia,8400,rounded,Wikimedia Analytics pageviews API (CC0)
PH,Philippines,2026-08-26,3,Miss_World_2026,en.wikipedia,2900,rounded,Wikimedia Analytics pageviews API (CC0)
PH,Philippines,2026-08-26,4,The_Remarried_Empress,en.wikipedia,2500,rounded,Wikimedia Analytics pageviews API (CC0)
PH,Philippines,2026-08-26,5,Spider-Man:_Brand_New_Day,en.wikipedia,2400,rounded,Wikimedia Analytics pageviews API (CC0)
PH,Philippines,2026-08-26,6,2026_AVC_Women's_Volleyball_Continental_Championship,en.wikipedia,2300,rounded,Wikimedia Analytics pageviews API (CC0)
PH,Philippines,2026-08-26,7,Lil'_Eddie,en.wikipedia,2200,rounded,Wikimedia Analytics pageviews API (CC0)
PH,Philippines,2026-08-26,8,I_Will_Always_Love_You,en.wikipedia,2000,rounded,Wikimedia Analytics pageviews API (CC0)
PH,Philippines,2026-08-26,9,El_Chapo,en.wikipedia,1800,rounded,Wikimedia Analytics pageviews API (CC0)
PH,Philippines,2026-08-26,10,Kyle_Singler,en.wikipedia,1700,rounded,Wikimedia Analytics pageviews API (CC0)
PH,Philippines,2026-08-26,11,ChatGPT,en.wikipedia,1700,rounded,Wikimedia Analytics pageviews API (CC0)
PH,Philippines,2026-08-26,12,Insidious:_Out_of_the_Further,en.wikipedia,1600,rounded,Wikimedia Analytics pageviews API (CC0)
PH,Philippines,2026-08-26,13,List_of_Tim_Curry_performances,en.wikipedia,1500,rounded,Wikimedia Analytics pageviews API (CC0)
PH,Philippines,2026-08-26,14,José_Rizal,en.wikipedia,1500,rounded,Wikimedia Analytics pageviews API (CC0)
PH,Philippines,2026-08-26,15,wiki.phtml,sr.wikipedia,1500,rounded,Wikimedia Analytics pageviews API (CC0)
PH,Philippines,2026-08-26,16,Ninoy_Aquino,en.wikipedia,1500,rounded,Wikimedia Analytics pageviews API (CC0)
PH,Philippines,2026-08-26,17,Alexandra_Eala,en.wikipedia,1400,rounded,Wikimedia Analytics pageviews API (CC0)
PH,Philippines,2026-08-26,18,Philippines,en.wikipedia,1300,rounded,Wikimedia Analytics pageviews API (CC0)
PH,Philippines,2026-08-26,19,Leave_the_World_Behind_(film),en.wikipedia,1300,rounded,Wikimedia Analytics pageviews API (CC0)
PH,Philippines,2026-08-26,20,Dollywood,en.wikipedia,1200,rounded,Wikimedia Analytics pageviews API (CC0)
PH,Philippines,2026-08-27,1,Dolly_Parton,en.wikipedia,10800,rounded,Wikimedia Analytics pageviews API (CC0)
PH,Philippines,2026-08-27,2,Tim_Curry,en.wikipedia,10400,rounded,Wikimedia Analytics pageviews API (CC0)
PH,Philippines,2026-08-27,3,Peter_Cullen,en.wikipedia,6400,rounded,Wikimedia Analytics pageviews API (CC0)
PH,Philippines,2026-08-27,4,2026_Nepal_floods,en.wikipedia,6200,rounded,Wikimedia Analytics pageviews API (CC0)
PH,Philippines,2026-08-27,5,Nepal,en.wikipedia,5100,rounded,Wikimedia Analytics pageviews API (CC0)
PH,Philippines,2026-08-27,6,Miss_World_2026,en.wikipedia,4800,rounded,Wikimedia Analytics pageviews API (CC0)
PH,Philippines,2026-08-27,7,wiki.phtml,hr.wikipedia,3700,rounded,Wikimedia Analytics pageviews API (CC0)
PH,Philippines,2026-08-27,8,Marianne_Bachmeier,en.wikipedia,2500,rounded,Wikimedia Analytics pageviews API (CC0)
PH,Philippines,2026-08-27,9,China–Nepal_border,en.wikipedia,2500,rounded,Wikimedia Analytics pageviews API (CC0)
PH,Philippines,2026-08-27,10,Yayoi_Kusama,en.wikipedia,2300,rounded,Wikimedia Analytics pageviews API (CC0)
PH,Philippines,2026-08-27,11,Tibet,en.wikipedia,2100,rounded,Wikimedia Analytics pageviews API (CC0)
PH,Philippines,2026-08-27,12,Spider-Man:_Brand_New_Day,en.wikipedia,2000,rounded,Wikimedia Analytics pageviews API (CC0)
PH,Philippines,2026-08-27,13,The_Remarried_Empress,en.wikipedia,2000,rounded,Wikimedia Analytics pageviews API (CC0)
PH,Philippines,2026-08-27,14,Mount_Everest,en.wikipedia,1800,rounded,Wikimedia Analytics pageviews API (CC0)
PH,Philippines,2026-08-27,15,2026_US_Open_–_Women's_singles,en.wikipedia,1800,rounded,Wikimedia Analytics pageviews API (CC0)
PH,Philippines,2026-08-27,16,2026_AVC_Women's_Volleyball_Continental_Championship,en.wikipedia,1800,rounded,Wikimedia Analytics pageviews API (CC0)
PH,Philippines,2026-08-27,17,List_of_Tim_Curry_performances,en.wikipedia,1800,rounded,Wikimedia Analytics pageviews API (CC0)
PH,Philippines,2026-08-27,18,wiki.phtml,sr.wikipedia,1600,rounded,Wikimedia Analytics pageviews API (CC0)
PH,Philippines,2026-08-27,19,The_Rocky_Horror_Picture_Show,en.wikipedia,1500,rounded,Wikimedia Analytics pageviews API (CC0)
PH,Philippines,2026-08-27,20,Insidious:_Out_of_the_Further,en.wikipedia,1400,rounded,Wikimedia Analytics pageviews API (CC0)
PH,Philippines,2026-08-28,1,Harald_V,en.wikipedia,8400,rounded,Wikimedia Analytics pageviews API (CC0)
PH,Philippines,2026-08-28,2,Dolly_Parton,en.wikipedia,5900,rounded,Wikimedia Analytics pageviews API (CC0)
PH,Philippines,2026-08-28,3,Peter_Cullen,en.wikipedia,5600,rounded,Wikimedia Analytics pageviews API (CC0)
PH,Philippines,2026-08-28,4,2027_FIBA_Basketball_World_Cup_qualification_(Asia),en.wikipedia,5200,rounded,Wikimedia Analytics pageviews API (CC0)
PH,Philippines,2026-08-28,5,2026_Nepal_floods,en.wikipedia,5100,rounded,Wikimedia Analytics pageviews API (CC0)
PH,Philippines,2026-08-28,6,Iva_Jovic,en.wikipedia,4300,rounded,Wikimedia Analytics pageviews API (CC0)
PH,Philippines,2026-08-28,7,Nepal,en.wikipedia,4200,rounded,Wikimedia Analytics pageviews API (CC0)
PH,Philippines,2026-08-28,8,Haakon_VIII,en.wikipedia,3900,rounded,Wikimedia Analytics pageviews API (CC0)
PH,Philippines,2026-08-28,9,Drag_Race_Down_Under_vs._the_World,en.wikipedia,3700,rounded,Wikimedia Analytics pageviews API (CC0)
PH,Philippines,2026-08-28,10,Tim_Curry,en.wikipedia,2800,rounded,Wikimedia Analytics pageviews API (CC0)
PH,Philippines,2026-08-28,11,"Ingrid_Alexandra,_Crown_Princess_of_Norway",en.wikipedia,2700,rounded,Wikimedia Analytics pageviews API (CC0)
PH,Philippines,2026-08-28,12,Miss_World_2026,en.wikipedia,2600,rounded,Wikimedia Analytics pageviews API (CC0)
PH,Philippines,2026-08-28,13,Jalen_Harris,en.wikipedia,2500,rounded,Wikimedia Analytics pageviews API (CC0)
PH,Philippines,2026-08-28,14,Alexandra_Eala,en.wikipedia,2400,rounded,Wikimedia Analytics pageviews API (CC0)
PH,Philippines,2026-08-28,15,Miss_USA_2026,en.wikipedia,2300,rounded,Wikimedia Analytics pageviews API (CC0)
PH,Philippines,2026-08-28,16,Haakon_(King_of_Norway),en.wikipedia,2100,rounded,Wikimedia Analytics pageviews API (CC0)
PH,Philippines,2026-08-28,17,Grand_Theft_Auto_VI,en.wikipedia,2100,rounded,Wikimedia Analytics pageviews API (CC0)
PH,Philippines,2026-08-28,18,Olav_V,en.wikipedia,2100,rounded,Wikimedia Analytics pageviews API (CC0)
PH,Philippines,2026-08-28,19,Spider-Man:_Brand_New_Day,en.wikipedia,2000,rounded,Wikimedia Analytics pageviews API (CC0)
PH,Philippines,2026-08-28,20,Mount_Everest,en.wikipedia,1900,rounded,Wikimedia Analytics pageviews API (CC0)
PH,Philippines,2026-08-29,1,Harald_V,en.wikipedia,3800,rounded,Wikimedia Analytics pageviews API (CC0)
PH,Philippines,2026-08-29,2,2026_Nepal_floods,en.wikipedia,3400,rounded,Wikimedia Analytics pageviews API (CC0)
PH,Philippines,2026-08-29,3,Dolly_Parton,en.wikipedia,3400,rounded,Wikimedia Analytics pageviews API (CC0)
PH,Philippines,2026-08-29,4,2027_FIBA_Basketball_World_Cup_qualification_(Asia),en.wikipedia,3400,rounded,Wikimedia Analytics pageviews API (CC0)
PH,Philippines,2026-08-29,5,Haakon_VIII,en.wikipedia,3200,rounded,Wikimedia Analytics pageviews API (CC0)
PH,Philippines,2026-08-29,6,Mary_Stoiana,en.wikipedia,3100,rounded,Wikimedia Analytics pageviews API (CC0)
PH,Philippines,2026-08-29,7,Jalen_Harris,en.wikipedia,2900,rounded,Wikimedia Analytics pageviews API (CC0)
PH,Philippines,2026-08-29,8,The_Whisper_Man,en.wikipedia,2800,rounded,Wikimedia Analytics pageviews API (CC0)
PH,Philippines,2026-08-29,9,Kai_Sotto,en.wikipedia,2600,rounded,Wikimedia Analytics pageviews API (CC0)
PH,Philippines,2026-08-29,10,Spider-Man:_Brand_New_Day,en.wikipedia,2500,rounded,Wikimedia Analytics pageviews API (CC0)
PH,Philippines,2026-08-29,11,Mousetrap_(TV_series),en.wikipedia,2500,rounded,Wikimedia Analytics pageviews API (CC0)
PH,Philippines,2026-08-29,12,Umar_Nurmagomedov,en.wikipedia,2500,rounded,Wikimedia Analytics pageviews API (CC0)
PH,Philippines,2026-08-29,13,Nepal,en.wikipedia,2400,rounded,Wikimedia Analytics pageviews API (CC0)
PH,Philippines,2026-08-29,14,Mali_(elephant),en.wikipedia,2300,rounded,Wikimedia Analytics pageviews API (CC0)
PH,Philippines,2026-08-29,15,2026_AVC_Women's_Volleyball_Continental_Championship,en.wikipedia,2200,rounded,Wikimedia Analytics pageviews API (CC0)
PH,Philippines,2026-08-29,16,Kevin_Quiambao,en.wikipedia,2100,rounded,Wikimedia Analytics pageviews API (CC0)
PH,Philippines,2026-08-29,17,The_Early_Spring,en.wikipedia,2100,rounded,Wikimedia Analytics pageviews API (CC0)
PH,Philippines,2026-08-29,18,Miss_World_2026,en.wikipedia,2000,rounded,Wikimedia Analytics pageviews API (CC0)
PH,Philippines,2026-08-29,19,Song_Yadong,en.wikipedia,1900,rounded,Wikimedia Analytics pageviews API (CC0)
PH,Philippines,2026-08-29,20,Alexandra_Eala,en.wikipedia,1800,rounded,Wikimedia Analytics pageviews API (CC0)
PH,Philippines,2026-08-30,1,2027_FIBA_Basketball_World_Cup_qualification_(Asia),en.wikipedia,9900,rounded,Wikimedia Analytics pageviews API (CC0)
PH,Philippines,2026-08-30,2,The_Whisper_Man,en.wikipedia,3400,rounded,Wikimedia Analytics pageviews API (CC0)
PH,Philippines,2026-08-30,3,Jenny_Barzaga,en.wikipedia,3200,rounded,Wikimedia Analytics pageviews API (CC0)
PH,Philippines,2026-08-30,4,Kai_Sotto,en.wikipedia,3200,rounded,Wikimedia Analytics pageviews API (CC0)
PH,Philippines,2026-08-30,5,Juan_Gómez_de_Liaño,en.wikipedia,3200,rounded,Wikimedia Analytics pageviews API (CC0)
PH,Philippines,2026-08-30,6,Dwight_Ramos,en.wikipedia,3200,rounded,Wikimedia Analytics pageviews API (CC0)
PH,Philippines,2026-08-30,7,Yeng_Constantino,en.wikipedia,3100,rounded,Wikimedia Analytics pageviews API (CC0)
PH,Philippines,2026-08-30,8,The_Early_Spring,en.wikipedia,3100,rounded,Wikimedia Analytics pageviews API (CC0)
PH,Philippines,2026-08-30,9,2027_FIBA_Basketball_World_Cup_qualification,en.wikipedia,2800,rounded,Wikimedia Analytics pageviews API (CC0)
PH,Philippines,2026-08-30,10,June_Mar_Fajardo,en.wikipedia,2800,rounded,Wikimedia Analytics pageviews API (CC0)
PH,Philippines,2026-08-30,11,2026_AVC_Women's_Volleyball_Continental_Championship,en.wikipedia,2700,rounded,Wikimedia Analytics pageviews API (CC0)
PH,Philippines,2026-08-30,12,Spider-Man:_Brand_New_Day,en.wikipedia,2600,rounded,Wikimedia Analytics pageviews API (CC0)
PH,Philippines,2026-08-30,13,Dolly_Parton,en.wikipedia,2500,rounded,Wikimedia Analytics pageviews API (CC0)
PH,Philippines,2026-08-30,14,Princess_Hours,en.wikipedia,2400,rounded,Wikimedia Analytics pageviews API (CC0)
PH,Philippines,2026-08-30,15,A._J._Edu,en.wikipedia,2400,rounded,Wikimedia Analytics pageviews API (CC0)
PH,Philippines,2026-08-30,16,2026_Nepal_floods,en.wikipedia,2300,rounded,Wikimedia Analytics pageviews API (CC0)
PH,Philippines,2026-08-30,17,Mousetrap_(TV_series),en.wikipedia,2300,rounded,Wikimedia Analytics pageviews API (CC0)
PH,Philippines,2026-08-30,18,Léon:_The_Professional,en.wikipedia,2200,rounded,Wikimedia Analytics pageviews API (CC0)
PH,Philippines,2026-08-30,19,Philippines_men's_national_basketball_team,en.wikipedia,2100,rounded,Wikimedia Analytics pageviews API (CC0)
PH,Philippines,2026-08-30,20,National_Heroes_Day_(Philippines),en.wikipedia,2100,rounded,Wikimedia Analytics pageviews API (CC0)
JP,Japan,2026-08-24,1,SCANDAL_(日本のバンド),ja.wikipedia,68300,rounded,Wikimedia Analytics pageviews API (CC0)
JP,Japan,2026-08-24,2,藏内勇夫,ja.wikipedia,62600,rounded,Wikimedia Analytics pageviews API (CC0)
JP,Japan,2026-08-24,3,優木まおみ,ja.wikipedia,55700,rounded,Wikimedia Analytics pageviews API (CC0)
JP,Japan,2026-08-24,4,八村塁,ja.wikipedia,53600,rounded,Wikimedia Analytics pageviews API (CC0)
JP,Japan,2026-08-24,5,河本準一,ja.wikipedia,51600,rounded,Wikimedia Analytics pageviews API (CC0)
JP,Japan,2026-08-24,6,奥田豊三,ja.wikipedia,50500,rounded,Wikimedia Analytics pageviews API (CC0)
JP,Japan,2026-08-24,7,綿貫民輔,ja.wikipedia,43600,rounded,Wikimedia Analytics pageviews API (CC0)
JP,Japan,2026-08-24,8,奈緒,ja.wikipedia,40100,rounded,Wikimedia Analytics pageviews API (CC0)
JP,Japan,2026-08-24,9,前田利家,ja.wikipedia,37700,rounded,Wikimedia Analytics pageviews API (CC0)
JP,Japan,2026-08-24,10,VIVANT,ja.wikipedia,35000,rounded,Wikimedia Analytics pageviews API (CC0)
JP,Japan,2026-08-24,11,礒部希帆,ja.wikipedia,32200,rounded,Wikimedia Analytics pageviews API (CC0)
JP,Japan,2026-08-24,12,富栄ドラム,ja.wikipedia,31800,rounded,Wikimedia Analytics pageviews API (CC0)
JP,Japan,2026-08-24,13,高島宗一郎,ja.wikipedia,31500,rounded,Wikimedia Analytics pageviews API (CC0)
JP,Japan,2026-08-24,14,三浦璃来,ja.wikipedia,31500,rounded,Wikimedia Analytics pageviews API (CC0)
JP,Japan,2026-08-24,15,桑山重晴,ja.wikipedia,30800,rounded,Wikimedia Analytics pageviews API (CC0)
JP,Japan,2026-08-24,16,さかなクン,ja.wikipedia,30400,rounded,Wikimedia Analytics pageviews API (CC0)
JP,Japan,2026-08-24,17,マブチモーター社長宅殺人放火事件,ja.wikipedia,29000,rounded,Wikimedia Analytics pageviews API (CC0)
JP,Japan,2026-08-24,18,UTA_(モデル),ja.wikipedia,27800,rounded,Wikimedia Analytics pageviews API (CC0)
JP,Japan,2026-08-24,19,ダレノガレ明美,ja.wikipedia,27600,rounded,Wikimedia Analytics pageviews API (CC0)
JP,Japan,2026-08-24,20,木原龍一,ja.wikipedia,27300,rounded,Wikimedia Analytics pageviews API (CC0)
JP,Japan,2026-08-25,1,高田みづえ,ja.wikipedia,132000,rounded,Wikimedia Analytics pageviews API (CC0)
JP,Japan,2026-08-25,2,若嶋津六夫,ja.wikipedia,95200,rounded,Wikimedia Analytics pageviews API (CC0)
JP,Japan,2026-08-25,3,新セリナ,ja.wikipedia,93200,rounded,Wikimedia Analytics pageviews API (CC0)
JP,Japan,2026-08-25,4,大友愛,ja.wikipedia,63700,rounded,Wikimedia Analytics pageviews API (CC0)
JP,Japan,2026-08-25,5,秋本美空,ja.wikipedia,60300,rounded,Wikimedia Analytics pageviews API (CC0)
JP,Japan,2026-08-25,6,勧修寺玲旺,ja.wikipedia,55600,rounded,Wikimedia Analytics pageviews API (CC0)
JP,Japan,2026-08-25,7,アイリ_(タレント),ja.wikipedia,40600,rounded,Wikimedia Analytics pageviews API (CC0)
JP,Japan,2026-08-25,8,勝信,ja.wikipedia,38800,rounded,Wikimedia Analytics pageviews API (CC0)
JP,Japan,2026-08-25,9,星野有香,ja.wikipedia,36600,rounded,Wikimedia Analytics pageviews API (CC0)
JP,Japan,2026-08-25,10,山村紅葉,ja.wikipedia,35000,rounded,Wikimedia Analytics pageviews API (CC0)
JP,Japan,2026-08-25,11,福岡海の中道大橋飲酒運転事故,ja.wikipedia,34700,rounded,Wikimedia Analytics pageviews API (CC0)
JP,Japan,2026-08-25,12,小西陸斗,ja.wikipedia,28100,rounded,Wikimedia Analytics pageviews API (CC0)
JP,Japan,2026-08-25,13,秋本啓之,ja.wikipedia,26800,rounded,Wikimedia Analytics pageviews API (CC0)
JP,Japan,2026-08-25,14,山村美紗,ja.wikipedia,26600,rounded,Wikimedia Analytics pageviews API (CC0)
JP,Japan,2026-08-25,15,藏内勇夫,ja.wikipedia,26400,rounded,Wikimedia Analytics pageviews API (CC0)
JP,Japan,2026-08-25,16,VIVANT,ja.wikipedia,26000,rounded,Wikimedia Analytics pageviews API (CC0)
JP,Japan,2026-08-25,17,山本辰生,ja.wikipedia,25700,rounded,Wikimedia Analytics pageviews API (CC0)
JP,Japan,2026-08-25,18,SCANDAL_(日本のバンド),ja.wikipedia,23400,rounded,Wikimedia Analytics pageviews API (CC0)
JP,Japan,2026-08-25,19,高塚猛,ja.wikipedia,22700,rounded,Wikimedia Analytics pageviews API (CC0)
JP,Japan,2026-08-25,20,礒部希帆,ja.wikipedia,21700,rounded,Wikimedia Analytics pageviews API (CC0)
JP,Japan,2026-08-26,1,赤根智子,ja.wikipedia,129100,rounded,Wikimedia Analytics pageviews API (CC0)
JP,Japan,2026-08-26,2,新セリナ,ja.wikipedia,126300,rounded,Wikimedia Analytics pageviews API (CC0)
JP,Japan,2026-08-26,3,高田みづえ,ja.wikipedia,45700,rounded,Wikimedia Analytics pageviews API (CC0)
JP,Japan,2026-08-26,4,勧修寺玲旺,ja.wikipedia,45200,rounded,Wikimedia Analytics pageviews API (CC0)
JP,Japan,2026-08-26,5,佐野史郎,ja.wikipedia,29500,rounded,Wikimedia Analytics pageviews API (CC0)
JP,Japan,2026-08-26,6,ドリー・パートン,ja.wikipedia,29000,rounded,Wikimedia Analytics pageviews API (CC0)
JP,Japan,2026-08-26,7,若嶋津六夫,ja.wikipedia,27600,rounded,Wikimedia Analytics pageviews API (CC0)
JP,Japan,2026-08-26,8,横山太一,ja.wikipedia,26300,rounded,Wikimedia Analytics pageviews API (CC0)
JP,Japan,2026-08-26,9,救命病棟24時,ja.wikipedia,23900,rounded,Wikimedia Analytics pageviews API (CC0)
JP,Japan,2026-08-26,10,眞嶋優,ja.wikipedia,23300,rounded,Wikimedia Analytics pageviews API (CC0)
JP,Japan,2026-08-26,11,山口馬木也,ja.wikipedia,21500,rounded,Wikimedia Analytics pageviews API (CC0)
JP,Japan,2026-08-26,12,VIVANT,ja.wikipedia,21400,rounded,Wikimedia Analytics pageviews API (CC0)
JP,Japan,2026-08-26,13,星野有香,ja.wikipedia,20500,rounded,Wikimedia Analytics pageviews API (CC0)
JP,Japan,2026-08-26,14,国際刑事裁判所,ja.wikipedia,20000,rounded,Wikimedia Analytics pageviews API (CC0)
JP,Japan,2026-08-26,15,南波雅俊,ja.wikipedia,17000,rounded,Wikimedia Analytics pageviews API (CC0)
JP,Japan,2026-08-26,16,甲斐翔真,ja.wikipedia,16400,rounded,Wikimedia Analytics pageviews API (CC0)
JP,Japan,2026-08-26,17,勝信,ja.wikipedia,16400,rounded,Wikimedia Analytics pageviews API (CC0)
JP,Japan,2026-08-26,18,高塚猛,ja.wikipedia,16300,rounded,Wikimedia Analytics pageviews API (CC0)
JP,Japan,2026-08-26,19,かけおち,ja.wikipedia,16200,rounded,Wikimedia Analytics pageviews API (CC0)
JP,Japan,2026-08-26,20,アイリ_(タレント),ja.wikipedia,15100,rounded,Wikimedia Analytics pageviews API (CC0)
JP,Japan,2026-08-27,1,八王子市歯科医師フッ化水素酸誤塗布事故,ja.wikipedia,305700,rounded,Wikimedia Analytics pageviews API (CC0)
JP,Japan,2026-08-27,2,草間彌生,ja.wikipedia,241200,rounded,Wikimedia Analytics pageviews API (CC0)
JP,Japan,2026-08-27,3,フッ化水素酸,ja.wikipedia,116800,rounded,Wikimedia Analytics pageviews API (CC0)
JP,Japan,2026-08-27,4,坂東彌十郎,ja.wikipedia,44900,rounded,Wikimedia Analytics pageviews API (CC0)
JP,Japan,2026-08-27,5,清田育宏,ja.wikipedia,39300,rounded,Wikimedia Analytics pageviews API (CC0)
JP,Japan,2026-08-27,6,赤根智子,ja.wikipedia,34200,rounded,Wikimedia Analytics pageviews API (CC0)
JP,Japan,2026-08-27,7,新セリナ,ja.wikipedia,31400,rounded,Wikimedia Analytics pageviews API (CC0)
JP,Japan,2026-08-27,8,喜多嶋舞,ja.wikipedia,29300,rounded,Wikimedia Analytics pageviews API (CC0)
JP,Japan,2026-08-27,9,柏原収史,ja.wikipedia,28700,rounded,Wikimedia Analytics pageviews API (CC0)
JP,Japan,2026-08-27,10,西城秀樹,ja.wikipedia,26400,rounded,Wikimedia Analytics pageviews API (CC0)
JP,Japan,2026-08-27,11,ティム・カリー,ja.wikipedia,25300,rounded,Wikimedia Analytics pageviews API (CC0)
JP,Japan,2026-08-27,12,山中竹春,ja.wikipedia,22900,rounded,Wikimedia Analytics pageviews API (CC0)
JP,Japan,2026-08-27,13,高田みづえ,ja.wikipedia,21900,rounded,Wikimedia Analytics pageviews API (CC0)
JP,Japan,2026-08-27,14,えんじ色,ja.wikipedia,21100,rounded,Wikimedia Analytics pageviews API (CC0)
JP,Japan,2026-08-27,15,フッ化水素,ja.wikipedia,20400,rounded,Wikimedia Analytics pageviews API (CC0)
JP,Japan,2026-08-27,16,滋賀電車内駅構内連続強姦事件,ja.wikipedia,20300,rounded,Wikimedia Analytics pageviews API (CC0)
JP,Japan,2026-08-27,17,VIVANT,ja.wikipedia,19600,rounded,Wikimedia Analytics pageviews API (CC0)
JP,Japan,2026-08-27,18,柏原崇,ja.wikipedia,19500,rounded,Wikimedia Analytics pageviews API (CC0)
JP,Japan,2026-08-27,19,ジョゼフ・コーネル,ja.wikipedia,19200,rounded,Wikimedia Analytics pageviews API (CC0)
JP,Japan,2026-08-27,20,羽咋市,ja.wikipedia,18700,rounded,Wikimedia Analytics pageviews API (CC0)
JP,Japan,2026-08-28,1,8番出口_(映画),ja.wikipedia,157100,rounded,Wikimedia Analytics pageviews API (CC0)
JP,Japan,2026-08-28,2,時任勇気,ja.wikipedia,153300,rounded,Wikimedia Analytics pageviews API (CC0)
JP,Japan,2026-08-28,3,山中竹春,ja.wikipedia,106500,rounded,Wikimedia Analytics pageviews API (CC0)
JP,Japan,2026-08-28,4,八王子市歯科医師フッ化水素酸誤塗布事故,ja.wikipedia,105500,rounded,Wikimedia Analytics pageviews API (CC0)
JP,Japan,2026-08-28,5,福田和子,ja.wikipedia,104300,rounded,Wikimedia Analytics pageviews API (CC0)
JP,Japan,2026-08-28,6,福田沙紀,ja.wikipedia,103300,rounded,Wikimedia Analytics pageviews API (CC0)
JP,Japan,2026-08-28,7,坂東彌十郎,ja.wikipedia,93100,rounded,Wikimedia Analytics pageviews API (CC0)
JP,Japan,2026-08-28,8,時任三郎,ja.wikipedia,75300,rounded,Wikimedia Analytics pageviews API (CC0)
JP,Japan,2026-08-28,9,草間彌生,ja.wikipedia,54400,rounded,Wikimedia Analytics pageviews API (CC0)
JP,Japan,2026-08-28,10,フッ化水素酸,ja.wikipedia,54100,rounded,Wikimedia Analytics pageviews API (CC0)
JP,Japan,2026-08-28,11,近藤千尋,ja.wikipedia,52300,rounded,Wikimedia Analytics pageviews API (CC0)
JP,Japan,2026-08-28,12,ラウール_(アイドル),ja.wikipedia,41900,rounded,Wikimedia Analytics pageviews API (CC0)
JP,Japan,2026-08-28,13,河内大和,ja.wikipedia,37600,rounded,Wikimedia Analytics pageviews API (CC0)
JP,Japan,2026-08-28,14,清水よし子,ja.wikipedia,34400,rounded,Wikimedia Analytics pageviews API (CC0)
JP,Japan,2026-08-28,15,伊達みきお,ja.wikipedia,31700,rounded,Wikimedia Analytics pageviews API (CC0)
JP,Japan,2026-08-28,16,松山ホステス殺害事件,ja.wikipedia,30300,rounded,Wikimedia Analytics pageviews API (CC0)
JP,Japan,2026-08-28,17,甲斐翔真,ja.wikipedia,29300,rounded,Wikimedia Analytics pageviews API (CC0)
JP,Japan,2026-08-28,18,喜多嶋舞,ja.wikipedia,21100,rounded,Wikimedia Analytics pageviews API (CC0)
JP,Japan,2026-08-28,19,成島出,ja.wikipedia,20900,rounded,Wikimedia Analytics pageviews API (CC0)
JP,Japan,2026-08-28,20,花瀬琴音,ja.wikipedia,20800,rounded,Wikimedia Analytics pageviews API (CC0)
JP,Japan,2026-08-29,1,星野真里,ja.wikipedia,149300,rounded,Wikimedia Analytics pageviews API (CC0)
JP,Japan,2026-08-29,2,つんく♂,ja.wikipedia,147100,rounded,Wikimedia Analytics pageviews API (CC0)
JP,Japan,2026-08-29,3,甲斐翔真,ja.wikipedia,125200,rounded,Wikimedia Analytics pageviews API (CC0)
JP,Japan,2026-08-29,4,中島歩,ja.wikipedia,85800,rounded,Wikimedia Analytics pageviews API (CC0)
JP,Japan,2026-08-29,5,高野貴裕,ja.wikipedia,76700,rounded,Wikimedia Analytics pageviews API (CC0)
JP,Japan,2026-08-29,6,高橋光臣,ja.wikipedia,54700,rounded,Wikimedia Analytics pageviews API (CC0)
JP,Japan,2026-08-29,7,中谷しのぶ,ja.wikipedia,49200,rounded,Wikimedia Analytics pageviews API (CC0)
JP,Japan,2026-08-29,8,ビビアン・スー,ja.wikipedia,46700,rounded,Wikimedia Analytics pageviews API (CC0)
JP,Japan,2026-08-29,9,8番出口_(映画),ja.wikipedia,46400,rounded,Wikimedia Analytics pageviews API (CC0)
JP,Japan,2026-08-29,10,時任勇気,ja.wikipedia,43700,rounded,Wikimedia Analytics pageviews API (CC0)
JP,Japan,2026-08-29,11,近藤正臣,ja.wikipedia,43300,rounded,Wikimedia Analytics pageviews API (CC0)
JP,Japan,2026-08-29,12,ディディモゾーン科,ja.wikipedia,39400,rounded,Wikimedia Analytics pageviews API (CC0)
JP,Japan,2026-08-29,13,石原慎太郎,ja.wikipedia,39000,rounded,Wikimedia Analytics pageviews API (CC0)
JP,Japan,2026-08-29,14,ブラックビスケッツ,ja.wikipedia,32500,rounded,Wikimedia Analytics pageviews API (CC0)
JP,Japan,2026-08-29,15,ワイルド・スピードシリーズ,ja.wikipedia,28500,rounded,Wikimedia Analytics pageviews API (CC0)
JP,Japan,2026-08-29,16,草間彌生,ja.wikipedia,27500,rounded,Wikimedia Analytics pageviews API (CC0)
JP,Japan,2026-08-29,17,ワイルド・スピード_ICE_BREAK,ja.wikipedia,27500,rounded,Wikimedia Analytics pageviews API (CC0)
JP,Japan,2026-08-29,18,福田沙紀,ja.wikipedia,25800,rounded,Wikimedia Analytics pageviews API (CC0)
JP,Japan,2026-08-29,19,石原典子,ja.wikipedia,25600,rounded,Wikimedia Analytics pageviews API (CC0)
JP,Japan,2026-08-29,20,石原延啓,ja.wikipedia,24900,rounded,Wikimedia Analytics pageviews API (CC0)
JP,Japan,2026-08-30,1,星野真里,ja.wikipedia,359000,rounded,Wikimedia Analytics pageviews API (CC0)
JP,Japan,2026-08-30,2,高野貴裕,ja.wikipedia,224700,rounded,Wikimedia Analytics pageviews API (CC0)
JP,Japan,2026-08-30,3,中島歩,ja.wikipedia,180000,rounded,Wikimedia Analytics pageviews API (CC0)
JP,Japan,2026-08-30,4,中尾翔太,ja.wikipedia,172800,rounded,Wikimedia Analytics pageviews API (CC0)
JP,Japan,2026-08-30,5,WEST.,ja.wikipedia,135600,rounded,Wikimedia Analytics pageviews API (CC0)
JP,Japan,2026-08-30,6,栗山巧,ja.wikipedia,86600,rounded,Wikimedia Analytics pageviews API (CC0)
JP,Japan,2026-08-30,7,FANTASTICS_from_EXILE_TRIBE,ja.wikipedia,50500,rounded,Wikimedia Analytics pageviews API (CC0)
JP,Japan,2026-08-30,8,Matt,ja.wikipedia,50100,rounded,Wikimedia Analytics pageviews API (CC0)
JP,Japan,2026-08-30,9,福岡商業施設女性刺殺事件,ja.wikipedia,47400,rounded,Wikimedia Analytics pageviews API (CC0)
JP,Japan,2026-08-30,10,VIVANT,ja.wikipedia,47100,rounded,Wikimedia Analytics pageviews API (CC0)
JP,Japan,2026-08-30,11,齊藤なぎさ,ja.wikipedia,46500,rounded,Wikimedia Analytics pageviews API (CC0)
JP,Japan,2026-08-30,12,藤井流星,ja.wikipedia,44500,rounded,Wikimedia Analytics pageviews API (CC0)
JP,Japan,2026-08-30,13,お市の方,ja.wikipedia,42800,rounded,Wikimedia Analytics pageviews API (CC0)
JP,Japan,2026-08-30,14,国木田独歩,ja.wikipedia,42800,rounded,Wikimedia Analytics pageviews API (CC0)
JP,Japan,2026-08-30,15,小瀧望,ja.wikipedia,40300,rounded,Wikimedia Analytics pageviews API (CC0)
JP,Japan,2026-08-30,16,星野仙蔵,ja.wikipedia,39200,rounded,Wikimedia Analytics pageviews API (CC0)
JP,Japan,2026-08-30,17,西井幸人,ja.wikipedia,37900,rounded,Wikimedia Analytics pageviews API (CC0)
JP,Japan,2026-08-30,18,中間淳太,ja.wikipedia,37600,rounded,Wikimedia Analytics pageviews API (CC0)
JP,Japan,2026-08-30,19,先天性ミオパチー,ja.wikipedia,37500,rounded,Wikimedia Analytics pageviews API (CC0)
JP,Japan,2026-08-30,20,神山智洋,ja.wikipedia,37300,rounded,Wikimedia Analytics pageviews API (CC0)
DE,Germany,2026-08-24,1,Klaus-Michael_Kühne,de.wikipedia,155800,rounded,Wikimedia Analytics pageviews API (CC0)
DE,Germany,2026-08-24,2,Hallescher_FC,de.wikipedia,40600,rounded,Wikimedia Analytics pageviews API (CC0)
DE,Germany,2026-08-24,3,Kühne_+_Nagel,de.wikipedia,31100,rounded,Wikimedia Analytics pageviews API (CC0)
DE,Germany,2026-08-24,4,Liste_der_größten_Auslegerbrücken,de.wikipedia,28900,rounded,Wikimedia Analytics pageviews API (CC0)
DE,Germany,2026-08-24,5,Air-Transat-Flug_236,de.wikipedia,26400,rounded,Wikimedia Analytics pageviews API (CC0)
DE,Germany,2026-08-24,6,VSG_Altglienicke,de.wikipedia,23800,rounded,Wikimedia Analytics pageviews API (CC0)
DE,Germany,2026-08-24,7,Subservience,de.wikipedia,19200,rounded,Wikimedia Analytics pageviews API (CC0)
DE,Germany,2026-08-24,8,Ulrich_Siegmund,de.wikipedia,19200,rounded,Wikimedia Analytics pageviews API (CC0)
DE,Germany,2026-08-24,9,Sarah_Kohr_–_Koma,de.wikipedia,18200,rounded,Wikimedia Analytics pageviews API (CC0)
DE,Germany,2026-08-24,10,Schindellegi,de.wikipedia,17500,rounded,Wikimedia Analytics pageviews API (CC0)
DE,Germany,2026-08-24,11,Dieter_Schwarz,de.wikipedia,15900,rounded,Wikimedia Analytics pageviews API (CC0)
DE,Germany,2026-08-24,12,Müggelturm,de.wikipedia,15400,rounded,Wikimedia Analytics pageviews API (CC0)
DE,Germany,2026-08-24,13,Sieben_Tote_hat_die_Woche,de.wikipedia,15200,rounded,Wikimedia Analytics pageviews API (CC0)
DE,Germany,2026-08-24,14,Die_Verräter_–_Vertraue_Niemandem!,de.wikipedia,15200,rounded,Wikimedia Analytics pageviews API (CC0)
DE,Germany,2026-08-24,15,SSV_Jeddeloh,de.wikipedia,13700,rounded,Wikimedia Analytics pageviews API (CC0)
DE,Germany,2026-08-24,16,Jeddeloh_II,de.wikipedia,13400,rounded,Wikimedia Analytics pageviews API (CC0)
DE,Germany,2026-08-24,17,Nina_Ruge,de.wikipedia,12600,rounded,Wikimedia Analytics pageviews API (CC0)
DE,Germany,2026-08-24,18,Robin_Gosens,de.wikipedia,12300,rounded,Wikimedia Analytics pageviews API (CC0)
DE,Germany,2026-08-24,19,Gizella_Tary,de.wikipedia,11400,rounded,Wikimedia Analytics pageviews API (CC0)
DE,Germany,2026-08-24,20,Hayden_Panettiere,de.wikipedia,11300,rounded,Wikimedia Analytics pageviews API (CC0)
DE,Germany,2026-08-25,1,Dolly_Parton,de.wikipedia,169800,rounded,Wikimedia Analytics pageviews API (CC0)
DE,Germany,2026-08-25,2,Klaus-Michael_Kühne,de.wikipedia,43700,rounded,Wikimedia Analytics pageviews API (CC0)
DE,Germany,2026-08-25,3,Annalena_Baerbock,de.wikipedia,40000,rounded,Wikimedia Analytics pageviews API (CC0)
DE,Germany,2026-08-25,4,Dolly_Parton,en.wikipedia,34700,rounded,Wikimedia Analytics pageviews API (CC0)
DE,Germany,2026-08-25,5,Liste_der_größten_Auslegerbrücken,de.wikipedia,28900,rounded,Wikimedia Analytics pageviews API (CC0)
DE,Germany,2026-08-25,6,Aaliyah,de.wikipedia,23600,rounded,Wikimedia Analytics pageviews API (CC0)
DE,Germany,2026-08-25,7,Die_Verräter_–_Vertraue_Niemandem!,de.wikipedia,18700,rounded,Wikimedia Analytics pageviews API (CC0)
DE,Germany,2026-08-25,8,Ulrich_Siegmund,de.wikipedia,16000,rounded,Wikimedia Analytics pageviews API (CC0)
DE,Germany,2026-08-25,9,Tödliches_Verlangen_(2017),de.wikipedia,12300,rounded,Wikimedia Analytics pageviews API (CC0)
DE,Germany,2026-08-25,10,Hayden_Panettiere,de.wikipedia,12300,rounded,Wikimedia Analytics pageviews API (CC0)
DE,Germany,2026-08-25,11,25._August,de.wikipedia,11900,rounded,Wikimedia Analytics pageviews API (CC0)
DE,Germany,2026-08-25,12,Veronica_Ferres,de.wikipedia,11800,rounded,Wikimedia Analytics pageviews API (CC0)
DE,Germany,2026-08-25,13,Die_Odyssee_(2026),de.wikipedia,11000,rounded,Wikimedia Analytics pageviews API (CC0)
DE,Germany,2026-08-25,14,Der_Verdacht_des_Mr._Whicher,de.wikipedia,10900,rounded,Wikimedia Analytics pageviews API (CC0)
DE,Germany,2026-08-25,15,Matrix_Resurrections,de.wikipedia,10200,rounded,Wikimedia Analytics pageviews API (CC0)
DE,Germany,2026-08-25,16,Kühne_+_Nagel,de.wikipedia,10100,rounded,Wikimedia Analytics pageviews API (CC0)
DE,Germany,2026-08-25,17,Nekrolog_2026,de.wikipedia,10100,rounded,Wikimedia Analytics pageviews API (CC0)
DE,Germany,2026-08-25,18,Frauke_Brosius-Gersdorf,de.wikipedia,8900,rounded,Wikimedia Analytics pageviews API (CC0)
DE,Germany,2026-08-25,19,Metro_Mondego,de.wikipedia,8900,rounded,Wikimedia Analytics pageviews API (CC0)
DE,Germany,2026-08-25,20,Sven_Hüber,de.wikipedia,8800,rounded,Wikimedia Analytics pageviews API (CC0)
DE,Germany,2026-08-26,1,Dolly_Parton,de.wikipedia,244100,rounded,Wikimedia Analytics pageviews API (CC0)
DE,Germany,2026-08-26,2,Tim_Curry,de.wikipedia,176500,rounded,Wikimedia Analytics pageviews API (CC0)
DE,Germany,2026-08-26,3,Andreas_Hoppe,de.wikipedia,162400,rounded,Wikimedia Analytics pageviews API (CC0)
DE,Germany,2026-08-26,4,Flugtagunglück_von_Ramstein,de.wikipedia,49100,rounded,Wikimedia Analytics pageviews API (CC0)
DE,Germany,2026-08-26,5,Pfanni,de.wikipedia,45700,rounded,Wikimedia Analytics pageviews API (CC0)
DE,Germany,2026-08-26,6,Dolly_Parton,en.wikipedia,41900,rounded,Wikimedia Analytics pageviews API (CC0)
DE,Germany,2026-08-26,7,München_Beats,de.wikipedia,39500,rounded,Wikimedia Analytics pageviews API (CC0)
DE,Germany,2026-08-26,8,Liste_der_größten_Auslegerbrücken,de.wikipedia,28900,rounded,Wikimedia Analytics pageviews API (CC0)
DE,Germany,2026-08-26,9,Phoenix_(Film),de.wikipedia,26000,rounded,Wikimedia Analytics pageviews API (CC0)
DE,Germany,2026-08-26,10,Ulrich_Siegmund,de.wikipedia,25500,rounded,Wikimedia Analytics pageviews API (CC0)
DE,Germany,2026-08-26,11,Tim_Curry,en.wikipedia,23600,rounded,Wikimedia Analytics pageviews API (CC0)
DE,Germany,2026-08-26,12,Ramstein_–_Das_durchstoßene_Herz,de.wikipedia,19300,rounded,Wikimedia Analytics pageviews API (CC0)
DE,Germany,2026-08-26,13,Die_Verräter_–_Vertraue_Niemandem!,de.wikipedia,19300,rounded,Wikimedia Analytics pageviews API (CC0)
DE,Germany,2026-08-26,14,Sven_Hüber,de.wikipedia,16400,rounded,Wikimedia Analytics pageviews API (CC0)
DE,Germany,2026-08-26,15,Annalena_Baerbock,de.wikipedia,15900,rounded,Wikimedia Analytics pageviews API (CC0)
DE,Germany,2026-08-26,16,Veronica_Ferres,de.wikipedia,15600,rounded,Wikimedia Analytics pageviews API (CC0)
DE,Germany,2026-08-26,17,Paraceratherium,de.wikipedia,14900,rounded,Wikimedia Analytics pageviews API (CC0)
DE,Germany,2026-08-26,18,Heavy_Cross_(Lied),de.wikipedia,14300,rounded,Wikimedia Analytics pageviews API (CC0)
DE,Germany,2026-08-26,19,King_Arthur_(Film),de.wikipedia,14100,rounded,Wikimedia Analytics pageviews API (CC0)
DE,Germany,2026-08-26,20,Klaus-Michael_Kühne,de.wikipedia,13000,rounded,Wikimedia Analytics pageviews API (CC0)
DE,Germany,2026-08-27,1,Tim_Curry,de.wikipedia,125200,rounded,Wikimedia Analytics pageviews API (CC0)
DE,Germany,2026-08-27,2,Andreas_Hoppe,de.wikipedia,105000,rounded,Wikimedia Analytics pageviews API (CC0)
DE,Germany,2026-08-27,3,Dolly_Parton,de.wikipedia,71200,rounded,Wikimedia Analytics pageviews API (CC0)
DE,Germany,2026-08-27,4,Ratko_Mladić,de.wikipedia,58400,rounded,Wikimedia Analytics pageviews API (CC0)
DE,Germany,2026-08-27,5,Yayoi_Kusama,de.wikipedia,34300,rounded,Wikimedia Analytics pageviews API (CC0)
DE,Germany,2026-08-27,6,München_Beats,de.wikipedia,31700,rounded,Wikimedia Analytics pageviews API (CC0)
DE,Germany,2026-08-27,7,Liste_der_größten_Auslegerbrücken,de.wikipedia,28600,rounded,Wikimedia Analytics pageviews API (CC0)
DE,Germany,2026-08-27,8,Ulrich_Siegmund,de.wikipedia,25300,rounded,Wikimedia Analytics pageviews API (CC0)
DE,Germany,2026-08-27,9,Pfanni,de.wikipedia,25100,rounded,Wikimedia Analytics pageviews API (CC0)
DE,Germany,2026-08-27,10,Hendrik_Holt,de.wikipedia,21800,rounded,Wikimedia Analytics pageviews API (CC0)
DE,Germany,2026-08-27,11,Christian_Ehring,de.wikipedia,21500,rounded,Wikimedia Analytics pageviews API (CC0)
DE,Germany,2026-08-27,12,Wasserstraßenkreuz_Minden,de.wikipedia,21300,rounded,Wikimedia Analytics pageviews API (CC0)
DE,Germany,2026-08-27,13,Harald_V.,de.wikipedia,18900,rounded,Wikimedia Analytics pageviews API (CC0)
DE,Germany,2026-08-27,14,Nord_bei_Nordwest,de.wikipedia,16900,rounded,Wikimedia Analytics pageviews API (CC0)
DE,Germany,2026-08-27,15,Die_Verräter_–_Vertraue_Niemandem!,de.wikipedia,15900,rounded,Wikimedia Analytics pageviews API (CC0)
DE,Germany,2026-08-27,16,Tim_Curry,en.wikipedia,15800,rounded,Wikimedia Analytics pageviews API (CC0)
DE,Germany,2026-08-27,17,Flugtagunglück_von_Ramstein,de.wikipedia,15000,rounded,Wikimedia Analytics pageviews API (CC0)
DE,Germany,2026-08-27,18,UEFA_Champions_League_2026/27,de.wikipedia,14900,rounded,Wikimedia Analytics pageviews API (CC0)
DE,Germany,2026-08-27,19,Massaker_von_Srebrenica,de.wikipedia,14200,rounded,Wikimedia Analytics pageviews API (CC0)
DE,Germany,2026-08-27,20,Dolly_Parton,en.wikipedia,14100,rounded,Wikimedia Analytics pageviews API (CC0)
DE,Germany,2026-08-28,1,Harald_V.,de.wikipedia,155400,rounded,Wikimedia Analytics pageviews API (CC0)
DE,Germany,2026-08-28,2,Sonja_von_Norwegen,de.wikipedia,65700,rounded,Wikimedia Analytics pageviews API (CC0)
DE,Germany,2026-08-28,3,Haakon_VIII.,de.wikipedia,50100,rounded,Wikimedia Analytics pageviews API (CC0)
DE,Germany,2026-08-28,4,Ingrid_Alexandra_von_Norwegen,de.wikipedia,42200,rounded,Wikimedia Analytics pageviews API (CC0)
DE,Germany,2026-08-28,5,Haakon_von_Norwegen,de.wikipedia,41900,rounded,Wikimedia Analytics pageviews API (CC0)
DE,Germany,2026-08-28,6,Dolly_Parton,de.wikipedia,35300,rounded,Wikimedia Analytics pageviews API (CC0)
DE,Germany,2026-08-28,7,Mette-Marit_von_Norwegen,de.wikipedia,33500,rounded,Wikimedia Analytics pageviews API (CC0)
DE,Germany,2026-08-28,8,Jean_Pierre_Kraemer,de.wikipedia,32400,rounded,Wikimedia Analytics pageviews API (CC0)
DE,Germany,2026-08-28,9,Ratko_Mladić,de.wikipedia,32100,rounded,Wikimedia Analytics pageviews API (CC0)
DE,Germany,2026-08-28,10,Märtha_Louise_von_Norwegen,de.wikipedia,31400,rounded,Wikimedia Analytics pageviews API (CC0)
DE,Germany,2026-08-28,11,Morgane_Ferru,de.wikipedia,30800,rounded,Wikimedia Analytics pageviews API (CC0)
DE,Germany,2026-08-28,12,Tim_Curry,de.wikipedia,30400,rounded,Wikimedia Analytics pageviews API (CC0)
DE,Germany,2026-08-28,13,Olav_V.,de.wikipedia,30400,rounded,Wikimedia Analytics pageviews API (CC0)
DE,Germany,2026-08-28,14,Liste_der_größten_Auslegerbrücken,de.wikipedia,28600,rounded,Wikimedia Analytics pageviews API (CC0)
DE,Germany,2026-08-28,15,Hendrik_Holt,de.wikipedia,28200,rounded,Wikimedia Analytics pageviews API (CC0)
DE,Germany,2026-08-28,16,Norwegen,de.wikipedia,27300,rounded,Wikimedia Analytics pageviews API (CC0)
DE,Germany,2026-08-28,17,Andreas_Hoppe,de.wikipedia,24200,rounded,Wikimedia Analytics pageviews API (CC0)
DE,Germany,2026-08-28,18,Sturzflut_in_Nepal_und_Tibet_2026,de.wikipedia,22300,rounded,Wikimedia Analytics pageviews API (CC0)
DE,Germany,2026-08-28,19,Ontariosee,de.wikipedia,21400,rounded,Wikimedia Analytics pageviews API (CC0)
DE,Germany,2026-08-28,20,Windkanone,de.wikipedia,21100,rounded,Wikimedia Analytics pageviews API (CC0)
DE,Germany,2026-08-29,1,Jean_Pierre_Kraemer,de.wikipedia,45400,rounded,Wikimedia Analytics pageviews API (CC0)
DE,Germany,2026-08-29,2,Harald_V.,de.wikipedia,40300,rounded,Wikimedia Analytics pageviews API (CC0)
DE,Germany,2026-08-29,3,Adam_Lambert,de.wikipedia,29600,rounded,Wikimedia Analytics pageviews API (CC0)
DE,Germany,2026-08-29,4,Liste_der_größten_Auslegerbrücken,de.wikipedia,28500,rounded,Wikimedia Analytics pageviews API (CC0)
DE,Germany,2026-08-29,5,Elversberg,de.wikipedia,27400,rounded,Wikimedia Analytics pageviews API (CC0)
DE,Germany,2026-08-29,6,Sonja_von_Norwegen,de.wikipedia,26300,rounded,Wikimedia Analytics pageviews API (CC0)
DE,Germany,2026-08-29,7,Haakon_VIII.,de.wikipedia,23300,rounded,Wikimedia Analytics pageviews API (CC0)
DE,Germany,2026-08-29,8,Dolly_Parton,de.wikipedia,22600,rounded,Wikimedia Analytics pageviews API (CC0)
DE,Germany,2026-08-29,9,SV_Elversberg,de.wikipedia,22300,rounded,Wikimedia Analytics pageviews API (CC0)
DE,Germany,2026-08-29,10,Chris_Norman,de.wikipedia,21800,rounded,Wikimedia Analytics pageviews API (CC0)
DE,Germany,2026-08-29,11,Love_Story_(1970),de.wikipedia,21700,rounded,Wikimedia Analytics pageviews API (CC0)
DE,Germany,2026-08-29,12,Sarah_Brightman,de.wikipedia,21500,rounded,Wikimedia Analytics pageviews API (CC0)
DE,Germany,2026-08-29,13,Cookie_(informatique),fr.wikipedia,21400,rounded,Wikimedia Analytics pageviews API (CC0)
DE,Germany,2026-08-29,14,Frida_Gold,de.wikipedia,18500,rounded,Wikimedia Analytics pageviews API (CC0)
DE,Germany,2026-08-29,15,La_traviata,de.wikipedia,16900,rounded,Wikimedia Analytics pageviews API (CC0)
DE,Germany,2026-08-29,16,Ingrid_Alexandra_von_Norwegen,de.wikipedia,16400,rounded,Wikimedia Analytics pageviews API (CC0)
DE,Germany,2026-08-29,17,Ulrich_Siegmund,de.wikipedia,16000,rounded,Wikimedia Analytics pageviews API (CC0)
DE,Germany,2026-08-29,18,Der_Kinderflüsterer,de.wikipedia,15700,rounded,Wikimedia Analytics pageviews API (CC0)
DE,Germany,2026-08-29,19,Mette-Marit_von_Norwegen,de.wikipedia,14600,rounded,Wikimedia Analytics pageviews API (CC0)
DE,Germany,2026-08-29,20,Giovanni_Zarrella,de.wikipedia,14200,rounded,Wikimedia Analytics pageviews API (CC0)
DE,Germany,2026-08-30,1,Cookie_(informatique),fr.wikipedia,190700,rounded,Wikimedia Analytics pageviews API (CC0)
DE,Germany,2026-08-30,2,Andreas_Hoppe,de.wikipedia,46700,rounded,Wikimedia Analytics pageviews API (CC0)
DE,Germany,2026-08-30,3,Jean_Pierre_Kraemer,de.wikipedia,44000,rounded,Wikimedia Analytics pageviews API (CC0)
DE,Germany,2026-08-30,4,Die_Firma_(Film),de.wikipedia,41500,rounded,Wikimedia Analytics pageviews API (CC0)
DE,Germany,2026-08-30,5,Tatort:_Roomservice,de.wikipedia,38800,rounded,Wikimedia Analytics pageviews API (CC0)
DE,Germany,2026-08-30,6,Liste_der_größten_Auslegerbrücken,de.wikipedia,28500,rounded,Wikimedia Analytics pageviews API (CC0)
DE,Germany,2026-08-30,7,Rukidi_IV.,de.wikipedia,21100,rounded,Wikimedia Analytics pageviews API (CC0)
DE,Germany,2026-08-30,8,Das_Wunder_von_Kärnten,de.wikipedia,20800,rounded,Wikimedia Analytics pageviews API (CC0)
DE,Germany,2026-08-30,9,Harald_V.,de.wikipedia,19600,rounded,Wikimedia Analytics pageviews API (CC0)
DE,Germany,2026-08-30,10,Der_Kinderflüsterer,de.wikipedia,18500,rounded,Wikimedia Analytics pageviews API (CC0)
DE,Germany,2026-08-30,11,Island,de.wikipedia,17200,rounded,Wikimedia Analytics pageviews API (CC0)
DE,Germany,2026-08-30,12,Sonja_von_Norwegen,de.wikipedia,17000,rounded,Wikimedia Analytics pageviews API (CC0)
DE,Germany,2026-08-30,13,Peter_Sattmann,de.wikipedia,16500,rounded,Wikimedia Analytics pageviews API (CC0)
DE,Germany,2026-08-30,14,Dolly_Parton,de.wikipedia,16400,rounded,Wikimedia Analytics pageviews API (CC0)
DE,Germany,2026-08-30,15,Chiara_Schoras,de.wikipedia,16200,rounded,Wikimedia Analytics pageviews API (CC0)
DE,Germany,2026-08-30,16,Jeanne_Tripplehorn,de.wikipedia,15900,rounded,Wikimedia Analytics pageviews API (CC0)
DE,Germany,2026-08-30,17,Ulrich_Siegmund,de.wikipedia,14900,rounded,Wikimedia Analytics pageviews API (CC0)
DE,Germany,2026-08-30,18,Ontariosee,de.wikipedia,12800,rounded,Wikimedia Analytics pageviews API (CC0)
DE,Germany,2026-08-30,19,Lisa_Bitter,de.wikipedia,12700,rounded,Wikimedia Analytics pageviews API (CC0)
DE,Germany,2026-08-30,20,Der_Nachname,de.wikipedia,12700,rounded,Wikimedia Analytics pageviews API (CC0)
FR,France,2026-08-24,1,Philippe_Bouvard,fr.wikipedia,329900,rounded,Wikimedia Analytics pageviews API (CC0)
FR,France,2026-08-24,2,Raphaël_Glucksmann,fr.wikipedia,79100,rounded,Wikimedia Analytics pageviews API (CC0)
FR,France,2026-08-24,3,Symphonie_pour_un_massacre,fr.wikipedia,44200,rounded,Wikimedia Analytics pageviews API (CC0)
FR,France,2026-08-24,4,Liste_de_sondages_sur_l'élection_présidentielle_française_de_2027,fr.wikipedia,27500,rounded,Wikimedia Analytics pageviews API (CC0)
FR,France,2026-08-24,5,Léa_Salamé,fr.wikipedia,24900,rounded,Wikimedia Analytics pageviews API (CC0)
FR,France,2026-08-24,6,Arthur_Fils,fr.wikipedia,22900,rounded,Wikimedia Analytics pageviews API (CC0)
FR,France,2026-08-24,7,Mirapolis,fr.wikipedia,19100,rounded,Wikimedia Analytics pageviews API (CC0)
FR,France,2026-08-24,8,Les_Grosses_Têtes,fr.wikipedia,17500,rounded,Wikimedia Analytics pageviews API (CC0)
FR,France,2026-08-24,9,Lionel_Messi,fr.wikipedia,15900,rounded,Wikimedia Analytics pageviews API (CC0)
FR,France,2026-08-24,10,Noël_Godin,fr.wikipedia,13900,rounded,Wikimedia Analytics pageviews API (CC0)
FR,France,2026-08-24,11,Ferran_Torres,fr.wikipedia,13700,rounded,Wikimedia Analytics pageviews API (CC0)
FR,France,2026-08-24,12,Matthieu_Pigasse,fr.wikipedia,11800,rounded,Wikimedia Analytics pageviews API (CC0)
FR,France,2026-08-24,13,Eka_Zgouladze,fr.wikipedia,10800,rounded,Wikimedia Analytics pageviews API (CC0)
FR,France,2026-08-24,14,Élection_présidentielle_française_de_2027,fr.wikipedia,10500,rounded,Wikimedia Analytics pageviews API (CC0)
FR,France,2026-08-24,15,Jacques_Balutin,fr.wikipedia,10200,rounded,Wikimedia Analytics pageviews API (CC0)
FR,France,2026-08-24,16,Spider-Man_(série_de_films),fr.wikipedia,9500,rounded,Wikimedia Analytics pageviews API (CC0)
FR,France,2026-08-24,17,Amanda_Lear,fr.wikipedia,9200,rounded,Wikimedia Analytics pageviews API (CC0)
FR,France,2026-08-24,18,André_Glucksmann,fr.wikipedia,9000,rounded,Wikimedia Analytics pageviews API (CC0)
FR,France,2026-08-24,19,Sonia_Mabrouk,fr.wikipedia,9000,rounded,Wikimedia Analytics pageviews API (CC0)
FR,France,2026-08-24,20,Sim,fr.wikipedia,8800,rounded,Wikimedia Analytics pageviews API (CC0)
FR,France,2026-08-25,1,Dolly_Parton,fr.wikipedia,93600,rounded,Wikimedia Analytics pageviews API (CC0)
FR,France,2026-08-25,2,Philippe_Bouvard,fr.wikipedia,75700,rounded,Wikimedia Analytics pageviews API (CC0)
FR,France,2026-08-25,3,Nikita_(film),fr.wikipedia,41400,rounded,Wikimedia Analytics pageviews API (CC0)
FR,France,2026-08-25,4,Mirapolis,fr.wikipedia,40400,rounded,Wikimedia Analytics pageviews API (CC0)
FR,France,2026-08-25,5,Anne_Parillaud,fr.wikipedia,34200,rounded,Wikimedia Analytics pageviews API (CC0)
FR,France,2026-08-25,6,Raphaël_Glucksmann,fr.wikipedia,27400,rounded,Wikimedia Analytics pageviews API (CC0)
FR,France,2026-08-25,7,Pomas,fr.wikipedia,22900,rounded,Wikimedia Analytics pageviews API (CC0)
FR,France,2026-08-25,8,Dolly_Parton,en.wikipedia,19900,rounded,Wikimedia Analytics pageviews API (CC0)
FR,France,2026-08-25,9,Dodo_la_Saumure,fr.wikipedia,19400,rounded,Wikimedia Analytics pageviews API (CC0)
FR,France,2026-08-25,10,Tchéky_Karyo,fr.wikipedia,16400,rounded,Wikimedia Analytics pageviews API (CC0)
FR,France,2026-08-25,11,Liste_de_sondages_sur_l'élection_présidentielle_française_de_2027,fr.wikipedia,15700,rounded,Wikimedia Analytics pageviews API (CC0)
FR,France,2026-08-25,12,François_Patriat,fr.wikipedia,15500,rounded,Wikimedia Analytics pageviews API (CC0)
FR,France,2026-08-25,13,Lionel_Messi,fr.wikipedia,13300,rounded,Wikimedia Analytics pageviews API (CC0)
FR,France,2026-08-25,14,Koh-Lanta_All_Stars,fr.wikipedia,10600,rounded,Wikimedia Analytics pageviews API (CC0)
FR,France,2026-08-25,15,Symphonie_pour_un_massacre,fr.wikipedia,10400,rounded,Wikimedia Analytics pageviews API (CC0)
FR,France,2026-08-25,16,Igor_et_Grichka_Bogdanoff,fr.wikipedia,9700,rounded,Wikimedia Analytics pageviews API (CC0)
FR,France,2026-08-25,17,Noël_Godin,fr.wikipedia,9400,rounded,Wikimedia Analytics pageviews API (CC0)
FR,France,2026-08-25,18,Jean-Hugues_Anglade,fr.wikipedia,9300,rounded,Wikimedia Analytics pageviews API (CC0)
FR,France,2026-08-25,19,Les_Grosses_Têtes,fr.wikipedia,9200,rounded,Wikimedia Analytics pageviews API (CC0)
FR,France,2026-08-25,20,Léa_Salamé,fr.wikipedia,8800,rounded,Wikimedia Analytics pageviews API (CC0)
FR,France,2026-08-26,1,Dolly_Parton,fr.wikipedia,175800,rounded,Wikimedia Analytics pageviews API (CC0)
FR,France,2026-08-26,2,Tim_Curry,fr.wikipedia,76400,rounded,Wikimedia Analytics pageviews API (CC0)
FR,France,2026-08-26,3,Philippe_Bouvard,fr.wikipedia,26600,rounded,Wikimedia Analytics pageviews API (CC0)
FR,France,2026-08-26,4,Dolly_Parton,en.wikipedia,22300,rounded,Wikimedia Analytics pageviews API (CC0)
FR,France,2026-08-26,5,Mattéo_Guendouzi,fr.wikipedia,19400,rounded,Wikimedia Analytics pageviews API (CC0)
FR,France,2026-08-26,6,I_Will_Always_Love_You,fr.wikipedia,18300,rounded,Wikimedia Analytics pageviews API (CC0)
FR,France,2026-08-26,7,Liste_de_sondages_sur_l'élection_présidentielle_française_de_2027,fr.wikipedia,18200,rounded,Wikimedia Analytics pageviews API (CC0)
FR,France,2026-08-26,8,"Phoenix_(film,_2014)",fr.wikipedia,17100,rounded,Wikimedia Analytics pageviews API (CC0)
FR,France,2026-08-26,9,Raphaël_Glucksmann,fr.wikipedia,17000,rounded,Wikimedia Analytics pageviews API (CC0)
FR,France,2026-08-26,10,Lionel_Messi,fr.wikipedia,13900,rounded,Wikimedia Analytics pageviews API (CC0)
FR,France,2026-08-26,11,Mirapolis,fr.wikipedia,13300,rounded,Wikimedia Analytics pageviews API (CC0)
FR,France,2026-08-26,12,Ligue_des_champions_de_l'UEFA_2026-2027,fr.wikipedia,13100,rounded,Wikimedia Analytics pageviews API (CC0)
FR,France,2026-08-26,13,Tim_Curry,en.wikipedia,12900,rounded,Wikimedia Analytics pageviews API (CC0)
FR,France,2026-08-26,14,Katy_Perry,fr.wikipedia,12200,rounded,Wikimedia Analytics pageviews API (CC0)
FR,France,2026-08-26,15,Clémence_Guetté,fr.wikipedia,12100,rounded,Wikimedia Analytics pageviews API (CC0)
FR,France,2026-08-26,16,Miley_Cyrus,fr.wikipedia,11400,rounded,Wikimedia Analytics pageviews API (CC0)
FR,France,2026-08-26,17,Dodo_la_Saumure,fr.wikipedia,10800,rounded,Wikimedia Analytics pageviews API (CC0)
FR,France,2026-08-26,18,Patrick_Martin_(chef_d'entreprise),fr.wikipedia,10200,rounded,Wikimedia Analytics pageviews API (CC0)
FR,France,2026-08-26,19,Ridley_Scott,fr.wikipedia,9000,rounded,Wikimedia Analytics pageviews API (CC0)
FR,France,2026-08-26,20,Élection_présidentielle_française_de_2027,fr.wikipedia,7900,rounded,Wikimedia Analytics pageviews API (CC0)
FR,France,2026-08-27,1,Mattéo_Guendouzi,fr.wikipedia,49900,rounded,Wikimedia Analytics pageviews API (CC0)
FR,France,2026-08-27,2,Dolly_Parton,fr.wikipedia,49000,rounded,Wikimedia Analytics pageviews API (CC0)
FR,France,2026-08-27,3,Tim_Curry,fr.wikipedia,45200,rounded,Wikimedia Analytics pageviews API (CC0)
FR,France,2026-08-27,4,Ligue_des_champions_de_l'UEFA_2026-2027,fr.wikipedia,20000,rounded,Wikimedia Analytics pageviews API (CC0)
FR,France,2026-08-27,5,Raphaël_Glucksmann,fr.wikipedia,19200,rounded,Wikimedia Analytics pageviews API (CC0)
FR,France,2026-08-27,6,Liste_de_sondages_sur_l'élection_présidentielle_française_de_2027,fr.wikipedia,18800,rounded,Wikimedia Analytics pageviews API (CC0)
FR,France,2026-08-27,7,Sonia_Mabrouk,fr.wikipedia,17900,rounded,Wikimedia Analytics pageviews API (CC0)
FR,France,2026-08-27,8,Marine_Tondelier,fr.wikipedia,17100,rounded,Wikimedia Analytics pageviews API (CC0)
FR,France,2026-08-27,9,Jeanne_Mas,fr.wikipedia,16500,rounded,Wikimedia Analytics pageviews API (CC0)
FR,France,2026-08-27,10,Yayoi_Kusama,fr.wikipedia,16100,rounded,Wikimedia Analytics pageviews API (CC0)
FR,France,2026-08-27,11,Zazie,fr.wikipedia,14400,rounded,Wikimedia Analytics pageviews API (CC0)
FR,France,2026-08-27,12,Inondations_du_26_août_2026_au_Népal_et_au_Tibet,fr.wikipedia,14300,rounded,Wikimedia Analytics pageviews API (CC0)
FR,France,2026-08-27,13,Ligue_Europa_2026-2027,fr.wikipedia,14200,rounded,Wikimedia Analytics pageviews API (CC0)
FR,France,2026-08-27,14,Naissance_des_pieuvres,fr.wikipedia,13400,rounded,Wikimedia Analytics pageviews API (CC0)
FR,France,2026-08-27,15,Ratko_Mladić,fr.wikipedia,13100,rounded,Wikimedia Analytics pageviews API (CC0)
FR,France,2026-08-27,16,Jennifer_Ayache,fr.wikipedia,12500,rounded,Wikimedia Analytics pageviews API (CC0)
FR,France,2026-08-27,17,Lionel_Messi,fr.wikipedia,12500,rounded,Wikimedia Analytics pageviews API (CC0)
FR,France,2026-08-27,18,Élection_présidentielle_française_de_2027,fr.wikipedia,12500,rounded,Wikimedia Analytics pageviews API (CC0)
FR,France,2026-08-27,19,Gaëtan_Roussel,fr.wikipedia,11900,rounded,Wikimedia Analytics pageviews API (CC0)
FR,France,2026-08-27,20,Bradley_Barcola,fr.wikipedia,11900,rounded,Wikimedia Analytics pageviews API (CC0)
FR,France,2026-08-28,1,Harald_V,fr.wikipedia,70600,rounded,Wikimedia Analytics pageviews API (CC0)
FR,France,2026-08-28,2,Haakon_VIII,fr.wikipedia,45600,rounded,Wikimedia Analytics pageviews API (CC0)
FR,France,2026-08-28,3,Juliette_Plumecocq-Mech,fr.wikipedia,28400,rounded,Wikimedia Analytics pageviews API (CC0)
FR,France,2026-08-28,4,Ingrid_Alexandra_de_Norvège,fr.wikipedia,26300,rounded,Wikimedia Analytics pageviews API (CC0)
FR,France,2026-08-28,5,Mette-Marit_Tjessem_Høiby,fr.wikipedia,25500,rounded,Wikimedia Analytics pageviews API (CC0)
FR,France,2026-08-28,6,Patrick_Fiori,fr.wikipedia,24200,rounded,Wikimedia Analytics pageviews API (CC0)
FR,France,2026-08-28,7,Dolly_Parton,fr.wikipedia,23300,rounded,Wikimedia Analytics pageviews API (CC0)
FR,France,2026-08-28,8,Haakon_de_Norvège,fr.wikipedia,19500,rounded,Wikimedia Analytics pageviews API (CC0)
FR,France,2026-08-28,9,À_l'instinct,fr.wikipedia,19100,rounded,Wikimedia Analytics pageviews API (CC0)
FR,France,2026-08-28,10,Sonja_Haraldsen,fr.wikipedia,18100,rounded,Wikimedia Analytics pageviews API (CC0)
FR,France,2026-08-28,11,Liste_de_sondages_sur_l'élection_présidentielle_française_de_2027,fr.wikipedia,15600,rounded,Wikimedia Analytics pageviews API (CC0)
FR,France,2026-08-28,12,Märtha_Louise_de_Norvège,fr.wikipedia,15600,rounded,Wikimedia Analytics pageviews API (CC0)
FR,France,2026-08-28,13,Sverre_Magnus_de_Norvège,fr.wikipedia,14300,rounded,Wikimedia Analytics pageviews API (CC0)
FR,France,2026-08-28,14,Lionel_Messi,fr.wikipedia,14100,rounded,Wikimedia Analytics pageviews API (CC0)
FR,France,2026-08-28,15,Marine_Tondelier,fr.wikipedia,13800,rounded,Wikimedia Analytics pageviews API (CC0)
FR,France,2026-08-28,16,Raphaël_Glucksmann,fr.wikipedia,13700,rounded,Wikimedia Analytics pageviews API (CC0)
FR,France,2026-08-28,17,Mattéo_Guendouzi,fr.wikipedia,13500,rounded,Wikimedia Analytics pageviews API (CC0)
FR,France,2026-08-28,18,Olav_V,fr.wikipedia,13500,rounded,Wikimedia Analytics pageviews API (CC0)
FR,France,2026-08-28,19,Tim_Curry,fr.wikipedia,13400,rounded,Wikimedia Analytics pageviews API (CC0)
FR,France,2026-08-28,20,Céline_Dion,fr.wikipedia,12300,rounded,Wikimedia Analytics pageviews API (CC0)
FR,France,2026-08-29,1,Blandine_L'Hirondel,fr.wikipedia,103000,rounded,Wikimedia Analytics pageviews API (CC0)
FR,France,2026-08-29,2,Cookie_(informatique),fr.wikipedia,58100,rounded,Wikimedia Analytics pageviews API (CC0)
FR,France,2026-08-29,3,Ultra-Trail_du_Mont-Blanc,fr.wikipedia,31000,rounded,Wikimedia Analytics pageviews API (CC0)
FR,France,2026-08-29,4,Baptiste_Chassagne,fr.wikipedia,23200,rounded,Wikimedia Analytics pageviews API (CC0)
FR,France,2026-08-29,5,Harald_V,fr.wikipedia,22500,rounded,Wikimedia Analytics pageviews API (CC0)
FR,France,2026-08-29,6,Jenifer,fr.wikipedia,20900,rounded,Wikimedia Analytics pageviews API (CC0)
FR,France,2026-08-29,7,Haakon_VIII,fr.wikipedia,18900,rounded,Wikimedia Analytics pageviews API (CC0)
FR,France,2026-08-29,8,Gessime_Yassine,fr.wikipedia,17800,rounded,Wikimedia Analytics pageviews API (CC0)
FR,France,2026-08-29,9,Dolly_Parton,fr.wikipedia,15500,rounded,Wikimedia Analytics pageviews API (CC0)
FR,France,2026-08-29,10,Liste_de_sondages_sur_l'élection_présidentielle_française_de_2027,fr.wikipedia,15500,rounded,Wikimedia Analytics pageviews API (CC0)
FR,France,2026-08-29,11,"Chez_nous_(film,_2017)",fr.wikipedia,14400,rounded,Wikimedia Analytics pageviews API (CC0)
FR,France,2026-08-29,12,Julie_Bourges,fr.wikipedia,13500,rounded,Wikimedia Analytics pageviews API (CC0)
FR,France,2026-08-29,13,Lionel_Messi,fr.wikipedia,13200,rounded,Wikimedia Analytics pageviews API (CC0)
FR,France,2026-08-29,14,Ladji_Doucouré,fr.wikipedia,12600,rounded,Wikimedia Analytics pageviews API (CC0)
FR,France,2026-08-29,15,Raphaël_Glucksmann,fr.wikipedia,12000,rounded,Wikimedia Analytics pageviews API (CC0)
FR,France,2026-08-29,16,Mette-Marit_Tjessem_Høiby,fr.wikipedia,11400,rounded,Wikimedia Analytics pageviews API (CC0)
FR,France,2026-08-29,17,Ingrid_Alexandra_de_Norvège,fr.wikipedia,10900,rounded,Wikimedia Analytics pageviews API (CC0)
FR,France,2026-08-29,18,Émilie_Dequenne,fr.wikipedia,10600,rounded,Wikimedia Analytics pageviews API (CC0)
FR,France,2026-08-29,19,Michel_Albertini,fr.wikipedia,9700,rounded,Wikimedia Analytics pageviews API (CC0)
FR,France,2026-08-29,20,Santa_(chanteuse),fr.wikipedia,9400,rounded,Wikimedia Analytics pageviews API (CC0)
FR,France,2026-08-30,1,The_Cure,fr.wikipedia,56900,rounded,Wikimedia Analytics pageviews API (CC0)
FR,France,2026-08-30,2,Alice_Taglioni,fr.wikipedia,56000,rounded,Wikimedia Analytics pageviews API (CC0)
FR,France,2026-08-30,3,Blandine_L'Hirondel,fr.wikipedia,47200,rounded,Wikimedia Analytics pageviews API (CC0)
FR,France,2026-08-30,4,Robert_Smith_(musicien),fr.wikipedia,42000,rounded,Wikimedia Analytics pageviews API (CC0)
FR,France,2026-08-30,5,Mimie_Mathy,fr.wikipedia,39200,rounded,Wikimedia Analytics pageviews API (CC0)
FR,France,2026-08-30,6,La_Firme_(film),fr.wikipedia,37600,rounded,Wikimedia Analytics pageviews API (CC0)
FR,France,2026-08-30,7,Jocelyn_Quivrin,fr.wikipedia,31200,rounded,Wikimedia Analytics pageviews API (CC0)
FR,France,2026-08-30,8,Olivier_Faure,fr.wikipedia,30100,rounded,Wikimedia Analytics pageviews API (CC0)
FR,France,2026-08-30,9,Paris_Brunner,fr.wikipedia,28100,rounded,Wikimedia Analytics pageviews API (CC0)
FR,France,2026-08-30,10,JoeyStarr,fr.wikipedia,27100,rounded,Wikimedia Analytics pageviews API (CC0)
FR,France,2026-08-30,11,Raphaël_Glucksmann,fr.wikipedia,25000,rounded,Wikimedia Analytics pageviews API (CC0)
FR,France,2026-08-30,12,Maurice_Ravel,fr.wikipedia,22000,rounded,Wikimedia Analytics pageviews API (CC0)
FR,France,2026-08-30,13,Lionel_Messi,fr.wikipedia,20400,rounded,Wikimedia Analytics pageviews API (CC0)
FR,France,2026-08-30,14,Rose_Valland,fr.wikipedia,19300,rounded,Wikimedia Analytics pageviews API (CC0)
FR,France,2026-08-30,15,Jeanne_Tripplehorn,fr.wikipedia,17700,rounded,Wikimedia Analytics pageviews API (CC0)
FR,France,2026-08-30,16,Liste_de_sondages_sur_l'élection_présidentielle_française_de_2027,fr.wikipedia,16600,rounded,Wikimedia Analytics pageviews API (CC0)
FR,France,2026-08-30,17,Ultra-Trail_du_Mont-Blanc,fr.wikipedia,14300,rounded,Wikimedia Analytics pageviews API (CC0)
FR,France,2026-08-30,18,Alors_on_danse_(film),fr.wikipedia,14000,rounded,Wikimedia Analytics pageviews API (CC0)
FR,France,2026-08-30,19,Simon_Gallup,fr.wikipedia,13200,rounded,Wikimedia Analytics pageviews API (CC0)
FR,France,2026-08-30,20,Laurent_Delahousse,fr.wikipedia,12800,rounded,Wikimedia Analytics pageviews API (CC0)
BR,Brazil,2026-08-24,1,Augusto_Cury,pt.wikipedia,42900,rounded,Wikimedia Analytics pageviews API (CC0)
BR,Brazil,2026-08-24,2,Renan_Santos,pt.wikipedia,41300,rounded,Wikimedia Analytics pageviews API (CC0)
BR,Brazil,2026-08-24,3,Lito_Sousa,pt.wikipedia,24800,rounded,Wikimedia Analytics pageviews API (CC0)
BR,Brazil,2026-08-24,4,Doença_de_Creutzfeldt-Jakob,pt.wikipedia,10000,rounded,Wikimedia Analytics pageviews API (CC0)
BR,Brazil,2026-08-24,5,Ronaldo_Caiado,pt.wikipedia,10000,rounded,Wikimedia Analytics pageviews API (CC0)
BR,Brazil,2026-08-24,6,Glória_Menezes,pt.wikipedia,5500,rounded,Wikimedia Analytics pageviews API (CC0)
BR,Brazil,2026-08-24,7,Lista_de_filmes_de_maior_bilheteria,pt.wikipedia,5100,rounded,Wikimedia Analytics pageviews API (CC0)
BR,Brazil,2026-08-24,8,Avante,pt.wikipedia,5000,rounded,Wikimedia Analytics pageviews API (CC0)
BR,Brazil,2026-08-24,9,Laura_Cardoso,pt.wikipedia,4800,rounded,Wikimedia Analytics pageviews API (CC0)
BR,Brazil,2026-08-24,10,Eleição_presidencial_no_Brasil_em_2026,pt.wikipedia,4600,rounded,Wikimedia Analytics pageviews API (CC0)
BR,Brazil,2026-08-24,11,Ronnie_Von,pt.wikipedia,4100,rounded,Wikimedia Analytics pageviews API (CC0)
BR,Brazil,2026-08-24,12,Braskem,pt.wikipedia,4100,rounded,Wikimedia Analytics pageviews API (CC0)
BR,Brazil,2026-08-24,13,Sudão,pt.wikipedia,3800,rounded,Wikimedia Analytics pageviews API (CC0)
BR,Brazil,2026-08-24,14,Danilo_Mesquita,pt.wikipedia,3800,rounded,Wikimedia Analytics pageviews API (CC0)
BR,Brazil,2026-08-24,15,Pesquisas_de_opinião_para_a_eleição_presidencial_no_Brasil_em_2026,pt.wikipedia,3800,rounded,Wikimedia Analytics pageviews API (CC0)
BR,Brazil,2026-08-24,16,Luiz_Inácio_Lula_da_Silva,pt.wikipedia,3800,rounded,Wikimedia Analytics pageviews API (CC0)
BR,Brazil,2026-08-24,17,Partido_Missão,pt.wikipedia,3500,rounded,Wikimedia Analytics pageviews API (CC0)
BR,Brazil,2026-08-24,18,ChatGPT,en.wikipedia,3400,rounded,Wikimedia Analytics pageviews API (CC0)
BR,Brazil,2026-08-24,19,Romeu_Zema,pt.wikipedia,3100,rounded,Wikimedia Analytics pageviews API (CC0)
BR,Brazil,2026-08-24,20,Joaquín_Guzmán,pt.wikipedia,3000,rounded,Wikimedia Analytics pageviews API (CC0)
BR,Brazil,2026-08-25,1,Augusto_Cury,pt.wikipedia,37500,rounded,Wikimedia Analytics pageviews API (CC0)
BR,Brazil,2026-08-25,2,Dolly_Parton,pt.wikipedia,24000,rounded,Wikimedia Analytics pageviews API (CC0)
BR,Brazil,2026-08-25,3,Renan_Santos,pt.wikipedia,18400,rounded,Wikimedia Analytics pageviews API (CC0)
BR,Brazil,2026-08-25,4,Lito_Sousa,pt.wikipedia,16500,rounded,Wikimedia Analytics pageviews API (CC0)
BR,Brazil,2026-08-25,5,Romeu_Zema,pt.wikipedia,12900,rounded,Wikimedia Analytics pageviews API (CC0)
BR,Brazil,2026-08-25,6,Dolly_Parton,en.wikipedia,7600,rounded,Wikimedia Analytics pageviews API (CC0)
BR,Brazil,2026-08-25,7,Fotos_dos_Mamonas_Assassinas_mortos,pt.wikipedia,6100,rounded,Wikimedia Analytics pageviews API (CC0)
BR,Brazil,2026-08-25,8,Ronaldo_Caiado,pt.wikipedia,5600,rounded,Wikimedia Analytics pageviews API (CC0)
BR,Brazil,2026-08-25,9,Doença_de_Creutzfeldt-Jakob,pt.wikipedia,5500,rounded,Wikimedia Analytics pageviews API (CC0)
BR,Brazil,2026-08-25,10,ChatGPT,en.wikipedia,5100,rounded,Wikimedia Analytics pageviews API (CC0)
BR,Brazil,2026-08-25,11,Lista_de_filmes_de_maior_bilheteria,pt.wikipedia,4300,rounded,Wikimedia Analytics pageviews API (CC0)
BR,Brazil,2026-08-25,12,Eleição_presidencial_no_Brasil_em_2026,pt.wikipedia,4000,rounded,Wikimedia Analytics pageviews API (CC0)
BR,Brazil,2026-08-25,13,Pac-Man,en.wikipedia,4000,rounded,Wikimedia Analytics pageviews API (CC0)
BR,Brazil,2026-08-25,14,Luiz_Inácio_Lula_da_Silva,pt.wikipedia,4000,rounded,Wikimedia Analytics pageviews API (CC0)
BR,Brazil,2026-08-25,15,Avante,pt.wikipedia,3800,rounded,Wikimedia Analytics pageviews API (CC0)
BR,Brazil,2026-08-25,16,Pesquisas_de_opinião_para_a_eleição_presidencial_no_Brasil_em_2026,pt.wikipedia,3500,rounded,Wikimedia Analytics pageviews API (CC0)
BR,Brazil,2026-08-25,17,Cecília_Dassi,pt.wikipedia,3500,rounded,Wikimedia Analytics pageviews API (CC0)
BR,Brazil,2026-08-25,18,Kevin_Viveros,pt.wikipedia,3000,rounded,Wikimedia Analytics pageviews API (CC0)
BR,Brazil,2026-08-25,19,Anna's_Archive,en.wikipedia,3000,rounded,Wikimedia Analytics pageviews API (CC0)
BR,Brazil,2026-08-25,20,Dia_do_Soldado,pt.wikipedia,3000,rounded,Wikimedia Analytics pageviews API (CC0)
BR,Brazil,2026-08-26,1,Augusto_Cury,pt.wikipedia,100400,rounded,Wikimedia Analytics pageviews API (CC0)
BR,Brazil,2026-08-26,2,Renan_Santos,pt.wikipedia,45300,rounded,Wikimedia Analytics pageviews API (CC0)
BR,Brazil,2026-08-26,3,Lito_Sousa,pt.wikipedia,45100,rounded,Wikimedia Analytics pageviews API (CC0)
BR,Brazil,2026-08-26,4,Tim_Curry,pt.wikipedia,25500,rounded,Wikimedia Analytics pageviews API (CC0)
BR,Brazil,2026-08-26,5,Dolly_Parton,pt.wikipedia,23500,rounded,Wikimedia Analytics pageviews API (CC0)
BR,Brazil,2026-08-26,6,Ronaldo_Caiado,pt.wikipedia,19800,rounded,Wikimedia Analytics pageviews API (CC0)
BR,Brazil,2026-08-26,7,Doença_de_Creutzfeldt-Jakob,pt.wikipedia,12500,rounded,Wikimedia Analytics pageviews API (CC0)
BR,Brazil,2026-08-26,8,Avante,pt.wikipedia,8800,rounded,Wikimedia Analytics pageviews API (CC0)
BR,Brazil,2026-08-26,9,Dolly_Parton,en.wikipedia,8000,rounded,Wikimedia Analytics pageviews API (CC0)
BR,Brazil,2026-08-26,10,wiki.phtml,sr.wikipedia,7600,rounded,Wikimedia Analytics pageviews API (CC0)
BR,Brazil,2026-08-26,11,wiki.phtml,hr.wikipedia,7000,rounded,Wikimedia Analytics pageviews API (CC0)
BR,Brazil,2026-08-26,12,Nepal,pt.wikipedia,6800,rounded,Wikimedia Analytics pageviews API (CC0)
BR,Brazil,2026-08-26,13,Tim_Curry,en.wikipedia,6100,rounded,Wikimedia Analytics pageviews API (CC0)
BR,Brazil,2026-08-26,14,Keny_Arroyo,pt.wikipedia,5700,rounded,Wikimedia Analytics pageviews API (CC0)
BR,Brazil,2026-08-26,15,Fotos_dos_Mamonas_Assassinas_mortos,pt.wikipedia,5700,rounded,Wikimedia Analytics pageviews API (CC0)
BR,Brazil,2026-08-26,16,Pesquisas_de_opinião_para_a_eleição_presidencial_no_Brasil_em_2026,pt.wikipedia,4900,rounded,Wikimedia Analytics pageviews API (CC0)
BR,Brazil,2026-08-26,17,Júlio_Delgado,pt.wikipedia,4700,rounded,Wikimedia Analytics pageviews API (CC0)
BR,Brazil,2026-08-26,18,Eleição_presidencial_no_Brasil_em_2026,pt.wikipedia,4600,rounded,Wikimedia Analytics pageviews API (CC0)
BR,Brazil,2026-08-26,19,Heaven_Delhaye,pt.wikipedia,4500,rounded,Wikimedia Analytics pageviews API (CC0)
BR,Brazil,2026-08-26,20,Frederico_Rodrigues_Santos,pt.wikipedia,4400,rounded,Wikimedia Analytics pageviews API (CC0)
BR,Brazil,2026-08-27,1,Augusto_Cury,pt.wikipedia,136900,rounded,Wikimedia Analytics pageviews API (CC0)
BR,Brazil,2026-08-27,2,Lito_Sousa,pt.wikipedia,40500,rounded,Wikimedia Analytics pageviews API (CC0)
BR,Brazil,2026-08-27,3,Renan_Santos,pt.wikipedia,30700,rounded,Wikimedia Analytics pageviews API (CC0)
BR,Brazil,2026-08-27,4,Tim_Curry,pt.wikipedia,14600,rounded,Wikimedia Analytics pageviews API (CC0)
BR,Brazil,2026-08-27,5,wiki.phtml,hr.wikipedia,11800,rounded,Wikimedia Analytics pageviews API (CC0)
BR,Brazil,2026-08-27,6,Avante,pt.wikipedia,11600,rounded,Wikimedia Analytics pageviews API (CC0)
BR,Brazil,2026-08-27,7,Doença_de_Creutzfeldt-Jakob,pt.wikipedia,9300,rounded,Wikimedia Analytics pageviews API (CC0)
BR,Brazil,2026-08-27,8,Dolly_Parton,pt.wikipedia,8500,rounded,Wikimedia Analytics pageviews API (CC0)
BR,Brazil,2026-08-27,9,Fotos_dos_Mamonas_Assassinas_mortos,pt.wikipedia,7900,rounded,Wikimedia Analytics pageviews API (CC0)
BR,Brazil,2026-08-27,10,Nepal,pt.wikipedia,7100,rounded,Wikimedia Analytics pageviews API (CC0)
BR,Brazil,2026-08-27,11,Júlio_Delgado,pt.wikipedia,7000,rounded,Wikimedia Analytics pageviews API (CC0)
BR,Brazil,2026-08-27,12,Yayoi_Kusama,pt.wikipedia,6100,rounded,Wikimedia Analytics pageviews API (CC0)
BR,Brazil,2026-08-27,13,Ronaldo_Caiado,pt.wikipedia,5300,rounded,Wikimedia Analytics pageviews API (CC0)
BR,Brazil,2026-08-27,14,Campanha_presidencial_de_Augusto_Cury_em_2026,pt.wikipedia,5200,rounded,Wikimedia Analytics pageviews API (CC0)
BR,Brazil,2026-08-27,15,Pesquisas_de_opinião_para_a_eleição_presidencial_no_Brasil_em_2026,pt.wikipedia,5000,rounded,Wikimedia Analytics pageviews API (CC0)
BR,Brazil,2026-08-27,16,Death_in_June,pt.wikipedia,5000,rounded,Wikimedia Analytics pageviews API (CC0)
BR,Brazil,2026-08-27,17,Augusto_Heleno,pt.wikipedia,4900,rounded,Wikimedia Analytics pageviews API (CC0)
BR,Brazil,2026-08-27,18,Eleição_presidencial_no_Brasil_em_2026,pt.wikipedia,4800,rounded,Wikimedia Analytics pageviews API (CC0)
BR,Brazil,2026-08-27,19,Flaco_López,pt.wikipedia,4500,rounded,Wikimedia Analytics pageviews API (CC0)
BR,Brazil,2026-08-27,20,wiki.phtml,sr.wikipedia,4300,rounded,Wikimedia Analytics pageviews API (CC0)
BR,Brazil,2026-08-28,1,Augusto_Cury,pt.wikipedia,77200,rounded,Wikimedia Analytics pageviews API (CC0)
BR,Brazil,2026-08-28,2,Lito_Sousa,pt.wikipedia,13600,rounded,Wikimedia Analytics pageviews API (CC0)
BR,Brazil,2026-08-28,3,Renan_Santos,pt.wikipedia,12200,rounded,Wikimedia Analytics pageviews API (CC0)
BR,Brazil,2026-08-28,4,Haroldo_V_da_Noruega,pt.wikipedia,11300,rounded,Wikimedia Analytics pageviews API (CC0)
BR,Brazil,2026-08-28,5,.xyz,en.wikipedia,10600,rounded,Wikimedia Analytics pageviews API (CC0)
BR,Brazil,2026-08-28,6,Haakon_VIII_da_Noruega,pt.wikipedia,8700,rounded,Wikimedia Analytics pageviews API (CC0)
BR,Brazil,2026-08-28,7,Luiz_Inácio_Lula_da_Silva,pt.wikipedia,8500,rounded,Wikimedia Analytics pageviews API (CC0)
BR,Brazil,2026-08-28,8,Avante,pt.wikipedia,7300,rounded,Wikimedia Analytics pageviews API (CC0)
BR,Brazil,2026-08-28,9,Bruno_Duarte,pt.wikipedia,6700,rounded,Wikimedia Analytics pageviews API (CC0)
BR,Brazil,2026-08-28,10,Fotos_dos_Mamonas_Assassinas_mortos,pt.wikipedia,6000,rounded,Wikimedia Analytics pageviews API (CC0)
BR,Brazil,2026-08-28,11,Mariana_Ximenes,pt.wikipedia,5700,rounded,Wikimedia Analytics pageviews API (CC0)
BR,Brazil,2026-08-28,12,Alison_dos_Santos,pt.wikipedia,5000,rounded,Wikimedia Analytics pageviews API (CC0)
BR,Brazil,2026-08-28,13,Pesquisas_de_opinião_para_a_eleição_presidencial_no_Brasil_em_2026,pt.wikipedia,4400,rounded,Wikimedia Analytics pageviews API (CC0)
BR,Brazil,2026-08-28,14,Eleição_presidencial_no_Brasil_em_2026,pt.wikipedia,4300,rounded,Wikimedia Analytics pageviews API (CC0)
BR,Brazil,2026-08-28,15,Tim_Curry,pt.wikipedia,4300,rounded,Wikimedia Analytics pageviews API (CC0)
BR,Brazil,2026-08-28,16,Ronaldo_Caiado,pt.wikipedia,4200,rounded,Wikimedia Analytics pageviews API (CC0)
BR,Brazil,2026-08-28,17,Lista_de_presidentes_do_Brasil,pt.wikipedia,4100,rounded,Wikimedia Analytics pageviews API (CC0)
BR,Brazil,2026-08-28,18,Dolly_Parton,pt.wikipedia,3900,rounded,Wikimedia Analytics pageviews API (CC0)
BR,Brazil,2026-08-28,19,Lista_de_filmes_de_maior_bilheteria,pt.wikipedia,3700,rounded,Wikimedia Analytics pageviews API (CC0)
BR,Brazil,2026-08-28,20,Nepal,pt.wikipedia,3600,rounded,Wikimedia Analytics pageviews API (CC0)
BR,Brazil,2026-08-29,1,Augusto_Cury,pt.wikipedia,48100,rounded,Wikimedia Analytics pageviews API (CC0)
BR,Brazil,2026-08-29,2,Cláudio_Lottenberg,pt.wikipedia,21200,rounded,Wikimedia Analytics pageviews API (CC0)
BR,Brazil,2026-08-29,3,Lito_Sousa,pt.wikipedia,9300,rounded,Wikimedia Analytics pageviews API (CC0)
BR,Brazil,2026-08-29,4,Renan_Santos,pt.wikipedia,8800,rounded,Wikimedia Analytics pageviews API (CC0)
BR,Brazil,2026-08-29,5,Flávio_Bolsonaro,pt.wikipedia,8500,rounded,Wikimedia Analytics pageviews API (CC0)
BR,Brazil,2026-08-29,6,wiki.phtml,nl.wikipedia,6200,rounded,Wikimedia Analytics pageviews API (CC0)
BR,Brazil,2026-08-29,7,.xyz,en.wikipedia,6100,rounded,Wikimedia Analytics pageviews API (CC0)
BR,Brazil,2026-08-29,8,Luiz_Inácio_Lula_da_Silva,pt.wikipedia,5400,rounded,Wikimedia Analytics pageviews API (CC0)
BR,Brazil,2026-08-29,9,Fotos_dos_Mamonas_Assassinas_mortos,pt.wikipedia,5000,rounded,Wikimedia Analytics pageviews API (CC0)
BR,Brazil,2026-08-29,10,Lista_de_filmes_de_maior_bilheteria,pt.wikipedia,4400,rounded,Wikimedia Analytics pageviews API (CC0)
BR,Brazil,2026-08-29,11,Adriano_da_Nóbrega,pt.wikipedia,4400,rounded,Wikimedia Analytics pageviews API (CC0)
BR,Brazil,2026-08-29,12,Haroldo_V_da_Noruega,pt.wikipedia,4200,rounded,Wikimedia Analytics pageviews API (CC0)
BR,Brazil,2026-08-29,13,Pesquisas_de_opinião_para_a_eleição_presidencial_no_Brasil_em_2026,pt.wikipedia,4200,rounded,Wikimedia Analytics pageviews API (CC0)
BR,Brazil,2026-08-29,14,Ronaldo_Caiado,pt.wikipedia,4000,rounded,Wikimedia Analytics pageviews API (CC0)
BR,Brazil,2026-08-29,15,サーチ,ja.wikipedia,3800,rounded,Wikimedia Analytics pageviews API (CC0)
BR,Brazil,2026-08-29,16,Jair_Bolsonaro,pt.wikipedia,3700,rounded,Wikimedia Analytics pageviews API (CC0)
BR,Brazil,2026-08-29,17,Eleição_presidencial_no_Brasil_em_2026,pt.wikipedia,3700,rounded,Wikimedia Analytics pageviews API (CC0)
BR,Brazil,2026-08-29,18,wiki.phtml,bg.wikipedia,3600,rounded,Wikimedia Analytics pageviews API (CC0)
BR,Brazil,2026-08-29,19,Cauã_Reymond,pt.wikipedia,3500,rounded,Wikimedia Analytics pageviews API (CC0)
BR,Brazil,2026-08-29,20,Avante,pt.wikipedia,3500,rounded,Wikimedia Analytics pageviews API (CC0)
BR,Brazil,2026-08-30,1,Augusto_Cury,pt.wikipedia,53100,rounded,Wikimedia Analytics pageviews API (CC0)
BR,Brazil,2026-08-30,2,Isabel_Teixeira,pt.wikipedia,11500,rounded,Wikimedia Analytics pageviews API (CC0)
BR,Brazil,2026-08-30,3,Lito_Sousa,pt.wikipedia,9300,rounded,Wikimedia Analytics pageviews API (CC0)
BR,Brazil,2026-08-30,4,Perla,pt.wikipedia,8700,rounded,Wikimedia Analytics pageviews API (CC0)
BR,Brazil,2026-08-30,5,Gabriel_Jesus,pt.wikipedia,8100,rounded,Wikimedia Analytics pageviews API (CC0)
BR,Brazil,2026-08-30,6,喬治·R·R·馬丁,zh.wikipedia,7800,rounded,Wikimedia Analytics pageviews API (CC0)
BR,Brazil,2026-08-30,7,Renan_Santos,pt.wikipedia,7700,rounded,Wikimedia Analytics pageviews API (CC0)
BR,Brazil,2026-08-30,8,Jon_Secada,pt.wikipedia,7000,rounded,Wikimedia Analytics pageviews API (CC0)
BR,Brazil,2026-08-30,9,Marina_Elali,pt.wikipedia,6300,rounded,Wikimedia Analytics pageviews API (CC0)
BR,Brazil,2026-08-30,10,Lista_de_filmes_de_maior_bilheteria,pt.wikipedia,4700,rounded,Wikimedia Analytics pageviews API (CC0)
BR,Brazil,2026-08-30,11,サーチ,ja.wikipedia,4600,rounded,Wikimedia Analytics pageviews API (CC0)
BR,Brazil,2026-08-30,12,Gabriel_Batista,en.wikipedia,4500,rounded,Wikimedia Analytics pageviews API (CC0)
BR,Brazil,2026-08-30,13,Glover_Teixeira,pt.wikipedia,4500,rounded,Wikimedia Analytics pageviews API (CC0)
BR,Brazil,2026-08-30,14,Maurício_Rua,pt.wikipedia,4400,rounded,Wikimedia Analytics pageviews API (CC0)
BR,Brazil,2026-08-30,15,Luiz_Inácio_Lula_da_Silva,pt.wikipedia,4300,rounded,Wikimedia Analytics pageviews API (CC0)
BR,Brazil,2026-08-30,16,Renato_Teixeira,pt.wikipedia,3900,rounded,Wikimedia Analytics pageviews API (CC0)
BR,Brazil,2026-08-30,17,Marcela_Barrozo,pt.wikipedia,3600,rounded,Wikimedia Analytics pageviews API (CC0)
BR,Brazil,2026-08-30,18,Pesquisas_de_opinião_para_a_eleição_presidencial_no_Brasil_em_2026,pt.wikipedia,3600,rounded,Wikimedia Analytics pageviews API (CC0)
BR,Brazil,2026-08-30,19,Eleição_presidencial_no_Brasil_em_2026,pt.wikipedia,3500,rounded,Wikimedia Analytics pageviews API (CC0)
BR,Brazil,2026-08-30,20,Flávio_Bolsonaro,pt.wikipedia,3500,rounded,Wikimedia Analytics pageviews API (CC0)
MX,Mexico,2026-08-24,1,Joaquín_Guzmán_Loera,es.wikipedia,5800,rounded,Wikimedia Analytics pageviews API (CC0)
MX,Mexico,2026-08-24,2,Operación_Cisne_Negro,es.wikipedia,4300,rounded,Wikimedia Analytics pageviews API (CC0)
MX,Mexico,2026-08-24,3,Bruce_Willis,es.wikipedia,3600,rounded,Wikimedia Analytics pageviews API (CC0)
MX,Mexico,2026-08-24,4,ChatGPT,es.wikipedia,3500,rounded,Wikimedia Analytics pageviews API (CC0)
MX,Mexico,2026-08-24,5,Rubén_Rocha_Moya,es.wikipedia,3300,rounded,Wikimedia Analytics pageviews API (CC0)
MX,Mexico,2026-08-24,6,Julián_Alvarez,es.wikipedia,3300,rounded,Wikimedia Analytics pageviews API (CC0)
MX,Mexico,2026-08-24,7,Arroba_(símbolo),es.wikipedia,3200,rounded,Wikimedia Analytics pageviews API (CC0)
MX,Mexico,2026-08-24,8,ChatGPT,en.wikipedia,3100,rounded,Wikimedia Analytics pageviews API (CC0)
MX,Mexico,2026-08-24,9,La_Odisea_(película_de_2026),es.wikipedia,2800,rounded,Wikimedia Analytics pageviews API (CC0)
MX,Mexico,2026-08-24,10,Hayden_Panettiere,es.wikipedia,2700,rounded,Wikimedia Analytics pageviews API (CC0)
MX,Mexico,2026-08-24,11,Florencia_Vigna,es.wikipedia,2600,rounded,Wikimedia Analytics pageviews API (CC0)
MX,Mexico,2026-08-24,12,Bartolomé_el_Apóstol,es.wikipedia,2300,rounded,Wikimedia Analytics pageviews API (CC0)
MX,Mexico,2026-08-24,13,Moisés_Peñaloza,en.wikipedia,2000,rounded,Wikimedia Analytics pageviews API (CC0)
MX,Mexico,2026-08-24,14,Spider-Man:_Brand_New_Day,en.wikipedia,1900,rounded,Wikimedia Analytics pageviews API (CC0)
MX,Mexico,2026-08-24,15,Yahir,es.wikipedia,1800,rounded,Wikimedia Analytics pageviews API (CC0)
MX,Mexico,2026-08-24,16,Tabla_periódica_de_los_elementos,es.wikipedia,1700,rounded,Wikimedia Analytics pageviews API (CC0)
MX,Mexico,2026-08-24,17,Ernesto_Laguardia,es.wikipedia,1700,rounded,Wikimedia Analytics pageviews API (CC0)
MX,Mexico,2026-08-24,18,Gema_Garoa,es.wikipedia,1700,rounded,Wikimedia Analytics pageviews API (CC0)
MX,Mexico,2026-08-24,19,Armando_González_Alba,es.wikipedia,1600,rounded,Wikimedia Analytics pageviews API (CC0)
MX,Mexico,2026-08-24,20,Spider-Man:_Brand_New_Day,es.wikipedia,1600,rounded,Wikimedia Analytics pageviews API (CC0)
MX,Mexico,2026-08-25,1,Dolly_Parton,es.wikipedia,30300,rounded,Wikimedia Analytics pageviews API (CC0)
MX,Mexico,2026-08-25,2,Graciela_Domínguez_Nava,es.wikipedia,10900,rounded,Wikimedia Analytics pageviews API (CC0)
MX,Mexico,2026-08-25,3,Dolly_Parton,en.wikipedia,10300,rounded,Wikimedia Analytics pageviews API (CC0)
MX,Mexico,2026-08-25,4,Joaquín_Guzmán_Loera,es.wikipedia,5400,rounded,Wikimedia Analytics pageviews API (CC0)
MX,Mexico,2026-08-25,5,Bruce_Willis,es.wikipedia,4600,rounded,Wikimedia Analytics pageviews API (CC0)
MX,Mexico,2026-08-25,6,ChatGPT,es.wikipedia,4000,rounded,Wikimedia Analytics pageviews API (CC0)
MX,Mexico,2026-08-25,7,César_Huerta,es.wikipedia,3800,rounded,Wikimedia Analytics pageviews API (CC0)
MX,Mexico,2026-08-25,8,ChatGPT,en.wikipedia,3800,rounded,Wikimedia Analytics pageviews API (CC0)
MX,Mexico,2026-08-25,9,Rubén_Rocha_Moya,es.wikipedia,3600,rounded,Wikimedia Analytics pageviews API (CC0)
MX,Mexico,2026-08-25,10,Operación_Cisne_Negro,es.wikipedia,3600,rounded,Wikimedia Analytics pageviews API (CC0)
MX,Mexico,2026-08-25,11,Arroba_(símbolo),es.wikipedia,3100,rounded,Wikimedia Analytics pageviews API (CC0)
MX,Mexico,2026-08-25,12,Claudia_Sheinbaum,es.wikipedia,2800,rounded,Wikimedia Analytics pageviews API (CC0)
MX,Mexico,2026-08-25,13,Emma_Coronel_Aispuro,es.wikipedia,2700,rounded,Wikimedia Analytics pageviews API (CC0)
MX,Mexico,2026-08-25,14,Hayden_Panettiere,es.wikipedia,2200,rounded,Wikimedia Analytics pageviews API (CC0)
MX,Mexico,2026-08-25,15,La_Odisea_(película_de_2026),es.wikipedia,2100,rounded,Wikimedia Analytics pageviews API (CC0)
MX,Mexico,2026-08-25,16,Tabla_periódica_de_los_elementos,es.wikipedia,2000,rounded,Wikimedia Analytics pageviews API (CC0)
MX,Mexico,2026-08-25,17,Gema_Garoa,es.wikipedia,1900,rounded,Wikimedia Analytics pageviews API (CC0)
MX,Mexico,2026-08-25,18,Genaro_García_Luna,es.wikipedia,1700,rounded,Wikimedia Analytics pageviews API (CC0)
MX,Mexico,2026-08-25,19,Anna's_Archive,en.wikipedia,1600,rounded,Wikimedia Analytics pageviews API (CC0)
MX,Mexico,2026-08-25,20,Florencia_Vigna,es.wikipedia,1500,rounded,Wikimedia Analytics pageviews API (CC0)
MX,Mexico,2026-08-26,1,Dolly_Parton,es.wikipedia,34000,rounded,Wikimedia Analytics pageviews API (CC0)
MX,Mexico,2026-08-26,2,Tim_Curry,es.wikipedia,33500,rounded,Wikimedia Analytics pageviews API (CC0)
MX,Mexico,2026-08-26,3,Dolly_Parton,en.wikipedia,9400,rounded,Wikimedia Analytics pageviews API (CC0)
MX,Mexico,2026-08-26,4,México,es.wikipedia,7200,rounded,Wikimedia Analytics pageviews API (CC0)
MX,Mexico,2026-08-26,5,Tim_Curry,en.wikipedia,7200,rounded,Wikimedia Analytics pageviews API (CC0)
MX,Mexico,2026-08-26,6,Joaquín_Guzmán_Loera,es.wikipedia,5600,rounded,Wikimedia Analytics pageviews API (CC0)
MX,Mexico,2026-08-26,7,ChatGPT,en.wikipedia,4300,rounded,Wikimedia Analytics pageviews API (CC0)
MX,Mexico,2026-08-26,8,ChatGPT,es.wikipedia,4000,rounded,Wikimedia Analytics pageviews API (CC0)
MX,Mexico,2026-08-26,9,Graciela_Domínguez_Nava,es.wikipedia,4000,rounded,Wikimedia Analytics pageviews API (CC0)
MX,Mexico,2026-08-26,10,Bruce_Willis,es.wikipedia,3600,rounded,Wikimedia Analytics pageviews API (CC0)
MX,Mexico,2026-08-26,11,Arroba_(símbolo),es.wikipedia,3600,rounded,Wikimedia Analytics pageviews API (CC0)
MX,Mexico,2026-08-26,12,wiki.phtml,sr.wikipedia,3400,rounded,Wikimedia Analytics pageviews API (CC0)
MX,Mexico,2026-08-26,13,Leagues_Cup_2026,es.wikipedia,3300,rounded,Wikimedia Analytics pageviews API (CC0)
MX,Mexico,2026-08-26,14,Claudia_Sheinbaum,es.wikipedia,3200,rounded,Wikimedia Analytics pageviews API (CC0)
MX,Mexico,2026-08-26,15,César_Huerta,es.wikipedia,3100,rounded,Wikimedia Analytics pageviews API (CC0)
MX,Mexico,2026-08-26,16,Operación_Cisne_Negro,es.wikipedia,3100,rounded,Wikimedia Analytics pageviews API (CC0)
MX,Mexico,2026-08-26,17,wiki.phtml,hr.wikipedia,3000,rounded,Wikimedia Analytics pageviews API (CC0)
MX,Mexico,2026-08-26,18,José_Córdoba_Montoya,es.wikipedia,2800,rounded,Wikimedia Analytics pageviews API (CC0)
MX,Mexico,2026-08-26,19,Amy_Winehouse,es.wikipedia,2800,rounded,Wikimedia Analytics pageviews API (CC0)
MX,Mexico,2026-08-26,20,Yanet_García,es.wikipedia,2600,rounded,Wikimedia Analytics pageviews API (CC0)
MX,Mexico,2026-08-27,1,Tim_Curry,es.wikipedia,22700,rounded,Wikimedia Analytics pageviews API (CC0)
MX,Mexico,2026-08-27,2,Dolly_Parton,es.wikipedia,13100,rounded,Wikimedia Analytics pageviews API (CC0)
MX,Mexico,2026-08-27,3,Yayoi_Kusama,es.wikipedia,9200,rounded,Wikimedia Analytics pageviews API (CC0)
MX,Mexico,2026-08-27,4,México,es.wikipedia,8000,rounded,Wikimedia Analytics pageviews API (CC0)
MX,Mexico,2026-08-27,5,wiki.phtml,hr.wikipedia,6600,rounded,Wikimedia Analytics pageviews API (CC0)
MX,Mexico,2026-08-27,6,Angela_Davis,es.wikipedia,6100,rounded,Wikimedia Analytics pageviews API (CC0)
MX,Mexico,2026-08-27,7,Nepal,es.wikipedia,5200,rounded,Wikimedia Analytics pageviews API (CC0)
MX,Mexico,2026-08-27,8,Leagues_Cup_2026,es.wikipedia,5200,rounded,Wikimedia Analytics pageviews API (CC0)
MX,Mexico,2026-08-27,9,ChatGPT,en.wikipedia,4600,rounded,Wikimedia Analytics pageviews API (CC0)
MX,Mexico,2026-08-27,10,Arroba_(símbolo),es.wikipedia,4500,rounded,Wikimedia Analytics pageviews API (CC0)
MX,Mexico,2026-08-27,11,Leagues_Cup,es.wikipedia,4400,rounded,Wikimedia Analytics pageviews API (CC0)
MX,Mexico,2026-08-27,12,Tim_Curry,en.wikipedia,4300,rounded,Wikimedia Analytics pageviews API (CC0)
MX,Mexico,2026-08-27,13,Joaquín_Guzmán_Loera,es.wikipedia,4300,rounded,Wikimedia Analytics pageviews API (CC0)
MX,Mexico,2026-08-27,14,Bruce_Willis,es.wikipedia,4100,rounded,Wikimedia Analytics pageviews API (CC0)
MX,Mexico,2026-08-27,15,Peter_Cullen,es.wikipedia,3900,rounded,Wikimedia Analytics pageviews API (CC0)
MX,Mexico,2026-08-27,16,ChatGPT,es.wikipedia,3800,rounded,Wikimedia Analytics pageviews API (CC0)
MX,Mexico,2026-08-27,17,Dolly_Parton,en.wikipedia,3500,rounded,Wikimedia Analytics pageviews API (CC0)
MX,Mexico,2026-08-27,18,Coyote_vs._Acme,es.wikipedia,3100,rounded,Wikimedia Analytics pageviews API (CC0)
MX,Mexico,2026-08-27,19,Gema_Garoa,es.wikipedia,3100,rounded,Wikimedia Analytics pageviews API (CC0)
MX,Mexico,2026-08-27,20,Liga_de_Campeones_de_la_UEFA_2026-27,es.wikipedia,3000,rounded,Wikimedia Analytics pageviews API (CC0)
MX,Mexico,2026-08-28,1,.xyz,en.wikipedia,9700,rounded,Wikimedia Analytics pageviews API (CC0)
MX,Mexico,2026-08-28,2,Harald_V_de_Noruega,es.wikipedia,9400,rounded,Wikimedia Analytics pageviews API (CC0)
MX,Mexico,2026-08-28,3,Coyote_vs._Acme,es.wikipedia,6300,rounded,Wikimedia Analytics pageviews API (CC0)
MX,Mexico,2026-08-28,4,Dolly_Parton,es.wikipedia,6100,rounded,Wikimedia Analytics pageviews API (CC0)
MX,Mexico,2026-08-28,5,Eclipse_lunar_de_agosto_de_2026,es.wikipedia,5900,rounded,Wikimedia Analytics pageviews API (CC0)
MX,Mexico,2026-08-28,6,Tim_Curry,es.wikipedia,5600,rounded,Wikimedia Analytics pageviews API (CC0)
MX,Mexico,2026-08-28,7,Haakon_VIII_de_Noruega,es.wikipedia,5500,rounded,Wikimedia Analytics pageviews API (CC0)
MX,Mexico,2026-08-28,8,Yayoi_Kusama,es.wikipedia,5100,rounded,Wikimedia Analytics pageviews API (CC0)
MX,Mexico,2026-08-28,9,Bruce_Willis,es.wikipedia,5000,rounded,Wikimedia Analytics pageviews API (CC0)
MX,Mexico,2026-08-28,10,Eclipse_lunar,es.wikipedia,4600,rounded,Wikimedia Analytics pageviews API (CC0)
MX,Mexico,2026-08-28,11,Arroba_(símbolo),es.wikipedia,4000,rounded,Wikimedia Analytics pageviews API (CC0)
MX,Mexico,2026-08-28,12,ChatGPT,es.wikipedia,3900,rounded,Wikimedia Analytics pageviews API (CC0)
MX,Mexico,2026-08-28,13,México,es.wikipedia,3800,rounded,Wikimedia Analytics pageviews API (CC0)
MX,Mexico,2026-08-28,14,Ricardo_Salinas_Pliego,es.wikipedia,3700,rounded,Wikimedia Analytics pageviews API (CC0)
MX,Mexico,2026-08-28,15,Ingrid_Alexandra_de_Noruega,es.wikipedia,3600,rounded,Wikimedia Analytics pageviews API (CC0)
MX,Mexico,2026-08-28,16,ChatGPT,en.wikipedia,3600,rounded,Wikimedia Analytics pageviews API (CC0)
MX,Mexico,2026-08-28,17,Mette-Marit_de_Noruega,es.wikipedia,3500,rounded,Wikimedia Analytics pageviews API (CC0)
MX,Mexico,2026-08-28,18,Joaquín_Guzmán_Loera,es.wikipedia,3400,rounded,Wikimedia Analytics pageviews API (CC0)
MX,Mexico,2026-08-28,19,Nepal,es.wikipedia,3100,rounded,Wikimedia Analytics pageviews API (CC0)
MX,Mexico,2026-08-28,20,Claudia_Sheinbaum,es.wikipedia,2800,rounded,Wikimedia Analytics pageviews API (CC0)
MX,Mexico,2026-08-29,1,México,es.wikipedia,12400,rounded,Wikimedia Analytics pageviews API (CC0)
MX,Mexico,2026-08-29,2,Coyote_vs._Acme,es.wikipedia,8200,rounded,Wikimedia Analytics pageviews API (CC0)
MX,Mexico,2026-08-29,3,.xyz,en.wikipedia,6900,rounded,Wikimedia Analytics pageviews API (CC0)
MX,Mexico,2026-08-29,4,Harald_V_de_Noruega,es.wikipedia,4300,rounded,Wikimedia Analytics pageviews API (CC0)
MX,Mexico,2026-08-29,5,Dolly_Parton,es.wikipedia,3800,rounded,Wikimedia Analytics pageviews API (CC0)
MX,Mexico,2026-08-29,6,Joaquín_Guzmán_Loera,es.wikipedia,3700,rounded,Wikimedia Analytics pageviews API (CC0)
MX,Mexico,2026-08-29,7,Coyote_vs._Acme,en.wikipedia,3500,rounded,Wikimedia Analytics pageviews API (CC0)
MX,Mexico,2026-08-29,8,Bruce_Willis,es.wikipedia,3500,rounded,Wikimedia Analytics pageviews API (CC0)
MX,Mexico,2026-08-29,9,wiki.phtml,nl.wikipedia,3400,rounded,Wikimedia Analytics pageviews API (CC0)
MX,Mexico,2026-08-29,10,ChatGPT,es.wikipedia,2900,rounded,Wikimedia Analytics pageviews API (CC0)
MX,Mexico,2026-08-29,11,Haakon_VIII_de_Noruega,es.wikipedia,2800,rounded,Wikimedia Analytics pageviews API (CC0)
MX,Mexico,2026-08-29,12,Arroba_(símbolo),es.wikipedia,2800,rounded,Wikimedia Analytics pageviews API (CC0)
MX,Mexico,2026-08-29,13,Gema_Garoa,es.wikipedia,2800,rounded,Wikimedia Analytics pageviews API (CC0)
MX,Mexico,2026-08-29,14,Juan_Gabriel,es.wikipedia,2700,rounded,Wikimedia Analytics pageviews API (CC0)
MX,Mexico,2026-08-29,15,Tim_Curry,es.wikipedia,2700,rounded,Wikimedia Analytics pageviews API (CC0)
MX,Mexico,2026-08-29,16,Genaro_García_Luna,es.wikipedia,2500,rounded,Wikimedia Analytics pageviews API (CC0)
MX,Mexico,2026-08-29,17,Ricardo_Salinas_Pliego,es.wikipedia,2200,rounded,Wikimedia Analytics pageviews API (CC0)
MX,Mexico,2026-08-29,18,Erik_Lira,es.wikipedia,2100,rounded,Wikimedia Analytics pageviews API (CC0)
MX,Mexico,2026-08-29,19,Ligre,es.wikipedia,2100,rounded,Wikimedia Analytics pageviews API (CC0)
MX,Mexico,2026-08-29,20,ChatGPT,en.wikipedia,2100,rounded,Wikimedia Analytics pageviews API (CC0)
MX,Mexico,2026-08-30,1,Coyote_vs._Acme,es.wikipedia,9500,rounded,Wikimedia Analytics pageviews API (CC0)
MX,Mexico,2026-08-30,2,México,es.wikipedia,8800,rounded,Wikimedia Analytics pageviews API (CC0)
MX,Mexico,2026-08-30,3,Miss_Universe_Mexico_2026,es.wikipedia,5100,rounded,Wikimedia Analytics pageviews API (CC0)
MX,Mexico,2026-08-30,4,Gabriel_Jesus,es.wikipedia,4700,rounded,Wikimedia Analytics pageviews API (CC0)
MX,Mexico,2026-08-30,5,Joaquín_Guzmán_Loera,es.wikipedia,4600,rounded,Wikimedia Analytics pageviews API (CC0)
MX,Mexico,2026-08-30,6,Fátima_Bosch,es.wikipedia,4400,rounded,Wikimedia Analytics pageviews API (CC0)
MX,Mexico,2026-08-30,7,Coyote_vs._Acme,en.wikipedia,4200,rounded,Wikimedia Analytics pageviews API (CC0)
MX,Mexico,2026-08-30,8,Ícaro_da_Conceição,es.wikipedia,4100,rounded,Wikimedia Analytics pageviews API (CC0)
MX,Mexico,2026-08-30,9,Alan_Mozo,es.wikipedia,3600,rounded,Wikimedia Analytics pageviews API (CC0)
MX,Mexico,2026-08-30,10,Bruce_Willis,es.wikipedia,3200,rounded,Wikimedia Analytics pageviews API (CC0)
MX,Mexico,2026-08-30,11,Genaro_García_Luna,es.wikipedia,3100,rounded,Wikimedia Analytics pageviews API (CC0)
MX,Mexico,2026-08-30,12,Operación_Cisne_Negro,es.wikipedia,2900,rounded,Wikimedia Analytics pageviews API (CC0)
MX,Mexico,2026-08-30,13,Dolly_Parton,es.wikipedia,2900,rounded,Wikimedia Analytics pageviews API (CC0)
MX,Mexico,2026-08-30,14,ChatGPT,es.wikipedia,2800,rounded,Wikimedia Analytics pageviews API (CC0)
MX,Mexico,2026-08-30,15,La_captura_(película_de_2026),es.wikipedia,2600,rounded,Wikimedia Analytics pageviews API (CC0)
MX,Mexico,2026-08-30,16,Jordan_Silva,es.wikipedia,2400,rounded,Wikimedia Analytics pageviews API (CC0)
MX,Mexico,2026-08-30,17,La_Odisea_(película_de_2026),es.wikipedia,2400,rounded,Wikimedia Analytics pageviews API (CC0)
MX,Mexico,2026-08-30,18,Arroba_(símbolo),es.wikipedia,2300,rounded,Wikimedia Analytics pageviews API (CC0)
MX,Mexico,2026-08-30,19,Miss_Universo_2026,es.wikipedia,2300,rounded,Wikimedia Analytics pageviews API (CC0)
MX,Mexico,2026-08-30,20,Amy_Winehouse,es.wikipedia,2200,rounded,Wikimedia Analytics pageviews API (CC0)
ES,Spain,2026-08-24,1,Carlos_Espí,es.wikipedia,9600,rounded,Wikimedia Analytics pageviews API (CC0)
ES,Spain,2026-08-24,2,Dafne_Fernández,es.wikipedia,7500,rounded,Wikimedia Analytics pageviews API (CC0)
ES,Spain,2026-08-24,3,La_amiga_estupenda,es.wikipedia,7300,rounded,Wikimedia Analytics pageviews API (CC0)
ES,Spain,2026-08-24,4,Polinyá,es.wikipedia,6900,rounded,Wikimedia Analytics pageviews API (CC0)
ES,Spain,2026-08-24,5,Pierre-Emerick_Aubameyang,es.wikipedia,6900,rounded,Wikimedia Analytics pageviews API (CC0)
ES,Spain,2026-08-24,6,Pradejón,es.wikipedia,6400,rounded,Wikimedia Analytics pageviews API (CC0)
ES,Spain,2026-08-24,7,Lo_que_el_viento_se_llevó_(película),es.wikipedia,6300,rounded,Wikimedia Analytics pageviews API (CC0)
ES,Spain,2026-08-24,8,Farmear_aura,es.wikipedia,6300,rounded,Wikimedia Analytics pageviews API (CC0)
ES,Spain,2026-08-24,9,La_Odisea_(película_de_2026),es.wikipedia,5800,rounded,Wikimedia Analytics pageviews API (CC0)
ES,Spain,2026-08-24,10,Vicky_Larraz,es.wikipedia,4700,rounded,Wikimedia Analytics pageviews API (CC0)
ES,Spain,2026-08-24,11,Karim_Adeyemi,es.wikipedia,4600,rounded,Wikimedia Analytics pageviews API (CC0)
ES,Spain,2026-08-24,12,Marc_Cucurella,es.wikipedia,4600,rounded,Wikimedia Analytics pageviews API (CC0)
ES,Spain,2026-08-24,13,Kote_Cabezudo,es.wikipedia,4500,rounded,Wikimedia Analytics pageviews API (CC0)
ES,Spain,2026-08-24,14,Vivien_Leigh,es.wikipedia,4300,rounded,Wikimedia Analytics pageviews API (CC0)
ES,Spain,2026-08-24,15,Ceuta,es.wikipedia,4200,rounded,Wikimedia Analytics pageviews API (CC0)
ES,Spain,2026-08-24,16,Harald_V_de_Noruega,es.wikipedia,4200,rounded,Wikimedia Analytics pageviews API (CC0)
ES,Spain,2026-08-24,17,Julián_Alvarez,es.wikipedia,3900,rounded,Wikimedia Analytics pageviews API (CC0)
ES,Spain,2026-08-24,18,Paula_Blasi,es.wikipedia,3700,rounded,Wikimedia Analytics pageviews API (CC0)
ES,Spain,2026-08-24,19,Bartolomé_el_Apóstol,es.wikipedia,3600,rounded,Wikimedia Analytics pageviews API (CC0)
ES,Spain,2026-08-24,20,Joaquín_Guzmán_Loera,es.wikipedia,3400,rounded,Wikimedia Analytics pageviews API (CC0)
ES,Spain,2026-08-25,1,Dolly_Parton,es.wikipedia,62000,rounded,Wikimedia Analytics pageviews API (CC0)
ES,Spain,2026-08-25,2,Dolly_Parton,en.wikipedia,18600,rounded,Wikimedia Analytics pageviews API (CC0)
ES,Spain,2026-08-25,3,Farmear_aura,es.wikipedia,11100,rounded,Wikimedia Analytics pageviews API (CC0)
ES,Spain,2026-08-25,4,Tadej_Pogačar,es.wikipedia,8600,rounded,Wikimedia Analytics pageviews API (CC0)
ES,Spain,2026-08-25,5,La_Odisea_(película_de_2026),es.wikipedia,6000,rounded,Wikimedia Analytics pageviews API (CC0)
ES,Spain,2026-08-25,6,Jabaroot,es.wikipedia,5900,rounded,Wikimedia Analytics pageviews API (CC0)
ES,Spain,2026-08-25,7,La_amiga_estupenda,es.wikipedia,5700,rounded,Wikimedia Analytics pageviews API (CC0)
ES,Spain,2026-08-25,8,Ceuta,es.wikipedia,5700,rounded,Wikimedia Analytics pageviews API (CC0)
ES,Spain,2026-08-25,9,Serena_Williams,es.wikipedia,5500,rounded,Wikimedia Analytics pageviews API (CC0)
ES,Spain,2026-08-25,10,Margarita_Robles,es.wikipedia,4700,rounded,Wikimedia Analytics pageviews API (CC0)
ES,Spain,2026-08-25,11,Ricardo_Montaner,es.wikipedia,4600,rounded,Wikimedia Analytics pageviews API (CC0)
ES,Spain,2026-08-25,12,Camilo_(cantante),es.wikipedia,4600,rounded,Wikimedia Analytics pageviews API (CC0)
ES,Spain,2026-08-25,13,Ignacio_Aguado,es.wikipedia,4500,rounded,Wikimedia Analytics pageviews API (CC0)
ES,Spain,2026-08-25,14,Villarejo_de_Salvanés,es.wikipedia,4500,rounded,Wikimedia Analytics pageviews API (CC0)
ES,Spain,2026-08-25,15,El_ser_querido,es.wikipedia,4100,rounded,Wikimedia Analytics pageviews API (CC0)
ES,Spain,2026-08-25,16,Marisol,es.wikipedia,4000,rounded,Wikimedia Analytics pageviews API (CC0)
ES,Spain,2026-08-25,17,Carlos_Espí,es.wikipedia,4000,rounded,Wikimedia Analytics pageviews API (CC0)
ES,Spain,2026-08-25,18,Bandera_de_Europa,es.wikipedia,3900,rounded,Wikimedia Analytics pageviews API (CC0)
ES,Spain,2026-08-25,19,Joaquín_Guzmán_Loera,es.wikipedia,3700,rounded,Wikimedia Analytics pageviews API (CC0)
ES,Spain,2026-08-25,20,Bee_Gees,es.wikipedia,3600,rounded,Wikimedia Analytics pageviews API (CC0)
ES,Spain,2026-08-26,1,Dolly_Parton,es.wikipedia,80400,rounded,Wikimedia Analytics pageviews API (CC0)
ES,Spain,2026-08-26,2,Cookie_(informatique),fr.wikipedia,41700,rounded,Wikimedia Analytics pageviews API (CC0)
ES,Spain,2026-08-26,3,Tim_Curry,es.wikipedia,40700,rounded,Wikimedia Analytics pageviews API (CC0)
ES,Spain,2026-08-26,4,Dolly_Parton,en.wikipedia,17400,rounded,Wikimedia Analytics pageviews API (CC0)
ES,Spain,2026-08-26,5,Tim_Curry,en.wikipedia,10800,rounded,Wikimedia Analytics pageviews API (CC0)
ES,Spain,2026-08-26,6,Farmear_aura,es.wikipedia,10000,rounded,Wikimedia Analytics pageviews API (CC0)
ES,Spain,2026-08-26,7,El_ser_querido,es.wikipedia,7300,rounded,Wikimedia Analytics pageviews API (CC0)
ES,Spain,2026-08-26,8,Nepal,es.wikipedia,7100,rounded,Wikimedia Analytics pageviews API (CC0)
ES,Spain,2026-08-26,9,Naty_Abascal,es.wikipedia,7000,rounded,Wikimedia Analytics pageviews API (CC0)
ES,Spain,2026-08-26,10,Ceuta,es.wikipedia,7000,rounded,Wikimedia Analytics pageviews API (CC0)
ES,Spain,2026-08-26,11,ABBA,es.wikipedia,6700,rounded,Wikimedia Analytics pageviews API (CC0)
ES,Spain,2026-08-26,12,La_amiga_estupenda,es.wikipedia,6400,rounded,Wikimedia Analytics pageviews API (CC0)
ES,Spain,2026-08-26,13,La_Odisea_(película_de_2026),es.wikipedia,6100,rounded,Wikimedia Analytics pageviews API (CC0)
ES,Spain,2026-08-26,14,Carlos_Espí,es.wikipedia,5600,rounded,Wikimedia Analytics pageviews API (CC0)
ES,Spain,2026-08-26,15,Kyle_Singler,es.wikipedia,5600,rounded,Wikimedia Analytics pageviews API (CC0)
ES,Spain,2026-08-26,16,Yan_Diomande,es.wikipedia,5500,rounded,Wikimedia Analytics pageviews API (CC0)
ES,Spain,2026-08-26,17,Adama_Traoré_Diarra,es.wikipedia,5500,rounded,Wikimedia Analytics pageviews API (CC0)
ES,Spain,2026-08-26,18,Juan_Jesús_Vivas,es.wikipedia,5200,rounded,Wikimedia Analytics pageviews API (CC0)
ES,Spain,2026-08-26,19,Beatriz_Luengo,es.wikipedia,5100,rounded,Wikimedia Analytics pageviews API (CC0)
ES,Spain,2026-08-26,20,José_Mourinho,es.wikipedia,5000,rounded,Wikimedia Analytics pageviews API (CC0)
ES,Spain,2026-08-27,1,Johaneko_Louis-Jean,es.wikipedia,27500,rounded,Wikimedia Analytics pageviews API (CC0)
ES,Spain,2026-08-27,2,Tim_Curry,es.wikipedia,25900,rounded,Wikimedia Analytics pageviews API (CC0)
ES,Spain,2026-08-27,3,Dolly_Parton,es.wikipedia,22400,rounded,Wikimedia Analytics pageviews API (CC0)
ES,Spain,2026-08-27,4,Tesoro_de_Villena,es.wikipedia,20200,rounded,Wikimedia Analytics pageviews API (CC0)
ES,Spain,2026-08-27,5,Yayoi_Kusama,es.wikipedia,11000,rounded,Wikimedia Analytics pageviews API (CC0)
ES,Spain,2026-08-27,6,Ratko_Mladić,es.wikipedia,10600,rounded,Wikimedia Analytics pageviews API (CC0)
ES,Spain,2026-08-27,7,Farmear_aura,es.wikipedia,10300,rounded,Wikimedia Analytics pageviews API (CC0)
ES,Spain,2026-08-27,8,Nepal,es.wikipedia,9000,rounded,Wikimedia Analytics pageviews API (CC0)
ES,Spain,2026-08-27,9,Harald_V_de_Noruega,es.wikipedia,9000,rounded,Wikimedia Analytics pageviews API (CC0)
ES,Spain,2026-08-27,10,La_amiga_estupenda,es.wikipedia,8400,rounded,Wikimedia Analytics pageviews API (CC0)
ES,Spain,2026-08-27,11,Ceuta,es.wikipedia,8000,rounded,Wikimedia Analytics pageviews API (CC0)
ES,Spain,2026-08-27,12,Villena,es.wikipedia,7900,rounded,Wikimedia Analytics pageviews API (CC0)
ES,Spain,2026-08-27,13,María_Garralón,es.wikipedia,7100,rounded,Wikimedia Analytics pageviews API (CC0)
ES,Spain,2026-08-27,14,Edin_Terzić,es.wikipedia,7100,rounded,Wikimedia Analytics pageviews API (CC0)
ES,Spain,2026-08-27,15,Tim_Curry,en.wikipedia,6300,rounded,Wikimedia Analytics pageviews API (CC0)
ES,Spain,2026-08-27,16,Rodri_Hernández,es.wikipedia,6000,rounded,Wikimedia Analytics pageviews API (CC0)
ES,Spain,2026-08-27,17,El_ser_querido,es.wikipedia,5700,rounded,Wikimedia Analytics pageviews API (CC0)
ES,Spain,2026-08-27,18,Enric_Mas,es.wikipedia,5600,rounded,Wikimedia Analytics pageviews API (CC0)
ES,Spain,2026-08-27,19,Juan_Jesús_Vivas,es.wikipedia,5500,rounded,Wikimedia Analytics pageviews API (CC0)
ES,Spain,2026-08-27,20,Liga_de_Campeones_de_la_UEFA_2026-27,es.wikipedia,5400,rounded,Wikimedia Analytics pageviews API (CC0)
ES,Spain,2026-08-28,1,Harald_V_de_Noruega,es.wikipedia,51800,rounded,Wikimedia Analytics pageviews API (CC0)
ES,Spain,2026-08-28,2,Mette-Marit_de_Noruega,es.wikipedia,21400,rounded,Wikimedia Analytics pageviews API (CC0)
ES,Spain,2026-08-28,3,Sonia_de_Noruega,es.wikipedia,20100,rounded,Wikimedia Analytics pageviews API (CC0)
ES,Spain,2026-08-28,4,Álvaro_Morata,es.wikipedia,19200,rounded,Wikimedia Analytics pageviews API (CC0)
ES,Spain,2026-08-28,5,Haakon_VIII_de_Noruega,es.wikipedia,18000,rounded,Wikimedia Analytics pageviews API (CC0)
ES,Spain,2026-08-28,6,Ingrid_Alexandra_de_Noruega,es.wikipedia,15700,rounded,Wikimedia Analytics pageviews API (CC0)
ES,Spain,2026-08-28,7,Haakon_Magnus_de_Noruega,es.wikipedia,13900,rounded,Wikimedia Analytics pageviews API (CC0)
ES,Spain,2026-08-28,8,Yassir_Zabiri,es.wikipedia,13700,rounded,Wikimedia Analytics pageviews API (CC0)
ES,Spain,2026-08-28,9,Astrid_Gil-Casares,es.wikipedia,13200,rounded,Wikimedia Analytics pageviews API (CC0)
ES,Spain,2026-08-28,10,Olaf_V_de_Noruega,es.wikipedia,12500,rounded,Wikimedia Analytics pageviews API (CC0)
ES,Spain,2026-08-28,11,Farmear_aura,es.wikipedia,11700,rounded,Wikimedia Analytics pageviews API (CC0)
ES,Spain,2026-08-28,12,Marta_Luisa_de_Noruega,es.wikipedia,11500,rounded,Wikimedia Analytics pageviews API (CC0)
ES,Spain,2026-08-28,13,Sverre_Magnus_de_Noruega,es.wikipedia,10000,rounded,Wikimedia Analytics pageviews API (CC0)
ES,Spain,2026-08-28,14,Dolly_Parton,es.wikipedia,10000,rounded,Wikimedia Analytics pageviews API (CC0)
ES,Spain,2026-08-28,15,Ratko_Mladić,es.wikipedia,9800,rounded,Wikimedia Analytics pageviews API (CC0)
ES,Spain,2026-08-28,16,Rozalén,es.wikipedia,9200,rounded,Wikimedia Analytics pageviews API (CC0)
ES,Spain,2026-08-28,17,Tesoro_de_Villena,es.wikipedia,8400,rounded,Wikimedia Analytics pageviews API (CC0)
ES,Spain,2026-08-28,18,La_amiga_estupenda,es.wikipedia,8000,rounded,Wikimedia Analytics pageviews API (CC0)
ES,Spain,2026-08-28,19,Ceuta,es.wikipedia,7400,rounded,Wikimedia Analytics pageviews API (CC0)
ES,Spain,2026-08-28,20,Kissy_Chandiramani,es.wikipedia,7300,rounded,Wikimedia Analytics pageviews API (CC0)
ES,Spain,2026-08-29,1,La_amiga_estupenda,es.wikipedia,21400,rounded,Wikimedia Analytics pageviews API (CC0)
ES,Spain,2026-08-29,2,Álvaro_Morata,es.wikipedia,19200,rounded,Wikimedia Analytics pageviews API (CC0)
ES,Spain,2026-08-29,3,Harald_V_de_Noruega,es.wikipedia,17900,rounded,Wikimedia Analytics pageviews API (CC0)
ES,Spain,2026-08-29,4,Carlos_Espinosa_de_los_Monteros_y_Bernaldo_de_Quirós,es.wikipedia,13100,rounded,Wikimedia Analytics pageviews API (CC0)
ES,Spain,2026-08-29,5,Farmear_aura,es.wikipedia,10300,rounded,Wikimedia Analytics pageviews API (CC0)
ES,Spain,2026-08-29,6,Mette-Marit_de_Noruega,es.wikipedia,9900,rounded,Wikimedia Analytics pageviews API (CC0)
ES,Spain,2026-08-29,7,Haakon_VIII_de_Noruega,es.wikipedia,9800,rounded,Wikimedia Analytics pageviews API (CC0)
ES,Spain,2026-08-29,8,Sonia_de_Noruega,es.wikipedia,9200,rounded,Wikimedia Analytics pageviews API (CC0)
ES,Spain,2026-08-29,9,Marcos_de_Quinto,es.wikipedia,8400,rounded,Wikimedia Analytics pageviews API (CC0)
ES,Spain,2026-08-29,10,Ingrid_Alexandra_de_Noruega,es.wikipedia,8000,rounded,Wikimedia Analytics pageviews API (CC0)
ES,Spain,2026-08-29,11,Tadej_Pogačar,es.wikipedia,7900,rounded,Wikimedia Analytics pageviews API (CC0)
ES,Spain,2026-08-29,12,El_ser_querido,es.wikipedia,6700,rounded,Wikimedia Analytics pageviews API (CC0)
ES,Spain,2026-08-29,13,Dolly_Parton,es.wikipedia,6600,rounded,Wikimedia Analytics pageviews API (CC0)
ES,Spain,2026-08-29,14,Marta_Luisa_de_Noruega,es.wikipedia,5700,rounded,Wikimedia Analytics pageviews API (CC0)
ES,Spain,2026-08-29,15,La_amiga_estupenda_(novela),es.wikipedia,5400,rounded,Wikimedia Analytics pageviews API (CC0)
ES,Spain,2026-08-29,16,José_Luis_Manzano_(actor),es.wikipedia,5200,rounded,Wikimedia Analytics pageviews API (CC0)
ES,Spain,2026-08-29,17,La_Odisea_(película_de_2026),es.wikipedia,5100,rounded,Wikimedia Analytics pageviews API (CC0)
ES,Spain,2026-08-29,18,Sverre_Magnus_de_Noruega,es.wikipedia,5100,rounded,Wikimedia Analytics pageviews API (CC0)
ES,Spain,2026-08-29,19,Olaf_V_de_Noruega,es.wikipedia,5000,rounded,Wikimedia Analytics pageviews API (CC0)
ES,Spain,2026-08-29,20,Henri_Charrière,es.wikipedia,5000,rounded,Wikimedia Analytics pageviews API (CC0)
ES,Spain,2026-08-30,1,Gabriel_Jesus,es.wikipedia,54400,rounded,Wikimedia Analytics pageviews API (CC0)
ES,Spain,2026-08-30,2,Kraven_the_Hunter_(película),es.wikipedia,14400,rounded,Wikimedia Analytics pageviews API (CC0)
ES,Spain,2026-08-30,3,Enric_Mas,es.wikipedia,14000,rounded,Wikimedia Analytics pageviews API (CC0)
ES,Spain,2026-08-30,4,Pierre-Emerick_Aubameyang,es.wikipedia,12000,rounded,Wikimedia Analytics pageviews API (CC0)
ES,Spain,2026-08-30,5,Carlos_Espinosa_de_los_Monteros_y_Bernaldo_de_Quirós,es.wikipedia,9800,rounded,Wikimedia Analytics pageviews API (CC0)
ES,Spain,2026-08-30,6,Ester_Expósito,es.wikipedia,9500,rounded,Wikimedia Analytics pageviews API (CC0)
ES,Spain,2026-08-30,7,Farmear_aura,es.wikipedia,9400,rounded,Wikimedia Analytics pageviews API (CC0)
ES,Spain,2026-08-30,8,David_Galán,es.wikipedia,9400,rounded,Wikimedia Analytics pageviews API (CC0)
ES,Spain,2026-08-30,9,Harald_V_de_Noruega,es.wikipedia,8100,rounded,Wikimedia Analytics pageviews API (CC0)
ES,Spain,2026-08-30,10,Sierra_de_Aitana,es.wikipedia,8000,rounded,Wikimedia Analytics pageviews API (CC0)
ES,Spain,2026-08-30,11,Islandia,es.wikipedia,6900,rounded,Wikimedia Analytics pageviews API (CC0)
ES,Spain,2026-08-30,12,Mette-Marit_de_Noruega,es.wikipedia,6900,rounded,Wikimedia Analytics pageviews API (CC0)
ES,Spain,2026-08-30,13,Tadej_Pogačar,es.wikipedia,6800,rounded,Wikimedia Analytics pageviews API (CC0)
ES,Spain,2026-08-30,14,Antonio_José_Galán,es.wikipedia,6700,rounded,Wikimedia Analytics pageviews API (CC0)
ES,Spain,2026-08-30,15,La_Séptima,es.wikipedia,6700,rounded,Wikimedia Analytics pageviews API (CC0)
ES,Spain,2026-08-30,16,El_ser_querido,es.wikipedia,6300,rounded,Wikimedia Analytics pageviews API (CC0)
ES,Spain,2026-08-30,17,La_amiga_estupenda,es.wikipedia,6000,rounded,Wikimedia Analytics pageviews API (CC0)
ES,Spain,2026-08-30,18,Out_of_Africa,es.wikipedia,5800,rounded,Wikimedia Analytics pageviews API (CC0)
ES,Spain,2026-08-30,19,Claudio_Biern_Boyd,es.wikipedia,5700,rounded,Wikimedia Analytics pageviews API (CC0)
ES,Spain,2026-08-30,20,Haakon_VIII_de_Noruega,es.wikipedia,5700,rounded,Wikimedia Analytics pageviews API (CC0)
ID,Indonesia,2026-08-24,1,Bokeh_(film),en.wikipedia,12500,rounded,Wikimedia Analytics pageviews API (CC0)
ID,Indonesia,2026-08-24,2,Maulid_Nabi_Muhammad,id.wikipedia,9200,rounded,Wikimedia Analytics pageviews API (CC0)
ID,Indonesia,2026-08-24,3,DuckDuckGo,en.wikipedia,3800,rounded,Wikimedia Analytics pageviews API (CC0)
ID,Indonesia,2026-08-24,4,ChatGPT,en.wikipedia,3400,rounded,Wikimedia Analytics pageviews API (CC0)
ID,Indonesia,2026-08-24,5,Andi_Syamsuddin_Arsyad,id.wikipedia,2700,rounded,Wikimedia Analytics pageviews API (CC0)
ID,Indonesia,2026-08-24,6,Ghost_in_the_Cell,id.wikipedia,2700,rounded,Wikimedia Analytics pageviews API (CC0)
ID,Indonesia,2026-08-24,7,Insidious:_Out_of_the_Further,en.wikipedia,2500,rounded,Wikimedia Analytics pageviews API (CC0)
ID,Indonesia,2026-08-24,8,Alphadjo_Cissè,en.wikipedia,2100,rounded,Wikimedia Analytics pageviews API (CC0)
ID,Indonesia,2026-08-24,9,Video_viral,id.wikipedia,2000,rounded,Wikimedia Analytics pageviews API (CC0)
ID,Indonesia,2026-08-24,10,Hong_Kong,id.wikipedia,2000,rounded,Wikimedia Analytics pageviews API (CC0)
ID,Indonesia,2026-08-24,11,Agustiar_Sabran,id.wikipedia,1900,rounded,Wikimedia Analytics pageviews API (CC0)
ID,Indonesia,2026-08-24,12,Spider-Man:_Brand_New_Day,en.wikipedia,1900,rounded,Wikimedia Analytics pageviews API (CC0)
ID,Indonesia,2026-08-24,13,2026_AVC_Women's_Volleyball_Continental_Championship,en.wikipedia,1900,rounded,Wikimedia Analytics pageviews API (CC0)
ID,Indonesia,2026-08-24,14,Yandex,en.wikipedia,1900,rounded,Wikimedia Analytics pageviews API (CC0)
ID,Indonesia,2026-08-24,15,XXX_(2002_film),en.wikipedia,1800,rounded,Wikimedia Analytics pageviews API (CC0)
ID,Indonesia,2026-08-24,16,Indonesia,id.wikipedia,1800,rounded,Wikimedia Analytics pageviews API (CC0)
ID,Indonesia,2026-08-24,17,Jepang,id.wikipedia,1600,rounded,Wikimedia Analytics pageviews API (CC0)
ID,Indonesia,2026-08-24,18,Tunggu_Aku_Sukses_Nanti,id.wikipedia,1500,rounded,Wikimedia Analytics pageviews API (CC0)
ID,Indonesia,2026-08-24,19,Prabowo_Subianto,id.wikipedia,1500,rounded,Wikimedia Analytics pageviews API (CC0)
ID,Indonesia,2026-08-24,20,Inna_lillahi_wa_inna_ilaihi_raji'un,id.wikipedia,1500,rounded,Wikimedia Analytics pageviews API (CC0)
ID,Indonesia,2026-08-25,1,Bokeh_(film),en.wikipedia,11400,rounded,Wikimedia Analytics pageviews API (CC0)
ID,Indonesia,2026-08-25,2,Maulid_Nabi_Muhammad,id.wikipedia,7600,rounded,Wikimedia Analytics pageviews API (CC0)
ID,Indonesia,2026-08-25,3,Ikan_sabuk,id.wikipedia,4200,rounded,Wikimedia Analytics pageviews API (CC0)
ID,Indonesia,2026-08-25,4,Revaldo,id.wikipedia,3800,rounded,Wikimedia Analytics pageviews API (CC0)
ID,Indonesia,2026-08-25,5,Dolly_Parton,en.wikipedia,3100,rounded,Wikimedia Analytics pageviews API (CC0)
ID,Indonesia,2026-08-25,6,DuckDuckGo,en.wikipedia,3100,rounded,Wikimedia Analytics pageviews API (CC0)
ID,Indonesia,2026-08-25,7,Ghost_in_the_Cell,id.wikipedia,2800,rounded,Wikimedia Analytics pageviews API (CC0)
ID,Indonesia,2026-08-25,8,ChatGPT,en.wikipedia,2700,rounded,Wikimedia Analytics pageviews API (CC0)
ID,Indonesia,2026-08-25,9,Search_engine,en.wikipedia,2600,rounded,Wikimedia Analytics pageviews API (CC0)
ID,Indonesia,2026-08-25,10,D'Academy_(musim_8),id.wikipedia,2500,rounded,Wikimedia Analytics pageviews API (CC0)
ID,Indonesia,2026-08-25,11,Insidious:_Out_of_the_Further,en.wikipedia,2500,rounded,Wikimedia Analytics pageviews API (CC0)
ID,Indonesia,2026-08-25,12,Syamsir_Siregar,id.wikipedia,2500,rounded,Wikimedia Analytics pageviews API (CC0)
ID,Indonesia,2026-08-25,13,1_Kakak_7_Ponakan_(film),id.wikipedia,2300,rounded,Wikimedia Analytics pageviews API (CC0)
ID,Indonesia,2026-08-25,14,2026_AVC_Women's_Volleyball_Continental_Championship,en.wikipedia,2200,rounded,Wikimedia Analytics pageviews API (CC0)
ID,Indonesia,2026-08-25,15,Yandex,en.wikipedia,2100,rounded,Wikimedia Analytics pageviews API (CC0)
ID,Indonesia,2026-08-25,16,Video_viral,id.wikipedia,2000,rounded,Wikimedia Analytics pageviews API (CC0)
ID,Indonesia,2026-08-25,17,Spider-Man:_Brand_New_Day,en.wikipedia,1900,rounded,Wikimedia Analytics pageviews API (CC0)
ID,Indonesia,2026-08-25,18,Budi_Arie_Setiadi,id.wikipedia,1800,rounded,Wikimedia Analytics pageviews API (CC0)
ID,Indonesia,2026-08-25,19,Na_Willa,id.wikipedia,1700,rounded,Wikimedia Analytics pageviews API (CC0)
ID,Indonesia,2026-08-25,20,Indonesia,id.wikipedia,1700,rounded,Wikimedia Analytics pageviews API (CC0)
ID,Indonesia,2026-08-26,1,Bokeh_(film),en.wikipedia,14400,rounded,Wikimedia Analytics pageviews API (CC0)
ID,Indonesia,2026-08-26,2,Dolly_Parton,en.wikipedia,11900,rounded,Wikimedia Analytics pageviews API (CC0)
ID,Indonesia,2026-08-26,3,2026_AVC_Women's_Volleyball_Continental_Championship,en.wikipedia,6000,rounded,Wikimedia Analytics pageviews API (CC0)
ID,Indonesia,2026-08-26,4,Revaldo,id.wikipedia,4500,rounded,Wikimedia Analytics pageviews API (CC0)
ID,Indonesia,2026-08-26,5,Ikan_sabuk,id.wikipedia,4000,rounded,Wikimedia Analytics pageviews API (CC0)
ID,Indonesia,2026-08-26,6,ChatGPT,en.wikipedia,3800,rounded,Wikimedia Analytics pageviews API (CC0)
ID,Indonesia,2026-08-26,7,Budi_Arie_Setiadi,id.wikipedia,3300,rounded,Wikimedia Analytics pageviews API (CC0)
ID,Indonesia,2026-08-26,8,Dolly_Parton,id.wikipedia,3000,rounded,Wikimedia Analytics pageviews API (CC0)
ID,Indonesia,2026-08-26,9,D'Academy_(musim_8),id.wikipedia,2900,rounded,Wikimedia Analytics pageviews API (CC0)
ID,Indonesia,2026-08-26,10,2026–27_UEFA_Champions_League,en.wikipedia,2500,rounded,Wikimedia Analytics pageviews API (CC0)
ID,Indonesia,2026-08-26,11,Ghost_in_the_Cell,id.wikipedia,2400,rounded,Wikimedia Analytics pageviews API (CC0)
ID,Indonesia,2026-08-26,12,DuckDuckGo,en.wikipedia,2400,rounded,Wikimedia Analytics pageviews API (CC0)
ID,Indonesia,2026-08-26,13,Tim_Curry,en.wikipedia,2300,rounded,Wikimedia Analytics pageviews API (CC0)
ID,Indonesia,2026-08-26,14,Sabah_FK_(Azerbaijan),en.wikipedia,1900,rounded,Wikimedia Analytics pageviews API (CC0)
ID,Indonesia,2026-08-26,15,Yandex,en.wikipedia,1900,rounded,Wikimedia Analytics pageviews API (CC0)
ID,Indonesia,2026-08-26,16,Video_viral,id.wikipedia,1900,rounded,Wikimedia Analytics pageviews API (CC0)
ID,Indonesia,2026-08-26,17,Maulid_Nabi_Muhammad,id.wikipedia,1800,rounded,Wikimedia Analytics pageviews API (CC0)
ID,Indonesia,2026-08-26,18,Indonesia,id.wikipedia,1800,rounded,Wikimedia Analytics pageviews API (CC0)
ID,Indonesia,2026-08-26,19,Soekarno,id.wikipedia,1600,rounded,Wikimedia Analytics pageviews API (CC0)
ID,Indonesia,2026-08-26,20,Hong_Kong,id.wikipedia,1600,rounded,Wikimedia Analytics pageviews API (CC0)
ID,Indonesia,2026-08-27,1,Bokeh_(film),en.wikipedia,13300,rounded,Wikimedia Analytics pageviews API (CC0)
ID,Indonesia,2026-08-27,2,Nepal,id.wikipedia,5900,rounded,Wikimedia Analytics pageviews API (CC0)
ID,Indonesia,2026-08-27,3,Dolly_Parton,en.wikipedia,4300,rounded,Wikimedia Analytics pageviews API (CC0)
ID,Indonesia,2026-08-27,4,Tim_Curry,en.wikipedia,3900,rounded,Wikimedia Analytics pageviews API (CC0)
ID,Indonesia,2026-08-27,5,ChatGPT,en.wikipedia,3800,rounded,Wikimedia Analytics pageviews API (CC0)
ID,Indonesia,2026-08-27,6,2026–27_UEFA_Champions_League,en.wikipedia,3700,rounded,Wikimedia Analytics pageviews API (CC0)
ID,Indonesia,2026-08-27,7,2026_Nepal_floods,en.wikipedia,3200,rounded,Wikimedia Analytics pageviews API (CC0)
ID,Indonesia,2026-08-27,8,DuckDuckGo,en.wikipedia,3200,rounded,Wikimedia Analytics pageviews API (CC0)
ID,Indonesia,2026-08-27,9,D'Academy_(musim_8),id.wikipedia,2800,rounded,Wikimedia Analytics pageviews API (CC0)
ID,Indonesia,2026-08-27,10,wiki.phtml,hr.wikipedia,2800,rounded,Wikimedia Analytics pageviews API (CC0)
ID,Indonesia,2026-08-27,11,2026_AVC_Women's_Volleyball_Continental_Championship,en.wikipedia,2500,rounded,Wikimedia Analytics pageviews API (CC0)
ID,Indonesia,2026-08-27,12,Search_engine,en.wikipedia,2400,rounded,Wikimedia Analytics pageviews API (CC0)
ID,Indonesia,2026-08-27,13,Sufmi_Dasco_Ahmad,id.wikipedia,2400,rounded,Wikimedia Analytics pageviews API (CC0)
ID,Indonesia,2026-08-27,14,Video_viral,id.wikipedia,2100,rounded,Wikimedia Analytics pageviews API (CC0)
ID,Indonesia,2026-08-27,15,Agustiar_Sabran,id.wikipedia,2100,rounded,Wikimedia Analytics pageviews API (CC0)
ID,Indonesia,2026-08-27,16,Destry_Damayanti,id.wikipedia,2100,rounded,Wikimedia Analytics pageviews API (CC0)
ID,Indonesia,2026-08-27,17,Peter_Cullen,en.wikipedia,2100,rounded,Wikimedia Analytics pageviews API (CC0)
ID,Indonesia,2026-08-27,18,Ghost_in_the_Cell,id.wikipedia,1800,rounded,Wikimedia Analytics pageviews API (CC0)
ID,Indonesia,2026-08-27,19,Sugianto_Sabran,id.wikipedia,1800,rounded,Wikimedia Analytics pageviews API (CC0)
ID,Indonesia,2026-08-27,20,Budi_Arie_Setiadi,id.wikipedia,1700,rounded,Wikimedia Analytics pageviews API (CC0)
ID,Indonesia,2026-08-28,1,Bokeh_(film),en.wikipedia,11400,rounded,Wikimedia Analytics pageviews API (CC0)
ID,Indonesia,2026-08-28,2,Nepal,id.wikipedia,5800,rounded,Wikimedia Analytics pageviews API (CC0)
ID,Indonesia,2026-08-28,3,Harald_V,en.wikipedia,5600,rounded,Wikimedia Analytics pageviews API (CC0)
ID,Indonesia,2026-08-28,4,DuckDuckGo,en.wikipedia,3500,rounded,Wikimedia Analytics pageviews API (CC0)
ID,Indonesia,2026-08-28,5,D'Academy_(musim_8),id.wikipedia,3200,rounded,Wikimedia Analytics pageviews API (CC0)
ID,Indonesia,2026-08-28,6,2026–27_UEFA_Champions_League,en.wikipedia,3000,rounded,Wikimedia Analytics pageviews API (CC0)
ID,Indonesia,2026-08-28,7,Haakon_VIII,en.wikipedia,2700,rounded,Wikimedia Analytics pageviews API (CC0)
ID,Indonesia,2026-08-28,8,Destry_Damayanti,id.wikipedia,2400,rounded,Wikimedia Analytics pageviews API (CC0)
ID,Indonesia,2026-08-28,9,Peter_Cullen,en.wikipedia,2400,rounded,Wikimedia Analytics pageviews API (CC0)
ID,Indonesia,2026-08-28,10,Agustiar_Sabran,id.wikipedia,2300,rounded,Wikimedia Analytics pageviews API (CC0)
ID,Indonesia,2026-08-28,11,2026_Nepal_floods,en.wikipedia,2200,rounded,Wikimedia Analytics pageviews API (CC0)
ID,Indonesia,2026-08-28,12,Dolly_Parton,en.wikipedia,2200,rounded,Wikimedia Analytics pageviews API (CC0)
ID,Indonesia,2026-08-28,13,Video_viral,id.wikipedia,2200,rounded,Wikimedia Analytics pageviews API (CC0)
ID,Indonesia,2026-08-28,14,2026_AVC_Women's_Volleyball_Continental_Championship,en.wikipedia,2200,rounded,Wikimedia Analytics pageviews API (CC0)
ID,Indonesia,2026-08-28,15,Sabah_FK_(Azerbaijan),en.wikipedia,2100,rounded,Wikimedia Analytics pageviews API (CC0)
ID,Indonesia,2026-08-28,16,Sugianto_Sabran,id.wikipedia,2000,rounded,Wikimedia Analytics pageviews API (CC0)
ID,Indonesia,2026-08-28,17,Dave_Hendrik,id.wikipedia,2000,rounded,Wikimedia Analytics pageviews API (CC0)
ID,Indonesia,2026-08-28,18,"Ingrid_Alexandra,_Crown_Princess_of_Norway",en.wikipedia,2000,rounded,Wikimedia Analytics pageviews API (CC0)
ID,Indonesia,2026-08-28,19,Dilan:_ITB_1997,id.wikipedia,1900,rounded,Wikimedia Analytics pageviews API (CC0)
ID,Indonesia,2026-08-28,20,Hong_Kong,id.wikipedia,1900,rounded,Wikimedia Analytics pageviews API (CC0)
ID,Indonesia,2026-08-29,1,Bokeh_(film),en.wikipedia,8800,rounded,Wikimedia Analytics pageviews API (CC0)
ID,Indonesia,2026-08-29,2,Nepal,id.wikipedia,4500,rounded,Wikimedia Analytics pageviews API (CC0)
ID,Indonesia,2026-08-29,3,Harald_V,en.wikipedia,2900,rounded,Wikimedia Analytics pageviews API (CC0)
ID,Indonesia,2026-08-29,4,Hong_Kong,id.wikipedia,2800,rounded,Wikimedia Analytics pageviews API (CC0)
ID,Indonesia,2026-08-29,5,DuckDuckGo,en.wikipedia,2600,rounded,Wikimedia Analytics pageviews API (CC0)
ID,Indonesia,2026-08-29,6,Hercules_(gangster),id.wikipedia,2600,rounded,Wikimedia Analytics pageviews API (CC0)
ID,Indonesia,2026-08-29,7,Haakon_VIII,en.wikipedia,2600,rounded,Wikimedia Analytics pageviews API (CC0)
ID,Indonesia,2026-08-29,8,Brisbane_Roar_FC,id.wikipedia,2500,rounded,Wikimedia Analytics pageviews API (CC0)
ID,Indonesia,2026-08-29,9,Umar_Nurmagomedov,en.wikipedia,2500,rounded,Wikimedia Analytics pageviews API (CC0)
ID,Indonesia,2026-08-29,10,Dilan:_ITB_1997,id.wikipedia,2200,rounded,Wikimedia Analytics pageviews API (CC0)
ID,Indonesia,2026-08-29,11,Abdul_Hakim_Mahfudz,id.wikipedia,2000,rounded,Wikimedia Analytics pageviews API (CC0)
ID,Indonesia,2026-08-29,12,Agustiar_Sabran,id.wikipedia,2000,rounded,Wikimedia Analytics pageviews API (CC0)
ID,Indonesia,2026-08-29,13,Video_viral,id.wikipedia,1900,rounded,Wikimedia Analytics pageviews API (CC0)
ID,Indonesia,2026-08-29,14,"Víctor_Muñoz_(pemain_sepak_bola,_lahir_2003)",id.wikipedia,1800,rounded,Wikimedia Analytics pageviews API (CC0)
ID,Indonesia,2026-08-29,15,Muhammad_Yusuf_Chudlori,id.wikipedia,1800,rounded,Wikimedia Analytics pageviews API (CC0)
ID,Indonesia,2026-08-29,16,The_Early_Spring,en.wikipedia,1800,rounded,Wikimedia Analytics pageviews API (CC0)
ID,Indonesia,2026-08-29,17,Song_Yadong,en.wikipedia,1800,rounded,Wikimedia Analytics pageviews API (CC0)
ID,Indonesia,2026-08-29,18,Insidious:_Out_of_the_Further,en.wikipedia,1800,rounded,Wikimedia Analytics pageviews API (CC0)
ID,Indonesia,2026-08-29,19,Ghost_in_the_Cell,id.wikipedia,1700,rounded,Wikimedia Analytics pageviews API (CC0)
ID,Indonesia,2026-08-29,20,2026_Nepal_floods,en.wikipedia,1600,rounded,Wikimedia Analytics pageviews API (CC0)
ID,Indonesia,2026-08-30,1,Abdul_Hakim_Mahfudz,id.wikipedia,6900,rounded,Wikimedia Analytics pageviews API (CC0)
ID,Indonesia,2026-08-30,2,Bokeh_(film),en.wikipedia,6400,rounded,Wikimedia Analytics pageviews API (CC0)
ID,Indonesia,2026-08-30,3,Miftachul_Akhyar,id.wikipedia,6200,rounded,Wikimedia Analytics pageviews API (CC0)
ID,Indonesia,2026-08-30,4,Daftar_Ketua_Umum_Pengurus_Besar_Nahdlatul_Ulama,id.wikipedia,5500,rounded,Wikimedia Analytics pageviews API (CC0)
ID,Indonesia,2026-08-30,5,Muhammad_Yusuf_Chudlori,id.wikipedia,4900,rounded,Wikimedia Analytics pageviews API (CC0)
ID,Indonesia,2026-08-30,6,Nepal,id.wikipedia,3400,rounded,Wikimedia Analytics pageviews API (CC0)
ID,Indonesia,2026-08-30,7,Yandex,en.wikipedia,3000,rounded,Wikimedia Analytics pageviews API (CC0)
ID,Indonesia,2026-08-30,8,DuckDuckGo,en.wikipedia,3000,rounded,Wikimedia Analytics pageviews API (CC0)
ID,Indonesia,2026-08-30,9,Hong_Kong,id.wikipedia,2700,rounded,Wikimedia Analytics pageviews API (CC0)
ID,Indonesia,2026-08-30,10,Hercules_(gangster),id.wikipedia,2600,rounded,Wikimedia Analytics pageviews API (CC0)
ID,Indonesia,2026-08-30,11,Emiliano_Martínez,en.wikipedia,2300,rounded,Wikimedia Analytics pageviews API (CC0)
ID,Indonesia,2026-08-30,12,Gabriel_Jesus,en.wikipedia,2100,rounded,Wikimedia Analytics pageviews API (CC0)
ID,Indonesia,2026-08-30,13,The_Early_Spring,en.wikipedia,2000,rounded,Wikimedia Analytics pageviews API (CC0)
ID,Indonesia,2026-08-30,14,Yahya_Cholil_Staquf,id.wikipedia,2000,rounded,Wikimedia Analytics pageviews API (CC0)
ID,Indonesia,2026-08-30,15,Gabriel_Jesus,id.wikipedia,2000,rounded,Wikimedia Analytics pageviews API (CC0)
ID,Indonesia,2026-08-30,16,2026_AVC_Women's_Volleyball_Continental_Championship,en.wikipedia,2000,rounded,Wikimedia Analytics pageviews API (CC0)
ID,Indonesia,2026-08-30,17,Umar_Nurmagomedov,en.wikipedia,1900,rounded,Wikimedia Analytics pageviews API (CC0)
ID,Indonesia,2026-08-30,18,Abdul_Ghaffar_Rozin,id.wikipedia,1800,rounded,Wikimedia Analytics pageviews API (CC0)
ID,Indonesia,2026-08-30,19,Dilan:_ITB_1997,id.wikipedia,1800,rounded,Wikimedia Analytics pageviews API (CC0)
ID,Indonesia,2026-08-30,20,Chelsea_F.C.,en.wikipedia,1700,rounded,Wikimedia Analytics pageviews API (CC0)
NG,Nigeria,2026-08-24,1,Taiwo_Hassan,en.wikipedia,7500,rounded,Wikimedia Analytics pageviews API (CC0)
NG,Nigeria,2026-08-25,1,Dolly_Parton,en.wikipedia,15100,rounded,Wikimedia Analytics pageviews API (CC0)
NG,Nigeria,2026-08-25,2,Taiwo_Hassan,en.wikipedia,2100,rounded,Wikimedia Analytics pageviews API (CC0)
NG,Nigeria,2026-08-25,3,Carlos_Baleba,en.wikipedia,1500,rounded,Wikimedia Analytics pageviews API (CC0)
NG,Nigeria,2026-08-26,1,Dolly_Parton,en.wikipedia,20500,rounded,Wikimedia Analytics pageviews API (CC0)
NG,Nigeria,2026-08-26,2,Tim_Curry,en.wikipedia,1500,rounded,Wikimedia Analytics pageviews API (CC0)
NG,Nigeria,2026-08-27,1,Dolly_Parton,en.wikipedia,6500,rounded,Wikimedia Analytics pageviews API (CC0)
NG,Nigeria,2026-08-28,1,.xyz,en.wikipedia,4500,rounded,Wikimedia Analytics pageviews API (CC0)
NG,Nigeria,2026-08-28,2,Dolly_Parton,en.wikipedia,2600,rounded,Wikimedia Analytics pageviews API (CC0)
NG,Nigeria,2026-08-28,3,Emiliano_Martínez,en.wikipedia,1300,rounded,Wikimedia Analytics pageviews API (CC0)
NG,Nigeria,2026-08-29,1,Dolly_Parton,en.wikipedia,1600,rounded,Wikimedia Analytics pageviews API (CC0)
NG,Nigeria,2026-08-29,2,.xyz,en.wikipedia,1300,rounded,Wikimedia Analytics pageviews API (CC0)
NG,Nigeria,2026-08-30,1,Emiliano_Martínez,en.wikipedia,2100,rounded,Wikimedia Analytics pageviews API (CC0)
NG,Nigeria,2026-08-30,2,Gabriel_Jesus,en.wikipedia,2100,rounded,Wikimedia Analytics pageviews API (CC0)
NG,Nigeria,2026-08-30,3,Malick_Yalcouyé,en.wikipedia,1900,rounded,Wikimedia Analytics pageviews API (CC0)
ZA,South Africa,2026-08-24,1,Nelson_Mandela,en.wikipedia,1600,rounded,Wikimedia Analytics pageviews API (CC0)
ZA,South Africa,2026-08-24,2,Zolani_Tete,en.wikipedia,1600,rounded,Wikimedia Analytics pageviews API (CC0)
ZA,South Africa,2026-08-24,3,Spider-Man:_Brand_New_Day,en.wikipedia,1400,rounded,Wikimedia Analytics pageviews API (CC0)
ZA,South Africa,2026-08-24,4,Al-Khaldiya_SC,en.wikipedia,1200,rounded,Wikimedia Analytics pageviews API (CC0)
ZA,South Africa,2026-08-25,1,Dolly_Parton,en.wikipedia,38800,rounded,Wikimedia Analytics pageviews API (CC0)
ZA,South Africa,2026-08-25,2,Nelson_Mandela,en.wikipedia,1700,rounded,Wikimedia Analytics pageviews API (CC0)
ZA,South Africa,2026-08-25,3,Patrick_Maswanganyi,en.wikipedia,1400,rounded,Wikimedia Analytics pageviews API (CC0)
ZA,South Africa,2026-08-25,4,Cat_Matlala,en.wikipedia,1300,rounded,Wikimedia Analytics pageviews API (CC0)
ZA,South Africa,2026-08-25,5,Jothan_Msibi,en.wikipedia,1300,rounded,Wikimedia Analytics pageviews API (CC0)
ZA,South Africa,2026-08-26,1,Dolly_Parton,en.wikipedia,38200,rounded,Wikimedia Analytics pageviews API (CC0)
ZA,South Africa,2026-08-26,2,Tim_Curry,en.wikipedia,10200,rounded,Wikimedia Analytics pageviews API (CC0)
ZA,South Africa,2026-08-26,3,Search,ja.wikipedia,1700,rounded,Wikimedia Analytics pageviews API (CC0)
ZA,South Africa,2026-08-26,4,Nelson_Mandela,en.wikipedia,1600,rounded,Wikimedia Analytics pageviews API (CC0)
ZA,South Africa,2026-08-26,5,Cat_Matlala,en.wikipedia,1600,rounded,Wikimedia Analytics pageviews API (CC0)
ZA,South Africa,2026-08-26,6,Stella_Parton,en.wikipedia,1200,rounded,Wikimedia Analytics pageviews API (CC0)
ZA,South Africa,2026-08-26,7,wiki.phtml,sr.wikipedia,1200,rounded,Wikimedia Analytics pageviews API (CC0)
ZA,South Africa,2026-08-26,8,Rachel_Parton_George,en.wikipedia,1200,rounded,Wikimedia Analytics pageviews API (CC0)
ZA,South Africa,2026-08-27,1,Dolly_Parton,en.wikipedia,9600,rounded,Wikimedia Analytics pageviews API (CC0)
ZA,South Africa,2026-08-27,2,Tim_Curry,en.wikipedia,7600,rounded,Wikimedia Analytics pageviews API (CC0)
ZA,South Africa,2026-08-27,3,Peter_Cullen,en.wikipedia,2900,rounded,Wikimedia Analytics pageviews API (CC0)
ZA,South Africa,2026-08-27,4,Nepal,en.wikipedia,2100,rounded,Wikimedia Analytics pageviews API (CC0)
ZA,South Africa,2026-08-27,5,wiki.phtml,hr.wikipedia,2100,rounded,Wikimedia Analytics pageviews API (CC0)
ZA,South Africa,2026-08-27,6,Killing_of_the_Clancy_children,en.wikipedia,1300,rounded,Wikimedia Analytics pageviews API (CC0)
ZA,South Africa,2026-08-27,7,wiki.phtml,sr.wikipedia,1200,rounded,Wikimedia Analytics pageviews API (CC0)
ZA,South Africa,2026-08-28,1,.xyz,en.wikipedia,11500,rounded,Wikimedia Analytics pageviews API (CC0)
ZA,South Africa,2026-08-28,2,Dolly_Parton,en.wikipedia,4800,rounded,Wikimedia Analytics pageviews API (CC0)
ZA,South Africa,2026-08-28,3,Jothan_Msibi,en.wikipedia,3700,rounded,Wikimedia Analytics pageviews API (CC0)
ZA,South Africa,2026-08-28,4,Harald_V,en.wikipedia,3000,rounded,Wikimedia Analytics pageviews API (CC0)
ZA,South Africa,2026-08-28,5,Peter_Cullen,en.wikipedia,2400,rounded,Wikimedia Analytics pageviews API (CC0)
ZA,South Africa,2026-08-28,6,Tim_Curry,en.wikipedia,2100,rounded,Wikimedia Analytics pageviews API (CC0)
ZA,South Africa,2026-08-28,7,Killing_of_the_Clancy_children,en.wikipedia,1800,rounded,Wikimedia Analytics pageviews API (CC0)
ZA,South Africa,2026-08-28,8,Nepal,en.wikipedia,1600,rounded,Wikimedia Analytics pageviews API (CC0)
ZA,South Africa,2026-08-28,9,Haakon_VIII,en.wikipedia,1500,rounded,Wikimedia Analytics pageviews API (CC0)
ZA,South Africa,2026-08-29,1,.xyz,en.wikipedia,4800,rounded,Wikimedia Analytics pageviews API (CC0)
ZA,South Africa,2026-08-29,2,Dolly_Parton,en.wikipedia,3300,rounded,Wikimedia Analytics pageviews API (CC0)
ZA,South Africa,2026-08-29,3,サーチ,ja.wikipedia,2100,rounded,Wikimedia Analytics pageviews API (CC0)
ZA,South Africa,2026-08-29,4,Jothan_Msibi,en.wikipedia,1800,rounded,Wikimedia Analytics pageviews API (CC0)
ZA,South Africa,2026-08-29,5,Killing_of_the_Clancy_children,en.wikipedia,1600,rounded,Wikimedia Analytics pageviews API (CC0)
ZA,South Africa,2026-08-29,6,Cheslin_Kolbe,en.wikipedia,1200,rounded,Wikimedia Analytics pageviews API (CC0)
ZA,South Africa,2026-08-30,1,サーチ,ja.wikipedia,2600,rounded,Wikimedia Analytics pageviews API (CC0)
ZA,South Africa,2026-08-30,2,Dolly_Parton,en.wikipedia,2500,rounded,Wikimedia Analytics pageviews API (CC0)
ZA,South Africa,2026-08-30,3,The_Whisper_Man,en.wikipedia,1600,rounded,Wikimedia Analytics pageviews API (CC0)
ZA,South Africa,2026-08-30,4,Anna-Mart_van_der_Merwe,en.wikipedia,1400,rounded,Wikimedia Analytics pageviews API (CC0)
ZA,South Africa,2026-08-30,5,Killing_of_the_Clancy_children,en.wikipedia,1300,rounded,Wikimedia Analytics pageviews API (CC0)
KR,South Korea,2026-08-24,1,문화방송,ko.wikipedia,14500,rounded,Wikimedia Analytics pageviews API (CC0)
KR,South Korea,2026-08-24,2,한국방송공사,ko.wikipedia,11100,rounded,Wikimedia Analytics pageviews API (CC0)
KR,South Korea,2026-08-24,3,박위_(유튜버),ko.wikipedia,7400,rounded,Wikimedia Analytics pageviews API (CC0)
KR,South Korea,2026-08-24,4,경장_(계급),ko.wikipedia,7300,rounded,Wikimedia Analytics pageviews API (CC0)
KR,South Korea,2026-08-24,5,한국교육방송공사,ko.wikipedia,6800,rounded,Wikimedia Analytics pageviews API (CC0)
KR,South Korea,2026-08-24,6,List_of_S&P_500_companies,en.wikipedia,3900,rounded,Wikimedia Analytics pageviews API (CC0)
KR,South Korea,2026-08-24,7,5·18_광주_민주화_운동,ko.wikipedia,3800,rounded,Wikimedia Analytics pageviews API (CC0)
KR,South Korea,2026-08-24,8,양지원_(1988년),ko.wikipedia,3800,rounded,Wikimedia Analytics pageviews API (CC0)
KR,South Korea,2026-08-24,9,장미란,ko.wikipedia,3200,rounded,Wikimedia Analytics pageviews API (CC0)
KR,South Korea,2026-08-24,10,차화연,ko.wikipedia,2900,rounded,Wikimedia Analytics pageviews API (CC0)
KR,South Korea,2026-08-24,11,손범수,ko.wikipedia,2700,rounded,Wikimedia Analytics pageviews API (CC0)
KR,South Korea,2026-08-24,12,경찰_계급,ko.wikipedia,2300,rounded,Wikimedia Analytics pageviews API (CC0)
KR,South Korea,2026-08-24,13,트로이_전쟁,ko.wikipedia,2200,rounded,Wikimedia Analytics pageviews API (CC0)
KR,South Korea,2026-08-24,14,차재이,ko.wikipedia,2200,rounded,Wikimedia Analytics pageviews API (CC0)
KR,South Korea,2026-08-24,15,김희진_(가수),ko.wikipedia,2000,rounded,Wikimedia Analytics pageviews API (CC0)
KR,South Korea,2026-08-24,16,양준모,ko.wikipedia,1900,rounded,Wikimedia Analytics pageviews API (CC0)
KR,South Korea,2026-08-24,17,오디세이_(영화),ko.wikipedia,1800,rounded,Wikimedia Analytics pageviews API (CC0)
KR,South Korea,2026-08-24,18,박찬홍,ko.wikipedia,1700,rounded,Wikimedia Analytics pageviews API (CC0)
KR,South Korea,2026-08-24,19,캣츠아이_(음악_그룹),ko.wikipedia,1700,rounded,Wikimedia Analytics pageviews API (CC0)
KR,South Korea,2026-08-24,20,우지원,ko.wikipedia,1700,rounded,Wikimedia Analytics pageviews API (CC0)
KR,South Korea,2026-08-25,1,문화방송,ko.wikipedia,16600,rounded,Wikimedia Analytics pageviews API (CC0)
KR,South Korea,2026-08-25,2,한국방송공사,ko.wikipedia,9700,rounded,Wikimedia Analytics pageviews API (CC0)
KR,South Korea,2026-08-25,3,한국교육방송공사,ko.wikipedia,6400,rounded,Wikimedia Analytics pageviews API (CC0)
KR,South Korea,2026-08-25,4,박위_(유튜버),ko.wikipedia,5500,rounded,Wikimedia Analytics pageviews API (CC0)
KR,South Korea,2026-08-25,5,경장_(계급),ko.wikipedia,4100,rounded,Wikimedia Analytics pageviews API (CC0)
KR,South Korea,2026-08-25,6,5·18_광주_민주화_운동,ko.wikipedia,4100,rounded,Wikimedia Analytics pageviews API (CC0)
KR,South Korea,2026-08-25,7,List_of_S&P_500_companies,en.wikipedia,3600,rounded,Wikimedia Analytics pageviews API (CC0)
KR,South Korea,2026-08-25,8,이호연_(야구_선수),ko.wikipedia,2800,rounded,Wikimedia Analytics pageviews API (CC0)
KR,South Korea,2026-08-25,9,김승윤,ko.wikipedia,2800,rounded,Wikimedia Analytics pageviews API (CC0)
KR,South Korea,2026-08-25,10,천경자,ko.wikipedia,2500,rounded,Wikimedia Analytics pageviews API (CC0)
KR,South Korea,2026-08-25,11,윤해영_(배우),ko.wikipedia,2100,rounded,Wikimedia Analytics pageviews API (CC0)
KR,South Korea,2026-08-25,12,장동윤,ko.wikipedia,1800,rounded,Wikimedia Analytics pageviews API (CC0)
KR,South Korea,2026-08-25,13,차화연,ko.wikipedia,1800,rounded,Wikimedia Analytics pageviews API (CC0)
KR,South Korea,2026-08-25,14,장미란,ko.wikipedia,1700,rounded,Wikimedia Analytics pageviews API (CC0)
KR,South Korea,2026-08-25,15,차광기_토우,ko.wikipedia,1700,rounded,Wikimedia Analytics pageviews API (CC0)
KR,South Korea,2026-08-25,16,송하예,ko.wikipedia,1700,rounded,Wikimedia Analytics pageviews API (CC0)
KR,South Korea,2026-08-25,17,트로이_전쟁,ko.wikipedia,1700,rounded,Wikimedia Analytics pageviews API (CC0)
KR,South Korea,2026-08-25,18,무화과나무,ko.wikipedia,1700,rounded,Wikimedia Analytics pageviews API (CC0)
KR,South Korea,2026-08-25,19,윤석민_(1986년),ko.wikipedia,1600,rounded,Wikimedia Analytics pageviews API (CC0)
KR,South Korea,2026-08-25,20,Dolly_Parton,en.wikipedia,1500,rounded,Wikimedia Analytics pageviews API (CC0)
KR,South Korea,2026-08-26,1,문화방송,ko.wikipedia,19100,rounded,Wikimedia Analytics pageviews API (CC0)
KR,South Korea,2026-08-26,2,한국방송공사,ko.wikipedia,9300,rounded,Wikimedia Analytics pageviews API (CC0)
KR,South Korea,2026-08-26,3,박위_(유튜버),ko.wikipedia,6100,rounded,Wikimedia Analytics pageviews API (CC0)
KR,South Korea,2026-08-26,4,한국교육방송공사,ko.wikipedia,5900,rounded,Wikimedia Analytics pageviews API (CC0)
KR,South Korea,2026-08-26,5,5·18_광주_민주화_운동,ko.wikipedia,5200,rounded,Wikimedia Analytics pageviews API (CC0)
KR,South Korea,2026-08-26,6,Dolly_Parton,en.wikipedia,4000,rounded,Wikimedia Analytics pageviews API (CC0)
KR,South Korea,2026-08-26,7,List_of_S&P_500_companies,en.wikipedia,3800,rounded,Wikimedia Analytics pageviews API (CC0)
KR,South Korea,2026-08-26,8,백중날,ko.wikipedia,1900,rounded,Wikimedia Analytics pageviews API (CC0)
KR,South Korea,2026-08-26,9,무화과나무,ko.wikipedia,1800,rounded,Wikimedia Analytics pageviews API (CC0)
KR,South Korea,2026-08-26,10,트로이_전쟁,ko.wikipedia,1800,rounded,Wikimedia Analytics pageviews API (CC0)
KR,South Korea,2026-08-26,11,新セリナ,ja.wikipedia,1700,rounded,Wikimedia Analytics pageviews API (CC0)
KR,South Korea,2026-08-26,12,경장_(계급),ko.wikipedia,1600,rounded,Wikimedia Analytics pageviews API (CC0)
KR,South Korea,2026-08-26,13,아사히_세리나,ko.wikipedia,1500,rounded,Wikimedia Analytics pageviews API (CC0)
KR,South Korea,2026-08-26,14,차화연,ko.wikipedia,1500,rounded,Wikimedia Analytics pageviews API (CC0)
KR,South Korea,2026-08-26,15,네팔,ko.wikipedia,1500,rounded,Wikimedia Analytics pageviews API (CC0)
KR,South Korea,2026-08-26,16,박찬홍,ko.wikipedia,1400,rounded,Wikimedia Analytics pageviews API (CC0)
KR,South Korea,2026-08-26,17,에펨코리아,ko.wikipedia,1400,rounded,Wikimedia Analytics pageviews API (CC0)
KR,South Korea,2026-08-26,18,오디세이_(영화),ko.wikipedia,1400,rounded,Wikimedia Analytics pageviews API (CC0)
KR,South Korea,2026-08-26,19,윤수현_(가수),ko.wikipedia,1400,rounded,Wikimedia Analytics pageviews API (CC0)
KR,South Korea,2026-08-26,20,송하예,ko.wikipedia,1300,rounded,Wikimedia Analytics pageviews API (CC0)
KR,South Korea,2026-08-27,1,문화방송,ko.wikipedia,21200,rounded,Wikimedia Analytics pageviews API (CC0)
KR,South Korea,2026-08-27,2,한국방송공사,ko.wikipedia,8800,rounded,Wikimedia Analytics pageviews API (CC0)
KR,South Korea,2026-08-27,3,한국교육방송공사,ko.wikipedia,7400,rounded,Wikimedia Analytics pageviews API (CC0)
KR,South Korea,2026-08-27,4,네팔,ko.wikipedia,6600,rounded,Wikimedia Analytics pageviews API (CC0)
KR,South Korea,2026-08-27,5,박위_(유튜버),ko.wikipedia,5600,rounded,Wikimedia Analytics pageviews API (CC0)
KR,South Korea,2026-08-27,6,5·18_광주_민주화_운동,ko.wikipedia,4100,rounded,Wikimedia Analytics pageviews API (CC0)
KR,South Korea,2026-08-27,7,List_of_S&P_500_companies,en.wikipedia,3600,rounded,Wikimedia Analytics pageviews API (CC0)
KR,South Korea,2026-08-27,8,김현태_(군인),ko.wikipedia,3200,rounded,Wikimedia Analytics pageviews API (CC0)
KR,South Korea,2026-08-27,9,한기범,ko.wikipedia,2900,rounded,Wikimedia Analytics pageviews API (CC0)
KR,South Korea,2026-08-27,10,목뿔뼈,ko.wikipedia,2900,rounded,Wikimedia Analytics pageviews API (CC0)
KR,South Korea,2026-08-27,11,히말라야산맥,ko.wikipedia,2500,rounded,Wikimedia Analytics pageviews API (CC0)
KR,South Korea,2026-08-27,12,Willy_Mutunga,en.wikipedia,2000,rounded,Wikimedia Analytics pageviews API (CC0)
KR,South Korea,2026-08-27,13,네팔-중국_관계,ko.wikipedia,1900,rounded,Wikimedia Analytics pageviews API (CC0)
KR,South Korea,2026-08-27,14,송강_(배우),ko.wikipedia,1800,rounded,Wikimedia Analytics pageviews API (CC0)
KR,South Korea,2026-08-27,15,무화과나무,ko.wikipedia,1800,rounded,Wikimedia Analytics pageviews API (CC0)
KR,South Korea,2026-08-27,16,Dolly_Parton,en.wikipedia,1600,rounded,Wikimedia Analytics pageviews API (CC0)
KR,South Korea,2026-08-27,17,백중날,ko.wikipedia,1500,rounded,Wikimedia Analytics pageviews API (CC0)
KR,South Korea,2026-08-27,18,트로이_전쟁,ko.wikipedia,1500,rounded,Wikimedia Analytics pageviews API (CC0)
KR,South Korea,2026-08-27,19,Tim_Curry,en.wikipedia,1400,rounded,Wikimedia Analytics pageviews API (CC0)
KR,South Korea,2026-08-27,20,박찬홍,ko.wikipedia,1400,rounded,Wikimedia Analytics pageviews API (CC0)
KR,South Korea,2026-08-28,1,문화방송,ko.wikipedia,17700,rounded,Wikimedia Analytics pageviews API (CC0)
KR,South Korea,2026-08-28,2,한국방송공사,ko.wikipedia,9500,rounded,Wikimedia Analytics pageviews API (CC0)
KR,South Korea,2026-08-28,3,한국교육방송공사,ko.wikipedia,7500,rounded,Wikimedia Analytics pageviews API (CC0)
KR,South Korea,2026-08-28,4,네팔,ko.wikipedia,6000,rounded,Wikimedia Analytics pageviews API (CC0)
KR,South Korea,2026-08-28,5,박위_(유튜버),ko.wikipedia,4800,rounded,Wikimedia Analytics pageviews API (CC0)
KR,South Korea,2026-08-28,6,민해경,ko.wikipedia,3500,rounded,Wikimedia Analytics pageviews API (CC0)
KR,South Korea,2026-08-28,7,List_of_S&P_500_companies,en.wikipedia,3500,rounded,Wikimedia Analytics pageviews API (CC0)
KR,South Korea,2026-08-28,8,5·18_광주_민주화_운동,ko.wikipedia,3100,rounded,Wikimedia Analytics pageviews API (CC0)
KR,South Korea,2026-08-28,9,유발이,ko.wikipedia,2200,rounded,Wikimedia Analytics pageviews API (CC0)
KR,South Korea,2026-08-28,10,히말라야산맥,ko.wikipedia,1900,rounded,Wikimedia Analytics pageviews API (CC0)
KR,South Korea,2026-08-28,11,오디세이_(영화),ko.wikipedia,1800,rounded,Wikimedia Analytics pageviews API (CC0)
KR,South Korea,2026-08-28,12,박찬홍,ko.wikipedia,1800,rounded,Wikimedia Analytics pageviews API (CC0)
KR,South Korea,2026-08-28,13,네팔-중국_관계,ko.wikipedia,1800,rounded,Wikimedia Analytics pageviews API (CC0)
KR,South Korea,2026-08-28,14,무화과나무,ko.wikipedia,1700,rounded,Wikimedia Analytics pageviews API (CC0)
KR,South Korea,2026-08-28,15,트로이_전쟁,ko.wikipedia,1700,rounded,Wikimedia Analytics pageviews API (CC0)
KR,South Korea,2026-08-28,16,손봉기,ko.wikipedia,1600,rounded,Wikimedia Analytics pageviews API (CC0)
KR,South Korea,2026-08-28,17,휘성,ko.wikipedia,1400,rounded,Wikimedia Analytics pageviews API (CC0)
KR,South Korea,2026-08-28,18,조희대,ko.wikipedia,1400,rounded,Wikimedia Analytics pageviews API (CC0)
KR,South Korea,2026-08-28,19,티베트,ko.wikipedia,1400,rounded,Wikimedia Analytics pageviews API (CC0)
KR,South Korea,2026-08-28,20,송강_(배우),ko.wikipedia,1300,rounded,Wikimedia Analytics pageviews API (CC0)
KR,South Korea,2026-08-29,1,문화방송,ko.wikipedia,15800,rounded,Wikimedia Analytics pageviews API (CC0)
KR,South Korea,2026-08-29,2,한국방송공사,ko.wikipedia,9900,rounded,Wikimedia Analytics pageviews API (CC0)
KR,South Korea,2026-08-29,3,한국교육방송공사,ko.wikipedia,8500,rounded,Wikimedia Analytics pageviews API (CC0)
KR,South Korea,2026-08-29,4,이용주_(배우),ko.wikipedia,5900,rounded,Wikimedia Analytics pageviews API (CC0)
KR,South Korea,2026-08-29,5,네팔,ko.wikipedia,4400,rounded,Wikimedia Analytics pageviews API (CC0)
KR,South Korea,2026-08-29,6,이용주_(희극인),ko.wikipedia,4000,rounded,Wikimedia Analytics pageviews API (CC0)
KR,South Korea,2026-08-29,7,5·18_광주_민주화_운동,ko.wikipedia,3700,rounded,Wikimedia Analytics pageviews API (CC0)
KR,South Korea,2026-08-29,8,비비_(대한민국의_가수),ko.wikipedia,3000,rounded,Wikimedia Analytics pageviews API (CC0)
KR,South Korea,2026-08-29,9,트로이_전쟁,ko.wikipedia,2900,rounded,Wikimedia Analytics pageviews API (CC0)
KR,South Korea,2026-08-29,10,사랑이_온다_(드라마),ko.wikipedia,2600,rounded,Wikimedia Analytics pageviews API (CC0)
KR,South Korea,2026-08-29,11,오디세이_(영화),ko.wikipedia,2400,rounded,Wikimedia Analytics pageviews API (CC0)
KR,South Korea,2026-08-29,12,포헨즈,ko.wikipedia,2400,rounded,Wikimedia Analytics pageviews API (CC0)
KR,South Korea,2026-08-29,13,박찬홍,ko.wikipedia,2200,rounded,Wikimedia Analytics pageviews API (CC0)
KR,South Korea,2026-08-29,14,윤수현_(가수),ko.wikipedia,2200,rounded,Wikimedia Analytics pageviews API (CC0)
KR,South Korea,2026-08-29,15,에바_캐시디,ko.wikipedia,2100,rounded,Wikimedia Analytics pageviews API (CC0)
KR,South Korea,2026-08-29,16,박위_(유튜버),ko.wikipedia,2100,rounded,Wikimedia Analytics pageviews API (CC0)
KR,South Korea,2026-08-29,17,잭_블랙,ko.wikipedia,1900,rounded,Wikimedia Analytics pageviews API (CC0)
KR,South Korea,2026-08-29,18,무화과나무,ko.wikipedia,1800,rounded,Wikimedia Analytics pageviews API (CC0)
KR,South Korea,2026-08-29,19,송강_(배우),ko.wikipedia,1800,rounded,Wikimedia Analytics pageviews API (CC0)
KR,South Korea,2026-08-29,20,아주대학교,ko.wikipedia,1700,rounded,Wikimedia Analytics pageviews API (CC0)
KR,South Korea,2026-08-30,1,강신철_(군인),ko.wikipedia,18300,rounded,Wikimedia Analytics pageviews API (CC0)
KR,South Korea,2026-08-30,2,문화방송,ko.wikipedia,16500,rounded,Wikimedia Analytics pageviews API (CC0)
KR,South Korea,2026-08-30,3,용혜인,ko.wikipedia,12500,rounded,Wikimedia Analytics pageviews API (CC0)
KR,South Korea,2026-08-30,4,한국방송공사,ko.wikipedia,9300,rounded,Wikimedia Analytics pageviews API (CC0)
KR,South Korea,2026-08-30,5,한국교육방송공사,ko.wikipedia,8500,rounded,Wikimedia Analytics pageviews API (CC0)
KR,South Korea,2026-08-30,6,김승원_(1969년),ko.wikipedia,7300,rounded,Wikimedia Analytics pageviews API (CC0)
KR,South Korea,2026-08-30,7,비비_(대한민국의_가수),ko.wikipedia,5100,rounded,Wikimedia Analytics pageviews API (CC0)
KR,South Korea,2026-08-30,8,이용주_(희극인),ko.wikipedia,3900,rounded,Wikimedia Analytics pageviews API (CC0)
KR,South Korea,2026-08-30,9,포헨즈,ko.wikipedia,3900,rounded,Wikimedia Analytics pageviews API (CC0)
KR,South Korea,2026-08-30,10,이용주_(배우),ko.wikipedia,3500,rounded,Wikimedia Analytics pageviews API (CC0)
KR,South Korea,2026-08-30,11,최백호,ko.wikipedia,3500,rounded,Wikimedia Analytics pageviews API (CC0)
KR,South Korea,2026-08-30,12,송강_(배우),ko.wikipedia,3300,rounded,Wikimedia Analytics pageviews API (CC0)
KR,South Korea,2026-08-30,13,5·18_광주_민주화_운동,ko.wikipedia,3300,rounded,Wikimedia Analytics pageviews API (CC0)
KR,South Korea,2026-08-30,14,네팔,ko.wikipedia,3300,rounded,Wikimedia Analytics pageviews API (CC0)
KR,South Korea,2026-08-30,15,리센느,ko.wikipedia,3100,rounded,Wikimedia Analytics pageviews API (CC0)
KR,South Korea,2026-08-30,16,이소영_(정치인),ko.wikipedia,2900,rounded,Wikimedia Analytics pageviews API (CC0)
KR,South Korea,2026-08-30,17,이형일,ko.wikipedia,2800,rounded,Wikimedia Analytics pageviews API (CC0)
KR,South Korea,2026-08-30,18,트로이_전쟁,ko.wikipedia,2600,rounded,Wikimedia Analytics pageviews API (CC0)
KR,South Korea,2026-08-30,19,박위_(유튜버),ko.wikipedia,2500,rounded,Wikimedia Analytics pageviews API (CC0)
KR,South Korea,2026-08-30,20,사랑이_온다_(드라마),ko.wikipedia,2500,rounded,Wikimedia Analytics pageviews API (CC0)
IT,Italy,2026-08-24,1,Alphadjo_Cissè,en.wikipedia,28600,rounded,Wikimedia Analytics pageviews API (CC0)
IT,Italy,2026-08-24,2,Alphadjo_Cissé,it.wikipedia,25400,rounded,Wikimedia Analytics pageviews API (CC0)
IT,Italy,2026-08-24,3,Donyell_Malen,it.wikipedia,20400,rounded,Wikimedia Analytics pageviews API (CC0)
IT,Italy,2026-08-24,4,Difterite,it.wikipedia,20400,rounded,Wikimedia Analytics pageviews API (CC0)
IT,Italy,2026-08-24,5,Il_codice_da_Vinci_(film),it.wikipedia,18700,rounded,Wikimedia Analytics pageviews API (CC0)
IT,Italy,2026-08-24,6,Tony_Boy_(rapper),it.wikipedia,12900,rounded,Wikimedia Analytics pageviews API (CC0)
IT,Italy,2026-08-24,7,Giochi_del_Mediterraneo,it.wikipedia,12900,rounded,Wikimedia Analytics pageviews API (CC0)
IT,Italy,2026-08-24,8,Kamil_Grabara,it.wikipedia,12200,rounded,Wikimedia Analytics pageviews API (CC0)
IT,Italy,2026-08-24,9,Julieta_(film),it.wikipedia,10700,rounded,Wikimedia Analytics pageviews API (CC0)
IT,Italy,2026-08-24,10,La_signora_dello_zoo_di_Varsavia,it.wikipedia,10400,rounded,Wikimedia Analytics pageviews API (CC0)
IT,Italy,2026-08-24,11,XX_Giochi_del_Mediterraneo,it.wikipedia,10300,rounded,Wikimedia Analytics pageviews API (CC0)
IT,Italy,2026-08-24,12,Ruben_Amorim,it.wikipedia,10100,rounded,Wikimedia Analytics pageviews API (CC0)
IT,Italy,2026-08-24,13,Domenico_Tedesco,it.wikipedia,9900,rounded,Wikimedia Analytics pageviews API (CC0)
IT,Italy,2026-08-24,14,Randal_Kolo_Muani,it.wikipedia,9600,rounded,Wikimedia Analytics pageviews API (CC0)
IT,Italy,2026-08-24,15,Mattia_Perin,it.wikipedia,9100,rounded,Wikimedia Analytics pageviews API (CC0)
IT,Italy,2026-08-24,16,Sequenza_sismica_del_Centro_Italia_del_2016-2017,it.wikipedia,9000,rounded,Wikimedia Analytics pageviews API (CC0)
IT,Italy,2026-08-24,17,Woke,it.wikipedia,8700,rounded,Wikimedia Analytics pageviews API (CC0)
IT,Italy,2026-08-24,18,Red_Eye,it.wikipedia,8100,rounded,Wikimedia Analytics pageviews API (CC0)
IT,Italy,2026-08-24,19,Davide_Frattesi,it.wikipedia,8100,rounded,Wikimedia Analytics pageviews API (CC0)
IT,Italy,2026-08-24,20,Amatrice,it.wikipedia,7900,rounded,Wikimedia Analytics pageviews API (CC0)
IT,Italy,2026-08-25,1,Dolly_Parton,it.wikipedia,67200,rounded,Wikimedia Analytics pageviews API (CC0)
IT,Italy,2026-08-25,2,Fabio_Grossi_(attore),it.wikipedia,36200,rounded,Wikimedia Analytics pageviews API (CC0)
IT,Italy,2026-08-25,3,Angeli_e_demoni_(film),it.wikipedia,28700,rounded,Wikimedia Analytics pageviews API (CC0)
IT,Italy,2026-08-25,4,Donyell_Malen,it.wikipedia,24500,rounded,Wikimedia Analytics pageviews API (CC0)
IT,Italy,2026-08-25,5,Leo_Gullotta,it.wikipedia,18600,rounded,Wikimedia Analytics pageviews API (CC0)
IT,Italy,2026-08-25,6,Difterite,it.wikipedia,16900,rounded,Wikimedia Analytics pageviews API (CC0)
IT,Italy,2026-08-25,7,Kamil_Grabara,it.wikipedia,15500,rounded,Wikimedia Analytics pageviews API (CC0)
IT,Italy,2026-08-25,8,No_Time_to_Die,it.wikipedia,14300,rounded,Wikimedia Analytics pageviews API (CC0)
IT,Italy,2026-08-25,9,Dolly_Parton,en.wikipedia,14000,rounded,Wikimedia Analytics pageviews API (CC0)
IT,Italy,2026-08-25,10,Nata_per_te,it.wikipedia,13700,rounded,Wikimedia Analytics pageviews API (CC0)
IT,Italy,2026-08-25,11,Un'altra_vita_(miniserie_televisiva),it.wikipedia,12700,rounded,Wikimedia Analytics pageviews API (CC0)
IT,Italy,2026-08-25,12,Yan_Diomande,it.wikipedia,12500,rounded,Wikimedia Analytics pageviews API (CC0)
IT,Italy,2026-08-25,13,Andrea_Pinamonti,it.wikipedia,11800,rounded,Wikimedia Analytics pageviews API (CC0)
IT,Italy,2026-08-25,14,Luigi_Comencini,it.wikipedia,11500,rounded,Wikimedia Analytics pageviews API (CC0)
IT,Italy,2026-08-25,15,Il_tempo_che_ci_vuole,it.wikipedia,11200,rounded,Wikimedia Analytics pageviews API (CC0)
IT,Italy,2026-08-25,16,Francesca_Comencini,it.wikipedia,11100,rounded,Wikimedia Analytics pageviews API (CC0)
IT,Italy,2026-08-25,17,Giochi_del_Mediterraneo,it.wikipedia,10900,rounded,Wikimedia Analytics pageviews API (CC0)
IT,Italy,2026-08-25,18,Alphadjo_Cissè,en.wikipedia,10900,rounded,Wikimedia Analytics pageviews API (CC0)
IT,Italy,2026-08-25,19,Mattia_Perin,it.wikipedia,10500,rounded,Wikimedia Analytics pageviews API (CC0)
IT,Italy,2026-08-25,20,Pooh,it.wikipedia,10400,rounded,Wikimedia Analytics pageviews API (CC0)
IT,Italy,2026-08-26,1,Dolly_Parton,it.wikipedia,107800,rounded,Wikimedia Analytics pageviews API (CC0)
IT,Italy,2026-08-26,2,Tim_Curry,it.wikipedia,101700,rounded,Wikimedia Analytics pageviews API (CC0)
IT,Italy,2026-08-26,3,Amy_Winehouse,it.wikipedia,80500,rounded,Wikimedia Analytics pageviews API (CC0)
IT,Italy,2026-08-26,4,Il_Gattopardo_(film),it.wikipedia,32400,rounded,Wikimedia Analytics pageviews API (CC0)
IT,Italy,2026-08-26,5,Apocalypse_Now,it.wikipedia,19200,rounded,Wikimedia Analytics pageviews API (CC0)
IT,Italy,2026-08-26,6,Fiori_d'acciaio,it.wikipedia,15800,rounded,Wikimedia Analytics pageviews API (CC0)
IT,Italy,2026-08-26,7,Il_Gattopardo,it.wikipedia,15500,rounded,Wikimedia Analytics pageviews API (CC0)
IT,Italy,2026-08-26,8,Franck_Kessié,it.wikipedia,15100,rounded,Wikimedia Analytics pageviews API (CC0)
IT,Italy,2026-08-26,9,Back_to_Black_(film),it.wikipedia,14900,rounded,Wikimedia Analytics pageviews API (CC0)
IT,Italy,2026-08-26,10,Dolly_Parton,en.wikipedia,14700,rounded,Wikimedia Analytics pageviews API (CC0)
IT,Italy,2026-08-26,11,Mattia_Perin,it.wikipedia,13900,rounded,Wikimedia Analytics pageviews API (CC0)
IT,Italy,2026-08-26,12,Campionato_europeo_femminile_di_pallavolo_2026,it.wikipedia,12900,rounded,Wikimedia Analytics pageviews API (CC0)
IT,Italy,2026-08-26,13,Pete_Doherty,it.wikipedia,12700,rounded,Wikimedia Analytics pageviews API (CC0)
IT,Italy,2026-08-26,14,Barbarian_(film),it.wikipedia,11800,rounded,Wikimedia Analytics pageviews API (CC0)
IT,Italy,2026-08-26,15,Kamil_Grabara,it.wikipedia,11300,rounded,Wikimedia Analytics pageviews API (CC0)
IT,Italy,2026-08-26,16,Un'altra_vita_(miniserie_televisiva),it.wikipedia,11200,rounded,Wikimedia Analytics pageviews API (CC0)
IT,Italy,2026-08-26,17,Scordato,it.wikipedia,10200,rounded,Wikimedia Analytics pageviews API (CC0)
IT,Italy,2026-08-26,18,Morato_(calciatore_2001),it.wikipedia,9900,rounded,Wikimedia Analytics pageviews API (CC0)
IT,Italy,2026-08-26,19,Tim_Curry,en.wikipedia,9800,rounded,Wikimedia Analytics pageviews API (CC0)
IT,Italy,2026-08-26,20,Johnny_Stecchino,it.wikipedia,9500,rounded,Wikimedia Analytics pageviews API (CC0)
IT,Italy,2026-08-27,1,Cookie_(informatique),fr.wikipedia,146500,rounded,Wikimedia Analytics pageviews API (CC0)
IT,Italy,2026-08-27,2,Tim_Curry,it.wikipedia,68400,rounded,Wikimedia Analytics pageviews API (CC0)
IT,Italy,2026-08-27,3,Ratko_Mladić,it.wikipedia,39100,rounded,Wikimedia Analytics pageviews API (CC0)
IT,Italy,2026-08-27,4,Dolly_Parton,it.wikipedia,30000,rounded,Wikimedia Analytics pageviews API (CC0)
IT,Italy,2026-08-27,5,Sabah_Futbol_Klubu,it.wikipedia,21400,rounded,Wikimedia Analytics pageviews API (CC0)
IT,Italy,2026-08-27,6,UEFA_Champions_League_2026-2027,it.wikipedia,17800,rounded,Wikimedia Analytics pageviews API (CC0)
IT,Italy,2026-08-27,7,Amy_Winehouse,it.wikipedia,17500,rounded,Wikimedia Analytics pageviews API (CC0)
IT,Italy,2026-08-27,8,Yayoi_Kusama,it.wikipedia,16800,rounded,Wikimedia Analytics pageviews API (CC0)
IT,Italy,2026-08-27,9,Costanza_(serie_televisiva),it.wikipedia,16100,rounded,Wikimedia Analytics pageviews API (CC0)
IT,Italy,2026-08-27,10,The_Rocky_Horror_Picture_Show,it.wikipedia,14600,rounded,Wikimedia Analytics pageviews API (CC0)
IT,Italy,2026-08-27,11,Joshua_Zirkzee,it.wikipedia,13100,rounded,Wikimedia Analytics pageviews API (CC0)
IT,Italy,2026-08-27,12,Franck_Kessié,it.wikipedia,12500,rounded,Wikimedia Analytics pageviews API (CC0)
IT,Italy,2026-08-27,13,Mattéo_Guendouzi,it.wikipedia,11800,rounded,Wikimedia Analytics pageviews API (CC0)
IT,Italy,2026-08-27,14,Genocidio_di_Srebrenica,it.wikipedia,11600,rounded,Wikimedia Analytics pageviews API (CC0)
IT,Italy,2026-08-27,15,Campionato_europeo_femminile_di_pallavolo_2026,it.wikipedia,10400,rounded,Wikimedia Analytics pageviews API (CC0)
IT,Italy,2026-08-27,16,Nick_Woltemade,it.wikipedia,9600,rounded,Wikimedia Analytics pageviews API (CC0)
IT,Italy,2026-08-27,17,Honest_Ahanor,it.wikipedia,8900,rounded,Wikimedia Analytics pageviews API (CC0)
IT,Italy,2026-08-27,18,Moise_Kean,it.wikipedia,8800,rounded,Wikimedia Analytics pageviews API (CC0)
IT,Italy,2026-08-27,19,La_terrazza_sul_lago,it.wikipedia,8800,rounded,Wikimedia Analytics pageviews API (CC0)
IT,Italy,2026-08-27,20,Radovan_Karadžić,it.wikipedia,8600,rounded,Wikimedia Analytics pageviews API (CC0)
IT,Italy,2026-08-28,1,Harald_V_di_Norvegia,it.wikipedia,60600,rounded,Wikimedia Analytics pageviews API (CC0)
IT,Italy,2026-08-28,2,Ratko_Mladić,it.wikipedia,40700,rounded,Wikimedia Analytics pageviews API (CC0)
IT,Italy,2026-08-28,3,Lucio_Battisti,it.wikipedia,38200,rounded,Wikimedia Analytics pageviews API (CC0)
IT,Italy,2026-08-28,4,Haakon_VIII_di_Norvegia,it.wikipedia,35000,rounded,Wikimedia Analytics pageviews API (CC0)
IT,Italy,2026-08-28,5,Ingrid_Alexandra_di_Norvegia,it.wikipedia,25100,rounded,Wikimedia Analytics pageviews API (CC0)
IT,Italy,2026-08-28,6,Genocidio_di_Srebrenica,it.wikipedia,24800,rounded,Wikimedia Analytics pageviews API (CC0)
IT,Italy,2026-08-28,7,Finalement_-_Storia_di_una_tromba_che_si_innamora_di_un_pianoforte,it.wikipedia,23900,rounded,Wikimedia Analytics pageviews API (CC0)
IT,Italy,2026-08-28,8,Mette-Marit_Tjessem_Høiby,it.wikipedia,21600,rounded,Wikimedia Analytics pageviews API (CC0)
IT,Italy,2026-08-28,9,Sonja_Haraldsen,it.wikipedia,20000,rounded,Wikimedia Analytics pageviews API (CC0)
IT,Italy,2026-08-28,10,Stefano_Bonaccini,it.wikipedia,18900,rounded,Wikimedia Analytics pageviews API (CC0)
IT,Italy,2026-08-28,11,Leonardo_Balerdi,it.wikipedia,17500,rounded,Wikimedia Analytics pageviews API (CC0)
IT,Italy,2026-08-28,12,Tim_Curry,it.wikipedia,17200,rounded,Wikimedia Analytics pageviews API (CC0)
IT,Italy,2026-08-28,13,Haakon_di_Norvegia_(1973),it.wikipedia,15700,rounded,Wikimedia Analytics pageviews API (CC0)
IT,Italy,2026-08-28,14,Olav_V_di_Norvegia,it.wikipedia,15000,rounded,Wikimedia Analytics pageviews API (CC0)
IT,Italy,2026-08-28,15,Franck_Kessié,it.wikipedia,14500,rounded,Wikimedia Analytics pageviews API (CC0)
IT,Italy,2026-08-28,16,Dolly_Parton,it.wikipedia,14400,rounded,Wikimedia Analytics pageviews API (CC0)
IT,Italy,2026-08-28,17,Marta_Luisa_di_Norvegia,it.wikipedia,13800,rounded,Wikimedia Analytics pageviews API (CC0)
IT,Italy,2026-08-28,18,Gonçalo_Ramos,it.wikipedia,13600,rounded,Wikimedia Analytics pageviews API (CC0)
IT,Italy,2026-08-28,19,Rafael_Leão,it.wikipedia,13400,rounded,Wikimedia Analytics pageviews API (CC0)
IT,Italy,2026-08-28,20,Sverre_Magnus_di_Norvegia,it.wikipedia,13400,rounded,Wikimedia Analytics pageviews API (CC0)
IT,Italy,2026-08-29,1,Alessandro_Di_Battista,it.wikipedia,88800,rounded,Wikimedia Analytics pageviews API (CC0)
IT,Italy,2026-08-29,2,Cookie_(informatique),fr.wikipedia,47600,rounded,Wikimedia Analytics pageviews API (CC0)
IT,Italy,2026-08-29,3,Omari_Hutchinson,it.wikipedia,35200,rounded,Wikimedia Analytics pageviews API (CC0)
IT,Italy,2026-08-29,4,Franck_Kessié,it.wikipedia,34900,rounded,Wikimedia Analytics pageviews API (CC0)
IT,Italy,2026-08-29,5,Pape_Matar_Sarr,it.wikipedia,31900,rounded,Wikimedia Analytics pageviews API (CC0)
IT,Italy,2026-08-29,6,C'era_una_volta_il_West,it.wikipedia,28800,rounded,Wikimedia Analytics pageviews API (CC0)
IT,Italy,2026-08-29,7,Leonardo_Balerdi,it.wikipedia,17900,rounded,Wikimedia Analytics pageviews API (CC0)
IT,Italy,2026-08-29,8,Luiz_Henrique_(calciatore_2001),it.wikipedia,17300,rounded,Wikimedia Analytics pageviews API (CC0)
IT,Italy,2026-08-29,9,Antonio_Raimondo,it.wikipedia,17000,rounded,Wikimedia Analytics pageviews API (CC0)
IT,Italy,2026-08-29,10,L'uomo_dei_sussurri,it.wikipedia,16700,rounded,Wikimedia Analytics pageviews API (CC0)
IT,Italy,2026-08-29,11,Marco_Negri_(calciatore),it.wikipedia,16200,rounded,Wikimedia Analytics pageviews API (CC0)
IT,Italy,2026-08-29,12,Rafael_Leão,it.wikipedia,15900,rounded,Wikimedia Analytics pageviews API (CC0)
IT,Italy,2026-08-29,13,Ratko_Mladić,it.wikipedia,14300,rounded,Wikimedia Analytics pageviews API (CC0)
IT,Italy,2026-08-29,14,Harald_V_di_Norvegia,it.wikipedia,13800,rounded,Wikimedia Analytics pageviews API (CC0)
IT,Italy,2026-08-29,15,Nicolás_González_(calciatore_1998),it.wikipedia,12900,rounded,Wikimedia Analytics pageviews API (CC0)
IT,Italy,2026-08-29,16,Stefano_Bonaccini,it.wikipedia,12500,rounded,Wikimedia Analytics pageviews API (CC0)
IT,Italy,2026-08-29,17,Killers_of_the_Flower_Moon,it.wikipedia,11600,rounded,Wikimedia Analytics pageviews API (CC0)
IT,Italy,2026-08-29,18,Gonçalo_Ramos,it.wikipedia,10800,rounded,Wikimedia Analytics pageviews API (CC0)
IT,Italy,2026-08-29,19,Genocidio_di_Srebrenica,it.wikipedia,10300,rounded,Wikimedia Analytics pageviews API (CC0)
IT,Italy,2026-08-29,20,Haakon_VIII_di_Norvegia,it.wikipedia,10000,rounded,Wikimedia Analytics pageviews API (CC0)
IT,Italy,2026-08-30,1,Pape_Matar_Sarr,it.wikipedia,51500,rounded,Wikimedia Analytics pageviews API (CC0)
IT,Italy,2026-08-30,2,Alessandro_Di_Battista,it.wikipedia,46700,rounded,Wikimedia Analytics pageviews API (CC0)
IT,Italy,2026-08-30,3,Francesca_Neri,it.wikipedia,45600,rounded,Wikimedia Analytics pageviews API (CC0)
IT,Italy,2026-08-30,4,Marten_de_Roon,it.wikipedia,41200,rounded,Wikimedia Analytics pageviews API (CC0)
IT,Italy,2026-08-30,5,Omari_Hutchinson,it.wikipedia,28800,rounded,Wikimedia Analytics pageviews API (CC0)
IT,Italy,2026-08-30,6,L'uomo_dei_sussurri,it.wikipedia,21200,rounded,Wikimedia Analytics pageviews API (CC0)
IT,Italy,2026-08-30,7,Rido_perché_ti_amo,it.wikipedia,15800,rounded,Wikimedia Analytics pageviews API (CC0)
IT,Italy,2026-08-30,8,Il_ponte_sul_fiume_Kwai_(film),it.wikipedia,15700,rounded,Wikimedia Analytics pageviews API (CC0)
IT,Italy,2026-08-30,9,Leonardo_Balerdi,it.wikipedia,15600,rounded,Wikimedia Analytics pageviews API (CC0)
IT,Italy,2026-08-30,10,Antonio_Raimondo,it.wikipedia,14700,rounded,Wikimedia Analytics pageviews API (CC0)
IT,Italy,2026-08-30,11,Franck_Kessié,it.wikipedia,14400,rounded,Wikimedia Analytics pageviews API (CC0)
IT,Italy,2026-08-30,12,Islanda,it.wikipedia,13000,rounded,Wikimedia Analytics pageviews API (CC0)
IT,Italy,2026-08-30,13,Nicolás_González_(calciatore_1998),it.wikipedia,11700,rounded,Wikimedia Analytics pageviews API (CC0)
IT,Italy,2026-08-30,14,Luiz_Henrique_(calciatore_2001),it.wikipedia,11400,rounded,Wikimedia Analytics pageviews API (CC0)
IT,Italy,2026-08-30,15,Nikita_(film),it.wikipedia,11300,rounded,Wikimedia Analytics pageviews API (CC0)
IT,Italy,2026-08-30,16,Nick_Woltemade,it.wikipedia,11000,rounded,Wikimedia Analytics pageviews API (CC0)
IT,Italy,2026-08-30,17,Jamie_Leweling,it.wikipedia,10500,rounded,Wikimedia Analytics pageviews API (CC0)
IT,Italy,2026-08-30,18,Guglielmo_Vicario,it.wikipedia,9600,rounded,Wikimedia Analytics pageviews API (CC0)
IT,Italy,2026-08-30,19,Luis_Milla_Manzanares,it.wikipedia,8900,rounded,Wikimedia Analytics pageviews API (CC0)
IT,Italy,2026-08-30,20,The_Dog_Stars_-_Le_stelle_dopo_la_fine,it.wikipedia,8400,rounded,Wikimedia Analytics pageviews API (CC0)
PL,Poland,2026-08-24,1,Mirosław_Różański,pl.wikipedia,63200,rounded,Wikimedia Analytics pageviews API (CC0)
PL,Poland,2026-08-24,2,Stanisław_Sojka,pl.wikipedia,18000,rounded,Wikimedia Analytics pageviews API (CC0)
PL,Poland,2026-08-24,3,Ignacy_Karpowicz,pl.wikipedia,15800,rounded,Wikimedia Analytics pageviews API (CC0)
PL,Poland,2026-08-24,4,Barbara_Mróz-Gorgoń,pl.wikipedia,14400,rounded,Wikimedia Analytics pageviews API (CC0)
PL,Poland,2026-08-24,5,Szpiczak_mnogi,pl.wikipedia,9500,rounded,Wikimedia Analytics pageviews API (CC0)
PL,Poland,2026-08-24,6,Zalia,pl.wikipedia,7000,rounded,Wikimedia Analytics pageviews API (CC0)
PL,Poland,2026-08-24,7,Rezydencja_Prezydenta_RP_na_Mierzei_Helskiej,pl.wikipedia,7000,rounded,Wikimedia Analytics pageviews API (CC0)
PL,Poland,2026-08-24,8,Kuba_Badach,pl.wikipedia,6000,rounded,Wikimedia Analytics pageviews API (CC0)
PL,Poland,2026-08-24,9,Mistrzostwa_Europy_w_Piłce_Siatkowej_Kobiet_2026,pl.wikipedia,6000,rounded,Wikimedia Analytics pageviews API (CC0)
PL,Poland,2026-08-24,10,Radosław_Piesiewicz,pl.wikipedia,5700,rounded,Wikimedia Analytics pageviews API (CC0)
PL,Poland,2026-08-24,11,Grażyna_Trela,pl.wikipedia,4600,rounded,Wikimedia Analytics pageviews API (CC0)
PL,Poland,2026-08-24,12,Józef_Różański,pl.wikipedia,4100,rounded,Wikimedia Analytics pageviews API (CC0)
PL,Poland,2026-08-24,13,Zmarli_w_sierpniu_2026,pl.wikipedia,3500,rounded,Wikimedia Analytics pageviews API (CC0)
PL,Poland,2026-08-24,14,Janusz_Radek,pl.wikipedia,3500,rounded,Wikimedia Analytics pageviews API (CC0)
PL,Poland,2026-08-24,15,Kayah,pl.wikipedia,3500,rounded,Wikimedia Analytics pageviews API (CC0)
PL,Poland,2026-08-24,16,Skolim,pl.wikipedia,3400,rounded,Wikimedia Analytics pageviews API (CC0)
PL,Poland,2026-08-24,17,Zbigniew_Zamachowski,pl.wikipedia,3400,rounded,Wikimedia Analytics pageviews API (CC0)
PL,Poland,2026-08-24,18,Mehmet_Ali_Ağca,pl.wikipedia,3100,rounded,Wikimedia Analytics pageviews API (CC0)
PL,Poland,2026-08-24,19,Polska,pl.wikipedia,3100,rounded,Wikimedia Analytics pageviews API (CC0)
PL,Poland,2026-08-24,20,Marcin_Kuś,pl.wikipedia,3000,rounded,Wikimedia Analytics pageviews API (CC0)
PL,Poland,2026-08-25,1,Dolly_Parton,pl.wikipedia,49800,rounded,Wikimedia Analytics pageviews API (CC0)
PL,Poland,2026-08-25,2,Dolly_Parton,en.wikipedia,14500,rounded,Wikimedia Analytics pageviews API (CC0)
PL,Poland,2026-08-25,3,Mirosław_Różański,pl.wikipedia,13100,rounded,Wikimedia Analytics pageviews API (CC0)
PL,Poland,2026-08-25,4,Barbara_Mróz-Gorgoń,pl.wikipedia,10900,rounded,Wikimedia Analytics pageviews API (CC0)
PL,Poland,2026-08-25,5,Mistrzostwa_Europy_w_Piłce_Siatkowej_Kobiet_2026,pl.wikipedia,8100,rounded,Wikimedia Analytics pageviews API (CC0)
PL,Poland,2026-08-25,6,Mikromusic,pl.wikipedia,7100,rounded,Wikimedia Analytics pageviews API (CC0)
PL,Poland,2026-08-25,7,Ignacy_Karpowicz,pl.wikipedia,5700,rounded,Wikimedia Analytics pageviews API (CC0)
PL,Poland,2026-08-25,8,Stanisław_Sojka,pl.wikipedia,5300,rounded,Wikimedia Analytics pageviews API (CC0)
PL,Poland,2026-08-25,9,Natalia_Muianga,pl.wikipedia,5200,rounded,Wikimedia Analytics pageviews API (CC0)
PL,Poland,2026-08-25,10,Dominika_Gawęda,pl.wikipedia,5100,rounded,Wikimedia Analytics pageviews API (CC0)
PL,Poland,2026-08-25,11,Ania_Karwan,pl.wikipedia,4900,rounded,Wikimedia Analytics pageviews API (CC0)
PL,Poland,2026-08-25,12,Krzysztof_Zalewski_(piosenkarz),pl.wikipedia,4900,rounded,Wikimedia Analytics pageviews API (CC0)
PL,Poland,2026-08-25,13,Natalia_Grosiak,pl.wikipedia,4500,rounded,Wikimedia Analytics pageviews API (CC0)
PL,Poland,2026-08-25,14,07_zgłoś_się,pl.wikipedia,4100,rounded,Wikimedia Analytics pageviews API (CC0)
PL,Poland,2026-08-25,15,Andrzej_Smolik,pl.wikipedia,3900,rounded,Wikimedia Analytics pageviews API (CC0)
PL,Poland,2026-08-25,16,Łemkowie,pl.wikipedia,3800,rounded,Wikimedia Analytics pageviews API (CC0)
PL,Poland,2026-08-25,17,Zalia,pl.wikipedia,3700,rounded,Wikimedia Analytics pageviews API (CC0)
PL,Poland,2026-08-25,18,Oceana_(wokalistka),pl.wikipedia,3700,rounded,Wikimedia Analytics pageviews API (CC0)
PL,Poland,2026-08-25,19,Zmarli_w_sierpniu_2026,pl.wikipedia,3700,rounded,Wikimedia Analytics pageviews API (CC0)
PL,Poland,2026-08-25,20,Błażej_Król,pl.wikipedia,3400,rounded,Wikimedia Analytics pageviews API (CC0)
PL,Poland,2026-08-26,1,Dolly_Parton,pl.wikipedia,70100,rounded,Wikimedia Analytics pageviews API (CC0)
PL,Poland,2026-08-26,2,Tim_Curry,pl.wikipedia,25500,rounded,Wikimedia Analytics pageviews API (CC0)
PL,Poland,2026-08-26,3,Kuba_Badach,pl.wikipedia,17000,rounded,Wikimedia Analytics pageviews API (CC0)
PL,Poland,2026-08-26,4,Artur_Rojek,pl.wikipedia,15600,rounded,Wikimedia Analytics pageviews API (CC0)
PL,Poland,2026-08-26,5,Dolly_Parton,en.wikipedia,15000,rounded,Wikimedia Analytics pageviews API (CC0)
PL,Poland,2026-08-26,6,Ania_Dąbrowska,pl.wikipedia,12400,rounded,Wikimedia Analytics pageviews API (CC0)
PL,Poland,2026-08-26,7,Łukasz_Gibała,pl.wikipedia,9000,rounded,Wikimedia Analytics pageviews API (CC0)
PL,Poland,2026-08-26,8,Tim_Curry,en.wikipedia,8500,rounded,Wikimedia Analytics pageviews API (CC0)
PL,Poland,2026-08-26,9,Alicja_Majewska,pl.wikipedia,8400,rounded,Wikimedia Analytics pageviews API (CC0)
PL,Poland,2026-08-26,10,Aleksandra_Kwaśniewska,pl.wikipedia,7700,rounded,Wikimedia Analytics pageviews API (CC0)
PL,Poland,2026-08-26,11,Kortez,pl.wikipedia,7400,rounded,Wikimedia Analytics pageviews API (CC0)
PL,Poland,2026-08-26,12,Igor_Herbut,pl.wikipedia,6900,rounded,Wikimedia Analytics pageviews API (CC0)
PL,Poland,2026-08-26,13,Mistrzostwa_Europy_w_Piłce_Siatkowej_Kobiet_2026,pl.wikipedia,6800,rounded,Wikimedia Analytics pageviews API (CC0)
PL,Poland,2026-08-26,14,Józef_Rotblat,pl.wikipedia,6600,rounded,Wikimedia Analytics pageviews API (CC0)
PL,Poland,2026-08-26,15,Andrzej_Seweryn,pl.wikipedia,6600,rounded,Wikimedia Analytics pageviews API (CC0)
PL,Poland,2026-08-26,16,Nepal,pl.wikipedia,6000,rounded,Wikimedia Analytics pageviews API (CC0)
PL,Poland,2026-08-26,17,Michał_Moskal,pl.wikipedia,5700,rounded,Wikimedia Analytics pageviews API (CC0)
PL,Poland,2026-08-26,18,Barbara_Mróz-Gorgoń,pl.wikipedia,5200,rounded,Wikimedia Analytics pageviews API (CC0)
PL,Poland,2026-08-26,19,Włodzimierz_Korcz,pl.wikipedia,5100,rounded,Wikimedia Analytics pageviews API (CC0)
PL,Poland,2026-08-26,20,Michał_Bajor,pl.wikipedia,4700,rounded,Wikimedia Analytics pageviews API (CC0)
PL,Poland,2026-08-27,1,Radosław_Piesiewicz,pl.wikipedia,31700,rounded,Wikimedia Analytics pageviews API (CC0)
PL,Poland,2026-08-27,2,Dolly_Parton,pl.wikipedia,19300,rounded,Wikimedia Analytics pageviews API (CC0)
PL,Poland,2026-08-27,3,Ratko_Mladić,pl.wikipedia,16500,rounded,Wikimedia Analytics pageviews API (CC0)
PL,Poland,2026-08-27,4,Tim_Curry,pl.wikipedia,15100,rounded,Wikimedia Analytics pageviews API (CC0)
PL,Poland,2026-08-27,5,Nepal,pl.wikipedia,12300,rounded,Wikimedia Analytics pageviews API (CC0)
PL,Poland,2026-08-27,6,Dżem_(zespół_muzyczny),pl.wikipedia,11000,rounded,Wikimedia Analytics pageviews API (CC0)
PL,Poland,2026-08-27,7,Mistrzostwa_Europy_w_Piłce_Siatkowej_Kobiet_2026,pl.wikipedia,10600,rounded,Wikimedia Analytics pageviews API (CC0)
PL,Poland,2026-08-27,8,Perfect_(zespół_muzyczny),pl.wikipedia,9700,rounded,Wikimedia Analytics pageviews API (CC0)
PL,Poland,2026-08-27,9,Maryla_Rodowicz,pl.wikipedia,9100,rounded,Wikimedia Analytics pageviews API (CC0)
PL,Poland,2026-08-27,10,Sebastian_Riedel,pl.wikipedia,8900,rounded,Wikimedia Analytics pageviews API (CC0)
PL,Poland,2026-08-27,11,Małgorzata_Ostrowska_(piosenkarka),pl.wikipedia,8300,rounded,Wikimedia Analytics pageviews API (CC0)
PL,Poland,2026-08-27,12,Tomasz_Lipiński,pl.wikipedia,7800,rounded,Wikimedia Analytics pageviews API (CC0)
PL,Poland,2026-08-27,13,Harald_V,pl.wikipedia,7800,rounded,Wikimedia Analytics pageviews API (CC0)
PL,Poland,2026-08-27,14,Ryszard_Riedel,pl.wikipedia,7500,rounded,Wikimedia Analytics pageviews API (CC0)
PL,Poland,2026-08-27,15,Kobranocka,pl.wikipedia,6900,rounded,Wikimedia Analytics pageviews API (CC0)
PL,Poland,2026-08-27,16,Grzegorz_Markowski,pl.wikipedia,6500,rounded,Wikimedia Analytics pageviews API (CC0)
PL,Poland,2026-08-27,17,Łukasz_Drapała,pl.wikipedia,6400,rounded,Wikimedia Analytics pageviews API (CC0)
PL,Poland,2026-08-27,18,Ira_(zespół_muzyczny),pl.wikipedia,6400,rounded,Wikimedia Analytics pageviews API (CC0)
PL,Poland,2026-08-27,19,Misia_Furtak,pl.wikipedia,6300,rounded,Wikimedia Analytics pageviews API (CC0)
PL,Poland,2026-08-27,20,Chłopcy_z_Placu_Broni_(zespół_muzyczny),pl.wikipedia,6000,rounded,Wikimedia Analytics pageviews API (CC0)
PL,Poland,2026-08-28,1,Harald_V,pl.wikipedia,55200,rounded,Wikimedia Analytics pageviews API (CC0)
PL,Poland,2026-08-28,2,Haakon_VIII,pl.wikipedia,26400,rounded,Wikimedia Analytics pageviews API (CC0)
PL,Poland,2026-08-28,3,Mistrzostwa_Europy_w_Piłce_Siatkowej_Kobiet_2026,pl.wikipedia,22400,rounded,Wikimedia Analytics pageviews API (CC0)
PL,Poland,2026-08-28,4,Haakon_(książę_Norwegii),pl.wikipedia,22300,rounded,Wikimedia Analytics pageviews API (CC0)
PL,Poland,2026-08-28,5,Sonja_(królowa_Norwegii),pl.wikipedia,20000,rounded,Wikimedia Analytics pageviews API (CC0)
PL,Poland,2026-08-28,6,Mette-Marit,pl.wikipedia,19600,rounded,Wikimedia Analytics pageviews API (CC0)
PL,Poland,2026-08-28,7,Ingrid_Aleksandra,pl.wikipedia,18400,rounded,Wikimedia Analytics pageviews API (CC0)
PL,Poland,2026-08-28,8,Radosław_Piesiewicz,pl.wikipedia,15000,rounded,Wikimedia Analytics pageviews API (CC0)
PL,Poland,2026-08-28,9,Sverre_Magnus,pl.wikipedia,14900,rounded,Wikimedia Analytics pageviews API (CC0)
PL,Poland,2026-08-28,10,Marta_Ludwika_(księżniczka_Norwegii),pl.wikipedia,14500,rounded,Wikimedia Analytics pageviews API (CC0)
PL,Poland,2026-08-28,11,Olaf_V,pl.wikipedia,12400,rounded,Wikimedia Analytics pageviews API (CC0)
PL,Poland,2026-08-28,12,Ratko_Mladić,pl.wikipedia,10700,rounded,Wikimedia Analytics pageviews API (CC0)
PL,Poland,2026-08-28,13,Agnieszka_Żulewska,pl.wikipedia,10400,rounded,Wikimedia Analytics pageviews API (CC0)
PL,Poland,2026-08-28,14,Dolly_Parton,pl.wikipedia,9700,rounded,Wikimedia Analytics pageviews API (CC0)
PL,Poland,2026-08-28,15,Norwegia,pl.wikipedia,8900,rounded,Wikimedia Analytics pageviews API (CC0)
PL,Poland,2026-08-28,16,Mirosław_Różański,pl.wikipedia,8600,rounded,Wikimedia Analytics pageviews API (CC0)
PL,Poland,2026-08-28,17,Ontario_(jezioro),pl.wikipedia,8200,rounded,Wikimedia Analytics pageviews API (CC0)
PL,Poland,2026-08-28,18,Nepal,pl.wikipedia,7500,rounded,Wikimedia Analytics pageviews API (CC0)
PL,Poland,2026-08-28,19,Harald_V,en.wikipedia,7300,rounded,Wikimedia Analytics pageviews API (CC0)
PL,Poland,2026-08-28,20,Skolim,pl.wikipedia,7100,rounded,Wikimedia Analytics pageviews API (CC0)
PL,Poland,2026-08-29,1,Radosław_Piesiewicz,pl.wikipedia,18200,rounded,Wikimedia Analytics pageviews API (CC0)
PL,Poland,2026-08-29,2,Harald_V,pl.wikipedia,15300,rounded,Wikimedia Analytics pageviews API (CC0)
PL,Poland,2026-08-29,3,Gołdap,pl.wikipedia,13000,rounded,Wikimedia Analytics pageviews API (CC0)
PL,Poland,2026-08-29,4,Mistrzostwa_Europy_w_Piłce_Siatkowej_Kobiet_2026,pl.wikipedia,10000,rounded,Wikimedia Analytics pageviews API (CC0)
PL,Poland,2026-08-29,5,Skolim,pl.wikipedia,9900,rounded,Wikimedia Analytics pageviews API (CC0)
PL,Poland,2026-08-29,6,Haakon_VIII,pl.wikipedia,9500,rounded,Wikimedia Analytics pageviews API (CC0)
PL,Poland,2026-08-29,7,Dolly_Parton,pl.wikipedia,7600,rounded,Wikimedia Analytics pageviews API (CC0)
PL,Poland,2026-08-29,8,Agnieszka_Żulewska,pl.wikipedia,7200,rounded,Wikimedia Analytics pageviews API (CC0)
PL,Poland,2026-08-29,9,Sonja_(królowa_Norwegii),pl.wikipedia,6100,rounded,Wikimedia Analytics pageviews API (CC0)
PL,Poland,2026-08-29,10,Mette-Marit,pl.wikipedia,6000,rounded,Wikimedia Analytics pageviews API (CC0)
PL,Poland,2026-08-29,11,Nepal,pl.wikipedia,5400,rounded,Wikimedia Analytics pageviews API (CC0)
PL,Poland,2026-08-29,12,Islandia,pl.wikipedia,4300,rounded,Wikimedia Analytics pageviews API (CC0)
PL,Poland,2026-08-29,13,Joanna_Jabłczyńska,pl.wikipedia,4200,rounded,Wikimedia Analytics pageviews API (CC0)
PL,Poland,2026-08-29,14,Ingrid_Alexandra,pl.wikipedia,3900,rounded,Wikimedia Analytics pageviews API (CC0)
PL,Poland,2026-08-29,15,Olaf_V,pl.wikipedia,3800,rounded,Wikimedia Analytics pageviews API (CC0)
PL,Poland,2026-08-29,16,Powódź_w_Nepalu_(2026),pl.wikipedia,3700,rounded,Wikimedia Analytics pageviews API (CC0)
PL,Poland,2026-08-29,17,Mistrzostwa_Europy_w_Piłce_Siatkowej_Mężczyzn_2026,pl.wikipedia,3700,rounded,Wikimedia Analytics pageviews API (CC0)
PL,Poland,2026-08-29,18,Sverre_Magnus,pl.wikipedia,3700,rounded,Wikimedia Analytics pageviews API (CC0)
PL,Poland,2026-08-29,19,Tadeusz_Lutak,pl.wikipedia,3500,rounded,Wikimedia Analytics pageviews API (CC0)
PL,Poland,2026-08-29,20,Artur_Jędrzejczyk,pl.wikipedia,3500,rounded,Wikimedia Analytics pageviews API (CC0)
PL,Poland,2026-08-30,1,Andrzej_Wielowieyski,pl.wikipedia,24800,rounded,Wikimedia Analytics pageviews API (CC0)
PL,Poland,2026-08-30,2,Take_That,pl.wikipedia,21800,rounded,Wikimedia Analytics pageviews API (CC0)
PL,Poland,2026-08-30,3,Dominika_Wielowieyska,pl.wikipedia,14600,rounded,Wikimedia Analytics pageviews API (CC0)
PL,Poland,2026-08-30,4,Islandia,pl.wikipedia,10200,rounded,Wikimedia Analytics pageviews API (CC0)
PL,Poland,2026-08-30,5,Skolim,pl.wikipedia,10000,rounded,Wikimedia Analytics pageviews API (CC0)
PL,Poland,2026-08-30,6,Agnieszka_Wielowieyska,pl.wikipedia,9500,rounded,Wikimedia Analytics pageviews API (CC0)
PL,Poland,2026-08-30,7,Irena_Santor,pl.wikipedia,8800,rounded,Wikimedia Analytics pageviews API (CC0)
PL,Poland,2026-08-30,8,Garou,pl.wikipedia,8300,rounded,Wikimedia Analytics pageviews API (CC0)
PL,Poland,2026-08-30,9,Jerzy_Buzek,pl.wikipedia,8000,rounded,Wikimedia Analytics pageviews API (CC0)
PL,Poland,2026-08-30,10,Zofia_Wielowieyska,pl.wikipedia,7200,rounded,Wikimedia Analytics pageviews API (CC0)
PL,Poland,2026-08-30,11,Gary_Barlow,pl.wikipedia,6900,rounded,Wikimedia Analytics pageviews API (CC0)
PL,Poland,2026-08-30,12,Harald_V,pl.wikipedia,6700,rounded,Wikimedia Analytics pageviews API (CC0)
PL,Poland,2026-08-30,13,Mark_Owen,pl.wikipedia,5600,rounded,Wikimedia Analytics pageviews API (CC0)
PL,Poland,2026-08-30,14,Hubert_Wagner,pl.wikipedia,5400,rounded,Wikimedia Analytics pageviews API (CC0)
PL,Poland,2026-08-30,15,Mistrzostwa_Europy_w_Piłce_Siatkowej_Kobiet_2026,pl.wikipedia,5300,rounded,Wikimedia Analytics pageviews API (CC0)
PL,Poland,2026-08-30,16,2026_Icelandic_European_Union_membership_negotiations_referendum,en.wikipedia,5100,rounded,Wikimedia Analytics pageviews API (CC0)
PL,Poland,2026-08-30,17,Radosław_Piesiewicz,pl.wikipedia,5000,rounded,Wikimedia Analytics pageviews API (CC0)
PL,Poland,2026-08-30,18,Agustin_Egurrola,pl.wikipedia,4900,rounded,Wikimedia Analytics pageviews API (CC0)
PL,Poland,2026-08-30,19,Mistrzostwa_Europy_w_Piłce_Siatkowej_Mężczyzn_2026,pl.wikipedia,4900,rounded,Wikimedia Analytics pageviews API (CC0)
PL,Poland,2026-08-30,20,Howard_Donald,pl.wikipedia,4700,rounded,Wikimedia Analytics pageviews API (CC0)
TH,Thailand,2026-08-24,1,วอลเลย์บอลหญิงชิงแชมป์เอเชีย_2026,th.wikipedia,29400,rounded,Wikimedia Analytics pageviews API (CC0)
TH,Thailand,2026-08-24,2,2026_AVC_Women's_Volleyball_Continental_Championship,en.wikipedia,15700,rounded,Wikimedia Analytics pageviews API (CC0)
TH,Thailand,2026-08-24,3,องค์การกระจายเสียงและแพร่ภาพสาธารณะแห่งประเทศไทย,th.wikipedia,9000,rounded,Wikimedia Analytics pageviews API (CC0)
TH,Thailand,2026-08-24,4,เรย์_แมคโดนัลด์,th.wikipedia,5500,rounded,Wikimedia Analytics pageviews API (CC0)
TH,Thailand,2026-08-24,5,ทารีน่า_โบเทส,th.wikipedia,4800,rounded,Wikimedia Analytics pageviews API (CC0)
TH,Thailand,2026-08-24,6,อสมท,th.wikipedia,3600,rounded,Wikimedia Analytics pageviews API (CC0)
TH,Thailand,2026-08-24,7,หี,th.wikipedia,2000,rounded,Wikimedia Analytics pageviews API (CC0)
TH,Thailand,2026-08-24,8,คำสารภาพของหมอผี,th.wikipedia,1700,rounded,Wikimedia Analytics pageviews API (CC0)
TH,Thailand,2026-08-24,9,ลีโอ_พุฒ,th.wikipedia,1300,rounded,Wikimedia Analytics pageviews API (CC0)
TH,Thailand,2026-08-24,10,ชาคริต_แย้มนาม,th.wikipedia,1200,rounded,Wikimedia Analytics pageviews API (CC0)
TH,Thailand,2026-08-25,1,วอลเลย์บอลหญิงชิงแชมป์เอเชีย_2026,th.wikipedia,45100,rounded,Wikimedia Analytics pageviews API (CC0)
TH,Thailand,2026-08-25,2,2026_AVC_Women's_Volleyball_Continental_Championship,en.wikipedia,20900,rounded,Wikimedia Analytics pageviews API (CC0)
TH,Thailand,2026-08-25,3,องค์การกระจายเสียงและแพร่ภาพสาธารณะแห่งประเทศไทย,th.wikipedia,7900,rounded,Wikimedia Analytics pageviews API (CC0)
TH,Thailand,2026-08-25,4,เรย์_แมคโดนัลด์,th.wikipedia,3900,rounded,Wikimedia Analytics pageviews API (CC0)
TH,Thailand,2026-08-25,5,กิตติศักดิ์_เวชประสาร,th.wikipedia,2700,rounded,Wikimedia Analytics pageviews API (CC0)
TH,Thailand,2026-08-25,6,อสมท,th.wikipedia,2400,rounded,Wikimedia Analytics pageviews API (CC0)
TH,Thailand,2026-08-25,7,ปริญญ์_พานิชภักดิ์,th.wikipedia,2400,rounded,Wikimedia Analytics pageviews API (CC0)
TH,Thailand,2026-08-25,8,วันสารทจีน,th.wikipedia,1900,rounded,Wikimedia Analytics pageviews API (CC0)
TH,Thailand,2026-08-25,9,Dolly_Parton,en.wikipedia,1800,rounded,Wikimedia Analytics pageviews API (CC0)
TH,Thailand,2026-08-25,10,หี,th.wikipedia,1800,rounded,Wikimedia Analytics pageviews API (CC0)
TH,Thailand,2026-08-25,11,ชัยวัฒน์_ชื่นโกสุม,th.wikipedia,1700,rounded,Wikimedia Analytics pageviews API (CC0)
TH,Thailand,2026-08-25,12,วอลเลย์บอลหญิงชิงแชมป์เอเชีย,th.wikipedia,1700,rounded,Wikimedia Analytics pageviews API (CC0)
TH,Thailand,2026-08-25,13,ทารีน่า_โบเทส,th.wikipedia,1500,rounded,Wikimedia Analytics pageviews API (CC0)
TH,Thailand,2026-08-26,1,วอลเลย์บอลหญิงชิงแชมป์เอเชีย_2026,th.wikipedia,37900,rounded,Wikimedia Analytics pageviews API (CC0)
TH,Thailand,2026-08-26,2,2026_AVC_Women's_Volleyball_Continental_Championship,en.wikipedia,18300,rounded,Wikimedia Analytics pageviews API (CC0)
TH,Thailand,2026-08-26,3,เรย์_แมคโดนัลด์,th.wikipedia,10100,rounded,Wikimedia Analytics pageviews API (CC0)
TH,Thailand,2026-08-26,4,องค์การกระจายเสียงและแพร่ภาพสาธารณะแห่งประเทศไทย,th.wikipedia,8400,rounded,Wikimedia Analytics pageviews API (CC0)
TH,Thailand,2026-08-26,5,Dolly_Parton,en.wikipedia,6900,rounded,Wikimedia Analytics pageviews API (CC0)
TH,Thailand,2026-08-26,6,วันสารทจีน,th.wikipedia,5600,rounded,Wikimedia Analytics pageviews API (CC0)
TH,Thailand,2026-08-26,7,Black_Hole_Sun,en.wikipedia,3400,rounded,Wikimedia Analytics pageviews API (CC0)
TH,Thailand,2026-08-26,8,ซาวด์การ์เดน,th.wikipedia,3100,rounded,Wikimedia Analytics pageviews API (CC0)
TH,Thailand,2026-08-26,9,เมล_บี,th.wikipedia,2600,rounded,Wikimedia Analytics pageviews API (CC0)
TH,Thailand,2026-08-26,10,คริส_คอร์เนลล์,th.wikipedia,2300,rounded,Wikimedia Analytics pageviews API (CC0)
TH,Thailand,2026-08-26,11,Chris_Cornell,en.wikipedia,2200,rounded,Wikimedia Analytics pageviews API (CC0)
TH,Thailand,2026-08-26,12,Nene_Royal,en.wikipedia,2100,rounded,Wikimedia Analytics pageviews API (CC0)
TH,Thailand,2026-08-26,13,อสมท,th.wikipedia,2100,rounded,Wikimedia Analytics pageviews API (CC0)
TH,Thailand,2026-08-26,14,Soundgarden,en.wikipedia,2000,rounded,Wikimedia Analytics pageviews API (CC0)
TH,Thailand,2026-08-26,15,America's_Got_Talent_season_21,en.wikipedia,2000,rounded,Wikimedia Analytics pageviews API (CC0)
TH,Thailand,2026-08-26,16,หี,th.wikipedia,1900,rounded,Wikimedia Analytics pageviews API (CC0)
TH,Thailand,2026-08-26,17,Mel_B,en.wikipedia,1900,rounded,Wikimedia Analytics pageviews API (CC0)
TH,Thailand,2026-08-26,18,USS_Abraham_Lincoln_(CVN-72),en.wikipedia,1700,rounded,Wikimedia Analytics pageviews API (CC0)
TH,Thailand,2026-08-26,19,ชาคริต_แย้มนาม,th.wikipedia,1600,rounded,Wikimedia Analytics pageviews API (CC0)
TH,Thailand,2026-08-26,20,อุบัติรักเกาะสวรรค์,th.wikipedia,1500,rounded,Wikimedia Analytics pageviews API (CC0)
TH,Thailand,2026-08-27,1,วอลเลย์บอลหญิงชิงแชมป์เอเชีย_2026,th.wikipedia,22800,rounded,Wikimedia Analytics pageviews API (CC0)
TH,Thailand,2026-08-27,2,2026_AVC_Women's_Volleyball_Continental_Championship,en.wikipedia,10400,rounded,Wikimedia Analytics pageviews API (CC0)
TH,Thailand,2026-08-27,3,องค์การกระจายเสียงและแพร่ภาพสาธารณะแห่งประเทศไทย,th.wikipedia,8400,rounded,Wikimedia Analytics pageviews API (CC0)
TH,Thailand,2026-08-27,4,วันสารทจีน,th.wikipedia,7700,rounded,Wikimedia Analytics pageviews API (CC0)
TH,Thailand,2026-08-27,5,เรย์_แมคโดนัลด์,th.wikipedia,6200,rounded,Wikimedia Analytics pageviews API (CC0)
TH,Thailand,2026-08-27,6,ศศิกานต์_อภิชาตวรศิลป์,th.wikipedia,5400,rounded,Wikimedia Analytics pageviews API (CC0)
TH,Thailand,2026-08-27,7,Bradley_Barcola,en.wikipedia,2900,rounded,Wikimedia Analytics pageviews API (CC0)
TH,Thailand,2026-08-27,8,wiki.phtml,hr.wikipedia,2800,rounded,Wikimedia Analytics pageviews API (CC0)
TH,Thailand,2026-08-27,9,ประเทศเนปาล,th.wikipedia,2800,rounded,Wikimedia Analytics pageviews API (CC0)
TH,Thailand,2026-08-27,10,หี,th.wikipedia,2600,rounded,Wikimedia Analytics pageviews API (CC0)
TH,Thailand,2026-08-27,11,Tim_Curry,en.wikipedia,2400,rounded,Wikimedia Analytics pageviews API (CC0)
TH,Thailand,2026-08-27,12,Dolly_Parton,en.wikipedia,2300,rounded,Wikimedia Analytics pageviews API (CC0)
TH,Thailand,2026-08-27,13,อสมท,th.wikipedia,1800,rounded,Wikimedia Analytics pageviews API (CC0)
TH,Thailand,2026-08-27,14,2026_Women's_European_Volleyball_Championship,en.wikipedia,1700,rounded,Wikimedia Analytics pageviews API (CC0)
TH,Thailand,2026-08-27,15,อุบัติรักเกาะสวรรค์,th.wikipedia,1700,rounded,Wikimedia Analytics pageviews API (CC0)
TH,Thailand,2026-08-27,16,เขตปกครองตนเองทิเบต,th.wikipedia,1700,rounded,Wikimedia Analytics pageviews API (CC0)
TH,Thailand,2026-08-27,17,เรืองศักดิ์_ลอยชูศักดิ์,th.wikipedia,1600,rounded,Wikimedia Analytics pageviews API (CC0)
TH,Thailand,2026-08-27,18,2026–27_UEFA_Champions_League,en.wikipedia,1500,rounded,Wikimedia Analytics pageviews API (CC0)
TH,Thailand,2026-08-27,19,โกฮัง..หัวใจโกโฮม,th.wikipedia,1500,rounded,Wikimedia Analytics pageviews API (CC0)
TH,Thailand,2026-08-27,20,Yayoi_Kusama,en.wikipedia,1400,rounded,Wikimedia Analytics pageviews API (CC0)
TH,Thailand,2026-08-28,1,วอลเลย์บอลหญิงชิงแชมป์เอเชีย_2026,th.wikipedia,19100,rounded,Wikimedia Analytics pageviews API (CC0)
TH,Thailand,2026-08-28,2,ศศิกานต์_อภิชาตวรศิลป์,th.wikipedia,14600,rounded,Wikimedia Analytics pageviews API (CC0)
TH,Thailand,2026-08-28,3,องค์การกระจายเสียงและแพร่ภาพสาธารณะแห่งประเทศไทย,th.wikipedia,10500,rounded,Wikimedia Analytics pageviews API (CC0)
TH,Thailand,2026-08-28,4,2026_AVC_Women's_Volleyball_Continental_Championship,en.wikipedia,7800,rounded,Wikimedia Analytics pageviews API (CC0)
TH,Thailand,2026-08-28,5,สมเด็จพระราชาธิบดีฮารัลด์ที่_5_แห่งนอร์เวย์,th.wikipedia,4900,rounded,Wikimedia Analytics pageviews API (CC0)
TH,Thailand,2026-08-28,6,Harald_V,en.wikipedia,4900,rounded,Wikimedia Analytics pageviews API (CC0)
TH,Thailand,2026-08-28,7,เรืองศักดิ์_ลอยชูศักดิ์,th.wikipedia,4100,rounded,Wikimedia Analytics pageviews API (CC0)
TH,Thailand,2026-08-28,8,สมเด็จพระราชาธิบดีโฮกุนที่_8_แห่งนอร์เวย์,th.wikipedia,4100,rounded,Wikimedia Analytics pageviews API (CC0)
TH,Thailand,2026-08-28,9,เรย์_แมคโดนัลด์,th.wikipedia,2500,rounded,Wikimedia Analytics pageviews API (CC0)
TH,Thailand,2026-08-28,10,ลัคนา_หวงมณีรุ่งโรจน์,th.wikipedia,2200,rounded,Wikimedia Analytics pageviews API (CC0)
TH,Thailand,2026-08-28,11,Haakon_VIII,en.wikipedia,2100,rounded,Wikimedia Analytics pageviews API (CC0)
TH,Thailand,2026-08-28,12,หี,th.wikipedia,2100,rounded,Wikimedia Analytics pageviews API (CC0)
TH,Thailand,2026-08-28,13,ประเทศเนปาล,th.wikipedia,2000,rounded,Wikimedia Analytics pageviews API (CC0)
TH,Thailand,2026-08-28,14,อสมท,th.wikipedia,1900,rounded,Wikimedia Analytics pageviews API (CC0)
TH,Thailand,2026-08-28,15,โกฮัง..หัวใจโกโฮม,th.wikipedia,1800,rounded,Wikimedia Analytics pageviews API (CC0)
TH,Thailand,2026-08-28,16,2026_Women's_European_Volleyball_Championship,en.wikipedia,1700,rounded,Wikimedia Analytics pageviews API (CC0)
TH,Thailand,2026-08-28,17,จิ่ง_ปั๋วหราน,th.wikipedia,1700,rounded,Wikimedia Analytics pageviews API (CC0)
TH,Thailand,2026-08-28,18,พระมหากษัตริย์นอร์เวย์,th.wikipedia,1700,rounded,Wikimedia Analytics pageviews API (CC0)
TH,Thailand,2026-08-28,19,สมเด็จพระราชินีเม็ตเตอ-มาริตแห่งนอร์เวย์,th.wikipedia,1600,rounded,Wikimedia Analytics pageviews API (CC0)
TH,Thailand,2026-08-28,20,เจ้าหญิงอิงกริด_อเล็กซันดรา_มกุฎราชกุมารีแห่งนอร์เวย์,th.wikipedia,1600,rounded,Wikimedia Analytics pageviews API (CC0)
TH,Thailand,2026-08-29,1,วอลเลย์บอลหญิงชิงแชมป์เอเชีย_2026,th.wikipedia,27900,rounded,Wikimedia Analytics pageviews API (CC0)
TH,Thailand,2026-08-29,2,Force_Health_and_Wellness_Unit_Award,en.wikipedia,13400,rounded,Wikimedia Analytics pageviews API (CC0)
TH,Thailand,2026-08-29,3,2026_AVC_Women's_Volleyball_Continental_Championship,en.wikipedia,11700,rounded,Wikimedia Analytics pageviews API (CC0)
TH,Thailand,2026-08-29,4,องค์การกระจายเสียงและแพร่ภาพสาธารณะแห่งประเทศไทย,th.wikipedia,10100,rounded,Wikimedia Analytics pageviews API (CC0)
TH,Thailand,2026-08-29,5,ศศิกานต์_อภิชาตวรศิลป์,th.wikipedia,5700,rounded,Wikimedia Analytics pageviews API (CC0)
TH,Thailand,2026-08-29,6,วอลเลย์บอลหญิงชิงแชมป์เอเชีย,th.wikipedia,2500,rounded,Wikimedia Analytics pageviews API (CC0)
TH,Thailand,2026-08-29,7,หี,th.wikipedia,2500,rounded,Wikimedia Analytics pageviews API (CC0)
TH,Thailand,2026-08-29,8,ฤดูใหม่นี้มีเพียงสองเรา,th.wikipedia,2300,rounded,Wikimedia Analytics pageviews API (CC0)
TH,Thailand,2026-08-29,9,โกฮัง..หัวใจโกโฮม,th.wikipedia,2300,rounded,Wikimedia Analytics pageviews API (CC0)
TH,Thailand,2026-08-29,10,อันดับโลกเอฟไอวีบี,th.wikipedia,2200,rounded,Wikimedia Analytics pageviews API (CC0)
TH,Thailand,2026-08-29,11,เรืองศักดิ์_ลอยชูศักดิ์,th.wikipedia,2200,rounded,Wikimedia Analytics pageviews API (CC0)
TH,Thailand,2026-08-29,12,จิ่ง_ปั๋วหราน,th.wikipedia,1900,rounded,Wikimedia Analytics pageviews API (CC0)
TH,Thailand,2026-08-29,13,2027_FIVB_Women's_Volleyball_World_Cup,en.wikipedia,1900,rounded,Wikimedia Analytics pageviews API (CC0)
TH,Thailand,2026-08-29,14,สมเด็จพระราชาธิบดีโฮกุนที่_8_แห่งนอร์เวย์,th.wikipedia,1800,rounded,Wikimedia Analytics pageviews API (CC0)
TH,Thailand,2026-08-29,15,2026_Women's_European_Volleyball_Championship,en.wikipedia,1700,rounded,Wikimedia Analytics pageviews API (CC0)
TH,Thailand,2026-08-29,16,สมเด็จพระราชาธิบดีฮารัลด์ที่_5_แห่งนอร์เวย์,th.wikipedia,1600,rounded,Wikimedia Analytics pageviews API (CC0)
TH,Thailand,2026-08-29,17,อสมท,th.wikipedia,1600,rounded,Wikimedia Analytics pageviews API (CC0)
TH,Thailand,2026-08-29,18,เรย์_แมคโดนัลด์,th.wikipedia,1600,rounded,Wikimedia Analytics pageviews API (CC0)
TH,Thailand,2026-08-29,19,กรุงเทพมหานคร,th.wikipedia,1500,rounded,Wikimedia Analytics pageviews API (CC0)
TH,Thailand,2026-08-29,20,Harald_V,en.wikipedia,1500,rounded,Wikimedia Analytics pageviews API (CC0)
TH,Thailand,2026-08-30,1,วอลเลย์บอลหญิงชิงแชมป์เอเชีย_2026,th.wikipedia,26800,rounded,Wikimedia Analytics pageviews API (CC0)
TH,Thailand,2026-08-30,2,2026_AVC_Women's_Volleyball_Continental_Championship,en.wikipedia,14700,rounded,Wikimedia Analytics pageviews API (CC0)
TH,Thailand,2026-08-30,3,องค์การกระจายเสียงและแพร่ภาพสาธารณะแห่งประเทศไทย,th.wikipedia,8300,rounded,Wikimedia Analytics pageviews API (CC0)
TH,Thailand,2026-08-30,4,วอลเลย์บอลหญิงชิงแชมป์เอเชีย,th.wikipedia,8000,rounded,Wikimedia Analytics pageviews API (CC0)
TH,Thailand,2026-08-30,5,วอลเลย์บอลหญิงทีมชาติไทย,th.wikipedia,7400,rounded,Wikimedia Analytics pageviews API (CC0)
TH,Thailand,2026-08-30,6,Volleyball_at_the_2028_Summer_Olympics,en.wikipedia,6600,rounded,Wikimedia Analytics pageviews API (CC0)
TH,Thailand,2026-08-30,7,อันดับโลกเอฟไอวีบี,th.wikipedia,4400,rounded,Wikimedia Analytics pageviews API (CC0)
TH,Thailand,2026-08-30,8,เกียรติพงษ์_รัชตเกรียงไกร,th.wikipedia,4200,rounded,Wikimedia Analytics pageviews API (CC0)
TH,Thailand,2026-08-30,9,2026_Women's_European_Volleyball_Championship,en.wikipedia,4100,rounded,Wikimedia Analytics pageviews API (CC0)
TH,Thailand,2026-08-30,10,ฤดูใหม่นี้มีเพียงสองเรา,th.wikipedia,3600,rounded,Wikimedia Analytics pageviews API (CC0)
TH,Thailand,2026-08-30,11,2027_FIVB_Women's_Volleyball_World_Cup,en.wikipedia,3400,rounded,Wikimedia Analytics pageviews API (CC0)
TH,Thailand,2026-08-30,12,พรพรรณ_เกิดปราชญ์,th.wikipedia,3300,rounded,Wikimedia Analytics pageviews API (CC0)
TH,Thailand,2026-08-30,13,AVC_Women's_Volleyball_Continental_Championship,en.wikipedia,3200,rounded,Wikimedia Analytics pageviews API (CC0)
TH,Thailand,2026-08-30,14,Thailand_women's_national_volleyball_team,en.wikipedia,3000,rounded,Wikimedia Analytics pageviews API (CC0)
TH,Thailand,2026-08-30,15,เฝิง_คุน,th.wikipedia,2700,rounded,Wikimedia Analytics pageviews API (CC0)
TH,Thailand,2026-08-30,16,ทัดดาว_นึกแจ้ง,th.wikipedia,2500,rounded,Wikimedia Analytics pageviews API (CC0)
TH,Thailand,2026-08-30,17,วอลเลย์บอลหญิงชิงแชมป์เอเชีย_2023,th.wikipedia,2500,rounded,Wikimedia Analytics pageviews API (CC0)
TH,Thailand,2026-08-30,18,กีฬาวอลเลย์บอลในโอลิมปิกฤดูร้อน_2028,th.wikipedia,2500,rounded,Wikimedia Analytics pageviews API (CC0)
TH,Thailand,2026-08-30,19,ศศิกานต์_อภิชาตวรศิลป์,th.wikipedia,2500,rounded,Wikimedia Analytics pageviews API (CC0)
TH,Thailand,2026-08-30,20,ชัชชุอร_โมกศรี,th.wikipedia,2300,rounded,Wikimedia Analytics pageviews API (CC0)
AR,Argentina,2026-08-24,1,Radio_AM_750,es.wikipedia,13800,rounded,Wikimedia Analytics pageviews API (CC0)
AR,Argentina,2026-08-24,2,Copa_Mundial_de_Hockey_Masculino_de_2026,es.wikipedia,10300,rounded,Wikimedia Analytics pageviews API (CC0)
AR,Argentina,2026-08-24,3,Copa_Mundial_de_Hockey_Femenino_de_2026,es.wikipedia,8900,rounded,Wikimedia Analytics pageviews API (CC0)
AR,Argentina,2026-08-24,4,Sofía_Gala_Castiglione,es.wikipedia,7500,rounded,Wikimedia Analytics pageviews API (CC0)
AR,Argentina,2026-08-24,5,Mario_Castiglione,es.wikipedia,7400,rounded,Wikimedia Analytics pageviews API (CC0)
AR,Argentina,2026-08-24,6,Moria_Casán,es.wikipedia,5800,rounded,Wikimedia Analytics pageviews API (CC0)
AR,Argentina,2026-08-24,7,Enner_Valencia,es.wikipedia,4100,rounded,Wikimedia Analytics pageviews API (CC0)
AR,Argentina,2026-08-24,8,Juan_Pablo_Vojvoda,es.wikipedia,3900,rounded,Wikimedia Analytics pageviews API (CC0)
AR,Argentina,2026-08-24,9,Marcos_Rojo,es.wikipedia,3600,rounded,Wikimedia Analytics pageviews API (CC0)
AR,Argentina,2026-08-24,10,José_de_San_Martín,es.wikipedia,3400,rounded,Wikimedia Analytics pageviews API (CC0)
AR,Argentina,2026-08-24,11,Joaquín_Guzmán_Loera,es.wikipedia,2300,rounded,Wikimedia Analytics pageviews API (CC0)
AR,Argentina,2026-08-24,12,Matko_Miljevic,es.wikipedia,2300,rounded,Wikimedia Analytics pageviews API (CC0)
AR,Argentina,2026-08-24,13,Julián_Alvarez,es.wikipedia,2300,rounded,Wikimedia Analytics pageviews API (CC0)
AR,Argentina,2026-08-24,14,ChatGPT,en.wikipedia,2200,rounded,Wikimedia Analytics pageviews API (CC0)
AR,Argentina,2026-08-24,15,La_Odisea_(película_de_2026),es.wikipedia,2100,rounded,Wikimedia Analytics pageviews API (CC0)
AR,Argentina,2026-08-24,16,Fernando_Galmarini,es.wikipedia,2100,rounded,Wikimedia Analytics pageviews API (CC0)
AR,Argentina,2026-08-24,17,Batato_Barea,es.wikipedia,2000,rounded,Wikimedia Analytics pageviews API (CC0)
AR,Argentina,2026-08-24,18,Manuel_Lanzini,es.wikipedia,1900,rounded,Wikimedia Analytics pageviews API (CC0)
AR,Argentina,2026-08-24,19,Miguel_Merentiel,es.wikipedia,1900,rounded,Wikimedia Analytics pageviews API (CC0)
AR,Argentina,2026-08-24,20,Ulises_Ortegoza,es.wikipedia,1900,rounded,Wikimedia Analytics pageviews API (CC0)
AR,Argentina,2026-08-25,1,Dolly_Parton,es.wikipedia,18600,rounded,Wikimedia Analytics pageviews API (CC0)
AR,Argentina,2026-08-25,2,Radio_AM_750,es.wikipedia,12600,rounded,Wikimedia Analytics pageviews API (CC0)
AR,Argentina,2026-08-25,3,Palito_Ortega,es.wikipedia,9800,rounded,Wikimedia Analytics pageviews API (CC0)
AR,Argentina,2026-08-25,4,Leonel_Núñez,es.wikipedia,8400,rounded,Wikimedia Analytics pageviews API (CC0)
AR,Argentina,2026-08-25,5,Sofía_Gala_Castiglione,es.wikipedia,6700,rounded,Wikimedia Analytics pageviews API (CC0)
AR,Argentina,2026-08-25,6,Mario_Castiglione,es.wikipedia,5500,rounded,Wikimedia Analytics pageviews API (CC0)
AR,Argentina,2026-08-25,7,Moria_Casán,es.wikipedia,4300,rounded,Wikimedia Analytics pageviews API (CC0)
AR,Argentina,2026-08-25,8,Popstars_(Argentina),es.wikipedia,3600,rounded,Wikimedia Analytics pageviews API (CC0)
AR,Argentina,2026-08-25,9,Copa_Mundial_de_Hockey_Femenino_de_2026,es.wikipedia,3400,rounded,Wikimedia Analytics pageviews API (CC0)
AR,Argentina,2026-08-25,10,Copa_Mundial_de_Hockey_Masculino_de_2026,es.wikipedia,3100,rounded,Wikimedia Analytics pageviews API (CC0)
AR,Argentina,2026-08-25,11,Dolly_Parton,en.wikipedia,3100,rounded,Wikimedia Analytics pageviews API (CC0)
AR,Argentina,2026-08-25,12,Nehuén_Pérez,es.wikipedia,2800,rounded,Wikimedia Analytics pageviews API (CC0)
AR,Argentina,2026-08-25,13,José_de_San_Martín,es.wikipedia,2800,rounded,Wikimedia Analytics pageviews API (CC0)
AR,Argentina,2026-08-25,14,Evangelina_Salazar,es.wikipedia,2500,rounded,Wikimedia Analytics pageviews API (CC0)
AR,Argentina,2026-08-25,15,Estrecho_de_Magallanes,es.wikipedia,2300,rounded,Wikimedia Analytics pageviews API (CC0)
AR,Argentina,2026-08-25,16,ChatGPT,en.wikipedia,2200,rounded,Wikimedia Analytics pageviews API (CC0)
AR,Argentina,2026-08-25,17,Fernando_Galmarini,es.wikipedia,2200,rounded,Wikimedia Analytics pageviews API (CC0)
AR,Argentina,2026-08-25,18,Fátima_Flórez,es.wikipedia,2100,rounded,Wikimedia Analytics pageviews API (CC0)
AR,Argentina,2026-08-25,19,Joaquín_Guzmán_Loera,es.wikipedia,1900,rounded,Wikimedia Analytics pageviews API (CC0)
AR,Argentina,2026-08-25,20,Martín_Cirio,es.wikipedia,1800,rounded,Wikimedia Analytics pageviews API (CC0)
AR,Argentina,2026-08-26,1,Dolly_Parton,es.wikipedia,22600,rounded,Wikimedia Analytics pageviews API (CC0)
AR,Argentina,2026-08-26,2,Ruben_Rada,es.wikipedia,21900,rounded,Wikimedia Analytics pageviews API (CC0)
AR,Argentina,2026-08-26,3,Tim_Curry,es.wikipedia,21100,rounded,Wikimedia Analytics pageviews API (CC0)
AR,Argentina,2026-08-26,4,Radio_AM_750,es.wikipedia,12300,rounded,Wikimedia Analytics pageviews API (CC0)
AR,Argentina,2026-08-26,5,Sofía_Gala_Castiglione,es.wikipedia,5500,rounded,Wikimedia Analytics pageviews API (CC0)
AR,Argentina,2026-08-26,6,Mario_Castiglione,es.wikipedia,4500,rounded,Wikimedia Analytics pageviews API (CC0)
AR,Argentina,2026-08-26,7,Tini_Stoessel,es.wikipedia,4200,rounded,Wikimedia Analytics pageviews API (CC0)
AR,Argentina,2026-08-26,8,Moria_Casán,es.wikipedia,3700,rounded,Wikimedia Analytics pageviews API (CC0)
AR,Argentina,2026-08-26,9,Leonel_Núñez,es.wikipedia,3600,rounded,Wikimedia Analytics pageviews API (CC0)
AR,Argentina,2026-08-26,10,Claudio_García,es.wikipedia,3300,rounded,Wikimedia Analytics pageviews API (CC0)
AR,Argentina,2026-08-26,11,Dolly_Parton,en.wikipedia,3000,rounded,Wikimedia Analytics pageviews API (CC0)
AR,Argentina,2026-08-26,12,Tim_Curry,en.wikipedia,2800,rounded,Wikimedia Analytics pageviews API (CC0)
AR,Argentina,2026-08-26,13,Ceferino_Namuncurá,es.wikipedia,2600,rounded,Wikimedia Analytics pageviews API (CC0)
AR,Argentina,2026-08-26,14,Amy_Winehouse,es.wikipedia,2400,rounded,Wikimedia Analytics pageviews API (CC0)
AR,Argentina,2026-08-26,15,wiki.phtml,sr.wikipedia,2300,rounded,Wikimedia Analytics pageviews API (CC0)
AR,Argentina,2026-08-26,16,José_de_San_Martín,es.wikipedia,2300,rounded,Wikimedia Analytics pageviews API (CC0)
AR,Argentina,2026-08-26,17,Eugenio_Weinbaum,es.wikipedia,2200,rounded,Wikimedia Analytics pageviews API (CC0)
AR,Argentina,2026-08-26,18,ChatGPT,en.wikipedia,2000,rounded,Wikimedia Analytics pageviews API (CC0)
AR,Argentina,2026-08-26,19,Copa_Mundial_de_Hockey_Femenino_de_2026,es.wikipedia,2000,rounded,Wikimedia Analytics pageviews API (CC0)
AR,Argentina,2026-08-26,20,Germán_Pezzella,es.wikipedia,2000,rounded,Wikimedia Analytics pageviews API (CC0)
AR,Argentina,2026-08-27,1,Ruben_Rada,es.wikipedia,28600,rounded,Wikimedia Analytics pageviews API (CC0)
AR,Argentina,2026-08-27,2,Radio_AM_750,es.wikipedia,13700,rounded,Wikimedia Analytics pageviews API (CC0)
AR,Argentina,2026-08-27,3,Tim_Curry,es.wikipedia,10900,rounded,Wikimedia Analytics pageviews API (CC0)
AR,Argentina,2026-08-27,4,Eduardo_Coudet,es.wikipedia,10700,rounded,Wikimedia Analytics pageviews API (CC0)
AR,Argentina,2026-08-27,5,Hugo_Rodallega,es.wikipedia,7800,rounded,Wikimedia Analytics pageviews API (CC0)
AR,Argentina,2026-08-27,6,Dolly_Parton,es.wikipedia,7000,rounded,Wikimedia Analytics pageviews API (CC0)
AR,Argentina,2026-08-27,7,Copa_Mundial_de_Hockey_Femenino_de_2026,es.wikipedia,6600,rounded,Wikimedia Analytics pageviews API (CC0)
AR,Argentina,2026-08-27,8,Hernán_Crespo,es.wikipedia,6500,rounded,Wikimedia Analytics pageviews API (CC0)
AR,Argentina,2026-08-27,9,Ramón_Díaz_(entrenador_argentino),es.wikipedia,6400,rounded,Wikimedia Analytics pageviews API (CC0)
AR,Argentina,2026-08-27,10,Club_Independiente_Santa_Fe,es.wikipedia,6300,rounded,Wikimedia Analytics pageviews API (CC0)
AR,Argentina,2026-08-27,11,Yayoi_Kusama,es.wikipedia,5600,rounded,Wikimedia Analytics pageviews API (CC0)
AR,Argentina,2026-08-27,12,Leonardo_Ponzio,es.wikipedia,4900,rounded,Wikimedia Analytics pageviews API (CC0)
AR,Argentina,2026-08-27,13,Copa_Mundial_de_Hockey_Masculino_de_2026,es.wikipedia,4400,rounded,Wikimedia Analytics pageviews API (CC0)
AR,Argentina,2026-08-27,14,Copa_Mundial_de_Hockey_Femenino,es.wikipedia,4300,rounded,Wikimedia Analytics pageviews API (CC0)
AR,Argentina,2026-08-27,15,Sofía_Gala_Castiglione,es.wikipedia,4100,rounded,Wikimedia Analytics pageviews API (CC0)
AR,Argentina,2026-08-27,16,wiki.phtml,hr.wikipedia,4100,rounded,Wikimedia Analytics pageviews API (CC0)
AR,Argentina,2026-08-27,17,Tini_Stoessel,es.wikipedia,3900,rounded,Wikimedia Analytics pageviews API (CC0)
AR,Argentina,2026-08-27,18,Santiago_Beltrán,es.wikipedia,3800,rounded,Wikimedia Analytics pageviews API (CC0)
AR,Argentina,2026-08-27,19,Lucas_Martínez_Quarta,es.wikipedia,3800,rounded,Wikimedia Analytics pageviews API (CC0)
AR,Argentina,2026-08-27,20,Gutiérrez_is_mai_neim,es.wikipedia,3700,rounded,Wikimedia Analytics pageviews API (CC0)
AR,Argentina,2026-08-28,1,Ruben_Rada,es.wikipedia,15400,rounded,Wikimedia Analytics pageviews API (CC0)
AR,Argentina,2026-08-28,2,Radio_AM_750,es.wikipedia,11600,rounded,Wikimedia Analytics pageviews API (CC0)
AR,Argentina,2026-08-28,3,.xyz,en.wikipedia,10400,rounded,Wikimedia Analytics pageviews API (CC0)
AR,Argentina,2026-08-28,4,Harald_V_de_Noruega,es.wikipedia,6100,rounded,Wikimedia Analytics pageviews API (CC0)
AR,Argentina,2026-08-28,5,Copa_Mundial_de_Hockey_Masculino_de_2026,es.wikipedia,5900,rounded,Wikimedia Analytics pageviews API (CC0)
AR,Argentina,2026-08-28,6,Ricardo_Barreda,es.wikipedia,5400,rounded,Wikimedia Analytics pageviews API (CC0)
AR,Argentina,2026-08-28,7,Leonardo_Ponzio,es.wikipedia,5300,rounded,Wikimedia Analytics pageviews API (CC0)
AR,Argentina,2026-08-28,8,Sebastián_Estevanez,es.wikipedia,4600,rounded,Wikimedia Analytics pageviews API (CC0)
AR,Argentina,2026-08-28,9,Gutiérrez_is_mai_neim,es.wikipedia,4500,rounded,Wikimedia Analytics pageviews API (CC0)
AR,Argentina,2026-08-28,10,Copa_Mundial_de_Hockey_Femenino,es.wikipedia,4000,rounded,Wikimedia Analytics pageviews API (CC0)
AR,Argentina,2026-08-28,11,Copa_Mundial_de_Hockey_Femenino_de_2026,es.wikipedia,3900,rounded,Wikimedia Analytics pageviews API (CC0)
AR,Argentina,2026-08-28,12,Jorge_Pedersoli,es.wikipedia,3400,rounded,Wikimedia Analytics pageviews API (CC0)
AR,Argentina,2026-08-28,13,Haakon_VIII_de_Noruega,es.wikipedia,3400,rounded,Wikimedia Analytics pageviews API (CC0)
AR,Argentina,2026-08-28,14,Sofía_Gala_Castiglione,es.wikipedia,3300,rounded,Wikimedia Analytics pageviews API (CC0)
AR,Argentina,2026-08-28,15,Mario_Castiglione,es.wikipedia,3200,rounded,Wikimedia Analytics pageviews API (CC0)
AR,Argentina,2026-08-28,16,Dolly_Parton,es.wikipedia,3200,rounded,Wikimedia Analytics pageviews API (CC0)
AR,Argentina,2026-08-28,17,Yayoi_Kusama,es.wikipedia,3200,rounded,Wikimedia Analytics pageviews API (CC0)
AR,Argentina,2026-08-28,18,Copa_Mundial_de_Hockey_Masculino,es.wikipedia,3100,rounded,Wikimedia Analytics pageviews API (CC0)
AR,Argentina,2026-08-28,19,Tim_Curry,es.wikipedia,2800,rounded,Wikimedia Analytics pageviews API (CC0)
AR,Argentina,2026-08-28,20,Moria_Casán,es.wikipedia,2400,rounded,Wikimedia Analytics pageviews API (CC0)
AR,Argentina,2026-08-29,1,Copa_Mundial_de_Hockey_Femenino,es.wikipedia,28700,rounded,Wikimedia Analytics pageviews API (CC0)
AR,Argentina,2026-08-29,2,Ricardo_Barreda,es.wikipedia,15000,rounded,Wikimedia Analytics pageviews API (CC0)
AR,Argentina,2026-08-29,3,Bárbara_Lombardo,es.wikipedia,13900,rounded,Wikimedia Analytics pageviews API (CC0)
AR,Argentina,2026-08-29,4,Radio_AM_750,es.wikipedia,12000,rounded,Wikimedia Analytics pageviews API (CC0)
AR,Argentina,2026-08-29,5,Luciana_Aymar,es.wikipedia,11000,rounded,Wikimedia Analytics pageviews API (CC0)
AR,Argentina,2026-08-29,6,Selección_femenina_de_hockey_sobre_césped_de_Argentina,es.wikipedia,10400,rounded,Wikimedia Analytics pageviews API (CC0)
AR,Argentina,2026-08-29,7,Copa_Mundial_de_Hockey_Femenino_de_2026,es.wikipedia,10400,rounded,Wikimedia Analytics pageviews API (CC0)
AR,Argentina,2026-08-29,8,.xyz,en.wikipedia,6500,rounded,Wikimedia Analytics pageviews API (CC0)
AR,Argentina,2026-08-29,9,Copa_Mundial_de_Hockey_Masculino,es.wikipedia,6200,rounded,Wikimedia Analytics pageviews API (CC0)
AR,Argentina,2026-08-29,10,Tomás_Belmonte,es.wikipedia,6100,rounded,Wikimedia Analytics pageviews API (CC0)
AR,Argentina,2026-08-29,11,Ruben_Rada,es.wikipedia,5600,rounded,Wikimedia Analytics pageviews API (CC0)
AR,Argentina,2026-08-29,12,Gutiérrez_is_mai_neim,es.wikipedia,5400,rounded,Wikimedia Analytics pageviews API (CC0)
AR,Argentina,2026-08-29,13,Copa_Mundial_de_Hockey_Masculino_de_2026,es.wikipedia,4500,rounded,Wikimedia Analytics pageviews API (CC0)
AR,Argentina,2026-08-29,14,Sofía_Gala_Castiglione,es.wikipedia,4200,rounded,Wikimedia Analytics pageviews API (CC0)
AR,Argentina,2026-08-29,15,Cristina_Cosentino,es.wikipedia,3900,rounded,Wikimedia Analytics pageviews API (CC0)
AR,Argentina,2026-08-29,16,Mario_Castiglione,es.wikipedia,3800,rounded,Wikimedia Analytics pageviews API (CC0)
AR,Argentina,2026-08-29,17,Aníbal_Fernández,es.wikipedia,3400,rounded,Wikimedia Analytics pageviews API (CC0)
AR,Argentina,2026-08-29,18,María_José_Granatto,es.wikipedia,3400,rounded,Wikimedia Analytics pageviews API (CC0)
AR,Argentina,2026-08-29,19,Sofía_Cairó,es.wikipedia,3200,rounded,Wikimedia Analytics pageviews API (CC0)
AR,Argentina,2026-08-29,20,Mercedes_Margalot,es.wikipedia,3100,rounded,Wikimedia Analytics pageviews API (CC0)
AR,Argentina,2026-08-30,1,Ricardo_Barreda,es.wikipedia,20600,rounded,Wikimedia Analytics pageviews API (CC0)
AR,Argentina,2026-08-30,2,Radio_AM_750,es.wikipedia,11500,rounded,Wikimedia Analytics pageviews API (CC0)
AR,Argentina,2026-08-30,3,Copa_Mundial_de_Hockey_Femenino,es.wikipedia,7900,rounded,Wikimedia Analytics pageviews API (CC0)
AR,Argentina,2026-08-30,4,Gutiérrez_is_mai_neim,es.wikipedia,7100,rounded,Wikimedia Analytics pageviews API (CC0)
AR,Argentina,2026-08-30,5,Ingrid_Grudke,es.wikipedia,6900,rounded,Wikimedia Analytics pageviews API (CC0)
AR,Argentina,2026-08-30,6,Leonardo_Ponzio,es.wikipedia,5800,rounded,Wikimedia Analytics pageviews API (CC0)
AR,Argentina,2026-08-30,7,Ruben_Rada,es.wikipedia,5600,rounded,Wikimedia Analytics pageviews API (CC0)
AR,Argentina,2026-08-30,8,Luciana_Aymar,es.wikipedia,5400,rounded,Wikimedia Analytics pageviews API (CC0)
AR,Argentina,2026-08-30,9,Marilú_Marini,es.wikipedia,5200,rounded,Wikimedia Analytics pageviews API (CC0)
AR,Argentina,2026-08-30,10,Copa_Mundial_de_Hockey_Masculino,es.wikipedia,4800,rounded,Wikimedia Analytics pageviews API (CC0)
AR,Argentina,2026-08-30,11,Juan_Ingaramo,es.wikipedia,4200,rounded,Wikimedia Analytics pageviews API (CC0)
AR,Argentina,2026-08-30,12,Sofía_Gala_Castiglione,es.wikipedia,4200,rounded,Wikimedia Analytics pageviews API (CC0)
AR,Argentina,2026-08-30,13,Lionel_Messi,es.wikipedia,4200,rounded,Wikimedia Analytics pageviews API (CC0)
AR,Argentina,2026-08-30,14,Maxi_López,es.wikipedia,4000,rounded,Wikimedia Analytics pageviews API (CC0)
AR,Argentina,2026-08-30,15,Mario_Castiglione,es.wikipedia,4000,rounded,Wikimedia Analytics pageviews API (CC0)
AR,Argentina,2026-08-30,16,Copa_Mundial_de_Hockey_Masculino_de_2026,es.wikipedia,3800,rounded,Wikimedia Analytics pageviews API (CC0)
AR,Argentina,2026-08-30,17,Barreda_(película),es.wikipedia,3700,rounded,Wikimedia Analytics pageviews API (CC0)
AR,Argentina,2026-08-30,18,Selección_femenina_de_hockey_sobre_césped_de_Argentina,es.wikipedia,3700,rounded,Wikimedia Analytics pageviews API (CC0)
AR,Argentina,2026-08-30,19,Campeonato_Mundial_de_Polo,es.wikipedia,3400,rounded,Wikimedia Analytics pageviews API (CC0)
AR,Argentina,2026-08-30,20,Goleador_(fútbol),es.wikipedia,3400,rounded,Wikimedia Analytics pageviews API (CC0)
