scope,year,residence,indicator,pct,source
AFR,2000,rural,open_defecation,40.1094,"WHO Global Health Observatory (JMP), ghoapi.azureedge.net"
AFR,2000,rural,sanitation_basic,17.3272,"WHO Global Health Observatory (JMP), ghoapi.azureedge.net"
AFR,2000,rural,sanitation_safely_managed,14.1652,"WHO Global Health Observatory (JMP), ghoapi.azureedge.net"
AFR,2000,rural,water_basic,31.8922,"WHO Global Health Observatory (JMP), ghoapi.azureedge.net"
AFR,2000,rural,water_safely_managed,7.3201,"WHO Global Health Observatory (JMP), ghoapi.azureedge.net"
AFR,2000,total,open_defecation,29.7092,"WHO Global Health Observatory (JMP), ghoapi.azureedge.net"
AFR,2000,total,sanitation_basic,24.9785,"WHO Global Health Observatory (JMP), ghoapi.azureedge.net"
AFR,2000,total,sanitation_safely_managed,18.2666,"WHO Global Health Observatory (JMP), ghoapi.azureedge.net"
AFR,2000,total,water_basic,47.5773,"WHO Global Health Observatory (JMP), ghoapi.azureedge.net"
AFR,2000,total,water_safely_managed,19.8461,"WHO Global Health Observatory (JMP), ghoapi.azureedge.net"
AFR,2000,urban,open_defecation,8.4302,"WHO Global Health Observatory (JMP), ghoapi.azureedge.net"
AFR,2000,urban,sanitation_basic,40.5993,"WHO Global Health Observatory (JMP), ghoapi.azureedge.net"
AFR,2000,urban,sanitation_safely_managed,26.6229,"WHO Global Health Observatory (JMP), ghoapi.azureedge.net"
AFR,2000,urban,water_basic,79.4387,"WHO Global Health Observatory (JMP), ghoapi.azureedge.net"
AFR,2000,urban,water_safely_managed,45.3668,"WHO Global Health Observatory (JMP), ghoapi.azureedge.net"
AFR,2001,rural,open_defecation,39.5106,"WHO Global Health Observatory (JMP), ghoapi.azureedge.net"
AFR,2001,rural,sanitation_basic,17.536,"WHO Global Health Observatory (JMP), ghoapi.azureedge.net"
AFR,2001,rural,sanitation_safely_managed,14.3583,"WHO Global Health Observatory (JMP), ghoapi.azureedge.net"
AFR,2001,rural,water_basic,32.6628,"WHO Global Health Observatory (JMP), ghoapi.azureedge.net"
AFR,2001,rural,water_safely_managed,7.4912,"WHO Global Health Observatory (JMP), ghoapi.azureedge.net"
AFR,2001,total,open_defecation,29.0836,"WHO Global Health Observatory (JMP), ghoapi.azureedge.net"
AFR,2001,total,sanitation_basic,25.3355,"WHO Global Health Observatory (JMP), ghoapi.azureedge.net"
AFR,2001,total,sanitation_safely_managed,18.4618,"WHO Global Health Observatory (JMP), ghoapi.azureedge.net"
AFR,2001,total,water_basic,48.3234,"WHO Global Health Observatory (JMP), ghoapi.azureedge.net"
AFR,2001,total,water_safely_managed,20.0935,"WHO Global Health Observatory (JMP), ghoapi.azureedge.net"
AFR,2001,urban,open_defecation,8.3019,"WHO Global Health Observatory (JMP), ghoapi.azureedge.net"
AFR,2001,urban,sanitation_basic,40.6547,"WHO Global Health Observatory (JMP), ghoapi.azureedge.net"
AFR,2001,urban,sanitation_safely_managed,26.6546,"WHO Global Health Observatory (JMP), ghoapi.azureedge.net"
AFR,2001,urban,water_basic,79.5018,"WHO Global Health Observatory (JMP), ghoapi.azureedge.net"
AFR,2001,urban,water_safely_managed,45.2544,"WHO Global Health Observatory (JMP), ghoapi.azureedge.net"
AFR,2002,rural,open_defecation,38.8439,"WHO Global Health Observatory (JMP), ghoapi.azureedge.net"
AFR,2002,rural,sanitation_basic,17.8517,"WHO Global Health Observatory (JMP), ghoapi.azureedge.net"
AFR,2002,rural,sanitation_safely_managed,14.6466,"WHO Global Health Observatory (JMP), ghoapi.azureedge.net"
AFR,2002,rural,water_basic,33.4754,"WHO Global Health Observatory (JMP), ghoapi.azureedge.net"
AFR,2002,rural,water_safely_managed,7.741,"WHO Global Health Observatory (JMP), ghoapi.azureedge.net"
AFR,2002,total,open_defecation,28.4546,"WHO Global Health Observatory (JMP), ghoapi.azureedge.net"
AFR,2002,total,sanitation_basic,25.7609,"WHO Global Health Observatory (JMP), ghoapi.azureedge.net"
AFR,2002,total,sanitation_safely_managed,18.7783,"WHO Global Health Observatory (JMP), ghoapi.azureedge.net"
AFR,2002,total,water_basic,49.1498,"WHO Global Health Observatory (JMP), ghoapi.azureedge.net"
AFR,2002,total,water_safely_managed,20.4974,"WHO Global Health Observatory (JMP), ghoapi.azureedge.net"
AFR,2002,urban,open_defecation,8.1674,"WHO Global Health Observatory (JMP), ghoapi.azureedge.net"
AFR,2002,urban,sanitation_basic,40.9853,"WHO Global Health Observatory (JMP), ghoapi.azureedge.net"
AFR,2002,urban,sanitation_safely_managed,26.8591,"WHO Global Health Observatory (JMP), ghoapi.azureedge.net"
AFR,2002,urban,water_basic,79.7237,"WHO Global Health Observatory (JMP), ghoapi.azureedge.net"
AFR,2002,urban,water_safely_managed,45.4473,"WHO Global Health Observatory (JMP), ghoapi.azureedge.net"
AFR,2003,rural,open_defecation,38.1874,"WHO Global Health Observatory (JMP), ghoapi.azureedge.net"
AFR,2003,rural,sanitation_basic,18.1916,"WHO Global Health Observatory (JMP), ghoapi.azureedge.net"
AFR,2003,rural,sanitation_safely_managed,14.9523,"WHO Global Health Observatory (JMP), ghoapi.azureedge.net"
AFR,2003,rural,water_basic,34.3183,"WHO Global Health Observatory (JMP), ghoapi.azureedge.net"
AFR,2003,rural,water_safely_managed,8.0001,"WHO Global Health Observatory (JMP), ghoapi.azureedge.net"
AFR,2003,total,open_defecation,27.8327,"WHO Global Health Observatory (JMP), ghoapi.azureedge.net"
AFR,2003,total,sanitation_basic,26.2129,"WHO Global Health Observatory (JMP), ghoapi.azureedge.net"
AFR,2003,total,sanitation_safely_managed,19.1124,"WHO Global Health Observatory (JMP), ghoapi.azureedge.net"
AFR,2003,total,water_basic,50.0073,"WHO Global Health Observatory (JMP), ghoapi.azureedge.net"
AFR,2003,total,water_safely_managed,20.9099,"WHO Global Health Observatory (JMP), ghoapi.azureedge.net"
AFR,2003,urban,open_defecation,8.0161,"WHO Global Health Observatory (JMP), ghoapi.azureedge.net"
AFR,2003,urban,sanitation_basic,41.3505,"WHO Global Health Observatory (JMP), ghoapi.azureedge.net"
AFR,2003,urban,sanitation_safely_managed,27.0858,"WHO Global Health Observatory (JMP), ghoapi.azureedge.net"
AFR,2003,urban,water_basic,80.0002,"WHO Global Health Observatory (JMP), ghoapi.azureedge.net"
AFR,2003,urban,water_safely_managed,45.6534,"WHO Global Health Observatory (JMP), ghoapi.azureedge.net"
AFR,2004,rural,open_defecation,37.5244,"WHO Global Health Observatory (JMP), ghoapi.azureedge.net"
AFR,2004,rural,sanitation_basic,18.5356,"WHO Global Health Observatory (JMP), ghoapi.azureedge.net"
AFR,2004,rural,sanitation_safely_managed,15.2609,"WHO Global Health Observatory (JMP), ghoapi.azureedge.net"
AFR,2004,rural,water_basic,35.1828,"WHO Global Health Observatory (JMP), ghoapi.azureedge.net"
AFR,2004,rural,water_safely_managed,8.2701,"WHO Global Health Observatory (JMP), ghoapi.azureedge.net"
AFR,2004,total,open_defecation,27.2095,"WHO Global Health Observatory (JMP), ghoapi.azureedge.net"
AFR,2004,total,sanitation_basic,26.6804,"WHO Global Health Observatory (JMP), ghoapi.azureedge.net"
AFR,2004,total,sanitation_safely_managed,19.4565,"WHO Global Health Observatory (JMP), ghoapi.azureedge.net"
AFR,2004,total,water_basic,50.8774,"WHO Global Health Observatory (JMP), ghoapi.azureedge.net"
AFR,2004,total,water_safely_managed,21.3752,"WHO Global Health Observatory (JMP), ghoapi.azureedge.net"
AFR,2004,urban,open_defecation,7.8635,"WHO Global Health Observatory (JMP), ghoapi.azureedge.net"
AFR,2004,urban,sanitation_basic,41.7505,"WHO Global Health Observatory (JMP), ghoapi.azureedge.net"
AFR,2004,urban,sanitation_safely_managed,27.3361,"WHO Global Health Observatory (JMP), ghoapi.azureedge.net"
AFR,2004,urban,water_basic,80.2812,"WHO Global Health Observatory (JMP), ghoapi.azureedge.net"
AFR,2004,urban,water_safely_managed,45.9881,"WHO Global Health Observatory (JMP), ghoapi.azureedge.net"
AFR,2005,rural,open_defecation,36.8513,"WHO Global Health Observatory (JMP), ghoapi.azureedge.net"
AFR,2005,rural,sanitation_basic,18.9347,"WHO Global Health Observatory (JMP), ghoapi.azureedge.net"
AFR,2005,rural,sanitation_safely_managed,15.6195,"WHO Global Health Observatory (JMP), ghoapi.azureedge.net"
AFR,2005,rural,water_basic,36.0579,"WHO Global Health Observatory (JMP), ghoapi.azureedge.net"
AFR,2005,rural,water_safely_managed,8.545,"WHO Global Health Observatory (JMP), ghoapi.azureedge.net"
AFR,2005,total,open_defecation,26.5804,"WHO Global Health Observatory (JMP), ghoapi.azureedge.net"
AFR,2005,total,sanitation_basic,27.1901,"WHO Global Health Observatory (JMP), ghoapi.azureedge.net"
AFR,2005,total,sanitation_safely_managed,19.8329,"WHO Global Health Observatory (JMP), ghoapi.azureedge.net"
AFR,2005,total,water_basic,51.7573,"WHO Global Health Observatory (JMP), ghoapi.azureedge.net"
AFR,2005,total,water_safely_managed,21.8446,"WHO Global Health Observatory (JMP), ghoapi.azureedge.net"
AFR,2005,urban,open_defecation,7.7131,"WHO Global Health Observatory (JMP), ghoapi.azureedge.net"
AFR,2005,urban,sanitation_basic,42.1571,"WHO Global Health Observatory (JMP), ghoapi.azureedge.net"
AFR,2005,urban,sanitation_safely_managed,27.5827,"WHO Global Health Observatory (JMP), ghoapi.azureedge.net"
AFR,2005,urban,water_basic,80.5659,"WHO Global Health Observatory (JMP), ghoapi.azureedge.net"
AFR,2005,urban,water_safely_managed,46.3065,"WHO Global Health Observatory (JMP), ghoapi.azureedge.net"
AFR,2006,rural,open_defecation,36.1739,"WHO Global Health Observatory (JMP), ghoapi.azureedge.net"
AFR,2006,rural,sanitation_basic,19.3305,"WHO Global Health Observatory (JMP), ghoapi.azureedge.net"
AFR,2006,rural,sanitation_safely_managed,15.9705,"WHO Global Health Observatory (JMP), ghoapi.azureedge.net"
AFR,2006,rural,water_basic,36.943,"WHO Global Health Observatory (JMP), ghoapi.azureedge.net"
AFR,2006,rural,water_safely_managed,8.8529,"WHO Global Health Observatory (JMP), ghoapi.azureedge.net"
AFR,2006,total,open_defecation,25.9451,"WHO Global Health Observatory (JMP), ghoapi.azureedge.net"
AFR,2006,total,sanitation_basic,27.7216,"WHO Global Health Observatory (JMP), ghoapi.azureedge.net"
AFR,2006,total,sanitation_safely_managed,20.2174,"WHO Global Health Observatory (JMP), ghoapi.azureedge.net"
AFR,2006,total,water_basic,52.6571,"WHO Global Health Observatory (JMP), ghoapi.azureedge.net"
AFR,2006,total,water_safely_managed,22.3467,"WHO Global Health Observatory (JMP), ghoapi.azureedge.net"
AFR,2006,urban,open_defecation,7.5587,"WHO Global Health Observatory (JMP), ghoapi.azureedge.net"
AFR,2006,urban,sanitation_basic,42.5969,"WHO Global Health Observatory (JMP), ghoapi.azureedge.net"
AFR,2006,urban,sanitation_safely_managed,27.8686,"WHO Global Health Observatory (JMP), ghoapi.azureedge.net"
AFR,2006,urban,water_basic,80.8677,"WHO Global Health Observatory (JMP), ghoapi.azureedge.net"
AFR,2006,urban,water_safely_managed,46.6576,"WHO Global Health Observatory (JMP), ghoapi.azureedge.net"
AFR,2007,rural,open_defecation,35.4913,"WHO Global Health Observatory (JMP), ghoapi.azureedge.net"
AFR,2007,rural,sanitation_basic,19.7301,"WHO Global Health Observatory (JMP), ghoapi.azureedge.net"
AFR,2007,rural,sanitation_safely_managed,16.3225,"WHO Global Health Observatory (JMP), ghoapi.azureedge.net"
AFR,2007,rural,water_basic,37.8385,"WHO Global Health Observatory (JMP), ghoapi.azureedge.net"
AFR,2007,rural,water_safely_managed,9.2029,"WHO Global Health Observatory (JMP), ghoapi.azureedge.net"
AFR,2007,total,open_defecation,25.3154,"WHO Global Health Observatory (JMP), ghoapi.azureedge.net"
AFR,2007,total,sanitation_basic,28.2546,"WHO Global Health Observatory (JMP), ghoapi.azureedge.net"
AFR,2007,total,sanitation_safely_managed,20.6089,"WHO Global Health Observatory (JMP), ghoapi.azureedge.net"
AFR,2007,total,water_basic,53.5523,"WHO Global Health Observatory (JMP), ghoapi.azureedge.net"
AFR,2007,total,water_safely_managed,22.8898,"WHO Global Health Observatory (JMP), ghoapi.azureedge.net"
AFR,2007,urban,open_defecation,7.4005,"WHO Global Health Observatory (JMP), ghoapi.azureedge.net"
AFR,2007,urban,sanitation_basic,43.0598,"WHO Global Health Observatory (JMP), ghoapi.azureedge.net"
AFR,2007,urban,sanitation_safely_managed,28.1718,"WHO Global Health Observatory (JMP), ghoapi.azureedge.net"
AFR,2007,urban,water_basic,81.1817,"WHO Global Health Observatory (JMP), ghoapi.azureedge.net"
AFR,2007,urban,water_safely_managed,47.0388,"WHO Global Health Observatory (JMP), ghoapi.azureedge.net"
AFR,2008,rural,open_defecation,34.7952,"WHO Global Health Observatory (JMP), ghoapi.azureedge.net"
AFR,2008,rural,sanitation_basic,20.1417,"WHO Global Health Observatory (JMP), ghoapi.azureedge.net"
AFR,2008,rural,sanitation_safely_managed,16.6842,"WHO Global Health Observatory (JMP), ghoapi.azureedge.net"
AFR,2008,rural,water_basic,38.7517,"WHO Global Health Observatory (JMP), ghoapi.azureedge.net"
AFR,2008,rural,water_safely_managed,9.5705,"WHO Global Health Observatory (JMP), ghoapi.azureedge.net"
AFR,2008,total,open_defecation,24.675,"WHO Global Health Observatory (JMP), ghoapi.azureedge.net"
AFR,2008,total,sanitation_basic,28.8066,"WHO Global Health Observatory (JMP), ghoapi.azureedge.net"
AFR,2008,total,sanitation_safely_managed,21.0113,"WHO Global Health Observatory (JMP), ghoapi.azureedge.net"
AFR,2008,total,water_basic,54.4691,"WHO Global Health Observatory (JMP), ghoapi.azureedge.net"
AFR,2008,total,water_safely_managed,23.4667,"WHO Global Health Observatory (JMP), ghoapi.azureedge.net"
AFR,2008,urban,open_defecation,7.246,"WHO Global Health Observatory (JMP), ghoapi.azureedge.net"
AFR,2008,urban,sanitation_basic,43.5335,"WHO Global Health Observatory (JMP), ghoapi.azureedge.net"
AFR,2008,urban,sanitation_safely_managed,28.4793,"WHO Global Health Observatory (JMP), ghoapi.azureedge.net"
AFR,2008,urban,water_basic,81.5032,"WHO Global Health Observatory (JMP), ghoapi.azureedge.net"
AFR,2008,urban,water_safely_managed,47.4496,"WHO Global Health Observatory (JMP), ghoapi.azureedge.net"
AFR,2009,rural,open_defecation,34.0925,"WHO Global Health Observatory (JMP), ghoapi.azureedge.net"
AFR,2009,rural,sanitation_basic,20.5635,"WHO Global Health Observatory (JMP), ghoapi.azureedge.net"
AFR,2009,rural,sanitation_safely_managed,17.0507,"WHO Global Health Observatory (JMP), ghoapi.azureedge.net"
AFR,2009,rural,water_basic,39.6755,"WHO Global Health Observatory (JMP), ghoapi.azureedge.net"
AFR,2009,rural,water_safely_managed,9.9533,"WHO Global Health Observatory (JMP), ghoapi.azureedge.net"
AFR,2009,total,open_defecation,24.0335,"WHO Global Health Observatory (JMP), ghoapi.azureedge.net"
AFR,2009,total,sanitation_basic,29.3751,"WHO Global Health Observatory (JMP), ghoapi.azureedge.net"
AFR,2009,total,sanitation_safely_managed,21.4075,"WHO Global Health Observatory (JMP), ghoapi.azureedge.net"
AFR,2009,total,water_basic,55.3918,"WHO Global Health Observatory (JMP), ghoapi.azureedge.net"
AFR,2009,total,water_safely_managed,24.0666,"WHO Global Health Observatory (JMP), ghoapi.azureedge.net"
AFR,2009,urban,open_defecation,7.0867,"WHO Global Health Observatory (JMP), ghoapi.azureedge.net"
AFR,2009,urban,sanitation_basic,44.0316,"WHO Global Health Observatory (JMP), ghoapi.azureedge.net"
AFR,2009,urban,sanitation_safely_managed,28.7625,"WHO Global Health Observatory (JMP), ghoapi.azureedge.net"
AFR,2009,urban,water_basic,81.8363,"WHO Global Health Observatory (JMP), ghoapi.azureedge.net"
AFR,2009,urban,water_safely_managed,47.8922,"WHO Global Health Observatory (JMP), ghoapi.azureedge.net"
AFR,2010,rural,handwashing_basic,10.9182,"WHO Global Health Observatory (JMP), ghoapi.azureedge.net"
AFR,2010,rural,open_defecation,33.3864,"WHO Global Health Observatory (JMP), ghoapi.azureedge.net"
AFR,2010,rural,sanitation_basic,20.9855,"WHO Global Health Observatory (JMP), ghoapi.azureedge.net"
AFR,2010,rural,sanitation_safely_managed,17.4196,"WHO Global Health Observatory (JMP), ghoapi.azureedge.net"
AFR,2010,rural,water_basic,40.6023,"WHO Global Health Observatory (JMP), ghoapi.azureedge.net"
AFR,2010,rural,water_safely_managed,10.3481,"WHO Global Health Observatory (JMP), ghoapi.azureedge.net"
AFR,2010,total,open_defecation,23.3923,"WHO Global Health Observatory (JMP), ghoapi.azureedge.net"
AFR,2010,total,sanitation_basic,29.9513,"WHO Global Health Observatory (JMP), ghoapi.azureedge.net"
AFR,2010,total,sanitation_safely_managed,21.8039,"WHO Global Health Observatory (JMP), ghoapi.azureedge.net"
AFR,2010,total,water_basic,56.316,"WHO Global Health Observatory (JMP), ghoapi.azureedge.net"
AFR,2010,total,water_safely_managed,24.688,"WHO Global Health Observatory (JMP), ghoapi.azureedge.net"
AFR,2010,urban,open_defecation,6.9241,"WHO Global Health Observatory (JMP), ghoapi.azureedge.net"
AFR,2010,urban,sanitation_basic,44.5433,"WHO Global Health Observatory (JMP), ghoapi.azureedge.net"
AFR,2010,urban,sanitation_safely_managed,29.0423,"WHO Global Health Observatory (JMP), ghoapi.azureedge.net"
AFR,2010,urban,water_basic,82.1764,"WHO Global Health Observatory (JMP), ghoapi.azureedge.net"
AFR,2010,urban,water_safely_managed,48.3633,"WHO Global Health Observatory (JMP), ghoapi.azureedge.net"
AFR,2011,rural,handwashing_basic,15.2282,"WHO Global Health Observatory (JMP), ghoapi.azureedge.net"
AFR,2011,rural,open_defecation,33.3594,"WHO Global Health Observatory (JMP), ghoapi.azureedge.net"
AFR,2011,rural,sanitation_basic,21.145,"WHO Global Health Observatory (JMP), ghoapi.azureedge.net"
AFR,2011,rural,sanitation_safely_managed,17.5994,"WHO Global Health Observatory (JMP), ghoapi.azureedge.net"
AFR,2011,rural,water_basic,41.4732,"WHO Global Health Observatory (JMP), ghoapi.azureedge.net"
AFR,2011,rural,water_safely_managed,10.6089,"WHO Global Health Observatory (JMP), ghoapi.azureedge.net"
AFR,2011,total,handwashing_basic,24.3178,"WHO Global Health Observatory (JMP), ghoapi.azureedge.net"
AFR,2011,total,open_defecation,23.3012,"WHO Global Health Observatory (JMP), ghoapi.azureedge.net"
AFR,2011,total,sanitation_basic,30.2652,"WHO Global Health Observatory (JMP), ghoapi.azureedge.net"
AFR,2011,total,sanitation_safely_managed,22.0234,"WHO Global Health Observatory (JMP), ghoapi.azureedge.net"
AFR,2011,total,water_basic,57.0525,"WHO Global Health Observatory (JMP), ghoapi.azureedge.net"
AFR,2011,total,water_safely_managed,25.0603,"WHO Global Health Observatory (JMP), ghoapi.azureedge.net"
AFR,2011,urban,handwashing_basic,39.136,"WHO Global Health Observatory (JMP), ghoapi.azureedge.net"
AFR,2011,urban,open_defecation,6.9366,"WHO Global Health Observatory (JMP), ghoapi.azureedge.net"
AFR,2011,urban,sanitation_basic,44.9287,"WHO Global Health Observatory (JMP), ghoapi.azureedge.net"
AFR,2011,urban,sanitation_safely_managed,29.2356,"WHO Global Health Observatory (JMP), ghoapi.azureedge.net"
AFR,2011,urban,water_basic,82.3704,"WHO Global Health Observatory (JMP), ghoapi.azureedge.net"
AFR,2011,urban,water_safely_managed,48.6193,"WHO Global Health Observatory (JMP), ghoapi.azureedge.net"
AFR,2012,rural,handwashing_basic,15.8719,"WHO Global Health Observatory (JMP), ghoapi.azureedge.net"
AFR,2012,rural,open_defecation,32.6764,"WHO Global Health Observatory (JMP), ghoapi.azureedge.net"
AFR,2012,rural,sanitation_basic,21.557,"WHO Global Health Observatory (JMP), ghoapi.azureedge.net"
AFR,2012,rural,sanitation_safely_managed,17.9486,"WHO Global Health Observatory (JMP), ghoapi.azureedge.net"
AFR,2012,rural,water_basic,42.394,"WHO Global Health Observatory (JMP), ghoapi.azureedge.net"
AFR,2012,rural,water_safely_managed,11.0276,"WHO Global Health Observatory (JMP), ghoapi.azureedge.net"
AFR,2012,total,handwashing_basic,25.2198,"WHO Global Health Observatory (JMP), ghoapi.azureedge.net"
AFR,2012,total,open_defecation,22.6759,"WHO Global Health Observatory (JMP), ghoapi.azureedge.net"
AFR,2012,total,sanitation_basic,30.8425,"WHO Global Health Observatory (JMP), ghoapi.azureedge.net"
AFR,2012,total,sanitation_safely_managed,22.4065,"WHO Global Health Observatory (JMP), ghoapi.azureedge.net"
AFR,2012,total,water_basic,57.9723,"WHO Global Health Observatory (JMP), ghoapi.azureedge.net"
AFR,2012,total,water_safely_managed,25.729,"WHO Global Health Observatory (JMP), ghoapi.azureedge.net"
AFR,2012,urban,handwashing_basic,40.1246,"WHO Global Health Observatory (JMP), ghoapi.azureedge.net"
AFR,2012,urban,open_defecation,6.7605,"WHO Global Health Observatory (JMP), ghoapi.azureedge.net"
AFR,2012,urban,sanitation_basic,45.45,"WHO Global Health Observatory (JMP), ghoapi.azureedge.net"
AFR,2012,urban,sanitation_safely_managed,29.5143,"WHO Global Health Observatory (JMP), ghoapi.azureedge.net"
AFR,2012,urban,water_basic,82.7356,"WHO Global Health Observatory (JMP), ghoapi.azureedge.net"
AFR,2012,urban,water_safely_managed,49.1696,"WHO Global Health Observatory (JMP), ghoapi.azureedge.net"
AFR,2013,rural,handwashing_basic,16.5065,"WHO Global Health Observatory (JMP), ghoapi.azureedge.net"
AFR,2013,rural,open_defecation,31.9832,"WHO Global Health Observatory (JMP), ghoapi.azureedge.net"
AFR,2013,rural,sanitation_basic,21.9758,"WHO Global Health Observatory (JMP), ghoapi.azureedge.net"
AFR,2013,rural,sanitation_safely_managed,18.2927,"WHO Global Health Observatory (JMP), ghoapi.azureedge.net"
AFR,2013,rural,water_basic,43.3207,"WHO Global Health Observatory (JMP), ghoapi.azureedge.net"
AFR,2013,rural,water_safely_managed,11.4625,"WHO Global Health Observatory (JMP), ghoapi.azureedge.net"
AFR,2013,total,handwashing_basic,25.778,"WHO Global Health Observatory (JMP), ghoapi.azureedge.net"
AFR,2013,total,open_defecation,22.0471,"WHO Global Health Observatory (JMP), ghoapi.azureedge.net"
AFR,2013,total,sanitation_basic,31.4357,"WHO Global Health Observatory (JMP), ghoapi.azureedge.net"
AFR,2013,total,sanitation_safely_managed,22.7926,"WHO Global Health Observatory (JMP), ghoapi.azureedge.net"
AFR,2013,total,water_basic,58.8956,"WHO Global Health Observatory (JMP), ghoapi.azureedge.net"
AFR,2013,total,water_safely_managed,26.4229,"WHO Global Health Observatory (JMP), ghoapi.azureedge.net"
AFR,2013,urban,handwashing_basic,40.2365,"WHO Global Health Observatory (JMP), ghoapi.azureedge.net"
AFR,2013,urban,open_defecation,6.5802,"WHO Global Health Observatory (JMP), ghoapi.azureedge.net"
AFR,2013,urban,sanitation_basic,45.9949,"WHO Global Health Observatory (JMP), ghoapi.azureedge.net"
AFR,2013,urban,sanitation_safely_managed,29.8098,"WHO Global Health Observatory (JMP), ghoapi.azureedge.net"
AFR,2013,urban,water_basic,83.1117,"WHO Global Health Observatory (JMP), ghoapi.azureedge.net"
AFR,2013,urban,water_safely_managed,49.7528,"WHO Global Health Observatory (JMP), ghoapi.azureedge.net"
AFR,2014,rural,handwashing_basic,15.7534,"WHO Global Health Observatory (JMP), ghoapi.azureedge.net"
AFR,2014,rural,open_defecation,31.2625,"WHO Global Health Observatory (JMP), ghoapi.azureedge.net"
AFR,2014,rural,sanitation_basic,22.4042,"WHO Global Health Observatory (JMP), ghoapi.azureedge.net"
AFR,2014,rural,sanitation_safely_managed,18.6425,"WHO Global Health Observatory (JMP), ghoapi.azureedge.net"
AFR,2014,rural,water_basic,44.2582,"WHO Global Health Observatory (JMP), ghoapi.azureedge.net"
AFR,2014,rural,water_safely_managed,11.9174,"WHO Global Health Observatory (JMP), ghoapi.azureedge.net"
AFR,2014,total,handwashing_basic,24.836,"WHO Global Health Observatory (JMP), ghoapi.azureedge.net"
AFR,2014,total,open_defecation,21.401,"WHO Global Health Observatory (JMP), ghoapi.azureedge.net"
AFR,2014,total,sanitation_basic,32.0469,"WHO Global Health Observatory (JMP), ghoapi.azureedge.net"
AFR,2014,total,sanitation_safely_managed,23.1879,"WHO Global Health Observatory (JMP), ghoapi.azureedge.net"
AFR,2014,total,water_basic,59.8291,"WHO Global Health Observatory (JMP), ghoapi.azureedge.net"
AFR,2014,total,water_safely_managed,27.1489,"WHO Global Health Observatory (JMP), ghoapi.azureedge.net"
AFR,2014,urban,handwashing_basic,38.683,"WHO Global Health Observatory (JMP), ghoapi.azureedge.net"
AFR,2014,urban,open_defecation,6.3926,"WHO Global Health Observatory (JMP), ghoapi.azureedge.net"
AFR,2014,urban,sanitation_basic,46.5584,"WHO Global Health Observatory (JMP), ghoapi.azureedge.net"
AFR,2014,urban,sanitation_safely_managed,30.1178,"WHO Global Health Observatory (JMP), ghoapi.azureedge.net"
AFR,2014,urban,water_basic,83.4987,"WHO Global Health Observatory (JMP), ghoapi.azureedge.net"
AFR,2014,urban,water_safely_managed,50.3703,"WHO Global Health Observatory (JMP), ghoapi.azureedge.net"
AFR,2015,rural,handwashing_basic,15.8324,"WHO Global Health Observatory (JMP), ghoapi.azureedge.net"
AFR,2015,rural,open_defecation,30.5248,"WHO Global Health Observatory (JMP), ghoapi.azureedge.net"
AFR,2015,rural,sanitation_basic,22.8376,"WHO Global Health Observatory (JMP), ghoapi.azureedge.net"
AFR,2015,rural,sanitation_safely_managed,19.0018,"WHO Global Health Observatory (JMP), ghoapi.azureedge.net"
AFR,2015,rural,water_basic,45.1581,"WHO Global Health Observatory (JMP), ghoapi.azureedge.net"
AFR,2015,rural,water_safely_managed,12.3941,"WHO Global Health Observatory (JMP), ghoapi.azureedge.net"
AFR,2015,total,handwashing_basic,24.987,"WHO Global Health Observatory (JMP), ghoapi.azureedge.net"
AFR,2015,total,open_defecation,20.7445,"WHO Global Health Observatory (JMP), ghoapi.azureedge.net"
AFR,2015,total,sanitation_basic,32.6752,"WHO Global Health Observatory (JMP), ghoapi.azureedge.net"
AFR,2015,total,sanitation_safely_managed,23.668,"WHO Global Health Observatory (JMP), ghoapi.azureedge.net"
AFR,2015,total,water_basic,60.7395,"WHO Global Health Observatory (JMP), ghoapi.azureedge.net"
AFR,2015,total,water_safely_managed,27.9121,"WHO Global Health Observatory (JMP), ghoapi.azureedge.net"
AFR,2015,urban,handwashing_basic,38.6254,"WHO Global Health Observatory (JMP), ghoapi.azureedge.net"
AFR,2015,urban,open_defecation,6.1985,"WHO Global Health Observatory (JMP), ghoapi.azureedge.net"
AFR,2015,urban,sanitation_basic,47.1457,"WHO Global Health Observatory (JMP), ghoapi.azureedge.net"
AFR,2015,urban,sanitation_safely_managed,30.6196,"WHO Global Health Observatory (JMP), ghoapi.azureedge.net"
AFR,2015,urban,water_basic,83.8862,"WHO Global Health Observatory (JMP), ghoapi.azureedge.net"
AFR,2015,urban,water_safely_managed,51.0305,"WHO Global Health Observatory (JMP), ghoapi.azureedge.net"
AFR,2016,rural,handwashing_basic,16.281,"WHO Global Health Observatory (JMP), ghoapi.azureedge.net"
AFR,2016,rural,open_defecation,29.7801,"WHO Global Health Observatory (JMP), ghoapi.azureedge.net"
AFR,2016,rural,sanitation_basic,23.2538,"WHO Global Health Observatory (JMP), ghoapi.azureedge.net"
AFR,2016,rural,sanitation_safely_managed,19.3554,"WHO Global Health Observatory (JMP), ghoapi.azureedge.net"
AFR,2016,rural,water_basic,46.0442,"WHO Global Health Observatory (JMP), ghoapi.azureedge.net"
AFR,2016,rural,water_safely_managed,12.8712,"WHO Global Health Observatory (JMP), ghoapi.azureedge.net"
AFR,2016,total,handwashing_basic,25.4964,"WHO Global Health Observatory (JMP), ghoapi.azureedge.net"
AFR,2016,total,open_defecation,20.0937,"WHO Global Health Observatory (JMP), ghoapi.azureedge.net"
AFR,2016,total,sanitation_basic,33.2819,"WHO Global Health Observatory (JMP), ghoapi.azureedge.net"
AFR,2016,total,sanitation_safely_managed,24.1362,"WHO Global Health Observatory (JMP), ghoapi.azureedge.net"
AFR,2016,total,water_basic,61.6251,"WHO Global Health Observatory (JMP), ghoapi.azureedge.net"
AFR,2016,total,water_safely_managed,28.6639,"WHO Global Health Observatory (JMP), ghoapi.azureedge.net"
AFR,2016,urban,handwashing_basic,38.9205,"WHO Global Health Observatory (JMP), ghoapi.azureedge.net"
AFR,2016,urban,open_defecation,6.0062,"WHO Global Health Observatory (JMP), ghoapi.azureedge.net"
AFR,2016,urban,sanitation_basic,47.7091,"WHO Global Health Observatory (JMP), ghoapi.azureedge.net"
AFR,2016,urban,sanitation_safely_managed,31.1003,"WHO Global Health Observatory (JMP), ghoapi.azureedge.net"
AFR,2016,urban,water_basic,84.2588,"WHO Global Health Observatory (JMP), ghoapi.azureedge.net"
AFR,2016,urban,water_safely_managed,51.6689,"WHO Global Health Observatory (JMP), ghoapi.azureedge.net"
AFR,2017,rural,handwashing_basic,16.7493,"WHO Global Health Observatory (JMP), ghoapi.azureedge.net"
AFR,2017,rural,open_defecation,28.8176,"WHO Global Health Observatory (JMP), ghoapi.azureedge.net"
AFR,2017,rural,sanitation_basic,23.7187,"WHO Global Health Observatory (JMP), ghoapi.azureedge.net"
AFR,2017,rural,sanitation_safely_managed,19.7499,"WHO Global Health Observatory (JMP), ghoapi.azureedge.net"
AFR,2017,rural,water_basic,46.9821,"WHO Global Health Observatory (JMP), ghoapi.azureedge.net"
AFR,2017,rural,water_safely_managed,13.3632,"WHO Global Health Observatory (JMP), ghoapi.azureedge.net"
AFR,2017,total,handwashing_basic,25.8746,"WHO Global Health Observatory (JMP), ghoapi.azureedge.net"
AFR,2017,total,open_defecation,19.295,"WHO Global Health Observatory (JMP), ghoapi.azureedge.net"
AFR,2017,total,sanitation_basic,33.931,"WHO Global Health Observatory (JMP), ghoapi.azureedge.net"
AFR,2017,total,sanitation_safely_managed,24.6386,"WHO Global Health Observatory (JMP), ghoapi.azureedge.net"
AFR,2017,total,water_basic,62.5131,"WHO Global Health Observatory (JMP), ghoapi.azureedge.net"
AFR,2017,total,water_safely_managed,29.407,"WHO Global Health Observatory (JMP), ghoapi.azureedge.net"
AFR,2017,urban,handwashing_basic,38.8738,"WHO Global Health Observatory (JMP), ghoapi.azureedge.net"
AFR,2017,urban,open_defecation,5.7333,"WHO Global Health Observatory (JMP), ghoapi.azureedge.net"
AFR,2017,urban,sanitation_basic,48.316,"WHO Global Health Observatory (JMP), ghoapi.azureedge.net"
AFR,2017,urban,sanitation_safely_managed,31.6026,"WHO Global Health Observatory (JMP), ghoapi.azureedge.net"
AFR,2017,urban,water_basic,84.6108,"WHO Global Health Observatory (JMP), ghoapi.azureedge.net"
AFR,2017,urban,water_safely_managed,52.2616,"WHO Global Health Observatory (JMP), ghoapi.azureedge.net"
AFR,2018,rural,handwashing_basic,17.0439,"WHO Global Health Observatory (JMP), ghoapi.azureedge.net"
AFR,2018,rural,open_defecation,28.0863,"WHO Global Health Observatory (JMP), ghoapi.azureedge.net"
AFR,2018,rural,sanitation_basic,24.1184,"WHO Global Health Observatory (JMP), ghoapi.azureedge.net"
AFR,2018,rural,sanitation_safely_managed,20.0991,"WHO Global Health Observatory (JMP), ghoapi.azureedge.net"
AFR,2018,rural,water_basic,47.8858,"WHO Global Health Observatory (JMP), ghoapi.azureedge.net"
AFR,2018,rural,water_safely_managed,13.8689,"WHO Global Health Observatory (JMP), ghoapi.azureedge.net"
AFR,2018,total,handwashing_basic,26.232,"WHO Global Health Observatory (JMP), ghoapi.azureedge.net"
AFR,2018,total,open_defecation,18.6751,"WHO Global Health Observatory (JMP), ghoapi.azureedge.net"
AFR,2018,total,sanitation_basic,34.503,"WHO Global Health Observatory (JMP), ghoapi.azureedge.net"
AFR,2018,total,sanitation_safely_managed,25.113,"WHO Global Health Observatory (JMP), ghoapi.azureedge.net"
AFR,2018,total,water_basic,63.3836,"WHO Global Health Observatory (JMP), ghoapi.azureedge.net"
AFR,2018,total,water_safely_managed,30.2134,"WHO Global Health Observatory (JMP), ghoapi.azureedge.net"
AFR,2018,urban,handwashing_basic,39.031,"WHO Global Health Observatory (JMP), ghoapi.azureedge.net"
AFR,2018,urban,open_defecation,5.5453,"WHO Global Health Observatory (JMP), ghoapi.azureedge.net"
AFR,2018,urban,sanitation_basic,48.8324,"WHO Global Health Observatory (JMP), ghoapi.azureedge.net"
AFR,2018,urban,sanitation_safely_managed,32.0974,"WHO Global Health Observatory (JMP), ghoapi.azureedge.net"
AFR,2018,urban,water_basic,84.9848,"WHO Global Health Observatory (JMP), ghoapi.azureedge.net"
AFR,2018,urban,water_safely_managed,52.9813,"WHO Global Health Observatory (JMP), ghoapi.azureedge.net"
AFR,2019,rural,handwashing_basic,17.3483,"WHO Global Health Observatory (JMP), ghoapi.azureedge.net"
AFR,2019,rural,open_defecation,27.3395,"WHO Global Health Observatory (JMP), ghoapi.azureedge.net"
AFR,2019,rural,sanitation_basic,24.5323,"WHO Global Health Observatory (JMP), ghoapi.azureedge.net"
AFR,2019,rural,sanitation_safely_managed,20.4484,"WHO Global Health Observatory (JMP), ghoapi.azureedge.net"
AFR,2019,rural,water_basic,48.7891,"WHO Global Health Observatory (JMP), ghoapi.azureedge.net"
AFR,2019,rural,water_safely_managed,14.3784,"WHO Global Health Observatory (JMP), ghoapi.azureedge.net"
AFR,2019,total,handwashing_basic,26.6144,"WHO Global Health Observatory (JMP), ghoapi.azureedge.net"
AFR,2019,total,open_defecation,18.052,"WHO Global Health Observatory (JMP), ghoapi.azureedge.net"
AFR,2019,total,sanitation_basic,35.1134,"WHO Global Health Observatory (JMP), ghoapi.azureedge.net"
AFR,2019,total,sanitation_safely_managed,25.5842,"WHO Global Health Observatory (JMP), ghoapi.azureedge.net"
AFR,2019,total,water_basic,64.2471,"WHO Global Health Observatory (JMP), ghoapi.azureedge.net"
AFR,2019,total,water_safely_managed,31.0156,"WHO Global Health Observatory (JMP), ghoapi.azureedge.net"
AFR,2019,urban,handwashing_basic,39.2432,"WHO Global Health Observatory (JMP), ghoapi.azureedge.net"
AFR,2019,urban,open_defecation,5.3737,"WHO Global Health Observatory (JMP), ghoapi.azureedge.net"
AFR,2019,urban,sanitation_basic,49.4046,"WHO Global Health Observatory (JMP), ghoapi.azureedge.net"
AFR,2019,urban,sanitation_safely_managed,32.5838,"WHO Global Health Observatory (JMP), ghoapi.azureedge.net"
AFR,2019,urban,water_basic,85.3286,"WHO Global Health Observatory (JMP), ghoapi.azureedge.net"
AFR,2019,urban,water_safely_managed,53.6904,"WHO Global Health Observatory (JMP), ghoapi.azureedge.net"
AFR,2020,rural,handwashing_basic,17.5993,"WHO Global Health Observatory (JMP), ghoapi.azureedge.net"
AFR,2020,rural,open_defecation,26.5991,"WHO Global Health Observatory (JMP), ghoapi.azureedge.net"
AFR,2020,rural,sanitation_basic,24.9447,"WHO Global Health Observatory (JMP), ghoapi.azureedge.net"
AFR,2020,rural,sanitation_safely_managed,20.7974,"WHO Global Health Observatory (JMP), ghoapi.azureedge.net"
AFR,2020,rural,water_basic,49.6897,"WHO Global Health Observatory (JMP), ghoapi.azureedge.net"
AFR,2020,rural,water_safely_managed,14.8966,"WHO Global Health Observatory (JMP), ghoapi.azureedge.net"
AFR,2020,total,handwashing_basic,26.8777,"WHO Global Health Observatory (JMP), ghoapi.azureedge.net"
AFR,2020,total,open_defecation,17.4381,"WHO Global Health Observatory (JMP), ghoapi.azureedge.net"
AFR,2020,total,sanitation_basic,35.7253,"WHO Global Health Observatory (JMP), ghoapi.azureedge.net"
AFR,2020,total,sanitation_safely_managed,26.0607,"WHO Global Health Observatory (JMP), ghoapi.azureedge.net"
AFR,2020,total,water_basic,65.1025,"WHO Global Health Observatory (JMP), ghoapi.azureedge.net"
AFR,2020,total,water_safely_managed,31.637,"WHO Global Health Observatory (JMP), ghoapi.azureedge.net"
AFR,2020,urban,handwashing_basic,39.251,"WHO Global Health Observatory (JMP), ghoapi.azureedge.net"
AFR,2020,urban,open_defecation,5.2007,"WHO Global Health Observatory (JMP), ghoapi.azureedge.net"
AFR,2020,urban,sanitation_basic,49.9774,"WHO Global Health Observatory (JMP), ghoapi.azureedge.net"
AFR,2020,urban,sanitation_safely_managed,33.0796,"WHO Global Health Observatory (JMP), ghoapi.azureedge.net"
AFR,2020,urban,water_basic,85.671,"WHO Global Health Observatory (JMP), ghoapi.azureedge.net"
AFR,2020,urban,water_safely_managed,53.9614,"WHO Global Health Observatory (JMP), ghoapi.azureedge.net"
AFR,2021,rural,handwashing_basic,17.6304,"WHO Global Health Observatory (JMP), ghoapi.azureedge.net"
AFR,2021,rural,open_defecation,25.8356,"WHO Global Health Observatory (JMP), ghoapi.azureedge.net"
AFR,2021,rural,sanitation_basic,25.4033,"WHO Global Health Observatory (JMP), ghoapi.azureedge.net"
AFR,2021,rural,sanitation_safely_managed,21.1932,"WHO Global Health Observatory (JMP), ghoapi.azureedge.net"
AFR,2021,rural,water_basic,50.5963,"WHO Global Health Observatory (JMP), ghoapi.azureedge.net"
AFR,2021,rural,water_safely_managed,15.4269,"WHO Global Health Observatory (JMP), ghoapi.azureedge.net"
AFR,2021,total,handwashing_basic,26.2038,"WHO Global Health Observatory (JMP), ghoapi.azureedge.net"
AFR,2021,total,open_defecation,16.8137,"WHO Global Health Observatory (JMP), ghoapi.azureedge.net"
AFR,2021,total,sanitation_basic,36.3721,"WHO Global Health Observatory (JMP), ghoapi.azureedge.net"
AFR,2021,total,sanitation_safely_managed,26.5798,"WHO Global Health Observatory (JMP), ghoapi.azureedge.net"
AFR,2021,total,water_basic,65.9563,"WHO Global Health Observatory (JMP), ghoapi.azureedge.net"
AFR,2021,total,water_safely_managed,32.1418,"WHO Global Health Observatory (JMP), ghoapi.azureedge.net"
AFR,2021,urban,handwashing_basic,37.391,"WHO Global Health Observatory (JMP), ghoapi.azureedge.net"
AFR,2021,urban,open_defecation,5.0203,"WHO Global Health Observatory (JMP), ghoapi.azureedge.net"
AFR,2021,urban,sanitation_basic,50.5649,"WHO Global Health Observatory (JMP), ghoapi.azureedge.net"
AFR,2021,urban,sanitation_safely_managed,33.6086,"WHO Global Health Observatory (JMP), ghoapi.azureedge.net"
AFR,2021,urban,water_basic,86.0138,"WHO Global Health Observatory (JMP), ghoapi.azureedge.net"
AFR,2021,urban,water_safely_managed,53.9526,"WHO Global Health Observatory (JMP), ghoapi.azureedge.net"
AFR,2022,rural,handwashing_basic,17.929,"WHO Global Health Observatory (JMP), ghoapi.azureedge.net"
AFR,2022,rural,open_defecation,25.112,"WHO Global Health Observatory (JMP), ghoapi.azureedge.net"
AFR,2022,rural,sanitation_basic,25.8851,"WHO Global Health Observatory (JMP), ghoapi.azureedge.net"
AFR,2022,rural,sanitation_safely_managed,21.6008,"WHO Global Health Observatory (JMP), ghoapi.azureedge.net"
AFR,2022,rural,water_basic,51.4442,"WHO Global Health Observatory (JMP), ghoapi.azureedge.net"
AFR,2022,rural,water_safely_managed,15.8802,"WHO Global Health Observatory (JMP), ghoapi.azureedge.net"
AFR,2022,total,handwashing_basic,26.6042,"WHO Global Health Observatory (JMP), ghoapi.azureedge.net"
AFR,2022,total,open_defecation,16.2549,"WHO Global Health Observatory (JMP), ghoapi.azureedge.net"
AFR,2022,total,sanitation_basic,37.0709,"WHO Global Health Observatory (JMP), ghoapi.azureedge.net"
AFR,2022,total,sanitation_safely_managed,27.1017,"WHO Global Health Observatory (JMP), ghoapi.azureedge.net"
AFR,2022,total,water_basic,66.6753,"WHO Global Health Observatory (JMP), ghoapi.azureedge.net"
AFR,2022,total,water_safely_managed,32.597,"WHO Global Health Observatory (JMP), ghoapi.azureedge.net"
AFR,2022,urban,handwashing_basic,37.6806,"WHO Global Health Observatory (JMP), ghoapi.azureedge.net"
AFR,2022,urban,open_defecation,4.8679,"WHO Global Health Observatory (JMP), ghoapi.azureedge.net"
AFR,2022,urban,sanitation_basic,51.2933,"WHO Global Health Observatory (JMP), ghoapi.azureedge.net"
AFR,2022,urban,sanitation_safely_managed,34.1252,"WHO Global Health Observatory (JMP), ghoapi.azureedge.net"
AFR,2022,urban,water_basic,86.2267,"WHO Global Health Observatory (JMP), ghoapi.azureedge.net"
AFR,2022,urban,water_safely_managed,53.9409,"WHO Global Health Observatory (JMP), ghoapi.azureedge.net"
AFR,2023,rural,handwashing_basic,19.427,"WHO Global Health Observatory (JMP), ghoapi.azureedge.net"
AFR,2023,rural,open_defecation,23.786,"WHO Global Health Observatory (JMP), ghoapi.azureedge.net"
AFR,2023,rural,sanitation_basic,26.0665,"WHO Global Health Observatory (JMP), ghoapi.azureedge.net"
AFR,2023,rural,sanitation_safely_managed,21.821,"WHO Global Health Observatory (JMP), ghoapi.azureedge.net"
AFR,2023,rural,water_basic,52.3683,"WHO Global Health Observatory (JMP), ghoapi.azureedge.net"
AFR,2023,rural,water_safely_managed,16.3625,"WHO Global Health Observatory (JMP), ghoapi.azureedge.net"
AFR,2023,total,handwashing_basic,28.4572,"WHO Global Health Observatory (JMP), ghoapi.azureedge.net"
AFR,2023,total,open_defecation,15.4285,"WHO Global Health Observatory (JMP), ghoapi.azureedge.net"
AFR,2023,total,sanitation_basic,36.7972,"WHO Global Health Observatory (JMP), ghoapi.azureedge.net"
AFR,2023,total,sanitation_safely_managed,27.2622,"WHO Global Health Observatory (JMP), ghoapi.azureedge.net"
AFR,2023,total,water_basic,67.55,"WHO Global Health Observatory (JMP), ghoapi.azureedge.net"
AFR,2023,total,water_safely_managed,33.0428,"WHO Global Health Observatory (JMP), ghoapi.azureedge.net"
AFR,2023,urban,handwashing_basic,39.7437,"WHO Global Health Observatory (JMP), ghoapi.azureedge.net"
AFR,2023,urban,open_defecation,4.5545,"WHO Global Health Observatory (JMP), ghoapi.azureedge.net"
AFR,2023,urban,sanitation_basic,50.4498,"WHO Global Health Observatory (JMP), ghoapi.azureedge.net"
AFR,2023,urban,sanitation_safely_managed,34.063,"WHO Global Health Observatory (JMP), ghoapi.azureedge.net"
AFR,2023,urban,water_basic,86.6284,"WHO Global Health Observatory (JMP), ghoapi.azureedge.net"
AFR,2023,urban,water_safely_managed,53.8909,"WHO Global Health Observatory (JMP), ghoapi.azureedge.net"
AFR,2024,rural,handwashing_basic,19.9848,"WHO Global Health Observatory (JMP), ghoapi.azureedge.net"
AFR,2024,rural,open_defecation,23.0983,"WHO Global Health Observatory (JMP), ghoapi.azureedge.net"
AFR,2024,rural,sanitation_basic,26.3549,"WHO Global Health Observatory (JMP), ghoapi.azureedge.net"
AFR,2024,rural,sanitation_safely_managed,22.0564,"WHO Global Health Observatory (JMP), ghoapi.azureedge.net"
AFR,2024,rural,water_basic,53.27,"WHO Global Health Observatory (JMP), ghoapi.azureedge.net"
AFR,2024,rural,water_safely_managed,16.7769,"WHO Global Health Observatory (JMP), ghoapi.azureedge.net"
AFR,2024,total,handwashing_basic,29.0625,"WHO Global Health Observatory (JMP), ghoapi.azureedge.net"
AFR,2024,total,open_defecation,14.9043,"WHO Global Health Observatory (JMP), ghoapi.azureedge.net"
AFR,2024,total,sanitation_basic,37.1687,"WHO Global Health Observatory (JMP), ghoapi.azureedge.net"
AFR,2024,total,sanitation_safely_managed,27.4903,"WHO Global Health Observatory (JMP), ghoapi.azureedge.net"
AFR,2024,total,water_basic,68.3385,"WHO Global Health Observatory (JMP), ghoapi.azureedge.net"
AFR,2024,total,water_safely_managed,33.4748,"WHO Global Health Observatory (JMP), ghoapi.azureedge.net"
AFR,2024,urban,handwashing_basic,40.1707,"WHO Global Health Observatory (JMP), ghoapi.azureedge.net"
AFR,2024,urban,open_defecation,4.4468,"WHO Global Health Observatory (JMP), ghoapi.azureedge.net"
AFR,2024,urban,sanitation_basic,50.6457,"WHO Global Health Observatory (JMP), ghoapi.azureedge.net"
AFR,2024,urban,sanitation_safely_managed,34.1396,"WHO Global Health Observatory (JMP), ghoapi.azureedge.net"
AFR,2024,urban,water_basic,86.8992,"WHO Global Health Observatory (JMP), ghoapi.azureedge.net"
AFR,2024,urban,water_safely_managed,53.9078,"WHO Global Health Observatory (JMP), ghoapi.azureedge.net"
AMR,2000,rural,open_defecation,18.9026,"WHO Global Health Observatory (JMP), ghoapi.azureedge.net"
AMR,2000,rural,sanitation_basic,66.0174,"WHO Global Health Observatory (JMP), ghoapi.azureedge.net"
AMR,2000,rural,water_basic,80.539,"WHO Global Health Observatory (JMP), ghoapi.azureedge.net"
AMR,2000,rural,water_safely_managed,45.6951,"WHO Global Health Observatory (JMP), ghoapi.azureedge.net"
AMR,2000,total,open_defecation,6.12,"WHO Global Health Observatory (JMP), ghoapi.azureedge.net"
AMR,2000,total,sanitation_basic,84.3859,"WHO Global Health Observatory (JMP), ghoapi.azureedge.net"
AMR,2000,total,sanitation_safely_managed,54.1096,"WHO Global Health Observatory (JMP), ghoapi.azureedge.net"
AMR,2000,total,water_basic,94.2013,"WHO Global Health Observatory (JMP), ghoapi.azureedge.net"
AMR,2000,total,water_safely_managed,77.7276,"WHO Global Health Observatory (JMP), ghoapi.azureedge.net"
AMR,2000,urban,open_defecation,1.9266,"WHO Global Health Observatory (JMP), ghoapi.azureedge.net"
AMR,2000,urban,sanitation_basic,89.387,"WHO Global Health Observatory (JMP), ghoapi.azureedge.net"
AMR,2000,urban,sanitation_safely_managed,55.6574,"WHO Global Health Observatory (JMP), ghoapi.azureedge.net"
AMR,2000,urban,water_basic,98.0821,"WHO Global Health Observatory (JMP), ghoapi.azureedge.net"
AMR,2000,urban,water_safely_managed,87.3721,"WHO Global Health Observatory (JMP), ghoapi.azureedge.net"
AMR,2001,rural,open_defecation,18.187,"WHO Global Health Observatory (JMP), ghoapi.azureedge.net"
AMR,2001,rural,sanitation_basic,66.7648,"WHO Global Health Observatory (JMP), ghoapi.azureedge.net"
AMR,2001,rural,water_basic,81.1489,"WHO Global Health Observatory (JMP), ghoapi.azureedge.net"
AMR,2001,rural,water_safely_managed,45.9101,"WHO Global Health Observatory (JMP), ghoapi.azureedge.net"
AMR,2001,total,open_defecation,5.8238,"WHO Global Health Observatory (JMP), ghoapi.azureedge.net"
AMR,2001,total,sanitation_basic,84.8356,"WHO Global Health Observatory (JMP), ghoapi.azureedge.net"
AMR,2001,total,sanitation_safely_managed,54.2377,"WHO Global Health Observatory (JMP), ghoapi.azureedge.net"
AMR,2001,total,water_basic,94.4331,"WHO Global Health Observatory (JMP), ghoapi.azureedge.net"
AMR,2001,total,water_safely_managed,77.9044,"WHO Global Health Observatory (JMP), ghoapi.azureedge.net"
AMR,2001,urban,open_defecation,1.8537,"WHO Global Health Observatory (JMP), ghoapi.azureedge.net"
AMR,2001,urban,sanitation_basic,89.6198,"WHO Global Health Observatory (JMP), ghoapi.azureedge.net"
AMR,2001,urban,sanitation_safely_managed,55.6934,"WHO Global Health Observatory (JMP), ghoapi.azureedge.net"
AMR,2001,urban,water_basic,98.1401,"WHO Global Health Observatory (JMP), ghoapi.azureedge.net"
AMR,2001,urban,water_safely_managed,87.3798,"WHO Global Health Observatory (JMP), ghoapi.azureedge.net"
AMR,2002,rural,open_defecation,17.4693,"WHO Global Health Observatory (JMP), ghoapi.azureedge.net"
AMR,2002,rural,sanitation_basic,67.5174,"WHO Global Health Observatory (JMP), ghoapi.azureedge.net"
AMR,2002,rural,water_basic,81.7803,"WHO Global Health Observatory (JMP), ghoapi.azureedge.net"
AMR,2002,rural,water_safely_managed,46.1378,"WHO Global Health Observatory (JMP), ghoapi.azureedge.net"
AMR,2002,total,open_defecation,5.5463,"WHO Global Health Observatory (JMP), ghoapi.azureedge.net"
AMR,2002,total,sanitation_basic,85.2491,"WHO Global Health Observatory (JMP), ghoapi.azureedge.net"
AMR,2002,total,sanitation_safely_managed,54.3392,"WHO Global Health Observatory (JMP), ghoapi.azureedge.net"
AMR,2002,total,water_basic,94.6557,"WHO Global Health Observatory (JMP), ghoapi.azureedge.net"
AMR,2002,total,water_safely_managed,78.0742,"WHO Global Health Observatory (JMP), ghoapi.azureedge.net"
AMR,2002,urban,open_defecation,1.78,"WHO Global Health Observatory (JMP), ghoapi.azureedge.net"
AMR,2002,urban,sanitation_basic,89.857,"WHO Global Health Observatory (JMP), ghoapi.azureedge.net"
AMR,2002,urban,sanitation_safely_managed,55.7306,"WHO Global Health Observatory (JMP), ghoapi.azureedge.net"
AMR,2002,urban,water_basic,98.1997,"WHO Global Health Observatory (JMP), ghoapi.azureedge.net"
AMR,2002,urban,water_safely_managed,87.3912,"WHO Global Health Observatory (JMP), ghoapi.azureedge.net"
AMR,2003,rural,open_defecation,16.7395,"WHO Global Health Observatory (JMP), ghoapi.azureedge.net"
AMR,2003,rural,sanitation_basic,68.2781,"WHO Global Health Observatory (JMP), ghoapi.azureedge.net"
AMR,2003,rural,water_basic,82.4103,"WHO Global Health Observatory (JMP), ghoapi.azureedge.net"
AMR,2003,rural,water_safely_managed,46.3683,"WHO Global Health Observatory (JMP), ghoapi.azureedge.net"
AMR,2003,total,open_defecation,5.2696,"WHO Global Health Observatory (JMP), ghoapi.azureedge.net"
AMR,2003,total,sanitation_basic,85.6636,"WHO Global Health Observatory (JMP), ghoapi.azureedge.net"
AMR,2003,total,sanitation_safely_managed,54.7025,"WHO Global Health Observatory (JMP), ghoapi.azureedge.net"
AMR,2003,total,water_basic,94.8745,"WHO Global Health Observatory (JMP), ghoapi.azureedge.net"
AMR,2003,total,water_safely_managed,78.2419,"WHO Global Health Observatory (JMP), ghoapi.azureedge.net"
AMR,2003,urban,open_defecation,1.7053,"WHO Global Health Observatory (JMP), ghoapi.azureedge.net"
AMR,2003,urban,sanitation_basic,90.098,"WHO Global Health Observatory (JMP), ghoapi.azureedge.net"
AMR,2003,urban,sanitation_safely_managed,56.0601,"WHO Global Health Observatory (JMP), ghoapi.azureedge.net"
AMR,2003,urban,water_basic,98.26,"WHO Global Health Observatory (JMP), ghoapi.azureedge.net"
AMR,2003,urban,water_safely_managed,87.4034,"WHO Global Health Observatory (JMP), ghoapi.azureedge.net"
AMR,2004,rural,open_defecation,16.0194,"WHO Global Health Observatory (JMP), ghoapi.azureedge.net"
AMR,2004,rural,sanitation_basic,69.028,"WHO Global Health Observatory (JMP), ghoapi.azureedge.net"
AMR,2004,rural,water_basic,83.0095,"WHO Global Health Observatory (JMP), ghoapi.azureedge.net"
AMR,2004,rural,water_safely_managed,46.5936,"WHO Global Health Observatory (JMP), ghoapi.azureedge.net"
AMR,2004,total,open_defecation,4.9984,"WHO Global Health Observatory (JMP), ghoapi.azureedge.net"
AMR,2004,total,sanitation_basic,86.0789,"WHO Global Health Observatory (JMP), ghoapi.azureedge.net"
AMR,2004,total,sanitation_safely_managed,55.1116,"WHO Global Health Observatory (JMP), ghoapi.azureedge.net"
AMR,2004,total,water_basic,95.0836,"WHO Global Health Observatory (JMP), ghoapi.azureedge.net"
AMR,2004,total,water_safely_managed,78.4093,"WHO Global Health Observatory (JMP), ghoapi.azureedge.net"
AMR,2004,urban,open_defecation,1.6255,"WHO Global Health Observatory (JMP), ghoapi.azureedge.net"
AMR,2004,urban,sanitation_basic,90.35,"WHO Global Health Observatory (JMP), ghoapi.azureedge.net"
AMR,2004,urban,sanitation_safely_managed,56.4419,"WHO Global Health Observatory (JMP), ghoapi.azureedge.net"
AMR,2004,urban,water_basic,98.322,"WHO Global Health Observatory (JMP), ghoapi.azureedge.net"
AMR,2004,urban,water_safely_managed,87.4221,"WHO Global Health Observatory (JMP), ghoapi.azureedge.net"
AMR,2005,rural,open_defecation,15.2243,"WHO Global Health Observatory (JMP), ghoapi.azureedge.net"
AMR,2005,rural,sanitation_basic,69.9428,"WHO Global Health Observatory (JMP), ghoapi.azureedge.net"
AMR,2005,rural,water_basic,82.8403,"WHO Global Health Observatory (JMP), ghoapi.azureedge.net"
AMR,2005,rural,water_safely_managed,46.8049,"WHO Global Health Observatory (JMP), ghoapi.azureedge.net"
AMR,2005,total,open_defecation,4.7168,"WHO Global Health Observatory (JMP), ghoapi.azureedge.net"
AMR,2005,total,sanitation_basic,86.5411,"WHO Global Health Observatory (JMP), ghoapi.azureedge.net"
AMR,2005,total,sanitation_safely_managed,55.5308,"WHO Global Health Observatory (JMP), ghoapi.azureedge.net"
AMR,2005,total,water_basic,95.0755,"WHO Global Health Observatory (JMP), ghoapi.azureedge.net"
AMR,2005,total,water_safely_managed,78.7078,"WHO Global Health Observatory (JMP), ghoapi.azureedge.net"
AMR,2005,urban,open_defecation,1.5407,"WHO Global Health Observatory (JMP), ghoapi.azureedge.net"
AMR,2005,urban,sanitation_basic,90.6428,"WHO Global Health Observatory (JMP), ghoapi.azureedge.net"
AMR,2005,urban,sanitation_safely_managed,56.832,"WHO Global Health Observatory (JMP), ghoapi.azureedge.net"
AMR,2005,urban,water_basic,98.3856,"WHO Global Health Observatory (JMP), ghoapi.azureedge.net"
AMR,2005,urban,water_safely_managed,87.6156,"WHO Global Health Observatory (JMP), ghoapi.azureedge.net"
AMR,2006,rural,open_defecation,14.1389,"WHO Global Health Observatory (JMP), ghoapi.azureedge.net"
AMR,2006,rural,sanitation_basic,70.7063,"WHO Global Health Observatory (JMP), ghoapi.azureedge.net"
AMR,2006,rural,water_basic,83.4113,"WHO Global Health Observatory (JMP), ghoapi.azureedge.net"
AMR,2006,rural,water_safely_managed,47.0446,"WHO Global Health Observatory (JMP), ghoapi.azureedge.net"
AMR,2006,total,open_defecation,4.2317,"WHO Global Health Observatory (JMP), ghoapi.azureedge.net"
AMR,2006,total,sanitation_basic,86.9657,"WHO Global Health Observatory (JMP), ghoapi.azureedge.net"
AMR,2006,total,sanitation_safely_managed,55.9686,"WHO Global Health Observatory (JMP), ghoapi.azureedge.net"
AMR,2006,total,water_basic,95.2718,"WHO Global Health Observatory (JMP), ghoapi.azureedge.net"
AMR,2006,total,water_safely_managed,78.8748,"WHO Global Health Observatory (JMP), ghoapi.azureedge.net"
AMR,2006,urban,open_defecation,1.4592,"WHO Global Health Observatory (JMP), ghoapi.azureedge.net"
AMR,2006,urban,sanitation_basic,90.9128,"WHO Global Health Observatory (JMP), ghoapi.azureedge.net"
AMR,2006,urban,sanitation_safely_managed,57.2392,"WHO Global Health Observatory (JMP), ghoapi.azureedge.net"
AMR,2006,urban,water_basic,98.4441,"WHO Global Health Observatory (JMP), ghoapi.azureedge.net"
AMR,2006,urban,water_safely_managed,87.634,"WHO Global Health Observatory (JMP), ghoapi.azureedge.net"
AMR,2007,rural,open_defecation,13.4505,"WHO Global Health Observatory (JMP), ghoapi.azureedge.net"
AMR,2007,rural,sanitation_basic,71.4732,"WHO Global Health Observatory (JMP), ghoapi.azureedge.net"
AMR,2007,rural,water_basic,83.9804,"WHO Global Health Observatory (JMP), ghoapi.azureedge.net"
AMR,2007,rural,water_safely_managed,47.2829,"WHO Global Health Observatory (JMP), ghoapi.azureedge.net"
AMR,2007,total,open_defecation,3.9866,"WHO Global Health Observatory (JMP), ghoapi.azureedge.net"
AMR,2007,total,sanitation_basic,87.3926,"WHO Global Health Observatory (JMP), ghoapi.azureedge.net"
AMR,2007,total,sanitation_safely_managed,56.5626,"WHO Global Health Observatory (JMP), ghoapi.azureedge.net"
AMR,2007,total,water_basic,95.4526,"WHO Global Health Observatory (JMP), ghoapi.azureedge.net"
AMR,2007,total,water_safely_managed,79.0443,"WHO Global Health Observatory (JMP), ghoapi.azureedge.net"
AMR,2007,urban,open_defecation,1.3771,"WHO Global Health Observatory (JMP), ghoapi.azureedge.net"
AMR,2007,urban,sanitation_basic,91.1884,"WHO Global Health Observatory (JMP), ghoapi.azureedge.net"
AMR,2007,urban,sanitation_safely_managed,57.8319,"WHO Global Health Observatory (JMP), ghoapi.azureedge.net"
AMR,2007,urban,water_basic,98.4865,"WHO Global Health Observatory (JMP), ghoapi.azureedge.net"
AMR,2007,urban,water_safely_managed,87.657,"WHO Global Health Observatory (JMP), ghoapi.azureedge.net"
AMR,2008,rural,open_defecation,12.7662,"WHO Global Health Observatory (JMP), ghoapi.azureedge.net"
AMR,2008,rural,sanitation_basic,72.2372,"WHO Global Health Observatory (JMP), ghoapi.azureedge.net"
AMR,2008,rural,water_basic,84.5381,"WHO Global Health Observatory (JMP), ghoapi.azureedge.net"
AMR,2008,rural,water_safely_managed,47.5984,"WHO Global Health Observatory (JMP), ghoapi.azureedge.net"
AMR,2008,total,open_defecation,3.7452,"WHO Global Health Observatory (JMP), ghoapi.azureedge.net"
AMR,2008,total,sanitation_basic,87.8178,"WHO Global Health Observatory (JMP), ghoapi.azureedge.net"
AMR,2008,total,sanitation_safely_managed,57.1701,"WHO Global Health Observatory (JMP), ghoapi.azureedge.net"
AMR,2008,total,water_basic,95.6284,"WHO Global Health Observatory (JMP), ghoapi.azureedge.net"
AMR,2008,total,water_safely_managed,79.2368,"WHO Global Health Observatory (JMP), ghoapi.azureedge.net"
AMR,2008,urban,open_defecation,1.2943,"WHO Global Health Observatory (JMP), ghoapi.azureedge.net"
AMR,2008,urban,sanitation_basic,91.4672,"WHO Global Health Observatory (JMP), ghoapi.azureedge.net"
AMR,2008,urban,sanitation_safely_managed,58.4395,"WHO Global Health Observatory (JMP), ghoapi.azureedge.net"
AMR,2008,urban,water_basic,98.5298,"WHO Global Health Observatory (JMP), ghoapi.azureedge.net"
AMR,2008,urban,water_safely_managed,87.6921,"WHO Global Health Observatory (JMP), ghoapi.azureedge.net"
AMR,2009,rural,open_defecation,12.0849,"WHO Global Health Observatory (JMP), ghoapi.azureedge.net"
AMR,2009,rural,sanitation_basic,72.9997,"WHO Global Health Observatory (JMP), ghoapi.azureedge.net"
AMR,2009,rural,water_basic,85.0354,"WHO Global Health Observatory (JMP), ghoapi.azureedge.net"
AMR,2009,rural,water_safely_managed,48.2145,"WHO Global Health Observatory (JMP), ghoapi.azureedge.net"
AMR,2009,total,open_defecation,3.5076,"WHO Global Health Observatory (JMP), ghoapi.azureedge.net"
AMR,2009,total,sanitation_basic,88.2409,"WHO Global Health Observatory (JMP), ghoapi.azureedge.net"
AMR,2009,total,sanitation_safely_managed,57.7974,"WHO Global Health Observatory (JMP), ghoapi.azureedge.net"
AMR,2009,total,water_basic,95.7978,"WHO Global Health Observatory (JMP), ghoapi.azureedge.net"
AMR,2009,total,water_safely_managed,79.4897,"WHO Global Health Observatory (JMP), ghoapi.azureedge.net"
AMR,2009,urban,open_defecation,1.2112,"WHO Global Health Observatory (JMP), ghoapi.azureedge.net"
AMR,2009,urban,sanitation_basic,91.7483,"WHO Global Health Observatory (JMP), ghoapi.azureedge.net"
AMR,2009,urban,sanitation_safely_managed,59.0654,"WHO Global Health Observatory (JMP), ghoapi.azureedge.net"
AMR,2009,urban,water_basic,98.585,"WHO Global Health Observatory (JMP), ghoapi.azureedge.net"
AMR,2009,urban,water_safely_managed,87.7287,"WHO Global Health Observatory (JMP), ghoapi.azureedge.net"
AMR,2010,rural,open_defecation,11.4005,"WHO Global Health Observatory (JMP), ghoapi.azureedge.net"
AMR,2010,rural,sanitation_basic,73.7687,"WHO Global Health Observatory (JMP), ghoapi.azureedge.net"
AMR,2010,rural,water_basic,85.6453,"WHO Global Health Observatory (JMP), ghoapi.azureedge.net"
AMR,2010,rural,water_safely_managed,48.8944,"WHO Global Health Observatory (JMP), ghoapi.azureedge.net"
AMR,2010,total,open_defecation,3.2721,"WHO Global Health Observatory (JMP), ghoapi.azureedge.net"
AMR,2010,total,sanitation_basic,88.6653,"WHO Global Health Observatory (JMP), ghoapi.azureedge.net"
AMR,2010,total,sanitation_safely_managed,58.4384,"WHO Global Health Observatory (JMP), ghoapi.azureedge.net"
AMR,2010,total,water_basic,95.9935,"WHO Global Health Observatory (JMP), ghoapi.azureedge.net"
AMR,2010,total,water_safely_managed,79.7587,"WHO Global Health Observatory (JMP), ghoapi.azureedge.net"
AMR,2010,urban,open_defecation,1.1275,"WHO Global Health Observatory (JMP), ghoapi.azureedge.net"
AMR,2010,urban,sanitation_basic,92.0333,"WHO Global Health Observatory (JMP), ghoapi.azureedge.net"
AMR,2010,urban,sanitation_safely_managed,59.7011,"WHO Global Health Observatory (JMP), ghoapi.azureedge.net"
AMR,2010,urban,water_basic,98.6474,"WHO Global Health Observatory (JMP), ghoapi.azureedge.net"
AMR,2010,urban,water_safely_managed,87.7732,"WHO Global Health Observatory (JMP), ghoapi.azureedge.net"
AMR,2011,rural,open_defecation,10.7179,"WHO Global Health Observatory (JMP), ghoapi.azureedge.net"
AMR,2011,rural,sanitation_basic,74.4992,"WHO Global Health Observatory (JMP), ghoapi.azureedge.net"
AMR,2011,rural,water_basic,86.2839,"WHO Global Health Observatory (JMP), ghoapi.azureedge.net"
AMR,2011,rural,water_safely_managed,49.576,"WHO Global Health Observatory (JMP), ghoapi.azureedge.net"
AMR,2011,total,open_defecation,3.0397,"WHO Global Health Observatory (JMP), ghoapi.azureedge.net"
AMR,2011,total,sanitation_basic,89.08,"WHO Global Health Observatory (JMP), ghoapi.azureedge.net"
AMR,2011,total,sanitation_safely_managed,59.1797,"WHO Global Health Observatory (JMP), ghoapi.azureedge.net"
AMR,2011,total,water_basic,96.1924,"WHO Global Health Observatory (JMP), ghoapi.azureedge.net"
AMR,2011,total,water_safely_managed,80.0248,"WHO Global Health Observatory (JMP), ghoapi.azureedge.net"
AMR,2011,urban,open_defecation,1.0437,"WHO Global Health Observatory (JMP), ghoapi.azureedge.net"
AMR,2011,urban,sanitation_basic,92.3197,"WHO Global Health Observatory (JMP), ghoapi.azureedge.net"
AMR,2011,urban,sanitation_safely_managed,60.4655,"WHO Global Health Observatory (JMP), ghoapi.azureedge.net"
AMR,2011,urban,water_basic,98.7099,"WHO Global Health Observatory (JMP), ghoapi.azureedge.net"
AMR,2011,urban,water_safely_managed,87.8179,"WHO Global Health Observatory (JMP), ghoapi.azureedge.net"
AMR,2012,rural,open_defecation,10.0396,"WHO Global Health Observatory (JMP), ghoapi.azureedge.net"
AMR,2012,rural,sanitation_basic,75.2237,"WHO Global Health Observatory (JMP), ghoapi.azureedge.net"
AMR,2012,rural,water_basic,86.9167,"WHO Global Health Observatory (JMP), ghoapi.azureedge.net"
AMR,2012,rural,water_safely_managed,50.2608,"WHO Global Health Observatory (JMP), ghoapi.azureedge.net"
AMR,2012,total,open_defecation,2.8117,"WHO Global Health Observatory (JMP), ghoapi.azureedge.net"
AMR,2012,total,sanitation_basic,89.489,"WHO Global Health Observatory (JMP), ghoapi.azureedge.net"
AMR,2012,total,sanitation_safely_managed,59.9433,"WHO Global Health Observatory (JMP), ghoapi.azureedge.net"
AMR,2012,total,water_basic,96.3862,"WHO Global Health Observatory (JMP), ghoapi.azureedge.net"
AMR,2012,total,water_safely_managed,80.2764,"WHO Global Health Observatory (JMP), ghoapi.azureedge.net"
AMR,2012,urban,open_defecation,0.96,"WHO Global Health Observatory (JMP), ghoapi.azureedge.net"
AMR,2012,urban,sanitation_basic,92.6046,"WHO Global Health Observatory (JMP), ghoapi.azureedge.net"
AMR,2012,urban,sanitation_safely_managed,61.2527,"WHO Global Health Observatory (JMP), ghoapi.azureedge.net"
AMR,2012,urban,water_basic,98.7722,"WHO Global Health Observatory (JMP), ghoapi.azureedge.net"
AMR,2012,urban,water_safely_managed,87.8513,"WHO Global Health Observatory (JMP), ghoapi.azureedge.net"
AMR,2013,rural,open_defecation,9.3651,"WHO Global Health Observatory (JMP), ghoapi.azureedge.net"
AMR,2013,rural,sanitation_basic,75.9289,"WHO Global Health Observatory (JMP), ghoapi.azureedge.net"
AMR,2013,rural,water_basic,87.5175,"WHO Global Health Observatory (JMP), ghoapi.azureedge.net"
AMR,2013,rural,water_safely_managed,50.9932,"WHO Global Health Observatory (JMP), ghoapi.azureedge.net"
AMR,2013,total,open_defecation,2.587,"WHO Global Health Observatory (JMP), ghoapi.azureedge.net"
AMR,2013,total,sanitation_basic,89.8931,"WHO Global Health Observatory (JMP), ghoapi.azureedge.net"
AMR,2013,total,sanitation_safely_managed,60.7306,"WHO Global Health Observatory (JMP), ghoapi.azureedge.net"
AMR,2013,total,water_basic,96.5712,"WHO Global Health Observatory (JMP), ghoapi.azureedge.net"
AMR,2013,total,water_safely_managed,80.652,"WHO Global Health Observatory (JMP), ghoapi.azureedge.net"
AMR,2013,urban,open_defecation,0.8759,"WHO Global Health Observatory (JMP), ghoapi.azureedge.net"
AMR,2013,urban,sanitation_basic,92.8909,"WHO Global Health Observatory (JMP), ghoapi.azureedge.net"
AMR,2013,urban,sanitation_safely_managed,62.0661,"WHO Global Health Observatory (JMP), ghoapi.azureedge.net"
AMR,2013,urban,water_basic,98.8348,"WHO Global Health Observatory (JMP), ghoapi.azureedge.net"
AMR,2013,urban,water_safely_managed,88.0322,"WHO Global Health Observatory (JMP), ghoapi.azureedge.net"
AMR,2014,rural,open_defecation,8.694,"WHO Global Health Observatory (JMP), ghoapi.azureedge.net"
AMR,2014,rural,sanitation_basic,76.6303,"WHO Global Health Observatory (JMP), ghoapi.azureedge.net"
AMR,2014,rural,water_basic,88.1153,"WHO Global Health Observatory (JMP), ghoapi.azureedge.net"
AMR,2014,rural,water_safely_managed,51.731,"WHO Global Health Observatory (JMP), ghoapi.azureedge.net"
AMR,2014,total,open_defecation,2.3653,"WHO Global Health Observatory (JMP), ghoapi.azureedge.net"
AMR,2014,total,sanitation_basic,90.295,"WHO Global Health Observatory (JMP), ghoapi.azureedge.net"
AMR,2014,total,sanitation_safely_managed,61.5418,"WHO Global Health Observatory (JMP), ghoapi.azureedge.net"
AMR,2014,total,water_basic,96.7534,"WHO Global Health Observatory (JMP), ghoapi.azureedge.net"
AMR,2014,total,water_safely_managed,80.8753,"WHO Global Health Observatory (JMP), ghoapi.azureedge.net"
AMR,2014,urban,open_defecation,0.7916,"WHO Global Health Observatory (JMP), ghoapi.azureedge.net"
AMR,2014,urban,sanitation_basic,93.1785,"WHO Global Health Observatory (JMP), ghoapi.azureedge.net"
AMR,2014,urban,sanitation_safely_managed,62.9042,"WHO Global Health Observatory (JMP), ghoapi.azureedge.net"
AMR,2014,urban,water_basic,98.8975,"WHO Global Health Observatory (JMP), ghoapi.azureedge.net"
AMR,2014,urban,water_safely_managed,88.025,"WHO Global Health Observatory (JMP), ghoapi.azureedge.net"
AMR,2015,rural,open_defecation,8.1538,"WHO Global Health Observatory (JMP), ghoapi.azureedge.net"
AMR,2015,rural,sanitation_basic,77.3278,"WHO Global Health Observatory (JMP), ghoapi.azureedge.net"
AMR,2015,rural,water_basic,88.7099,"WHO Global Health Observatory (JMP), ghoapi.azureedge.net"
AMR,2015,rural,water_safely_managed,52.4229,"WHO Global Health Observatory (JMP), ghoapi.azureedge.net"
AMR,2015,total,open_defecation,2.2306,"WHO Global Health Observatory (JMP), ghoapi.azureedge.net"
AMR,2015,total,sanitation_basic,90.6947,"WHO Global Health Observatory (JMP), ghoapi.azureedge.net"
AMR,2015,total,sanitation_safely_managed,62.3771,"WHO Global Health Observatory (JMP), ghoapi.azureedge.net"
AMR,2015,total,water_basic,96.9326,"WHO Global Health Observatory (JMP), ghoapi.azureedge.net"
AMR,2015,total,water_safely_managed,81.3039,"WHO Global Health Observatory (JMP), ghoapi.azureedge.net"
AMR,2015,urban,open_defecation,0.7071,"WHO Global Health Observatory (JMP), ghoapi.azureedge.net"
AMR,2015,urban,sanitation_basic,93.4672,"WHO Global Health Observatory (JMP), ghoapi.azureedge.net"
AMR,2015,urban,sanitation_safely_managed,63.7675,"WHO Global Health Observatory (JMP), ghoapi.azureedge.net"
AMR,2015,urban,water_basic,98.9603,"WHO Global Health Observatory (JMP), ghoapi.azureedge.net"
AMR,2015,urban,water_safely_managed,88.2879,"WHO Global Health Observatory (JMP), ghoapi.azureedge.net"
AMR,2016,rural,open_defecation,7.4635,"WHO Global Health Observatory (JMP), ghoapi.azureedge.net"
AMR,2016,rural,sanitation_basic,78.0249,"WHO Global Health Observatory (JMP), ghoapi.azureedge.net"
AMR,2016,rural,water_basic,89.2847,"WHO Global Health Observatory (JMP), ghoapi.azureedge.net"
AMR,2016,rural,water_safely_managed,53.103,"WHO Global Health Observatory (JMP), ghoapi.azureedge.net"
AMR,2016,total,open_defecation,2.0011,"WHO Global Health Observatory (JMP), ghoapi.azureedge.net"
AMR,2016,total,sanitation_basic,91.093,"WHO Global Health Observatory (JMP), ghoapi.azureedge.net"
AMR,2016,total,sanitation_safely_managed,63.058,"WHO Global Health Observatory (JMP), ghoapi.azureedge.net"
AMR,2016,total,water_basic,97.1065,"WHO Global Health Observatory (JMP), ghoapi.azureedge.net"
AMR,2016,total,water_safely_managed,81.7282,"WHO Global Health Observatory (JMP), ghoapi.azureedge.net"
AMR,2016,urban,open_defecation,0.6222,"WHO Global Health Observatory (JMP), ghoapi.azureedge.net"
AMR,2016,urban,sanitation_basic,93.7585,"WHO Global Health Observatory (JMP), ghoapi.azureedge.net"
AMR,2016,urban,sanitation_safely_managed,64.4441,"WHO Global Health Observatory (JMP), ghoapi.azureedge.net"
AMR,2016,urban,water_basic,99.0235,"WHO Global Health Observatory (JMP), ghoapi.azureedge.net"
AMR,2016,urban,water_safely_managed,88.5516,"WHO Global Health Observatory (JMP), ghoapi.azureedge.net"
AMR,2017,rural,open_defecation,6.7911,"WHO Global Health Observatory (JMP), ghoapi.azureedge.net"
AMR,2017,rural,sanitation_basic,78.4607,"WHO Global Health Observatory (JMP), ghoapi.azureedge.net"
AMR,2017,rural,water_basic,89.7279,"WHO Global Health Observatory (JMP), ghoapi.azureedge.net"
AMR,2017,rural,water_safely_managed,53.7318,"WHO Global Health Observatory (JMP), ghoapi.azureedge.net"
AMR,2017,total,open_defecation,1.7786,"WHO Global Health Observatory (JMP), ghoapi.azureedge.net"
AMR,2017,total,sanitation_basic,91.1231,"WHO Global Health Observatory (JMP), ghoapi.azureedge.net"
AMR,2017,total,sanitation_safely_managed,63.4878,"WHO Global Health Observatory (JMP), ghoapi.azureedge.net"
AMR,2017,total,water_basic,97.17,"WHO Global Health Observatory (JMP), ghoapi.azureedge.net"
AMR,2017,total,water_safely_managed,82.1383,"WHO Global Health Observatory (JMP), ghoapi.azureedge.net"
AMR,2017,urban,open_defecation,0.5379,"WHO Global Health Observatory (JMP), ghoapi.azureedge.net"
AMR,2017,urban,sanitation_basic,94.0483,"WHO Global Health Observatory (JMP), ghoapi.azureedge.net"
AMR,2017,urban,sanitation_safely_managed,65.1341,"WHO Global Health Observatory (JMP), ghoapi.azureedge.net"
AMR,2017,urban,water_basic,99.0968,"WHO Global Health Observatory (JMP), ghoapi.azureedge.net"
AMR,2017,urban,water_safely_managed,88.8136,"WHO Global Health Observatory (JMP), ghoapi.azureedge.net"
AMR,2018,rural,open_defecation,6.1239,"WHO Global Health Observatory (JMP), ghoapi.azureedge.net"
AMR,2018,rural,sanitation_basic,79.1696,"WHO Global Health Observatory (JMP), ghoapi.azureedge.net"
AMR,2018,rural,water_basic,90.3326,"WHO Global Health Observatory (JMP), ghoapi.azureedge.net"
AMR,2018,rural,water_safely_managed,54.4279,"WHO Global Health Observatory (JMP), ghoapi.azureedge.net"
AMR,2018,total,open_defecation,1.5738,"WHO Global Health Observatory (JMP), ghoapi.azureedge.net"
AMR,2018,total,sanitation_basic,91.5113,"WHO Global Health Observatory (JMP), ghoapi.azureedge.net"
AMR,2018,total,sanitation_safely_managed,64.1733,"WHO Global Health Observatory (JMP), ghoapi.azureedge.net"
AMR,2018,total,water_basic,97.3817,"WHO Global Health Observatory (JMP), ghoapi.azureedge.net"
AMR,2018,total,water_safely_managed,82.5147,"WHO Global Health Observatory (JMP), ghoapi.azureedge.net"
AMR,2018,urban,open_defecation,0.4539,"WHO Global Health Observatory (JMP), ghoapi.azureedge.net"
AMR,2018,urban,sanitation_basic,94.3347,"WHO Global Health Observatory (JMP), ghoapi.azureedge.net"
AMR,2018,urban,sanitation_safely_managed,65.794,"WHO Global Health Observatory (JMP), ghoapi.azureedge.net"
AMR,2018,urban,water_basic,99.1978,"WHO Global Health Observatory (JMP), ghoapi.azureedge.net"
AMR,2018,urban,water_safely_managed,89.0229,"WHO Global Health Observatory (JMP), ghoapi.azureedge.net"
AMR,2019,rural,open_defecation,5.4633,"WHO Global Health Observatory (JMP), ghoapi.azureedge.net"
AMR,2019,rural,sanitation_basic,79.8517,"WHO Global Health Observatory (JMP), ghoapi.azureedge.net"
AMR,2019,rural,water_basic,90.9265,"WHO Global Health Observatory (JMP), ghoapi.azureedge.net"
AMR,2019,rural,water_safely_managed,55.1154,"WHO Global Health Observatory (JMP), ghoapi.azureedge.net"
AMR,2019,total,open_defecation,1.3696,"WHO Global Health Observatory (JMP), ghoapi.azureedge.net"
AMR,2019,total,sanitation_basic,91.8996,"WHO Global Health Observatory (JMP), ghoapi.azureedge.net"
AMR,2019,total,sanitation_safely_managed,64.8512,"WHO Global Health Observatory (JMP), ghoapi.azureedge.net"
AMR,2019,total,water_basic,97.5607,"WHO Global Health Observatory (JMP), ghoapi.azureedge.net"
AMR,2019,total,water_safely_managed,82.8724,"WHO Global Health Observatory (JMP), ghoapi.azureedge.net"
AMR,2019,urban,open_defecation,0.3699,"WHO Global Health Observatory (JMP), ghoapi.azureedge.net"
AMR,2019,urban,sanitation_basic,94.6088,"WHO Global Health Observatory (JMP), ghoapi.azureedge.net"
AMR,2019,urban,sanitation_safely_managed,66.4435,"WHO Global Health Observatory (JMP), ghoapi.azureedge.net"
AMR,2019,urban,water_basic,99.2602,"WHO Global Health Observatory (JMP), ghoapi.azureedge.net"
AMR,2019,urban,water_safely_managed,89.2128,"WHO Global Health Observatory (JMP), ghoapi.azureedge.net"
AMR,2020,rural,open_defecation,4.8339,"WHO Global Health Observatory (JMP), ghoapi.azureedge.net"
AMR,2020,rural,sanitation_basic,80.5173,"WHO Global Health Observatory (JMP), ghoapi.azureedge.net"
AMR,2020,rural,water_basic,91.6675,"WHO Global Health Observatory (JMP), ghoapi.azureedge.net"
AMR,2020,rural,water_safely_managed,55.7947,"WHO Global Health Observatory (JMP), ghoapi.azureedge.net"
AMR,2020,total,open_defecation,1.2054,"WHO Global Health Observatory (JMP), ghoapi.azureedge.net"
AMR,2020,total,sanitation_basic,92.2654,"WHO Global Health Observatory (JMP), ghoapi.azureedge.net"
AMR,2020,total,sanitation_safely_managed,65.4625,"WHO Global Health Observatory (JMP), ghoapi.azureedge.net"
AMR,2020,total,water_basic,97.7541,"WHO Global Health Observatory (JMP), ghoapi.azureedge.net"
AMR,2020,total,water_safely_managed,83.2157,"WHO Global Health Observatory (JMP), ghoapi.azureedge.net"
AMR,2020,urban,open_defecation,0.3212,"WHO Global Health Observatory (JMP), ghoapi.azureedge.net"
AMR,2020,urban,sanitation_basic,94.8753,"WHO Global Health Observatory (JMP), ghoapi.azureedge.net"
AMR,2020,urban,sanitation_safely_managed,67.0146,"WHO Global Health Observatory (JMP), ghoapi.azureedge.net"
AMR,2020,urban,water_basic,99.3176,"WHO Global Health Observatory (JMP), ghoapi.azureedge.net"
AMR,2020,urban,water_safely_managed,89.388,"WHO Global Health Observatory (JMP), ghoapi.azureedge.net"
AMR,2021,rural,open_defecation,3.9935,"WHO Global Health Observatory (JMP), ghoapi.azureedge.net"
AMR,2021,rural,sanitation_basic,81.4954,"WHO Global Health Observatory (JMP), ghoapi.azureedge.net"
AMR,2021,rural,water_basic,92.5186,"WHO Global Health Observatory (JMP), ghoapi.azureedge.net"
AMR,2021,rural,water_safely_managed,56.4581,"WHO Global Health Observatory (JMP), ghoapi.azureedge.net"
AMR,2021,total,open_defecation,0.9936,"WHO Global Health Observatory (JMP), ghoapi.azureedge.net"
AMR,2021,total,sanitation_basic,92.7504,"WHO Global Health Observatory (JMP), ghoapi.azureedge.net"
AMR,2021,total,sanitation_safely_managed,66.1652,"WHO Global Health Observatory (JMP), ghoapi.azureedge.net"
AMR,2021,total,water_basic,97.9583,"WHO Global Health Observatory (JMP), ghoapi.azureedge.net"
AMR,2021,total,water_safely_managed,83.5334,"WHO Global Health Observatory (JMP), ghoapi.azureedge.net"
AMR,2021,urban,open_defecation,0.2366,"WHO Global Health Observatory (JMP), ghoapi.azureedge.net"
AMR,2021,urban,sanitation_basic,95.2243,"WHO Global Health Observatory (JMP), ghoapi.azureedge.net"
AMR,2021,urban,sanitation_safely_managed,67.6242,"WHO Global Health Observatory (JMP), ghoapi.azureedge.net"
AMR,2021,urban,water_basic,99.3624,"WHO Global Health Observatory (JMP), ghoapi.azureedge.net"
AMR,2021,urban,water_safely_managed,89.5378,"WHO Global Health Observatory (JMP), ghoapi.azureedge.net"
AMR,2022,rural,open_defecation,3.3784,"WHO Global Health Observatory (JMP), ghoapi.azureedge.net"
AMR,2022,rural,sanitation_basic,82.1943,"WHO Global Health Observatory (JMP), ghoapi.azureedge.net"
AMR,2022,rural,water_basic,93.1365,"WHO Global Health Observatory (JMP), ghoapi.azureedge.net"
AMR,2022,rural,water_safely_managed,57.022,"WHO Global Health Observatory (JMP), ghoapi.azureedge.net"
AMR,2022,total,open_defecation,0.7861,"WHO Global Health Observatory (JMP), ghoapi.azureedge.net"
AMR,2022,total,sanitation_basic,93.1531,"WHO Global Health Observatory (JMP), ghoapi.azureedge.net"
AMR,2022,total,sanitation_safely_managed,66.839,"WHO Global Health Observatory (JMP), ghoapi.azureedge.net"
AMR,2022,total,water_basic,98.1112,"WHO Global Health Observatory (JMP), ghoapi.azureedge.net"
AMR,2022,total,water_safely_managed,83.8338,"WHO Global Health Observatory (JMP), ghoapi.azureedge.net"
AMR,2022,urban,open_defecation,0.2003,"WHO Global Health Observatory (JMP), ghoapi.azureedge.net"
AMR,2022,urban,sanitation_basic,95.4736,"WHO Global Health Observatory (JMP), ghoapi.azureedge.net"
AMR,2022,urban,sanitation_safely_managed,68.218,"WHO Global Health Observatory (JMP), ghoapi.azureedge.net"
AMR,2022,urban,water_basic,99.4001,"WHO Global Health Observatory (JMP), ghoapi.azureedge.net"
AMR,2022,urban,water_safely_managed,89.6909,"WHO Global Health Observatory (JMP), ghoapi.azureedge.net"
AMR,2023,rural,open_defecation,3.1302,"WHO Global Health Observatory (JMP), ghoapi.azureedge.net"
AMR,2023,rural,sanitation_basic,82.8723,"WHO Global Health Observatory (JMP), ghoapi.azureedge.net"
AMR,2023,rural,water_basic,93.587,"WHO Global Health Observatory (JMP), ghoapi.azureedge.net"
AMR,2023,rural,water_safely_managed,57.5262,"WHO Global Health Observatory (JMP), ghoapi.azureedge.net"
AMR,2023,total,open_defecation,0.7074,"WHO Global Health Observatory (JMP), ghoapi.azureedge.net"
AMR,2023,total,sanitation_basic,93.4842,"WHO Global Health Observatory (JMP), ghoapi.azureedge.net"
AMR,2023,total,sanitation_safely_managed,67.1616,"WHO Global Health Observatory (JMP), ghoapi.azureedge.net"
AMR,2023,total,water_basic,98.2571,"WHO Global Health Observatory (JMP), ghoapi.azureedge.net"
AMR,2023,total,water_safely_managed,84.1387,"WHO Global Health Observatory (JMP), ghoapi.azureedge.net"
AMR,2023,urban,open_defecation,0.1736,"WHO Global Health Observatory (JMP), ghoapi.azureedge.net"
AMR,2023,urban,sanitation_basic,95.6855,"WHO Global Health Observatory (JMP), ghoapi.azureedge.net"
AMR,2023,urban,sanitation_safely_managed,68.4692,"WHO Global Health Observatory (JMP), ghoapi.azureedge.net"
AMR,2023,urban,water_basic,99.4605,"WHO Global Health Observatory (JMP), ghoapi.azureedge.net"
AMR,2023,urban,water_safely_managed,89.8641,"WHO Global Health Observatory (JMP), ghoapi.azureedge.net"
AMR,2024,rural,open_defecation,2.0634,"WHO Global Health Observatory (JMP), ghoapi.azureedge.net"
AMR,2024,rural,sanitation_basic,83.4236,"WHO Global Health Observatory (JMP), ghoapi.azureedge.net"
AMR,2024,rural,water_basic,94.0053,"WHO Global Health Observatory (JMP), ghoapi.azureedge.net"
AMR,2024,rural,water_safely_managed,58.0271,"WHO Global Health Observatory (JMP), ghoapi.azureedge.net"
AMR,2024,total,open_defecation,0.4506,"WHO Global Health Observatory (JMP), ghoapi.azureedge.net"
AMR,2024,total,sanitation_basic,93.7735,"WHO Global Health Observatory (JMP), ghoapi.azureedge.net"
AMR,2024,total,sanitation_safely_managed,67.456,"WHO Global Health Observatory (JMP), ghoapi.azureedge.net"
AMR,2024,total,water_basic,98.3555,"WHO Global Health Observatory (JMP), ghoapi.azureedge.net"
AMR,2024,total,water_safely_managed,84.4058,"WHO Global Health Observatory (JMP), ghoapi.azureedge.net"
AMR,2024,urban,open_defecation,0.0868,"WHO Global Health Observatory (JMP), ghoapi.azureedge.net"
AMR,2024,urban,sanitation_basic,95.8782,"WHO Global Health Observatory (JMP), ghoapi.azureedge.net"
AMR,2024,urban,sanitation_safely_managed,68.7164,"WHO Global Health Observatory (JMP), ghoapi.azureedge.net"
AMR,2024,urban,water_basic,99.4743,"WHO Global Health Observatory (JMP), ghoapi.azureedge.net"
AMR,2024,urban,water_safely_managed,89.9936,"WHO Global Health Observatory (JMP), ghoapi.azureedge.net"
EMR,2000,rural,open_defecation,30.7831,"WHO Global Health Observatory (JMP), ghoapi.azureedge.net"
EMR,2000,rural,sanitation_basic,41.0877,"WHO Global Health Observatory (JMP), ghoapi.azureedge.net"
EMR,2000,rural,sanitation_safely_managed,16.1668,"WHO Global Health Observatory (JMP), ghoapi.azureedge.net"
EMR,2000,rural,water_basic,70.7725,"WHO Global Health Observatory (JMP), ghoapi.azureedge.net"
EMR,2000,rural,water_safely_managed,46.7751,"WHO Global Health Observatory (JMP), ghoapi.azureedge.net"
EMR,2000,total,open_defecation,17.7035,"WHO Global Health Observatory (JMP), ghoapi.azureedge.net"
EMR,2000,total,sanitation_basic,59.163,"WHO Global Health Observatory (JMP), ghoapi.azureedge.net"
EMR,2000,total,sanitation_safely_managed,30.4806,"WHO Global Health Observatory (JMP), ghoapi.azureedge.net"
EMR,2000,total,water_basic,81.3064,"WHO Global Health Observatory (JMP), ghoapi.azureedge.net"
EMR,2000,total,water_safely_managed,59.3311,"WHO Global Health Observatory (JMP), ghoapi.azureedge.net"
EMR,2000,urban,open_defecation,2.2238,"WHO Global Health Observatory (JMP), ghoapi.azureedge.net"
EMR,2000,urban,sanitation_basic,80.8388,"WHO Global Health Observatory (JMP), ghoapi.azureedge.net"
EMR,2000,urban,sanitation_safely_managed,47.1193,"WHO Global Health Observatory (JMP), ghoapi.azureedge.net"
EMR,2000,urban,water_basic,93.7869,"WHO Global Health Observatory (JMP), ghoapi.azureedge.net"
EMR,2000,urban,water_safely_managed,73.9266,"WHO Global Health Observatory (JMP), ghoapi.azureedge.net"
EMR,2001,rural,open_defecation,30.6839,"WHO Global Health Observatory (JMP), ghoapi.azureedge.net"
EMR,2001,rural,sanitation_basic,41.2827,"WHO Global Health Observatory (JMP), ghoapi.azureedge.net"
EMR,2001,rural,sanitation_safely_managed,16.5838,"WHO Global Health Observatory (JMP), ghoapi.azureedge.net"
EMR,2001,rural,water_basic,71.1354,"WHO Global Health Observatory (JMP), ghoapi.azureedge.net"
EMR,2001,rural,water_safely_managed,46.9609,"WHO Global Health Observatory (JMP), ghoapi.azureedge.net"
EMR,2001,total,open_defecation,17.5625,"WHO Global Health Observatory (JMP), ghoapi.azureedge.net"
EMR,2001,total,sanitation_basic,59.412,"WHO Global Health Observatory (JMP), ghoapi.azureedge.net"
EMR,2001,total,sanitation_safely_managed,30.8708,"WHO Global Health Observatory (JMP), ghoapi.azureedge.net"
EMR,2001,total,water_basic,81.5952,"WHO Global Health Observatory (JMP), ghoapi.azureedge.net"
EMR,2001,total,water_safely_managed,59.4864,"WHO Global Health Observatory (JMP), ghoapi.azureedge.net"
EMR,2001,urban,open_defecation,2.2086,"WHO Global Health Observatory (JMP), ghoapi.azureedge.net"
EMR,2001,urban,sanitation_basic,80.9473,"WHO Global Health Observatory (JMP), ghoapi.azureedge.net"
EMR,2001,urban,sanitation_safely_managed,47.3007,"WHO Global Health Observatory (JMP), ghoapi.azureedge.net"
EMR,2001,urban,water_basic,93.8497,"WHO Global Health Observatory (JMP), ghoapi.azureedge.net"
EMR,2001,urban,water_safely_managed,73.8908,"WHO Global Health Observatory (JMP), ghoapi.azureedge.net"
EMR,2002,rural,open_defecation,30.5426,"WHO Global Health Observatory (JMP), ghoapi.azureedge.net"
EMR,2002,rural,sanitation_basic,41.5451,"WHO Global Health Observatory (JMP), ghoapi.azureedge.net"
EMR,2002,rural,sanitation_safely_managed,16.9042,"WHO Global Health Observatory (JMP), ghoapi.azureedge.net"
EMR,2002,rural,water_basic,71.4706,"WHO Global Health Observatory (JMP), ghoapi.azureedge.net"
EMR,2002,rural,water_safely_managed,47.0773,"WHO Global Health Observatory (JMP), ghoapi.azureedge.net"
EMR,2002,total,open_defecation,17.4185,"WHO Global Health Observatory (JMP), ghoapi.azureedge.net"
EMR,2002,total,sanitation_basic,59.6962,"WHO Global Health Observatory (JMP), ghoapi.azureedge.net"
EMR,2002,total,sanitation_safely_managed,31.1845,"WHO Global Health Observatory (JMP), ghoapi.azureedge.net"
EMR,2002,total,water_basic,81.8548,"WHO Global Health Observatory (JMP), ghoapi.azureedge.net"
EMR,2002,total,water_safely_managed,59.5667,"WHO Global Health Observatory (JMP), ghoapi.azureedge.net"
EMR,2002,urban,open_defecation,2.1924,"WHO Global Health Observatory (JMP), ghoapi.azureedge.net"
EMR,2002,urban,sanitation_basic,81.0881,"WHO Global Health Observatory (JMP), ghoapi.azureedge.net"
EMR,2002,urban,sanitation_safely_managed,47.4652,"WHO Global Health Observatory (JMP), ghoapi.azureedge.net"
EMR,2002,urban,water_basic,93.9076,"WHO Global Health Observatory (JMP), ghoapi.azureedge.net"
EMR,2002,urban,water_safely_managed,73.8056,"WHO Global Health Observatory (JMP), ghoapi.azureedge.net"
EMR,2003,rural,open_defecation,30.2753,"WHO Global Health Observatory (JMP), ghoapi.azureedge.net"
EMR,2003,rural,sanitation_basic,41.8591,"WHO Global Health Observatory (JMP), ghoapi.azureedge.net"
EMR,2003,rural,sanitation_safely_managed,17.337,"WHO Global Health Observatory (JMP), ghoapi.azureedge.net"
EMR,2003,rural,water_basic,71.8544,"WHO Global Health Observatory (JMP), ghoapi.azureedge.net"
EMR,2003,rural,water_safely_managed,47.2357,"WHO Global Health Observatory (JMP), ghoapi.azureedge.net"
EMR,2003,total,open_defecation,17.2025,"WHO Global Health Observatory (JMP), ghoapi.azureedge.net"
EMR,2003,total,sanitation_basic,60.022,"WHO Global Health Observatory (JMP), ghoapi.azureedge.net"
EMR,2003,total,sanitation_safely_managed,31.5718,"WHO Global Health Observatory (JMP), ghoapi.azureedge.net"
EMR,2003,total,water_basic,82.1391,"WHO Global Health Observatory (JMP), ghoapi.azureedge.net"
EMR,2003,total,water_safely_managed,59.6737,"WHO Global Health Observatory (JMP), ghoapi.azureedge.net"
EMR,2003,urban,open_defecation,2.1708,"WHO Global Health Observatory (JMP), ghoapi.azureedge.net"
EMR,2003,urban,sanitation_basic,81.2263,"WHO Global Health Observatory (JMP), ghoapi.azureedge.net"
EMR,2003,urban,sanitation_safely_managed,47.6584,"WHO Global Health Observatory (JMP), ghoapi.azureedge.net"
EMR,2003,urban,water_basic,93.9648,"WHO Global Health Observatory (JMP), ghoapi.azureedge.net"
EMR,2003,urban,water_safely_managed,73.7298,"WHO Global Health Observatory (JMP), ghoapi.azureedge.net"
EMR,2004,rural,open_defecation,29.4174,"WHO Global Health Observatory (JMP), ghoapi.azureedge.net"
EMR,2004,rural,sanitation_basic,43.0084,"WHO Global Health Observatory (JMP), ghoapi.azureedge.net"
EMR,2004,rural,sanitation_safely_managed,18.1365,"WHO Global Health Observatory (JMP), ghoapi.azureedge.net"
EMR,2004,rural,water_basic,72.3374,"WHO Global Health Observatory (JMP), ghoapi.azureedge.net"
EMR,2004,rural,water_safely_managed,47.4833,"WHO Global Health Observatory (JMP), ghoapi.azureedge.net"
EMR,2004,total,open_defecation,16.644,"WHO Global Health Observatory (JMP), ghoapi.azureedge.net"
EMR,2004,total,sanitation_basic,60.8986,"WHO Global Health Observatory (JMP), ghoapi.azureedge.net"
EMR,2004,total,sanitation_safely_managed,32.2654,"WHO Global Health Observatory (JMP), ghoapi.azureedge.net"
EMR,2004,total,water_basic,82.4965,"WHO Global Health Observatory (JMP), ghoapi.azureedge.net"
EMR,2004,total,water_safely_managed,59.8695,"WHO Global Health Observatory (JMP), ghoapi.azureedge.net"
EMR,2004,urban,open_defecation,2.1113,"WHO Global Health Observatory (JMP), ghoapi.azureedge.net"
EMR,2004,urban,sanitation_basic,81.557,"WHO Global Health Observatory (JMP), ghoapi.azureedge.net"
EMR,2004,urban,sanitation_safely_managed,48.0622,"WHO Global Health Observatory (JMP), ghoapi.azureedge.net"
EMR,2004,urban,water_basic,94.0475,"WHO Global Health Observatory (JMP), ghoapi.azureedge.net"
EMR,2004,urban,water_safely_managed,73.7179,"WHO Global Health Observatory (JMP), ghoapi.azureedge.net"
EMR,2005,rural,open_defecation,28.4231,"WHO Global Health Observatory (JMP), ghoapi.azureedge.net"
EMR,2005,rural,sanitation_basic,44.313,"WHO Global Health Observatory (JMP), ghoapi.azureedge.net"
EMR,2005,rural,sanitation_safely_managed,18.826,"WHO Global Health Observatory (JMP), ghoapi.azureedge.net"
EMR,2005,rural,water_basic,72.941,"WHO Global Health Observatory (JMP), ghoapi.azureedge.net"
EMR,2005,rural,water_safely_managed,47.8288,"WHO Global Health Observatory (JMP), ghoapi.azureedge.net"
EMR,2005,total,open_defecation,15.9916,"WHO Global Health Observatory (JMP), ghoapi.azureedge.net"
EMR,2005,total,sanitation_basic,61.953,"WHO Global Health Observatory (JMP), ghoapi.azureedge.net"
EMR,2005,total,sanitation_safely_managed,32.9064,"WHO Global Health Observatory (JMP), ghoapi.azureedge.net"
EMR,2005,total,water_basic,82.7711,"WHO Global Health Observatory (JMP), ghoapi.azureedge.net"
EMR,2005,total,water_safely_managed,60.1441,"WHO Global Health Observatory (JMP), ghoapi.azureedge.net"
EMR,2005,urban,open_defecation,2.0172,"WHO Global Health Observatory (JMP), ghoapi.azureedge.net"
EMR,2005,urban,sanitation_basic,82.0666,"WHO Global Health Observatory (JMP), ghoapi.azureedge.net"
EMR,2005,urban,sanitation_safely_managed,48.4598,"WHO Global Health Observatory (JMP), ghoapi.azureedge.net"
EMR,2005,urban,water_basic,93.8114,"WHO Global Health Observatory (JMP), ghoapi.azureedge.net"
EMR,2005,urban,water_safely_managed,73.7479,"WHO Global Health Observatory (JMP), ghoapi.azureedge.net"
EMR,2006,rural,open_defecation,27.4182,"WHO Global Health Observatory (JMP), ghoapi.azureedge.net"
EMR,2006,rural,sanitation_basic,45.6689,"WHO Global Health Observatory (JMP), ghoapi.azureedge.net"
EMR,2006,rural,sanitation_safely_managed,19.7242,"WHO Global Health Observatory (JMP), ghoapi.azureedge.net"
EMR,2006,rural,water_basic,73.5502,"WHO Global Health Observatory (JMP), ghoapi.azureedge.net"
EMR,2006,rural,water_safely_managed,48.1656,"WHO Global Health Observatory (JMP), ghoapi.azureedge.net"
EMR,2006,total,open_defecation,15.3353,"WHO Global Health Observatory (JMP), ghoapi.azureedge.net"
EMR,2006,total,sanitation_basic,63.0683,"WHO Global Health Observatory (JMP), ghoapi.azureedge.net"
EMR,2006,total,sanitation_safely_managed,33.7197,"WHO Global Health Observatory (JMP), ghoapi.azureedge.net"
EMR,2006,total,water_basic,83.1983,"WHO Global Health Observatory (JMP), ghoapi.azureedge.net"
EMR,2006,total,water_safely_managed,60.4422,"WHO Global Health Observatory (JMP), ghoapi.azureedge.net"
EMR,2006,urban,open_defecation,1.9221,"WHO Global Health Observatory (JMP), ghoapi.azureedge.net"
EMR,2006,urban,sanitation_basic,82.6422,"WHO Global Health Observatory (JMP), ghoapi.azureedge.net"
EMR,2006,urban,sanitation_safely_managed,48.9877,"WHO Global Health Observatory (JMP), ghoapi.azureedge.net"
EMR,2006,urban,water_basic,93.8936,"WHO Global Health Observatory (JMP), ghoapi.azureedge.net"
EMR,2006,urban,water_safely_managed,73.8349,"WHO Global Health Observatory (JMP), ghoapi.azureedge.net"
EMR,2007,rural,handwashing_basic,45.0501,"WHO Global Health Observatory (JMP), ghoapi.azureedge.net"
EMR,2007,rural,open_defecation,26.4754,"WHO Global Health Observatory (JMP), ghoapi.azureedge.net"
EMR,2007,rural,sanitation_basic,47.0244,"WHO Global Health Observatory (JMP), ghoapi.azureedge.net"
EMR,2007,rural,sanitation_safely_managed,20.7427,"WHO Global Health Observatory (JMP), ghoapi.azureedge.net"
EMR,2007,rural,water_basic,74.1759,"WHO Global Health Observatory (JMP), ghoapi.azureedge.net"
EMR,2007,rural,water_safely_managed,48.4892,"WHO Global Health Observatory (JMP), ghoapi.azureedge.net"
EMR,2007,total,handwashing_basic,62.4324,"WHO Global Health Observatory (JMP), ghoapi.azureedge.net"
EMR,2007,total,open_defecation,14.7299,"WHO Global Health Observatory (JMP), ghoapi.azureedge.net"
EMR,2007,total,sanitation_basic,64.1955,"WHO Global Health Observatory (JMP), ghoapi.azureedge.net"
EMR,2007,total,sanitation_safely_managed,34.64,"WHO Global Health Observatory (JMP), ghoapi.azureedge.net"
EMR,2007,total,water_basic,83.6454,"WHO Global Health Observatory (JMP), ghoapi.azureedge.net"
EMR,2007,total,water_safely_managed,60.741,"WHO Global Health Observatory (JMP), ghoapi.azureedge.net"
EMR,2007,urban,open_defecation,1.8194,"WHO Global Health Observatory (JMP), ghoapi.azureedge.net"
EMR,2007,urban,sanitation_basic,83.301,"WHO Global Health Observatory (JMP), ghoapi.azureedge.net"
EMR,2007,urban,sanitation_safely_managed,49.6541,"WHO Global Health Observatory (JMP), ghoapi.azureedge.net"
EMR,2007,urban,water_basic,94.0343,"WHO Global Health Observatory (JMP), ghoapi.azureedge.net"
EMR,2007,urban,water_safely_managed,73.9773,"WHO Global Health Observatory (JMP), ghoapi.azureedge.net"
EMR,2008,rural,handwashing_basic,45.5038,"WHO Global Health Observatory (JMP), ghoapi.azureedge.net"
EMR,2008,rural,open_defecation,25.4811,"WHO Global Health Observatory (JMP), ghoapi.azureedge.net"
EMR,2008,rural,sanitation_basic,48.4135,"WHO Global Health Observatory (JMP), ghoapi.azureedge.net"
EMR,2008,rural,sanitation_safely_managed,21.7525,"WHO Global Health Observatory (JMP), ghoapi.azureedge.net"
EMR,2008,rural,water_basic,74.8692,"WHO Global Health Observatory (JMP), ghoapi.azureedge.net"
EMR,2008,rural,water_safely_managed,48.8455,"WHO Global Health Observatory (JMP), ghoapi.azureedge.net"
EMR,2008,total,handwashing_basic,62.7707,"WHO Global Health Observatory (JMP), ghoapi.azureedge.net"
EMR,2008,total,open_defecation,13.9899,"WHO Global Health Observatory (JMP), ghoapi.azureedge.net"
EMR,2008,total,sanitation_basic,65.3107,"WHO Global Health Observatory (JMP), ghoapi.azureedge.net"
EMR,2008,total,sanitation_safely_managed,35.4929,"WHO Global Health Observatory (JMP), ghoapi.azureedge.net"
EMR,2008,total,water_basic,84.2046,"WHO Global Health Observatory (JMP), ghoapi.azureedge.net"
EMR,2008,total,water_safely_managed,61.0026,"WHO Global Health Observatory (JMP), ghoapi.azureedge.net"
EMR,2008,urban,open_defecation,1.7308,"WHO Global Health Observatory (JMP), ghoapi.azureedge.net"
EMR,2008,urban,sanitation_basic,83.8608,"WHO Global Health Observatory (JMP), ghoapi.azureedge.net"
EMR,2008,urban,sanitation_safely_managed,50.1564,"WHO Global Health Observatory (JMP), ghoapi.azureedge.net"
EMR,2008,urban,water_basic,94.121,"WHO Global Health Observatory (JMP), ghoapi.azureedge.net"
EMR,2008,urban,water_safely_managed,73.9766,"WHO Global Health Observatory (JMP), ghoapi.azureedge.net"
EMR,2009,rural,handwashing_basic,46.0216,"WHO Global Health Observatory (JMP), ghoapi.azureedge.net"
EMR,2009,rural,open_defecation,24.4843,"WHO Global Health Observatory (JMP), ghoapi.azureedge.net"
EMR,2009,rural,sanitation_basic,49.7911,"WHO Global Health Observatory (JMP), ghoapi.azureedge.net"
EMR,2009,rural,sanitation_safely_managed,22.7328,"WHO Global Health Observatory (JMP), ghoapi.azureedge.net"
EMR,2009,rural,water_basic,75.5162,"WHO Global Health Observatory (JMP), ghoapi.azureedge.net"
EMR,2009,rural,water_safely_managed,49.1737,"WHO Global Health Observatory (JMP), ghoapi.azureedge.net"
EMR,2009,total,handwashing_basic,63.1625,"WHO Global Health Observatory (JMP), ghoapi.azureedge.net"
EMR,2009,total,open_defecation,13.3707,"WHO Global Health Observatory (JMP), ghoapi.azureedge.net"
EMR,2009,total,sanitation_basic,66.3883,"WHO Global Health Observatory (JMP), ghoapi.azureedge.net"
EMR,2009,total,sanitation_safely_managed,36.2827,"WHO Global Health Observatory (JMP), ghoapi.azureedge.net"
EMR,2009,total,water_basic,84.6279,"WHO Global Health Observatory (JMP), ghoapi.azureedge.net"
EMR,2009,total,water_safely_managed,61.2206,"WHO Global Health Observatory (JMP), ghoapi.azureedge.net"
EMR,2009,urban,open_defecation,1.6445,"WHO Global Health Observatory (JMP), ghoapi.azureedge.net"
EMR,2009,urban,sanitation_basic,84.3865,"WHO Global Health Observatory (JMP), ghoapi.azureedge.net"
EMR,2009,urban,sanitation_safely_managed,50.5811,"WHO Global Health Observatory (JMP), ghoapi.azureedge.net"
EMR,2009,urban,water_basic,94.1961,"WHO Global Health Observatory (JMP), ghoapi.azureedge.net"
EMR,2009,urban,water_safely_managed,73.9329,"WHO Global Health Observatory (JMP), ghoapi.azureedge.net"
EMR,2010,rural,handwashing_basic,47.5492,"WHO Global Health Observatory (JMP), ghoapi.azureedge.net"
EMR,2010,rural,open_defecation,23.4715,"WHO Global Health Observatory (JMP), ghoapi.azureedge.net"
EMR,2010,rural,sanitation_basic,51.2153,"WHO Global Health Observatory (JMP), ghoapi.azureedge.net"
EMR,2010,rural,sanitation_safely_managed,23.7278,"WHO Global Health Observatory (JMP), ghoapi.azureedge.net"
EMR,2010,rural,water_basic,76.1987,"WHO Global Health Observatory (JMP), ghoapi.azureedge.net"
EMR,2010,rural,water_safely_managed,49.5249,"WHO Global Health Observatory (JMP), ghoapi.azureedge.net"
EMR,2010,total,handwashing_basic,64.7168,"WHO Global Health Observatory (JMP), ghoapi.azureedge.net"
EMR,2010,total,open_defecation,12.7484,"WHO Global Health Observatory (JMP), ghoapi.azureedge.net"
EMR,2010,total,sanitation_basic,67.4867,"WHO Global Health Observatory (JMP), ghoapi.azureedge.net"
EMR,2010,total,sanitation_safely_managed,37.0717,"WHO Global Health Observatory (JMP), ghoapi.azureedge.net"
EMR,2010,total,water_basic,85.0681,"WHO Global Health Observatory (JMP), ghoapi.azureedge.net"
EMR,2010,total,water_safely_managed,61.4569,"WHO Global Health Observatory (JMP), ghoapi.azureedge.net"
EMR,2010,urban,open_defecation,1.5566,"WHO Global Health Observatory (JMP), ghoapi.azureedge.net"
EMR,2010,urban,sanitation_basic,84.9197,"WHO Global Health Observatory (JMP), ghoapi.azureedge.net"
EMR,2010,urban,sanitation_safely_managed,50.9965,"WHO Global Health Observatory (JMP), ghoapi.azureedge.net"
EMR,2010,urban,water_basic,94.2774,"WHO Global Health Observatory (JMP), ghoapi.azureedge.net"
EMR,2010,urban,water_safely_managed,73.9082,"WHO Global Health Observatory (JMP), ghoapi.azureedge.net"
EMR,2011,rural,handwashing_basic,48.2654,"WHO Global Health Observatory (JMP), ghoapi.azureedge.net"
EMR,2011,rural,open_defecation,22.3985,"WHO Global Health Observatory (JMP), ghoapi.azureedge.net"
EMR,2011,rural,sanitation_basic,52.7331,"WHO Global Health Observatory (JMP), ghoapi.azureedge.net"
EMR,2011,rural,sanitation_safely_managed,24.7782,"WHO Global Health Observatory (JMP), ghoapi.azureedge.net"
EMR,2011,rural,water_basic,76.9099,"WHO Global Health Observatory (JMP), ghoapi.azureedge.net"
EMR,2011,rural,water_safely_managed,49.8815,"WHO Global Health Observatory (JMP), ghoapi.azureedge.net"
EMR,2011,total,handwashing_basic,65.1748,"WHO Global Health Observatory (JMP), ghoapi.azureedge.net"
EMR,2011,total,open_defecation,12.109,"WHO Global Health Observatory (JMP), ghoapi.azureedge.net"
EMR,2011,total,sanitation_basic,68.62,"WHO Global Health Observatory (JMP), ghoapi.azureedge.net"
EMR,2011,total,sanitation_safely_managed,37.8796,"WHO Global Health Observatory (JMP), ghoapi.azureedge.net"
EMR,2011,total,water_basic,85.5157,"WHO Global Health Observatory (JMP), ghoapi.azureedge.net"
EMR,2011,total,water_safely_managed,61.6871,"WHO Global Health Observatory (JMP), ghoapi.azureedge.net"
EMR,2011,urban,open_defecation,1.4647,"WHO Global Health Observatory (JMP), ghoapi.azureedge.net"
EMR,2011,urban,sanitation_basic,85.4698,"WHO Global Health Observatory (JMP), ghoapi.azureedge.net"
EMR,2011,urban,sanitation_safely_managed,51.4206,"WHO Global Health Observatory (JMP), ghoapi.azureedge.net"
EMR,2011,urban,water_basic,94.3693,"WHO Global Health Observatory (JMP), ghoapi.azureedge.net"
EMR,2011,urban,water_safely_managed,73.8889,"WHO Global Health Observatory (JMP), ghoapi.azureedge.net"
EMR,2012,rural,handwashing_basic,51.6852,"WHO Global Health Observatory (JMP), ghoapi.azureedge.net"
EMR,2012,rural,open_defecation,21.3344,"WHO Global Health Observatory (JMP), ghoapi.azureedge.net"
EMR,2012,rural,sanitation_basic,54.2561,"WHO Global Health Observatory (JMP), ghoapi.azureedge.net"
EMR,2012,rural,sanitation_safely_managed,25.8125,"WHO Global Health Observatory (JMP), ghoapi.azureedge.net"
EMR,2012,rural,water_basic,77.5792,"WHO Global Health Observatory (JMP), ghoapi.azureedge.net"
EMR,2012,rural,water_safely_managed,50.2278,"WHO Global Health Observatory (JMP), ghoapi.azureedge.net"
EMR,2012,total,handwashing_basic,67.1194,"WHO Global Health Observatory (JMP), ghoapi.azureedge.net"
EMR,2012,total,open_defecation,11.4774,"WHO Global Health Observatory (JMP), ghoapi.azureedge.net"
EMR,2012,total,sanitation_basic,69.7632,"WHO Global Health Observatory (JMP), ghoapi.azureedge.net"
EMR,2012,total,sanitation_safely_managed,38.6753,"WHO Global Health Observatory (JMP), ghoapi.azureedge.net"
EMR,2012,total,water_basic,85.943,"WHO Global Health Observatory (JMP), ghoapi.azureedge.net"
EMR,2012,total,water_safely_managed,61.9142,"WHO Global Health Observatory (JMP), ghoapi.azureedge.net"
EMR,2012,urban,handwashing_basic,82.9214,"WHO Global Health Observatory (JMP), ghoapi.azureedge.net"
EMR,2012,urban,open_defecation,1.3703,"WHO Global Health Observatory (JMP), ghoapi.azureedge.net"
EMR,2012,urban,sanitation_basic,86.043,"WHO Global Health Observatory (JMP), ghoapi.azureedge.net"
EMR,2012,urban,sanitation_safely_managed,51.8446,"WHO Global Health Observatory (JMP), ghoapi.azureedge.net"
EMR,2012,urban,water_basic,94.4713,"WHO Global Health Observatory (JMP), ghoapi.azureedge.net"
EMR,2012,urban,water_safely_managed,73.8791,"WHO Global Health Observatory (JMP), ghoapi.azureedge.net"
EMR,2013,rural,handwashing_basic,54.4487,"WHO Global Health Observatory (JMP), ghoapi.azureedge.net"
EMR,2013,rural,open_defecation,20.3071,"WHO Global Health Observatory (JMP), ghoapi.azureedge.net"
EMR,2013,rural,sanitation_basic,56.0824,"WHO Global Health Observatory (JMP), ghoapi.azureedge.net"
EMR,2013,rural,sanitation_safely_managed,27.3464,"WHO Global Health Observatory (JMP), ghoapi.azureedge.net"
EMR,2013,rural,water_basic,78.2239,"WHO Global Health Observatory (JMP), ghoapi.azureedge.net"
EMR,2013,rural,water_safely_managed,50.5885,"WHO Global Health Observatory (JMP), ghoapi.azureedge.net"
EMR,2013,total,handwashing_basic,68.8854,"WHO Global Health Observatory (JMP), ghoapi.azureedge.net"
EMR,2013,total,open_defecation,10.8559,"WHO Global Health Observatory (JMP), ghoapi.azureedge.net"
EMR,2013,total,sanitation_basic,71.3051,"WHO Global Health Observatory (JMP), ghoapi.azureedge.net"
EMR,2013,total,sanitation_safely_managed,39.7477,"WHO Global Health Observatory (JMP), ghoapi.azureedge.net"
EMR,2013,total,water_basic,86.3671,"WHO Global Health Observatory (JMP), ghoapi.azureedge.net"
EMR,2013,total,water_safely_managed,62.1681,"WHO Global Health Observatory (JMP), ghoapi.azureedge.net"
EMR,2013,urban,handwashing_basic,83.4932,"WHO Global Health Observatory (JMP), ghoapi.azureedge.net"
EMR,2013,urban,open_defecation,1.278,"WHO Global Health Observatory (JMP), ghoapi.azureedge.net"
EMR,2013,urban,sanitation_basic,86.6244,"WHO Global Health Observatory (JMP), ghoapi.azureedge.net"
EMR,2013,urban,sanitation_safely_managed,52.2962,"WHO Global Health Observatory (JMP), ghoapi.azureedge.net"
EMR,2013,urban,water_basic,94.5729,"WHO Global Health Observatory (JMP), ghoapi.azureedge.net"
EMR,2013,urban,water_safely_managed,73.885,"WHO Global Health Observatory (JMP), ghoapi.azureedge.net"
EMR,2014,rural,handwashing_basic,56.9771,"WHO Global Health Observatory (JMP), ghoapi.azureedge.net"
EMR,2014,rural,open_defecation,19.2986,"WHO Global Health Observatory (JMP), ghoapi.azureedge.net"
EMR,2014,rural,sanitation_basic,57.5527,"WHO Global Health Observatory (JMP), ghoapi.azureedge.net"
EMR,2014,rural,sanitation_safely_managed,28.3195,"WHO Global Health Observatory (JMP), ghoapi.azureedge.net"
EMR,2014,rural,water_basic,78.8559,"WHO Global Health Observatory (JMP), ghoapi.azureedge.net"
EMR,2014,rural,water_safely_managed,50.9717,"WHO Global Health Observatory (JMP), ghoapi.azureedge.net"
EMR,2014,total,handwashing_basic,70.486,"WHO Global Health Observatory (JMP), ghoapi.azureedge.net"
EMR,2014,total,open_defecation,10.2461,"WHO Global Health Observatory (JMP), ghoapi.azureedge.net"
EMR,2014,total,sanitation_basic,72.4268,"WHO Global Health Observatory (JMP), ghoapi.azureedge.net"
EMR,2014,total,sanitation_safely_managed,40.5875,"WHO Global Health Observatory (JMP), ghoapi.azureedge.net"
EMR,2014,total,water_basic,86.7852,"WHO Global Health Observatory (JMP), ghoapi.azureedge.net"
EMR,2014,total,water_safely_managed,62.4362,"WHO Global Health Observatory (JMP), ghoapi.azureedge.net"
EMR,2014,urban,handwashing_basic,83.985,"WHO Global Health Observatory (JMP), ghoapi.azureedge.net"
EMR,2014,urban,open_defecation,1.187,"WHO Global Health Observatory (JMP), ghoapi.azureedge.net"
EMR,2014,urban,sanitation_basic,87.2072,"WHO Global Health Observatory (JMP), ghoapi.azureedge.net"
EMR,2014,urban,sanitation_safely_managed,52.8466,"WHO Global Health Observatory (JMP), ghoapi.azureedge.net"
EMR,2014,urban,water_basic,94.6755,"WHO Global Health Observatory (JMP), ghoapi.azureedge.net"
EMR,2014,urban,water_safely_managed,73.8922,"WHO Global Health Observatory (JMP), ghoapi.azureedge.net"
EMR,2015,rural,handwashing_basic,59.5802,"WHO Global Health Observatory (JMP), ghoapi.azureedge.net"
EMR,2015,rural,open_defecation,18.303,"WHO Global Health Observatory (JMP), ghoapi.azureedge.net"
EMR,2015,rural,sanitation_basic,59.0208,"WHO Global Health Observatory (JMP), ghoapi.azureedge.net"
EMR,2015,rural,sanitation_safely_managed,29.2897,"WHO Global Health Observatory (JMP), ghoapi.azureedge.net"
EMR,2015,rural,water_basic,79.4941,"WHO Global Health Observatory (JMP), ghoapi.azureedge.net"
EMR,2015,rural,water_safely_managed,51.3685,"WHO Global Health Observatory (JMP), ghoapi.azureedge.net"
EMR,2015,total,handwashing_basic,72.1849,"WHO Global Health Observatory (JMP), ghoapi.azureedge.net"
EMR,2015,total,open_defecation,9.6467,"WHO Global Health Observatory (JMP), ghoapi.azureedge.net"
EMR,2015,total,sanitation_basic,73.5462,"WHO Global Health Observatory (JMP), ghoapi.azureedge.net"
EMR,2015,total,sanitation_safely_managed,41.4353,"WHO Global Health Observatory (JMP), ghoapi.azureedge.net"
EMR,2015,total,water_basic,87.2074,"WHO Global Health Observatory (JMP), ghoapi.azureedge.net"
EMR,2015,total,water_safely_managed,62.7282,"WHO Global Health Observatory (JMP), ghoapi.azureedge.net"
EMR,2015,urban,handwashing_basic,84.6149,"WHO Global Health Observatory (JMP), ghoapi.azureedge.net"
EMR,2015,urban,open_defecation,1.0976,"WHO Global Health Observatory (JMP), ghoapi.azureedge.net"
EMR,2015,urban,sanitation_basic,87.7851,"WHO Global Health Observatory (JMP), ghoapi.azureedge.net"
EMR,2015,urban,sanitation_safely_managed,53.4125,"WHO Global Health Observatory (JMP), ghoapi.azureedge.net"
EMR,2015,urban,water_basic,94.7754,"WHO Global Health Observatory (JMP), ghoapi.azureedge.net"
EMR,2015,urban,water_safely_managed,73.9303,"WHO Global Health Observatory (JMP), ghoapi.azureedge.net"
EMR,2016,rural,handwashing_basic,62.6434,"WHO Global Health Observatory (JMP), ghoapi.azureedge.net"
EMR,2016,rural,open_defecation,17.2125,"WHO Global Health Observatory (JMP), ghoapi.azureedge.net"
EMR,2016,rural,sanitation_basic,60.5219,"WHO Global Health Observatory (JMP), ghoapi.azureedge.net"
EMR,2016,rural,sanitation_safely_managed,30.5761,"WHO Global Health Observatory (JMP), ghoapi.azureedge.net"
EMR,2016,rural,water_basic,80.1545,"WHO Global Health Observatory (JMP), ghoapi.azureedge.net"
EMR,2016,rural,water_safely_managed,51.782,"WHO Global Health Observatory (JMP), ghoapi.azureedge.net"
EMR,2016,total,handwashing_basic,74.5256,"WHO Global Health Observatory (JMP), ghoapi.azureedge.net"
EMR,2016,total,open_defecation,8.972,"WHO Global Health Observatory (JMP), ghoapi.azureedge.net"
EMR,2016,total,sanitation_basic,74.6575,"WHO Global Health Observatory (JMP), ghoapi.azureedge.net"
EMR,2016,total,sanitation_safely_managed,42.5855,"WHO Global Health Observatory (JMP), ghoapi.azureedge.net"
EMR,2016,total,water_basic,87.6278,"WHO Global Health Observatory (JMP), ghoapi.azureedge.net"
EMR,2016,total,water_safely_managed,63.0225,"WHO Global Health Observatory (JMP), ghoapi.azureedge.net"
EMR,2016,urban,handwashing_basic,86.1072,"WHO Global Health Observatory (JMP), ghoapi.azureedge.net"
EMR,2016,urban,open_defecation,1.0093,"WHO Global Health Observatory (JMP), ghoapi.azureedge.net"
EMR,2016,urban,sanitation_basic,88.3491,"WHO Global Health Observatory (JMP), ghoapi.azureedge.net"
EMR,2016,urban,sanitation_safely_managed,54.291,"WHO Global Health Observatory (JMP), ghoapi.azureedge.net"
EMR,2016,urban,water_basic,94.8662,"WHO Global Health Observatory (JMP), ghoapi.azureedge.net"
EMR,2016,urban,water_safely_managed,73.9787,"WHO Global Health Observatory (JMP), ghoapi.azureedge.net"
EMR,2017,rural,handwashing_basic,65.2261,"WHO Global Health Observatory (JMP), ghoapi.azureedge.net"
EMR,2017,rural,open_defecation,18.0635,"WHO Global Health Observatory (JMP), ghoapi.azureedge.net"
EMR,2017,rural,sanitation_basic,62.0072,"WHO Global Health Observatory (JMP), ghoapi.azureedge.net"
EMR,2017,rural,sanitation_safely_managed,31.8523,"WHO Global Health Observatory (JMP), ghoapi.azureedge.net"
EMR,2017,rural,water_basic,80.805,"WHO Global Health Observatory (JMP), ghoapi.azureedge.net"
EMR,2017,rural,water_safely_managed,52.1635,"WHO Global Health Observatory (JMP), ghoapi.azureedge.net"
EMR,2017,total,handwashing_basic,76.1314,"WHO Global Health Observatory (JMP), ghoapi.azureedge.net"
EMR,2017,total,open_defecation,10.893,"WHO Global Health Observatory (JMP), ghoapi.azureedge.net"
EMR,2017,total,sanitation_basic,75.7181,"WHO Global Health Observatory (JMP), ghoapi.azureedge.net"
EMR,2017,total,sanitation_safely_managed,43.6643,"WHO Global Health Observatory (JMP), ghoapi.azureedge.net"
EMR,2017,total,water_basic,88.0225,"WHO Global Health Observatory (JMP), ghoapi.azureedge.net"
EMR,2017,total,water_safely_managed,63.2216,"WHO Global Health Observatory (JMP), ghoapi.azureedge.net"
EMR,2017,urban,handwashing_basic,86.6676,"WHO Global Health Observatory (JMP), ghoapi.azureedge.net"
EMR,2017,urban,open_defecation,0.924,"WHO Global Health Observatory (JMP), ghoapi.azureedge.net"
EMR,2017,urban,sanitation_basic,88.8788,"WHO Global Health Observatory (JMP), ghoapi.azureedge.net"
EMR,2017,urban,sanitation_safely_managed,55.0765,"WHO Global Health Observatory (JMP), ghoapi.azureedge.net"
EMR,2017,urban,water_basic,94.9429,"WHO Global Health Observatory (JMP), ghoapi.azureedge.net"
EMR,2017,urban,water_safely_managed,73.9054,"WHO Global Health Observatory (JMP), ghoapi.azureedge.net"
EMR,2018,rural,handwashing_basic,67.7519,"WHO Global Health Observatory (JMP), ghoapi.azureedge.net"
EMR,2018,rural,open_defecation,16.8939,"WHO Global Health Observatory (JMP), ghoapi.azureedge.net"
EMR,2018,rural,sanitation_basic,63.4978,"WHO Global Health Observatory (JMP), ghoapi.azureedge.net"
EMR,2018,rural,sanitation_safely_managed,33.1564,"WHO Global Health Observatory (JMP), ghoapi.azureedge.net"
EMR,2018,rural,water_basic,81.4704,"WHO Global Health Observatory (JMP), ghoapi.azureedge.net"
EMR,2018,rural,water_safely_managed,52.5325,"WHO Global Health Observatory (JMP), ghoapi.azureedge.net"
EMR,2018,total,handwashing_basic,77.665,"WHO Global Health Observatory (JMP), ghoapi.azureedge.net"
EMR,2018,total,open_defecation,10.0813,"WHO Global Health Observatory (JMP), ghoapi.azureedge.net"
EMR,2018,total,sanitation_basic,76.7241,"WHO Global Health Observatory (JMP), ghoapi.azureedge.net"
EMR,2018,total,sanitation_safely_managed,44.7187,"WHO Global Health Observatory (JMP), ghoapi.azureedge.net"
EMR,2018,total,water_basic,88.4141,"WHO Global Health Observatory (JMP), ghoapi.azureedge.net"
EMR,2018,total,water_safely_managed,63.3917,"WHO Global Health Observatory (JMP), ghoapi.azureedge.net"
EMR,2018,urban,handwashing_basic,87.173,"WHO Global Health Observatory (JMP), ghoapi.azureedge.net"
EMR,2018,urban,open_defecation,0.8323,"WHO Global Health Observatory (JMP), ghoapi.azureedge.net"
EMR,2018,urban,sanitation_basic,89.3244,"WHO Global Health Observatory (JMP), ghoapi.azureedge.net"
EMR,2018,urban,sanitation_safely_managed,55.8085,"WHO Global Health Observatory (JMP), ghoapi.azureedge.net"
EMR,2018,urban,water_basic,95.0166,"WHO Global Health Observatory (JMP), ghoapi.azureedge.net"
EMR,2018,urban,water_safely_managed,73.807,"WHO Global Health Observatory (JMP), ghoapi.azureedge.net"
EMR,2019,rural,handwashing_basic,70.2662,"WHO Global Health Observatory (JMP), ghoapi.azureedge.net"
EMR,2019,rural,open_defecation,15.7326,"WHO Global Health Observatory (JMP), ghoapi.azureedge.net"
EMR,2019,rural,sanitation_basic,65.0166,"WHO Global Health Observatory (JMP), ghoapi.azureedge.net"
EMR,2019,rural,sanitation_safely_managed,34.5239,"WHO Global Health Observatory (JMP), ghoapi.azureedge.net"
EMR,2019,rural,water_basic,82.1622,"WHO Global Health Observatory (JMP), ghoapi.azureedge.net"
EMR,2019,rural,water_safely_managed,52.8793,"WHO Global Health Observatory (JMP), ghoapi.azureedge.net"
EMR,2019,total,handwashing_basic,79.2278,"WHO Global Health Observatory (JMP), ghoapi.azureedge.net"
EMR,2019,total,open_defecation,9.2692,"WHO Global Health Observatory (JMP), ghoapi.azureedge.net"
EMR,2019,total,sanitation_basic,77.7074,"WHO Global Health Observatory (JMP), ghoapi.azureedge.net"
EMR,2019,total,sanitation_safely_managed,45.8167,"WHO Global Health Observatory (JMP), ghoapi.azureedge.net"
EMR,2019,total,water_basic,88.8206,"WHO Global Health Observatory (JMP), ghoapi.azureedge.net"
EMR,2019,total,water_safely_managed,63.5399,"WHO Global Health Observatory (JMP), ghoapi.azureedge.net"
EMR,2019,urban,handwashing_basic,87.7547,"WHO Global Health Observatory (JMP), ghoapi.azureedge.net"
EMR,2019,urban,open_defecation,0.7429,"WHO Global Health Observatory (JMP), ghoapi.azureedge.net"
EMR,2019,urban,sanitation_basic,89.6987,"WHO Global Health Observatory (JMP), ghoapi.azureedge.net"
EMR,2019,urban,sanitation_safely_managed,56.5619,"WHO Global Health Observatory (JMP), ghoapi.azureedge.net"
EMR,2019,urban,water_basic,95.0988,"WHO Global Health Observatory (JMP), ghoapi.azureedge.net"
EMR,2019,urban,water_safely_managed,73.6835,"WHO Global Health Observatory (JMP), ghoapi.azureedge.net"
EMR,2020,rural,handwashing_basic,72.7643,"WHO Global Health Observatory (JMP), ghoapi.azureedge.net"
EMR,2020,rural,open_defecation,14.5822,"WHO Global Health Observatory (JMP), ghoapi.azureedge.net"
EMR,2020,rural,sanitation_basic,66.499,"WHO Global Health Observatory (JMP), ghoapi.azureedge.net"
EMR,2020,rural,sanitation_safely_managed,35.8988,"WHO Global Health Observatory (JMP), ghoapi.azureedge.net"
EMR,2020,rural,water_basic,82.8544,"WHO Global Health Observatory (JMP), ghoapi.azureedge.net"
EMR,2020,rural,water_safely_managed,53.1972,"WHO Global Health Observatory (JMP), ghoapi.azureedge.net"
EMR,2020,total,handwashing_basic,80.7404,"WHO Global Health Observatory (JMP), ghoapi.azureedge.net"
EMR,2020,total,open_defecation,8.4634,"WHO Global Health Observatory (JMP), ghoapi.azureedge.net"
EMR,2020,total,sanitation_basic,78.6618,"WHO Global Health Observatory (JMP), ghoapi.azureedge.net"
EMR,2020,total,sanitation_safely_managed,46.9291,"WHO Global Health Observatory (JMP), ghoapi.azureedge.net"
EMR,2020,total,water_basic,89.2168,"WHO Global Health Observatory (JMP), ghoapi.azureedge.net"
EMR,2020,total,water_safely_managed,63.6435,"WHO Global Health Observatory (JMP), ghoapi.azureedge.net"
EMR,2020,urban,handwashing_basic,88.2673,"WHO Global Health Observatory (JMP), ghoapi.azureedge.net"
EMR,2020,urban,open_defecation,0.6585,"WHO Global Health Observatory (JMP), ghoapi.azureedge.net"
EMR,2020,urban,sanitation_basic,90.0725,"WHO Global Health Observatory (JMP), ghoapi.azureedge.net"
EMR,2020,urban,sanitation_safely_managed,57.3384,"WHO Global Health Observatory (JMP), ghoapi.azureedge.net"
EMR,2020,urban,water_basic,95.1659,"WHO Global Health Observatory (JMP), ghoapi.azureedge.net"
EMR,2020,urban,water_safely_managed,73.5016,"WHO Global Health Observatory (JMP), ghoapi.azureedge.net"
EMR,2021,rural,handwashing_basic,75.2082,"WHO Global Health Observatory (JMP), ghoapi.azureedge.net"
EMR,2021,rural,open_defecation,13.4541,"WHO Global Health Observatory (JMP), ghoapi.azureedge.net"
EMR,2021,rural,sanitation_basic,67.8674,"WHO Global Health Observatory (JMP), ghoapi.azureedge.net"
EMR,2021,rural,sanitation_safely_managed,37.2144,"WHO Global Health Observatory (JMP), ghoapi.azureedge.net"
EMR,2021,rural,water_basic,83.5056,"WHO Global Health Observatory (JMP), ghoapi.azureedge.net"
EMR,2021,rural,water_safely_managed,53.4999,"WHO Global Health Observatory (JMP), ghoapi.azureedge.net"
EMR,2021,total,handwashing_basic,82.2104,"WHO Global Health Observatory (JMP), ghoapi.azureedge.net"
EMR,2021,total,open_defecation,7.6764,"WHO Global Health Observatory (JMP), ghoapi.azureedge.net"
EMR,2021,total,sanitation_basic,79.5451,"WHO Global Health Observatory (JMP), ghoapi.azureedge.net"
EMR,2021,total,sanitation_safely_managed,48.0022,"WHO Global Health Observatory (JMP), ghoapi.azureedge.net"
EMR,2021,total,water_basic,89.5935,"WHO Global Health Observatory (JMP), ghoapi.azureedge.net"
EMR,2021,total,water_safely_managed,63.7453,"WHO Global Health Observatory (JMP), ghoapi.azureedge.net"
EMR,2021,urban,handwashing_basic,88.7551,"WHO Global Health Observatory (JMP), ghoapi.azureedge.net"
EMR,2021,urban,open_defecation,0.5748,"WHO Global Health Observatory (JMP), ghoapi.azureedge.net"
EMR,2021,urban,sanitation_basic,90.4044,"WHO Global Health Observatory (JMP), ghoapi.azureedge.net"
EMR,2021,urban,sanitation_safely_managed,58.0852,"WHO Global Health Observatory (JMP), ghoapi.azureedge.net"
EMR,2021,urban,water_basic,95.2296,"WHO Global Health Observatory (JMP), ghoapi.azureedge.net"
EMR,2021,urban,water_safely_managed,73.3212,"WHO Global Health Observatory (JMP), ghoapi.azureedge.net"
EMR,2022,rural,handwashing_basic,77.6765,"WHO Global Health Observatory (JMP), ghoapi.azureedge.net"
EMR,2022,rural,open_defecation,12.3334,"WHO Global Health Observatory (JMP), ghoapi.azureedge.net"
EMR,2022,rural,sanitation_basic,69.2968,"WHO Global Health Observatory (JMP), ghoapi.azureedge.net"
EMR,2022,rural,sanitation_safely_managed,38.6032,"WHO Global Health Observatory (JMP), ghoapi.azureedge.net"
EMR,2022,rural,water_basic,84.1815,"WHO Global Health Observatory (JMP), ghoapi.azureedge.net"
EMR,2022,rural,water_safely_managed,53.8363,"WHO Global Health Observatory (JMP), ghoapi.azureedge.net"
EMR,2022,total,handwashing_basic,83.707,"WHO Global Health Observatory (JMP), ghoapi.azureedge.net"
EMR,2022,total,open_defecation,6.891,"WHO Global Health Observatory (JMP), ghoapi.azureedge.net"
EMR,2022,total,sanitation_basic,80.4967,"WHO Global Health Observatory (JMP), ghoapi.azureedge.net"
EMR,2022,total,sanitation_safely_managed,49.2032,"WHO Global Health Observatory (JMP), ghoapi.azureedge.net"
EMR,2022,total,water_basic,89.9982,"WHO Global Health Observatory (JMP), ghoapi.azureedge.net"
EMR,2022,total,water_safely_managed,63.9247,"WHO Global Health Observatory (JMP), ghoapi.azureedge.net"
EMR,2022,urban,handwashing_basic,89.2677,"WHO Global Health Observatory (JMP), ghoapi.azureedge.net"
EMR,2022,urban,open_defecation,0.4923,"WHO Global Health Observatory (JMP), ghoapi.azureedge.net"
EMR,2022,urban,sanitation_basic,90.7809,"WHO Global Health Observatory (JMP), ghoapi.azureedge.net"
EMR,2022,urban,sanitation_safely_managed,58.9773,"WHO Global Health Observatory (JMP), ghoapi.azureedge.net"
EMR,2022,urban,water_basic,95.3083,"WHO Global Health Observatory (JMP), ghoapi.azureedge.net"
EMR,2022,urban,water_safely_managed,73.227,"WHO Global Health Observatory (JMP), ghoapi.azureedge.net"
EMR,2023,rural,handwashing_basic,78.506,"WHO Global Health Observatory (JMP), ghoapi.azureedge.net"
EMR,2023,rural,open_defecation,11.2511,"WHO Global Health Observatory (JMP), ghoapi.azureedge.net"
EMR,2023,rural,sanitation_basic,69.7964,"WHO Global Health Observatory (JMP), ghoapi.azureedge.net"
EMR,2023,rural,sanitation_safely_managed,39.2953,"WHO Global Health Observatory (JMP), ghoapi.azureedge.net"
EMR,2023,rural,water_basic,84.7693,"WHO Global Health Observatory (JMP), ghoapi.azureedge.net"
EMR,2023,rural,water_safely_managed,54.0928,"WHO Global Health Observatory (JMP), ghoapi.azureedge.net"
EMR,2023,total,handwashing_basic,84.2711,"WHO Global Health Observatory (JMP), ghoapi.azureedge.net"
EMR,2023,total,open_defecation,6.1274,"WHO Global Health Observatory (JMP), ghoapi.azureedge.net"
EMR,2023,total,sanitation_basic,80.9038,"WHO Global Health Observatory (JMP), ghoapi.azureedge.net"
EMR,2023,total,sanitation_safely_managed,50.0736,"WHO Global Health Observatory (JMP), ghoapi.azureedge.net"
EMR,2023,total,water_basic,90.3644,"WHO Global Health Observatory (JMP), ghoapi.azureedge.net"
EMR,2023,total,water_safely_managed,64.0619,"WHO Global Health Observatory (JMP), ghoapi.azureedge.net"
EMR,2023,urban,handwashing_basic,89.5086,"WHO Global Health Observatory (JMP), ghoapi.azureedge.net"
EMR,2023,urban,open_defecation,0.406,"WHO Global Health Observatory (JMP), ghoapi.azureedge.net"
EMR,2023,urban,sanitation_basic,90.9646,"WHO Global Health Observatory (JMP), ghoapi.azureedge.net"
EMR,2023,urban,sanitation_safely_managed,59.8657,"WHO Global Health Observatory (JMP), ghoapi.azureedge.net"
EMR,2023,urban,water_basic,95.3955,"WHO Global Health Observatory (JMP), ghoapi.azureedge.net"
EMR,2023,urban,water_safely_managed,73.1188,"WHO Global Health Observatory (JMP), ghoapi.azureedge.net"
EMR,2024,rural,handwashing_basic,79.1252,"WHO Global Health Observatory (JMP), ghoapi.azureedge.net"
EMR,2024,rural,open_defecation,10.1441,"WHO Global Health Observatory (JMP), ghoapi.azureedge.net"
EMR,2024,rural,sanitation_basic,70.2773,"WHO Global Health Observatory (JMP), ghoapi.azureedge.net"
EMR,2024,rural,sanitation_safely_managed,39.988,"WHO Global Health Observatory (JMP), ghoapi.azureedge.net"
EMR,2024,rural,water_basic,85.3561,"WHO Global Health Observatory (JMP), ghoapi.azureedge.net"
EMR,2024,rural,water_safely_managed,54.3233,"WHO Global Health Observatory (JMP), ghoapi.azureedge.net"
EMR,2024,total,handwashing_basic,84.569,"WHO Global Health Observatory (JMP), ghoapi.azureedge.net"
EMR,2024,total,open_defecation,5.3977,"WHO Global Health Observatory (JMP), ghoapi.azureedge.net"
EMR,2024,total,sanitation_basic,81.2302,"WHO Global Health Observatory (JMP), ghoapi.azureedge.net"
EMR,2024,total,sanitation_safely_managed,50.7439,"WHO Global Health Observatory (JMP), ghoapi.azureedge.net"
EMR,2024,total,water_basic,90.7128,"WHO Global Health Observatory (JMP), ghoapi.azureedge.net"
EMR,2024,total,water_safely_managed,64.1472,"WHO Global Health Observatory (JMP), ghoapi.azureedge.net"
EMR,2024,urban,handwashing_basic,89.4488,"WHO Global Health Observatory (JMP), ghoapi.azureedge.net"
EMR,2024,urban,open_defecation,0.3201,"WHO Global Health Observatory (JMP), ghoapi.azureedge.net"
EMR,2024,urban,sanitation_basic,91.0512,"WHO Global Health Observatory (JMP), ghoapi.azureedge.net"
EMR,2024,urban,sanitation_safely_managed,60.3853,"WHO Global Health Observatory (JMP), ghoapi.azureedge.net"
EMR,2024,urban,water_basic,95.4636,"WHO Global Health Observatory (JMP), ghoapi.azureedge.net"
EMR,2024,urban,water_safely_managed,72.9531,"WHO Global Health Observatory (JMP), ghoapi.azureedge.net"
EUR,2000,rural,open_defecation,0.2338,"WHO Global Health Observatory (JMP), ghoapi.azureedge.net"
EUR,2000,rural,sanitation_basic,89.6117,"WHO Global Health Observatory (JMP), ghoapi.azureedge.net"
EUR,2000,rural,sanitation_safely_managed,65.9571,"WHO Global Health Observatory (JMP), ghoapi.azureedge.net"
EUR,2000,rural,water_basic,92.2225,"WHO Global Health Observatory (JMP), ghoapi.azureedge.net"
EUR,2000,rural,water_safely_managed,70.2174,"WHO Global Health Observatory (JMP), ghoapi.azureedge.net"
EUR,2000,total,open_defecation,0.0879,"WHO Global Health Observatory (JMP), ghoapi.azureedge.net"
EUR,2000,total,sanitation_basic,94.673,"WHO Global Health Observatory (JMP), ghoapi.azureedge.net"
EUR,2000,total,sanitation_safely_managed,76.8209,"WHO Global Health Observatory (JMP), ghoapi.azureedge.net"
EUR,2000,total,water_basic,96.7987,"WHO Global Health Observatory (JMP), ghoapi.azureedge.net"
EUR,2000,total,water_safely_managed,86.5426,"WHO Global Health Observatory (JMP), ghoapi.azureedge.net"
EUR,2000,urban,open_defecation,0.0213,"WHO Global Health Observatory (JMP), ghoapi.azureedge.net"
EUR,2000,urban,sanitation_basic,97.1106,"WHO Global Health Observatory (JMP), ghoapi.azureedge.net"
EUR,2000,urban,sanitation_safely_managed,81.7595,"WHO Global Health Observatory (JMP), ghoapi.azureedge.net"
EUR,2000,urban,water_basic,98.7024,"WHO Global Health Observatory (JMP), ghoapi.azureedge.net"
EUR,2000,urban,water_safely_managed,93.9567,"WHO Global Health Observatory (JMP), ghoapi.azureedge.net"
EUR,2001,rural,open_defecation,0.225,"WHO Global Health Observatory (JMP), ghoapi.azureedge.net"
EUR,2001,rural,sanitation_basic,87.7933,"WHO Global Health Observatory (JMP), ghoapi.azureedge.net"
EUR,2001,rural,sanitation_safely_managed,64.7871,"WHO Global Health Observatory (JMP), ghoapi.azureedge.net"
EUR,2001,rural,water_basic,92.3457,"WHO Global Health Observatory (JMP), ghoapi.azureedge.net"
EUR,2001,rural,water_safely_managed,70.4034,"WHO Global Health Observatory (JMP), ghoapi.azureedge.net"
EUR,2001,total,open_defecation,0.0848,"WHO Global Health Observatory (JMP), ghoapi.azureedge.net"
EUR,2001,total,sanitation_basic,93.9256,"WHO Global Health Observatory (JMP), ghoapi.azureedge.net"
EUR,2001,total,sanitation_safely_managed,76.4067,"WHO Global Health Observatory (JMP), ghoapi.azureedge.net"
EUR,2001,total,water_basic,96.8525,"WHO Global Health Observatory (JMP), ghoapi.azureedge.net"
EUR,2001,total,water_safely_managed,86.6653,"WHO Global Health Observatory (JMP), ghoapi.azureedge.net"
EUR,2001,urban,open_defecation,0.0212,"WHO Global Health Observatory (JMP), ghoapi.azureedge.net"
EUR,2001,urban,sanitation_basic,97.0287,"WHO Global Health Observatory (JMP), ghoapi.azureedge.net"
EUR,2001,urban,sanitation_safely_managed,81.6502,"WHO Global Health Observatory (JMP), ghoapi.azureedge.net"
EUR,2001,urban,water_basic,98.7112,"WHO Global Health Observatory (JMP), ghoapi.azureedge.net"
EUR,2001,urban,water_safely_managed,93.9987,"WHO Global Health Observatory (JMP), ghoapi.azureedge.net"
EUR,2002,rural,open_defecation,0.2097,"WHO Global Health Observatory (JMP), ghoapi.azureedge.net"
EUR,2002,rural,sanitation_basic,86.6653,"WHO Global Health Observatory (JMP), ghoapi.azureedge.net"
EUR,2002,rural,sanitation_safely_managed,63.3247,"WHO Global Health Observatory (JMP), ghoapi.azureedge.net"
EUR,2002,rural,water_basic,92.5008,"WHO Global Health Observatory (JMP), ghoapi.azureedge.net"
EUR,2002,rural,water_safely_managed,70.6896,"WHO Global Health Observatory (JMP), ghoapi.azureedge.net"
EUR,2002,total,open_defecation,0.0784,"WHO Global Health Observatory (JMP), ghoapi.azureedge.net"
EUR,2002,total,sanitation_basic,92.7303,"WHO Global Health Observatory (JMP), ghoapi.azureedge.net"
EUR,2002,total,sanitation_safely_managed,72.3342,"WHO Global Health Observatory (JMP), ghoapi.azureedge.net"
EUR,2002,total,water_basic,96.9232,"WHO Global Health Observatory (JMP), ghoapi.azureedge.net"
EUR,2002,total,water_safely_managed,86.8413,"WHO Global Health Observatory (JMP), ghoapi.azureedge.net"
EUR,2002,urban,open_defecation,0.0203,"WHO Global Health Observatory (JMP), ghoapi.azureedge.net"
EUR,2002,urban,sanitation_basic,95.4275,"WHO Global Health Observatory (JMP), ghoapi.azureedge.net"
EUR,2002,urban,sanitation_safely_managed,76.3654,"WHO Global Health Observatory (JMP), ghoapi.azureedge.net"
EUR,2002,urban,water_basic,98.7271,"WHO Global Health Observatory (JMP), ghoapi.azureedge.net"
EUR,2002,urban,water_safely_managed,94.0576,"WHO Global Health Observatory (JMP), ghoapi.azureedge.net"
EUR,2003,rural,open_defecation,0.2009,"WHO Global Health Observatory (JMP), ghoapi.azureedge.net"
EUR,2003,rural,sanitation_basic,86.958,"WHO Global Health Observatory (JMP), ghoapi.azureedge.net"
EUR,2003,rural,sanitation_safely_managed,63.5523,"WHO Global Health Observatory (JMP), ghoapi.azureedge.net"
EUR,2003,rural,water_basic,92.6584,"WHO Global Health Observatory (JMP), ghoapi.azureedge.net"
EUR,2003,rural,water_safely_managed,70.9863,"WHO Global Health Observatory (JMP), ghoapi.azureedge.net"
EUR,2003,total,open_defecation,0.0747,"WHO Global Health Observatory (JMP), ghoapi.azureedge.net"
EUR,2003,total,sanitation_basic,92.8744,"WHO Global Health Observatory (JMP), ghoapi.azureedge.net"
EUR,2003,total,sanitation_safely_managed,72.5059,"WHO Global Health Observatory (JMP), ghoapi.azureedge.net"
EUR,2003,total,water_basic,96.9937,"WHO Global Health Observatory (JMP), ghoapi.azureedge.net"
EUR,2003,total,water_safely_managed,87.0237,"WHO Global Health Observatory (JMP), ghoapi.azureedge.net"
EUR,2003,urban,open_defecation,0.0195,"WHO Global Health Observatory (JMP), ghoapi.azureedge.net"
EUR,2003,urban,sanitation_basic,95.4791,"WHO Global Health Observatory (JMP), ghoapi.azureedge.net"
EUR,2003,urban,sanitation_safely_managed,76.4724,"WHO Global Health Observatory (JMP), ghoapi.azureedge.net"
EUR,2003,urban,water_basic,98.7405,"WHO Global Health Observatory (JMP), ghoapi.azureedge.net"
EUR,2003,urban,water_safely_managed,94.1177,"WHO Global Health Observatory (JMP), ghoapi.azureedge.net"
EUR,2004,rural,open_defecation,0.1922,"WHO Global Health Observatory (JMP), ghoapi.azureedge.net"
EUR,2004,rural,sanitation_basic,87.277,"WHO Global Health Observatory (JMP), ghoapi.azureedge.net"
EUR,2004,rural,sanitation_safely_managed,63.8329,"WHO Global Health Observatory (JMP), ghoapi.azureedge.net"
EUR,2004,rural,water_basic,92.8192,"WHO Global Health Observatory (JMP), ghoapi.azureedge.net"
EUR,2004,rural,water_safely_managed,71.9395,"WHO Global Health Observatory (JMP), ghoapi.azureedge.net"
EUR,2004,total,open_defecation,0.0711,"WHO Global Health Observatory (JMP), ghoapi.azureedge.net"
EUR,2004,total,sanitation_basic,93.0343,"WHO Global Health Observatory (JMP), ghoapi.azureedge.net"
EUR,2004,total,sanitation_safely_managed,72.7934,"WHO Global Health Observatory (JMP), ghoapi.azureedge.net"
EUR,2004,total,water_basic,97.0371,"WHO Global Health Observatory (JMP), ghoapi.azureedge.net"
EUR,2004,total,water_safely_managed,87.3918,"WHO Global Health Observatory (JMP), ghoapi.azureedge.net"
EUR,2004,urban,open_defecation,0.0185,"WHO Global Health Observatory (JMP), ghoapi.azureedge.net"
EUR,2004,urban,sanitation_basic,95.5434,"WHO Global Health Observatory (JMP), ghoapi.azureedge.net"
EUR,2004,urban,sanitation_safely_managed,76.7231,"WHO Global Health Observatory (JMP), ghoapi.azureedge.net"
EUR,2004,urban,water_basic,98.7145,"WHO Global Health Observatory (JMP), ghoapi.azureedge.net"
EUR,2004,urban,water_safely_managed,94.1589,"WHO Global Health Observatory (JMP), ghoapi.azureedge.net"
EUR,2005,rural,open_defecation,0.1834,"WHO Global Health Observatory (JMP), ghoapi.azureedge.net"
EUR,2005,rural,sanitation_basic,87.6078,"WHO Global Health Observatory (JMP), ghoapi.azureedge.net"
EUR,2005,rural,sanitation_safely_managed,64.1093,"WHO Global Health Observatory (JMP), ghoapi.azureedge.net"
EUR,2005,rural,water_basic,93.1469,"WHO Global Health Observatory (JMP), ghoapi.azureedge.net"
EUR,2005,rural,water_safely_managed,74.4121,"WHO Global Health Observatory (JMP), ghoapi.azureedge.net"
EUR,2005,total,open_defecation,0.0674,"WHO Global Health Observatory (JMP), ghoapi.azureedge.net"
EUR,2005,total,sanitation_basic,93.2022,"WHO Global Health Observatory (JMP), ghoapi.azureedge.net"
EUR,2005,total,sanitation_safely_managed,73.0852,"WHO Global Health Observatory (JMP), ghoapi.azureedge.net"
EUR,2005,total,water_basic,97.1416,"WHO Global Health Observatory (JMP), ghoapi.azureedge.net"
EUR,2005,total,water_safely_managed,88.4742,"WHO Global Health Observatory (JMP), ghoapi.azureedge.net"
EUR,2005,urban,open_defecation,0.0176,"WHO Global Health Observatory (JMP), ghoapi.azureedge.net"
EUR,2005,urban,sanitation_basic,95.6152,"WHO Global Health Observatory (JMP), ghoapi.azureedge.net"
EUR,2005,urban,sanitation_safely_managed,76.9813,"WHO Global Health Observatory (JMP), ghoapi.azureedge.net"
EUR,2005,urban,water_basic,98.7325,"WHO Global Health Observatory (JMP), ghoapi.azureedge.net"
EUR,2005,urban,water_safely_managed,94.5715,"WHO Global Health Observatory (JMP), ghoapi.azureedge.net"
EUR,2006,rural,open_defecation,0.1747,"WHO Global Health Observatory (JMP), ghoapi.azureedge.net"
EUR,2006,rural,sanitation_basic,87.9911,"WHO Global Health Observatory (JMP), ghoapi.azureedge.net"
EUR,2006,rural,sanitation_safely_managed,64.3781,"WHO Global Health Observatory (JMP), ghoapi.azureedge.net"
EUR,2006,rural,water_basic,93.3152,"WHO Global Health Observatory (JMP), ghoapi.azureedge.net"
EUR,2006,rural,water_safely_managed,75.3444,"WHO Global Health Observatory (JMP), ghoapi.azureedge.net"
EUR,2006,total,open_defecation,0.0638,"WHO Global Health Observatory (JMP), ghoapi.azureedge.net"
EUR,2006,total,sanitation_basic,93.385,"WHO Global Health Observatory (JMP), ghoapi.azureedge.net"
EUR,2006,total,sanitation_safely_managed,73.3416,"WHO Global Health Observatory (JMP), ghoapi.azureedge.net"
EUR,2006,total,water_basic,97.1905,"WHO Global Health Observatory (JMP), ghoapi.azureedge.net"
EUR,2006,total,water_safely_managed,88.8131,"WHO Global Health Observatory (JMP), ghoapi.azureedge.net"
EUR,2006,urban,open_defecation,0.0167,"WHO Global Health Observatory (JMP), ghoapi.azureedge.net"
EUR,2006,urban,sanitation_basic,95.6883,"WHO Global Health Observatory (JMP), ghoapi.azureedge.net"
EUR,2006,urban,sanitation_safely_managed,77.1937,"WHO Global Health Observatory (JMP), ghoapi.azureedge.net"
EUR,2006,urban,water_basic,98.7155,"WHO Global Health Observatory (JMP), ghoapi.azureedge.net"
EUR,2006,urban,water_safely_managed,94.596,"WHO Global Health Observatory (JMP), ghoapi.azureedge.net"
EUR,2007,rural,open_defecation,0.1658,"WHO Global Health Observatory (JMP), ghoapi.azureedge.net"
EUR,2007,rural,sanitation_basic,88.3722,"WHO Global Health Observatory (JMP), ghoapi.azureedge.net"
EUR,2007,rural,sanitation_safely_managed,64.6196,"WHO Global Health Observatory (JMP), ghoapi.azureedge.net"
EUR,2007,rural,water_basic,93.4893,"WHO Global Health Observatory (JMP), ghoapi.azureedge.net"
EUR,2007,rural,water_safely_managed,76.3029,"WHO Global Health Observatory (JMP), ghoapi.azureedge.net"
EUR,2007,total,open_defecation,0.0602,"WHO Global Health Observatory (JMP), ghoapi.azureedge.net"
EUR,2007,total,sanitation_basic,93.6558,"WHO Global Health Observatory (JMP), ghoapi.azureedge.net"
EUR,2007,total,sanitation_safely_managed,73.6788,"WHO Global Health Observatory (JMP), ghoapi.azureedge.net"
EUR,2007,total,water_basic,97.2416,"WHO Global Health Observatory (JMP), ghoapi.azureedge.net"
EUR,2007,total,water_safely_managed,89.1546,"WHO Global Health Observatory (JMP), ghoapi.azureedge.net"
EUR,2007,urban,open_defecation,0.0157,"WHO Global Health Observatory (JMP), ghoapi.azureedge.net"
EUR,2007,urban,sanitation_basic,95.8899,"WHO Global Health Observatory (JMP), ghoapi.azureedge.net"
EUR,2007,urban,sanitation_safely_managed,77.5324,"WHO Global Health Observatory (JMP), ghoapi.azureedge.net"
EUR,2007,urban,water_basic,98.7025,"WHO Global Health Observatory (JMP), ghoapi.azureedge.net"
EUR,2007,urban,water_safely_managed,94.6175,"WHO Global Health Observatory (JMP), ghoapi.azureedge.net"
EUR,2008,rural,open_defecation,0.1571,"WHO Global Health Observatory (JMP), ghoapi.azureedge.net"
EUR,2008,rural,sanitation_basic,88.7507,"WHO Global Health Observatory (JMP), ghoapi.azureedge.net"
EUR,2008,rural,sanitation_safely_managed,64.8646,"WHO Global Health Observatory (JMP), ghoapi.azureedge.net"
EUR,2008,rural,water_basic,93.6656,"WHO Global Health Observatory (JMP), ghoapi.azureedge.net"
EUR,2008,rural,water_safely_managed,77.2664,"WHO Global Health Observatory (JMP), ghoapi.azureedge.net"
EUR,2008,total,open_defecation,0.0566,"WHO Global Health Observatory (JMP), ghoapi.azureedge.net"
EUR,2008,total,sanitation_basic,93.9236,"WHO Global Health Observatory (JMP), ghoapi.azureedge.net"
EUR,2008,total,sanitation_safely_managed,74.0214,"WHO Global Health Observatory (JMP), ghoapi.azureedge.net"
EUR,2008,total,water_basic,97.2935,"WHO Global Health Observatory (JMP), ghoapi.azureedge.net"
EUR,2008,total,water_safely_managed,89.4848,"WHO Global Health Observatory (JMP), ghoapi.azureedge.net"
EUR,2008,urban,open_defecation,0.0147,"WHO Global Health Observatory (JMP), ghoapi.azureedge.net"
EUR,2008,urban,sanitation_basic,96.0887,"WHO Global Health Observatory (JMP), ghoapi.azureedge.net"
EUR,2008,urban,sanitation_safely_managed,77.8764,"WHO Global Health Observatory (JMP), ghoapi.azureedge.net"
EUR,2008,urban,water_basic,98.6902,"WHO Global Health Observatory (JMP), ghoapi.azureedge.net"
EUR,2008,urban,water_safely_managed,94.6265,"WHO Global Health Observatory (JMP), ghoapi.azureedge.net"
EUR,2009,rural,open_defecation,0.1485,"WHO Global Health Observatory (JMP), ghoapi.azureedge.net"
EUR,2009,rural,sanitation_basic,89.1226,"WHO Global Health Observatory (JMP), ghoapi.azureedge.net"
EUR,2009,rural,sanitation_safely_managed,65.1151,"WHO Global Health Observatory (JMP), ghoapi.azureedge.net"
EUR,2009,rural,water_basic,93.8465,"WHO Global Health Observatory (JMP), ghoapi.azureedge.net"
EUR,2009,rural,water_safely_managed,78.2177,"WHO Global Health Observatory (JMP), ghoapi.azureedge.net"
EUR,2009,total,open_defecation,0.053,"WHO Global Health Observatory (JMP), ghoapi.azureedge.net"
EUR,2009,total,sanitation_basic,94.1856,"WHO Global Health Observatory (JMP), ghoapi.azureedge.net"
EUR,2009,total,sanitation_safely_managed,74.3624,"WHO Global Health Observatory (JMP), ghoapi.azureedge.net"
EUR,2009,total,water_basic,97.3457,"WHO Global Health Observatory (JMP), ghoapi.azureedge.net"
EUR,2009,total,water_safely_managed,89.8006,"WHO Global Health Observatory (JMP), ghoapi.azureedge.net"
EUR,2009,urban,open_defecation,0.0136,"WHO Global Health Observatory (JMP), ghoapi.azureedge.net"
EUR,2009,urban,sanitation_basic,96.2836,"WHO Global Health Observatory (JMP), ghoapi.azureedge.net"
EUR,2009,urban,sanitation_safely_managed,78.2161,"WHO Global Health Observatory (JMP), ghoapi.azureedge.net"
EUR,2009,urban,water_basic,98.6775,"WHO Global Health Observatory (JMP), ghoapi.azureedge.net"
EUR,2009,urban,water_safely_managed,94.6268,"WHO Global Health Observatory (JMP), ghoapi.azureedge.net"
EUR,2010,rural,open_defecation,0.1411,"WHO Global Health Observatory (JMP), ghoapi.azureedge.net"
EUR,2010,rural,sanitation_basic,89.4947,"WHO Global Health Observatory (JMP), ghoapi.azureedge.net"
EUR,2010,rural,sanitation_safely_managed,65.4229,"WHO Global Health Observatory (JMP), ghoapi.azureedge.net"
EUR,2010,rural,water_basic,93.9742,"WHO Global Health Observatory (JMP), ghoapi.azureedge.net"
EUR,2010,rural,water_safely_managed,79.1155,"WHO Global Health Observatory (JMP), ghoapi.azureedge.net"
EUR,2010,total,open_defecation,0.0499,"WHO Global Health Observatory (JMP), ghoapi.azureedge.net"
EUR,2010,total,sanitation_basic,94.4449,"WHO Global Health Observatory (JMP), ghoapi.azureedge.net"
EUR,2010,total,sanitation_safely_managed,74.7256,"WHO Global Health Observatory (JMP), ghoapi.azureedge.net"
EUR,2010,total,water_basic,97.3749,"WHO Global Health Observatory (JMP), ghoapi.azureedge.net"
EUR,2010,total,water_safely_managed,90.0888,"WHO Global Health Observatory (JMP), ghoapi.azureedge.net"
EUR,2010,urban,open_defecation,0.0126,"WHO Global Health Observatory (JMP), ghoapi.azureedge.net"
EUR,2010,urban,sanitation_basic,96.4763,"WHO Global Health Observatory (JMP), ghoapi.azureedge.net"
EUR,2010,urban,sanitation_safely_managed,78.5645,"WHO Global Health Observatory (JMP), ghoapi.azureedge.net"
EUR,2010,urban,water_basic,98.6555,"WHO Global Health Observatory (JMP), ghoapi.azureedge.net"
EUR,2010,urban,water_safely_managed,94.6176,"WHO Global Health Observatory (JMP), ghoapi.azureedge.net"
EUR,2011,rural,open_defecation,0.1342,"WHO Global Health Observatory (JMP), ghoapi.azureedge.net"
EUR,2011,rural,sanitation_basic,89.8675,"WHO Global Health Observatory (JMP), ghoapi.azureedge.net"
EUR,2011,rural,sanitation_safely_managed,65.7561,"WHO Global Health Observatory (JMP), ghoapi.azureedge.net"
EUR,2011,rural,water_basic,94.1008,"WHO Global Health Observatory (JMP), ghoapi.azureedge.net"
EUR,2011,rural,water_safely_managed,80.0064,"WHO Global Health Observatory (JMP), ghoapi.azureedge.net"
EUR,2011,total,open_defecation,0.0469,"WHO Global Health Observatory (JMP), ghoapi.azureedge.net"
EUR,2011,total,sanitation_basic,94.7019,"WHO Global Health Observatory (JMP), ghoapi.azureedge.net"
EUR,2011,total,sanitation_safely_managed,75.0998,"WHO Global Health Observatory (JMP), ghoapi.azureedge.net"
EUR,2011,total,water_basic,97.4042,"WHO Global Health Observatory (JMP), ghoapi.azureedge.net"
EUR,2011,total,water_safely_managed,90.3708,"WHO Global Health Observatory (JMP), ghoapi.azureedge.net"
EUR,2011,urban,open_defecation,0.0115,"WHO Global Health Observatory (JMP), ghoapi.azureedge.net"
EUR,2011,urban,sanitation_basic,96.6675,"WHO Global Health Observatory (JMP), ghoapi.azureedge.net"
EUR,2011,urban,sanitation_safely_managed,78.9194,"WHO Global Health Observatory (JMP), ghoapi.azureedge.net"
EUR,2011,urban,water_basic,98.6354,"WHO Global Health Observatory (JMP), ghoapi.azureedge.net"
EUR,2011,urban,water_safely_managed,94.6095,"WHO Global Health Observatory (JMP), ghoapi.azureedge.net"
EUR,2012,rural,open_defecation,0.1276,"WHO Global Health Observatory (JMP), ghoapi.azureedge.net"
EUR,2012,rural,sanitation_basic,90.2349,"WHO Global Health Observatory (JMP), ghoapi.azureedge.net"
EUR,2012,rural,sanitation_safely_managed,66.0937,"WHO Global Health Observatory (JMP), ghoapi.azureedge.net"
EUR,2012,rural,water_basic,94.2276,"WHO Global Health Observatory (JMP), ghoapi.azureedge.net"
EUR,2012,rural,water_safely_managed,80.8885,"WHO Global Health Observatory (JMP), ghoapi.azureedge.net"
EUR,2012,total,open_defecation,0.0441,"WHO Global Health Observatory (JMP), ghoapi.azureedge.net"
EUR,2012,total,sanitation_basic,94.9533,"WHO Global Health Observatory (JMP), ghoapi.azureedge.net"
EUR,2012,total,sanitation_safely_managed,75.4681,"WHO Global Health Observatory (JMP), ghoapi.azureedge.net"
EUR,2012,total,water_basic,97.4313,"WHO Global Health Observatory (JMP), ghoapi.azureedge.net"
EUR,2012,total,water_safely_managed,90.6385,"WHO Global Health Observatory (JMP), ghoapi.azureedge.net"
EUR,2012,urban,open_defecation,0.0106,"WHO Global Health Observatory (JMP), ghoapi.azureedge.net"
EUR,2012,urban,sanitation_basic,96.8556,"WHO Global Health Observatory (JMP), ghoapi.azureedge.net"
EUR,2012,urban,sanitation_safely_managed,79.2675,"WHO Global Health Observatory (JMP), ghoapi.azureedge.net"
EUR,2012,urban,water_basic,98.6133,"WHO Global Health Observatory (JMP), ghoapi.azureedge.net"
EUR,2012,urban,water_safely_managed,94.5931,"WHO Global Health Observatory (JMP), ghoapi.azureedge.net"
EUR,2013,rural,open_defecation,0.1212,"WHO Global Health Observatory (JMP), ghoapi.azureedge.net"
EUR,2013,rural,sanitation_basic,90.5977,"WHO Global Health Observatory (JMP), ghoapi.azureedge.net"
EUR,2013,rural,sanitation_safely_managed,66.4379,"WHO Global Health Observatory (JMP), ghoapi.azureedge.net"
EUR,2013,rural,water_basic,94.4104,"WHO Global Health Observatory (JMP), ghoapi.azureedge.net"
EUR,2013,rural,water_safely_managed,81.7446,"WHO Global Health Observatory (JMP), ghoapi.azureedge.net"
EUR,2013,total,open_defecation,0.0414,"WHO Global Health Observatory (JMP), ghoapi.azureedge.net"
EUR,2013,total,sanitation_basic,95.2016,"WHO Global Health Observatory (JMP), ghoapi.azureedge.net"
EUR,2013,total,sanitation_safely_managed,75.8451,"WHO Global Health Observatory (JMP), ghoapi.azureedge.net"
EUR,2013,total,water_basic,97.4736,"WHO Global Health Observatory (JMP), ghoapi.azureedge.net"
EUR,2013,total,water_safely_managed,90.9128,"WHO Global Health Observatory (JMP), ghoapi.azureedge.net"
EUR,2013,urban,open_defecation,0.0096,"WHO Global Health Observatory (JMP), ghoapi.azureedge.net"
EUR,2013,urban,sanitation_basic,97.0421,"WHO Global Health Observatory (JMP), ghoapi.azureedge.net"
EUR,2013,urban,sanitation_safely_managed,79.6251,"WHO Global Health Observatory (JMP), ghoapi.azureedge.net"
EUR,2013,urban,water_basic,98.5899,"WHO Global Health Observatory (JMP), ghoapi.azureedge.net"
EUR,2013,urban,water_safely_managed,94.6011,"WHO Global Health Observatory (JMP), ghoapi.azureedge.net"
EUR,2014,rural,open_defecation,0.1153,"WHO Global Health Observatory (JMP), ghoapi.azureedge.net"
EUR,2014,rural,sanitation_basic,90.9635,"WHO Global Health Observatory (JMP), ghoapi.azureedge.net"
EUR,2014,rural,sanitation_safely_managed,66.7962,"WHO Global Health Observatory (JMP), ghoapi.azureedge.net"
EUR,2014,rural,water_basic,94.5448,"WHO Global Health Observatory (JMP), ghoapi.azureedge.net"
EUR,2014,rural,water_safely_managed,82.1451,"WHO Global Health Observatory (JMP), ghoapi.azureedge.net"
EUR,2014,total,open_defecation,0.0388,"WHO Global Health Observatory (JMP), ghoapi.azureedge.net"
EUR,2014,total,sanitation_basic,95.4478,"WHO Global Health Observatory (JMP), ghoapi.azureedge.net"
EUR,2014,total,sanitation_safely_managed,76.2218,"WHO Global Health Observatory (JMP), ghoapi.azureedge.net"
EUR,2014,total,water_basic,97.5027,"WHO Global Health Observatory (JMP), ghoapi.azureedge.net"
EUR,2014,total,water_safely_managed,91.0693,"WHO Global Health Observatory (JMP), ghoapi.azureedge.net"
EUR,2014,urban,open_defecation,0.0086,"WHO Global Health Observatory (JMP), ghoapi.azureedge.net"
EUR,2014,urban,sanitation_basic,97.2286,"WHO Global Health Observatory (JMP), ghoapi.azureedge.net"
EUR,2014,urban,sanitation_safely_managed,79.9766,"WHO Global Health Observatory (JMP), ghoapi.azureedge.net"
EUR,2014,urban,water_basic,98.5681,"WHO Global Health Observatory (JMP), ghoapi.azureedge.net"
EUR,2014,urban,water_safely_managed,94.6292,"WHO Global Health Observatory (JMP), ghoapi.azureedge.net"
EUR,2015,rural,open_defecation,0.1094,"WHO Global Health Observatory (JMP), ghoapi.azureedge.net"
EUR,2015,rural,sanitation_basic,91.3299,"WHO Global Health Observatory (JMP), ghoapi.azureedge.net"
EUR,2015,rural,sanitation_safely_managed,67.2102,"WHO Global Health Observatory (JMP), ghoapi.azureedge.net"
EUR,2015,rural,water_basic,94.6776,"WHO Global Health Observatory (JMP), ghoapi.azureedge.net"
EUR,2015,rural,water_safely_managed,82.526,"WHO Global Health Observatory (JMP), ghoapi.azureedge.net"
EUR,2015,total,open_defecation,0.0362,"WHO Global Health Observatory (JMP), ghoapi.azureedge.net"
EUR,2015,total,sanitation_basic,95.698,"WHO Global Health Observatory (JMP), ghoapi.azureedge.net"
EUR,2015,total,sanitation_safely_managed,76.6218,"WHO Global Health Observatory (JMP), ghoapi.azureedge.net"
EUR,2015,total,water_basic,97.5557,"WHO Global Health Observatory (JMP), ghoapi.azureedge.net"
EUR,2015,total,water_safely_managed,91.2227,"WHO Global Health Observatory (JMP), ghoapi.azureedge.net"
EUR,2015,urban,open_defecation,0.0076,"WHO Global Health Observatory (JMP), ghoapi.azureedge.net"
EUR,2015,urban,sanitation_basic,97.4175,"WHO Global Health Observatory (JMP), ghoapi.azureedge.net"
EUR,2015,urban,sanitation_safely_managed,80.3376,"WHO Global Health Observatory (JMP), ghoapi.azureedge.net"
EUR,2015,urban,water_basic,98.5852,"WHO Global Health Observatory (JMP), ghoapi.azureedge.net"
EUR,2015,urban,water_safely_managed,94.6613,"WHO Global Health Observatory (JMP), ghoapi.azureedge.net"
EUR,2016,rural,open_defecation,0.1032,"WHO Global Health Observatory (JMP), ghoapi.azureedge.net"
EUR,2016,rural,sanitation_basic,91.6995,"WHO Global Health Observatory (JMP), ghoapi.azureedge.net"
EUR,2016,rural,sanitation_safely_managed,67.6371,"WHO Global Health Observatory (JMP), ghoapi.azureedge.net"
EUR,2016,rural,water_basic,94.8141,"WHO Global Health Observatory (JMP), ghoapi.azureedge.net"
EUR,2016,rural,water_safely_managed,82.9146,"WHO Global Health Observatory (JMP), ghoapi.azureedge.net"
EUR,2016,total,open_defecation,0.0336,"WHO Global Health Observatory (JMP), ghoapi.azureedge.net"
EUR,2016,total,sanitation_basic,95.9481,"WHO Global Health Observatory (JMP), ghoapi.azureedge.net"
EUR,2016,total,sanitation_safely_managed,77.0572,"WHO Global Health Observatory (JMP), ghoapi.azureedge.net"
EUR,2016,total,water_basic,97.6089,"WHO Global Health Observatory (JMP), ghoapi.azureedge.net"
EUR,2016,total,water_safely_managed,91.4288,"WHO Global Health Observatory (JMP), ghoapi.azureedge.net"
EUR,2016,urban,open_defecation,0.0066,"WHO Global Health Observatory (JMP), ghoapi.azureedge.net"
EUR,2016,urban,sanitation_basic,97.6051,"WHO Global Health Observatory (JMP), ghoapi.azureedge.net"
EUR,2016,urban,sanitation_safely_managed,80.7421,"WHO Global Health Observatory (JMP), ghoapi.azureedge.net"
EUR,2016,urban,water_basic,98.6014,"WHO Global Health Observatory (JMP), ghoapi.azureedge.net"
EUR,2016,urban,water_safely_managed,94.7648,"WHO Global Health Observatory (JMP), ghoapi.azureedge.net"
EUR,2017,rural,open_defecation,0.0974,"WHO Global Health Observatory (JMP), ghoapi.azureedge.net"
EUR,2017,rural,sanitation_basic,92.0293,"WHO Global Health Observatory (JMP), ghoapi.azureedge.net"
EUR,2017,rural,sanitation_safely_managed,68.036,"WHO Global Health Observatory (JMP), ghoapi.azureedge.net"
EUR,2017,rural,water_basic,94.9572,"WHO Global Health Observatory (JMP), ghoapi.azureedge.net"
EUR,2017,rural,water_safely_managed,83.3136,"WHO Global Health Observatory (JMP), ghoapi.azureedge.net"
EUR,2017,total,open_defecation,0.0311,"WHO Global Health Observatory (JMP), ghoapi.azureedge.net"
EUR,2017,total,sanitation_basic,96.1851,"WHO Global Health Observatory (JMP), ghoapi.azureedge.net"
EUR,2017,total,sanitation_safely_managed,77.5005,"WHO Global Health Observatory (JMP), ghoapi.azureedge.net"
EUR,2017,total,water_basic,97.6636,"WHO Global Health Observatory (JMP), ghoapi.azureedge.net"
EUR,2017,total,water_safely_managed,91.64,"WHO Global Health Observatory (JMP), ghoapi.azureedge.net"
EUR,2017,urban,open_defecation,0.0056,"WHO Global Health Observatory (JMP), ghoapi.azureedge.net"
EUR,2017,urban,sanitation_basic,97.7911,"WHO Global Health Observatory (JMP), ghoapi.azureedge.net"
EUR,2017,urban,sanitation_safely_managed,81.1678,"WHO Global Health Observatory (JMP), ghoapi.azureedge.net"
EUR,2017,urban,water_basic,98.6176,"WHO Global Health Observatory (JMP), ghoapi.azureedge.net"
EUR,2017,urban,water_safely_managed,94.8721,"WHO Global Health Observatory (JMP), ghoapi.azureedge.net"
EUR,2018,rural,open_defecation,0.0919,"WHO Global Health Observatory (JMP), ghoapi.azureedge.net"
EUR,2018,rural,sanitation_basic,92.325,"WHO Global Health Observatory (JMP), ghoapi.azureedge.net"
EUR,2018,rural,sanitation_safely_managed,68.3922,"WHO Global Health Observatory (JMP), ghoapi.azureedge.net"
EUR,2018,rural,water_basic,95.1028,"WHO Global Health Observatory (JMP), ghoapi.azureedge.net"
EUR,2018,rural,water_safely_managed,83.6334,"WHO Global Health Observatory (JMP), ghoapi.azureedge.net"
EUR,2018,total,open_defecation,0.0287,"WHO Global Health Observatory (JMP), ghoapi.azureedge.net"
EUR,2018,total,sanitation_basic,96.412,"WHO Global Health Observatory (JMP), ghoapi.azureedge.net"
EUR,2018,total,sanitation_safely_managed,77.9387,"WHO Global Health Observatory (JMP), ghoapi.azureedge.net"
EUR,2018,total,water_basic,97.7206,"WHO Global Health Observatory (JMP), ghoapi.azureedge.net"
EUR,2018,total,water_safely_managed,91.8324,"WHO Global Health Observatory (JMP), ghoapi.azureedge.net"
EUR,2018,urban,open_defecation,0.0047,"WHO Global Health Observatory (JMP), ghoapi.azureedge.net"
EUR,2018,urban,sanitation_basic,97.9765,"WHO Global Health Observatory (JMP), ghoapi.azureedge.net"
EUR,2018,urban,sanitation_safely_managed,81.6015,"WHO Global Health Observatory (JMP), ghoapi.azureedge.net"
EUR,2018,urban,water_basic,98.6362,"WHO Global Health Observatory (JMP), ghoapi.azureedge.net"
EUR,2018,urban,water_safely_managed,94.9842,"WHO Global Health Observatory (JMP), ghoapi.azureedge.net"
EUR,2019,rural,open_defecation,0.0874,"WHO Global Health Observatory (JMP), ghoapi.azureedge.net"
EUR,2019,rural,sanitation_basic,92.6663,"WHO Global Health Observatory (JMP), ghoapi.azureedge.net"
EUR,2019,rural,sanitation_safely_managed,68.9131,"WHO Global Health Observatory (JMP), ghoapi.azureedge.net"
EUR,2019,rural,water_basic,95.258,"WHO Global Health Observatory (JMP), ghoapi.azureedge.net"
EUR,2019,rural,water_safely_managed,83.9474,"WHO Global Health Observatory (JMP), ghoapi.azureedge.net"
EUR,2019,total,open_defecation,0.0266,"WHO Global Health Observatory (JMP), ghoapi.azureedge.net"
EUR,2019,total,sanitation_basic,96.645,"WHO Global Health Observatory (JMP), ghoapi.azureedge.net"
EUR,2019,total,sanitation_safely_managed,78.382,"WHO Global Health Observatory (JMP), ghoapi.azureedge.net"
EUR,2019,total,water_basic,97.7815,"WHO Global Health Observatory (JMP), ghoapi.azureedge.net"
EUR,2019,total,water_safely_managed,92.0262,"WHO Global Health Observatory (JMP), ghoapi.azureedge.net"
EUR,2019,urban,open_defecation,0.0038,"WHO Global Health Observatory (JMP), ghoapi.azureedge.net"
EUR,2019,urban,sanitation_basic,98.1509,"WHO Global Health Observatory (JMP), ghoapi.azureedge.net"
EUR,2019,urban,sanitation_safely_managed,81.9788,"WHO Global Health Observatory (JMP), ghoapi.azureedge.net"
EUR,2019,urban,water_basic,98.6569,"WHO Global Health Observatory (JMP), ghoapi.azureedge.net"
EUR,2019,urban,water_safely_managed,95.1011,"WHO Global Health Observatory (JMP), ghoapi.azureedge.net"
EUR,2020,rural,open_defecation,0.0809,"WHO Global Health Observatory (JMP), ghoapi.azureedge.net"
EUR,2020,rural,sanitation_basic,92.95,"WHO Global Health Observatory (JMP), ghoapi.azureedge.net"
EUR,2020,rural,sanitation_safely_managed,69.1887,"WHO Global Health Observatory (JMP), ghoapi.azureedge.net"
EUR,2020,rural,water_basic,95.401,"WHO Global Health Observatory (JMP), ghoapi.azureedge.net"
EUR,2020,rural,water_safely_managed,84.1724,"WHO Global Health Observatory (JMP), ghoapi.azureedge.net"
EUR,2020,total,open_defecation,0.0241,"WHO Global Health Observatory (JMP), ghoapi.azureedge.net"
EUR,2020,total,sanitation_basic,96.8542,"WHO Global Health Observatory (JMP), ghoapi.azureedge.net"
EUR,2020,total,sanitation_safely_managed,78.7371,"WHO Global Health Observatory (JMP), ghoapi.azureedge.net"
EUR,2020,total,water_basic,97.8364,"WHO Global Health Observatory (JMP), ghoapi.azureedge.net"
EUR,2020,total,water_safely_managed,92.1773,"WHO Global Health Observatory (JMP), ghoapi.azureedge.net"
EUR,2020,urban,open_defecation,0.0029,"WHO Global Health Observatory (JMP), ghoapi.azureedge.net"
EUR,2020,urban,sanitation_basic,98.3172,"WHO Global Health Observatory (JMP), ghoapi.azureedge.net"
EUR,2020,urban,sanitation_safely_managed,82.3273,"WHO Global Health Observatory (JMP), ghoapi.azureedge.net"
EUR,2020,urban,water_basic,98.6744,"WHO Global Health Observatory (JMP), ghoapi.azureedge.net"
EUR,2020,urban,water_safely_managed,95.1934,"WHO Global Health Observatory (JMP), ghoapi.azureedge.net"
EUR,2021,rural,open_defecation,0.0801,"WHO Global Health Observatory (JMP), ghoapi.azureedge.net"
EUR,2021,rural,sanitation_basic,93.1139,"WHO Global Health Observatory (JMP), ghoapi.azureedge.net"
EUR,2021,rural,sanitation_safely_managed,69.4021,"WHO Global Health Observatory (JMP), ghoapi.azureedge.net"
EUR,2021,rural,water_basic,95.5118,"WHO Global Health Observatory (JMP), ghoapi.azureedge.net"
EUR,2021,rural,water_safely_managed,84.3719,"WHO Global Health Observatory (JMP), ghoapi.azureedge.net"
EUR,2021,total,open_defecation,0.0233,"WHO Global Health Observatory (JMP), ghoapi.azureedge.net"
EUR,2021,total,sanitation_basic,97.0143,"WHO Global Health Observatory (JMP), ghoapi.azureedge.net"
EUR,2021,total,sanitation_safely_managed,79.0675,"WHO Global Health Observatory (JMP), ghoapi.azureedge.net"
EUR,2021,total,water_basic,97.8801,"WHO Global Health Observatory (JMP), ghoapi.azureedge.net"
EUR,2021,total,water_safely_managed,92.2793,"WHO Global Health Observatory (JMP), ghoapi.azureedge.net"
EUR,2021,urban,open_defecation,0.0023,"WHO Global Health Observatory (JMP), ghoapi.azureedge.net"
EUR,2021,urban,sanitation_basic,98.4608,"WHO Global Health Observatory (JMP), ghoapi.azureedge.net"
EUR,2021,urban,sanitation_safely_managed,82.6633,"WHO Global Health Observatory (JMP), ghoapi.azureedge.net"
EUR,2021,urban,water_basic,98.6874,"WHO Global Health Observatory (JMP), ghoapi.azureedge.net"
EUR,2021,urban,water_safely_managed,95.2277,"WHO Global Health Observatory (JMP), ghoapi.azureedge.net"
EUR,2022,rural,open_defecation,0.0771,"WHO Global Health Observatory (JMP), ghoapi.azureedge.net"
EUR,2022,rural,sanitation_basic,93.3002,"WHO Global Health Observatory (JMP), ghoapi.azureedge.net"
EUR,2022,rural,sanitation_safely_managed,69.8994,"WHO Global Health Observatory (JMP), ghoapi.azureedge.net"
EUR,2022,rural,water_basic,95.611,"WHO Global Health Observatory (JMP), ghoapi.azureedge.net"
EUR,2022,rural,water_safely_managed,84.523,"WHO Global Health Observatory (JMP), ghoapi.azureedge.net"
EUR,2022,total,open_defecation,0.0219,"WHO Global Health Observatory (JMP), ghoapi.azureedge.net"
EUR,2022,total,sanitation_basic,97.1796,"WHO Global Health Observatory (JMP), ghoapi.azureedge.net"
EUR,2022,total,sanitation_safely_managed,79.3971,"WHO Global Health Observatory (JMP), ghoapi.azureedge.net"
EUR,2022,total,water_basic,97.9361,"WHO Global Health Observatory (JMP), ghoapi.azureedge.net"
EUR,2022,total,water_safely_managed,92.3774,"WHO Global Health Observatory (JMP), ghoapi.azureedge.net"
EUR,2022,urban,open_defecation,0.0018,"WHO Global Health Observatory (JMP), ghoapi.azureedge.net"
EUR,2022,urban,sanitation_basic,98.6025,"WHO Global Health Observatory (JMP), ghoapi.azureedge.net"
EUR,2022,urban,sanitation_safely_managed,82.8915,"WHO Global Health Observatory (JMP), ghoapi.azureedge.net"
EUR,2022,urban,water_basic,98.7185,"WHO Global Health Observatory (JMP), ghoapi.azureedge.net"
EUR,2022,urban,water_safely_managed,95.2737,"WHO Global Health Observatory (JMP), ghoapi.azureedge.net"
EUR,2023,rural,open_defecation,0.0771,"WHO Global Health Observatory (JMP), ghoapi.azureedge.net"
EUR,2023,rural,sanitation_basic,93.4388,"WHO Global Health Observatory (JMP), ghoapi.azureedge.net"
EUR,2023,rural,sanitation_safely_managed,70.2542,"WHO Global Health Observatory (JMP), ghoapi.azureedge.net"
EUR,2023,rural,water_basic,95.6394,"WHO Global Health Observatory (JMP), ghoapi.azureedge.net"
EUR,2023,rural,water_safely_managed,84.6192,"WHO Global Health Observatory (JMP), ghoapi.azureedge.net"
EUR,2023,total,open_defecation,0.0218,"WHO Global Health Observatory (JMP), ghoapi.azureedge.net"
EUR,2023,total,sanitation_basic,97.3281,"WHO Global Health Observatory (JMP), ghoapi.azureedge.net"
EUR,2023,total,sanitation_safely_managed,79.7089,"WHO Global Health Observatory (JMP), ghoapi.azureedge.net"
EUR,2023,total,water_basic,97.9699,"WHO Global Health Observatory (JMP), ghoapi.azureedge.net"
EUR,2023,total,water_safely_managed,92.4569,"WHO Global Health Observatory (JMP), ghoapi.azureedge.net"
EUR,2023,urban,open_defecation,0.0018,"WHO Global Health Observatory (JMP), ghoapi.azureedge.net"
EUR,2023,urban,sanitation_basic,98.7352,"WHO Global Health Observatory (JMP), ghoapi.azureedge.net"
EUR,2023,urban,sanitation_safely_managed,83.1478,"WHO Global Health Observatory (JMP), ghoapi.azureedge.net"
EUR,2023,urban,water_basic,98.745,"WHO Global Health Observatory (JMP), ghoapi.azureedge.net"
EUR,2023,urban,water_safely_managed,95.3141,"WHO Global Health Observatory (JMP), ghoapi.azureedge.net"
EUR,2024,rural,open_defecation,0.0618,"WHO Global Health Observatory (JMP), ghoapi.azureedge.net"
EUR,2024,rural,sanitation_basic,93.5862,"WHO Global Health Observatory (JMP), ghoapi.azureedge.net"
EUR,2024,rural,sanitation_safely_managed,71.7475,"WHO Global Health Observatory (JMP), ghoapi.azureedge.net"
EUR,2024,rural,water_basic,95.6623,"WHO Global Health Observatory (JMP), ghoapi.azureedge.net"
EUR,2024,rural,water_safely_managed,84.7646,"WHO Global Health Observatory (JMP), ghoapi.azureedge.net"
EUR,2024,total,open_defecation,0.0167,"WHO Global Health Observatory (JMP), ghoapi.azureedge.net"
EUR,2024,total,sanitation_basic,97.4737,"WHO Global Health Observatory (JMP), ghoapi.azureedge.net"
EUR,2024,total,sanitation_safely_managed,80.3551,"WHO Global Health Observatory (JMP), ghoapi.azureedge.net"
EUR,2024,total,water_basic,97.9823,"WHO Global Health Observatory (JMP), ghoapi.azureedge.net"
EUR,2024,total,water_safely_managed,92.5315,"WHO Global Health Observatory (JMP), ghoapi.azureedge.net"
EUR,2024,urban,open_defecation,0.0009,"WHO Global Health Observatory (JMP), ghoapi.azureedge.net"
EUR,2024,urban,sanitation_basic,98.8715,"WHO Global Health Observatory (JMP), ghoapi.azureedge.net"
EUR,2024,urban,sanitation_safely_managed,83.4514,"WHO Global Health Observatory (JMP), ghoapi.azureedge.net"
EUR,2024,urban,water_basic,98.7444,"WHO Global Health Observatory (JMP), ghoapi.azureedge.net"
EUR,2024,urban,water_safely_managed,95.3301,"WHO Global Health Observatory (JMP), ghoapi.azureedge.net"
GLOBAL,2000,rural,open_defecation,35.3579,"WHO Global Health Observatory (JMP), ghoapi.azureedge.net"
GLOBAL,2000,rural,sanitation_basic,34.9927,"WHO Global Health Observatory (JMP), ghoapi.azureedge.net"
GLOBAL,2000,rural,sanitation_safely_managed,16.6117,"WHO Global Health Observatory (JMP), ghoapi.azureedge.net"
GLOBAL,2000,rural,water_basic,69.521,"WHO Global Health Observatory (JMP), ghoapi.azureedge.net"
GLOBAL,2000,rural,water_safely_managed,41.939,"WHO Global Health Observatory (JMP), ghoapi.azureedge.net"
GLOBAL,2000,total,open_defecation,21.0525,"WHO Global Health Observatory (JMP), ghoapi.azureedge.net"
GLOBAL,2000,total,sanitation_basic,55.8895,"WHO Global Health Observatory (JMP), ghoapi.azureedge.net"
GLOBAL,2000,total,sanitation_safely_managed,31.2983,"WHO Global Health Observatory (JMP), ghoapi.azureedge.net"
GLOBAL,2000,total,water_basic,81.5916,"WHO Global Health Observatory (JMP), ghoapi.azureedge.net"
GLOBAL,2000,total,water_safely_managed,61.2616,"WHO Global Health Observatory (JMP), ghoapi.azureedge.net"
GLOBAL,2000,urban,open_defecation,4.5436,"WHO Global Health Observatory (JMP), ghoapi.azureedge.net"
GLOBAL,2000,urban,sanitation_basic,78.1572,"WHO Global Health Observatory (JMP), ghoapi.azureedge.net"
GLOBAL,2000,urban,sanitation_safely_managed,48.1983,"WHO Global Health Observatory (JMP), ghoapi.azureedge.net"
GLOBAL,2000,urban,water_basic,95.292,"WHO Global Health Observatory (JMP), ghoapi.azureedge.net"
GLOBAL,2000,urban,water_safely_managed,83.4976,"WHO Global Health Observatory (JMP), ghoapi.azureedge.net"
GLOBAL,2001,rural,open_defecation,34.5992,"WHO Global Health Observatory (JMP), ghoapi.azureedge.net"
GLOBAL,2001,rural,sanitation_basic,35.6522,"WHO Global Health Observatory (JMP), ghoapi.azureedge.net"
GLOBAL,2001,rural,sanitation_safely_managed,17.2408,"WHO Global Health Observatory (JMP), ghoapi.azureedge.net"
GLOBAL,2001,rural,water_basic,69.8869,"WHO Global Health Observatory (JMP), ghoapi.azureedge.net"
GLOBAL,2001,rural,water_safely_managed,42.1048,"WHO Global Health Observatory (JMP), ghoapi.azureedge.net"
GLOBAL,2001,total,open_defecation,20.4406,"WHO Global Health Observatory (JMP), ghoapi.azureedge.net"
GLOBAL,2001,total,sanitation_basic,56.4988,"WHO Global Health Observatory (JMP), ghoapi.azureedge.net"
GLOBAL,2001,total,sanitation_safely_managed,31.7193,"WHO Global Health Observatory (JMP), ghoapi.azureedge.net"
GLOBAL,2001,total,water_basic,81.909,"WHO Global Health Observatory (JMP), ghoapi.azureedge.net"
GLOBAL,2001,total,water_safely_managed,61.4947,"WHO Global Health Observatory (JMP), ghoapi.azureedge.net"
GLOBAL,2001,urban,open_defecation,4.4083,"WHO Global Health Observatory (JMP), ghoapi.azureedge.net"
GLOBAL,2001,urban,sanitation_basic,78.3872,"WHO Global Health Observatory (JMP), ghoapi.azureedge.net"
GLOBAL,2001,urban,sanitation_safely_managed,48.0813,"WHO Global Health Observatory (JMP), ghoapi.azureedge.net"
GLOBAL,2001,urban,water_basic,95.3236,"WHO Global Health Observatory (JMP), ghoapi.azureedge.net"
GLOBAL,2001,urban,water_safely_managed,83.4084,"WHO Global Health Observatory (JMP), ghoapi.azureedge.net"
GLOBAL,2002,rural,open_defecation,33.754,"WHO Global Health Observatory (JMP), ghoapi.azureedge.net"
GLOBAL,2002,rural,sanitation_basic,37.0372,"WHO Global Health Observatory (JMP), ghoapi.azureedge.net"
GLOBAL,2002,rural,sanitation_safely_managed,18.047,"WHO Global Health Observatory (JMP), ghoapi.azureedge.net"
GLOBAL,2002,rural,water_basic,70.5262,"WHO Global Health Observatory (JMP), ghoapi.azureedge.net"
GLOBAL,2002,rural,water_safely_managed,42.41,"WHO Global Health Observatory (JMP), ghoapi.azureedge.net"
GLOBAL,2002,total,open_defecation,19.7793,"WHO Global Health Observatory (JMP), ghoapi.azureedge.net"
GLOBAL,2002,total,sanitation_basic,57.433,"WHO Global Health Observatory (JMP), ghoapi.azureedge.net"
GLOBAL,2002,total,sanitation_safely_managed,31.7529,"WHO Global Health Observatory (JMP), ghoapi.azureedge.net"
GLOBAL,2002,total,water_basic,82.4959,"WHO Global Health Observatory (JMP), ghoapi.azureedge.net"
GLOBAL,2002,total,water_safely_managed,61.8162,"WHO Global Health Observatory (JMP), ghoapi.azureedge.net"
GLOBAL,2002,urban,open_defecation,4.2693,"WHO Global Health Observatory (JMP), ghoapi.azureedge.net"
GLOBAL,2002,urban,sanitation_basic,78.3959,"WHO Global Health Observatory (JMP), ghoapi.azureedge.net"
GLOBAL,2002,urban,sanitation_safely_managed,46.9358,"WHO Global Health Observatory (JMP), ghoapi.azureedge.net"
GLOBAL,2002,urban,water_basic,95.3689,"WHO Global Health Observatory (JMP), ghoapi.azureedge.net"
GLOBAL,2002,urban,water_safely_managed,83.3148,"WHO Global Health Observatory (JMP), ghoapi.azureedge.net"
GLOBAL,2003,rural,open_defecation,32.8887,"WHO Global Health Observatory (JMP), ghoapi.azureedge.net"
GLOBAL,2003,rural,sanitation_basic,38.4901,"WHO Global Health Observatory (JMP), ghoapi.azureedge.net"
GLOBAL,2003,rural,sanitation_safely_managed,19.2166,"WHO Global Health Observatory (JMP), ghoapi.azureedge.net"
GLOBAL,2003,rural,water_basic,71.1731,"WHO Global Health Observatory (JMP), ghoapi.azureedge.net"
GLOBAL,2003,rural,water_safely_managed,42.7218,"WHO Global Health Observatory (JMP), ghoapi.azureedge.net"
GLOBAL,2003,total,open_defecation,19.1112,"WHO Global Health Observatory (JMP), ghoapi.azureedge.net"
GLOBAL,2003,total,sanitation_basic,58.5215,"WHO Global Health Observatory (JMP), ghoapi.azureedge.net"
GLOBAL,2003,total,sanitation_safely_managed,32.8334,"WHO Global Health Observatory (JMP), ghoapi.azureedge.net"
GLOBAL,2003,total,water_basic,82.9671,"WHO Global Health Observatory (JMP), ghoapi.azureedge.net"
GLOBAL,2003,total,water_safely_managed,62.1422,"WHO Global Health Observatory (JMP), ghoapi.azureedge.net"
GLOBAL,2003,urban,open_defecation,4.1252,"WHO Global Health Observatory (JMP), ghoapi.azureedge.net"
GLOBAL,2003,urban,sanitation_basic,78.753,"WHO Global Health Observatory (JMP), ghoapi.azureedge.net"
GLOBAL,2003,urban,sanitation_safely_managed,47.6157,"WHO Global Health Observatory (JMP), ghoapi.azureedge.net"
GLOBAL,2003,urban,water_basic,95.4204,"WHO Global Health Observatory (JMP), ghoapi.azureedge.net"
GLOBAL,2003,urban,water_safely_managed,83.2257,"WHO Global Health Observatory (JMP), ghoapi.azureedge.net"
GLOBAL,2004,rural,open_defecation,31.9565,"WHO Global Health Observatory (JMP), ghoapi.azureedge.net"
GLOBAL,2004,rural,sanitation_basic,40.0172,"WHO Global Health Observatory (JMP), ghoapi.azureedge.net"
GLOBAL,2004,rural,sanitation_safely_managed,20.4519,"WHO Global Health Observatory (JMP), ghoapi.azureedge.net"
GLOBAL,2004,rural,water_basic,71.824,"WHO Global Health Observatory (JMP), ghoapi.azureedge.net"
GLOBAL,2004,rural,water_safely_managed,43.0357,"WHO Global Health Observatory (JMP), ghoapi.azureedge.net"
GLOBAL,2004,total,open_defecation,18.4124,"WHO Global Health Observatory (JMP), ghoapi.azureedge.net"
GLOBAL,2004,total,sanitation_basic,59.6566,"WHO Global Health Observatory (JMP), ghoapi.azureedge.net"
GLOBAL,2004,total,sanitation_safely_managed,33.984,"WHO Global Health Observatory (JMP), ghoapi.azureedge.net"
GLOBAL,2004,total,water_basic,83.4338,"WHO Global Health Observatory (JMP), ghoapi.azureedge.net"
GLOBAL,2004,total,water_safely_managed,62.4701,"WHO Global Health Observatory (JMP), ghoapi.azureedge.net"
GLOBAL,2004,urban,open_defecation,3.9749,"WHO Global Health Observatory (JMP), ghoapi.azureedge.net"
GLOBAL,2004,urban,sanitation_basic,79.1434,"WHO Global Health Observatory (JMP), ghoapi.azureedge.net"
GLOBAL,2004,urban,sanitation_safely_managed,48.3788,"WHO Global Health Observatory (JMP), ghoapi.azureedge.net"
GLOBAL,2004,urban,water_basic,95.4666,"WHO Global Health Observatory (JMP), ghoapi.azureedge.net"
GLOBAL,2004,urban,water_safely_managed,83.1442,"WHO Global Health Observatory (JMP), ghoapi.azureedge.net"
GLOBAL,2005,rural,open_defecation,30.9825,"WHO Global Health Observatory (JMP), ghoapi.azureedge.net"
GLOBAL,2005,rural,sanitation_basic,41.5948,"WHO Global Health Observatory (JMP), ghoapi.azureedge.net"
GLOBAL,2005,rural,sanitation_safely_managed,21.6588,"WHO Global Health Observatory (JMP), ghoapi.azureedge.net"
GLOBAL,2005,rural,water_basic,72.4541,"WHO Global Health Observatory (JMP), ghoapi.azureedge.net"
GLOBAL,2005,rural,water_safely_managed,43.3615,"WHO Global Health Observatory (JMP), ghoapi.azureedge.net"
GLOBAL,2005,total,open_defecation,17.6956,"WHO Global Health Observatory (JMP), ghoapi.azureedge.net"
GLOBAL,2005,total,sanitation_basic,60.8283,"WHO Global Health Observatory (JMP), ghoapi.azureedge.net"
GLOBAL,2005,total,sanitation_safely_managed,35.1318,"WHO Global Health Observatory (JMP), ghoapi.azureedge.net"
GLOBAL,2005,total,water_basic,83.8692,"WHO Global Health Observatory (JMP), ghoapi.azureedge.net"
GLOBAL,2005,total,water_safely_managed,62.8218,"WHO Global Health Observatory (JMP), ghoapi.azureedge.net"
GLOBAL,2005,urban,open_defecation,3.8183,"WHO Global Health Observatory (JMP), ghoapi.azureedge.net"
GLOBAL,2005,urban,sanitation_basic,79.5767,"WHO Global Health Observatory (JMP), ghoapi.azureedge.net"
GLOBAL,2005,urban,sanitation_safely_managed,49.173,"WHO Global Health Observatory (JMP), ghoapi.azureedge.net"
GLOBAL,2005,urban,water_basic,95.4951,"WHO Global Health Observatory (JMP), ghoapi.azureedge.net"
GLOBAL,2005,urban,water_safely_managed,83.1038,"WHO Global Health Observatory (JMP), ghoapi.azureedge.net"
GLOBAL,2006,rural,open_defecation,29.9588,"WHO Global Health Observatory (JMP), ghoapi.azureedge.net"
GLOBAL,2006,rural,sanitation_basic,43.1861,"WHO Global Health Observatory (JMP), ghoapi.azureedge.net"
GLOBAL,2006,rural,sanitation_safely_managed,22.9168,"WHO Global Health Observatory (JMP), ghoapi.azureedge.net"
GLOBAL,2006,rural,water_basic,73.1135,"WHO Global Health Observatory (JMP), ghoapi.azureedge.net"
GLOBAL,2006,rural,water_safely_managed,43.6791,"WHO Global Health Observatory (JMP), ghoapi.azureedge.net"
GLOBAL,2006,total,open_defecation,16.9438,"WHO Global Health Observatory (JMP), ghoapi.azureedge.net"
GLOBAL,2006,total,sanitation_basic,62.0066,"WHO Global Health Observatory (JMP), ghoapi.azureedge.net"
GLOBAL,2006,total,sanitation_safely_managed,36.3169,"WHO Global Health Observatory (JMP), ghoapi.azureedge.net"
GLOBAL,2006,total,water_basic,84.3333,"WHO Global Health Observatory (JMP), ghoapi.azureedge.net"
GLOBAL,2006,total,water_safely_managed,63.1466,"WHO Global Health Observatory (JMP), ghoapi.azureedge.net"
GLOBAL,2006,urban,open_defecation,3.6599,"WHO Global Health Observatory (JMP), ghoapi.azureedge.net"
GLOBAL,2006,urban,sanitation_basic,80.0275,"WHO Global Health Observatory (JMP), ghoapi.azureedge.net"
GLOBAL,2006,urban,sanitation_safely_managed,50.0051,"WHO Global Health Observatory (JMP), ghoapi.azureedge.net"
GLOBAL,2006,urban,water_basic,95.5438,"WHO Global Health Observatory (JMP), ghoapi.azureedge.net"
GLOBAL,2006,urban,water_safely_managed,83.0332,"WHO Global Health Observatory (JMP), ghoapi.azureedge.net"
GLOBAL,2007,rural,open_defecation,28.9387,"WHO Global Health Observatory (JMP), ghoapi.azureedge.net"
GLOBAL,2007,rural,sanitation_basic,44.7984,"WHO Global Health Observatory (JMP), ghoapi.azureedge.net"
GLOBAL,2007,rural,sanitation_safely_managed,24.2251,"WHO Global Health Observatory (JMP), ghoapi.azureedge.net"
GLOBAL,2007,rural,water_basic,73.7736,"WHO Global Health Observatory (JMP), ghoapi.azureedge.net"
GLOBAL,2007,rural,water_safely_managed,43.992,"WHO Global Health Observatory (JMP), ghoapi.azureedge.net"
GLOBAL,2007,total,open_defecation,16.2246,"WHO Global Health Observatory (JMP), ghoapi.azureedge.net"
GLOBAL,2007,total,sanitation_basic,63.2087,"WHO Global Health Observatory (JMP), ghoapi.azureedge.net"
GLOBAL,2007,total,sanitation_safely_managed,37.5842,"WHO Global Health Observatory (JMP), ghoapi.azureedge.net"
GLOBAL,2007,total,water_basic,84.7916,"WHO Global Health Observatory (JMP), ghoapi.azureedge.net"
GLOBAL,2007,total,water_safely_managed,63.4645,"WHO Global Health Observatory (JMP), ghoapi.azureedge.net"
GLOBAL,2007,urban,open_defecation,3.4989,"WHO Global Health Observatory (JMP), ghoapi.azureedge.net"
GLOBAL,2007,urban,sanitation_basic,80.5334,"WHO Global Health Observatory (JMP), ghoapi.azureedge.net"
GLOBAL,2007,urban,sanitation_safely_managed,50.9648,"WHO Global Health Observatory (JMP), ghoapi.azureedge.net"
GLOBAL,2007,urban,water_basic,95.5965,"WHO Global Health Observatory (JMP), ghoapi.azureedge.net"
GLOBAL,2007,urban,water_safely_managed,82.9687,"WHO Global Health Observatory (JMP), ghoapi.azureedge.net"
GLOBAL,2008,rural,open_defecation,27.8893,"WHO Global Health Observatory (JMP), ghoapi.azureedge.net"
GLOBAL,2008,rural,sanitation_basic,46.4269,"WHO Global Health Observatory (JMP), ghoapi.azureedge.net"
GLOBAL,2008,rural,sanitation_safely_managed,25.5603,"WHO Global Health Observatory (JMP), ghoapi.azureedge.net"
GLOBAL,2008,rural,water_basic,74.4418,"WHO Global Health Observatory (JMP), ghoapi.azureedge.net"
GLOBAL,2008,rural,water_safely_managed,44.3129,"WHO Global Health Observatory (JMP), ghoapi.azureedge.net"
GLOBAL,2008,total,open_defecation,15.4864,"WHO Global Health Observatory (JMP), ghoapi.azureedge.net"
GLOBAL,2008,total,sanitation_basic,64.4146,"WHO Global Health Observatory (JMP), ghoapi.azureedge.net"
GLOBAL,2008,total,sanitation_safely_managed,38.8707,"WHO Global Health Observatory (JMP), ghoapi.azureedge.net"
GLOBAL,2008,total,water_basic,85.2579,"WHO Global Health Observatory (JMP), ghoapi.azureedge.net"
GLOBAL,2008,total,water_safely_managed,63.7805,"WHO Global Health Observatory (JMP), ghoapi.azureedge.net"
GLOBAL,2008,urban,open_defecation,3.3368,"WHO Global Health Observatory (JMP), ghoapi.azureedge.net"
GLOBAL,2008,urban,sanitation_basic,81.0417,"WHO Global Health Observatory (JMP), ghoapi.azureedge.net"
GLOBAL,2008,urban,sanitation_safely_managed,51.9364,"WHO Global Health Observatory (JMP), ghoapi.azureedge.net"
GLOBAL,2008,urban,water_basic,95.6459,"WHO Global Health Observatory (JMP), ghoapi.azureedge.net"
GLOBAL,2008,urban,water_safely_managed,82.8907,"WHO Global Health Observatory (JMP), ghoapi.azureedge.net"
GLOBAL,2009,rural,open_defecation,26.8231,"WHO Global Health Observatory (JMP), ghoapi.azureedge.net"
GLOBAL,2009,rural,sanitation_basic,48.0609,"WHO Global Health Observatory (JMP), ghoapi.azureedge.net"
GLOBAL,2009,rural,sanitation_safely_managed,26.9133,"WHO Global Health Observatory (JMP), ghoapi.azureedge.net"
GLOBAL,2009,rural,water_basic,75.1021,"WHO Global Health Observatory (JMP), ghoapi.azureedge.net"
GLOBAL,2009,rural,water_safely_managed,45.0906,"WHO Global Health Observatory (JMP), ghoapi.azureedge.net"
GLOBAL,2009,total,open_defecation,14.7593,"WHO Global Health Observatory (JMP), ghoapi.azureedge.net"
GLOBAL,2009,total,sanitation_basic,65.6136,"WHO Global Health Observatory (JMP), ghoapi.azureedge.net"
GLOBAL,2009,total,sanitation_safely_managed,40.1664,"WHO Global Health Observatory (JMP), ghoapi.azureedge.net"
GLOBAL,2009,total,water_basic,85.706,"WHO Global Health Observatory (JMP), ghoapi.azureedge.net"
GLOBAL,2009,total,water_safely_managed,64.3123,"WHO Global Health Observatory (JMP), ghoapi.azureedge.net"
GLOBAL,2009,urban,open_defecation,3.1734,"WHO Global Health Observatory (JMP), ghoapi.azureedge.net"
GLOBAL,2009,urban,sanitation_basic,81.5551,"WHO Global Health Observatory (JMP), ghoapi.azureedge.net"
GLOBAL,2009,urban,sanitation_safely_managed,52.9198,"WHO Global Health Observatory (JMP), ghoapi.azureedge.net"
GLOBAL,2009,urban,water_basic,95.6973,"WHO Global Health Observatory (JMP), ghoapi.azureedge.net"
GLOBAL,2009,urban,water_safely_managed,82.8094,"WHO Global Health Observatory (JMP), ghoapi.azureedge.net"
GLOBAL,2010,rural,handwashing_basic,43.8113,"WHO Global Health Observatory (JMP), ghoapi.azureedge.net"
GLOBAL,2010,rural,open_defecation,25.7414,"WHO Global Health Observatory (JMP), ghoapi.azureedge.net"
GLOBAL,2010,rural,sanitation_basic,49.704,"WHO Global Health Observatory (JMP), ghoapi.azureedge.net"
GLOBAL,2010,rural,sanitation_safely_managed,28.3041,"WHO Global Health Observatory (JMP), ghoapi.azureedge.net"
GLOBAL,2010,rural,water_basic,75.7665,"WHO Global Health Observatory (JMP), ghoapi.azureedge.net"
GLOBAL,2010,rural,water_safely_managed,45.8814,"WHO Global Health Observatory (JMP), ghoapi.azureedge.net"
GLOBAL,2010,total,open_defecation,14.0337,"WHO Global Health Observatory (JMP), ghoapi.azureedge.net"
GLOBAL,2010,total,sanitation_basic,66.8099,"WHO Global Health Observatory (JMP), ghoapi.azureedge.net"
GLOBAL,2010,total,sanitation_safely_managed,41.4863,"WHO Global Health Observatory (JMP), ghoapi.azureedge.net"
GLOBAL,2010,total,water_basic,86.1467,"WHO Global Health Observatory (JMP), ghoapi.azureedge.net"
GLOBAL,2010,total,water_safely_managed,64.8413,"WHO Global Health Observatory (JMP), ghoapi.azureedge.net"
GLOBAL,2010,urban,open_defecation,3.0089,"WHO Global Health Observatory (JMP), ghoapi.azureedge.net"
GLOBAL,2010,urban,sanitation_basic,82.0762,"WHO Global Health Observatory (JMP), ghoapi.azureedge.net"
GLOBAL,2010,urban,sanitation_safely_managed,53.9232,"WHO Global Health Observatory (JMP), ghoapi.azureedge.net"
GLOBAL,2010,urban,water_basic,95.7424,"WHO Global Health Observatory (JMP), ghoapi.azureedge.net"
GLOBAL,2010,urban,water_safely_managed,82.7296,"WHO Global Health Observatory (JMP), ghoapi.azureedge.net"
GLOBAL,2011,rural,handwashing_basic,45.2454,"WHO Global Health Observatory (JMP), ghoapi.azureedge.net"
GLOBAL,2011,rural,open_defecation,24.757,"WHO Global Health Observatory (JMP), ghoapi.azureedge.net"
GLOBAL,2011,rural,sanitation_basic,51.2527,"WHO Global Health Observatory (JMP), ghoapi.azureedge.net"
GLOBAL,2011,rural,sanitation_safely_managed,29.6568,"WHO Global Health Observatory (JMP), ghoapi.azureedge.net"
GLOBAL,2011,rural,water_basic,76.3204,"WHO Global Health Observatory (JMP), ghoapi.azureedge.net"
GLOBAL,2011,rural,water_safely_managed,46.6189,"WHO Global Health Observatory (JMP), ghoapi.azureedge.net"
GLOBAL,2011,total,open_defecation,13.3911,"WHO Global Health Observatory (JMP), ghoapi.azureedge.net"
GLOBAL,2011,total,sanitation_basic,67.9133,"WHO Global Health Observatory (JMP), ghoapi.azureedge.net"
GLOBAL,2011,total,sanitation_safely_managed,42.7789,"WHO Global Health Observatory (JMP), ghoapi.azureedge.net"
GLOBAL,2011,total,water_basic,86.5042,"WHO Global Health Observatory (JMP), ghoapi.azureedge.net"
GLOBAL,2011,total,water_safely_managed,65.3509,"WHO Global Health Observatory (JMP), ghoapi.azureedge.net"
GLOBAL,2011,urban,open_defecation,2.8624,"WHO Global Health Observatory (JMP), ghoapi.azureedge.net"
GLOBAL,2011,urban,sanitation_basic,82.5713,"WHO Global Health Observatory (JMP), ghoapi.azureedge.net"
GLOBAL,2011,urban,sanitation_safely_managed,54.9567,"WHO Global Health Observatory (JMP), ghoapi.azureedge.net"
GLOBAL,2011,urban,water_basic,95.7678,"WHO Global Health Observatory (JMP), ghoapi.azureedge.net"
GLOBAL,2011,urban,water_safely_managed,82.7351,"WHO Global Health Observatory (JMP), ghoapi.azureedge.net"
GLOBAL,2012,rural,handwashing_basic,46.7035,"WHO Global Health Observatory (JMP), ghoapi.azureedge.net"
GLOBAL,2012,rural,open_defecation,23.6234,"WHO Global Health Observatory (JMP), ghoapi.azureedge.net"
GLOBAL,2012,rural,sanitation_basic,52.9251,"WHO Global Health Observatory (JMP), ghoapi.azureedge.net"
GLOBAL,2012,rural,sanitation_safely_managed,31.0834,"WHO Global Health Observatory (JMP), ghoapi.azureedge.net"
GLOBAL,2012,rural,water_basic,76.9611,"WHO Global Health Observatory (JMP), ghoapi.azureedge.net"
GLOBAL,2012,rural,water_safely_managed,47.4283,"WHO Global Health Observatory (JMP), ghoapi.azureedge.net"
GLOBAL,2012,total,open_defecation,12.6658,"WHO Global Health Observatory (JMP), ghoapi.azureedge.net"
GLOBAL,2012,total,sanitation_basic,69.0999,"WHO Global Health Observatory (JMP), ghoapi.azureedge.net"
GLOBAL,2012,total,sanitation_safely_managed,44.1329,"WHO Global Health Observatory (JMP), ghoapi.azureedge.net"
GLOBAL,2012,total,water_basic,86.9187,"WHO Global Health Observatory (JMP), ghoapi.azureedge.net"
GLOBAL,2012,total,water_safely_managed,65.9186,"WHO Global Health Observatory (JMP), ghoapi.azureedge.net"
GLOBAL,2012,urban,open_defecation,2.6953,"WHO Global Health Observatory (JMP), ghoapi.azureedge.net"
GLOBAL,2012,urban,sanitation_basic,83.1047,"WHO Global Health Observatory (JMP), ghoapi.azureedge.net"
GLOBAL,2012,urban,sanitation_safely_managed,56.0283,"WHO Global Health Observatory (JMP), ghoapi.azureedge.net"
GLOBAL,2012,urban,water_basic,95.8167,"WHO Global Health Observatory (JMP), ghoapi.azureedge.net"
GLOBAL,2012,urban,water_safely_managed,82.7738,"WHO Global Health Observatory (JMP), ghoapi.azureedge.net"
GLOBAL,2013,rural,handwashing_basic,48.2382,"WHO Global Health Observatory (JMP), ghoapi.azureedge.net"
GLOBAL,2013,rural,open_defecation,22.4758,"WHO Global Health Observatory (JMP), ghoapi.azureedge.net"
GLOBAL,2013,rural,sanitation_basic,54.635,"WHO Global Health Observatory (JMP), ghoapi.azureedge.net"
GLOBAL,2013,rural,sanitation_safely_managed,32.5832,"WHO Global Health Observatory (JMP), ghoapi.azureedge.net"
GLOBAL,2013,rural,water_basic,77.6024,"WHO Global Health Observatory (JMP), ghoapi.azureedge.net"
GLOBAL,2013,rural,water_safely_managed,48.2453,"WHO Global Health Observatory (JMP), ghoapi.azureedge.net"
GLOBAL,2013,total,handwashing_basic,63.8012,"WHO Global Health Observatory (JMP), ghoapi.azureedge.net"
GLOBAL,2013,total,open_defecation,11.9399,"WHO Global Health Observatory (JMP), ghoapi.azureedge.net"
GLOBAL,2013,total,sanitation_basic,70.3243,"WHO Global Health Observatory (JMP), ghoapi.azureedge.net"
GLOBAL,2013,total,sanitation_safely_managed,45.5338,"WHO Global Health Observatory (JMP), ghoapi.azureedge.net"
GLOBAL,2013,total,water_basic,87.331,"WHO Global Health Observatory (JMP), ghoapi.azureedge.net"
GLOBAL,2013,total,water_safely_managed,66.5065,"WHO Global Health Observatory (JMP), ghoapi.azureedge.net"
GLOBAL,2013,urban,open_defecation,2.5262,"WHO Global Health Observatory (JMP), ghoapi.azureedge.net"
GLOBAL,2013,urban,sanitation_basic,83.6503,"WHO Global Health Observatory (JMP), ghoapi.azureedge.net"
GLOBAL,2013,urban,sanitation_safely_managed,57.1259,"WHO Global Health Observatory (JMP), ghoapi.azureedge.net"
GLOBAL,2013,urban,water_basic,95.868,"WHO Global Health Observatory (JMP), ghoapi.azureedge.net"
GLOBAL,2013,urban,water_safely_managed,82.8522,"WHO Global Health Observatory (JMP), ghoapi.azureedge.net"
GLOBAL,2014,rural,handwashing_basic,49.2833,"WHO Global Health Observatory (JMP), ghoapi.azureedge.net"
GLOBAL,2014,rural,open_defecation,21.3096,"WHO Global Health Observatory (JMP), ghoapi.azureedge.net"
GLOBAL,2014,rural,sanitation_basic,56.3206,"WHO Global Health Observatory (JMP), ghoapi.azureedge.net"
GLOBAL,2014,rural,sanitation_safely_managed,34.069,"WHO Global Health Observatory (JMP), ghoapi.azureedge.net"
GLOBAL,2014,rural,water_basic,78.2415,"WHO Global Health Observatory (JMP), ghoapi.azureedge.net"
GLOBAL,2014,rural,water_safely_managed,49.0741,"WHO Global Health Observatory (JMP), ghoapi.azureedge.net"
GLOBAL,2014,total,handwashing_basic,64.4371,"WHO Global Health Observatory (JMP), ghoapi.azureedge.net"
GLOBAL,2014,total,open_defecation,11.2109,"WHO Global Health Observatory (JMP), ghoapi.azureedge.net"
GLOBAL,2014,total,sanitation_basic,71.5138,"WHO Global Health Observatory (JMP), ghoapi.azureedge.net"
GLOBAL,2014,total,sanitation_safely_managed,46.9459,"WHO Global Health Observatory (JMP), ghoapi.azureedge.net"
GLOBAL,2014,total,water_basic,87.7403,"WHO Global Health Observatory (JMP), ghoapi.azureedge.net"
GLOBAL,2014,total,water_safely_managed,67.1,"WHO Global Health Observatory (JMP), ghoapi.azureedge.net"
GLOBAL,2014,urban,open_defecation,2.3543,"WHO Global Health Observatory (JMP), ghoapi.azureedge.net"
GLOBAL,2014,urban,sanitation_basic,84.2082,"WHO Global Health Observatory (JMP), ghoapi.azureedge.net"
GLOBAL,2014,urban,sanitation_safely_managed,58.2596,"WHO Global Health Observatory (JMP), ghoapi.azureedge.net"
GLOBAL,2014,urban,water_basic,95.9224,"WHO Global Health Observatory (JMP), ghoapi.azureedge.net"
GLOBAL,2014,urban,water_safely_managed,82.9378,"WHO Global Health Observatory (JMP), ghoapi.azureedge.net"
GLOBAL,2015,rural,handwashing_basic,51.707,"WHO Global Health Observatory (JMP), ghoapi.azureedge.net"
GLOBAL,2015,rural,open_defecation,20.1348,"WHO Global Health Observatory (JMP), ghoapi.azureedge.net"
GLOBAL,2015,rural,sanitation_basic,58.013,"WHO Global Health Observatory (JMP), ghoapi.azureedge.net"
GLOBAL,2015,rural,sanitation_safely_managed,35.5836,"WHO Global Health Observatory (JMP), ghoapi.azureedge.net"
GLOBAL,2015,rural,water_basic,78.874,"WHO Global Health Observatory (JMP), ghoapi.azureedge.net"
GLOBAL,2015,rural,water_safely_managed,49.9081,"WHO Global Health Observatory (JMP), ghoapi.azureedge.net"
GLOBAL,2015,total,handwashing_basic,66.1841,"WHO Global Health Observatory (JMP), ghoapi.azureedge.net"
GLOBAL,2015,total,open_defecation,10.4921,"WHO Global Health Observatory (JMP), ghoapi.azureedge.net"
GLOBAL,2015,total,sanitation_basic,72.7056,"WHO Global Health Observatory (JMP), ghoapi.azureedge.net"
GLOBAL,2015,total,sanitation_safely_managed,48.3931,"WHO Global Health Observatory (JMP), ghoapi.azureedge.net"
GLOBAL,2015,total,water_basic,88.1466,"WHO Global Health Observatory (JMP), ghoapi.azureedge.net"
GLOBAL,2015,total,water_safely_managed,67.6928,"WHO Global Health Observatory (JMP), ghoapi.azureedge.net"
GLOBAL,2015,urban,open_defecation,2.18,"WHO Global Health Observatory (JMP), ghoapi.azureedge.net"
GLOBAL,2015,urban,sanitation_basic,84.7775,"WHO Global Health Observatory (JMP), ghoapi.azureedge.net"
GLOBAL,2015,urban,sanitation_safely_managed,59.4362,"WHO Global Health Observatory (JMP), ghoapi.azureedge.net"
GLOBAL,2015,urban,water_basic,95.9844,"WHO Global Health Observatory (JMP), ghoapi.azureedge.net"
GLOBAL,2015,urban,water_safely_managed,83.0249,"WHO Global Health Observatory (JMP), ghoapi.azureedge.net"
GLOBAL,2016,rural,handwashing_basic,54.2681,"WHO Global Health Observatory (JMP), ghoapi.azureedge.net"
GLOBAL,2016,rural,open_defecation,18.9305,"WHO Global Health Observatory (JMP), ghoapi.azureedge.net"
GLOBAL,2016,rural,sanitation_basic,59.7084,"WHO Global Health Observatory (JMP), ghoapi.azureedge.net"
GLOBAL,2016,rural,sanitation_safely_managed,37.15,"WHO Global Health Observatory (JMP), ghoapi.azureedge.net"
GLOBAL,2016,rural,water_basic,79.5046,"WHO Global Health Observatory (JMP), ghoapi.azureedge.net"
GLOBAL,2016,rural,water_safely_managed,50.7537,"WHO Global Health Observatory (JMP), ghoapi.azureedge.net"
GLOBAL,2016,total,handwashing_basic,67.9076,"WHO Global Health Observatory (JMP), ghoapi.azureedge.net"
GLOBAL,2016,total,open_defecation,9.7564,"WHO Global Health Observatory (JMP), ghoapi.azureedge.net"
GLOBAL,2016,total,sanitation_basic,73.8904,"WHO Global Health Observatory (JMP), ghoapi.azureedge.net"
GLOBAL,2016,total,sanitation_safely_managed,49.8554,"WHO Global Health Observatory (JMP), ghoapi.azureedge.net"
GLOBAL,2016,total,water_basic,88.5461,"WHO Global Health Observatory (JMP), ghoapi.azureedge.net"
GLOBAL,2016,total,water_safely_managed,68.2871,"WHO Global Health Observatory (JMP), ghoapi.azureedge.net"
GLOBAL,2016,urban,open_defecation,2.0046,"WHO Global Health Observatory (JMP), ghoapi.azureedge.net"
GLOBAL,2016,urban,sanitation_basic,85.3524,"WHO Global Health Observatory (JMP), ghoapi.azureedge.net"
GLOBAL,2016,urban,sanitation_safely_managed,60.6043,"WHO Global Health Observatory (JMP), ghoapi.azureedge.net"
GLOBAL,2016,urban,water_basic,96.0461,"WHO Global Health Observatory (JMP), ghoapi.azureedge.net"
GLOBAL,2016,urban,water_safely_managed,83.1205,"WHO Global Health Observatory (JMP), ghoapi.azureedge.net"
GLOBAL,2017,rural,handwashing_basic,61.8095,"WHO Global Health Observatory (JMP), ghoapi.azureedge.net"
GLOBAL,2017,rural,open_defecation,17.8968,"WHO Global Health Observatory (JMP), ghoapi.azureedge.net"
GLOBAL,2017,rural,sanitation_basic,61.3979,"WHO Global Health Observatory (JMP), ghoapi.azureedge.net"
GLOBAL,2017,rural,sanitation_safely_managed,38.7307,"WHO Global Health Observatory (JMP), ghoapi.azureedge.net"
GLOBAL,2017,rural,water_basic,80.1354,"WHO Global Health Observatory (JMP), ghoapi.azureedge.net"
GLOBAL,2017,rural,water_safely_managed,51.6034,"WHO Global Health Observatory (JMP), ghoapi.azureedge.net"
GLOBAL,2017,total,handwashing_basic,73.7861,"WHO Global Health Observatory (JMP), ghoapi.azureedge.net"
GLOBAL,2017,total,open_defecation,9.2785,"WHO Global Health Observatory (JMP), ghoapi.azureedge.net"
GLOBAL,2017,total,sanitation_basic,75.0225,"WHO Global Health Observatory (JMP), ghoapi.azureedge.net"
GLOBAL,2017,total,sanitation_safely_managed,51.3237,"WHO Global Health Observatory (JMP), ghoapi.azureedge.net"
GLOBAL,2017,total,water_basic,88.9253,"WHO Global Health Observatory (JMP), ghoapi.azureedge.net"
GLOBAL,2017,total,water_safely_managed,68.8685,"WHO Global Health Observatory (JMP), ghoapi.azureedge.net"
GLOBAL,2017,urban,handwashing_basic,83.7333,"WHO Global Health Observatory (JMP), ghoapi.azureedge.net"
GLOBAL,2017,urban,open_defecation,1.8197,"WHO Global Health Observatory (JMP), ghoapi.azureedge.net"
GLOBAL,2017,urban,sanitation_basic,85.9349,"WHO Global Health Observatory (JMP), ghoapi.azureedge.net"
GLOBAL,2017,urban,sanitation_safely_managed,61.7817,"WHO Global Health Observatory (JMP), ghoapi.azureedge.net"
GLOBAL,2017,urban,water_basic,96.1077,"WHO Global Health Observatory (JMP), ghoapi.azureedge.net"
GLOBAL,2017,urban,water_safely_managed,83.2062,"WHO Global Health Observatory (JMP), ghoapi.azureedge.net"
GLOBAL,2018,rural,handwashing_basic,63.3201,"WHO Global Health Observatory (JMP), ghoapi.azureedge.net"
GLOBAL,2018,rural,open_defecation,16.6641,"WHO Global Health Observatory (JMP), ghoapi.azureedge.net"
GLOBAL,2018,rural,sanitation_basic,63.0856,"WHO Global Health Observatory (JMP), ghoapi.azureedge.net"
GLOBAL,2018,rural,sanitation_safely_managed,40.307,"WHO Global Health Observatory (JMP), ghoapi.azureedge.net"
GLOBAL,2018,rural,water_basic,80.7725,"WHO Global Health Observatory (JMP), ghoapi.azureedge.net"
GLOBAL,2018,rural,water_safely_managed,52.4607,"WHO Global Health Observatory (JMP), ghoapi.azureedge.net"
GLOBAL,2018,total,handwashing_basic,74.7376,"WHO Global Health Observatory (JMP), ghoapi.azureedge.net"
GLOBAL,2018,total,open_defecation,8.5404,"WHO Global Health Observatory (JMP), ghoapi.azureedge.net"
GLOBAL,2018,total,sanitation_basic,76.1737,"WHO Global Health Observatory (JMP), ghoapi.azureedge.net"
GLOBAL,2018,total,sanitation_safely_managed,52.782,"WHO Global Health Observatory (JMP), ghoapi.azureedge.net"
GLOBAL,2018,total,water_basic,89.318,"WHO Global Health Observatory (JMP), ghoapi.azureedge.net"
GLOBAL,2018,total,water_safely_managed,69.4436,"WHO Global Health Observatory (JMP), ghoapi.azureedge.net"
GLOBAL,2018,urban,handwashing_basic,84.0491,"WHO Global Health Observatory (JMP), ghoapi.azureedge.net"
GLOBAL,2018,urban,open_defecation,1.6424,"WHO Global Health Observatory (JMP), ghoapi.azureedge.net"
GLOBAL,2018,urban,sanitation_basic,86.5018,"WHO Global Health Observatory (JMP), ghoapi.azureedge.net"
GLOBAL,2018,urban,sanitation_safely_managed,62.9546,"WHO Global Health Observatory (JMP), ghoapi.azureedge.net"
GLOBAL,2018,urban,water_basic,96.1781,"WHO Global Health Observatory (JMP), ghoapi.azureedge.net"
GLOBAL,2018,urban,water_safely_managed,83.292,"WHO Global Health Observatory (JMP), ghoapi.azureedge.net"
GLOBAL,2019,rural,handwashing_basic,64.8732,"WHO Global Health Observatory (JMP), ghoapi.azureedge.net"
GLOBAL,2019,rural,open_defecation,15.4206,"WHO Global Health Observatory (JMP), ghoapi.azureedge.net"
GLOBAL,2019,rural,sanitation_basic,64.7769,"WHO Global Health Observatory (JMP), ghoapi.azureedge.net"
GLOBAL,2019,rural,sanitation_safely_managed,41.9046,"WHO Global Health Observatory (JMP), ghoapi.azureedge.net"
GLOBAL,2019,rural,water_basic,81.3999,"WHO Global Health Observatory (JMP), ghoapi.azureedge.net"
GLOBAL,2019,rural,water_safely_managed,53.3148,"WHO Global Health Observatory (JMP), ghoapi.azureedge.net"
GLOBAL,2019,total,handwashing_basic,75.7136,"WHO Global Health Observatory (JMP), ghoapi.azureedge.net"
GLOBAL,2019,total,open_defecation,7.8061,"WHO Global Health Observatory (JMP), ghoapi.azureedge.net"
GLOBAL,2019,total,sanitation_basic,77.3187,"WHO Global Health Observatory (JMP), ghoapi.azureedge.net"
GLOBAL,2019,total,sanitation_safely_managed,54.2411,"WHO Global Health Observatory (JMP), ghoapi.azureedge.net"
GLOBAL,2019,total,water_basic,89.6984,"WHO Global Health Observatory (JMP), ghoapi.azureedge.net"
GLOBAL,2019,total,water_safely_managed,70.0031,"WHO Global Health Observatory (JMP), ghoapi.azureedge.net"
GLOBAL,2019,urban,handwashing_basic,84.397,"WHO Global Health Observatory (JMP), ghoapi.azureedge.net"
GLOBAL,2019,urban,open_defecation,1.4652,"WHO Global Health Observatory (JMP), ghoapi.azureedge.net"
GLOBAL,2019,urban,sanitation_basic,87.0686,"WHO Global Health Observatory (JMP), ghoapi.azureedge.net"
GLOBAL,2019,urban,sanitation_safely_managed,64.1215,"WHO Global Health Observatory (JMP), ghoapi.azureedge.net"
GLOBAL,2019,urban,water_basic,96.241,"WHO Global Health Observatory (JMP), ghoapi.azureedge.net"
GLOBAL,2019,urban,water_safely_managed,83.3687,"WHO Global Health Observatory (JMP), ghoapi.azureedge.net"
GLOBAL,2020,rural,handwashing_basic,66.4328,"WHO Global Health Observatory (JMP), ghoapi.azureedge.net"
GLOBAL,2020,rural,open_defecation,14.1625,"WHO Global Health Observatory (JMP), ghoapi.azureedge.net"
GLOBAL,2020,rural,sanitation_basic,66.4102,"WHO Global Health Observatory (JMP), ghoapi.azureedge.net"
GLOBAL,2020,rural,sanitation_safely_managed,43.2851,"WHO Global Health Observatory (JMP), ghoapi.azureedge.net"
GLOBAL,2020,rural,water_basic,82.0295,"WHO Global Health Observatory (JMP), ghoapi.azureedge.net"
GLOBAL,2020,rural,water_safely_managed,54.163,"WHO Global Health Observatory (JMP), ghoapi.azureedge.net"
GLOBAL,2020,total,handwashing_basic,76.6605,"WHO Global Health Observatory (JMP), ghoapi.azureedge.net"
GLOBAL,2020,total,open_defecation,7.0796,"WHO Global Health Observatory (JMP), ghoapi.azureedge.net"
GLOBAL,2020,total,sanitation_basic,78.4193,"WHO Global Health Observatory (JMP), ghoapi.azureedge.net"
GLOBAL,2020,total,sanitation_safely_managed,55.1813,"WHO Global Health Observatory (JMP), ghoapi.azureedge.net"
GLOBAL,2020,total,water_basic,90.0685,"WHO Global Health Observatory (JMP), ghoapi.azureedge.net"
GLOBAL,2020,total,water_safely_managed,70.5393,"WHO Global Health Observatory (JMP), ghoapi.azureedge.net"
GLOBAL,2020,urban,handwashing_basic,84.7117,"WHO Global Health Observatory (JMP), ghoapi.azureedge.net"
GLOBAL,2020,urban,open_defecation,1.2945,"WHO Global Health Observatory (JMP), ghoapi.azureedge.net"
GLOBAL,2020,urban,sanitation_basic,87.6281,"WHO Global Health Observatory (JMP), ghoapi.azureedge.net"
GLOBAL,2020,urban,sanitation_safely_managed,64.5444,"WHO Global Health Observatory (JMP), ghoapi.azureedge.net"
GLOBAL,2020,urban,water_basic,96.2982,"WHO Global Health Observatory (JMP), ghoapi.azureedge.net"
GLOBAL,2020,urban,water_safely_managed,83.4282,"WHO Global Health Observatory (JMP), ghoapi.azureedge.net"
GLOBAL,2021,rural,handwashing_basic,67.9324,"WHO Global Health Observatory (JMP), ghoapi.azureedge.net"
GLOBAL,2021,rural,open_defecation,12.9059,"WHO Global Health Observatory (JMP), ghoapi.azureedge.net"
GLOBAL,2021,rural,sanitation_basic,68.0228,"WHO Global Health Observatory (JMP), ghoapi.azureedge.net"
GLOBAL,2021,rural,sanitation_safely_managed,44.6521,"WHO Global Health Observatory (JMP), ghoapi.azureedge.net"
GLOBAL,2021,rural,water_basic,82.7683,"WHO Global Health Observatory (JMP), ghoapi.azureedge.net"
GLOBAL,2021,rural,water_safely_managed,55.009,"WHO Global Health Observatory (JMP), ghoapi.azureedge.net"
GLOBAL,2021,total,handwashing_basic,77.4336,"WHO Global Health Observatory (JMP), ghoapi.azureedge.net"
GLOBAL,2021,total,open_defecation,6.3644,"WHO Global Health Observatory (JMP), ghoapi.azureedge.net"
GLOBAL,2021,total,sanitation_basic,79.5068,"WHO Global Health Observatory (JMP), ghoapi.azureedge.net"
GLOBAL,2021,total,sanitation_safely_managed,56.1071,"WHO Global Health Observatory (JMP), ghoapi.azureedge.net"
GLOBAL,2021,total,water_basic,90.4761,"WHO Global Health Observatory (JMP), ghoapi.azureedge.net"
GLOBAL,2021,total,water_safely_managed,71.0593,"WHO Global Health Observatory (JMP), ghoapi.azureedge.net"
GLOBAL,2021,urban,handwashing_basic,84.7853,"WHO Global Health Observatory (JMP), ghoapi.azureedge.net"
GLOBAL,2021,urban,open_defecation,1.1198,"WHO Global Health Observatory (JMP), ghoapi.azureedge.net"
GLOBAL,2021,urban,sanitation_basic,88.1985,"WHO Global Health Observatory (JMP), ghoapi.azureedge.net"
GLOBAL,2021,urban,sanitation_safely_managed,64.9688,"WHO Global Health Observatory (JMP), ghoapi.azureedge.net"
GLOBAL,2021,urban,water_basic,96.3488,"WHO Global Health Observatory (JMP), ghoapi.azureedge.net"
GLOBAL,2021,urban,water_safely_managed,83.4757,"WHO Global Health Observatory (JMP), ghoapi.azureedge.net"
GLOBAL,2022,rural,handwashing_basic,69.5052,"WHO Global Health Observatory (JMP), ghoapi.azureedge.net"
GLOBAL,2022,rural,open_defecation,11.6806,"WHO Global Health Observatory (JMP), ghoapi.azureedge.net"
GLOBAL,2022,rural,sanitation_basic,69.5891,"WHO Global Health Observatory (JMP), ghoapi.azureedge.net"
GLOBAL,2022,rural,sanitation_safely_managed,46.0346,"WHO Global Health Observatory (JMP), ghoapi.azureedge.net"
GLOBAL,2022,rural,water_basic,83.5225,"WHO Global Health Observatory (JMP), ghoapi.azureedge.net"
GLOBAL,2022,rural,water_safely_managed,55.8665,"WHO Global Health Observatory (JMP), ghoapi.azureedge.net"
GLOBAL,2022,total,handwashing_basic,78.3736,"WHO Global Health Observatory (JMP), ghoapi.azureedge.net"
GLOBAL,2022,total,open_defecation,5.6708,"WHO Global Health Observatory (JMP), ghoapi.azureedge.net"
GLOBAL,2022,total,sanitation_basic,80.5597,"WHO Global Health Observatory (JMP), ghoapi.azureedge.net"
GLOBAL,2022,total,sanitation_safely_managed,57.0319,"WHO Global Health Observatory (JMP), ghoapi.azureedge.net"
GLOBAL,2022,total,water_basic,90.8713,"WHO Global Health Observatory (JMP), ghoapi.azureedge.net"
GLOBAL,2022,total,water_safely_managed,71.5729,"WHO Global Health Observatory (JMP), ghoapi.azureedge.net"
GLOBAL,2022,urban,handwashing_basic,85.1159,"WHO Global Health Observatory (JMP), ghoapi.azureedge.net"
GLOBAL,2022,urban,open_defecation,0.9561,"WHO Global Health Observatory (JMP), ghoapi.azureedge.net"
GLOBAL,2022,urban,sanitation_basic,88.7493,"WHO Global Health Observatory (JMP), ghoapi.azureedge.net"
GLOBAL,2022,urban,sanitation_safely_managed,65.3908,"WHO Global Health Observatory (JMP), ghoapi.azureedge.net"
GLOBAL,2022,urban,water_basic,96.3864,"WHO Global Health Observatory (JMP), ghoapi.azureedge.net"
GLOBAL,2022,urban,water_safely_managed,83.5107,"WHO Global Health Observatory (JMP), ghoapi.azureedge.net"
GLOBAL,2023,rural,handwashing_basic,71.1533,"WHO Global Health Observatory (JMP), ghoapi.azureedge.net"
GLOBAL,2023,rural,open_defecation,10.3876,"WHO Global Health Observatory (JMP), ghoapi.azureedge.net"
GLOBAL,2023,rural,sanitation_basic,70.9746,"WHO Global Health Observatory (JMP), ghoapi.azureedge.net"
GLOBAL,2023,rural,sanitation_safely_managed,47.2777,"WHO Global Health Observatory (JMP), ghoapi.azureedge.net"
GLOBAL,2023,rural,water_basic,84.1773,"WHO Global Health Observatory (JMP), ghoapi.azureedge.net"
GLOBAL,2023,rural,water_safely_managed,56.6936,"WHO Global Health Observatory (JMP), ghoapi.azureedge.net"
GLOBAL,2023,total,handwashing_basic,79.4905,"WHO Global Health Observatory (JMP), ghoapi.azureedge.net"
GLOBAL,2023,total,open_defecation,4.9549,"WHO Global Health Observatory (JMP), ghoapi.azureedge.net"
GLOBAL,2023,total,sanitation_basic,81.3615,"WHO Global Health Observatory (JMP), ghoapi.azureedge.net"
GLOBAL,2023,total,sanitation_safely_managed,57.8004,"WHO Global Health Observatory (JMP), ghoapi.azureedge.net"
GLOBAL,2023,total,water_basic,91.2323,"WHO Global Health Observatory (JMP), ghoapi.azureedge.net"
GLOBAL,2023,total,water_safely_managed,72.0565,"WHO Global Health Observatory (JMP), ghoapi.azureedge.net"
GLOBAL,2023,urban,handwashing_basic,85.7187,"WHO Global Health Observatory (JMP), ghoapi.azureedge.net"
GLOBAL,2023,urban,open_defecation,0.7352,"WHO Global Health Observatory (JMP), ghoapi.azureedge.net"
GLOBAL,2023,urban,sanitation_basic,89.0415,"WHO Global Health Observatory (JMP), ghoapi.azureedge.net"
GLOBAL,2023,urban,sanitation_safely_managed,65.6594,"WHO Global Health Observatory (JMP), ghoapi.azureedge.net"
GLOBAL,2023,urban,water_basic,96.4366,"WHO Global Health Observatory (JMP), ghoapi.azureedge.net"
GLOBAL,2023,urban,water_safely_managed,83.5298,"WHO Global Health Observatory (JMP), ghoapi.azureedge.net"
GLOBAL,2024,rural,handwashing_basic,71.4557,"WHO Global Health Observatory (JMP), ghoapi.azureedge.net"
GLOBAL,2024,rural,open_defecation,9.1698,"WHO Global Health Observatory (JMP), ghoapi.azureedge.net"
GLOBAL,2024,rural,sanitation_basic,72.0755,"WHO Global Health Observatory (JMP), ghoapi.azureedge.net"
GLOBAL,2024,rural,sanitation_safely_managed,48.5,"WHO Global Health Observatory (JMP), ghoapi.azureedge.net"
GLOBAL,2024,rural,water_basic,84.5698,"WHO Global Health Observatory (JMP), ghoapi.azureedge.net"
GLOBAL,2024,rural,water_safely_managed,60.4603,"WHO Global Health Observatory (JMP), ghoapi.azureedge.net"
GLOBAL,2024,total,handwashing_basic,79.7289,"WHO Global Health Observatory (JMP), ghoapi.azureedge.net"
GLOBAL,2024,total,open_defecation,4.3383,"WHO Global Health Observatory (JMP), ghoapi.azureedge.net"
GLOBAL,2024,total,sanitation_basic,82.0083,"WHO Global Health Observatory (JMP), ghoapi.azureedge.net"
GLOBAL,2024,total,sanitation_safely_managed,58.4952,"WHO Global Health Observatory (JMP), ghoapi.azureedge.net"
GLOBAL,2024,total,water_basic,91.4684,"WHO Global Health Observatory (JMP), ghoapi.azureedge.net"
GLOBAL,2024,total,water_safely_managed,73.7352,"WHO Global Health Observatory (JMP), ghoapi.azureedge.net"
GLOBAL,2024,urban,handwashing_basic,85.8035,"WHO Global Health Observatory (JMP), ghoapi.azureedge.net"
GLOBAL,2024,urban,open_defecation,0.6511,"WHO Global Health Observatory (JMP), ghoapi.azureedge.net"
GLOBAL,2024,urban,sanitation_basic,89.232,"WHO Global Health Observatory (JMP), ghoapi.azureedge.net"
GLOBAL,2024,urban,sanitation_safely_managed,65.8323,"WHO Global Health Observatory (JMP), ghoapi.azureedge.net"
GLOBAL,2024,urban,water_basic,96.4696,"WHO Global Health Observatory (JMP), ghoapi.azureedge.net"
GLOBAL,2024,urban,water_safely_managed,83.4797,"WHO Global Health Observatory (JMP), ghoapi.azureedge.net"
SEAR,2000,rural,open_defecation,74.8203,"WHO Global Health Observatory (JMP), ghoapi.azureedge.net"
SEAR,2000,rural,sanitation_basic,11.2992,"WHO Global Health Observatory (JMP), ghoapi.azureedge.net"
SEAR,2000,rural,sanitation_safely_managed,5.2418,"WHO Global Health Observatory (JMP), ghoapi.azureedge.net"
SEAR,2000,rural,water_basic,76.8016,"WHO Global Health Observatory (JMP), ghoapi.azureedge.net"
SEAR,2000,rural,water_safely_managed,33.4622,"WHO Global Health Observatory (JMP), ghoapi.azureedge.net"
SEAR,2000,total,open_defecation,59.7936,"WHO Global Health Observatory (JMP), ghoapi.azureedge.net"
SEAR,2000,total,sanitation_basic,22.4574,"WHO Global Health Observatory (JMP), ghoapi.azureedge.net"
SEAR,2000,total,sanitation_safely_managed,11.9045,"WHO Global Health Observatory (JMP), ghoapi.azureedge.net"
SEAR,2000,total,water_basic,80.9615,"WHO Global Health Observatory (JMP), ghoapi.azureedge.net"
SEAR,2000,total,water_safely_managed,43.4625,"WHO Global Health Observatory (JMP), ghoapi.azureedge.net"
SEAR,2000,urban,open_defecation,20.2957,"WHO Global Health Observatory (JMP), ghoapi.azureedge.net"
SEAR,2000,urban,sanitation_basic,51.9205,"WHO Global Health Observatory (JMP), ghoapi.azureedge.net"
SEAR,2000,urban,sanitation_safely_managed,29.4017,"WHO Global Health Observatory (JMP), ghoapi.azureedge.net"
SEAR,2000,urban,water_basic,91.886,"WHO Global Health Observatory (JMP), ghoapi.azureedge.net"
SEAR,2000,urban,water_safely_managed,69.7251,"WHO Global Health Observatory (JMP), ghoapi.azureedge.net"
SEAR,2001,rural,open_defecation,72.1635,"WHO Global Health Observatory (JMP), ghoapi.azureedge.net"
SEAR,2001,rural,sanitation_basic,13.7868,"WHO Global Health Observatory (JMP), ghoapi.azureedge.net"
SEAR,2001,rural,sanitation_safely_managed,7.0669,"WHO Global Health Observatory (JMP), ghoapi.azureedge.net"
SEAR,2001,rural,water_basic,77.4179,"WHO Global Health Observatory (JMP), ghoapi.azureedge.net"
SEAR,2001,rural,water_safely_managed,34.7735,"WHO Global Health Observatory (JMP), ghoapi.azureedge.net"
SEAR,2001,total,open_defecation,57.4628,"WHO Global Health Observatory (JMP), ghoapi.azureedge.net"
SEAR,2001,total,sanitation_basic,24.6289,"WHO Global Health Observatory (JMP), ghoapi.azureedge.net"
SEAR,2001,total,sanitation_safely_managed,13.4225,"WHO Global Health Observatory (JMP), ghoapi.azureedge.net"
SEAR,2001,total,water_basic,81.5049,"WHO Global Health Observatory (JMP), ghoapi.azureedge.net"
SEAR,2001,total,water_safely_managed,44.6825,"WHO Global Health Observatory (JMP), ghoapi.azureedge.net"
SEAR,2001,urban,open_defecation,19.4135,"WHO Global Health Observatory (JMP), ghoapi.azureedge.net"
SEAR,2001,urban,sanitation_basic,52.818,"WHO Global Health Observatory (JMP), ghoapi.azureedge.net"
SEAR,2001,urban,sanitation_safely_managed,29.8587,"WHO Global Health Observatory (JMP), ghoapi.azureedge.net"
SEAR,2001,urban,water_basic,92.0743,"WHO Global Health Observatory (JMP), ghoapi.azureedge.net"
SEAR,2001,urban,water_safely_managed,70.308,"WHO Global Health Observatory (JMP), ghoapi.azureedge.net"
SEAR,2002,rural,open_defecation,69.4562,"WHO Global Health Observatory (JMP), ghoapi.azureedge.net"
SEAR,2002,rural,sanitation_basic,16.5182,"WHO Global Health Observatory (JMP), ghoapi.azureedge.net"
SEAR,2002,rural,sanitation_safely_managed,9.0532,"WHO Global Health Observatory (JMP), ghoapi.azureedge.net"
SEAR,2002,rural,water_basic,78.1147,"WHO Global Health Observatory (JMP), ghoapi.azureedge.net"
SEAR,2002,rural,water_safely_managed,36.0964,"WHO Global Health Observatory (JMP), ghoapi.azureedge.net"
SEAR,2002,total,open_defecation,55.0633,"WHO Global Health Observatory (JMP), ghoapi.azureedge.net"
SEAR,2002,total,sanitation_basic,27.1437,"WHO Global Health Observatory (JMP), ghoapi.azureedge.net"
SEAR,2002,total,sanitation_safely_managed,15.0976,"WHO Global Health Observatory (JMP), ghoapi.azureedge.net"
SEAR,2002,total,water_basic,82.1274,"WHO Global Health Observatory (JMP), ghoapi.azureedge.net"
SEAR,2002,total,water_safely_managed,45.9279,"WHO Global Health Observatory (JMP), ghoapi.azureedge.net"
SEAR,2002,urban,open_defecation,18.5295,"WHO Global Health Observatory (JMP), ghoapi.azureedge.net"
SEAR,2002,urban,sanitation_basic,54.1145,"WHO Global Health Observatory (JMP), ghoapi.azureedge.net"
SEAR,2002,urban,sanitation_safely_managed,30.4405,"WHO Global Health Observatory (JMP), ghoapi.azureedge.net"
SEAR,2002,urban,water_basic,92.313,"WHO Global Health Observatory (JMP), ghoapi.azureedge.net"
SEAR,2002,urban,water_safely_managed,70.8835,"WHO Global Health Observatory (JMP), ghoapi.azureedge.net"
SEAR,2003,rural,open_defecation,66.7909,"WHO Global Health Observatory (JMP), ghoapi.azureedge.net"
SEAR,2003,rural,sanitation_basic,19.0738,"WHO Global Health Observatory (JMP), ghoapi.azureedge.net"
SEAR,2003,rural,sanitation_safely_managed,11.427,"WHO Global Health Observatory (JMP), ghoapi.azureedge.net"
SEAR,2003,rural,water_basic,78.8393,"WHO Global Health Observatory (JMP), ghoapi.azureedge.net"
SEAR,2003,rural,water_safely_managed,37.453,"WHO Global Health Observatory (JMP), ghoapi.azureedge.net"
SEAR,2003,total,open_defecation,52.7148,"WHO Global Health Observatory (JMP), ghoapi.azureedge.net"
SEAR,2003,total,sanitation_basic,29.4696,"WHO Global Health Observatory (JMP), ghoapi.azureedge.net"
SEAR,2003,total,sanitation_safely_managed,17.0891,"WHO Global Health Observatory (JMP), ghoapi.azureedge.net"
SEAR,2003,total,water_basic,82.7701,"WHO Global Health Observatory (JMP), ghoapi.azureedge.net"
SEAR,2003,total,water_safely_managed,47.1957,"WHO Global Health Observatory (JMP), ghoapi.azureedge.net"
SEAR,2003,urban,open_defecation,17.6511,"WHO Global Health Observatory (JMP), ghoapi.azureedge.net"
SEAR,2003,urban,sanitation_basic,55.3655,"WHO Global Health Observatory (JMP), ghoapi.azureedge.net"
SEAR,2003,urban,sanitation_safely_managed,31.1934,"WHO Global Health Observatory (JMP), ghoapi.azureedge.net"
SEAR,2003,urban,water_basic,92.5617,"WHO Global Health Observatory (JMP), ghoapi.azureedge.net"
SEAR,2003,urban,water_safely_managed,71.4646,"WHO Global Health Observatory (JMP), ghoapi.azureedge.net"
SEAR,2004,rural,open_defecation,64.1214,"WHO Global Health Observatory (JMP), ghoapi.azureedge.net"
SEAR,2004,rural,sanitation_basic,21.6599,"WHO Global Health Observatory (JMP), ghoapi.azureedge.net"
SEAR,2004,rural,sanitation_safely_managed,13.8153,"WHO Global Health Observatory (JMP), ghoapi.azureedge.net"
SEAR,2004,rural,water_basic,79.5671,"WHO Global Health Observatory (JMP), ghoapi.azureedge.net"
SEAR,2004,rural,water_safely_managed,38.8327,"WHO Global Health Observatory (JMP), ghoapi.azureedge.net"
SEAR,2004,total,open_defecation,50.3747,"WHO Global Health Observatory (JMP), ghoapi.azureedge.net"
SEAR,2004,total,sanitation_basic,31.814,"WHO Global Health Observatory (JMP), ghoapi.azureedge.net"
SEAR,2004,total,sanitation_safely_managed,19.0817,"WHO Global Health Observatory (JMP), ghoapi.azureedge.net"
SEAR,2004,total,water_basic,83.4118,"WHO Global Health Observatory (JMP), ghoapi.azureedge.net"
SEAR,2004,total,water_safely_managed,48.4754,"WHO Global Health Observatory (JMP), ghoapi.azureedge.net"
SEAR,2004,urban,open_defecation,16.7739,"WHO Global Health Observatory (JMP), ghoapi.azureedge.net"
SEAR,2004,urban,sanitation_basic,56.6335,"WHO Global Health Observatory (JMP), ghoapi.azureedge.net"
SEAR,2004,urban,sanitation_safely_managed,31.9541,"WHO Global Health Observatory (JMP), ghoapi.azureedge.net"
SEAR,2004,urban,water_basic,92.8093,"WHO Global Health Observatory (JMP), ghoapi.azureedge.net"
SEAR,2004,urban,water_safely_managed,72.045,"WHO Global Health Observatory (JMP), ghoapi.azureedge.net"
SEAR,2005,rural,open_defecation,61.4434,"WHO Global Health Observatory (JMP), ghoapi.azureedge.net"
SEAR,2005,rural,sanitation_basic,24.305,"WHO Global Health Observatory (JMP), ghoapi.azureedge.net"
SEAR,2005,rural,sanitation_safely_managed,16.0426,"WHO Global Health Observatory (JMP), ghoapi.azureedge.net"
SEAR,2005,rural,water_basic,80.2977,"WHO Global Health Observatory (JMP), ghoapi.azureedge.net"
SEAR,2005,rural,water_safely_managed,40.3515,"WHO Global Health Observatory (JMP), ghoapi.azureedge.net"
SEAR,2005,total,open_defecation,48.0418,"WHO Global Health Observatory (JMP), ghoapi.azureedge.net"
SEAR,2005,total,sanitation_basic,34.2057,"WHO Global Health Observatory (JMP), ghoapi.azureedge.net"
SEAR,2005,total,sanitation_safely_managed,20.9521,"WHO Global Health Observatory (JMP), ghoapi.azureedge.net"
SEAR,2005,total,water_basic,84.0502,"WHO Global Health Observatory (JMP), ghoapi.azureedge.net"
SEAR,2005,total,water_safely_managed,49.8628,"WHO Global Health Observatory (JMP), ghoapi.azureedge.net"
SEAR,2005,urban,open_defecation,15.8975,"WHO Global Health Observatory (JMP), ghoapi.azureedge.net"
SEAR,2005,urban,sanitation_basic,57.953,"WHO Global Health Observatory (JMP), ghoapi.azureedge.net"
SEAR,2005,urban,sanitation_safely_managed,32.7279,"WHO Global Health Observatory (JMP), ghoapi.azureedge.net"
SEAR,2005,urban,water_basic,93.0509,"WHO Global Health Observatory (JMP), ghoapi.azureedge.net"
SEAR,2005,urban,water_safely_managed,72.6763,"WHO Global Health Observatory (JMP), ghoapi.azureedge.net"
SEAR,2006,rural,open_defecation,58.7561,"WHO Global Health Observatory (JMP), ghoapi.azureedge.net"
SEAR,2006,rural,sanitation_basic,26.9866,"WHO Global Health Observatory (JMP), ghoapi.azureedge.net"
SEAR,2006,rural,sanitation_safely_managed,18.2983,"WHO Global Health Observatory (JMP), ghoapi.azureedge.net"
SEAR,2006,rural,water_basic,81.0316,"WHO Global Health Observatory (JMP), ghoapi.azureedge.net"
SEAR,2006,rural,water_safely_managed,41.9066,"WHO Global Health Observatory (JMP), ghoapi.azureedge.net"
SEAR,2006,total,open_defecation,45.7151,"WHO Global Health Observatory (JMP), ghoapi.azureedge.net"
SEAR,2006,total,sanitation_basic,36.6193,"WHO Global Health Observatory (JMP), ghoapi.azureedge.net"
SEAR,2006,total,sanitation_safely_managed,22.8342,"WHO Global Health Observatory (JMP), ghoapi.azureedge.net"
SEAR,2006,total,water_basic,84.6875,"WHO Global Health Observatory (JMP), ghoapi.azureedge.net"
SEAR,2006,total,water_safely_managed,51.2714,"WHO Global Health Observatory (JMP), ghoapi.azureedge.net"
SEAR,2006,urban,open_defecation,15.0215,"WHO Global Health Observatory (JMP), ghoapi.azureedge.net"
SEAR,2006,urban,sanitation_basic,59.2912,"WHO Global Health Observatory (JMP), ghoapi.azureedge.net"
SEAR,2006,urban,sanitation_safely_managed,33.51,"WHO Global Health Observatory (JMP), ghoapi.azureedge.net"
SEAR,2006,urban,water_basic,93.2919,"WHO Global Health Observatory (JMP), ghoapi.azureedge.net"
SEAR,2006,urban,water_safely_managed,73.3128,"WHO Global Health Observatory (JMP), ghoapi.azureedge.net"
SEAR,2007,rural,open_defecation,56.0589,"WHO Global Health Observatory (JMP), ghoapi.azureedge.net"
SEAR,2007,rural,sanitation_basic,29.709,"WHO Global Health Observatory (JMP), ghoapi.azureedge.net"
SEAR,2007,rural,sanitation_safely_managed,20.5886,"WHO Global Health Observatory (JMP), ghoapi.azureedge.net"
SEAR,2007,rural,water_basic,81.7693,"WHO Global Health Observatory (JMP), ghoapi.azureedge.net"
SEAR,2007,rural,water_safely_managed,43.4861,"WHO Global Health Observatory (JMP), ghoapi.azureedge.net"
SEAR,2007,total,open_defecation,43.3942,"WHO Global Health Observatory (JMP), ghoapi.azureedge.net"
SEAR,2007,total,sanitation_basic,39.0657,"WHO Global Health Observatory (JMP), ghoapi.azureedge.net"
SEAR,2007,total,sanitation_safely_managed,24.7695,"WHO Global Health Observatory (JMP), ghoapi.azureedge.net"
SEAR,2007,total,water_basic,85.3237,"WHO Global Health Observatory (JMP), ghoapi.azureedge.net"
SEAR,2007,total,water_safely_managed,52.6914,"WHO Global Health Observatory (JMP), ghoapi.azureedge.net"
SEAR,2007,urban,open_defecation,14.146,"WHO Global Health Observatory (JMP), ghoapi.azureedge.net"
SEAR,2007,urban,sanitation_basic,60.6743,"WHO Global Health Observatory (JMP), ghoapi.azureedge.net"
SEAR,2007,urban,sanitation_safely_managed,34.4251,"WHO Global Health Observatory (JMP), ghoapi.azureedge.net"
SEAR,2007,urban,water_basic,93.5323,"WHO Global Health Observatory (JMP), ghoapi.azureedge.net"
SEAR,2007,urban,water_safely_managed,73.9503,"WHO Global Health Observatory (JMP), ghoapi.azureedge.net"
SEAR,2008,rural,open_defecation,53.353,"WHO Global Health Observatory (JMP), ghoapi.azureedge.net"
SEAR,2008,rural,sanitation_basic,32.4666,"WHO Global Health Observatory (JMP), ghoapi.azureedge.net"
SEAR,2008,rural,sanitation_safely_managed,22.888,"WHO Global Health Observatory (JMP), ghoapi.azureedge.net"
SEAR,2008,rural,water_basic,82.5121,"WHO Global Health Observatory (JMP), ghoapi.azureedge.net"
SEAR,2008,rural,water_safely_managed,45.091,"WHO Global Health Observatory (JMP), ghoapi.azureedge.net"
SEAR,2008,total,open_defecation,41.0802,"WHO Global Health Observatory (JMP), ghoapi.azureedge.net"
SEAR,2008,total,sanitation_basic,41.5323,"WHO Global Health Observatory (JMP), ghoapi.azureedge.net"
SEAR,2008,total,sanitation_safely_managed,26.7045,"WHO Global Health Observatory (JMP), ghoapi.azureedge.net"
SEAR,2008,total,water_basic,85.96,"WHO Global Health Observatory (JMP), ghoapi.azureedge.net"
SEAR,2008,total,water_safely_managed,54.1232,"WHO Global Health Observatory (JMP), ghoapi.azureedge.net"
SEAR,2008,urban,open_defecation,13.2713,"WHO Global Health Observatory (JMP), ghoapi.azureedge.net"
SEAR,2008,urban,sanitation_basic,62.0742,"WHO Global Health Observatory (JMP), ghoapi.azureedge.net"
SEAR,2008,urban,sanitation_safely_managed,35.3524,"WHO Global Health Observatory (JMP), ghoapi.azureedge.net"
SEAR,2008,urban,water_basic,93.7728,"WHO Global Health Observatory (JMP), ghoapi.azureedge.net"
SEAR,2008,urban,water_safely_managed,74.5895,"WHO Global Health Observatory (JMP), ghoapi.azureedge.net"
SEAR,2009,rural,open_defecation,50.643,"WHO Global Health Observatory (JMP), ghoapi.azureedge.net"
SEAR,2009,rural,sanitation_basic,35.2579,"WHO Global Health Observatory (JMP), ghoapi.azureedge.net"
SEAR,2009,rural,sanitation_safely_managed,25.2051,"WHO Global Health Observatory (JMP), ghoapi.azureedge.net"
SEAR,2009,rural,water_basic,83.258,"WHO Global Health Observatory (JMP), ghoapi.azureedge.net"
SEAR,2009,rural,water_safely_managed,46.7189,"WHO Global Health Observatory (JMP), ghoapi.azureedge.net"
SEAR,2009,total,open_defecation,38.7775,"WHO Global Health Observatory (JMP), ghoapi.azureedge.net"
SEAR,2009,total,sanitation_basic,44.0154,"WHO Global Health Observatory (JMP), ghoapi.azureedge.net"
SEAR,2009,total,sanitation_safely_managed,28.6452,"WHO Global Health Observatory (JMP), ghoapi.azureedge.net"
SEAR,2009,total,water_basic,86.5945,"WHO Global Health Observatory (JMP), ghoapi.azureedge.net"
SEAR,2009,total,water_safely_managed,55.5642,"WHO Global Health Observatory (JMP), ghoapi.azureedge.net"
SEAR,2009,urban,open_defecation,12.398,"WHO Global Health Observatory (JMP), ghoapi.azureedge.net"
SEAR,2009,urban,sanitation_basic,63.4853,"WHO Global Health Observatory (JMP), ghoapi.azureedge.net"
SEAR,2009,urban,sanitation_safely_managed,36.2931,"WHO Global Health Observatory (JMP), ghoapi.azureedge.net"
SEAR,2009,urban,water_basic,94.0125,"WHO Global Health Observatory (JMP), ghoapi.azureedge.net"
SEAR,2009,urban,water_safely_managed,75.2293,"WHO Global Health Observatory (JMP), ghoapi.azureedge.net"
SEAR,2010,rural,handwashing_basic,43.9097,"WHO Global Health Observatory (JMP), ghoapi.azureedge.net"
SEAR,2010,rural,open_defecation,47.9255,"WHO Global Health Observatory (JMP), ghoapi.azureedge.net"
SEAR,2010,rural,sanitation_basic,38.0841,"WHO Global Health Observatory (JMP), ghoapi.azureedge.net"
SEAR,2010,rural,sanitation_safely_managed,27.5546,"WHO Global Health Observatory (JMP), ghoapi.azureedge.net"
SEAR,2010,rural,water_basic,84.0054,"WHO Global Health Observatory (JMP), ghoapi.azureedge.net"
SEAR,2010,rural,water_safely_managed,48.368,"WHO Global Health Observatory (JMP), ghoapi.azureedge.net"
SEAR,2010,total,handwashing_basic,53.0252,"WHO Global Health Observatory (JMP), ghoapi.azureedge.net"
SEAR,2010,total,open_defecation,36.4839,"WHO Global Health Observatory (JMP), ghoapi.azureedge.net"
SEAR,2010,total,sanitation_basic,46.5173,"WHO Global Health Observatory (JMP), ghoapi.azureedge.net"
SEAR,2010,total,sanitation_safely_managed,30.6034,"WHO Global Health Observatory (JMP), ghoapi.azureedge.net"
SEAR,2010,total,water_basic,87.2258,"WHO Global Health Observatory (JMP), ghoapi.azureedge.net"
SEAR,2010,total,water_safely_managed,57.0122,"WHO Global Health Observatory (JMP), ghoapi.azureedge.net"
SEAR,2010,urban,handwashing_basic,72.9093,"WHO Global Health Observatory (JMP), ghoapi.azureedge.net"
SEAR,2010,urban,open_defecation,11.5259,"WHO Global Health Observatory (JMP), ghoapi.azureedge.net"
SEAR,2010,urban,sanitation_basic,64.9129,"WHO Global Health Observatory (JMP), ghoapi.azureedge.net"
SEAR,2010,urban,sanitation_safely_managed,37.2537,"WHO Global Health Observatory (JMP), ghoapi.azureedge.net"
SEAR,2010,urban,water_basic,94.2506,"WHO Global Health Observatory (JMP), ghoapi.azureedge.net"
SEAR,2010,urban,water_safely_managed,75.8681,"WHO Global Health Observatory (JMP), ghoapi.azureedge.net"
SEAR,2011,rural,handwashing_basic,44.3326,"WHO Global Health Observatory (JMP), ghoapi.azureedge.net"
SEAR,2011,rural,open_defecation,45.1804,"WHO Global Health Observatory (JMP), ghoapi.azureedge.net"
SEAR,2011,rural,sanitation_basic,40.9635,"WHO Global Health Observatory (JMP), ghoapi.azureedge.net"
SEAR,2011,rural,sanitation_safely_managed,29.9319,"WHO Global Health Observatory (JMP), ghoapi.azureedge.net"
SEAR,2011,rural,water_basic,84.7611,"WHO Global Health Observatory (JMP), ghoapi.azureedge.net"
SEAR,2011,rural,water_safely_managed,50.0565,"WHO Global Health Observatory (JMP), ghoapi.azureedge.net"
SEAR,2011,total,handwashing_basic,53.5073,"WHO Global Health Observatory (JMP), ghoapi.azureedge.net"
SEAR,2011,total,open_defecation,34.1946,"WHO Global Health Observatory (JMP), ghoapi.azureedge.net"
SEAR,2011,total,sanitation_basic,49.0389,"WHO Global Health Observatory (JMP), ghoapi.azureedge.net"
SEAR,2011,total,sanitation_safely_managed,32.5759,"WHO Global Health Observatory (JMP), ghoapi.azureedge.net"
SEAR,2011,total,water_basic,87.8558,"WHO Global Health Observatory (JMP), ghoapi.azureedge.net"
SEAR,2011,total,water_safely_managed,58.4701,"WHO Global Health Observatory (JMP), ghoapi.azureedge.net"
SEAR,2011,urban,handwashing_basic,73.1618,"WHO Global Health Observatory (JMP), ghoapi.azureedge.net"
SEAR,2011,urban,open_defecation,10.6604,"WHO Global Health Observatory (JMP), ghoapi.azureedge.net"
SEAR,2011,urban,sanitation_basic,66.3383,"WHO Global Health Observatory (JMP), ghoapi.azureedge.net"
SEAR,2011,urban,sanitation_safely_managed,38.24,"WHO Global Health Observatory (JMP), ghoapi.azureedge.net"
SEAR,2011,urban,water_basic,94.4854,"WHO Global Health Observatory (JMP), ghoapi.azureedge.net"
SEAR,2011,urban,water_safely_managed,76.494,"WHO Global Health Observatory (JMP), ghoapi.azureedge.net"
SEAR,2012,rural,handwashing_basic,44.7219,"WHO Global Health Observatory (JMP), ghoapi.azureedge.net"
SEAR,2012,rural,open_defecation,42.4175,"WHO Global Health Observatory (JMP), ghoapi.azureedge.net"
SEAR,2012,rural,sanitation_basic,43.8829,"WHO Global Health Observatory (JMP), ghoapi.azureedge.net"
SEAR,2012,rural,sanitation_safely_managed,32.3377,"WHO Global Health Observatory (JMP), ghoapi.azureedge.net"
SEAR,2012,rural,water_basic,85.5226,"WHO Global Health Observatory (JMP), ghoapi.azureedge.net"
SEAR,2012,rural,water_safely_managed,51.7753,"WHO Global Health Observatory (JMP), ghoapi.azureedge.net"
SEAR,2012,total,handwashing_basic,53.9599,"WHO Global Health Observatory (JMP), ghoapi.azureedge.net"
SEAR,2012,total,open_defecation,31.906,"WHO Global Health Observatory (JMP), ghoapi.azureedge.net"
SEAR,2012,total,sanitation_basic,51.5824,"WHO Global Health Observatory (JMP), ghoapi.azureedge.net"
SEAR,2012,total,sanitation_safely_managed,34.5637,"WHO Global Health Observatory (JMP), ghoapi.azureedge.net"
SEAR,2012,total,water_basic,88.486,"WHO Global Health Observatory (JMP), ghoapi.azureedge.net"
SEAR,2012,total,water_safely_managed,59.9416,"WHO Global Health Observatory (JMP), ghoapi.azureedge.net"
SEAR,2012,urban,handwashing_basic,73.3921,"WHO Global Health Observatory (JMP), ghoapi.azureedge.net"
SEAR,2012,urban,open_defecation,9.795,"WHO Global Health Observatory (JMP), ghoapi.azureedge.net"
SEAR,2012,urban,sanitation_basic,67.7781,"WHO Global Health Observatory (JMP), ghoapi.azureedge.net"
SEAR,2012,urban,sanitation_safely_managed,39.2462,"WHO Global Health Observatory (JMP), ghoapi.azureedge.net"
SEAR,2012,urban,water_basic,94.7196,"WHO Global Health Observatory (JMP), ghoapi.azureedge.net"
SEAR,2012,urban,water_safely_managed,77.1193,"WHO Global Health Observatory (JMP), ghoapi.azureedge.net"
SEAR,2013,rural,handwashing_basic,45.8333,"WHO Global Health Observatory (JMP), ghoapi.azureedge.net"
SEAR,2013,rural,open_defecation,39.6439,"WHO Global Health Observatory (JMP), ghoapi.azureedge.net"
SEAR,2013,rural,sanitation_basic,46.8374,"WHO Global Health Observatory (JMP), ghoapi.azureedge.net"
SEAR,2013,rural,sanitation_safely_managed,34.7782,"WHO Global Health Observatory (JMP), ghoapi.azureedge.net"
SEAR,2013,rural,water_basic,86.2886,"WHO Global Health Observatory (JMP), ghoapi.azureedge.net"
SEAR,2013,rural,water_safely_managed,53.5202,"WHO Global Health Observatory (JMP), ghoapi.azureedge.net"
SEAR,2013,total,handwashing_basic,54.9581,"WHO Global Health Observatory (JMP), ghoapi.azureedge.net"
SEAR,2013,total,open_defecation,29.6223,"WHO Global Health Observatory (JMP), ghoapi.azureedge.net"
SEAR,2013,total,sanitation_basic,54.1458,"WHO Global Health Observatory (JMP), ghoapi.azureedge.net"
SEAR,2013,total,sanitation_safely_managed,36.5707,"WHO Global Health Observatory (JMP), ghoapi.azureedge.net"
SEAR,2013,total,water_basic,89.1158,"WHO Global Health Observatory (JMP), ghoapi.azureedge.net"
SEAR,2013,total,water_safely_managed,61.4247,"WHO Global Health Observatory (JMP), ghoapi.azureedge.net"
SEAR,2013,urban,handwashing_basic,73.7996,"WHO Global Health Observatory (JMP), ghoapi.azureedge.net"
SEAR,2013,urban,open_defecation,8.929,"WHO Global Health Observatory (JMP), ghoapi.azureedge.net"
SEAR,2013,urban,sanitation_basic,69.2368,"WHO Global Health Observatory (JMP), ghoapi.azureedge.net"
SEAR,2013,urban,sanitation_safely_managed,40.2718,"WHO Global Health Observatory (JMP), ghoapi.azureedge.net"
SEAR,2013,urban,water_basic,94.9536,"WHO Global Health Observatory (JMP), ghoapi.azureedge.net"
SEAR,2013,urban,water_safely_managed,77.7463,"WHO Global Health Observatory (JMP), ghoapi.azureedge.net"
SEAR,2014,rural,handwashing_basic,46.2345,"WHO Global Health Observatory (JMP), ghoapi.azureedge.net"
SEAR,2014,rural,open_defecation,36.8599,"WHO Global Health Observatory (JMP), ghoapi.azureedge.net"
SEAR,2014,rural,sanitation_basic,49.8258,"WHO Global Health Observatory (JMP), ghoapi.azureedge.net"
SEAR,2014,rural,sanitation_safely_managed,37.2934,"WHO Global Health Observatory (JMP), ghoapi.azureedge.net"
SEAR,2014,rural,water_basic,87.0593,"WHO Global Health Observatory (JMP), ghoapi.azureedge.net"
SEAR,2014,rural,water_safely_managed,55.2915,"WHO Global Health Observatory (JMP), ghoapi.azureedge.net"
SEAR,2014,total,handwashing_basic,55.4288,"WHO Global Health Observatory (JMP), ghoapi.azureedge.net"
SEAR,2014,total,open_defecation,27.344,"WHO Global Health Observatory (JMP), ghoapi.azureedge.net"
SEAR,2014,total,sanitation_basic,56.7279,"WHO Global Health Observatory (JMP), ghoapi.azureedge.net"
SEAR,2014,total,sanitation_safely_managed,38.623,"WHO Global Health Observatory (JMP), ghoapi.azureedge.net"
SEAR,2014,total,water_basic,89.7452,"WHO Global Health Observatory (JMP), ghoapi.azureedge.net"
SEAR,2014,total,water_safely_managed,62.9192,"WHO Global Health Observatory (JMP), ghoapi.azureedge.net"
SEAR,2014,urban,handwashing_basic,74.0589,"WHO Global Health Observatory (JMP), ghoapi.azureedge.net"
SEAR,2014,urban,open_defecation,8.0622,"WHO Global Health Observatory (JMP), ghoapi.azureedge.net"
SEAR,2014,urban,sanitation_basic,70.7137,"WHO Global Health Observatory (JMP), ghoapi.azureedge.net"
SEAR,2014,urban,sanitation_safely_managed,41.3171,"WHO Global Health Observatory (JMP), ghoapi.azureedge.net"
SEAR,2014,urban,water_basic,95.1875,"WHO Global Health Observatory (JMP), ghoapi.azureedge.net"
SEAR,2014,urban,water_safely_managed,78.3751,"WHO Global Health Observatory (JMP), ghoapi.azureedge.net"
SEAR,2015,rural,handwashing_basic,50.32,"WHO Global Health Observatory (JMP), ghoapi.azureedge.net"
SEAR,2015,rural,open_defecation,34.0665,"WHO Global Health Observatory (JMP), ghoapi.azureedge.net"
SEAR,2015,rural,sanitation_basic,52.8472,"WHO Global Health Observatory (JMP), ghoapi.azureedge.net"
SEAR,2015,rural,sanitation_safely_managed,39.8401,"WHO Global Health Observatory (JMP), ghoapi.azureedge.net"
SEAR,2015,rural,water_basic,87.8348,"WHO Global Health Observatory (JMP), ghoapi.azureedge.net"
SEAR,2015,rural,water_safely_managed,57.0891,"WHO Global Health Observatory (JMP), ghoapi.azureedge.net"
SEAR,2015,total,handwashing_basic,58.981,"WHO Global Health Observatory (JMP), ghoapi.azureedge.net"
SEAR,2015,total,open_defecation,25.0727,"WHO Global Health Observatory (JMP), ghoapi.azureedge.net"
SEAR,2015,total,sanitation_basic,59.3273,"WHO Global Health Observatory (JMP), ghoapi.azureedge.net"
SEAR,2015,total,sanitation_safely_managed,40.6908,"WHO Global Health Observatory (JMP), ghoapi.azureedge.net"
SEAR,2015,total,water_basic,90.3739,"WHO Global Health Observatory (JMP), ghoapi.azureedge.net"
SEAR,2015,total,water_safely_managed,64.4243,"WHO Global Health Observatory (JMP), ghoapi.azureedge.net"
SEAR,2015,urban,handwashing_basic,76.1974,"WHO Global Health Observatory (JMP), ghoapi.azureedge.net"
SEAR,2015,urban,open_defecation,7.1948,"WHO Global Health Observatory (JMP), ghoapi.azureedge.net"
SEAR,2015,urban,sanitation_basic,72.2085,"WHO Global Health Observatory (JMP), ghoapi.azureedge.net"
SEAR,2015,urban,sanitation_safely_managed,42.3817,"WHO Global Health Observatory (JMP), ghoapi.azureedge.net"
SEAR,2015,urban,water_basic,95.4211,"WHO Global Health Observatory (JMP), ghoapi.azureedge.net"
SEAR,2015,urban,water_safely_managed,79.0054,"WHO Global Health Observatory (JMP), ghoapi.azureedge.net"
SEAR,2016,rural,handwashing_basic,54.4092,"WHO Global Health Observatory (JMP), ghoapi.azureedge.net"
SEAR,2016,rural,open_defecation,31.2669,"WHO Global Health Observatory (JMP), ghoapi.azureedge.net"
SEAR,2016,rural,sanitation_basic,55.9006,"WHO Global Health Observatory (JMP), ghoapi.azureedge.net"
SEAR,2016,rural,sanitation_safely_managed,42.4194,"WHO Global Health Observatory (JMP), ghoapi.azureedge.net"
SEAR,2016,rural,water_basic,88.615,"WHO Global Health Observatory (JMP), ghoapi.azureedge.net"
SEAR,2016,rural,water_safely_managed,58.9116,"WHO Global Health Observatory (JMP), ghoapi.azureedge.net"
SEAR,2016,total,handwashing_basic,62.5233,"WHO Global Health Observatory (JMP), ghoapi.azureedge.net"
SEAR,2016,total,open_defecation,22.8108,"WHO Global Health Observatory (JMP), ghoapi.azureedge.net"
SEAR,2016,total,sanitation_basic,61.9431,"WHO Global Health Observatory (JMP), ghoapi.azureedge.net"
SEAR,2016,total,sanitation_safely_managed,42.7744,"WHO Global Health Observatory (JMP), ghoapi.azureedge.net"
SEAR,2016,total,water_basic,91.0018,"WHO Global Health Observatory (JMP), ghoapi.azureedge.net"
SEAR,2016,total,water_safely_managed,65.9387,"WHO Global Health Observatory (JMP), ghoapi.azureedge.net"
SEAR,2016,urban,handwashing_basic,78.3405,"WHO Global Health Observatory (JMP), ghoapi.azureedge.net"
SEAR,2016,urban,open_defecation,6.327,"WHO Global Health Observatory (JMP), ghoapi.azureedge.net"
SEAR,2016,urban,sanitation_basic,73.722,"WHO Global Health Observatory (JMP), ghoapi.azureedge.net"
SEAR,2016,urban,sanitation_safely_managed,43.4666,"WHO Global Health Observatory (JMP), ghoapi.azureedge.net"
SEAR,2016,urban,water_basic,95.6545,"WHO Global Health Observatory (JMP), ghoapi.azureedge.net"
SEAR,2016,urban,water_safely_managed,79.6371,"WHO Global Health Observatory (JMP), ghoapi.azureedge.net"
SEAR,2017,rural,handwashing_basic,58.7349,"WHO Global Health Observatory (JMP), ghoapi.azureedge.net"
SEAR,2017,rural,open_defecation,28.461,"WHO Global Health Observatory (JMP), ghoapi.azureedge.net"
SEAR,2017,rural,sanitation_basic,58.9865,"WHO Global Health Observatory (JMP), ghoapi.azureedge.net"
SEAR,2017,rural,sanitation_safely_managed,45.025,"WHO Global Health Observatory (JMP), ghoapi.azureedge.net"
SEAR,2017,rural,water_basic,89.3997,"WHO Global Health Observatory (JMP), ghoapi.azureedge.net"
SEAR,2017,rural,water_safely_managed,60.7591,"WHO Global Health Observatory (JMP), ghoapi.azureedge.net"
SEAR,2017,total,handwashing_basic,66.3242,"WHO Global Health Observatory (JMP), ghoapi.azureedge.net"
SEAR,2017,total,open_defecation,20.5589,"WHO Global Health Observatory (JMP), ghoapi.azureedge.net"
SEAR,2017,total,sanitation_basic,64.5752,"WHO Global Health Observatory (JMP), ghoapi.azureedge.net"
SEAR,2017,total,sanitation_safely_managed,44.8611,"WHO Global Health Observatory (JMP), ghoapi.azureedge.net"
SEAR,2017,total,water_basic,91.6286,"WHO Global Health Observatory (JMP), ghoapi.azureedge.net"
SEAR,2017,total,water_safely_managed,67.4619,"WHO Global Health Observatory (JMP), ghoapi.azureedge.net"
SEAR,2017,urban,handwashing_basic,80.8267,"WHO Global Health Observatory (JMP), ghoapi.azureedge.net"
SEAR,2017,urban,open_defecation,5.4589,"WHO Global Health Observatory (JMP), ghoapi.azureedge.net"
SEAR,2017,urban,sanitation_basic,75.2546,"WHO Global Health Observatory (JMP), ghoapi.azureedge.net"
SEAR,2017,urban,sanitation_safely_managed,44.5481,"WHO Global Health Observatory (JMP), ghoapi.azureedge.net"
SEAR,2017,urban,water_basic,95.8878,"WHO Global Health Observatory (JMP), ghoapi.azureedge.net"
SEAR,2017,urban,water_safely_managed,80.2703,"WHO Global Health Observatory (JMP), ghoapi.azureedge.net"
SEAR,2018,rural,handwashing_basic,62.7949,"WHO Global Health Observatory (JMP), ghoapi.azureedge.net"
SEAR,2018,rural,open_defecation,25.6479,"WHO Global Health Observatory (JMP), ghoapi.azureedge.net"
SEAR,2018,rural,sanitation_basic,62.104,"WHO Global Health Observatory (JMP), ghoapi.azureedge.net"
SEAR,2018,rural,sanitation_safely_managed,47.6036,"WHO Global Health Observatory (JMP), ghoapi.azureedge.net"
SEAR,2018,rural,water_basic,90.1889,"WHO Global Health Observatory (JMP), ghoapi.azureedge.net"
SEAR,2018,rural,water_safely_managed,62.6318,"WHO Global Health Observatory (JMP), ghoapi.azureedge.net"
SEAR,2018,total,handwashing_basic,69.81,"WHO Global Health Observatory (JMP), ghoapi.azureedge.net"
SEAR,2018,total,open_defecation,18.3178,"WHO Global Health Observatory (JMP), ghoapi.azureedge.net"
SEAR,2018,total,sanitation_basic,67.2217,"WHO Global Health Observatory (JMP), ghoapi.azureedge.net"
SEAR,2018,total,sanitation_safely_managed,46.9215,"WHO Global Health Observatory (JMP), ghoapi.azureedge.net"
SEAR,2018,total,water_basic,92.2529,"WHO Global Health Observatory (JMP), ghoapi.azureedge.net"
SEAR,2018,total,water_safely_managed,68.9918,"WHO Global Health Observatory (JMP), ghoapi.azureedge.net"
SEAR,2018,urban,handwashing_basic,82.9466,"WHO Global Health Observatory (JMP), ghoapi.azureedge.net"
SEAR,2018,urban,open_defecation,4.5912,"WHO Global Health Observatory (JMP), ghoapi.azureedge.net"
SEAR,2018,urban,sanitation_basic,76.805,"WHO Global Health Observatory (JMP), ghoapi.azureedge.net"
SEAR,2018,urban,sanitation_safely_managed,45.6441,"WHO Global Health Observatory (JMP), ghoapi.azureedge.net"
SEAR,2018,urban,water_basic,96.1181,"WHO Global Health Observatory (JMP), ghoapi.azureedge.net"
SEAR,2018,urban,water_safely_managed,80.9018,"WHO Global Health Observatory (JMP), ghoapi.azureedge.net"
SEAR,2019,rural,handwashing_basic,66.8558,"WHO Global Health Observatory (JMP), ghoapi.azureedge.net"
SEAR,2019,rural,open_defecation,22.8253,"WHO Global Health Observatory (JMP), ghoapi.azureedge.net"
SEAR,2019,rural,sanitation_basic,65.2522,"WHO Global Health Observatory (JMP), ghoapi.azureedge.net"
SEAR,2019,rural,sanitation_safely_managed,50.1972,"WHO Global Health Observatory (JMP), ghoapi.azureedge.net"
SEAR,2019,rural,water_basic,90.9803,"WHO Global Health Observatory (JMP), ghoapi.azureedge.net"
SEAR,2019,rural,water_safely_managed,64.5268,"WHO Global Health Observatory (JMP), ghoapi.azureedge.net"
SEAR,2019,total,handwashing_basic,73.281,"WHO Global Health Observatory (JMP), ghoapi.azureedge.net"
SEAR,2019,total,open_defecation,16.0866,"WHO Global Health Observatory (JMP), ghoapi.azureedge.net"
SEAR,2019,total,sanitation_basic,69.8804,"WHO Global Health Observatory (JMP), ghoapi.azureedge.net"
SEAR,2019,total,sanitation_safely_managed,48.9853,"WHO Global Health Observatory (JMP), ghoapi.azureedge.net"
SEAR,2019,total,water_basic,92.8737,"WHO Global Health Observatory (JMP), ghoapi.azureedge.net"
SEAR,2019,total,water_safely_managed,70.5261,"WHO Global Health Observatory (JMP), ghoapi.azureedge.net"
SEAR,2019,urban,handwashing_basic,85.0695,"WHO Global Health Observatory (JMP), ghoapi.azureedge.net"
SEAR,2019,urban,open_defecation,3.7228,"WHO Global Health Observatory (JMP), ghoapi.azureedge.net"
SEAR,2019,urban,sanitation_basic,78.3719,"WHO Global Health Observatory (JMP), ghoapi.azureedge.net"
SEAR,2019,urban,sanitation_safely_managed,46.7618,"WHO Global Health Observatory (JMP), ghoapi.azureedge.net"
SEAR,2019,urban,water_basic,96.3476,"WHO Global Health Observatory (JMP), ghoapi.azureedge.net"
SEAR,2019,urban,water_safely_managed,81.5332,"WHO Global Health Observatory (JMP), ghoapi.azureedge.net"
SEAR,2020,rural,handwashing_basic,70.9173,"WHO Global Health Observatory (JMP), ghoapi.azureedge.net"
SEAR,2020,rural,open_defecation,19.9644,"WHO Global Health Observatory (JMP), ghoapi.azureedge.net"
SEAR,2020,rural,sanitation_basic,68.2963,"WHO Global Health Observatory (JMP), ghoapi.azureedge.net"
SEAR,2020,rural,sanitation_safely_managed,52.7035,"WHO Global Health Observatory (JMP), ghoapi.azureedge.net"
SEAR,2020,rural,water_basic,91.7758,"WHO Global Health Observatory (JMP), ghoapi.azureedge.net"
SEAR,2020,rural,water_safely_managed,66.4447,"WHO Global Health Observatory (JMP), ghoapi.azureedge.net"
SEAR,2020,total,handwashing_basic,76.7367,"WHO Global Health Observatory (JMP), ghoapi.azureedge.net"
SEAR,2020,total,open_defecation,13.8472,"WHO Global Health Observatory (JMP), ghoapi.azureedge.net"
SEAR,2020,total,sanitation_basic,72.4569,"WHO Global Health Observatory (JMP), ghoapi.azureedge.net"
SEAR,2020,total,sanitation_safely_managed,50.9635,"WHO Global Health Observatory (JMP), ghoapi.azureedge.net"
SEAR,2020,total,water_basic,93.492,"WHO Global Health Observatory (JMP), ghoapi.azureedge.net"
SEAR,2020,total,water_safely_managed,72.0648,"WHO Global Health Observatory (JMP), ghoapi.azureedge.net"
SEAR,2020,urban,handwashing_basic,87.1952,"WHO Global Health Observatory (JMP), ghoapi.azureedge.net"
SEAR,2020,urban,open_defecation,2.8534,"WHO Global Health Observatory (JMP), ghoapi.azureedge.net"
SEAR,2020,urban,sanitation_basic,79.9342,"WHO Global Health Observatory (JMP), ghoapi.azureedge.net"
SEAR,2020,urban,sanitation_safely_managed,47.8363,"WHO Global Health Observatory (JMP), ghoapi.azureedge.net"
SEAR,2020,urban,water_basic,96.5762,"WHO Global Health Observatory (JMP), ghoapi.azureedge.net"
SEAR,2020,urban,water_safely_managed,82.1652,"WHO Global Health Observatory (JMP), ghoapi.azureedge.net"
SEAR,2021,rural,handwashing_basic,75.0257,"WHO Global Health Observatory (JMP), ghoapi.azureedge.net"
SEAR,2021,rural,open_defecation,17.1688,"WHO Global Health Observatory (JMP), ghoapi.azureedge.net"
SEAR,2021,rural,sanitation_basic,71.3144,"WHO Global Health Observatory (JMP), ghoapi.azureedge.net"
SEAR,2021,rural,sanitation_safely_managed,55.1755,"WHO Global Health Observatory (JMP), ghoapi.azureedge.net"
SEAR,2021,rural,water_basic,92.5985,"WHO Global Health Observatory (JMP), ghoapi.azureedge.net"
SEAR,2021,rural,water_safely_managed,68.4033,"WHO Global Health Observatory (JMP), ghoapi.azureedge.net"
SEAR,2021,total,handwashing_basic,80.217,"WHO Global Health Observatory (JMP), ghoapi.azureedge.net"
SEAR,2021,total,open_defecation,11.6733,"WHO Global Health Observatory (JMP), ghoapi.azureedge.net"
SEAR,2021,total,sanitation_basic,75.0108,"WHO Global Health Observatory (JMP), ghoapi.azureedge.net"
SEAR,2021,total,sanitation_safely_managed,52.9138,"WHO Global Health Observatory (JMP), ghoapi.azureedge.net"
SEAR,2021,total,water_basic,94.1177,"WHO Global Health Observatory (JMP), ghoapi.azureedge.net"
SEAR,2021,total,water_safely_managed,73.6202,"WHO Global Health Observatory (JMP), ghoapi.azureedge.net"
SEAR,2021,urban,handwashing_basic,89.3521,"WHO Global Health Observatory (JMP), ghoapi.azureedge.net"
SEAR,2021,urban,open_defecation,2.0031,"WHO Global Health Observatory (JMP), ghoapi.azureedge.net"
SEAR,2021,urban,sanitation_basic,81.5153,"WHO Global Health Observatory (JMP), ghoapi.azureedge.net"
SEAR,2021,urban,sanitation_safely_managed,48.934,"WHO Global Health Observatory (JMP), ghoapi.azureedge.net"
SEAR,2021,urban,water_basic,96.7912,"WHO Global Health Observatory (JMP), ghoapi.azureedge.net"
SEAR,2021,urban,water_safely_managed,82.8004,"WHO Global Health Observatory (JMP), ghoapi.azureedge.net"
SEAR,2022,rural,handwashing_basic,79.0838,"WHO Global Health Observatory (JMP), ghoapi.azureedge.net"
SEAR,2022,rural,open_defecation,14.3917,"WHO Global Health Observatory (JMP), ghoapi.azureedge.net"
SEAR,2022,rural,sanitation_basic,74.3173,"WHO Global Health Observatory (JMP), ghoapi.azureedge.net"
SEAR,2022,rural,sanitation_safely_managed,57.64,"WHO Global Health Observatory (JMP), ghoapi.azureedge.net"
SEAR,2022,rural,water_basic,93.3221,"WHO Global Health Observatory (JMP), ghoapi.azureedge.net"
SEAR,2022,rural,water_safely_managed,70.2916,"WHO Global Health Observatory (JMP), ghoapi.azureedge.net"
SEAR,2022,total,handwashing_basic,83.6371,"WHO Global Health Observatory (JMP), ghoapi.azureedge.net"
SEAR,2022,total,open_defecation,9.5287,"WHO Global Health Observatory (JMP), ghoapi.azureedge.net"
SEAR,2022,total,sanitation_basic,77.5484,"WHO Global Health Observatory (JMP), ghoapi.azureedge.net"
SEAR,2022,total,sanitation_safely_managed,54.8604,"WHO Global Health Observatory (JMP), ghoapi.azureedge.net"
SEAR,2022,total,water_basic,94.6695,"WHO Global Health Observatory (JMP), ghoapi.azureedge.net"
SEAR,2022,total,water_safely_managed,75.1005,"WHO Global Health Observatory (JMP), ghoapi.azureedge.net"
SEAR,2022,urban,handwashing_basic,91.4793,"WHO Global Health Observatory (JMP), ghoapi.azureedge.net"
SEAR,2022,urban,open_defecation,1.1533,"WHO Global Health Observatory (JMP), ghoapi.azureedge.net"
SEAR,2022,urban,sanitation_basic,83.1133,"WHO Global Health Observatory (JMP), ghoapi.azureedge.net"
SEAR,2022,urban,sanitation_safely_managed,50.0732,"WHO Global Health Observatory (JMP), ghoapi.azureedge.net"
SEAR,2022,urban,water_basic,96.99,"WHO Global Health Observatory (JMP), ghoapi.azureedge.net"
SEAR,2022,urban,water_safely_managed,83.3826,"WHO Global Health Observatory (JMP), ghoapi.azureedge.net"
SEAR,2023,rural,handwashing_basic,83.1504,"WHO Global Health Observatory (JMP), ghoapi.azureedge.net"
SEAR,2023,rural,open_defecation,11.6298,"WHO Global Health Observatory (JMP), ghoapi.azureedge.net"
SEAR,2023,rural,sanitation_basic,77.3225,"WHO Global Health Observatory (JMP), ghoapi.azureedge.net"
SEAR,2023,rural,sanitation_safely_managed,60.1028,"WHO Global Health Observatory (JMP), ghoapi.azureedge.net"
SEAR,2023,rural,water_basic,94.044,"WHO Global Health Observatory (JMP), ghoapi.azureedge.net"
SEAR,2023,rural,water_safely_managed,72.1982,"WHO Global Health Observatory (JMP), ghoapi.azureedge.net"
SEAR,2023,total,handwashing_basic,87.0473,"WHO Global Health Observatory (JMP), ghoapi.azureedge.net"
SEAR,2023,total,open_defecation,7.4114,"WHO Global Health Observatory (JMP), ghoapi.azureedge.net"
SEAR,2023,total,sanitation_basic,80.0805,"WHO Global Health Observatory (JMP), ghoapi.azureedge.net"
SEAR,2023,total,sanitation_safely_managed,56.8006,"WHO Global Health Observatory (JMP), ghoapi.azureedge.net"
SEAR,2023,total,water_basic,95.2133,"WHO Global Health Observatory (JMP), ghoapi.azureedge.net"
SEAR,2023,total,water_safely_managed,76.5789,"WHO Global Health Observatory (JMP), ghoapi.azureedge.net"
SEAR,2023,urban,handwashing_basic,93.6132,"WHO Global Health Observatory (JMP), ghoapi.azureedge.net"
SEAR,2023,urban,open_defecation,0.3035,"WHO Global Health Observatory (JMP), ghoapi.azureedge.net"
SEAR,2023,urban,sanitation_basic,84.7276,"WHO Global Health Observatory (JMP), ghoapi.azureedge.net"
SEAR,2023,urban,sanitation_safely_managed,51.2365,"WHO Global Health Observatory (JMP), ghoapi.azureedge.net"
SEAR,2023,urban,water_basic,97.1835,"WHO Global Health Observatory (JMP), ghoapi.azureedge.net"
SEAR,2023,urban,water_safely_managed,83.9601,"WHO Global Health Observatory (JMP), ghoapi.azureedge.net"
SEAR,2024,rural,handwashing_basic,83.5471,"WHO Global Health Observatory (JMP), ghoapi.azureedge.net"
SEAR,2024,rural,open_defecation,8.8852,"WHO Global Health Observatory (JMP), ghoapi.azureedge.net"
SEAR,2024,rural,sanitation_basic,80.5211,"WHO Global Health Observatory (JMP), ghoapi.azureedge.net"
SEAR,2024,rural,sanitation_safely_managed,62.8305,"WHO Global Health Observatory (JMP), ghoapi.azureedge.net"
SEAR,2024,rural,water_basic,94.8061,"WHO Global Health Observatory (JMP), ghoapi.azureedge.net"
SEAR,2024,rural,water_safely_managed,74.3092,"WHO Global Health Observatory (JMP), ghoapi.azureedge.net"
SEAR,2024,total,handwashing_basic,87.479,"WHO Global Health Observatory (JMP), ghoapi.azureedge.net"
SEAR,2024,total,open_defecation,5.5462,"WHO Global Health Observatory (JMP), ghoapi.azureedge.net"
SEAR,2024,total,sanitation_basic,82.635,"WHO Global Health Observatory (JMP), ghoapi.azureedge.net"
SEAR,2024,total,sanitation_safely_managed,58.8735,"WHO Global Health Observatory (JMP), ghoapi.azureedge.net"
SEAR,2024,total,water_basic,95.7871,"WHO Global Health Observatory (JMP), ghoapi.azureedge.net"
SEAR,2024,total,water_safely_managed,78.3537,"WHO Global Health Observatory (JMP), ghoapi.azureedge.net"
SEAR,2024,urban,handwashing_basic,93.9588,"WHO Global Health Observatory (JMP), ghoapi.azureedge.net"
SEAR,2024,urban,open_defecation,0.0436,"WHO Global Health Observatory (JMP), ghoapi.azureedge.net"
SEAR,2024,urban,sanitation_basic,86.1047,"WHO Global Health Observatory (JMP), ghoapi.azureedge.net"
SEAR,2024,urban,sanitation_safely_managed,52.3524,"WHO Global Health Observatory (JMP), ghoapi.azureedge.net"
SEAR,2024,urban,water_basic,97.387,"WHO Global Health Observatory (JMP), ghoapi.azureedge.net"
SEAR,2024,urban,water_safely_managed,85.019,"WHO Global Health Observatory (JMP), ghoapi.azureedge.net"
WPR,2000,rural,open_defecation,11.0609,"WHO Global Health Observatory (JMP), ghoapi.azureedge.net"
WPR,2000,rural,sanitation_basic,43.0109,"WHO Global Health Observatory (JMP), ghoapi.azureedge.net"
WPR,2000,rural,sanitation_safely_managed,10.0531,"WHO Global Health Observatory (JMP), ghoapi.azureedge.net"
WPR,2000,rural,water_basic,70.4919,"WHO Global Health Observatory (JMP), ghoapi.azureedge.net"
WPR,2000,total,open_defecation,7.3108,"WHO Global Health Observatory (JMP), ghoapi.azureedge.net"
WPR,2000,total,sanitation_basic,59.5829,"WHO Global Health Observatory (JMP), ghoapi.azureedge.net"
WPR,2000,total,sanitation_safely_managed,19.0448,"WHO Global Health Observatory (JMP), ghoapi.azureedge.net"
WPR,2000,total,water_basic,81.5623,"WHO Global Health Observatory (JMP), ghoapi.azureedge.net"
WPR,2000,urban,open_defecation,2.1969,"WHO Global Health Observatory (JMP), ghoapi.azureedge.net"
WPR,2000,urban,sanitation_basic,76.7693,"WHO Global Health Observatory (JMP), ghoapi.azureedge.net"
WPR,2000,urban,sanitation_safely_managed,31.8304,"WHO Global Health Observatory (JMP), ghoapi.azureedge.net"
WPR,2000,urban,water_basic,96.9005,"WHO Global Health Observatory (JMP), ghoapi.azureedge.net"
WPR,2000,urban,water_safely_managed,82.029,"WHO Global Health Observatory (JMP), ghoapi.azureedge.net"
WPR,2001,rural,open_defecation,10.8668,"WHO Global Health Observatory (JMP), ghoapi.azureedge.net"
WPR,2001,rural,sanitation_basic,43.4122,"WHO Global Health Observatory (JMP), ghoapi.azureedge.net"
WPR,2001,rural,sanitation_safely_managed,10.4362,"WHO Global Health Observatory (JMP), ghoapi.azureedge.net"
WPR,2001,rural,water_basic,70.7108,"WHO Global Health Observatory (JMP), ghoapi.azureedge.net"
WPR,2001,total,open_defecation,7.0794,"WHO Global Health Observatory (JMP), ghoapi.azureedge.net"
WPR,2001,total,sanitation_basic,60.3943,"WHO Global Health Observatory (JMP), ghoapi.azureedge.net"
WPR,2001,total,sanitation_safely_managed,19.5699,"WHO Global Health Observatory (JMP), ghoapi.azureedge.net"
WPR,2001,total,water_basic,81.9669,"WHO Global Health Observatory (JMP), ghoapi.azureedge.net"
WPR,2001,urban,open_defecation,2.1202,"WHO Global Health Observatory (JMP), ghoapi.azureedge.net"
WPR,2001,urban,sanitation_basic,77.5753,"WHO Global Health Observatory (JMP), ghoapi.azureedge.net"
WPR,2001,urban,sanitation_safely_managed,32.0196,"WHO Global Health Observatory (JMP), ghoapi.azureedge.net"
WPR,2001,urban,water_basic,96.9668,"WHO Global Health Observatory (JMP), ghoapi.azureedge.net"
WPR,2001,urban,water_safely_managed,82.0687,"WHO Global Health Observatory (JMP), ghoapi.azureedge.net"
WPR,2002,rural,open_defecation,10.512,"WHO Global Health Observatory (JMP), ghoapi.azureedge.net"
WPR,2002,rural,sanitation_basic,45.513,"WHO Global Health Observatory (JMP), ghoapi.azureedge.net"
WPR,2002,rural,sanitation_safely_managed,11.2125,"WHO Global Health Observatory (JMP), ghoapi.azureedge.net"
WPR,2002,rural,water_basic,71.6572,"WHO Global Health Observatory (JMP), ghoapi.azureedge.net"
WPR,2002,total,open_defecation,6.7506,"WHO Global Health Observatory (JMP), ghoapi.azureedge.net"
WPR,2002,total,sanitation_basic,62.1669,"WHO Global Health Observatory (JMP), ghoapi.azureedge.net"
WPR,2002,total,sanitation_safely_managed,20.3053,"WHO Global Health Observatory (JMP), ghoapi.azureedge.net"
WPR,2002,total,water_basic,83.1557,"WHO Global Health Observatory (JMP), ghoapi.azureedge.net"
WPR,2002,total,water_safely_managed,70.3049,"WHO Global Health Observatory (JMP), ghoapi.azureedge.net"
WPR,2002,urban,open_defecation,2.0318,"WHO Global Health Observatory (JMP), ghoapi.azureedge.net"
WPR,2002,urban,sanitation_basic,78.3944,"WHO Global Health Observatory (JMP), ghoapi.azureedge.net"
WPR,2002,urban,sanitation_safely_managed,32.1405,"WHO Global Health Observatory (JMP), ghoapi.azureedge.net"
WPR,2002,urban,water_basic,97.0059,"WHO Global Health Observatory (JMP), ghoapi.azureedge.net"
WPR,2002,urban,water_safely_managed,82.088,"WHO Global Health Observatory (JMP), ghoapi.azureedge.net"
WPR,2003,rural,open_defecation,10.1546,"WHO Global Health Observatory (JMP), ghoapi.azureedge.net"
WPR,2003,rural,sanitation_basic,47.6109,"WHO Global Health Observatory (JMP), ghoapi.azureedge.net"
WPR,2003,rural,sanitation_safely_managed,12.2269,"WHO Global Health Observatory (JMP), ghoapi.azureedge.net"
WPR,2003,rural,water_basic,72.5998,"WHO Global Health Observatory (JMP), ghoapi.azureedge.net"
WPR,2003,total,open_defecation,6.4253,"WHO Global Health Observatory (JMP), ghoapi.azureedge.net"
WPR,2003,total,sanitation_basic,63.9227,"WHO Global Health Observatory (JMP), ghoapi.azureedge.net"
WPR,2003,total,sanitation_safely_managed,22.1219,"WHO Global Health Observatory (JMP), ghoapi.azureedge.net"
WPR,2003,total,water_basic,83.9387,"WHO Global Health Observatory (JMP), ghoapi.azureedge.net"
WPR,2003,total,water_safely_managed,71.608,"WHO Global Health Observatory (JMP), ghoapi.azureedge.net"
WPR,2003,urban,open_defecation,1.9458,"WHO Global Health Observatory (JMP), ghoapi.azureedge.net"
WPR,2003,urban,sanitation_basic,79.2104,"WHO Global Health Observatory (JMP), ghoapi.azureedge.net"
WPR,2003,urban,sanitation_safely_managed,34.4228,"WHO Global Health Observatory (JMP), ghoapi.azureedge.net"
WPR,2003,urban,water_basic,97.0437,"WHO Global Health Observatory (JMP), ghoapi.azureedge.net"
WPR,2003,urban,water_safely_managed,82.102,"WHO Global Health Observatory (JMP), ghoapi.azureedge.net"
WPR,2004,rural,open_defecation,9.7903,"WHO Global Health Observatory (JMP), ghoapi.azureedge.net"
WPR,2004,rural,sanitation_basic,49.7122,"WHO Global Health Observatory (JMP), ghoapi.azureedge.net"
WPR,2004,rural,sanitation_safely_managed,13.3108,"WHO Global Health Observatory (JMP), ghoapi.azureedge.net"
WPR,2004,rural,water_basic,73.5394,"WHO Global Health Observatory (JMP), ghoapi.azureedge.net"
WPR,2004,total,open_defecation,6.1018,"WHO Global Health Observatory (JMP), ghoapi.azureedge.net"
WPR,2004,total,sanitation_basic,65.6618,"WHO Global Health Observatory (JMP), ghoapi.azureedge.net"
WPR,2004,total,sanitation_safely_managed,24.0215,"WHO Global Health Observatory (JMP), ghoapi.azureedge.net"
WPR,2004,total,water_basic,84.7041,"WHO Global Health Observatory (JMP), ghoapi.azureedge.net"
WPR,2004,total,water_safely_managed,72.5558,"WHO Global Health Observatory (JMP), ghoapi.azureedge.net"
WPR,2004,urban,open_defecation,1.8605,"WHO Global Health Observatory (JMP), ghoapi.azureedge.net"
WPR,2004,urban,sanitation_basic,80.036,"WHO Global Health Observatory (JMP), ghoapi.azureedge.net"
WPR,2004,urban,sanitation_safely_managed,36.74,"WHO Global Health Observatory (JMP), ghoapi.azureedge.net"
WPR,2004,urban,water_basic,97.0806,"WHO Global Health Observatory (JMP), ghoapi.azureedge.net"
WPR,2004,urban,water_safely_managed,82.1152,"WHO Global Health Observatory (JMP), ghoapi.azureedge.net"
WPR,2005,rural,open_defecation,9.4208,"WHO Global Health Observatory (JMP), ghoapi.azureedge.net"
WPR,2005,rural,sanitation_basic,51.8242,"WHO Global Health Observatory (JMP), ghoapi.azureedge.net"
WPR,2005,rural,sanitation_safely_managed,14.4728,"WHO Global Health Observatory (JMP), ghoapi.azureedge.net"
WPR,2005,rural,water_basic,74.484,"WHO Global Health Observatory (JMP), ghoapi.azureedge.net"
WPR,2005,total,open_defecation,5.7796,"WHO Global Health Observatory (JMP), ghoapi.azureedge.net"
WPR,2005,total,sanitation_basic,67.3867,"WHO Global Health Observatory (JMP), ghoapi.azureedge.net"
WPR,2005,total,sanitation_safely_managed,26.0098,"WHO Global Health Observatory (JMP), ghoapi.azureedge.net"
WPR,2005,total,water_basic,85.4569,"WHO Global Health Observatory (JMP), ghoapi.azureedge.net"
WPR,2005,total,water_safely_managed,73.1915,"WHO Global Health Observatory (JMP), ghoapi.azureedge.net"
WPR,2005,urban,open_defecation,1.7761,"WHO Global Health Observatory (JMP), ghoapi.azureedge.net"
WPR,2005,urban,sanitation_basic,80.8731,"WHO Global Health Observatory (JMP), ghoapi.azureedge.net"
WPR,2005,urban,sanitation_safely_managed,39.1,"WHO Global Health Observatory (JMP), ghoapi.azureedge.net"
WPR,2005,urban,water_basic,97.1168,"WHO Global Health Observatory (JMP), ghoapi.azureedge.net"
WPR,2005,urban,water_safely_managed,82.1271,"WHO Global Health Observatory (JMP), ghoapi.azureedge.net"
WPR,2006,rural,open_defecation,9.0448,"WHO Global Health Observatory (JMP), ghoapi.azureedge.net"
WPR,2006,rural,sanitation_basic,53.9388,"WHO Global Health Observatory (JMP), ghoapi.azureedge.net"
WPR,2006,rural,sanitation_safely_managed,15.702,"WHO Global Health Observatory (JMP), ghoapi.azureedge.net"
WPR,2006,rural,water_basic,75.4262,"WHO Global Health Observatory (JMP), ghoapi.azureedge.net"
WPR,2006,total,open_defecation,5.4663,"WHO Global Health Observatory (JMP), ghoapi.azureedge.net"
WPR,2006,total,sanitation_basic,69.0825,"WHO Global Health Observatory (JMP), ghoapi.azureedge.net"
WPR,2006,total,sanitation_safely_managed,28.063,"WHO Global Health Observatory (JMP), ghoapi.azureedge.net"
WPR,2006,total,water_basic,86.1837,"WHO Global Health Observatory (JMP), ghoapi.azureedge.net"
WPR,2006,total,water_safely_managed,73.8049,"WHO Global Health Observatory (JMP), ghoapi.azureedge.net"
WPR,2006,urban,open_defecation,1.6942,"WHO Global Health Observatory (JMP), ghoapi.azureedge.net"
WPR,2006,urban,sanitation_basic,81.7161,"WHO Global Health Observatory (JMP), ghoapi.azureedge.net"
WPR,2006,urban,sanitation_safely_managed,41.489,"WHO Global Health Observatory (JMP), ghoapi.azureedge.net"
WPR,2006,urban,water_basic,97.1517,"WHO Global Health Observatory (JMP), ghoapi.azureedge.net"
WPR,2006,urban,water_safely_managed,82.1295,"WHO Global Health Observatory (JMP), ghoapi.azureedge.net"
WPR,2007,rural,open_defecation,8.6628,"WHO Global Health Observatory (JMP), ghoapi.azureedge.net"
WPR,2007,rural,sanitation_basic,56.0894,"WHO Global Health Observatory (JMP), ghoapi.azureedge.net"
WPR,2007,rural,sanitation_safely_managed,17.0335,"WHO Global Health Observatory (JMP), ghoapi.azureedge.net"
WPR,2007,rural,water_basic,76.3684,"WHO Global Health Observatory (JMP), ghoapi.azureedge.net"
WPR,2007,total,open_defecation,5.1581,"WHO Global Health Observatory (JMP), ghoapi.azureedge.net"
WPR,2007,total,sanitation_basic,70.7816,"WHO Global Health Observatory (JMP), ghoapi.azureedge.net"
WPR,2007,total,sanitation_safely_managed,30.2198,"WHO Global Health Observatory (JMP), ghoapi.azureedge.net"
WPR,2007,total,water_basic,86.8912,"WHO Global Health Observatory (JMP), ghoapi.azureedge.net"
WPR,2007,total,water_safely_managed,74.3909,"WHO Global Health Observatory (JMP), ghoapi.azureedge.net"
WPR,2007,urban,open_defecation,1.6136,"WHO Global Health Observatory (JMP), ghoapi.azureedge.net"
WPR,2007,urban,sanitation_basic,82.5886,"WHO Global Health Observatory (JMP), ghoapi.azureedge.net"
WPR,2007,urban,sanitation_safely_managed,43.9435,"WHO Global Health Observatory (JMP), ghoapi.azureedge.net"
WPR,2007,urban,water_basic,97.1856,"WHO Global Health Observatory (JMP), ghoapi.azureedge.net"
WPR,2007,urban,water_safely_managed,82.1252,"WHO Global Health Observatory (JMP), ghoapi.azureedge.net"
WPR,2008,rural,open_defecation,8.2735,"WHO Global Health Observatory (JMP), ghoapi.azureedge.net"
WPR,2008,rural,sanitation_basic,58.2463,"WHO Global Health Observatory (JMP), ghoapi.azureedge.net"
WPR,2008,rural,sanitation_safely_managed,18.4342,"WHO Global Health Observatory (JMP), ghoapi.azureedge.net"
WPR,2008,rural,water_basic,77.3087,"WHO Global Health Observatory (JMP), ghoapi.azureedge.net"
WPR,2008,total,open_defecation,4.8526,"WHO Global Health Observatory (JMP), ghoapi.azureedge.net"
WPR,2008,total,sanitation_basic,72.4624,"WHO Global Health Observatory (JMP), ghoapi.azureedge.net"
WPR,2008,total,sanitation_safely_managed,32.4459,"WHO Global Health Observatory (JMP), ghoapi.azureedge.net"
WPR,2008,total,water_basic,87.5805,"WHO Global Health Observatory (JMP), ghoapi.azureedge.net"
WPR,2008,total,water_safely_managed,74.957,"WHO Global Health Observatory (JMP), ghoapi.azureedge.net"
WPR,2008,urban,open_defecation,1.5334,"WHO Global Health Observatory (JMP), ghoapi.azureedge.net"
WPR,2008,urban,sanitation_basic,83.4662,"WHO Global Health Observatory (JMP), ghoapi.azureedge.net"
WPR,2008,urban,sanitation_safely_managed,46.4199,"WHO Global Health Observatory (JMP), ghoapi.azureedge.net"
WPR,2008,urban,water_basic,97.2192,"WHO Global Health Observatory (JMP), ghoapi.azureedge.net"
WPR,2008,urban,water_safely_managed,82.1209,"WHO Global Health Observatory (JMP), ghoapi.azureedge.net"
WPR,2009,rural,open_defecation,7.8728,"WHO Global Health Observatory (JMP), ghoapi.azureedge.net"
WPR,2009,rural,sanitation_basic,60.4107,"WHO Global Health Observatory (JMP), ghoapi.azureedge.net"
WPR,2009,rural,sanitation_safely_managed,19.8888,"WHO Global Health Observatory (JMP), ghoapi.azureedge.net"
WPR,2009,rural,water_basic,78.2445,"WHO Global Health Observatory (JMP), ghoapi.azureedge.net"
WPR,2009,total,open_defecation,4.5483,"WHO Global Health Observatory (JMP), ghoapi.azureedge.net"
WPR,2009,total,sanitation_basic,74.1231,"WHO Global Health Observatory (JMP), ghoapi.azureedge.net"
WPR,2009,total,sanitation_safely_managed,34.7318,"WHO Global Health Observatory (JMP), ghoapi.azureedge.net"
WPR,2009,total,water_basic,88.2475,"WHO Global Health Observatory (JMP), ghoapi.azureedge.net"
WPR,2009,total,water_safely_managed,75.5098,"WHO Global Health Observatory (JMP), ghoapi.azureedge.net"
WPR,2009,urban,open_defecation,1.4536,"WHO Global Health Observatory (JMP), ghoapi.azureedge.net"
WPR,2009,urban,sanitation_basic,84.3467,"WHO Global Health Observatory (JMP), ghoapi.azureedge.net"
WPR,2009,urban,sanitation_safely_managed,48.92,"WHO Global Health Observatory (JMP), ghoapi.azureedge.net"
WPR,2009,urban,water_basic,97.2485,"WHO Global Health Observatory (JMP), ghoapi.azureedge.net"
WPR,2009,urban,water_safely_managed,82.1164,"WHO Global Health Observatory (JMP), ghoapi.azureedge.net"
WPR,2010,rural,open_defecation,7.4656,"WHO Global Health Observatory (JMP), ghoapi.azureedge.net"
WPR,2010,rural,sanitation_basic,62.5802,"WHO Global Health Observatory (JMP), ghoapi.azureedge.net"
WPR,2010,rural,sanitation_safely_managed,21.4109,"WHO Global Health Observatory (JMP), ghoapi.azureedge.net"
WPR,2010,rural,water_basic,79.1763,"WHO Global Health Observatory (JMP), ghoapi.azureedge.net"
WPR,2010,total,open_defecation,4.2476,"WHO Global Health Observatory (JMP), ghoapi.azureedge.net"
WPR,2010,total,sanitation_basic,75.7628,"WHO Global Health Observatory (JMP), ghoapi.azureedge.net"
WPR,2010,total,sanitation_safely_managed,37.0836,"WHO Global Health Observatory (JMP), ghoapi.azureedge.net"
WPR,2010,total,water_basic,88.8812,"WHO Global Health Observatory (JMP), ghoapi.azureedge.net"
WPR,2010,total,water_safely_managed,76.0429,"WHO Global Health Observatory (JMP), ghoapi.azureedge.net"
WPR,2010,urban,open_defecation,1.374,"WHO Global Health Observatory (JMP), ghoapi.azureedge.net"
WPR,2010,urban,sanitation_basic,85.2292,"WHO Global Health Observatory (JMP), ghoapi.azureedge.net"
WPR,2010,urban,sanitation_safely_managed,51.444,"WHO Global Health Observatory (JMP), ghoapi.azureedge.net"
WPR,2010,urban,water_basic,97.2517,"WHO Global Health Observatory (JMP), ghoapi.azureedge.net"
WPR,2010,urban,water_safely_managed,82.1094,"WHO Global Health Observatory (JMP), ghoapi.azureedge.net"
WPR,2011,rural,open_defecation,7.0494,"WHO Global Health Observatory (JMP), ghoapi.azureedge.net"
WPR,2011,rural,sanitation_basic,64.7547,"WHO Global Health Observatory (JMP), ghoapi.azureedge.net"
WPR,2011,rural,sanitation_safely_managed,22.9793,"WHO Global Health Observatory (JMP), ghoapi.azureedge.net"
WPR,2011,rural,water_basic,80.0338,"WHO Global Health Observatory (JMP), ghoapi.azureedge.net"
WPR,2011,total,open_defecation,3.9541,"WHO Global Health Observatory (JMP), ghoapi.azureedge.net"
WPR,2011,total,sanitation_basic,77.3719,"WHO Global Health Observatory (JMP), ghoapi.azureedge.net"
WPR,2011,total,sanitation_safely_managed,39.4685,"WHO Global Health Observatory (JMP), ghoapi.azureedge.net"
WPR,2011,total,water_basic,89.4537,"WHO Global Health Observatory (JMP), ghoapi.azureedge.net"
WPR,2011,total,water_safely_managed,76.5409,"WHO Global Health Observatory (JMP), ghoapi.azureedge.net"
WPR,2011,urban,open_defecation,1.2957,"WHO Global Health Observatory (JMP), ghoapi.azureedge.net"
WPR,2011,urban,sanitation_basic,86.1139,"WHO Global Health Observatory (JMP), ghoapi.azureedge.net"
WPR,2011,urban,sanitation_safely_managed,53.998,"WHO Global Health Observatory (JMP), ghoapi.azureedge.net"
WPR,2011,urban,water_basic,97.2538,"WHO Global Health Observatory (JMP), ghoapi.azureedge.net"
WPR,2011,urban,water_safely_managed,82.4399,"WHO Global Health Observatory (JMP), ghoapi.azureedge.net"
WPR,2012,rural,open_defecation,6.6221,"WHO Global Health Observatory (JMP), ghoapi.azureedge.net"
WPR,2012,rural,sanitation_basic,66.938,"WHO Global Health Observatory (JMP), ghoapi.azureedge.net"
WPR,2012,rural,sanitation_safely_managed,24.6055,"WHO Global Health Observatory (JMP), ghoapi.azureedge.net"
WPR,2012,rural,water_basic,80.8798,"WHO Global Health Observatory (JMP), ghoapi.azureedge.net"
WPR,2012,total,open_defecation,3.6639,"WHO Global Health Observatory (JMP), ghoapi.azureedge.net"
WPR,2012,total,sanitation_basic,78.9587,"WHO Global Health Observatory (JMP), ghoapi.azureedge.net"
WPR,2012,total,sanitation_safely_managed,41.8991,"WHO Global Health Observatory (JMP), ghoapi.azureedge.net"
WPR,2012,total,water_basic,90.0008,"WHO Global Health Observatory (JMP), ghoapi.azureedge.net"
WPR,2012,total,water_safely_managed,77.0171,"WHO Global Health Observatory (JMP), ghoapi.azureedge.net"
WPR,2012,urban,open_defecation,1.2178,"WHO Global Health Observatory (JMP), ghoapi.azureedge.net"
WPR,2012,urban,sanitation_basic,87.003,"WHO Global Health Observatory (JMP), ghoapi.azureedge.net"
WPR,2012,urban,sanitation_safely_managed,56.5724,"WHO Global Health Observatory (JMP), ghoapi.azureedge.net"
WPR,2012,urban,water_basic,97.2555,"WHO Global Health Observatory (JMP), ghoapi.azureedge.net"
WPR,2012,urban,water_safely_managed,82.7663,"WHO Global Health Observatory (JMP), ghoapi.azureedge.net"
WPR,2013,rural,open_defecation,6.1881,"WHO Global Health Observatory (JMP), ghoapi.azureedge.net"
WPR,2013,rural,sanitation_basic,69.1287,"WHO Global Health Observatory (JMP), ghoapi.azureedge.net"
WPR,2013,rural,sanitation_safely_managed,26.2936,"WHO Global Health Observatory (JMP), ghoapi.azureedge.net"
WPR,2013,rural,water_basic,81.7197,"WHO Global Health Observatory (JMP), ghoapi.azureedge.net"
WPR,2013,total,open_defecation,3.3776,"WHO Global Health Observatory (JMP), ghoapi.azureedge.net"
WPR,2013,total,sanitation_basic,80.5269,"WHO Global Health Observatory (JMP), ghoapi.azureedge.net"
WPR,2013,total,sanitation_safely_managed,44.3841,"WHO Global Health Observatory (JMP), ghoapi.azureedge.net"
WPR,2013,total,water_basic,90.5284,"WHO Global Health Observatory (JMP), ghoapi.azureedge.net"
WPR,2013,total,water_safely_managed,77.4777,"WHO Global Health Observatory (JMP), ghoapi.azureedge.net"
WPR,2013,urban,open_defecation,1.1401,"WHO Global Health Observatory (JMP), ghoapi.azureedge.net"
WPR,2013,urban,sanitation_basic,87.8971,"WHO Global Health Observatory (JMP), ghoapi.azureedge.net"
WPR,2013,urban,sanitation_safely_managed,59.166,"WHO Global Health Observatory (JMP), ghoapi.azureedge.net"
WPR,2013,urban,water_basic,97.2572,"WHO Global Health Observatory (JMP), ghoapi.azureedge.net"
WPR,2013,urban,water_safely_managed,83.0943,"WHO Global Health Observatory (JMP), ghoapi.azureedge.net"
WPR,2014,rural,open_defecation,5.7467,"WHO Global Health Observatory (JMP), ghoapi.azureedge.net"
WPR,2014,rural,sanitation_basic,71.3257,"WHO Global Health Observatory (JMP), ghoapi.azureedge.net"
WPR,2014,rural,sanitation_safely_managed,28.0417,"WHO Global Health Observatory (JMP), ghoapi.azureedge.net"
WPR,2014,rural,water_basic,82.5537,"WHO Global Health Observatory (JMP), ghoapi.azureedge.net"
WPR,2014,total,open_defecation,3.0946,"WHO Global Health Observatory (JMP), ghoapi.azureedge.net"
WPR,2014,total,sanitation_basic,82.0776,"WHO Global Health Observatory (JMP), ghoapi.azureedge.net"
WPR,2014,total,sanitation_safely_managed,46.9245,"WHO Global Health Observatory (JMP), ghoapi.azureedge.net"
WPR,2014,total,water_basic,91.0377,"WHO Global Health Observatory (JMP), ghoapi.azureedge.net"
WPR,2014,total,water_safely_managed,77.923,"WHO Global Health Observatory (JMP), ghoapi.azureedge.net"
WPR,2014,urban,open_defecation,1.0622,"WHO Global Health Observatory (JMP), ghoapi.azureedge.net"
WPR,2014,urban,sanitation_basic,88.7963,"WHO Global Health Observatory (JMP), ghoapi.azureedge.net"
WPR,2014,urban,sanitation_safely_managed,61.7823,"WHO Global Health Observatory (JMP), ghoapi.azureedge.net"
WPR,2014,urban,water_basic,97.2587,"WHO Global Health Observatory (JMP), ghoapi.azureedge.net"
WPR,2014,urban,water_safely_managed,83.4231,"WHO Global Health Observatory (JMP), ghoapi.azureedge.net"
WPR,2015,rural,open_defecation,5.2985,"WHO Global Health Observatory (JMP), ghoapi.azureedge.net"
WPR,2015,rural,sanitation_basic,73.5288,"WHO Global Health Observatory (JMP), ghoapi.azureedge.net"
WPR,2015,rural,sanitation_safely_managed,29.85,"WHO Global Health Observatory (JMP), ghoapi.azureedge.net"
WPR,2015,rural,water_basic,83.3798,"WHO Global Health Observatory (JMP), ghoapi.azureedge.net"
WPR,2015,total,open_defecation,2.8156,"WHO Global Health Observatory (JMP), ghoapi.azureedge.net"
WPR,2015,total,sanitation_basic,83.6105,"WHO Global Health Observatory (JMP), ghoapi.azureedge.net"
WPR,2015,total,sanitation_safely_managed,49.5162,"WHO Global Health Observatory (JMP), ghoapi.azureedge.net"
WPR,2015,total,water_basic,91.5277,"WHO Global Health Observatory (JMP), ghoapi.azureedge.net"
WPR,2015,total,water_safely_managed,78.3507,"WHO Global Health Observatory (JMP), ghoapi.azureedge.net"
WPR,2015,urban,open_defecation,0.9842,"WHO Global Health Observatory (JMP), ghoapi.azureedge.net"
WPR,2015,urban,sanitation_basic,89.7006,"WHO Global Health Observatory (JMP), ghoapi.azureedge.net"
WPR,2015,urban,sanitation_safely_managed,64.4162,"WHO Global Health Observatory (JMP), ghoapi.azureedge.net"
WPR,2015,urban,water_basic,97.26,"WHO Global Health Observatory (JMP), ghoapi.azureedge.net"
WPR,2015,urban,water_safely_managed,83.751,"WHO Global Health Observatory (JMP), ghoapi.azureedge.net"
WPR,2016,rural,open_defecation,4.8424,"WHO Global Health Observatory (JMP), ghoapi.azureedge.net"
WPR,2016,rural,sanitation_basic,75.7389,"WHO Global Health Observatory (JMP), ghoapi.azureedge.net"
WPR,2016,rural,sanitation_safely_managed,31.7227,"WHO Global Health Observatory (JMP), ghoapi.azureedge.net"
WPR,2016,rural,water_basic,84.199,"WHO Global Health Observatory (JMP), ghoapi.azureedge.net"
WPR,2016,total,open_defecation,2.5399,"WHO Global Health Observatory (JMP), ghoapi.azureedge.net"
WPR,2016,total,sanitation_basic,85.1254,"WHO Global Health Observatory (JMP), ghoapi.azureedge.net"
WPR,2016,total,sanitation_safely_managed,52.1257,"WHO Global Health Observatory (JMP), ghoapi.azureedge.net"
WPR,2016,total,water_basic,91.9989,"WHO Global Health Observatory (JMP), ghoapi.azureedge.net"
WPR,2016,total,water_safely_managed,78.7696,"WHO Global Health Observatory (JMP), ghoapi.azureedge.net"
WPR,2016,urban,open_defecation,0.9058,"WHO Global Health Observatory (JMP), ghoapi.azureedge.net"
WPR,2016,urban,sanitation_basic,90.61,"WHO Global Health Observatory (JMP), ghoapi.azureedge.net"
WPR,2016,urban,sanitation_safely_managed,67.0092,"WHO Global Health Observatory (JMP), ghoapi.azureedge.net"
WPR,2016,urban,water_basic,97.261,"WHO Global Health Observatory (JMP), ghoapi.azureedge.net"
WPR,2016,urban,water_safely_managed,84.0855,"WHO Global Health Observatory (JMP), ghoapi.azureedge.net"
WPR,2017,rural,handwashing_basic,88.1356,"WHO Global Health Observatory (JMP), ghoapi.azureedge.net"
WPR,2017,rural,open_defecation,4.4626,"WHO Global Health Observatory (JMP), ghoapi.azureedge.net"
WPR,2017,rural,sanitation_basic,77.9573,"WHO Global Health Observatory (JMP), ghoapi.azureedge.net"
WPR,2017,rural,sanitation_safely_managed,33.6512,"WHO Global Health Observatory (JMP), ghoapi.azureedge.net"
WPR,2017,rural,water_basic,85.0116,"WHO Global Health Observatory (JMP), ghoapi.azureedge.net"
WPR,2017,total,handwashing_basic,92.1213,"WHO Global Health Observatory (JMP), ghoapi.azureedge.net"
WPR,2017,total,open_defecation,2.371,"WHO Global Health Observatory (JMP), ghoapi.azureedge.net"
WPR,2017,total,sanitation_basic,86.6213,"WHO Global Health Observatory (JMP), ghoapi.azureedge.net"
WPR,2017,total,sanitation_safely_managed,54.7793,"WHO Global Health Observatory (JMP), ghoapi.azureedge.net"
WPR,2017,total,water_basic,92.4509,"WHO Global Health Observatory (JMP), ghoapi.azureedge.net"
WPR,2017,total,water_safely_managed,79.1761,"WHO Global Health Observatory (JMP), ghoapi.azureedge.net"
WPR,2017,urban,handwashing_basic,94.9212,"WHO Global Health Observatory (JMP), ghoapi.azureedge.net"
WPR,2017,urban,open_defecation,0.8271,"WHO Global Health Observatory (JMP), ghoapi.azureedge.net"
WPR,2017,urban,sanitation_basic,91.5241,"WHO Global Health Observatory (JMP), ghoapi.azureedge.net"
WPR,2017,urban,sanitation_safely_managed,69.621,"WHO Global Health Observatory (JMP), ghoapi.azureedge.net"
WPR,2017,urban,water_basic,97.2619,"WHO Global Health Observatory (JMP), ghoapi.azureedge.net"
WPR,2017,urban,water_safely_managed,84.4223,"WHO Global Health Observatory (JMP), ghoapi.azureedge.net"
WPR,2018,rural,handwashing_basic,88.4259,"WHO Global Health Observatory (JMP), ghoapi.azureedge.net"
WPR,2018,rural,open_defecation,3.9793,"WHO Global Health Observatory (JMP), ghoapi.azureedge.net"
WPR,2018,rural,sanitation_basic,80.1822,"WHO Global Health Observatory (JMP), ghoapi.azureedge.net"
WPR,2018,rural,sanitation_safely_managed,35.6374,"WHO Global Health Observatory (JMP), ghoapi.azureedge.net"
WPR,2018,rural,water_basic,85.8455,"WHO Global Health Observatory (JMP), ghoapi.azureedge.net"
WPR,2018,total,handwashing_basic,92.337,"WHO Global Health Observatory (JMP), ghoapi.azureedge.net"
WPR,2018,total,open_defecation,2.0923,"WHO Global Health Observatory (JMP), ghoapi.azureedge.net"
WPR,2018,total,sanitation_basic,88.096,"WHO Global Health Observatory (JMP), ghoapi.azureedge.net"
WPR,2018,total,sanitation_safely_managed,57.4702,"WHO Global Health Observatory (JMP), ghoapi.azureedge.net"
WPR,2018,total,water_basic,92.8967,"WHO Global Health Observatory (JMP), ghoapi.azureedge.net"
WPR,2018,total,water_safely_managed,79.5598,"WHO Global Health Observatory (JMP), ghoapi.azureedge.net"
WPR,2018,urban,handwashing_basic,94.9841,"WHO Global Health Observatory (JMP), ghoapi.azureedge.net"
WPR,2018,urban,open_defecation,0.7488,"WHO Global Health Observatory (JMP), ghoapi.azureedge.net"
WPR,2018,urban,sanitation_basic,92.4404,"WHO Global Health Observatory (JMP), ghoapi.azureedge.net"
WPR,2018,urban,sanitation_safely_managed,72.2472,"WHO Global Health Observatory (JMP), ghoapi.azureedge.net"
WPR,2018,urban,water_basic,97.2665,"WHO Global Health Observatory (JMP), ghoapi.azureedge.net"
WPR,2018,urban,water_safely_managed,84.7511,"WHO Global Health Observatory (JMP), ghoapi.azureedge.net"
WPR,2019,rural,handwashing_basic,88.7259,"WHO Global Health Observatory (JMP), ghoapi.azureedge.net"
WPR,2019,rural,open_defecation,3.4885,"WHO Global Health Observatory (JMP), ghoapi.azureedge.net"
WPR,2019,rural,sanitation_basic,82.4124,"WHO Global Health Observatory (JMP), ghoapi.azureedge.net"
WPR,2019,rural,sanitation_safely_managed,37.6814,"WHO Global Health Observatory (JMP), ghoapi.azureedge.net"
WPR,2019,rural,water_basic,86.6412,"WHO Global Health Observatory (JMP), ghoapi.azureedge.net"
WPR,2019,total,handwashing_basic,92.5494,"WHO Global Health Observatory (JMP), ghoapi.azureedge.net"
WPR,2019,total,open_defecation,1.8186,"WHO Global Health Observatory (JMP), ghoapi.azureedge.net"
WPR,2019,total,sanitation_basic,89.5498,"WHO Global Health Observatory (JMP), ghoapi.azureedge.net"
WPR,2019,total,sanitation_safely_managed,60.1931,"WHO Global Health Observatory (JMP), ghoapi.azureedge.net"
WPR,2019,total,water_basic,93.3133,"WHO Global Health Observatory (JMP), ghoapi.azureedge.net"
WPR,2019,total,water_safely_managed,79.9165,"WHO Global Health Observatory (JMP), ghoapi.azureedge.net"
WPR,2019,urban,handwashing_basic,95.0446,"WHO Global Health Observatory (JMP), ghoapi.azureedge.net"
WPR,2019,urban,open_defecation,0.6692,"WHO Global Health Observatory (JMP), ghoapi.azureedge.net"
WPR,2019,urban,sanitation_basic,93.3597,"WHO Global Health Observatory (JMP), ghoapi.azureedge.net"
WPR,2019,urban,sanitation_safely_managed,74.884,"WHO Global Health Observatory (JMP), ghoapi.azureedge.net"
WPR,2019,urban,water_basic,97.2758,"WHO Global Health Observatory (JMP), ghoapi.azureedge.net"
WPR,2019,urban,water_safely_managed,85.0685,"WHO Global Health Observatory (JMP), ghoapi.azureedge.net"
WPR,2020,rural,handwashing_basic,89.0406,"WHO Global Health Observatory (JMP), ghoapi.azureedge.net"
WPR,2020,rural,open_defecation,2.9887,"WHO Global Health Observatory (JMP), ghoapi.azureedge.net"
WPR,2020,rural,sanitation_basic,84.6486,"WHO Global Health Observatory (JMP), ghoapi.azureedge.net"
WPR,2020,rural,sanitation_safely_managed,39.0974,"WHO Global Health Observatory (JMP), ghoapi.azureedge.net"
WPR,2020,rural,water_basic,87.428,"WHO Global Health Observatory (JMP), ghoapi.azureedge.net"
WPR,2020,rural,water_safely_managed,44.5086,"WHO Global Health Observatory (JMP), ghoapi.azureedge.net"
WPR,2020,total,handwashing_basic,92.76,"WHO Global Health Observatory (JMP), ghoapi.azureedge.net"
WPR,2020,total,open_defecation,1.549,"WHO Global Health Observatory (JMP), ghoapi.azureedge.net"
WPR,2020,total,sanitation_basic,90.9813,"WHO Global Health Observatory (JMP), ghoapi.azureedge.net"
WPR,2020,total,sanitation_safely_managed,61.2561,"WHO Global Health Observatory (JMP), ghoapi.azureedge.net"
WPR,2020,total,water_basic,93.7052,"WHO Global Health Observatory (JMP), ghoapi.azureedge.net"
WPR,2020,total,water_safely_managed,69.584,"WHO Global Health Observatory (JMP), ghoapi.azureedge.net"
WPR,2020,urban,handwashing_basic,95.1026,"WHO Global Health Observatory (JMP), ghoapi.azureedge.net"
WPR,2020,urban,open_defecation,0.5913,"WHO Global Health Observatory (JMP), ghoapi.azureedge.net"
WPR,2020,urban,sanitation_basic,94.2778,"WHO Global Health Observatory (JMP), ghoapi.azureedge.net"
WPR,2020,urban,sanitation_safely_managed,75.2117,"WHO Global Health Observatory (JMP), ghoapi.azureedge.net"
WPR,2020,urban,water_basic,97.2779,"WHO Global Health Observatory (JMP), ghoapi.azureedge.net"
WPR,2020,urban,water_safely_managed,85.3765,"WHO Global Health Observatory (JMP), ghoapi.azureedge.net"
WPR,2021,rural,handwashing_basic,89.3678,"WHO Global Health Observatory (JMP), ghoapi.azureedge.net"
WPR,2021,rural,open_defecation,2.4788,"WHO Global Health Observatory (JMP), ghoapi.azureedge.net"
WPR,2021,rural,sanitation_basic,86.8907,"WHO Global Health Observatory (JMP), ghoapi.azureedge.net"
WPR,2021,rural,sanitation_safely_managed,40.5134,"WHO Global Health Observatory (JMP), ghoapi.azureedge.net"
WPR,2021,rural,water_basic,88.6517,"WHO Global Health Observatory (JMP), ghoapi.azureedge.net"
WPR,2021,rural,water_safely_managed,44.9312,"WHO Global Health Observatory (JMP), ghoapi.azureedge.net"
WPR,2021,total,handwashing_basic,92.9668,"WHO Global Health Observatory (JMP), ghoapi.azureedge.net"
WPR,2021,total,open_defecation,1.2873,"WHO Global Health Observatory (JMP), ghoapi.azureedge.net"
WPR,2021,total,sanitation_basic,92.3929,"WHO Global Health Observatory (JMP), ghoapi.azureedge.net"
WPR,2021,total,sanitation_safely_managed,62.288,"WHO Global Health Observatory (JMP), ghoapi.azureedge.net"
WPR,2021,total,water_basic,94.239,"WHO Global Health Observatory (JMP), ghoapi.azureedge.net"
WPR,2021,total,water_safely_managed,70.2665,"WHO Global Health Observatory (JMP), ghoapi.azureedge.net"
WPR,2021,urban,handwashing_basic,95.1563,"WHO Global Health Observatory (JMP), ghoapi.azureedge.net"
WPR,2021,urban,open_defecation,0.5199,"WHO Global Health Observatory (JMP), ghoapi.azureedge.net"
WPR,2021,urban,sanitation_basic,95.1996,"WHO Global Health Observatory (JMP), ghoapi.azureedge.net"
WPR,2021,urban,sanitation_safely_managed,75.5344,"WHO Global Health Observatory (JMP), ghoapi.azureedge.net"
WPR,2021,urban,water_basic,97.2768,"WHO Global Health Observatory (JMP), ghoapi.azureedge.net"
WPR,2021,urban,water_safely_managed,85.679,"WHO Global Health Observatory (JMP), ghoapi.azureedge.net"
WPR,2022,rural,handwashing_basic,89.7062,"WHO Global Health Observatory (JMP), ghoapi.azureedge.net"
WPR,2022,rural,open_defecation,2.0114,"WHO Global Health Observatory (JMP), ghoapi.azureedge.net"
WPR,2022,rural,sanitation_basic,89.022,"WHO Global Health Observatory (JMP), ghoapi.azureedge.net"
WPR,2022,rural,sanitation_safely_managed,41.9376,"WHO Global Health Observatory (JMP), ghoapi.azureedge.net"
WPR,2022,rural,water_basic,90.1881,"WHO Global Health Observatory (JMP), ghoapi.azureedge.net"
WPR,2022,rural,water_safely_managed,45.3463,"WHO Global Health Observatory (JMP), ghoapi.azureedge.net"
WPR,2022,total,handwashing_basic,93.1644,"WHO Global Health Observatory (JMP), ghoapi.azureedge.net"
WPR,2022,total,open_defecation,1.0493,"WHO Global Health Observatory (JMP), ghoapi.azureedge.net"
WPR,2022,total,sanitation_basic,93.6896,"WHO Global Health Observatory (JMP), ghoapi.azureedge.net"
WPR,2022,total,sanitation_safely_managed,63.3097,"WHO Global Health Observatory (JMP), ghoapi.azureedge.net"
WPR,2022,total,water_basic,94.863,"WHO Global Health Observatory (JMP), ghoapi.azureedge.net"
WPR,2022,total,water_safely_managed,70.9294,"WHO Global Health Observatory (JMP), ghoapi.azureedge.net"
WPR,2022,urban,handwashing_basic,95.1976,"WHO Global Health Observatory (JMP), ghoapi.azureedge.net"
WPR,2022,urban,open_defecation,0.4503,"WHO Global Health Observatory (JMP), ghoapi.azureedge.net"
WPR,2022,urban,sanitation_basic,96.0382,"WHO Global Health Observatory (JMP), ghoapi.azureedge.net"
WPR,2022,urban,sanitation_safely_managed,75.8748,"WHO Global Health Observatory (JMP), ghoapi.azureedge.net"
WPR,2022,urban,water_basic,97.2758,"WHO Global Health Observatory (JMP), ghoapi.azureedge.net"
WPR,2022,urban,water_safely_managed,85.9703,"WHO Global Health Observatory (JMP), ghoapi.azureedge.net"
WPR,2023,rural,handwashing_basic,90.0638,"WHO Global Health Observatory (JMP), ghoapi.azureedge.net"
WPR,2023,rural,open_defecation,1.6638,"WHO Global Health Observatory (JMP), ghoapi.azureedge.net"
WPR,2023,rural,sanitation_basic,91.1507,"WHO Global Health Observatory (JMP), ghoapi.azureedge.net"
WPR,2023,rural,sanitation_safely_managed,43.3706,"WHO Global Health Observatory (JMP), ghoapi.azureedge.net"
WPR,2023,rural,water_basic,91.3737,"WHO Global Health Observatory (JMP), ghoapi.azureedge.net"
WPR,2023,rural,water_safely_managed,45.7106,"WHO Global Health Observatory (JMP), ghoapi.azureedge.net"
WPR,2023,total,handwashing_basic,93.3634,"WHO Global Health Observatory (JMP), ghoapi.azureedge.net"
WPR,2023,total,open_defecation,0.7943,"WHO Global Health Observatory (JMP), ghoapi.azureedge.net"
WPR,2023,total,sanitation_basic,94.8745,"WHO Global Health Observatory (JMP), ghoapi.azureedge.net"
WPR,2023,total,sanitation_safely_managed,64.2605,"WHO Global Health Observatory (JMP), ghoapi.azureedge.net"
WPR,2023,total,water_basic,95.3064,"WHO Global Health Observatory (JMP), ghoapi.azureedge.net"
WPR,2023,total,water_safely_managed,71.5412,"WHO Global Health Observatory (JMP), ghoapi.azureedge.net"
WPR,2023,urban,handwashing_basic,95.2395,"WHO Global Health Observatory (JMP), ghoapi.azureedge.net"
WPR,2023,urban,open_defecation,0.2586,"WHO Global Health Observatory (JMP), ghoapi.azureedge.net"
WPR,2023,urban,sanitation_basic,96.7143,"WHO Global Health Observatory (JMP), ghoapi.azureedge.net"
WPR,2023,urban,sanitation_safely_managed,76.1385,"WHO Global Health Observatory (JMP), ghoapi.azureedge.net"
WPR,2023,urban,water_basic,97.2266,"WHO Global Health Observatory (JMP), ghoapi.azureedge.net"
WPR,2023,urban,water_safely_managed,86.2287,"WHO Global Health Observatory (JMP), ghoapi.azureedge.net"
WPR,2024,rural,handwashing_basic,90.4155,"WHO Global Health Observatory (JMP), ghoapi.azureedge.net"
WPR,2024,rural,open_defecation,1.3145,"WHO Global Health Observatory (JMP), ghoapi.azureedge.net"
WPR,2024,rural,sanitation_basic,91.7601,"WHO Global Health Observatory (JMP), ghoapi.azureedge.net"
WPR,2024,rural,sanitation_safely_managed,44.0448,"WHO Global Health Observatory (JMP), ghoapi.azureedge.net"
WPR,2024,rural,water_basic,91.4016,"WHO Global Health Observatory (JMP), ghoapi.azureedge.net"
WPR,2024,rural,water_safely_managed,58.5537,"WHO Global Health Observatory (JMP), ghoapi.azureedge.net"
WPR,2024,total,handwashing_basic,93.5481,"WHO Global Health Observatory (JMP), ghoapi.azureedge.net"
WPR,2024,total,open_defecation,0.6118,"WHO Global Health Observatory (JMP), ghoapi.azureedge.net"
WPR,2024,total,sanitation_basic,95.1843,"WHO Global Health Observatory (JMP), ghoapi.azureedge.net"
WPR,2024,total,sanitation_safely_managed,64.7499,"WHO Global Health Observatory (JMP), ghoapi.azureedge.net"
WPR,2024,total,water_basic,95.3459,"WHO Global Health Observatory (JMP), ghoapi.azureedge.net"
WPR,2024,total,water_safely_managed,76.3803,"WHO Global Health Observatory (JMP), ghoapi.azureedge.net"
WPR,2024,urban,handwashing_basic,95.2722,"WHO Global Health Observatory (JMP), ghoapi.azureedge.net"
WPR,2024,urban,open_defecation,0.1935,"WHO Global Health Observatory (JMP), ghoapi.azureedge.net"
WPR,2024,urban,sanitation_basic,96.8151,"WHO Global Health Observatory (JMP), ghoapi.azureedge.net"
WPR,2024,urban,sanitation_safely_managed,76.1452,"WHO Global Health Observatory (JMP), ghoapi.azureedge.net"
WPR,2024,urban,water_basic,97.2073,"WHO Global Health Observatory (JMP), ghoapi.azureedge.net"
WPR,2024,urban,water_safely_managed,86.1913,"WHO Global Health Observatory (JMP), ghoapi.azureedge.net"
