rank,forename,incidence,one_in_n,implied_population,gender,gender_pct,flag,source
1,Mary,2229082,48,106995936,Female,99,,"Kaggle jorizivannvillanueva/most-popular-names-in-philippines-dataset (1,000 most common Philippine forenames)"
2,Maria,873664,121,105713344,Female,99,,"Kaggle jorizivannvillanueva/most-popular-names-in-philippines-dataset (1,000 most common Philippine forenames)"
3,John,661521,160,105843360,Male,99,,"Kaggle jorizivannvillanueva/most-popular-names-in-philippines-dataset (1,000 most common Philippine forenames)"
4,Jose,643811,165,106228815,Male,99,,"Kaggle jorizivannvillanueva/most-popular-names-in-philippines-dataset (1,000 most common Philippine forenames)"
5,Mark,630830,168,105979440,Male,100,,"Kaggle jorizivannvillanueva/most-popular-names-in-philippines-dataset (1,000 most common Philippine forenames)"
6,Michael,547421,194,106199674,Male,99,,"Kaggle jorizivannvillanueva/most-popular-names-in-philippines-dataset (1,000 most common Philippine forenames)"
7,Joel,467300,227,106077100,Male,99,,"Kaggle jorizivannvillanueva/most-popular-names-in-philippines-dataset (1,000 most common Philippine forenames)"
8,Romeo,458768,231,105975408,Male,99,,"Kaggle jorizivannvillanueva/most-popular-names-in-philippines-dataset (1,000 most common Philippine forenames)"
9,Antonio,426223,249,106129527,Male,99,,"Kaggle jorizivannvillanueva/most-popular-names-in-philippines-dataset (1,000 most common Philippine forenames)"
10,Reynaldo,415417,255,105931335,Male,99,,"Kaggle jorizivannvillanueva/most-popular-names-in-philippines-dataset (1,000 most common Philippine forenames)"
11,Jocelyn,407964,260,106070640,Female,99,,"Kaggle jorizivannvillanueva/most-popular-names-in-philippines-dataset (1,000 most common Philippine forenames)"
12,Rolando,407600,260,105976000,Male,99,,"Kaggle jorizivannvillanueva/most-popular-names-in-philippines-dataset (1,000 most common Philippine forenames)"
13,Danilo,401658,264,106037712,Male,99,,"Kaggle jorizivannvillanueva/most-popular-names-in-philippines-dataset (1,000 most common Philippine forenames)"
14,Joseph,379099,280,106147720,Male,99,,"Kaggle jorizivannvillanueva/most-popular-names-in-philippines-dataset (1,000 most common Philippine forenames)"
15,Richard,367156,289,106108084,Male,99,,"Kaggle jorizivannvillanueva/most-popular-names-in-philippines-dataset (1,000 most common Philippine forenames)"
16,Rogelio,358406,296,106088176,Male,99,,"Kaggle jorizivannvillanueva/most-popular-names-in-philippines-dataset (1,000 most common Philippine forenames)"
17,Teresita,358163,296,106016248,Female,99,,"Kaggle jorizivannvillanueva/most-popular-names-in-philippines-dataset (1,000 most common Philippine forenames)"
18,Eduardo,354596,299,106024204,Male,99,,"Kaggle jorizivannvillanueva/most-popular-names-in-philippines-dataset (1,000 most common Philippine forenames)"
19,Roberto,353778,300,106133400,Male,99,,"Kaggle jorizivannvillanueva/most-popular-names-in-philippines-dataset (1,000 most common Philippine forenames)"
20,Maricel,328469,323,106095487,Female,99,,"Kaggle jorizivannvillanueva/most-popular-names-in-philippines-dataset (1,000 most common Philippine forenames)"
21,Evelyn,321804,329,105873516,Female,99,,"Kaggle jorizivannvillanueva/most-popular-names-in-philippines-dataset (1,000 most common Philippine forenames)"
22,Josephine,310590,341,105911190,Female,99,,"Kaggle jorizivannvillanueva/most-popular-names-in-philippines-dataset (1,000 most common Philippine forenames)"
23,Ronald,309336,343,106102248,Male,99,,"Kaggle jorizivannvillanueva/most-popular-names-in-philippines-dataset (1,000 most common Philippine forenames)"
24,Rodolfo,305129,347,105879763,Male,99,,"Kaggle jorizivannvillanueva/most-popular-names-in-philippines-dataset (1,000 most common Philippine forenames)"
25,Ernesto,305027,348,106149396,Male,99,,"Kaggle jorizivannvillanueva/most-popular-names-in-philippines-dataset (1,000 most common Philippine forenames)"
26,Mario,301184,352,106016768,Male,99,,"Kaggle jorizivannvillanueva/most-popular-names-in-philippines-dataset (1,000 most common Philippine forenames)"
27,Edwin,292129,363,106042827,Male,99,,"Kaggle jorizivannvillanueva/most-popular-names-in-philippines-dataset (1,000 most common Philippine forenames)"
28,Marilyn,283481,374,106021894,Female,99,,"Kaggle jorizivannvillanueva/most-popular-names-in-philippines-dataset (1,000 most common Philippine forenames)"
29,Rowena,282645,375,105991875,Female,99,,"Kaggle jorizivannvillanueva/most-popular-names-in-philippines-dataset (1,000 most common Philippine forenames)"
30,Alfredo,282274,376,106135024,Male,99,,"Kaggle jorizivannvillanueva/most-popular-names-in-philippines-dataset (1,000 most common Philippine forenames)"
31,Erlinda,281992,376,106028992,Female,99,,"Kaggle jorizivannvillanueva/most-popular-names-in-philippines-dataset (1,000 most common Philippine forenames)"
32,Jennifer,280696,378,106103088,Female,97,,"Kaggle jorizivannvillanueva/most-popular-names-in-philippines-dataset (1,000 most common Philippine forenames)"
33,Noel,279053,380,106040140,Male,99,,"Kaggle jorizivannvillanueva/most-popular-names-in-philippines-dataset (1,000 most common Philippine forenames)"
34,Ricardo,279015,380,106025700,Male,99,,"Kaggle jorizivannvillanueva/most-popular-names-in-philippines-dataset (1,000 most common Philippine forenames)"
35,Jonathan,272990,388,105920120,Male,99,,"Kaggle jorizivannvillanueva/most-popular-names-in-philippines-dataset (1,000 most common Philippine forenames)"
36,Allan,270347,392,105976024,Male,99,,"Kaggle jorizivannvillanueva/most-popular-names-in-philippines-dataset (1,000 most common Philippine forenames)"
37,Francisco,266087,398,105902626,Male,99,,"Kaggle jorizivannvillanueva/most-popular-names-in-philippines-dataset (1,000 most common Philippine forenames)"
38,Marites,266015,399,106139985,Female,99,,"Kaggle jorizivannvillanueva/most-popular-names-in-philippines-dataset (1,000 most common Philippine forenames)"
39,Arnel,264980,400,105992000,Male,99,,"Kaggle jorizivannvillanueva/most-popular-names-in-philippines-dataset (1,000 most common Philippine forenames)"
40,Marlon,264773,400,105909200,Male,99,,"Kaggle jorizivannvillanueva/most-popular-names-in-philippines-dataset (1,000 most common Philippine forenames)"
41,Gina,263879,402,106079358,Female,99,,"Kaggle jorizivannvillanueva/most-popular-names-in-philippines-dataset (1,000 most common Philippine forenames)"
42,Michelle,261145,406,106024870,Female,99,,"Kaggle jorizivannvillanueva/most-popular-names-in-philippines-dataset (1,000 most common Philippine forenames)"
43,Renato,249270,425,105939750,Male,99,,"Kaggle jorizivannvillanueva/most-popular-names-in-philippines-dataset (1,000 most common Philippine forenames)"
44,Jerry,245986,431,106019966,Male,98,,"Kaggle jorizivannvillanueva/most-popular-names-in-philippines-dataset (1,000 most common Philippine forenames)"
45,Elizabeth,245651,432,106121232,Female,99,,"Kaggle jorizivannvillanueva/most-popular-names-in-philippines-dataset (1,000 most common Philippine forenames)"
46,Marilou,242029,438,106008702,Female,99,,"Kaggle jorizivannvillanueva/most-popular-names-in-philippines-dataset (1,000 most common Philippine forenames)"
47,Gloria,239804,442,105993368,Female,99,,"Kaggle jorizivannvillanueva/most-popular-names-in-philippines-dataset (1,000 most common Philippine forenames)"
48,Jeffrey,237305,447,106075335,Male,100,,"Kaggle jorizivannvillanueva/most-popular-names-in-philippines-dataset (1,000 most common Philippine forenames)"
49,Manuel,236492,448,105948416,Male,99,,"Kaggle jorizivannvillanueva/most-popular-names-in-philippines-dataset (1,000 most common Philippine forenames)"
50,Ryan,236394,448,105904512,Male,99,,"Kaggle jorizivannvillanueva/most-popular-names-in-philippines-dataset (1,000 most common Philippine forenames)"
51,Alvin,220675,480,105924000,Male,99,,"Kaggle jorizivannvillanueva/most-popular-names-in-philippines-dataset (1,000 most common Philippine forenames)"
52,Virginia,218869,484,105932596,Female,99,,"Kaggle jorizivannvillanueva/most-popular-names-in-philippines-dataset (1,000 most common Philippine forenames)"
53,Fernando,217893,487,106113891,Male,99,,"Kaggle jorizivannvillanueva/most-popular-names-in-philippines-dataset (1,000 most common Philippine forenames)"
54,Christopher,217444,488,106112672,Male,100,,"Kaggle jorizivannvillanueva/most-popular-names-in-philippines-dataset (1,000 most common Philippine forenames)"
55,Ariel,216873,489,106050897,Male,99,,"Kaggle jorizivannvillanueva/most-popular-names-in-philippines-dataset (1,000 most common Philippine forenames)"
56,Jaime,210343,504,106012872,Male,99,,"Kaggle jorizivannvillanueva/most-popular-names-in-philippines-dataset (1,000 most common Philippine forenames)"
57,Christian,208708,508,106023664,Male,98,,"Kaggle jorizivannvillanueva/most-popular-names-in-philippines-dataset (1,000 most common Philippine forenames)"
58,Dennis,208472,509,106112248,Male,99,,"Kaggle jorizivannvillanueva/most-popular-names-in-philippines-dataset (1,000 most common Philippine forenames)"
59,Jesus,206839,513,106108407,Male,99,,"Kaggle jorizivannvillanueva/most-popular-names-in-philippines-dataset (1,000 most common Philippine forenames)"
60,Jayson,206685,513,106029405,Male,100,,"Kaggle jorizivannvillanueva/most-popular-names-in-philippines-dataset (1,000 most common Philippine forenames)"
61,Rosemarie,205947,515,106062705,Female,99,,"Kaggle jorizivannvillanueva/most-popular-names-in-philippines-dataset (1,000 most common Philippine forenames)"
62,Edgar,205519,516,106047804,Male,99,,"Kaggle jorizivannvillanueva/most-popular-names-in-philippines-dataset (1,000 most common Philippine forenames)"
63,Randy,204952,517,105960184,Male,99,,"Kaggle jorizivannvillanueva/most-popular-names-in-philippines-dataset (1,000 most common Philippine forenames)"
64,Alberto,204829,518,106101422,Male,99,,"Kaggle jorizivannvillanueva/most-popular-names-in-philippines-dataset (1,000 most common Philippine forenames)"
65,Arlene,199898,530,105945940,Female,98,,"Kaggle jorizivannvillanueva/most-popular-names-in-philippines-dataset (1,000 most common Philippine forenames)"
66,Lolita,198391,534,105940794,Female,99,,"Kaggle jorizivannvillanueva/most-popular-names-in-philippines-dataset (1,000 most common Philippine forenames)"
67,Robert,197549,537,106083813,Male,99,,"Kaggle jorizivannvillanueva/most-popular-names-in-philippines-dataset (1,000 most common Philippine forenames)"
68,Jimmy,195918,541,105991638,Male,99,,"Kaggle jorizivannvillanueva/most-popular-names-in-philippines-dataset (1,000 most common Philippine forenames)"
69,Rey,195682,542,106059644,Male,98,,"Kaggle jorizivannvillanueva/most-popular-names-in-philippines-dataset (1,000 most common Philippine forenames)"
70,Marvin,192986,549,105949314,Male,99,,"Kaggle jorizivannvillanueva/most-popular-names-in-philippines-dataset (1,000 most common Philippine forenames)"
71,Analyn,191112,555,106067160,Female,99,,"Kaggle jorizivannvillanueva/most-popular-names-in-philippines-dataset (1,000 most common Philippine forenames)"
72,Pedro,191000,555,106005000,Male,99,,"Kaggle jorizivannvillanueva/most-popular-names-in-philippines-dataset (1,000 most common Philippine forenames)"
73,Arnold,190052,558,106049016,Male,99,,"Kaggle jorizivannvillanueva/most-popular-names-in-philippines-dataset (1,000 most common Philippine forenames)"
74,Elmer,189243,560,105976080,Male,99,,"Kaggle jorizivannvillanueva/most-popular-names-in-philippines-dataset (1,000 most common Philippine forenames)"
75,Wilfredo,187850,564,105947400,Male,99,,"Kaggle jorizivannvillanueva/most-popular-names-in-philippines-dataset (1,000 most common Philippine forenames)"
76,Norma,187320,566,106023120,Female,99,,"Kaggle jorizivannvillanueva/most-popular-names-in-philippines-dataset (1,000 most common Philippine forenames)"
77,Alma,187275,566,105997650,Female,99,,"Kaggle jorizivannvillanueva/most-popular-names-in-philippines-dataset (1,000 most common Philippine forenames)"
78,Helen,186626,568,106003568,Female,99,,"Kaggle jorizivannvillanueva/most-popular-names-in-philippines-dataset (1,000 most common Philippine forenames)"
79,Rodrigo,185967,570,106001190,Male,99,,"Kaggle jorizivannvillanueva/most-popular-names-in-philippines-dataset (1,000 most common Philippine forenames)"
80,Cristina,184708,574,106022392,Female,99,,"Kaggle jorizivannvillanueva/most-popular-names-in-philippines-dataset (1,000 most common Philippine forenames)"
81,Roger,184574,574,105945476,Male,99,,"Kaggle jorizivannvillanueva/most-popular-names-in-philippines-dataset (1,000 most common Philippine forenames)"
82,Nestor,183327,578,105963006,Male,99,,"Kaggle jorizivannvillanueva/most-popular-names-in-philippines-dataset (1,000 most common Philippine forenames)"
83,Vicente,181094,585,105939990,Male,99,,"Kaggle jorizivannvillanueva/most-popular-names-in-philippines-dataset (1,000 most common Philippine forenames)"
84,Myrna,179471,591,106067361,Female,99,,"Kaggle jorizivannvillanueva/most-popular-names-in-philippines-dataset (1,000 most common Philippine forenames)"
85,Imelda,179240,591,105930840,Female,99,,"Kaggle jorizivannvillanueva/most-popular-names-in-philippines-dataset (1,000 most common Philippine forenames)"
86,Lourdes,177821,596,105981316,Female,99,,"Kaggle jorizivannvillanueva/most-popular-names-in-philippines-dataset (1,000 most common Philippine forenames)"
87,Nelson,177016,599,106032584,Male,99,,"Kaggle jorizivannvillanueva/most-popular-names-in-philippines-dataset (1,000 most common Philippine forenames)"
88,Irene,177014,599,106031386,Female,99,,"Kaggle jorizivannvillanueva/most-popular-names-in-philippines-dataset (1,000 most common Philippine forenames)"
89,Jessie,176943,599,105988857,Male,90,,"Kaggle jorizivannvillanueva/most-popular-names-in-philippines-dataset (1,000 most common Philippine forenames)"
90,Corazon,176744,600,106046400,Female,99,,"Kaggle jorizivannvillanueva/most-popular-names-in-philippines-dataset (1,000 most common Philippine forenames)"
91,Leonardo,176698,600,106018800,Male,99,,"Kaggle jorizivannvillanueva/most-popular-names-in-philippines-dataset (1,000 most common Philippine forenames)"
92,Ricky,175313,605,106064365,Male,99,,"Kaggle jorizivannvillanueva/most-popular-names-in-philippines-dataset (1,000 most common Philippine forenames)"
93,Domingo,174725,607,106058075,Male,99,,"Kaggle jorizivannvillanueva/most-popular-names-in-philippines-dataset (1,000 most common Philippine forenames)"
94,Rosita,174394,608,106031552,Female,99,,"Kaggle jorizivannvillanueva/most-popular-names-in-philippines-dataset (1,000 most common Philippine forenames)"
95,Ana,172406,615,106029690,Female,99,,"Kaggle jorizivannvillanueva/most-popular-names-in-philippines-dataset (1,000 most common Philippine forenames)"
96,Rodel,168726,628,105959928,Male,99,,"Kaggle jorizivannvillanueva/most-popular-names-in-philippines-dataset (1,000 most common Philippine forenames)"
97,Evangeline,167717,632,105997144,Female,99,,"Kaggle jorizivannvillanueva/most-popular-names-in-philippines-dataset (1,000 most common Philippine forenames)"
98,Edgardo,167601,633,106091433,Male,99,,"Kaggle jorizivannvillanueva/most-popular-names-in-philippines-dataset (1,000 most common Philippine forenames)"
99,Ruben,165495,641,106082295,Male,99,,"Kaggle jorizivannvillanueva/most-popular-names-in-philippines-dataset (1,000 most common Philippine forenames)"
100,Marissa,165424,641,106036784,Female,99,,"Kaggle jorizivannvillanueva/most-popular-names-in-philippines-dataset (1,000 most common Philippine forenames)"
101,Joan,165338,641,105981658,Female,92,,"Kaggle jorizivannvillanueva/most-popular-names-in-philippines-dataset (1,000 most common Philippine forenames)"
102,Elena,163707,648,106082136,Female,99,,"Kaggle jorizivannvillanueva/most-popular-names-in-philippines-dataset (1,000 most common Philippine forenames)"
103,Gemma,163103,650,106016950,Female,99,,"Kaggle jorizivannvillanueva/most-popular-names-in-philippines-dataset (1,000 most common Philippine forenames)"
104,Marivic,162378,653,106032834,Female,99,,"Kaggle jorizivannvillanueva/most-popular-names-in-philippines-dataset (1,000 most common Philippine forenames)"
105,Lorna,161894,655,106040570,Female,99,,"Kaggle jorizivannvillanueva/most-popular-names-in-philippines-dataset (1,000 most common Philippine forenames)"
106,Grace,161875,655,106028125,Female,99,,"Kaggle jorizivannvillanueva/most-popular-names-in-philippines-dataset (1,000 most common Philippine forenames)"
107,Benjamin,161634,656,106031904,Male,99,,"Kaggle jorizivannvillanueva/most-popular-names-in-philippines-dataset (1,000 most common Philippine forenames)"
108,Rosalie,161155,658,106039990,Female,99,,"Kaggle jorizivannvillanueva/most-popular-names-in-philippines-dataset (1,000 most common Philippine forenames)"
109,Armando,160821,659,105981039,Male,99,,"Kaggle jorizivannvillanueva/most-popular-names-in-philippines-dataset (1,000 most common Philippine forenames)"
110,Felix,160746,659,105931614,Male,99,,"Kaggle jorizivannvillanueva/most-popular-names-in-philippines-dataset (1,000 most common Philippine forenames)"
111,Julie,160406,661,106028366,Female,84,ambiguous,"Kaggle jorizivannvillanueva/most-popular-names-in-philippines-dataset (1,000 most common Philippine forenames)"
112,Vilma,159405,665,106004325,Female,99,,"Kaggle jorizivannvillanueva/most-popular-names-in-philippines-dataset (1,000 most common Philippine forenames)"
113,Ramon,158443,669,105998367,Male,99,,"Kaggle jorizivannvillanueva/most-popular-names-in-philippines-dataset (1,000 most common Philippine forenames)"
114,Nenita,158209,670,106000030,Female,99,,"Kaggle jorizivannvillanueva/most-popular-names-in-philippines-dataset (1,000 most common Philippine forenames)"
115,Virgilio,158084,671,106074364,Male,99,,"Kaggle jorizivannvillanueva/most-popular-names-in-philippines-dataset (1,000 most common Philippine forenames)"
116,Alex,157487,673,105988751,Male,99,,"Kaggle jorizivannvillanueva/most-popular-names-in-philippines-dataset (1,000 most common Philippine forenames)"
117,Zenaida,157192,674,105947408,Female,99,,"Kaggle jorizivannvillanueva/most-popular-names-in-philippines-dataset (1,000 most common Philippine forenames)"
118,Albert,156718,676,105941368,Male,99,,"Kaggle jorizivannvillanueva/most-popular-names-in-philippines-dataset (1,000 most common Philippine forenames)"
119,Catherine,155580,681,105949980,Female,99,,"Kaggle jorizivannvillanueva/most-popular-names-in-philippines-dataset (1,000 most common Philippine forenames)"
120,Efren,152188,697,106075036,Male,99,,"Kaggle jorizivannvillanueva/most-popular-names-in-philippines-dataset (1,000 most common Philippine forenames)"
121,Edna,151821,698,105971058,Female,99,,"Kaggle jorizivannvillanueva/most-popular-names-in-philippines-dataset (1,000 most common Philippine forenames)"
122,Erwin,151280,701,106047280,Male,99,,"Kaggle jorizivannvillanueva/most-popular-names-in-philippines-dataset (1,000 most common Philippine forenames)"
123,Melanie,149837,707,105934759,Female,99,,"Kaggle jorizivannvillanueva/most-popular-names-in-philippines-dataset (1,000 most common Philippine forenames)"
124,Gilbert,149365,710,106049150,Male,99,,"Kaggle jorizivannvillanueva/most-popular-names-in-philippines-dataset (1,000 most common Philippine forenames)"
125,Anthony,148102,716,106041032,Male,99,,"Kaggle jorizivannvillanueva/most-popular-names-in-philippines-dataset (1,000 most common Philippine forenames)"
126,Ronnie,146538,723,105946974,Male,99,,"Kaggle jorizivannvillanueva/most-popular-names-in-philippines-dataset (1,000 most common Philippine forenames)"
127,Jay,145401,729,105997329,Male,91,,"Kaggle jorizivannvillanueva/most-popular-names-in-philippines-dataset (1,000 most common Philippine forenames)"
128,Susan,145171,730,105974830,Female,99,,"Kaggle jorizivannvillanueva/most-popular-names-in-philippines-dataset (1,000 most common Philippine forenames)"
129,Rommel,144779,732,105978228,Male,100,,"Kaggle jorizivannvillanueva/most-popular-names-in-philippines-dataset (1,000 most common Philippine forenames)"
130,Joselito,141957,747,106041879,Male,99,,"Kaggle jorizivannvillanueva/most-popular-names-in-philippines-dataset (1,000 most common Philippine forenames)"
131,Julius,140919,752,105971088,Male,99,,"Kaggle jorizivannvillanueva/most-popular-names-in-philippines-dataset (1,000 most common Philippine forenames)"
132,Victor,140904,752,105959808,Male,99,,"Kaggle jorizivannvillanueva/most-popular-names-in-philippines-dataset (1,000 most common Philippine forenames)"
133,Ruel,140632,754,106036528,Male,99,,"Kaggle jorizivannvillanueva/most-popular-names-in-philippines-dataset (1,000 most common Philippine forenames)"
134,Rose,140375,755,105983125,Female,99,,"Kaggle jorizivannvillanueva/most-popular-names-in-philippines-dataset (1,000 most common Philippine forenames)"
135,Juanito,139714,759,106042926,Male,99,,"Kaggle jorizivannvillanueva/most-popular-names-in-philippines-dataset (1,000 most common Philippine forenames)"
136,Alexander,139204,762,106073448,Male,99,,"Kaggle jorizivannvillanueva/most-popular-names-in-philippines-dataset (1,000 most common Philippine forenames)"
137,Fe,138500,765,105952500,Female,99,,"Kaggle jorizivannvillanueva/most-popular-names-in-philippines-dataset (1,000 most common Philippine forenames)"
138,Jenny,138347,766,105973802,Female,94,,"Kaggle jorizivannvillanueva/most-popular-names-in-philippines-dataset (1,000 most common Philippine forenames)"
139,Rosalinda,137972,768,105962496,Female,99,,"Kaggle jorizivannvillanueva/most-popular-names-in-philippines-dataset (1,000 most common Philippine forenames)"
140,Rene,137916,769,106057404,Male,97,,"Kaggle jorizivannvillanueva/most-popular-names-in-philippines-dataset (1,000 most common Philippine forenames)"
141,Henry,137384,772,106060448,Male,99,,"Kaggle jorizivannvillanueva/most-popular-names-in-philippines-dataset (1,000 most common Philippine forenames)"
142,Cesar,134803,786,105955158,Male,99,,"Kaggle jorizivannvillanueva/most-popular-names-in-philippines-dataset (1,000 most common Philippine forenames)"
143,Cherry,134590,788,106056920,Female,98,,"Kaggle jorizivannvillanueva/most-popular-names-in-philippines-dataset (1,000 most common Philippine forenames)"
144,Maribel,133429,795,106076055,Female,99,,"Kaggle jorizivannvillanueva/most-popular-names-in-philippines-dataset (1,000 most common Philippine forenames)"
145,Eric,133342,795,106006890,Male,99,,"Kaggle jorizivannvillanueva/most-popular-names-in-philippines-dataset (1,000 most common Philippine forenames)"
146,Emma,132490,800,105992000,Female,99,,"Kaggle jorizivannvillanueva/most-popular-names-in-philippines-dataset (1,000 most common Philippine forenames)"
147,Salvador,132071,803,106053013,Male,99,,"Kaggle jorizivannvillanueva/most-popular-names-in-philippines-dataset (1,000 most common Philippine forenames)"
148,Dominador,129422,819,105996618,Male,99,,"Kaggle jorizivannvillanueva/most-popular-names-in-philippines-dataset (1,000 most common Philippine forenames)"
149,Remedios,128941,822,105989502,Female,99,,"Kaggle jorizivannvillanueva/most-popular-names-in-philippines-dataset (1,000 most common Philippine forenames)"
150,Josefina,128877,823,106065771,Female,99,,"Kaggle jorizivannvillanueva/most-popular-names-in-philippines-dataset (1,000 most common Philippine forenames)"
151,Joy,128165,827,105992455,Female,84,ambiguous,"Kaggle jorizivannvillanueva/most-popular-names-in-philippines-dataset (1,000 most common Philippine forenames)"
152,Ramil,127833,829,105973557,Male,99,,"Kaggle jorizivannvillanueva/most-popular-names-in-philippines-dataset (1,000 most common Philippine forenames)"
153,Carlito,126126,841,106071966,Male,99,,"Kaggle jorizivannvillanueva/most-popular-names-in-philippines-dataset (1,000 most common Philippine forenames)"
154,Francis,125757,843,106013151,Male,97,,"Kaggle jorizivannvillanueva/most-popular-names-in-philippines-dataset (1,000 most common Philippine forenames)"
155,Daniel,125435,845,105992575,Male,99,,"Kaggle jorizivannvillanueva/most-popular-names-in-philippines-dataset (1,000 most common Philippine forenames)"
156,Joey,124772,850,106056200,Male,98,,"Kaggle jorizivannvillanueva/most-popular-names-in-philippines-dataset (1,000 most common Philippine forenames)"
157,Dante,123889,856,106048984,Male,99,,"Kaggle jorizivannvillanueva/most-popular-names-in-philippines-dataset (1,000 most common Philippine forenames)"
158,Lilia,123158,861,106039038,Female,99,,"Kaggle jorizivannvillanueva/most-popular-names-in-philippines-dataset (1,000 most common Philippine forenames)"
159,James,122714,864,106024896,Male,99,,"Kaggle jorizivannvillanueva/most-popular-names-in-philippines-dataset (1,000 most common Philippine forenames)"
160,Anita,121804,870,105969480,Female,99,,"Kaggle jorizivannvillanueva/most-popular-names-in-philippines-dataset (1,000 most common Philippine forenames)"
161,Milagros,121307,874,106022318,Female,99,,"Kaggle jorizivannvillanueva/most-popular-names-in-philippines-dataset (1,000 most common Philippine forenames)"
162,Lydia,120969,876,105968844,Female,99,,"Kaggle jorizivannvillanueva/most-popular-names-in-philippines-dataset (1,000 most common Philippine forenames)"
163,Rebecca,120896,877,106025792,Female,99,,"Kaggle jorizivannvillanueva/most-popular-names-in-philippines-dataset (1,000 most common Philippine forenames)"
164,Emily,120654,879,106054866,Female,99,,"Kaggle jorizivannvillanueva/most-popular-names-in-philippines-dataset (1,000 most common Philippine forenames)"
165,Juan,120478,880,106020640,Male,99,,"Kaggle jorizivannvillanueva/most-popular-names-in-philippines-dataset (1,000 most common Philippine forenames)"
166,Daisy,120130,882,105954660,Female,99,,"Kaggle jorizivannvillanueva/most-popular-names-in-philippines-dataset (1,000 most common Philippine forenames)"
167,Sarah,120100,883,106048300,Female,99,,"Kaggle jorizivannvillanueva/most-popular-names-in-philippines-dataset (1,000 most common Philippine forenames)"
168,Alejandro,119714,886,106066604,Male,99,,"Kaggle jorizivannvillanueva/most-popular-names-in-philippines-dataset (1,000 most common Philippine forenames)"
169,Anna,118047,898,106006206,Female,99,,"Kaggle jorizivannvillanueva/most-popular-names-in-philippines-dataset (1,000 most common Philippine forenames)"
170,Leo,117897,899,105989403,Male,99,,"Kaggle jorizivannvillanueva/most-popular-names-in-philippines-dataset (1,000 most common Philippine forenames)"
171,Janice,117604,901,105961204,Female,99,,"Kaggle jorizivannvillanueva/most-popular-names-in-philippines-dataset (1,000 most common Philippine forenames)"
172,Carlos,117420,903,106030260,Male,99,,"Kaggle jorizivannvillanueva/most-popular-names-in-philippines-dataset (1,000 most common Philippine forenames)"
173,Rosario,117169,905,106037945,Female,96,,"Kaggle jorizivannvillanueva/most-popular-names-in-philippines-dataset (1,000 most common Philippine forenames)"
174,Carmelita,117079,905,105956495,Female,99,,"Kaggle jorizivannvillanueva/most-popular-names-in-philippines-dataset (1,000 most common Philippine forenames)"
175,Victoria,116614,909,106002126,Female,99,,"Kaggle jorizivannvillanueva/most-popular-names-in-philippines-dataset (1,000 most common Philippine forenames)"
176,Delia,116113,913,106011169,Female,99,,"Kaggle jorizivannvillanueva/most-popular-names-in-philippines-dataset (1,000 most common Philippine forenames)"
177,Samuel,115006,922,106035532,Male,99,,"Kaggle jorizivannvillanueva/most-popular-names-in-philippines-dataset (1,000 most common Philippine forenames)"
178,William,114847,923,106003781,Male,99,,"Kaggle jorizivannvillanueva/most-popular-names-in-philippines-dataset (1,000 most common Philippine forenames)"
179,Julieta,113774,932,106037368,Female,99,,"Kaggle jorizivannvillanueva/most-popular-names-in-philippines-dataset (1,000 most common Philippine forenames)"
180,Editha,113682,933,106065306,Female,99,,"Kaggle jorizivannvillanueva/most-popular-names-in-philippines-dataset (1,000 most common Philippine forenames)"
181,Ferdinand,113239,936,105991704,Male,99,,"Kaggle jorizivannvillanueva/most-popular-names-in-philippines-dataset (1,000 most common Philippine forenames)"
182,Emmanuel,112959,938,105955542,Male,99,,"Kaggle jorizivannvillanueva/most-popular-names-in-philippines-dataset (1,000 most common Philippine forenames)"
183,Cecilia,112633,941,105987653,Female,99,,"Kaggle jorizivannvillanueva/most-popular-names-in-philippines-dataset (1,000 most common Philippine forenames)"
184,Rolly,112002,946,105953892,Male,99,,"Kaggle jorizivannvillanueva/most-popular-names-in-philippines-dataset (1,000 most common Philippine forenames)"
185,Christine,110719,957,105958083,Female,99,,"Kaggle jorizivannvillanueva/most-popular-names-in-philippines-dataset (1,000 most common Philippine forenames)"
186,Aida,110225,962,106036450,Female,99,,"Kaggle jorizivannvillanueva/most-popular-names-in-philippines-dataset (1,000 most common Philippine forenames)"
187,Yolanda,110016,964,106055424,Female,99,,"Kaggle jorizivannvillanueva/most-popular-names-in-philippines-dataset (1,000 most common Philippine forenames)"
188,Roy,109025,972,105972300,Male,99,,"Kaggle jorizivannvillanueva/most-popular-names-in-philippines-dataset (1,000 most common Philippine forenames)"
189,Ronaldo,108946,973,106004458,Male,99,,"Kaggle jorizivannvillanueva/most-popular-names-in-philippines-dataset (1,000 most common Philippine forenames)"
190,Rosalina,108708,975,105990300,Female,99,,"Kaggle jorizivannvillanueva/most-popular-names-in-philippines-dataset (1,000 most common Philippine forenames)"
191,Jessica,108692,975,105974700,Female,99,,"Kaggle jorizivannvillanueva/most-popular-names-in-philippines-dataset (1,000 most common Philippine forenames)"
192,Jomar,108330,979,106055070,Male,99,,"Kaggle jorizivannvillanueva/most-popular-names-in-philippines-dataset (1,000 most common Philippine forenames)"
193,Jean,107723,984,105999432,Female,94,,"Kaggle jorizivannvillanueva/most-popular-names-in-philippines-dataset (1,000 most common Philippine forenames)"
194,Eddie,106791,993,106043463,Male,99,,"Kaggle jorizivannvillanueva/most-popular-names-in-philippines-dataset (1,000 most common Philippine forenames)"
195,Orlando,105422,1006,106054532,Male,99,,"Kaggle jorizivannvillanueva/most-popular-names-in-philippines-dataset (1,000 most common Philippine forenames)"
196,Alicia,103886,1020,105963720,Female,99,,"Kaggle jorizivannvillanueva/most-popular-names-in-philippines-dataset (1,000 most common Philippine forenames)"
197,Gregorio,103839,1021,106019619,Male,99,,"Kaggle jorizivannvillanueva/most-popular-names-in-philippines-dataset (1,000 most common Philippine forenames)"
198,Leonora,103353,1026,106040178,Female,99,,"Kaggle jorizivannvillanueva/most-popular-names-in-philippines-dataset (1,000 most common Philippine forenames)"
199,Violeta,103075,1028,105961100,Female,99,,"Kaggle jorizivannvillanueva/most-popular-names-in-philippines-dataset (1,000 most common Philippine forenames)"
200,Raul,102440,1035,106025400,Male,99,,"Kaggle jorizivannvillanueva/most-popular-names-in-philippines-dataset (1,000 most common Philippine forenames)"
201,Jerome,102316,1036,105999376,Male,99,,"Kaggle jorizivannvillanueva/most-popular-names-in-philippines-dataset (1,000 most common Philippine forenames)"
202,Bernardo,101729,1042,106001618,Male,99,,"Kaggle jorizivannvillanueva/most-popular-names-in-philippines-dataset (1,000 most common Philippine forenames)"
203,Liza,101583,1044,106052652,Female,99,,"Kaggle jorizivannvillanueva/most-popular-names-in-philippines-dataset (1,000 most common Philippine forenames)"
204,Felipe,101194,1048,106051312,Male,99,,"Kaggle jorizivannvillanueva/most-popular-names-in-philippines-dataset (1,000 most common Philippine forenames)"
205,Melvin,100971,1050,106019550,Male,98,,"Kaggle jorizivannvillanueva/most-popular-names-in-philippines-dataset (1,000 most common Philippine forenames)"
206,Elsa,100915,1050,105960750,Female,99,,"Kaggle jorizivannvillanueva/most-popular-names-in-philippines-dataset (1,000 most common Philippine forenames)"
207,Oscar,100878,1051,106022778,Male,99,,"Kaggle jorizivannvillanueva/most-popular-names-in-philippines-dataset (1,000 most common Philippine forenames)"
208,Rafael,100472,1055,105997960,Male,99,,"Kaggle jorizivannvillanueva/most-popular-names-in-philippines-dataset (1,000 most common Philippine forenames)"
209,Angelito,100268,1057,105983276,Male,99,,"Kaggle jorizivannvillanueva/most-popular-names-in-philippines-dataset (1,000 most common Philippine forenames)"
210,Bonifacio,99770,1063,106055510,Male,99,,"Kaggle jorizivannvillanueva/most-popular-names-in-philippines-dataset (1,000 most common Philippine forenames)"
211,Raquel,99638,1064,106014832,Female,97,,"Kaggle jorizivannvillanueva/most-popular-names-in-philippines-dataset (1,000 most common Philippine forenames)"
212,Larry,99363,1067,106020321,Male,99,,"Kaggle jorizivannvillanueva/most-popular-names-in-philippines-dataset (1,000 most common Philippine forenames)"
213,Aileen,99059,1070,105993130,Female,99,,"Kaggle jorizivannvillanueva/most-popular-names-in-philippines-dataset (1,000 most common Philippine forenames)"
214,Karen,98933,1072,106056176,Female,99,,"Kaggle jorizivannvillanueva/most-popular-names-in-philippines-dataset (1,000 most common Philippine forenames)"
215,Analiza,98779,1073,105989867,Female,99,,"Kaggle jorizivannvillanueva/most-popular-names-in-philippines-dataset (1,000 most common Philippine forenames)"
216,Bryan,98118,1080,105967440,Male,100,,"Kaggle jorizivannvillanueva/most-popular-names-in-philippines-dataset (1,000 most common Philippine forenames)"
217,Lea,97126,1091,105964466,Female,99,,"Kaggle jorizivannvillanueva/most-popular-names-in-philippines-dataset (1,000 most common Philippine forenames)"
218,Wilma,97097,1092,106029924,Female,99,,"Kaggle jorizivannvillanueva/most-popular-names-in-philippines-dataset (1,000 most common Philippine forenames)"
219,Marlyn,96950,1093,105966350,Female,99,,"Kaggle jorizivannvillanueva/most-popular-names-in-philippines-dataset (1,000 most common Philippine forenames)"
220,Raymond,96927,1094,106038138,Male,100,,"Kaggle jorizivannvillanueva/most-popular-names-in-philippines-dataset (1,000 most common Philippine forenames)"
221,Arturo,96906,1094,106015164,Male,99,,"Kaggle jorizivannvillanueva/most-popular-names-in-philippines-dataset (1,000 most common Philippine forenames)"
222,Marie,96604,1097,105974588,Female,99,,"Kaggle jorizivannvillanueva/most-popular-names-in-philippines-dataset (1,000 most common Philippine forenames)"
223,Judith,96035,1104,106022640,Female,98,,"Kaggle jorizivannvillanueva/most-popular-names-in-philippines-dataset (1,000 most common Philippine forenames)"
224,Jovelyn,95902,1105,105971710,Female,99,,"Kaggle jorizivannvillanueva/most-popular-names-in-philippines-dataset (1,000 most common Philippine forenames)"
225,Susana,95730,1107,105973110,Female,99,,"Kaggle jorizivannvillanueva/most-popular-names-in-philippines-dataset (1,000 most common Philippine forenames)"
226,Romulo,95557,1109,105972713,Male,99,,"Kaggle jorizivannvillanueva/most-popular-names-in-philippines-dataset (1,000 most common Philippine forenames)"
227,Nancy,95456,1111,106051616,Female,99,,"Kaggle jorizivannvillanueva/most-popular-names-in-philippines-dataset (1,000 most common Philippine forenames)"
228,April,95423,1111,106014953,Female,93,,"Kaggle jorizivannvillanueva/most-popular-names-in-philippines-dataset (1,000 most common Philippine forenames)"
229,Dolores,95223,1113,105983199,Female,99,,"Kaggle jorizivannvillanueva/most-popular-names-in-philippines-dataset (1,000 most common Philippine forenames)"
230,George,94775,1119,106053225,Male,99,,"Kaggle jorizivannvillanueva/most-popular-names-in-philippines-dataset (1,000 most common Philippine forenames)"
231,Nora,93847,1130,106047110,Female,99,,"Kaggle jorizivannvillanueva/most-popular-names-in-philippines-dataset (1,000 most common Philippine forenames)"
232,Angelita,93558,1133,106001214,Female,99,,"Kaggle jorizivannvillanueva/most-popular-names-in-philippines-dataset (1,000 most common Philippine forenames)"
233,May,93417,1135,106028295,Female,99,,"Kaggle jorizivannvillanueva/most-popular-names-in-philippines-dataset (1,000 most common Philippine forenames)"
234,Melchor,93096,1139,106036344,Male,99,,"Kaggle jorizivannvillanueva/most-popular-names-in-philippines-dataset (1,000 most common Philippine forenames)"
235,Ruby,92792,1142,105968464,Female,95,,"Kaggle jorizivannvillanueva/most-popular-names-in-philippines-dataset (1,000 most common Philippine forenames)"
236,Salvacion,92422,1147,106008034,Female,99,,"Kaggle jorizivannvillanueva/most-popular-names-in-philippines-dataset (1,000 most common Philippine forenames)"
237,Jonalyn,91677,1156,105978612,Female,99,,"Kaggle jorizivannvillanueva/most-popular-names-in-philippines-dataset (1,000 most common Philippine forenames)"
238,Luzviminda,91657,1157,106047149,Female,99,,"Kaggle jorizivannvillanueva/most-popular-names-in-philippines-dataset (1,000 most common Philippine forenames)"
239,Juliet,91631,1157,106017067,Female,99,,"Kaggle jorizivannvillanueva/most-popular-names-in-philippines-dataset (1,000 most common Philippine forenames)"
240,Paul,91569,1158,106036902,Male,99,,"Kaggle jorizivannvillanueva/most-popular-names-in-philippines-dataset (1,000 most common Philippine forenames)"
241,Lilibeth,91546,1158,106010268,Female,99,,"Kaggle jorizivannvillanueva/most-popular-names-in-philippines-dataset (1,000 most common Philippine forenames)"
242,Mylene,91252,1162,106034824,Female,99,,"Kaggle jorizivannvillanueva/most-popular-names-in-philippines-dataset (1,000 most common Philippine forenames)"
243,Elvira,91175,1163,106036525,Female,99,,"Kaggle jorizivannvillanueva/most-popular-names-in-philippines-dataset (1,000 most common Philippine forenames)"
244,Roselyn,89623,1183,106024009,Female,99,,"Kaggle jorizivannvillanueva/most-popular-names-in-philippines-dataset (1,000 most common Philippine forenames)"
245,Margie,88936,1192,106011712,Female,99,,"Kaggle jorizivannvillanueva/most-popular-names-in-philippines-dataset (1,000 most common Philippine forenames)"
246,Juanita,88537,1197,105978789,Female,99,,"Kaggle jorizivannvillanueva/most-popular-names-in-philippines-dataset (1,000 most common Philippine forenames)"
247,Janet,88200,1202,106016400,Female,99,,"Kaggle jorizivannvillanueva/most-popular-names-in-philippines-dataset (1,000 most common Philippine forenames)"
248,Romel,88172,1202,105982744,Male,99,,"Kaggle jorizivannvillanueva/most-popular-names-in-philippines-dataset (1,000 most common Philippine forenames)"
249,Fatima,87621,1210,106021410,Female,99,,"Kaggle jorizivannvillanueva/most-popular-names-in-philippines-dataset (1,000 most common Philippine forenames)"
250,Shirley,86571,1225,106049475,Female,99,,"Kaggle jorizivannvillanueva/most-popular-names-in-philippines-dataset (1,000 most common Philippine forenames)"
251,Leah,86510,1225,105974750,Female,99,,"Kaggle jorizivannvillanueva/most-popular-names-in-philippines-dataset (1,000 most common Philippine forenames)"
252,Glenn,86300,1228,105976400,Male,95,,"Kaggle jorizivannvillanueva/most-popular-names-in-philippines-dataset (1,000 most common Philippine forenames)"
253,Roel,86171,1230,105990330,Male,99,,"Kaggle jorizivannvillanueva/most-popular-names-in-philippines-dataset (1,000 most common Philippine forenames)"
254,Geraldine,85516,1240,106039840,Female,98,,"Kaggle jorizivannvillanueva/most-popular-names-in-philippines-dataset (1,000 most common Philippine forenames)"
255,Jason,85417,1241,106002497,Male,100,,"Kaggle jorizivannvillanueva/most-popular-names-in-philippines-dataset (1,000 most common Philippine forenames)"
256,Mercy,83683,1267,106026361,Female,99,,"Kaggle jorizivannvillanueva/most-popular-names-in-philippines-dataset (1,000 most common Philippine forenames)"
257,Federico,83324,1272,105988128,Male,99,,"Kaggle jorizivannvillanueva/most-popular-names-in-philippines-dataset (1,000 most common Philippine forenames)"
258,Lorena,82742,1281,105992502,Female,99,,"Kaggle jorizivannvillanueva/most-popular-names-in-philippines-dataset (1,000 most common Philippine forenames)"
259,Wilson,82397,1287,106044939,Male,99,,"Kaggle jorizivannvillanueva/most-popular-names-in-philippines-dataset (1,000 most common Philippine forenames)"
260,Jenelyn,81841,1295,105984095,Female,99,,"Kaggle jorizivannvillanueva/most-popular-names-in-philippines-dataset (1,000 most common Philippine forenames)"
261,Darwin,81513,1301,106048413,Male,99,,"Kaggle jorizivannvillanueva/most-popular-names-in-philippines-dataset (1,000 most common Philippine forenames)"
262,Leonila,81270,1304,105976080,Female,99,,"Kaggle jorizivannvillanueva/most-popular-names-in-philippines-dataset (1,000 most common Philippine forenames)"
263,Lucia,81191,1306,106035446,Female,99,,"Kaggle jorizivannvillanueva/most-popular-names-in-philippines-dataset (1,000 most common Philippine forenames)"
264,Thelma,80509,1317,106030353,Female,99,,"Kaggle jorizivannvillanueva/most-popular-names-in-philippines-dataset (1,000 most common Philippine forenames)"
265,Eva,80419,1318,105992242,Female,99,,"Kaggle jorizivannvillanueva/most-popular-names-in-philippines-dataset (1,000 most common Philippine forenames)"
266,Leticia,80380,1319,106021220,Female,99,,"Kaggle jorizivannvillanueva/most-popular-names-in-philippines-dataset (1,000 most common Philippine forenames)"
267,Estrella,79827,1328,106010256,Female,99,,"Kaggle jorizivannvillanueva/most-popular-names-in-philippines-dataset (1,000 most common Philippine forenames)"
268,Shiela,79668,1331,106038108,Female,99,,"Kaggle jorizivannvillanueva/most-popular-names-in-philippines-dataset (1,000 most common Philippine forenames)"
269,Sheryl,79465,1334,106006310,Female,99,,"Kaggle jorizivannvillanueva/most-popular-names-in-philippines-dataset (1,000 most common Philippine forenames)"
270,Angelo,79413,1335,106016355,Male,99,,"Kaggle jorizivannvillanueva/most-popular-names-in-philippines-dataset (1,000 most common Philippine forenames)"
271,Gerald,79375,1336,106045000,Male,99,,"Kaggle jorizivannvillanueva/most-popular-names-in-philippines-dataset (1,000 most common Philippine forenames)"
272,Pablo,78533,1350,106019550,Male,99,,"Kaggle jorizivannvillanueva/most-popular-names-in-philippines-dataset (1,000 most common Philippine forenames)"
273,Marina,78396,1352,105991392,Female,99,,"Kaggle jorizivannvillanueva/most-popular-names-in-philippines-dataset (1,000 most common Philippine forenames)"
274,Johnny,77592,1366,105990672,Male,99,,"Kaggle jorizivannvillanueva/most-popular-names-in-philippines-dataset (1,000 most common Philippine forenames)"
275,Marcelo,77584,1366,105979744,Male,99,,"Kaggle jorizivannvillanueva/most-popular-names-in-philippines-dataset (1,000 most common Philippine forenames)"
276,Angelica,77531,1367,105984877,Female,99,,"Kaggle jorizivannvillanueva/most-popular-names-in-philippines-dataset (1,000 most common Philippine forenames)"
277,Sonny,77489,1368,106004952,Male,98,,"Kaggle jorizivannvillanueva/most-popular-names-in-philippines-dataset (1,000 most common Philippine forenames)"
278,Roderick,77196,1373,105990108,Male,100,,"Kaggle jorizivannvillanueva/most-popular-names-in-philippines-dataset (1,000 most common Philippine forenames)"
279,Marcelino,77151,1374,106005474,Male,99,,"Kaggle jorizivannvillanueva/most-popular-names-in-philippines-dataset (1,000 most common Philippine forenames)"
280,Rudy,76633,1383,105983439,Male,99,,"Kaggle jorizivannvillanueva/most-popular-names-in-philippines-dataset (1,000 most common Philippine forenames)"
281,Elisa,76571,1384,105974264,Female,99,,"Kaggle jorizivannvillanueva/most-popular-names-in-philippines-dataset (1,000 most common Philippine forenames)"
282,Elsie,76040,1394,105999760,Female,99,,"Kaggle jorizivannvillanueva/most-popular-names-in-philippines-dataset (1,000 most common Philippine forenames)"
283,Marjorie,75582,1403,106041546,Female,99,,"Kaggle jorizivannvillanueva/most-popular-names-in-philippines-dataset (1,000 most common Philippine forenames)"
284,Oliver,75353,1407,106021671,Male,99,,"Kaggle jorizivannvillanueva/most-popular-names-in-philippines-dataset (1,000 most common Philippine forenames)"
285,Agnes,74585,1421,105985285,Female,99,,"Kaggle jorizivannvillanueva/most-popular-names-in-philippines-dataset (1,000 most common Philippine forenames)"
286,Sheila,74582,1421,105981022,Female,99,,"Kaggle jorizivannvillanueva/most-popular-names-in-philippines-dataset (1,000 most common Philippine forenames)"
287,Teresa,73836,1436,106028496,Female,99,,"Kaggle jorizivannvillanueva/most-popular-names-in-philippines-dataset (1,000 most common Philippine forenames)"
288,Danny,73618,1440,106009920,Male,99,,"Kaggle jorizivannvillanueva/most-popular-names-in-philippines-dataset (1,000 most common Philippine forenames)"
289,Gerry,72834,1455,105973470,Male,99,,"Kaggle jorizivannvillanueva/most-popular-names-in-philippines-dataset (1,000 most common Philippine forenames)"
290,Judy,72775,1457,106033175,Female,67,ambiguous,"Kaggle jorizivannvillanueva/most-popular-names-in-philippines-dataset (1,000 most common Philippine forenames)"
291,Charlie,72663,1459,106015317,Male,96,,"Kaggle jorizivannvillanueva/most-popular-names-in-philippines-dataset (1,000 most common Philippine forenames)"
292,Ian,72632,1460,106042720,Male,97,,"Kaggle jorizivannvillanueva/most-popular-names-in-philippines-dataset (1,000 most common Philippine forenames)"
293,Hazel,72626,1460,106033960,Female,98,,"Kaggle jorizivannvillanueva/most-popular-names-in-philippines-dataset (1,000 most common Philippine forenames)"
294,Roland,72592,1460,105984320,Male,99,,"Kaggle jorizivannvillanueva/most-popular-names-in-philippines-dataset (1,000 most common Philippine forenames)"
295,Rhea,72495,1462,105987690,Female,99,,"Kaggle jorizivannvillanueva/most-popular-names-in-philippines-dataset (1,000 most common Philippine forenames)"
296,Renante,72276,1467,106028892,Male,99,,"Kaggle jorizivannvillanueva/most-popular-names-in-philippines-dataset (1,000 most common Philippine forenames)"
297,Arlyn,72143,1469,105978067,Female,99,,"Kaggle jorizivannvillanueva/most-popular-names-in-philippines-dataset (1,000 most common Philippine forenames)"
298,Peter,72006,1472,105992832,Male,99,,"Kaggle jorizivannvillanueva/most-popular-names-in-philippines-dataset (1,000 most common Philippine forenames)"
299,Marife,71586,1481,106018866,Female,99,,"Kaggle jorizivannvillanueva/most-popular-names-in-philippines-dataset (1,000 most common Philippine forenames)"
300,Myra,71558,1481,105977398,Female,99,,"Kaggle jorizivannvillanueva/most-popular-names-in-philippines-dataset (1,000 most common Philippine forenames)"
301,Gerardo,71516,1482,105986712,Male,99,,"Kaggle jorizivannvillanueva/most-popular-names-in-philippines-dataset (1,000 most common Philippine forenames)"
302,Carlo,71473,1483,105994459,Male,100,,"Kaggle jorizivannvillanueva/most-popular-names-in-philippines-dataset (1,000 most common Philippine forenames)"
303,Angelina,70751,1498,105984998,Female,99,,"Kaggle jorizivannvillanueva/most-popular-names-in-philippines-dataset (1,000 most common Philippine forenames)"
304,Flordeliza,70676,1500,106014000,Female,99,,"Kaggle jorizivannvillanueva/most-popular-names-in-philippines-dataset (1,000 most common Philippine forenames)"
305,Lito,70627,1501,106011127,Male,99,,"Kaggle jorizivannvillanueva/most-popular-names-in-philippines-dataset (1,000 most common Philippine forenames)"
306,Rico,70522,1503,105994566,Male,99,,"Kaggle jorizivannvillanueva/most-popular-names-in-philippines-dataset (1,000 most common Philippine forenames)"
307,Jessa,70390,1506,106007340,Female,99,,"Kaggle jorizivannvillanueva/most-popular-names-in-philippines-dataset (1,000 most common Philippine forenames)"
308,Diana,70359,1507,106031013,Female,99,,"Kaggle jorizivannvillanueva/most-popular-names-in-philippines-dataset (1,000 most common Philippine forenames)"
309,Regina,70092,1512,105979104,Female,99,,"Kaggle jorizivannvillanueva/most-popular-names-in-philippines-dataset (1,000 most common Philippine forenames)"
310,Edward,69938,1516,106026008,Male,100,,"Kaggle jorizivannvillanueva/most-popular-names-in-philippines-dataset (1,000 most common Philippine forenames)"
311,Vivian,69902,1517,106041334,Female,99,,"Kaggle jorizivannvillanueva/most-popular-names-in-philippines-dataset (1,000 most common Philippine forenames)"
312,Nida,69900,1517,106038300,Female,99,,"Kaggle jorizivannvillanueva/most-popular-names-in-philippines-dataset (1,000 most common Philippine forenames)"
313,Kenneth,69836,1518,106011048,Male,92,,"Kaggle jorizivannvillanueva/most-popular-names-in-philippines-dataset (1,000 most common Philippine forenames)"
314,Andres,69456,1526,105989856,Male,99,,"Kaggle jorizivannvillanueva/most-popular-names-in-philippines-dataset (1,000 most common Philippine forenames)"
315,Ofelia,69326,1529,105999454,Female,99,,"Kaggle jorizivannvillanueva/most-popular-names-in-philippines-dataset (1,000 most common Philippine forenames)"
316,Luis,69282,1530,106001460,Male,99,,"Kaggle jorizivannvillanueva/most-popular-names-in-philippines-dataset (1,000 most common Philippine forenames)"
317,Kristine,68972,1537,106009964,Female,100,,"Kaggle jorizivannvillanueva/most-popular-names-in-philippines-dataset (1,000 most common Philippine forenames)"
318,Carmen,68849,1540,106027460,Female,99,,"Kaggle jorizivannvillanueva/most-popular-names-in-philippines-dataset (1,000 most common Philippine forenames)"
319,Jane,68623,1545,106022535,Female,98,,"Kaggle jorizivannvillanueva/most-popular-names-in-philippines-dataset (1,000 most common Philippine forenames)"
320,Ruth,68539,1547,106029833,Female,99,,"Kaggle jorizivannvillanueva/most-popular-names-in-philippines-dataset (1,000 most common Philippine forenames)"
321,Merlyn,68167,1555,105999685,Female,99,,"Kaggle jorizivannvillanueva/most-popular-names-in-philippines-dataset (1,000 most common Philippine forenames)"
322,Elma,68009,1559,106026031,Female,99,,"Kaggle jorizivannvillanueva/most-popular-names-in-philippines-dataset (1,000 most common Philippine forenames)"
323,Amelia,67644,1567,105998148,Female,99,,"Kaggle jorizivannvillanueva/most-popular-names-in-philippines-dataset (1,000 most common Philippine forenames)"
324,Lorenzo,67550,1569,105985950,Male,99,,"Kaggle jorizivannvillanueva/most-popular-names-in-philippines-dataset (1,000 most common Philippine forenames)"
325,Nelia,67360,1574,106024640,Female,99,,"Kaggle jorizivannvillanueva/most-popular-names-in-philippines-dataset (1,000 most common Philippine forenames)"
326,Loreto,67258,1576,105998608,Male,95,,"Kaggle jorizivannvillanueva/most-popular-names-in-philippines-dataset (1,000 most common Philippine forenames)"
327,Rex,66849,1586,106022514,Male,99,,"Kaggle jorizivannvillanueva/most-popular-names-in-philippines-dataset (1,000 most common Philippine forenames)"
328,Ronie,66727,1589,106029203,Male,99,,"Kaggle jorizivannvillanueva/most-popular-names-in-philippines-dataset (1,000 most common Philippine forenames)"
329,Freddie,66670,1590,106005300,Male,99,,"Kaggle jorizivannvillanueva/most-popular-names-in-philippines-dataset (1,000 most common Philippine forenames)"
330,Aurora,66418,1596,106003128,Female,99,,"Kaggle jorizivannvillanueva/most-popular-names-in-philippines-dataset (1,000 most common Philippine forenames)"
331,Clarita,66286,1599,105991314,Female,99,,"Kaggle jorizivannvillanueva/most-popular-names-in-philippines-dataset (1,000 most common Philippine forenames)"
332,Melinda,66127,1603,106001581,Female,99,,"Kaggle jorizivannvillanueva/most-popular-names-in-philippines-dataset (1,000 most common Philippine forenames)"
333,Diosdado,66001,1606,105997606,Male,99,,"Kaggle jorizivannvillanueva/most-popular-names-in-philippines-dataset (1,000 most common Philippine forenames)"
334,Nilo,65735,1613,106030555,Male,99,,"Kaggle jorizivannvillanueva/most-popular-names-in-philippines-dataset (1,000 most common Philippine forenames)"
335,Veronica,65705,1613,105982165,Female,99,,"Kaggle jorizivannvillanueva/most-popular-names-in-philippines-dataset (1,000 most common Philippine forenames)"
336,Concepcion,65185,1626,105990810,Female,98,,"Kaggle jorizivannvillanueva/most-popular-names-in-philippines-dataset (1,000 most common Philippine forenames)"
337,Divina,65130,1628,106031640,Female,99,,"Kaggle jorizivannvillanueva/most-popular-names-in-philippines-dataset (1,000 most common Philippine forenames)"
338,Enrique,65064,1629,105989256,Male,99,,"Kaggle jorizivannvillanueva/most-popular-names-in-philippines-dataset (1,000 most common Philippine forenames)"
339,Adelaida,64979,1631,105980749,Female,99,,"Kaggle jorizivannvillanueva/most-popular-names-in-philippines-dataset (1,000 most common Philippine forenames)"
340,Dexter,64961,1632,106016352,Male,99,,"Kaggle jorizivannvillanueva/most-popular-names-in-philippines-dataset (1,000 most common Philippine forenames)"
341,Benjie,64927,1633,106025791,Male,97,,"Kaggle jorizivannvillanueva/most-popular-names-in-philippines-dataset (1,000 most common Philippine forenames)"
342,Luz,64773,1637,106033401,Female,99,,"Kaggle jorizivannvillanueva/most-popular-names-in-philippines-dataset (1,000 most common Philippine forenames)"
343,Conrado,64666,1639,105987574,Male,99,,"Kaggle jorizivannvillanueva/most-popular-names-in-philippines-dataset (1,000 most common Philippine forenames)"
344,Rosa,64493,1644,106026492,Female,99,,"Kaggle jorizivannvillanueva/most-popular-names-in-philippines-dataset (1,000 most common Philippine forenames)"
345,Ivy,64470,1644,105988680,Female,98,,"Kaggle jorizivannvillanueva/most-popular-names-in-philippines-dataset (1,000 most common Philippine forenames)"
346,Ronel,64310,1648,105982880,Male,99,,"Kaggle jorizivannvillanueva/most-popular-names-in-philippines-dataset (1,000 most common Philippine forenames)"
347,Conchita,64198,1651,105990898,Female,99,,"Kaggle jorizivannvillanueva/most-popular-names-in-philippines-dataset (1,000 most common Philippine forenames)"
348,Norberto,63868,1660,106020880,Male,99,,"Kaggle jorizivannvillanueva/most-popular-names-in-philippines-dataset (1,000 most common Philippine forenames)"
349,Jun,63805,1661,105980105,Male,99,,"Kaggle jorizivannvillanueva/most-popular-names-in-philippines-dataset (1,000 most common Philippine forenames)"
350,Aiza,63608,1667,106034536,Female,99,,"Kaggle jorizivannvillanueva/most-popular-names-in-philippines-dataset (1,000 most common Philippine forenames)"
351,Annabelle,63350,1673,105984550,Female,99,,"Kaggle jorizivannvillanueva/most-popular-names-in-philippines-dataset (1,000 most common Philippine forenames)"
352,Miguel,63300,1675,106027500,Male,99,,"Kaggle jorizivannvillanueva/most-popular-names-in-philippines-dataset (1,000 most common Philippine forenames)"
353,Cynthia,63139,1679,106010381,Female,99,,"Kaggle jorizivannvillanueva/most-popular-names-in-philippines-dataset (1,000 most common Philippine forenames)"
354,Angel,63032,1682,106019824,Male,68,ambiguous,"Kaggle jorizivannvillanueva/most-popular-names-in-philippines-dataset (1,000 most common Philippine forenames)"
355,Rachel,62803,1688,106011464,Female,97,,"Kaggle jorizivannvillanueva/most-popular-names-in-philippines-dataset (1,000 most common Philippine forenames)"
356,Vincent,62632,1693,106035976,Male,99,,"Kaggle jorizivannvillanueva/most-popular-names-in-philippines-dataset (1,000 most common Philippine forenames)"
357,Abdul,62223,1704,106027992,Male,99,,"Kaggle jorizivannvillanueva/most-popular-names-in-philippines-dataset (1,000 most common Philippine forenames)"
358,Leopoldo,61784,1716,106021344,Male,99,,"Kaggle jorizivannvillanueva/most-popular-names-in-philippines-dataset (1,000 most common Philippine forenames)"
359,Glenda,61718,1718,106031524,Female,99,,"Kaggle jorizivannvillanueva/most-popular-names-in-philippines-dataset (1,000 most common Philippine forenames)"
360,Florencio,61675,1719,106019325,Male,99,,"Kaggle jorizivannvillanueva/most-popular-names-in-philippines-dataset (1,000 most common Philippine forenames)"
361,Flora,61645,1720,106029400,Female,99,,"Kaggle jorizivannvillanueva/most-popular-names-in-philippines-dataset (1,000 most common Philippine forenames)"
362,Crisanto,61601,1721,106015321,Male,99,,"Kaggle jorizivannvillanueva/most-popular-names-in-philippines-dataset (1,000 most common Philippine forenames)"
363,Dionisio,61547,1722,105983934,Male,99,,"Kaggle jorizivannvillanueva/most-popular-names-in-philippines-dataset (1,000 most common Philippine forenames)"
364,Riza,61482,1724,105994968,Female,99,,"Kaggle jorizivannvillanueva/most-popular-names-in-philippines-dataset (1,000 most common Philippine forenames)"
365,Mercedes,61379,1727,106001533,Female,99,,"Kaggle jorizivannvillanueva/most-popular-names-in-philippines-dataset (1,000 most common Philippine forenames)"
366,Sherwin,61268,1730,105993640,Male,98,,"Kaggle jorizivannvillanueva/most-popular-names-in-philippines-dataset (1,000 most common Philippine forenames)"
367,Maricris,61218,1732,106029576,Female,99,,"Kaggle jorizivannvillanueva/most-popular-names-in-philippines-dataset (1,000 most common Philippine forenames)"
368,Melody,61178,1733,106021474,Female,98,,"Kaggle jorizivannvillanueva/most-popular-names-in-philippines-dataset (1,000 most common Philippine forenames)"
369,Margarita,61094,1735,105998090,Female,99,,"Kaggle jorizivannvillanueva/most-popular-names-in-philippines-dataset (1,000 most common Philippine forenames)"
370,Eden,60778,1744,105996832,Female,92,,"Kaggle jorizivannvillanueva/most-popular-names-in-philippines-dataset (1,000 most common Philippine forenames)"
371,Bernard,60688,1747,106021936,Male,99,,"Kaggle jorizivannvillanueva/most-popular-names-in-philippines-dataset (1,000 most common Philippine forenames)"
372,Maricar,60406,1755,106012530,Female,99,,"Kaggle jorizivannvillanueva/most-popular-names-in-philippines-dataset (1,000 most common Philippine forenames)"
373,Teodoro,60331,1757,106001567,Male,99,,"Kaggle jorizivannvillanueva/most-popular-names-in-philippines-dataset (1,000 most common Philippine forenames)"
374,Francisca,59739,1775,106036725,Female,99,,"Kaggle jorizivannvillanueva/most-popular-names-in-philippines-dataset (1,000 most common Philippine forenames)"
375,Sonia,59420,1784,106005280,Female,99,,"Kaggle jorizivannvillanueva/most-popular-names-in-philippines-dataset (1,000 most common Philippine forenames)"
376,Jasmin,59063,1795,106018085,Female,99,,"Kaggle jorizivannvillanueva/most-popular-names-in-philippines-dataset (1,000 most common Philippine forenames)"
377,Magdalena,58394,1815,105985110,Female,99,,"Kaggle jorizivannvillanueva/most-popular-names-in-philippines-dataset (1,000 most common Philippine forenames)"
378,Vanessa,57980,1828,105987440,Female,100,,"Kaggle jorizivannvillanueva/most-popular-names-in-philippines-dataset (1,000 most common Philippine forenames)"
379,Jan,57876,1832,106028832,Male,87,ambiguous,"Kaggle jorizivannvillanueva/most-popular-names-in-philippines-dataset (1,000 most common Philippine forenames)"
380,Cheryl,57774,1835,106015290,Female,99,,"Kaggle jorizivannvillanueva/most-popular-names-in-philippines-dataset (1,000 most common Philippine forenames)"
381,Sharon,57746,1836,106021656,Female,99,,"Kaggle jorizivannvillanueva/most-popular-names-in-philippines-dataset (1,000 most common Philippine forenames)"
382,David,57618,1840,106017120,Male,99,,"Kaggle jorizivannvillanueva/most-popular-names-in-philippines-dataset (1,000 most common Philippine forenames)"
383,Liezel,57575,1841,105995575,Female,99,,"Kaggle jorizivannvillanueva/most-popular-names-in-philippines-dataset (1,000 most common Philippine forenames)"
384,Celso,57556,1842,106018152,Male,99,,"Kaggle jorizivannvillanueva/most-popular-names-in-philippines-dataset (1,000 most common Philippine forenames)"
385,Josie,57391,1847,106001177,Female,93,,"Kaggle jorizivannvillanueva/most-popular-names-in-philippines-dataset (1,000 most common Philippine forenames)"
386,Marcelina,56687,1870,106004690,Female,99,,"Kaggle jorizivannvillanueva/most-popular-names-in-philippines-dataset (1,000 most common Philippine forenames)"
387,Juvy,56640,1872,106030080,Female,81,ambiguous,"Kaggle jorizivannvillanueva/most-popular-names-in-philippines-dataset (1,000 most common Philippine forenames)"
388,Princess,56421,1879,106015059,Female,100,,"Kaggle jorizivannvillanueva/most-popular-names-in-philippines-dataset (1,000 most common Philippine forenames)"
389,Aldrin,56371,1881,106033851,Male,99,,"Kaggle jorizivannvillanueva/most-popular-names-in-philippines-dataset (1,000 most common Philippine forenames)"
390,Maximo,56285,1883,105984655,Male,99,,"Kaggle jorizivannvillanueva/most-popular-names-in-philippines-dataset (1,000 most common Philippine forenames)"
391,Mila,56082,1890,105994980,Female,99,,"Kaggle jorizivannvillanueva/most-popular-names-in-philippines-dataset (1,000 most common Philippine forenames)"
392,Narciso,55834,1899,106028766,Male,99,,"Kaggle jorizivannvillanueva/most-popular-names-in-philippines-dataset (1,000 most common Philippine forenames)"
393,Rosie,55722,1902,105983244,Female,99,,"Kaggle jorizivannvillanueva/most-popular-names-in-philippines-dataset (1,000 most common Philippine forenames)"
394,Annie,55526,1909,105999134,Female,98,,"Kaggle jorizivannvillanueva/most-popular-names-in-philippines-dataset (1,000 most common Philippine forenames)"
395,Artemio,55356,1915,106006740,Male,99,,"Kaggle jorizivannvillanueva/most-popular-names-in-philippines-dataset (1,000 most common Philippine forenames)"
396,Louie,55249,1919,106022831,Male,95,,"Kaggle jorizivannvillanueva/most-popular-names-in-philippines-dataset (1,000 most common Philippine forenames)"
397,Ailyn,54969,1929,106035201,Female,99,,"Kaggle jorizivannvillanueva/most-popular-names-in-philippines-dataset (1,000 most common Philippine forenames)"
398,Mariano,54969,1929,106035201,Male,99,,"Kaggle jorizivannvillanueva/most-popular-names-in-philippines-dataset (1,000 most common Philippine forenames)"
399,Emelita,54780,1935,105999300,Female,99,,"Kaggle jorizivannvillanueva/most-popular-names-in-philippines-dataset (1,000 most common Philippine forenames)"
400,Mohammad,54729,1937,106010073,Male,99,,"Kaggle jorizivannvillanueva/most-popular-names-in-philippines-dataset (1,000 most common Philippine forenames)"
401,Estelita,54591,1942,106015722,Female,99,,"Kaggle jorizivannvillanueva/most-popular-names-in-philippines-dataset (1,000 most common Philippine forenames)"
402,Kevin,54535,1944,106016040,Male,99,,"Kaggle jorizivannvillanueva/most-popular-names-in-philippines-dataset (1,000 most common Philippine forenames)"
403,Arvin,54231,1955,106021605,Male,99,,"Kaggle jorizivannvillanueva/most-popular-names-in-philippines-dataset (1,000 most common Philippine forenames)"
404,Adrian,54051,1961,105994011,Male,99,,"Kaggle jorizivannvillanueva/most-popular-names-in-philippines-dataset (1,000 most common Philippine forenames)"
405,Arsenio,54021,1962,105989202,Male,99,,"Kaggle jorizivannvillanueva/most-popular-names-in-philippines-dataset (1,000 most common Philippine forenames)"
406,Isidro,53359,1987,106024333,Male,99,,"Kaggle jorizivannvillanueva/most-popular-names-in-philippines-dataset (1,000 most common Philippine forenames)"
407,Merlita,53058,1998,106009884,Female,99,,"Kaggle jorizivannvillanueva/most-popular-names-in-philippines-dataset (1,000 most common Philippine forenames)"
408,Bernadette,52956,2002,106017912,Female,99,,"Kaggle jorizivannvillanueva/most-popular-names-in-philippines-dataset (1,000 most common Philippine forenames)"
409,Leonida,52749,2010,106025490,Female,99,,"Kaggle jorizivannvillanueva/most-popular-names-in-philippines-dataset (1,000 most common Philippine forenames)"
410,Joven,52667,2013,106018671,Male,99,,"Kaggle jorizivannvillanueva/most-popular-names-in-philippines-dataset (1,000 most common Philippine forenames)"
411,Manilyn,52527,2018,105999486,Female,99,,"Kaggle jorizivannvillanueva/most-popular-names-in-philippines-dataset (1,000 most common Philippine forenames)"
412,Linda,52476,2020,106001520,Female,99,,"Kaggle jorizivannvillanueva/most-popular-names-in-philippines-dataset (1,000 most common Philippine forenames)"
413,Guillermo,52405,2023,106015315,Male,99,,"Kaggle jorizivannvillanueva/most-popular-names-in-philippines-dataset (1,000 most common Philippine forenames)"
414,Norman,52315,2026,105990190,Male,99,,"Kaggle jorizivannvillanueva/most-popular-names-in-philippines-dataset (1,000 most common Philippine forenames)"
415,Catalina,52309,2027,106030343,Female,99,,"Kaggle jorizivannvillanueva/most-popular-names-in-philippines-dataset (1,000 most common Philippine forenames)"
416,Beverly,52299,2027,106010073,Female,99,,"Kaggle jorizivannvillanueva/most-popular-names-in-philippines-dataset (1,000 most common Philippine forenames)"
417,Natividad,52242,2029,105999018,Female,98,,"Kaggle jorizivannvillanueva/most-popular-names-in-philippines-dataset (1,000 most common Philippine forenames)"
418,Nilda,52045,2037,106015665,Female,99,,"Kaggle jorizivannvillanueva/most-popular-names-in-philippines-dataset (1,000 most common Philippine forenames)"
419,Merly,51912,2042,106004304,Female,99,,"Kaggle jorizivannvillanueva/most-popular-names-in-philippines-dataset (1,000 most common Philippine forenames)"
420,Ester,51602,2054,105990508,Female,99,,"Kaggle jorizivannvillanueva/most-popular-names-in-philippines-dataset (1,000 most common Philippine forenames)"
421,Omar,51557,2056,106001192,Male,99,,"Kaggle jorizivannvillanueva/most-popular-names-in-philippines-dataset (1,000 most common Philippine forenames)"
422,Loreta,51388,2063,106013444,Female,99,,"Kaggle jorizivannvillanueva/most-popular-names-in-philippines-dataset (1,000 most common Philippine forenames)"
423,Gil,51314,2066,106014724,Male,99,,"Kaggle jorizivannvillanueva/most-popular-names-in-philippines-dataset (1,000 most common Philippine forenames)"
424,Merlinda,51098,2075,106028350,Female,99,,"Kaggle jorizivannvillanueva/most-popular-names-in-philippines-dataset (1,000 most common Philippine forenames)"
425,Pacita,50658,2093,106027194,Female,99,,"Kaggle jorizivannvillanueva/most-popular-names-in-philippines-dataset (1,000 most common Philippine forenames)"
426,Bienvenido,50216,2111,106005976,Male,99,,"Kaggle jorizivannvillanueva/most-popular-names-in-philippines-dataset (1,000 most common Philippine forenames)"
427,Julito,49937,2123,106016251,Male,99,,"Kaggle jorizivannvillanueva/most-popular-names-in-philippines-dataset (1,000 most common Philippine forenames)"
428,Niño,49808,2128,105991424,Male,100,,"Kaggle jorizivannvillanueva/most-popular-names-in-philippines-dataset (1,000 most common Philippine forenames)"
429,Felisa,49721,2132,106005172,Female,99,,"Kaggle jorizivannvillanueva/most-popular-names-in-philippines-dataset (1,000 most common Philippine forenames)"
430,Ligaya,49694,2133,105997302,Female,99,,"Kaggle jorizivannvillanueva/most-popular-names-in-philippines-dataset (1,000 most common Philippine forenames)"
431,Alfonso,49609,2137,106014433,Male,99,,"Kaggle jorizivannvillanueva/most-popular-names-in-philippines-dataset (1,000 most common Philippine forenames)"
432,Roldan,49597,2137,105988789,Male,99,,"Kaggle jorizivannvillanueva/most-popular-names-in-philippines-dataset (1,000 most common Philippine forenames)"
433,Chona,49567,2139,106023813,Female,99,,"Kaggle jorizivannvillanueva/most-popular-names-in-philippines-dataset (1,000 most common Philippine forenames)"
434,Elvie,49517,2141,106015897,Female,94,,"Kaggle jorizivannvillanueva/most-popular-names-in-philippines-dataset (1,000 most common Philippine forenames)"
435,Mercedita,49397,2146,106005962,Female,99,,"Kaggle jorizivannvillanueva/most-popular-names-in-philippines-dataset (1,000 most common Philippine forenames)"
436,Edilberto,49330,2149,106010170,Male,99,,"Kaggle jorizivannvillanueva/most-popular-names-in-philippines-dataset (1,000 most common Philippine forenames)"
437,Amalia,49293,2151,106029243,Female,99,,"Kaggle jorizivannvillanueva/most-popular-names-in-philippines-dataset (1,000 most common Philippine forenames)"
438,Letecia,49175,2156,106021300,Female,99,,"Kaggle jorizivannvillanueva/most-popular-names-in-philippines-dataset (1,000 most common Philippine forenames)"
439,Arthur,49078,2160,106008480,Male,100,,"Kaggle jorizivannvillanueva/most-popular-names-in-philippines-dataset (1,000 most common Philippine forenames)"
440,Benito,48800,2172,105993600,Male,99,,"Kaggle jorizivannvillanueva/most-popular-names-in-philippines-dataset (1,000 most common Philippine forenames)"
441,Zaldy,48533,2184,105996072,Male,99,,"Kaggle jorizivannvillanueva/most-popular-names-in-philippines-dataset (1,000 most common Philippine forenames)"
442,Jefferson,48420,2189,105991380,Male,100,,"Kaggle jorizivannvillanueva/most-popular-names-in-philippines-dataset (1,000 most common Philippine forenames)"
443,Mae,48326,2194,106027244,Female,99,,"Kaggle jorizivannvillanueva/most-popular-names-in-philippines-dataset (1,000 most common Philippine forenames)"
444,Neil,47750,2220,106005000,Male,98,,"Kaggle jorizivannvillanueva/most-popular-names-in-philippines-dataset (1,000 most common Philippine forenames)"
445,Joshua,47606,2227,106018562,Male,98,,"Kaggle jorizivannvillanueva/most-popular-names-in-philippines-dataset (1,000 most common Philippine forenames)"
446,Eugene,47437,2235,106021695,Male,95,,"Kaggle jorizivannvillanueva/most-popular-names-in-philippines-dataset (1,000 most common Philippine forenames)"
447,Rufino,47383,2237,105995771,Male,99,,"Kaggle jorizivannvillanueva/most-popular-names-in-philippines-dataset (1,000 most common Philippine forenames)"
448,Enrico,47157,2248,106008936,Male,99,,"Kaggle jorizivannvillanueva/most-popular-names-in-philippines-dataset (1,000 most common Philippine forenames)"
449,Perlita,47010,2255,106007550,Female,99,,"Kaggle jorizivannvillanueva/most-popular-names-in-philippines-dataset (1,000 most common Philippine forenames)"
450,Lina,46920,2259,105992280,Female,99,,"Kaggle jorizivannvillanueva/most-popular-names-in-philippines-dataset (1,000 most common Philippine forenames)"
451,Rochelle,46793,2265,105986145,Female,98,,"Kaggle jorizivannvillanueva/most-popular-names-in-philippines-dataset (1,000 most common Philippine forenames)"
452,Julita,46588,2275,105987700,Female,99,,"Kaggle jorizivannvillanueva/most-popular-names-in-philippines-dataset (1,000 most common Philippine forenames)"
453,Melissa,46581,2276,106018356,Female,99,,"Kaggle jorizivannvillanueva/most-popular-names-in-philippines-dataset (1,000 most common Philippine forenames)"
454,Kimberly,46493,2280,106004040,Female,97,,"Kaggle jorizivannvillanueva/most-popular-names-in-philippines-dataset (1,000 most common Philippine forenames)"
455,Frederick,46452,2282,106003464,Male,100,,"Kaggle jorizivannvillanueva/most-popular-names-in-philippines-dataset (1,000 most common Philippine forenames)"
456,Arnulfo,46429,2283,105997407,Male,99,,"Kaggle jorizivannvillanueva/most-popular-names-in-philippines-dataset (1,000 most common Philippine forenames)"
457,Nena,46332,2288,106007616,Female,99,,"Kaggle jorizivannvillanueva/most-popular-names-in-philippines-dataset (1,000 most common Philippine forenames)"
458,Sittie,46031,2303,106009393,Female,99,,"Kaggle jorizivannvillanueva/most-popular-names-in-philippines-dataset (1,000 most common Philippine forenames)"
459,Donna,46014,2304,106016256,Female,99,,"Kaggle jorizivannvillanueva/most-popular-names-in-philippines-dataset (1,000 most common Philippine forenames)"
460,Luisa,45654,2322,106008588,Female,99,,"Kaggle jorizivannvillanueva/most-popular-names-in-philippines-dataset (1,000 most common Philippine forenames)"
461,Ronilo,45511,2329,105995119,Male,99,,"Kaggle jorizivannvillanueva/most-popular-names-in-philippines-dataset (1,000 most common Philippine forenames)"
462,Patrick,45270,2342,106022340,Male,100,,"Kaggle jorizivannvillanueva/most-popular-names-in-philippines-dataset (1,000 most common Philippine forenames)"
463,Felicidad,45240,2343,105997320,Female,99,,"Kaggle jorizivannvillanueva/most-popular-names-in-philippines-dataset (1,000 most common Philippine forenames)"
464,Martin,45188,2346,106011048,Male,99,,"Kaggle jorizivannvillanueva/most-popular-names-in-philippines-dataset (1,000 most common Philippine forenames)"
465,Florencia,45054,2353,106012062,Female,99,,"Kaggle jorizivannvillanueva/most-popular-names-in-philippines-dataset (1,000 most common Philippine forenames)"
466,Jovita,45023,2355,106029165,Female,99,,"Kaggle jorizivannvillanueva/most-popular-names-in-philippines-dataset (1,000 most common Philippine forenames)"
467,Pablito,44929,2359,105987511,Male,99,,"Kaggle jorizivannvillanueva/most-popular-names-in-philippines-dataset (1,000 most common Philippine forenames)"
468,Mildred,44862,2363,106008906,Female,99,,"Kaggle jorizivannvillanueva/most-popular-names-in-philippines-dataset (1,000 most common Philippine forenames)"
469,Rosalyn,44803,2366,106003898,Female,99,,"Kaggle jorizivannvillanueva/most-popular-names-in-philippines-dataset (1,000 most common Philippine forenames)"
470,Noli,44782,2367,105998994,Male,97,,"Kaggle jorizivannvillanueva/most-popular-names-in-philippines-dataset (1,000 most common Philippine forenames)"
471,Loida,44648,2374,105994352,Female,99,,"Kaggle jorizivannvillanueva/most-popular-names-in-philippines-dataset (1,000 most common Philippine forenames)"
472,Adelina,44558,2379,106003482,Female,99,,"Kaggle jorizivannvillanueva/most-popular-names-in-philippines-dataset (1,000 most common Philippine forenames)"
473,Avelino,44479,2383,105993457,Male,99,,"Kaggle jorizivannvillanueva/most-popular-names-in-philippines-dataset (1,000 most common Philippine forenames)"
474,Eugenio,44429,2386,106007594,Male,99,,"Kaggle jorizivannvillanueva/most-popular-names-in-philippines-dataset (1,000 most common Philippine forenames)"
475,Raymundo,44318,2392,106008656,Male,99,,"Kaggle jorizivannvillanueva/most-popular-names-in-philippines-dataset (1,000 most common Philippine forenames)"
476,Joyce,44227,2397,106012119,Female,98,,"Kaggle jorizivannvillanueva/most-popular-names-in-philippines-dataset (1,000 most common Philippine forenames)"
477,Angela,44205,2398,106003590,Female,99,,"Kaggle jorizivannvillanueva/most-popular-names-in-philippines-dataset (1,000 most common Philippine forenames)"
478,Philip,44184,2399,105997416,Male,99,,"Kaggle jorizivannvillanueva/most-popular-names-in-philippines-dataset (1,000 most common Philippine forenames)"
479,Tomas,44177,2400,106024800,Male,99,,"Kaggle jorizivannvillanueva/most-popular-names-in-philippines-dataset (1,000 most common Philippine forenames)"
480,Janeth,44121,2403,106022763,Female,99,,"Kaggle jorizivannvillanueva/most-popular-names-in-philippines-dataset (1,000 most common Philippine forenames)"
481,Reynante,43865,2417,106021705,Male,99,,"Kaggle jorizivannvillanueva/most-popular-names-in-philippines-dataset (1,000 most common Philippine forenames)"
482,Jhon,43850,2418,106029300,Male,99,,"Kaggle jorizivannvillanueva/most-popular-names-in-philippines-dataset (1,000 most common Philippine forenames)"
483,Jorge,43753,2423,106013519,Male,99,,"Kaggle jorizivannvillanueva/most-popular-names-in-philippines-dataset (1,000 most common Philippine forenames)"
484,Lovely,43653,2428,105989484,Female,99,,"Kaggle jorizivannvillanueva/most-popular-names-in-philippines-dataset (1,000 most common Philippine forenames)"
485,Herminia,43575,2433,106017975,Female,99,,"Kaggle jorizivannvillanueva/most-popular-names-in-philippines-dataset (1,000 most common Philippine forenames)"
486,Gabriel,43551,2434,106003134,Male,99,,"Kaggle jorizivannvillanueva/most-popular-names-in-philippines-dataset (1,000 most common Philippine forenames)"
487,Maribeth,43520,2436,106014720,Female,99,,"Kaggle jorizivannvillanueva/most-popular-names-in-philippines-dataset (1,000 most common Philippine forenames)"
488,Tessie,43329,2447,106026063,Female,99,,"Kaggle jorizivannvillanueva/most-popular-names-in-philippines-dataset (1,000 most common Philippine forenames)"
489,Teodora,43226,2452,105990152,Female,99,,"Kaggle jorizivannvillanueva/most-popular-names-in-philippines-dataset (1,000 most common Philippine forenames)"
490,Bobby,43197,2454,106005438,Male,99,,"Kaggle jorizivannvillanueva/most-popular-names-in-philippines-dataset (1,000 most common Philippine forenames)"
491,Perla,43079,2461,106017419,Female,99,,"Kaggle jorizivannvillanueva/most-popular-names-in-philippines-dataset (1,000 most common Philippine forenames)"
492,Carolina,43018,2464,105996352,Female,99,,"Kaggle jorizivannvillanueva/most-popular-names-in-philippines-dataset (1,000 most common Philippine forenames)"
493,Nelly,43008,2465,106014720,Female,99,,"Kaggle jorizivannvillanueva/most-popular-names-in-philippines-dataset (1,000 most common Philippine forenames)"
494,Patricia,42976,2467,106021792,Female,99,,"Kaggle jorizivannvillanueva/most-popular-names-in-philippines-dataset (1,000 most common Philippine forenames)"
495,Lanie,42835,2475,106016625,Female,97,,"Kaggle jorizivannvillanueva/most-popular-names-in-philippines-dataset (1,000 most common Philippine forenames)"
496,Amelita,42718,2482,106026076,Female,99,,"Kaggle jorizivannvillanueva/most-popular-names-in-philippines-dataset (1,000 most common Philippine forenames)"
497,Ellen,42368,2502,106004736,Female,99,,"Kaggle jorizivannvillanueva/most-popular-names-in-philippines-dataset (1,000 most common Philippine forenames)"
498,Ronnel,42194,2512,105991328,Male,100,,"Kaggle jorizivannvillanueva/most-popular-names-in-philippines-dataset (1,000 most common Philippine forenames)"
499,Jenalyn,42148,2515,106002220,Female,99,,"Kaggle jorizivannvillanueva/most-popular-names-in-philippines-dataset (1,000 most common Philippine forenames)"
500,Dominga,41860,2532,105989520,Female,99,,"Kaggle jorizivannvillanueva/most-popular-names-in-philippines-dataset (1,000 most common Philippine forenames)"
501,Edison,41754,2539,106013406,Male,99,,"Kaggle jorizivannvillanueva/most-popular-names-in-philippines-dataset (1,000 most common Philippine forenames)"
502,Rosalia,41700,2542,106001400,Female,99,,"Kaggle jorizivannvillanueva/most-popular-names-in-philippines-dataset (1,000 most common Philippine forenames)"
503,Ronalyn,41304,2567,106027368,Female,99,,"Kaggle jorizivannvillanueva/most-popular-names-in-philippines-dataset (1,000 most common Philippine forenames)"
504,Julio,41278,2568,106001904,Male,99,,"Kaggle jorizivannvillanueva/most-popular-names-in-philippines-dataset (1,000 most common Philippine forenames)"
505,Jacqueline,41244,2570,105997080,Female,99,,"Kaggle jorizivannvillanueva/most-popular-names-in-philippines-dataset (1,000 most common Philippine forenames)"
506,Emilio,41092,2580,106017360,Male,99,,"Kaggle jorizivannvillanueva/most-popular-names-in-philippines-dataset (1,000 most common Philippine forenames)"
507,Archie,41023,2584,106003432,Male,93,,"Kaggle jorizivannvillanueva/most-popular-names-in-philippines-dataset (1,000 most common Philippine forenames)"
508,Trinidad,40958,2588,105999304,Female,97,,"Kaggle jorizivannvillanueva/most-popular-names-in-philippines-dataset (1,000 most common Philippine forenames)"
509,Kim,40907,2591,105990037,Male,80,ambiguous,"Kaggle jorizivannvillanueva/most-popular-names-in-philippines-dataset (1,000 most common Philippine forenames)"
510,Brenda,40846,2595,105995370,Female,99,,"Kaggle jorizivannvillanueva/most-popular-names-in-philippines-dataset (1,000 most common Philippine forenames)"
511,Cristy,40429,2622,106004838,Female,98,,"Kaggle jorizivannvillanueva/most-popular-names-in-philippines-dataset (1,000 most common Philippine forenames)"
512,Ginalyn,40397,2624,106001728,Female,99,,"Kaggle jorizivannvillanueva/most-popular-names-in-philippines-dataset (1,000 most common Philippine forenames)"
513,Rita,40301,2630,105991630,Female,99,,"Kaggle jorizivannvillanueva/most-popular-names-in-philippines-dataset (1,000 most common Philippine forenames)"
514,Ralph,40298,2631,106024038,Male,100,,"Kaggle jorizivannvillanueva/most-popular-names-in-philippines-dataset (1,000 most common Philippine forenames)"
515,Meriam,40086,2645,106027470,Female,99,,"Kaggle jorizivannvillanueva/most-popular-names-in-philippines-dataset (1,000 most common Philippine forenames)"
516,Andrea,40071,2646,106027866,Female,99,,"Kaggle jorizivannvillanueva/most-popular-names-in-philippines-dataset (1,000 most common Philippine forenames)"
517,Elenita,39965,2653,106027145,Female,99,,"Kaggle jorizivannvillanueva/most-popular-names-in-philippines-dataset (1,000 most common Philippine forenames)"
518,Annaliza,39842,2661,106019562,Female,99,,"Kaggle jorizivannvillanueva/most-popular-names-in-philippines-dataset (1,000 most common Philippine forenames)"
519,Alan,39841,2661,106016901,Male,99,,"Kaggle jorizivannvillanueva/most-popular-names-in-philippines-dataset (1,000 most common Philippine forenames)"
520,Santiago,39840,2661,106014240,Male,99,,"Kaggle jorizivannvillanueva/most-popular-names-in-philippines-dataset (1,000 most common Philippine forenames)"
521,Regie,39498,2684,106012632,Male,84,ambiguous,"Kaggle jorizivannvillanueva/most-popular-names-in-philippines-dataset (1,000 most common Philippine forenames)"
522,Ernie,39473,2686,106024478,Male,98,,"Kaggle jorizivannvillanueva/most-popular-names-in-philippines-dataset (1,000 most common Philippine forenames)"
523,Marietta,39446,2687,105991402,Female,99,,"Kaggle jorizivannvillanueva/most-popular-names-in-philippines-dataset (1,000 most common Philippine forenames)"
524,Amado,39341,2695,106023995,Male,99,,"Kaggle jorizivannvillanueva/most-popular-names-in-philippines-dataset (1,000 most common Philippine forenames)"
525,Irish,39302,2697,105997494,Female,95,,"Kaggle jorizivannvillanueva/most-popular-names-in-philippines-dataset (1,000 most common Philippine forenames)"
526,Joemar,39220,2703,106011660,Male,99,,"Kaggle jorizivannvillanueva/most-popular-names-in-philippines-dataset (1,000 most common Philippine forenames)"
527,June,39184,2705,105992720,Male,87,ambiguous,"Kaggle jorizivannvillanueva/most-popular-names-in-philippines-dataset (1,000 most common Philippine forenames)"
528,Jinky,39169,2706,105991314,Female,97,,"Kaggle jorizivannvillanueva/most-popular-names-in-philippines-dataset (1,000 most common Philippine forenames)"
529,Pepito,38824,2731,106028344,Male,99,,"Kaggle jorizivannvillanueva/most-popular-names-in-philippines-dataset (1,000 most common Philippine forenames)"
530,Avelina,38769,2734,105994446,Female,99,,"Kaggle jorizivannvillanueva/most-popular-names-in-philippines-dataset (1,000 most common Philippine forenames)"
531,Sergio,38678,2741,106016398,Male,99,,"Kaggle jorizivannvillanueva/most-popular-names-in-philippines-dataset (1,000 most common Philippine forenames)"
532,Baby,38627,2744,105992488,Female,94,,"Kaggle jorizivannvillanueva/most-popular-names-in-philippines-dataset (1,000 most common Philippine forenames)"
533,Teofilo,38623,2745,106020135,Male,99,,"Kaggle jorizivannvillanueva/most-popular-names-in-philippines-dataset (1,000 most common Philippine forenames)"
534,Rona,38603,2746,106003838,Female,99,,"Kaggle jorizivannvillanueva/most-popular-names-in-philippines-dataset (1,000 most common Philippine forenames)"
535,Eliza,38568,2749,106023432,Female,99,,"Kaggle jorizivannvillanueva/most-popular-names-in-philippines-dataset (1,000 most common Philippine forenames)"
536,Estela,38189,2776,106012664,Female,99,,"Kaggle jorizivannvillanueva/most-popular-names-in-philippines-dataset (1,000 most common Philippine forenames)"
537,Esperanza,38041,2787,106020267,Female,99,,"Kaggle jorizivannvillanueva/most-popular-names-in-philippines-dataset (1,000 most common Philippine forenames)"
538,Bernie,37988,2791,106024508,Male,96,,"Kaggle jorizivannvillanueva/most-popular-names-in-philippines-dataset (1,000 most common Philippine forenames)"
539,Isabel,37931,2795,106017145,Female,99,,"Kaggle jorizivannvillanueva/most-popular-names-in-philippines-dataset (1,000 most common Philippine forenames)"
540,Nicolas,37862,2800,106013600,Male,99,,"Kaggle jorizivannvillanueva/most-popular-names-in-philippines-dataset (1,000 most common Philippine forenames)"
541,Gladys,37672,2814,106009008,Female,99,,"Kaggle jorizivannvillanueva/most-popular-names-in-philippines-dataset (1,000 most common Philippine forenames)"
542,Jesusa,37636,2817,106020612,Female,99,,"Kaggle jorizivannvillanueva/most-popular-names-in-philippines-dataset (1,000 most common Philippine forenames)"
543,Charito,37596,2820,106020720,Female,81,ambiguous,"Kaggle jorizivannvillanueva/most-popular-names-in-philippines-dataset (1,000 most common Philippine forenames)"
544,Isagani,37595,2820,106017900,Male,99,,"Kaggle jorizivannvillanueva/most-popular-names-in-philippines-dataset (1,000 most common Philippine forenames)"
545,Joanna,37548,2823,105998004,Female,100,,"Kaggle jorizivannvillanueva/most-popular-names-in-philippines-dataset (1,000 most common Philippine forenames)"
546,Nerissa,37469,2829,105999801,Female,99,,"Kaggle jorizivannvillanueva/most-popular-names-in-philippines-dataset (1,000 most common Philippine forenames)"
547,Roque,37466,2829,105991314,Male,99,,"Kaggle jorizivannvillanueva/most-popular-names-in-philippines-dataset (1,000 most common Philippine forenames)"
548,Soledad,37354,2838,106010652,Female,99,,"Kaggle jorizivannvillanueva/most-popular-names-in-philippines-dataset (1,000 most common Philippine forenames)"
549,Harold,37252,2846,106019192,Male,99,,"Kaggle jorizivannvillanueva/most-popular-names-in-philippines-dataset (1,000 most common Philippine forenames)"
550,Adela,37043,2862,106017066,Female,99,,"Kaggle jorizivannvillanueva/most-popular-names-in-philippines-dataset (1,000 most common Philippine forenames)"
551,Ireneo,36942,2870,106023540,Male,99,,"Kaggle jorizivannvillanueva/most-popular-names-in-philippines-dataset (1,000 most common Philippine forenames)"
552,Belen,36937,2870,106009190,Female,99,,"Kaggle jorizivannvillanueva/most-popular-names-in-philippines-dataset (1,000 most common Philippine forenames)"
553,Luisito,36822,2879,106010538,Male,99,,"Kaggle jorizivannvillanueva/most-popular-names-in-philippines-dataset (1,000 most common Philippine forenames)"
554,Sitti,36821,2879,106007659,Female,99,,"Kaggle jorizivannvillanueva/most-popular-names-in-philippines-dataset (1,000 most common Philippine forenames)"
555,Juliana,36651,2892,105994692,Female,99,,"Kaggle jorizivannvillanueva/most-popular-names-in-philippines-dataset (1,000 most common Philippine forenames)"
556,Ben,36486,2905,105991830,Male,99,,"Kaggle jorizivannvillanueva/most-popular-names-in-philippines-dataset (1,000 most common Philippine forenames)"
557,Belinda,36440,2909,106003960,Female,99,,"Kaggle jorizivannvillanueva/most-popular-names-in-philippines-dataset (1,000 most common Philippine forenames)"
558,Monica,36431,2910,106014210,Female,99,,"Kaggle jorizivannvillanueva/most-popular-names-in-philippines-dataset (1,000 most common Philippine forenames)"
559,Andrew,36238,2925,105996150,Male,100,,"Kaggle jorizivannvillanueva/most-popular-names-in-philippines-dataset (1,000 most common Philippine forenames)"
560,Emelyn,36166,2931,106002546,Female,99,,"Kaggle jorizivannvillanueva/most-popular-names-in-philippines-dataset (1,000 most common Philippine forenames)"
561,Nicanor,36163,2931,105993753,Male,99,,"Kaggle jorizivannvillanueva/most-popular-names-in-philippines-dataset (1,000 most common Philippine forenames)"
562,Florentino,36119,2935,106009265,Male,99,,"Kaggle jorizivannvillanueva/most-popular-names-in-philippines-dataset (1,000 most common Philippine forenames)"
563,Ali,36086,2938,106020668,Male,97,,"Kaggle jorizivannvillanueva/most-popular-names-in-philippines-dataset (1,000 most common Philippine forenames)"
564,Jojo,36081,2938,106005978,Male,99,,"Kaggle jorizivannvillanueva/most-popular-names-in-philippines-dataset (1,000 most common Philippine forenames)"
565,Agustin,35918,2951,105994018,Male,99,,"Kaggle jorizivannvillanueva/most-popular-names-in-philippines-dataset (1,000 most common Philippine forenames)"
566,Brian,35851,2957,106011407,Male,99,,"Kaggle jorizivannvillanueva/most-popular-names-in-philippines-dataset (1,000 most common Philippine forenames)"
567,Jonel,35760,2964,105992640,Male,99,,"Kaggle jorizivannvillanueva/most-popular-names-in-philippines-dataset (1,000 most common Philippine forenames)"
568,Rodelio,35240,3008,106001920,Male,99,,"Kaggle jorizivannvillanueva/most-popular-names-in-philippines-dataset (1,000 most common Philippine forenames)"
569,Marcial,34943,3034,106017062,Male,99,,"Kaggle jorizivannvillanueva/most-popular-names-in-philippines-dataset (1,000 most common Philippine forenames)"
570,Antonia,34932,3035,106018620,Female,99,,"Kaggle jorizivannvillanueva/most-popular-names-in-philippines-dataset (1,000 most common Philippine forenames)"
571,Katherine,34892,3038,106001896,Female,100,,"Kaggle jorizivannvillanueva/most-popular-names-in-philippines-dataset (1,000 most common Philippine forenames)"
572,Alona,34848,3042,106007616,Female,99,,"Kaggle jorizivannvillanueva/most-popular-names-in-philippines-dataset (1,000 most common Philippine forenames)"
573,Beatriz,34668,3058,106014744,Female,99,,"Kaggle jorizivannvillanueva/most-popular-names-in-philippines-dataset (1,000 most common Philippine forenames)"
574,Delfin,34618,3062,106000316,Male,99,,"Kaggle jorizivannvillanueva/most-popular-names-in-philippines-dataset (1,000 most common Philippine forenames)"
575,Benedicto,34548,3068,105993264,Male,99,,"Kaggle jorizivannvillanueva/most-popular-names-in-philippines-dataset (1,000 most common Philippine forenames)"
576,Garry,34411,3081,106020291,Male,99,,"Kaggle jorizivannvillanueva/most-popular-names-in-philippines-dataset (1,000 most common Philippine forenames)"
577,Jerson,34410,3081,106017210,Male,100,,"Kaggle jorizivannvillanueva/most-popular-names-in-philippines-dataset (1,000 most common Philippine forenames)"
578,Marieta,34284,3092,106006128,Female,99,,"Kaggle jorizivannvillanueva/most-popular-names-in-philippines-dataset (1,000 most common Philippine forenames)"
579,Crispin,34260,3094,106000440,Male,99,,"Kaggle jorizivannvillanueva/most-popular-names-in-philippines-dataset (1,000 most common Philippine forenames)"
580,Abraham,34245,3096,106022520,Male,99,,"Kaggle jorizivannvillanueva/most-popular-names-in-philippines-dataset (1,000 most common Philippine forenames)"
581,Mariam,34231,3097,106013407,Female,99,,"Kaggle jorizivannvillanueva/most-popular-names-in-philippines-dataset (1,000 most common Philippine forenames)"
582,Sally,34217,3098,106004266,Female,95,,"Kaggle jorizivannvillanueva/most-popular-names-in-philippines-dataset (1,000 most common Philippine forenames)"
583,Maryjane,34188,3101,106016988,Female,99,,"Kaggle jorizivannvillanueva/most-popular-names-in-philippines-dataset (1,000 most common Philippine forenames)"
584,Raffy,34051,3113,106000763,Male,99,,"Kaggle jorizivannvillanueva/most-popular-names-in-philippines-dataset (1,000 most common Philippine forenames)"
585,Amy,34025,3116,106021900,Female,98,,"Kaggle jorizivannvillanueva/most-popular-names-in-philippines-dataset (1,000 most common Philippine forenames)"
586,Venus,34020,3116,106006320,Female,96,,"Kaggle jorizivannvillanueva/most-popular-names-in-philippines-dataset (1,000 most common Philippine forenames)"
587,Rachelle,33952,3122,105998144,Female,99,,"Kaggle jorizivannvillanueva/most-popular-names-in-philippines-dataset (1,000 most common Philippine forenames)"
588,Annalyn,33839,3133,106017587,Female,99,,"Kaggle jorizivannvillanueva/most-popular-names-in-philippines-dataset (1,000 most common Philippine forenames)"
589,Raymund,33773,3139,106013447,Male,100,,"Kaggle jorizivannvillanueva/most-popular-names-in-philippines-dataset (1,000 most common Philippine forenames)"
590,Olivia,33600,3155,106008000,Female,99,,"Kaggle jorizivannvillanueva/most-popular-names-in-philippines-dataset (1,000 most common Philippine forenames)"
591,Lucila,33468,3167,105993156,Female,99,,"Kaggle jorizivannvillanueva/most-popular-names-in-philippines-dataset (1,000 most common Philippine forenames)"
592,Franklin,33174,3196,106024104,Male,99,,"Kaggle jorizivannvillanueva/most-popular-names-in-philippines-dataset (1,000 most common Philippine forenames)"
593,Emilia,33080,3205,106021400,Female,99,,"Kaggle jorizivannvillanueva/most-popular-names-in-philippines-dataset (1,000 most common Philippine forenames)"
594,Aisa,32968,3216,106025088,Female,99,,"Kaggle jorizivannvillanueva/most-popular-names-in-philippines-dataset (1,000 most common Philippine forenames)"
595,Ismael,32904,3222,106016688,Male,99,,"Kaggle jorizivannvillanueva/most-popular-names-in-philippines-dataset (1,000 most common Philippine forenames)"
596,Rufina,32762,3236,106017832,Female,99,,"Kaggle jorizivannvillanueva/most-popular-names-in-philippines-dataset (1,000 most common Philippine forenames)"
597,Gary,32698,3242,106006916,Male,99,,"Kaggle jorizivannvillanueva/most-popular-names-in-philippines-dataset (1,000 most common Philippine forenames)"
598,Andy,32581,3254,106018574,Male,99,,"Kaggle jorizivannvillanueva/most-popular-names-in-philippines-dataset (1,000 most common Philippine forenames)"
599,Rowel,32551,3257,106018607,Male,99,,"Kaggle jorizivannvillanueva/most-popular-names-in-philippines-dataset (1,000 most common Philippine forenames)"
600,Noemi,32533,3259,106025047,Female,98,,"Kaggle jorizivannvillanueva/most-popular-names-in-philippines-dataset (1,000 most common Philippine forenames)"
601,Elpidio,32406,3271,106000026,Male,99,,"Kaggle jorizivannvillanueva/most-popular-names-in-philippines-dataset (1,000 most common Philippine forenames)"
602,Moises,32329,3279,106006791,Male,99,,"Kaggle jorizivannvillanueva/most-popular-names-in-philippines-dataset (1,000 most common Philippine forenames)"
603,Leslie,32313,3281,106018953,Female,89,ambiguous,"Kaggle jorizivannvillanueva/most-popular-names-in-philippines-dataset (1,000 most common Philippine forenames)"
604,Hilda,32249,3287,106002463,Female,99,,"Kaggle jorizivannvillanueva/most-popular-names-in-philippines-dataset (1,000 most common Philippine forenames)"
605,Dina,32128,3300,106022400,Female,99,,"Kaggle jorizivannvillanueva/most-popular-names-in-philippines-dataset (1,000 most common Philippine forenames)"
606,Aurelio,32031,3310,106022610,Male,99,,"Kaggle jorizivannvillanueva/most-popular-names-in-philippines-dataset (1,000 most common Philippine forenames)"
607,Fely,32031,3310,106022610,Female,97,,"Kaggle jorizivannvillanueva/most-popular-names-in-philippines-dataset (1,000 most common Philippine forenames)"
608,Cris,31912,3322,106011664,Male,82,ambiguous,"Kaggle jorizivannvillanueva/most-popular-names-in-philippines-dataset (1,000 most common Philippine forenames)"
609,Cristine,31780,3336,106018080,Female,99,,"Kaggle jorizivannvillanueva/most-popular-names-in-philippines-dataset (1,000 most common Philippine forenames)"
610,Eliseo,31710,3343,106006530,Male,99,,"Kaggle jorizivannvillanueva/most-popular-names-in-philippines-dataset (1,000 most common Philippine forenames)"
611,Edmundo,31602,3355,106024710,Male,99,,"Kaggle jorizivannvillanueva/most-popular-names-in-philippines-dataset (1,000 most common Philippine forenames)"
612,Cornelio,31587,3356,106005972,Male,99,,"Kaggle jorizivannvillanueva/most-popular-names-in-philippines-dataset (1,000 most common Philippine forenames)"
613,Feliciano,31256,3392,106020352,Male,99,,"Kaggle jorizivannvillanueva/most-popular-names-in-philippines-dataset (1,000 most common Philippine forenames)"
614,Mirasol,31200,3398,106017600,Female,99,,"Kaggle jorizivannvillanueva/most-popular-names-in-philippines-dataset (1,000 most common Philippine forenames)"
615,Rhodora,31198,3398,106010804,Female,99,,"Kaggle jorizivannvillanueva/most-popular-names-in-philippines-dataset (1,000 most common Philippine forenames)"
616,Florante,31032,3416,106005312,Male,99,,"Kaggle jorizivannvillanueva/most-popular-names-in-philippines-dataset (1,000 most common Philippine forenames)"
617,Allen,30931,3427,106000537,Male,75,ambiguous,"Kaggle jorizivannvillanueva/most-popular-names-in-philippines-dataset (1,000 most common Philippine forenames)"
618,Celia,30881,3433,106014473,Female,99,,"Kaggle jorizivannvillanueva/most-popular-names-in-philippines-dataset (1,000 most common Philippine forenames)"
619,Leny,30652,3458,105994616,Female,98,,"Kaggle jorizivannvillanueva/most-popular-names-in-philippines-dataset (1,000 most common Philippine forenames)"
620,Julian,30624,3462,106020288,Male,98,,"Kaggle jorizivannvillanueva/most-popular-names-in-philippines-dataset (1,000 most common Philippine forenames)"
621,Richelle,30525,3473,106013325,Female,96,,"Kaggle jorizivannvillanueva/most-popular-names-in-philippines-dataset (1,000 most common Philippine forenames)"
622,Myla,30515,3474,106009110,Female,99,,"Kaggle jorizivannvillanueva/most-popular-names-in-philippines-dataset (1,000 most common Philippine forenames)"
623,Charles,30424,3484,105997216,Male,99,,"Kaggle jorizivannvillanueva/most-popular-names-in-philippines-dataset (1,000 most common Philippine forenames)"
624,Marc,30421,3485,106017185,Male,99,,"Kaggle jorizivannvillanueva/most-popular-names-in-philippines-dataset (1,000 most common Philippine forenames)"
625,Liezl,30412,3486,106016232,Female,99,,"Kaggle jorizivannvillanueva/most-popular-names-in-philippines-dataset (1,000 most common Philippine forenames)"
626,Jay-Ar,30399,3487,106001313,Male,99,,"Kaggle jorizivannvillanueva/most-popular-names-in-philippines-dataset (1,000 most common Philippine forenames)"
627,Arman,30380,3489,105995820,Male,99,,"Kaggle jorizivannvillanueva/most-popular-names-in-philippines-dataset (1,000 most common Philippine forenames)"
628,Melba,30322,3496,106005712,Female,99,,"Kaggle jorizivannvillanueva/most-popular-names-in-philippines-dataset (1,000 most common Philippine forenames)"
629,Narcisa,30322,3496,106005712,Female,99,,"Kaggle jorizivannvillanueva/most-popular-names-in-philippines-dataset (1,000 most common Philippine forenames)"
630,Joanne,30279,3501,106006779,Female,98,,"Kaggle jorizivannvillanueva/most-popular-names-in-philippines-dataset (1,000 most common Philippine forenames)"
631,Fidel,30253,3504,106006512,Male,99,,"Kaggle jorizivannvillanueva/most-popular-names-in-philippines-dataset (1,000 most common Philippine forenames)"
632,Tito,30238,3506,106014428,Male,99,,"Kaggle jorizivannvillanueva/most-popular-names-in-philippines-dataset (1,000 most common Philippine forenames)"
633,Arsenia,30110,3521,106017310,Female,99,,"Kaggle jorizivannvillanueva/most-popular-names-in-philippines-dataset (1,000 most common Philippine forenames)"
634,Marcos,29894,3546,106004124,Male,99,,"Kaggle jorizivannvillanueva/most-popular-names-in-philippines-dataset (1,000 most common Philippine forenames)"
635,Arjay,29854,3551,106011554,Male,99,,"Kaggle jorizivannvillanueva/most-popular-names-in-philippines-dataset (1,000 most common Philippine forenames)"
636,Sammy,29850,3551,105997350,Male,99,,"Kaggle jorizivannvillanueva/most-popular-names-in-philippines-dataset (1,000 most common Philippine forenames)"
637,Asuncion,29794,3558,106007052,Female,98,,"Kaggle jorizivannvillanueva/most-popular-names-in-philippines-dataset (1,000 most common Philippine forenames)"
638,Mariel,29765,3562,106022930,Female,86,ambiguous,"Kaggle jorizivannvillanueva/most-popular-names-in-philippines-dataset (1,000 most common Philippine forenames)"
639,Godofredo,29754,3563,106013502,Male,99,,"Kaggle jorizivannvillanueva/most-popular-names-in-philippines-dataset (1,000 most common Philippine forenames)"
640,Hilario,29718,3567,106004106,Male,99,,"Kaggle jorizivannvillanueva/most-popular-names-in-philippines-dataset (1,000 most common Philippine forenames)"
641,Joana,29717,3567,106000539,Female,99,,"Kaggle jorizivannvillanueva/most-popular-names-in-philippines-dataset (1,000 most common Philippine forenames)"
642,Rizza,29589,3583,106017387,Female,99,,"Kaggle jorizivannvillanueva/most-popular-names-in-philippines-dataset (1,000 most common Philippine forenames)"
643,Romy,29515,3592,106017880,Male,99,,"Kaggle jorizivannvillanueva/most-popular-names-in-philippines-dataset (1,000 most common Philippine forenames)"
644,Jordan,29133,3639,106014987,Male,99,,"Kaggle jorizivannvillanueva/most-popular-names-in-philippines-dataset (1,000 most common Philippine forenames)"
645,Juana,29013,3654,106013502,Female,99,,"Kaggle jorizivannvillanueva/most-popular-names-in-philippines-dataset (1,000 most common Philippine forenames)"
646,Willy,29006,3655,106016930,Male,98,,"Kaggle jorizivannvillanueva/most-popular-names-in-philippines-dataset (1,000 most common Philippine forenames)"
647,Cresencia,28990,3657,106016430,Female,99,,"Kaggle jorizivannvillanueva/most-popular-names-in-philippines-dataset (1,000 most common Philippine forenames)"
648,Saturnino,28943,3663,106018209,Male,99,,"Kaggle jorizivannvillanueva/most-popular-names-in-philippines-dataset (1,000 most common Philippine forenames)"
649,Lita,28899,3668,106001532,Female,99,,"Kaggle jorizivannvillanueva/most-popular-names-in-philippines-dataset (1,000 most common Philippine forenames)"
650,Minda,28863,3673,106013799,Female,99,,"Kaggle jorizivannvillanueva/most-popular-names-in-philippines-dataset (1,000 most common Philippine forenames)"
651,Ramel,28819,3678,105996282,Male,99,,"Kaggle jorizivannvillanueva/most-popular-names-in-philippines-dataset (1,000 most common Philippine forenames)"
652,Sandra,28747,3688,106018936,Female,99,,"Kaggle jorizivannvillanueva/most-popular-names-in-philippines-dataset (1,000 most common Philippine forenames)"
653,Patricio,28667,3698,106010566,Male,99,,"Kaggle jorizivannvillanueva/most-popular-names-in-philippines-dataset (1,000 most common Philippine forenames)"
654,Marcela,28650,3700,106005000,Female,99,,"Kaggle jorizivannvillanueva/most-popular-names-in-philippines-dataset (1,000 most common Philippine forenames)"
655,Demetrio,28606,3706,106013836,Male,99,,"Kaggle jorizivannvillanueva/most-popular-names-in-philippines-dataset (1,000 most common Philippine forenames)"
656,Manolito,28602,3706,105999012,Male,99,,"Kaggle jorizivannvillanueva/most-popular-names-in-philippines-dataset (1,000 most common Philippine forenames)"
657,Leonard,28535,3715,106007525,Male,99,,"Kaggle jorizivannvillanueva/most-popular-names-in-philippines-dataset (1,000 most common Philippine forenames)"
658,Genalyn,28469,3724,106018556,Female,99,,"Kaggle jorizivannvillanueva/most-popular-names-in-philippines-dataset (1,000 most common Philippine forenames)"
659,Apolinario,28451,3726,106008426,Male,99,,"Kaggle jorizivannvillanueva/most-popular-names-in-philippines-dataset (1,000 most common Philippine forenames)"
660,Ann,28391,3734,106011994,Female,99,,"Kaggle jorizivannvillanueva/most-popular-names-in-philippines-dataset (1,000 most common Philippine forenames)"
661,Bernabe,28297,3746,106000562,Male,98,,"Kaggle jorizivannvillanueva/most-popular-names-in-philippines-dataset (1,000 most common Philippine forenames)"
662,Jeric,28270,3750,106012500,Male,100,,"Kaggle jorizivannvillanueva/most-popular-names-in-philippines-dataset (1,000 most common Philippine forenames)"
663,Lucita,28234,3755,106018670,Female,99,,"Kaggle jorizivannvillanueva/most-popular-names-in-philippines-dataset (1,000 most common Philippine forenames)"
664,Maritess,28214,3757,105999998,Female,99,,"Kaggle jorizivannvillanueva/most-popular-names-in-philippines-dataset (1,000 most common Philippine forenames)"
665,Lilian,28195,3760,106013200,Female,99,,"Kaggle jorizivannvillanueva/most-popular-names-in-philippines-dataset (1,000 most common Philippine forenames)"
666,Jerwin,28070,3777,106020390,Male,99,,"Kaggle jorizivannvillanueva/most-popular-names-in-philippines-dataset (1,000 most common Philippine forenames)"
667,Reymond,27993,3787,106009491,Male,100,,"Kaggle jorizivannvillanueva/most-popular-names-in-philippines-dataset (1,000 most common Philippine forenames)"
668,Jovito,27950,3793,106014350,Male,99,,"Kaggle jorizivannvillanueva/most-popular-names-in-philippines-dataset (1,000 most common Philippine forenames)"
669,Amina,27894,3800,105997200,Female,99,,"Kaggle jorizivannvillanueva/most-popular-names-in-philippines-dataset (1,000 most common Philippine forenames)"
670,Elias,27709,3826,106014634,Male,99,,"Kaggle jorizivannvillanueva/most-popular-names-in-philippines-dataset (1,000 most common Philippine forenames)"
671,Miriam,27650,3834,106010100,Female,99,,"Kaggle jorizivannvillanueva/most-popular-names-in-philippines-dataset (1,000 most common Philippine forenames)"
672,Girlie,27638,3836,106019368,Female,99,,"Kaggle jorizivannvillanueva/most-popular-names-in-philippines-dataset (1,000 most common Philippine forenames)"
673,Marita,27638,3836,106019368,Female,99,,"Kaggle jorizivannvillanueva/most-popular-names-in-philippines-dataset (1,000 most common Philippine forenames)"
674,Aurelia,27570,3845,106006650,Female,99,,"Kaggle jorizivannvillanueva/most-popular-names-in-philippines-dataset (1,000 most common Philippine forenames)"
675,Pamela,27516,3853,106019148,Female,99,,"Kaggle jorizivannvillanueva/most-popular-names-in-philippines-dataset (1,000 most common Philippine forenames)"
676,Joe,27438,3864,106020432,Male,91,,"Kaggle jorizivannvillanueva/most-popular-names-in-philippines-dataset (1,000 most common Philippine forenames)"
677,Julia,27409,3868,106018012,Female,99,,"Kaggle jorizivannvillanueva/most-popular-names-in-philippines-dataset (1,000 most common Philippine forenames)"
678,Paulino,27330,3879,106013070,Male,99,,"Kaggle jorizivannvillanueva/most-popular-names-in-philippines-dataset (1,000 most common Philippine forenames)"
679,Anabel,27312,3881,105997872,Female,99,,"Kaggle jorizivannvillanueva/most-popular-names-in-philippines-dataset (1,000 most common Philippine forenames)"
680,Carmela,27190,3899,106013810,Female,99,,"Kaggle jorizivannvillanueva/most-popular-names-in-philippines-dataset (1,000 most common Philippine forenames)"
681,Mike,27153,3904,106005312,Male,99,,"Kaggle jorizivannvillanueva/most-popular-names-in-philippines-dataset (1,000 most common Philippine forenames)"
682,Marlene,27000,3926,106002000,Female,99,,"Kaggle jorizivannvillanueva/most-popular-names-in-philippines-dataset (1,000 most common Philippine forenames)"
683,Abegail,26995,3927,106009365,Female,98,,"Kaggle jorizivannvillanueva/most-popular-names-in-philippines-dataset (1,000 most common Philippine forenames)"
684,Dario,26894,3942,106016148,Male,99,,"Kaggle jorizivannvillanueva/most-popular-names-in-philippines-dataset (1,000 most common Philippine forenames)"
685,Crisanta,26740,3964,105997360,Female,99,,"Kaggle jorizivannvillanueva/most-popular-names-in-philippines-dataset (1,000 most common Philippine forenames)"
686,Sylvia,26640,3979,106000560,Female,99,,"Kaggle jorizivannvillanueva/most-popular-names-in-philippines-dataset (1,000 most common Philippine forenames)"
687,Betty,26598,3986,106019628,Female,98,,"Kaggle jorizivannvillanueva/most-popular-names-in-philippines-dataset (1,000 most common Philippine forenames)"
688,Lester,26586,3987,105998382,Male,99,,"Kaggle jorizivannvillanueva/most-popular-names-in-philippines-dataset (1,000 most common Philippine forenames)"
689,Edmar,26501,4000,106004000,Male,99,,"Kaggle jorizivannvillanueva/most-popular-names-in-philippines-dataset (1,000 most common Philippine forenames)"
690,Virgie,26480,4003,105999440,Female,99,,"Kaggle jorizivannvillanueva/most-popular-names-in-philippines-dataset (1,000 most common Philippine forenames)"
691,Lerma,26368,4020,105999360,Female,99,,"Kaggle jorizivannvillanueva/most-popular-names-in-philippines-dataset (1,000 most common Philippine forenames)"
692,Russel,26335,4025,105998375,Male,67,ambiguous,"Kaggle jorizivannvillanueva/most-popular-names-in-philippines-dataset (1,000 most common Philippine forenames)"
693,Consolacion,26325,4027,106010775,Female,99,,"Kaggle jorizivannvillanueva/most-popular-names-in-philippines-dataset (1,000 most common Philippine forenames)"
694,Noraisa,26274,4035,106015590,Female,99,,"Kaggle jorizivannvillanueva/most-popular-names-in-philippines-dataset (1,000 most common Philippine forenames)"
695,Nasser,26173,4050,106000650,Male,99,,"Kaggle jorizivannvillanueva/most-popular-names-in-philippines-dataset (1,000 most common Philippine forenames)"
696,Fortunato,26137,4056,106011672,Male,99,,"Kaggle jorizivannvillanueva/most-popular-names-in-philippines-dataset (1,000 most common Philippine forenames)"
697,Geronimo,26137,4056,106011672,Male,99,,"Kaggle jorizivannvillanueva/most-popular-names-in-philippines-dataset (1,000 most common Philippine forenames)"
698,Nimfa,26087,4064,106017568,Female,99,,"Kaggle jorizivannvillanueva/most-popular-names-in-philippines-dataset (1,000 most common Philippine forenames)"
699,Florentina,26067,4067,106014489,Female,99,,"Kaggle jorizivannvillanueva/most-popular-names-in-philippines-dataset (1,000 most common Philippine forenames)"
700,Warlito,26024,4074,106021776,Male,99,,"Kaggle jorizivannvillanueva/most-popular-names-in-philippines-dataset (1,000 most common Philippine forenames)"
701,Marisa,25953,4085,106018005,Female,99,,"Kaggle jorizivannvillanueva/most-popular-names-in-philippines-dataset (1,000 most common Philippine forenames)"
702,Rosana,25952,4085,106013920,Female,99,,"Kaggle jorizivannvillanueva/most-popular-names-in-philippines-dataset (1,000 most common Philippine forenames)"
703,Amparo,25945,4086,106011270,Female,98,,"Kaggle jorizivannvillanueva/most-popular-names-in-philippines-dataset (1,000 most common Philippine forenames)"
704,Josefa,25907,4092,106011444,Female,99,,"Kaggle jorizivannvillanueva/most-popular-names-in-philippines-dataset (1,000 most common Philippine forenames)"
705,Victoriano,25860,4099,106000140,Male,99,,"Kaggle jorizivannvillanueva/most-popular-names-in-philippines-dataset (1,000 most common Philippine forenames)"
706,Anabelle,25758,4116,106019928,Female,99,,"Kaggle jorizivannvillanueva/most-popular-names-in-philippines-dataset (1,000 most common Philippine forenames)"
707,H,25745,4118,106017910,Female,59,ambiguous,"Kaggle jorizivannvillanueva/most-popular-names-in-philippines-dataset (1,000 most common Philippine forenames)"
708,Caridad,25729,4120,106003480,Female,99,,"Kaggle jorizivannvillanueva/most-popular-names-in-philippines-dataset (1,000 most common Philippine forenames)"
709,Stephen,25717,4122,106005474,Male,98,,"Kaggle jorizivannvillanueva/most-popular-names-in-philippines-dataset (1,000 most common Philippine forenames)"
710,Abelardo,25680,4128,106007040,Male,99,,"Kaggle jorizivannvillanueva/most-popular-names-in-philippines-dataset (1,000 most common Philippine forenames)"
711,Angeline,25636,4135,106004860,Female,99,,"Kaggle jorizivannvillanueva/most-popular-names-in-philippines-dataset (1,000 most common Philippine forenames)"
712,Roman,25613,4139,106012207,Male,99,,"Kaggle jorizivannvillanueva/most-popular-names-in-philippines-dataset (1,000 most common Philippine forenames)"
713,Jake,25600,4141,106009600,Male,99,,"Kaggle jorizivannvillanueva/most-popular-names-in-philippines-dataset (1,000 most common Philippine forenames)"
714,Dave,25432,4168,106000576,Male,99,,"Kaggle jorizivannvillanueva/most-popular-names-in-philippines-dataset (1,000 most common Philippine forenames)"
715,Marichu,25297,4191,106019727,Female,99,,"Kaggle jorizivannvillanueva/most-popular-names-in-philippines-dataset (1,000 most common Philippine forenames)"
716,Jaypee,25283,4193,106011619,Male,99,,"Kaggle jorizivannvillanueva/most-popular-names-in-philippines-dataset (1,000 most common Philippine forenames)"
717,Daryl,25233,4201,106003833,Male,83,ambiguous,"Kaggle jorizivannvillanueva/most-popular-names-in-philippines-dataset (1,000 most common Philippine forenames)"
718,Glen,25201,4207,106020607,Male,92,,"Kaggle jorizivannvillanueva/most-popular-names-in-philippines-dataset (1,000 most common Philippine forenames)"
719,Pilar,25165,4213,106020145,Female,99,,"Kaggle jorizivannvillanueva/most-popular-names-in-philippines-dataset (1,000 most common Philippine forenames)"
720,Argie,25157,4214,106011598,Male,89,ambiguous,"Kaggle jorizivannvillanueva/most-popular-names-in-philippines-dataset (1,000 most common Philippine forenames)"
721,Tirso,25141,4217,106019597,Male,99,,"Kaggle jorizivannvillanueva/most-popular-names-in-philippines-dataset (1,000 most common Philippine forenames)"
722,Jenifer,25129,4219,106019251,Female,91,,"Kaggle jorizivannvillanueva/most-popular-names-in-philippines-dataset (1,000 most common Philippine forenames)"
723,Jovy,25118,4220,105997960,Female,68,ambiguous,"Kaggle jorizivannvillanueva/most-popular-names-in-philippines-dataset (1,000 most common Philippine forenames)"
724,Abigail,25013,4238,106005094,Female,99,,"Kaggle jorizivannvillanueva/most-popular-names-in-philippines-dataset (1,000 most common Philippine forenames)"
725,Marian,24930,4252,106002360,Female,99,,"Kaggle jorizivannvillanueva/most-popular-names-in-philippines-dataset (1,000 most common Philippine forenames)"
726,Anecita,24856,4265,106010840,Female,99,,"Kaggle jorizivannvillanueva/most-popular-names-in-philippines-dataset (1,000 most common Philippine forenames)"
727,Billy,24825,4270,106002750,Male,93,,"Kaggle jorizivannvillanueva/most-popular-names-in-philippines-dataset (1,000 most common Philippine forenames)"
728,Dionesio,24816,4272,106013952,Male,99,,"Kaggle jorizivannvillanueva/most-popular-names-in-philippines-dataset (1,000 most common Philippine forenames)"
729,Ignacio,24814,4272,106005408,Male,99,,"Kaggle jorizivannvillanueva/most-popular-names-in-philippines-dataset (1,000 most common Philippine forenames)"
730,Dindo,24790,4276,106002040,Male,99,,"Kaggle jorizivannvillanueva/most-popular-names-in-philippines-dataset (1,000 most common Philippine forenames)"
731,Jona,24745,4284,106007580,Female,98,,"Kaggle jorizivannvillanueva/most-popular-names-in-philippines-dataset (1,000 most common Philippine forenames)"
732,Marciano,24713,4290,106018770,Male,99,,"Kaggle jorizivannvillanueva/most-popular-names-in-philippines-dataset (1,000 most common Philippine forenames)"
733,Augusto,24696,4293,106019928,Male,99,,"Kaggle jorizivannvillanueva/most-popular-names-in-philippines-dataset (1,000 most common Philippine forenames)"
734,Marco,24653,4300,106007900,Male,100,,"Kaggle jorizivannvillanueva/most-popular-names-in-philippines-dataset (1,000 most common Philippine forenames)"
735,Florence,24640,4302,106001280,Female,88,ambiguous,"Kaggle jorizivannvillanueva/most-popular-names-in-philippines-dataset (1,000 most common Philippine forenames)"
736,Araceli,24614,4307,106012498,Female,99,,"Kaggle jorizivannvillanueva/most-popular-names-in-philippines-dataset (1,000 most common Philippine forenames)"
737,Renalyn,24614,4307,106012498,Female,99,,"Kaggle jorizivannvillanueva/most-popular-names-in-philippines-dataset (1,000 most common Philippine forenames)"
738,Lucy,24566,4315,106002290,Female,99,,"Kaggle jorizivannvillanueva/most-popular-names-in-philippines-dataset (1,000 most common Philippine forenames)"
739,Restituto,24526,4322,106001372,Male,99,,"Kaggle jorizivannvillanueva/most-popular-names-in-philippines-dataset (1,000 most common Philippine forenames)"
740,Minerva,24515,4324,106002860,Female,99,,"Kaggle jorizivannvillanueva/most-popular-names-in-philippines-dataset (1,000 most common Philippine forenames)"
741,Romnick,24492,4328,106001376,Male,100,,"Kaggle jorizivannvillanueva/most-popular-names-in-philippines-dataset (1,000 most common Philippine forenames)"
742,Roxanne,24464,4333,106002512,Female,99,,"Kaggle jorizivannvillanueva/most-popular-names-in-philippines-dataset (1,000 most common Philippine forenames)"
743,Gaudencio,24446,4336,105997856,Male,99,,"Kaggle jorizivannvillanueva/most-popular-names-in-philippines-dataset (1,000 most common Philippine forenames)"
744,Rosendo,24431,4339,106006109,Male,99,,"Kaggle jorizivannvillanueva/most-popular-names-in-philippines-dataset (1,000 most common Philippine forenames)"
745,Eugenia,24333,4357,106018881,Female,99,,"Kaggle jorizivannvillanueva/most-popular-names-in-philippines-dataset (1,000 most common Philippine forenames)"
746,Zosimo,24313,4360,106004680,Male,99,,"Kaggle jorizivannvillanueva/most-popular-names-in-philippines-dataset (1,000 most common Philippine forenames)"
747,Ely,24303,4362,106009686,Male,78,ambiguous,"Kaggle jorizivannvillanueva/most-popular-names-in-philippines-dataset (1,000 most common Philippine forenames)"
748,Cirilo,24302,4362,106005324,Male,99,,"Kaggle jorizivannvillanueva/most-popular-names-in-philippines-dataset (1,000 most common Philippine forenames)"
749,Al,24238,4374,106017012,Male,97,,"Kaggle jorizivannvillanueva/most-popular-names-in-philippines-dataset (1,000 most common Philippine forenames)"
750,Criselda,24146,4390,106000940,Female,99,,"Kaggle jorizivannvillanueva/most-popular-names-in-philippines-dataset (1,000 most common Philippine forenames)"
751,Sandy,24092,4400,106004800,Male,85,ambiguous,"Kaggle jorizivannvillanueva/most-popular-names-in-philippines-dataset (1,000 most common Philippine forenames)"
752,Rea,24087,4401,106006887,Female,99,,"Kaggle jorizivannvillanueva/most-popular-names-in-philippines-dataset (1,000 most common Philippine forenames)"
753,Gregoria,23955,4425,106000875,Female,99,,"Kaggle jorizivannvillanueva/most-popular-names-in-philippines-dataset (1,000 most common Philippine forenames)"
754,Catalino,23903,4435,106009805,Male,99,,"Kaggle jorizivannvillanueva/most-popular-names-in-philippines-dataset (1,000 most common Philippine forenames)"
755,Adonis,23888,4438,106014944,Male,99,,"Kaggle jorizivannvillanueva/most-popular-names-in-philippines-dataset (1,000 most common Philippine forenames)"
756,Aries,23853,4444,106002732,Male,97,,"Kaggle jorizivannvillanueva/most-popular-names-in-philippines-dataset (1,000 most common Philippine forenames)"
757,Charmaine,23851,4445,106017695,Female,99,,"Kaggle jorizivannvillanueva/most-popular-names-in-philippines-dataset (1,000 most common Philippine forenames)"
758,Vicenta,23841,4447,106020927,Female,98,,"Kaggle jorizivannvillanueva/most-popular-names-in-philippines-dataset (1,000 most common Philippine forenames)"
759,Emerson,23787,4457,106018659,Male,99,,"Kaggle jorizivannvillanueva/most-popular-names-in-philippines-dataset (1,000 most common Philippine forenames)"
760,Benigno,23754,4463,106014102,Male,99,,"Kaggle jorizivannvillanueva/most-popular-names-in-philippines-dataset (1,000 most common Philippine forenames)"
761,Merry,23748,4464,106011072,Female,99,,"Kaggle jorizivannvillanueva/most-popular-names-in-philippines-dataset (1,000 most common Philippine forenames)"
762,Madelyn,23725,4468,106003300,Female,99,,"Kaggle jorizivannvillanueva/most-popular-names-in-philippines-dataset (1,000 most common Philippine forenames)"
763,Victorino,23595,4493,106012335,Male,99,,"Kaggle jorizivannvillanueva/most-popular-names-in-philippines-dataset (1,000 most common Philippine forenames)"
764,Dan,23577,4496,106002192,Male,98,,"Kaggle jorizivannvillanueva/most-popular-names-in-philippines-dataset (1,000 most common Philippine forenames)"
765,Emely,23573,4497,106007781,Female,99,,"Kaggle jorizivannvillanueva/most-popular-names-in-philippines-dataset (1,000 most common Philippine forenames)"
766,Florida,23561,4499,106000939,Female,99,,"Kaggle jorizivannvillanueva/most-popular-names-in-philippines-dataset (1,000 most common Philippine forenames)"
767,Jennelyn,23462,4518,106001316,Female,99,,"Kaggle jorizivannvillanueva/most-popular-names-in-philippines-dataset (1,000 most common Philippine forenames)"
768,Gretchen,23458,4519,106006702,Female,99,,"Kaggle jorizivannvillanueva/most-popular-names-in-philippines-dataset (1,000 most common Philippine forenames)"
769,Adoracion,23451,4520,105998520,Female,99,,"Kaggle jorizivannvillanueva/most-popular-names-in-philippines-dataset (1,000 most common Philippine forenames)"
770,Elaine,23411,4528,106005008,Female,99,,"Kaggle jorizivannvillanueva/most-popular-names-in-philippines-dataset (1,000 most common Philippine forenames)"
771,Paulo,23404,4530,106020120,Male,99,,"Kaggle jorizivannvillanueva/most-popular-names-in-philippines-dataset (1,000 most common Philippine forenames)"
772,Salome,23320,4546,106012720,Female,98,,"Kaggle jorizivannvillanueva/most-popular-names-in-philippines-dataset (1,000 most common Philippine forenames)"
773,Marianne,23276,4554,105998904,Female,99,,"Kaggle jorizivannvillanueva/most-popular-names-in-philippines-dataset (1,000 most common Philippine forenames)"
774,Samson,23261,4557,106000377,Male,99,,"Kaggle jorizivannvillanueva/most-popular-names-in-philippines-dataset (1,000 most common Philippine forenames)"
775,Macario,23188,4572,106015536,Male,99,,"Kaggle jorizivannvillanueva/most-popular-names-in-philippines-dataset (1,000 most common Philippine forenames)"
776,Napoleon,23170,4575,106002750,Male,99,,"Kaggle jorizivannvillanueva/most-popular-names-in-philippines-dataset (1,000 most common Philippine forenames)"
777,Maxima,23162,4577,106012474,Female,99,,"Kaggle jorizivannvillanueva/most-popular-names-in-philippines-dataset (1,000 most common Philippine forenames)"
778,Janette,23145,4580,106004100,Female,99,,"Kaggle jorizivannvillanueva/most-popular-names-in-philippines-dataset (1,000 most common Philippine forenames)"
779,Katrina,23123,4585,106018955,Female,100,,"Kaggle jorizivannvillanueva/most-popular-names-in-philippines-dataset (1,000 most common Philippine forenames)"
780,Sanny,23044,4600,106002400,Male,95,,"Kaggle jorizivannvillanueva/most-popular-names-in-philippines-dataset (1,000 most common Philippine forenames)"
781,Analie,23014,4606,106002484,Female,99,,"Kaggle jorizivannvillanueva/most-popular-names-in-philippines-dataset (1,000 most common Philippine forenames)"
782,Lucena,23007,4608,106016256,Female,99,,"Kaggle jorizivannvillanueva/most-popular-names-in-philippines-dataset (1,000 most common Philippine forenames)"
783,Donald,22956,4618,106010808,Male,99,,"Kaggle jorizivannvillanueva/most-popular-names-in-philippines-dataset (1,000 most common Philippine forenames)"
784,Santos,22956,4618,106010808,Male,99,,"Kaggle jorizivannvillanueva/most-popular-names-in-philippines-dataset (1,000 most common Philippine forenames)"
785,Lino,22921,4625,106009625,Male,99,,"Kaggle jorizivannvillanueva/most-popular-names-in-philippines-dataset (1,000 most common Philippine forenames)"
786,Felicitas,22918,4626,106018668,Female,99,,"Kaggle jorizivannvillanueva/most-popular-names-in-philippines-dataset (1,000 most common Philippine forenames)"
787,Jacinto,22904,4628,105999712,Male,99,,"Kaggle jorizivannvillanueva/most-popular-names-in-philippines-dataset (1,000 most common Philippine forenames)"
788,Cindy,22850,4639,106001150,Female,99,,"Kaggle jorizivannvillanueva/most-popular-names-in-philippines-dataset (1,000 most common Philippine forenames)"
789,Kathleen,22824,4645,106017480,Female,100,,"Kaggle jorizivannvillanueva/most-popular-names-in-philippines-dataset (1,000 most common Philippine forenames)"
790,Jonas,22821,4645,106003545,Male,98,,"Kaggle jorizivannvillanueva/most-popular-names-in-philippines-dataset (1,000 most common Philippine forenames)"
791,Manny,22788,4652,106009776,Male,99,,"Kaggle jorizivannvillanueva/most-popular-names-in-philippines-dataset (1,000 most common Philippine forenames)"
792,Ibrahim,22781,4653,105999993,Male,99,,"Kaggle jorizivannvillanueva/most-popular-names-in-philippines-dataset (1,000 most common Philippine forenames)"
793,Amor,22718,4666,106002188,Female,75,ambiguous,"Kaggle jorizivannvillanueva/most-popular-names-in-philippines-dataset (1,000 most common Philippine forenames)"
794,Alice,22692,4672,106017024,Female,99,,"Kaggle jorizivannvillanueva/most-popular-names-in-philippines-dataset (1,000 most common Philippine forenames)"
795,Sofia,22652,4680,106011360,Female,99,,"Kaggle jorizivannvillanueva/most-popular-names-in-philippines-dataset (1,000 most common Philippine forenames)"
796,Mamerto,22642,4682,106009844,Male,99,,"Kaggle jorizivannvillanueva/most-popular-names-in-philippines-dataset (1,000 most common Philippine forenames)"
797,Lily,22613,4688,106009744,Female,99,,"Kaggle jorizivannvillanueva/most-popular-names-in-philippines-dataset (1,000 most common Philippine forenames)"
798,Severino,22584,4694,106009296,Male,99,,"Kaggle jorizivannvillanueva/most-popular-names-in-philippines-dataset (1,000 most common Philippine forenames)"
799,Annabel,22568,4697,106001896,Female,99,,"Kaggle jorizivannvillanueva/most-popular-names-in-philippines-dataset (1,000 most common Philippine forenames)"
800,Regine,22471,4718,106018178,Female,95,,"Kaggle jorizivannvillanueva/most-popular-names-in-philippines-dataset (1,000 most common Philippine forenames)"
801,Janine,22449,4722,106004178,Female,99,,"Kaggle jorizivannvillanueva/most-popular-names-in-philippines-dataset (1,000 most common Philippine forenames)"
802,Camille,22405,4732,106020460,Female,99,,"Kaggle jorizivannvillanueva/most-popular-names-in-philippines-dataset (1,000 most common Philippine forenames)"
803,Junrey,22402,4732,106006264,Male,100,,"Kaggle jorizivannvillanueva/most-popular-names-in-philippines-dataset (1,000 most common Philippine forenames)"
804,Camilo,22352,4743,106015536,Male,99,,"Kaggle jorizivannvillanueva/most-popular-names-in-philippines-dataset (1,000 most common Philippine forenames)"
805,Alexis,22334,4747,106019498,Male,88,ambiguous,"Kaggle jorizivannvillanueva/most-popular-names-in-philippines-dataset (1,000 most common Philippine forenames)"
806,Nathaniel,22308,4752,106007616,Male,99,,"Kaggle jorizivannvillanueva/most-popular-names-in-philippines-dataset (1,000 most common Philippine forenames)"
807,Jeanette,22291,4756,106015996,Female,99,,"Kaggle jorizivannvillanueva/most-popular-names-in-philippines-dataset (1,000 most common Philippine forenames)"
808,Bernadeth,22282,4758,106017756,Female,99,,"Kaggle jorizivannvillanueva/most-popular-names-in-philippines-dataset (1,000 most common Philippine forenames)"
809,Claire,22240,4767,106018080,Female,98,,"Kaggle jorizivannvillanueva/most-popular-names-in-philippines-dataset (1,000 most common Philippine forenames)"
810,Eleanor,22231,4769,106019639,Female,98,,"Kaggle jorizivannvillanueva/most-popular-names-in-philippines-dataset (1,000 most common Philippine forenames)"
811,Rosanna,22227,4769,106000563,Female,99,,"Kaggle jorizivannvillanueva/most-popular-names-in-philippines-dataset (1,000 most common Philippine forenames)"
812,Herbert,22177,4780,106006060,Male,100,,"Kaggle jorizivannvillanueva/most-popular-names-in-philippines-dataset (1,000 most common Philippine forenames)"
813,Edmund,22172,4781,106004332,Male,100,,"Kaggle jorizivannvillanueva/most-popular-names-in-philippines-dataset (1,000 most common Philippine forenames)"
814,Hector,22135,4789,106004515,Male,99,,"Kaggle jorizivannvillanueva/most-popular-names-in-philippines-dataset (1,000 most common Philippine forenames)"
815,Bella,22129,4791,106020039,Female,99,,"Kaggle jorizivannvillanueva/most-popular-names-in-philippines-dataset (1,000 most common Philippine forenames)"
816,Froilan,22123,4792,106013416,Male,99,,"Kaggle jorizivannvillanueva/most-popular-names-in-philippines-dataset (1,000 most common Philippine forenames)"
817,Normina,22121,4792,106003832,Female,99,,"Kaggle jorizivannvillanueva/most-popular-names-in-philippines-dataset (1,000 most common Philippine forenames)"
818,Maureen,22097,4797,105999309,Female,99,,"Kaggle jorizivannvillanueva/most-popular-names-in-philippines-dataset (1,000 most common Philippine forenames)"
819,Genelyn,22091,4799,106014709,Female,99,,"Kaggle jorizivannvillanueva/most-popular-names-in-philippines-dataset (1,000 most common Philippine forenames)"
820,Eusebio,22014,4816,106019424,Male,99,,"Kaggle jorizivannvillanueva/most-popular-names-in-philippines-dataset (1,000 most common Philippine forenames)"
821,Charlene,22008,4817,106012536,Female,99,,"Kaggle jorizivannvillanueva/most-popular-names-in-philippines-dataset (1,000 most common Philippine forenames)"
822,Herminio,21982,4823,106019186,Male,99,,"Kaggle jorizivannvillanueva/most-popular-names-in-philippines-dataset (1,000 most common Philippine forenames)"
823,Carl,21971,4825,106010075,Male,97,,"Kaggle jorizivannvillanueva/most-popular-names-in-philippines-dataset (1,000 most common Philippine forenames)"
824,Donato,21943,4831,106006633,Male,99,,"Kaggle jorizivannvillanueva/most-popular-names-in-philippines-dataset (1,000 most common Philippine forenames)"
825,Anastacia,21932,4834,106019288,Female,99,,"Kaggle jorizivannvillanueva/most-popular-names-in-philippines-dataset (1,000 most common Philippine forenames)"
826,Lemuel,21897,4841,106003377,Male,100,,"Kaggle jorizivannvillanueva/most-popular-names-in-philippines-dataset (1,000 most common Philippine forenames)"
827,Alfred,21890,4843,106013270,Male,100,,"Kaggle jorizivannvillanueva/most-popular-names-in-philippines-dataset (1,000 most common Philippine forenames)"
828,Tita,21821,4858,106006418,Female,99,,"Kaggle jorizivannvillanueva/most-popular-names-in-philippines-dataset (1,000 most common Philippine forenames)"
829,Walter,21820,4858,106001560,Male,99,,"Kaggle jorizivannvillanueva/most-popular-names-in-philippines-dataset (1,000 most common Philippine forenames)"
830,Benita,21814,4860,106016040,Female,99,,"Kaggle jorizivannvillanueva/most-popular-names-in-philippines-dataset (1,000 most common Philippine forenames)"
831,Richel,21798,4863,106003674,Female,86,ambiguous,"Kaggle jorizivannvillanueva/most-popular-names-in-philippines-dataset (1,000 most common Philippine forenames)"
832,Lenie,21772,4869,106007868,Female,98,,"Kaggle jorizivannvillanueva/most-popular-names-in-philippines-dataset (1,000 most common Philippine forenames)"
833,Carmencita,21760,4872,106014720,Female,99,,"Kaggle jorizivannvillanueva/most-popular-names-in-philippines-dataset (1,000 most common Philippine forenames)"
834,Carina,21737,4877,106011349,Female,99,,"Kaggle jorizivannvillanueva/most-popular-names-in-philippines-dataset (1,000 most common Philippine forenames)"
835,Genaro,21662,4894,106013828,Male,99,,"Kaggle jorizivannvillanueva/most-popular-names-in-philippines-dataset (1,000 most common Philippine forenames)"
836,Ponciano,21660,4894,106004040,Male,99,,"Kaggle jorizivannvillanueva/most-popular-names-in-philippines-dataset (1,000 most common Philippine forenames)"
837,Warren,21610,4906,106018660,Male,98,,"Kaggle jorizivannvillanueva/most-popular-names-in-philippines-dataset (1,000 most common Philippine forenames)"
838,Aaron,21547,4920,106011240,Male,99,,"Kaggle jorizivannvillanueva/most-popular-names-in-philippines-dataset (1,000 most common Philippine forenames)"
839,Leonisa,21536,4922,106000192,Female,99,,"Kaggle jorizivannvillanueva/most-popular-names-in-philippines-dataset (1,000 most common Philippine forenames)"
840,Epifania,21533,4923,106006959,Female,99,,"Kaggle jorizivannvillanueva/most-popular-names-in-philippines-dataset (1,000 most common Philippine forenames)"
841,Desiree,21486,4934,106011924,Female,99,,"Kaggle jorizivannvillanueva/most-popular-names-in-philippines-dataset (1,000 most common Philippine forenames)"
842,Carol,21450,4942,106005900,Female,99,,"Kaggle jorizivannvillanueva/most-popular-names-in-philippines-dataset (1,000 most common Philippine forenames)"
843,Laila,21449,4942,106000958,Female,99,,"Kaggle jorizivannvillanueva/most-popular-names-in-philippines-dataset (1,000 most common Philippine forenames)"
844,Emelia,21372,4960,106005120,Female,99,,"Kaggle jorizivannvillanueva/most-popular-names-in-philippines-dataset (1,000 most common Philippine forenames)"
845,Anastacio,21358,4963,105999754,Male,99,,"Kaggle jorizivannvillanueva/most-popular-names-in-philippines-dataset (1,000 most common Philippine forenames)"
846,Sheena,21278,4982,106006996,Female,100,,"Kaggle jorizivannvillanueva/most-popular-names-in-philippines-dataset (1,000 most common Philippine forenames)"
847,Abdullah,21262,4986,106012332,Male,99,,"Kaggle jorizivannvillanueva/most-popular-names-in-philippines-dataset (1,000 most common Philippine forenames)"
848,Leonilo,21262,4986,106012332,Male,99,,"Kaggle jorizivannvillanueva/most-popular-names-in-philippines-dataset (1,000 most common Philippine forenames)"
849,Angelie,21200,5000,106000000,Female,99,,"Kaggle jorizivannvillanueva/most-popular-names-in-philippines-dataset (1,000 most common Philippine forenames)"
850,Ivan,21150,5012,106003800,Male,98,,"Kaggle jorizivannvillanueva/most-popular-names-in-philippines-dataset (1,000 most common Philippine forenames)"
851,Romualdo,21135,5016,106013160,Male,99,,"Kaggle jorizivannvillanueva/most-popular-names-in-philippines-dataset (1,000 most common Philippine forenames)"
852,Rowell,21123,5019,106016337,Male,99,,"Kaggle jorizivannvillanueva/most-popular-names-in-philippines-dataset (1,000 most common Philippine forenames)"
853,Aurea,21111,5022,106019442,Female,99,,"Kaggle jorizivannvillanueva/most-popular-names-in-philippines-dataset (1,000 most common Philippine forenames)"
854,Gilda,21053,5035,106001855,Female,99,,"Kaggle jorizivannvillanueva/most-popular-names-in-philippines-dataset (1,000 most common Philippine forenames)"
855,Rodelyn,21039,5039,106015521,Female,95,,"Kaggle jorizivannvillanueva/most-popular-names-in-philippines-dataset (1,000 most common Philippine forenames)"
856,Lyn,21036,5039,106000404,Female,98,,"Kaggle jorizivannvillanueva/most-popular-names-in-philippines-dataset (1,000 most common Philippine forenames)"
857,Niña,21009,5046,106011414,Female,99,,"Kaggle jorizivannvillanueva/most-popular-names-in-philippines-dataset (1,000 most common Philippine forenames)"
858,Jade,20978,5053,106001834,Male,66,ambiguous,"Kaggle jorizivannvillanueva/most-popular-names-in-philippines-dataset (1,000 most common Philippine forenames)"
859,Gerlie,20892,5074,106006008,Female,99,,"Kaggle jorizivannvillanueva/most-popular-names-in-philippines-dataset (1,000 most common Philippine forenames)"
860,Alfie,20862,5081,105999822,Male,95,,"Kaggle jorizivannvillanueva/most-popular-names-in-philippines-dataset (1,000 most common Philippine forenames)"
861,Iluminada,20860,5082,106010520,Female,99,,"Kaggle jorizivannvillanueva/most-popular-names-in-philippines-dataset (1,000 most common Philippine forenames)"
862,Lady,20836,5088,106013568,Female,99,,"Kaggle jorizivannvillanueva/most-popular-names-in-philippines-dataset (1,000 most common Philippine forenames)"
863,Rio,20805,5095,106001475,Male,60,ambiguous,"Kaggle jorizivannvillanueva/most-popular-names-in-philippines-dataset (1,000 most common Philippine forenames)"
864,Vicky,20804,5096,106017184,Female,98,,"Kaggle jorizivannvillanueva/most-popular-names-in-philippines-dataset (1,000 most common Philippine forenames)"
865,Carla,20793,5098,106002714,Female,99,,"Kaggle jorizivannvillanueva/most-popular-names-in-philippines-dataset (1,000 most common Philippine forenames)"
866,Leonor,20712,5118,106004016,Female,91,,"Kaggle jorizivannvillanueva/most-popular-names-in-philippines-dataset (1,000 most common Philippine forenames)"
867,Rodulfo,20676,5127,106005852,Male,99,,"Kaggle jorizivannvillanueva/most-popular-names-in-philippines-dataset (1,000 most common Philippine forenames)"
868,Abner,20631,5138,106002078,Male,99,,"Kaggle jorizivannvillanueva/most-popular-names-in-philippines-dataset (1,000 most common Philippine forenames)"
869,Faustino,20561,5156,106012516,Male,99,,"Kaggle jorizivannvillanueva/most-popular-names-in-philippines-dataset (1,000 most common Philippine forenames)"
870,Nieves,20525,5165,106011625,Female,99,,"Kaggle jorizivannvillanueva/most-popular-names-in-philippines-dataset (1,000 most common Philippine forenames)"
871,Christina,20450,5184,106012800,Female,99,,"Kaggle jorizivannvillanueva/most-popular-names-in-philippines-dataset (1,000 most common Philippine forenames)"
872,Perfecto,20450,5184,106012800,Male,99,,"Kaggle jorizivannvillanueva/most-popular-names-in-philippines-dataset (1,000 most common Philippine forenames)"
873,Stephanie,20417,5192,106005064,Female,99,,"Kaggle jorizivannvillanueva/most-popular-names-in-philippines-dataset (1,000 most common Philippine forenames)"
874,Robin,20405,5195,106003975,Male,99,,"Kaggle jorizivannvillanueva/most-popular-names-in-philippines-dataset (1,000 most common Philippine forenames)"
875,Clarissa,20288,5225,106004800,Female,99,,"Kaggle jorizivannvillanueva/most-popular-names-in-philippines-dataset (1,000 most common Philippine forenames)"
876,Joemarie,20267,5231,106016677,Male,94,,"Kaggle jorizivannvillanueva/most-popular-names-in-philippines-dataset (1,000 most common Philippine forenames)"
877,Lloyd,20267,5231,106016677,Male,99,,"Kaggle jorizivannvillanueva/most-popular-names-in-philippines-dataset (1,000 most common Philippine forenames)"
878,Theresa,20267,5231,106016677,Female,99,,"Kaggle jorizivannvillanueva/most-popular-names-in-philippines-dataset (1,000 most common Philippine forenames)"
879,Modesto,20229,5240,105999960,Male,99,,"Kaggle jorizivannvillanueva/most-popular-names-in-philippines-dataset (1,000 most common Philippine forenames)"
880,Eufemia,20163,5258,106017054,Female,99,,"Kaggle jorizivannvillanueva/most-popular-names-in-philippines-dataset (1,000 most common Philippine forenames)"
881,Anecito,20095,5275,106001125,Male,99,,"Kaggle jorizivannvillanueva/most-popular-names-in-philippines-dataset (1,000 most common Philippine forenames)"
882,Honey,20034,5291,105999894,Female,94,,"Kaggle jorizivannvillanueva/most-popular-names-in-philippines-dataset (1,000 most common Philippine forenames)"
883,Apolonio,19992,5303,106017576,Male,99,,"Kaggle jorizivannvillanueva/most-popular-names-in-philippines-dataset (1,000 most common Philippine forenames)"
884,Francia,19952,5313,106004976,Female,99,,"Kaggle jorizivannvillanueva/most-popular-names-in-philippines-dataset (1,000 most common Philippine forenames)"
885,Pio,19946,5315,106012990,Male,99,,"Kaggle jorizivannvillanueva/most-popular-names-in-philippines-dataset (1,000 most common Philippine forenames)"
886,Ray,19934,5318,106009012,Male,96,,"Kaggle jorizivannvillanueva/most-popular-names-in-philippines-dataset (1,000 most common Philippine forenames)"
887,Celestino,19929,5319,106002351,Male,99,,"Kaggle jorizivannvillanueva/most-popular-names-in-philippines-dataset (1,000 most common Philippine forenames)"
888,Emiliano,19896,5328,106005888,Male,99,,"Kaggle jorizivannvillanueva/most-popular-names-in-philippines-dataset (1,000 most common Philippine forenames)"
889,Agapito,19768,5363,106015784,Male,99,,"Kaggle jorizivannvillanueva/most-popular-names-in-philippines-dataset (1,000 most common Philippine forenames)"
890,Joebert,19694,5383,106012802,Male,99,,"Kaggle jorizivannvillanueva/most-popular-names-in-philippines-dataset (1,000 most common Philippine forenames)"
891,Consuelo,19649,5395,106006355,Female,97,,"Kaggle jorizivannvillanueva/most-popular-names-in-philippines-dataset (1,000 most common Philippine forenames)"
892,Danica,19610,5406,106011660,Female,100,,"Kaggle jorizivannvillanueva/most-popular-names-in-philippines-dataset (1,000 most common Philippine forenames)"
893,Angeles,19595,5410,106008950,Female,75,ambiguous,"Kaggle jorizivannvillanueva/most-popular-names-in-philippines-dataset (1,000 most common Philippine forenames)"
894,Cristita,19566,5418,106008588,Female,99,,"Kaggle jorizivannvillanueva/most-popular-names-in-philippines-dataset (1,000 most common Philippine forenames)"
895,Lani,19502,5436,106012872,Female,98,,"Kaggle jorizivannvillanueva/most-popular-names-in-philippines-dataset (1,000 most common Philippine forenames)"
896,Jerald,19486,5440,106003840,Male,99,,"Kaggle jorizivannvillanueva/most-popular-names-in-philippines-dataset (1,000 most common Philippine forenames)"
897,Esmeralda,19478,5443,106018754,Female,99,,"Kaggle jorizivannvillanueva/most-popular-names-in-philippines-dataset (1,000 most common Philippine forenames)"
898,Eleuterio,19429,5456,106004624,Male,99,,"Kaggle jorizivannvillanueva/most-popular-names-in-philippines-dataset (1,000 most common Philippine forenames)"
899,Felipa,19394,5466,106007604,Female,99,,"Kaggle jorizivannvillanueva/most-popular-names-in-philippines-dataset (1,000 most common Philippine forenames)"
900,Cresencio,19390,5467,106005130,Male,99,,"Kaggle jorizivannvillanueva/most-popular-names-in-philippines-dataset (1,000 most common Philippine forenames)"
901,Rina,19386,5468,106002648,Female,99,,"Kaggle jorizivannvillanueva/most-popular-names-in-philippines-dataset (1,000 most common Philippine forenames)"
902,Lauro,19363,5475,106012425,Male,99,,"Kaggle jorizivannvillanueva/most-popular-names-in-philippines-dataset (1,000 most common Philippine forenames)"
903,Teddy,19277,5499,106004223,Male,99,,"Kaggle jorizivannvillanueva/most-popular-names-in-philippines-dataset (1,000 most common Philippine forenames)"
904,Juvelyn,19251,5507,106015257,Female,99,,"Kaggle jorizivannvillanueva/most-popular-names-in-philippines-dataset (1,000 most common Philippine forenames)"
905,Jelly,19234,5512,106017808,Female,88,ambiguous,"Kaggle jorizivannvillanueva/most-popular-names-in-philippines-dataset (1,000 most common Philippine forenames)"
906,Anne,19194,5523,106008462,Female,99,,"Kaggle jorizivannvillanueva/most-popular-names-in-philippines-dataset (1,000 most common Philippine forenames)"
907,Socorro,19117,5545,106003765,Female,97,,"Kaggle jorizivannvillanueva/most-popular-names-in-philippines-dataset (1,000 most common Philippine forenames)"
908,Roselle,19092,5553,106017876,Female,97,,"Kaggle jorizivannvillanueva/most-popular-names-in-philippines-dataset (1,000 most common Philippine forenames)"
909,Paquito,19080,5556,106008480,Male,99,,"Kaggle jorizivannvillanueva/most-popular-names-in-philippines-dataset (1,000 most common Philippine forenames)"
910,Winnie,19077,5557,106010889,Female,76,ambiguous,"Kaggle jorizivannvillanueva/most-popular-names-in-philippines-dataset (1,000 most common Philippine forenames)"
911,Bartolome,19046,5566,106010036,Male,99,,"Kaggle jorizivannvillanueva/most-popular-names-in-philippines-dataset (1,000 most common Philippine forenames)"
912,Mateo,19029,5571,106010559,Male,99,,"Kaggle jorizivannvillanueva/most-popular-names-in-philippines-dataset (1,000 most common Philippine forenames)"
913,Isabelita,18990,5582,106002180,Female,99,,"Kaggle jorizivannvillanueva/most-popular-names-in-philippines-dataset (1,000 most common Philippine forenames)"
914,Simeon,18906,5607,106005942,Male,99,,"Kaggle jorizivannvillanueva/most-popular-names-in-philippines-dataset (1,000 most common Philippine forenames)"
915,Leoncio,18897,5610,106012170,Male,99,,"Kaggle jorizivannvillanueva/most-popular-names-in-philippines-dataset (1,000 most common Philippine forenames)"
916,Priscilla,18892,5611,106003012,Female,99,,"Kaggle jorizivannvillanueva/most-popular-names-in-philippines-dataset (1,000 most common Philippine forenames)"
917,Richie,18874,5617,106015258,Male,69,ambiguous,"Kaggle jorizivannvillanueva/most-popular-names-in-philippines-dataset (1,000 most common Philippine forenames)"
918,Eleonor,18872,5617,106004024,Female,97,,"Kaggle jorizivannvillanueva/most-popular-names-in-philippines-dataset (1,000 most common Philippine forenames)"
919,Rolan,18846,5625,106008750,Male,99,,"Kaggle jorizivannvillanueva/most-popular-names-in-philippines-dataset (1,000 most common Philippine forenames)"
920,Adriano,18840,5627,106012680,Male,99,,"Kaggle jorizivannvillanueva/most-popular-names-in-philippines-dataset (1,000 most common Philippine forenames)"
921,Reynald,18788,5642,106001896,Male,99,,"Kaggle jorizivannvillanueva/most-popular-names-in-philippines-dataset (1,000 most common Philippine forenames)"
922,Herman,18784,5644,106016896,Male,99,,"Kaggle jorizivannvillanueva/most-popular-names-in-philippines-dataset (1,000 most common Philippine forenames)"
923,Cristopher,18738,5657,106000866,Male,100,,"Kaggle jorizivannvillanueva/most-popular-names-in-philippines-dataset (1,000 most common Philippine forenames)"
924,Ria,18729,5660,106006140,Female,99,,"Kaggle jorizivannvillanueva/most-popular-names-in-philippines-dataset (1,000 most common Philippine forenames)"
925,Ruperto,18649,5684,106000916,Male,99,,"Kaggle jorizivannvillanueva/most-popular-names-in-philippines-dataset (1,000 most common Philippine forenames)"
926,Alejandra,18640,5687,106005680,Female,99,,"Kaggle jorizivannvillanueva/most-popular-names-in-philippines-dataset (1,000 most common Philippine forenames)"
927,Genevieve,18573,5708,106014684,Female,99,,"Kaggle jorizivannvillanueva/most-popular-names-in-philippines-dataset (1,000 most common Philippine forenames)"
928,Rhoda,18571,5708,106003268,Female,99,,"Kaggle jorizivannvillanueva/most-popular-names-in-philippines-dataset (1,000 most common Philippine forenames)"
929,Remegio,18543,5717,106010331,Male,99,,"Kaggle jorizivannvillanueva/most-popular-names-in-philippines-dataset (1,000 most common Philippine forenames)"
930,Racquel,18520,5724,106008480,Female,98,,"Kaggle jorizivannvillanueva/most-popular-names-in-philippines-dataset (1,000 most common Philippine forenames)"
931,Paz,18500,5730,106005000,Female,99,,"Kaggle jorizivannvillanueva/most-popular-names-in-philippines-dataset (1,000 most common Philippine forenames)"
932,Adelfa,18416,5756,106002496,Female,99,,"Kaggle jorizivannvillanueva/most-popular-names-in-philippines-dataset (1,000 most common Philippine forenames)"
933,Shella,18400,5761,106002400,Female,99,,"Kaggle jorizivannvillanueva/most-popular-names-in-philippines-dataset (1,000 most common Philippine forenames)"
934,Venancio,18336,5781,106000416,Male,99,,"Kaggle jorizivannvillanueva/most-popular-names-in-philippines-dataset (1,000 most common Philippine forenames)"
935,Noraida,18322,5786,106011092,Female,99,,"Kaggle jorizivannvillanueva/most-popular-names-in-philippines-dataset (1,000 most common Philippine forenames)"
936,Baltazar,18287,5797,106009739,Male,99,,"Kaggle jorizivannvillanueva/most-popular-names-in-philippines-dataset (1,000 most common Philippine forenames)"
937,Luzminda,18280,5799,106005720,Female,99,,"Kaggle jorizivannvillanueva/most-popular-names-in-philippines-dataset (1,000 most common Philippine forenames)"
938,Lalaine,18252,5808,106007616,Female,99,,"Kaggle jorizivannvillanueva/most-popular-names-in-philippines-dataset (1,000 most common Philippine forenames)"
939,Generoso,18243,5811,106010073,Male,99,,"Kaggle jorizivannvillanueva/most-popular-names-in-philippines-dataset (1,000 most common Philippine forenames)"
940,Ritchel,18226,5816,106002416,Female,84,ambiguous,"Kaggle jorizivannvillanueva/most-popular-names-in-philippines-dataset (1,000 most common Philippine forenames)"
941,Luciano,18217,5819,106004723,Male,99,,"Kaggle jorizivannvillanueva/most-popular-names-in-philippines-dataset (1,000 most common Philippine forenames)"
942,Reggie,18126,5848,106000848,Male,83,ambiguous,"Kaggle jorizivannvillanueva/most-popular-names-in-philippines-dataset (1,000 most common Philippine forenames)"
943,Dioscoro,18114,5852,106003128,Male,98,,"Kaggle jorizivannvillanueva/most-popular-names-in-philippines-dataset (1,000 most common Philippine forenames)"
944,Esther,18112,5853,106009536,Female,99,,"Kaggle jorizivannvillanueva/most-popular-names-in-philippines-dataset (1,000 most common Philippine forenames)"
945,Salve,18085,5862,106014270,Female,98,,"Kaggle jorizivannvillanueva/most-popular-names-in-philippines-dataset (1,000 most common Philippine forenames)"
946,Hannah,18075,5865,106009875,Female,99,,"Kaggle jorizivannvillanueva/most-popular-names-in-philippines-dataset (1,000 most common Philippine forenames)"
947,Babylyn,18048,5874,106013952,Female,99,,"Kaggle jorizivannvillanueva/most-popular-names-in-philippines-dataset (1,000 most common Philippine forenames)"
948,Remy,18013,5885,106006505,Male,51,ambiguous,"Kaggle jorizivannvillanueva/most-popular-names-in-philippines-dataset (1,000 most common Philippine forenames)"
949,Esmael,18005,5888,106013440,Male,99,,"Kaggle jorizivannvillanueva/most-popular-names-in-philippines-dataset (1,000 most common Philippine forenames)"
950,Paterno,18002,5889,106013778,Male,99,,"Kaggle jorizivannvillanueva/most-popular-names-in-philippines-dataset (1,000 most common Philippine forenames)"
951,Edelyn,17996,5891,106014436,Female,99,,"Kaggle jorizivannvillanueva/most-popular-names-in-philippines-dataset (1,000 most common Philippine forenames)"
952,Julieto,17975,5898,106016550,Male,99,,"Kaggle jorizivannvillanueva/most-popular-names-in-philippines-dataset (1,000 most common Philippine forenames)"
953,Cyril,17939,5909,106001551,Male,62,ambiguous,"Kaggle jorizivannvillanueva/most-popular-names-in-philippines-dataset (1,000 most common Philippine forenames)"
954,Reynold,17919,5916,106008804,Male,100,,"Kaggle jorizivannvillanueva/most-popular-names-in-philippines-dataset (1,000 most common Philippine forenames)"
955,Jonard,17834,5944,106005296,Male,100,,"Kaggle jorizivannvillanueva/most-popular-names-in-philippines-dataset (1,000 most common Philippine forenames)"
956,Rizalina,17803,5955,106016865,Female,99,,"Kaggle jorizivannvillanueva/most-popular-names-in-philippines-dataset (1,000 most common Philippine forenames)"
957,Cesario,17781,5962,106010322,Male,99,,"Kaggle jorizivannvillanueva/most-popular-names-in-philippines-dataset (1,000 most common Philippine forenames)"
958,Marciana,17744,5974,106002656,Female,99,,"Kaggle jorizivannvillanueva/most-popular-names-in-philippines-dataset (1,000 most common Philippine forenames)"
959,Basilio,17734,5978,106013852,Male,99,,"Kaggle jorizivannvillanueva/most-popular-names-in-philippines-dataset (1,000 most common Philippine forenames)"
960,Lucio,17701,5989,106011289,Male,99,,"Kaggle jorizivannvillanueva/most-popular-names-in-philippines-dataset (1,000 most common Philippine forenames)"
961,Christy,17689,5993,106010177,Female,98,,"Kaggle jorizivannvillanueva/most-popular-names-in-philippines-dataset (1,000 most common Philippine forenames)"
962,Marlo,17688,5993,106004184,Male,99,,"Kaggle jorizivannvillanueva/most-popular-names-in-philippines-dataset (1,000 most common Philippine forenames)"
963,Lolito,17611,6020,106018220,Male,99,,"Kaggle jorizivannvillanueva/most-popular-names-in-philippines-dataset (1,000 most common Philippine forenames)"
964,Bernardita,17583,6029,106007907,Female,99,,"Kaggle jorizivannvillanueva/most-popular-names-in-philippines-dataset (1,000 most common Philippine forenames)"
965,Apple,17582,6029,106001878,Female,96,,"Kaggle jorizivannvillanueva/most-popular-names-in-philippines-dataset (1,000 most common Philippine forenames)"
966,Jennylyn,17579,6030,106001370,Female,99,,"Kaggle jorizivannvillanueva/most-popular-names-in-philippines-dataset (1,000 most common Philippine forenames)"
967,Justine,17561,6037,106015757,Male,57,ambiguous,"Kaggle jorizivannvillanueva/most-popular-names-in-philippines-dataset (1,000 most common Philippine forenames)"
968,Ericson,17557,6038,106009166,Male,100,,"Kaggle jorizivannvillanueva/most-popular-names-in-philippines-dataset (1,000 most common Philippine forenames)"
969,Filomena,17557,6038,106009166,Female,99,,"Kaggle jorizivannvillanueva/most-popular-names-in-philippines-dataset (1,000 most common Philippine forenames)"
970,Tony,17525,6049,106008725,Male,97,,"Kaggle jorizivannvillanueva/most-popular-names-in-philippines-dataset (1,000 most common Philippine forenames)"
971,Connie,17523,6050,106014150,Female,98,,"Kaggle jorizivannvillanueva/most-popular-names-in-philippines-dataset (1,000 most common Philippine forenames)"
972,Jobert,17503,6057,106015671,Male,100,,"Kaggle jorizivannvillanueva/most-popular-names-in-philippines-dataset (1,000 most common Philippine forenames)"
973,Eloisa,17477,6066,106015482,Female,99,,"Kaggle jorizivannvillanueva/most-popular-names-in-philippines-dataset (1,000 most common Philippine forenames)"
974,Anisa,17459,6072,106011048,Female,99,,"Kaggle jorizivannvillanueva/most-popular-names-in-philippines-dataset (1,000 most common Philippine forenames)"
975,Karl,17388,6097,106014636,Male,97,,"Kaggle jorizivannvillanueva/most-popular-names-in-philippines-dataset (1,000 most common Philippine forenames)"
976,Esteban,17351,6110,106014610,Male,99,,"Kaggle jorizivannvillanueva/most-popular-names-in-philippines-dataset (1,000 most common Philippine forenames)"
977,Jovencio,17302,6127,106009354,Male,99,,"Kaggle jorizivannvillanueva/most-popular-names-in-philippines-dataset (1,000 most common Philippine forenames)"
978,Junie,17270,6138,106003260,Male,95,,"Kaggle jorizivannvillanueva/most-popular-names-in-philippines-dataset (1,000 most common Philippine forenames)"
979,Ailene,17228,6153,106003884,Female,99,,"Kaggle jorizivannvillanueva/most-popular-names-in-philippines-dataset (1,000 most common Philippine forenames)"
980,Merlina,17194,6165,106001010,Female,99,,"Kaggle jorizivannvillanueva/most-popular-names-in-philippines-dataset (1,000 most common Philippine forenames)"
981,Florita,17193,6166,106012038,Female,99,,"Kaggle jorizivannvillanueva/most-popular-names-in-philippines-dataset (1,000 most common Philippine forenames)"
982,Teofila,17187,6168,106009416,Female,99,,"Kaggle jorizivannvillanueva/most-popular-names-in-philippines-dataset (1,000 most common Philippine forenames)"
983,Flor,17089,6203,106003067,Female,88,ambiguous,"Kaggle jorizivannvillanueva/most-popular-names-in-philippines-dataset (1,000 most common Philippine forenames)"
984,Paulina,16967,6248,106009816,Female,99,,"Kaggle jorizivannvillanueva/most-popular-names-in-philippines-dataset (1,000 most common Philippine forenames)"
985,Prudencio,16940,6258,106010520,Male,99,,"Kaggle jorizivannvillanueva/most-popular-names-in-philippines-dataset (1,000 most common Philippine forenames)"
986,Angie,16936,6259,106002424,Female,92,,"Kaggle jorizivannvillanueva/most-popular-names-in-philippines-dataset (1,000 most common Philippine forenames)"
987,Simplicio,16924,6264,106011936,Male,99,,"Kaggle jorizivannvillanueva/most-popular-names-in-philippines-dataset (1,000 most common Philippine forenames)"
988,Arceli,16895,6275,106016125,Female,98,,"Kaggle jorizivannvillanueva/most-popular-names-in-philippines-dataset (1,000 most common Philippine forenames)"
989,Leonarda,16886,6278,106010308,Female,99,,"Kaggle jorizivannvillanueva/most-popular-names-in-philippines-dataset (1,000 most common Philippine forenames)"
990,Reymark,16854,6290,106011660,Male,100,,"Kaggle jorizivannvillanueva/most-popular-names-in-philippines-dataset (1,000 most common Philippine forenames)"
991,Felomina,16847,6292,106001324,Female,99,,"Kaggle jorizivannvillanueva/most-popular-names-in-philippines-dataset (1,000 most common Philippine forenames)"
992,Monaliza,16837,6296,106005752,Female,99,,"Kaggle jorizivannvillanueva/most-popular-names-in-philippines-dataset (1,000 most common Philippine forenames)"
993,Jerico,16833,6298,106014234,Male,100,,"Kaggle jorizivannvillanueva/most-popular-names-in-philippines-dataset (1,000 most common Philippine forenames)"
994,Esterlita,16828,6300,106016400,Female,99,,"Kaggle jorizivannvillanueva/most-popular-names-in-philippines-dataset (1,000 most common Philippine forenames)"
995,Epifanio,16802,6309,106003818,Male,99,,"Kaggle jorizivannvillanueva/most-popular-names-in-philippines-dataset (1,000 most common Philippine forenames)"
996,Eunice,16771,6321,106009491,Female,99,,"Kaggle jorizivannvillanueva/most-popular-names-in-philippines-dataset (1,000 most common Philippine forenames)"
997,Laura,16746,6330,106002180,Female,99,,"Kaggle jorizivannvillanueva/most-popular-names-in-philippines-dataset (1,000 most common Philippine forenames)"
998,Rocky,16745,6331,106012595,Male,99,,"Kaggle jorizivannvillanueva/most-popular-names-in-philippines-dataset (1,000 most common Philippine forenames)"
999,Cecilio,16734,6335,106009890,Male,99,,"Kaggle jorizivannvillanueva/most-popular-names-in-philippines-dataset (1,000 most common Philippine forenames)"
1000,Melecio,16692,6351,106010892,Male,99,,"Kaggle jorizivannvillanueva/most-popular-names-in-philippines-dataset (1,000 most common Philippine forenames)"
