exporter_iso,exporter,importer_iso,importer,year,exporter_reported_usd,importer_reported_cif_usd,importer_reported_fob_usd,gap_cif_usd,gap_cif_pct,gap_fob_usd,gap_fob_pct,source
USA,USA,CHN,China,2022,153837022415,178956829551,,25119807136,16.33,,,"UN Comtrade, comtradeapi.un.org"
USA,USA,MEX,Mexico,2022,324377768936,266911188886,266911188886,-57466580050,-17.72,-57466580050,-17.72,"UN Comtrade, comtradeapi.un.org"
USA,USA,CAN,Canada,2022,354887051264,281509566462,281509566462,-73377484802,-20.68,-73377484802,-20.68,"UN Comtrade, comtradeapi.un.org"
USA,USA,JPN,Japan,2022,80304526177,90685327889,,10380801712,12.93,,,"UN Comtrade, comtradeapi.un.org"
USA,USA,DEU,Germany,2022,72549705243,100321920454,,27772215211,38.28,,,"UN Comtrade, comtradeapi.un.org"
USA,USA,VNM,Viet Nam,2022,11398113401,14477068060,,3078954659,27.01,,,"UN Comtrade, comtradeapi.un.org"
USA,USA,KOR,Rep. of Korea,2022,71469488662,82133764107,,10664275445,14.92,,,"UN Comtrade, comtradeapi.un.org"
USA,USA,S19,"Other Asia, nes",2022,43710241515,45691399633,,1981158118,4.53,,,"UN Comtrade, comtradeapi.un.org"
USA,USA,IND,India,2022,47332140044,51772470812,,4440330768,9.38,,,"UN Comtrade, comtradeapi.un.org"
USA,USA,IRL,Ireland,2022,15955712860,23546709318,,7590996458,47.58,,,"UN Comtrade, comtradeapi.un.org"
USA,USA,ITA,Italy,2022,27410694458,26227620345,,-1183074113,-4.32,,,"UN Comtrade, comtradeapi.un.org"
USA,USA,GBR,United Kingdom,2022,77261013672,96873764488,,19612750816,25.39,,,"UN Comtrade, comtradeapi.un.org"
USA,USA,THA,Thailand,2022,15592499436,17842073898,,2249574462,14.43,,,"UN Comtrade, comtradeapi.un.org"
USA,USA,CHE,Switzerland,2022,36895589286,39241428475,,2345839189,6.36,,,"UN Comtrade, comtradeapi.un.org"
USA,USA,FRA,France,2022,46928790273,65545085697,,18616295424,39.67,,,"UN Comtrade, comtradeapi.un.org"
USA,USA,MYS,Malaysia,2022,18102781829,22829665613,,4726883784,26.11,,,"UN Comtrade, comtradeapi.un.org"
USA,USA,BRA,Brazil,2022,53577707161,54328385674,51705630062,750678513,1.4,-1872077099,-3.49,"UN Comtrade, comtradeapi.un.org"
USA,USA,IDN,Indonesia,2022,9986092498,11683931951,,1697839453,17.0,,,"UN Comtrade, comtradeapi.un.org"
USA,USA,NLD,Netherlands,2022,72876622269,60275697023,,-12600925246,-17.29,,,"UN Comtrade, comtradeapi.un.org"
USA,USA,SGP,Singapore,2022,46163161050,51577358698,,5414197648,11.73,,,"UN Comtrade, comtradeapi.un.org"
USA,USA,BEL,Belgium,2022,35523380688,24771712408,,-10751668280,-30.27,,,"UN Comtrade, comtradeapi.un.org"
USA,USA,ESP,Spain,2022,26479691606,35543993475,,9064301869,34.23,,,"UN Comtrade, comtradeapi.un.org"
USA,USA,SAU,Saudi Arabia,2022,11564777994,17401399821,,5836621827,50.47,,,"UN Comtrade, comtradeapi.un.org"
USA,USA,ISR,Israel,2022,14232759951,9656860000,,-4575899951,-32.15,,,"UN Comtrade, comtradeapi.un.org"
USA,USA,TUR,Türkiye,2022,14993006402,15228184616,14063358358,235178214,1.57,-929648044,-6.2,"UN Comtrade, comtradeapi.un.org"
USA,USA,COL,Colombia,2022,20573031967,18990693620,18077042054,-1582338347,-7.69,-2495989913,-12.13,"UN Comtrade, comtradeapi.un.org"
USA,USA,AUT,Austria,2022,4744182143,7624469063,,2880286920,60.71,,,"UN Comtrade, comtradeapi.un.org"
USA,USA,SWE,Sweden,2022,7667380043,7337109057,,-330270986,-4.31,,,"UN Comtrade, comtradeapi.un.org"
USA,USA,PHL,Philippines,2022,9290726556,9690554318,8941931542,399827762,4.3,-348795014,-3.75,"UN Comtrade, comtradeapi.un.org"
USA,USA,CHL,Chile,2022,23327985466,21851092765,20297288591,-1476892701,-6.33,-3030696875,-12.99,"UN Comtrade, comtradeapi.un.org"
USA,USA,AUS,Australia,2022,30197630664,31081410057,29400918648,883779393,2.93,-796712016,-2.64,"UN Comtrade, comtradeapi.un.org"
USA,USA,ZAF,South Africa,2022,6514871724,8203563365,8203563365,1688691641,25.92,1688691641,25.92,"UN Comtrade, comtradeapi.un.org"
USA,USA,DNK,Denmark,2022,4500861395,5021531986,,520670591,11.57,,,"UN Comtrade, comtradeapi.un.org"
USA,USA,KHM,Cambodia,2022,449190823,312628500,,-136562323,-30.4,,,"UN Comtrade, comtradeapi.un.org"
USA,USA,POL,Poland,2022,11311755641,16460941000,,5149185359,45.52,,,"UN Comtrade, comtradeapi.un.org"
USA,USA,ECU,Ecuador,2022,7901920082,8568808179,,666888097,8.44,,,"UN Comtrade, comtradeapi.un.org"
USA,USA,IRQ,Iraq,2022,949851908,1114825823,,164973915,17.37,,,"UN Comtrade, comtradeapi.un.org"
USA,USA,PER,Peru,2022,13745701839,14271613778,,525911939,3.83,,,"UN Comtrade, comtradeapi.un.org"
USA,USA,CRI,Costa Rica,2022,8525369398,8198695979,,-326673419,-3.83,,,"UN Comtrade, comtradeapi.un.org"
USA,USA,FIN,Finland,2022,2650651454,4350253458,,1699602004,64.12,,,"UN Comtrade, comtradeapi.un.org"
USA,USA,HUN,Hungary,2022,2871363791,2990511430,,119147639,4.15,,,"UN Comtrade, comtradeapi.un.org"
USA,USA,CZE,Czechia,2022,3797920519,6141898461,5863071558,2343977942,61.72,2065151039,54.38,"UN Comtrade, comtradeapi.un.org"
USA,USA,ARE,United Arab Emirates,2022,20851481258,21415361859,,563880601,2.7,,,"UN Comtrade, comtradeapi.un.org"
USA,USA,ARG,Argentina,2022,12850390086,10329574442,9651640378,-2520815644,-19.62,-3198749708,-24.89,"UN Comtrade, comtradeapi.un.org"
USA,USA,DOM,Dominican Rep.,2022,13853339845,11331508610,11331508610,-2521831235,-18.2,-2521831235,-18.2,"UN Comtrade, comtradeapi.un.org"
USA,USA,NOR,Norway,2022,4704651289,6496093068,,1791441779,38.08,,,"UN Comtrade, comtradeapi.un.org"
USA,USA,SVK,Slovakia,2022,375795835,1335844153,1285661915,960048318,255.47,909866080,242.12,"UN Comtrade, comtradeapi.un.org"
USA,USA,PAK,Pakistan,2022,3177449941,3076200668,,-101249273,-3.19,,,"UN Comtrade, comtradeapi.un.org"
USA,USA,PRT,Portugal,2022,2783028478,3706309392,,923280914,33.18,,,"UN Comtrade, comtradeapi.un.org"
USA,USA,NIC,Nicaragua,2022,2576787873,3026680263,,449892390,17.46,,,"UN Comtrade, comtradeapi.un.org"
USA,USA,GTM,Guatemala,2022,10236696154,10274557688,,37861534,0.37,,,"UN Comtrade, comtradeapi.un.org"
CHN,China,USA,USA,2022,582756110047,575688091172,536732471721,-7068018875,-1.21,-46023638326,-7.9,"UN Comtrade, comtradeapi.un.org"
CHN,China,MEX,Mexico,2022,77534943659,118727731290,118727731290,41192787631,53.13,41192787631,53.13,"UN Comtrade, comtradeapi.un.org"
CHN,China,CAN,Canada,2022,53704892083,77054877959,77054877959,23349985876,43.48,23349985876,43.48,"UN Comtrade, comtradeapi.un.org"
CHN,China,JPN,Japan,2022,172927435952,188857701314,,15930265362,9.21,,,"UN Comtrade, comtradeapi.un.org"
CHN,China,DEU,Germany,2022,116226631561,207812781243,,91586149682,78.8,,,"UN Comtrade, comtradeapi.un.org"
CHN,China,VNM,Viet Nam,2022,146959899841,117651130331,,-29308769510,-19.94,,,"UN Comtrade, comtradeapi.un.org"
CHN,China,KOR,Rep. of Korea,2022,162621428186,154576138174,,-8045290012,-4.95,,,"UN Comtrade, comtradeapi.un.org"
CHN,China,S19,"Other Asia, nes",2022,81697006201,83563745544,,1866739343,2.28,,,"UN Comtrade, comtradeapi.un.org"
CHN,China,IND,India,2022,118501522799,102249179658,,-16252343141,-13.71,,,"UN Comtrade, comtradeapi.un.org"
CHN,China,IRL,Ireland,2022,5725882125,15193428164,,9467546039,165.35,,,"UN Comtrade, comtradeapi.un.org"
CHN,China,ITA,Italy,2022,50908035554,60937347045,,10029311491,19.7,,,"UN Comtrade, comtradeapi.un.org"
CHN,China,GBR,United Kingdom,2022,81544681664,109267546307,,27722864643,34.0,,,"UN Comtrade, comtradeapi.un.org"
CHN,China,THA,Thailand,2022,78479644684,70766687538,,-7712957146,-9.83,,,"UN Comtrade, comtradeapi.un.org"
CHN,China,CHE,Switzerland,2022,7682844718,21553631382,,13870786664,180.54,,,"UN Comtrade, comtradeapi.un.org"
CHN,China,FRA,France,2022,46143668124,84449907966,,38306239842,83.02,,,"UN Comtrade, comtradeapi.un.org"
CHN,China,MYS,Malaysia,2022,93711259027,62674085248,,-31037173779,-33.12,,,"UN Comtrade, comtradeapi.un.org"
CHN,China,BRA,Brazil,2022,61969970590,67767819341,60744584847,5797848751,9.36,-1225385743,-1.98,"UN Comtrade, comtradeapi.un.org"
CHN,China,IDN,Indonesia,2022,71318138050,68041790651,,-3276347399,-4.59,,,"UN Comtrade, comtradeapi.un.org"
CHN,China,NLD,Netherlands,2022,117730967517,67656334150,,-50074633367,-42.53,,,"UN Comtrade, comtradeapi.un.org"
CHN,China,SGP,Singapore,2022,81167608325,62983931769,,-18183676556,-22.4,,,"UN Comtrade, comtradeapi.un.org"
CHN,China,BEL,Belgium,2022,35635134056,15626794797,,-20008339259,-56.15,,,"UN Comtrade, comtradeapi.un.org"
CHN,China,ESP,Spain,2022,41752008756,52200709177,,10448700421,25.03,,,"UN Comtrade, comtradeapi.un.org"
CHN,China,SAU,Saudi Arabia,2022,37990174783,39799877568,,1809702785,4.76,,,"UN Comtrade, comtradeapi.un.org"
CHN,China,ISR,Israel,2022,16481073879,13150818000,,-3330255879,-20.21,,,"UN Comtrade, comtradeapi.un.org"
CHN,China,TUR,Türkiye,2022,34033748511,41354561249,38073401497,7320812738,21.51,4039652986,11.87,"UN Comtrade, comtradeapi.un.org"
CHN,China,COL,Colombia,2022,15600099016,18698740765,16556075715,3098641749,19.86,955976699,6.13,"UN Comtrade, comtradeapi.un.org"
CHN,China,AUT,Austria,2022,5118761046,18374175543,,13255414497,258.96,,,"UN Comtrade, comtradeapi.un.org"
CHN,China,SWE,Sweden,2022,11396090159,14321195059,,2925104900,25.67,,,"UN Comtrade, comtradeapi.un.org"
CHN,China,PHL,Philippines,2022,64679390988,29796347043,28187719816,-34883043945,-53.93,-36491671172,-56.42,"UN Comtrade, comtradeapi.un.org"
CHN,China,CHL,Chile,2022,22520038832,26410413082,23002835047,3890374250,17.28,482796215,2.14,"UN Comtrade, comtradeapi.un.org"
CHN,China,AUS,Australia,2022,78827035893,83730941501,76813230266,4903905608,6.22,-2013805627,-2.55,"UN Comtrade, comtradeapi.un.org"
CHN,China,ZAF,South Africa,2022,24196441517,22461557786,22461557786,-1734883731,-7.17,-1734883731,-7.17,"UN Comtrade, comtradeapi.un.org"
CHN,China,DNK,Denmark,2022,10191600679,10576995031,,385394352,3.78,,,"UN Comtrade, comtradeapi.un.org"
CHN,China,KHM,Cambodia,2022,14184186761,10445533217,,-3738653544,-26.36,,,"UN Comtrade, comtradeapi.un.org"
CHN,China,POL,Poland,2022,38163112891,56887664444,,18724551553,49.06,,,"UN Comtrade, comtradeapi.un.org"
CHN,China,ECU,Ecuador,2022,6288135830,7280524264,,992388434,15.78,,,"UN Comtrade, comtradeapi.un.org"
CHN,China,IRQ,Iraq,2022,13989337277,3129124642,,-10860212635,-77.63,,,"UN Comtrade, comtradeapi.un.org"
CHN,China,PER,Peru,2022,13532298527,15744687971,,2212389444,16.35,,,"UN Comtrade, comtradeapi.un.org"
CHN,China,CRI,Costa Rica,2022,2368609459,3186227318,,817617859,34.52,,,"UN Comtrade, comtradeapi.un.org"
CHN,China,FIN,Finland,2022,4552942148,8854590641,,4301648493,94.48,,,"UN Comtrade, comtradeapi.un.org"
CHN,China,HUN,Hungary,2022,10472661157,10733563807,,260902650,2.49,,,"UN Comtrade, comtradeapi.un.org"
CHN,China,CZE,Czechia,2022,18227387259,44356729783,42125219037,26129342524,143.35,23897831778,131.11,"UN Comtrade, comtradeapi.un.org"
CHN,China,ARE,United Arab Emirates,2022,53861686819,67215282944,,13353596125,24.79,,,"UN Comtrade, comtradeapi.un.org"
CHN,China,ARG,Argentina,2022,12769006874,17501914101,15855696384,4732907227,37.07,3086689510,24.17,"UN Comtrade, comtradeapi.un.org"
CHN,China,DOM,Dominican Rep.,2022,4318822952,4760498340,3941270683,441675388,10.23,-377552269,-8.74,"UN Comtrade, comtradeapi.un.org"
CHN,China,NOR,Norway,2022,5191404412,12853402420,,7661998008,147.59,,,"UN Comtrade, comtradeapi.un.org"
CHN,China,SVK,Slovakia,2022,4435772395,8722710101,8450125825,4286937706,96.64,4014353430,90.5,"UN Comtrade, comtradeapi.un.org"
CHN,China,PAK,Pakistan,2022,23089416312,16130627314,,-6958788998,-30.14,,,"UN Comtrade, comtradeapi.un.org"
CHN,China,PRT,Portugal,2022,5978101967,5904237757,,-73864210,-1.24,,,"UN Comtrade, comtradeapi.un.org"
CHN,China,NIC,Nicaragua,2022,723534661,1385056538,,661521877,91.43,,,"UN Comtrade, comtradeapi.un.org"
CHN,China,GTM,Guatemala,2022,4366063493,5851359171,,1485295678,34.02,,,"UN Comtrade, comtradeapi.un.org"
MEX,Mexico,USA,USA,2022,454414164985,459177656357,454902693205,4763491372,1.05,488528220,0.11,"UN Comtrade, comtradeapi.un.org"
MEX,Mexico,CHN,China,2022,10805794678,17429580385,,6623785707,61.3,,,"UN Comtrade, comtradeapi.un.org"
MEX,Mexico,CAN,Canada,2022,15401843194,31821210195,31821210195,16419367001,106.61,16419367001,106.61,"UN Comtrade, comtradeapi.un.org"
MEX,Mexico,JPN,Japan,2022,4340092448,6403855755,,2063763307,47.55,,,"UN Comtrade, comtradeapi.un.org"
MEX,Mexico,DEU,Germany,2022,8244694335,9943925265,,1699230930,20.61,,,"UN Comtrade, comtradeapi.un.org"
MEX,Mexico,VNM,Viet Nam,2022,238824839,886383315,,647558476,271.14,,,"UN Comtrade, comtradeapi.un.org"
MEX,Mexico,KOR,Rep. of Korea,2022,3690574542,8577236945,,4886662403,132.41,,,"UN Comtrade, comtradeapi.un.org"
MEX,Mexico,S19,"Other Asia, nes",2022,7165556008,1885534760,,-5280021248,-73.69,,,"UN Comtrade, comtradeapi.un.org"
MEX,Mexico,IND,India,2022,772733388,4376981796,,3604248408,466.43,,,"UN Comtrade, comtradeapi.un.org"
MEX,Mexico,IRL,Ireland,2022,305495308,649628719,,344133411,112.65,,,"UN Comtrade, comtradeapi.un.org"
MEX,Mexico,ITA,Italy,2022,826499874,1330246749,,503746875,60.95,,,"UN Comtrade, comtradeapi.un.org"
MEX,Mexico,GBR,United Kingdom,2022,2874175131,5441242200,,2567067069,89.31,,,"UN Comtrade, comtradeapi.un.org"
MEX,Mexico,THA,Thailand,2022,305654378,918370226,,612715848,200.46,,,"UN Comtrade, comtradeapi.un.org"
MEX,Mexico,CHE,Switzerland,2022,1336311579,2316509683,,980198104,73.35,,,"UN Comtrade, comtradeapi.un.org"
MEX,Mexico,FRA,France,2022,1245570451,2957660710,,1712090259,137.45,,,"UN Comtrade, comtradeapi.un.org"
MEX,Mexico,MYS,Malaysia,2022,262669899,666319610,,403649711,153.67,,,"UN Comtrade, comtradeapi.un.org"
MEX,Mexico,BRA,Brazil,2022,4276292221,5603068300,5283524390,1326776079,31.03,1007232169,23.55,"UN Comtrade, comtradeapi.un.org"
MEX,Mexico,IDN,Indonesia,2022,106714257,338626017,,231911760,217.32,,,"UN Comtrade, comtradeapi.un.org"
MEX,Mexico,NLD,Netherlands,2022,2039008906,1632797709,,-406211197,-19.92,,,"UN Comtrade, comtradeapi.un.org"
MEX,Mexico,SGP,Singapore,2022,1230594271,2286475056,,1055880785,85.8,,,"UN Comtrade, comtradeapi.un.org"
MEX,Mexico,BEL,Belgium,2022,1483776489,3405455467,,1921678978,129.51,,,"UN Comtrade, comtradeapi.un.org"
MEX,Mexico,ESP,Spain,2022,1760796779,6260377585,,4499580806,255.54,,,"UN Comtrade, comtradeapi.un.org"
MEX,Mexico,SAU,Saudi Arabia,2022,291864056,1033645575,,741781519,254.15,,,"UN Comtrade, comtradeapi.un.org"
MEX,Mexico,ISR,Israel,2022,224403339,110081000,,-114322339,-50.95,,,"UN Comtrade, comtradeapi.un.org"
MEX,Mexico,TUR,Türkiye,2022,233513226,1189263215,1117402729,955749989,409.29,883889503,378.52,"UN Comtrade, comtradeapi.un.org"
MEX,Mexico,COL,Colombia,2022,3607158921,4174746071,3983357305,567587150,15.74,376198384,10.43,"UN Comtrade, comtradeapi.un.org"
MEX,Mexico,AUT,Austria,2022,142774511,680420382,,537645871,376.57,,,"UN Comtrade, comtradeapi.un.org"
MEX,Mexico,SWE,Sweden,2022,75871372,175168176,,99296804,130.88,,,"UN Comtrade, comtradeapi.un.org"
MEX,Mexico,PHL,Philippines,2022,88317358,283810220,262714945,195492862,221.35,174397587,197.47,"UN Comtrade, comtradeapi.un.org"
MEX,Mexico,CHL,Chile,2022,1720635056,2328497250,2186541349,607862194,35.33,465906293,27.08,"UN Comtrade, comtradeapi.un.org"
MEX,Mexico,AUS,Australia,2022,1100919681,3126740486,2930921004,2025820805,184.01,1830001323,166.22,"UN Comtrade, comtradeapi.un.org"
MEX,Mexico,ZAF,South Africa,2022,217874378,609736496,609736496,391862118,179.86,391862118,179.86,"UN Comtrade, comtradeapi.un.org"
MEX,Mexico,DNK,Denmark,2022,160253606,166081842,,5828236,3.64,,,"UN Comtrade, comtradeapi.un.org"
MEX,Mexico,KHM,Cambodia,2022,14444242,25026378,,10582136,73.26,,,"UN Comtrade, comtradeapi.un.org"
MEX,Mexico,POL,Poland,2022,397239821,914860015,,517620194,130.3,,,"UN Comtrade, comtradeapi.un.org"
MEX,Mexico,ECU,Ecuador,2022,632782115,823407836,,190625721,30.13,,,"UN Comtrade, comtradeapi.un.org"
MEX,Mexico,IRQ,Iraq,2022,33513105,138511184,,104998079,313.3,,,"UN Comtrade, comtradeapi.un.org"
MEX,Mexico,PER,Peru,2022,1667899433,2006525264,,338625831,20.3,,,"UN Comtrade, comtradeapi.un.org"
MEX,Mexico,CRI,Costa Rica,2022,1093498584,1318374864,,224876280,20.56,,,"UN Comtrade, comtradeapi.un.org"
MEX,Mexico,FIN,Finland,2022,86131565,297204504,,211072939,245.06,,,"UN Comtrade, comtradeapi.un.org"
MEX,Mexico,HUN,Hungary,2022,322744122,310072312,,-12671810,-3.93,,,"UN Comtrade, comtradeapi.un.org"
MEX,Mexico,CZE,Czechia,2022,294429819,1083262473,1030648365,788832654,267.92,736218546,250.05,"UN Comtrade, comtradeapi.un.org"
MEX,Mexico,ARE,United Arab Emirates,2022,453482878,1634807189,,1181324311,260.5,,,"UN Comtrade, comtradeapi.un.org"
MEX,Mexico,ARG,Argentina,2022,1059291099,1710574596,1619421499,651283497,61.48,560130400,52.88,"UN Comtrade, comtradeapi.un.org"
MEX,Mexico,DOM,Dominican Rep.,2022,864033948,1201861167,1090529118,337827219,39.1,226495170,26.21,"UN Comtrade, comtradeapi.un.org"
MEX,Mexico,NOR,Norway,2022,67090310,582436834,,515346524,768.14,,,"UN Comtrade, comtradeapi.un.org"
MEX,Mexico,SVK,Slovakia,2022,51298554,178636212,172179333,127337658,248.23,120880779,235.64,"UN Comtrade, comtradeapi.un.org"
MEX,Mexico,PAK,Pakistan,2022,70720265,97375474,,26655209,37.69,,,"UN Comtrade, comtradeapi.un.org"
MEX,Mexico,PRT,Portugal,2022,29498209,93340595,,63842386,216.43,,,"UN Comtrade, comtradeapi.un.org"
MEX,Mexico,NIC,Nicaragua,2022,1113352149,1004162870,,-109189279,-9.81,,,"UN Comtrade, comtradeapi.un.org"
MEX,Mexico,GTM,Guatemala,2022,2988359168,3256313346,,267954178,8.97,,,"UN Comtrade, comtradeapi.un.org"
CAN,Canada,USA,USA,2022,458789598827,446623933605,436018643611,-12165665222,-2.65,-22770955216,-4.96,"UN Comtrade, comtradeapi.un.org"
CAN,Canada,CHN,China,2022,22071677425,42383256533,,20311579108,92.03,,,"UN Comtrade, comtradeapi.un.org"
CAN,Canada,MEX,Mexico,2022,6993707722,13174005064,13174005064,6180297342,88.37,6180297342,88.37,"UN Comtrade, comtradeapi.un.org"
CAN,Canada,JPN,Japan,2022,13822252304,16590418689,,2768166385,20.03,,,"UN Comtrade, comtradeapi.un.org"
CAN,Canada,DEU,Germany,2022,5617572616,7448303760,,1830731144,32.59,,,"UN Comtrade, comtradeapi.un.org"
CAN,Canada,VNM,Viet Nam,2022,694065876,711426806,,17360930,2.5,,,"UN Comtrade, comtradeapi.un.org"
CAN,Canada,KOR,Rep. of Korea,2022,6651892268,8538363871,,1886471603,28.36,,,"UN Comtrade, comtradeapi.un.org"
CAN,Canada,S19,"Other Asia, nes",2022,1982471226,2476115693,,493644467,24.9,,,"UN Comtrade, comtradeapi.un.org"
CAN,Canada,IND,India,2022,4122082446,3906174143,,-215908303,-5.24,,,"UN Comtrade, comtradeapi.un.org"
CAN,Canada,IRL,Ireland,2022,706413488,707723317,,1309829,0.19,,,"UN Comtrade, comtradeapi.un.org"
CAN,Canada,ITA,Italy,2022,2199477443,1955919672,,-243557771,-11.07,,,"UN Comtrade, comtradeapi.un.org"
CAN,Canada,GBR,United Kingdom,2022,17420499023,16889214858,,-531284165,-3.05,,,"UN Comtrade, comtradeapi.un.org"
CAN,Canada,THA,Thailand,2022,945210771,1157888512,,212677741,22.5,,,"UN Comtrade, comtradeapi.un.org"
CAN,Canada,CHE,Switzerland,2022,2895602852,7740557851,,4844954999,167.32,,,"UN Comtrade, comtradeapi.un.org"
CAN,Canada,FRA,France,2022,3038000696,4397224912,,1359224216,44.74,,,"UN Comtrade, comtradeapi.un.org"
CAN,Canada,MYS,Malaysia,2022,1166455996,1240650274,,74194278,6.36,,,"UN Comtrade, comtradeapi.un.org"
CAN,Canada,BRA,Brazil,2022,3113276298,5516149805,5186752370,2402873507,77.18,2073476072,66.6,"UN Comtrade, comtradeapi.un.org"
CAN,Canada,IDN,Indonesia,2022,2498810847,2999027912,,500217065,20.02,,,"UN Comtrade, comtradeapi.un.org"
CAN,Canada,NLD,Netherlands,2022,4999451732,3745436211,,-1254015521,-25.08,,,"UN Comtrade, comtradeapi.un.org"
CAN,Canada,SGP,Singapore,2022,1174950785,2230558698,,1055607913,89.84,,,"UN Comtrade, comtradeapi.un.org"
CAN,Canada,BEL,Belgium,2022,3722637281,3796572006,,73934725,1.99,,,"UN Comtrade, comtradeapi.un.org"
CAN,Canada,ESP,Spain,2022,2343579772,3123683317,,780103545,33.29,,,"UN Comtrade, comtradeapi.un.org"
CAN,Canada,SAU,Saudi Arabia,2022,991610039,1295166588,,303556549,30.61,,,"UN Comtrade, comtradeapi.un.org"
CAN,Canada,ISR,Israel,2022,429235273,471692000,,42456727,9.89,,,"UN Comtrade, comtradeapi.un.org"
CAN,Canada,TUR,Türkiye,2022,985241194,1316472687,1212428241,331231493,33.62,227187047,23.06,"UN Comtrade, comtradeapi.un.org"
CAN,Canada,COL,Colombia,2022,1017817192,1176404671,1111437532,158587479,15.58,93620340,9.2,"UN Comtrade, comtradeapi.un.org"
CAN,Canada,AUT,Austria,2022,206102168,434183264,,228081096,110.66,,,"UN Comtrade, comtradeapi.un.org"
CAN,Canada,SWE,Sweden,2022,578164125,475720715,,-102443410,-17.72,,,"UN Comtrade, comtradeapi.un.org"
CAN,Canada,PHL,Philippines,2022,892112232,954813914,882395756,62701682,7.03,-9716476,-1.09,"UN Comtrade, comtradeapi.un.org"
CAN,Canada,CHL,Chile,2022,856648850,1027078510,946030980,170429660,19.89,89382130,10.43,"UN Comtrade, comtradeapi.un.org"
CAN,Canada,AUS,Australia,2022,2428886867,2623443136,2445019576,194556269,8.01,16132709,0.66,"UN Comtrade, comtradeapi.un.org"
CAN,Canada,ZAF,South Africa,2022,342040207,351423561,351423561,9383354,2.74,9383354,2.74,"UN Comtrade, comtradeapi.un.org"
CAN,Canada,DNK,Denmark,2022,252418255,304062615,,51644360,20.46,,,"UN Comtrade, comtradeapi.un.org"
CAN,Canada,KHM,Cambodia,2022,25675456,33877107,,8201651,31.94,,,"UN Comtrade, comtradeapi.un.org"
CAN,Canada,POL,Poland,2022,931579427,894094653,,-37484774,-4.02,,,"UN Comtrade, comtradeapi.un.org"
CAN,Canada,ECU,Ecuador,2022,463614708,854213726,,390599018,84.25,,,"UN Comtrade, comtradeapi.un.org"
CAN,Canada,IRQ,Iraq,2022,145859617,91166760,,-54692857,-37.5,,,"UN Comtrade, comtradeapi.un.org"
CAN,Canada,PER,Peru,2022,1178926501,1158379938,,-20546563,-1.74,,,"UN Comtrade, comtradeapi.un.org"
CAN,Canada,CRI,Costa Rica,2022,211065324,254906112,,43840788,20.77,,,"UN Comtrade, comtradeapi.un.org"
CAN,Canada,FIN,Finland,2022,510546411,820084588,,309538177,60.63,,,"UN Comtrade, comtradeapi.un.org"
CAN,Canada,HUN,Hungary,2022,76950813,94243932,,17293119,22.47,,,"UN Comtrade, comtradeapi.un.org"
CAN,Canada,CZE,Czechia,2022,184013354,433198447,408182425,249185093,135.42,224169071,121.82,"UN Comtrade, comtradeapi.un.org"
CAN,Canada,ARE,United Arab Emirates,2022,1397991241,3137464411,,1739473170,124.43,,,"UN Comtrade, comtradeapi.un.org"
CAN,Canada,ARG,Argentina,2022,250673370,516844322,473056262,266170952,106.18,222382892,88.71,"UN Comtrade, comtradeapi.un.org"
CAN,Canada,DOM,Dominican Rep.,2022,274342364,387177924,351743476,112835560,41.13,77401112,28.21,"UN Comtrade, comtradeapi.un.org"
CAN,Canada,NOR,Norway,2022,2975215081,3149673949,,174458868,5.86,,,"UN Comtrade, comtradeapi.un.org"
CAN,Canada,SVK,Slovakia,2022,39171096,185029642,176823770,145858546,372.36,137652674,351.41,"UN Comtrade, comtradeapi.un.org"
CAN,Canada,PAK,Pakistan,2022,459529212,360930746,,-98598466,-21.46,,,"UN Comtrade, comtradeapi.un.org"
CAN,Canada,PRT,Portugal,2022,377690334,506319851,,128629517,34.06,,,"UN Comtrade, comtradeapi.un.org"
CAN,Canada,NIC,Nicaragua,2022,66540903,117066596,,50525693,75.93,,,"UN Comtrade, comtradeapi.un.org"
CAN,Canada,GTM,Guatemala,2022,194193388,342319778,,148126390,76.28,,,"UN Comtrade, comtradeapi.un.org"
JPN,Japan,USA,USA,2022,139767573059,154445161543,148329293664,14677588484,10.5,8561720605,6.13,"UN Comtrade, comtradeapi.un.org"
JPN,Japan,CHN,China,2022,144539095950,184496994754,,39957898804,27.65,,,"UN Comtrade, comtradeapi.un.org"
JPN,Japan,MEX,Mexico,2022,10960291125,18289192818,18289192818,7328901693,66.87,7328901693,66.87,"UN Comtrade, comtradeapi.un.org"
JPN,Japan,CAN,Canada,2022,8608306240,13137917686,13137917686,4529611446,52.62,4529611446,52.62,"UN Comtrade, comtradeapi.un.org"
JPN,Japan,DEU,Germany,2022,19552223179,27567937380,,8015714201,41.0,,,"UN Comtrade, comtradeapi.un.org"
JPN,Japan,VNM,Viet Nam,2022,18642069977,23312028555,,4669958578,25.05,,,"UN Comtrade, comtradeapi.un.org"
JPN,Japan,KOR,Rep. of Korea,2022,54041654817,54711675179,,670020362,1.24,,,"UN Comtrade, comtradeapi.un.org"
JPN,Japan,S19,"Other Asia, nes",2022,52150808953,54353516685,,2202707732,4.22,,,"UN Comtrade, comtradeapi.un.org"
JPN,Japan,IND,India,2022,13927700630,15749465833,,1821765203,13.08,,,"UN Comtrade, comtradeapi.un.org"
JPN,Japan,IRL,Ireland,2022,2481712890,3332844394,,851131504,34.3,,,"UN Comtrade, comtradeapi.un.org"
JPN,Japan,ITA,Italy,2022,5307033813,5534120712,,227086899,4.28,,,"UN Comtrade, comtradeapi.un.org"
JPN,Japan,GBR,United Kingdom,2022,11025460006,13118452916,,2092992910,18.98,,,"UN Comtrade, comtradeapi.un.org"
JPN,Japan,THA,Thailand,2022,32452486474,34477329824,,2024843350,6.24,,,"UN Comtrade, comtradeapi.un.org"
JPN,Japan,CHE,Switzerland,2022,4151694270,5990219516,,1838525246,44.28,,,"UN Comtrade, comtradeapi.un.org"
JPN,Japan,FRA,France,2022,6414079139,9931967402,,3517888263,54.85,,,"UN Comtrade, comtradeapi.un.org"
JPN,Japan,MYS,Malaysia,2022,16457901512,18876310303,,2418408791,14.69,,,"UN Comtrade, comtradeapi.un.org"
JPN,Japan,BRA,Brazil,2022,4318243532,5750893524,5299771033,1432649992,33.18,981527501,22.73,"UN Comtrade, comtradeapi.un.org"
JPN,Japan,IDN,Indonesia,2022,15051471096,17203179436,,2151708340,14.3,,,"UN Comtrade, comtradeapi.un.org"
JPN,Japan,NLD,Netherlands,2022,12374443459,9481200745,,-2893242714,-23.38,,,"UN Comtrade, comtradeapi.un.org"
JPN,Japan,SGP,Singapore,2022,22342254570,26715118042,,4372863472,19.57,,,"UN Comtrade, comtradeapi.un.org"
JPN,Japan,BEL,Belgium,2022,6988661144,8962177967,,1973516823,28.24,,,"UN Comtrade, comtradeapi.un.org"
JPN,Japan,ESP,Spain,2022,2703456307,4133441542,,1429985235,52.89,,,"UN Comtrade, comtradeapi.un.org"
JPN,Japan,SAU,Saudi Arabia,2022,5078352823,6718731430,,1640378607,32.3,,,"UN Comtrade, comtradeapi.un.org"
JPN,Japan,ISR,Israel,2022,1479622436,1400795000,,-78827436,-5.33,,,"UN Comtrade, comtradeapi.un.org"
JPN,Japan,TUR,Türkiye,2022,3212682995,4640814772,4342453170,1428131777,44.45,1129770175,35.17,"UN Comtrade, comtradeapi.un.org"
JPN,Japan,COL,Colombia,2022,1361493896,1435950712,1301345258,74456816,5.47,-60148638,-4.42,"UN Comtrade, comtradeapi.un.org"
JPN,Japan,AUT,Austria,2022,1348465294,2608110822,,1259645528,93.41,,,"UN Comtrade, comtradeapi.un.org"
JPN,Japan,SWE,Sweden,2022,1444605790,1386390566,,-58215224,-4.03,,,"UN Comtrade, comtradeapi.un.org"
JPN,Japan,PHL,Philippines,2022,12147325062,13086141586,12347090345,938816524,7.73,199765283,1.64,"UN Comtrade, comtradeapi.un.org"
JPN,Japan,CHL,Chile,2022,2289275233,2664831563,2402665202,375556330,16.41,113389969,4.95,"UN Comtrade, comtradeapi.un.org"
JPN,Japan,AUS,Australia,2022,16523231064,17798008157,16987982710,1274777093,7.72,464751646,2.81,"UN Comtrade, comtradeapi.un.org"
JPN,Japan,ZAF,South Africa,2022,2349816064,2831928549,2831928549,482112485,20.52,482112485,20.52,"UN Comtrade, comtradeapi.un.org"
JPN,Japan,DNK,Denmark,2022,571804156,566839586,,-4964570,-0.87,,,"UN Comtrade, comtradeapi.un.org"
JPN,Japan,KHM,Cambodia,2022,511449450,774989248,,263539798,51.53,,,"UN Comtrade, comtradeapi.un.org"
JPN,Japan,POL,Poland,2022,4180505368,5607938006,,1427432638,34.14,,,"UN Comtrade, comtradeapi.un.org"
JPN,Japan,ECU,Ecuador,2022,537644511,656500763,,118856252,22.11,,,"UN Comtrade, comtradeapi.un.org"
JPN,Japan,IRQ,Iraq,2022,610441447,470744602,,-139696845,-22.88,,,"UN Comtrade, comtradeapi.un.org"
JPN,Japan,PER,Peru,2022,739166182,1093380595,,354214413,47.92,,,"UN Comtrade, comtradeapi.un.org"
JPN,Japan,CRI,Costa Rica,2022,462856171,434236460,,-28619711,-6.18,,,"UN Comtrade, comtradeapi.un.org"
JPN,Japan,FIN,Finland,2022,478582560,978421612,,499839052,104.44,,,"UN Comtrade, comtradeapi.un.org"
JPN,Japan,HUN,Hungary,2022,1508238156,1473490614,,-34747542,-2.3,,,"UN Comtrade, comtradeapi.un.org"
JPN,Japan,CZE,Czechia,2022,2311926761,3976041134,3770016056,1664114373,71.98,1458089295,63.07,"UN Comtrade, comtradeapi.un.org"
JPN,Japan,ARE,United Arab Emirates,2022,8483089873,12010099062,,3527009189,41.58,,,"UN Comtrade, comtradeapi.un.org"
JPN,Japan,ARG,Argentina,2022,947518133,1200828184,1131564188,253310051,26.73,184046055,19.42,"UN Comtrade, comtradeapi.un.org"
JPN,Japan,DOM,Dominican Rep.,2022,324910187,431845766,431845766,106935579,32.91,106935579,32.91,"UN Comtrade, comtradeapi.un.org"
JPN,Japan,NOR,Norway,2022,1000213971,1607953898,,607739927,60.76,,,"UN Comtrade, comtradeapi.un.org"
JPN,Japan,SVK,Slovakia,2022,138262254,641908089,625769762,503645835,364.27,487507508,352.6,"UN Comtrade, comtradeapi.un.org"
JPN,Japan,PAK,Pakistan,2022,1581023867,1664583597,,83559730,5.29,,,"UN Comtrade, comtradeapi.un.org"
JPN,Japan,PRT,Portugal,2022,635514918,624242320,,-11272598,-1.77,,,"UN Comtrade, comtradeapi.un.org"
JPN,Japan,NIC,Nicaragua,2022,87614011,168720691,,81106680,92.57,,,"UN Comtrade, comtradeapi.un.org"
JPN,Japan,GTM,Guatemala,2022,332658434,693611556,,360953122,108.51,,,"UN Comtrade, comtradeapi.un.org"
DEU,Germany,USA,USA,2022,166454662084,150408499381,146555381930,-16046162703,-9.64,-19899280154,-11.95,"UN Comtrade, comtradeapi.un.org"
DEU,Germany,CHN,China,2022,113971903959,111397908371,,-2573995588,-2.26,,,"UN Comtrade, comtradeapi.un.org"
DEU,Germany,MEX,Mexico,2022,17395412342,18447348524,18447348524,1051936182,6.05,1051936182,6.05,"UN Comtrade, comtradeapi.un.org"
DEU,Germany,CAN,Canada,2022,13605754487,17285939750,17285939750,3680185263,27.05,3680185263,27.05,"UN Comtrade, comtradeapi.un.org"
DEU,Germany,JPN,Japan,2022,21958148564,22705757576,,747609012,3.4,,,"UN Comtrade, comtradeapi.un.org"
DEU,Germany,VNM,Viet Nam,2022,3633528354,3610680626,,-22847728,-0.63,,,"UN Comtrade, comtradeapi.un.org"
DEU,Germany,KOR,Rep. of Korea,2022,22903514236,23612970629,,709456393,3.1,,,"UN Comtrade, comtradeapi.un.org"
DEU,Germany,S19,"Other Asia, nes",2022,11789248870,14202286695,,2413037825,20.47,,,"UN Comtrade, comtradeapi.un.org"
DEU,Germany,IND,India,2022,15878838900,13903417440,,-1975421460,-12.44,,,"UN Comtrade, comtradeapi.un.org"
DEU,Germany,IRL,Ireland,2022,11554173683,11090928071,,-463245612,-4.01,,,"UN Comtrade, comtradeapi.un.org"
DEU,Germany,ITA,Italy,2022,94182950907,94543226825,,360275918,0.38,,,"UN Comtrade, comtradeapi.un.org"
DEU,Germany,GBR,United Kingdom,2022,78813925358,70319031141,,-8494894217,-10.78,,,"UN Comtrade, comtradeapi.un.org"
DEU,Germany,THA,Thailand,2022,5804176957,6047677183,,243500226,4.2,,,"UN Comtrade, comtradeapi.un.org"
DEU,Germany,CHE,Switzerland,2022,77005623710,69637759565,,-7367864145,-9.57,,,"UN Comtrade, comtradeapi.un.org"
DEU,Germany,FRA,France,2022,124817978796,99294822963,,-25523155833,-20.45,,,"UN Comtrade, comtradeapi.un.org"
DEU,Germany,MYS,Malaysia,2022,6614531221,6793682626,,179151405,2.71,,,"UN Comtrade, comtradeapi.un.org"
DEU,Germany,BRA,Brazil,2022,13778130110,13440604353,12806357275,-337525757,-2.45,-971772835,-7.05,"UN Comtrade, comtradeapi.un.org"
DEU,Germany,IDN,Indonesia,2022,3247066002,3823711049,,576645047,17.76,,,"UN Comtrade, comtradeapi.un.org"
DEU,Germany,NLD,Netherlands,2022,117515726704,108803233106,,-8712493598,-7.41,,,"UN Comtrade, comtradeapi.un.org"
DEU,Germany,SGP,Singapore,2022,8247181770,9960337271,,1713155501,20.77,,,"UN Comtrade, comtradeapi.un.org"
DEU,Germany,BEL,Belgium,2022,66414319415,55149234909,,-11265084506,-16.96,,,"UN Comtrade, comtradeapi.un.org"
DEU,Germany,ESP,Spain,2022,52905108904,45319163543,,-7585945361,-14.34,,,"UN Comtrade, comtradeapi.un.org"
DEU,Germany,SAU,Saudi Arabia,2022,7227519003,8000107843,,772588840,10.69,,,"UN Comtrade, comtradeapi.un.org"
DEU,Germany,ISR,Israel,2022,6367801237,7075418000,,707616763,11.11,,,"UN Comtrade, comtradeapi.un.org"
DEU,Germany,TUR,Türkiye,2022,28809311129,24033073968,22735712080,-4776237161,-16.58,-6073599049,-21.08,"UN Comtrade, comtradeapi.un.org"
DEU,Germany,COL,Colombia,2022,2129046214,2352847339,2223807110,223801125,10.51,94760896,4.45,"UN Comtrade, comtradeapi.un.org"
DEU,Germany,AUT,Austria,2022,88648447172,71729006998,,-16919440174,-19.09,,,"UN Comtrade, comtradeapi.un.org"
DEU,Germany,SWE,Sweden,2022,31449540490,31047076887,,-402463603,-1.28,,,"UN Comtrade, comtradeapi.un.org"
DEU,Germany,PHL,Philippines,2022,2112840051,2039989196,1930729409,-72850855,-3.45,-182110642,-8.62,"UN Comtrade, comtradeapi.un.org"
DEU,Germany,CHL,Chile,2022,2972844339,2779823988,2563525533,-193020351,-6.49,-409318806,-13.77,"UN Comtrade, comtradeapi.un.org"
DEU,Germany,AUS,Australia,2022,12638550059,12046401851,11329296729,-592148208,-4.69,-1309253330,-10.36,"UN Comtrade, comtradeapi.un.org"
DEU,Germany,ZAF,South Africa,2022,10564077320,8205276882,8205276882,-2358800438,-22.33,-2358800438,-22.33,"UN Comtrade, comtradeapi.un.org"
DEU,Germany,DNK,Denmark,2022,25054393141,25349642584,,295249443,1.18,,,"UN Comtrade, comtradeapi.un.org"
DEU,Germany,KHM,Cambodia,2022,151890590,163279854,,11389264,7.5,,,"UN Comtrade, comtradeapi.un.org"
DEU,Germany,POL,Poland,2022,97504955206,78239070726,,-19265884480,-19.76,,,"UN Comtrade, comtradeapi.un.org"
DEU,Germany,ECU,Ecuador,2022,614931931,666086544,,51154613,8.32,,,"UN Comtrade, comtradeapi.un.org"
DEU,Germany,IRQ,Iraq,2022,1167914455,365663413,,-802251042,-68.69,,,"UN Comtrade, comtradeapi.un.org"
DEU,Germany,PER,Peru,2022,1274620268,1166872623,,-107747645,-8.45,,,"UN Comtrade, comtradeapi.un.org"
DEU,Germany,CRI,Costa Rica,2022,343734345,498931566,,155197221,45.15,,,"UN Comtrade, comtradeapi.un.org"
DEU,Germany,FIN,Finland,2022,13459976908,12002417117,,-1457559791,-10.83,,,"UN Comtrade, comtradeapi.un.org"
DEU,Germany,HUN,Hungary,2022,34592470942,33617579935,,-974891007,-2.82,,,"UN Comtrade, comtradeapi.un.org"
DEU,Germany,CZE,Czechia,2022,57093188977,46824989018,46824989018,-10268199959,-17.98,-10268199959,-17.98,"UN Comtrade, comtradeapi.un.org"
DEU,Germany,ARE,United Arab Emirates,2022,8243540423,8512143031,,268602608,3.26,,,"UN Comtrade, comtradeapi.un.org"
DEU,Germany,ARG,Argentina,2022,2690339256,2719438722,2587180463,29099466,1.08,-103158793,-3.83,"UN Comtrade, comtradeapi.un.org"
DEU,Germany,DOM,Dominican Rep.,2022,393080334,508412031,471885828,115331697,29.34,78805494,20.05,"UN Comtrade, comtradeapi.un.org"
DEU,Germany,NOR,Norway,2022,12198708140,11904158552,,-294549588,-2.41,,,"UN Comtrade, comtradeapi.un.org"
DEU,Germany,SVK,Slovakia,2022,18265300713,16339617665,15737740133,-1925683048,-10.54,-2527560580,-13.84,"UN Comtrade, comtradeapi.un.org"
DEU,Germany,PAK,Pakistan,2022,1278696983,926539226,,-352157757,-27.54,,,"UN Comtrade, comtradeapi.un.org"
DEU,Germany,PRT,Portugal,2022,12233837569,12816833168,,582995599,4.77,,,"UN Comtrade, comtradeapi.un.org"
DEU,Germany,NIC,Nicaragua,2022,53581471,128720210,,75138739,140.23,,,"UN Comtrade, comtradeapi.un.org"
DEU,Germany,GTM,Guatemala,2022,354383822,517609176,,163225354,46.06,,,"UN Comtrade, comtradeapi.un.org"
VNM,Viet Nam,USA,USA,2022,109459565524,135876540954,127521219882,26416975430,24.13,18061654358,16.5,"UN Comtrade, comtradeapi.un.org"
VNM,Viet Nam,CHN,China,2022,57677796762,87960625997,,30282829235,52.5,,,"UN Comtrade, comtradeapi.un.org"
VNM,Viet Nam,MEX,Mexico,2022,4534974563,10321740170,10321740170,5786765607,127.6,5786765607,127.6,"UN Comtrade, comtradeapi.un.org"
VNM,Viet Nam,CAN,Canada,2022,6327583823,9882641353,9882641353,3555057530,56.18,3555057530,56.18,"UN Comtrade, comtradeapi.un.org"
VNM,Viet Nam,JPN,Japan,2022,24228393827,26426846814,,2198452987,9.07,,,"UN Comtrade, comtradeapi.un.org"
VNM,Viet Nam,DEU,Germany,2022,8968702867,15526050330,,6557347463,73.11,,,"UN Comtrade, comtradeapi.un.org"
VNM,Viet Nam,KOR,Rep. of Korea,2022,24264612068,26724716793,,2460104725,10.14,,,"UN Comtrade, comtradeapi.un.org"
VNM,Viet Nam,S19,"Other Asia, nes",2022,5105833419,6933302112,,1827468693,35.79,,,"UN Comtrade, comtradeapi.un.org"
VNM,Viet Nam,IND,India,2022,7960864319,9004743212,,1043878893,13.11,,,"UN Comtrade, comtradeapi.un.org"
VNM,Viet Nam,IRL,Ireland,2022,501548410,872442133,,370893723,73.95,,,"UN Comtrade, comtradeapi.un.org"
VNM,Viet Nam,ITA,Italy,2022,4411333216,5114443898,,703110682,15.94,,,"UN Comtrade, comtradeapi.un.org"
VNM,Viet Nam,GBR,United Kingdom,2022,6063074231,8969123458,,2906049227,47.93,,,"UN Comtrade, comtradeapi.un.org"
VNM,Viet Nam,THA,Thailand,2022,7349684827,7938698625,,589013798,8.01,,,"UN Comtrade, comtradeapi.un.org"
VNM,Viet Nam,CHE,Switzerland,2022,183858435,1960150377,,1776291942,966.12,,,"UN Comtrade, comtradeapi.un.org"
VNM,Viet Nam,FRA,France,2022,3620443936,7451484819,,3831040883,105.82,,,"UN Comtrade, comtradeapi.un.org"
VNM,Viet Nam,MYS,Malaysia,2022,5578933670,7213426838,,1634493168,29.3,,,"UN Comtrade, comtradeapi.un.org"
VNM,Viet Nam,BRA,Brazil,2022,2237279617,3303393849,2983562723,1066114232,47.65,746283106,33.36,"UN Comtrade, comtradeapi.un.org"
VNM,Viet Nam,IDN,Indonesia,2022,4529215640,4841290596,,312074956,6.89,,,"UN Comtrade, comtradeapi.un.org"
VNM,Viet Nam,NLD,Netherlands,2022,10431962619,7568986240,,-2862976379,-27.44,,,"UN Comtrade, comtradeapi.un.org"
VNM,Viet Nam,SGP,Singapore,2022,4307666513,5493864033,,1186197520,27.54,,,"UN Comtrade, comtradeapi.un.org"
VNM,Viet Nam,BEL,Belgium,2022,3976515196,1009940678,,-2966574518,-74.6,,,"UN Comtrade, comtradeapi.un.org"
VNM,Viet Nam,ESP,Spain,2022,2927813313,4223102798,,1295289485,44.24,,,"UN Comtrade, comtradeapi.un.org"
VNM,Viet Nam,SAU,Saudi Arabia,2022,717909143,2081457616,,1363548473,189.93,,,"UN Comtrade, comtradeapi.un.org"
VNM,Viet Nam,ISR,Israel,2022,785665484,278058000,,-507607484,-64.61,,,"UN Comtrade, comtradeapi.un.org"
VNM,Viet Nam,TUR,Türkiye,2022,1576818084,2068785790,1889709903,491967706,31.2,312891819,19.84,"UN Comtrade, comtradeapi.un.org"
VNM,Viet Nam,COL,Colombia,2022,719039607,1065372581,980436289,346332974,48.17,261396682,36.35,"UN Comtrade, comtradeapi.un.org"
VNM,Viet Nam,AUT,Austria,2022,2459098528,1439769418,,-1019329110,-41.45,,,"UN Comtrade, comtradeapi.un.org"
VNM,Viet Nam,SWE,Sweden,2022,1264219963,1698634727,,434414764,34.36,,,"UN Comtrade, comtradeapi.un.org"
VNM,Viet Nam,PHL,Philippines,2022,5107836341,4773472579,4459192489,-334363762,-6.55,-648643852,-12.7,"UN Comtrade, comtradeapi.un.org"
VNM,Viet Nam,CHL,Chile,2022,1723954167,1432713927,1298220533,-291240240,-16.89,-425733634,-24.7,"UN Comtrade, comtradeapi.un.org"
VNM,Viet Nam,AUS,Australia,2022,5516943164,6757367649,6301038900,1240424485,22.48,784095736,14.21,"UN Comtrade, comtradeapi.un.org"
VNM,Viet Nam,ZAF,South Africa,2022,878959772,1134980273,1134980273,256020501,29.13,256020501,29.13,"UN Comtrade, comtradeapi.un.org"
VNM,Viet Nam,DNK,Denmark,2022,494625349,653859161,,159233812,32.19,,,"UN Comtrade, comtradeapi.un.org"
VNM,Viet Nam,KHM,Cambodia,2022,5745170992,3967141168,,-1778029824,-30.95,,,"UN Comtrade, comtradeapi.un.org"
VNM,Viet Nam,POL,Poland,2022,2291352655,4899562509,,2608209854,113.83,,,"UN Comtrade, comtradeapi.un.org"
VNM,Viet Nam,ECU,Ecuador,2022,168961663,245053873,,76092210,45.04,,,"UN Comtrade, comtradeapi.un.org"
VNM,Viet Nam,IRQ,Iraq,2022,242435137,4523827,,-237911310,-98.13,,,"UN Comtrade, comtradeapi.un.org"
VNM,Viet Nam,PER,Peru,2022,530807689,789460280,,258652591,48.73,,,"UN Comtrade, comtradeapi.un.org"
VNM,Viet Nam,CRI,Costa Rica,2022,130028433,182411274,,52382841,40.29,,,"UN Comtrade, comtradeapi.un.org"
VNM,Viet Nam,FIN,Finland,2022,223278791,687233024,,463954233,207.79,,,"UN Comtrade, comtradeapi.un.org"
VNM,Viet Nam,HUN,Hungary,2022,577581528,838379460,,260797932,45.15,,,"UN Comtrade, comtradeapi.un.org"
VNM,Viet Nam,CZE,Czechia,2022,667390873,2272001053,2137771279,1604610180,240.43,1470380406,220.32,"UN Comtrade, comtradeapi.un.org"
VNM,Viet Nam,ARE,United Arab Emirates,2022,3847499898,7467554879,,3620054981,94.09,,,"UN Comtrade, comtradeapi.un.org"
VNM,Viet Nam,ARG,Argentina,2022,851707291,1239725173,1184978978,388017882,45.56,333271687,39.13,"UN Comtrade, comtradeapi.un.org"
VNM,Viet Nam,DOM,Dominican Rep.,2022,110853916,75348469,63014710,-35505447,-32.03,-47839206,-43.16,"UN Comtrade, comtradeapi.un.org"
VNM,Viet Nam,NOR,Norway,2022,190048088,1002816645,,812768557,427.66,,,"UN Comtrade, comtradeapi.un.org"
VNM,Viet Nam,SVK,Slovakia,2022,1037140237,4522293197,4412493540,3485152960,336.03,3375353303,325.45,"UN Comtrade, comtradeapi.un.org"
VNM,Viet Nam,PAK,Pakistan,2022,600651763,466060412,,-134591351,-22.41,,,"UN Comtrade, comtradeapi.un.org"
VNM,Viet Nam,PRT,Portugal,2022,525018588,571017950,,45999362,8.76,,,"UN Comtrade, comtradeapi.un.org"
KOR,Rep. of Korea,USA,USA,2022,110170504982,120859256396,115325529001,10688751414,9.7,5155024019,4.68,"UN Comtrade, comtradeapi.un.org"
KOR,Rep. of Korea,CHN,China,2022,155789384747,199667117880,,43877733133,28.16,,,"UN Comtrade, comtradeapi.un.org"
KOR,Rep. of Korea,MEX,Mexico,2022,12654211845,22456244486,22456244486,9802032641,77.46,9802032641,77.46,"UN Comtrade, comtradeapi.un.org"
KOR,Rep. of Korea,CAN,Canada,2022,7839140648,10253339730,10253339730,2414199082,30.8,2414199082,30.8,"UN Comtrade, comtradeapi.un.org"
KOR,Rep. of Korea,JPN,Japan,2022,30606175132,33575407171,,2969232039,9.7,,,"UN Comtrade, comtradeapi.un.org"
KOR,Rep. of Korea,DEU,Germany,2022,10042738002,14182165764,,4139427762,41.22,,,"UN Comtrade, comtradeapi.un.org"
KOR,Rep. of Korea,VNM,Viet Nam,2022,60963679738,62050850398,,1087170660,1.78,,,"UN Comtrade, comtradeapi.un.org"
KOR,Rep. of Korea,S19,"Other Asia, nes",2022,26198233582,34097633586,,7899400004,30.15,,,"UN Comtrade, comtradeapi.un.org"
KOR,Rep. of Korea,IND,India,2022,18870070773,20723337399,,1853266626,9.82,,,"UN Comtrade, comtradeapi.un.org"
KOR,Rep. of Korea,IRL,Ireland,2022,822781484,1856650745,,1033869261,125.66,,,"UN Comtrade, comtradeapi.un.org"
KOR,Rep. of Korea,ITA,Italy,2022,5134142994,6336386398,,1202243404,23.42,,,"UN Comtrade, comtradeapi.un.org"
KOR,Rep. of Korea,GBR,United Kingdom,2022,6364511124,8566416177,,2201905053,34.6,,,"UN Comtrade, comtradeapi.un.org"
KOR,Rep. of Korea,THA,Thailand,2022,8584166211,10123615913,,1539449702,17.93,,,"UN Comtrade, comtradeapi.un.org"
KOR,Rep. of Korea,CHE,Switzerland,2022,986976722,2324736013,,1337759291,135.54,,,"UN Comtrade, comtradeapi.un.org"
KOR,Rep. of Korea,FRA,France,2022,5345162093,10796426609,,5451264516,101.99,,,"UN Comtrade, comtradeapi.un.org"
KOR,Rep. of Korea,MYS,Malaysia,2022,11473479515,13429188605,,1955709090,17.05,,,"UN Comtrade, comtradeapi.un.org"
KOR,Rep. of Korea,BRA,Brazil,2022,4975561803,5973476796,5463080191,997914993,20.06,487518388,9.8,"UN Comtrade, comtradeapi.un.org"
KOR,Rep. of Korea,IDN,Indonesia,2022,10215898782,11722376882,,1506478100,14.75,,,"UN Comtrade, comtradeapi.un.org"
KOR,Rep. of Korea,NLD,Netherlands,2022,7869059999,6737372304,,-1131687695,-14.38,,,"UN Comtrade, comtradeapi.un.org"
KOR,Rep. of Korea,SGP,Singapore,2022,20205399939,30625199879,,10419799940,51.57,,,"UN Comtrade, comtradeapi.un.org"
KOR,Rep. of Korea,BEL,Belgium,2022,5029456536,2368547269,,-2660909267,-52.91,,,"UN Comtrade, comtradeapi.un.org"
KOR,Rep. of Korea,ESP,Spain,2022,3235875229,4137537981,,901662752,27.86,,,"UN Comtrade, comtradeapi.un.org"
KOR,Rep. of Korea,SAU,Saudi Arabia,2022,4865149737,5271291436,,406141699,8.35,,,"UN Comtrade, comtradeapi.un.org"
KOR,Rep. of Korea,ISR,Israel,2022,2121809245,2796623000,,674813755,31.8,,,"UN Comtrade, comtradeapi.un.org"
KOR,Rep. of Korea,TUR,Türkiye,2022,7722957338,9004399290,8386723877,1281441952,16.59,663766539,8.59,"UN Comtrade, comtradeapi.un.org"
KOR,Rep. of Korea,COL,Colombia,2022,939761158,1050974055,924930134,111212897,11.83,-14831024,-1.58,"UN Comtrade, comtradeapi.un.org"
KOR,Rep. of Korea,AUT,Austria,2022,1421087264,1153400769,,-267686495,-18.84,,,"UN Comtrade, comtradeapi.un.org"
KOR,Rep. of Korea,SWE,Sweden,2022,1416952675,1585933160,,168980485,11.93,,,"UN Comtrade, comtradeapi.un.org"
KOR,Rep. of Korea,PHL,Philippines,2022,12306078189,12730035481,12316404509,423957292,3.45,10326320,0.08,"UN Comtrade, comtradeapi.un.org"
KOR,Rep. of Korea,CHL,Chile,2022,1510396900,1891112369,1638278749,380715469,25.21,127881849,8.47,"UN Comtrade, comtradeapi.un.org"
KOR,Rep. of Korea,AUS,Australia,2022,18753005105,19053341165,18262076403,300336060,1.6,-490928702,-2.62,"UN Comtrade, comtradeapi.un.org"
KOR,Rep. of Korea,ZAF,South Africa,2022,1144700020,1161434261,1161434261,16734241,1.46,16734241,1.46,"UN Comtrade, comtradeapi.un.org"
KOR,Rep. of Korea,DNK,Denmark,2022,510931911,701455181,,190523270,37.29,,,"UN Comtrade, comtradeapi.un.org"
KOR,Rep. of Korea,KHM,Cambodia,2022,641674869,545286069,,-96388800,-15.02,,,"UN Comtrade, comtradeapi.un.org"
KOR,Rep. of Korea,POL,Poland,2022,7858000487,9135028237,,1277027750,16.25,,,"UN Comtrade, comtradeapi.un.org"
KOR,Rep. of Korea,ECU,Ecuador,2022,770721649,1216732848,,446011199,57.87,,,"UN Comtrade, comtradeapi.un.org"
KOR,Rep. of Korea,IRQ,Iraq,2022,1150883080,586755567,,-564127513,-49.02,,,"UN Comtrade, comtradeapi.un.org"
KOR,Rep. of Korea,PER,Peru,2022,777679374,1000317282,,222637908,28.63,,,"UN Comtrade, comtradeapi.un.org"
KOR,Rep. of Korea,CRI,Costa Rica,2022,213197446,244280661,,31083215,14.58,,,"UN Comtrade, comtradeapi.un.org"
KOR,Rep. of Korea,FIN,Finland,2022,315679793,777669997,,461990204,146.35,,,"UN Comtrade, comtradeapi.un.org"
KOR,Rep. of Korea,HUN,Hungary,2022,6162873145,6126056082,,-36817063,-0.6,,,"UN Comtrade, comtradeapi.un.org"
KOR,Rep. of Korea,CZE,Czechia,2022,3150383254,4511008215,4299345192,1360624961,43.19,1148961938,36.47,"UN Comtrade, comtradeapi.un.org"
KOR,Rep. of Korea,ARE,United Arab Emirates,2022,3966846487,4271663848,,304817361,7.68,,,"UN Comtrade, comtradeapi.un.org"
KOR,Rep. of Korea,ARG,Argentina,2022,528689539,729045988,646928920,200356449,37.9,118239381,22.36,"UN Comtrade, comtradeapi.un.org"
KOR,Rep. of Korea,DOM,Dominican Rep.,2022,347495638,372542684,325799102,25047046,7.21,-21696536,-6.24,"UN Comtrade, comtradeapi.un.org"
KOR,Rep. of Korea,NOR,Norway,2022,964698024,962909303,,-1788721,-0.19,,,"UN Comtrade, comtradeapi.un.org"
KOR,Rep. of Korea,SVK,Slovakia,2022,2848560711,6553624780,6268564151,3705064069,130.07,3420003440,120.06,"UN Comtrade, comtradeapi.un.org"
KOR,Rep. of Korea,PAK,Pakistan,2022,1199469665,1285738186,,86268521,7.19,,,"UN Comtrade, comtradeapi.un.org"
KOR,Rep. of Korea,PRT,Portugal,2022,705325280,973176240,,267850960,37.98,,,"UN Comtrade, comtradeapi.un.org"
KOR,Rep. of Korea,NIC,Nicaragua,2022,79147849,133260832,,54112983,68.37,,,"UN Comtrade, comtradeapi.un.org"
KOR,Rep. of Korea,GTM,Guatemala,2022,322762989,469119821,,146356832,45.34,,,"UN Comtrade, comtradeapi.un.org"
S19,"Other Asia, nes",USA,USA,2022,74927091340,96075308469,91844599269,21148217129,28.23,16917507929,22.58,"UN Comtrade, comtradeapi.un.org"
S19,"Other Asia, nes",CHN,China,2022,120630124723,238091842710,,117461717987,97.37,,,"UN Comtrade, comtradeapi.un.org"
S19,"Other Asia, nes",MEX,Mexico,2022,4831820171,14947489033,14947489033,10115668862,209.36,10115668862,209.36,"UN Comtrade, comtradeapi.un.org"
S19,"Other Asia, nes",CAN,Canada,2022,3282722997,7265441266,7265441266,3982718269,121.32,3982718269,121.32,"UN Comtrade, comtradeapi.un.org"
S19,"Other Asia, nes",JPN,Japan,2022,33592413366,38637846911,,5045433545,15.02,,,"UN Comtrade, comtradeapi.un.org"
S19,"Other Asia, nes",DEU,Germany,2022,8795472528,18207950172,,9412477644,107.02,,,"UN Comtrade, comtradeapi.un.org"
S19,"Other Asia, nes",VNM,Viet Nam,2022,14490539281,22614989133,,8124449852,56.07,,,"UN Comtrade, comtradeapi.un.org"
S19,"Other Asia, nes",KOR,Rep. of Korea,2022,22095815623,28274593954,,6178778331,27.96,,,"UN Comtrade, comtradeapi.un.org"
S19,"Other Asia, nes",IND,India,2022,5317876323,7799305597,,2481429274,46.66,,,"UN Comtrade, comtradeapi.un.org"
S19,"Other Asia, nes",IRL,Ireland,2022,809770194,1384627945,,574857751,70.99,,,"UN Comtrade, comtradeapi.un.org"
S19,"Other Asia, nes",ITA,Italy,2022,2876886531,3613049040,,736162509,25.59,,,"UN Comtrade, comtradeapi.un.org"
S19,"Other Asia, nes",GBR,United Kingdom,2022,4039263787,6238088874,,2198825087,54.44,,,"UN Comtrade, comtradeapi.un.org"
S19,"Other Asia, nes",THA,Thailand,2022,7530727333,11825895396,,4295168063,57.04,,,"UN Comtrade, comtradeapi.un.org"
S19,"Other Asia, nes",CHE,Switzerland,2022,905198879,1846432261,,941233382,103.98,,,"UN Comtrade, comtradeapi.un.org"
S19,"Other Asia, nes",FRA,France,2022,1934920843,5593945095,,3659024252,189.1,,,"UN Comtrade, comtradeapi.un.org"
S19,"Other Asia, nes",MYS,Malaysia,2022,16995607320,24085747082,,7090139762,41.72,,,"UN Comtrade, comtradeapi.un.org"
S19,"Other Asia, nes",BRA,Brazil,2022,1390378046,2999750130,2806362911,1609372084,115.75,1415984865,101.84,"UN Comtrade, comtradeapi.un.org"
S19,"Other Asia, nes",IDN,Indonesia,2022,3198981155,4470868055,,1271886900,39.76,,,"UN Comtrade, comtradeapi.un.org"
S19,"Other Asia, nes",NLD,Netherlands,2022,8861415171,7484639610,,-1376775561,-15.54,,,"UN Comtrade, comtradeapi.un.org"
S19,"Other Asia, nes",SGP,Singapore,2022,29397688371,57545375904,,28147687533,95.75,,,"UN Comtrade, comtradeapi.un.org"
S19,"Other Asia, nes",BEL,Belgium,2022,2728828229,1922484254,,-806343975,-29.55,,,"UN Comtrade, comtradeapi.un.org"
S19,"Other Asia, nes",ESP,Spain,2022,1738891096,2577989791,,839098695,48.25,,,"UN Comtrade, comtradeapi.un.org"
S19,"Other Asia, nes",SAU,Saudi Arabia,2022,1045343761,1469436261,,424092500,40.57,,,"UN Comtrade, comtradeapi.un.org"
S19,"Other Asia, nes",ISR,Israel,2022,1119560019,1349940000,,230379981,20.58,,,"UN Comtrade, comtradeapi.un.org"
S19,"Other Asia, nes",TUR,Türkiye,2022,1569613534,2290515521,2121956475,720901987,45.93,552342941,35.19,"UN Comtrade, comtradeapi.un.org"
S19,"Other Asia, nes",COL,Colombia,2022,360449780,538512682,485480921,178062902,49.4,125031141,34.69,"UN Comtrade, comtradeapi.un.org"
S19,"Other Asia, nes",AUT,Austria,2022,589215353,1488644583,,899429230,152.65,,,"UN Comtrade, comtradeapi.un.org"
S19,"Other Asia, nes",SWE,Sweden,2022,786639834,1163813643,,377173809,47.95,,,"UN Comtrade, comtradeapi.un.org"
S19,"Other Asia, nes",PHL,Philippines,2022,7634620901,7093880315,6798632499,-540740586,-7.08,-835988402,-10.95,"UN Comtrade, comtradeapi.un.org"
S19,"Other Asia, nes",CHL,Chile,2022,241074261,337179809,305376171,96105548,39.87,64301910,26.67,"UN Comtrade, comtradeapi.un.org"
S19,"Other Asia, nes",AUS,Australia,2022,7538040427,7787829873,7349876611,249789446,3.31,-188163816,-2.5,"UN Comtrade, comtradeapi.un.org"
S19,"Other Asia, nes",ZAF,South Africa,2022,748931656,927017325,927017325,178085669,23.78,178085669,23.78,"UN Comtrade, comtradeapi.un.org"
S19,"Other Asia, nes",DNK,Denmark,2022,475022208,748207277,,273185069,57.51,,,"UN Comtrade, comtradeapi.un.org"
S19,"Other Asia, nes",KHM,Cambodia,2022,862264346,1036882311,,174617965,20.25,,,"UN Comtrade, comtradeapi.un.org"
S19,"Other Asia, nes",POL,Poland,2022,1286612870,2939251573,,1652638703,128.45,,,"UN Comtrade, comtradeapi.un.org"
S19,"Other Asia, nes",ECU,Ecuador,2022,175859240,287011183,,111151943,63.21,,,"UN Comtrade, comtradeapi.un.org"
S19,"Other Asia, nes",IRQ,Iraq,2022,457512120,1271049728,,813537608,177.82,,,"UN Comtrade, comtradeapi.un.org"
S19,"Other Asia, nes",PER,Peru,2022,268338678,449716829,,181378151,67.59,,,"UN Comtrade, comtradeapi.un.org"
S19,"Other Asia, nes",CRI,Costa Rica,2022,123234622,154610043,,31375421,25.46,,,"UN Comtrade, comtradeapi.un.org"
S19,"Other Asia, nes",FIN,Finland,2022,350596383,956803568,,606207185,172.91,,,"UN Comtrade, comtradeapi.un.org"
S19,"Other Asia, nes",HUN,Hungary,2022,759575113,1096242800,,336667687,44.32,,,"UN Comtrade, comtradeapi.un.org"
S19,"Other Asia, nes",CZE,Czechia,2022,682826878,1628893717,1554582251,946066839,138.55,871755373,127.67,"UN Comtrade, comtradeapi.un.org"
S19,"Other Asia, nes",ARE,United Arab Emirates,2022,1419001298,2041761581,,622760283,43.89,,,"UN Comtrade, comtradeapi.un.org"
S19,"Other Asia, nes",ARG,Argentina,2022,243156605,542598702,501878130,299442097,123.15,258721525,106.4,"UN Comtrade, comtradeapi.un.org"
S19,"Other Asia, nes",NOR,Norway,2022,248634397,719180381,,470545984,189.25,,,"UN Comtrade, comtradeapi.un.org"
S19,"Other Asia, nes",SVK,Slovakia,2022,165649405,764896500,744715888,599247095,361.76,579066483,349.57,"UN Comtrade, comtradeapi.un.org"
S19,"Other Asia, nes",PAK,Pakistan,2022,534571941,487650546,,-46921395,-8.78,,,"UN Comtrade, comtradeapi.un.org"
S19,"Other Asia, nes",PRT,Portugal,2022,604520304,714398957,,109878653,18.18,,,"UN Comtrade, comtradeapi.un.org"
S19,"Other Asia, nes",NIC,Nicaragua,2022,21598401,54859463,,33261062,154.0,,,"UN Comtrade, comtradeapi.un.org"
S19,"Other Asia, nes",GTM,Guatemala,2022,266736341,275492885,,8756544,3.28,,,"UN Comtrade, comtradeapi.un.org"
IND,India,USA,USA,2022,80230193280,90991853182,85670471578,10761659902,13.41,5440278298,6.78,"UN Comtrade, comtradeapi.un.org"
IND,India,CHN,China,2022,15084400601,17482816906,,2398416305,15.9,,,"UN Comtrade, comtradeapi.un.org"
IND,India,MEX,Mexico,2022,4938766066,7514144361,7514144361,2575378295,52.15,2575378295,52.15,"UN Comtrade, comtradeapi.un.org"
IND,India,CAN,Canada,2022,4251365825,6411486223,6411486223,2160120398,50.81,2160120398,50.81,"UN Comtrade, comtradeapi.un.org"
IND,India,JPN,Japan,2022,5699961762,6483174471,,783212709,13.74,,,"UN Comtrade, comtradeapi.un.org"
IND,India,DEU,Germany,2022,10441962733,16202786851,,5760824118,55.17,,,"UN Comtrade, comtradeapi.un.org"
IND,India,VNM,Viet Nam,2022,5880777704,7051213899,,1170436195,19.9,,,"UN Comtrade, comtradeapi.un.org"
IND,India,KOR,Rep. of Korea,2022,7497725946,8897100772,,1399374826,18.66,,,"UN Comtrade, comtradeapi.un.org"
IND,India,S19,"Other Asia, nes",2022,2722216671,3101896421,,379679750,13.95,,,"UN Comtrade, comtradeapi.un.org"
IND,India,IRL,Ireland,2022,605257318,1074517240,,469259922,77.53,,,"UN Comtrade, comtradeapi.un.org"
IND,India,ITA,Italy,2022,8508557819,10577925528,,2069367709,24.32,,,"UN Comtrade, comtradeapi.un.org"
IND,India,GBR,United Kingdom,2022,11235449519,14267305194,,3031855675,26.98,,,"UN Comtrade, comtradeapi.un.org"
IND,India,THA,Thailand,2022,6039394506,7175103759,,1135709253,18.81,,,"UN Comtrade, comtradeapi.un.org"
IND,India,CHE,Switzerland,2022,1340106917,2866523835,,1526416918,113.9,,,"UN Comtrade, comtradeapi.un.org"
IND,India,FRA,France,2022,8048229952,10635171467,,2586941515,32.14,,,"UN Comtrade, comtradeapi.un.org"
IND,India,MYS,Malaysia,2022,7190534565,7143256750,,-47277815,-0.66,,,"UN Comtrade, comtradeapi.un.org"
IND,India,BRA,Brazil,2022,9724341408,9602137318,8864536397,-122204090,-1.26,-859805011,-8.84,"UN Comtrade, comtradeapi.un.org"
IND,India,IDN,Indonesia,2022,9866613663,9330147621,,-536466042,-5.44,,,"UN Comtrade, comtradeapi.un.org"
IND,India,NLD,Netherlands,2022,18500438441,7195713792,,-11304724649,-61.11,,,"UN Comtrade, comtradeapi.un.org"
IND,India,SGP,Singapore,2022,11830795242,8460377978,,-3370417264,-28.49,,,"UN Comtrade, comtradeapi.un.org"
IND,India,BEL,Belgium,2022,9693644999,5723704329,,-3969940670,-40.95,,,"UN Comtrade, comtradeapi.un.org"
IND,India,ESP,Spain,2022,4796203274,5991265827,,1195062553,24.92,,,"UN Comtrade, comtradeapi.un.org"
IND,India,SAU,Saudi Arabia,2022,10152975979,10535847504,,382871525,3.77,,,"UN Comtrade, comtradeapi.un.org"
IND,India,ISR,Israel,2022,7589088609,2702914000,,-4886174609,-64.38,,,"UN Comtrade, comtradeapi.un.org"
IND,India,TUR,Türkiye,2022,10014499430,10697076768,9974003907,682577338,6.82,-40495523,-0.4,"UN Comtrade, comtradeapi.un.org"
IND,India,COL,Colombia,2022,1511154368,1720238370,1494704027,209084002,13.84,-16450341,-1.09,"UN Comtrade, comtradeapi.un.org"
IND,India,AUT,Austria,2022,1077168294,1642206761,,565038467,52.46,,,"UN Comtrade, comtradeapi.un.org"
IND,India,SWE,Sweden,2022,1011613829,1200622002,,189008173,18.68,,,"UN Comtrade, comtradeapi.un.org"
IND,India,PHL,Philippines,2022,2160845722,2243092516,2101102270,82246794,3.81,-59743452,-2.76,"UN Comtrade, comtradeapi.un.org"
IND,India,CHL,Chile,2022,1200408067,1462092214,1269783543,261684147,21.8,69375476,5.78,"UN Comtrade, comtradeapi.un.org"
IND,India,AUS,Australia,2022,8207843164,7261386337,6793142362,-946456827,-11.53,-1414700802,-17.24,"UN Comtrade, comtradeapi.un.org"
IND,India,ZAF,South Africa,2022,8265804013,8333645563,8333645563,67841550,0.82,67841550,0.82,"UN Comtrade, comtradeapi.un.org"
IND,India,DNK,Denmark,2022,946854607,1347208612,,400354005,42.28,,,"UN Comtrade, comtradeapi.un.org"
IND,India,KHM,Cambodia,2022,227354934,243372287,,16017353,7.05,,,"UN Comtrade, comtradeapi.un.org"
IND,India,POL,Poland,2022,2515258779,4139970386,,1624711607,64.59,,,"UN Comtrade, comtradeapi.un.org"
IND,India,ECU,Ecuador,2022,391394569,551425132,,160030563,40.89,,,"UN Comtrade, comtradeapi.un.org"
IND,India,IRQ,Iraq,2022,2455014881,516586187,,-1938428694,-78.96,,,"UN Comtrade, comtradeapi.un.org"
IND,India,PER,Peru,2022,865339772,1185684739,,320344967,37.02,,,"UN Comtrade, comtradeapi.un.org"
IND,India,CRI,Costa Rica,2022,179476997,233667156,,54190159,30.19,,,"UN Comtrade, comtradeapi.un.org"
IND,India,FIN,Finland,2022,466686328,658458176,,191771848,41.09,,,"UN Comtrade, comtradeapi.un.org"
IND,India,HUN,Hungary,2022,572715711,796189458,,223473747,39.02,,,"UN Comtrade, comtradeapi.un.org"
IND,India,CZE,Czechia,2022,1019787079,2091575814,2018621794,1071788735,105.1,998834715,97.95,"UN Comtrade, comtradeapi.un.org"
IND,India,ARE,United Arab Emirates,2022,31322727918,27277047441,,-4045680477,-12.92,,,"UN Comtrade, comtradeapi.un.org"
IND,India,ARG,Argentina,2022,1189195156,1849367233,1699535311,660172077,55.51,510340155,42.91,"UN Comtrade, comtradeapi.un.org"
IND,India,DOM,Dominican Rep.,2022,333358580,542464953,460059743,209106373,62.73,126701163,38.01,"UN Comtrade, comtradeapi.un.org"
IND,India,NOR,Norway,2022,473864653,1017084621,,543219968,114.64,,,"UN Comtrade, comtradeapi.un.org"
IND,India,SVK,Slovakia,2022,188017462,605966474,585978200,417949012,222.29,397960738,211.66,"UN Comtrade, comtradeapi.un.org"
IND,India,PAK,Pakistan,2022,629459874,276973066,,-352486808,-56.0,,,"UN Comtrade, comtradeapi.un.org"
IND,India,PRT,Portugal,2022,981545066,1256906526,,275361460,28.05,,,"UN Comtrade, comtradeapi.un.org"
IND,India,NIC,Nicaragua,2022,110351186,511066641,,400715455,363.13,,,"UN Comtrade, comtradeapi.un.org"
IND,India,GTM,Guatemala,2022,497964465,693204730,,195240265,39.21,,,"UN Comtrade, comtradeapi.un.org"
IRL,Ireland,USA,USA,2022,66570622076,82505715775,82034480970,15935093699,23.94,15463858894,23.23,"UN Comtrade, comtradeapi.un.org"
IRL,Ireland,CHN,China,2022,13920219069,18095927893,,4175708824,30.0,,,"UN Comtrade, comtradeapi.un.org"
IRL,Ireland,MEX,Mexico,2022,2331801435,2261366683,2261366683,-70434752,-3.02,-70434752,-3.02,"UN Comtrade, comtradeapi.un.org"
IRL,Ireland,CAN,Canada,2022,3566567305,3052186512,3052186512,-514380793,-14.42,-514380793,-14.42,"UN Comtrade, comtradeapi.un.org"
IRL,Ireland,JPN,Japan,2022,4413863867,6541181730,,2127317863,48.2,,,"UN Comtrade, comtradeapi.un.org"
IRL,Ireland,DEU,Germany,2022,26577652270,30304169170,,3726516900,14.02,,,"UN Comtrade, comtradeapi.un.org"
IRL,Ireland,VNM,Viet Nam,2022,167357351,3347217877,,3179860526,1900.04,,,"UN Comtrade, comtradeapi.un.org"
IRL,Ireland,KOR,Rep. of Korea,2022,949700801,1377224146,,427523345,45.02,,,"UN Comtrade, comtradeapi.un.org"
IRL,Ireland,S19,"Other Asia, nes",2022,531922616,825613192,,293690576,55.21,,,"UN Comtrade, comtradeapi.un.org"
IRL,Ireland,IND,India,2022,648714662,2495168180,,1846453518,284.63,,,"UN Comtrade, comtradeapi.un.org"
IRL,Ireland,ITA,Italy,2022,4790625216,6087842771,,1297217555,27.08,,,"UN Comtrade, comtradeapi.un.org"
IRL,Ireland,GBR,United Kingdom,2022,23369838234,18600405791,,-4769432443,-20.41,,,"UN Comtrade, comtradeapi.un.org"
IRL,Ireland,THA,Thailand,2022,249393198,386708960,,137315762,55.06,,,"UN Comtrade, comtradeapi.un.org"
IRL,Ireland,CHE,Switzerland,2022,3448968702,4211635098,,762666396,22.11,,,"UN Comtrade, comtradeapi.un.org"
IRL,Ireland,FRA,France,2022,7545819295,9564507333,,2018688038,26.75,,,"UN Comtrade, comtradeapi.un.org"
IRL,Ireland,MYS,Malaysia,2022,825384300,2975585425,,2150201125,260.51,,,"UN Comtrade, comtradeapi.un.org"
IRL,Ireland,BRA,Brazil,2022,441093349,800632748,779263878,359539399,81.51,338170529,76.67,"UN Comtrade, comtradeapi.un.org"
IRL,Ireland,IDN,Indonesia,2022,96752130,165119227,,68367097,70.66,,,"UN Comtrade, comtradeapi.un.org"
IRL,Ireland,NLD,Netherlands,2022,15100974625,11605320823,,-3495653802,-23.15,,,"UN Comtrade, comtradeapi.un.org"
IRL,Ireland,SGP,Singapore,2022,757414674,1072792811,,315378137,41.64,,,"UN Comtrade, comtradeapi.un.org"
IRL,Ireland,BEL,Belgium,2022,18537730625,17152298926,,-1385431699,-7.47,,,"UN Comtrade, comtradeapi.un.org"
IRL,Ireland,ESP,Spain,2022,2869832307,4053719686,,1183887379,41.25,,,"UN Comtrade, comtradeapi.un.org"
IRL,Ireland,SAU,Saudi Arabia,2022,900646158,1391125076,,490478918,54.46,,,"UN Comtrade, comtradeapi.un.org"
IRL,Ireland,ISR,Israel,2022,1104369560,1919885000,,815515440,73.84,,,"UN Comtrade, comtradeapi.un.org"
IRL,Ireland,TUR,Türkiye,2022,885769174,927276673,855178806,41507499,4.69,-30590368,-3.45,"UN Comtrade, comtradeapi.un.org"
IRL,Ireland,COL,Colombia,2022,158822816,256670481,248910686,97847665,61.61,90087870,56.72,"UN Comtrade, comtradeapi.un.org"
IRL,Ireland,AUT,Austria,2022,449390630,781385009,,331994379,73.88,,,"UN Comtrade, comtradeapi.un.org"
IRL,Ireland,SWE,Sweden,2022,1101712004,1874721310,,773009306,70.16,,,"UN Comtrade, comtradeapi.un.org"
IRL,Ireland,PHL,Philippines,2022,265000630,313416972,294299949,48416342,18.27,29299319,11.06,"UN Comtrade, comtradeapi.un.org"
IRL,Ireland,CHL,Chile,2022,117079040,208014012,199105719,90934972,77.67,82026679,70.06,"UN Comtrade, comtradeapi.un.org"
IRL,Ireland,AUS,Australia,2022,1651476667,2056041257,1995039407,404564590,24.5,343562740,20.8,"UN Comtrade, comtradeapi.un.org"
IRL,Ireland,ZAF,South Africa,2022,452572244,472932219,472932219,20359975,4.5,20359975,4.5,"UN Comtrade, comtradeapi.un.org"
IRL,Ireland,DNK,Denmark,2022,611460711,821534582,,210073871,34.36,,,"UN Comtrade, comtradeapi.un.org"
IRL,Ireland,KHM,Cambodia,2022,5640157,10564881,,4924724,87.32,,,"UN Comtrade, comtradeapi.un.org"
IRL,Ireland,POL,Poland,2022,1568743424,1838486775,,269743351,17.19,,,"UN Comtrade, comtradeapi.un.org"
IRL,Ireland,ECU,Ecuador,2022,10642301,26796027,,16153726,151.79,,,"UN Comtrade, comtradeapi.un.org"
IRL,Ireland,IRQ,Iraq,2022,160409256,16143416,,-144265840,-89.94,,,"UN Comtrade, comtradeapi.un.org"
IRL,Ireland,PER,Peru,2022,44850751,77903198,,33052447,73.69,,,"UN Comtrade, comtradeapi.un.org"
IRL,Ireland,CRI,Costa Rica,2022,67313500,92650021,,25336521,37.64,,,"UN Comtrade, comtradeapi.un.org"
IRL,Ireland,FIN,Finland,2022,336620936,671576627,,334955691,99.51,,,"UN Comtrade, comtradeapi.un.org"
IRL,Ireland,HUN,Hungary,2022,463182690,794436461,,331253771,71.52,,,"UN Comtrade, comtradeapi.un.org"
IRL,Ireland,CZE,Czechia,2022,1568618653,969971691,912541080,-598646962,-38.16,-656077573,-41.83,"UN Comtrade, comtradeapi.un.org"
IRL,Ireland,ARE,United Arab Emirates,2022,677959832,839502344,,161542512,23.83,,,"UN Comtrade, comtradeapi.un.org"
IRL,Ireland,ARG,Argentina,2022,137660533,379304866,370226087,241644333,175.54,232565554,168.94,"UN Comtrade, comtradeapi.un.org"
IRL,Ireland,DOM,Dominican Rep.,2022,26419165,35020111,33455094,8600946,32.56,7035929,26.63,"UN Comtrade, comtradeapi.un.org"
IRL,Ireland,NOR,Norway,2022,418459239,569388944,,150929705,36.07,,,"UN Comtrade, comtradeapi.un.org"
IRL,Ireland,SVK,Slovakia,2022,123577857,354557649,352502766,230979792,186.91,228924909,185.25,"UN Comtrade, comtradeapi.un.org"
IRL,Ireland,PAK,Pakistan,2022,31982207,115204112,,83221905,260.21,,,"UN Comtrade, comtradeapi.un.org"
IRL,Ireland,PRT,Portugal,2022,664525411,897401226,,232875815,35.04,,,"UN Comtrade, comtradeapi.un.org"
IRL,Ireland,NIC,Nicaragua,2022,648750,4879427,,4230677,652.13,,,"UN Comtrade, comtradeapi.un.org"
IRL,Ireland,GTM,Guatemala,2022,17700740,58537244,,40836504,230.71,,,"UN Comtrade, comtradeapi.un.org"
ITA,Italy,USA,USA,2022,68540909917,71874907421,69124723588,3333997504,4.86,583813671,0.85,"UN Comtrade, comtradeapi.un.org"
ITA,Italy,CHN,China,2022,17290636328,26976233352,,9685597024,56.02,,,"UN Comtrade, comtradeapi.un.org"
ITA,Italy,MEX,Mexico,2022,5849682831,7775306574,7775306574,1925623743,32.92,1925623743,32.92,"UN Comtrade, comtradeapi.un.org"
ITA,Italy,CAN,Canada,2022,6709603870,9320158796,9320158796,2610554926,38.91,2610554926,38.91,"UN Comtrade, comtradeapi.un.org"
ITA,Italy,JPN,Japan,2022,8505420196,11731739831,,3226319635,37.93,,,"UN Comtrade, comtradeapi.un.org"
ITA,Italy,DEU,Germany,2022,81571157112,77554062072,,-4017095040,-4.92,,,"UN Comtrade, comtradeapi.un.org"
ITA,Italy,VNM,Viet Nam,2022,1429745129,1761320033,,331574904,23.19,,,"UN Comtrade, comtradeapi.un.org"
ITA,Italy,KOR,Rep. of Korea,2022,7437219586,8356285310,,919065724,12.36,,,"UN Comtrade, comtradeapi.un.org"
ITA,Italy,S19,"Other Asia, nes",2022,2660755376,3339367990,,678612614,25.5,,,"UN Comtrade, comtradeapi.un.org"
ITA,Italy,IND,India,2022,5067490978,5528811682,,461320704,9.1,,,"UN Comtrade, comtradeapi.un.org"
ITA,Italy,IRL,Ireland,2022,3049408566,2487918152,,-561490414,-18.41,,,"UN Comtrade, comtradeapi.un.org"
ITA,Italy,GBR,United Kingdom,2022,28711943327,30076137299,,1364193972,4.75,,,"UN Comtrade, comtradeapi.un.org"
ITA,Italy,THA,Thailand,2022,1943938213,2851704423,,907766210,46.7,,,"UN Comtrade, comtradeapi.un.org"
ITA,Italy,CHE,Switzerland,2022,32731434767,24809280518,,-7922154249,-24.2,,,"UN Comtrade, comtradeapi.un.org"
ITA,Italy,FRA,France,2022,66457286912,57116888508,,-9340398404,-14.05,,,"UN Comtrade, comtradeapi.un.org"
ITA,Italy,MYS,Malaysia,2022,1605205698,2256598772,,651393074,40.58,,,"UN Comtrade, comtradeapi.un.org"
ITA,Italy,BRA,Brazil,2022,5362522594,5873159753,5568438138,510637159,9.52,205915544,3.84,"UN Comtrade, comtradeapi.un.org"
ITA,Italy,IDN,Indonesia,2022,1115653565,1489598655,,373945090,33.52,,,"UN Comtrade, comtradeapi.un.org"
ITA,Italy,NLD,Netherlands,2022,19546382865,17466521287,,-2079861578,-10.64,,,"UN Comtrade, comtradeapi.un.org"
ITA,Italy,SGP,Singapore,2022,2560558093,5076431189,,2515873096,98.25,,,"UN Comtrade, comtradeapi.un.org"
ITA,Italy,BEL,Belgium,2022,24111062534,20745853124,,-3365209410,-13.96,,,"UN Comtrade, comtradeapi.un.org"
ITA,Italy,ESP,Spain,2022,34007848051,29353706794,,-4654141257,-13.69,,,"UN Comtrade, comtradeapi.un.org"
ITA,Italy,SAU,Saudi Arabia,2022,4302841757,5181639355,,878797598,20.42,,,"UN Comtrade, comtradeapi.un.org"
ITA,Italy,ISR,Israel,2022,3733585087,3471584000,,-262001087,-7.02,,,"UN Comtrade, comtradeapi.un.org"
ITA,Italy,TUR,Türkiye,2022,14117539578,14082251867,13294573461,-35287711,-0.25,-822966117,-5.83,"UN Comtrade, comtradeapi.un.org"
ITA,Italy,COL,Colombia,2022,989826793,1235441952,1129033855,245615159,24.81,139207062,14.06,"UN Comtrade, comtradeapi.un.org"
ITA,Italy,AUT,Austria,2022,15251459646,13779772193,,-1471687453,-9.65,,,"UN Comtrade, comtradeapi.un.org"
ITA,Italy,SWE,Sweden,2022,6725216877,6550390146,,-174826731,-2.6,,,"UN Comtrade, comtradeapi.un.org"
ITA,Italy,PHL,Philippines,2022,859696892,1051435913,973570697,191739021,22.3,113873805,13.25,"UN Comtrade, comtradeapi.un.org"
ITA,Italy,CHL,Chile,2022,1276641458,1496264410,1359313644,219622952,17.2,82672186,6.48,"UN Comtrade, comtradeapi.un.org"
ITA,Italy,AUS,Australia,2022,5532065442,6813316530,6270962539,1281251088,23.16,738897097,13.36,"UN Comtrade, comtradeapi.un.org"
ITA,Italy,ZAF,South Africa,2022,2500787686,2464916391,2464916391,-35871295,-1.43,-35871295,-1.43,"UN Comtrade, comtradeapi.un.org"
ITA,Italy,DNK,Denmark,2022,4382156463,4130835670,,-251320793,-5.74,,,"UN Comtrade, comtradeapi.un.org"
ITA,Italy,KHM,Cambodia,2022,130960958,112114722,,-18846236,-14.39,,,"UN Comtrade, comtradeapi.un.org"
ITA,Italy,POL,Poland,2022,20534171759,18168910682,,-2365261077,-11.52,,,"UN Comtrade, comtradeapi.un.org"
ITA,Italy,ECU,Ecuador,2022,516371270,785574954,,269203684,52.13,,,"UN Comtrade, comtradeapi.un.org"
ITA,Italy,IRQ,Iraq,2022,806586691,182424358,,-624162333,-77.38,,,"UN Comtrade, comtradeapi.un.org"
ITA,Italy,PER,Peru,2022,628428631,779578440,,151149809,24.05,,,"UN Comtrade, comtradeapi.un.org"
ITA,Italy,CRI,Costa Rica,2022,244895140,231479553,,-13415587,-5.48,,,"UN Comtrade, comtradeapi.un.org"
ITA,Italy,FIN,Finland,2022,2454052597,2476223713,,22171116,0.9,,,"UN Comtrade, comtradeapi.un.org"
ITA,Italy,HUN,Hungary,2022,6719823572,6510935085,,-208888487,-3.11,,,"UN Comtrade, comtradeapi.un.org"
ITA,Italy,CZE,Czechia,2022,8948964107,9089867821,8630386750,140903714,1.57,-318577357,-3.56,"UN Comtrade, comtradeapi.un.org"
ITA,Italy,ARE,United Arab Emirates,2022,6332824981,8675483964,,2342658983,36.99,,,"UN Comtrade, comtradeapi.un.org"
ITA,Italy,ARG,Argentina,2022,1465566935,1677924558,1592344997,212357623,14.49,126778062,8.65,"UN Comtrade, comtradeapi.un.org"
ITA,Italy,DOM,Dominican Rep.,2022,625282618,594380698,538198014,-30901920,-4.94,-87084604,-13.93,"UN Comtrade, comtradeapi.un.org"
ITA,Italy,NOR,Norway,2022,2122284250,2777207571,,654923321,30.86,,,"UN Comtrade, comtradeapi.un.org"
ITA,Italy,SVK,Slovakia,2022,4179170487,3598638502,3495643484,-580531985,-13.89,-683527003,-16.36,"UN Comtrade, comtradeapi.un.org"
ITA,Italy,PAK,Pakistan,2022,722419001,494067252,,-228351749,-31.61,,,"UN Comtrade, comtradeapi.un.org"
ITA,Italy,PRT,Portugal,2022,6060769446,5600330691,,-460438755,-7.6,,,"UN Comtrade, comtradeapi.un.org"
ITA,Italy,NIC,Nicaragua,2022,23684154,41183967,,17499813,73.89,,,"UN Comtrade, comtradeapi.un.org"
ITA,Italy,GTM,Guatemala,2022,198957402,326511519,,127554117,64.11,,,"UN Comtrade, comtradeapi.un.org"
GBR,United Kingdom,USA,USA,2022,63980870678,64745551328,63357944124,764680650,1.2,-622926554,-0.97,"UN Comtrade, comtradeapi.un.org"
GBR,United Kingdom,CHN,China,2022,35211674141,21822456855,,-13389217286,-38.02,,,"UN Comtrade, comtradeapi.un.org"
GBR,United Kingdom,MEX,Mexico,2022,1628604274,2440356342,2440356342,811752068,49.84,811752068,49.84,"UN Comtrade, comtradeapi.un.org"
GBR,United Kingdom,CAN,Canada,2022,7478290906,6649031168,6649031168,-829259738,-11.09,-829259738,-11.09,"UN Comtrade, comtradeapi.un.org"
GBR,United Kingdom,JPN,Japan,2022,7146129169,6859495307,,-286633862,-4.01,,,"UN Comtrade, comtradeapi.un.org"
GBR,United Kingdom,DEU,Germany,2022,40976110752,42423395281,,1447284529,3.53,,,"UN Comtrade, comtradeapi.un.org"
GBR,United Kingdom,VNM,Viet Nam,2022,871940578,770244124,,-101696454,-11.66,,,"UN Comtrade, comtradeapi.un.org"
GBR,United Kingdom,KOR,Rep. of Korea,2022,6053736935,5774892373,,-278844562,-4.61,,,"UN Comtrade, comtradeapi.un.org"
GBR,United Kingdom,S19,"Other Asia, nes",2022,2025603002,2579788480,,554185478,27.36,,,"UN Comtrade, comtradeapi.un.org"
GBR,United Kingdom,IND,India,2022,10038796688,9622330432,,-416466256,-4.15,,,"UN Comtrade, comtradeapi.un.org"
GBR,United Kingdom,IRL,Ireland,2022,31491610469,30958878704,,-532731765,-1.69,,,"UN Comtrade, comtradeapi.un.org"
GBR,United Kingdom,ITA,Italy,2022,11207464313,8644301328,,-2563162985,-22.87,,,"UN Comtrade, comtradeapi.un.org"
GBR,United Kingdom,THA,Thailand,2022,2127075480,2154154077,,27078597,1.27,,,"UN Comtrade, comtradeapi.un.org"
GBR,United Kingdom,CHE,Switzerland,2022,34754974415,8158569633,,-26596404782,-76.53,,,"UN Comtrade, comtradeapi.un.org"
GBR,United Kingdom,FRA,France,2022,30413976576,30883250217,,469273641,1.54,,,"UN Comtrade, comtradeapi.un.org"
GBR,United Kingdom,MYS,Malaysia,2022,2120597430,1884132157,,-236465273,-11.15,,,"UN Comtrade, comtradeapi.un.org"
GBR,United Kingdom,BRA,Brazil,2022,3085823327,2948111788,2785354804,-137711539,-4.46,-300468523,-9.74,"UN Comtrade, comtradeapi.un.org"
GBR,United Kingdom,IDN,Indonesia,2022,871547880,1040104110,,168556230,19.34,,,"UN Comtrade, comtradeapi.un.org"
GBR,United Kingdom,NLD,Netherlands,2022,43898745547,43727836600,,-170908947,-0.39,,,"UN Comtrade, comtradeapi.un.org"
GBR,United Kingdom,SGP,Singapore,2022,7802125490,7915768670,,113643180,1.46,,,"UN Comtrade, comtradeapi.un.org"
GBR,United Kingdom,BEL,Belgium,2022,34769810841,29432763931,,-5337046910,-15.35,,,"UN Comtrade, comtradeapi.un.org"
GBR,United Kingdom,ESP,Spain,2022,11911267101,11793717423,,-117549678,-0.99,,,"UN Comtrade, comtradeapi.un.org"
GBR,United Kingdom,SAU,Saudi Arabia,2022,4430083551,4151486544,,-278597007,-6.29,,,"UN Comtrade, comtradeapi.un.org"
GBR,United Kingdom,ISR,Israel,2022,2077870646,3187008000,,1109137354,53.38,,,"UN Comtrade, comtradeapi.un.org"
GBR,United Kingdom,TUR,Türkiye,2022,7909496386,5904555654,5556691162,-2004940732,-25.35,-2352805224,-29.75,"UN Comtrade, comtradeapi.un.org"
GBR,United Kingdom,COL,Colombia,2022,756773255,888501543,844222006,131728288,17.41,87448751,11.56,"UN Comtrade, comtradeapi.un.org"
GBR,United Kingdom,AUT,Austria,2022,3062619431,3675141670,,612522239,20.0,,,"UN Comtrade, comtradeapi.un.org"
GBR,United Kingdom,SWE,Sweden,2022,7047366816,7478415607,,431048791,6.12,,,"UN Comtrade, comtradeapi.un.org"
GBR,United Kingdom,PHL,Philippines,2022,759700413,829626135,784416334,69925722,9.2,24715921,3.25,"UN Comtrade, comtradeapi.un.org"
GBR,United Kingdom,CHL,Chile,2022,563141943,615876227,563880101,52734284,9.36,738158,0.13,"UN Comtrade, comtradeapi.un.org"
GBR,United Kingdom,AUS,Australia,2022,5396657977,5478605606,5135325763,81947629,1.52,-261332214,-4.84,"UN Comtrade, comtradeapi.un.org"
GBR,United Kingdom,ZAF,South Africa,2022,2074114243,1813641013,1813641013,-260473230,-12.56,-260473230,-12.56,"UN Comtrade, comtradeapi.un.org"
GBR,United Kingdom,DNK,Denmark,2022,3532100202,3146679785,,-385420417,-10.91,,,"UN Comtrade, comtradeapi.un.org"
GBR,United Kingdom,KHM,Cambodia,2022,82299249,91015534,,8716285,10.59,,,"UN Comtrade, comtradeapi.un.org"
GBR,United Kingdom,POL,Poland,2022,7385908561,6781267719,,-604640842,-8.19,,,"UN Comtrade, comtradeapi.un.org"
GBR,United Kingdom,ECU,Ecuador,2022,105145627,141215357,,36069730,34.3,,,"UN Comtrade, comtradeapi.un.org"
GBR,United Kingdom,IRQ,Iraq,2022,512713465,401962113,,-110751352,-21.6,,,"UN Comtrade, comtradeapi.un.org"
GBR,United Kingdom,PER,Peru,2022,306781165,253675907,,-53105258,-17.31,,,"UN Comtrade, comtradeapi.un.org"
GBR,United Kingdom,CRI,Costa Rica,2022,95318075,122969618,,27651543,29.01,,,"UN Comtrade, comtradeapi.un.org"
GBR,United Kingdom,FIN,Finland,2022,1782964227,2268639328,,485675101,27.24,,,"UN Comtrade, comtradeapi.un.org"
GBR,United Kingdom,HUN,Hungary,2022,1483594628,1373521714,,-110072914,-7.42,,,"UN Comtrade, comtradeapi.un.org"
GBR,United Kingdom,CZE,Czechia,2022,2582607171,3652614943,3471124698,1070007772,41.43,888517527,34.4,"UN Comtrade, comtradeapi.un.org"
GBR,United Kingdom,ARE,United Arab Emirates,2022,12251358810,7724006281,,-4527352529,-36.95,,,"UN Comtrade, comtradeapi.un.org"
GBR,United Kingdom,ARG,Argentina,2022,636978297,651910067,623114639,14931770,2.34,-13863658,-2.18,"UN Comtrade, comtradeapi.un.org"
GBR,United Kingdom,DOM,Dominican Rep.,2022,369376451,268650050,244586947,-100726401,-27.27,-124789504,-33.78,"UN Comtrade, comtradeapi.un.org"
GBR,United Kingdom,NOR,Norway,2022,4306714166,4450906552,,144192386,3.35,,,"UN Comtrade, comtradeapi.un.org"
GBR,United Kingdom,SVK,Slovakia,2022,1386241320,1436237418,1404816714,49996098,3.61,18575394,1.34,"UN Comtrade, comtradeapi.un.org"
GBR,United Kingdom,PAK,Pakistan,2022,748654427,706705116,,-41949311,-5.6,,,"UN Comtrade, comtradeapi.un.org"
GBR,United Kingdom,PRT,Portugal,2022,1564093637,1230973959,,-333119678,-21.3,,,"UN Comtrade, comtradeapi.un.org"
GBR,United Kingdom,NIC,Nicaragua,2022,193901415,12189418,,-181711997,-93.71,,,"UN Comtrade, comtradeapi.un.org"
GBR,United Kingdom,GTM,Guatemala,2022,70920562,123359994,,52439432,73.94,,,"UN Comtrade, comtradeapi.un.org"
THA,Thailand,USA,USA,2022,47642137632,63012027525,58735815764,15369889893,32.26,11093678132,23.29,"UN Comtrade, comtradeapi.un.org"
THA,Thailand,CHN,China,2022,34430098705,56517648875,,22087550170,64.15,,,"UN Comtrade, comtradeapi.un.org"
THA,Thailand,MEX,Mexico,2022,3244891541,7960925339,7960925339,4716033798,145.34,4716033798,145.34,"UN Comtrade, comtradeapi.un.org"
THA,Thailand,CAN,Canada,2022,2116968850,3999904742,3999904742,1882935892,88.94,1882935892,88.94,"UN Comtrade, comtradeapi.un.org"
THA,Thailand,JPN,Japan,2022,24656389101,26616900810,,1960511709,7.95,,,"UN Comtrade, comtradeapi.un.org"
THA,Thailand,DEU,Germany,2022,4781865244,9324328940,,4542463696,94.99,,,"UN Comtrade, comtradeapi.un.org"
THA,Thailand,VNM,Viet Nam,2022,13257957083,14080628204,,822671121,6.21,,,"UN Comtrade, comtradeapi.un.org"
THA,Thailand,KOR,Rep. of Korea,2022,6405272792,7876692267,,1471419475,22.97,,,"UN Comtrade, comtradeapi.un.org"
THA,Thailand,S19,"Other Asia, nes",2022,4718860731,6253060818,,1534200087,32.51,,,"UN Comtrade, comtradeapi.un.org"
THA,Thailand,IND,India,2022,10532905697,11250487388,,717581691,6.81,,,"UN Comtrade, comtradeapi.un.org"
THA,Thailand,IRL,Ireland,2022,556997997,864539203,,307541206,55.21,,,"UN Comtrade, comtradeapi.un.org"
THA,Thailand,ITA,Italy,2022,2047578185,2543951422,,496373237,24.24,,,"UN Comtrade, comtradeapi.un.org"
THA,Thailand,GBR,United Kingdom,2022,4036055717,5126077694,,1090021977,27.01,,,"UN Comtrade, comtradeapi.un.org"
THA,Thailand,CHE,Switzerland,2022,3455388440,3779064800,,323676360,9.37,,,"UN Comtrade, comtradeapi.un.org"
THA,Thailand,FRA,France,2022,2161545728,4169284441,,2007738713,92.88,,,"UN Comtrade, comtradeapi.un.org"
THA,Thailand,MYS,Malaysia,2022,12672147738,12764359546,,92211808,0.73,,,"UN Comtrade, comtradeapi.un.org"
THA,Thailand,BRA,Brazil,2022,1887925495,2462651227,2178145543,574725732,30.44,290220048,15.37,"UN Comtrade, comtradeapi.un.org"
THA,Thailand,IDN,Indonesia,2022,10339863186,10991433255,,651570069,6.3,,,"UN Comtrade, comtradeapi.un.org"
THA,Thailand,NLD,Netherlands,2022,5717425631,4198552559,,-1518873072,-26.57,,,"UN Comtrade, comtradeapi.un.org"
THA,Thailand,SGP,Singapore,2022,10279791283,13060615847,,2780824564,27.05,,,"UN Comtrade, comtradeapi.un.org"
THA,Thailand,BEL,Belgium,2022,2168544186,1146366959,,-1022177227,-47.14,,,"UN Comtrade, comtradeapi.un.org"
THA,Thailand,ESP,Spain,2022,872811177,1703062480,,830251303,95.12,,,"UN Comtrade, comtradeapi.un.org"
THA,Thailand,SAU,Saudi Arabia,2022,2063315765,2895451874,,832136109,40.33,,,"UN Comtrade, comtradeapi.un.org"
THA,Thailand,ISR,Israel,2022,850166517,603139000,,-247027517,-29.06,,,"UN Comtrade, comtradeapi.un.org"
THA,Thailand,TUR,Türkiye,2022,1423369305,1933587471,1763516356,510218166,35.85,340147051,23.9,"UN Comtrade, comtradeapi.un.org"
THA,Thailand,COL,Colombia,2022,289342767,476975839,420996433,187633072,64.85,131653666,45.5,"UN Comtrade, comtradeapi.un.org"
THA,Thailand,AUT,Austria,2022,256387561,928605959,,672218398,262.19,,,"UN Comtrade, comtradeapi.un.org"
THA,Thailand,SWE,Sweden,2022,501170335,619177498,,118007163,23.55,,,"UN Comtrade, comtradeapi.un.org"
THA,Thailand,PHL,Philippines,2022,7440898930,7656411913,7332596882,215512983,2.9,-108302048,-1.46,"UN Comtrade, comtradeapi.un.org"
THA,Thailand,CHL,Chile,2022,530857309,852210411,749839234,321353102,60.53,218981925,41.25,"UN Comtrade, comtradeapi.un.org"
THA,Thailand,AUS,Australia,2022,11187272731,12602110550,11786522546,1414837819,12.65,599249815,5.36,"UN Comtrade, comtradeapi.un.org"
THA,Thailand,ZAF,South Africa,2022,2822714990,3075445222,3075445222,252730232,8.95,252730232,8.95,"UN Comtrade, comtradeapi.un.org"
THA,Thailand,DNK,Denmark,2022,402137624,474451017,,72313393,17.98,,,"UN Comtrade, comtradeapi.un.org"
THA,Thailand,KHM,Cambodia,2022,8664488003,3832502974,,-4831985029,-55.77,,,"UN Comtrade, comtradeapi.un.org"
THA,Thailand,POL,Poland,2022,595362155,1399026369,,803664214,134.99,,,"UN Comtrade, comtradeapi.un.org"
THA,Thailand,ECU,Ecuador,2022,266776816,370102910,,103326094,38.73,,,"UN Comtrade, comtradeapi.un.org"
THA,Thailand,IRQ,Iraq,2022,1017020137,538335817,,-478684320,-47.07,,,"UN Comtrade, comtradeapi.un.org"
THA,Thailand,PER,Peru,2022,312177757,500180184,,188002427,60.22,,,"UN Comtrade, comtradeapi.un.org"
THA,Thailand,CRI,Costa Rica,2022,152585451,152306481,,-278970,-0.18,,,"UN Comtrade, comtradeapi.un.org"
THA,Thailand,FIN,Finland,2022,225107476,506444971,,281337495,124.98,,,"UN Comtrade, comtradeapi.un.org"
THA,Thailand,HUN,Hungary,2022,534352968,552905229,,18552261,3.47,,,"UN Comtrade, comtradeapi.un.org"
THA,Thailand,CZE,Czechia,2022,796727386,1688009357,1601397539,891281971,111.87,804670153,101.0,"UN Comtrade, comtradeapi.un.org"
THA,Thailand,ARE,United Arab Emirates,2022,3444352378,4907427248,,1463074870,42.48,,,"UN Comtrade, comtradeapi.un.org"
THA,Thailand,ARG,Argentina,2022,1488618002,1813189735,1690713516,324571733,21.8,202095514,13.58,"UN Comtrade, comtradeapi.un.org"
THA,Thailand,DOM,Dominican Rep.,2022,90476557,114596524,97452305,24119967,26.66,6975748,7.71,"UN Comtrade, comtradeapi.un.org"
THA,Thailand,NOR,Norway,2022,287829275,546187068,,258357793,89.76,,,"UN Comtrade, comtradeapi.un.org"
THA,Thailand,SVK,Slovakia,2022,200111554,438973752,421747507,238862198,119.36,221635953,110.76,"UN Comtrade, comtradeapi.un.org"
THA,Thailand,PAK,Pakistan,2022,1276505557,1433995352,,157489795,12.34,,,"UN Comtrade, comtradeapi.un.org"
THA,Thailand,PRT,Portugal,2022,194241874,251955888,,57714014,29.71,,,"UN Comtrade, comtradeapi.un.org"
THA,Thailand,NIC,Nicaragua,2022,29125023,55596217,,26471194,90.89,,,"UN Comtrade, comtradeapi.un.org"
THA,Thailand,GTM,Guatemala,2022,141925237,222793320,,80868083,56.98,,,"UN Comtrade, comtradeapi.un.org"
CHE,Switzerland,USA,USA,2022,65062720958,60136429976,59629857223,-4926290982,-7.57,-5432863735,-8.35,"UN Comtrade, comtradeapi.un.org"
CHE,Switzerland,CHN,China,2022,44102145774,49907977086,,5805831312,13.16,,,"UN Comtrade, comtradeapi.un.org"
CHE,Switzerland,MEX,Mexico,2022,1701194334,1973044015,1973044015,271849681,15.98,271849681,15.98,"UN Comtrade, comtradeapi.un.org"
CHE,Switzerland,CAN,Canada,2022,4290650945,5660806842,5660806842,1370155897,31.93,1370155897,31.93,"UN Comtrade, comtradeapi.un.org"
CHE,Switzerland,JPN,Japan,2022,9819597352,7900726396,,-1918870956,-19.54,,,"UN Comtrade, comtradeapi.un.org"
CHE,Switzerland,DEU,Germany,2022,53295805188,61344587857,,8048782669,15.1,,,"UN Comtrade, comtradeapi.un.org"
CHE,Switzerland,VNM,Viet Nam,2022,503596664,636556938,,132960274,26.4,,,"UN Comtrade, comtradeapi.un.org"
CHE,Switzerland,KOR,Rep. of Korea,2022,3776838288,3265886107,,-510952181,-13.53,,,"UN Comtrade, comtradeapi.un.org"
CHE,Switzerland,S19,"Other Asia, nes",2022,2647376338,2434408278,,-212968060,-8.04,,,"UN Comtrade, comtradeapi.un.org"
CHE,Switzerland,IND,India,2022,14976061789,16302711023,,1326649234,8.86,,,"UN Comtrade, comtradeapi.un.org"
CHE,Switzerland,IRL,Ireland,2022,1400105778,6743801104,,5343695326,381.66,,,"UN Comtrade, comtradeapi.un.org"
CHE,Switzerland,ITA,Italy,2022,25111040311,19425616249,,-5685424062,-22.64,,,"UN Comtrade, comtradeapi.un.org"
CHE,Switzerland,GBR,United Kingdom,2022,13301147688,14133461926,,832314238,6.26,,,"UN Comtrade, comtradeapi.un.org"
CHE,Switzerland,THA,Thailand,2022,6425708797,7071111640,,645402843,10.04,,,"UN Comtrade, comtradeapi.un.org"
CHE,Switzerland,FRA,France,2022,21008320933,19870342003,,-1137978930,-5.42,,,"UN Comtrade, comtradeapi.un.org"
CHE,Switzerland,MYS,Malaysia,2022,1440642960,1807282412,,366639452,25.45,,,"UN Comtrade, comtradeapi.un.org"
CHE,Switzerland,BRA,Brazil,2022,2520391611,2537804142,2475512880,17412531,0.69,-44878731,-1.78,"UN Comtrade, comtradeapi.un.org"
CHE,Switzerland,IDN,Indonesia,2022,429523307,870329669,,440806362,102.63,,,"UN Comtrade, comtradeapi.un.org"
CHE,Switzerland,NLD,Netherlands,2022,7193137939,4493395143,,-2699742796,-37.53,,,"UN Comtrade, comtradeapi.un.org"
CHE,Switzerland,SGP,Singapore,2022,10336940949,11236666804,,899725855,8.7,,,"UN Comtrade, comtradeapi.un.org"
CHE,Switzerland,BEL,Belgium,2022,5029708104,8711737698,,3682029594,73.21,,,"UN Comtrade, comtradeapi.un.org"
CHE,Switzerland,ESP,Spain,2022,10636472027,7113241222,,-3523230805,-33.12,,,"UN Comtrade, comtradeapi.un.org"
CHE,Switzerland,SAU,Saudi Arabia,2022,5035009146,4729769392,,-305239754,-6.06,,,"UN Comtrade, comtradeapi.un.org"
CHE,Switzerland,ISR,Israel,2022,1294507907,6089417000,,4794909093,370.4,,,"UN Comtrade, comtradeapi.un.org"
CHE,Switzerland,TUR,Türkiye,2022,12765049482,15343324306,15045656835,2578274824,20.2,2280607353,17.87,"UN Comtrade, comtradeapi.un.org"
CHE,Switzerland,COL,Colombia,2022,593138578,402612598,388391083,-190525980,-32.12,-204747495,-34.52,"UN Comtrade, comtradeapi.un.org"
CHE,Switzerland,AUT,Austria,2022,10798891857,10846993180,,48101323,0.45,,,"UN Comtrade, comtradeapi.un.org"
CHE,Switzerland,SWE,Sweden,2022,1897631864,1300055459,,-597576405,-31.49,,,"UN Comtrade, comtradeapi.un.org"
CHE,Switzerland,PHL,Philippines,2022,358518134,351096388,335212207,-7421746,-2.07,-23305927,-6.5,"UN Comtrade, comtradeapi.un.org"
CHE,Switzerland,CHL,Chile,2022,370372273,351186393,334499132,-19185880,-5.18,-35873141,-9.69,"UN Comtrade, comtradeapi.un.org"
CHE,Switzerland,AUS,Australia,2022,2705606102,2823492160,2746547017,117886058,4.36,40940915,1.51,"UN Comtrade, comtradeapi.un.org"
CHE,Switzerland,ZAF,South Africa,2022,647039682,650531411,650531411,3491729,0.54,3491729,0.54,"UN Comtrade, comtradeapi.un.org"
CHE,Switzerland,DNK,Denmark,2022,1236596035,803552384,,-433043651,-35.02,,,"UN Comtrade, comtradeapi.un.org"
CHE,Switzerland,KHM,Cambodia,2022,10699189,1435799571,,1425100382,13319.7,,,"UN Comtrade, comtradeapi.un.org"
CHE,Switzerland,POL,Poland,2022,3079808360,2481801308,,-598007052,-19.42,,,"UN Comtrade, comtradeapi.un.org"
CHE,Switzerland,ECU,Ecuador,2022,120707725,111590649,,-9117076,-7.55,,,"UN Comtrade, comtradeapi.un.org"
CHE,Switzerland,IRQ,Iraq,2022,170632500,46503286,,-124129214,-72.75,,,"UN Comtrade, comtradeapi.un.org"
CHE,Switzerland,PER,Peru,2022,137822363,153641327,,15818964,11.48,,,"UN Comtrade, comtradeapi.un.org"
CHE,Switzerland,CRI,Costa Rica,2022,237980973,175070811,,-62910162,-26.43,,,"UN Comtrade, comtradeapi.un.org"
CHE,Switzerland,FIN,Finland,2022,713574441,867916515,,154342074,21.63,,,"UN Comtrade, comtradeapi.un.org"
CHE,Switzerland,HUN,Hungary,2022,1213586668,768712599,,-444874069,-36.66,,,"UN Comtrade, comtradeapi.un.org"
CHE,Switzerland,CZE,Czechia,2022,2176074489,2144313669,2085210525,-31760820,-1.46,-90863964,-4.18,"UN Comtrade, comtradeapi.un.org"
CHE,Switzerland,ARE,United Arab Emirates,2022,5968520205,6078700355,,110180150,1.85,,,"UN Comtrade, comtradeapi.un.org"
CHE,Switzerland,ARG,Argentina,2022,769869184,587118977,573023731,-182750207,-23.74,-196845453,-25.57,"UN Comtrade, comtradeapi.un.org"
CHE,Switzerland,DOM,Dominican Rep.,2022,54308456,98396381,93115770,44087925,81.18,38807314,71.46,"UN Comtrade, comtradeapi.un.org"
CHE,Switzerland,NOR,Norway,2022,749470965,842879614,,93408649,12.46,,,"UN Comtrade, comtradeapi.un.org"
CHE,Switzerland,SVK,Slovakia,2022,766152608,737328041,722117574,-28824567,-3.76,-44035034,-5.75,"UN Comtrade, comtradeapi.un.org"
CHE,Switzerland,PAK,Pakistan,2022,292628702,191527147,,-101101555,-34.55,,,"UN Comtrade, comtradeapi.un.org"
CHE,Switzerland,PRT,Portugal,2022,1144590885,474967111,,-669623774,-58.5,,,"UN Comtrade, comtradeapi.un.org"
CHE,Switzerland,NIC,Nicaragua,2022,9675277,23064632,,13389355,138.39,,,"UN Comtrade, comtradeapi.un.org"
CHE,Switzerland,GTM,Guatemala,2022,36186166,110924904,,74738738,206.54,,,"UN Comtrade, comtradeapi.un.org"
FRA,France,USA,USA,2022,55258842958,59091426030,57636147264,3832583072,6.94,2377304306,4.3,"UN Comtrade, comtradeapi.un.org"
FRA,France,CHN,China,2022,25626765857,35579427421,,9952661564,38.84,,,"UN Comtrade, comtradeapi.un.org"
FRA,France,MEX,Mexico,2022,3816022601,4438689395,4438689395,622666794,16.32,622666794,16.32,"UN Comtrade, comtradeapi.un.org"
FRA,France,CAN,Canada,2022,4445130422,5993286687,5993286687,1548156265,34.83,1548156265,34.83,"UN Comtrade, comtradeapi.un.org"
FRA,France,JPN,Japan,2022,6921043452,10107062383,,3186018931,46.03,,,"UN Comtrade, comtradeapi.un.org"
FRA,France,DEU,Germany,2022,88296540906,74154470007,,-14142070899,-16.02,,,"UN Comtrade, comtradeapi.un.org"
FRA,France,VNM,Viet Nam,2022,1250573429,1636179779,,385606350,30.83,,,"UN Comtrade, comtradeapi.un.org"
FRA,France,KOR,Rep. of Korea,2022,6424663127,7706183244,,1281520117,19.95,,,"UN Comtrade, comtradeapi.un.org"
FRA,France,S19,"Other Asia, nes",2022,3140413149,3937510893,,797097744,25.38,,,"UN Comtrade, comtradeapi.un.org"
FRA,France,IND,India,2022,6323299574,4244026495,,-2079273079,-32.88,,,"UN Comtrade, comtradeapi.un.org"
FRA,France,IRL,Ireland,2022,6962160470,13859516440,,6897355970,99.07,,,"UN Comtrade, comtradeapi.un.org"
FRA,France,ITA,Italy,2022,58200888930,50712752742,,-7488136188,-12.87,,,"UN Comtrade, comtradeapi.un.org"
FRA,France,GBR,United Kingdom,2022,35917156001,34434617452,,-1482538549,-4.13,,,"UN Comtrade, comtradeapi.un.org"
FRA,France,THA,Thailand,2022,1543679102,2389860098,,846180996,54.82,,,"UN Comtrade, comtradeapi.un.org"
FRA,France,CHE,Switzerland,2022,27183547280,22992185508,,-4191361772,-15.42,,,"UN Comtrade, comtradeapi.un.org"
FRA,France,MYS,Malaysia,2022,1346788839,2196157805,,849368966,63.07,,,"UN Comtrade, comtradeapi.un.org"
FRA,France,BRA,Brazil,2022,4266520228,5169836166,4966370508,903315938,21.17,699850280,16.4,"UN Comtrade, comtradeapi.un.org"
FRA,France,IDN,Indonesia,2022,915820616,1332385545,,416564929,45.49,,,"UN Comtrade, comtradeapi.un.org"
FRA,France,NLD,Netherlands,2022,25916374463,25259221128,,-657153335,-2.54,,,"UN Comtrade, comtradeapi.un.org"
FRA,France,SGP,Singapore,2022,9507863680,12841455445,,3333591765,35.06,,,"UN Comtrade, comtradeapi.un.org"
FRA,France,BEL,Belgium,2022,49006502892,49451599386,,445096494,0.91,,,"UN Comtrade, comtradeapi.un.org"
FRA,France,ESP,Spain,2022,47604579912,43049354055,,-4555225857,-9.57,,,"UN Comtrade, comtradeapi.un.org"
FRA,France,SAU,Saudi Arabia,2022,4130310293,4448011805,,317701512,7.69,,,"UN Comtrade, comtradeapi.un.org"
FRA,France,ISR,Israel,2022,2199080907,3552886000,,1353805093,61.56,,,"UN Comtrade, comtradeapi.un.org"
FRA,France,TUR,Türkiye,2022,9794700699,9429701911,8870163444,-364998788,-3.73,-924537255,-9.44,"UN Comtrade, comtradeapi.un.org"
FRA,France,COL,Colombia,2022,1183689983,2459802019,2409836431,1276112036,107.81,1226146448,103.59,"UN Comtrade, comtradeapi.un.org"
FRA,France,AUT,Austria,2022,5752452494,5372326806,,-380125688,-6.61,,,"UN Comtrade, comtradeapi.un.org"
FRA,France,SWE,Sweden,2022,6589628059,6527285916,,-62342143,-0.95,,,"UN Comtrade, comtradeapi.un.org"
FRA,France,PHL,Philippines,2022,974948131,1150437366,1079393245,175489235,18.0,104445114,10.71,"UN Comtrade, comtradeapi.un.org"
FRA,France,CHL,Chile,2022,1376239338,1337675303,1236425981,-38564035,-2.8,-139813357,-10.16,"UN Comtrade, comtradeapi.un.org"
FRA,France,AUS,Australia,2022,3593812315,4823174099,4532402209,1229361784,34.21,938589894,26.12,"UN Comtrade, comtradeapi.un.org"
FRA,France,ZAF,South Africa,2022,1945577782,2097175827,2097175827,151598045,7.79,151598045,7.79,"UN Comtrade, comtradeapi.un.org"
FRA,France,DNK,Denmark,2022,4253115951,3509537872,,-743578079,-17.48,,,"UN Comtrade, comtradeapi.un.org"
FRA,France,KHM,Cambodia,2022,133855787,119298699,,-14557088,-10.88,,,"UN Comtrade, comtradeapi.un.org"
FRA,France,POL,Poland,2022,14712926101,11441030368,,-3271895733,-22.24,,,"UN Comtrade, comtradeapi.un.org"
FRA,France,ECU,Ecuador,2022,158010370,221174440,,63164070,39.97,,,"UN Comtrade, comtradeapi.un.org"
FRA,France,IRQ,Iraq,2022,413687516,63240184,,-350447332,-84.71,,,"UN Comtrade, comtradeapi.un.org"
FRA,France,PER,Peru,2022,375723176,371506126,,-4217050,-1.12,,,"UN Comtrade, comtradeapi.un.org"
FRA,France,CRI,Costa Rica,2022,73065149,147456939,,74391790,101.82,,,"UN Comtrade, comtradeapi.un.org"
FRA,France,FIN,Finland,2022,1917231675,2040625119,,123393444,6.44,,,"UN Comtrade, comtradeapi.un.org"
FRA,France,HUN,Hungary,2022,4684229252,4517387148,,-166842104,-3.56,,,"UN Comtrade, comtradeapi.un.org"
FRA,France,CZE,Czechia,2022,6261894966,6494321716,6152676330,232426750,3.71,-109218636,-1.74,"UN Comtrade, comtradeapi.un.org"
FRA,France,ARE,United Arab Emirates,2022,4852392999,7059819664,,2207426665,45.49,,,"UN Comtrade, comtradeapi.un.org"
FRA,France,ARG,Argentina,2022,901830600,1099538941,1039012421,197708341,21.92,137181821,15.21,"UN Comtrade, comtradeapi.un.org"
FRA,France,DOM,Dominican Rep.,2022,232817608,300690865,277886119,67873257,29.15,45068511,19.36,"UN Comtrade, comtradeapi.un.org"
FRA,France,NOR,Norway,2022,1883329208,2910831812,,1027502604,54.56,,,"UN Comtrade, comtradeapi.un.org"
FRA,France,SVK,Slovakia,2022,3459081497,3582642859,3389644382,123561362,3.57,-69437115,-2.01,"UN Comtrade, comtradeapi.un.org"
FRA,France,PAK,Pakistan,2022,515781139,484652330,,-31128809,-6.04,,,"UN Comtrade, comtradeapi.un.org"
FRA,France,PRT,Portugal,2022,6878735319,7071332960,,192597641,2.8,,,"UN Comtrade, comtradeapi.un.org"
FRA,France,NIC,Nicaragua,2022,13068966,35050071,,21981105,168.19,,,"UN Comtrade, comtradeapi.un.org"
FRA,France,GTM,Guatemala,2022,74046023,165052631,,91006608,122.91,,,"UN Comtrade, comtradeapi.un.org"
MYS,Malaysia,USA,USA,2022,38025492595,56896643094,54752365789,18871150499,49.63,16726873194,43.99,"UN Comtrade, comtradeapi.un.org"
MYS,Malaysia,CHN,China,2022,47843004759,109878979893,,62035975134,129.67,,,"UN Comtrade, comtradeapi.un.org"
MYS,Malaysia,MEX,Mexico,2022,3796097784,14555446833,14555446833,10759349049,283.43,10759349049,283.43,"UN Comtrade, comtradeapi.un.org"
MYS,Malaysia,CAN,Canada,2022,1109313793,3198103297,3198103297,2088789504,188.3,2088789504,188.3,"UN Comtrade, comtradeapi.un.org"
MYS,Malaysia,JPN,Japan,2022,22416749635,26092974972,,3676225337,16.4,,,"UN Comtrade, comtradeapi.un.org"
MYS,Malaysia,DEU,Germany,2022,6823370559,13330869109,,6507498550,95.37,,,"UN Comtrade, comtradeapi.un.org"
MYS,Malaysia,VNM,Viet Nam,2022,12184086591,9090669621,,-3093416970,-25.39,,,"UN Comtrade, comtradeapi.un.org"
MYS,Malaysia,KOR,Rep. of Korea,2022,12475676294,15249061264,,2773384970,22.23,,,"UN Comtrade, comtradeapi.un.org"
MYS,Malaysia,S19,"Other Asia, nes",2022,11757353044,13490537872,,1733184828,14.74,,,"UN Comtrade, comtradeapi.un.org"
MYS,Malaysia,IND,India,2022,12442889567,13542357658,,1099468091,8.84,,,"UN Comtrade, comtradeapi.un.org"
MYS,Malaysia,IRL,Ireland,2022,216289002,760902873,,544613871,251.8,,,"UN Comtrade, comtradeapi.un.org"
MYS,Malaysia,ITA,Italy,2022,1914143714,2020225083,,106081369,5.54,,,"UN Comtrade, comtradeapi.un.org"
MYS,Malaysia,GBR,United Kingdom,2022,2109616553,4660927018,,2551310465,120.94,,,"UN Comtrade, comtradeapi.un.org"
MYS,Malaysia,THA,Thailand,2022,14943379970,14376677888,,-566702082,-3.79,,,"UN Comtrade, comtradeapi.un.org"
MYS,Malaysia,CHE,Switzerland,2022,613773604,945192577,,331418973,54.0,,,"UN Comtrade, comtradeapi.un.org"
MYS,Malaysia,FRA,France,2022,2570567901,4743421567,,2172853666,84.53,,,"UN Comtrade, comtradeapi.un.org"
MYS,Malaysia,BRA,Brazil,2022,1059420704,1663415988,1519500570,603995284,57.01,460079866,43.43,"UN Comtrade, comtradeapi.un.org"
MYS,Malaysia,IDN,Indonesia,2022,12664226165,12483367041,,-180859124,-1.43,,,"UN Comtrade, comtradeapi.un.org"
MYS,Malaysia,NLD,Netherlands,2022,9531745337,6407238105,,-3124507232,-32.78,,,"UN Comtrade, comtradeapi.un.org"
MYS,Malaysia,SGP,Singapore,2022,52824251487,59403566428,,6579314941,12.46,,,"UN Comtrade, comtradeapi.un.org"
MYS,Malaysia,BEL,Belgium,2022,2044445507,1460095934,,-584349573,-28.58,,,"UN Comtrade, comtradeapi.un.org"
MYS,Malaysia,ESP,Spain,2022,1295626425,1955522673,,659896248,50.93,,,"UN Comtrade, comtradeapi.un.org"
MYS,Malaysia,SAU,Saudi Arabia,2022,1626974319,1819794240,,192819921,11.85,,,"UN Comtrade, comtradeapi.un.org"
MYS,Malaysia,TUR,Türkiye,2022,3951187491,4288754612,3970300804,337567121,8.54,19113313,0.48,"UN Comtrade, comtradeapi.un.org"
MYS,Malaysia,COL,Colombia,2022,146042631,244583382,221485452,98540751,67.47,75442821,51.66,"UN Comtrade, comtradeapi.un.org"
MYS,Malaysia,AUT,Austria,2022,195493098,674041779,,478548681,244.79,,,"UN Comtrade, comtradeapi.un.org"
MYS,Malaysia,SWE,Sweden,2022,469053594,622850632,,153797038,32.79,,,"UN Comtrade, comtradeapi.un.org"
MYS,Malaysia,PHL,Philippines,2022,6415430808,6680522080,6378320922,265091272,4.13,-37109886,-0.58,"UN Comtrade, comtradeapi.un.org"
MYS,Malaysia,CHL,Chile,2022,205873138,288162194,247667563,82289056,39.97,41794425,20.3,"UN Comtrade, comtradeapi.un.org"
MYS,Malaysia,AUS,Australia,2022,10927047844,12426037523,11759211152,1498989679,13.72,832163308,7.62,"UN Comtrade, comtradeapi.un.org"
MYS,Malaysia,ZAF,South Africa,2022,1634988671,1614237887,1614237887,-20750784,-1.27,-20750784,-1.27,"UN Comtrade, comtradeapi.un.org"
MYS,Malaysia,DNK,Denmark,2022,253593011,279078298,,25485287,10.05,,,"UN Comtrade, comtradeapi.un.org"
MYS,Malaysia,KHM,Cambodia,2022,525151067,508520017,,-16631050,-3.17,,,"UN Comtrade, comtradeapi.un.org"
MYS,Malaysia,POL,Poland,2022,857780567,1690917727,,833137160,97.13,,,"UN Comtrade, comtradeapi.un.org"
MYS,Malaysia,ECU,Ecuador,2022,40671665,72632942,,31961277,78.58,,,"UN Comtrade, comtradeapi.un.org"
MYS,Malaysia,IRQ,Iraq,2022,783306847,93531888,,-689774959,-88.06,,,"UN Comtrade, comtradeapi.un.org"
MYS,Malaysia,PER,Peru,2022,176085070,262115473,,86030403,48.86,,,"UN Comtrade, comtradeapi.un.org"
MYS,Malaysia,CRI,Costa Rica,2022,836873726,114211498,,-722662228,-86.35,,,"UN Comtrade, comtradeapi.un.org"
MYS,Malaysia,FIN,Finland,2022,230556173,522248207,,291692034,126.52,,,"UN Comtrade, comtradeapi.un.org"
MYS,Malaysia,HUN,Hungary,2022,566753858,643150961,,76397103,13.48,,,"UN Comtrade, comtradeapi.un.org"
MYS,Malaysia,CZE,Czechia,2022,818174406,2044347263,1936834756,1226172857,149.87,1118660350,136.73,"UN Comtrade, comtradeapi.un.org"
MYS,Malaysia,ARE,United Arab Emirates,2022,3508784922,2962935303,,-545849619,-15.56,,,"UN Comtrade, comtradeapi.un.org"
MYS,Malaysia,ARG,Argentina,2022,156126226,407664613,373518968,251538387,161.11,217392742,139.24,"UN Comtrade, comtradeapi.un.org"
MYS,Malaysia,DOM,Dominican Rep.,2022,47637279,56190357,47137701,8553078,17.95,-499578,-1.05,"UN Comtrade, comtradeapi.un.org"
MYS,Malaysia,NOR,Norway,2022,183408667,443176800,,259768133,141.63,,,"UN Comtrade, comtradeapi.un.org"
MYS,Malaysia,SVK,Slovakia,2022,168714286,658788655,647237549,490074369,290.48,478523263,283.63,"UN Comtrade, comtradeapi.un.org"
MYS,Malaysia,PAK,Pakistan,2022,1366961301,1062618371,,-304342930,-22.26,,,"UN Comtrade, comtradeapi.un.org"
MYS,Malaysia,PRT,Portugal,2022,112980414,180695267,,67714853,59.94,,,"UN Comtrade, comtradeapi.un.org"
MYS,Malaysia,NIC,Nicaragua,2022,7559550,18810401,,11250851,148.83,,,"UN Comtrade, comtradeapi.un.org"
MYS,Malaysia,GTM,Guatemala,2022,62232970,107499285,,45266315,72.74,,,"UN Comtrade, comtradeapi.un.org"
BRA,Brazil,USA,USA,2022,38147322478,41370520130,39026882461,3223197652,8.45,879559983,2.31,"UN Comtrade, comtradeapi.un.org"
BRA,Brazil,CHN,China,2022,89718898618,109522043335,,19803144717,22.07,,,"UN Comtrade, comtradeapi.un.org"
BRA,Brazil,MEX,Mexico,2022,7055353823,11955255241,11955255241,4899901418,69.45,4899901418,69.45,"UN Comtrade, comtradeapi.un.org"
BRA,Brazil,CAN,Canada,2022,5382041545,6533891438,6533891438,1151849893,21.4,1151849893,21.4,"UN Comtrade, comtradeapi.un.org"
BRA,Brazil,JPN,Japan,2022,6603070347,11091422883,,4488352536,67.97,,,"UN Comtrade, comtradeapi.un.org"
BRA,Brazil,DEU,Germany,2022,6267794136,9868256849,,3600462713,57.44,,,"UN Comtrade, comtradeapi.un.org"
BRA,Brazil,VNM,Viet Nam,2022,3435664525,4547309795,,1111645270,32.36,,,"UN Comtrade, comtradeapi.un.org"
BRA,Brazil,KOR,Rep. of Korea,2022,6242031435,7930235939,,1688204504,27.05,,,"UN Comtrade, comtradeapi.un.org"
BRA,Brazil,S19,"Other Asia, nes",2022,1422980330,2428552218,,1005571888,70.67,,,"UN Comtrade, comtradeapi.un.org"
BRA,Brazil,IND,India,2022,6340499443,7116223375,,775723932,12.23,,,"UN Comtrade, comtradeapi.un.org"
BRA,Brazil,IRL,Ireland,2022,300465897,468405896,,167939999,55.89,,,"UN Comtrade, comtradeapi.un.org"
BRA,Brazil,ITA,Italy,2022,4823398789,5903401369,,1080002580,22.39,,,"UN Comtrade, comtradeapi.un.org"
BRA,Brazil,GBR,United Kingdom,2022,3696671832,4869104533,,1172432701,31.72,,,"UN Comtrade, comtradeapi.un.org"
BRA,Brazil,THA,Thailand,2022,3524822057,3885660516,,360838459,10.24,,,"UN Comtrade, comtradeapi.un.org"
BRA,Brazil,CHE,Switzerland,2022,1197575679,1850482346,,652906667,54.52,,,"UN Comtrade, comtradeapi.un.org"
BRA,Brazil,FRA,France,2022,3547999256,4536058976,,988059720,27.85,,,"UN Comtrade, comtradeapi.un.org"
BRA,Brazil,MYS,Malaysia,2022,3841774071,2771427001,,-1070347070,-27.86,,,"UN Comtrade, comtradeapi.un.org"
BRA,Brazil,IDN,Indonesia,2022,3108388764,3899196442,,790807678,25.44,,,"UN Comtrade, comtradeapi.un.org"
BRA,Brazil,NLD,Netherlands,2022,11910548765,8123093671,,-3787455094,-31.8,,,"UN Comtrade, comtradeapi.un.org"
BRA,Brazil,SGP,Singapore,2022,8345488709,7556332273,,-789156436,-9.46,,,"UN Comtrade, comtradeapi.un.org"
BRA,Brazil,BEL,Belgium,2022,4370779880,2342984833,,-2027795047,-46.39,,,"UN Comtrade, comtradeapi.un.org"
BRA,Brazil,ESP,Spain,2022,9760700451,9557257826,,-203442625,-2.08,,,"UN Comtrade, comtradeapi.un.org"
BRA,Brazil,SAU,Saudi Arabia,2022,2924845197,3626188673,,701343476,23.98,,,"UN Comtrade, comtradeapi.un.org"
BRA,Brazil,ISR,Israel,2022,1883531876,397458000,,-1486073876,-78.9,,,"UN Comtrade, comtradeapi.un.org"
BRA,Brazil,TUR,Türkiye,2022,3551122103,4830903960,4537517863,1279781857,36.04,986395760,27.78,"UN Comtrade, comtradeapi.un.org"
BRA,Brazil,COL,Colombia,2022,5059463289,5495149514,5013801706,435686225,8.61,-45661583,-0.9,"UN Comtrade, comtradeapi.un.org"
BRA,Brazil,AUT,Austria,2022,109398244,473271801,,363873557,332.61,,,"UN Comtrade, comtradeapi.un.org"
BRA,Brazil,SWE,Sweden,2022,790502354,978731437,,188229083,23.81,,,"UN Comtrade, comtradeapi.un.org"
BRA,Brazil,PHL,Philippines,2022,1530223522,1668826349,1461505216,138602827,9.06,-68718306,-4.49,"UN Comtrade, comtradeapi.un.org"
BRA,Brazil,CHL,Chile,2022,9114560869,10394657684,9676251399,1280096815,14.04,561690530,6.16,"UN Comtrade, comtradeapi.un.org"
BRA,Brazil,AUS,Australia,2022,732799213,965597884,883504715,232798671,31.77,150705502,20.57,"UN Comtrade, comtradeapi.un.org"
BRA,Brazil,ZAF,South Africa,2022,1725255350,1593844900,1593844900,-131410450,-7.62,-131410450,-7.62,"UN Comtrade, comtradeapi.un.org"
BRA,Brazil,DNK,Denmark,2022,478805774,452469928,,-26335846,-5.5,,,"UN Comtrade, comtradeapi.un.org"
BRA,Brazil,KHM,Cambodia,2022,31373125,86091978,,54718853,174.41,,,"UN Comtrade, comtradeapi.un.org"
BRA,Brazil,POL,Poland,2022,1083489774,2124196215,,1040706441,96.05,,,"UN Comtrade, comtradeapi.un.org"
BRA,Brazil,ECU,Ecuador,2022,1123093375,1328186552,,205093177,18.26,,,"UN Comtrade, comtradeapi.un.org"
BRA,Brazil,IRQ,Iraq,2022,614630536,442288374,,-172342162,-28.04,,,"UN Comtrade, comtradeapi.un.org"
BRA,Brazil,PER,Peru,2022,3481058685,4206326112,,725267427,20.83,,,"UN Comtrade, comtradeapi.un.org"
BRA,Brazil,CRI,Costa Rica,2022,542759945,546889054,,4129109,0.76,,,"UN Comtrade, comtradeapi.un.org"
BRA,Brazil,FIN,Finland,2022,637238806,812834755,,175595949,27.56,,,"UN Comtrade, comtradeapi.un.org"
BRA,Brazil,HUN,Hungary,2022,50207895,91578199,,41370304,82.4,,,"UN Comtrade, comtradeapi.un.org"
BRA,Brazil,CZE,Czechia,2022,50059453,278504725,258433805,228445272,456.35,208374352,416.25,"UN Comtrade, comtradeapi.un.org"
BRA,Brazil,ARE,United Arab Emirates,2022,3260274393,3649012554,,388738161,11.92,,,"UN Comtrade, comtradeapi.un.org"
BRA,Brazil,ARG,Argentina,2022,15348622912,15978626681,15140438238,630003769,4.1,-208184674,-1.36,"UN Comtrade, comtradeapi.un.org"
BRA,Brazil,DOM,Dominican Rep.,2022,1043318862,1287021720,1101872714,243702858,23.36,58553852,5.61,"UN Comtrade, comtradeapi.un.org"
BRA,Brazil,NOR,Norway,2022,1359103927,1749087392,,389983465,28.69,,,"UN Comtrade, comtradeapi.un.org"
BRA,Brazil,SVK,Slovakia,2022,34136694,116901539,111736227,82764845,242.45,77599533,227.32,"UN Comtrade, comtradeapi.un.org"
BRA,Brazil,PAK,Pakistan,2022,1446885058,1423476111,,-23408947,-1.62,,,"UN Comtrade, comtradeapi.un.org"
BRA,Brazil,PRT,Portugal,2022,4274260860,4835840597,,561579737,13.14,,,"UN Comtrade, comtradeapi.un.org"
BRA,Brazil,NIC,Nicaragua,2022,151460066,184365542,,32905476,21.73,,,"UN Comtrade, comtradeapi.un.org"
BRA,Brazil,GTM,Guatemala,2022,564748412,765913216,,201164804,35.62,,,"UN Comtrade, comtradeapi.un.org"
IDN,Indonesia,USA,USA,2022,28235188500,37263064591,34566682337,9027876091,31.97,6331493837,22.42,"UN Comtrade, comtradeapi.un.org"
IDN,Indonesia,CHN,China,2022,65929733632,77770058058,,11840324426,17.96,,,"UN Comtrade, comtradeapi.un.org"
IDN,Indonesia,MEX,Mexico,2022,1699879315,2594258106,2594258106,894378791,52.61,894378791,52.61,"UN Comtrade, comtradeapi.un.org"
IDN,Indonesia,CAN,Canada,2022,1276005486,2222675206,2222675206,946669720,74.19,946669720,74.19,"UN Comtrade, comtradeapi.un.org"
IDN,Indonesia,JPN,Japan,2022,24853082289,28717383783,,3864301494,15.55,,,"UN Comtrade, comtradeapi.un.org"
IDN,Indonesia,DEU,Germany,2022,3206052815,5896261803,,2690208988,83.91,,,"UN Comtrade, comtradeapi.un.org"
IDN,Indonesia,VNM,Viet Nam,2022,8273310638,9618720622,,1345409984,16.26,,,"UN Comtrade, comtradeapi.un.org"
IDN,Indonesia,KOR,Rep. of Korea,2022,12808822457,15734849516,,2926027059,22.84,,,"UN Comtrade, comtradeapi.un.org"
IDN,Indonesia,S19,"Other Asia, nes",2022,8678173856,11219273713,,2541099857,29.28,,,"UN Comtrade, comtradeapi.un.org"
IDN,Indonesia,IND,India,2022,23394236073,28665340562,,5271104489,22.53,,,"UN Comtrade, comtradeapi.un.org"
IDN,Indonesia,IRL,Ireland,2022,96171285,295584824,,199413539,207.35,,,"UN Comtrade, comtradeapi.un.org"
IDN,Indonesia,ITA,Italy,2022,3127964133,3874255390,,746291257,23.86,,,"UN Comtrade, comtradeapi.un.org"
IDN,Indonesia,GBR,United Kingdom,2022,1658968685,3200439303,,1541470618,92.92,,,"UN Comtrade, comtradeapi.un.org"
IDN,Indonesia,THA,Thailand,2022,8196786700,9618160738,,1421374038,17.34,,,"UN Comtrade, comtradeapi.un.org"
IDN,Indonesia,CHE,Switzerland,2022,1882882147,2176651186,,293769039,15.6,,,"UN Comtrade, comtradeapi.un.org"
IDN,Indonesia,FRA,France,2022,1116562749,2652590999,,1536028250,137.57,,,"UN Comtrade, comtradeapi.un.org"
IDN,Indonesia,MYS,Malaysia,2022,15672643535,16806851272,,1134207737,7.24,,,"UN Comtrade, comtradeapi.un.org"
IDN,Indonesia,BRA,Brazil,2022,1487292493,2070834293,1863747322,583541800,39.24,376454829,25.31,"UN Comtrade, comtradeapi.un.org"
IDN,Indonesia,NLD,Netherlands,2022,5377785167,4238137584,,-1139647583,-21.19,,,"UN Comtrade, comtradeapi.un.org"
IDN,Indonesia,SGP,Singapore,2022,14349506231,18156328211,,3806821980,26.53,,,"UN Comtrade, comtradeapi.un.org"
IDN,Indonesia,BEL,Belgium,2022,2194490614,848930746,,-1345559868,-61.32,,,"UN Comtrade, comtradeapi.un.org"
IDN,Indonesia,ESP,Spain,2022,2287732385,3264075465,,976343080,42.68,,,"UN Comtrade, comtradeapi.un.org"
IDN,Indonesia,SAU,Saudi Arabia,2022,2018560333,2952732588,,934172255,46.28,,,"UN Comtrade, comtradeapi.un.org"
IDN,Indonesia,ISR,Israel,2022,185209944,77176000,,-108033944,-58.33,,,"UN Comtrade, comtradeapi.un.org"
IDN,Indonesia,TUR,Türkiye,2022,2050280096,2780874787,2555456866,730594691,35.63,505176770,24.64,"UN Comtrade, comtradeapi.un.org"
IDN,Indonesia,COL,Colombia,2022,255124007,410870108,365945338,155746101,61.05,110821331,43.44,"UN Comtrade, comtradeapi.un.org"
IDN,Indonesia,AUT,Austria,2022,56566091,472307960,,415741869,734.97,,,"UN Comtrade, comtradeapi.un.org"
IDN,Indonesia,SWE,Sweden,2022,253360580,379902256,,126541676,49.95,,,"UN Comtrade, comtradeapi.un.org"
IDN,Indonesia,PHL,Philippines,2022,12905120295,13935821577,13188665987,1030701282,7.99,283545692,2.2,"UN Comtrade, comtradeapi.un.org"
IDN,Indonesia,CHL,Chile,2022,354483817,477359470,418926358,122875653,34.66,64442541,18.18,"UN Comtrade, comtradeapi.un.org"
IDN,Indonesia,AUS,Australia,2022,3466415848,4183632396,3797956706,717216548,20.69,331540858,9.56,"UN Comtrade, comtradeapi.un.org"
IDN,Indonesia,ZAF,South Africa,2022,1090307473,1238130665,1238130665,147823192,13.56,147823192,13.56,"UN Comtrade, comtradeapi.un.org"
IDN,Indonesia,DNK,Denmark,2022,709319200,319242815,,-390076385,-54.99,,,"UN Comtrade, comtradeapi.un.org"
IDN,Indonesia,KHM,Cambodia,2022,725648854,911693549,,186044695,25.64,,,"UN Comtrade, comtradeapi.un.org"
IDN,Indonesia,POL,Poland,2022,1124033754,1962136887,,838103133,74.56,,,"UN Comtrade, comtradeapi.un.org"
IDN,Indonesia,ECU,Ecuador,2022,139077972,204872512,,65794540,47.31,,,"UN Comtrade, comtradeapi.un.org"
IDN,Indonesia,IRQ,Iraq,2022,347680803,129360545,,-218320258,-62.79,,,"UN Comtrade, comtradeapi.un.org"
IDN,Indonesia,PER,Peru,2022,442374045,609316993,,166942948,37.74,,,"UN Comtrade, comtradeapi.un.org"
IDN,Indonesia,CRI,Costa Rica,2022,82744774,65036541,,-17708233,-21.4,,,"UN Comtrade, comtradeapi.un.org"
IDN,Indonesia,FIN,Finland,2022,92093556,253256886,,161163330,175.0,,,"UN Comtrade, comtradeapi.un.org"
IDN,Indonesia,HUN,Hungary,2022,91266760,154818888,,63552128,69.63,,,"UN Comtrade, comtradeapi.un.org"
IDN,Indonesia,CZE,Czechia,2022,83150980,638881147,597517642,555730167,668.34,514366662,618.59,"UN Comtrade, comtradeapi.un.org"
IDN,Indonesia,ARE,United Arab Emirates,2022,2297101263,3269892130,,972790867,42.35,,,"UN Comtrade, comtradeapi.un.org"
IDN,Indonesia,ARG,Argentina,2022,310200694,475736581,418592084,165535887,53.36,108391390,34.94,"UN Comtrade, comtradeapi.un.org"
IDN,Indonesia,DOM,Dominican Rep.,2022,107243540,138406284,117465529,31162744,29.06,10221989,9.53,"UN Comtrade, comtradeapi.un.org"
IDN,Indonesia,NOR,Norway,2022,144478954,353903313,,209424359,144.95,,,"UN Comtrade, comtradeapi.un.org"
IDN,Indonesia,SVK,Slovakia,2022,39163115,190341137,184453722,151178022,386.02,145290607,370.99,"UN Comtrade, comtradeapi.un.org"
IDN,Indonesia,PAK,Pakistan,2022,4323712680,4890641636,,566928956,13.11,,,"UN Comtrade, comtradeapi.un.org"
IDN,Indonesia,PRT,Portugal,2022,129717952,193302357,,63584405,49.02,,,"UN Comtrade, comtradeapi.un.org"
IDN,Indonesia,NIC,Nicaragua,2022,35567006,55847864,,20280858,57.02,,,"UN Comtrade, comtradeapi.un.org"
IDN,Indonesia,GTM,Guatemala,2022,118647750,172051356,,53403606,45.01,,,"UN Comtrade, comtradeapi.un.org"
NLD,Netherlands,USA,USA,2022,36278811025,35602485839,34532018166,-676325186,-1.86,-1746792859,-4.81,"UN Comtrade, comtradeapi.un.org"
NLD,Netherlands,CHN,China,2022,15457762871,12516338240,,-2941424631,-19.03,,,"UN Comtrade, comtradeapi.un.org"
NLD,Netherlands,MEX,Mexico,2022,4228330699,3995408365,3995408365,-232922334,-5.51,-232922334,-5.51,"UN Comtrade, comtradeapi.un.org"
NLD,Netherlands,CAN,Canada,2022,5058493671,4153981043,4153981043,-904512628,-17.88,-904512628,-17.88,"UN Comtrade, comtradeapi.un.org"
NLD,Netherlands,JPN,Japan,2022,5497229744,3419254228,,-2077975516,-37.8,,,"UN Comtrade, comtradeapi.un.org"
NLD,Netherlands,DEU,Germany,2022,187847251857,114190242234,,-73657009623,-39.21,,,"UN Comtrade, comtradeapi.un.org"
NLD,Netherlands,VNM,Viet Nam,2022,1228423027,668716477,,-559706550,-45.56,,,"UN Comtrade, comtradeapi.un.org"
NLD,Netherlands,KOR,Rep. of Korea,2022,9813869701,8130414172,,-1683455529,-17.15,,,"UN Comtrade, comtradeapi.un.org"
NLD,Netherlands,S19,"Other Asia, nes",2022,11893028056,10180395997,,-1712632059,-14.4,,,"UN Comtrade, comtradeapi.un.org"
NLD,Netherlands,IND,India,2022,3437776966,5922272096,,2484495130,72.27,,,"UN Comtrade, comtradeapi.un.org"
NLD,Netherlands,IRL,Ireland,2022,7570016667,4994038171,,-2575978496,-34.03,,,"UN Comtrade, comtradeapi.un.org"
NLD,Netherlands,ITA,Italy,2022,31682229610,38867873111,,7185643501,22.68,,,"UN Comtrade, comtradeapi.un.org"
NLD,Netherlands,GBR,United Kingdom,2022,45574641712,28643881450,,-16930760262,-37.15,,,"UN Comtrade, comtradeapi.un.org"
NLD,Netherlands,THA,Thailand,2022,1346505987,1057674554,,-288831433,-21.45,,,"UN Comtrade, comtradeapi.un.org"
NLD,Netherlands,CHE,Switzerland,2022,8932504127,5859653552,,-3072850575,-34.4,,,"UN Comtrade, comtradeapi.un.org"
NLD,Netherlands,FRA,France,2022,62136469477,36856003217,,-25280466260,-40.69,,,"UN Comtrade, comtradeapi.un.org"
NLD,Netherlands,MYS,Malaysia,2022,1132346633,1354403601,,222056968,19.61,,,"UN Comtrade, comtradeapi.un.org"
NLD,Netherlands,BRA,Brazil,2022,4058882066,2935835945,2755213822,-1123046121,-27.67,-1303668244,-32.12,"UN Comtrade, comtradeapi.un.org"
NLD,Netherlands,IDN,Indonesia,2022,1037930747,856080247,,-181850500,-17.52,,,"UN Comtrade, comtradeapi.un.org"
NLD,Netherlands,SGP,Singapore,2022,3661734026,2886641856,,-775092170,-21.17,,,"UN Comtrade, comtradeapi.un.org"
NLD,Netherlands,BEL,Belgium,2022,92610775516,97754115011,,5143339495,5.55,,,"UN Comtrade, comtradeapi.un.org"
NLD,Netherlands,ESP,Spain,2022,22875067561,20520807182,,-2354260379,-10.29,,,"UN Comtrade, comtradeapi.un.org"
NLD,Netherlands,SAU,Saudi Arabia,2022,3766286561,2290433295,,-1475853266,-39.19,,,"UN Comtrade, comtradeapi.un.org"
NLD,Netherlands,ISR,Israel,2022,2669841058,4278325000,,1608483942,60.25,,,"UN Comtrade, comtradeapi.un.org"
NLD,Netherlands,TUR,Türkiye,2022,7965481955,4497087220,4112252264,-3468394735,-43.54,-3853229691,-48.37,"UN Comtrade, comtradeapi.un.org"
NLD,Netherlands,COL,Colombia,2022,904643698,545031298,503514115,-359612400,-39.75,-401129583,-44.34,"UN Comtrade, comtradeapi.un.org"
NLD,Netherlands,AUT,Austria,2022,9046051794,5952312093,,-3093739701,-34.2,,,"UN Comtrade, comtradeapi.un.org"
NLD,Netherlands,SWE,Sweden,2022,15584354675,21532501135,,5948146460,38.17,,,"UN Comtrade, comtradeapi.un.org"
NLD,Netherlands,PHL,Philippines,2022,742316309,831991813,783824489,89675504,12.08,41508180,5.59,"UN Comtrade, comtradeapi.un.org"
NLD,Netherlands,CHL,Chile,2022,795447406,582293940,524985394,-213153466,-26.8,-270462012,-34.0,"UN Comtrade, comtradeapi.un.org"
NLD,Netherlands,AUS,Australia,2022,3562278481,2159620169,1980278648,-1402658312,-39.38,-1581999833,-44.41,"UN Comtrade, comtradeapi.un.org"
NLD,Netherlands,ZAF,South Africa,2022,2882539464,1513350677,1513350677,-1369188787,-47.5,-1369188787,-47.5,"UN Comtrade, comtradeapi.un.org"
NLD,Netherlands,DNK,Denmark,2022,9777854355,10877836160,,1099981805,11.25,,,"UN Comtrade, comtradeapi.un.org"
NLD,Netherlands,KHM,Cambodia,2022,44436695,44086298,,-350397,-0.79,,,"UN Comtrade, comtradeapi.un.org"
NLD,Netherlands,POL,Poland,2022,20715569299,14663140261,,-6052429038,-29.22,,,"UN Comtrade, comtradeapi.un.org"
NLD,Netherlands,ECU,Ecuador,2022,333443112,325567088,,-7876024,-2.36,,,"UN Comtrade, comtradeapi.un.org"
NLD,Netherlands,IRQ,Iraq,2022,556693036,30086586,,-526606450,-94.6,,,"UN Comtrade, comtradeapi.un.org"
NLD,Netherlands,PER,Peru,2022,297443482,262140381,,-35303101,-11.87,,,"UN Comtrade, comtradeapi.un.org"
NLD,Netherlands,CRI,Costa Rica,2022,170776561,125080594,,-45695967,-26.76,,,"UN Comtrade, comtradeapi.un.org"
NLD,Netherlands,FIN,Finland,2022,6478011530,4527593037,,-1950418493,-30.11,,,"UN Comtrade, comtradeapi.un.org"
NLD,Netherlands,HUN,Hungary,2022,4963222111,7779265609,,2816043498,56.74,,,"UN Comtrade, comtradeapi.un.org"
NLD,Netherlands,CZE,Czechia,2022,9530024231,6512972597,6346485118,-3017051634,-31.66,-3183539113,-33.41,"UN Comtrade, comtradeapi.un.org"
NLD,Netherlands,ARE,United Arab Emirates,2022,3421426418,1939435144,,-1481991274,-43.32,,,"UN Comtrade, comtradeapi.un.org"
NLD,Netherlands,ARG,Argentina,2022,1377805489,886267155,838211617,-491538334,-35.68,-539593872,-39.16,"UN Comtrade, comtradeapi.un.org"
NLD,Netherlands,DOM,Dominican Rep.,2022,207366476,399840270,367255236,192473794,92.82,159888760,77.1,"UN Comtrade, comtradeapi.un.org"
NLD,Netherlands,NOR,Norway,2022,7218817814,4427685285,,-2791132529,-38.66,,,"UN Comtrade, comtradeapi.un.org"
NLD,Netherlands,SVK,Slovakia,2022,2130516630,1464381456,1441975518,-666135174,-31.27,-688541112,-32.32,"UN Comtrade, comtradeapi.un.org"
NLD,Netherlands,PAK,Pakistan,2022,832471957,659497027,,-172974930,-20.78,,,"UN Comtrade, comtradeapi.un.org"
NLD,Netherlands,PRT,Portugal,2022,4596612522,5846046368,,1249433846,27.18,,,"UN Comtrade, comtradeapi.un.org"
NLD,Netherlands,NIC,Nicaragua,2022,41723840,155159534,,113435694,271.87,,,"UN Comtrade, comtradeapi.un.org"
NLD,Netherlands,GTM,Guatemala,2022,167627132,125430511,,-42196621,-25.17,,,"UN Comtrade, comtradeapi.un.org"
SGP,Singapore,USA,USA,2022,45306115460,32140706291,31643900346,-13165409169,-29.06,-13662215114,-30.16,"UN Comtrade, comtradeapi.un.org"
SGP,Singapore,CHN,China,2022,63968869360,33958352676,,-30010516684,-46.91,,,"UN Comtrade, comtradeapi.un.org"
SGP,Singapore,MEX,Mexico,2022,2190711750,2129140081,2129140081,-61571669,-2.81,-61571669,-2.81,"UN Comtrade, comtradeapi.un.org"
SGP,Singapore,CAN,Canada,2022,1036941779,1031593938,1031593938,-5347841,-0.52,-5347841,-0.52,"UN Comtrade, comtradeapi.un.org"
SGP,Singapore,JPN,Japan,2022,20791373637,9821018607,,-10970355030,-52.76,,,"UN Comtrade, comtradeapi.un.org"
SGP,Singapore,DEU,Germany,2022,8100612038,7524609144,,-576002894,-7.11,,,"UN Comtrade, comtradeapi.un.org"
SGP,Singapore,VNM,Viet Nam,2022,17213672572,4831435829,,-12382236743,-71.93,,,"UN Comtrade, comtradeapi.un.org"
SGP,Singapore,KOR,Rep. of Korea,2022,20838422295,10347711320,,-10490710975,-50.34,,,"UN Comtrade, comtradeapi.un.org"
SGP,Singapore,S19,"Other Asia, nes",2022,25247864478,12502212016,,-12745652462,-50.48,,,"UN Comtrade, comtradeapi.un.org"
SGP,Singapore,IND,India,2022,13898861617,24418725273,,10519863656,75.69,,,"UN Comtrade, comtradeapi.un.org"
SGP,Singapore,IRL,Ireland,2022,767488165,811142837,,43654672,5.69,,,"UN Comtrade, comtradeapi.un.org"
SGP,Singapore,ITA,Italy,2022,1081851802,785923050,,-295928752,-27.35,,,"UN Comtrade, comtradeapi.un.org"
SGP,Singapore,GBR,United Kingdom,2022,3714653157,2480127479,,-1234525678,-33.23,,,"UN Comtrade, comtradeapi.un.org"
SGP,Singapore,THA,Thailand,2022,17492260538,8197293469,,-9294967069,-53.14,,,"UN Comtrade, comtradeapi.un.org"
SGP,Singapore,CHE,Switzerland,2022,3116469632,4586967732,,1470498100,47.18,,,"UN Comtrade, comtradeapi.un.org"
SGP,Singapore,FRA,France,2022,4072856056,2799230270,,-1273625786,-31.27,,,"UN Comtrade, comtradeapi.un.org"
SGP,Singapore,MYS,Malaysia,2022,51585647571,30682409754,,-20903237817,-40.52,,,"UN Comtrade, comtradeapi.un.org"
SGP,Singapore,BRA,Brazil,2022,2012105093,1056728574,996495232,-955376519,-47.48,-1015609861,-50.47,"UN Comtrade, comtradeapi.un.org"
SGP,Singapore,IDN,Indonesia,2022,37230022871,19409249892,,-17820772979,-47.87,,,"UN Comtrade, comtradeapi.un.org"
SGP,Singapore,NLD,Netherlands,2022,11117779413,5336238176,,-5781541237,-52.0,,,"UN Comtrade, comtradeapi.un.org"
SGP,Singapore,BEL,Belgium,2022,6179370891,3844191942,,-2335178949,-37.79,,,"UN Comtrade, comtradeapi.un.org"
SGP,Singapore,ESP,Spain,2022,425976532,543703678,,117727146,27.64,,,"UN Comtrade, comtradeapi.un.org"
SGP,Singapore,SAU,Saudi Arabia,2022,1128393572,2099018609,,970625037,86.02,,,"UN Comtrade, comtradeapi.un.org"
SGP,Singapore,ISR,Israel,2022,992316392,2166266000,,1173949608,118.3,,,"UN Comtrade, comtradeapi.un.org"
SGP,Singapore,TUR,Türkiye,2022,948243312,473404091,442930337,-474839221,-50.08,-505312975,-53.29,"UN Comtrade, comtradeapi.un.org"
SGP,Singapore,COL,Colombia,2022,131686277,155207601,143719512,23521324,17.86,12033235,9.14,"UN Comtrade, comtradeapi.un.org"
SGP,Singapore,AUT,Austria,2022,362504610,505876339,,143371729,39.55,,,"UN Comtrade, comtradeapi.un.org"
SGP,Singapore,SWE,Sweden,2022,161455948,116846411,,-44609537,-27.63,,,"UN Comtrade, comtradeapi.un.org"
SGP,Singapore,PHL,Philippines,2022,10865035264,8460571951,8116881701,-2404463313,-22.13,-2748153563,-25.29,"UN Comtrade, comtradeapi.un.org"
SGP,Singapore,CHL,Chile,2022,165641101,81750448,73731843,-83890653,-50.65,-91909258,-55.49,"UN Comtrade, comtradeapi.un.org"
SGP,Singapore,AUS,Australia,2022,16589535501,13851741059,13323185503,-2737794442,-16.5,-3266349998,-19.69,"UN Comtrade, comtradeapi.un.org"
SGP,Singapore,ZAF,South Africa,2022,1184580217,1105647186,1105647186,-78933031,-6.66,-78933031,-6.66,"UN Comtrade, comtradeapi.un.org"
SGP,Singapore,DNK,Denmark,2022,335909390,95226206,,-240683184,-71.65,,,"UN Comtrade, comtradeapi.un.org"
SGP,Singapore,KHM,Cambodia,2022,7822898745,3230368372,,-4592530373,-58.71,,,"UN Comtrade, comtradeapi.un.org"
SGP,Singapore,POL,Poland,2022,471725129,574986306,,103261177,21.89,,,"UN Comtrade, comtradeapi.un.org"
SGP,Singapore,ECU,Ecuador,2022,65887007,56715215,,-9171792,-13.92,,,"UN Comtrade, comtradeapi.un.org"
SGP,Singapore,IRQ,Iraq,2022,76797952,362575093,,285777141,372.12,,,"UN Comtrade, comtradeapi.un.org"
SGP,Singapore,PER,Peru,2022,83693866,112858656,,29164790,34.85,,,"UN Comtrade, comtradeapi.un.org"
SGP,Singapore,CRI,Costa Rica,2022,210755754,106742398,,-104013356,-49.35,,,"UN Comtrade, comtradeapi.un.org"
SGP,Singapore,FIN,Finland,2022,409992516,317851788,,-92140728,-22.47,,,"UN Comtrade, comtradeapi.un.org"
SGP,Singapore,HUN,Hungary,2022,559673012,685177093,,125504081,22.42,,,"UN Comtrade, comtradeapi.un.org"
SGP,Singapore,CZE,Czechia,2022,411123220,341135871,321531018,-69987349,-17.02,-89592202,-21.79,"UN Comtrade, comtradeapi.un.org"
SGP,Singapore,ARE,United Arab Emirates,2022,5939411340,2438143960,,-3501267380,-58.95,,,"UN Comtrade, comtradeapi.un.org"
SGP,Singapore,ARG,Argentina,2022,215697406,128746516,120829825,-86950890,-40.31,-94867581,-43.98,"UN Comtrade, comtradeapi.un.org"
SGP,Singapore,DOM,Dominican Rep.,2022,21437922,24347336,20676295,2909414,13.57,-761627,-3.55,"UN Comtrade, comtradeapi.un.org"
SGP,Singapore,NOR,Norway,2022,1339335700,1134009239,,-205326461,-15.33,,,"UN Comtrade, comtradeapi.un.org"
SGP,Singapore,SVK,Slovakia,2022,51548256,65619651,64589831,14071395,27.3,13041575,25.3,"UN Comtrade, comtradeapi.un.org"
SGP,Singapore,PAK,Pakistan,2022,1277139079,866058101,,-411080978,-32.19,,,"UN Comtrade, comtradeapi.un.org"
SGP,Singapore,PRT,Portugal,2022,851679054,234303555,,-617375499,-72.49,,,"UN Comtrade, comtradeapi.un.org"
SGP,Singapore,NIC,Nicaragua,2022,6492398,10842011,,4349613,67.0,,,"UN Comtrade, comtradeapi.un.org"
SGP,Singapore,GTM,Guatemala,2022,46176764,58468605,,12291841,26.62,,,"UN Comtrade, comtradeapi.un.org"
BEL,Belgium,USA,USA,2022,31311576731,27473931399,26773805471,-3837645332,-12.26,-4537771260,-14.49,"UN Comtrade, comtradeapi.un.org"
BEL,Belgium,CHN,China,2022,6247616611,8727437460,,2479820849,39.69,,,"UN Comtrade, comtradeapi.un.org"
BEL,Belgium,MEX,Mexico,2022,1924307707,1552716279,1552716279,-371591428,-19.31,-371591428,-19.31,"UN Comtrade, comtradeapi.un.org"
BEL,Belgium,CAN,Canada,2022,3011306321,3482998989,3482998989,471692668,15.66,471692668,15.66,"UN Comtrade, comtradeapi.un.org"
BEL,Belgium,JPN,Japan,2022,9509309934,6872991186,,-2636318748,-27.72,,,"UN Comtrade, comtradeapi.un.org"
BEL,Belgium,DEU,Germany,2022,91346680308,62457263610,,-28889416698,-31.63,,,"UN Comtrade, comtradeapi.un.org"
BEL,Belgium,VNM,Viet Nam,2022,2452549292,754587080,,-1697962212,-69.23,,,"UN Comtrade, comtradeapi.un.org"
BEL,Belgium,KOR,Rep. of Korea,2022,3041441352,3129899811,,88458459,2.91,,,"UN Comtrade, comtradeapi.un.org"
BEL,Belgium,S19,"Other Asia, nes",2022,1228240608,933119905,,-295120703,-24.03,,,"UN Comtrade, comtradeapi.un.org"
BEL,Belgium,IND,India,2022,6985471711,9787350113,,2801878402,40.11,,,"UN Comtrade, comtradeapi.un.org"
BEL,Belgium,IRL,Ireland,2022,2745258252,2522070388,,-223187864,-8.13,,,"UN Comtrade, comtradeapi.un.org"
BEL,Belgium,ITA,Italy,2022,16625481646,26997497779,,10372016133,62.39,,,"UN Comtrade, comtradeapi.un.org"
BEL,Belgium,GBR,United Kingdom,2022,23612025190,20452282402,,-3159742788,-13.38,,,"UN Comtrade, comtradeapi.un.org"
BEL,Belgium,THA,Thailand,2022,943710615,992634333,,48923718,5.18,,,"UN Comtrade, comtradeapi.un.org"
BEL,Belgium,CHE,Switzerland,2022,5588424479,4769868764,,-818555715,-14.65,,,"UN Comtrade, comtradeapi.un.org"
BEL,Belgium,FRA,France,2022,57274498519,73674064003,,16399565484,28.63,,,"UN Comtrade, comtradeapi.un.org"
BEL,Belgium,MYS,Malaysia,2022,757706388,861243336,,103536948,13.66,,,"UN Comtrade, comtradeapi.un.org"
BEL,Belgium,BRA,Brazil,2022,2371629123,3665076760,3529413066,1293447637,54.54,1157783943,48.82,"UN Comtrade, comtradeapi.un.org"
BEL,Belgium,IDN,Indonesia,2022,735563573,647381189,,-88182384,-11.99,,,"UN Comtrade, comtradeapi.un.org"
BEL,Belgium,NLD,Netherlands,2022,64934352379,71324827760,,6390475381,9.84,,,"UN Comtrade, comtradeapi.un.org"
BEL,Belgium,SGP,Singapore,2022,1766317583,1453159410,,-313158173,-17.73,,,"UN Comtrade, comtradeapi.un.org"
BEL,Belgium,ESP,Spain,2022,11253419340,11325126607,,71707267,0.64,,,"UN Comtrade, comtradeapi.un.org"
BEL,Belgium,SAU,Saudi Arabia,2022,2174373392,1753417624,,-420955768,-19.36,,,"UN Comtrade, comtradeapi.un.org"
BEL,Belgium,ISR,Israel,2022,2321294307,4543108000,,2221813693,95.71,,,"UN Comtrade, comtradeapi.un.org"
BEL,Belgium,TUR,Türkiye,2022,5268939741,4420584934,4094459094,-848354807,-16.1,-1174480647,-22.29,"UN Comtrade, comtradeapi.un.org"
BEL,Belgium,COL,Colombia,2022,479899529,643954924,602695779,164055395,34.19,122796250,25.59,"UN Comtrade, comtradeapi.un.org"
BEL,Belgium,AUT,Austria,2022,3404080900,3324762332,,-79318568,-2.33,,,"UN Comtrade, comtradeapi.un.org"
BEL,Belgium,SWE,Sweden,2022,6613952832,9452413763,,2838460931,42.92,,,"UN Comtrade, comtradeapi.un.org"
BEL,Belgium,PHL,Philippines,2022,523356410,696120778,656555258,172764368,33.01,133198848,25.45,"UN Comtrade, comtradeapi.un.org"
BEL,Belgium,CHL,Chile,2022,622760920,680346260,626074529,57585340,9.25,3313609,0.53,"UN Comtrade, comtradeapi.un.org"
BEL,Belgium,AUS,Australia,2022,1878004030,2111533121,1965097556,233529091,12.43,87093526,4.64,"UN Comtrade, comtradeapi.un.org"
BEL,Belgium,ZAF,South Africa,2022,1574646438,1432074786,1432074786,-142571652,-9.05,-142571652,-9.05,"UN Comtrade, comtradeapi.un.org"
BEL,Belgium,DNK,Denmark,2022,3033078602,4277516454,,1244437852,41.03,,,"UN Comtrade, comtradeapi.un.org"
BEL,Belgium,KHM,Cambodia,2022,116776215,89598599,,-27177616,-23.27,,,"UN Comtrade, comtradeapi.un.org"
BEL,Belgium,POL,Poland,2022,9432357016,8676469367,,-755887649,-8.01,,,"UN Comtrade, comtradeapi.un.org"
BEL,Belgium,ECU,Ecuador,2022,134179839,145804448,,11624609,8.66,,,"UN Comtrade, comtradeapi.un.org"
BEL,Belgium,IRQ,Iraq,2022,204923178,48269544,,-156653634,-76.45,,,"UN Comtrade, comtradeapi.un.org"
BEL,Belgium,PER,Peru,2022,488308007,249822525,,-238485482,-48.84,,,"UN Comtrade, comtradeapi.un.org"
BEL,Belgium,CRI,Costa Rica,2022,110656309,117440668,,6784359,6.13,,,"UN Comtrade, comtradeapi.un.org"
BEL,Belgium,FIN,Finland,2022,1796138381,1696117926,,-100020455,-5.57,,,"UN Comtrade, comtradeapi.un.org"
BEL,Belgium,HUN,Hungary,2022,2437336809,3197228147,,759891338,31.18,,,"UN Comtrade, comtradeapi.un.org"
BEL,Belgium,CZE,Czechia,2022,3661082826,3728057060,3633270847,66974234,1.83,-27811979,-0.76,"UN Comtrade, comtradeapi.un.org"
BEL,Belgium,ARE,United Arab Emirates,2022,4186559800,3771543758,,-415016042,-9.91,,,"UN Comtrade, comtradeapi.un.org"
BEL,Belgium,ARG,Argentina,2022,454638804,620501430,596389956,165862626,36.48,141751152,31.18,"UN Comtrade, comtradeapi.un.org"
BEL,Belgium,DOM,Dominican Rep.,2022,111397141,137685939,123350153,26288798,23.6,11953012,10.73,"UN Comtrade, comtradeapi.un.org"
BEL,Belgium,NOR,Norway,2022,2591911667,2184456680,,-407454987,-15.72,,,"UN Comtrade, comtradeapi.un.org"
BEL,Belgium,SVK,Slovakia,2022,1219412607,1143092869,1120519352,-76319738,-6.26,-98893255,-8.11,"UN Comtrade, comtradeapi.un.org"
BEL,Belgium,PAK,Pakistan,2022,589025916,451228296,,-137797620,-23.39,,,"UN Comtrade, comtradeapi.un.org"
BEL,Belgium,PRT,Portugal,2022,2390203570,3674426812,,1284223242,53.73,,,"UN Comtrade, comtradeapi.un.org"
BEL,Belgium,NIC,Nicaragua,2022,32781539,40173595,,7392056,22.55,,,"UN Comtrade, comtradeapi.un.org"
BEL,Belgium,GTM,Guatemala,2022,111951575,195123804,,83172229,74.29,,,"UN Comtrade, comtradeapi.un.org"
ESP,Spain,USA,USA,2022,19861076711,24303594892,23058872227,4442518181,22.37,3197795516,16.1,"UN Comtrade, comtradeapi.un.org"
ESP,Spain,CHN,China,2022,8311933962,9764496435,,1452562473,17.48,,,"UN Comtrade, comtradeapi.un.org"
ESP,Spain,MEX,Mexico,2022,5466329895,5640326416,5640326416,173996521,3.18,173996521,3.18,"UN Comtrade, comtradeapi.un.org"
ESP,Spain,CAN,Canada,2022,2476531359,2890973781,2890973781,414442422,16.73,414442422,16.73,"UN Comtrade, comtradeapi.un.org"
ESP,Spain,JPN,Japan,2022,3401116727,6860741203,,3459624476,101.72,,,"UN Comtrade, comtradeapi.un.org"
ESP,Spain,DEU,Germany,2022,39359539381,39842665730,,483126349,1.23,,,"UN Comtrade, comtradeapi.un.org"
ESP,Spain,VNM,Viet Nam,2022,550408087,571760595,,21352508,3.88,,,"UN Comtrade, comtradeapi.un.org"
ESP,Spain,KOR,Rep. of Korea,2022,2248443576,2590345171,,341901595,15.21,,,"UN Comtrade, comtradeapi.un.org"
ESP,Spain,S19,"Other Asia, nes",2022,795896186,938360661,,142464475,17.9,,,"UN Comtrade, comtradeapi.un.org"
ESP,Spain,IND,India,2022,1920705373,2790126458,,869421085,45.27,,,"UN Comtrade, comtradeapi.un.org"
ESP,Spain,IRL,Ireland,2022,3027679438,2824461085,,-203218353,-6.71,,,"UN Comtrade, comtradeapi.un.org"
ESP,Spain,ITA,Italy,2022,33141544093,32720887777,,-420656316,-1.27,,,"UN Comtrade, comtradeapi.un.org"
ESP,Spain,GBR,United Kingdom,2022,22111481226,23311448927,,1199967701,5.43,,,"UN Comtrade, comtradeapi.un.org"
ESP,Spain,THA,Thailand,2022,648421637,760469439,,112047802,17.28,,,"UN Comtrade, comtradeapi.un.org"
ESP,Spain,CHE,Switzerland,2022,7130091393,9523175867,,2393084474,33.56,,,"UN Comtrade, comtradeapi.un.org"
ESP,Spain,FRA,France,2022,63130701563,56938749129,,-6191952434,-9.81,,,"UN Comtrade, comtradeapi.un.org"
ESP,Spain,MYS,Malaysia,2022,550967613,574169690,,23202077,4.21,,,"UN Comtrade, comtradeapi.un.org"
ESP,Spain,BRA,Brazil,2022,3753238079,4023489405,3770824304,270251326,7.2,17586225,0.47,"UN Comtrade, comtradeapi.un.org"
ESP,Spain,IDN,Indonesia,2022,462336227,586102624,,123766397,26.77,,,"UN Comtrade, comtradeapi.un.org"
ESP,Spain,NLD,Netherlands,2022,15766569797,13234894305,,-2531675492,-16.06,,,"UN Comtrade, comtradeapi.un.org"
ESP,Spain,SGP,Singapore,2022,1087934343,1943362768,,855428425,78.63,,,"UN Comtrade, comtradeapi.un.org"
ESP,Spain,BEL,Belgium,2022,25147150794,8559668315,,-16587482479,-65.96,,,"UN Comtrade, comtradeapi.un.org"
ESP,Spain,SAU,Saudi Arabia,2022,3112623753,2785757787,,-326865966,-10.5,,,"UN Comtrade, comtradeapi.un.org"
ESP,Spain,ISR,Israel,2022,2281380708,2110406000,,-170974708,-7.49,,,"UN Comtrade, comtradeapi.un.org"
ESP,Spain,TUR,Türkiye,2022,7131108457,7004013122,6625161436,-127095335,-1.78,-505947021,-7.09,"UN Comtrade, comtradeapi.un.org"
ESP,Spain,COL,Colombia,2022,1544520537,1467678921,1321749556,-76841616,-4.98,-222770981,-14.42,"UN Comtrade, comtradeapi.un.org"
ESP,Spain,AUT,Austria,2022,2868713163,3111304393,,242591230,8.46,,,"UN Comtrade, comtradeapi.un.org"
ESP,Spain,SWE,Sweden,2022,3720743265,3702952180,,-17791085,-0.48,,,"UN Comtrade, comtradeapi.un.org"
ESP,Spain,PHL,Philippines,2022,1045003125,910548189,837607876,-134454936,-12.87,-207395249,-19.85,"UN Comtrade, comtradeapi.un.org"
ESP,Spain,CHL,Chile,2022,1897046910,2030990966,1816415082,133944056,7.06,-80631828,-4.25,"UN Comtrade, comtradeapi.un.org"
ESP,Spain,AUS,Australia,2022,1726098241,2118129372,1958114004,392031131,22.71,232015763,13.44,"UN Comtrade, comtradeapi.un.org"
ESP,Spain,ZAF,South Africa,2022,1644378935,1708508023,1708508023,64129088,3.9,64129088,3.9,"UN Comtrade, comtradeapi.un.org"
ESP,Spain,DNK,Denmark,2022,2628681384,2225438830,,-403242554,-15.34,,,"UN Comtrade, comtradeapi.un.org"
ESP,Spain,KHM,Cambodia,2022,28819685,29013405,,193720,0.67,,,"UN Comtrade, comtradeapi.un.org"
ESP,Spain,POL,Poland,2022,8831796349,7360864480,,-1470931869,-16.65,,,"UN Comtrade, comtradeapi.un.org"
ESP,Spain,ECU,Ecuador,2022,604279255,796121133,,191841878,31.75,,,"UN Comtrade, comtradeapi.un.org"
ESP,Spain,IRQ,Iraq,2022,182188281,36153620,,-146034661,-80.16,,,"UN Comtrade, comtradeapi.un.org"
ESP,Spain,PER,Peru,2022,824969752,905170276,,80200524,9.72,,,"UN Comtrade, comtradeapi.un.org"
ESP,Spain,CRI,Costa Rica,2022,339001700,376269114,,37267414,10.99,,,"UN Comtrade, comtradeapi.un.org"
ESP,Spain,FIN,Finland,2022,1589612990,1770383952,,180770962,11.37,,,"UN Comtrade, comtradeapi.un.org"
ESP,Spain,HUN,Hungary,2022,2147221995,2206774002,,59552007,2.77,,,"UN Comtrade, comtradeapi.un.org"
ESP,Spain,CZE,Czechia,2022,3599183029,3820514687,3585533438,221331658,6.15,-13649591,-0.38,"UN Comtrade, comtradeapi.un.org"
ESP,Spain,ARE,United Arab Emirates,2022,2114711101,2117943306,,3232205,0.15,,,"UN Comtrade, comtradeapi.un.org"
ESP,Spain,ARG,Argentina,2022,1276820792,1260362113,1176115196,-16458679,-1.29,-100705596,-7.89,"UN Comtrade, comtradeapi.un.org"
ESP,Spain,DOM,Dominican Rep.,2022,858151288,1035247235,854995093,177095947,20.64,-3156195,-0.37,"UN Comtrade, comtradeapi.un.org"
ESP,Spain,NOR,Norway,2022,1607030866,2124247685,,517216819,32.18,,,"UN Comtrade, comtradeapi.un.org"
ESP,Spain,SVK,Slovakia,2022,1572599378,1549175985,1528168869,-23423393,-1.49,-44430509,-2.83,"UN Comtrade, comtradeapi.un.org"
ESP,Spain,PAK,Pakistan,2022,315008585,214410324,,-100598261,-31.94,,,"UN Comtrade, comtradeapi.un.org"
ESP,Spain,PRT,Portugal,2022,33757082098,37037886991,,3280804893,9.72,,,"UN Comtrade, comtradeapi.un.org"
ESP,Spain,NIC,Nicaragua,2022,54622877,102661328,,48038451,87.95,,,"UN Comtrade, comtradeapi.un.org"
ESP,Spain,GTM,Guatemala,2022,342974114,402325086,,59350972,17.3,,,"UN Comtrade, comtradeapi.un.org"
SAU,Saudi Arabia,USA,USA,2022,3313161407,24149320152,23461489060,20836158745,628.89,20148327653,608.13,"UN Comtrade, comtradeapi.un.org"
SAU,Saudi Arabia,CHN,China,2022,9964807725,78045604752,,68080797027,683.21,,,"UN Comtrade, comtradeapi.un.org"
SAU,Saudi Arabia,MEX,Mexico,2022,46481481,97021928,97021928,50540447,108.73,50540447,108.73,"UN Comtrade, comtradeapi.un.org"
SAU,Saudi Arabia,CAN,Canada,2022,91069232,2961601127,2961601127,2870531895,3152.03,2870531895,3152.03,"UN Comtrade, comtradeapi.un.org"
SAU,Saudi Arabia,JPN,Japan,2022,992175715,42351304779,,41359129064,4168.53,,,"UN Comtrade, comtradeapi.un.org"
SAU,Saudi Arabia,DEU,Germany,2022,1139983092,2942638720,,1802655628,158.13,,,"UN Comtrade, comtradeapi.un.org"
SAU,Saudi Arabia,VNM,Viet Nam,2022,799512681,1914955282,,1115442601,139.52,,,"UN Comtrade, comtradeapi.un.org"
SAU,Saudi Arabia,KOR,Rep. of Korea,2022,1924313037,41640268129,,39715955092,2063.9,,,"UN Comtrade, comtradeapi.un.org"
SAU,Saudi Arabia,S19,"Other Asia, nes",2022,832711838,11502778729,,10670066891,1281.36,,,"UN Comtrade, comtradeapi.un.org"
SAU,Saudi Arabia,IND,India,2022,8141670014,46188427139,,38046757125,467.31,,,"UN Comtrade, comtradeapi.un.org"
SAU,Saudi Arabia,IRL,Ireland,2022,19979592,91576927,,71597335,358.35,,,"UN Comtrade, comtradeapi.un.org"
SAU,Saudi Arabia,ITA,Italy,2022,1003604877,7828738339,,6825133462,680.06,,,"UN Comtrade, comtradeapi.un.org"
SAU,Saudi Arabia,GBR,United Kingdom,2022,854325811,3525291612,,2670965801,312.64,,,"UN Comtrade, comtradeapi.un.org"
SAU,Saudi Arabia,THA,Thailand,2022,1109663512,7065764500,,5956100988,536.75,,,"UN Comtrade, comtradeapi.un.org"
SAU,Saudi Arabia,CHE,Switzerland,2022,813199435,835360314,,22160879,2.73,,,"UN Comtrade, comtradeapi.un.org"
SAU,Saudi Arabia,FRA,France,2022,384761831,7605054391,,7220292560,1876.56,,,"UN Comtrade, comtradeapi.un.org"
SAU,Saudi Arabia,MYS,Malaysia,2022,1273115918,8669402186,,7396286268,580.96,,,"UN Comtrade, comtradeapi.un.org"
SAU,Saudi Arabia,BRA,Brazil,2022,1142848927,5498564452,5297644671,4355715525,381.13,4154795744,363.55,"UN Comtrade, comtradeapi.un.org"
SAU,Saudi Arabia,IDN,Indonesia,2022,514354495,5491327081,,4976972586,967.62,,,"UN Comtrade, comtradeapi.un.org"
SAU,Saudi Arabia,NLD,Netherlands,2022,800142787,6619879613,,5819736826,727.34,,,"UN Comtrade, comtradeapi.un.org"
SAU,Saudi Arabia,SGP,Singapore,2022,3752973135,9093677931,,5340704796,142.31,,,"UN Comtrade, comtradeapi.un.org"
SAU,Saudi Arabia,BEL,Belgium,2022,2970405762,1535799988,,-1434605774,-48.3,,,"UN Comtrade, comtradeapi.un.org"
SAU,Saudi Arabia,ESP,Spain,2022,868948312,5387098056,,4518149744,519.96,,,"UN Comtrade, comtradeapi.un.org"
SAU,Saudi Arabia,TUR,Türkiye,2022,3622480286,4152071315,3775650515,529591029,14.62,153170229,4.23,"UN Comtrade, comtradeapi.un.org"
SAU,Saudi Arabia,COL,Colombia,2022,42652524,64131619,54230891,21479095,50.36,11578367,27.15,"UN Comtrade, comtradeapi.un.org"
SAU,Saudi Arabia,AUT,Austria,2022,5925363,189231776,,183306413,3093.59,,,"UN Comtrade, comtradeapi.un.org"
SAU,Saudi Arabia,SWE,Sweden,2022,72674943,121213121,,48538178,66.79,,,"UN Comtrade, comtradeapi.un.org"
SAU,Saudi Arabia,PHL,Philippines,2022,80249384,2729991002,2668290280,2649741618,3301.88,2588040896,3225.0,"UN Comtrade, comtradeapi.un.org"
SAU,Saudi Arabia,CHL,Chile,2022,38299791,14585638,11602223,-23714153,-61.92,-26697568,-69.71,"UN Comtrade, comtradeapi.un.org"
SAU,Saudi Arabia,AUS,Australia,2022,1164635123,1024682698,930359762,-139952425,-12.02,-234275361,-20.12,"UN Comtrade, comtradeapi.un.org"
SAU,Saudi Arabia,ZAF,South Africa,2022,904087048,4500861660,4500861660,3596774612,397.83,3596774612,397.83,"UN Comtrade, comtradeapi.un.org"
SAU,Saudi Arabia,DNK,Denmark,2022,30983181,104909408,,73926227,238.6,,,"UN Comtrade, comtradeapi.un.org"
SAU,Saudi Arabia,KHM,Cambodia,2022,5875425,20918885,,15043460,256.04,,,"UN Comtrade, comtradeapi.un.org"
SAU,Saudi Arabia,POL,Poland,2022,322884089,6019805816,,5696921727,1764.39,,,"UN Comtrade, comtradeapi.un.org"
SAU,Saudi Arabia,ECU,Ecuador,2022,19728471,19121694,,-606777,-3.08,,,"UN Comtrade, comtradeapi.un.org"
SAU,Saudi Arabia,IRQ,Iraq,2022,1049648540,442756386,,-606892154,-57.82,,,"UN Comtrade, comtradeapi.un.org"
SAU,Saudi Arabia,PER,Peru,2022,84738757,119267622,,34528865,40.75,,,"UN Comtrade, comtradeapi.un.org"
SAU,Saudi Arabia,CRI,Costa Rica,2022,7579779,12765005,,5185226,68.41,,,"UN Comtrade, comtradeapi.un.org"
SAU,Saudi Arabia,FIN,Finland,2022,34543050,32610835,,-1932215,-5.59,,,"UN Comtrade, comtradeapi.un.org"
SAU,Saudi Arabia,HUN,Hungary,2022,14010349,107118466,,93108117,664.57,,,"UN Comtrade, comtradeapi.un.org"
SAU,Saudi Arabia,CZE,Czechia,2022,7856325,276374882,257355374,268518557,3417.86,249499049,3175.77,"UN Comtrade, comtradeapi.un.org"
SAU,Saudi Arabia,ARE,United Arab Emirates,2022,11680314578,9344011834,,-2336302744,-20.0,,,"UN Comtrade, comtradeapi.un.org"
SAU,Saudi Arabia,ARG,Argentina,2022,78503109,1093812268,1029960308,1015309159,1293.34,951457199,1212.0,"UN Comtrade, comtradeapi.un.org"
SAU,Saudi Arabia,DOM,Dominican Rep.,2022,18874902,30248435,24750920,11373533,60.26,5876018,31.13,"UN Comtrade, comtradeapi.un.org"
SAU,Saudi Arabia,NOR,Norway,2022,18985737,55093616,,36107879,190.18,,,"UN Comtrade, comtradeapi.un.org"
SAU,Saudi Arabia,SVK,Slovakia,2022,2729087,26845647,26328901,24116560,883.69,23599814,864.75,"UN Comtrade, comtradeapi.un.org"
SAU,Saudi Arabia,PAK,Pakistan,2022,1368554850,5081349734,,3712794884,271.29,,,"UN Comtrade, comtradeapi.un.org"
SAU,Saudi Arabia,PRT,Portugal,2022,436290136,728243505,,291953369,66.92,,,"UN Comtrade, comtradeapi.un.org"
SAU,Saudi Arabia,NIC,Nicaragua,2022,3524679,6702719,,3178040,90.17,,,"UN Comtrade, comtradeapi.un.org"
SAU,Saudi Arabia,GTM,Guatemala,2022,39904411,70736193,,30831782,77.26,,,"UN Comtrade, comtradeapi.un.org"
ISR,Israel,USA,USA,2022,18623337000,21865297788,21441795448,3241960788,17.41,2818458448,15.13,"UN Comtrade, comtradeapi.un.org"
ISR,Israel,CHN,China,2022,4631325000,8966863637,,4335538637,93.61,,,"UN Comtrade, comtradeapi.un.org"
ISR,Israel,MEX,Mexico,2022,510025000,973303593,973303593,463278593,90.83,463278593,90.83,"UN Comtrade, comtradeapi.un.org"
ISR,Israel,CAN,Canada,2022,1042315000,1185619695,1185619695,143304695,13.75,143304695,13.75,"UN Comtrade, comtradeapi.un.org"
ISR,Israel,JPN,Japan,2022,911003000,1277935417,,366932417,40.28,,,"UN Comtrade, comtradeapi.un.org"
ISR,Israel,DEU,Germany,2022,1880346000,2707262181,,826916181,43.98,,,"UN Comtrade, comtradeapi.un.org"
ISR,Israel,VNM,Viet Nam,2022,175097000,1442127362,,1267030362,723.62,,,"UN Comtrade, comtradeapi.un.org"
ISR,Israel,KOR,Rep. of Korea,2022,1304008000,1603363663,,299355663,22.96,,,"UN Comtrade, comtradeapi.un.org"
ISR,Israel,S19,"Other Asia, nes",2022,1566487000,2167877525,,601390525,38.39,,,"UN Comtrade, comtradeapi.un.org"
ISR,Israel,IND,India,2022,3354491000,2789697799,,-564793201,-16.84,,,"UN Comtrade, comtradeapi.un.org"
ISR,Israel,IRL,Ireland,2022,2576192000,5093008738,,2516816738,97.7,,,"UN Comtrade, comtradeapi.un.org"
ISR,Israel,ITA,Italy,2022,1524484000,1291708142,,-232775858,-15.27,,,"UN Comtrade, comtradeapi.un.org"
ISR,Israel,GBR,United Kingdom,2022,3121130000,3108909836,,-12220164,-0.39,,,"UN Comtrade, comtradeapi.un.org"
ISR,Israel,THA,Thailand,2022,372551000,551663559,,179112559,48.08,,,"UN Comtrade, comtradeapi.un.org"
ISR,Israel,CHE,Switzerland,2022,1530322000,652925791,,-877396209,-57.33,,,"UN Comtrade, comtradeapi.un.org"
ISR,Israel,FRA,France,2022,2082992000,1629725527,,-453266473,-21.76,,,"UN Comtrade, comtradeapi.un.org"
ISR,Israel,BRA,Brazil,2022,1942192000,2216346489,2118511776,274154489,14.12,176319776,9.08,"UN Comtrade, comtradeapi.un.org"
ISR,Israel,IDN,Indonesia,2022,37944000,47815313,,9871313,26.02,,,"UN Comtrade, comtradeapi.un.org"
ISR,Israel,NLD,Netherlands,2022,2439178000,1624575196,,-814602804,-33.4,,,"UN Comtrade, comtradeapi.un.org"
ISR,Israel,SGP,Singapore,2022,1142811000,977341278,,-165469722,-14.48,,,"UN Comtrade, comtradeapi.un.org"
ISR,Israel,BEL,Belgium,2022,1996939000,795237023,,-1201701977,-60.18,,,"UN Comtrade, comtradeapi.un.org"
ISR,Israel,ESP,Spain,2022,1198169000,1105956973,,-92212027,-7.7,,,"UN Comtrade, comtradeapi.un.org"
ISR,Israel,TUR,Türkiye,2022,2338884000,2451736125,2225196077,112852125,4.83,-113687923,-4.86,"UN Comtrade, comtradeapi.un.org"
ISR,Israel,COL,Colombia,2022,138802000,175524150,166945853,36722150,26.46,28143853,20.28,"UN Comtrade, comtradeapi.un.org"
ISR,Israel,AUT,Austria,2022,114579000,294671051,,180092051,157.18,,,"UN Comtrade, comtradeapi.un.org"
ISR,Israel,SWE,Sweden,2022,169294000,195756550,,26462550,15.63,,,"UN Comtrade, comtradeapi.un.org"
ISR,Israel,PHL,Philippines,2022,340782000,472825747,454664206,132043747,38.75,113882206,33.42,"UN Comtrade, comtradeapi.un.org"
ISR,Israel,CHL,Chile,2022,117542000,143322188,132056701,25780188,21.93,14514701,12.35,"UN Comtrade, comtradeapi.un.org"
ISR,Israel,AUS,Australia,2022,586686000,650428473,610614997,63742473,10.86,23928997,4.08,"UN Comtrade, comtradeapi.un.org"
ISR,Israel,ZAF,South Africa,2022,251455000,237225363,237225363,-14229637,-5.66,-14229637,-5.66,"UN Comtrade, comtradeapi.un.org"
ISR,Israel,DNK,Denmark,2022,92317000,91967789,,-349211,-0.38,,,"UN Comtrade, comtradeapi.un.org"
ISR,Israel,KHM,Cambodia,2022,1653000,3377173,,1724173,104.31,,,"UN Comtrade, comtradeapi.un.org"
ISR,Israel,POL,Poland,2022,297851000,505133269,,207282269,69.59,,,"UN Comtrade, comtradeapi.un.org"
ISR,Israel,ECU,Ecuador,2022,39553000,35459338,,-4093662,-10.35,,,"UN Comtrade, comtradeapi.un.org"
ISR,Israel,PER,Peru,2022,85791000,100815030,,15024030,17.51,,,"UN Comtrade, comtradeapi.un.org"
ISR,Israel,CRI,Costa Rica,2022,29122000,35270660,,6148660,21.11,,,"UN Comtrade, comtradeapi.un.org"
ISR,Israel,FIN,Finland,2022,79824000,104400531,,24576531,30.79,,,"UN Comtrade, comtradeapi.un.org"
ISR,Israel,HUN,Hungary,2022,146085000,253376862,,107291862,73.44,,,"UN Comtrade, comtradeapi.un.org"
ISR,Israel,CZE,Czechia,2022,175799000,351597279,336163267,175798279,100.0,160364267,91.22,"UN Comtrade, comtradeapi.un.org"
ISR,Israel,ARE,United Arab Emirates,2022,637347000,801373231,,164026231,25.74,,,"UN Comtrade, comtradeapi.un.org"
ISR,Israel,ARG,Argentina,2022,179800000,193979406,186541841,14179406,7.89,6741841,3.75,"UN Comtrade, comtradeapi.un.org"
ISR,Israel,DOM,Dominican Rep.,2022,32785000,26644402,24332041,-6140598,-18.73,-8452959,-25.78,"UN Comtrade, comtradeapi.un.org"
ISR,Israel,NOR,Norway,2022,63174000,167097530,,103923530,164.5,,,"UN Comtrade, comtradeapi.un.org"
ISR,Israel,SVK,Slovakia,2022,21433000,57089254,55880738,35656254,166.36,34447738,160.72,"UN Comtrade, comtradeapi.un.org"
ISR,Israel,PRT,Portugal,2022,111751000,123543793,,11792793,10.55,,,"UN Comtrade, comtradeapi.un.org"
ISR,Israel,NIC,Nicaragua,2022,3347000,20192053,,16845053,503.29,,,"UN Comtrade, comtradeapi.un.org"
ISR,Israel,GTM,Guatemala,2022,34738000,45645160,,10907160,31.4,,,"UN Comtrade, comtradeapi.un.org"
TUR,Türkiye,USA,USA,2022,16886139272,20424879616,18847606143,3538740344,20.96,1961466871,11.62,"UN Comtrade, comtradeapi.un.org"
TUR,Türkiye,CHN,China,2022,3281335253,4520330498,,1238995245,37.76,,,"UN Comtrade, comtradeapi.un.org"
TUR,Türkiye,MEX,Mexico,2022,1080905957,1752170900,1752170900,671264943,62.1,671264943,62.1,"UN Comtrade, comtradeapi.un.org"
TUR,Türkiye,CAN,Canada,2022,1887728933,2441861118,2441861118,554132185,29.35,554132185,29.35,"UN Comtrade, comtradeapi.un.org"
TUR,Türkiye,JPN,Japan,2022,664440573,1018970532,,354529959,53.36,,,"UN Comtrade, comtradeapi.un.org"
TUR,Türkiye,DEU,Germany,2022,21141783053,26207589297,,5065806244,23.96,,,"UN Comtrade, comtradeapi.un.org"
TUR,Türkiye,VNM,Viet Nam,2022,343763245,419132557,,75369312,21.92,,,"UN Comtrade, comtradeapi.un.org"
TUR,Türkiye,KOR,Rep. of Korea,2022,1051991629,1389347100,,337355471,32.07,,,"UN Comtrade, comtradeapi.un.org"
TUR,Türkiye,S19,"Other Asia, nes",2022,225291008,392681080,,167390072,74.3,,,"UN Comtrade, comtradeapi.un.org"
TUR,Türkiye,IND,India,2022,1637060938,3698626079,,2061565141,125.93,,,"UN Comtrade, comtradeapi.un.org"
TUR,Türkiye,IRL,Ireland,2022,1084780387,1434901175,,350120788,32.28,,,"UN Comtrade, comtradeapi.un.org"
TUR,Türkiye,ITA,Italy,2022,12386044510,12895029223,,508984713,4.11,,,"UN Comtrade, comtradeapi.un.org"
TUR,Türkiye,GBR,United Kingdom,2022,13004798469,15684262081,,2679463612,20.6,,,"UN Comtrade, comtradeapi.un.org"
TUR,Türkiye,THA,Thailand,2022,282267880,383372207,,101104327,35.82,,,"UN Comtrade, comtradeapi.un.org"
TUR,Türkiye,CHE,Switzerland,2022,1341099153,2098917988,,757818835,56.51,,,"UN Comtrade, comtradeapi.un.org"
TUR,Türkiye,FRA,France,2022,9548248132,11204655083,,1656406951,17.35,,,"UN Comtrade, comtradeapi.un.org"
TUR,Türkiye,MYS,Malaysia,2022,478253735,649547189,,171293454,35.82,,,"UN Comtrade, comtradeapi.un.org"
TUR,Türkiye,BRA,Brazil,2022,999763377,1485677400,1334129416,485914023,48.6,334366039,33.44,"UN Comtrade, comtradeapi.un.org"
TUR,Türkiye,IDN,Indonesia,2022,367314461,515273204,,147958743,40.28,,,"UN Comtrade, comtradeapi.un.org"
TUR,Türkiye,NLD,Netherlands,2022,8026253602,5935056696,,-2091196906,-26.05,,,"UN Comtrade, comtradeapi.un.org"
TUR,Türkiye,SGP,Singapore,2022,800103433,604109458,,-195993975,-24.5,,,"UN Comtrade, comtradeapi.un.org"
TUR,Türkiye,BEL,Belgium,2022,4778506388,3610299640,,-1168206748,-24.45,,,"UN Comtrade, comtradeapi.un.org"
TUR,Türkiye,ESP,Spain,2022,9654317928,10487596510,,833278582,8.63,,,"UN Comtrade, comtradeapi.un.org"
TUR,Türkiye,SAU,Saudi Arabia,2022,1046453174,788281219,,-258171955,-24.67,,,"UN Comtrade, comtradeapi.un.org"
TUR,Türkiye,ISR,Israel,2022,7032339440,5700533000,,-1331806440,-18.94,,,"UN Comtrade, comtradeapi.un.org"
TUR,Türkiye,COL,Colombia,2022,324401095,450163080,390326496,125761985,38.77,65925401,20.32,"UN Comtrade, comtradeapi.un.org"
TUR,Türkiye,AUT,Austria,2022,1778931646,2964804086,,1185872440,66.66,,,"UN Comtrade, comtradeapi.un.org"
TUR,Türkiye,SWE,Sweden,2022,1700929298,1548550760,,-152378538,-8.96,,,"UN Comtrade, comtradeapi.un.org"
TUR,Türkiye,PHL,Philippines,2022,308792557,449603703,422160211,140811146,45.6,113367654,36.71,"UN Comtrade, comtradeapi.un.org"
TUR,Türkiye,CHL,Chile,2022,511273430,635495791,542982490,124222361,24.3,31709060,6.2,"UN Comtrade, comtradeapi.un.org"
TUR,Türkiye,AUS,Australia,2022,965658633,1020379041,892625695,54720408,5.67,-73032938,-7.56,"UN Comtrade, comtradeapi.un.org"
TUR,Türkiye,ZAF,South Africa,2022,1715025196,1850789502,1850789502,135764306,7.92,135764306,7.92,"UN Comtrade, comtradeapi.un.org"
TUR,Türkiye,DNK,Denmark,2022,1402037938,1407915447,,5877509,0.42,,,"UN Comtrade, comtradeapi.un.org"
TUR,Türkiye,KHM,Cambodia,2022,26257516,16776325,,-9481191,-36.11,,,"UN Comtrade, comtradeapi.un.org"
TUR,Türkiye,POL,Poland,2022,5417452454,6972924295,,1555471841,28.71,,,"UN Comtrade, comtradeapi.un.org"
TUR,Türkiye,ECU,Ecuador,2022,71061364,110759411,,39698047,55.86,,,"UN Comtrade, comtradeapi.un.org"
TUR,Türkiye,IRQ,Iraq,2022,13750275799,234849300,,-13515426499,-98.29,,,"UN Comtrade, comtradeapi.un.org"
TUR,Türkiye,PER,Peru,2022,420518135,529190365,,108672230,25.84,,,"UN Comtrade, comtradeapi.un.org"
TUR,Türkiye,CRI,Costa Rica,2022,102206692,134225656,,32018964,31.33,,,"UN Comtrade, comtradeapi.un.org"
TUR,Türkiye,FIN,Finland,2022,708882981,999124420,,290241439,40.94,,,"UN Comtrade, comtradeapi.un.org"
TUR,Türkiye,HUN,Hungary,2022,1597186204,1553051863,,-44134341,-2.76,,,"UN Comtrade, comtradeapi.un.org"
TUR,Türkiye,CZE,Czechia,2022,1905864060,2738689335,2599958281,832825275,43.7,694094221,36.42,"UN Comtrade, comtradeapi.un.org"
TUR,Türkiye,ARE,United Arab Emirates,2022,5252672779,9604625689,,4351952910,82.85,,,"UN Comtrade, comtradeapi.un.org"
TUR,Türkiye,ARG,Argentina,2022,329198805,469676236,422124980,140477431,42.67,92926175,28.23,"UN Comtrade, comtradeapi.un.org"
TUR,Türkiye,DOM,Dominican Rep.,2022,324469812,279541190,279541190,-44928622,-13.85,-44928622,-13.85,"UN Comtrade, comtradeapi.un.org"
TUR,Türkiye,NOR,Norway,2022,744019175,918504239,,174485064,23.45,,,"UN Comtrade, comtradeapi.un.org"
TUR,Türkiye,SVK,Slovakia,2022,759321841,996577023,969485879,237255182,31.25,210164038,27.68,"UN Comtrade, comtradeapi.un.org"
TUR,Türkiye,PAK,Pakistan,2022,818767489,462712084,,-356055405,-43.49,,,"UN Comtrade, comtradeapi.un.org"
TUR,Türkiye,PRT,Portugal,2022,1498160055,1537941574,,39781519,2.66,,,"UN Comtrade, comtradeapi.un.org"
TUR,Türkiye,NIC,Nicaragua,2022,13186888,20489965,,7303077,55.38,,,"UN Comtrade, comtradeapi.un.org"
TUR,Türkiye,GTM,Guatemala,2022,88579342,149471973,,60892631,68.74,,,"UN Comtrade, comtradeapi.un.org"
COL,Colombia,USA,USA,2022,15385312048,19401277843,18561491770,4015965795,26.1,3176179722,20.64,"UN Comtrade, comtradeapi.un.org"
COL,Colombia,CHN,China,2022,2153790602,7042164112,,4888373510,226.97,,,"UN Comtrade, comtradeapi.un.org"
COL,Colombia,MEX,Mexico,2022,1752313710,2029723437,2029723437,277409727,15.83,277409727,15.83,"UN Comtrade, comtradeapi.un.org"
COL,Colombia,CAN,Canada,2022,1130532288,1444325374,1444325374,313793086,27.76,313793086,27.76,"UN Comtrade, comtradeapi.un.org"
COL,Colombia,JPN,Japan,2022,606106891,993620129,,387513238,63.93,,,"UN Comtrade, comtradeapi.un.org"
COL,Colombia,DEU,Germany,2022,860344532,3239496298,,2379151766,276.53,,,"UN Comtrade, comtradeapi.un.org"
COL,Colombia,VNM,Viet Nam,2022,24243008,22639119,,-1603889,-6.62,,,"UN Comtrade, comtradeapi.un.org"
COL,Colombia,KOR,Rep. of Korea,2022,609508049,814756260,,205248211,33.67,,,"UN Comtrade, comtradeapi.un.org"
COL,Colombia,S19,"Other Asia, nes",2022,148429214,149858040,,1428826,0.96,,,"UN Comtrade, comtradeapi.un.org"
COL,Colombia,IND,India,2022,2304007376,2954250421,,650243045,28.22,,,"UN Comtrade, comtradeapi.un.org"
COL,Colombia,IRL,Ireland,2022,242212613,325316212,,83103599,34.31,,,"UN Comtrade, comtradeapi.un.org"
COL,Colombia,ITA,Italy,2022,970846745,1350102201,,379255456,39.06,,,"UN Comtrade, comtradeapi.un.org"
COL,Colombia,GBR,United Kingdom,2022,614135992,772288455,,158152463,25.75,,,"UN Comtrade, comtradeapi.un.org"
COL,Colombia,THA,Thailand,2022,33439642,65536656,,32097014,95.98,,,"UN Comtrade, comtradeapi.un.org"
COL,Colombia,CHE,Switzerland,2022,124911818,457267934,,332356116,266.07,,,"UN Comtrade, comtradeapi.un.org"
COL,Colombia,FRA,France,2022,273336500,607278094,,333941594,122.17,,,"UN Comtrade, comtradeapi.un.org"
COL,Colombia,MYS,Malaysia,2022,131520700,151593877,,20073177,15.26,,,"UN Comtrade, comtradeapi.un.org"
COL,Colombia,BRA,Brazil,2022,2332730759,2509584555,2366686778,176853796,7.58,33956019,1.46,"UN Comtrade, comtradeapi.un.org"
COL,Colombia,IDN,Indonesia,2022,239018682,47980201,,-191038481,-79.93,,,"UN Comtrade, comtradeapi.un.org"
COL,Colombia,NLD,Netherlands,2022,2697794822,1938609990,,-759184832,-28.14,,,"UN Comtrade, comtradeapi.un.org"
COL,Colombia,SGP,Singapore,2022,122707899,225422831,,102714932,83.71,,,"UN Comtrade, comtradeapi.un.org"
COL,Colombia,BEL,Belgium,2022,630564189,159492694,,-471071495,-74.71,,,"UN Comtrade, comtradeapi.un.org"
COL,Colombia,ESP,Spain,2022,1481750982,1630769655,,149018673,10.06,,,"UN Comtrade, comtradeapi.un.org"
COL,Colombia,SAU,Saudi Arabia,2022,151461474,108940232,,-42521242,-28.07,,,"UN Comtrade, comtradeapi.un.org"
COL,Colombia,ISR,Israel,2022,1075337805,15808000,,-1059529805,-98.53,,,"UN Comtrade, comtradeapi.un.org"
COL,Colombia,TUR,Türkiye,2022,2258621501,2468135670,2192473993,209514169,9.28,-66147508,-2.93,"UN Comtrade, comtradeapi.un.org"
COL,Colombia,AUT,Austria,2022,3264077,54299561,,51035484,1563.55,,,"UN Comtrade, comtradeapi.un.org"
COL,Colombia,SWE,Sweden,2022,82755945,105978578,,23222633,28.06,,,"UN Comtrade, comtradeapi.un.org"
COL,Colombia,PHL,Philippines,2022,12801705,10728700,10033433,-2073005,-16.19,-2768272,-21.62,"UN Comtrade, comtradeapi.un.org"
COL,Colombia,CHL,Chile,2022,1575751874,1791709851,1628295321,215957977,13.71,52543447,3.33,"UN Comtrade, comtradeapi.un.org"
COL,Colombia,AUS,Australia,2022,261593827,131946862,121766546,-129646965,-49.56,-139827281,-53.45,"UN Comtrade, comtradeapi.un.org"
COL,Colombia,ZAF,South Africa,2022,101939342,103877548,103877548,1938206,1.9,1938206,1.9,"UN Comtrade, comtradeapi.un.org"
COL,Colombia,DNK,Denmark,2022,96388955,14460332,,-81928623,-85.0,,,"UN Comtrade, comtradeapi.un.org"
COL,Colombia,KHM,Cambodia,2022,281856,606972,,325116,115.35,,,"UN Comtrade, comtradeapi.un.org"
COL,Colombia,POL,Poland,2022,453079782,1052690740,,599610958,132.34,,,"UN Comtrade, comtradeapi.un.org"
COL,Colombia,ECU,Ecuador,2022,1882265486,2055108861,,172843375,9.18,,,"UN Comtrade, comtradeapi.un.org"
COL,Colombia,IRQ,Iraq,2022,8197798,1250000,,-6947798,-84.75,,,"UN Comtrade, comtradeapi.un.org"
COL,Colombia,PER,Peru,2022,1107119252,1248609954,,141490702,12.78,,,"UN Comtrade, comtradeapi.un.org"
COL,Colombia,CRI,Costa Rica,2022,318539850,408511125,,89971275,28.24,,,"UN Comtrade, comtradeapi.un.org"
COL,Colombia,FIN,Finland,2022,103433664,186559248,,83125584,80.37,,,"UN Comtrade, comtradeapi.un.org"
COL,Colombia,HUN,Hungary,2022,2341435,1384035,,-957400,-40.89,,,"UN Comtrade, comtradeapi.un.org"
COL,Colombia,CZE,Czechia,2022,7930780,57483009,53560490,49552229,624.81,45629710,575.35,"UN Comtrade, comtradeapi.un.org"
COL,Colombia,ARE,United Arab Emirates,2022,254300818,274141365,,19840547,7.8,,,"UN Comtrade, comtradeapi.un.org"
COL,Colombia,ARG,Argentina,2022,420074023,473439555,433908955,53365532,12.7,13834932,3.29,"UN Comtrade, comtradeapi.un.org"
COL,Colombia,DOM,Dominican Rep.,2022,902159070,813718514,763813056,-88440556,-9.8,-138346014,-15.33,"UN Comtrade, comtradeapi.un.org"
COL,Colombia,NOR,Norway,2022,113416114,435287197,,321871083,283.8,,,"UN Comtrade, comtradeapi.un.org"
COL,Colombia,SVK,Slovakia,2022,2234513,78414586,74733762,76180073,3409.25,72499249,3244.52,"UN Comtrade, comtradeapi.un.org"
COL,Colombia,PAK,Pakistan,2022,1319984,836603,,-483381,-36.62,,,"UN Comtrade, comtradeapi.un.org"
COL,Colombia,PRT,Portugal,2022,23198123,46736596,,23538473,101.47,,,"UN Comtrade, comtradeapi.un.org"
COL,Colombia,NIC,Nicaragua,2022,44725966,83003488,,38277522,85.58,,,"UN Comtrade, comtradeapi.un.org"
COL,Colombia,GTM,Guatemala,2022,459112968,657670149,,198557181,43.25,,,"UN Comtrade, comtradeapi.un.org"
AUT,Austria,USA,USA,2022,13298190351,18423497883,17812038981,5125307532,38.54,4513848630,33.94,"UN Comtrade, comtradeapi.un.org"
AUT,Austria,CHN,China,2022,5540451890,8236376544,,2695924654,48.66,,,"UN Comtrade, comtradeapi.un.org"
AUT,Austria,MEX,Mexico,2022,1768614532,2116091830,2116091830,347477298,19.65,347477298,19.65,"UN Comtrade, comtradeapi.un.org"
AUT,Austria,CAN,Canada,2022,1795984527,2037874272,2037874272,241889745,13.47,241889745,13.47,"UN Comtrade, comtradeapi.un.org"
AUT,Austria,JPN,Japan,2022,1772228220,2283725200,,511496980,28.86,,,"UN Comtrade, comtradeapi.un.org"
AUT,Austria,DEU,Germany,2022,60536649991,55825060779,,-4711589212,-7.78,,,"UN Comtrade, comtradeapi.un.org"
AUT,Austria,VNM,Viet Nam,2022,238079339,334358197,,96278858,40.44,,,"UN Comtrade, comtradeapi.un.org"
AUT,Austria,KOR,Rep. of Korea,2022,1852848070,2172250235,,319402165,17.24,,,"UN Comtrade, comtradeapi.un.org"
AUT,Austria,S19,"Other Asia, nes",2022,958504569,1141195402,,182690833,19.06,,,"UN Comtrade, comtradeapi.un.org"
AUT,Austria,IND,India,2022,1247023766,857548683,,-389475083,-31.23,,,"UN Comtrade, comtradeapi.un.org"
AUT,Austria,IRL,Ireland,2022,480135147,397264570,,-82870577,-17.26,,,"UN Comtrade, comtradeapi.un.org"
AUT,Austria,ITA,Italy,2022,13763511550,14520411963,,756900413,5.5,,,"UN Comtrade, comtradeapi.un.org"
AUT,Austria,GBR,United Kingdom,2022,5365158947,5623109222,,257950275,4.81,,,"UN Comtrade, comtradeapi.un.org"
AUT,Austria,THA,Thailand,2022,295834973,447540953,,151705980,51.28,,,"UN Comtrade, comtradeapi.un.org"
AUT,Austria,CHE,Switzerland,2022,10880465965,11629104900,,748638935,6.88,,,"UN Comtrade, comtradeapi.un.org"
AUT,Austria,FRA,France,2022,8070674084,7297295571,,-773378513,-9.58,,,"UN Comtrade, comtradeapi.un.org"
AUT,Austria,MYS,Malaysia,2022,591064564,631786759,,40722195,6.89,,,"UN Comtrade, comtradeapi.un.org"
AUT,Austria,BRA,Brazil,2022,1179350266,1474320296,1379499386,294970030,25.01,200149120,16.97,"UN Comtrade, comtradeapi.un.org"
AUT,Austria,IDN,Indonesia,2022,264153159,361383930,,97230771,36.81,,,"UN Comtrade, comtradeapi.un.org"
AUT,Austria,NLD,Netherlands,2022,3876524897,4022984346,,146459449,3.78,,,"UN Comtrade, comtradeapi.un.org"
AUT,Austria,SGP,Singapore,2022,517517069,905484295,,387967226,74.97,,,"UN Comtrade, comtradeapi.un.org"
AUT,Austria,BEL,Belgium,2022,3158530543,2837342816,,-321187727,-10.17,,,"UN Comtrade, comtradeapi.un.org"
AUT,Austria,ESP,Spain,2022,3070840430,2847731606,,-223108824,-7.27,,,"UN Comtrade, comtradeapi.un.org"
AUT,Austria,SAU,Saudi Arabia,2022,505965732,796777391,,290811659,57.48,,,"UN Comtrade, comtradeapi.un.org"
AUT,Austria,ISR,Israel,2022,584894330,726641000,,141746670,24.23,,,"UN Comtrade, comtradeapi.un.org"
AUT,Austria,TUR,Türkiye,2022,1898867159,1970422689,1854865196,71555530,3.77,-44001963,-2.32,"UN Comtrade, comtradeapi.un.org"
AUT,Austria,COL,Colombia,2022,138549023,165490764,152799145,26941741,19.45,14250122,10.29,"UN Comtrade, comtradeapi.un.org"
AUT,Austria,SWE,Sweden,2022,2086632670,2218809546,,132176876,6.33,,,"UN Comtrade, comtradeapi.un.org"
AUT,Austria,PHL,Philippines,2022,179318008,156435344,147354442,-22882664,-12.76,-31963566,-17.83,"UN Comtrade, comtradeapi.un.org"
AUT,Austria,CHL,Chile,2022,272683588,373662162,344317065,100978574,37.03,71633477,26.27,"UN Comtrade, comtradeapi.un.org"
AUT,Austria,AUS,Australia,2022,1306859635,1397968944,1299524752,91109309,6.97,-7334883,-0.56,"UN Comtrade, comtradeapi.un.org"
AUT,Austria,ZAF,South Africa,2022,712117991,651498003,651498003,-60619988,-8.51,-60619988,-8.51,"UN Comtrade, comtradeapi.un.org"
AUT,Austria,DNK,Denmark,2022,1122393205,1175932145,,53538940,4.77,,,"UN Comtrade, comtradeapi.un.org"
AUT,Austria,KHM,Cambodia,2022,4658095,4710286,,52191,1.12,,,"UN Comtrade, comtradeapi.un.org"
AUT,Austria,POL,Poland,2022,7669024811,5433221768,,-2235803043,-29.15,,,"UN Comtrade, comtradeapi.un.org"
AUT,Austria,ECU,Ecuador,2022,73032313,73528266,,495953,0.68,,,"UN Comtrade, comtradeapi.un.org"
AUT,Austria,IRQ,Iraq,2022,99504181,8485847,,-91018334,-91.47,,,"UN Comtrade, comtradeapi.un.org"
AUT,Austria,PER,Peru,2022,80626960,106461918,,25834958,32.04,,,"UN Comtrade, comtradeapi.un.org"
AUT,Austria,CRI,Costa Rica,2022,23750628,34406091,,10655463,44.86,,,"UN Comtrade, comtradeapi.un.org"
AUT,Austria,FIN,Finland,2022,898822000,957093649,,58271649,6.48,,,"UN Comtrade, comtradeapi.un.org"
AUT,Austria,HUN,Hungary,2022,7941500500,11563561517,,3622061017,45.61,,,"UN Comtrade, comtradeapi.un.org"
AUT,Austria,CZE,Czechia,2022,7304665930,6312153680,6312153680,-992512250,-13.59,-992512250,-13.59,"UN Comtrade, comtradeapi.un.org"
AUT,Austria,ARE,United Arab Emirates,2022,560418397,1056638120,,496219723,88.54,,,"UN Comtrade, comtradeapi.un.org"
AUT,Austria,ARG,Argentina,2022,169546997,255921855,240557941,86374858,50.94,71010944,41.88,"UN Comtrade, comtradeapi.un.org"
AUT,Austria,DOM,Dominican Rep.,2022,46023089,49376499,44406394,3353410,7.29,-1616695,-3.51,"UN Comtrade, comtradeapi.un.org"
AUT,Austria,NOR,Norway,2022,662366158,728926540,,66560382,10.05,,,"UN Comtrade, comtradeapi.un.org"
AUT,Austria,SVK,Slovakia,2022,3830872869,2931899024,2842245276,-898973845,-23.47,-988627593,-25.81,"UN Comtrade, comtradeapi.un.org"
AUT,Austria,PAK,Pakistan,2022,135946479,121522141,,-14424338,-10.61,,,"UN Comtrade, comtradeapi.un.org"
AUT,Austria,PRT,Portugal,2022,554106240,584294840,,30188600,5.45,,,"UN Comtrade, comtradeapi.un.org"
AUT,Austria,NIC,Nicaragua,2022,2030319,13530841,,11500522,566.44,,,"UN Comtrade, comtradeapi.un.org"
AUT,Austria,GTM,Guatemala,2022,28065967,41783832,,13717865,48.88,,,"UN Comtrade, comtradeapi.un.org"
SWE,Sweden,USA,USA,2022,17555069526,17691448151,17102576538,136378625,0.78,-452492988,-2.58,"UN Comtrade, comtradeapi.un.org"
SWE,Sweden,CHN,China,2022,7000144234,9162740635,,2162596401,30.89,,,"UN Comtrade, comtradeapi.un.org"
SWE,Sweden,MEX,Mexico,2022,915306873,1288754828,1288754828,373447955,40.8,373447955,40.8,"UN Comtrade, comtradeapi.un.org"
SWE,Sweden,CAN,Canada,2022,1423432852,2264565725,2264565725,841132873,59.09,841132873,59.09,"UN Comtrade, comtradeapi.un.org"
SWE,Sweden,JPN,Japan,2022,2700528332,3352749419,,652221087,24.15,,,"UN Comtrade, comtradeapi.un.org"
SWE,Sweden,DEU,Germany,2022,19696100703,19805890674,,109789971,0.56,,,"UN Comtrade, comtradeapi.un.org"
SWE,Sweden,VNM,Viet Nam,2022,231973367,353190055,,121216688,52.25,,,"UN Comtrade, comtradeapi.un.org"
SWE,Sweden,KOR,Rep. of Korea,2022,1681817269,1942882489,,261065220,15.52,,,"UN Comtrade, comtradeapi.un.org"
SWE,Sweden,S19,"Other Asia, nes",2022,792109522,1000738385,,208628863,26.34,,,"UN Comtrade, comtradeapi.un.org"
SWE,Sweden,IND,India,2022,1579071852,1686988028,,107916176,6.83,,,"UN Comtrade, comtradeapi.un.org"
SWE,Sweden,IRL,Ireland,2022,806800673,803380553,,-3420120,-0.42,,,"UN Comtrade, comtradeapi.un.org"
SWE,Sweden,ITA,Italy,2022,5863424933,6686030103,,822605170,14.03,,,"UN Comtrade, comtradeapi.un.org"
SWE,Sweden,GBR,United Kingdom,2022,10709498469,9776251703,,-933246766,-8.71,,,"UN Comtrade, comtradeapi.un.org"
SWE,Sweden,THA,Thailand,2022,714967087,837772061,,122804974,17.18,,,"UN Comtrade, comtradeapi.un.org"
SWE,Sweden,CHE,Switzerland,2022,1704488151,1634573375,,-69914776,-4.1,,,"UN Comtrade, comtradeapi.un.org"
SWE,Sweden,FRA,France,2022,7738666796,7828294708,,89627912,1.16,,,"UN Comtrade, comtradeapi.un.org"
SWE,Sweden,MYS,Malaysia,2022,365014155,599871649,,234857494,64.34,,,"UN Comtrade, comtradeapi.un.org"
SWE,Sweden,BRA,Brazil,2022,1403703563,2304604886,2178495492,900901323,64.18,774791929,55.2,"UN Comtrade, comtradeapi.un.org"
SWE,Sweden,IDN,Indonesia,2022,423210156,620334613,,197124457,46.58,,,"UN Comtrade, comtradeapi.un.org"
SWE,Sweden,NLD,Netherlands,2022,9469768680,9856778879,,387010199,4.09,,,"UN Comtrade, comtradeapi.un.org"
SWE,Sweden,SGP,Singapore,2022,1429663664,1490825722,,61162058,4.28,,,"UN Comtrade, comtradeapi.un.org"
SWE,Sweden,BEL,Belgium,2022,7145446235,6223530778,,-921915457,-12.9,,,"UN Comtrade, comtradeapi.un.org"
SWE,Sweden,ESP,Spain,2022,3773395256,4240809088,,467413832,12.39,,,"UN Comtrade, comtradeapi.un.org"
SWE,Sweden,SAU,Saudi Arabia,2022,1285445579,1511670932,,226225353,17.6,,,"UN Comtrade, comtradeapi.un.org"
SWE,Sweden,ISR,Israel,2022,380243260,1126676000,,746432740,196.3,,,"UN Comtrade, comtradeapi.un.org"
SWE,Sweden,TUR,Türkiye,2022,1965883368,2197895037,2050570997,232011669,11.8,84687629,4.31,"UN Comtrade, comtradeapi.un.org"
SWE,Sweden,COL,Colombia,2022,179229573,227459436,209752084,48229863,26.91,30522511,17.03,"UN Comtrade, comtradeapi.un.org"
SWE,Sweden,AUT,Austria,2022,1915905672,2117782560,,201876888,10.54,,,"UN Comtrade, comtradeapi.un.org"
SWE,Sweden,PHL,Philippines,2022,151627235,185918172,173818891,34290937,22.62,22191656,14.64,"UN Comtrade, comtradeapi.un.org"
SWE,Sweden,CHL,Chile,2022,413211394,564101747,529926281,150890353,36.52,116714887,28.25,"UN Comtrade, comtradeapi.un.org"
SWE,Sweden,AUS,Australia,2022,1627202848,1844566870,1728003399,217364022,13.36,100800551,6.19,"UN Comtrade, comtradeapi.un.org"
SWE,Sweden,ZAF,South Africa,2022,974760802,1017282221,1017282221,42521419,4.36,42521419,4.36,"UN Comtrade, comtradeapi.un.org"
SWE,Sweden,DNK,Denmark,2022,14703650643,15553219213,,849568570,5.78,,,"UN Comtrade, comtradeapi.un.org"
SWE,Sweden,KHM,Cambodia,2022,6835503,9070819,,2235316,32.7,,,"UN Comtrade, comtradeapi.un.org"
SWE,Sweden,POL,Poland,2022,7914507883,6641036376,,-1273471507,-16.09,,,"UN Comtrade, comtradeapi.un.org"
SWE,Sweden,ECU,Ecuador,2022,49091225,191054425,,141963200,289.18,,,"UN Comtrade, comtradeapi.un.org"
SWE,Sweden,IRQ,Iraq,2022,75768038,30769366,,-44998672,-59.39,,,"UN Comtrade, comtradeapi.un.org"
SWE,Sweden,PER,Peru,2022,176296781,281608453,,105311672,59.74,,,"UN Comtrade, comtradeapi.un.org"
SWE,Sweden,CRI,Costa Rica,2022,43885402,64747359,,20861957,47.54,,,"UN Comtrade, comtradeapi.un.org"
SWE,Sweden,FIN,Finland,2022,14444051405,12139116945,,-2304934460,-15.96,,,"UN Comtrade, comtradeapi.un.org"
SWE,Sweden,HUN,Hungary,2022,836213033,954952576,,118739543,14.2,,,"UN Comtrade, comtradeapi.un.org"
SWE,Sweden,CZE,Czechia,2022,1709954002,1799496565,1694219785,89542563,5.24,-15734217,-0.92,"UN Comtrade, comtradeapi.un.org"
SWE,Sweden,ARE,United Arab Emirates,2022,803730946,1235001348,,431270402,53.66,,,"UN Comtrade, comtradeapi.un.org"
SWE,Sweden,ARG,Argentina,2022,216233102,264524146,250483123,48291044,22.33,34250021,15.84,"UN Comtrade, comtradeapi.un.org"
SWE,Sweden,DOM,Dominican Rep.,2022,55873833,73444646,68378436,17570813,31.45,12504603,22.38,"UN Comtrade, comtradeapi.un.org"
SWE,Sweden,NOR,Norway,2022,21215819078,13197327165,,-8018491913,-37.79,,,"UN Comtrade, comtradeapi.un.org"
SWE,Sweden,SVK,Slovakia,2022,540742629,640962148,635859333,100219519,18.53,95116704,17.59,"UN Comtrade, comtradeapi.un.org"
SWE,Sweden,PAK,Pakistan,2022,218793845,249759409,,30965564,14.15,,,"UN Comtrade, comtradeapi.un.org"
SWE,Sweden,PRT,Portugal,2022,944609387,1066758502,,122149115,12.93,,,"UN Comtrade, comtradeapi.un.org"
SWE,Sweden,NIC,Nicaragua,2022,9890895,11105987,,1215092,12.28,,,"UN Comtrade, comtradeapi.un.org"
SWE,Sweden,GTM,Guatemala,2022,30971644,53587963,,22616319,73.02,,,"UN Comtrade, comtradeapi.un.org"
PHL,Philippines,USA,USA,2022,12476937774,16876576518,16172994552,4399638744,35.26,3696056778,29.62,"UN Comtrade, comtradeapi.un.org"
PHL,Philippines,CHN,China,2022,10965840327,23046246017,,12080405690,110.16,,,"UN Comtrade, comtradeapi.un.org"
PHL,Philippines,MEX,Mexico,2022,857388195,3915308738,3915308738,3057920543,356.66,3057920543,356.66,"UN Comtrade, comtradeapi.un.org"
PHL,Philippines,CAN,Canada,2022,599887353,1496531341,1496531341,896643988,149.47,896643988,149.47,"UN Comtrade, comtradeapi.un.org"
PHL,Philippines,JPN,Japan,2022,11094093997,10860593871,,-233500126,-2.1,,,"UN Comtrade, comtradeapi.un.org"
PHL,Philippines,DEU,Germany,2022,2779331334,5689649457,,2910318123,104.71,,,"UN Comtrade, comtradeapi.un.org"
PHL,Philippines,VNM,Viet Nam,2022,1722317281,2712287360,,989970079,57.48,,,"UN Comtrade, comtradeapi.un.org"
PHL,Philippines,KOR,Rep. of Korea,2022,3127015016,5177612346,,2050597330,65.58,,,"UN Comtrade, comtradeapi.un.org"
PHL,Philippines,S19,"Other Asia, nes",2022,2964904071,3065946794,,101042723,3.41,,,"UN Comtrade, comtradeapi.un.org"
PHL,Philippines,IND,India,2022,719272025,896445938,,177173913,24.63,,,"UN Comtrade, comtradeapi.un.org"
PHL,Philippines,IRL,Ireland,2022,278821662,241551180,,-37270482,-13.37,,,"UN Comtrade, comtradeapi.un.org"
PHL,Philippines,ITA,Italy,2022,297212401,433488766,,136276365,45.85,,,"UN Comtrade, comtradeapi.un.org"
PHL,Philippines,GBR,United Kingdom,2022,544940755,4606166305,,4061225550,745.26,,,"UN Comtrade, comtradeapi.un.org"
PHL,Philippines,THA,Thailand,2022,3374362655,3808721605,,434358950,12.87,,,"UN Comtrade, comtradeapi.un.org"
PHL,Philippines,CHE,Switzerland,2022,556489179,3784347859,,3227858680,580.04,,,"UN Comtrade, comtradeapi.un.org"
PHL,Philippines,FRA,France,2022,736782829,1369296345,,632513516,85.85,,,"UN Comtrade, comtradeapi.un.org"
PHL,Philippines,MYS,Malaysia,2022,2443546459,2961411589,,517865130,21.19,,,"UN Comtrade, comtradeapi.un.org"
PHL,Philippines,BRA,Brazil,2022,216795025,342567413,314189950,125772388,58.01,97394925,44.92,"UN Comtrade, comtradeapi.un.org"
PHL,Philippines,IDN,Indonesia,2022,725816637,1493698147,,767881510,105.8,,,"UN Comtrade, comtradeapi.un.org"
PHL,Philippines,NLD,Netherlands,2022,2941094285,2838821159,,-102273126,-3.48,,,"UN Comtrade, comtradeapi.un.org"
PHL,Philippines,SGP,Singapore,2022,4908819055,8348189628,,3439370573,70.07,,,"UN Comtrade, comtradeapi.un.org"
PHL,Philippines,BEL,Belgium,2022,219459743,156993288,,-62466455,-28.46,,,"UN Comtrade, comtradeapi.un.org"
PHL,Philippines,ESP,Spain,2022,246429961,452370437,,205940476,83.57,,,"UN Comtrade, comtradeapi.un.org"
PHL,Philippines,SAU,Saudi Arabia,2022,72987876,179547871,,106559995,146.0,,,"UN Comtrade, comtradeapi.un.org"
PHL,Philippines,ISR,Israel,2022,107097474,112411000,,5313526,4.96,,,"UN Comtrade, comtradeapi.un.org"
PHL,Philippines,TUR,Türkiye,2022,64468620,318743809,299422503,254275189,394.42,234953883,364.45,"UN Comtrade, comtradeapi.un.org"
PHL,Philippines,COL,Colombia,2022,23333794,48738633,45479715,25404839,108.88,22145921,94.91,"UN Comtrade, comtradeapi.un.org"
PHL,Philippines,AUT,Austria,2022,140814379,299408199,,158593820,112.63,,,"UN Comtrade, comtradeapi.un.org"
PHL,Philippines,SWE,Sweden,2022,41771524,127672719,,85901195,205.65,,,"UN Comtrade, comtradeapi.un.org"
PHL,Philippines,CHL,Chile,2022,44778608,62837007,55214246,18058399,40.33,10435638,23.3,"UN Comtrade, comtradeapi.un.org"
PHL,Philippines,AUS,Australia,2022,557059924,719758493,665144865,162698569,29.21,108084941,19.4,"UN Comtrade, comtradeapi.un.org"
PHL,Philippines,ZAF,South Africa,2022,107798974,155146644,155146644,47347670,43.92,47347670,43.92,"UN Comtrade, comtradeapi.un.org"
PHL,Philippines,DNK,Denmark,2022,98138148,133272952,,35134804,35.8,,,"UN Comtrade, comtradeapi.un.org"
PHL,Philippines,KHM,Cambodia,2022,53699681,60527753,,6828072,12.72,,,"UN Comtrade, comtradeapi.un.org"
PHL,Philippines,POL,Poland,2022,215426502,701229257,,485802755,225.51,,,"UN Comtrade, comtradeapi.un.org"
PHL,Philippines,ECU,Ecuador,2022,5915085,22869714,,16954629,286.63,,,"UN Comtrade, comtradeapi.un.org"
PHL,Philippines,IRQ,Iraq,2022,4051145,3687434,,-363711,-8.98,,,"UN Comtrade, comtradeapi.un.org"
PHL,Philippines,PER,Peru,2022,36345797,68956925,,32611128,89.72,,,"UN Comtrade, comtradeapi.un.org"
PHL,Philippines,CRI,Costa Rica,2022,30429379,22547976,,-7881403,-25.9,,,"UN Comtrade, comtradeapi.un.org"
PHL,Philippines,FIN,Finland,2022,25322837,207440938,,182118101,719.19,,,"UN Comtrade, comtradeapi.un.org"
PHL,Philippines,HUN,Hungary,2022,162584149,178908945,,16324796,10.04,,,"UN Comtrade, comtradeapi.un.org"
PHL,Philippines,CZE,Czechia,2022,213913074,591978321,559094745,378065247,176.74,345181671,161.37,"UN Comtrade, comtradeapi.un.org"
PHL,Philippines,ARE,United Arab Emirates,2022,315190856,1467943388,,1152752532,365.73,,,"UN Comtrade, comtradeapi.un.org"
PHL,Philippines,ARG,Argentina,2022,100769467,132570725,123610756,31801258,31.56,22841289,22.67,"UN Comtrade, comtradeapi.un.org"
PHL,Philippines,DOM,Dominican Rep.,2022,42199124,80816297,70211145,38617173,91.51,28012021,66.38,"UN Comtrade, comtradeapi.un.org"
PHL,Philippines,NOR,Norway,2022,8631191,70363371,,61732180,715.22,,,"UN Comtrade, comtradeapi.un.org"
PHL,Philippines,SVK,Slovakia,2022,20203824,69015633,67326167,48811809,241.6,47122343,233.23,"UN Comtrade, comtradeapi.un.org"
PHL,Philippines,PAK,Pakistan,2022,44283593,49682047,,5398454,12.19,,,"UN Comtrade, comtradeapi.un.org"
PHL,Philippines,PRT,Portugal,2022,43998200,58047584,,14049384,31.93,,,"UN Comtrade, comtradeapi.un.org"
PHL,Philippines,NIC,Nicaragua,2022,344130,5691332,,5347202,1553.83,,,"UN Comtrade, comtradeapi.un.org"
PHL,Philippines,GTM,Guatemala,2022,2162972,21352002,,19189030,887.16,,,"UN Comtrade, comtradeapi.un.org"
CHL,Chile,USA,USA,2022,13609949574,16801402284,15589848474,3191452710,23.45,1979898900,14.55,"UN Comtrade, comtradeapi.un.org"
CHL,Chile,CHN,China,2022,38902826211,44486040476,,5583214265,14.35,,,"UN Comtrade, comtradeapi.un.org"
CHL,Chile,MEX,Mexico,2022,1767127283,2117002388,2117002388,349875105,19.8,349875105,19.8,"UN Comtrade, comtradeapi.un.org"
CHL,Chile,CAN,Canada,2022,1366087463,1884471512,1884471512,518384049,37.95,518384049,37.95,"UN Comtrade, comtradeapi.un.org"
CHL,Chile,JPN,Japan,2022,7498577102,7815544868,,316967766,4.23,,,"UN Comtrade, comtradeapi.un.org"
CHL,Chile,DEU,Germany,2022,1027347095,1530115366,,502768271,48.94,,,"UN Comtrade, comtradeapi.un.org"
CHL,Chile,VNM,Viet Nam,2022,409176352,432321657,,23145305,5.66,,,"UN Comtrade, comtradeapi.un.org"
CHL,Chile,KOR,Rep. of Korea,2022,6377141723,6801722127,,424580404,6.66,,,"UN Comtrade, comtradeapi.un.org"
CHL,Chile,S19,"Other Asia, nes",2022,1573245573,1651892601,,78647028,5.0,,,"UN Comtrade, comtradeapi.un.org"
CHL,Chile,IND,India,2022,1205190801,1444957448,,239766647,19.89,,,"UN Comtrade, comtradeapi.un.org"
CHL,Chile,IRL,Ireland,2022,61939254,82198375,,20259121,32.71,,,"UN Comtrade, comtradeapi.un.org"
CHL,Chile,ITA,Italy,2022,691592437,718048662,,26456225,3.83,,,"UN Comtrade, comtradeapi.un.org"
CHL,Chile,GBR,United Kingdom,2022,616454098,944506194,,328052096,53.22,,,"UN Comtrade, comtradeapi.un.org"
CHL,Chile,THA,Thailand,2022,666066343,759409113,,93342770,14.01,,,"UN Comtrade, comtradeapi.un.org"
CHL,Chile,CHE,Switzerland,2022,902570658,911204738,,8634080,0.96,,,"UN Comtrade, comtradeapi.un.org"
CHL,Chile,FRA,France,2022,1031846621,1296855743,,265009122,25.68,,,"UN Comtrade, comtradeapi.un.org"
CHL,Chile,MYS,Malaysia,2022,277020824,334660037,,57639213,20.81,,,"UN Comtrade, comtradeapi.un.org"
CHL,Chile,BRA,Brazil,2022,4487432579,4792774163,4620425802,305341584,6.8,132993223,2.96,"UN Comtrade, comtradeapi.un.org"
CHL,Chile,IDN,Indonesia,2022,197041712,233014596,,35972884,18.26,,,"UN Comtrade, comtradeapi.un.org"
CHL,Chile,NLD,Netherlands,2022,1896500318,1571906577,,-324593741,-17.12,,,"UN Comtrade, comtradeapi.un.org"
CHL,Chile,SGP,Singapore,2022,188580701,192811579,,4230878,2.24,,,"UN Comtrade, comtradeapi.un.org"
CHL,Chile,BEL,Belgium,2022,999748276,448277146,,-551471130,-55.16,,,"UN Comtrade, comtradeapi.un.org"
CHL,Chile,ESP,Spain,2022,1430380846,1662740809,,232359963,16.24,,,"UN Comtrade, comtradeapi.un.org"
CHL,Chile,SAU,Saudi Arabia,2022,98952722,163463076,,64510354,65.19,,,"UN Comtrade, comtradeapi.un.org"
CHL,Chile,ISR,Israel,2022,113575312,131239000,,17663688,15.55,,,"UN Comtrade, comtradeapi.un.org"
CHL,Chile,TUR,Türkiye,2022,174205342,238387023,222293851,64181681,36.84,48088509,27.6,"UN Comtrade, comtradeapi.un.org"
CHL,Chile,COL,Colombia,2022,924759396,977190138,893526010,52430742,5.67,-31233386,-3.38,"UN Comtrade, comtradeapi.un.org"
CHL,Chile,AUT,Austria,2022,33434307,247091916,,213657609,639.04,,,"UN Comtrade, comtradeapi.un.org"
CHL,Chile,SWE,Sweden,2022,107754451,126611345,,18856894,17.5,,,"UN Comtrade, comtradeapi.un.org"
CHL,Chile,PHL,Philippines,2022,135191589,71604663,65899609,-63586926,-47.03,-69291980,-51.25,"UN Comtrade, comtradeapi.un.org"
CHL,Chile,AUS,Australia,2022,229918629,352406154,318358457,122487525,53.27,88439828,38.47,"UN Comtrade, comtradeapi.un.org"
CHL,Chile,ZAF,South Africa,2022,212620300,210288476,210288476,-2331824,-1.1,-2331824,-1.1,"UN Comtrade, comtradeapi.un.org"
CHL,Chile,DNK,Denmark,2022,138199459,171544437,,33344978,24.13,,,"UN Comtrade, comtradeapi.un.org"
CHL,Chile,KHM,Cambodia,2022,15190619,13339703,,-1850916,-12.18,,,"UN Comtrade, comtradeapi.un.org"
CHL,Chile,POL,Poland,2022,90052538,235427712,,145375174,161.43,,,"UN Comtrade, comtradeapi.un.org"
CHL,Chile,ECU,Ecuador,2022,571174946,590335709,,19160763,3.35,,,"UN Comtrade, comtradeapi.un.org"
CHL,Chile,IRQ,Iraq,2022,2759482,14350,,-2745132,-99.48,,,"UN Comtrade, comtradeapi.un.org"
CHL,Chile,PER,Peru,2022,1812545123,1601986848,,-210558275,-11.62,,,"UN Comtrade, comtradeapi.un.org"
CHL,Chile,CRI,Costa Rica,2022,296802686,356620583,,59817897,20.15,,,"UN Comtrade, comtradeapi.un.org"
CHL,Chile,FIN,Finland,2022,74236084,80475315,,6239231,8.4,,,"UN Comtrade, comtradeapi.un.org"
CHL,Chile,HUN,Hungary,2022,3297107,24004597,,20707490,628.05,,,"UN Comtrade, comtradeapi.un.org"
CHL,Chile,CZE,Czechia,2022,23444865,50909703,48127212,27464838,117.15,24682347,105.28,"UN Comtrade, comtradeapi.un.org"
CHL,Chile,ARE,United Arab Emirates,2022,216523859,271153737,,54629878,25.23,,,"UN Comtrade, comtradeapi.un.org"
CHL,Chile,ARG,Argentina,2022,908757741,778151092,736422508,-130606649,-14.37,-172335233,-18.96,"UN Comtrade, comtradeapi.un.org"
CHL,Chile,DOM,Dominican Rep.,2022,164684204,117882936,103218900,-46801268,-28.42,-61465304,-37.32,"UN Comtrade, comtradeapi.un.org"
CHL,Chile,NOR,Norway,2022,58244179,262677758,,204433579,350.99,,,"UN Comtrade, comtradeapi.un.org"
CHL,Chile,SVK,Slovakia,2022,1211141,8292980,8224738,7081839,584.72,7013597,579.09,"UN Comtrade, comtradeapi.un.org"
CHL,Chile,PAK,Pakistan,2022,30670383,45401404,,14731021,48.03,,,"UN Comtrade, comtradeapi.un.org"
CHL,Chile,PRT,Portugal,2022,48081980,70292869,,22210889,46.19,,,"UN Comtrade, comtradeapi.un.org"
CHL,Chile,NIC,Nicaragua,2022,26289894,37068179,,10778285,41.0,,,"UN Comtrade, comtradeapi.un.org"
CHL,Chile,GTM,Guatemala,2022,186003751,237758838,,51755087,27.82,,,"UN Comtrade, comtradeapi.un.org"
AUS,Australia,USA,USA,2022,12366168496,16504822019,16082189262,4138653523,33.47,3716020766,30.05,"UN Comtrade, comtradeapi.un.org"
AUS,Australia,CHN,China,2022,102353020794,142091499347,,39738478553,38.82,,,"UN Comtrade, comtradeapi.un.org"
AUS,Australia,MEX,Mexico,2022,338865428,540950748,540950748,202085320,59.64,202085320,59.64,"UN Comtrade, comtradeapi.un.org"
AUS,Australia,CAN,Canada,2022,1345167059,2035002178,2035002178,689835119,51.28,689835119,51.28,"UN Comtrade, comtradeapi.un.org"
AUS,Australia,JPN,Japan,2022,52518468580,88400517153,,35882048573,68.32,,,"UN Comtrade, comtradeapi.un.org"
AUS,Australia,DEU,Germany,2022,2688475388,5656849377,,2968373989,110.41,,,"UN Comtrade, comtradeapi.un.org"
AUS,Australia,VNM,Viet Nam,2022,9504012077,10112999236,,608987159,6.41,,,"UN Comtrade, comtradeapi.un.org"
AUS,Australia,KOR,Rep. of Korea,2022,24697460812,44928575942,,20231115130,81.92,,,"UN Comtrade, comtradeapi.un.org"
AUS,Australia,S19,"Other Asia, nes",2022,13543970387,24694563150,,11150592763,82.33,,,"UN Comtrade, comtradeapi.un.org"
AUS,Australia,IND,India,2022,19248297308,19623302748,,375005440,1.95,,,"UN Comtrade, comtradeapi.un.org"
AUS,Australia,IRL,Ireland,2022,119801598,110919219,,-8882379,-7.41,,,"UN Comtrade, comtradeapi.un.org"
AUS,Australia,ITA,Italy,2022,853398125,1244512576,,391114451,45.83,,,"UN Comtrade, comtradeapi.un.org"
AUS,Australia,GBR,United Kingdom,2022,2064954636,2819986416,,755031780,36.56,,,"UN Comtrade, comtradeapi.un.org"
AUS,Australia,THA,Thailand,2022,3821272235,7128319304,,3307047069,86.54,,,"UN Comtrade, comtradeapi.un.org"
AUS,Australia,CHE,Switzerland,2022,1707451732,3325099228,,1617647496,94.74,,,"UN Comtrade, comtradeapi.un.org"
AUS,Australia,FRA,France,2022,2058692050,2491028949,,432336899,21.0,,,"UN Comtrade, comtradeapi.un.org"
AUS,Australia,MYS,Malaysia,2022,6148342619,9232799509,,3084456890,50.17,,,"UN Comtrade, comtradeapi.un.org"
AUS,Australia,BRA,Brazil,2022,1819415947,2844575842,2667610912,1025159895,56.35,848194965,46.62,"UN Comtrade, comtradeapi.un.org"
AUS,Australia,IDN,Indonesia,2022,7633073324,9863220276,,2230146952,29.22,,,"UN Comtrade, comtradeapi.un.org"
AUS,Australia,NLD,Netherlands,2022,5476359121,3273080155,,-2203278966,-40.23,,,"UN Comtrade, comtradeapi.un.org"
AUS,Australia,SGP,Singapore,2022,4730057819,8549357812,,3819299993,80.75,,,"UN Comtrade, comtradeapi.un.org"
AUS,Australia,BEL,Belgium,2022,1745333631,1107375266,,-637958365,-36.55,,,"UN Comtrade, comtradeapi.un.org"
AUS,Australia,ESP,Spain,2022,882088192,1121004015,,238915823,27.09,,,"UN Comtrade, comtradeapi.un.org"
AUS,Australia,SAU,Saudi Arabia,2022,1477969739,1920661038,,442691299,29.95,,,"UN Comtrade, comtradeapi.un.org"
AUS,Australia,ISR,Israel,2022,165102744,239130000,,74027256,44.84,,,"UN Comtrade, comtradeapi.un.org"
AUS,Australia,TUR,Türkiye,2022,1015774541,1639550718,1500904482,623776177,61.41,485129941,47.76,"UN Comtrade, comtradeapi.un.org"
AUS,Australia,COL,Colombia,2022,22725072,47836468,44285198,25111396,110.5,21560126,94.87,"UN Comtrade, comtradeapi.un.org"
AUS,Australia,AUT,Austria,2022,50669560,258175694,,207506134,409.53,,,"UN Comtrade, comtradeapi.un.org"
AUS,Australia,SWE,Sweden,2022,647922555,655805023,,7882468,1.22,,,"UN Comtrade, comtradeapi.un.org"
AUS,Australia,PHL,Philippines,2022,2447884096,3131345183,2805130139,683461087,27.92,357246043,14.59,"UN Comtrade, comtradeapi.un.org"
AUS,Australia,CHL,Chile,2022,738201793,860376213,784683321,122174420,16.55,46481528,6.3,"UN Comtrade, comtradeapi.un.org"
AUS,Australia,ZAF,South Africa,2022,1214451283,1275041805,1275041805,60590522,4.99,60590522,4.99,"UN Comtrade, comtradeapi.un.org"
AUS,Australia,DNK,Denmark,2022,97371824,86833662,,-10538162,-10.82,,,"UN Comtrade, comtradeapi.un.org"
AUS,Australia,KHM,Cambodia,2022,62448372,144576934,,82128562,131.51,,,"UN Comtrade, comtradeapi.un.org"
AUS,Australia,POL,Poland,2022,1004232736,1426363300,,422130564,42.04,,,"UN Comtrade, comtradeapi.un.org"
AUS,Australia,ECU,Ecuador,2022,30303281,46371566,,16068285,53.02,,,"UN Comtrade, comtradeapi.un.org"
AUS,Australia,IRQ,Iraq,2022,110030177,27840317,,-82189860,-74.7,,,"UN Comtrade, comtradeapi.un.org"
AUS,Australia,PER,Peru,2022,109576346,205768045,,96191699,87.79,,,"UN Comtrade, comtradeapi.un.org"
AUS,Australia,CRI,Costa Rica,2022,2420071,6545806,,4125735,170.48,,,"UN Comtrade, comtradeapi.un.org"
AUS,Australia,FIN,Finland,2022,477495536,534565399,,57069863,11.95,,,"UN Comtrade, comtradeapi.un.org"
AUS,Australia,HUN,Hungary,2022,30066434,42477752,,12411318,41.28,,,"UN Comtrade, comtradeapi.un.org"
AUS,Australia,CZE,Czechia,2022,75460630,282620715,265681863,207160085,274.53,190221233,252.08,"UN Comtrade, comtradeapi.un.org"
AUS,Australia,ARE,United Arab Emirates,2022,3027745984,3628792185,,601046201,19.85,,,"UN Comtrade, comtradeapi.un.org"
AUS,Australia,ARG,Argentina,2022,545404934,489819687,443656907,-55585247,-10.19,-101748027,-18.66,"UN Comtrade, comtradeapi.un.org"
AUS,Australia,DOM,Dominican Rep.,2022,16410888,31096252,27418924,14685364,89.49,11008036,67.08,"UN Comtrade, comtradeapi.un.org"
AUS,Australia,NOR,Norway,2022,71704528,262177737,,190473209,265.64,,,"UN Comtrade, comtradeapi.un.org"
AUS,Australia,SVK,Slovakia,2022,3018932,24450425,24117940,21431493,709.9,21099008,698.89,"UN Comtrade, comtradeapi.un.org"
AUS,Australia,PAK,Pakistan,2022,655331591,493537190,,-161794401,-24.69,,,"UN Comtrade, comtradeapi.un.org"
AUS,Australia,PRT,Portugal,2022,21891534,47714000,,25822466,117.96,,,"UN Comtrade, comtradeapi.un.org"
AUS,Australia,NIC,Nicaragua,2022,1242912,14116476,,12873564,1035.76,,,"UN Comtrade, comtradeapi.un.org"
AUS,Australia,GTM,Guatemala,2022,4944857,56637807,,51692950,1045.39,,,"UN Comtrade, comtradeapi.un.org"
ZAF,South Africa,USA,USA,2022,10728398003,14656908671,14359022003,3928510668,36.62,3630624000,33.84,"UN Comtrade, comtradeapi.un.org"
ZAF,South Africa,CHN,China,2022,11694960570,32543295482,,20848334912,178.27,,,"UN Comtrade, comtradeapi.un.org"
ZAF,South Africa,MEX,Mexico,2022,360227128,765118742,765118742,404891614,112.4,404891614,112.4,"UN Comtrade, comtradeapi.un.org"
ZAF,South Africa,CAN,Canada,2022,455368092,1738803545,1738803545,1283435453,281.85,1283435453,281.85,"UN Comtrade, comtradeapi.un.org"
ZAF,South Africa,JPN,Japan,2022,8498063971,10024469462,,1526405491,17.96,,,"UN Comtrade, comtradeapi.un.org"
ZAF,South Africa,DEU,Germany,2022,8834840079,13721784939,,4886944860,55.31,,,"UN Comtrade, comtradeapi.un.org"
ZAF,South Africa,VNM,Viet Nam,2022,322365085,399461104,,77096019,23.92,,,"UN Comtrade, comtradeapi.un.org"
ZAF,South Africa,KOR,Rep. of Korea,2022,2703716536,3769459514,,1065742978,39.42,,,"UN Comtrade, comtradeapi.un.org"
ZAF,South Africa,S19,"Other Asia, nes",2022,1216479276,1565958226,,349478950,28.73,,,"UN Comtrade, comtradeapi.un.org"
ZAF,South Africa,IND,India,2022,5225614938,11166487857,,5940872919,113.69,,,"UN Comtrade, comtradeapi.un.org"
ZAF,South Africa,IRL,Ireland,2022,161991688,346412175,,184420487,113.85,,,"UN Comtrade, comtradeapi.un.org"
ZAF,South Africa,ITA,Italy,2022,1764089857,2802551263,,1038461406,58.87,,,"UN Comtrade, comtradeapi.un.org"
ZAF,South Africa,GBR,United Kingdom,2022,6304930521,7892281232,,1587350711,25.18,,,"UN Comtrade, comtradeapi.un.org"
ZAF,South Africa,THA,Thailand,2022,404653064,744702764,,340049700,84.03,,,"UN Comtrade, comtradeapi.un.org"
ZAF,South Africa,CHE,Switzerland,2022,459168835,6374399212,,5915230377,1288.25,,,"UN Comtrade, comtradeapi.un.org"
ZAF,South Africa,FRA,France,2022,848734034,1645006371,,796272337,93.82,,,"UN Comtrade, comtradeapi.un.org"
ZAF,South Africa,MYS,Malaysia,2022,778957907,804248213,,25290306,3.25,,,"UN Comtrade, comtradeapi.un.org"
ZAF,South Africa,BRA,Brazil,2022,499249951,951614012,907790825,452364061,90.61,408540874,81.83,"UN Comtrade, comtradeapi.un.org"
ZAF,South Africa,IDN,Indonesia,2022,567137720,2163799457,,1596661737,281.53,,,"UN Comtrade, comtradeapi.un.org"
ZAF,South Africa,NLD,Netherlands,2022,6017506648,2906816795,,-3110689853,-51.69,,,"UN Comtrade, comtradeapi.un.org"
ZAF,South Africa,SGP,Singapore,2022,622201109,836677238,,214476129,34.47,,,"UN Comtrade, comtradeapi.un.org"
ZAF,South Africa,BEL,Belgium,2022,3954985787,2655753448,,-1299232339,-32.85,,,"UN Comtrade, comtradeapi.un.org"
ZAF,South Africa,ESP,Spain,2022,1402342578,1726293163,,323950585,23.1,,,"UN Comtrade, comtradeapi.un.org"
ZAF,South Africa,SAU,Saudi Arabia,2022,403561893,1205649028,,802087135,198.75,,,"UN Comtrade, comtradeapi.un.org"
ZAF,South Africa,ISR,Israel,2022,357464087,71528000,,-285936087,-79.99,,,"UN Comtrade, comtradeapi.un.org"
ZAF,South Africa,TUR,Türkiye,2022,552406221,1585331722,1504386493,1032925501,186.99,951980272,172.33,"UN Comtrade, comtradeapi.un.org"
ZAF,South Africa,COL,Colombia,2022,46707903,51326584,44653853,4618681,9.89,-2054050,-4.4,"UN Comtrade, comtradeapi.un.org"
ZAF,South Africa,AUT,Austria,2022,45720739,714624230,,668903491,1463.02,,,"UN Comtrade, comtradeapi.un.org"
ZAF,South Africa,SWE,Sweden,2022,142627331,209632416,,67005085,46.98,,,"UN Comtrade, comtradeapi.un.org"
ZAF,South Africa,PHL,Philippines,2022,59574541,50273121,46113938,-9301420,-15.61,-13460603,-22.59,"UN Comtrade, comtradeapi.un.org"
ZAF,South Africa,CHL,Chile,2022,64677492,79360416,71893393,14682924,22.7,7215901,11.16,"UN Comtrade, comtradeapi.un.org"
ZAF,South Africa,AUS,Australia,2022,834072118,1060595854,1000649544,226523736,27.16,166577426,19.97,"UN Comtrade, comtradeapi.un.org"
ZAF,South Africa,DNK,Denmark,2022,361173155,99988230,,-261184925,-72.32,,,"UN Comtrade, comtradeapi.un.org"
ZAF,South Africa,KHM,Cambodia,2022,8843953,10999631,,2155678,24.37,,,"UN Comtrade, comtradeapi.un.org"
ZAF,South Africa,POL,Poland,2022,498869061,1456205982,,957336921,191.9,,,"UN Comtrade, comtradeapi.un.org"
ZAF,South Africa,ECU,Ecuador,2022,15945251,13716124,,-2229127,-13.98,,,"UN Comtrade, comtradeapi.un.org"
ZAF,South Africa,IRQ,Iraq,2022,52017687,12734129,,-39283558,-75.52,,,"UN Comtrade, comtradeapi.un.org"
ZAF,South Africa,PER,Peru,2022,34138191,53547991,,19409800,56.86,,,"UN Comtrade, comtradeapi.un.org"
ZAF,South Africa,CRI,Costa Rica,2022,10355413,9734524,,-620889,-6.0,,,"UN Comtrade, comtradeapi.un.org"
ZAF,South Africa,FIN,Finland,2022,116016895,292922512,,176905617,152.48,,,"UN Comtrade, comtradeapi.un.org"
ZAF,South Africa,HUN,Hungary,2022,56602363,56897249,,294886,0.52,,,"UN Comtrade, comtradeapi.un.org"
ZAF,South Africa,CZE,Czechia,2022,478123576,934697440,872679057,456573864,95.49,394555481,82.52,"UN Comtrade, comtradeapi.un.org"
ZAF,South Africa,ARE,United Arab Emirates,2022,2499640671,4537244231,,2037603560,81.52,,,"UN Comtrade, comtradeapi.un.org"
ZAF,South Africa,ARG,Argentina,2022,163718099,195345150,183646265,31627051,19.32,19928166,12.17,"UN Comtrade, comtradeapi.un.org"
ZAF,South Africa,DOM,Dominican Rep.,2022,14977969,32389657,27475071,17411688,116.25,12497102,83.44,"UN Comtrade, comtradeapi.un.org"
ZAF,South Africa,NOR,Norway,2022,203740399,461339598,,257599199,126.44,,,"UN Comtrade, comtradeapi.un.org"
ZAF,South Africa,SVK,Slovakia,2022,2836470,103891822,102303165,101055352,3562.72,99466695,3506.71,"UN Comtrade, comtradeapi.un.org"
ZAF,South Africa,PAK,Pakistan,2022,702117194,1215378024,,513260830,73.1,,,"UN Comtrade, comtradeapi.un.org"
ZAF,South Africa,PRT,Portugal,2022,212562371,245516720,,32954349,15.5,,,"UN Comtrade, comtradeapi.un.org"
ZAF,South Africa,NIC,Nicaragua,2022,3197533,4712335,,1514802,47.37,,,"UN Comtrade, comtradeapi.un.org"
ZAF,South Africa,GTM,Guatemala,2022,11162332,12069774,,907442,8.13,,,"UN Comtrade, comtradeapi.un.org"
DNK,Denmark,USA,USA,2022,6126604919,13225367810,12983302834,7098762891,115.87,6856697915,111.92,"UN Comtrade, comtradeapi.un.org"
DNK,Denmark,CHN,China,2022,3655789254,5717016923,,2061227669,56.38,,,"UN Comtrade, comtradeapi.un.org"
DNK,Denmark,MEX,Mexico,2022,451893060,981350040,981350040,529456980,117.16,529456980,117.16,"UN Comtrade, comtradeapi.un.org"
DNK,Denmark,CAN,Canada,2022,617541020,1567156755,1567156755,949615735,153.77,949615735,153.77,"UN Comtrade, comtradeapi.un.org"
DNK,Denmark,JPN,Japan,2022,1389269128,2390653628,,1001384500,72.08,,,"UN Comtrade, comtradeapi.un.org"
DNK,Denmark,DEU,Germany,2022,18643644750,16819358656,,-1824286094,-9.79,,,"UN Comtrade, comtradeapi.un.org"
DNK,Denmark,VNM,Viet Nam,2022,215924350,226234680,,10310330,4.77,,,"UN Comtrade, comtradeapi.un.org"
DNK,Denmark,KOR,Rep. of Korea,2022,883967705,1056141228,,172173523,19.48,,,"UN Comtrade, comtradeapi.un.org"
DNK,Denmark,S19,"Other Asia, nes",2022,813000259,1059987773,,246987514,30.38,,,"UN Comtrade, comtradeapi.un.org"
DNK,Denmark,IND,India,2022,678983569,973715448,,294731879,43.41,,,"UN Comtrade, comtradeapi.un.org"
DNK,Denmark,IRL,Ireland,2022,774543238,732029449,,-42513789,-5.49,,,"UN Comtrade, comtradeapi.un.org"
DNK,Denmark,ITA,Italy,2022,2561351418,3306799752,,745448334,29.1,,,"UN Comtrade, comtradeapi.un.org"
DNK,Denmark,GBR,United Kingdom,2022,5161766252,4611611510,,-550154742,-10.66,,,"UN Comtrade, comtradeapi.un.org"
DNK,Denmark,THA,Thailand,2022,348829533,417014035,,68184502,19.55,,,"UN Comtrade, comtradeapi.un.org"
DNK,Denmark,CHE,Switzerland,2022,1046370031,1053085157,,6715126,0.64,,,"UN Comtrade, comtradeapi.un.org"
DNK,Denmark,FRA,France,2022,4182690671,3743546983,,-439143688,-10.5,,,"UN Comtrade, comtradeapi.un.org"
DNK,Denmark,MYS,Malaysia,2022,281078490,317084488,,36005998,12.81,,,"UN Comtrade, comtradeapi.un.org"
DNK,Denmark,BRA,Brazil,2022,526139662,1094438102,1055069309,568298440,108.01,528929647,100.53,"UN Comtrade, comtradeapi.un.org"
DNK,Denmark,IDN,Indonesia,2022,139213514,237046953,,97833439,70.28,,,"UN Comtrade, comtradeapi.un.org"
DNK,Denmark,NLD,Netherlands,2022,7164326814,7906512405,,742185591,10.36,,,"UN Comtrade, comtradeapi.un.org"
DNK,Denmark,SGP,Singapore,2022,674209796,622859791,,-51350005,-7.62,,,"UN Comtrade, comtradeapi.un.org"
DNK,Denmark,BEL,Belgium,2022,2032995728,1786918309,,-246077419,-12.1,,,"UN Comtrade, comtradeapi.un.org"
DNK,Denmark,ESP,Spain,2022,2375031214,2937983900,,562952686,23.7,,,"UN Comtrade, comtradeapi.un.org"
DNK,Denmark,SAU,Saudi Arabia,2022,454034939,980629774,,526594835,115.98,,,"UN Comtrade, comtradeapi.un.org"
DNK,Denmark,ISR,Israel,2022,247908977,507356000,,259447023,104.65,,,"UN Comtrade, comtradeapi.un.org"
DNK,Denmark,TUR,Türkiye,2022,1143398017,1267473396,1148803776,124075379,10.85,5405759,0.47,"UN Comtrade, comtradeapi.un.org"
DNK,Denmark,COL,Colombia,2022,80193089,172144452,163474283,91951363,114.66,83281194,103.85,"UN Comtrade, comtradeapi.un.org"
DNK,Denmark,AUT,Austria,2022,849812126,833303173,,-16508953,-1.94,,,"UN Comtrade, comtradeapi.un.org"
DNK,Denmark,SWE,Sweden,2022,11104320980,12920239203,,1815918223,16.35,,,"UN Comtrade, comtradeapi.un.org"
DNK,Denmark,PHL,Philippines,2022,252237467,247227269,229968728,-5010198,-1.99,-22268739,-8.83,"UN Comtrade, comtradeapi.un.org"
DNK,Denmark,CHL,Chile,2022,153746244,238082526,223546688,84336282,54.85,69800444,45.4,"UN Comtrade, comtradeapi.un.org"
DNK,Denmark,AUS,Australia,2022,1018665785,1282395851,1201664405,263730066,25.89,182998620,17.96,"UN Comtrade, comtradeapi.un.org"
DNK,Denmark,ZAF,South Africa,2022,231436207,309085694,309085694,77649487,33.55,77649487,33.55,"UN Comtrade, comtradeapi.un.org"
DNK,Denmark,KHM,Cambodia,2022,53583597,73539344,,19955747,37.24,,,"UN Comtrade, comtradeapi.un.org"
DNK,Denmark,POL,Poland,2022,4518627291,4548314956,,29687665,0.66,,,"UN Comtrade, comtradeapi.un.org"
DNK,Denmark,ECU,Ecuador,2022,23203946,41867998,,18664052,80.43,,,"UN Comtrade, comtradeapi.un.org"
DNK,Denmark,IRQ,Iraq,2022,52293541,35830171,,-16463370,-31.48,,,"UN Comtrade, comtradeapi.un.org"
DNK,Denmark,PER,Peru,2022,45910632,74622964,,28712332,62.54,,,"UN Comtrade, comtradeapi.un.org"
DNK,Denmark,CRI,Costa Rica,2022,28412579,50980789,,22568210,79.43,,,"UN Comtrade, comtradeapi.un.org"
DNK,Denmark,FIN,Finland,2022,2422846991,1946096201,,-476750790,-19.68,,,"UN Comtrade, comtradeapi.un.org"
DNK,Denmark,HUN,Hungary,2022,615679530,791121888,,175442358,28.5,,,"UN Comtrade, comtradeapi.un.org"
DNK,Denmark,CZE,Czechia,2022,773999519,1439602994,1370680772,665603475,86.0,596681253,77.09,"UN Comtrade, comtradeapi.un.org"
DNK,Denmark,ARE,United Arab Emirates,2022,564313400,540456173,,-23857227,-4.23,,,"UN Comtrade, comtradeapi.un.org"
DNK,Denmark,ARG,Argentina,2022,137314780,209123674,199511025,71808894,52.3,62196245,45.29,"UN Comtrade, comtradeapi.un.org"
DNK,Denmark,DOM,Dominican Rep.,2022,85700603,76496783,71652913,-9203820,-10.74,-14047690,-16.39,"UN Comtrade, comtradeapi.un.org"
DNK,Denmark,NOR,Norway,2022,7270946804,4843123047,,-2427823757,-33.39,,,"UN Comtrade, comtradeapi.un.org"
DNK,Denmark,SVK,Slovakia,2022,338612536,336043266,331396649,-2569270,-0.76,-7215887,-2.13,"UN Comtrade, comtradeapi.un.org"
DNK,Denmark,PAK,Pakistan,2022,80835159,88353099,,7517940,9.3,,,"UN Comtrade, comtradeapi.un.org"
DNK,Denmark,PRT,Portugal,2022,410969885,495597792,,84627907,20.59,,,"UN Comtrade, comtradeapi.un.org"
DNK,Denmark,NIC,Nicaragua,2022,5970171,11504124,,5533953,92.69,,,"UN Comtrade, comtradeapi.un.org"
DNK,Denmark,GTM,Guatemala,2022,15988874,39128397,,23139523,144.72,,,"UN Comtrade, comtradeapi.un.org"
KHM,Cambodia,USA,USA,2022,8971371715,13091460620,12229481837,4120088905,45.92,3258110122,36.32,"UN Comtrade, comtradeapi.un.org"
KHM,Cambodia,CHN,China,2022,1240630379,1838523980,,597893601,48.19,,,"UN Comtrade, comtradeapi.un.org"
KHM,Cambodia,MEX,Mexico,2022,160035329,341895292,341895292,181859963,113.64,181859963,113.64,"UN Comtrade, comtradeapi.un.org"
KHM,Cambodia,CAN,Canada,2022,1120592117,1838402569,1838402569,717810452,64.06,717810452,64.06,"UN Comtrade, comtradeapi.un.org"
KHM,Cambodia,JPN,Japan,2022,1173030244,1931920900,,758890656,64.69,,,"UN Comtrade, comtradeapi.un.org"
KHM,Cambodia,DEU,Germany,2022,1083623658,2450588695,,1366965037,126.15,,,"UN Comtrade, comtradeapi.un.org"
KHM,Cambodia,VNM,Viet Nam,2022,683626164,4820167025,,4136540861,605.09,,,"UN Comtrade, comtradeapi.un.org"
KHM,Cambodia,KOR,Rep. of Korea,2022,233637840,408878563,,175240723,75.01,,,"UN Comtrade, comtradeapi.un.org"
KHM,Cambodia,S19,"Other Asia, nes",2022,116066693,161945336,,45878643,39.53,,,"UN Comtrade, comtradeapi.un.org"
KHM,Cambodia,IND,India,2022,196632342,120434662,,-76197680,-38.75,,,"UN Comtrade, comtradeapi.un.org"
KHM,Cambodia,IRL,Ireland,2022,47572562,134862001,,87289439,183.49,,,"UN Comtrade, comtradeapi.un.org"
KHM,Cambodia,ITA,Italy,2022,332434041,538743123,,206309082,62.06,,,"UN Comtrade, comtradeapi.un.org"
KHM,Cambodia,GBR,United Kingdom,2022,886423619,1389623302,,503199683,56.77,,,"UN Comtrade, comtradeapi.un.org"
KHM,Cambodia,THA,Thailand,2022,409600311,1115212978,,705612667,172.27,,,"UN Comtrade, comtradeapi.un.org"
KHM,Cambodia,CHE,Switzerland,2022,9275368,319253208,,309977840,3341.95,,,"UN Comtrade, comtradeapi.un.org"
KHM,Cambodia,FRA,France,2022,428918434,1388961051,,960042617,223.83,,,"UN Comtrade, comtradeapi.un.org"
KHM,Cambodia,MYS,Malaysia,2022,111853327,157543283,,45689956,40.85,,,"UN Comtrade, comtradeapi.un.org"
KHM,Cambodia,BRA,Brazil,2022,34955858,70781485,65447382,35825627,102.49,30491524,87.23,"UN Comtrade, comtradeapi.un.org"
KHM,Cambodia,IDN,Indonesia,2022,36839484,62653469,,25813985,70.07,,,"UN Comtrade, comtradeapi.un.org"
KHM,Cambodia,NLD,Netherlands,2022,552625506,519911990,,-32713516,-5.92,,,"UN Comtrade, comtradeapi.un.org"
KHM,Cambodia,SGP,Singapore,2022,92575193,179967584,,87392391,94.4,,,"UN Comtrade, comtradeapi.un.org"
KHM,Cambodia,BEL,Belgium,2022,642013844,51953637,,-590060207,-91.91,,,"UN Comtrade, comtradeapi.un.org"
KHM,Cambodia,ESP,Spain,2022,474764272,1171041937,,696277665,146.66,,,"UN Comtrade, comtradeapi.un.org"
KHM,Cambodia,SAU,Saudi Arabia,2022,6948021,97897052,,90949031,1308.99,,,"UN Comtrade, comtradeapi.un.org"
KHM,Cambodia,ISR,Israel,2022,24420174,3122000,,-21298174,-87.22,,,"UN Comtrade, comtradeapi.un.org"
KHM,Cambodia,TUR,Türkiye,2022,33219276,125781399,116321114,92562123,278.64,83101838,250.16,"UN Comtrade, comtradeapi.un.org"
KHM,Cambodia,COL,Colombia,2022,17699239,47343958,44202968,29644719,167.49,26503729,149.75,"UN Comtrade, comtradeapi.un.org"
KHM,Cambodia,AUT,Austria,2022,51291591,352825146,,301533555,587.88,,,"UN Comtrade, comtradeapi.un.org"
KHM,Cambodia,SWE,Sweden,2022,51100876,71491202,,20390326,39.9,,,"UN Comtrade, comtradeapi.un.org"
KHM,Cambodia,PHL,Philippines,2022,42725739,49263743,46388547,6538004,15.3,3662808,8.57,"UN Comtrade, comtradeapi.un.org"
KHM,Cambodia,CHL,Chile,2022,39028003,65126421,60441367,26098418,66.87,21413364,54.87,"UN Comtrade, comtradeapi.un.org"
KHM,Cambodia,AUS,Australia,2022,379035187,500389518,481165700,121354331,32.02,102130513,26.94,"UN Comtrade, comtradeapi.un.org"
KHM,Cambodia,ZAF,South Africa,2022,41454203,47420492,47420492,5966289,14.39,5966289,14.39,"UN Comtrade, comtradeapi.un.org"
KHM,Cambodia,DNK,Denmark,2022,86914472,146953631,,60039159,69.08,,,"UN Comtrade, comtradeapi.un.org"
KHM,Cambodia,POL,Poland,2022,123446785,681245962,,557799177,451.85,,,"UN Comtrade, comtradeapi.un.org"
KHM,Cambodia,ECU,Ecuador,2022,1633823,13858825,,12225002,748.25,,,"UN Comtrade, comtradeapi.un.org"
KHM,Cambodia,PER,Peru,2022,20297232,38804423,,18507191,91.18,,,"UN Comtrade, comtradeapi.un.org"
KHM,Cambodia,CRI,Costa Rica,2022,1724518,9871989,,8147471,472.45,,,"UN Comtrade, comtradeapi.un.org"
KHM,Cambodia,FIN,Finland,2022,6274373,59126903,,52852530,842.36,,,"UN Comtrade, comtradeapi.un.org"
KHM,Cambodia,HUN,Hungary,2022,4232267,4228002,,-4265,-0.1,,,"UN Comtrade, comtradeapi.un.org"
KHM,Cambodia,CZE,Czechia,2022,94172525,305169999,289027295,210997474,224.05,194854770,206.91,"UN Comtrade, comtradeapi.un.org"
KHM,Cambodia,ARE,United Arab Emirates,2022,69646325,279766767,,210120442,301.7,,,"UN Comtrade, comtradeapi.un.org"
KHM,Cambodia,ARG,Argentina,2022,15637852,21580226,20238395,5942374,38.0,4600543,29.42,"UN Comtrade, comtradeapi.un.org"
KHM,Cambodia,DOM,Dominican Rep.,2022,3513101,8282277,7387419,4769176,135.75,3874318,110.28,"UN Comtrade, comtradeapi.un.org"
KHM,Cambodia,NOR,Norway,2022,6713737,90564300,,83850563,1248.94,,,"UN Comtrade, comtradeapi.un.org"
KHM,Cambodia,SVK,Slovakia,2022,5437702,63926036,62685877,58488334,1075.61,57248175,1052.8,"UN Comtrade, comtradeapi.un.org"
KHM,Cambodia,PAK,Pakistan,2022,5983796,5045108,,-938688,-15.69,,,"UN Comtrade, comtradeapi.un.org"
KHM,Cambodia,PRT,Portugal,2022,13396609,18486063,,5089454,37.99,,,"UN Comtrade, comtradeapi.un.org"
KHM,Cambodia,GTM,Guatemala,2022,541166,11944495,,11403329,2107.18,,,"UN Comtrade, comtradeapi.un.org"
POL,Poland,USA,USA,2022,10845134479,12532877375,11902230216,1687742896,15.56,1057095737,9.75,"UN Comtrade, comtradeapi.un.org"
POL,Poland,CHN,China,2022,3145188720,5059645300,,1914456580,60.87,,,"UN Comtrade, comtradeapi.un.org"
POL,Poland,MEX,Mexico,2022,2266171425,2968584464,2968584464,702413039,31.0,702413039,31.0,"UN Comtrade, comtradeapi.un.org"
POL,Poland,CAN,Canada,2022,1635550266,2144509768,2144509768,508959502,31.12,508959502,31.12,"UN Comtrade, comtradeapi.un.org"
POL,Poland,JPN,Japan,2022,831354129,1286913270,,455559141,54.8,,,"UN Comtrade, comtradeapi.un.org"
POL,Poland,DEU,Germany,2022,101905844295,82975388049,,-18930456246,-18.58,,,"UN Comtrade, comtradeapi.un.org"
POL,Poland,VNM,Viet Nam,2022,486894804,375659924,,-111234880,-22.85,,,"UN Comtrade, comtradeapi.un.org"
POL,Poland,KOR,Rep. of Korea,2022,896502837,1090439139,,193936302,21.63,,,"UN Comtrade, comtradeapi.un.org"
POL,Poland,S19,"Other Asia, nes",2022,257783255,429776930,,171993675,66.72,,,"UN Comtrade, comtradeapi.un.org"
POL,Poland,IND,India,2022,1481079597,1288046989,,-193032608,-13.03,,,"UN Comtrade, comtradeapi.un.org"
POL,Poland,IRL,Ireland,2022,1513051663,1322399478,,-190652185,-12.6,,,"UN Comtrade, comtradeapi.un.org"
POL,Poland,ITA,Italy,2022,16777123983,15826342950,,-950781033,-5.67,,,"UN Comtrade, comtradeapi.un.org"
POL,Poland,GBR,United Kingdom,2022,17756218401,17486837745,,-269380656,-1.52,,,"UN Comtrade, comtradeapi.un.org"
POL,Poland,THA,Thailand,2022,386367318,477531949,,91164631,23.6,,,"UN Comtrade, comtradeapi.un.org"
POL,Poland,CHE,Switzerland,2022,3947403911,3225996311,,-721407600,-18.28,,,"UN Comtrade, comtradeapi.un.org"
POL,Poland,FRA,France,2022,20998093615,16971774414,,-4026319201,-19.17,,,"UN Comtrade, comtradeapi.un.org"
POL,Poland,MYS,Malaysia,2022,303004509,370773403,,67768894,22.37,,,"UN Comtrade, comtradeapi.un.org"
POL,Poland,BRA,Brazil,2022,736559058,1005953257,927108847,269394199,36.57,190549789,25.87,"UN Comtrade, comtradeapi.un.org"
POL,Poland,IDN,Indonesia,2022,144442658,238495385,,94052727,65.11,,,"UN Comtrade, comtradeapi.un.org"
POL,Poland,NLD,Netherlands,2022,16847233335,14267682048,,-2579551287,-15.31,,,"UN Comtrade, comtradeapi.un.org"
POL,Poland,SGP,Singapore,2022,449110982,580172863,,131061881,29.18,,,"UN Comtrade, comtradeapi.un.org"
POL,Poland,BEL,Belgium,2022,9117961159,7081828601,,-2036132558,-22.33,,,"UN Comtrade, comtradeapi.un.org"
POL,Poland,ESP,Spain,2022,9410157493,8407118530,,-1003038963,-10.66,,,"UN Comtrade, comtradeapi.un.org"
POL,Poland,SAU,Saudi Arabia,2022,914524137,1423854540,,509330403,55.69,,,"UN Comtrade, comtradeapi.un.org"
POL,Poland,ISR,Israel,2022,1094317929,649791000,,-444526929,-40.62,,,"UN Comtrade, comtradeapi.un.org"
POL,Poland,TUR,Türkiye,2022,4068063877,4294369267,4050010417,226305390,5.56,-18053460,-0.44,"UN Comtrade, comtradeapi.un.org"
POL,Poland,COL,Colombia,2022,116364555,139454522,125726348,23089967,19.84,9361793,8.05,"UN Comtrade, comtradeapi.un.org"
POL,Poland,AUT,Austria,2022,8185432789,7399384082,,-786048707,-9.6,,,"UN Comtrade, comtradeapi.un.org"
POL,Poland,SWE,Sweden,2022,9854622342,8763949873,,-1090672469,-11.07,,,"UN Comtrade, comtradeapi.un.org"
POL,Poland,PHL,Philippines,2022,189510117,162895361,154392761,-26614756,-14.04,-35117356,-18.53,"UN Comtrade, comtradeapi.un.org"
POL,Poland,CHL,Chile,2022,207723204,253082594,217081201,45359390,21.84,9357997,4.51,"UN Comtrade, comtradeapi.un.org"
POL,Poland,AUS,Australia,2022,1044583872,1351529967,1231571671,306946095,29.38,186987799,17.9,"UN Comtrade, comtradeapi.un.org"
POL,Poland,ZAF,South Africa,2022,834067878,1075989510,1075989510,241921632,29.01,241921632,29.01,"UN Comtrade, comtradeapi.un.org"
POL,Poland,DNK,Denmark,2022,6163591060,5722405896,,-441185164,-7.16,,,"UN Comtrade, comtradeapi.un.org"
POL,Poland,KHM,Cambodia,2022,35759914,28341470,,-7418444,-20.75,,,"UN Comtrade, comtradeapi.un.org"
POL,Poland,ECU,Ecuador,2022,30132105,42165954,,12033849,39.94,,,"UN Comtrade, comtradeapi.un.org"
POL,Poland,IRQ,Iraq,2022,153324304,3653678,,-149670626,-97.62,,,"UN Comtrade, comtradeapi.un.org"
POL,Poland,PER,Peru,2022,83192179,112974707,,29782528,35.8,,,"UN Comtrade, comtradeapi.un.org"
POL,Poland,CRI,Costa Rica,2022,28289827,34293628,,6003801,21.22,,,"UN Comtrade, comtradeapi.un.org"
POL,Poland,FIN,Finland,2022,3287524091,2843578054,,-443946037,-13.5,,,"UN Comtrade, comtradeapi.un.org"
POL,Poland,HUN,Hungary,2022,9393916387,8877098609,,-516817778,-5.5,,,"UN Comtrade, comtradeapi.un.org"
POL,Poland,CZE,Czechia,2022,24164042226,18932677336,18932677336,-5231364890,-21.65,-5231364890,-21.65,"UN Comtrade, comtradeapi.un.org"
POL,Poland,ARE,United Arab Emirates,2022,977387618,1477938811,,500551193,51.21,,,"UN Comtrade, comtradeapi.un.org"
POL,Poland,ARG,Argentina,2022,100969430,236483736,220589287,135514306,134.21,119619857,118.47,"UN Comtrade, comtradeapi.un.org"
POL,Poland,DOM,Dominican Rep.,2022,48875754,83111149,76258018,34235395,70.05,27382264,56.02,"UN Comtrade, comtradeapi.un.org"
POL,Poland,NOR,Norway,2022,3584360540,3552509119,,-31851421,-0.89,,,"UN Comtrade, comtradeapi.un.org"
POL,Poland,SVK,Slovakia,2022,10624175152,6323100855,6165964346,-4301074297,-40.48,-4458210806,-41.96,"UN Comtrade, comtradeapi.un.org"
POL,Poland,PAK,Pakistan,2022,121665864,133643296,,11977432,9.84,,,"UN Comtrade, comtradeapi.un.org"
POL,Poland,PRT,Portugal,2022,2082593151,1937378027,,-145215124,-6.97,,,"UN Comtrade, comtradeapi.un.org"
POL,Poland,NIC,Nicaragua,2022,2760799,9098228,,6337429,229.55,,,"UN Comtrade, comtradeapi.un.org"
POL,Poland,GTM,Guatemala,2022,16543370,37651751,,21108381,127.59,,,"UN Comtrade, comtradeapi.un.org"
ECU,Ecuador,USA,USA,2022,9803760036,11039267115,10403822047,1235507079,12.6,600062011,6.12,"UN Comtrade, comtradeapi.un.org"
ECU,Ecuador,CHN,China,2022,6241760771,6800248155,,558487384,8.95,,,"UN Comtrade, comtradeapi.un.org"
ECU,Ecuador,MEX,Mexico,2022,197798780,180682873,180682873,-17115907,-8.65,-17115907,-8.65,"UN Comtrade, comtradeapi.un.org"
ECU,Ecuador,CAN,Canada,2022,320224414,522561783,522561783,202337369,63.19,202337369,63.19,"UN Comtrade, comtradeapi.un.org"
ECU,Ecuador,JPN,Japan,2022,501330842,2106232628,,1604901786,320.13,,,"UN Comtrade, comtradeapi.un.org"
ECU,Ecuador,DEU,Germany,2022,340405739,499535285,,159129546,46.75,,,"UN Comtrade, comtradeapi.un.org"
ECU,Ecuador,VNM,Viet Nam,2022,150562527,137102476,,-13460051,-8.94,,,"UN Comtrade, comtradeapi.un.org"
ECU,Ecuador,KOR,Rep. of Korea,2022,205295108,210303195,,5008087,2.44,,,"UN Comtrade, comtradeapi.un.org"
ECU,Ecuador,S19,"Other Asia, nes",2022,93536087,92165706,,-1370381,-1.47,,,"UN Comtrade, comtradeapi.un.org"
ECU,Ecuador,IND,India,2022,544465540,1154443276,,609977736,112.03,,,"UN Comtrade, comtradeapi.un.org"
ECU,Ecuador,IRL,Ireland,2022,10113500,14080155,,3966655,39.22,,,"UN Comtrade, comtradeapi.un.org"
ECU,Ecuador,ITA,Italy,2022,603835403,584624673,,-19210730,-3.18,,,"UN Comtrade, comtradeapi.un.org"
ECU,Ecuador,GBR,United Kingdom,2022,274326112,298303121,,23977009,8.74,,,"UN Comtrade, comtradeapi.un.org"
ECU,Ecuador,THA,Thailand,2022,79655503,56634365,,-23021138,-28.9,,,"UN Comtrade, comtradeapi.un.org"
ECU,Ecuador,CHE,Switzerland,2022,316272503,534211956,,217939453,68.91,,,"UN Comtrade, comtradeapi.un.org"
ECU,Ecuador,FRA,France,2022,388037176,536388930,,148351754,38.23,,,"UN Comtrade, comtradeapi.un.org"
ECU,Ecuador,MYS,Malaysia,2022,237262620,216338244,,-20924376,-8.82,,,"UN Comtrade, comtradeapi.un.org"
ECU,Ecuador,BRA,Brazil,2022,124628412,115570997,109765620,-9057415,-7.27,-14862792,-11.93,"UN Comtrade, comtradeapi.un.org"
ECU,Ecuador,IDN,Indonesia,2022,164777839,163194965,,-1582874,-0.96,,,"UN Comtrade, comtradeapi.un.org"
ECU,Ecuador,NLD,Netherlands,2022,722868293,559600030,,-163268263,-22.59,,,"UN Comtrade, comtradeapi.un.org"
ECU,Ecuador,SGP,Singapore,2022,19753532,40886162,,21132630,106.98,,,"UN Comtrade, comtradeapi.un.org"
ECU,Ecuador,BEL,Belgium,2022,272741888,63549185,,-209192703,-76.7,,,"UN Comtrade, comtradeapi.un.org"
ECU,Ecuador,ESP,Spain,2022,1031747621,927239855,,-104507766,-10.13,,,"UN Comtrade, comtradeapi.un.org"
ECU,Ecuador,SAU,Saudi Arabia,2022,125346634,225073289,,99726655,79.56,,,"UN Comtrade, comtradeapi.un.org"
ECU,Ecuador,ISR,Israel,2022,10656171,7556000,,-3100171,-29.09,,,"UN Comtrade, comtradeapi.un.org"
ECU,Ecuador,TUR,Türkiye,2022,205433088,54371890,51093019,-151061198,-73.53,-154340069,-75.13,"UN Comtrade, comtradeapi.un.org"
ECU,Ecuador,COL,Colombia,2022,1072200794,941366291,912359365,-130834503,-12.2,-159841429,-14.91,"UN Comtrade, comtradeapi.un.org"
ECU,Ecuador,AUT,Austria,2022,487591,67645155,,67157564,13773.34,,,"UN Comtrade, comtradeapi.un.org"
ECU,Ecuador,SWE,Sweden,2022,62666922,72370753,,9703831,15.48,,,"UN Comtrade, comtradeapi.un.org"
ECU,Ecuador,PHL,Philippines,2022,14043496,12372726,11340559,-1670770,-11.9,-2702937,-19.25,"UN Comtrade, comtradeapi.un.org"
ECU,Ecuador,CHL,Chile,2022,1360665700,1265459116,1164482835,-95206584,-7.0,-196182865,-14.42,"UN Comtrade, comtradeapi.un.org"
ECU,Ecuador,AUS,Australia,2022,17438637,20198969,17668787,2760332,15.83,230150,1.32,"UN Comtrade, comtradeapi.un.org"
ECU,Ecuador,ZAF,South Africa,2022,20091209,19643973,19643973,-447236,-2.23,-447236,-2.23,"UN Comtrade, comtradeapi.un.org"
ECU,Ecuador,DNK,Denmark,2022,16541261,24432205,,7890944,47.7,,,"UN Comtrade, comtradeapi.un.org"
ECU,Ecuador,KHM,Cambodia,2022,20980,61888,,40908,194.99,,,"UN Comtrade, comtradeapi.un.org"
ECU,Ecuador,POL,Poland,2022,70816252,216735932,,145919680,206.05,,,"UN Comtrade, comtradeapi.un.org"
ECU,Ecuador,IRQ,Iraq,2022,82163981,6271200,,-75892781,-92.37,,,"UN Comtrade, comtradeapi.un.org"
ECU,Ecuador,PER,Peru,2022,1015958363,970928711,,-45029652,-4.43,,,"UN Comtrade, comtradeapi.un.org"
ECU,Ecuador,CRI,Costa Rica,2022,42281820,34758979,,-7522841,-17.79,,,"UN Comtrade, comtradeapi.un.org"
ECU,Ecuador,FIN,Finland,2022,206609808,195757455,,-10852353,-5.25,,,"UN Comtrade, comtradeapi.un.org"
ECU,Ecuador,HUN,Hungary,2022,2792854,738311,,-2054543,-73.56,,,"UN Comtrade, comtradeapi.un.org"
ECU,Ecuador,CZE,Czechia,2022,14405132,57230230,53658717,42825098,297.29,39253585,272.5,"UN Comtrade, comtradeapi.un.org"
ECU,Ecuador,ARE,United Arab Emirates,2022,299658790,338279391,,38620601,12.89,,,"UN Comtrade, comtradeapi.un.org"
ECU,Ecuador,ARG,Argentina,2022,304563702,378824885,283708341,74261183,24.38,-20855361,-6.85,"UN Comtrade, comtradeapi.un.org"
ECU,Ecuador,DOM,Dominican Rep.,2022,128340698,135900519,124942410,7559821,5.89,-3398288,-2.65,"UN Comtrade, comtradeapi.un.org"
ECU,Ecuador,NOR,Norway,2022,18677035,30990036,,12313001,65.93,,,"UN Comtrade, comtradeapi.un.org"
ECU,Ecuador,SVK,Slovakia,2022,2560977,18876265,18681372,16315288,637.07,16120395,629.46,"UN Comtrade, comtradeapi.un.org"
ECU,Ecuador,PAK,Pakistan,2022,191228,264393,,73165,38.26,,,"UN Comtrade, comtradeapi.un.org"
ECU,Ecuador,PRT,Portugal,2022,114062286,90514573,,-23547713,-20.64,,,"UN Comtrade, comtradeapi.un.org"
ECU,Ecuador,NIC,Nicaragua,2022,51595071,214125173,,162530102,315.01,,,"UN Comtrade, comtradeapi.un.org"
ECU,Ecuador,GTM,Guatemala,2022,76296856,143249826,,66952970,87.75,,,"UN Comtrade, comtradeapi.un.org"
IRQ,Iraq,USA,USA,2022,705018,10343130638,10056006426,10342425620,1466973.27,10055301408,1426247.47,"UN Comtrade, comtradeapi.un.org"
IRQ,Iraq,CHN,China,2022,10344720,39384745225,,39374400505,380623.16,,,"UN Comtrade, comtradeapi.un.org"
IRQ,Iraq,CAN,Canada,2022,350000,408277,408277,58277,16.65,58277,16.65,"UN Comtrade, comtradeapi.un.org"
IRQ,Iraq,DEU,Germany,2022,170000,2315825525,,2315655525,1362150.31,,,"UN Comtrade, comtradeapi.un.org"
IRQ,Iraq,IND,India,2022,831489136,39068377180,,38236888044,4598.6,,,"UN Comtrade, comtradeapi.un.org"
IRQ,Iraq,ITA,Italy,2022,350000,5344922097,,5344572097,1527020.6,,,"UN Comtrade, comtradeapi.un.org"
IRQ,Iraq,GBR,United Kingdom,2022,350000,6147955,,5797955,1656.56,,,"UN Comtrade, comtradeapi.un.org"
IRQ,Iraq,MYS,Malaysia,2022,18900,279381323,,279362423,1478108.06,,,"UN Comtrade, comtradeapi.un.org"
IRQ,Iraq,IDN,Indonesia,2022,50000,140280799,,140230799,280461.6,,,"UN Comtrade, comtradeapi.un.org"
IRQ,Iraq,NLD,Netherlands,2022,253000,3987665387,,3987412387,1576052.33,,,"UN Comtrade, comtradeapi.un.org"
IRQ,Iraq,ESP,Spain,2022,472500,3536889038,,3536416538,748447.94,,,"UN Comtrade, comtradeapi.un.org"
IRQ,Iraq,SAU,Saudi Arabia,2022,6192690,28010424,,21817734,352.31,,,"UN Comtrade, comtradeapi.un.org"
IRQ,Iraq,TUR,Türkiye,2022,255000,1419235366,1268073332,1418980366,556462.89,1267818332,497183.66,"UN Comtrade, comtradeapi.un.org"
IRQ,Iraq,CZE,Czechia,2022,50400,286937,268302,236537,469.32,217902,432.35,"UN Comtrade, comtradeapi.un.org"
IRQ,Iraq,ARE,United Arab Emirates,2022,3279965537,3530832074,,250866537,7.65,,,"UN Comtrade, comtradeapi.un.org"
IRQ,Iraq,PAK,Pakistan,2022,17250,132176369,,132159119,766139.82,,,"UN Comtrade, comtradeapi.un.org"
PER,Peru,USA,USA,2022,8431595006,9272341964,8608707380,840746958,9.97,177112374,2.1,"UN Comtrade, comtradeapi.un.org"
PER,Peru,CHN,China,2022,17489367600,24111029183,,6621661583,37.86,,,"UN Comtrade, comtradeapi.un.org"
PER,Peru,MEX,Mexico,2022,783276352,923781232,923781232,140504880,17.94,140504880,17.94,"UN Comtrade, comtradeapi.un.org"
PER,Peru,CAN,Canada,2022,2628130709,3216452388,3216452388,588321679,22.39,588321679,22.39,"UN Comtrade, comtradeapi.un.org"
PER,Peru,JPN,Japan,2022,2824668753,3064573545,,239904792,8.49,,,"UN Comtrade, comtradeapi.un.org"
PER,Peru,DEU,Germany,2022,959214812,1637379448,,678164636,70.7,,,"UN Comtrade, comtradeapi.un.org"
PER,Peru,VNM,Viet Nam,2022,76264353,69358903,,-6905450,-9.05,,,"UN Comtrade, comtradeapi.un.org"
PER,Peru,KOR,Rep. of Korea,2022,2601582024,2846947102,,245365078,9.43,,,"UN Comtrade, comtradeapi.un.org"
PER,Peru,S19,"Other Asia, nes",2022,406680542,525487130,,118806588,29.21,,,"UN Comtrade, comtradeapi.un.org"
PER,Peru,IND,India,2022,2203158207,2499701072,,296542865,13.46,,,"UN Comtrade, comtradeapi.un.org"
PER,Peru,IRL,Ireland,2022,21206453,39926885,,18720432,88.28,,,"UN Comtrade, comtradeapi.un.org"
PER,Peru,ITA,Italy,2022,571982759,668632304,,96649545,16.9,,,"UN Comtrade, comtradeapi.un.org"
PER,Peru,GBR,United Kingdom,2022,1940920221,3717945140,,1777024919,91.56,,,"UN Comtrade, comtradeapi.un.org"
PER,Peru,THA,Thailand,2022,131805586,132914048,,1108462,0.84,,,"UN Comtrade, comtradeapi.un.org"
PER,Peru,CHE,Switzerland,2022,1988030165,2541121419,,553091254,27.82,,,"UN Comtrade, comtradeapi.un.org"
PER,Peru,FRA,France,2022,355411043,803203803,,447792760,125.99,,,"UN Comtrade, comtradeapi.un.org"
PER,Peru,MYS,Malaysia,2022,111286591,142467449,,31180858,28.02,,,"UN Comtrade, comtradeapi.un.org"
PER,Peru,BRA,Brazil,2022,1512063314,1523614086,1436750660,11550772,0.76,-75312654,-4.98,"UN Comtrade, comtradeapi.un.org"
PER,Peru,IDN,Indonesia,2022,82952038,111807369,,28855331,34.79,,,"UN Comtrade, comtradeapi.un.org"
PER,Peru,NLD,Netherlands,2022,1741189949,1507236191,,-233953758,-13.44,,,"UN Comtrade, comtradeapi.un.org"
PER,Peru,SGP,Singapore,2022,13169084,44433614,,31264530,237.41,,,"UN Comtrade, comtradeapi.un.org"
PER,Peru,BEL,Belgium,2022,507528287,191205583,,-316322704,-62.33,,,"UN Comtrade, comtradeapi.un.org"
PER,Peru,ESP,Spain,2022,1604674582,1793680683,,189006101,11.78,,,"UN Comtrade, comtradeapi.un.org"
PER,Peru,SAU,Saudi Arabia,2022,12547152,24840815,,12293663,97.98,,,"UN Comtrade, comtradeapi.un.org"
PER,Peru,ISR,Israel,2022,16124540,16150000,,25460,0.16,,,"UN Comtrade, comtradeapi.un.org"
PER,Peru,TUR,Türkiye,2022,99266886,359317296,351790722,260050410,261.97,252523836,254.39,"UN Comtrade, comtradeapi.un.org"
PER,Peru,COL,Colombia,2022,1044174107,1021320529,968836403,-22853578,-2.19,-75337704,-7.22,"UN Comtrade, comtradeapi.un.org"
PER,Peru,AUT,Austria,2022,1972396,128947515,,126975119,6437.61,,,"UN Comtrade, comtradeapi.un.org"
PER,Peru,SWE,Sweden,2022,76415963,162623896,,86207933,112.81,,,"UN Comtrade, comtradeapi.un.org"
PER,Peru,PHL,Philippines,2022,64973927,3164629,2900016,-61809298,-95.13,-62073911,-95.54,"UN Comtrade, comtradeapi.un.org"
PER,Peru,CHL,Chile,2022,1821221690,2065210696,1924006934,243989006,13.4,102785244,5.64,"UN Comtrade, comtradeapi.un.org"
PER,Peru,AUS,Australia,2022,96016726,127819748,116376969,31803022,33.12,20360243,21.2,"UN Comtrade, comtradeapi.un.org"
PER,Peru,ZAF,South Africa,2022,53161806,26232641,26232641,-26929165,-50.66,-26929165,-50.66,"UN Comtrade, comtradeapi.un.org"
PER,Peru,DNK,Denmark,2022,114570406,117892673,,3322267,2.9,,,"UN Comtrade, comtradeapi.un.org"
PER,Peru,KHM,Cambodia,2022,121160,200167,,79007,65.21,,,"UN Comtrade, comtradeapi.un.org"
PER,Peru,POL,Poland,2022,84617859,162240551,,77622692,91.73,,,"UN Comtrade, comtradeapi.un.org"
PER,Peru,ECU,Ecuador,2022,1290341351,1167959895,,-122381456,-9.48,,,"UN Comtrade, comtradeapi.un.org"
PER,Peru,IRQ,Iraq,2022,726173,4800,,-721373,-99.34,,,"UN Comtrade, comtradeapi.un.org"
PER,Peru,CRI,Costa Rica,2022,81689943,83805049,,2115106,2.59,,,"UN Comtrade, comtradeapi.un.org"
PER,Peru,FIN,Finland,2022,87729237,199233803,,111504566,127.1,,,"UN Comtrade, comtradeapi.un.org"
PER,Peru,HUN,Hungary,2022,5162334,782687,,-4379647,-84.84,,,"UN Comtrade, comtradeapi.un.org"
PER,Peru,CZE,Czechia,2022,2486121,36595627,34630130,34109506,1372.0,32144009,1292.94,"UN Comtrade, comtradeapi.un.org"
PER,Peru,ARE,United Arab Emirates,2022,697334305,756809225,,59474920,8.53,,,"UN Comtrade, comtradeapi.un.org"
PER,Peru,ARG,Argentina,2022,215362199,299368737,271552636,84006538,39.01,56190437,26.09,"UN Comtrade, comtradeapi.un.org"
PER,Peru,DOM,Dominican Rep.,2022,130206172,134734878,116523558,4528706,3.48,-13682614,-10.51,"UN Comtrade, comtradeapi.un.org"
PER,Peru,NOR,Norway,2022,58490983,283700172,,225209189,385.03,,,"UN Comtrade, comtradeapi.un.org"
PER,Peru,SVK,Slovakia,2022,453830,43769024,43465293,43315194,9544.37,43011463,9477.44,"UN Comtrade, comtradeapi.un.org"
PER,Peru,PAK,Pakistan,2022,2682813,3207151,,524338,19.54,,,"UN Comtrade, comtradeapi.un.org"
PER,Peru,PRT,Portugal,2022,30720486,34569768,,3849282,12.53,,,"UN Comtrade, comtradeapi.un.org"
PER,Peru,NIC,Nicaragua,2022,28464680,35671341,,7206661,25.32,,,"UN Comtrade, comtradeapi.un.org"
PER,Peru,GTM,Guatemala,2022,98325571,127781471,,29455900,29.96,,,"UN Comtrade, comtradeapi.un.org"
CRI,Costa Rica,USA,USA,2022,6704065665,9109416727,8750584953,2405351062,35.88,2046519288,30.53,"UN Comtrade, comtradeapi.un.org"
CRI,Costa Rica,CHN,China,2022,344411382,2008902794,,1664491412,483.29,,,"UN Comtrade, comtradeapi.un.org"
CRI,Costa Rica,MEX,Mexico,2022,348300785,1365297409,1365297409,1016996624,291.99,1016996624,291.99,"UN Comtrade, comtradeapi.un.org"
CRI,Costa Rica,CAN,Canada,2022,88219656,492131510,492131510,403911854,457.85,403911854,457.85,"UN Comtrade, comtradeapi.un.org"
CRI,Costa Rica,JPN,Japan,2022,255573441,456401662,,200828221,78.58,,,"UN Comtrade, comtradeapi.un.org"
CRI,Costa Rica,DEU,Germany,2022,129876624,774985640,,645109016,496.71,,,"UN Comtrade, comtradeapi.un.org"
CRI,Costa Rica,VNM,Viet Nam,2022,15299966,59388058,,44088092,288.16,,,"UN Comtrade, comtradeapi.un.org"
CRI,Costa Rica,KOR,Rep. of Korea,2022,79817802,172429499,,92611697,116.03,,,"UN Comtrade, comtradeapi.un.org"
CRI,Costa Rica,S19,"Other Asia, nes",2022,39995043,218286516,,178291473,445.78,,,"UN Comtrade, comtradeapi.un.org"
CRI,Costa Rica,IND,India,2022,30388618,64072984,,33684366,110.85,,,"UN Comtrade, comtradeapi.un.org"
CRI,Costa Rica,IRL,Ireland,2022,89552788,127141844,,37589056,41.97,,,"UN Comtrade, comtradeapi.un.org"
CRI,Costa Rica,ITA,Italy,2022,160735269,243088605,,82353336,51.24,,,"UN Comtrade, comtradeapi.un.org"
CRI,Costa Rica,GBR,United Kingdom,2022,225044417,487492841,,262448424,116.62,,,"UN Comtrade, comtradeapi.un.org"
CRI,Costa Rica,THA,Thailand,2022,27696117,79051210,,51355093,185.42,,,"UN Comtrade, comtradeapi.un.org"
CRI,Costa Rica,CHE,Switzerland,2022,6530882,149008953,,142478071,2181.61,,,"UN Comtrade, comtradeapi.un.org"
CRI,Costa Rica,FRA,France,2022,75425504,341412777,,265987273,352.65,,,"UN Comtrade, comtradeapi.un.org"
CRI,Costa Rica,MYS,Malaysia,2022,19706894,237625547,,217918653,1105.8,,,"UN Comtrade, comtradeapi.un.org"
CRI,Costa Rica,BRA,Brazil,2022,59147580,134857306,125434535,75709726,128.0,66286955,112.07,"UN Comtrade, comtradeapi.un.org"
CRI,Costa Rica,IDN,Indonesia,2022,1430776,8319684,,6888908,481.48,,,"UN Comtrade, comtradeapi.un.org"
CRI,Costa Rica,NLD,Netherlands,2022,1183244234,1588294804,,405050570,34.23,,,"UN Comtrade, comtradeapi.un.org"
CRI,Costa Rica,SGP,Singapore,2022,46471640,236974038,,190502398,409.93,,,"UN Comtrade, comtradeapi.un.org"
CRI,Costa Rica,BEL,Belgium,2022,792443933,554285670,,-238158263,-30.05,,,"UN Comtrade, comtradeapi.un.org"
CRI,Costa Rica,ESP,Spain,2022,208419862,386269507,,177849645,85.33,,,"UN Comtrade, comtradeapi.un.org"
CRI,Costa Rica,SAU,Saudi Arabia,2022,35322268,95112869,,59790601,169.27,,,"UN Comtrade, comtradeapi.un.org"
CRI,Costa Rica,ISR,Israel,2022,12997762,7174000,,-5823762,-44.81,,,"UN Comtrade, comtradeapi.un.org"
CRI,Costa Rica,TUR,Türkiye,2022,42652158,54659178,51098200,12007020,28.15,8446042,19.8,"UN Comtrade, comtradeapi.un.org"
CRI,Costa Rica,COL,Colombia,2022,93010728,98543255,93587609,5532527,5.95,576881,0.62,"UN Comtrade, comtradeapi.un.org"
CRI,Costa Rica,AUT,Austria,2022,396589,57634484,,57237895,14432.55,,,"UN Comtrade, comtradeapi.un.org"
CRI,Costa Rica,SWE,Sweden,2022,9295351,12389350,,3093999,33.29,,,"UN Comtrade, comtradeapi.un.org"
CRI,Costa Rica,PHL,Philippines,2022,5462609,20482059,19391698,15019450,274.95,13929089,254.99,"UN Comtrade, comtradeapi.un.org"
CRI,Costa Rica,CHL,Chile,2022,39734495,53762771,49125554,14028276,35.31,9391059,23.63,"UN Comtrade, comtradeapi.un.org"
CRI,Costa Rica,AUS,Australia,2022,20855304,126100070,118598297,105244766,504.64,97742993,468.67,"UN Comtrade, comtradeapi.un.org"
CRI,Costa Rica,ZAF,South Africa,2022,4421226,29667198,29667198,25245972,571.02,25245972,571.02,"UN Comtrade, comtradeapi.un.org"
CRI,Costa Rica,DNK,Denmark,2022,1649741,6758007,,5108266,309.64,,,"UN Comtrade, comtradeapi.un.org"
CRI,Costa Rica,KHM,Cambodia,2022,3310,18619,,15309,462.51,,,"UN Comtrade, comtradeapi.un.org"
CRI,Costa Rica,POL,Poland,2022,7606560,146163836,,138557276,1821.55,,,"UN Comtrade, comtradeapi.un.org"
CRI,Costa Rica,ECU,Ecuador,2022,67735268,77901451,,10166183,15.01,,,"UN Comtrade, comtradeapi.un.org"
CRI,Costa Rica,IRQ,Iraq,2022,6797167,68223,,-6728944,-99.0,,,"UN Comtrade, comtradeapi.un.org"
CRI,Costa Rica,PER,Peru,2022,94471784,103044133,,8572349,9.07,,,"UN Comtrade, comtradeapi.un.org"
CRI,Costa Rica,FIN,Finland,2022,21784316,52858410,,31074094,142.64,,,"UN Comtrade, comtradeapi.un.org"
CRI,Costa Rica,HUN,Hungary,2022,41106889,45653903,,4547014,11.06,,,"UN Comtrade, comtradeapi.un.org"
CRI,Costa Rica,CZE,Czechia,2022,132241,85353869,82100972,85221628,64444.18,81968731,61984.36,"UN Comtrade, comtradeapi.un.org"
CRI,Costa Rica,ARE,United Arab Emirates,2022,3211837,44247022,,41035185,1277.62,,,"UN Comtrade, comtradeapi.un.org"
CRI,Costa Rica,ARG,Argentina,2022,13145892,22363386,21264791,9217494,70.12,8118899,61.76,"UN Comtrade, comtradeapi.un.org"
CRI,Costa Rica,DOM,Dominican Rep.,2022,341997173,327353228,305265668,-14643945,-4.28,-36731505,-10.74,"UN Comtrade, comtradeapi.un.org"
CRI,Costa Rica,NOR,Norway,2022,21881987,69150390,,47268403,216.02,,,"UN Comtrade, comtradeapi.un.org"
CRI,Costa Rica,SVK,Slovakia,2022,263823,20784643,20694574,20520820,7778.25,20430751,7744.11,"UN Comtrade, comtradeapi.un.org"
CRI,Costa Rica,PAK,Pakistan,2022,3598553,3997957,,399404,11.1,,,"UN Comtrade, comtradeapi.un.org"
CRI,Costa Rica,PRT,Portugal,2022,49563062,83375239,,33812177,68.22,,,"UN Comtrade, comtradeapi.un.org"
CRI,Costa Rica,NIC,Nicaragua,2022,593427034,566272494,,-27154540,-4.58,,,"UN Comtrade, comtradeapi.un.org"
CRI,Costa Rica,GTM,Guatemala,2022,815131696,812426422,,-2705274,-0.33,,,"UN Comtrade, comtradeapi.un.org"
FIN,Finland,USA,USA,2022,8062589033,8995330259,8708068124,932741226,11.57,645479091,8.01,"UN Comtrade, comtradeapi.un.org"
FIN,Finland,CHN,China,2022,4043216331,5279180398,,1235964067,30.57,,,"UN Comtrade, comtradeapi.un.org"
FIN,Finland,MEX,Mexico,2022,655465504,756388759,756388759,100923255,15.4,100923255,15.4,"UN Comtrade, comtradeapi.un.org"
FIN,Finland,CAN,Canada,2022,1072597728,1294592473,1294592473,221994745,20.7,221994745,20.7,"UN Comtrade, comtradeapi.un.org"
FIN,Finland,JPN,Japan,2022,1428172496,2213542742,,785370246,54.99,,,"UN Comtrade, comtradeapi.un.org"
FIN,Finland,DEU,Germany,2022,9941669555,10565935875,,624266320,6.28,,,"UN Comtrade, comtradeapi.un.org"
FIN,Finland,VNM,Viet Nam,2022,439637350,208380166,,-231257184,-52.6,,,"UN Comtrade, comtradeapi.un.org"
FIN,Finland,KOR,Rep. of Korea,2022,906439261,1166322753,,259883492,28.67,,,"UN Comtrade, comtradeapi.un.org"
FIN,Finland,S19,"Other Asia, nes",2022,274499577,407775995,,133276418,48.55,,,"UN Comtrade, comtradeapi.un.org"
FIN,Finland,IND,India,2022,794526057,1438752557,,644226500,81.08,,,"UN Comtrade, comtradeapi.un.org"
FIN,Finland,IRL,Ireland,2022,245622776,249883993,,4261217,1.73,,,"UN Comtrade, comtradeapi.un.org"
FIN,Finland,ITA,Italy,2022,2515392837,2781817587,,266424750,10.59,,,"UN Comtrade, comtradeapi.un.org"
FIN,Finland,GBR,United Kingdom,2022,3056678035,3726916019,,670237984,21.93,,,"UN Comtrade, comtradeapi.un.org"
FIN,Finland,THA,Thailand,2022,254454824,336578977,,82124153,32.27,,,"UN Comtrade, comtradeapi.un.org"
FIN,Finland,CHE,Switzerland,2022,1540778260,1636474183,,95695923,6.21,,,"UN Comtrade, comtradeapi.un.org"
FIN,Finland,FRA,France,2022,2636746332,3307924758,,671178426,25.45,,,"UN Comtrade, comtradeapi.un.org"
FIN,Finland,MYS,Malaysia,2022,173167480,277260354,,104092874,60.11,,,"UN Comtrade, comtradeapi.un.org"
FIN,Finland,BRA,Brazil,2022,877871983,1209427289,1143046584,331555306,37.77,265174601,30.21,"UN Comtrade, comtradeapi.un.org"
FIN,Finland,IDN,Indonesia,2022,300781273,549489325,,248708052,82.69,,,"UN Comtrade, comtradeapi.un.org"
FIN,Finland,NLD,Netherlands,2022,6138472981,4800810556,,-1337662425,-21.79,,,"UN Comtrade, comtradeapi.un.org"
FIN,Finland,SGP,Singapore,2022,204388304,527664043,,323275739,158.17,,,"UN Comtrade, comtradeapi.un.org"
FIN,Finland,BEL,Belgium,2022,2740843899,1795855105,,-944988794,-34.48,,,"UN Comtrade, comtradeapi.un.org"
FIN,Finland,ESP,Spain,2022,1322194428,1519515312,,197320884,14.92,,,"UN Comtrade, comtradeapi.un.org"
FIN,Finland,SAU,Saudi Arabia,2022,313659768,469655350,,155995582,49.73,,,"UN Comtrade, comtradeapi.un.org"
FIN,Finland,ISR,Israel,2022,235576874,350627000,,115050126,48.84,,,"UN Comtrade, comtradeapi.un.org"
FIN,Finland,TUR,Türkiye,2022,1189482401,1395200299,1292228811,205717898,17.29,102746410,8.64,"UN Comtrade, comtradeapi.un.org"
FIN,Finland,COL,Colombia,2022,136036199,239071851,219091602,103035652,75.74,83055403,61.05,"UN Comtrade, comtradeapi.un.org"
FIN,Finland,AUT,Austria,2022,604561037,772379211,,167818174,27.76,,,"UN Comtrade, comtradeapi.un.org"
FIN,Finland,SWE,Sweden,2022,9255261297,9167932704,,-87328593,-0.94,,,"UN Comtrade, comtradeapi.un.org"
FIN,Finland,PHL,Philippines,2022,152477733,210607124,198174846,58129391,38.12,45697113,29.97,"UN Comtrade, comtradeapi.un.org"
FIN,Finland,CHL,Chile,2022,291681187,387444170,353097242,95762983,32.83,61416055,21.06,"UN Comtrade, comtradeapi.un.org"
FIN,Finland,AUS,Australia,2022,872238882,1118713352,1048295522,246474470,28.26,176056640,20.18,"UN Comtrade, comtradeapi.un.org"
FIN,Finland,ZAF,South Africa,2022,485570889,541400571,541400571,55829682,11.5,55829682,11.5,"UN Comtrade, comtradeapi.un.org"
FIN,Finland,DNK,Denmark,2022,1509531895,1562733399,,53201504,3.52,,,"UN Comtrade, comtradeapi.un.org"
FIN,Finland,KHM,Cambodia,2022,64699463,89222255,,24522792,37.9,,,"UN Comtrade, comtradeapi.un.org"
FIN,Finland,POL,Poland,2022,2609789364,2686693597,,76904233,2.95,,,"UN Comtrade, comtradeapi.un.org"
FIN,Finland,ECU,Ecuador,2022,60213189,34169862,,-26043327,-43.25,,,"UN Comtrade, comtradeapi.un.org"
FIN,Finland,IRQ,Iraq,2022,35245732,3197129,,-32048603,-90.93,,,"UN Comtrade, comtradeapi.un.org"
FIN,Finland,PER,Peru,2022,92124440,115452876,,23328436,25.32,,,"UN Comtrade, comtradeapi.un.org"
FIN,Finland,CRI,Costa Rica,2022,21721613,23262707,,1541094,7.09,,,"UN Comtrade, comtradeapi.un.org"
FIN,Finland,HUN,Hungary,2022,273706012,287967367,,14261355,5.21,,,"UN Comtrade, comtradeapi.un.org"
FIN,Finland,CZE,Czechia,2022,569372453,711871565,670074937,142499112,25.03,100702484,17.69,"UN Comtrade, comtradeapi.un.org"
FIN,Finland,ARE,United Arab Emirates,2022,324467410,310116854,,-14350556,-4.42,,,"UN Comtrade, comtradeapi.un.org"
FIN,Finland,ARG,Argentina,2022,410214038,493890405,465605082,83676367,20.4,55391044,13.5,"UN Comtrade, comtradeapi.un.org"
FIN,Finland,DOM,Dominican Rep.,2022,13193012,18954633,17045452,5761621,43.67,3852440,29.2,"UN Comtrade, comtradeapi.un.org"
FIN,Finland,NOR,Norway,2022,2389766688,2381201871,,-8564817,-0.36,,,"UN Comtrade, comtradeapi.un.org"
FIN,Finland,SVK,Slovakia,2022,226055722,222891795,221460403,-3163927,-1.4,-4595319,-2.03,"UN Comtrade, comtradeapi.un.org"
FIN,Finland,PAK,Pakistan,2022,100664674,93125544,,-7539130,-7.49,,,"UN Comtrade, comtradeapi.un.org"
FIN,Finland,PRT,Portugal,2022,250157610,312407970,,62250360,24.88,,,"UN Comtrade, comtradeapi.un.org"
FIN,Finland,NIC,Nicaragua,2022,397065,1420375,,1023310,257.72,,,"UN Comtrade, comtradeapi.un.org"
FIN,Finland,GTM,Guatemala,2022,40323962,51868809,,11544847,28.63,,,"UN Comtrade, comtradeapi.un.org"
HUN,Hungary,USA,USA,2022,5314021774,7892666232,7704841460,2578644458,48.53,2390819686,44.99,"UN Comtrade, comtradeapi.un.org"
HUN,Hungary,CHN,China,2022,2291236812,5049297343,,2758060531,120.37,,,"UN Comtrade, comtradeapi.un.org"
HUN,Hungary,MEX,Mexico,2022,1126079547,1680906140,1680906140,554826593,49.27,554826593,49.27,"UN Comtrade, comtradeapi.un.org"
HUN,Hungary,CAN,Canada,2022,345116196,664519511,664519511,319403315,92.55,319403315,92.55,"UN Comtrade, comtradeapi.un.org"
HUN,Hungary,JPN,Japan,2022,962880425,1179230716,,216350291,22.47,,,"UN Comtrade, comtradeapi.un.org"
HUN,Hungary,DEU,Germany,2022,37724929701,35888254534,,-1836675167,-4.87,,,"UN Comtrade, comtradeapi.un.org"
HUN,Hungary,VNM,Viet Nam,2022,112511907,613043334,,500531427,444.87,,,"UN Comtrade, comtradeapi.un.org"
HUN,Hungary,KOR,Rep. of Korea,2022,671723641,795679296,,123955655,18.45,,,"UN Comtrade, comtradeapi.un.org"
HUN,Hungary,S19,"Other Asia, nes",2022,335457605,472438845,,136981240,40.83,,,"UN Comtrade, comtradeapi.un.org"
HUN,Hungary,IND,India,2022,490791869,321605293,,-169186576,-34.47,,,"UN Comtrade, comtradeapi.un.org"
HUN,Hungary,IRL,Ireland,2022,576879458,615902695,,39023237,6.76,,,"UN Comtrade, comtradeapi.un.org"
HUN,Hungary,ITA,Italy,2022,8523950716,8177829623,,-346121093,-4.06,,,"UN Comtrade, comtradeapi.un.org"
HUN,Hungary,GBR,United Kingdom,2022,4764126809,5661283713,,897156904,18.83,,,"UN Comtrade, comtradeapi.un.org"
HUN,Hungary,THA,Thailand,2022,155825252,210659701,,54834449,35.19,,,"UN Comtrade, comtradeapi.un.org"
HUN,Hungary,CHE,Switzerland,2022,1468690649,1744796365,,276105716,18.8,,,"UN Comtrade, comtradeapi.un.org"
HUN,Hungary,FRA,France,2022,6322351880,6013173335,,-309178545,-4.89,,,"UN Comtrade, comtradeapi.un.org"
HUN,Hungary,MYS,Malaysia,2022,225469166,220610106,,-4859060,-2.16,,,"UN Comtrade, comtradeapi.un.org"
HUN,Hungary,BRA,Brazil,2022,297782211,513368502,487772589,215586291,72.4,189990378,63.8,"UN Comtrade, comtradeapi.un.org"
HUN,Hungary,IDN,Indonesia,2022,84177230,168131974,,83954744,99.74,,,"UN Comtrade, comtradeapi.un.org"
HUN,Hungary,NLD,Netherlands,2022,5418845294,4601226615,,-817618679,-15.09,,,"UN Comtrade, comtradeapi.un.org"
HUN,Hungary,SGP,Singapore,2022,281358762,350932075,,69573313,24.73,,,"UN Comtrade, comtradeapi.un.org"
HUN,Hungary,BEL,Belgium,2022,3285666173,2830214424,,-455451749,-13.86,,,"UN Comtrade, comtradeapi.un.org"
HUN,Hungary,ESP,Spain,2022,3967801438,3478243688,,-489557750,-12.34,,,"UN Comtrade, comtradeapi.un.org"
HUN,Hungary,SAU,Saudi Arabia,2022,153875282,339722605,,185847323,120.78,,,"UN Comtrade, comtradeapi.un.org"
HUN,Hungary,ISR,Israel,2022,487826827,357780000,,-130046827,-26.66,,,"UN Comtrade, comtradeapi.un.org"
HUN,Hungary,TUR,Türkiye,2022,1989044721,1849286754,1755188955,-139757967,-7.03,-233855766,-11.76,"UN Comtrade, comtradeapi.un.org"
HUN,Hungary,COL,Colombia,2022,118371535,147966240,140687425,29594705,25.0,22315890,18.85,"UN Comtrade, comtradeapi.un.org"
HUN,Hungary,AUT,Austria,2022,6763899110,5622886102,,-1141013008,-16.87,,,"UN Comtrade, comtradeapi.un.org"
HUN,Hungary,SWE,Sweden,2022,1802646815,1736364459,,-66282356,-3.68,,,"UN Comtrade, comtradeapi.un.org"
HUN,Hungary,PHL,Philippines,2022,37312561,27279197,25063657,-10033364,-26.89,-12248904,-32.83,"UN Comtrade, comtradeapi.un.org"
HUN,Hungary,CHL,Chile,2022,66234140,82182861,75425854,15948721,24.08,9191714,13.88,"UN Comtrade, comtradeapi.un.org"
HUN,Hungary,AUS,Australia,2022,734354249,791682936,751446264,57328687,7.81,17092015,2.33,"UN Comtrade, comtradeapi.un.org"
HUN,Hungary,ZAF,South Africa,2022,268294610,421881515,421881515,153586905,57.25,153586905,57.25,"UN Comtrade, comtradeapi.un.org"
HUN,Hungary,DNK,Denmark,2022,860695191,839583912,,-21111279,-2.45,,,"UN Comtrade, comtradeapi.un.org"
HUN,Hungary,KHM,Cambodia,2022,2007803,3204833,,1197030,59.62,,,"UN Comtrade, comtradeapi.un.org"
HUN,Hungary,POL,Poland,2022,6446017125,5419957676,,-1026059449,-15.92,,,"UN Comtrade, comtradeapi.un.org"
HUN,Hungary,ECU,Ecuador,2022,29480055,42347354,,12867299,43.65,,,"UN Comtrade, comtradeapi.un.org"
HUN,Hungary,IRQ,Iraq,2022,57327835,615976,,-56711859,-98.93,,,"UN Comtrade, comtradeapi.un.org"
HUN,Hungary,PER,Peru,2022,28570833,46078402,,17507569,61.28,,,"UN Comtrade, comtradeapi.un.org"
HUN,Hungary,CRI,Costa Rica,2022,59065276,47066787,,-11998489,-20.31,,,"UN Comtrade, comtradeapi.un.org"
HUN,Hungary,FIN,Finland,2022,490407268,526407263,,35999995,7.34,,,"UN Comtrade, comtradeapi.un.org"
HUN,Hungary,CZE,Czechia,2022,6232039255,5393193963,5253159345,-838845292,-13.46,-978879910,-15.71,"UN Comtrade, comtradeapi.un.org"
HUN,Hungary,ARE,United Arab Emirates,2022,352474073,786333905,,433859832,123.09,,,"UN Comtrade, comtradeapi.un.org"
HUN,Hungary,ARG,Argentina,2022,186242492,256667620,248735137,70425128,37.81,62492645,33.55,"UN Comtrade, comtradeapi.un.org"
HUN,Hungary,DOM,Dominican Rep.,2022,9833016,11650178,10521742,1817162,18.48,688726,7.0,"UN Comtrade, comtradeapi.un.org"
HUN,Hungary,NOR,Norway,2022,286337139,539226307,,252889168,88.32,,,"UN Comtrade, comtradeapi.un.org"
HUN,Hungary,SVK,Slovakia,2022,7678817395,5381146528,5216314191,-2297670867,-29.92,-2462503204,-32.07,"UN Comtrade, comtradeapi.un.org"
HUN,Hungary,PAK,Pakistan,2022,35026460,48986669,,13960209,39.86,,,"UN Comtrade, comtradeapi.un.org"
HUN,Hungary,PRT,Portugal,2022,714883110,687075722,,-27807388,-3.89,,,"UN Comtrade, comtradeapi.un.org"
HUN,Hungary,NIC,Nicaragua,2022,1720871,3483988,,1763117,102.45,,,"UN Comtrade, comtradeapi.un.org"
HUN,Hungary,GTM,Guatemala,2022,6752706,17790798,,11038092,163.46,,,"UN Comtrade, comtradeapi.un.org"
CZE,Czechia,USA,USA,2022,6122304226,7844892328,7536284755,1722588102,28.14,1413980529,23.1,"UN Comtrade, comtradeapi.un.org"
CZE,Czechia,CHN,China,2022,2723330310,5419432024,,2696101714,99.0,,,"UN Comtrade, comtradeapi.un.org"
CZE,Czechia,MEX,Mexico,2022,909173223,1720132392,1720132392,810959169,89.2,810959169,89.2,"UN Comtrade, comtradeapi.un.org"
CZE,Czechia,CAN,Canada,2022,415432822,747743732,747743732,332310910,79.99,332310910,79.99,"UN Comtrade, comtradeapi.un.org"
CZE,Czechia,JPN,Japan,2022,1275067839,1614424026,,339356187,26.61,,,"UN Comtrade, comtradeapi.un.org"
CZE,Czechia,DEU,Germany,2022,79220952907,61782798290,,-17438154617,-22.01,,,"UN Comtrade, comtradeapi.un.org"
CZE,Czechia,VNM,Viet Nam,2022,107644116,159737280,,52093164,48.39,,,"UN Comtrade, comtradeapi.un.org"
CZE,Czechia,KOR,Rep. of Korea,2022,552617823,1026444290,,473826467,85.74,,,"UN Comtrade, comtradeapi.un.org"
CZE,Czechia,S19,"Other Asia, nes",2022,339194041,465134508,,125940467,37.13,,,"UN Comtrade, comtradeapi.un.org"
CZE,Czechia,IND,India,2022,1076611447,716505216,,-360106231,-33.45,,,"UN Comtrade, comtradeapi.un.org"
CZE,Czechia,IRL,Ireland,2022,1550943491,1171396879,,-379546612,-24.47,,,"UN Comtrade, comtradeapi.un.org"
CZE,Czechia,ITA,Italy,2022,9845229207,8967696475,,-877532732,-8.91,,,"UN Comtrade, comtradeapi.un.org"
CZE,Czechia,GBR,United Kingdom,2022,8621291933,8978812102,,357520169,4.15,,,"UN Comtrade, comtradeapi.un.org"
CZE,Czechia,THA,Thailand,2022,199634347,301325814,,101691467,50.94,,,"UN Comtrade, comtradeapi.un.org"
CZE,Czechia,CHE,Switzerland,2022,3489912763,3167210446,,-322702317,-9.25,,,"UN Comtrade, comtradeapi.un.org"
CZE,Czechia,FRA,France,2022,11232501673,9122093134,,-2110408539,-18.79,,,"UN Comtrade, comtradeapi.un.org"
CZE,Czechia,MYS,Malaysia,2022,197862670,266404894,,68542224,34.64,,,"UN Comtrade, comtradeapi.un.org"
CZE,Czechia,BRA,Brazil,2022,427530783,719035878,671885211,291505095,68.18,244354428,57.15,"UN Comtrade, comtradeapi.un.org"
CZE,Czechia,IDN,Indonesia,2022,111578821,171910242,,60331421,54.07,,,"UN Comtrade, comtradeapi.un.org"
CZE,Czechia,NLD,Netherlands,2022,8729338985,8532762886,,-196576099,-2.25,,,"UN Comtrade, comtradeapi.un.org"
CZE,Czechia,SGP,Singapore,2022,508735625,675016195,,166280570,32.69,,,"UN Comtrade, comtradeapi.un.org"
CZE,Czechia,BEL,Belgium,2022,5278852708,4494943627,,-783909081,-14.85,,,"UN Comtrade, comtradeapi.un.org"
CZE,Czechia,ESP,Spain,2022,6321319653,5704405002,,-616914651,-9.76,,,"UN Comtrade, comtradeapi.un.org"
CZE,Czechia,SAU,Saudi Arabia,2022,601469252,715195797,,113726545,18.91,,,"UN Comtrade, comtradeapi.un.org"
CZE,Czechia,ISR,Israel,2022,1153745436,856970000,,-296775436,-25.72,,,"UN Comtrade, comtradeapi.un.org"
CZE,Czechia,TUR,Türkiye,2022,2666317351,2895417113,2754575439,229099762,8.59,88258088,3.31,"UN Comtrade, comtradeapi.un.org"
CZE,Czechia,COL,Colombia,2022,87686118,111235853,103610606,23549735,26.86,15924488,18.16,"UN Comtrade, comtradeapi.un.org"
CZE,Czechia,AUT,Austria,2022,10732760056,10334851159,,-397908897,-3.71,,,"UN Comtrade, comtradeapi.un.org"
CZE,Czechia,SWE,Sweden,2022,3950640254,3041227688,,-909412566,-23.02,,,"UN Comtrade, comtradeapi.un.org"
CZE,Czechia,PHL,Philippines,2022,55710468,94108508,89292396,38398040,68.92,33581928,60.28,"UN Comtrade, comtradeapi.un.org"
CZE,Czechia,CHL,Chile,2022,127768565,147434331,134779595,19665766,15.39,7011030,5.49,"UN Comtrade, comtradeapi.un.org"
CZE,Czechia,AUS,Australia,2022,632200526,810915019,749754666,178714493,28.27,117554140,18.59,"UN Comtrade, comtradeapi.un.org"
CZE,Czechia,ZAF,South Africa,2022,589671785,758078294,758078294,168406509,28.56,168406509,28.56,"UN Comtrade, comtradeapi.un.org"
CZE,Czechia,DNK,Denmark,2022,2277561725,1830512752,,-447048973,-19.63,,,"UN Comtrade, comtradeapi.un.org"
CZE,Czechia,KHM,Cambodia,2022,4759517,2225889,,-2533628,-53.23,,,"UN Comtrade, comtradeapi.un.org"
CZE,Czechia,POL,Poland,2022,17039837362,11873400852,,-5166436510,-30.32,,,"UN Comtrade, comtradeapi.un.org"
CZE,Czechia,ECU,Ecuador,2022,61400294,69610272,,8209978,13.37,,,"UN Comtrade, comtradeapi.un.org"
CZE,Czechia,IRQ,Iraq,2022,163916826,31153292,,-132763534,-80.99,,,"UN Comtrade, comtradeapi.un.org"
CZE,Czechia,PER,Peru,2022,51324898,75223531,,23898633,46.56,,,"UN Comtrade, comtradeapi.un.org"
CZE,Czechia,CRI,Costa Rica,2022,13310518,13305255,,-5263,-0.04,,,"UN Comtrade, comtradeapi.un.org"
CZE,Czechia,FIN,Finland,2022,1221835912,1113009266,,-108826646,-8.91,,,"UN Comtrade, comtradeapi.un.org"
CZE,Czechia,HUN,Hungary,2022,8239400529,7544888590,,-694511939,-8.43,,,"UN Comtrade, comtradeapi.un.org"
CZE,Czechia,ARE,United Arab Emirates,2022,873168817,1002355404,,129186587,14.8,,,"UN Comtrade, comtradeapi.un.org"
CZE,Czechia,ARG,Argentina,2022,78462892,192145883,181277736,113682991,144.89,102814844,131.04,"UN Comtrade, comtradeapi.un.org"
CZE,Czechia,DOM,Dominican Rep.,2022,9181910,14327387,12869021,5145477,56.04,3687111,40.16,"UN Comtrade, comtradeapi.un.org"
CZE,Czechia,NOR,Norway,2022,1168725210,1320129250,,151404040,12.95,,,"UN Comtrade, comtradeapi.un.org"
CZE,Czechia,SVK,Slovakia,2022,20298523891,10486957612,10164736217,-9811566279,-48.34,-10133787674,-49.92,"UN Comtrade, comtradeapi.un.org"
CZE,Czechia,PAK,Pakistan,2022,69325233,30779530,,-38545703,-55.6,,,"UN Comtrade, comtradeapi.un.org"
CZE,Czechia,PRT,Portugal,2022,948071750,793169327,,-154902423,-16.34,,,"UN Comtrade, comtradeapi.un.org"
CZE,Czechia,NIC,Nicaragua,2022,3156891,9481444,,6324553,200.34,,,"UN Comtrade, comtradeapi.un.org"
CZE,Czechia,GTM,Guatemala,2022,18566851,18927102,,360251,1.94,,,"UN Comtrade, comtradeapi.un.org"
ARE,United Arab Emirates,USA,USA,2022,11520847053,7314017138,6907128618,-4206829915,-36.51,-4613718435,-40.05,"UN Comtrade, comtradeapi.un.org"
ARE,United Arab Emirates,CHN,China,2022,10105511519,45407517093,,35302005574,349.33,,,"UN Comtrade, comtradeapi.un.org"
ARE,United Arab Emirates,MEX,Mexico,2022,482726456,881319487,881319487,398593031,82.57,398593031,82.57,"UN Comtrade, comtradeapi.un.org"
ARE,United Arab Emirates,CAN,Canada,2022,945228268,574157533,574157533,-371070735,-39.26,-371070735,-39.26,"UN Comtrade, comtradeapi.un.org"
ARE,United Arab Emirates,JPN,Japan,2022,2726168365,45804851977,,43078683612,1580.19,,,"UN Comtrade, comtradeapi.un.org"
ARE,United Arab Emirates,DEU,Germany,2022,1356559961,2348923374,,992363413,73.15,,,"UN Comtrade, comtradeapi.un.org"
ARE,United Arab Emirates,VNM,Viet Nam,2022,1271974602,582460054,,-689514548,-54.21,,,"UN Comtrade, comtradeapi.un.org"
ARE,United Arab Emirates,KOR,Rep. of Korea,2022,1349026048,15492751247,,14143725199,1048.44,,,"UN Comtrade, comtradeapi.un.org"
ARE,United Arab Emirates,S19,"Other Asia, nes",2022,857352557,6615352787,,5758000230,671.6,,,"UN Comtrade, comtradeapi.un.org"
ARE,United Arab Emirates,IND,India,2022,25392913556,53851376669,,28458463113,112.07,,,"UN Comtrade, comtradeapi.un.org"
ARE,United Arab Emirates,IRL,Ireland,2022,162287717,650297808,,488010091,300.71,,,"UN Comtrade, comtradeapi.un.org"
ARE,United Arab Emirates,ITA,Italy,2022,2737638273,2148418228,,-589220045,-21.52,,,"UN Comtrade, comtradeapi.un.org"
ARE,United Arab Emirates,GBR,United Kingdom,2022,2318636750,4063874042,,1745237292,75.27,,,"UN Comtrade, comtradeapi.un.org"
ARE,United Arab Emirates,THA,Thailand,2022,1490306083,17029795540,,15539489457,1042.7,,,"UN Comtrade, comtradeapi.un.org"
ARE,United Arab Emirates,CHE,Switzerland,2022,9748039620,9266367212,,-481672408,-4.94,,,"UN Comtrade, comtradeapi.un.org"
ARE,United Arab Emirates,FRA,France,2022,1426034565,2976926286,,1550891721,108.76,,,"UN Comtrade, comtradeapi.un.org"
ARE,United Arab Emirates,MYS,Malaysia,2022,1819258910,5032360412,,3213101502,176.62,,,"UN Comtrade, comtradeapi.un.org"
ARE,United Arab Emirates,BRA,Brazil,2022,648815903,2641799506,2518546247,1992983603,307.17,1869730344,288.18,"UN Comtrade, comtradeapi.un.org"
ARE,United Arab Emirates,IDN,Indonesia,2022,813747525,2768435675,,1954688150,240.21,,,"UN Comtrade, comtradeapi.un.org"
ARE,United Arab Emirates,NLD,Netherlands,2022,2763801018,2009987130,,-753813888,-27.27,,,"UN Comtrade, comtradeapi.un.org"
ARE,United Arab Emirates,SGP,Singapore,2022,3337646152,15699311889,,12361665737,370.37,,,"UN Comtrade, comtradeapi.un.org"
ARE,United Arab Emirates,BEL,Belgium,2022,4638300311,2018602062,,-2619698249,-56.48,,,"UN Comtrade, comtradeapi.un.org"
ARE,United Arab Emirates,ESP,Spain,2022,575968072,1521002035,,945033963,164.08,,,"UN Comtrade, comtradeapi.un.org"
ARE,United Arab Emirates,SAU,Saudi Arabia,2022,28100960189,12027073829,,-16073886360,-57.2,,,"UN Comtrade, comtradeapi.un.org"
ARE,United Arab Emirates,ISR,Israel,2022,1726286575,1890962000,,164675425,9.54,,,"UN Comtrade, comtradeapi.un.org"
ARE,United Arab Emirates,TUR,Türkiye,2022,7902628471,4470950995,4353143318,-3431677476,-43.42,-3549485153,-44.92,"UN Comtrade, comtradeapi.un.org"
ARE,United Arab Emirates,COL,Colombia,2022,112644690,65145219,57169156,-47499471,-42.17,-55475534,-49.25,"UN Comtrade, comtradeapi.un.org"
ARE,United Arab Emirates,AUT,Austria,2022,107582055,205986728,,98404673,91.47,,,"UN Comtrade, comtradeapi.un.org"
ARE,United Arab Emirates,SWE,Sweden,2022,74312351,67680539,,-6631812,-8.92,,,"UN Comtrade, comtradeapi.un.org"
ARE,United Arab Emirates,PHL,Philippines,2022,383645432,1767414585,1710990041,1383769153,360.69,1327344609,345.98,"UN Comtrade, comtradeapi.un.org"
ARE,United Arab Emirates,CHL,Chile,2022,143752720,65891645,56807644,-77861075,-54.16,-86945076,-60.48,"UN Comtrade, comtradeapi.un.org"
ARE,United Arab Emirates,AUS,Australia,2022,908461643,1181717936,1094644674,273256293,30.08,186183031,20.49,"UN Comtrade, comtradeapi.un.org"
ARE,United Arab Emirates,ZAF,South Africa,2022,2090717134,4108427418,4108427418,2017710284,96.51,2017710284,96.51,"UN Comtrade, comtradeapi.un.org"
ARE,United Arab Emirates,DNK,Denmark,2022,80649765,79667584,,-982181,-1.22,,,"UN Comtrade, comtradeapi.un.org"
ARE,United Arab Emirates,KHM,Cambodia,2022,127623319,35028217,,-92595102,-72.55,,,"UN Comtrade, comtradeapi.un.org"
ARE,United Arab Emirates,POL,Poland,2022,306149766,356526304,,50376538,16.45,,,"UN Comtrade, comtradeapi.un.org"
ARE,United Arab Emirates,ECU,Ecuador,2022,46128147,14970776,,-31157371,-67.55,,,"UN Comtrade, comtradeapi.un.org"
ARE,United Arab Emirates,IRQ,Iraq,2022,21478895823,270794837,,-21208100986,-98.74,,,"UN Comtrade, comtradeapi.un.org"
ARE,United Arab Emirates,PER,Peru,2022,48211966,53377850,,5165884,10.71,,,"UN Comtrade, comtradeapi.un.org"
ARE,United Arab Emirates,CRI,Costa Rica,2022,16161466,31531802,,15370336,95.1,,,"UN Comtrade, comtradeapi.un.org"
ARE,United Arab Emirates,FIN,Finland,2022,28565298,25113586,,-3451712,-12.08,,,"UN Comtrade, comtradeapi.un.org"
ARE,United Arab Emirates,HUN,Hungary,2022,130426676,70182825,,-60243851,-46.19,,,"UN Comtrade, comtradeapi.un.org"
ARE,United Arab Emirates,CZE,Czechia,2022,253517045,156040099,144853258,-97476946,-38.45,-108663787,-42.86,"UN Comtrade, comtradeapi.un.org"
ARE,United Arab Emirates,ARG,Argentina,2022,82867633,863546010,818702723,780678377,942.08,735835090,887.96,"UN Comtrade, comtradeapi.un.org"
ARE,United Arab Emirates,DOM,Dominican Rep.,2022,37373742,5014747,4264506,-32358995,-86.58,-33109236,-88.59,"UN Comtrade, comtradeapi.un.org"
ARE,United Arab Emirates,NOR,Norway,2022,83360768,305418230,,222057462,266.38,,,"UN Comtrade, comtradeapi.un.org"
ARE,United Arab Emirates,SVK,Slovakia,2022,23406077,22632348,21952139,-773729,-3.31,-1453938,-6.21,"UN Comtrade, comtradeapi.un.org"
ARE,United Arab Emirates,PAK,Pakistan,2022,4226664134,7840008788,,3613344654,85.49,,,"UN Comtrade, comtradeapi.un.org"
ARE,United Arab Emirates,PRT,Portugal,2022,78395139,34457999,,-43937140,-56.05,,,"UN Comtrade, comtradeapi.un.org"
ARE,United Arab Emirates,NIC,Nicaragua,2022,10781074,12375174,,1594100,14.79,,,"UN Comtrade, comtradeapi.un.org"
ARE,United Arab Emirates,GTM,Guatemala,2022,18715693,21307630,,2591937,13.85,,,"UN Comtrade, comtradeapi.un.org"
ARG,Argentina,USA,USA,2022,6700936242,7291538762,6937553703,590602520,8.81,236617461,3.53,"UN Comtrade, comtradeapi.un.org"
ARG,Argentina,CHN,China,2022,7928765040,8593470158,,664705118,8.38,,,"UN Comtrade, comtradeapi.un.org"
ARG,Argentina,MEX,Mexico,2022,1116947033,1217154134,1217154134,100207101,8.97,100207101,8.97,"UN Comtrade, comtradeapi.un.org"
ARG,Argentina,CAN,Canada,2022,874111387,997984268,997984268,123872881,14.17,123872881,14.17,"UN Comtrade, comtradeapi.un.org"
ARG,Argentina,JPN,Japan,2022,794564191,1181606659,,387042468,48.71,,,"UN Comtrade, comtradeapi.un.org"
ARG,Argentina,DEU,Germany,2022,887391022,1140602165,,253211143,28.53,,,"UN Comtrade, comtradeapi.un.org"
ARG,Argentina,VNM,Viet Nam,2022,3222762261,4043475974,,820713713,25.47,,,"UN Comtrade, comtradeapi.un.org"
ARG,Argentina,KOR,Rep. of Korea,2022,2017783824,2571713729,,553929905,27.45,,,"UN Comtrade, comtradeapi.un.org"
ARG,Argentina,S19,"Other Asia, nes",2022,437059454,643057842,,205998388,47.13,,,"UN Comtrade, comtradeapi.un.org"
ARG,Argentina,IND,India,2022,4542503306,4074900550,,-467602756,-10.29,,,"UN Comtrade, comtradeapi.un.org"
ARG,Argentina,IRL,Ireland,2022,561867570,538214142,,-23653428,-4.21,,,"UN Comtrade, comtradeapi.un.org"
ARG,Argentina,ITA,Italy,2022,1064997131,1283935679,,218938548,20.56,,,"UN Comtrade, comtradeapi.un.org"
ARG,Argentina,GBR,United Kingdom,2022,683605258,1195916912,,512311654,74.94,,,"UN Comtrade, comtradeapi.un.org"
ARG,Argentina,THA,Thailand,2022,344603583,394726944,,50123361,14.55,,,"UN Comtrade, comtradeapi.un.org"
ARG,Argentina,CHE,Switzerland,2022,1089068918,1144688151,,55619233,5.11,,,"UN Comtrade, comtradeapi.un.org"
ARG,Argentina,FRA,France,2022,477910621,665278122,,187367501,39.21,,,"UN Comtrade, comtradeapi.un.org"
ARG,Argentina,MYS,Malaysia,2022,1490832489,1863898007,,373065518,25.02,,,"UN Comtrade, comtradeapi.un.org"
ARG,Argentina,BRA,Brazil,2022,12637341712,13605439656,13099914867,968097944,7.66,462573155,3.66,"UN Comtrade, comtradeapi.un.org"
ARG,Argentina,IDN,Indonesia,2022,2105086018,2411308840,,306222822,14.55,,,"UN Comtrade, comtradeapi.un.org"
ARG,Argentina,NLD,Netherlands,2022,3566770755,2629322400,,-937448355,-26.28,,,"UN Comtrade, comtradeapi.un.org"
ARG,Argentina,SGP,Singapore,2022,112008020,92261116,,-19746904,-17.63,,,"UN Comtrade, comtradeapi.un.org"
ARG,Argentina,BEL,Belgium,2022,492034395,302542636,,-189491759,-38.51,,,"UN Comtrade, comtradeapi.un.org"
ARG,Argentina,ESP,Spain,2022,1735099835,2339134394,,604034559,34.81,,,"UN Comtrade, comtradeapi.un.org"
ARG,Argentina,SAU,Saudi Arabia,2022,1184568597,1585347637,,400779040,33.83,,,"UN Comtrade, comtradeapi.un.org"
ARG,Argentina,ISR,Israel,2022,401205883,256839000,,-144366883,-35.98,,,"UN Comtrade, comtradeapi.un.org"
ARG,Argentina,TUR,Türkiye,2022,711283354,904099420,848449453,192816066,27.11,137166099,19.28,"UN Comtrade, comtradeapi.un.org"
ARG,Argentina,COL,Colombia,2022,1426405352,1640514704,1511352421,214109352,15.01,84947069,5.96,"UN Comtrade, comtradeapi.un.org"
ARG,Argentina,AUT,Austria,2022,11703378,110461915,,98758537,843.85,,,"UN Comtrade, comtradeapi.un.org"
ARG,Argentina,SWE,Sweden,2022,38750988,49908191,,11157203,28.79,,,"UN Comtrade, comtradeapi.un.org"
ARG,Argentina,PHL,Philippines,2022,519681881,676494615,573420042,156812734,30.17,53738161,10.34,"UN Comtrade, comtradeapi.un.org"
ARG,Argentina,CHL,Chile,2022,5019868878,5956491328,5375391591,936622450,18.66,355522713,7.08,"UN Comtrade, comtradeapi.un.org"
ARG,Argentina,AUS,Australia,2022,646649398,818354602,719571764,171705204,26.55,72922366,11.28,"UN Comtrade, comtradeapi.un.org"
ARG,Argentina,ZAF,South Africa,2022,460707978,461115788,461115788,407810,0.09,407810,0.09,"UN Comtrade, comtradeapi.un.org"
ARG,Argentina,DNK,Denmark,2022,133982970,169389708,,35406738,26.43,,,"UN Comtrade, comtradeapi.un.org"
ARG,Argentina,KHM,Cambodia,2022,7046864,71360094,,64313230,912.65,,,"UN Comtrade, comtradeapi.un.org"
ARG,Argentina,POL,Poland,2022,919870680,1077469607,,157598927,17.13,,,"UN Comtrade, comtradeapi.un.org"
ARG,Argentina,ECU,Ecuador,2022,756673045,816103495,,59430450,7.85,,,"UN Comtrade, comtradeapi.un.org"
ARG,Argentina,IRQ,Iraq,2022,337879821,65436528,,-272443293,-80.63,,,"UN Comtrade, comtradeapi.un.org"
ARG,Argentina,PER,Peru,2022,2438979397,3040965263,,601985866,24.68,,,"UN Comtrade, comtradeapi.un.org"
ARG,Argentina,CRI,Costa Rica,2022,149858562,165379617,,15521055,10.36,,,"UN Comtrade, comtradeapi.un.org"
ARG,Argentina,FIN,Finland,2022,10199325,18926391,,8727066,85.57,,,"UN Comtrade, comtradeapi.un.org"
ARG,Argentina,HUN,Hungary,2022,8087073,19707436,,11620363,143.69,,,"UN Comtrade, comtradeapi.un.org"
ARG,Argentina,CZE,Czechia,2022,18229869,79672056,74553159,61442187,337.04,56323290,308.96,"UN Comtrade, comtradeapi.un.org"
ARG,Argentina,ARE,United Arab Emirates,2022,951015761,389891807,,-561123954,-59.0,,,"UN Comtrade, comtradeapi.un.org"
ARG,Argentina,DOM,Dominican Rep.,2022,517158418,519472859,477632455,2314441,0.45,-39525963,-7.64,"UN Comtrade, comtradeapi.un.org"
ARG,Argentina,NOR,Norway,2022,17862160,45734388,,27872228,156.04,,,"UN Comtrade, comtradeapi.un.org"
ARG,Argentina,SVK,Slovakia,2022,13653502,40370890,39776488,26717388,195.68,26122986,191.33,"UN Comtrade, comtradeapi.un.org"
ARG,Argentina,PAK,Pakistan,2022,235830644,323969923,,88139279,37.37,,,"UN Comtrade, comtradeapi.un.org"
ARG,Argentina,PRT,Portugal,2022,181186342,197865329,,16678987,9.21,,,"UN Comtrade, comtradeapi.un.org"
ARG,Argentina,NIC,Nicaragua,2022,128354593,151805900,,23451307,18.27,,,"UN Comtrade, comtradeapi.un.org"
ARG,Argentina,GTM,Guatemala,2022,302325909,396785458,,94459549,31.24,,,"UN Comtrade, comtradeapi.un.org"
DOM,Dominican Rep.,USA,USA,2022,5093124303,7143326979,6916102819,2050202676,40.25,1822978516,35.79,"UN Comtrade, comtradeapi.un.org"
DOM,Dominican Rep.,CHN,China,2022,272286807,519256956,,246970149,90.7,,,"UN Comtrade, comtradeapi.un.org"
DOM,Dominican Rep.,MEX,Mexico,2022,24190815,223214245,223214245,199023430,822.72,199023430,822.72,"UN Comtrade, comtradeapi.un.org"
DOM,Dominican Rep.,CAN,Canada,2022,89601583,257072229,257072229,167470646,186.91,167470646,186.91,"UN Comtrade, comtradeapi.un.org"
DOM,Dominican Rep.,JPN,Japan,2022,40057950,112051535,,71993585,179.72,,,"UN Comtrade, comtradeapi.un.org"
DOM,Dominican Rep.,DEU,Germany,2022,57912785,298630323,,240717538,415.66,,,"UN Comtrade, comtradeapi.un.org"
DOM,Dominican Rep.,VNM,Viet Nam,2022,4889669,23135430,,18245761,373.15,,,"UN Comtrade, comtradeapi.un.org"
DOM,Dominican Rep.,KOR,Rep. of Korea,2022,200584095,101413694,,-99170401,-49.44,,,"UN Comtrade, comtradeapi.un.org"
DOM,Dominican Rep.,S19,"Other Asia, nes",2022,40011179,104904166,,64892987,162.19,,,"UN Comtrade, comtradeapi.un.org"
DOM,Dominican Rep.,IND,India,2022,329595829,411567984,,81972155,24.87,,,"UN Comtrade, comtradeapi.un.org"
DOM,Dominican Rep.,IRL,Ireland,2022,1850191,25165219,,23315028,1260.14,,,"UN Comtrade, comtradeapi.un.org"
DOM,Dominican Rep.,ITA,Italy,2022,116694966,275152317,,158457351,135.79,,,"UN Comtrade, comtradeapi.un.org"
DOM,Dominican Rep.,GBR,United Kingdom,2022,27303039,164839731,,137536692,503.74,,,"UN Comtrade, comtradeapi.un.org"
DOM,Dominican Rep.,THA,Thailand,2022,5973060,35598654,,29625594,495.99,,,"UN Comtrade, comtradeapi.un.org"
DOM,Dominican Rep.,CHE,Switzerland,2022,1031811836,1083214844,,51403008,4.98,,,"UN Comtrade, comtradeapi.un.org"
DOM,Dominican Rep.,FRA,France,2022,52811129,181844054,,129032925,244.33,,,"UN Comtrade, comtradeapi.un.org"
DOM,Dominican Rep.,MYS,Malaysia,2022,1781380,9161907,,7380527,414.32,,,"UN Comtrade, comtradeapi.un.org"
DOM,Dominican Rep.,BRA,Brazil,2022,22236185,31291066,29084855,9054881,40.72,6848670,30.8,"UN Comtrade, comtradeapi.un.org"
DOM,Dominican Rep.,IDN,Indonesia,2022,4876465,16910566,,12034101,246.78,,,"UN Comtrade, comtradeapi.un.org"
DOM,Dominican Rep.,NLD,Netherlands,2022,244369955,312666505,,68296550,27.95,,,"UN Comtrade, comtradeapi.un.org"
DOM,Dominican Rep.,SGP,Singapore,2022,28242641,57520984,,29278343,103.67,,,"UN Comtrade, comtradeapi.un.org"
DOM,Dominican Rep.,BEL,Belgium,2022,49791890,64056912,,14265022,28.65,,,"UN Comtrade, comtradeapi.un.org"
DOM,Dominican Rep.,ESP,Spain,2022,89524827,139636996,,50112169,55.98,,,"UN Comtrade, comtradeapi.un.org"
DOM,Dominican Rep.,SAU,Saudi Arabia,2022,420235,14168211,,13747976,3271.5,,,"UN Comtrade, comtradeapi.un.org"
DOM,Dominican Rep.,ISR,Israel,2022,795350,5749000,,4953650,622.83,,,"UN Comtrade, comtradeapi.un.org"
DOM,Dominican Rep.,TUR,Türkiye,2022,4531304,23252067,21727787,18720763,413.14,17196483,379.5,"UN Comtrade, comtradeapi.un.org"
DOM,Dominican Rep.,COL,Colombia,2022,52619936,60979253,56614585,8359317,15.89,3994649,7.59,"UN Comtrade, comtradeapi.un.org"
DOM,Dominican Rep.,AUT,Austria,2022,938469,26621085,,25682616,2736.65,,,"UN Comtrade, comtradeapi.un.org"
DOM,Dominican Rep.,SWE,Sweden,2022,32302550,63884312,,31581762,97.77,,,"UN Comtrade, comtradeapi.un.org"
DOM,Dominican Rep.,PHL,Philippines,2022,9971906,25621668,24762421,15649762,156.94,14790515,148.32,"UN Comtrade, comtradeapi.un.org"
DOM,Dominican Rep.,CHL,Chile,2022,18391611,21123251,19275175,2731640,14.85,883564,4.8,"UN Comtrade, comtradeapi.un.org"
DOM,Dominican Rep.,AUS,Australia,2022,13534106,43973441,40495804,30439335,224.91,26961698,199.21,"UN Comtrade, comtradeapi.un.org"
DOM,Dominican Rep.,ZAF,South Africa,2022,7916240,16531730,16531730,8615490,108.83,8615490,108.83,"UN Comtrade, comtradeapi.un.org"
DOM,Dominican Rep.,DNK,Denmark,2022,2094225,7979570,,5885345,281.03,,,"UN Comtrade, comtradeapi.un.org"
DOM,Dominican Rep.,KHM,Cambodia,2022,253914,230423,,-23491,-9.25,,,"UN Comtrade, comtradeapi.un.org"
DOM,Dominican Rep.,POL,Poland,2022,10317224,46951557,,36634333,355.08,,,"UN Comtrade, comtradeapi.un.org"
DOM,Dominican Rep.,ECU,Ecuador,2022,21983245,24141328,,2158083,9.82,,,"UN Comtrade, comtradeapi.un.org"
DOM,Dominican Rep.,IRQ,Iraq,2022,6058,70741,,64683,1067.73,,,"UN Comtrade, comtradeapi.un.org"
DOM,Dominican Rep.,PER,Peru,2022,16082659,18156105,,2073446,12.89,,,"UN Comtrade, comtradeapi.un.org"
DOM,Dominican Rep.,CRI,Costa Rica,2022,56075209,66087098,,10011889,17.85,,,"UN Comtrade, comtradeapi.un.org"
DOM,Dominican Rep.,FIN,Finland,2022,17141055,6278754,,-10862301,-63.37,,,"UN Comtrade, comtradeapi.un.org"
DOM,Dominican Rep.,CZE,Czechia,2022,2235053,20431802,18961635,18196749,814.15,16726582,748.38,"UN Comtrade, comtradeapi.un.org"
DOM,Dominican Rep.,ARE,United Arab Emirates,2022,5795221,27677913,,21882692,377.6,,,"UN Comtrade, comtradeapi.un.org"
DOM,Dominican Rep.,ARG,Argentina,2022,2200577,5539415,5201391,3338838,151.73,3000814,136.36,"UN Comtrade, comtradeapi.un.org"
DOM,Dominican Rep.,NOR,Norway,2022,239374,10149700,,9910326,4140.1,,,"UN Comtrade, comtradeapi.un.org"
DOM,Dominican Rep.,SVK,Slovakia,2022,206952,4890810,4810225,4683858,2263.26,4603273,2224.32,"UN Comtrade, comtradeapi.un.org"
DOM,Dominican Rep.,PAK,Pakistan,2022,483922,2577164,,2093242,432.56,,,"UN Comtrade, comtradeapi.un.org"
DOM,Dominican Rep.,PRT,Portugal,2022,2540688,8523686,,5982998,235.49,,,"UN Comtrade, comtradeapi.un.org"
DOM,Dominican Rep.,NIC,Nicaragua,2022,74145939,74731873,,585934,0.79,,,"UN Comtrade, comtradeapi.un.org"
DOM,Dominican Rep.,GTM,Guatemala,2022,41049957,47360097,,6310140,15.37,,,"UN Comtrade, comtradeapi.un.org"
NOR,Norway,USA,USA,2022,5120781329,6964798730,6665089625,1844017401,36.01,1544308296,30.16,"UN Comtrade, comtradeapi.un.org"
NOR,Norway,CHN,China,2022,5211217266,7974772995,,2763555729,53.03,,,"UN Comtrade, comtradeapi.un.org"
NOR,Norway,MEX,Mexico,2022,311256397,393316267,393316267,82059870,26.36,82059870,26.36,"UN Comtrade, comtradeapi.un.org"
NOR,Norway,CAN,Canada,2022,1091098557,826434051,826434051,-264664506,-24.26,-264664506,-24.26,"UN Comtrade, comtradeapi.un.org"
NOR,Norway,JPN,Japan,2022,972407313,1648372847,,675965534,69.51,,,"UN Comtrade, comtradeapi.un.org"
NOR,Norway,DEU,Germany,2022,74618850050,16207324060,,-58411525990,-78.28,,,"UN Comtrade, comtradeapi.un.org"
NOR,Norway,VNM,Viet Nam,2022,315968228,421024223,,105055995,33.25,,,"UN Comtrade, comtradeapi.un.org"
NOR,Norway,KOR,Rep. of Korea,2022,1633258323,1954245039,,320986716,19.65,,,"UN Comtrade, comtradeapi.un.org"
NOR,Norway,S19,"Other Asia, nes",2022,338772330,493478400,,154706070,45.67,,,"UN Comtrade, comtradeapi.un.org"
NOR,Norway,IND,India,2022,520697126,1026360396,,505663270,97.11,,,"UN Comtrade, comtradeapi.un.org"
NOR,Norway,IRL,Ireland,2022,611540367,696007299,,84466932,13.81,,,"UN Comtrade, comtradeapi.un.org"
NOR,Norway,ITA,Italy,2022,2351462290,6339414272,,3987951982,169.59,,,"UN Comtrade, comtradeapi.un.org"
NOR,Norway,GBR,United Kingdom,2022,60220579737,53263318163,,-6957261574,-11.55,,,"UN Comtrade, comtradeapi.un.org"
NOR,Norway,THA,Thailand,2022,498884709,737085389,,238200680,47.75,,,"UN Comtrade, comtradeapi.un.org"
NOR,Norway,CHE,Switzerland,2022,442038153,579434327,,137396174,31.08,,,"UN Comtrade, comtradeapi.un.org"
NOR,Norway,FRA,France,2022,25174858556,6448914626,,-18725943930,-74.38,,,"UN Comtrade, comtradeapi.un.org"
NOR,Norway,MYS,Malaysia,2022,178618563,240343061,,61724498,34.56,,,"UN Comtrade, comtradeapi.un.org"
NOR,Norway,BRA,Brazil,2022,926022615,1068510672,1009437692,142488057,15.39,83415077,9.01,"UN Comtrade, comtradeapi.un.org"
NOR,Norway,IDN,Indonesia,2022,237566377,261471038,,23904661,10.06,,,"UN Comtrade, comtradeapi.un.org"
NOR,Norway,NLD,Netherlands,2022,16960903540,27093020200,,10132116660,59.74,,,"UN Comtrade, comtradeapi.un.org"
NOR,Norway,SGP,Singapore,2022,531878924,440007123,,-91871801,-17.27,,,"UN Comtrade, comtradeapi.un.org"
NOR,Norway,BEL,Belgium,2022,20216076752,17509544105,,-2706532647,-13.39,,,"UN Comtrade, comtradeapi.un.org"
NOR,Norway,ESP,Spain,2022,2410501167,1868848325,,-541652842,-22.47,,,"UN Comtrade, comtradeapi.un.org"
NOR,Norway,SAU,Saudi Arabia,2022,160312182,359791438,,199479256,124.43,,,"UN Comtrade, comtradeapi.un.org"
NOR,Norway,ISR,Israel,2022,265236564,448655000,,183418436,69.15,,,"UN Comtrade, comtradeapi.un.org"
NOR,Norway,TUR,Türkiye,2022,1127965540,1056175046,986244340,-71790494,-6.36,-141721200,-12.56,"UN Comtrade, comtradeapi.un.org"
NOR,Norway,COL,Colombia,2022,50113436,55528232,51573639,5414796,10.81,1460203,2.91,"UN Comtrade, comtradeapi.un.org"
NOR,Norway,AUT,Austria,2022,472285323,595535823,,123250500,26.1,,,"UN Comtrade, comtradeapi.un.org"
NOR,Norway,SWE,Sweden,2022,15983508092,23792501668,,7808993576,48.86,,,"UN Comtrade, comtradeapi.un.org"
NOR,Norway,PHL,Philippines,2022,93277343,103449877,94685201,10172534,10.91,1407858,1.51,"UN Comtrade, comtradeapi.un.org"
NOR,Norway,CHL,Chile,2022,181831848,198752507,191866771,16920659,9.31,10034923,5.52,"UN Comtrade, comtradeapi.un.org"
NOR,Norway,AUS,Australia,2022,290571113,321326326,298658697,30755213,10.58,8087584,2.78,"UN Comtrade, comtradeapi.un.org"
NOR,Norway,ZAF,South Africa,2022,101756339,108838440,108838440,7082101,6.96,7082101,6.96,"UN Comtrade, comtradeapi.un.org"
NOR,Norway,DNK,Denmark,2022,6418684511,5634778773,,-783905738,-12.21,,,"UN Comtrade, comtradeapi.un.org"
NOR,Norway,KHM,Cambodia,2022,926489,1027700,,101211,10.92,,,"UN Comtrade, comtradeapi.un.org"
NOR,Norway,POL,Poland,2022,5997627318,5089189345,,-908437973,-15.15,,,"UN Comtrade, comtradeapi.un.org"
NOR,Norway,ECU,Ecuador,2022,14730088,19474737,,4744649,32.21,,,"UN Comtrade, comtradeapi.un.org"
NOR,Norway,IRQ,Iraq,2022,9026138,11094,,-9015044,-99.88,,,"UN Comtrade, comtradeapi.un.org"
NOR,Norway,PER,Peru,2022,23320826,37942089,,14621263,62.7,,,"UN Comtrade, comtradeapi.un.org"
NOR,Norway,CRI,Costa Rica,2022,32953358,31655098,,-1298260,-3.94,,,"UN Comtrade, comtradeapi.un.org"
NOR,Norway,FIN,Finland,2022,6033420521,6684953186,,651532665,10.8,,,"UN Comtrade, comtradeapi.un.org"
NOR,Norway,HUN,Hungary,2022,136946606,40136553,,-96810053,-70.69,,,"UN Comtrade, comtradeapi.un.org"
NOR,Norway,CZE,Czechia,2022,302087920,2073792493,1991199271,1771704573,586.49,1689111351,559.15,"UN Comtrade, comtradeapi.un.org"
NOR,Norway,ARE,United Arab Emirates,2022,385510507,269657368,,-115853139,-30.05,,,"UN Comtrade, comtradeapi.un.org"
NOR,Norway,ARG,Argentina,2022,121228948,158577409,148213669,37348461,30.81,26984721,22.26,"UN Comtrade, comtradeapi.un.org"
NOR,Norway,DOM,Dominican Rep.,2022,57262871,70193724,67005034,12930853,22.58,9742163,17.01,"UN Comtrade, comtradeapi.un.org"
NOR,Norway,SVK,Slovakia,2022,115744303,143913662,142549364,28169359,24.34,26805061,23.16,"UN Comtrade, comtradeapi.un.org"
NOR,Norway,PAK,Pakistan,2022,60785812,57629976,,-3155836,-5.19,,,"UN Comtrade, comtradeapi.un.org"
NOR,Norway,PRT,Portugal,2022,776021883,139239199,,-636782684,-82.06,,,"UN Comtrade, comtradeapi.un.org"
NOR,Norway,NIC,Nicaragua,2022,154969,5611616,,5456647,3521.12,,,"UN Comtrade, comtradeapi.un.org"
NOR,Norway,GTM,Guatemala,2022,38854472,53181727,,14327255,36.87,,,"UN Comtrade, comtradeapi.un.org"
SVK,Slovakia,USA,USA,2022,3659855930,6622570848,6506130033,2962714918,80.95,2846274103,77.77,"UN Comtrade, comtradeapi.un.org"
SVK,Slovakia,CHN,China,2022,2746876942,7709702122,,4962825180,180.67,,,"UN Comtrade, comtradeapi.un.org"
SVK,Slovakia,MEX,Mexico,2022,227224177,449057226,449057226,221833049,97.63,221833049,97.63,"UN Comtrade, comtradeapi.un.org"
SVK,Slovakia,CAN,Canada,2022,347335621,725840294,725840294,378504673,108.97,378504673,108.97,"UN Comtrade, comtradeapi.un.org"
SVK,Slovakia,JPN,Japan,2022,292721716,407905982,,115184266,39.35,,,"UN Comtrade, comtradeapi.un.org"
SVK,Slovakia,DEU,Germany,2022,22665109375,20564078432,,-2101030943,-9.27,,,"UN Comtrade, comtradeapi.un.org"
SVK,Slovakia,VNM,Viet Nam,2022,31344019,66758275,,35414256,112.99,,,"UN Comtrade, comtradeapi.un.org"
SVK,Slovakia,KOR,Rep. of Korea,2022,386804673,810077823,,423273150,109.43,,,"UN Comtrade, comtradeapi.un.org"
SVK,Slovakia,S19,"Other Asia, nes",2022,103061786,304581941,,201520155,195.53,,,"UN Comtrade, comtradeapi.un.org"
SVK,Slovakia,IND,India,2022,161859844,76383165,,-85476679,-52.81,,,"UN Comtrade, comtradeapi.un.org"
SVK,Slovakia,IRL,Ireland,2022,239310574,103735062,,-135575512,-56.65,,,"UN Comtrade, comtradeapi.un.org"
SVK,Slovakia,ITA,Italy,2022,5194891224,4923605595,,-271285629,-5.22,,,"UN Comtrade, comtradeapi.un.org"
SVK,Slovakia,GBR,United Kingdom,2022,4155796004,4927466329,,771670325,18.57,,,"UN Comtrade, comtradeapi.un.org"
SVK,Slovakia,THA,Thailand,2022,39930784,92075519,,52144735,130.59,,,"UN Comtrade, comtradeapi.un.org"
SVK,Slovakia,CHE,Switzerland,2022,1440960194,1115349866,,-325610328,-22.6,,,"UN Comtrade, comtradeapi.un.org"
SVK,Slovakia,FRA,France,2022,6309127016,5781973522,,-527153494,-8.36,,,"UN Comtrade, comtradeapi.un.org"
SVK,Slovakia,MYS,Malaysia,2022,30585303,35176402,,4591099,15.01,,,"UN Comtrade, comtradeapi.un.org"
SVK,Slovakia,BRA,Brazil,2022,211734636,336148411,317160744,124413775,58.76,105426108,49.79,"UN Comtrade, comtradeapi.un.org"
SVK,Slovakia,IDN,Indonesia,2022,20438484,26270127,,5831643,28.53,,,"UN Comtrade, comtradeapi.un.org"
SVK,Slovakia,NLD,Netherlands,2022,2223633862,1614950621,,-608683241,-27.37,,,"UN Comtrade, comtradeapi.un.org"
SVK,Slovakia,SGP,Singapore,2022,27310835,75994757,,48683922,178.26,,,"UN Comtrade, comtradeapi.un.org"
SVK,Slovakia,BEL,Belgium,2022,1493069292,1604517518,,111448226,7.46,,,"UN Comtrade, comtradeapi.un.org"
SVK,Slovakia,ESP,Spain,2022,2465529780,2189562972,,-275966808,-11.19,,,"UN Comtrade, comtradeapi.un.org"
SVK,Slovakia,SAU,Saudi Arabia,2022,214235802,338723536,,124487734,58.11,,,"UN Comtrade, comtradeapi.un.org"
SVK,Slovakia,ISR,Israel,2022,294717520,174775000,,-119942520,-40.7,,,"UN Comtrade, comtradeapi.un.org"
SVK,Slovakia,TUR,Türkiye,2022,929575095,1127357365,1069847366,197782270,21.28,140272271,15.09,"UN Comtrade, comtradeapi.un.org"
SVK,Slovakia,COL,Colombia,2022,59427378,70295704,66091451,10868326,18.29,6664073,11.21,"UN Comtrade, comtradeapi.un.org"
SVK,Slovakia,AUT,Austria,2022,5813718795,3991517314,,-1822201481,-31.34,,,"UN Comtrade, comtradeapi.un.org"
SVK,Slovakia,SWE,Sweden,2022,1506534091,1277572728,,-228961363,-15.2,,,"UN Comtrade, comtradeapi.un.org"
SVK,Slovakia,PHL,Philippines,2022,18023072,4557600,4278267,-13465472,-74.71,-13744805,-76.26,"UN Comtrade, comtradeapi.un.org"
SVK,Slovakia,CHL,Chile,2022,58956464,43153345,39411788,-15803119,-26.8,-19544676,-33.15,"UN Comtrade, comtradeapi.un.org"
SVK,Slovakia,AUS,Australia,2022,348524104,491403315,468906411,142879211,41.0,120382307,34.54,"UN Comtrade, comtradeapi.un.org"
SVK,Slovakia,ZAF,South Africa,2022,191525314,300969094,300969094,109443780,57.14,109443780,57.14,"UN Comtrade, comtradeapi.un.org"
SVK,Slovakia,DNK,Denmark,2022,719589703,562101242,,-157488461,-21.89,,,"UN Comtrade, comtradeapi.un.org"
SVK,Slovakia,KHM,Cambodia,2022,6857411,4167842,,-2689569,-39.22,,,"UN Comtrade, comtradeapi.un.org"
SVK,Slovakia,POL,Poland,2022,8381184924,6042975877,,-2338209047,-27.9,,,"UN Comtrade, comtradeapi.un.org"
SVK,Slovakia,ECU,Ecuador,2022,50083041,47771244,,-2311797,-4.62,,,"UN Comtrade, comtradeapi.un.org"
SVK,Slovakia,IRQ,Iraq,2022,17958735,30226190,,12267455,68.31,,,"UN Comtrade, comtradeapi.un.org"
SVK,Slovakia,PER,Peru,2022,11927604,24743863,,12816259,107.45,,,"UN Comtrade, comtradeapi.un.org"
SVK,Slovakia,CRI,Costa Rica,2022,11898176,3501861,,-8396315,-70.57,,,"UN Comtrade, comtradeapi.un.org"
SVK,Slovakia,FIN,Finland,2022,340219808,354623459,,14403651,4.23,,,"UN Comtrade, comtradeapi.un.org"
SVK,Slovakia,HUN,Hungary,2022,9434370778,10604459987,,1170089209,12.4,,,"UN Comtrade, comtradeapi.un.org"
SVK,Slovakia,CZE,Czechia,2022,13095591469,9830162248,9830162248,-3265429221,-24.94,-3265429221,-24.94,"UN Comtrade, comtradeapi.un.org"
SVK,Slovakia,ARE,United Arab Emirates,2022,270214814,526753146,,256538332,94.94,,,"UN Comtrade, comtradeapi.un.org"
SVK,Slovakia,ARG,Argentina,2022,95439385,69546791,64307579,-25892594,-27.13,-31131806,-32.62,"UN Comtrade, comtradeapi.un.org"
SVK,Slovakia,DOM,Dominican Rep.,2022,5993110,2342396,2093976,-3650714,-60.92,-3899134,-65.06,"UN Comtrade, comtradeapi.un.org"
SVK,Slovakia,NOR,Norway,2022,242759280,359503971,,116744691,48.09,,,"UN Comtrade, comtradeapi.un.org"
SVK,Slovakia,PAK,Pakistan,2022,10121323,12834104,,2712781,26.8,,,"UN Comtrade, comtradeapi.un.org"
SVK,Slovakia,PRT,Portugal,2022,317215645,296279714,,-20935931,-6.6,,,"UN Comtrade, comtradeapi.un.org"
SVK,Slovakia,NIC,Nicaragua,2022,1867404,1275447,,-591957,-31.7,,,"UN Comtrade, comtradeapi.un.org"
SVK,Slovakia,GTM,Guatemala,2022,13612905,10192931,,-3419974,-25.12,,,"UN Comtrade, comtradeapi.un.org"
PAK,Pakistan,USA,USA,2022,6193137588,6559919042,5999095295,366781454,5.92,-194042293,-3.13,"UN Comtrade, comtradeapi.un.org"
PAK,Pakistan,CHN,China,2022,2527987220,3413278053,,885290833,35.02,,,"UN Comtrade, comtradeapi.un.org"
PAK,Pakistan,MEX,Mexico,2022,118950659,266064393,266064393,147113734,123.68,147113734,123.68,"UN Comtrade, comtradeapi.un.org"
PAK,Pakistan,CAN,Canada,2022,457613564,561203160,561203160,103589596,22.64,103589596,22.64,"UN Comtrade, comtradeapi.un.org"
PAK,Pakistan,JPN,Japan,2022,230528141,308929665,,78401524,34.01,,,"UN Comtrade, comtradeapi.un.org"
PAK,Pakistan,DEU,Germany,2022,1751480919,3099577937,,1348097018,76.97,,,"UN Comtrade, comtradeapi.un.org"
PAK,Pakistan,VNM,Viet Nam,2022,298699620,303465920,,4766300,1.6,,,"UN Comtrade, comtradeapi.un.org"
PAK,Pakistan,KOR,Rep. of Korea,2022,223204318,487121587,,263917269,118.24,,,"UN Comtrade, comtradeapi.un.org"
PAK,Pakistan,S19,"Other Asia, nes",2022,78251332,286978455,,208727123,266.74,,,"UN Comtrade, comtradeapi.un.org"
PAK,Pakistan,IND,India,2022,121327,19950085,,19828758,16343.24,,,"UN Comtrade, comtradeapi.un.org"
PAK,Pakistan,IRL,Ireland,2022,94590584,187136147,,92545563,97.84,,,"UN Comtrade, comtradeapi.un.org"
PAK,Pakistan,ITA,Italy,2022,1214285911,1260356287,,46070376,3.79,,,"UN Comtrade, comtradeapi.un.org"
PAK,Pakistan,GBR,United Kingdom,2022,2011267307,2228529398,,217262091,10.8,,,"UN Comtrade, comtradeapi.un.org"
PAK,Pakistan,THA,Thailand,2022,379338818,383063571,,3724753,0.98,,,"UN Comtrade, comtradeapi.un.org"
PAK,Pakistan,CHE,Switzerland,2022,15001938,269414234,,254412296,1695.86,,,"UN Comtrade, comtradeapi.un.org"
PAK,Pakistan,FRA,France,2022,529994818,1578802443,,1048807625,197.89,,,"UN Comtrade, comtradeapi.un.org"
PAK,Pakistan,MYS,Malaysia,2022,374640512,415036409,,40395897,10.78,,,"UN Comtrade, comtradeapi.un.org"
PAK,Pakistan,BRA,Brazil,2022,101096712,123618766,108115962,22522054,22.28,7019250,6.94,"UN Comtrade, comtradeapi.un.org"
PAK,Pakistan,IDN,Indonesia,2022,153625002,188095808,,34470806,22.44,,,"UN Comtrade, comtradeapi.un.org"
PAK,Pakistan,NLD,Netherlands,2022,1791181361,987480565,,-803700796,-44.87,,,"UN Comtrade, comtradeapi.un.org"
PAK,Pakistan,SGP,Singapore,2022,127894914,70535600,,-57359314,-44.85,,,"UN Comtrade, comtradeapi.un.org"
PAK,Pakistan,BEL,Belgium,2022,756469968,267346486,,-489123482,-64.66,,,"UN Comtrade, comtradeapi.un.org"
PAK,Pakistan,ESP,Spain,2022,1386580496,1674586698,,288006202,20.77,,,"UN Comtrade, comtradeapi.un.org"
PAK,Pakistan,SAU,Saudi Arabia,2022,507251393,569679111,,62427718,12.31,,,"UN Comtrade, comtradeapi.un.org"
PAK,Pakistan,TUR,Türkiye,2022,345251682,432350252,404688167,87098570,25.23,59436485,17.22,"UN Comtrade, comtradeapi.un.org"
PAK,Pakistan,COL,Colombia,2022,48533014,69252392,61339111,20719378,42.69,12806097,26.39,"UN Comtrade, comtradeapi.un.org"
PAK,Pakistan,AUT,Austria,2022,13642555,300479688,,286837133,2102.52,,,"UN Comtrade, comtradeapi.un.org"
PAK,Pakistan,SWE,Sweden,2022,174434428,202887182,,28452754,16.31,,,"UN Comtrade, comtradeapi.un.org"
PAK,Pakistan,PHL,Philippines,2022,168795087,171359492,161254760,2564405,1.52,-7540327,-4.47,"UN Comtrade, comtradeapi.un.org"
PAK,Pakistan,CHL,Chile,2022,89906734,122157591,107537163,32250857,35.87,17630429,19.61,"UN Comtrade, comtradeapi.un.org"
PAK,Pakistan,AUS,Australia,2022,311190691,407395245,373032546,96204554,30.91,61841855,19.87,"UN Comtrade, comtradeapi.un.org"
PAK,Pakistan,ZAF,South Africa,2022,236650510,200610568,200610568,-36039942,-15.23,-36039942,-15.23,"UN Comtrade, comtradeapi.un.org"
PAK,Pakistan,DNK,Denmark,2022,256813700,325856766,,69043066,26.88,,,"UN Comtrade, comtradeapi.un.org"
PAK,Pakistan,KHM,Cambodia,2022,45617876,52099157,,6481281,14.21,,,"UN Comtrade, comtradeapi.un.org"
PAK,Pakistan,POL,Poland,2022,359726385,811372719,,451646334,125.55,,,"UN Comtrade, comtradeapi.un.org"
PAK,Pakistan,ECU,Ecuador,2022,9247824,15616687,,6368863,68.87,,,"UN Comtrade, comtradeapi.un.org"
PAK,Pakistan,IRQ,Iraq,2022,55014676,8457667,,-46557009,-84.63,,,"UN Comtrade, comtradeapi.un.org"
PAK,Pakistan,PER,Peru,2022,32742278,48615141,,15872863,48.48,,,"UN Comtrade, comtradeapi.un.org"
PAK,Pakistan,CRI,Costa Rica,2022,3402548,7840777,,4438229,130.44,,,"UN Comtrade, comtradeapi.un.org"
PAK,Pakistan,FIN,Finland,2022,41859039,83492223,,41633184,99.46,,,"UN Comtrade, comtradeapi.un.org"
PAK,Pakistan,HUN,Hungary,2022,22357315,38875622,,16518307,73.88,,,"UN Comtrade, comtradeapi.un.org"
PAK,Pakistan,CZE,Czechia,2022,58336669,300972848,285448017,242636179,415.92,227111348,389.31,"UN Comtrade, comtradeapi.un.org"
PAK,Pakistan,ARE,United Arab Emirates,2022,1520765195,2860851953,,1340086758,88.12,,,"UN Comtrade, comtradeapi.un.org"
PAK,Pakistan,ARG,Argentina,2022,54500890,66435579,60758192,11934689,21.9,6257302,11.48,"UN Comtrade, comtradeapi.un.org"
PAK,Pakistan,DOM,Dominican Rep.,2022,8489107,14582159,12459128,6093052,71.77,3970021,46.77,"UN Comtrade, comtradeapi.un.org"
PAK,Pakistan,NOR,Norway,2022,62710221,126176653,,63466432,101.21,,,"UN Comtrade, comtradeapi.un.org"
PAK,Pakistan,SVK,Slovakia,2022,26325647,104598414,102069658,78272767,297.33,75744011,287.72,"UN Comtrade, comtradeapi.un.org"
PAK,Pakistan,PRT,Portugal,2022,262910580,280968415,,18057835,6.87,,,"UN Comtrade, comtradeapi.un.org"
PAK,Pakistan,NIC,Nicaragua,2022,15839163,21334262,,5495099,34.69,,,"UN Comtrade, comtradeapi.un.org"
PAK,Pakistan,GTM,Guatemala,2022,17274516,26927500,,9652984,55.88,,,"UN Comtrade, comtradeapi.un.org"
PRT,Portugal,USA,USA,2022,5369640302,6466332634,6160905532,1096692332,20.42,791265230,14.74,"UN Comtrade, comtradeapi.un.org"
PRT,Portugal,CHN,China,2022,665661231,3036088177,,2370426946,356.1,,,"UN Comtrade, comtradeapi.un.org"
PRT,Portugal,MEX,Mexico,2022,395085965,633601290,633601290,238515325,60.37,238515325,60.37,"UN Comtrade, comtradeapi.un.org"
PRT,Portugal,CAN,Canada,2022,456821064,1735364300,1735364300,1278543236,279.88,1278543236,279.88,"UN Comtrade, comtradeapi.un.org"
PRT,Portugal,JPN,Japan,2022,263581579,422328695,,158747116,60.23,,,"UN Comtrade, comtradeapi.un.org"
PRT,Portugal,DEU,Germany,2022,9002194464,8897293576,,-104900888,-1.17,,,"UN Comtrade, comtradeapi.un.org"
PRT,Portugal,VNM,Viet Nam,2022,45330030,98276937,,52946907,116.8,,,"UN Comtrade, comtradeapi.un.org"
PRT,Portugal,KOR,Rep. of Korea,2022,203740700,480933296,,277192596,136.05,,,"UN Comtrade, comtradeapi.un.org"
PRT,Portugal,S19,"Other Asia, nes",2022,177351532,204886069,,27534537,15.53,,,"UN Comtrade, comtradeapi.un.org"
PRT,Portugal,IND,India,2022,172849833,194125814,,21275981,12.31,,,"UN Comtrade, comtradeapi.un.org"
PRT,Portugal,IRL,Ireland,2022,678144645,503722789,,-174421856,-25.72,,,"UN Comtrade, comtradeapi.un.org"
PRT,Portugal,ITA,Italy,2022,3707513459,3547477512,,-160035947,-4.32,,,"UN Comtrade, comtradeapi.un.org"
PRT,Portugal,GBR,United Kingdom,2022,4066800267,4756192279,,689392012,16.95,,,"UN Comtrade, comtradeapi.un.org"
PRT,Portugal,THA,Thailand,2022,48780271,93732882,,44952611,92.15,,,"UN Comtrade, comtradeapi.un.org"
PRT,Portugal,CHE,Switzerland,2022,778182041,1253969673,,475787632,61.14,,,"UN Comtrade, comtradeapi.un.org"
PRT,Portugal,FRA,France,2022,10248706285,8704821469,,-1543884816,-15.06,,,"UN Comtrade, comtradeapi.un.org"
PRT,Portugal,MYS,Malaysia,2022,28938633,47825070,,18886437,65.26,,,"UN Comtrade, comtradeapi.un.org"
PRT,Portugal,BRA,Brazil,2022,973366772,1062181650,989988118,88814878,9.12,16621346,1.71,"UN Comtrade, comtradeapi.un.org"
PRT,Portugal,IDN,Indonesia,2022,18951875,37745373,,18793498,99.16,,,"UN Comtrade, comtradeapi.un.org"
PRT,Portugal,NLD,Netherlands,2022,3318752015,3209538656,,-109213359,-3.29,,,"UN Comtrade, comtradeapi.un.org"
PRT,Portugal,SGP,Singapore,2022,117160878,357678097,,240517219,205.29,,,"UN Comtrade, comtradeapi.un.org"
PRT,Portugal,BEL,Belgium,2022,1997697841,1400717221,,-596980620,-29.88,,,"UN Comtrade, comtradeapi.un.org"
PRT,Portugal,ESP,Spain,2022,21772641491,17147654946,,-4624986545,-21.24,,,"UN Comtrade, comtradeapi.un.org"
PRT,Portugal,SAU,Saudi Arabia,2022,196110426,262413699,,66303273,33.81,,,"UN Comtrade, comtradeapi.un.org"
PRT,Portugal,ISR,Israel,2022,467660364,485185000,,17524636,3.75,,,"UN Comtrade, comtradeapi.un.org"
PRT,Portugal,TUR,Türkiye,2022,943127593,1342214166,1263030737,399086573,42.32,319903144,33.92,"UN Comtrade, comtradeapi.un.org"
PRT,Portugal,COL,Colombia,2022,69385874,87385340,77010287,17999466,25.94,7624413,10.99,"UN Comtrade, comtradeapi.un.org"
PRT,Portugal,AUT,Austria,2022,467594797,653011422,,185416625,39.65,,,"UN Comtrade, comtradeapi.un.org"
PRT,Portugal,SWE,Sweden,2022,1051662754,971486116,,-80176638,-7.62,,,"UN Comtrade, comtradeapi.un.org"
PRT,Portugal,PHL,Philippines,2022,19210502,19371962,17596885,161460,0.84,-1613617,-8.4,"UN Comtrade, comtradeapi.un.org"
PRT,Portugal,CHL,Chile,2022,102727276,137019916,122402702,34292640,33.38,19675426,19.15,"UN Comtrade, comtradeapi.un.org"
PRT,Portugal,AUS,Australia,2022,260797653,387214928,358246530,126417275,48.47,97448877,37.37,"UN Comtrade, comtradeapi.un.org"
PRT,Portugal,ZAF,South Africa,2022,302288335,378501889,378501889,76213554,25.21,76213554,25.21,"UN Comtrade, comtradeapi.un.org"
PRT,Portugal,DNK,Denmark,2022,595811822,491829408,,-103982414,-17.45,,,"UN Comtrade, comtradeapi.un.org"
PRT,Portugal,KHM,Cambodia,2022,1290510,1104229,,-186281,-14.43,,,"UN Comtrade, comtradeapi.un.org"
PRT,Portugal,POL,Poland,2022,1138903332,1225691067,,86787735,7.62,,,"UN Comtrade, comtradeapi.un.org"
PRT,Portugal,ECU,Ecuador,2022,19910236,31973547,,12063311,60.59,,,"UN Comtrade, comtradeapi.un.org"
PRT,Portugal,IRQ,Iraq,2022,32137839,10551422,,-21586417,-67.17,,,"UN Comtrade, comtradeapi.un.org"
PRT,Portugal,PER,Peru,2022,30871671,46384827,,15513156,50.25,,,"UN Comtrade, comtradeapi.un.org"
PRT,Portugal,CRI,Costa Rica,2022,11824604,17592627,,5768023,48.78,,,"UN Comtrade, comtradeapi.un.org"
PRT,Portugal,FIN,Finland,2022,507256130,542145484,,34889354,6.88,,,"UN Comtrade, comtradeapi.un.org"
PRT,Portugal,HUN,Hungary,2022,406750053,286336992,,-120413061,-29.6,,,"UN Comtrade, comtradeapi.un.org"
PRT,Portugal,CZE,Czechia,2022,616217196,686872052,643108638,70654856,11.47,26891442,4.36,"UN Comtrade, comtradeapi.un.org"
PRT,Portugal,ARE,United Arab Emirates,2022,164762603,331458552,,166695949,101.17,,,"UN Comtrade, comtradeapi.un.org"
PRT,Portugal,ARG,Argentina,2022,140651026,208003529,192651454,67352503,47.89,52000428,36.97,"UN Comtrade, comtradeapi.un.org"
PRT,Portugal,DOM,Dominican Rep.,2022,62848030,61526181,49584034,-1321849,-2.1,-13263996,-21.1,"UN Comtrade, comtradeapi.un.org"
PRT,Portugal,NOR,Norway,2022,329136425,457295060,,128158635,38.94,,,"UN Comtrade, comtradeapi.un.org"
PRT,Portugal,SVK,Slovakia,2022,549557583,473127461,470064959,-76430122,-13.91,-79492624,-14.46,"UN Comtrade, comtradeapi.un.org"
PRT,Portugal,PAK,Pakistan,2022,28969582,15997269,,-12972313,-44.78,,,"UN Comtrade, comtradeapi.un.org"
PRT,Portugal,NIC,Nicaragua,2022,7584640,11281028,,3696388,48.74,,,"UN Comtrade, comtradeapi.un.org"
PRT,Portugal,GTM,Guatemala,2022,22933891,36064890,,13130999,57.26,,,"UN Comtrade, comtradeapi.un.org"
NIC,Nicaragua,USA,USA,2022,3847137721,5896244430,5727919710,2049106709,53.26,1880781989,48.89,"UN Comtrade, comtradeapi.un.org"
NIC,Nicaragua,CHN,China,2022,15163388,36025802,,20862414,137.58,,,"UN Comtrade, comtradeapi.un.org"
NIC,Nicaragua,MEX,Mexico,2022,948980181,923893580,923893580,-25086601,-2.64,-25086601,-2.64,"UN Comtrade, comtradeapi.un.org"
NIC,Nicaragua,CAN,Canada,2022,39045638,139989608,139989608,100943970,258.53,100943970,258.53,"UN Comtrade, comtradeapi.un.org"
NIC,Nicaragua,JPN,Japan,2022,20559636,31362861,,10803225,52.55,,,"UN Comtrade, comtradeapi.un.org"
NIC,Nicaragua,DEU,Germany,2022,59634490,108744010,,49109520,82.35,,,"UN Comtrade, comtradeapi.un.org"
NIC,Nicaragua,KOR,Rep. of Korea,2022,54492774,78538697,,24045923,44.13,,,"UN Comtrade, comtradeapi.un.org"
NIC,Nicaragua,S19,"Other Asia, nes",2022,103222772,125966131,,22743359,22.03,,,"UN Comtrade, comtradeapi.un.org"
NIC,Nicaragua,IND,India,2022,9138994,9285363,,146369,1.6,,,"UN Comtrade, comtradeapi.un.org"
NIC,Nicaragua,IRL,Ireland,2022,5352861,4452878,,-899983,-16.81,,,"UN Comtrade, comtradeapi.un.org"
NIC,Nicaragua,ITA,Italy,2022,49270803,49388823,,118020,0.24,,,"UN Comtrade, comtradeapi.un.org"
NIC,Nicaragua,GBR,United Kingdom,2022,62858977,99401462,,36542485,58.13,,,"UN Comtrade, comtradeapi.un.org"
NIC,Nicaragua,THA,Thailand,2022,3681089,3119410,,-561679,-15.26,,,"UN Comtrade, comtradeapi.un.org"
NIC,Nicaragua,CHE,Switzerland,2022,34359095,275058884,,240699789,700.54,,,"UN Comtrade, comtradeapi.un.org"
NIC,Nicaragua,FRA,France,2022,29137056,49819947,,20682891,70.98,,,"UN Comtrade, comtradeapi.un.org"
NIC,Nicaragua,MYS,Malaysia,2022,6456464,8585710,,2129246,32.98,,,"UN Comtrade, comtradeapi.un.org"
NIC,Nicaragua,BRA,Brazil,2022,6469156,6180943,5899236,-288213,-4.46,-569920,-8.81,"UN Comtrade, comtradeapi.un.org"
NIC,Nicaragua,IDN,Indonesia,2022,34184,237878,,203694,595.88,,,"UN Comtrade, comtradeapi.un.org"
NIC,Nicaragua,NLD,Netherlands,2022,54949096,63916527,,8967431,16.32,,,"UN Comtrade, comtradeapi.un.org"
NIC,Nicaragua,SGP,Singapore,2022,1930194,2996211,,1066017,55.23,,,"UN Comtrade, comtradeapi.un.org"
NIC,Nicaragua,BEL,Belgium,2022,107774990,58582884,,-49192106,-45.64,,,"UN Comtrade, comtradeapi.un.org"
NIC,Nicaragua,ESP,Spain,2022,56401675,173387116,,116985441,207.41,,,"UN Comtrade, comtradeapi.un.org"
NIC,Nicaragua,SAU,Saudi Arabia,2022,639981,1546761,,906780,141.69,,,"UN Comtrade, comtradeapi.un.org"
NIC,Nicaragua,ISR,Israel,2022,757877,562000,,-195877,-25.85,,,"UN Comtrade, comtradeapi.un.org"
NIC,Nicaragua,TUR,Türkiye,2022,1408137,2283569,2107649,875432,62.17,699512,49.68,"UN Comtrade, comtradeapi.un.org"
NIC,Nicaragua,COL,Colombia,2022,20144309,22415522,20346382,2271213,11.27,202073,1.0,"UN Comtrade, comtradeapi.un.org"
NIC,Nicaragua,AUT,Austria,2022,271264,4634300,,4363036,1608.41,,,"UN Comtrade, comtradeapi.un.org"
NIC,Nicaragua,SWE,Sweden,2022,24549227,30853494,,6304267,25.68,,,"UN Comtrade, comtradeapi.un.org"
NIC,Nicaragua,PHL,Philippines,2022,133000,249245,213753,116245,87.4,80753,60.72,"UN Comtrade, comtradeapi.un.org"
NIC,Nicaragua,CHL,Chile,2022,3339990,6370384,5736741,3030394,90.73,2396751,71.76,"UN Comtrade, comtradeapi.un.org"
NIC,Nicaragua,AUS,Australia,2022,12490245,20018328,18936045,7528083,60.27,6445800,51.61,"UN Comtrade, comtradeapi.un.org"
NIC,Nicaragua,ZAF,South Africa,2022,4530622,5520656,5520656,990034,21.85,990034,21.85,"UN Comtrade, comtradeapi.un.org"
NIC,Nicaragua,DNK,Denmark,2022,3834892,5100202,,1265310,32.99,,,"UN Comtrade, comtradeapi.un.org"
NIC,Nicaragua,KHM,Cambodia,2022,127350,375474,,248124,194.84,,,"UN Comtrade, comtradeapi.un.org"
NIC,Nicaragua,POL,Poland,2022,2775656,7632697,,4857041,174.99,,,"UN Comtrade, comtradeapi.un.org"
NIC,Nicaragua,ECU,Ecuador,2022,35005085,20455862,,-14549223,-41.56,,,"UN Comtrade, comtradeapi.un.org"
NIC,Nicaragua,PER,Peru,2022,32950782,40811850,,7861068,23.86,,,"UN Comtrade, comtradeapi.un.org"
NIC,Nicaragua,CRI,Costa Rica,2022,229445485,215947115,,-13498370,-5.88,,,"UN Comtrade, comtradeapi.un.org"
NIC,Nicaragua,FIN,Finland,2022,6188794,9792471,,3603677,58.23,,,"UN Comtrade, comtradeapi.un.org"
NIC,Nicaragua,HUN,Hungary,2022,476730,594514,,117784,24.71,,,"UN Comtrade, comtradeapi.un.org"
NIC,Nicaragua,CZE,Czechia,2022,709920,4433594,4210436,3723674,524.52,3500516,493.09,"UN Comtrade, comtradeapi.un.org"
NIC,Nicaragua,ARE,United Arab Emirates,2022,12099067,22277330,,10178263,84.12,,,"UN Comtrade, comtradeapi.un.org"
NIC,Nicaragua,ARG,Argentina,2022,343354,535102,494180,191748,55.85,150826,43.93,"UN Comtrade, comtradeapi.un.org"
NIC,Nicaragua,DOM,Dominican Rep.,2022,20293159,25210941,23284055,4917782,24.23,2990896,14.74,"UN Comtrade, comtradeapi.un.org"
NIC,Nicaragua,NOR,Norway,2022,2218050,3591625,,1373575,61.93,,,"UN Comtrade, comtradeapi.un.org"
NIC,Nicaragua,SVK,Slovakia,2022,3449776,2918858,2905807,-530918,-15.39,-543969,-15.77,"UN Comtrade, comtradeapi.un.org"
NIC,Nicaragua,PAK,Pakistan,2022,121377,29603,,-91774,-75.61,,,"UN Comtrade, comtradeapi.un.org"
NIC,Nicaragua,PRT,Portugal,2022,1830764,3310418,,1479654,80.82,,,"UN Comtrade, comtradeapi.un.org"
NIC,Nicaragua,GTM,Guatemala,2022,210538339,232275803,,21737464,10.32,,,"UN Comtrade, comtradeapi.un.org"
GTM,Guatemala,USA,USA,2022,5104359457,5795784806,5313477459,691425349,13.55,209118002,4.1,"UN Comtrade, comtradeapi.un.org"
GTM,Guatemala,CHN,China,2022,427055074,573962490,,146907416,34.4,,,"UN Comtrade, comtradeapi.un.org"
GTM,Guatemala,MEX,Mexico,2022,692768061,717903608,717903608,25135547,3.63,25135547,3.63,"UN Comtrade, comtradeapi.un.org"
GTM,Guatemala,CAN,Canada,2022,192955611,620082372,620082372,427126761,221.36,427126761,221.36,"UN Comtrade, comtradeapi.un.org"
GTM,Guatemala,JPN,Japan,2022,151550215,192977414,,41427199,27.34,,,"UN Comtrade, comtradeapi.un.org"
GTM,Guatemala,DEU,Germany,2022,122245564,294619950,,172374386,141.01,,,"UN Comtrade, comtradeapi.un.org"
GTM,Guatemala,KOR,Rep. of Korea,2022,157565568,131361961,,-26203607,-16.63,,,"UN Comtrade, comtradeapi.un.org"
GTM,Guatemala,S19,"Other Asia, nes",2022,112659411,144985588,,32326177,28.69,,,"UN Comtrade, comtradeapi.un.org"
GTM,Guatemala,IND,India,2022,16299898,20192749,,3892851,23.88,,,"UN Comtrade, comtradeapi.un.org"
GTM,Guatemala,IRL,Ireland,2022,1965111,7078648,,5113537,260.22,,,"UN Comtrade, comtradeapi.un.org"
GTM,Guatemala,ITA,Italy,2022,198395965,266829955,,68433990,34.49,,,"UN Comtrade, comtradeapi.un.org"
GTM,Guatemala,GBR,United Kingdom,2022,90719226,126147836,,35428610,39.05,,,"UN Comtrade, comtradeapi.un.org"
GTM,Guatemala,THA,Thailand,2022,14578675,19701462,,5122787,35.14,,,"UN Comtrade, comtradeapi.un.org"
GTM,Guatemala,CHE,Switzerland,2022,17440367,82039975,,64599608,370.4,,,"UN Comtrade, comtradeapi.un.org"
GTM,Guatemala,FRA,France,2022,34862972,67936600,,33073628,94.87,,,"UN Comtrade, comtradeapi.un.org"
GTM,Guatemala,MYS,Malaysia,2022,13383354,16003340,,2619986,19.58,,,"UN Comtrade, comtradeapi.un.org"
GTM,Guatemala,BRA,Brazil,2022,46540631,72901092,69096238,26360461,56.64,22555607,48.46,"UN Comtrade, comtradeapi.un.org"
GTM,Guatemala,IDN,Indonesia,2022,624096,822731,,198635,31.83,,,"UN Comtrade, comtradeapi.un.org"
GTM,Guatemala,NLD,Netherlands,2022,664973794,640836424,,-24137370,-3.63,,,"UN Comtrade, comtradeapi.un.org"
GTM,Guatemala,SGP,Singapore,2022,7838114,13904767,,6066653,77.4,,,"UN Comtrade, comtradeapi.un.org"
GTM,Guatemala,BEL,Belgium,2022,107520721,30343955,,-77176766,-71.78,,,"UN Comtrade, comtradeapi.un.org"
GTM,Guatemala,ESP,Spain,2022,301335341,395256284,,93920943,31.17,,,"UN Comtrade, comtradeapi.un.org"
GTM,Guatemala,SAU,Saudi Arabia,2022,109305596,137728463,,28422867,26.0,,,"UN Comtrade, comtradeapi.un.org"
GTM,Guatemala,ISR,Israel,2022,18821769,4455000,,-14366769,-76.33,,,"UN Comtrade, comtradeapi.un.org"
GTM,Guatemala,TUR,Türkiye,2022,22158779,27090377,24846017,4931598,22.26,2687238,12.13,"UN Comtrade, comtradeapi.un.org"
GTM,Guatemala,COL,Colombia,2022,109750553,106659867,95549867,-3090686,-2.82,-14200686,-12.94,"UN Comtrade, comtradeapi.un.org"
GTM,Guatemala,AUT,Austria,2022,987521,8905992,,7918471,801.85,,,"UN Comtrade, comtradeapi.un.org"
GTM,Guatemala,SWE,Sweden,2022,6870128,14116912,,7246784,105.48,,,"UN Comtrade, comtradeapi.un.org"
GTM,Guatemala,PHL,Philippines,2022,3202523,3343963,3125510,141440,4.42,-77013,-2.4,"UN Comtrade, comtradeapi.un.org"
GTM,Guatemala,CHL,Chile,2022,132858949,151067385,138596430,18208436,13.71,5737481,4.32,"UN Comtrade, comtradeapi.un.org"
GTM,Guatemala,AUS,Australia,2022,18126374,26270777,24600844,8144403,44.93,6474470,35.72,"UN Comtrade, comtradeapi.un.org"
GTM,Guatemala,ZAF,South Africa,2022,5755556,6702134,6702134,946578,16.45,946578,16.45,"UN Comtrade, comtradeapi.un.org"
GTM,Guatemala,DNK,Denmark,2022,3719223,5555354,,1836131,49.37,,,"UN Comtrade, comtradeapi.un.org"
GTM,Guatemala,POL,Poland,2022,22001846,58038461,,36036615,163.79,,,"UN Comtrade, comtradeapi.un.org"
GTM,Guatemala,ECU,Ecuador,2022,98008677,90898961,,-7109716,-7.25,,,"UN Comtrade, comtradeapi.un.org"
GTM,Guatemala,IRQ,Iraq,2022,4375908,336838,,-4039070,-92.3,,,"UN Comtrade, comtradeapi.un.org"
GTM,Guatemala,PER,Peru,2022,96703365,110527994,,13824629,14.3,,,"UN Comtrade, comtradeapi.un.org"
GTM,Guatemala,CRI,Costa Rica,2022,635476750,570176776,,-65299974,-10.28,,,"UN Comtrade, comtradeapi.un.org"
GTM,Guatemala,FIN,Finland,2022,10316937,14311976,,3995039,38.72,,,"UN Comtrade, comtradeapi.un.org"
GTM,Guatemala,HUN,Hungary,2022,141929,161417,,19488,13.73,,,"UN Comtrade, comtradeapi.un.org"
GTM,Guatemala,CZE,Czechia,2022,602301,6528034,6160765,5925733,983.85,5558464,922.87,"UN Comtrade, comtradeapi.un.org"
GTM,Guatemala,ARE,United Arab Emirates,2022,74767246,87684006,,12916760,17.28,,,"UN Comtrade, comtradeapi.un.org"
GTM,Guatemala,ARG,Argentina,2022,3764383,3606522,3325358,-157861,-4.19,-439025,-11.66,"UN Comtrade, comtradeapi.un.org"
GTM,Guatemala,DOM,Dominican Rep.,2022,265276885,246749435,215514573,-18527450,-6.98,-49762312,-18.76,"UN Comtrade, comtradeapi.un.org"
GTM,Guatemala,NOR,Norway,2022,9808258,18095590,,8287332,84.49,,,"UN Comtrade, comtradeapi.un.org"
GTM,Guatemala,SVK,Slovakia,2022,118387,2479848,2473051,2361461,1994.7,2354664,1988.95,"UN Comtrade, comtradeapi.un.org"
GTM,Guatemala,PAK,Pakistan,2022,17571886,18787938,,1216052,6.92,,,"UN Comtrade, comtradeapi.un.org"
GTM,Guatemala,PRT,Portugal,2022,3949149,4335738,,386589,9.79,,,"UN Comtrade, comtradeapi.un.org"
GTM,Guatemala,NIC,Nicaragua,2022,998193105,837666948,,-160526157,-16.08,,,"UN Comtrade, comtradeapi.un.org"
